time=2026-07-10T22:53:23.000+02:00 level=INFO source=routes.go:1947 msg="server config" env="map[CUDA_VISIBLE_DEVICES: GGML_VK_VISIBLE_DEVICES: GPU_DEVICE_ORDINAL: HIP_VISIBLE_DEVICES: HSA_OVERRIDE_GFX_VERSION: HTTPS_PROXY: HTTP_PROXY: LLAMA_ARG_FIT: LLAMA_ARG_FIT_TARGET: NO_PROXY: OLLAMA_CONTEXT_LENGTH:65536 OLLAMA_DEBUG:INFO OLLAMA_DEBUG_LOG_REQUESTS:false OLLAMA_EDITOR: OLLAMA_FLASH_ATTENTION:true OLLAMA_GO_TEMPLATE:true OLLAMA_GPU_OVERHEAD:0 OLLAMA_HOST:http://127.0.0.1:11434 OLLAMA_IGPU_ENABLE: OLLAMA_KEEP_ALIVE:5m0s OLLAMA_KV_CACHE_TYPE:q8_0 OLLAMA_LLM_LIBRARY: OLLAMA_LOAD_TIMEOUT:5m0s OLLAMA_MAX_LOADED_MODELS:1 OLLAMA_MAX_QUEUE:512 OLLAMA_MAX_TRANSFER_STREAMS:4 OLLAMA_MODELS:/home/dev/models-local/ollama OLLAMA_NOHISTORY:false OLLAMA_NOPRUNE:false OLLAMA_NO_CLOUD:false OLLAMA_NUM_PARALLEL:1 OLLAMA_ORIGINS:[http://localhost https://localhost http://localhost:* https://localhost:* http://127.0.0.1 https://127.0.0.1 http://127.0.0.1:* https://127.0.0.1:* http://0.0.0.0 https://0.0.0.0 http://0.0.0.0:* https://0.0.0.0:* app://* file://* tauri://* vscode-webview://* vscode-file://*] OLLAMA_REMOTES:[ollama.com] OLLAMA_SCHED_SPREAD:false OLLAMA_VULKAN:true ROCR_VISIBLE_DEVICES: http_proxy: https_proxy: no_proxy:]"
time=2026-07-10T22:53:23.000+02:00 level=INFO source=routes.go:1949 msg="Ollama cloud disabled: false"
time=2026-07-10T22:53:23.000+02:00 level=INFO source=images.go:883 msg="total blobs: 0"
time=2026-07-10T22:53:23.000+02:00 level=INFO source=images.go:890 msg="total unused blobs removed: 0"
time=2026-07-10T22:53:23.001+02:00 level=INFO source=routes.go:2004 msg="Listening on 127.0.0.1:11434 (version 0.31.2)"
time=2026-07-10T22:53:23.001+02:00 level=INFO source=model_list_cache.go:112 msg="model list cache hydration complete" models=0 failures=0 elapsed=289.77µs
time=2026-07-10T22:53:23.001+02:00 level=INFO source=runner.go:60 msg="discovering available GPUs..."
time=2026-07-10T22:53:23.263+02:00 level=INFO source=model_recommendations.go:177 msg="model recommendations cache sleep scheduled" wait=4h41m20.565255121s consecutive_failures=0
time=2026-07-10T22:53:24.445+02:00 level=INFO source=types.go:32 msg="inference compute" id=0 filter_id=0 library=ROCm compute=gfx1201 name=ROCm0 description="AMD Radeon Graphics" libdirs=ollama,rocm_v7_2 driver=0.0 pci_id=0000:09:00.0 type=discrete total="31.9 GiB" available="31.8 GiB"
time=2026-07-10T22:53:24.445+02:00 level=INFO source=routes.go:2054 msg="vram-based default context" total_vram="31.9 GiB" default_num_ctx=32768
[GIN] 2026/07/10 - 22:53:25 | 200 |      103.73µs |       127.0.0.1 | GET      "/api/tags"
[GIN] 2026/07/10 - 22:53:26 | 200 |       27.51µs |       127.0.0.1 | HEAD     "/"
[GIN] 2026/07/10 - 22:55:45 | 201 | 56.568271183s |       127.0.0.1 | POST     "/api/blobs/sha256:bbef58c37ce88820be9d98b6437f1cf4bac890c947bd55fc7b68e22098574231"
time=2026-07-10T22:55:47.361+02:00 level=INFO source=quantization.go:124 msg="quantizing model" type=COPY input=/home/dev/models-local/ollama/blobs/sha256-bbef58c37ce88820be9d98b6437f1cf4bac890c947bd55fc7b68e22098574231 output=/home/dev/models-local/ollama/blobs/COPY810651181
load_backend: loaded CPU backend from /usr/local/lib/ollama/libggml-cpu-haswell.so
llama_print_build_info: build = 1 (cb295bf59)
llama_print_build_info: built with GNU 11.2.1 for Linux x86_64
llama_quantize: quantizing '/home/dev/models-local/ollama/blobs/sha256-bbef58c37ce88820be9d98b6437f1cf4bac890c947bd55fc7b68e22098574231' to '/home/dev/models-local/ollama/blobs/COPY810651181' as COPY
llama_model_loader: loaded meta data with 45 key-value pairs and 733 tensors from /home/dev/models-local/ollama/blobs/sha256-bbef58c37ce88820be9d98b6437f1cf4bac890c947bd55fc7b68e22098574231 (version GGUF V3 (latest))
llama_model_loader: Dumping metadata keys/values. Note: KV overrides do not apply in this output.
llama_model_loader: - kv   0:                       general.architecture str              = qwen35moe
llama_model_loader: - kv   1:                               general.type str              = model
llama_model_loader: - kv   2:                     general.sampling.top_k i32              = 20
llama_model_loader: - kv   3:                     general.sampling.top_p f32              = 0.950000
llama_model_loader: - kv   4:                      general.sampling.temp f32              = 1.000000
llama_model_loader: - kv   5:                               general.name str              = Qwen3.6-35B-A3B-Uncensored-HauhauCS-A...
llama_model_loader: - kv   6:                           general.finetune str              = 3Ref
llama_model_loader: - kv   7:                           general.basename str              = KL0.0764
llama_model_loader: - kv   8:                      qwen35moe.block_count u32              = 40
llama_model_loader: - kv   9:                   qwen35moe.context_length u32              = 262144
llama_model_loader: - kv  10:                 qwen35moe.embedding_length u32              = 2048
llama_model_loader: - kv  11:             qwen35moe.attention.head_count u32              = 16
llama_model_loader: - kv  12:          qwen35moe.attention.head_count_kv u32              = 2
llama_model_loader: - kv  13:          qwen35moe.rope.dimension_sections arr[i32,4]       = [11, 11, 10, 0]
llama_model_loader: - kv  14:                   qwen35moe.rope.freq_base f32              = 10000000.000000
llama_model_loader: - kv  15: qwen35moe.attention.layer_norm_rms_epsilon f32              = 0.000001
llama_model_loader: - kv  16:                     qwen35moe.expert_count u32              = 256
llama_model_loader: - kv  17:                qwen35moe.expert_used_count u32              = 8
llama_model_loader: - kv  18:             qwen35moe.attention.key_length u32              = 256
llama_model_loader: - kv  19:           qwen35moe.attention.value_length u32              = 256
llama_model_loader: - kv  20:       qwen35moe.expert_feed_forward_length u32              = 512
llama_model_loader: - kv  21: qwen35moe.expert_shared_feed_forward_length u32              = 512
llama_model_loader: - kv  22:                  qwen35moe.ssm.conv_kernel u32              = 4
llama_model_loader: - kv  23:                   qwen35moe.ssm.state_size u32              = 128
llama_model_loader: - kv  24:                  qwen35moe.ssm.group_count u32              = 16
llama_model_loader: - kv  25:               qwen35moe.ssm.time_step_rank u32              = 32
llama_model_loader: - kv  26:                   qwen35moe.ssm.inner_size u32              = 4096
llama_model_loader: - kv  27:          qwen35moe.full_attention_interval u32              = 4
llama_model_loader: - kv  28:             qwen35moe.rope.dimension_count u32              = 64
llama_model_loader: - kv  29:                       tokenizer.ggml.model str              = gpt2
llama_model_loader: - kv  30:                         tokenizer.ggml.pre str              = qwen35
llama_model_loader: - kv  31:                      tokenizer.ggml.tokens arr[str,248320]  = ["!", "\"", "#", "$", "%", "&", "'", ...
llama_model_loader: - kv  32:                  tokenizer.ggml.token_type arr[i32,248320]  = [1, 1, 1, 1, 1, 1, 1, 1, 1, 1, 1, 1, ...
llama_model_loader: - kv  33:                      tokenizer.ggml.merges arr[str,247587]  = ["Ġ Ġ", "ĠĠ ĠĠ", "i n", "Ġ t",...
llama_model_loader: - kv  34:                tokenizer.ggml.eos_token_id u32              = 248046
llama_model_loader: - kv  35:            tokenizer.ggml.padding_token_id u32              = 248044
llama_model_loader: - kv  36:                tokenizer.ggml.bos_token_id u32              = 248044
llama_model_loader: - kv  37:                    tokenizer.chat_template str              = {%- set image_count = namespace(value...
llama_model_loader: - kv  38:               general.quantization_version u32              = 2
llama_model_loader: - kv  39:                          general.file_type u32              = 15
llama_model_loader: - kv  40:                         general.size_label str              = 35B-A3B
llama_model_loader: - kv  41:                      quantize.imatrix.file str              = Qwen3.6-35B-A3B-Uncensored-HauhauCS-A...
llama_model_loader: - kv  42:                   quantize.imatrix.dataset str              = /home/hauhaucs/llama.cpp/groups_merge...
llama_model_loader: - kv  43:             quantize.imatrix.entries_count u32              = 510
llama_model_loader: - kv  44:              quantize.imatrix.chunks_count u32              = 93
llama_model_loader: - type  f32:  301 tensors
llama_model_loader: - type q4_K:  371 tensors
llama_model_loader: - type q6_K:   61 tensors
[   1/ 733] output.weight                        - [  2048, 248320,      1,      1], type =   q6_K, size =  397.852 MiB
[   2/ 733] output_norm.weight                   - [  2048,      1,      1,      1], type =    f32, size =    0.008 MiB
[   3/ 733] token_embd.weight                    - [  2048, 248320,      1,      1], type =   q4_K, size =  272.812 MiB
[   4/ 733] blk.0.attn_gate.weight               - [  2048,   4096,      1,      1], type =   q4_K, size =    4.500 MiB
[   5/ 733] blk.0.attn_norm.weight               - [  2048,      1,      1,      1], type =    f32, size =    0.008 MiB
[   6/ 733] blk.0.attn_qkv.weight                - [  2048,   8192,      1,      1], type =   q6_K, size =   13.125 MiB
[   7/ 733] blk.0.ffn_down_exps.weight           - [   512,   2048,    256,      1], type =   q6_K, size =  210.000 MiB
[   8/ 733] blk.0.ffn_down_shexp.weight          - [   512,   2048,      1,      1], type =   q6_K, size =    0.820 MiB
[   9/ 733] blk.0.ffn_gate_exps.weight           - [  2048,    512,    256,      1], type =   q4_K, size =  144.000 MiB
[  10/ 733] blk.0.ffn_gate_inp.weight            - [  2048,    256,      1,      1], type =    f32, size =    2.000 MiB
[  11/ 733] blk.0.ffn_gate_inp_shexp.weight      - [  2048,      1,      1,      1], type =    f32, size =    0.008 MiB
[  12/ 733] blk.0.ffn_gate_shexp.weight          - [  2048,    512,      1,      1], type =   q4_K, size =    0.562 MiB
[  13/ 733] blk.0.ffn_up_exps.weight             - [  2048,    512,    256,      1], type =   q4_K, size =  144.000 MiB
[  14/ 733] blk.0.ffn_up_shexp.weight            - [  2048,    512,      1,      1], type =   q4_K, size =    0.562 MiB
[  15/ 733] blk.0.post_attention_norm.weight     - [  2048,      1,      1,      1], type =    f32, size =    0.008 MiB
[  16/ 733] blk.0.ssm_a                          - [    32,      1,      1,      1], type =    f32, size =    0.000 MiB
[  17/ 733] blk.0.ssm_alpha.weight               - [  2048,     32,      1,      1], type =   q4_K, size =    0.035 MiB
[  18/ 733] blk.0.ssm_beta.weight                - [  2048,     32,      1,      1], type =   q4_K, size =    0.035 MiB
[  19/ 733] blk.0.ssm_conv1d.weight              - [     4,   8192,      1,      1], type =    f32, size =    0.125 MiB
[  20/ 733] blk.0.ssm_dt.bias                    - [    32,      1,      1,      1], type =    f32, size =    0.000 MiB
[  21/ 733] blk.0.ssm_norm.weight                - [   128,      1,      1,      1], type =    f32, size =    0.000 MiB
[  22/ 733] blk.0.ssm_out.weight                 - [  4096,   2048,      1,      1], type =   q4_K, size =    4.500 MiB
[  23/ 733] blk.1.attn_gate.weight               - [  2048,   4096,      1,      1], type =   q4_K, size =    4.500 MiB
[  24/ 733] blk.1.attn_norm.weight               - [  2048,      1,      1,      1], type =    f32, size =    0.008 MiB
[  25/ 733] blk.1.attn_qkv.weight                - [  2048,   8192,      1,      1], type =   q6_K, size =   13.125 MiB
[  26/ 733] blk.1.ffn_down_exps.weight           - [   512,   2048,    256,      1], type =   q6_K, size =  210.000 MiB
[  27/ 733] blk.1.ffn_down_shexp.weight          - [   512,   2048,      1,      1], type =   q6_K, size =    0.820 MiB
[  28/ 733] blk.1.ffn_gate_exps.weight           - [  2048,    512,    256,      1], type =   q4_K, size =  144.000 MiB
[  29/ 733] blk.1.ffn_gate_inp.weight            - [  2048,    256,      1,      1], type =    f32, size =    2.000 MiB
[  30/ 733] blk.1.ffn_gate_inp_shexp.weight      - [  2048,      1,      1,      1], type =    f32, size =    0.008 MiB
[  31/ 733] blk.1.ffn_gate_shexp.weight          - [  2048,    512,      1,      1], type =   q4_K, size =    0.562 MiB
[  32/ 733] blk.1.ffn_up_exps.weight             - [  2048,    512,    256,      1], type =   q4_K, size =  144.000 MiB
[  33/ 733] blk.1.ffn_up_shexp.weight            - [  2048,    512,      1,      1], type =   q4_K, size =    0.562 MiB
[  34/ 733] blk.1.post_attention_norm.weight     - [  2048,      1,      1,      1], type =    f32, size =    0.008 MiB
[  35/ 733] blk.1.ssm_a                          - [    32,      1,      1,      1], type =    f32, size =    0.000 MiB
[  36/ 733] blk.1.ssm_alpha.weight               - [  2048,     32,      1,      1], type =   q4_K, size =    0.035 MiB
[  37/ 733] blk.1.ssm_beta.weight                - [  2048,     32,      1,      1], type =   q4_K, size =    0.035 MiB
[  38/ 733] blk.1.ssm_conv1d.weight              - [     4,   8192,      1,      1], type =    f32, size =    0.125 MiB
[  39/ 733] blk.1.ssm_dt.bias                    - [    32,      1,      1,      1], type =    f32, size =    0.000 MiB
[  40/ 733] blk.1.ssm_norm.weight                - [   128,      1,      1,      1], type =    f32, size =    0.000 MiB
[  41/ 733] blk.1.ssm_out.weight                 - [  4096,   2048,      1,      1], type =   q4_K, size =    4.500 MiB
[  42/ 733] blk.2.attn_gate.weight               - [  2048,   4096,      1,      1], type =   q4_K, size =    4.500 MiB
[  43/ 733] blk.2.attn_norm.weight               - [  2048,      1,      1,      1], type =    f32, size =    0.008 MiB
[  44/ 733] blk.2.attn_qkv.weight                - [  2048,   8192,      1,      1], type =   q6_K, size =   13.125 MiB
[  45/ 733] blk.2.ffn_down_exps.weight           - [   512,   2048,    256,      1], type =   q6_K, size =  210.000 MiB
[  46/ 733] blk.2.ffn_down_shexp.weight          - [   512,   2048,      1,      1], type =   q6_K, size =    0.820 MiB
[  47/ 733] blk.2.ffn_gate_exps.weight           - [  2048,    512,    256,      1], type =   q4_K, size =  144.000 MiB
[  48/ 733] blk.2.ffn_gate_inp.weight            - [  2048,    256,      1,      1], type =    f32, size =    2.000 MiB
[  49/ 733] blk.2.ffn_gate_inp_shexp.weight      - [  2048,      1,      1,      1], type =    f32, size =    0.008 MiB
[  50/ 733] blk.2.ffn_gate_shexp.weight          - [  2048,    512,      1,      1], type =   q4_K, size =    0.562 MiB
[  51/ 733] blk.2.ffn_up_exps.weight             - [  2048,    512,    256,      1], type =   q4_K, size =  144.000 MiB
[  52/ 733] blk.2.ffn_up_shexp.weight            - [  2048,    512,      1,      1], type =   q4_K, size =    0.562 MiB
[  53/ 733] blk.2.post_attention_norm.weight     - [  2048,      1,      1,      1], type =    f32, size =    0.008 MiB
[  54/ 733] blk.2.ssm_a                          - [    32,      1,      1,      1], type =    f32, size =    0.000 MiB
[  55/ 733] blk.2.ssm_alpha.weight               - [  2048,     32,      1,      1], type =   q4_K, size =    0.035 MiB
[  56/ 733] blk.2.ssm_beta.weight                - [  2048,     32,      1,      1], type =   q4_K, size =    0.035 MiB
[  57/ 733] blk.2.ssm_conv1d.weight              - [     4,   8192,      1,      1], type =    f32, size =    0.125 MiB
[  58/ 733] blk.2.ssm_dt.bias                    - [    32,      1,      1,      1], type =    f32, size =    0.000 MiB
[  59/ 733] blk.2.ssm_norm.weight                - [   128,      1,      1,      1], type =    f32, size =    0.000 MiB
[  60/ 733] blk.2.ssm_out.weight                 - [  4096,   2048,      1,      1], type =   q4_K, size =    4.500 MiB
[  61/ 733] blk.3.attn_k.weight                  - [  2048,    512,      1,      1], type =   q4_K, size =    0.562 MiB
[  62/ 733] blk.3.attn_k_norm.weight             - [   256,      1,      1,      1], type =    f32, size =    0.001 MiB
[  63/ 733] blk.3.attn_norm.weight               - [  2048,      1,      1,      1], type =    f32, size =    0.008 MiB
[  64/ 733] blk.3.attn_output.weight             - [  4096,   2048,      1,      1], type =   q4_K, size =    4.500 MiB
[  65/ 733] blk.3.attn_q.weight                  - [  2048,   8192,      1,      1], type =   q4_K, size =    9.000 MiB
[  66/ 733] blk.3.attn_q_norm.weight             - [   256,      1,      1,      1], type =    f32, size =    0.001 MiB
[  67/ 733] blk.3.attn_v.weight                  - [  2048,    512,      1,      1], type =   q6_K, size =    0.820 MiB
[  68/ 733] blk.3.ffn_down_exps.weight           - [   512,   2048,    256,      1], type =   q6_K, size =  210.000 MiB
[  69/ 733] blk.3.ffn_down_shexp.weight          - [   512,   2048,      1,      1], type =   q6_K, size =    0.820 MiB
[  70/ 733] blk.3.ffn_gate_exps.weight           - [  2048,    512,    256,      1], type =   q4_K, size =  144.000 MiB
[  71/ 733] blk.3.ffn_gate_inp.weight            - [  2048,    256,      1,      1], type =    f32, size =    2.000 MiB
[  72/ 733] blk.3.ffn_gate_inp_shexp.weight      - [  2048,      1,      1,      1], type =    f32, size =    0.008 MiB
[  73/ 733] blk.3.ffn_gate_shexp.weight          - [  2048,    512,      1,      1], type =   q4_K, size =    0.562 MiB
[  74/ 733] blk.3.ffn_up_exps.weight             - [  2048,    512,    256,      1], type =   q4_K, size =  144.000 MiB
[  75/ 733] blk.3.ffn_up_shexp.weight            - [  2048,    512,      1,      1], type =   q4_K, size =    0.562 MiB
[  76/ 733] blk.3.post_attention_norm.weight     - [  2048,      1,      1,      1], type =    f32, size =    0.008 MiB
[  77/ 733] blk.4.attn_gate.weight               - [  2048,   4096,      1,      1], type =   q4_K, size =    4.500 MiB
[  78/ 733] blk.4.attn_norm.weight               - [  2048,      1,      1,      1], type =    f32, size =    0.008 MiB
[  79/ 733] blk.4.attn_qkv.weight                - [  2048,   8192,      1,      1], type =   q6_K, size =   13.125 MiB
[  80/ 733] blk.4.ffn_down_exps.weight           - [   512,   2048,    256,      1], type =   q6_K, size =  210.000 MiB
[  81/ 733] blk.4.ffn_down_shexp.weight          - [   512,   2048,      1,      1], type =   q6_K, size =    0.820 MiB
[  82/ 733] blk.4.ffn_gate_exps.weight           - [  2048,    512,    256,      1], type =   q4_K, size =  144.000 MiB
[  83/ 733] blk.4.ffn_gate_inp.weight            - [  2048,    256,      1,      1], type =    f32, size =    2.000 MiB
[  84/ 733] blk.4.ffn_gate_inp_shexp.weight      - [  2048,      1,      1,      1], type =    f32, size =    0.008 MiB
[  85/ 733] blk.4.ffn_gate_shexp.weight          - [  2048,    512,      1,      1], type =   q4_K, size =    0.562 MiB
[  86/ 733] blk.4.ffn_up_exps.weight             - [  2048,    512,    256,      1], type =   q4_K, size =  144.000 MiB
[  87/ 733] blk.4.ffn_up_shexp.weight            - [  2048,    512,      1,      1], type =   q4_K, size =    0.562 MiB
[  88/ 733] blk.4.post_attention_norm.weight     - [  2048,      1,      1,      1], type =    f32, size =    0.008 MiB
[  89/ 733] blk.4.ssm_a                          - [    32,      1,      1,      1], type =    f32, size =    0.000 MiB
[  90/ 733] blk.4.ssm_alpha.weight               - [  2048,     32,      1,      1], type =   q4_K, size =    0.035 MiB
[  91/ 733] blk.4.ssm_beta.weight                - [  2048,     32,      1,      1], type =   q4_K, size =    0.035 MiB
[  92/ 733] blk.4.ssm_conv1d.weight              - [     4,   8192,      1,      1], type =    f32, size =    0.125 MiB
[  93/ 733] blk.4.ssm_dt.bias                    - [    32,      1,      1,      1], type =    f32, size =    0.000 MiB
[  94/ 733] blk.4.ssm_norm.weight                - [   128,      1,      1,      1], type =    f32, size =    0.000 MiB
[  95/ 733] blk.4.ssm_out.weight                 - [  4096,   2048,      1,      1], type =   q4_K, size =    4.500 MiB
[  96/ 733] blk.5.attn_gate.weight               - [  2048,   4096,      1,      1], type =   q4_K, size =    4.500 MiB
[  97/ 733] blk.5.attn_norm.weight               - [  2048,      1,      1,      1], type =    f32, size =    0.008 MiB
[  98/ 733] blk.5.attn_qkv.weight                - [  2048,   8192,      1,      1], type =   q4_K, size =    9.000 MiB
[  99/ 733] blk.5.ffn_down_exps.weight           - [   512,   2048,    256,      1], type =   q4_K, size =  144.000 MiB
[ 100/ 733] blk.5.ffn_down_shexp.weight          - [   512,   2048,      1,      1], type =   q4_K, size =    0.562 MiB
[ 101/ 733] blk.5.ffn_gate_exps.weight           - [  2048,    512,    256,      1], type =   q4_K, size =  144.000 MiB
[ 102/ 733] blk.5.ffn_gate_inp.weight            - [  2048,    256,      1,      1], type =    f32, size =    2.000 MiB
[ 103/ 733] blk.5.ffn_gate_inp_shexp.weight      - [  2048,      1,      1,      1], type =    f32, size =    0.008 MiB
[ 104/ 733] blk.5.ffn_gate_shexp.weight          - [  2048,    512,      1,      1], type =   q4_K, size =    0.562 MiB
[ 105/ 733] blk.5.ffn_up_exps.weight             - [  2048,    512,    256,      1], type =   q4_K, size =  144.000 MiB
[ 106/ 733] blk.5.ffn_up_shexp.weight            - [  2048,    512,      1,      1], type =   q4_K, size =    0.562 MiB
[ 107/ 733] blk.5.post_attention_norm.weight     - [  2048,      1,      1,      1], type =    f32, size =    0.008 MiB
[ 108/ 733] blk.5.ssm_a                          - [    32,      1,      1,      1], type =    f32, size =    0.000 MiB
[ 109/ 733] blk.5.ssm_alpha.weight               - [  2048,     32,      1,      1], type =   q4_K, size =    0.035 MiB
[ 110/ 733] blk.5.ssm_beta.weight                - [  2048,     32,      1,      1], type =   q4_K, size =    0.035 MiB
[ 111/ 733] blk.5.ssm_conv1d.weight              - [     4,   8192,      1,      1], type =    f32, size =    0.125 MiB
[ 112/ 733] blk.5.ssm_dt.bias                    - [    32,      1,      1,      1], type =    f32, size =    0.000 MiB
[ 113/ 733] blk.5.ssm_norm.weight                - [   128,      1,      1,      1], type =    f32, size =    0.000 MiB
[ 114/ 733] blk.5.ssm_out.weight                 - [  4096,   2048,      1,      1], type =   q4_K, size =    4.500 MiB
[ 115/ 733] blk.6.attn_gate.weight               - [  2048,   4096,      1,      1], type =   q4_K, size =    4.500 MiB
[ 116/ 733] blk.6.attn_norm.weight               - [  2048,      1,      1,      1], type =    f32, size =    0.008 MiB
[ 117/ 733] blk.6.attn_qkv.weight                - [  2048,   8192,      1,      1], type =   q4_K, size =    9.000 MiB
[ 118/ 733] blk.6.ffn_down_exps.weight           - [   512,   2048,    256,      1], type =   q4_K, size =  144.000 MiB
[ 119/ 733] blk.6.ffn_down_shexp.weight          - [   512,   2048,      1,      1], type =   q4_K, size =    0.562 MiB
[ 120/ 733] blk.6.ffn_gate_exps.weight           - [  2048,    512,    256,      1], type =   q4_K, size =  144.000 MiB
[ 121/ 733] blk.6.ffn_gate_inp.weight            - [  2048,    256,      1,      1], type =    f32, size =    2.000 MiB
[ 122/ 733] blk.6.ffn_gate_inp_shexp.weight      - [  2048,      1,      1,      1], type =    f32, size =    0.008 MiB
[ 123/ 733] blk.6.ffn_gate_shexp.weight          - [  2048,    512,      1,      1], type =   q4_K, size =    0.562 MiB
[ 124/ 733] blk.6.ffn_up_exps.weight             - [  2048,    512,    256,      1], type =   q4_K, size =  144.000 MiB
[ 125/ 733] blk.6.ffn_up_shexp.weight            - [  2048,    512,      1,      1], type =   q4_K, size =    0.562 MiB
[ 126/ 733] blk.6.post_attention_norm.weight     - [  2048,      1,      1,      1], type =    f32, size =    0.008 MiB
[ 127/ 733] blk.6.ssm_a                          - [    32,      1,      1,      1], type =    f32, size =    0.000 MiB
[ 128/ 733] blk.6.ssm_alpha.weight               - [  2048,     32,      1,      1], type =   q4_K, size =    0.035 MiB
[ 129/ 733] blk.6.ssm_beta.weight                - [  2048,     32,      1,      1], type =   q4_K, size =    0.035 MiB
[ 130/ 733] blk.6.ssm_conv1d.weight              - [     4,   8192,      1,      1], type =    f32, size =    0.125 MiB
[ 131/ 733] blk.6.ssm_dt.bias                    - [    32,      1,      1,      1], type =    f32, size =    0.000 MiB
[ 132/ 733] blk.6.ssm_norm.weight                - [   128,      1,      1,      1], type =    f32, size =    0.000 MiB
[ 133/ 733] blk.6.ssm_out.weight                 - [  4096,   2048,      1,      1], type =   q4_K, size =    4.500 MiB
[ 134/ 733] blk.7.attn_k.weight                  - [  2048,    512,      1,      1], type =   q4_K, size =    0.562 MiB
[ 135/ 733] blk.7.attn_k_norm.weight             - [   256,      1,      1,      1], type =    f32, size =    0.001 MiB
[ 136/ 733] blk.7.attn_norm.weight               - [  2048,      1,      1,      1], type =    f32, size =    0.008 MiB
[ 137/ 733] blk.7.attn_output.weight             - [  4096,   2048,      1,      1], type =   q4_K, size =    4.500 MiB
[ 138/ 733] blk.7.attn_q.weight                  - [  2048,   8192,      1,      1], type =   q4_K, size =    9.000 MiB
[ 139/ 733] blk.7.attn_q_norm.weight             - [   256,      1,      1,      1], type =    f32, size =    0.001 MiB
[ 140/ 733] blk.7.attn_v.weight                  - [  2048,    512,      1,      1], type =   q6_K, size =    0.820 MiB
[ 141/ 733] blk.7.ffn_down_exps.weight           - [   512,   2048,    256,      1], type =   q6_K, size =  210.000 MiB
[ 142/ 733] blk.7.ffn_down_shexp.weight          - [   512,   2048,      1,      1], type =   q6_K, size =    0.820 MiB
[ 143/ 733] blk.7.ffn_gate_exps.weight           - [  2048,    512,    256,      1], type =   q4_K, size =  144.000 MiB
[ 144/ 733] blk.7.ffn_gate_inp.weight            - [  2048,    256,      1,      1], type =    f32, size =    2.000 MiB
[ 145/ 733] blk.7.ffn_gate_inp_shexp.weight      - [  2048,      1,      1,      1], type =    f32, size =    0.008 MiB
[ 146/ 733] blk.7.ffn_gate_shexp.weight          - [  2048,    512,      1,      1], type =   q4_K, size =    0.562 MiB
[ 147/ 733] blk.7.ffn_up_exps.weight             - [  2048,    512,    256,      1], type =   q4_K, size =  144.000 MiB
[ 148/ 733] blk.7.ffn_up_shexp.weight            - [  2048,    512,      1,      1], type =   q4_K, size =    0.562 MiB
[ 149/ 733] blk.7.post_attention_norm.weight     - [  2048,      1,      1,      1], type =    f32, size =    0.008 MiB
[ 150/ 733] blk.8.attn_gate.weight               - [  2048,   4096,      1,      1], type =   q4_K, size =    4.500 MiB
[ 151/ 733] blk.8.attn_norm.weight               - [  2048,      1,      1,      1], type =    f32, size =    0.008 MiB
[ 152/ 733] blk.8.attn_qkv.weight                - [  2048,   8192,      1,      1], type =   q4_K, size =    9.000 MiB
[ 153/ 733] blk.8.ffn_down_exps.weight           - [   512,   2048,    256,      1], type =   q4_K, size =  144.000 MiB
[ 154/ 733] blk.8.ffn_down_shexp.weight          - [   512,   2048,      1,      1], type =   q4_K, size =    0.562 MiB
[ 155/ 733] blk.8.ffn_gate_exps.weight           - [  2048,    512,    256,      1], type =   q4_K, size =  144.000 MiB
[ 156/ 733] blk.8.ffn_gate_inp.weight            - [  2048,    256,      1,      1], type =    f32, size =    2.000 MiB
[ 157/ 733] blk.8.ffn_gate_inp_shexp.weight      - [  2048,      1,      1,      1], type =    f32, size =    0.008 MiB
[ 158/ 733] blk.8.ffn_gate_shexp.weight          - [  2048,    512,      1,      1], type =   q4_K, size =    0.562 MiB
[ 159/ 733] blk.8.ffn_up_exps.weight             - [  2048,    512,    256,      1], type =   q4_K, size =  144.000 MiB
[ 160/ 733] blk.8.ffn_up_shexp.weight            - [  2048,    512,      1,      1], type =   q4_K, size =    0.562 MiB
[ 161/ 733] blk.8.post_attention_norm.weight     - [  2048,      1,      1,      1], type =    f32, size =    0.008 MiB
[ 162/ 733] blk.8.ssm_a                          - [    32,      1,      1,      1], type =    f32, size =    0.000 MiB
[ 163/ 733] blk.8.ssm_alpha.weight               - [  2048,     32,      1,      1], type =   q4_K, size =    0.035 MiB
[ 164/ 733] blk.8.ssm_beta.weight                - [  2048,     32,      1,      1], type =   q4_K, size =    0.035 MiB
[ 165/ 733] blk.8.ssm_conv1d.weight              - [     4,   8192,      1,      1], type =    f32, size =    0.125 MiB
[ 166/ 733] blk.8.ssm_dt.bias                    - [    32,      1,      1,      1], type =    f32, size =    0.000 MiB
[ 167/ 733] blk.8.ssm_norm.weight                - [   128,      1,      1,      1], type =    f32, size =    0.000 MiB
[ 168/ 733] blk.8.ssm_out.weight                 - [  4096,   2048,      1,      1], type =   q4_K, size =    4.500 MiB
[ 169/ 733] blk.9.attn_gate.weight               - [  2048,   4096,      1,      1], type =   q4_K, size =    4.500 MiB
[ 170/ 733] blk.9.attn_norm.weight               - [  2048,      1,      1,      1], type =    f32, size =    0.008 MiB
[ 171/ 733] blk.9.attn_qkv.weight                - [  2048,   8192,      1,      1], type =   q4_K, size =    9.000 MiB
[ 172/ 733] blk.9.ffn_down_exps.weight           - [   512,   2048,    256,      1], type =   q4_K, size =  144.000 MiB
[ 173/ 733] blk.9.ffn_down_shexp.weight          - [   512,   2048,      1,      1], type =   q4_K, size =    0.562 MiB
[ 174/ 733] blk.9.ffn_gate_exps.weight           - [  2048,    512,    256,      1], type =   q4_K, size =  144.000 MiB
[ 175/ 733] blk.9.ffn_gate_inp.weight            - [  2048,    256,      1,      1], type =    f32, size =    2.000 MiB
[ 176/ 733] blk.9.ffn_gate_inp_shexp.weight      - [  2048,      1,      1,      1], type =    f32, size =    0.008 MiB
[ 177/ 733] blk.9.ffn_gate_shexp.weight          - [  2048,    512,      1,      1], type =   q4_K, size =    0.562 MiB
[ 178/ 733] blk.9.ffn_up_exps.weight             - [  2048,    512,    256,      1], type =   q4_K, size =  144.000 MiB
[ 179/ 733] blk.9.ffn_up_shexp.weight            - [  2048,    512,      1,      1], type =   q4_K, size =    0.562 MiB
[ 180/ 733] blk.9.post_attention_norm.weight     - [  2048,      1,      1,      1], type =    f32, size =    0.008 MiB
[ 181/ 733] blk.9.ssm_a                          - [    32,      1,      1,      1], type =    f32, size =    0.000 MiB
[ 182/ 733] blk.9.ssm_alpha.weight               - [  2048,     32,      1,      1], type =   q4_K, size =    0.035 MiB
[ 183/ 733] blk.9.ssm_beta.weight                - [  2048,     32,      1,      1], type =   q4_K, size =    0.035 MiB
[ 184/ 733] blk.9.ssm_conv1d.weight              - [     4,   8192,      1,      1], type =    f32, size =    0.125 MiB
[ 185/ 733] blk.9.ssm_dt.bias                    - [    32,      1,      1,      1], type =    f32, size =    0.000 MiB
[ 186/ 733] blk.9.ssm_norm.weight                - [   128,      1,      1,      1], type =    f32, size =    0.000 MiB
[ 187/ 733] blk.9.ssm_out.weight                 - [  4096,   2048,      1,      1], type =   q4_K, size =    4.500 MiB
[ 188/ 733] blk.10.attn_gate.weight              - [  2048,   4096,      1,      1], type =   q4_K, size =    4.500 MiB
[ 189/ 733] blk.10.attn_norm.weight              - [  2048,      1,      1,      1], type =    f32, size =    0.008 MiB
[ 190/ 733] blk.10.attn_qkv.weight               - [  2048,   8192,      1,      1], type =   q6_K, size =   13.125 MiB
[ 191/ 733] blk.10.ffn_down_exps.weight          - [   512,   2048,    256,      1], type =   q6_K, size =  210.000 MiB
[ 192/ 733] blk.10.ffn_down_shexp.weight         - [   512,   2048,      1,      1], type =   q6_K, size =    0.820 MiB
[ 193/ 733] blk.10.ffn_gate_exps.weight          - [  2048,    512,    256,      1], type =   q4_K, size =  144.000 MiB
[ 194/ 733] blk.10.ffn_gate_inp.weight           - [  2048,    256,      1,      1], type =    f32, size =    2.000 MiB
[ 195/ 733] blk.10.ffn_gate_inp_shexp.weight     - [  2048,      1,      1,      1], type =    f32, size =    0.008 MiB
[ 196/ 733] blk.10.ffn_gate_shexp.weight         - [  2048,    512,      1,      1], type =   q4_K, size =    0.562 MiB
[ 197/ 733] blk.10.ffn_up_exps.weight            - [  2048,    512,    256,      1], type =   q4_K, size =  144.000 MiB
[ 198/ 733] blk.10.ffn_up_shexp.weight           - [  2048,    512,      1,      1], type =   q4_K, size =    0.562 MiB
[ 199/ 733] blk.10.post_attention_norm.weight    - [  2048,      1,      1,      1], type =    f32, size =    0.008 MiB
[ 200/ 733] blk.10.ssm_a                         - [    32,      1,      1,      1], type =    f32, size =    0.000 MiB
[ 201/ 733] blk.10.ssm_alpha.weight              - [  2048,     32,      1,      1], type =   q4_K, size =    0.035 MiB
[ 202/ 733] blk.10.ssm_beta.weight               - [  2048,     32,      1,      1], type =   q4_K, size =    0.035 MiB
[ 203/ 733] blk.10.ssm_conv1d.weight             - [     4,   8192,      1,      1], type =    f32, size =    0.125 MiB
[ 204/ 733] blk.10.ssm_dt.bias                   - [    32,      1,      1,      1], type =    f32, size =    0.000 MiB
[ 205/ 733] blk.10.ssm_norm.weight               - [   128,      1,      1,      1], type =    f32, size =    0.000 MiB
[ 206/ 733] blk.10.ssm_out.weight                - [  4096,   2048,      1,      1], type =   q4_K, size =    4.500 MiB
[ 207/ 733] blk.11.attn_k.weight                 - [  2048,    512,      1,      1], type =   q4_K, size =    0.562 MiB
[ 208/ 733] blk.11.attn_k_norm.weight            - [   256,      1,      1,      1], type =    f32, size =    0.001 MiB
[ 209/ 733] blk.11.attn_norm.weight              - [  2048,      1,      1,      1], type =    f32, size =    0.008 MiB
[ 210/ 733] blk.11.attn_output.weight            - [  4096,   2048,      1,      1], type =   q4_K, size =    4.500 MiB
[ 211/ 733] blk.11.attn_q.weight                 - [  2048,   8192,      1,      1], type =   q4_K, size =    9.000 MiB
[ 212/ 733] blk.11.attn_q_norm.weight            - [   256,      1,      1,      1], type =    f32, size =    0.001 MiB
[ 213/ 733] blk.11.attn_v.weight                 - [  2048,    512,      1,      1], type =   q4_K, size =    0.562 MiB
[ 214/ 733] blk.11.ffn_down_exps.weight          - [   512,   2048,    256,      1], type =   q4_K, size =  144.000 MiB
[ 215/ 733] blk.11.ffn_down_shexp.weight         - [   512,   2048,      1,      1], type =   q4_K, size =    0.562 MiB
[ 216/ 733] blk.11.ffn_gate_exps.weight          - [  2048,    512,    256,      1], type =   q4_K, size =  144.000 MiB
[ 217/ 733] blk.11.ffn_gate_inp.weight           - [  2048,    256,      1,      1], type =    f32, size =    2.000 MiB
[ 218/ 733] blk.11.ffn_gate_inp_shexp.weight     - [  2048,      1,      1,      1], type =    f32, size =    0.008 MiB
[ 219/ 733] blk.11.ffn_gate_shexp.weight         - [  2048,    512,      1,      1], type =   q4_K, size =    0.562 MiB
[ 220/ 733] blk.11.ffn_up_exps.weight            - [  2048,    512,    256,      1], type =   q4_K, size =  144.000 MiB
[ 221/ 733] blk.11.ffn_up_shexp.weight           - [  2048,    512,      1,      1], type =   q4_K, size =    0.562 MiB
[ 222/ 733] blk.11.post_attention_norm.weight    - [  2048,      1,      1,      1], type =    f32, size =    0.008 MiB
[ 223/ 733] blk.12.attn_gate.weight              - [  2048,   4096,      1,      1], type =   q4_K, size =    4.500 MiB
[ 224/ 733] blk.12.attn_norm.weight              - [  2048,      1,      1,      1], type =    f32, size =    0.008 MiB
[ 225/ 733] blk.12.attn_qkv.weight               - [  2048,   8192,      1,      1], type =   q4_K, size =    9.000 MiB
[ 226/ 733] blk.12.ffn_down_exps.weight          - [   512,   2048,    256,      1], type =   q4_K, size =  144.000 MiB
[ 227/ 733] blk.12.ffn_down_shexp.weight         - [   512,   2048,      1,      1], type =   q4_K, size =    0.562 MiB
[ 228/ 733] blk.12.ffn_gate_exps.weight          - [  2048,    512,    256,      1], type =   q4_K, size =  144.000 MiB
[ 229/ 733] blk.12.ffn_gate_inp.weight           - [  2048,    256,      1,      1], type =    f32, size =    2.000 MiB
[ 230/ 733] blk.12.ffn_gate_inp_shexp.weight     - [  2048,      1,      1,      1], type =    f32, size =    0.008 MiB
[ 231/ 733] blk.12.ffn_gate_shexp.weight         - [  2048,    512,      1,      1], type =   q4_K, size =    0.562 MiB
[ 232/ 733] blk.12.ffn_up_exps.weight            - [  2048,    512,    256,      1], type =   q4_K, size =  144.000 MiB
[ 233/ 733] blk.12.ffn_up_shexp.weight           - [  2048,    512,      1,      1], type =   q4_K, size =    0.562 MiB
[ 234/ 733] blk.12.post_attention_norm.weight    - [  2048,      1,      1,      1], type =    f32, size =    0.008 MiB
[ 235/ 733] blk.12.ssm_a                         - [    32,      1,      1,      1], type =    f32, size =    0.000 MiB
[ 236/ 733] blk.12.ssm_alpha.weight              - [  2048,     32,      1,      1], type =   q4_K, size =    0.035 MiB
[ 237/ 733] blk.12.ssm_beta.weight               - [  2048,     32,      1,      1], type =   q4_K, size =    0.035 MiB
[ 238/ 733] blk.12.ssm_conv1d.weight             - [     4,   8192,      1,      1], type =    f32, size =    0.125 MiB
[ 239/ 733] blk.12.ssm_dt.bias                   - [    32,      1,      1,      1], type =    f32, size =    0.000 MiB
[ 240/ 733] blk.12.ssm_norm.weight               - [   128,      1,      1,      1], type =    f32, size =    0.000 MiB
[ 241/ 733] blk.12.ssm_out.weight                - [  4096,   2048,      1,      1], type =   q4_K, size =    4.500 MiB
[ 242/ 733] blk.13.attn_gate.weight              - [  2048,   4096,      1,      1], type =   q4_K, size =    4.500 MiB
[ 243/ 733] blk.13.attn_norm.weight              - [  2048,      1,      1,      1], type =    f32, size =    0.008 MiB
[ 244/ 733] blk.13.attn_qkv.weight               - [  2048,   8192,      1,      1], type =   q6_K, size =   13.125 MiB
[ 245/ 733] blk.13.ffn_down_exps.weight          - [   512,   2048,    256,      1], type =   q6_K, size =  210.000 MiB
[ 246/ 733] blk.13.ffn_down_shexp.weight         - [   512,   2048,      1,      1], type =   q6_K, size =    0.820 MiB
[ 247/ 733] blk.13.ffn_gate_exps.weight          - [  2048,    512,    256,      1], type =   q4_K, size =  144.000 MiB
[ 248/ 733] blk.13.ffn_gate_inp.weight           - [  2048,    256,      1,      1], type =    f32, size =    2.000 MiB
[ 249/ 733] blk.13.ffn_gate_inp_shexp.weight     - [  2048,      1,      1,      1], type =    f32, size =    0.008 MiB
[ 250/ 733] blk.13.ffn_gate_shexp.weight         - [  2048,    512,      1,      1], type =   q4_K, size =    0.562 MiB
[ 251/ 733] blk.13.ffn_up_exps.weight            - [  2048,    512,    256,      1], type =   q4_K, size =  144.000 MiB
[ 252/ 733] blk.13.ffn_up_shexp.weight           - [  2048,    512,      1,      1], type =   q4_K, size =    0.562 MiB
[ 253/ 733] blk.13.post_attention_norm.weight    - [  2048,      1,      1,      1], type =    f32, size =    0.008 MiB
[ 254/ 733] blk.13.ssm_a                         - [    32,      1,      1,      1], type =    f32, size =    0.000 MiB
[ 255/ 733] blk.13.ssm_alpha.weight              - [  2048,     32,      1,      1], type =   q4_K, size =    0.035 MiB
[ 256/ 733] blk.13.ssm_beta.weight               - [  2048,     32,      1,      1], type =   q4_K, size =    0.035 MiB
[ 257/ 733] blk.13.ssm_conv1d.weight             - [     4,   8192,      1,      1], type =    f32, size =    0.125 MiB
[ 258/ 733] blk.13.ssm_dt.bias                   - [    32,      1,      1,      1], type =    f32, size =    0.000 MiB
[ 259/ 733] blk.13.ssm_norm.weight               - [   128,      1,      1,      1], type =    f32, size =    0.000 MiB
[ 260/ 733] blk.13.ssm_out.weight                - [  4096,   2048,      1,      1], type =   q4_K, size =    4.500 MiB
[ 261/ 733] blk.14.attn_gate.weight              - [  2048,   4096,      1,      1], type =   q4_K, size =    4.500 MiB
[ 262/ 733] blk.14.attn_norm.weight              - [  2048,      1,      1,      1], type =    f32, size =    0.008 MiB
[ 263/ 733] blk.14.attn_qkv.weight               - [  2048,   8192,      1,      1], type =   q4_K, size =    9.000 MiB
[ 264/ 733] blk.14.ffn_down_exps.weight          - [   512,   2048,    256,      1], type =   q4_K, size =  144.000 MiB
[ 265/ 733] blk.14.ffn_down_shexp.weight         - [   512,   2048,      1,      1], type =   q4_K, size =    0.562 MiB
[ 266/ 733] blk.14.ffn_gate_exps.weight          - [  2048,    512,    256,      1], type =   q4_K, size =  144.000 MiB
[ 267/ 733] blk.14.ffn_gate_inp.weight           - [  2048,    256,      1,      1], type =    f32, size =    2.000 MiB
[ 268/ 733] blk.14.ffn_gate_inp_shexp.weight     - [  2048,      1,      1,      1], type =    f32, size =    0.008 MiB
[ 269/ 733] blk.14.ffn_gate_shexp.weight         - [  2048,    512,      1,      1], type =   q4_K, size =    0.562 MiB
[ 270/ 733] blk.14.ffn_up_exps.weight            - [  2048,    512,    256,      1], type =   q4_K, size =  144.000 MiB
[ 271/ 733] blk.14.ffn_up_shexp.weight           - [  2048,    512,      1,      1], type =   q4_K, size =    0.562 MiB
[ 272/ 733] blk.14.post_attention_norm.weight    - [  2048,      1,      1,      1], type =    f32, size =    0.008 MiB
[ 273/ 733] blk.14.ssm_a                         - [    32,      1,      1,      1], type =    f32, size =    0.000 MiB
[ 274/ 733] blk.14.ssm_alpha.weight              - [  2048,     32,      1,      1], type =   q4_K, size =    0.035 MiB
[ 275/ 733] blk.14.ssm_beta.weight               - [  2048,     32,      1,      1], type =   q4_K, size =    0.035 MiB
[ 276/ 733] blk.14.ssm_conv1d.weight             - [     4,   8192,      1,      1], type =    f32, size =    0.125 MiB
[ 277/ 733] blk.14.ssm_dt.bias                   - [    32,      1,      1,      1], type =    f32, size =    0.000 MiB
[ 278/ 733] blk.14.ssm_norm.weight               - [   128,      1,      1,      1], type =    f32, size =    0.000 MiB
[ 279/ 733] blk.14.ssm_out.weight                - [  4096,   2048,      1,      1], type =   q4_K, size =    4.500 MiB
[ 280/ 733] blk.15.attn_k.weight                 - [  2048,    512,      1,      1], type =   q4_K, size =    0.562 MiB
[ 281/ 733] blk.15.attn_k_norm.weight            - [   256,      1,      1,      1], type =    f32, size =    0.001 MiB
[ 282/ 733] blk.15.attn_norm.weight              - [  2048,      1,      1,      1], type =    f32, size =    0.008 MiB
[ 283/ 733] blk.15.attn_output.weight            - [  4096,   2048,      1,      1], type =   q4_K, size =    4.500 MiB
[ 284/ 733] blk.15.attn_q.weight                 - [  2048,   8192,      1,      1], type =   q4_K, size =    9.000 MiB
[ 285/ 733] blk.15.attn_q_norm.weight            - [   256,      1,      1,      1], type =    f32, size =    0.001 MiB
[ 286/ 733] blk.15.attn_v.weight                 - [  2048,    512,      1,      1], type =   q4_K, size =    0.562 MiB
[ 287/ 733] blk.15.ffn_down_exps.weight          - [   512,   2048,    256,      1], type =   q4_K, size =  144.000 MiB
[ 288/ 733] blk.15.ffn_down_shexp.weight         - [   512,   2048,      1,      1], type =   q4_K, size =    0.562 MiB
[ 289/ 733] blk.15.ffn_gate_exps.weight          - [  2048,    512,    256,      1], type =   q4_K, size =  144.000 MiB
[ 290/ 733] blk.15.ffn_gate_inp.weight           - [  2048,    256,      1,      1], type =    f32, size =    2.000 MiB
[ 291/ 733] blk.15.ffn_gate_inp_shexp.weight     - [  2048,      1,      1,      1], type =    f32, size =    0.008 MiB
[ 292/ 733] blk.15.ffn_gate_shexp.weight         - [  2048,    512,      1,      1], type =   q4_K, size =    0.562 MiB
[ 293/ 733] blk.15.ffn_up_exps.weight            - [  2048,    512,    256,      1], type =   q4_K, size =  144.000 MiB
[ 294/ 733] blk.15.ffn_up_shexp.weight           - [  2048,    512,      1,      1], type =   q4_K, size =    0.562 MiB
[ 295/ 733] blk.15.post_attention_norm.weight    - [  2048,      1,      1,      1], type =    f32, size =    0.008 MiB
[ 296/ 733] blk.16.attn_gate.weight              - [  2048,   4096,      1,      1], type =   q4_K, size =    4.500 MiB
[ 297/ 733] blk.16.attn_norm.weight              - [  2048,      1,      1,      1], type =    f32, size =    0.008 MiB
[ 298/ 733] blk.16.attn_qkv.weight               - [  2048,   8192,      1,      1], type =   q6_K, size =   13.125 MiB
[ 299/ 733] blk.16.ffn_down_exps.weight          - [   512,   2048,    256,      1], type =   q6_K, size =  210.000 MiB
[ 300/ 733] blk.16.ffn_down_shexp.weight         - [   512,   2048,      1,      1], type =   q6_K, size =    0.820 MiB
[ 301/ 733] blk.16.ffn_gate_exps.weight          - [  2048,    512,    256,      1], type =   q4_K, size =  144.000 MiB
[ 302/ 733] blk.16.ffn_gate_inp.weight           - [  2048,    256,      1,      1], type =    f32, size =    2.000 MiB
[ 303/ 733] blk.16.ffn_gate_inp_shexp.weight     - [  2048,      1,      1,      1], type =    f32, size =    0.008 MiB
[ 304/ 733] blk.16.ffn_gate_shexp.weight         - [  2048,    512,      1,      1], type =   q4_K, size =    0.562 MiB
[ 305/ 733] blk.16.ffn_up_exps.weight            - [  2048,    512,    256,      1], type =   q4_K, size =  144.000 MiB
[ 306/ 733] blk.16.ffn_up_shexp.weight           - [  2048,    512,      1,      1], type =   q4_K, size =    0.562 MiB
[ 307/ 733] blk.16.post_attention_norm.weight    - [  2048,      1,      1,      1], type =    f32, size =    0.008 MiB
[ 308/ 733] blk.16.ssm_a                         - [    32,      1,      1,      1], type =    f32, size =    0.000 MiB
[ 309/ 733] blk.16.ssm_alpha.weight              - [  2048,     32,      1,      1], type =   q4_K, size =    0.035 MiB
[ 310/ 733] blk.16.ssm_beta.weight               - [  2048,     32,      1,      1], type =   q4_K, size =    0.035 MiB
[ 311/ 733] blk.16.ssm_conv1d.weight             - [     4,   8192,      1,      1], type =    f32, size =    0.125 MiB
[ 312/ 733] blk.16.ssm_dt.bias                   - [    32,      1,      1,      1], type =    f32, size =    0.000 MiB
[ 313/ 733] blk.16.ssm_norm.weight               - [   128,      1,      1,      1], type =    f32, size =    0.000 MiB
[ 314/ 733] blk.16.ssm_out.weight                - [  4096,   2048,      1,      1], type =   q4_K, size =    4.500 MiB
[ 315/ 733] blk.17.attn_gate.weight              - [  2048,   4096,      1,      1], type =   q4_K, size =    4.500 MiB
[ 316/ 733] blk.17.attn_norm.weight              - [  2048,      1,      1,      1], type =    f32, size =    0.008 MiB
[ 317/ 733] blk.17.attn_qkv.weight               - [  2048,   8192,      1,      1], type =   q4_K, size =    9.000 MiB
[ 318/ 733] blk.17.ffn_down_exps.weight          - [   512,   2048,    256,      1], type =   q4_K, size =  144.000 MiB
[ 319/ 733] blk.17.ffn_down_shexp.weight         - [   512,   2048,      1,      1], type =   q4_K, size =    0.562 MiB
[ 320/ 733] blk.17.ffn_gate_exps.weight          - [  2048,    512,    256,      1], type =   q4_K, size =  144.000 MiB
[ 321/ 733] blk.17.ffn_gate_inp.weight           - [  2048,    256,      1,      1], type =    f32, size =    2.000 MiB
[ 322/ 733] blk.17.ffn_gate_inp_shexp.weight     - [  2048,      1,      1,      1], type =    f32, size =    0.008 MiB
[ 323/ 733] blk.17.ffn_gate_shexp.weight         - [  2048,    512,      1,      1], type =   q4_K, size =    0.562 MiB
[ 324/ 733] blk.17.ffn_up_exps.weight            - [  2048,    512,    256,      1], type =   q4_K, size =  144.000 MiB
[ 325/ 733] blk.17.ffn_up_shexp.weight           - [  2048,    512,      1,      1], type =   q4_K, size =    0.562 MiB
[ 326/ 733] blk.17.post_attention_norm.weight    - [  2048,      1,      1,      1], type =    f32, size =    0.008 MiB
[ 327/ 733] blk.17.ssm_a                         - [    32,      1,      1,      1], type =    f32, size =    0.000 MiB
[ 328/ 733] blk.17.ssm_alpha.weight              - [  2048,     32,      1,      1], type =   q4_K, size =    0.035 MiB
[ 329/ 733] blk.17.ssm_beta.weight               - [  2048,     32,      1,      1], type =   q4_K, size =    0.035 MiB
[ 330/ 733] blk.17.ssm_conv1d.weight             - [     4,   8192,      1,      1], type =    f32, size =    0.125 MiB
[ 331/ 733] blk.17.ssm_dt.bias                   - [    32,      1,      1,      1], type =    f32, size =    0.000 MiB
[ 332/ 733] blk.17.ssm_norm.weight               - [   128,      1,      1,      1], type =    f32, size =    0.000 MiB
[ 333/ 733] blk.17.ssm_out.weight                - [  4096,   2048,      1,      1], type =   q4_K, size =    4.500 MiB
[ 334/ 733] blk.18.attn_gate.weight              - [  2048,   4096,      1,      1], type =   q4_K, size =    4.500 MiB
[ 335/ 733] blk.18.attn_norm.weight              - [  2048,      1,      1,      1], type =    f32, size =    0.008 MiB
[ 336/ 733] blk.18.attn_qkv.weight               - [  2048,   8192,      1,      1], type =   q4_K, size =    9.000 MiB
[ 337/ 733] blk.18.ffn_down_exps.weight          - [   512,   2048,    256,      1], type =   q4_K, size =  144.000 MiB
[ 338/ 733] blk.18.ffn_down_shexp.weight         - [   512,   2048,      1,      1], type =   q4_K, size =    0.562 MiB
[ 339/ 733] blk.18.ffn_gate_exps.weight          - [  2048,    512,    256,      1], type =   q4_K, size =  144.000 MiB
[ 340/ 733] blk.18.ffn_gate_inp.weight           - [  2048,    256,      1,      1], type =    f32, size =    2.000 MiB
[ 341/ 733] blk.18.ffn_gate_inp_shexp.weight     - [  2048,      1,      1,      1], type =    f32, size =    0.008 MiB
[ 342/ 733] blk.18.ffn_gate_shexp.weight         - [  2048,    512,      1,      1], type =   q4_K, size =    0.562 MiB
[ 343/ 733] blk.18.ffn_up_exps.weight            - [  2048,    512,    256,      1], type =   q4_K, size =  144.000 MiB
[ 344/ 733] blk.18.ffn_up_shexp.weight           - [  2048,    512,      1,      1], type =   q4_K, size =    0.562 MiB
[ 345/ 733] blk.18.post_attention_norm.weight    - [  2048,      1,      1,      1], type =    f32, size =    0.008 MiB
[ 346/ 733] blk.18.ssm_a                         - [    32,      1,      1,      1], type =    f32, size =    0.000 MiB
[ 347/ 733] blk.18.ssm_alpha.weight              - [  2048,     32,      1,      1], type =   q4_K, size =    0.035 MiB
[ 348/ 733] blk.18.ssm_beta.weight               - [  2048,     32,      1,      1], type =   q4_K, size =    0.035 MiB
[ 349/ 733] blk.18.ssm_conv1d.weight             - [     4,   8192,      1,      1], type =    f32, size =    0.125 MiB
[ 350/ 733] blk.18.ssm_dt.bias                   - [    32,      1,      1,      1], type =    f32, size =    0.000 MiB
[ 351/ 733] blk.18.ssm_norm.weight               - [   128,      1,      1,      1], type =    f32, size =    0.000 MiB
[ 352/ 733] blk.18.ssm_out.weight                - [  4096,   2048,      1,      1], type =   q4_K, size =    4.500 MiB
[ 353/ 733] blk.19.attn_k.weight                 - [  2048,    512,      1,      1], type =   q4_K, size =    0.562 MiB
[ 354/ 733] blk.19.attn_k_norm.weight            - [   256,      1,      1,      1], type =    f32, size =    0.001 MiB
[ 355/ 733] blk.19.attn_norm.weight              - [  2048,      1,      1,      1], type =    f32, size =    0.008 MiB
[ 356/ 733] blk.19.attn_output.weight            - [  4096,   2048,      1,      1], type =   q4_K, size =    4.500 MiB
[ 357/ 733] blk.19.attn_q.weight                 - [  2048,   8192,      1,      1], type =   q4_K, size =    9.000 MiB
[ 358/ 733] blk.19.attn_q_norm.weight            - [   256,      1,      1,      1], type =    f32, size =    0.001 MiB
[ 359/ 733] blk.19.attn_v.weight                 - [  2048,    512,      1,      1], type =   q6_K, size =    0.820 MiB
[ 360/ 733] blk.19.ffn_down_exps.weight          - [   512,   2048,    256,      1], type =   q6_K, size =  210.000 MiB
[ 361/ 733] blk.19.ffn_down_shexp.weight         - [   512,   2048,      1,      1], type =   q6_K, size =    0.820 MiB
[ 362/ 733] blk.19.ffn_gate_exps.weight          - [  2048,    512,    256,      1], type =   q4_K, size =  144.000 MiB
[ 363/ 733] blk.19.ffn_gate_inp.weight           - [  2048,    256,      1,      1], type =    f32, size =    2.000 MiB
[ 364/ 733] blk.19.ffn_gate_inp_shexp.weight     - [  2048,      1,      1,      1], type =    f32, size =    0.008 MiB
[ 365/ 733] blk.19.ffn_gate_shexp.weight         - [  2048,    512,      1,      1], type =   q4_K, size =    0.562 MiB
[ 366/ 733] blk.19.ffn_up_exps.weight            - [  2048,    512,    256,      1], type =   q4_K, size =  144.000 MiB
[ 367/ 733] blk.19.ffn_up_shexp.weight           - [  2048,    512,      1,      1], type =   q4_K, size =    0.562 MiB
[ 368/ 733] blk.19.post_attention_norm.weight    - [  2048,      1,      1,      1], type =    f32, size =    0.008 MiB
[ 369/ 733] blk.20.attn_gate.weight              - [  2048,   4096,      1,      1], type =   q4_K, size =    4.500 MiB
[ 370/ 733] blk.20.attn_norm.weight              - [  2048,      1,      1,      1], type =    f32, size =    0.008 MiB
[ 371/ 733] blk.20.attn_qkv.weight               - [  2048,   8192,      1,      1], type =   q4_K, size =    9.000 MiB
[ 372/ 733] blk.20.ffn_down_exps.weight          - [   512,   2048,    256,      1], type =   q4_K, size =  144.000 MiB
[ 373/ 733] blk.20.ffn_down_shexp.weight         - [   512,   2048,      1,      1], type =   q4_K, size =    0.562 MiB
[ 374/ 733] blk.20.ffn_gate_exps.weight          - [  2048,    512,    256,      1], type =   q4_K, size =  144.000 MiB
[ 375/ 733] blk.20.ffn_gate_inp.weight           - [  2048,    256,      1,      1], type =    f32, size =    2.000 MiB
[ 376/ 733] blk.20.ffn_gate_inp_shexp.weight     - [  2048,      1,      1,      1], type =    f32, size =    0.008 MiB
[ 377/ 733] blk.20.ffn_gate_shexp.weight         - [  2048,    512,      1,      1], type =   q4_K, size =    0.562 MiB
[ 378/ 733] blk.20.ffn_up_exps.weight            - [  2048,    512,    256,      1], type =   q4_K, size =  144.000 MiB
[ 379/ 733] blk.20.ffn_up_shexp.weight           - [  2048,    512,      1,      1], type =   q4_K, size =    0.562 MiB
[ 380/ 733] blk.20.post_attention_norm.weight    - [  2048,      1,      1,      1], type =    f32, size =    0.008 MiB
[ 381/ 733] blk.20.ssm_a                         - [    32,      1,      1,      1], type =    f32, size =    0.000 MiB
[ 382/ 733] blk.20.ssm_alpha.weight              - [  2048,     32,      1,      1], type =   q4_K, size =    0.035 MiB
[ 383/ 733] blk.20.ssm_beta.weight               - [  2048,     32,      1,      1], type =   q4_K, size =    0.035 MiB
[ 384/ 733] blk.20.ssm_conv1d.weight             - [     4,   8192,      1,      1], type =    f32, size =    0.125 MiB
[ 385/ 733] blk.20.ssm_dt.bias                   - [    32,      1,      1,      1], type =    f32, size =    0.000 MiB
[ 386/ 733] blk.20.ssm_norm.weight               - [   128,      1,      1,      1], type =    f32, size =    0.000 MiB
[ 387/ 733] blk.20.ssm_out.weight                - [  4096,   2048,      1,      1], type =   q4_K, size =    4.500 MiB
[ 388/ 733] blk.21.attn_gate.weight              - [  2048,   4096,      1,      1], type =   q4_K, size =    4.500 MiB
[ 389/ 733] blk.21.attn_norm.weight              - [  2048,      1,      1,      1], type =    f32, size =    0.008 MiB
[ 390/ 733] blk.21.attn_qkv.weight               - [  2048,   8192,      1,      1], type =   q4_K, size =    9.000 MiB
[ 391/ 733] blk.21.ffn_down_exps.weight          - [   512,   2048,    256,      1], type =   q4_K, size =  144.000 MiB
[ 392/ 733] blk.21.ffn_down_shexp.weight         - [   512,   2048,      1,      1], type =   q4_K, size =    0.562 MiB
[ 393/ 733] blk.21.ffn_gate_exps.weight          - [  2048,    512,    256,      1], type =   q4_K, size =  144.000 MiB
[ 394/ 733] blk.21.ffn_gate_inp.weight           - [  2048,    256,      1,      1], type =    f32, size =    2.000 MiB
[ 395/ 733] blk.21.ffn_gate_inp_shexp.weight     - [  2048,      1,      1,      1], type =    f32, size =    0.008 MiB
[ 396/ 733] blk.21.ffn_gate_shexp.weight         - [  2048,    512,      1,      1], type =   q4_K, size =    0.562 MiB
[ 397/ 733] blk.21.ffn_up_exps.weight            - [  2048,    512,    256,      1], type =   q4_K, size =  144.000 MiB
[ 398/ 733] blk.21.ffn_up_shexp.weight           - [  2048,    512,      1,      1], type =   q4_K, size =    0.562 MiB
[ 399/ 733] blk.21.post_attention_norm.weight    - [  2048,      1,      1,      1], type =    f32, size =    0.008 MiB
[ 400/ 733] blk.21.ssm_a                         - [    32,      1,      1,      1], type =    f32, size =    0.000 MiB
[ 401/ 733] blk.21.ssm_alpha.weight              - [  2048,     32,      1,      1], type =   q4_K, size =    0.035 MiB
[ 402/ 733] blk.21.ssm_beta.weight               - [  2048,     32,      1,      1], type =   q4_K, size =    0.035 MiB
[ 403/ 733] blk.21.ssm_conv1d.weight             - [     4,   8192,      1,      1], type =    f32, size =    0.125 MiB
[ 404/ 733] blk.21.ssm_dt.bias                   - [    32,      1,      1,      1], type =    f32, size =    0.000 MiB
[ 405/ 733] blk.21.ssm_norm.weight               - [   128,      1,      1,      1], type =    f32, size =    0.000 MiB
[ 406/ 733] blk.21.ssm_out.weight                - [  4096,   2048,      1,      1], type =   q4_K, size =    4.500 MiB
[ 407/ 733] blk.22.attn_gate.weight              - [  2048,   4096,      1,      1], type =   q4_K, size =    4.500 MiB
[ 408/ 733] blk.22.attn_norm.weight              - [  2048,      1,      1,      1], type =    f32, size =    0.008 MiB
[ 409/ 733] blk.22.attn_qkv.weight               - [  2048,   8192,      1,      1], type =   q6_K, size =   13.125 MiB
[ 410/ 733] blk.22.ffn_down_exps.weight          - [   512,   2048,    256,      1], type =   q6_K, size =  210.000 MiB
[ 411/ 733] blk.22.ffn_down_shexp.weight         - [   512,   2048,      1,      1], type =   q6_K, size =    0.820 MiB
[ 412/ 733] blk.22.ffn_gate_exps.weight          - [  2048,    512,    256,      1], type =   q4_K, size =  144.000 MiB
[ 413/ 733] blk.22.ffn_gate_inp.weight           - [  2048,    256,      1,      1], type =    f32, size =    2.000 MiB
[ 414/ 733] blk.22.ffn_gate_inp_shexp.weight     - [  2048,      1,      1,      1], type =    f32, size =    0.008 MiB
[ 415/ 733] blk.22.ffn_gate_shexp.weight         - [  2048,    512,      1,      1], type =   q4_K, size =    0.562 MiB
[ 416/ 733] blk.22.ffn_up_exps.weight            - [  2048,    512,    256,      1], type =   q4_K, size =  144.000 MiB
[ 417/ 733] blk.22.ffn_up_shexp.weight           - [  2048,    512,      1,      1], type =   q4_K, size =    0.562 MiB
[ 418/ 733] blk.22.post_attention_norm.weight    - [  2048,      1,      1,      1], type =    f32, size =    0.008 MiB
[ 419/ 733] blk.22.ssm_a                         - [    32,      1,      1,      1], type =    f32, size =    0.000 MiB
[ 420/ 733] blk.22.ssm_alpha.weight              - [  2048,     32,      1,      1], type =   q4_K, size =    0.035 MiB
[ 421/ 733] blk.22.ssm_beta.weight               - [  2048,     32,      1,      1], type =   q4_K, size =    0.035 MiB
[ 422/ 733] blk.22.ssm_conv1d.weight             - [     4,   8192,      1,      1], type =    f32, size =    0.125 MiB
[ 423/ 733] blk.22.ssm_dt.bias                   - [    32,      1,      1,      1], type =    f32, size =    0.000 MiB
[ 424/ 733] blk.22.ssm_norm.weight               - [   128,      1,      1,      1], type =    f32, size =    0.000 MiB
[ 425/ 733] blk.22.ssm_out.weight                - [  4096,   2048,      1,      1], type =   q4_K, size =    4.500 MiB
[ 426/ 733] blk.23.attn_k.weight                 - [  2048,    512,      1,      1], type =   q4_K, size =    0.562 MiB
[ 427/ 733] blk.23.attn_k_norm.weight            - [   256,      1,      1,      1], type =    f32, size =    0.001 MiB
[ 428/ 733] blk.23.attn_norm.weight              - [  2048,      1,      1,      1], type =    f32, size =    0.008 MiB
[ 429/ 733] blk.23.attn_output.weight            - [  4096,   2048,      1,      1], type =   q4_K, size =    4.500 MiB
[ 430/ 733] blk.23.attn_q.weight                 - [  2048,   8192,      1,      1], type =   q4_K, size =    9.000 MiB
[ 431/ 733] blk.23.attn_q_norm.weight            - [   256,      1,      1,      1], type =    f32, size =    0.001 MiB
[ 432/ 733] blk.23.attn_v.weight                 - [  2048,    512,      1,      1], type =   q4_K, size =    0.562 MiB
[ 433/ 733] blk.23.ffn_down_exps.weight          - [   512,   2048,    256,      1], type =   q4_K, size =  144.000 MiB
[ 434/ 733] blk.23.ffn_down_shexp.weight         - [   512,   2048,      1,      1], type =   q4_K, size =    0.562 MiB
[ 435/ 733] blk.23.ffn_gate_exps.weight          - [  2048,    512,    256,      1], type =   q4_K, size =  144.000 MiB
[ 436/ 733] blk.23.ffn_gate_inp.weight           - [  2048,    256,      1,      1], type =    f32, size =    2.000 MiB
[ 437/ 733] blk.23.ffn_gate_inp_shexp.weight     - [  2048,      1,      1,      1], type =    f32, size =    0.008 MiB
[ 438/ 733] blk.23.ffn_gate_shexp.weight         - [  2048,    512,      1,      1], type =   q4_K, size =    0.562 MiB
[ 439/ 733] blk.23.ffn_up_exps.weight            - [  2048,    512,    256,      1], type =   q4_K, size =  144.000 MiB
[ 440/ 733] blk.23.ffn_up_shexp.weight           - [  2048,    512,      1,      1], type =   q4_K, size =    0.562 MiB
[ 441/ 733] blk.23.post_attention_norm.weight    - [  2048,      1,      1,      1], type =    f32, size =    0.008 MiB
[ 442/ 733] blk.24.attn_gate.weight              - [  2048,   4096,      1,      1], type =   q4_K, size =    4.500 MiB
[ 443/ 733] blk.24.attn_norm.weight              - [  2048,      1,      1,      1], type =    f32, size =    0.008 MiB
[ 444/ 733] blk.24.attn_qkv.weight               - [  2048,   8192,      1,      1], type =   q4_K, size =    9.000 MiB
[ 445/ 733] blk.24.ffn_down_exps.weight          - [   512,   2048,    256,      1], type =   q4_K, size =  144.000 MiB
[ 446/ 733] blk.24.ffn_down_shexp.weight         - [   512,   2048,      1,      1], type =   q4_K, size =    0.562 MiB
[ 447/ 733] blk.24.ffn_gate_exps.weight          - [  2048,    512,    256,      1], type =   q4_K, size =  144.000 MiB
[ 448/ 733] blk.24.ffn_gate_inp.weight           - [  2048,    256,      1,      1], type =    f32, size =    2.000 MiB
[ 449/ 733] blk.24.ffn_gate_inp_shexp.weight     - [  2048,      1,      1,      1], type =    f32, size =    0.008 MiB
[ 450/ 733] blk.24.ffn_gate_shexp.weight         - [  2048,    512,      1,      1], type =   q4_K, size =    0.562 MiB
[ 451/ 733] blk.24.ffn_up_exps.weight            - [  2048,    512,    256,      1], type =   q4_K, size =  144.000 MiB
[ 452/ 733] blk.24.ffn_up_shexp.weight           - [  2048,    512,      1,      1], type =   q4_K, size =    0.562 MiB
[ 453/ 733] blk.24.post_attention_norm.weight    - [  2048,      1,      1,      1], type =    f32, size =    0.008 MiB
[ 454/ 733] blk.24.ssm_a                         - [    32,      1,      1,      1], type =    f32, size =    0.000 MiB
[ 455/ 733] blk.24.ssm_alpha.weight              - [  2048,     32,      1,      1], type =   q4_K, size =    0.035 MiB
[ 456/ 733] blk.24.ssm_beta.weight               - [  2048,     32,      1,      1], type =   q4_K, size =    0.035 MiB
[ 457/ 733] blk.24.ssm_conv1d.weight             - [     4,   8192,      1,      1], type =    f32, size =    0.125 MiB
[ 458/ 733] blk.24.ssm_dt.bias                   - [    32,      1,      1,      1], type =    f32, size =    0.000 MiB
[ 459/ 733] blk.24.ssm_norm.weight               - [   128,      1,      1,      1], type =    f32, size =    0.000 MiB
[ 460/ 733] blk.24.ssm_out.weight                - [  4096,   2048,      1,      1], type =   q4_K, size =    4.500 MiB
[ 461/ 733] blk.25.attn_gate.weight              - [  2048,   4096,      1,      1], type =   q4_K, size =    4.500 MiB
[ 462/ 733] blk.25.attn_norm.weight              - [  2048,      1,      1,      1], type =    f32, size =    0.008 MiB
[ 463/ 733] blk.25.attn_qkv.weight               - [  2048,   8192,      1,      1], type =   q6_K, size =   13.125 MiB
[ 464/ 733] blk.25.ffn_down_exps.weight          - [   512,   2048,    256,      1], type =   q6_K, size =  210.000 MiB
[ 465/ 733] blk.25.ffn_down_shexp.weight         - [   512,   2048,      1,      1], type =   q6_K, size =    0.820 MiB
[ 466/ 733] blk.25.ffn_gate_exps.weight          - [  2048,    512,    256,      1], type =   q4_K, size =  144.000 MiB
[ 467/ 733] blk.25.ffn_gate_inp.weight           - [  2048,    256,      1,      1], type =    f32, size =    2.000 MiB
[ 468/ 733] blk.25.ffn_gate_inp_shexp.weight     - [  2048,      1,      1,      1], type =    f32, size =    0.008 MiB
[ 469/ 733] blk.25.ffn_gate_shexp.weight         - [  2048,    512,      1,      1], type =   q4_K, size =    0.562 MiB
[ 470/ 733] blk.25.ffn_up_exps.weight            - [  2048,    512,    256,      1], type =   q4_K, size =  144.000 MiB
[ 471/ 733] blk.25.ffn_up_shexp.weight           - [  2048,    512,      1,      1], type =   q4_K, size =    0.562 MiB
[ 472/ 733] blk.25.post_attention_norm.weight    - [  2048,      1,      1,      1], type =    f32, size =    0.008 MiB
[ 473/ 733] blk.25.ssm_a                         - [    32,      1,      1,      1], type =    f32, size =    0.000 MiB
[ 474/ 733] blk.25.ssm_alpha.weight              - [  2048,     32,      1,      1], type =   q4_K, size =    0.035 MiB
[ 475/ 733] blk.25.ssm_beta.weight               - [  2048,     32,      1,      1], type =   q4_K, size =    0.035 MiB
[ 476/ 733] blk.25.ssm_conv1d.weight             - [     4,   8192,      1,      1], type =    f32, size =    0.125 MiB
[ 477/ 733] blk.25.ssm_dt.bias                   - [    32,      1,      1,      1], type =    f32, size =    0.000 MiB
[ 478/ 733] blk.25.ssm_norm.weight               - [   128,      1,      1,      1], type =    f32, size =    0.000 MiB
[ 479/ 733] blk.25.ssm_out.weight                - [  4096,   2048,      1,      1], type =   q4_K, size =    4.500 MiB
[ 480/ 733] blk.26.attn_gate.weight              - [  2048,   4096,      1,      1], type =   q4_K, size =    4.500 MiB
[ 481/ 733] blk.26.attn_norm.weight              - [  2048,      1,      1,      1], type =    f32, size =    0.008 MiB
[ 482/ 733] blk.26.attn_qkv.weight               - [  2048,   8192,      1,      1], type =   q4_K, size =    9.000 MiB
[ 483/ 733] blk.26.ffn_down_exps.weight          - [   512,   2048,    256,      1], type =   q4_K, size =  144.000 MiB
[ 484/ 733] blk.26.ffn_down_shexp.weight         - [   512,   2048,      1,      1], type =   q4_K, size =    0.562 MiB
[ 485/ 733] blk.26.ffn_gate_exps.weight          - [  2048,    512,    256,      1], type =   q4_K, size =  144.000 MiB
[ 486/ 733] blk.26.ffn_gate_inp.weight           - [  2048,    256,      1,      1], type =    f32, size =    2.000 MiB
[ 487/ 733] blk.26.ffn_gate_inp_shexp.weight     - [  2048,      1,      1,      1], type =    f32, size =    0.008 MiB
[ 488/ 733] blk.26.ffn_gate_shexp.weight         - [  2048,    512,      1,      1], type =   q4_K, size =    0.562 MiB
[ 489/ 733] blk.26.ffn_up_exps.weight            - [  2048,    512,    256,      1], type =   q4_K, size =  144.000 MiB
[ 490/ 733] blk.26.ffn_up_shexp.weight           - [  2048,    512,      1,      1], type =   q4_K, size =    0.562 MiB
[ 491/ 733] blk.26.post_attention_norm.weight    - [  2048,      1,      1,      1], type =    f32, size =    0.008 MiB
[ 492/ 733] blk.26.ssm_a                         - [    32,      1,      1,      1], type =    f32, size =    0.000 MiB
[ 493/ 733] blk.26.ssm_alpha.weight              - [  2048,     32,      1,      1], type =   q4_K, size =    0.035 MiB
[ 494/ 733] blk.26.ssm_beta.weight               - [  2048,     32,      1,      1], type =   q4_K, size =    0.035 MiB
[ 495/ 733] blk.26.ssm_conv1d.weight             - [     4,   8192,      1,      1], type =    f32, size =    0.125 MiB
[ 496/ 733] blk.26.ssm_dt.bias                   - [    32,      1,      1,      1], type =    f32, size =    0.000 MiB
[ 497/ 733] blk.26.ssm_norm.weight               - [   128,      1,      1,      1], type =    f32, size =    0.000 MiB
[ 498/ 733] blk.26.ssm_out.weight                - [  4096,   2048,      1,      1], type =   q4_K, size =    4.500 MiB
[ 499/ 733] blk.27.attn_k.weight                 - [  2048,    512,      1,      1], type =   q4_K, size =    0.562 MiB
[ 500/ 733] blk.27.attn_k_norm.weight            - [   256,      1,      1,      1], type =    f32, size =    0.001 MiB
[ 501/ 733] blk.27.attn_norm.weight              - [  2048,      1,      1,      1], type =    f32, size =    0.008 MiB
[ 502/ 733] blk.27.attn_output.weight            - [  4096,   2048,      1,      1], type =   q4_K, size =    4.500 MiB
[ 503/ 733] blk.27.attn_q.weight                 - [  2048,   8192,      1,      1], type =   q4_K, size =    9.000 MiB
[ 504/ 733] blk.27.attn_q_norm.weight            - [   256,      1,      1,      1], type =    f32, size =    0.001 MiB
[ 505/ 733] blk.27.attn_v.weight                 - [  2048,    512,      1,      1], type =   q4_K, size =    0.562 MiB
[ 506/ 733] blk.27.ffn_down_exps.weight          - [   512,   2048,    256,      1], type =   q4_K, size =  144.000 MiB
[ 507/ 733] blk.27.ffn_down_shexp.weight         - [   512,   2048,      1,      1], type =   q4_K, size =    0.562 MiB
[ 508/ 733] blk.27.ffn_gate_exps.weight          - [  2048,    512,    256,      1], type =   q4_K, size =  144.000 MiB
[ 509/ 733] blk.27.ffn_gate_inp.weight           - [  2048,    256,      1,      1], type =    f32, size =    2.000 MiB
[ 510/ 733] blk.27.ffn_gate_inp_shexp.weight     - [  2048,      1,      1,      1], type =    f32, size =    0.008 MiB
[ 511/ 733] blk.27.ffn_gate_shexp.weight         - [  2048,    512,      1,      1], type =   q4_K, size =    0.562 MiB
[ 512/ 733] blk.27.ffn_up_exps.weight            - [  2048,    512,    256,      1], type =   q4_K, size =  144.000 MiB
[ 513/ 733] blk.27.ffn_up_shexp.weight           - [  2048,    512,      1,      1], type =   q4_K, size =    0.562 MiB
[ 514/ 733] blk.27.post_attention_norm.weight    - [  2048,      1,      1,      1], type =    f32, size =    0.008 MiB
[ 515/ 733] blk.28.attn_gate.weight              - [  2048,   4096,      1,      1], type =   q4_K, size =    4.500 MiB
[ 516/ 733] blk.28.attn_norm.weight              - [  2048,      1,      1,      1], type =    f32, size =    0.008 MiB
[ 517/ 733] blk.28.attn_qkv.weight               - [  2048,   8192,      1,      1], type =   q6_K, size =   13.125 MiB
[ 518/ 733] blk.28.ffn_down_exps.weight          - [   512,   2048,    256,      1], type =   q6_K, size =  210.000 MiB
[ 519/ 733] blk.28.ffn_down_shexp.weight         - [   512,   2048,      1,      1], type =   q6_K, size =    0.820 MiB
[ 520/ 733] blk.28.ffn_gate_exps.weight          - [  2048,    512,    256,      1], type =   q4_K, size =  144.000 MiB
[ 521/ 733] blk.28.ffn_gate_inp.weight           - [  2048,    256,      1,      1], type =    f32, size =    2.000 MiB
[ 522/ 733] blk.28.ffn_gate_inp_shexp.weight     - [  2048,      1,      1,      1], type =    f32, size =    0.008 MiB
[ 523/ 733] blk.28.ffn_gate_shexp.weight         - [  2048,    512,      1,      1], type =   q4_K, size =    0.562 MiB
[ 524/ 733] blk.28.ffn_up_exps.weight            - [  2048,    512,    256,      1], type =   q4_K, size =  144.000 MiB
[ 525/ 733] blk.28.ffn_up_shexp.weight           - [  2048,    512,      1,      1], type =   q4_K, size =    0.562 MiB
[ 526/ 733] blk.28.post_attention_norm.weight    - [  2048,      1,      1,      1], type =    f32, size =    0.008 MiB
[ 527/ 733] blk.28.ssm_a                         - [    32,      1,      1,      1], type =    f32, size =    0.000 MiB
[ 528/ 733] blk.28.ssm_alpha.weight              - [  2048,     32,      1,      1], type =   q4_K, size =    0.035 MiB
[ 529/ 733] blk.28.ssm_beta.weight               - [  2048,     32,      1,      1], type =   q4_K, size =    0.035 MiB
[ 530/ 733] blk.28.ssm_conv1d.weight             - [     4,   8192,      1,      1], type =    f32, size =    0.125 MiB
[ 531/ 733] blk.28.ssm_dt.bias                   - [    32,      1,      1,      1], type =    f32, size =    0.000 MiB
[ 532/ 733] blk.28.ssm_norm.weight               - [   128,      1,      1,      1], type =    f32, size =    0.000 MiB
[ 533/ 733] blk.28.ssm_out.weight                - [  4096,   2048,      1,      1], type =   q4_K, size =    4.500 MiB
[ 534/ 733] blk.29.attn_gate.weight              - [  2048,   4096,      1,      1], type =   q4_K, size =    4.500 MiB
[ 535/ 733] blk.29.attn_norm.weight              - [  2048,      1,      1,      1], type =    f32, size =    0.008 MiB
[ 536/ 733] blk.29.attn_qkv.weight               - [  2048,   8192,      1,      1], type =   q4_K, size =    9.000 MiB
[ 537/ 733] blk.29.ffn_down_exps.weight          - [   512,   2048,    256,      1], type =   q4_K, size =  144.000 MiB
[ 538/ 733] blk.29.ffn_down_shexp.weight         - [   512,   2048,      1,      1], type =   q4_K, size =    0.562 MiB
[ 539/ 733] blk.29.ffn_gate_exps.weight          - [  2048,    512,    256,      1], type =   q4_K, size =  144.000 MiB
[ 540/ 733] blk.29.ffn_gate_inp.weight           - [  2048,    256,      1,      1], type =    f32, size =    2.000 MiB
[ 541/ 733] blk.29.ffn_gate_inp_shexp.weight     - [  2048,      1,      1,      1], type =    f32, size =    0.008 MiB
[ 542/ 733] blk.29.ffn_gate_shexp.weight         - [  2048,    512,      1,      1], type =   q4_K, size =    0.562 MiB
[ 543/ 733] blk.29.ffn_up_exps.weight            - [  2048,    512,    256,      1], type =   q4_K, size =  144.000 MiB
[ 544/ 733] blk.29.ffn_up_shexp.weight           - [  2048,    512,      1,      1], type =   q4_K, size =    0.562 MiB
[ 545/ 733] blk.29.post_attention_norm.weight    - [  2048,      1,      1,      1], type =    f32, size =    0.008 MiB
[ 546/ 733] blk.29.ssm_a                         - [    32,      1,      1,      1], type =    f32, size =    0.000 MiB
[ 547/ 733] blk.29.ssm_alpha.weight              - [  2048,     32,      1,      1], type =   q4_K, size =    0.035 MiB
[ 548/ 733] blk.29.ssm_beta.weight               - [  2048,     32,      1,      1], type =   q4_K, size =    0.035 MiB
[ 549/ 733] blk.29.ssm_conv1d.weight             - [     4,   8192,      1,      1], type =    f32, size =    0.125 MiB
[ 550/ 733] blk.29.ssm_dt.bias                   - [    32,      1,      1,      1], type =    f32, size =    0.000 MiB
[ 551/ 733] blk.29.ssm_norm.weight               - [   128,      1,      1,      1], type =    f32, size =    0.000 MiB
[ 552/ 733] blk.29.ssm_out.weight                - [  4096,   2048,      1,      1], type =   q4_K, size =    4.500 MiB
[ 553/ 733] blk.30.attn_gate.weight              - [  2048,   4096,      1,      1], type =   q4_K, size =    4.500 MiB
[ 554/ 733] blk.30.attn_norm.weight              - [  2048,      1,      1,      1], type =    f32, size =    0.008 MiB
[ 555/ 733] blk.30.attn_qkv.weight               - [  2048,   8192,      1,      1], type =   q4_K, size =    9.000 MiB
[ 556/ 733] blk.30.ffn_down_exps.weight          - [   512,   2048,    256,      1], type =   q4_K, size =  144.000 MiB
[ 557/ 733] blk.30.ffn_down_shexp.weight         - [   512,   2048,      1,      1], type =   q4_K, size =    0.562 MiB
[ 558/ 733] blk.30.ffn_gate_exps.weight          - [  2048,    512,    256,      1], type =   q4_K, size =  144.000 MiB
[ 559/ 733] blk.30.ffn_gate_inp.weight           - [  2048,    256,      1,      1], type =    f32, size =    2.000 MiB
[ 560/ 733] blk.30.ffn_gate_inp_shexp.weight     - [  2048,      1,      1,      1], type =    f32, size =    0.008 MiB
[ 561/ 733] blk.30.ffn_gate_shexp.weight         - [  2048,    512,      1,      1], type =   q4_K, size =    0.562 MiB
[ 562/ 733] blk.30.ffn_up_exps.weight            - [  2048,    512,    256,      1], type =   q4_K, size =  144.000 MiB
[ 563/ 733] blk.30.ffn_up_shexp.weight           - [  2048,    512,      1,      1], type =   q4_K, size =    0.562 MiB
[ 564/ 733] blk.30.post_attention_norm.weight    - [  2048,      1,      1,      1], type =    f32, size =    0.008 MiB
[ 565/ 733] blk.30.ssm_a                         - [    32,      1,      1,      1], type =    f32, size =    0.000 MiB
[ 566/ 733] blk.30.ssm_alpha.weight              - [  2048,     32,      1,      1], type =   q4_K, size =    0.035 MiB
[ 567/ 733] blk.30.ssm_beta.weight               - [  2048,     32,      1,      1], type =   q4_K, size =    0.035 MiB
[ 568/ 733] blk.30.ssm_conv1d.weight             - [     4,   8192,      1,      1], type =    f32, size =    0.125 MiB
[ 569/ 733] blk.30.ssm_dt.bias                   - [    32,      1,      1,      1], type =    f32, size =    0.000 MiB
[ 570/ 733] blk.30.ssm_norm.weight               - [   128,      1,      1,      1], type =    f32, size =    0.000 MiB
[ 571/ 733] blk.30.ssm_out.weight                - [  4096,   2048,      1,      1], type =   q4_K, size =    4.500 MiB
[ 572/ 733] blk.31.attn_k.weight                 - [  2048,    512,      1,      1], type =   q4_K, size =    0.562 MiB
[ 573/ 733] blk.31.attn_k_norm.weight            - [   256,      1,      1,      1], type =    f32, size =    0.001 MiB
[ 574/ 733] blk.31.attn_norm.weight              - [  2048,      1,      1,      1], type =    f32, size =    0.008 MiB
[ 575/ 733] blk.31.attn_output.weight            - [  4096,   2048,      1,      1], type =   q4_K, size =    4.500 MiB
[ 576/ 733] blk.31.attn_q.weight                 - [  2048,   8192,      1,      1], type =   q4_K, size =    9.000 MiB
[ 577/ 733] blk.31.attn_q_norm.weight            - [   256,      1,      1,      1], type =    f32, size =    0.001 MiB
[ 578/ 733] blk.31.attn_v.weight                 - [  2048,    512,      1,      1], type =   q6_K, size =    0.820 MiB
[ 579/ 733] blk.31.ffn_down_exps.weight          - [   512,   2048,    256,      1], type =   q6_K, size =  210.000 MiB
[ 580/ 733] blk.31.ffn_down_shexp.weight         - [   512,   2048,      1,      1], type =   q6_K, size =    0.820 MiB
[ 581/ 733] blk.31.ffn_gate_exps.weight          - [  2048,    512,    256,      1], type =   q4_K, size =  144.000 MiB
[ 582/ 733] blk.31.ffn_gate_inp.weight           - [  2048,    256,      1,      1], type =    f32, size =    2.000 MiB
[ 583/ 733] blk.31.ffn_gate_inp_shexp.weight     - [  2048,      1,      1,      1], type =    f32, size =    0.008 MiB
[ 584/ 733] blk.31.ffn_gate_shexp.weight         - [  2048,    512,      1,      1], type =   q4_K, size =    0.562 MiB
[ 585/ 733] blk.31.ffn_up_exps.weight            - [  2048,    512,    256,      1], type =   q4_K, size =  144.000 MiB
[ 586/ 733] blk.31.ffn_up_shexp.weight           - [  2048,    512,      1,      1], type =   q4_K, size =    0.562 MiB
[ 587/ 733] blk.31.post_attention_norm.weight    - [  2048,      1,      1,      1], type =    f32, size =    0.008 MiB
[ 588/ 733] blk.32.attn_gate.weight              - [  2048,   4096,      1,      1], type =   q4_K, size =    4.500 MiB
[ 589/ 733] blk.32.attn_norm.weight              - [  2048,      1,      1,      1], type =    f32, size =    0.008 MiB
[ 590/ 733] blk.32.attn_qkv.weight               - [  2048,   8192,      1,      1], type =   q4_K, size =    9.000 MiB
[ 591/ 733] blk.32.ffn_down_exps.weight          - [   512,   2048,    256,      1], type =   q4_K, size =  144.000 MiB
[ 592/ 733] blk.32.ffn_down_shexp.weight         - [   512,   2048,      1,      1], type =   q4_K, size =    0.562 MiB
[ 593/ 733] blk.32.ffn_gate_exps.weight          - [  2048,    512,    256,      1], type =   q4_K, size =  144.000 MiB
[ 594/ 733] blk.32.ffn_gate_inp.weight           - [  2048,    256,      1,      1], type =    f32, size =    2.000 MiB
[ 595/ 733] blk.32.ffn_gate_inp_shexp.weight     - [  2048,      1,      1,      1], type =    f32, size =    0.008 MiB
[ 596/ 733] blk.32.ffn_gate_shexp.weight         - [  2048,    512,      1,      1], type =   q4_K, size =    0.562 MiB
[ 597/ 733] blk.32.ffn_up_exps.weight            - [  2048,    512,    256,      1], type =   q4_K, size =  144.000 MiB
[ 598/ 733] blk.32.ffn_up_shexp.weight           - [  2048,    512,      1,      1], type =   q4_K, size =    0.562 MiB
[ 599/ 733] blk.32.post_attention_norm.weight    - [  2048,      1,      1,      1], type =    f32, size =    0.008 MiB
[ 600/ 733] blk.32.ssm_a                         - [    32,      1,      1,      1], type =    f32, size =    0.000 MiB
[ 601/ 733] blk.32.ssm_alpha.weight              - [  2048,     32,      1,      1], type =   q4_K, size =    0.035 MiB
[ 602/ 733] blk.32.ssm_beta.weight               - [  2048,     32,      1,      1], type =   q4_K, size =    0.035 MiB
[ 603/ 733] blk.32.ssm_conv1d.weight             - [     4,   8192,      1,      1], type =    f32, size =    0.125 MiB
[ 604/ 733] blk.32.ssm_dt.bias                   - [    32,      1,      1,      1], type =    f32, size =    0.000 MiB
[ 605/ 733] blk.32.ssm_norm.weight               - [   128,      1,      1,      1], type =    f32, size =    0.000 MiB
[ 606/ 733] blk.32.ssm_out.weight                - [  4096,   2048,      1,      1], type =   q4_K, size =    4.500 MiB
[ 607/ 733] blk.33.attn_gate.weight              - [  2048,   4096,      1,      1], type =   q4_K, size =    4.500 MiB
[ 608/ 733] blk.33.attn_norm.weight              - [  2048,      1,      1,      1], type =    f32, size =    0.008 MiB
[ 609/ 733] blk.33.attn_qkv.weight               - [  2048,   8192,      1,      1], type =   q4_K, size =    9.000 MiB
[ 610/ 733] blk.33.ffn_down_exps.weight          - [   512,   2048,    256,      1], type =   q4_K, size =  144.000 MiB
[ 611/ 733] blk.33.ffn_down_shexp.weight         - [   512,   2048,      1,      1], type =   q4_K, size =    0.562 MiB
[ 612/ 733] blk.33.ffn_gate_exps.weight          - [  2048,    512,    256,      1], type =   q4_K, size =  144.000 MiB
[ 613/ 733] blk.33.ffn_gate_inp.weight           - [  2048,    256,      1,      1], type =    f32, size =    2.000 MiB
[ 614/ 733] blk.33.ffn_gate_inp_shexp.weight     - [  2048,      1,      1,      1], type =    f32, size =    0.008 MiB
[ 615/ 733] blk.33.ffn_gate_shexp.weight         - [  2048,    512,      1,      1], type =   q4_K, size =    0.562 MiB
[ 616/ 733] blk.33.ffn_up_exps.weight            - [  2048,    512,    256,      1], type =   q4_K, size =  144.000 MiB
[ 617/ 733] blk.33.ffn_up_shexp.weight           - [  2048,    512,      1,      1], type =   q4_K, size =    0.562 MiB
[ 618/ 733] blk.33.post_attention_norm.weight    - [  2048,      1,      1,      1], type =    f32, size =    0.008 MiB
[ 619/ 733] blk.33.ssm_a                         - [    32,      1,      1,      1], type =    f32, size =    0.000 MiB
[ 620/ 733] blk.33.ssm_alpha.weight              - [  2048,     32,      1,      1], type =   q4_K, size =    0.035 MiB
[ 621/ 733] blk.33.ssm_beta.weight               - [  2048,     32,      1,      1], type =   q4_K, size =    0.035 MiB
[ 622/ 733] blk.33.ssm_conv1d.weight             - [     4,   8192,      1,      1], type =    f32, size =    0.125 MiB
[ 623/ 733] blk.33.ssm_dt.bias                   - [    32,      1,      1,      1], type =    f32, size =    0.000 MiB
[ 624/ 733] blk.33.ssm_norm.weight               - [   128,      1,      1,      1], type =    f32, size =    0.000 MiB
[ 625/ 733] blk.33.ssm_out.weight                - [  4096,   2048,      1,      1], type =   q4_K, size =    4.500 MiB
[ 626/ 733] blk.34.attn_gate.weight              - [  2048,   4096,      1,      1], type =   q4_K, size =    4.500 MiB
[ 627/ 733] blk.34.attn_norm.weight              - [  2048,      1,      1,      1], type =    f32, size =    0.008 MiB
[ 628/ 733] blk.34.attn_qkv.weight               - [  2048,   8192,      1,      1], type =   q6_K, size =   13.125 MiB
[ 629/ 733] blk.34.ffn_down_exps.weight          - [   512,   2048,    256,      1], type =   q6_K, size =  210.000 MiB
[ 630/ 733] blk.34.ffn_down_shexp.weight         - [   512,   2048,      1,      1], type =   q6_K, size =    0.820 MiB
[ 631/ 733] blk.34.ffn_gate_exps.weight          - [  2048,    512,    256,      1], type =   q4_K, size =  144.000 MiB
[ 632/ 733] blk.34.ffn_gate_inp.weight           - [  2048,    256,      1,      1], type =    f32, size =    2.000 MiB
[ 633/ 733] blk.34.ffn_gate_inp_shexp.weight     - [  2048,      1,      1,      1], type =    f32, size =    0.008 MiB
[ 634/ 733] blk.34.ffn_gate_shexp.weight         - [  2048,    512,      1,      1], type =   q4_K, size =    0.562 MiB
[ 635/ 733] blk.34.ffn_up_exps.weight            - [  2048,    512,    256,      1], type =   q4_K, size =  144.000 MiB
[ 636/ 733] blk.34.ffn_up_shexp.weight           - [  2048,    512,      1,      1], type =   q4_K, size =    0.562 MiB
[ 637/ 733] blk.34.post_attention_norm.weight    - [  2048,      1,      1,      1], type =    f32, size =    0.008 MiB
[ 638/ 733] blk.34.ssm_a                         - [    32,      1,      1,      1], type =    f32, size =    0.000 MiB
[ 639/ 733] blk.34.ssm_alpha.weight              - [  2048,     32,      1,      1], type =   q4_K, size =    0.035 MiB
[ 640/ 733] blk.34.ssm_beta.weight               - [  2048,     32,      1,      1], type =   q4_K, size =    0.035 MiB
[ 641/ 733] blk.34.ssm_conv1d.weight             - [     4,   8192,      1,      1], type =    f32, size =    0.125 MiB
[ 642/ 733] blk.34.ssm_dt.bias                   - [    32,      1,      1,      1], type =    f32, size =    0.000 MiB
[ 643/ 733] blk.34.ssm_norm.weight               - [   128,      1,      1,      1], type =    f32, size =    0.000 MiB
[ 644/ 733] blk.34.ssm_out.weight                - [  4096,   2048,      1,      1], type =   q4_K, size =    4.500 MiB
[ 645/ 733] blk.35.attn_k.weight                 - [  2048,    512,      1,      1], type =   q4_K, size =    0.562 MiB
[ 646/ 733] blk.35.attn_k_norm.weight            - [   256,      1,      1,      1], type =    f32, size =    0.001 MiB
[ 647/ 733] blk.35.attn_norm.weight              - [  2048,      1,      1,      1], type =    f32, size =    0.008 MiB
[ 648/ 733] blk.35.attn_output.weight            - [  4096,   2048,      1,      1], type =   q4_K, size =    4.500 MiB
[ 649/ 733] blk.35.attn_q.weight                 - [  2048,   8192,      1,      1], type =   q4_K, size =    9.000 MiB
[ 650/ 733] blk.35.attn_q_norm.weight            - [   256,      1,      1,      1], type =    f32, size =    0.001 MiB
[ 651/ 733] blk.35.attn_v.weight                 - [  2048,    512,      1,      1], type =   q6_K, size =    0.820 MiB
[ 652/ 733] blk.35.ffn_down_exps.weight          - [   512,   2048,    256,      1], type =   q6_K, size =  210.000 MiB
[ 653/ 733] blk.35.ffn_down_shexp.weight         - [   512,   2048,      1,      1], type =   q6_K, size =    0.820 MiB
[ 654/ 733] blk.35.ffn_gate_exps.weight          - [  2048,    512,    256,      1], type =   q4_K, size =  144.000 MiB
[ 655/ 733] blk.35.ffn_gate_inp.weight           - [  2048,    256,      1,      1], type =    f32, size =    2.000 MiB
[ 656/ 733] blk.35.ffn_gate_inp_shexp.weight     - [  2048,      1,      1,      1], type =    f32, size =    0.008 MiB
[ 657/ 733] blk.35.ffn_gate_shexp.weight         - [  2048,    512,      1,      1], type =   q4_K, size =    0.562 MiB
[ 658/ 733] blk.35.ffn_up_exps.weight            - [  2048,    512,    256,      1], type =   q4_K, size =  144.000 MiB
[ 659/ 733] blk.35.ffn_up_shexp.weight           - [  2048,    512,      1,      1], type =   q4_K, size =    0.562 MiB
[ 660/ 733] blk.35.post_attention_norm.weight    - [  2048,      1,      1,      1], type =    f32, size =    0.008 MiB
[ 661/ 733] blk.36.attn_gate.weight              - [  2048,   4096,      1,      1], type =   q4_K, size =    4.500 MiB
[ 662/ 733] blk.36.attn_norm.weight              - [  2048,      1,      1,      1], type =    f32, size =    0.008 MiB
[ 663/ 733] blk.36.attn_qkv.weight               - [  2048,   8192,      1,      1], type =   q6_K, size =   13.125 MiB
[ 664/ 733] blk.36.ffn_down_exps.weight          - [   512,   2048,    256,      1], type =   q6_K, size =  210.000 MiB
[ 665/ 733] blk.36.ffn_down_shexp.weight         - [   512,   2048,      1,      1], type =   q6_K, size =    0.820 MiB
[ 666/ 733] blk.36.ffn_gate_exps.weight          - [  2048,    512,    256,      1], type =   q4_K, size =  144.000 MiB
[ 667/ 733] blk.36.ffn_gate_inp.weight           - [  2048,    256,      1,      1], type =    f32, size =    2.000 MiB
[ 668/ 733] blk.36.ffn_gate_inp_shexp.weight     - [  2048,      1,      1,      1], type =    f32, size =    0.008 MiB
[ 669/ 733] blk.36.ffn_gate_shexp.weight         - [  2048,    512,      1,      1], type =   q4_K, size =    0.562 MiB
[ 670/ 733] blk.36.ffn_up_exps.weight            - [  2048,    512,    256,      1], type =   q4_K, size =  144.000 MiB
[ 671/ 733] blk.36.ffn_up_shexp.weight           - [  2048,    512,      1,      1], type =   q4_K, size =    0.562 MiB
[ 672/ 733] blk.36.post_attention_norm.weight    - [  2048,      1,      1,      1], type =    f32, size =    0.008 MiB
[ 673/ 733] blk.36.ssm_a                         - [    32,      1,      1,      1], type =    f32, size =    0.000 MiB
[ 674/ 733] blk.36.ssm_alpha.weight              - [  2048,     32,      1,      1], type =   q4_K, size =    0.035 MiB
[ 675/ 733] blk.36.ssm_beta.weight               - [  2048,     32,      1,      1], type =   q4_K, size =    0.035 MiB
[ 676/ 733] blk.36.ssm_conv1d.weight             - [     4,   8192,      1,      1], type =    f32, size =    0.125 MiB
[ 677/ 733] blk.36.ssm_dt.bias                   - [    32,      1,      1,      1], type =    f32, size =    0.000 MiB
[ 678/ 733] blk.36.ssm_norm.weight               - [   128,      1,      1,      1], type =    f32, size =    0.000 MiB
[ 679/ 733] blk.36.ssm_out.weight                - [  4096,   2048,      1,      1], type =   q4_K, size =    4.500 MiB
[ 680/ 733] blk.37.attn_gate.weight              - [  2048,   4096,      1,      1], type =   q4_K, size =    4.500 MiB
[ 681/ 733] blk.37.attn_norm.weight              - [  2048,      1,      1,      1], type =    f32, size =    0.008 MiB
[ 682/ 733] blk.37.attn_qkv.weight               - [  2048,   8192,      1,      1], type =   q6_K, size =   13.125 MiB
[ 683/ 733] blk.37.ffn_down_exps.weight          - [   512,   2048,    256,      1], type =   q6_K, size =  210.000 MiB
[ 684/ 733] blk.37.ffn_down_shexp.weight         - [   512,   2048,      1,      1], type =   q6_K, size =    0.820 MiB
[ 685/ 733] blk.37.ffn_gate_exps.weight          - [  2048,    512,    256,      1], type =   q4_K, size =  144.000 MiB
[ 686/ 733] blk.37.ffn_gate_inp.weight           - [  2048,    256,      1,      1], type =    f32, size =    2.000 MiB
[ 687/ 733] blk.37.ffn_gate_inp_shexp.weight     - [  2048,      1,      1,      1], type =    f32, size =    0.008 MiB
[ 688/ 733] blk.37.ffn_gate_shexp.weight         - [  2048,    512,      1,      1], type =   q4_K, size =    0.562 MiB
[ 689/ 733] blk.37.ffn_up_exps.weight            - [  2048,    512,    256,      1], type =   q4_K, size =  144.000 MiB
[ 690/ 733] blk.37.ffn_up_shexp.weight           - [  2048,    512,      1,      1], type =   q4_K, size =    0.562 MiB
[ 691/ 733] blk.37.post_attention_norm.weight    - [  2048,      1,      1,      1], type =    f32, size =    0.008 MiB
[ 692/ 733] blk.37.ssm_a                         - [    32,      1,      1,      1], type =    f32, size =    0.000 MiB
[ 693/ 733] blk.37.ssm_alpha.weight              - [  2048,     32,      1,      1], type =   q4_K, size =    0.035 MiB
[ 694/ 733] blk.37.ssm_beta.weight               - [  2048,     32,      1,      1], type =   q4_K, size =    0.035 MiB
[ 695/ 733] blk.37.ssm_conv1d.weight             - [     4,   8192,      1,      1], type =    f32, size =    0.125 MiB
[ 696/ 733] blk.37.ssm_dt.bias                   - [    32,      1,      1,      1], type =    f32, size =    0.000 MiB
[ 697/ 733] blk.37.ssm_norm.weight               - [   128,      1,      1,      1], type =    f32, size =    0.000 MiB
[ 698/ 733] blk.37.ssm_out.weight                - [  4096,   2048,      1,      1], type =   q4_K, size =    4.500 MiB
[ 699/ 733] blk.38.attn_gate.weight              - [  2048,   4096,      1,      1], type =   q4_K, size =    4.500 MiB
[ 700/ 733] blk.38.attn_norm.weight              - [  2048,      1,      1,      1], type =    f32, size =    0.008 MiB
[ 701/ 733] blk.38.attn_qkv.weight               - [  2048,   8192,      1,      1], type =   q6_K, size =   13.125 MiB
[ 702/ 733] blk.38.ffn_down_exps.weight          - [   512,   2048,    256,      1], type =   q6_K, size =  210.000 MiB
[ 703/ 733] blk.38.ffn_down_shexp.weight         - [   512,   2048,      1,      1], type =   q6_K, size =    0.820 MiB
[ 704/ 733] blk.38.ffn_gate_exps.weight          - [  2048,    512,    256,      1], type =   q4_K, size =  144.000 MiB
[ 705/ 733] blk.38.ffn_gate_inp.weight           - [  2048,    256,      1,      1], type =    f32, size =    2.000 MiB
[ 706/ 733] blk.38.ffn_gate_inp_shexp.weight     - [  2048,      1,      1,      1], type =    f32, size =    0.008 MiB
[ 707/ 733] blk.38.ffn_gate_shexp.weight         - [  2048,    512,      1,      1], type =   q4_K, size =    0.562 MiB
[ 708/ 733] blk.38.ffn_up_exps.weight            - [  2048,    512,    256,      1], type =   q4_K, size =  144.000 MiB
[ 709/ 733] blk.38.ffn_up_shexp.weight           - [  2048,    512,      1,      1], type =   q4_K, size =    0.562 MiB
[ 710/ 733] blk.38.post_attention_norm.weight    - [  2048,      1,      1,      1], type =    f32, size =    0.008 MiB
[ 711/ 733] blk.38.ssm_a                         - [    32,      1,      1,      1], type =    f32, size =    0.000 MiB
[ 712/ 733] blk.38.ssm_alpha.weight              - [  2048,     32,      1,      1], type =   q4_K, size =    0.035 MiB
[ 713/ 733] blk.38.ssm_beta.weight               - [  2048,     32,      1,      1], type =   q4_K, size =    0.035 MiB
[ 714/ 733] blk.38.ssm_conv1d.weight             - [     4,   8192,      1,      1], type =    f32, size =    0.125 MiB
[ 715/ 733] blk.38.ssm_dt.bias                   - [    32,      1,      1,      1], type =    f32, size =    0.000 MiB
[ 716/ 733] blk.38.ssm_norm.weight               - [   128,      1,      1,      1], type =    f32, size =    0.000 MiB
[ 717/ 733] blk.38.ssm_out.weight                - [  4096,   2048,      1,      1], type =   q4_K, size =    4.500 MiB
[ 718/ 733] blk.39.attn_k.weight                 - [  2048,    512,      1,      1], type =   q4_K, size =    0.562 MiB
[ 719/ 733] blk.39.attn_k_norm.weight            - [   256,      1,      1,      1], type =    f32, size =    0.001 MiB
[ 720/ 733] blk.39.attn_norm.weight              - [  2048,      1,      1,      1], type =    f32, size =    0.008 MiB
[ 721/ 733] blk.39.attn_output.weight            - [  4096,   2048,      1,      1], type =   q4_K, size =    4.500 MiB
[ 722/ 733] blk.39.attn_q.weight                 - [  2048,   8192,      1,      1], type =   q4_K, size =    9.000 MiB
[ 723/ 733] blk.39.attn_q_norm.weight            - [   256,      1,      1,      1], type =    f32, size =    0.001 MiB
[ 724/ 733] blk.39.attn_v.weight                 - [  2048,    512,      1,      1], type =   q6_K, size =    0.820 MiB
[ 725/ 733] blk.39.ffn_down_exps.weight          - [   512,   2048,    256,      1], type =   q6_K, size =  210.000 MiB
[ 726/ 733] blk.39.ffn_down_shexp.weight         - [   512,   2048,      1,      1], type =   q6_K, size =    0.820 MiB
[ 727/ 733] blk.39.ffn_gate_exps.weight          - [  2048,    512,    256,      1], type =   q4_K, size =  144.000 MiB
[ 728/ 733] blk.39.ffn_gate_inp.weight           - [  2048,    256,      1,      1], type =    f32, size =    2.000 MiB
[ 729/ 733] blk.39.ffn_gate_inp_shexp.weight     - [  2048,      1,      1,      1], type =    f32, size =    0.008 MiB
[ 730/ 733] blk.39.ffn_gate_shexp.weight         - [  2048,    512,      1,      1], type =   q4_K, size =    0.562 MiB
[ 731/ 733] blk.39.ffn_up_exps.weight            - [  2048,    512,    256,      1], type =   q4_K, size =  144.000 MiB
[ 732/ 733] blk.39.ffn_up_shexp.weight           - [  2048,    512,      1,      1], type =   q4_K, size =    0.562 MiB
[ 733/ 733] blk.39.post_attention_norm.weight    - [  2048,      1,      1,      1], type =    f32, size =    0.008 MiB
llama_model_quantize_impl: model size  = 20175.71 MiB (4.88 BPW)
llama_model_quantize_impl: quant size  = 20175.71 MiB (4.88 BPW)
[GIN] 2026/07/10 - 23:00:06 | 200 |    1.256893ms |       127.0.0.1 | HEAD     "/"
[GIN] 2026/07/10 - 23:00:12 | 200 |         4m26s |       127.0.0.1 | POST     "/api/create"
[GIN] 2026/07/10 - 23:02:49 | 201 | 54.454149685s |       127.0.0.1 | POST     "/api/blobs/sha256:a5ef62184c1729c38c9565b502303ac88e2fad3b1c3c6aa430d9e273bdd7f917"
time=2026-07-10T23:02:49.577+02:00 level=INFO source=quantization.go:124 msg="quantizing model" type=COPY input=/home/dev/models-local/ollama/blobs/sha256-a5ef62184c1729c38c9565b502303ac88e2fad3b1c3c6aa430d9e273bdd7f917 output=/home/dev/models-local/ollama/blobs/COPY3169086623
load_backend: loaded CPU backend from /usr/local/lib/ollama/libggml-cpu-haswell.so
llama_print_build_info: build = 1 (cb295bf59)
llama_print_build_info: built with GNU 11.2.1 for Linux x86_64
llama_quantize: quantizing '/home/dev/models-local/ollama/blobs/sha256-a5ef62184c1729c38c9565b502303ac88e2fad3b1c3c6aa430d9e273bdd7f917' to '/home/dev/models-local/ollama/blobs/COPY3169086623' as COPY
llama_model_loader: loaded meta data with 52 key-value pairs and 866 tensors from /home/dev/models-local/ollama/blobs/sha256-a5ef62184c1729c38c9565b502303ac88e2fad3b1c3c6aa430d9e273bdd7f917 (version GGUF V3 (latest))
llama_model_loader: Dumping metadata keys/values. Note: KV overrides do not apply in this output.
llama_model_loader: - kv   0:                       general.architecture str              = qwen35
llama_model_loader: - kv   1:                               general.type str              = model
llama_model_loader: - kv   2:                     general.sampling.top_k i32              = 20
llama_model_loader: - kv   3:                     general.sampling.top_p f32              = 0.950000
llama_model_loader: - kv   4:                      general.sampling.temp f32              = 1.000000
llama_model_loader: - kv   5:                               general.name str              = Qwen3.6-27B
llama_model_loader: - kv   6:                           general.basename str              = Qwen3.6-27B
llama_model_loader: - kv   7:                       general.quantized_by str              = Unsloth
llama_model_loader: - kv   8:                         general.size_label str              = 27B
llama_model_loader: - kv   9:                            general.license str              = apache-2.0
llama_model_loader: - kv  10:                       general.license.link str              = https://huggingface.co/Qwen/Qwen3.6-2...
llama_model_loader: - kv  11:                           general.repo_url str              = https://huggingface.co/unsloth
llama_model_loader: - kv  12:                   general.base_model.count u32              = 1
llama_model_loader: - kv  13:                  general.base_model.0.name str              = Qwen3.6 27B
llama_model_loader: - kv  14:          general.base_model.0.organization str              = Qwen
llama_model_loader: - kv  15:              general.base_model.0.repo_url str              = https://huggingface.co/Qwen/Qwen3.6-27B
llama_model_loader: - kv  16:                               general.tags arr[str,2]       = ["unsloth", "image-text-to-text"]
llama_model_loader: - kv  17:                         qwen35.block_count u32              = 65
llama_model_loader: - kv  18:                      qwen35.context_length u32              = 262144
llama_model_loader: - kv  19:                    qwen35.embedding_length u32              = 5120
llama_model_loader: - kv  20:                 qwen35.feed_forward_length u32              = 17408
llama_model_loader: - kv  21:                qwen35.attention.head_count u32              = 24
llama_model_loader: - kv  22:             qwen35.attention.head_count_kv u32              = 4
llama_model_loader: - kv  23:             qwen35.rope.dimension_sections arr[i32,4]       = [11, 11, 10, 0]
llama_model_loader: - kv  24:                      qwen35.rope.freq_base f32              = 10000000.000000
llama_model_loader: - kv  25:    qwen35.attention.layer_norm_rms_epsilon f32              = 0.000001
llama_model_loader: - kv  26:                qwen35.attention.key_length u32              = 256
llama_model_loader: - kv  27:              qwen35.attention.value_length u32              = 256
llama_model_loader: - kv  28:                     qwen35.ssm.conv_kernel u32              = 4
llama_model_loader: - kv  29:                      qwen35.ssm.state_size u32              = 128
llama_model_loader: - kv  30:                     qwen35.ssm.group_count u32              = 16
llama_model_loader: - kv  31:                  qwen35.ssm.time_step_rank u32              = 48
llama_model_loader: - kv  32:                      qwen35.ssm.inner_size u32              = 6144
llama_model_loader: - kv  33:             qwen35.full_attention_interval u32              = 4
llama_model_loader: - kv  34:                qwen35.rope.dimension_count u32              = 64
llama_model_loader: - kv  35:                qwen35.nextn_predict_layers u32              = 1
llama_model_loader: - kv  36:                       tokenizer.ggml.model str              = gpt2
llama_model_loader: - kv  37:                         tokenizer.ggml.pre str              = qwen35
llama_model_loader: - kv  38:                      tokenizer.ggml.tokens arr[str,248320]  = ["!", "\"", "#", "$", "%", "&", "'", ...
llama_model_loader: - kv  39:                  tokenizer.ggml.token_type arr[i32,248320]  = [1, 1, 1, 1, 1, 1, 1, 1, 1, 1, 1, 1, ...
llama_model_loader: - kv  40:                      tokenizer.ggml.merges arr[str,247587]  = ["Ġ Ġ", "ĠĠ ĠĠ", "i n", "Ġ t",...
llama_model_loader: - kv  41:                tokenizer.ggml.eos_token_id u32              = 248046
llama_model_loader: - kv  42:            tokenizer.ggml.padding_token_id u32              = 248055
llama_model_loader: - kv  43:                tokenizer.ggml.bos_token_id u32              = 248044
llama_model_loader: - kv  44:               tokenizer.ggml.add_bos_token bool             = false
llama_model_loader: - kv  45:                    tokenizer.chat_template str              = {%- set image_count = namespace(value...
llama_model_loader: - kv  46:               general.quantization_version u32              = 2
llama_model_loader: - kv  47:                          general.file_type u32              = 14
llama_model_loader: - kv  48:                      quantize.imatrix.file str              = Qwen3.6-27B-GGUF/imatrix_unsloth.gguf
llama_model_loader: - kv  49:                   quantize.imatrix.dataset str              = unsloth_calibration_Qwen3.6-27B.txt
llama_model_loader: - kv  50:             quantize.imatrix.entries_count u32              = 496
llama_model_loader: - kv  51:              quantize.imatrix.chunks_count u32              = 76
llama_model_loader: - type  f32:  456 tensors
llama_model_loader: - type q8_0:    1 tensors
llama_model_loader: - type q4_K:  348 tensors
llama_model_loader: - type q5_K:   60 tensors
llama_model_loader: - type q6_K:    1 tensors
[   1/ 866] output.weight                        - [  5120, 248320,      1,      1], type =   q6_K, size =  994.629 MiB
[   2/ 866] output_norm.weight                   - [  5120,      1,      1,      1], type =    f32, size =    0.020 MiB
[   3/ 866] token_embd.weight                    - [  5120, 248320,      1,      1], type =   q4_K, size =  682.031 MiB
[   4/ 866] blk.0.attn_gate.weight               - [  5120,   6144,      1,      1], type =   q4_K, size =   16.875 MiB
[   5/ 866] blk.0.attn_norm.weight               - [  5120,      1,      1,      1], type =    f32, size =    0.020 MiB
[   6/ 866] blk.0.attn_qkv.weight                - [  5120,  10240,      1,      1], type =   q5_K, size =   34.375 MiB
[   7/ 866] blk.0.ffn_down.weight                - [ 17408,   5120,      1,      1], type =   q5_K, size =   58.438 MiB
[   8/ 866] blk.0.ffn_gate.weight                - [  5120,  17408,      1,      1], type =   q4_K, size =   47.812 MiB
[   9/ 866] blk.0.ffn_up.weight                  - [  5120,  17408,      1,      1], type =   q4_K, size =   47.812 MiB
[  10/ 866] blk.0.post_attention_norm.weight     - [  5120,      1,      1,      1], type =    f32, size =    0.020 MiB
[  11/ 866] blk.0.ssm_a                          - [    48,      1,      1,      1], type =    f32, size =    0.000 MiB
[  12/ 866] blk.0.ssm_alpha.weight               - [  5120,     48,      1,      1], type =    f32, size =    0.938 MiB
[  13/ 866] blk.0.ssm_beta.weight                - [  5120,     48,      1,      1], type =    f32, size =    0.938 MiB
[  14/ 866] blk.0.ssm_conv1d.weight              - [     4,  10240,      1,      1], type =    f32, size =    0.156 MiB
[  15/ 866] blk.0.ssm_dt.bias                    - [    48,      1,      1,      1], type =    f32, size =    0.000 MiB
[  16/ 866] blk.0.ssm_norm.weight                - [   128,      1,      1,      1], type =    f32, size =    0.000 MiB
[  17/ 866] blk.0.ssm_out.weight                 - [  6144,   5120,      1,      1], type =   q5_K, size =   20.625 MiB
[  18/ 866] blk.1.attn_gate.weight               - [  5120,   6144,      1,      1], type =   q4_K, size =   16.875 MiB
[  19/ 866] blk.1.attn_norm.weight               - [  5120,      1,      1,      1], type =    f32, size =    0.020 MiB
[  20/ 866] blk.1.attn_qkv.weight                - [  5120,  10240,      1,      1], type =   q5_K, size =   34.375 MiB
[  21/ 866] blk.1.ffn_down.weight                - [ 17408,   5120,      1,      1], type =   q5_K, size =   58.438 MiB
[  22/ 866] blk.1.ffn_gate.weight                - [  5120,  17408,      1,      1], type =   q4_K, size =   47.812 MiB
[  23/ 866] blk.1.ffn_up.weight                  - [  5120,  17408,      1,      1], type =   q4_K, size =   47.812 MiB
[  24/ 866] blk.1.post_attention_norm.weight     - [  5120,      1,      1,      1], type =    f32, size =    0.020 MiB
[  25/ 866] blk.1.ssm_a                          - [    48,      1,      1,      1], type =    f32, size =    0.000 MiB
[  26/ 866] blk.1.ssm_alpha.weight               - [  5120,     48,      1,      1], type =    f32, size =    0.938 MiB
[  27/ 866] blk.1.ssm_beta.weight                - [  5120,     48,      1,      1], type =    f32, size =    0.938 MiB
[  28/ 866] blk.1.ssm_conv1d.weight              - [     4,  10240,      1,      1], type =    f32, size =    0.156 MiB
[  29/ 866] blk.1.ssm_dt.bias                    - [    48,      1,      1,      1], type =    f32, size =    0.000 MiB
[  30/ 866] blk.1.ssm_norm.weight                - [   128,      1,      1,      1], type =    f32, size =    0.000 MiB
[  31/ 866] blk.1.ssm_out.weight                 - [  6144,   5120,      1,      1], type =   q5_K, size =   20.625 MiB
[  32/ 866] blk.2.attn_gate.weight               - [  5120,   6144,      1,      1], type =   q4_K, size =   16.875 MiB
[  33/ 866] blk.2.attn_norm.weight               - [  5120,      1,      1,      1], type =    f32, size =    0.020 MiB
[  34/ 866] blk.2.attn_qkv.weight                - [  5120,  10240,      1,      1], type =   q5_K, size =   34.375 MiB
[  35/ 866] blk.2.ffn_down.weight                - [ 17408,   5120,      1,      1], type =   q5_K, size =   58.438 MiB
[  36/ 866] blk.2.ffn_gate.weight                - [  5120,  17408,      1,      1], type =   q4_K, size =   47.812 MiB
[  37/ 866] blk.2.ffn_up.weight                  - [  5120,  17408,      1,      1], type =   q4_K, size =   47.812 MiB
[  38/ 866] blk.2.post_attention_norm.weight     - [  5120,      1,      1,      1], type =    f32, size =    0.020 MiB
[  39/ 866] blk.2.ssm_a                          - [    48,      1,      1,      1], type =    f32, size =    0.000 MiB
[  40/ 866] blk.2.ssm_alpha.weight               - [  5120,     48,      1,      1], type =    f32, size =    0.938 MiB
[  41/ 866] blk.2.ssm_beta.weight                - [  5120,     48,      1,      1], type =    f32, size =    0.938 MiB
[  42/ 866] blk.2.ssm_conv1d.weight              - [     4,  10240,      1,      1], type =    f32, size =    0.156 MiB
[  43/ 866] blk.2.ssm_dt.bias                    - [    48,      1,      1,      1], type =    f32, size =    0.000 MiB
[  44/ 866] blk.2.ssm_norm.weight                - [   128,      1,      1,      1], type =    f32, size =    0.000 MiB
[  45/ 866] blk.2.ssm_out.weight                 - [  6144,   5120,      1,      1], type =   q5_K, size =   20.625 MiB
[  46/ 866] blk.3.attn_k.weight                  - [  5120,   1024,      1,      1], type =   q4_K, size =    2.812 MiB
[  47/ 866] blk.3.attn_k_norm.weight             - [   256,      1,      1,      1], type =    f32, size =    0.001 MiB
[  48/ 866] blk.3.attn_norm.weight               - [  5120,      1,      1,      1], type =    f32, size =    0.020 MiB
[  49/ 866] blk.3.attn_output.weight             - [  6144,   5120,      1,      1], type =   q4_K, size =   16.875 MiB
[  50/ 866] blk.3.attn_q.weight                  - [  5120,  12288,      1,      1], type =   q4_K, size =   33.750 MiB
[  51/ 866] blk.3.attn_q_norm.weight             - [   256,      1,      1,      1], type =    f32, size =    0.001 MiB
[  52/ 866] blk.3.attn_v.weight                  - [  5120,   1024,      1,      1], type =   q5_K, size =    3.438 MiB
[  53/ 866] blk.3.ffn_down.weight                - [ 17408,   5120,      1,      1], type =   q5_K, size =   58.438 MiB
[  54/ 866] blk.3.ffn_gate.weight                - [  5120,  17408,      1,      1], type =   q4_K, size =   47.812 MiB
[  55/ 866] blk.3.ffn_up.weight                  - [  5120,  17408,      1,      1], type =   q4_K, size =   47.812 MiB
[  56/ 866] blk.3.post_attention_norm.weight     - [  5120,      1,      1,      1], type =    f32, size =    0.020 MiB
[  57/ 866] blk.4.attn_gate.weight               - [  5120,   6144,      1,      1], type =   q4_K, size =   16.875 MiB
[  58/ 866] blk.4.attn_norm.weight               - [  5120,      1,      1,      1], type =    f32, size =    0.020 MiB
[  59/ 866] blk.4.attn_qkv.weight                - [  5120,  10240,      1,      1], type =   q4_K, size =   28.125 MiB
[  60/ 866] blk.4.ffn_down.weight                - [ 17408,   5120,      1,      1], type =   q5_K, size =   58.438 MiB
[  61/ 866] blk.4.ffn_gate.weight                - [  5120,  17408,      1,      1], type =   q4_K, size =   47.812 MiB
[  62/ 866] blk.4.ffn_up.weight                  - [  5120,  17408,      1,      1], type =   q4_K, size =   47.812 MiB
[  63/ 866] blk.4.post_attention_norm.weight     - [  5120,      1,      1,      1], type =    f32, size =    0.020 MiB
[  64/ 866] blk.4.ssm_a                          - [    48,      1,      1,      1], type =    f32, size =    0.000 MiB
[  65/ 866] blk.4.ssm_alpha.weight               - [  5120,     48,      1,      1], type =    f32, size =    0.938 MiB
[  66/ 866] blk.4.ssm_beta.weight                - [  5120,     48,      1,      1], type =    f32, size =    0.938 MiB
[  67/ 866] blk.4.ssm_conv1d.weight              - [     4,  10240,      1,      1], type =    f32, size =    0.156 MiB
[  68/ 866] blk.4.ssm_dt.bias                    - [    48,      1,      1,      1], type =    f32, size =    0.000 MiB
[  69/ 866] blk.4.ssm_norm.weight                - [   128,      1,      1,      1], type =    f32, size =    0.000 MiB
[  70/ 866] blk.4.ssm_out.weight                 - [  6144,   5120,      1,      1], type =   q5_K, size =   20.625 MiB
[  71/ 866] blk.5.attn_gate.weight               - [  5120,   6144,      1,      1], type =   q4_K, size =   16.875 MiB
[  72/ 866] blk.5.attn_norm.weight               - [  5120,      1,      1,      1], type =    f32, size =    0.020 MiB
[  73/ 866] blk.5.attn_qkv.weight                - [  5120,  10240,      1,      1], type =   q4_K, size =   28.125 MiB
[  74/ 866] blk.5.ffn_down.weight                - [ 17408,   5120,      1,      1], type =   q5_K, size =   58.438 MiB
[  75/ 866] blk.5.ffn_gate.weight                - [  5120,  17408,      1,      1], type =   q4_K, size =   47.812 MiB
[  76/ 866] blk.5.ffn_up.weight                  - [  5120,  17408,      1,      1], type =   q4_K, size =   47.812 MiB
[  77/ 866] blk.5.post_attention_norm.weight     - [  5120,      1,      1,      1], type =    f32, size =    0.020 MiB
[  78/ 866] blk.5.ssm_a                          - [    48,      1,      1,      1], type =    f32, size =    0.000 MiB
[  79/ 866] blk.5.ssm_alpha.weight               - [  5120,     48,      1,      1], type =    f32, size =    0.938 MiB
[  80/ 866] blk.5.ssm_beta.weight                - [  5120,     48,      1,      1], type =    f32, size =    0.938 MiB
[  81/ 866] blk.5.ssm_conv1d.weight              - [     4,  10240,      1,      1], type =    f32, size =    0.156 MiB
[  82/ 866] blk.5.ssm_dt.bias                    - [    48,      1,      1,      1], type =    f32, size =    0.000 MiB
[  83/ 866] blk.5.ssm_norm.weight                - [   128,      1,      1,      1], type =    f32, size =    0.000 MiB
[  84/ 866] blk.5.ssm_out.weight                 - [  6144,   5120,      1,      1], type =   q5_K, size =   20.625 MiB
[  85/ 866] blk.6.attn_gate.weight               - [  5120,   6144,      1,      1], type =   q4_K, size =   16.875 MiB
[  86/ 866] blk.6.attn_norm.weight               - [  5120,      1,      1,      1], type =    f32, size =    0.020 MiB
[  87/ 866] blk.6.attn_qkv.weight                - [  5120,  10240,      1,      1], type =   q4_K, size =   28.125 MiB
[  88/ 866] blk.6.ffn_down.weight                - [ 17408,   5120,      1,      1], type =   q5_K, size =   58.438 MiB
[  89/ 866] blk.6.ffn_gate.weight                - [  5120,  17408,      1,      1], type =   q4_K, size =   47.812 MiB
[  90/ 866] blk.6.ffn_up.weight                  - [  5120,  17408,      1,      1], type =   q4_K, size =   47.812 MiB
[  91/ 866] blk.6.post_attention_norm.weight     - [  5120,      1,      1,      1], type =    f32, size =    0.020 MiB
[  92/ 866] blk.6.ssm_a                          - [    48,      1,      1,      1], type =    f32, size =    0.000 MiB
[  93/ 866] blk.6.ssm_alpha.weight               - [  5120,     48,      1,      1], type =    f32, size =    0.938 MiB
[  94/ 866] blk.6.ssm_beta.weight                - [  5120,     48,      1,      1], type =    f32, size =    0.938 MiB
[  95/ 866] blk.6.ssm_conv1d.weight              - [     4,  10240,      1,      1], type =    f32, size =    0.156 MiB
[  96/ 866] blk.6.ssm_dt.bias                    - [    48,      1,      1,      1], type =    f32, size =    0.000 MiB
[  97/ 866] blk.6.ssm_norm.weight                - [   128,      1,      1,      1], type =    f32, size =    0.000 MiB
[  98/ 866] blk.6.ssm_out.weight                 - [  6144,   5120,      1,      1], type =   q5_K, size =   20.625 MiB
[  99/ 866] blk.7.attn_k.weight                  - [  5120,   1024,      1,      1], type =   q4_K, size =    2.812 MiB
[ 100/ 866] blk.7.attn_k_norm.weight             - [   256,      1,      1,      1], type =    f32, size =    0.001 MiB
[ 101/ 866] blk.7.attn_norm.weight               - [  5120,      1,      1,      1], type =    f32, size =    0.020 MiB
[ 102/ 866] blk.7.attn_output.weight             - [  6144,   5120,      1,      1], type =   q4_K, size =   16.875 MiB
[ 103/ 866] blk.7.attn_q.weight                  - [  5120,  12288,      1,      1], type =   q4_K, size =   33.750 MiB
[ 104/ 866] blk.7.attn_q_norm.weight             - [   256,      1,      1,      1], type =    f32, size =    0.001 MiB
[ 105/ 866] blk.7.attn_v.weight                  - [  5120,   1024,      1,      1], type =   q4_K, size =    2.812 MiB
[ 106/ 866] blk.7.ffn_down.weight                - [ 17408,   5120,      1,      1], type =   q5_K, size =   58.438 MiB
[ 107/ 866] blk.7.ffn_gate.weight                - [  5120,  17408,      1,      1], type =   q4_K, size =   47.812 MiB
[ 108/ 866] blk.7.ffn_up.weight                  - [  5120,  17408,      1,      1], type =   q4_K, size =   47.812 MiB
[ 109/ 866] blk.7.post_attention_norm.weight     - [  5120,      1,      1,      1], type =    f32, size =    0.020 MiB
[ 110/ 866] blk.8.attn_gate.weight               - [  5120,   6144,      1,      1], type =   q4_K, size =   16.875 MiB
[ 111/ 866] blk.8.attn_norm.weight               - [  5120,      1,      1,      1], type =    f32, size =    0.020 MiB
[ 112/ 866] blk.8.attn_qkv.weight                - [  5120,  10240,      1,      1], type =   q4_K, size =   28.125 MiB
[ 113/ 866] blk.8.ffn_down.weight                - [ 17408,   5120,      1,      1], type =   q4_K, size =   47.812 MiB
[ 114/ 866] blk.8.ffn_gate.weight                - [  5120,  17408,      1,      1], type =   q4_K, size =   47.812 MiB
[ 115/ 866] blk.8.ffn_up.weight                  - [  5120,  17408,      1,      1], type =   q4_K, size =   47.812 MiB
[ 116/ 866] blk.8.post_attention_norm.weight     - [  5120,      1,      1,      1], type =    f32, size =    0.020 MiB
[ 117/ 866] blk.8.ssm_a                          - [    48,      1,      1,      1], type =    f32, size =    0.000 MiB
[ 118/ 866] blk.8.ssm_alpha.weight               - [  5120,     48,      1,      1], type =    f32, size =    0.938 MiB
[ 119/ 866] blk.8.ssm_beta.weight                - [  5120,     48,      1,      1], type =    f32, size =    0.938 MiB
[ 120/ 866] blk.8.ssm_conv1d.weight              - [     4,  10240,      1,      1], type =    f32, size =    0.156 MiB
[ 121/ 866] blk.8.ssm_dt.bias                    - [    48,      1,      1,      1], type =    f32, size =    0.000 MiB
[ 122/ 866] blk.8.ssm_norm.weight                - [   128,      1,      1,      1], type =    f32, size =    0.000 MiB
[ 123/ 866] blk.8.ssm_out.weight                 - [  6144,   5120,      1,      1], type =   q5_K, size =   20.625 MiB
[ 124/ 866] blk.9.attn_gate.weight               - [  5120,   6144,      1,      1], type =   q4_K, size =   16.875 MiB
[ 125/ 866] blk.9.attn_norm.weight               - [  5120,      1,      1,      1], type =    f32, size =    0.020 MiB
[ 126/ 866] blk.9.attn_qkv.weight                - [  5120,  10240,      1,      1], type =   q4_K, size =   28.125 MiB
[ 127/ 866] blk.9.ffn_down.weight                - [ 17408,   5120,      1,      1], type =   q4_K, size =   47.812 MiB
[ 128/ 866] blk.9.ffn_gate.weight                - [  5120,  17408,      1,      1], type =   q4_K, size =   47.812 MiB
[ 129/ 866] blk.9.ffn_up.weight                  - [  5120,  17408,      1,      1], type =   q4_K, size =   47.812 MiB
[ 130/ 866] blk.9.post_attention_norm.weight     - [  5120,      1,      1,      1], type =    f32, size =    0.020 MiB
[ 131/ 866] blk.9.ssm_a                          - [    48,      1,      1,      1], type =    f32, size =    0.000 MiB
[ 132/ 866] blk.9.ssm_alpha.weight               - [  5120,     48,      1,      1], type =    f32, size =    0.938 MiB
[ 133/ 866] blk.9.ssm_beta.weight                - [  5120,     48,      1,      1], type =    f32, size =    0.938 MiB
[ 134/ 866] blk.9.ssm_conv1d.weight              - [     4,  10240,      1,      1], type =    f32, size =    0.156 MiB
[ 135/ 866] blk.9.ssm_dt.bias                    - [    48,      1,      1,      1], type =    f32, size =    0.000 MiB
[ 136/ 866] blk.9.ssm_norm.weight                - [   128,      1,      1,      1], type =    f32, size =    0.000 MiB
[ 137/ 866] blk.9.ssm_out.weight                 - [  6144,   5120,      1,      1], type =   q5_K, size =   20.625 MiB
[ 138/ 866] blk.10.attn_gate.weight              - [  5120,   6144,      1,      1], type =   q4_K, size =   16.875 MiB
[ 139/ 866] blk.10.attn_norm.weight              - [  5120,      1,      1,      1], type =    f32, size =    0.020 MiB
[ 140/ 866] blk.10.attn_qkv.weight               - [  5120,  10240,      1,      1], type =   q4_K, size =   28.125 MiB
[ 141/ 866] blk.10.ffn_down.weight               - [ 17408,   5120,      1,      1], type =   q4_K, size =   47.812 MiB
[ 142/ 866] blk.10.ffn_gate.weight               - [  5120,  17408,      1,      1], type =   q4_K, size =   47.812 MiB
[ 143/ 866] blk.10.ffn_up.weight                 - [  5120,  17408,      1,      1], type =   q4_K, size =   47.812 MiB
[ 144/ 866] blk.10.post_attention_norm.weight    - [  5120,      1,      1,      1], type =    f32, size =    0.020 MiB
[ 145/ 866] blk.10.ssm_a                         - [    48,      1,      1,      1], type =    f32, size =    0.000 MiB
[ 146/ 866] blk.10.ssm_alpha.weight              - [  5120,     48,      1,      1], type =    f32, size =    0.938 MiB
[ 147/ 866] blk.10.ssm_beta.weight               - [  5120,     48,      1,      1], type =    f32, size =    0.938 MiB
[ 148/ 866] blk.10.ssm_conv1d.weight             - [     4,  10240,      1,      1], type =    f32, size =    0.156 MiB
[ 149/ 866] blk.10.ssm_dt.bias                   - [    48,      1,      1,      1], type =    f32, size =    0.000 MiB
[ 150/ 866] blk.10.ssm_norm.weight               - [   128,      1,      1,      1], type =    f32, size =    0.000 MiB
[ 151/ 866] blk.10.ssm_out.weight                - [  6144,   5120,      1,      1], type =   q5_K, size =   20.625 MiB
[ 152/ 866] blk.11.attn_k.weight                 - [  5120,   1024,      1,      1], type =   q4_K, size =    2.812 MiB
[ 153/ 866] blk.11.attn_k_norm.weight            - [   256,      1,      1,      1], type =    f32, size =    0.001 MiB
[ 154/ 866] blk.11.attn_norm.weight              - [  5120,      1,      1,      1], type =    f32, size =    0.020 MiB
[ 155/ 866] blk.11.attn_output.weight            - [  6144,   5120,      1,      1], type =   q4_K, size =   16.875 MiB
[ 156/ 866] blk.11.attn_q.weight                 - [  5120,  12288,      1,      1], type =   q4_K, size =   33.750 MiB
[ 157/ 866] blk.11.attn_q_norm.weight            - [   256,      1,      1,      1], type =    f32, size =    0.001 MiB
[ 158/ 866] blk.11.attn_v.weight                 - [  5120,   1024,      1,      1], type =   q4_K, size =    2.812 MiB
[ 159/ 866] blk.11.ffn_down.weight               - [ 17408,   5120,      1,      1], type =   q4_K, size =   47.812 MiB
[ 160/ 866] blk.11.ffn_gate.weight               - [  5120,  17408,      1,      1], type =   q4_K, size =   47.812 MiB
[ 161/ 866] blk.11.ffn_up.weight                 - [  5120,  17408,      1,      1], type =   q4_K, size =   47.812 MiB
[ 162/ 866] blk.11.post_attention_norm.weight    - [  5120,      1,      1,      1], type =    f32, size =    0.020 MiB
[ 163/ 866] blk.12.attn_gate.weight              - [  5120,   6144,      1,      1], type =   q4_K, size =   16.875 MiB
[ 164/ 866] blk.12.attn_norm.weight              - [  5120,      1,      1,      1], type =    f32, size =    0.020 MiB
[ 165/ 866] blk.12.attn_qkv.weight               - [  5120,  10240,      1,      1], type =   q4_K, size =   28.125 MiB
[ 166/ 866] blk.12.ffn_down.weight               - [ 17408,   5120,      1,      1], type =   q4_K, size =   47.812 MiB
[ 167/ 866] blk.12.ffn_gate.weight               - [  5120,  17408,      1,      1], type =   q4_K, size =   47.812 MiB
[ 168/ 866] blk.12.ffn_up.weight                 - [  5120,  17408,      1,      1], type =   q4_K, size =   47.812 MiB
[ 169/ 866] blk.12.post_attention_norm.weight    - [  5120,      1,      1,      1], type =    f32, size =    0.020 MiB
[ 170/ 866] blk.12.ssm_a                         - [    48,      1,      1,      1], type =    f32, size =    0.000 MiB
[ 171/ 866] blk.12.ssm_alpha.weight              - [  5120,     48,      1,      1], type =    f32, size =    0.938 MiB
[ 172/ 866] blk.12.ssm_beta.weight               - [  5120,     48,      1,      1], type =    f32, size =    0.938 MiB
[ 173/ 866] blk.12.ssm_conv1d.weight             - [     4,  10240,      1,      1], type =    f32, size =    0.156 MiB
[ 174/ 866] blk.12.ssm_dt.bias                   - [    48,      1,      1,      1], type =    f32, size =    0.000 MiB
[ 175/ 866] blk.12.ssm_norm.weight               - [   128,      1,      1,      1], type =    f32, size =    0.000 MiB
[ 176/ 866] blk.12.ssm_out.weight                - [  6144,   5120,      1,      1], type =   q5_K, size =   20.625 MiB
[ 177/ 866] blk.13.attn_gate.weight              - [  5120,   6144,      1,      1], type =   q4_K, size =   16.875 MiB
[ 178/ 866] blk.13.attn_norm.weight              - [  5120,      1,      1,      1], type =    f32, size =    0.020 MiB
[ 179/ 866] blk.13.attn_qkv.weight               - [  5120,  10240,      1,      1], type =   q4_K, size =   28.125 MiB
[ 180/ 866] blk.13.ffn_down.weight               - [ 17408,   5120,      1,      1], type =   q4_K, size =   47.812 MiB
[ 181/ 866] blk.13.ffn_gate.weight               - [  5120,  17408,      1,      1], type =   q4_K, size =   47.812 MiB
[ 182/ 866] blk.13.ffn_up.weight                 - [  5120,  17408,      1,      1], type =   q4_K, size =   47.812 MiB
[ 183/ 866] blk.13.post_attention_norm.weight    - [  5120,      1,      1,      1], type =    f32, size =    0.020 MiB
[ 184/ 866] blk.13.ssm_a                         - [    48,      1,      1,      1], type =    f32, size =    0.000 MiB
[ 185/ 866] blk.13.ssm_alpha.weight              - [  5120,     48,      1,      1], type =    f32, size =    0.938 MiB
[ 186/ 866] blk.13.ssm_beta.weight               - [  5120,     48,      1,      1], type =    f32, size =    0.938 MiB
[ 187/ 866] blk.13.ssm_conv1d.weight             - [     4,  10240,      1,      1], type =    f32, size =    0.156 MiB
[ 188/ 866] blk.13.ssm_dt.bias                   - [    48,      1,      1,      1], type =    f32, size =    0.000 MiB
[ 189/ 866] blk.13.ssm_norm.weight               - [   128,      1,      1,      1], type =    f32, size =    0.000 MiB
[ 190/ 866] blk.13.ssm_out.weight                - [  6144,   5120,      1,      1], type =   q5_K, size =   20.625 MiB
[ 191/ 866] blk.14.attn_gate.weight              - [  5120,   6144,      1,      1], type =   q4_K, size =   16.875 MiB
[ 192/ 866] blk.14.attn_norm.weight              - [  5120,      1,      1,      1], type =    f32, size =    0.020 MiB
[ 193/ 866] blk.14.attn_qkv.weight               - [  5120,  10240,      1,      1], type =   q4_K, size =   28.125 MiB
[ 194/ 866] blk.14.ffn_down.weight               - [ 17408,   5120,      1,      1], type =   q4_K, size =   47.812 MiB
[ 195/ 866] blk.14.ffn_gate.weight               - [  5120,  17408,      1,      1], type =   q4_K, size =   47.812 MiB
[ 196/ 866] blk.14.ffn_up.weight                 - [  5120,  17408,      1,      1], type =   q4_K, size =   47.812 MiB
[ 197/ 866] blk.14.post_attention_norm.weight    - [  5120,      1,      1,      1], type =    f32, size =    0.020 MiB
[ 198/ 866] blk.14.ssm_a                         - [    48,      1,      1,      1], type =    f32, size =    0.000 MiB
[ 199/ 866] blk.14.ssm_alpha.weight              - [  5120,     48,      1,      1], type =    f32, size =    0.938 MiB
[ 200/ 866] blk.14.ssm_beta.weight               - [  5120,     48,      1,      1], type =    f32, size =    0.938 MiB
[ 201/ 866] blk.14.ssm_conv1d.weight             - [     4,  10240,      1,      1], type =    f32, size =    0.156 MiB
[ 202/ 866] blk.14.ssm_dt.bias                   - [    48,      1,      1,      1], type =    f32, size =    0.000 MiB
[ 203/ 866] blk.14.ssm_norm.weight               - [   128,      1,      1,      1], type =    f32, size =    0.000 MiB
[ 204/ 866] blk.14.ssm_out.weight                - [  6144,   5120,      1,      1], type =   q5_K, size =   20.625 MiB
[ 205/ 866] blk.15.attn_k.weight                 - [  5120,   1024,      1,      1], type =   q4_K, size =    2.812 MiB
[ 206/ 866] blk.15.attn_k_norm.weight            - [   256,      1,      1,      1], type =    f32, size =    0.001 MiB
[ 207/ 866] blk.15.attn_norm.weight              - [  5120,      1,      1,      1], type =    f32, size =    0.020 MiB
[ 208/ 866] blk.15.attn_output.weight            - [  6144,   5120,      1,      1], type =   q4_K, size =   16.875 MiB
[ 209/ 866] blk.15.attn_q.weight                 - [  5120,  12288,      1,      1], type =   q4_K, size =   33.750 MiB
[ 210/ 866] blk.15.attn_q_norm.weight            - [   256,      1,      1,      1], type =    f32, size =    0.001 MiB
[ 211/ 866] blk.15.attn_v.weight                 - [  5120,   1024,      1,      1], type =   q4_K, size =    2.812 MiB
[ 212/ 866] blk.15.ffn_down.weight               - [ 17408,   5120,      1,      1], type =   q4_K, size =   47.812 MiB
[ 213/ 866] blk.15.ffn_gate.weight               - [  5120,  17408,      1,      1], type =   q4_K, size =   47.812 MiB
[ 214/ 866] blk.15.ffn_up.weight                 - [  5120,  17408,      1,      1], type =   q4_K, size =   47.812 MiB
[ 215/ 866] blk.15.post_attention_norm.weight    - [  5120,      1,      1,      1], type =    f32, size =    0.020 MiB
[ 216/ 866] blk.16.attn_gate.weight              - [  5120,   6144,      1,      1], type =   q4_K, size =   16.875 MiB
[ 217/ 866] blk.16.attn_norm.weight              - [  5120,      1,      1,      1], type =    f32, size =    0.020 MiB
[ 218/ 866] blk.16.attn_qkv.weight               - [  5120,  10240,      1,      1], type =   q4_K, size =   28.125 MiB
[ 219/ 866] blk.16.ffn_down.weight               - [ 17408,   5120,      1,      1], type =   q4_K, size =   47.812 MiB
[ 220/ 866] blk.16.ffn_gate.weight               - [  5120,  17408,      1,      1], type =   q4_K, size =   47.812 MiB
[ 221/ 866] blk.16.ffn_up.weight                 - [  5120,  17408,      1,      1], type =   q4_K, size =   47.812 MiB
[ 222/ 866] blk.16.post_attention_norm.weight    - [  5120,      1,      1,      1], type =    f32, size =    0.020 MiB
[ 223/ 866] blk.16.ssm_a                         - [    48,      1,      1,      1], type =    f32, size =    0.000 MiB
[ 224/ 866] blk.16.ssm_alpha.weight              - [  5120,     48,      1,      1], type =    f32, size =    0.938 MiB
[ 225/ 866] blk.16.ssm_beta.weight               - [  5120,     48,      1,      1], type =    f32, size =    0.938 MiB
[ 226/ 866] blk.16.ssm_conv1d.weight             - [     4,  10240,      1,      1], type =    f32, size =    0.156 MiB
[ 227/ 866] blk.16.ssm_dt.bias                   - [    48,      1,      1,      1], type =    f32, size =    0.000 MiB
[ 228/ 866] blk.16.ssm_norm.weight               - [   128,      1,      1,      1], type =    f32, size =    0.000 MiB
[ 229/ 866] blk.16.ssm_out.weight                - [  6144,   5120,      1,      1], type =   q5_K, size =   20.625 MiB
[ 230/ 866] blk.17.attn_gate.weight              - [  5120,   6144,      1,      1], type =   q4_K, size =   16.875 MiB
[ 231/ 866] blk.17.attn_norm.weight              - [  5120,      1,      1,      1], type =    f32, size =    0.020 MiB
[ 232/ 866] blk.17.attn_qkv.weight               - [  5120,  10240,      1,      1], type =   q4_K, size =   28.125 MiB
[ 233/ 866] blk.17.ffn_down.weight               - [ 17408,   5120,      1,      1], type =   q4_K, size =   47.812 MiB
[ 234/ 866] blk.17.ffn_gate.weight               - [  5120,  17408,      1,      1], type =   q4_K, size =   47.812 MiB
[ 235/ 866] blk.17.ffn_up.weight                 - [  5120,  17408,      1,      1], type =   q4_K, size =   47.812 MiB
[ 236/ 866] blk.17.post_attention_norm.weight    - [  5120,      1,      1,      1], type =    f32, size =    0.020 MiB
[ 237/ 866] blk.17.ssm_a                         - [    48,      1,      1,      1], type =    f32, size =    0.000 MiB
[ 238/ 866] blk.17.ssm_alpha.weight              - [  5120,     48,      1,      1], type =    f32, size =    0.938 MiB
[ 239/ 866] blk.17.ssm_beta.weight               - [  5120,     48,      1,      1], type =    f32, size =    0.938 MiB
[ 240/ 866] blk.17.ssm_conv1d.weight             - [     4,  10240,      1,      1], type =    f32, size =    0.156 MiB
[ 241/ 866] blk.17.ssm_dt.bias                   - [    48,      1,      1,      1], type =    f32, size =    0.000 MiB
[ 242/ 866] blk.17.ssm_norm.weight               - [   128,      1,      1,      1], type =    f32, size =    0.000 MiB
[ 243/ 866] blk.17.ssm_out.weight                - [  6144,   5120,      1,      1], type =   q5_K, size =   20.625 MiB
[ 244/ 866] blk.18.attn_gate.weight              - [  5120,   6144,      1,      1], type =   q4_K, size =   16.875 MiB
[ 245/ 866] blk.18.attn_norm.weight              - [  5120,      1,      1,      1], type =    f32, size =    0.020 MiB
[ 246/ 866] blk.18.attn_qkv.weight               - [  5120,  10240,      1,      1], type =   q4_K, size =   28.125 MiB
[ 247/ 866] blk.18.ffn_down.weight               - [ 17408,   5120,      1,      1], type =   q4_K, size =   47.812 MiB
[ 248/ 866] blk.18.ffn_gate.weight               - [  5120,  17408,      1,      1], type =   q4_K, size =   47.812 MiB
[ 249/ 866] blk.18.ffn_up.weight                 - [  5120,  17408,      1,      1], type =   q4_K, size =   47.812 MiB
[ 250/ 866] blk.18.post_attention_norm.weight    - [  5120,      1,      1,      1], type =    f32, size =    0.020 MiB
[ 251/ 866] blk.18.ssm_a                         - [    48,      1,      1,      1], type =    f32, size =    0.000 MiB
[ 252/ 866] blk.18.ssm_alpha.weight              - [  5120,     48,      1,      1], type =    f32, size =    0.938 MiB
[ 253/ 866] blk.18.ssm_beta.weight               - [  5120,     48,      1,      1], type =    f32, size =    0.938 MiB
[ 254/ 866] blk.18.ssm_conv1d.weight             - [     4,  10240,      1,      1], type =    f32, size =    0.156 MiB
[ 255/ 866] blk.18.ssm_dt.bias                   - [    48,      1,      1,      1], type =    f32, size =    0.000 MiB
[ 256/ 866] blk.18.ssm_norm.weight               - [   128,      1,      1,      1], type =    f32, size =    0.000 MiB
[ 257/ 866] blk.18.ssm_out.weight                - [  6144,   5120,      1,      1], type =   q5_K, size =   20.625 MiB
[ 258/ 866] blk.19.attn_k.weight                 - [  5120,   1024,      1,      1], type =   q4_K, size =    2.812 MiB
[ 259/ 866] blk.19.attn_k_norm.weight            - [   256,      1,      1,      1], type =    f32, size =    0.001 MiB
[ 260/ 866] blk.19.attn_norm.weight              - [  5120,      1,      1,      1], type =    f32, size =    0.020 MiB
[ 261/ 866] blk.19.attn_output.weight            - [  6144,   5120,      1,      1], type =   q4_K, size =   16.875 MiB
[ 262/ 866] blk.19.attn_q.weight                 - [  5120,  12288,      1,      1], type =   q4_K, size =   33.750 MiB
[ 263/ 866] blk.19.attn_q_norm.weight            - [   256,      1,      1,      1], type =    f32, size =    0.001 MiB
[ 264/ 866] blk.19.attn_v.weight                 - [  5120,   1024,      1,      1], type =   q4_K, size =    2.812 MiB
[ 265/ 866] blk.19.ffn_down.weight               - [ 17408,   5120,      1,      1], type =   q4_K, size =   47.812 MiB
[ 266/ 866] blk.19.ffn_gate.weight               - [  5120,  17408,      1,      1], type =   q4_K, size =   47.812 MiB
[ 267/ 866] blk.19.ffn_up.weight                 - [  5120,  17408,      1,      1], type =   q4_K, size =   47.812 MiB
[ 268/ 866] blk.19.post_attention_norm.weight    - [  5120,      1,      1,      1], type =    f32, size =    0.020 MiB
[ 269/ 866] blk.20.attn_gate.weight              - [  5120,   6144,      1,      1], type =   q4_K, size =   16.875 MiB
[ 270/ 866] blk.20.attn_norm.weight              - [  5120,      1,      1,      1], type =    f32, size =    0.020 MiB
[ 271/ 866] blk.20.attn_qkv.weight               - [  5120,  10240,      1,      1], type =   q4_K, size =   28.125 MiB
[ 272/ 866] blk.20.ffn_down.weight               - [ 17408,   5120,      1,      1], type =   q4_K, size =   47.812 MiB
[ 273/ 866] blk.20.ffn_gate.weight               - [  5120,  17408,      1,      1], type =   q4_K, size =   47.812 MiB
[ 274/ 866] blk.20.ffn_up.weight                 - [  5120,  17408,      1,      1], type =   q4_K, size =   47.812 MiB
[ 275/ 866] blk.20.post_attention_norm.weight    - [  5120,      1,      1,      1], type =    f32, size =    0.020 MiB
[ 276/ 866] blk.20.ssm_a                         - [    48,      1,      1,      1], type =    f32, size =    0.000 MiB
[ 277/ 866] blk.20.ssm_alpha.weight              - [  5120,     48,      1,      1], type =    f32, size =    0.938 MiB
[ 278/ 866] blk.20.ssm_beta.weight               - [  5120,     48,      1,      1], type =    f32, size =    0.938 MiB
[ 279/ 866] blk.20.ssm_conv1d.weight             - [     4,  10240,      1,      1], type =    f32, size =    0.156 MiB
[ 280/ 866] blk.20.ssm_dt.bias                   - [    48,      1,      1,      1], type =    f32, size =    0.000 MiB
[ 281/ 866] blk.20.ssm_norm.weight               - [   128,      1,      1,      1], type =    f32, size =    0.000 MiB
[ 282/ 866] blk.20.ssm_out.weight                - [  6144,   5120,      1,      1], type =   q5_K, size =   20.625 MiB
[ 283/ 866] blk.21.attn_gate.weight              - [  5120,   6144,      1,      1], type =   q4_K, size =   16.875 MiB
[ 284/ 866] blk.21.attn_norm.weight              - [  5120,      1,      1,      1], type =    f32, size =    0.020 MiB
[ 285/ 866] blk.21.attn_qkv.weight               - [  5120,  10240,      1,      1], type =   q4_K, size =   28.125 MiB
[ 286/ 866] blk.21.ffn_down.weight               - [ 17408,   5120,      1,      1], type =   q4_K, size =   47.812 MiB
[ 287/ 866] blk.21.ffn_gate.weight               - [  5120,  17408,      1,      1], type =   q4_K, size =   47.812 MiB
[ 288/ 866] blk.21.ffn_up.weight                 - [  5120,  17408,      1,      1], type =   q4_K, size =   47.812 MiB
[ 289/ 866] blk.21.post_attention_norm.weight    - [  5120,      1,      1,      1], type =    f32, size =    0.020 MiB
[ 290/ 866] blk.21.ssm_a                         - [    48,      1,      1,      1], type =    f32, size =    0.000 MiB
[ 291/ 866] blk.21.ssm_alpha.weight              - [  5120,     48,      1,      1], type =    f32, size =    0.938 MiB
[ 292/ 866] blk.21.ssm_beta.weight               - [  5120,     48,      1,      1], type =    f32, size =    0.938 MiB
[ 293/ 866] blk.21.ssm_conv1d.weight             - [     4,  10240,      1,      1], type =    f32, size =    0.156 MiB
[ 294/ 866] blk.21.ssm_dt.bias                   - [    48,      1,      1,      1], type =    f32, size =    0.000 MiB
[ 295/ 866] blk.21.ssm_norm.weight               - [   128,      1,      1,      1], type =    f32, size =    0.000 MiB
[ 296/ 866] blk.21.ssm_out.weight                - [  6144,   5120,      1,      1], type =   q5_K, size =   20.625 MiB
[ 297/ 866] blk.22.attn_gate.weight              - [  5120,   6144,      1,      1], type =   q4_K, size =   16.875 MiB
[ 298/ 866] blk.22.attn_norm.weight              - [  5120,      1,      1,      1], type =    f32, size =    0.020 MiB
[ 299/ 866] blk.22.attn_qkv.weight               - [  5120,  10240,      1,      1], type =   q4_K, size =   28.125 MiB
[ 300/ 866] blk.22.ffn_down.weight               - [ 17408,   5120,      1,      1], type =   q4_K, size =   47.812 MiB
[ 301/ 866] blk.22.ffn_gate.weight               - [  5120,  17408,      1,      1], type =   q4_K, size =   47.812 MiB
[ 302/ 866] blk.22.ffn_up.weight                 - [  5120,  17408,      1,      1], type =   q4_K, size =   47.812 MiB
[ 303/ 866] blk.22.post_attention_norm.weight    - [  5120,      1,      1,      1], type =    f32, size =    0.020 MiB
[ 304/ 866] blk.22.ssm_a                         - [    48,      1,      1,      1], type =    f32, size =    0.000 MiB
[ 305/ 866] blk.22.ssm_alpha.weight              - [  5120,     48,      1,      1], type =    f32, size =    0.938 MiB
[ 306/ 866] blk.22.ssm_beta.weight               - [  5120,     48,      1,      1], type =    f32, size =    0.938 MiB
[ 307/ 866] blk.22.ssm_conv1d.weight             - [     4,  10240,      1,      1], type =    f32, size =    0.156 MiB
[ 308/ 866] blk.22.ssm_dt.bias                   - [    48,      1,      1,      1], type =    f32, size =    0.000 MiB
[ 309/ 866] blk.22.ssm_norm.weight               - [   128,      1,      1,      1], type =    f32, size =    0.000 MiB
[ 310/ 866] blk.22.ssm_out.weight                - [  6144,   5120,      1,      1], type =   q5_K, size =   20.625 MiB
[ 311/ 866] blk.23.attn_k.weight                 - [  5120,   1024,      1,      1], type =   q4_K, size =    2.812 MiB
[ 312/ 866] blk.23.attn_k_norm.weight            - [   256,      1,      1,      1], type =    f32, size =    0.001 MiB
[ 313/ 866] blk.23.attn_norm.weight              - [  5120,      1,      1,      1], type =    f32, size =    0.020 MiB
[ 314/ 866] blk.23.attn_output.weight            - [  6144,   5120,      1,      1], type =   q4_K, size =   16.875 MiB
[ 315/ 866] blk.23.attn_q.weight                 - [  5120,  12288,      1,      1], type =   q4_K, size =   33.750 MiB
[ 316/ 866] blk.23.attn_q_norm.weight            - [   256,      1,      1,      1], type =    f32, size =    0.001 MiB
[ 317/ 866] blk.23.attn_v.weight                 - [  5120,   1024,      1,      1], type =   q4_K, size =    2.812 MiB
[ 318/ 866] blk.23.ffn_down.weight               - [ 17408,   5120,      1,      1], type =   q4_K, size =   47.812 MiB
[ 319/ 866] blk.23.ffn_gate.weight               - [  5120,  17408,      1,      1], type =   q4_K, size =   47.812 MiB
[ 320/ 866] blk.23.ffn_up.weight                 - [  5120,  17408,      1,      1], type =   q4_K, size =   47.812 MiB
[ 321/ 866] blk.23.post_attention_norm.weight    - [  5120,      1,      1,      1], type =    f32, size =    0.020 MiB
[ 322/ 866] blk.24.attn_gate.weight              - [  5120,   6144,      1,      1], type =   q4_K, size =   16.875 MiB
[ 323/ 866] blk.24.attn_norm.weight              - [  5120,      1,      1,      1], type =    f32, size =    0.020 MiB
[ 324/ 866] blk.24.attn_qkv.weight               - [  5120,  10240,      1,      1], type =   q4_K, size =   28.125 MiB
[ 325/ 866] blk.24.ffn_down.weight               - [ 17408,   5120,      1,      1], type =   q4_K, size =   47.812 MiB
[ 326/ 866] blk.24.ffn_gate.weight               - [  5120,  17408,      1,      1], type =   q4_K, size =   47.812 MiB
[ 327/ 866] blk.24.ffn_up.weight                 - [  5120,  17408,      1,      1], type =   q4_K, size =   47.812 MiB
[ 328/ 866] blk.24.post_attention_norm.weight    - [  5120,      1,      1,      1], type =    f32, size =    0.020 MiB
[ 329/ 866] blk.24.ssm_a                         - [    48,      1,      1,      1], type =    f32, size =    0.000 MiB
[ 330/ 866] blk.24.ssm_alpha.weight              - [  5120,     48,      1,      1], type =    f32, size =    0.938 MiB
[ 331/ 866] blk.24.ssm_beta.weight               - [  5120,     48,      1,      1], type =    f32, size =    0.938 MiB
[ 332/ 866] blk.24.ssm_conv1d.weight             - [     4,  10240,      1,      1], type =    f32, size =    0.156 MiB
[ 333/ 866] blk.24.ssm_dt.bias                   - [    48,      1,      1,      1], type =    f32, size =    0.000 MiB
[ 334/ 866] blk.24.ssm_norm.weight               - [   128,      1,      1,      1], type =    f32, size =    0.000 MiB
[ 335/ 866] blk.24.ssm_out.weight                - [  6144,   5120,      1,      1], type =   q5_K, size =   20.625 MiB
[ 336/ 866] blk.25.attn_gate.weight              - [  5120,   6144,      1,      1], type =   q4_K, size =   16.875 MiB
[ 337/ 866] blk.25.attn_norm.weight              - [  5120,      1,      1,      1], type =    f32, size =    0.020 MiB
[ 338/ 866] blk.25.attn_qkv.weight               - [  5120,  10240,      1,      1], type =   q4_K, size =   28.125 MiB
[ 339/ 866] blk.25.ffn_down.weight               - [ 17408,   5120,      1,      1], type =   q4_K, size =   47.812 MiB
[ 340/ 866] blk.25.ffn_gate.weight               - [  5120,  17408,      1,      1], type =   q4_K, size =   47.812 MiB
[ 341/ 866] blk.25.ffn_up.weight                 - [  5120,  17408,      1,      1], type =   q4_K, size =   47.812 MiB
[ 342/ 866] blk.25.post_attention_norm.weight    - [  5120,      1,      1,      1], type =    f32, size =    0.020 MiB
[ 343/ 866] blk.25.ssm_a                         - [    48,      1,      1,      1], type =    f32, size =    0.000 MiB
[ 344/ 866] blk.25.ssm_alpha.weight              - [  5120,     48,      1,      1], type =    f32, size =    0.938 MiB
[ 345/ 866] blk.25.ssm_beta.weight               - [  5120,     48,      1,      1], type =    f32, size =    0.938 MiB
[ 346/ 866] blk.25.ssm_conv1d.weight             - [     4,  10240,      1,      1], type =    f32, size =    0.156 MiB
[ 347/ 866] blk.25.ssm_dt.bias                   - [    48,      1,      1,      1], type =    f32, size =    0.000 MiB
[ 348/ 866] blk.25.ssm_norm.weight               - [   128,      1,      1,      1], type =    f32, size =    0.000 MiB
[ 349/ 866] blk.25.ssm_out.weight                - [  6144,   5120,      1,      1], type =   q5_K, size =   20.625 MiB
[ 350/ 866] blk.26.attn_gate.weight              - [  5120,   6144,      1,      1], type =   q4_K, size =   16.875 MiB
[ 351/ 866] blk.26.attn_norm.weight              - [  5120,      1,      1,      1], type =    f32, size =    0.020 MiB
[ 352/ 866] blk.26.attn_qkv.weight               - [  5120,  10240,      1,      1], type =   q4_K, size =   28.125 MiB
[ 353/ 866] blk.26.ffn_down.weight               - [ 17408,   5120,      1,      1], type =   q4_K, size =   47.812 MiB
[ 354/ 866] blk.26.ffn_gate.weight               - [  5120,  17408,      1,      1], type =   q4_K, size =   47.812 MiB
[ 355/ 866] blk.26.ffn_up.weight                 - [  5120,  17408,      1,      1], type =   q4_K, size =   47.812 MiB
[ 356/ 866] blk.26.post_attention_norm.weight    - [  5120,      1,      1,      1], type =    f32, size =    0.020 MiB
[ 357/ 866] blk.26.ssm_a                         - [    48,      1,      1,      1], type =    f32, size =    0.000 MiB
[ 358/ 866] blk.26.ssm_alpha.weight              - [  5120,     48,      1,      1], type =    f32, size =    0.938 MiB
[ 359/ 866] blk.26.ssm_beta.weight               - [  5120,     48,      1,      1], type =    f32, size =    0.938 MiB
[ 360/ 866] blk.26.ssm_conv1d.weight             - [     4,  10240,      1,      1], type =    f32, size =    0.156 MiB
[ 361/ 866] blk.26.ssm_dt.bias                   - [    48,      1,      1,      1], type =    f32, size =    0.000 MiB
[ 362/ 866] blk.26.ssm_norm.weight               - [   128,      1,      1,      1], type =    f32, size =    0.000 MiB
[ 363/ 866] blk.26.ssm_out.weight                - [  6144,   5120,      1,      1], type =   q5_K, size =   20.625 MiB
[ 364/ 866] blk.27.attn_k.weight                 - [  5120,   1024,      1,      1], type =   q4_K, size =    2.812 MiB
[ 365/ 866] blk.27.attn_k_norm.weight            - [   256,      1,      1,      1], type =    f32, size =    0.001 MiB
[ 366/ 866] blk.27.attn_norm.weight              - [  5120,      1,      1,      1], type =    f32, size =    0.020 MiB
[ 367/ 866] blk.27.attn_output.weight            - [  6144,   5120,      1,      1], type =   q4_K, size =   16.875 MiB
[ 368/ 866] blk.27.attn_q.weight                 - [  5120,  12288,      1,      1], type =   q4_K, size =   33.750 MiB
[ 369/ 866] blk.27.attn_q_norm.weight            - [   256,      1,      1,      1], type =    f32, size =    0.001 MiB
[ 370/ 866] blk.27.attn_v.weight                 - [  5120,   1024,      1,      1], type =   q4_K, size =    2.812 MiB
[ 371/ 866] blk.27.ffn_down.weight               - [ 17408,   5120,      1,      1], type =   q4_K, size =   47.812 MiB
[ 372/ 866] blk.27.ffn_gate.weight               - [  5120,  17408,      1,      1], type =   q4_K, size =   47.812 MiB
[ 373/ 866] blk.27.ffn_up.weight                 - [  5120,  17408,      1,      1], type =   q4_K, size =   47.812 MiB
[ 374/ 866] blk.27.post_attention_norm.weight    - [  5120,      1,      1,      1], type =    f32, size =    0.020 MiB
[ 375/ 866] blk.28.attn_gate.weight              - [  5120,   6144,      1,      1], type =   q4_K, size =   16.875 MiB
[ 376/ 866] blk.28.attn_norm.weight              - [  5120,      1,      1,      1], type =    f32, size =    0.020 MiB
[ 377/ 866] blk.28.attn_qkv.weight               - [  5120,  10240,      1,      1], type =   q4_K, size =   28.125 MiB
[ 378/ 866] blk.28.ffn_down.weight               - [ 17408,   5120,      1,      1], type =   q4_K, size =   47.812 MiB
[ 379/ 866] blk.28.ffn_gate.weight               - [  5120,  17408,      1,      1], type =   q4_K, size =   47.812 MiB
[ 380/ 866] blk.28.ffn_up.weight                 - [  5120,  17408,      1,      1], type =   q4_K, size =   47.812 MiB
[ 381/ 866] blk.28.post_attention_norm.weight    - [  5120,      1,      1,      1], type =    f32, size =    0.020 MiB
[ 382/ 866] blk.28.ssm_a                         - [    48,      1,      1,      1], type =    f32, size =    0.000 MiB
[ 383/ 866] blk.28.ssm_alpha.weight              - [  5120,     48,      1,      1], type =    f32, size =    0.938 MiB
[ 384/ 866] blk.28.ssm_beta.weight               - [  5120,     48,      1,      1], type =    f32, size =    0.938 MiB
[ 385/ 866] blk.28.ssm_conv1d.weight             - [     4,  10240,      1,      1], type =    f32, size =    0.156 MiB
[ 386/ 866] blk.28.ssm_dt.bias                   - [    48,      1,      1,      1], type =    f32, size =    0.000 MiB
[ 387/ 866] blk.28.ssm_norm.weight               - [   128,      1,      1,      1], type =    f32, size =    0.000 MiB
[ 388/ 866] blk.28.ssm_out.weight                - [  6144,   5120,      1,      1], type =   q5_K, size =   20.625 MiB
[ 389/ 866] blk.29.attn_gate.weight              - [  5120,   6144,      1,      1], type =   q4_K, size =   16.875 MiB
[ 390/ 866] blk.29.attn_norm.weight              - [  5120,      1,      1,      1], type =    f32, size =    0.020 MiB
[ 391/ 866] blk.29.attn_qkv.weight               - [  5120,  10240,      1,      1], type =   q4_K, size =   28.125 MiB
[ 392/ 866] blk.29.ffn_down.weight               - [ 17408,   5120,      1,      1], type =   q4_K, size =   47.812 MiB
[ 393/ 866] blk.29.ffn_gate.weight               - [  5120,  17408,      1,      1], type =   q4_K, size =   47.812 MiB
[ 394/ 866] blk.29.ffn_up.weight                 - [  5120,  17408,      1,      1], type =   q4_K, size =   47.812 MiB
[ 395/ 866] blk.29.post_attention_norm.weight    - [  5120,      1,      1,      1], type =    f32, size =    0.020 MiB
[ 396/ 866] blk.29.ssm_a                         - [    48,      1,      1,      1], type =    f32, size =    0.000 MiB
[ 397/ 866] blk.29.ssm_alpha.weight              - [  5120,     48,      1,      1], type =    f32, size =    0.938 MiB
[ 398/ 866] blk.29.ssm_beta.weight               - [  5120,     48,      1,      1], type =    f32, size =    0.938 MiB
[ 399/ 866] blk.29.ssm_conv1d.weight             - [     4,  10240,      1,      1], type =    f32, size =    0.156 MiB
[ 400/ 866] blk.29.ssm_dt.bias                   - [    48,      1,      1,      1], type =    f32, size =    0.000 MiB
[ 401/ 866] blk.29.ssm_norm.weight               - [   128,      1,      1,      1], type =    f32, size =    0.000 MiB
[ 402/ 866] blk.29.ssm_out.weight                - [  6144,   5120,      1,      1], type =   q5_K, size =   20.625 MiB
[ 403/ 866] blk.30.attn_gate.weight              - [  5120,   6144,      1,      1], type =   q4_K, size =   16.875 MiB
[ 404/ 866] blk.30.attn_norm.weight              - [  5120,      1,      1,      1], type =    f32, size =    0.020 MiB
[ 405/ 866] blk.30.attn_qkv.weight               - [  5120,  10240,      1,      1], type =   q4_K, size =   28.125 MiB
[ 406/ 866] blk.30.ffn_down.weight               - [ 17408,   5120,      1,      1], type =   q4_K, size =   47.812 MiB
[ 407/ 866] blk.30.ffn_gate.weight               - [  5120,  17408,      1,      1], type =   q4_K, size =   47.812 MiB
[ 408/ 866] blk.30.ffn_up.weight                 - [  5120,  17408,      1,      1], type =   q4_K, size =   47.812 MiB
[ 409/ 866] blk.30.post_attention_norm.weight    - [  5120,      1,      1,      1], type =    f32, size =    0.020 MiB
[ 410/ 866] blk.30.ssm_a                         - [    48,      1,      1,      1], type =    f32, size =    0.000 MiB
[ 411/ 866] blk.30.ssm_alpha.weight              - [  5120,     48,      1,      1], type =    f32, size =    0.938 MiB
[ 412/ 866] blk.30.ssm_beta.weight               - [  5120,     48,      1,      1], type =    f32, size =    0.938 MiB
[ 413/ 866] blk.30.ssm_conv1d.weight             - [     4,  10240,      1,      1], type =    f32, size =    0.156 MiB
[ 414/ 866] blk.30.ssm_dt.bias                   - [    48,      1,      1,      1], type =    f32, size =    0.000 MiB
[ 415/ 866] blk.30.ssm_norm.weight               - [   128,      1,      1,      1], type =    f32, size =    0.000 MiB
[ 416/ 866] blk.30.ssm_out.weight                - [  6144,   5120,      1,      1], type =   q5_K, size =   20.625 MiB
[ 417/ 866] blk.31.attn_k.weight                 - [  5120,   1024,      1,      1], type =   q4_K, size =    2.812 MiB
[ 418/ 866] blk.31.attn_k_norm.weight            - [   256,      1,      1,      1], type =    f32, size =    0.001 MiB
[ 419/ 866] blk.31.attn_norm.weight              - [  5120,      1,      1,      1], type =    f32, size =    0.020 MiB
[ 420/ 866] blk.31.attn_output.weight            - [  6144,   5120,      1,      1], type =   q4_K, size =   16.875 MiB
[ 421/ 866] blk.31.attn_q.weight                 - [  5120,  12288,      1,      1], type =   q4_K, size =   33.750 MiB
[ 422/ 866] blk.31.attn_q_norm.weight            - [   256,      1,      1,      1], type =    f32, size =    0.001 MiB
[ 423/ 866] blk.31.attn_v.weight                 - [  5120,   1024,      1,      1], type =   q4_K, size =    2.812 MiB
[ 424/ 866] blk.31.ffn_down.weight               - [ 17408,   5120,      1,      1], type =   q4_K, size =   47.812 MiB
[ 425/ 866] blk.31.ffn_gate.weight               - [  5120,  17408,      1,      1], type =   q4_K, size =   47.812 MiB
[ 426/ 866] blk.31.ffn_up.weight                 - [  5120,  17408,      1,      1], type =   q4_K, size =   47.812 MiB
[ 427/ 866] blk.31.post_attention_norm.weight    - [  5120,      1,      1,      1], type =    f32, size =    0.020 MiB
[ 428/ 866] blk.32.attn_gate.weight              - [  5120,   6144,      1,      1], type =   q4_K, size =   16.875 MiB
[ 429/ 866] blk.32.attn_norm.weight              - [  5120,      1,      1,      1], type =    f32, size =    0.020 MiB
[ 430/ 866] blk.32.attn_qkv.weight               - [  5120,  10240,      1,      1], type =   q4_K, size =   28.125 MiB
[ 431/ 866] blk.32.ffn_down.weight               - [ 17408,   5120,      1,      1], type =   q4_K, size =   47.812 MiB
[ 432/ 866] blk.32.ffn_gate.weight               - [  5120,  17408,      1,      1], type =   q4_K, size =   47.812 MiB
[ 433/ 866] blk.32.ffn_up.weight                 - [  5120,  17408,      1,      1], type =   q4_K, size =   47.812 MiB
[ 434/ 866] blk.32.post_attention_norm.weight    - [  5120,      1,      1,      1], type =    f32, size =    0.020 MiB
[ 435/ 866] blk.32.ssm_a                         - [    48,      1,      1,      1], type =    f32, size =    0.000 MiB
[ 436/ 866] blk.32.ssm_alpha.weight              - [  5120,     48,      1,      1], type =    f32, size =    0.938 MiB
[ 437/ 866] blk.32.ssm_beta.weight               - [  5120,     48,      1,      1], type =    f32, size =    0.938 MiB
[ 438/ 866] blk.32.ssm_conv1d.weight             - [     4,  10240,      1,      1], type =    f32, size =    0.156 MiB
[ 439/ 866] blk.32.ssm_dt.bias                   - [    48,      1,      1,      1], type =    f32, size =    0.000 MiB
[ 440/ 866] blk.32.ssm_norm.weight               - [   128,      1,      1,      1], type =    f32, size =    0.000 MiB
[ 441/ 866] blk.32.ssm_out.weight                - [  6144,   5120,      1,      1], type =   q5_K, size =   20.625 MiB
[ 442/ 866] blk.33.attn_gate.weight              - [  5120,   6144,      1,      1], type =   q4_K, size =   16.875 MiB
[ 443/ 866] blk.33.attn_norm.weight              - [  5120,      1,      1,      1], type =    f32, size =    0.020 MiB
[ 444/ 866] blk.33.attn_qkv.weight               - [  5120,  10240,      1,      1], type =   q4_K, size =   28.125 MiB
[ 445/ 866] blk.33.ffn_down.weight               - [ 17408,   5120,      1,      1], type =   q4_K, size =   47.812 MiB
[ 446/ 866] blk.33.ffn_gate.weight               - [  5120,  17408,      1,      1], type =   q4_K, size =   47.812 MiB
[ 447/ 866] blk.33.ffn_up.weight                 - [  5120,  17408,      1,      1], type =   q4_K, size =   47.812 MiB
[ 448/ 866] blk.33.post_attention_norm.weight    - [  5120,      1,      1,      1], type =    f32, size =    0.020 MiB
[ 449/ 866] blk.33.ssm_a                         - [    48,      1,      1,      1], type =    f32, size =    0.000 MiB
[ 450/ 866] blk.33.ssm_alpha.weight              - [  5120,     48,      1,      1], type =    f32, size =    0.938 MiB
[ 451/ 866] blk.33.ssm_beta.weight               - [  5120,     48,      1,      1], type =    f32, size =    0.938 MiB
[ 452/ 866] blk.33.ssm_conv1d.weight             - [     4,  10240,      1,      1], type =    f32, size =    0.156 MiB
[ 453/ 866] blk.33.ssm_dt.bias                   - [    48,      1,      1,      1], type =    f32, size =    0.000 MiB
[ 454/ 866] blk.33.ssm_norm.weight               - [   128,      1,      1,      1], type =    f32, size =    0.000 MiB
[ 455/ 866] blk.33.ssm_out.weight                - [  6144,   5120,      1,      1], type =   q5_K, size =   20.625 MiB
[ 456/ 866] blk.34.attn_gate.weight              - [  5120,   6144,      1,      1], type =   q4_K, size =   16.875 MiB
[ 457/ 866] blk.34.attn_norm.weight              - [  5120,      1,      1,      1], type =    f32, size =    0.020 MiB
[ 458/ 866] blk.34.attn_qkv.weight               - [  5120,  10240,      1,      1], type =   q4_K, size =   28.125 MiB
[ 459/ 866] blk.34.ffn_down.weight               - [ 17408,   5120,      1,      1], type =   q4_K, size =   47.812 MiB
[ 460/ 866] blk.34.ffn_gate.weight               - [  5120,  17408,      1,      1], type =   q4_K, size =   47.812 MiB
[ 461/ 866] blk.34.ffn_up.weight                 - [  5120,  17408,      1,      1], type =   q4_K, size =   47.812 MiB
[ 462/ 866] blk.34.post_attention_norm.weight    - [  5120,      1,      1,      1], type =    f32, size =    0.020 MiB
[ 463/ 866] blk.34.ssm_a                         - [    48,      1,      1,      1], type =    f32, size =    0.000 MiB
[ 464/ 866] blk.34.ssm_alpha.weight              - [  5120,     48,      1,      1], type =    f32, size =    0.938 MiB
[ 465/ 866] blk.34.ssm_beta.weight               - [  5120,     48,      1,      1], type =    f32, size =    0.938 MiB
[ 466/ 866] blk.34.ssm_conv1d.weight             - [     4,  10240,      1,      1], type =    f32, size =    0.156 MiB
[ 467/ 866] blk.34.ssm_dt.bias                   - [    48,      1,      1,      1], type =    f32, size =    0.000 MiB
[ 468/ 866] blk.34.ssm_norm.weight               - [   128,      1,      1,      1], type =    f32, size =    0.000 MiB
[ 469/ 866] blk.34.ssm_out.weight                - [  6144,   5120,      1,      1], type =   q5_K, size =   20.625 MiB
[ 470/ 866] blk.35.attn_k.weight                 - [  5120,   1024,      1,      1], type =   q4_K, size =    2.812 MiB
[ 471/ 866] blk.35.attn_k_norm.weight            - [   256,      1,      1,      1], type =    f32, size =    0.001 MiB
[ 472/ 866] blk.35.attn_norm.weight              - [  5120,      1,      1,      1], type =    f32, size =    0.020 MiB
[ 473/ 866] blk.35.attn_output.weight            - [  6144,   5120,      1,      1], type =   q4_K, size =   16.875 MiB
[ 474/ 866] blk.35.attn_q.weight                 - [  5120,  12288,      1,      1], type =   q4_K, size =   33.750 MiB
[ 475/ 866] blk.35.attn_q_norm.weight            - [   256,      1,      1,      1], type =    f32, size =    0.001 MiB
[ 476/ 866] blk.35.attn_v.weight                 - [  5120,   1024,      1,      1], type =   q4_K, size =    2.812 MiB
[ 477/ 866] blk.35.ffn_down.weight               - [ 17408,   5120,      1,      1], type =   q4_K, size =   47.812 MiB
[ 478/ 866] blk.35.ffn_gate.weight               - [  5120,  17408,      1,      1], type =   q4_K, size =   47.812 MiB
[ 479/ 866] blk.35.ffn_up.weight                 - [  5120,  17408,      1,      1], type =   q4_K, size =   47.812 MiB
[ 480/ 866] blk.35.post_attention_norm.weight    - [  5120,      1,      1,      1], type =    f32, size =    0.020 MiB
[ 481/ 866] blk.36.attn_gate.weight              - [  5120,   6144,      1,      1], type =   q4_K, size =   16.875 MiB
[ 482/ 866] blk.36.attn_norm.weight              - [  5120,      1,      1,      1], type =    f32, size =    0.020 MiB
[ 483/ 866] blk.36.attn_qkv.weight               - [  5120,  10240,      1,      1], type =   q4_K, size =   28.125 MiB
[ 484/ 866] blk.36.ffn_down.weight               - [ 17408,   5120,      1,      1], type =   q4_K, size =   47.812 MiB
[ 485/ 866] blk.36.ffn_gate.weight               - [  5120,  17408,      1,      1], type =   q4_K, size =   47.812 MiB
[ 486/ 866] blk.36.ffn_up.weight                 - [  5120,  17408,      1,      1], type =   q4_K, size =   47.812 MiB
[ 487/ 866] blk.36.post_attention_norm.weight    - [  5120,      1,      1,      1], type =    f32, size =    0.020 MiB
[ 488/ 866] blk.36.ssm_a                         - [    48,      1,      1,      1], type =    f32, size =    0.000 MiB
[ 489/ 866] blk.36.ssm_alpha.weight              - [  5120,     48,      1,      1], type =    f32, size =    0.938 MiB
[ 490/ 866] blk.36.ssm_beta.weight               - [  5120,     48,      1,      1], type =    f32, size =    0.938 MiB
[ 491/ 866] blk.36.ssm_conv1d.weight             - [     4,  10240,      1,      1], type =    f32, size =    0.156 MiB
[ 492/ 866] blk.36.ssm_dt.bias                   - [    48,      1,      1,      1], type =    f32, size =    0.000 MiB
[ 493/ 866] blk.36.ssm_norm.weight               - [   128,      1,      1,      1], type =    f32, size =    0.000 MiB
[ 494/ 866] blk.36.ssm_out.weight                - [  6144,   5120,      1,      1], type =   q5_K, size =   20.625 MiB
[ 495/ 866] blk.37.attn_gate.weight              - [  5120,   6144,      1,      1], type =   q4_K, size =   16.875 MiB
[ 496/ 866] blk.37.attn_norm.weight              - [  5120,      1,      1,      1], type =    f32, size =    0.020 MiB
[ 497/ 866] blk.37.attn_qkv.weight               - [  5120,  10240,      1,      1], type =   q4_K, size =   28.125 MiB
[ 498/ 866] blk.37.ffn_down.weight               - [ 17408,   5120,      1,      1], type =   q4_K, size =   47.812 MiB
[ 499/ 866] blk.37.ffn_gate.weight               - [  5120,  17408,      1,      1], type =   q4_K, size =   47.812 MiB
[ 500/ 866] blk.37.ffn_up.weight                 - [  5120,  17408,      1,      1], type =   q4_K, size =   47.812 MiB
[ 501/ 866] blk.37.post_attention_norm.weight    - [  5120,      1,      1,      1], type =    f32, size =    0.020 MiB
[ 502/ 866] blk.37.ssm_a                         - [    48,      1,      1,      1], type =    f32, size =    0.000 MiB
[ 503/ 866] blk.37.ssm_alpha.weight              - [  5120,     48,      1,      1], type =    f32, size =    0.938 MiB
[ 504/ 866] blk.37.ssm_beta.weight               - [  5120,     48,      1,      1], type =    f32, size =    0.938 MiB
[ 505/ 866] blk.37.ssm_conv1d.weight             - [     4,  10240,      1,      1], type =    f32, size =    0.156 MiB
[ 506/ 866] blk.37.ssm_dt.bias                   - [    48,      1,      1,      1], type =    f32, size =    0.000 MiB
[ 507/ 866] blk.37.ssm_norm.weight               - [   128,      1,      1,      1], type =    f32, size =    0.000 MiB
[ 508/ 866] blk.37.ssm_out.weight                - [  6144,   5120,      1,      1], type =   q5_K, size =   20.625 MiB
[ 509/ 866] blk.38.attn_gate.weight              - [  5120,   6144,      1,      1], type =   q4_K, size =   16.875 MiB
[ 510/ 866] blk.38.attn_norm.weight              - [  5120,      1,      1,      1], type =    f32, size =    0.020 MiB
[ 511/ 866] blk.38.attn_qkv.weight               - [  5120,  10240,      1,      1], type =   q4_K, size =   28.125 MiB
[ 512/ 866] blk.38.ffn_down.weight               - [ 17408,   5120,      1,      1], type =   q4_K, size =   47.812 MiB
[ 513/ 866] blk.38.ffn_gate.weight               - [  5120,  17408,      1,      1], type =   q4_K, size =   47.812 MiB
[ 514/ 866] blk.38.ffn_up.weight                 - [  5120,  17408,      1,      1], type =   q4_K, size =   47.812 MiB
[ 515/ 866] blk.38.post_attention_norm.weight    - [  5120,      1,      1,      1], type =    f32, size =    0.020 MiB
[ 516/ 866] blk.38.ssm_a                         - [    48,      1,      1,      1], type =    f32, size =    0.000 MiB
[ 517/ 866] blk.38.ssm_alpha.weight              - [  5120,     48,      1,      1], type =    f32, size =    0.938 MiB
[ 518/ 866] blk.38.ssm_beta.weight               - [  5120,     48,      1,      1], type =    f32, size =    0.938 MiB
[ 519/ 866] blk.38.ssm_conv1d.weight             - [     4,  10240,      1,      1], type =    f32, size =    0.156 MiB
[ 520/ 866] blk.38.ssm_dt.bias                   - [    48,      1,      1,      1], type =    f32, size =    0.000 MiB
[ 521/ 866] blk.38.ssm_norm.weight               - [   128,      1,      1,      1], type =    f32, size =    0.000 MiB
[ 522/ 866] blk.38.ssm_out.weight                - [  6144,   5120,      1,      1], type =   q5_K, size =   20.625 MiB
[ 523/ 866] blk.39.attn_k.weight                 - [  5120,   1024,      1,      1], type =   q4_K, size =    2.812 MiB
[ 524/ 866] blk.39.attn_k_norm.weight            - [   256,      1,      1,      1], type =    f32, size =    0.001 MiB
[ 525/ 866] blk.39.attn_norm.weight              - [  5120,      1,      1,      1], type =    f32, size =    0.020 MiB
[ 526/ 866] blk.39.attn_output.weight            - [  6144,   5120,      1,      1], type =   q4_K, size =   16.875 MiB
[ 527/ 866] blk.39.attn_q.weight                 - [  5120,  12288,      1,      1], type =   q4_K, size =   33.750 MiB
[ 528/ 866] blk.39.attn_q_norm.weight            - [   256,      1,      1,      1], type =    f32, size =    0.001 MiB
[ 529/ 866] blk.39.attn_v.weight                 - [  5120,   1024,      1,      1], type =   q4_K, size =    2.812 MiB
[ 530/ 866] blk.39.ffn_down.weight               - [ 17408,   5120,      1,      1], type =   q4_K, size =   47.812 MiB
[ 531/ 866] blk.39.ffn_gate.weight               - [  5120,  17408,      1,      1], type =   q4_K, size =   47.812 MiB
[ 532/ 866] blk.39.ffn_up.weight                 - [  5120,  17408,      1,      1], type =   q4_K, size =   47.812 MiB
[ 533/ 866] blk.39.post_attention_norm.weight    - [  5120,      1,      1,      1], type =    f32, size =    0.020 MiB
[ 534/ 866] blk.40.attn_gate.weight              - [  5120,   6144,      1,      1], type =   q4_K, size =   16.875 MiB
[ 535/ 866] blk.40.attn_norm.weight              - [  5120,      1,      1,      1], type =    f32, size =    0.020 MiB
[ 536/ 866] blk.40.attn_qkv.weight               - [  5120,  10240,      1,      1], type =   q4_K, size =   28.125 MiB
[ 537/ 866] blk.40.ffn_down.weight               - [ 17408,   5120,      1,      1], type =   q4_K, size =   47.812 MiB
[ 538/ 866] blk.40.ffn_gate.weight               - [  5120,  17408,      1,      1], type =   q4_K, size =   47.812 MiB
[ 539/ 866] blk.40.ffn_up.weight                 - [  5120,  17408,      1,      1], type =   q4_K, size =   47.812 MiB
[ 540/ 866] blk.40.post_attention_norm.weight    - [  5120,      1,      1,      1], type =    f32, size =    0.020 MiB
[ 541/ 866] blk.40.ssm_a                         - [    48,      1,      1,      1], type =    f32, size =    0.000 MiB
[ 542/ 866] blk.40.ssm_alpha.weight              - [  5120,     48,      1,      1], type =    f32, size =    0.938 MiB
[ 543/ 866] blk.40.ssm_beta.weight               - [  5120,     48,      1,      1], type =    f32, size =    0.938 MiB
[ 544/ 866] blk.40.ssm_conv1d.weight             - [     4,  10240,      1,      1], type =    f32, size =    0.156 MiB
[ 545/ 866] blk.40.ssm_dt.bias                   - [    48,      1,      1,      1], type =    f32, size =    0.000 MiB
[ 546/ 866] blk.40.ssm_norm.weight               - [   128,      1,      1,      1], type =    f32, size =    0.000 MiB
[ 547/ 866] blk.40.ssm_out.weight                - [  6144,   5120,      1,      1], type =   q5_K, size =   20.625 MiB
[ 548/ 866] blk.41.attn_gate.weight              - [  5120,   6144,      1,      1], type =   q4_K, size =   16.875 MiB
[ 549/ 866] blk.41.attn_norm.weight              - [  5120,      1,      1,      1], type =    f32, size =    0.020 MiB
[ 550/ 866] blk.41.attn_qkv.weight               - [  5120,  10240,      1,      1], type =   q4_K, size =   28.125 MiB
[ 551/ 866] blk.41.ffn_down.weight               - [ 17408,   5120,      1,      1], type =   q4_K, size =   47.812 MiB
[ 552/ 866] blk.41.ffn_gate.weight               - [  5120,  17408,      1,      1], type =   q4_K, size =   47.812 MiB
[ 553/ 866] blk.41.ffn_up.weight                 - [  5120,  17408,      1,      1], type =   q4_K, size =   47.812 MiB
[ 554/ 866] blk.41.post_attention_norm.weight    - [  5120,      1,      1,      1], type =    f32, size =    0.020 MiB
[ 555/ 866] blk.41.ssm_a                         - [    48,      1,      1,      1], type =    f32, size =    0.000 MiB
[ 556/ 866] blk.41.ssm_alpha.weight              - [  5120,     48,      1,      1], type =    f32, size =    0.938 MiB
[ 557/ 866] blk.41.ssm_beta.weight               - [  5120,     48,      1,      1], type =    f32, size =    0.938 MiB
[ 558/ 866] blk.41.ssm_conv1d.weight             - [     4,  10240,      1,      1], type =    f32, size =    0.156 MiB
[ 559/ 866] blk.41.ssm_dt.bias                   - [    48,      1,      1,      1], type =    f32, size =    0.000 MiB
[ 560/ 866] blk.41.ssm_norm.weight               - [   128,      1,      1,      1], type =    f32, size =    0.000 MiB
[ 561/ 866] blk.41.ssm_out.weight                - [  6144,   5120,      1,      1], type =   q5_K, size =   20.625 MiB
[ 562/ 866] blk.42.attn_gate.weight              - [  5120,   6144,      1,      1], type =   q4_K, size =   16.875 MiB
[ 563/ 866] blk.42.attn_norm.weight              - [  5120,      1,      1,      1], type =    f32, size =    0.020 MiB
[ 564/ 866] blk.42.attn_qkv.weight               - [  5120,  10240,      1,      1], type =   q4_K, size =   28.125 MiB
[ 565/ 866] blk.42.ffn_down.weight               - [ 17408,   5120,      1,      1], type =   q4_K, size =   47.812 MiB
[ 566/ 866] blk.42.ffn_gate.weight               - [  5120,  17408,      1,      1], type =   q4_K, size =   47.812 MiB
[ 567/ 866] blk.42.ffn_up.weight                 - [  5120,  17408,      1,      1], type =   q4_K, size =   47.812 MiB
[ 568/ 866] blk.42.post_attention_norm.weight    - [  5120,      1,      1,      1], type =    f32, size =    0.020 MiB
[ 569/ 866] blk.42.ssm_a                         - [    48,      1,      1,      1], type =    f32, size =    0.000 MiB
[ 570/ 866] blk.42.ssm_alpha.weight              - [  5120,     48,      1,      1], type =    f32, size =    0.938 MiB
[ 571/ 866] blk.42.ssm_beta.weight               - [  5120,     48,      1,      1], type =    f32, size =    0.938 MiB
[ 572/ 866] blk.42.ssm_conv1d.weight             - [     4,  10240,      1,      1], type =    f32, size =    0.156 MiB
[ 573/ 866] blk.42.ssm_dt.bias                   - [    48,      1,      1,      1], type =    f32, size =    0.000 MiB
[ 574/ 866] blk.42.ssm_norm.weight               - [   128,      1,      1,      1], type =    f32, size =    0.000 MiB
[ 575/ 866] blk.42.ssm_out.weight                - [  6144,   5120,      1,      1], type =   q5_K, size =   20.625 MiB
[ 576/ 866] blk.43.attn_k.weight                 - [  5120,   1024,      1,      1], type =   q4_K, size =    2.812 MiB
[ 577/ 866] blk.43.attn_k_norm.weight            - [   256,      1,      1,      1], type =    f32, size =    0.001 MiB
[ 578/ 866] blk.43.attn_norm.weight              - [  5120,      1,      1,      1], type =    f32, size =    0.020 MiB
[ 579/ 866] blk.43.attn_output.weight            - [  6144,   5120,      1,      1], type =   q4_K, size =   16.875 MiB
[ 580/ 866] blk.43.attn_q.weight                 - [  5120,  12288,      1,      1], type =   q4_K, size =   33.750 MiB
[ 581/ 866] blk.43.attn_q_norm.weight            - [   256,      1,      1,      1], type =    f32, size =    0.001 MiB
[ 582/ 866] blk.43.attn_v.weight                 - [  5120,   1024,      1,      1], type =   q4_K, size =    2.812 MiB
[ 583/ 866] blk.43.ffn_down.weight               - [ 17408,   5120,      1,      1], type =   q4_K, size =   47.812 MiB
[ 584/ 866] blk.43.ffn_gate.weight               - [  5120,  17408,      1,      1], type =   q4_K, size =   47.812 MiB
[ 585/ 866] blk.43.ffn_up.weight                 - [  5120,  17408,      1,      1], type =   q4_K, size =   47.812 MiB
[ 586/ 866] blk.43.post_attention_norm.weight    - [  5120,      1,      1,      1], type =    f32, size =    0.020 MiB
[ 587/ 866] blk.44.attn_gate.weight              - [  5120,   6144,      1,      1], type =   q4_K, size =   16.875 MiB
[ 588/ 866] blk.44.attn_norm.weight              - [  5120,      1,      1,      1], type =    f32, size =    0.020 MiB
[ 589/ 866] blk.44.attn_qkv.weight               - [  5120,  10240,      1,      1], type =   q4_K, size =   28.125 MiB
[ 590/ 866] blk.44.ffn_down.weight               - [ 17408,   5120,      1,      1], type =   q4_K, size =   47.812 MiB
[ 591/ 866] blk.44.ffn_gate.weight               - [  5120,  17408,      1,      1], type =   q4_K, size =   47.812 MiB
[ 592/ 866] blk.44.ffn_up.weight                 - [  5120,  17408,      1,      1], type =   q4_K, size =   47.812 MiB
[ 593/ 866] blk.44.post_attention_norm.weight    - [  5120,      1,      1,      1], type =    f32, size =    0.020 MiB
[ 594/ 866] blk.44.ssm_a                         - [    48,      1,      1,      1], type =    f32, size =    0.000 MiB
[ 595/ 866] blk.44.ssm_alpha.weight              - [  5120,     48,      1,      1], type =    f32, size =    0.938 MiB
[ 596/ 866] blk.44.ssm_beta.weight               - [  5120,     48,      1,      1], type =    f32, size =    0.938 MiB
[ 597/ 866] blk.44.ssm_conv1d.weight             - [     4,  10240,      1,      1], type =    f32, size =    0.156 MiB
[ 598/ 866] blk.44.ssm_dt.bias                   - [    48,      1,      1,      1], type =    f32, size =    0.000 MiB
[ 599/ 866] blk.44.ssm_norm.weight               - [   128,      1,      1,      1], type =    f32, size =    0.000 MiB
[ 600/ 866] blk.44.ssm_out.weight                - [  6144,   5120,      1,      1], type =   q5_K, size =   20.625 MiB
[ 601/ 866] blk.45.attn_gate.weight              - [  5120,   6144,      1,      1], type =   q4_K, size =   16.875 MiB
[ 602/ 866] blk.45.attn_norm.weight              - [  5120,      1,      1,      1], type =    f32, size =    0.020 MiB
[ 603/ 866] blk.45.attn_qkv.weight               - [  5120,  10240,      1,      1], type =   q4_K, size =   28.125 MiB
[ 604/ 866] blk.45.ffn_down.weight               - [ 17408,   5120,      1,      1], type =   q4_K, size =   47.812 MiB
[ 605/ 866] blk.45.ffn_gate.weight               - [  5120,  17408,      1,      1], type =   q4_K, size =   47.812 MiB
[ 606/ 866] blk.45.ffn_up.weight                 - [  5120,  17408,      1,      1], type =   q4_K, size =   47.812 MiB
[ 607/ 866] blk.45.post_attention_norm.weight    - [  5120,      1,      1,      1], type =    f32, size =    0.020 MiB
[ 608/ 866] blk.45.ssm_a                         - [    48,      1,      1,      1], type =    f32, size =    0.000 MiB
[ 609/ 866] blk.45.ssm_alpha.weight              - [  5120,     48,      1,      1], type =    f32, size =    0.938 MiB
[ 610/ 866] blk.45.ssm_beta.weight               - [  5120,     48,      1,      1], type =    f32, size =    0.938 MiB
[ 611/ 866] blk.45.ssm_conv1d.weight             - [     4,  10240,      1,      1], type =    f32, size =    0.156 MiB
[ 612/ 866] blk.45.ssm_dt.bias                   - [    48,      1,      1,      1], type =    f32, size =    0.000 MiB
[ 613/ 866] blk.45.ssm_norm.weight               - [   128,      1,      1,      1], type =    f32, size =    0.000 MiB
[ 614/ 866] blk.45.ssm_out.weight                - [  6144,   5120,      1,      1], type =   q5_K, size =   20.625 MiB
[ 615/ 866] blk.46.attn_gate.weight              - [  5120,   6144,      1,      1], type =   q4_K, size =   16.875 MiB
[ 616/ 866] blk.46.attn_norm.weight              - [  5120,      1,      1,      1], type =    f32, size =    0.020 MiB
[ 617/ 866] blk.46.attn_qkv.weight               - [  5120,  10240,      1,      1], type =   q4_K, size =   28.125 MiB
[ 618/ 866] blk.46.ffn_down.weight               - [ 17408,   5120,      1,      1], type =   q4_K, size =   47.812 MiB
[ 619/ 866] blk.46.ffn_gate.weight               - [  5120,  17408,      1,      1], type =   q4_K, size =   47.812 MiB
[ 620/ 866] blk.46.ffn_up.weight                 - [  5120,  17408,      1,      1], type =   q4_K, size =   47.812 MiB
[ 621/ 866] blk.46.post_attention_norm.weight    - [  5120,      1,      1,      1], type =    f32, size =    0.020 MiB
[ 622/ 866] blk.46.ssm_a                         - [    48,      1,      1,      1], type =    f32, size =    0.000 MiB
[ 623/ 866] blk.46.ssm_alpha.weight              - [  5120,     48,      1,      1], type =    f32, size =    0.938 MiB
[ 624/ 866] blk.46.ssm_beta.weight               - [  5120,     48,      1,      1], type =    f32, size =    0.938 MiB
[ 625/ 866] blk.46.ssm_conv1d.weight             - [     4,  10240,      1,      1], type =    f32, size =    0.156 MiB
[ 626/ 866] blk.46.ssm_dt.bias                   - [    48,      1,      1,      1], type =    f32, size =    0.000 MiB
[ 627/ 866] blk.46.ssm_norm.weight               - [   128,      1,      1,      1], type =    f32, size =    0.000 MiB
[ 628/ 866] blk.46.ssm_out.weight                - [  6144,   5120,      1,      1], type =   q5_K, size =   20.625 MiB
[ 629/ 866] blk.47.attn_k.weight                 - [  5120,   1024,      1,      1], type =   q4_K, size =    2.812 MiB
[ 630/ 866] blk.47.attn_k_norm.weight            - [   256,      1,      1,      1], type =    f32, size =    0.001 MiB
[ 631/ 866] blk.47.attn_norm.weight              - [  5120,      1,      1,      1], type =    f32, size =    0.020 MiB
[ 632/ 866] blk.47.attn_output.weight            - [  6144,   5120,      1,      1], type =   q4_K, size =   16.875 MiB
[ 633/ 866] blk.47.attn_q.weight                 - [  5120,  12288,      1,      1], type =   q4_K, size =   33.750 MiB
[ 634/ 866] blk.47.attn_q_norm.weight            - [   256,      1,      1,      1], type =    f32, size =    0.001 MiB
[ 635/ 866] blk.47.attn_v.weight                 - [  5120,   1024,      1,      1], type =   q4_K, size =    2.812 MiB
[ 636/ 866] blk.47.ffn_down.weight               - [ 17408,   5120,      1,      1], type =   q4_K, size =   47.812 MiB
[ 637/ 866] blk.47.ffn_gate.weight               - [  5120,  17408,      1,      1], type =   q4_K, size =   47.812 MiB
[ 638/ 866] blk.47.ffn_up.weight                 - [  5120,  17408,      1,      1], type =   q4_K, size =   47.812 MiB
[ 639/ 866] blk.47.post_attention_norm.weight    - [  5120,      1,      1,      1], type =    f32, size =    0.020 MiB
[ 640/ 866] blk.48.attn_gate.weight              - [  5120,   6144,      1,      1], type =   q4_K, size =   16.875 MiB
[ 641/ 866] blk.48.attn_norm.weight              - [  5120,      1,      1,      1], type =    f32, size =    0.020 MiB
[ 642/ 866] blk.48.attn_qkv.weight               - [  5120,  10240,      1,      1], type =   q4_K, size =   28.125 MiB
[ 643/ 866] blk.48.ffn_down.weight               - [ 17408,   5120,      1,      1], type =   q4_K, size =   47.812 MiB
[ 644/ 866] blk.48.ffn_gate.weight               - [  5120,  17408,      1,      1], type =   q4_K, size =   47.812 MiB
[ 645/ 866] blk.48.ffn_up.weight                 - [  5120,  17408,      1,      1], type =   q4_K, size =   47.812 MiB
[ 646/ 866] blk.48.post_attention_norm.weight    - [  5120,      1,      1,      1], type =    f32, size =    0.020 MiB
[ 647/ 866] blk.48.ssm_a                         - [    48,      1,      1,      1], type =    f32, size =    0.000 MiB
[ 648/ 866] blk.48.ssm_alpha.weight              - [  5120,     48,      1,      1], type =    f32, size =    0.938 MiB
[ 649/ 866] blk.48.ssm_beta.weight               - [  5120,     48,      1,      1], type =    f32, size =    0.938 MiB
[ 650/ 866] blk.48.ssm_conv1d.weight             - [     4,  10240,      1,      1], type =    f32, size =    0.156 MiB
[ 651/ 866] blk.48.ssm_dt.bias                   - [    48,      1,      1,      1], type =    f32, size =    0.000 MiB
[ 652/ 866] blk.48.ssm_norm.weight               - [   128,      1,      1,      1], type =    f32, size =    0.000 MiB
[ 653/ 866] blk.48.ssm_out.weight                - [  6144,   5120,      1,      1], type =   q5_K, size =   20.625 MiB
[ 654/ 866] blk.49.attn_gate.weight              - [  5120,   6144,      1,      1], type =   q4_K, size =   16.875 MiB
[ 655/ 866] blk.49.attn_norm.weight              - [  5120,      1,      1,      1], type =    f32, size =    0.020 MiB
[ 656/ 866] blk.49.attn_qkv.weight               - [  5120,  10240,      1,      1], type =   q4_K, size =   28.125 MiB
[ 657/ 866] blk.49.ffn_down.weight               - [ 17408,   5120,      1,      1], type =   q4_K, size =   47.812 MiB
[ 658/ 866] blk.49.ffn_gate.weight               - [  5120,  17408,      1,      1], type =   q4_K, size =   47.812 MiB
[ 659/ 866] blk.49.ffn_up.weight                 - [  5120,  17408,      1,      1], type =   q4_K, size =   47.812 MiB
[ 660/ 866] blk.49.post_attention_norm.weight    - [  5120,      1,      1,      1], type =    f32, size =    0.020 MiB
[ 661/ 866] blk.49.ssm_a                         - [    48,      1,      1,      1], type =    f32, size =    0.000 MiB
[ 662/ 866] blk.49.ssm_alpha.weight              - [  5120,     48,      1,      1], type =    f32, size =    0.938 MiB
[ 663/ 866] blk.49.ssm_beta.weight               - [  5120,     48,      1,      1], type =    f32, size =    0.938 MiB
[ 664/ 866] blk.49.ssm_conv1d.weight             - [     4,  10240,      1,      1], type =    f32, size =    0.156 MiB
[ 665/ 866] blk.49.ssm_dt.bias                   - [    48,      1,      1,      1], type =    f32, size =    0.000 MiB
[ 666/ 866] blk.49.ssm_norm.weight               - [   128,      1,      1,      1], type =    f32, size =    0.000 MiB
[ 667/ 866] blk.49.ssm_out.weight                - [  6144,   5120,      1,      1], type =   q5_K, size =   20.625 MiB
[ 668/ 866] blk.50.attn_gate.weight              - [  5120,   6144,      1,      1], type =   q4_K, size =   16.875 MiB
[ 669/ 866] blk.50.attn_norm.weight              - [  5120,      1,      1,      1], type =    f32, size =    0.020 MiB
[ 670/ 866] blk.50.attn_qkv.weight               - [  5120,  10240,      1,      1], type =   q4_K, size =   28.125 MiB
[ 671/ 866] blk.50.ffn_down.weight               - [ 17408,   5120,      1,      1], type =   q4_K, size =   47.812 MiB
[ 672/ 866] blk.50.ffn_gate.weight               - [  5120,  17408,      1,      1], type =   q4_K, size =   47.812 MiB
[ 673/ 866] blk.50.ffn_up.weight                 - [  5120,  17408,      1,      1], type =   q4_K, size =   47.812 MiB
[ 674/ 866] blk.50.post_attention_norm.weight    - [  5120,      1,      1,      1], type =    f32, size =    0.020 MiB
[ 675/ 866] blk.50.ssm_a                         - [    48,      1,      1,      1], type =    f32, size =    0.000 MiB
[ 676/ 866] blk.50.ssm_alpha.weight              - [  5120,     48,      1,      1], type =    f32, size =    0.938 MiB
[ 677/ 866] blk.50.ssm_beta.weight               - [  5120,     48,      1,      1], type =    f32, size =    0.938 MiB
[ 678/ 866] blk.50.ssm_conv1d.weight             - [     4,  10240,      1,      1], type =    f32, size =    0.156 MiB
[ 679/ 866] blk.50.ssm_dt.bias                   - [    48,      1,      1,      1], type =    f32, size =    0.000 MiB
[ 680/ 866] blk.50.ssm_norm.weight               - [   128,      1,      1,      1], type =    f32, size =    0.000 MiB
[ 681/ 866] blk.50.ssm_out.weight                - [  6144,   5120,      1,      1], type =   q5_K, size =   20.625 MiB
[ 682/ 866] blk.51.attn_k.weight                 - [  5120,   1024,      1,      1], type =   q4_K, size =    2.812 MiB
[ 683/ 866] blk.51.attn_k_norm.weight            - [   256,      1,      1,      1], type =    f32, size =    0.001 MiB
[ 684/ 866] blk.51.attn_norm.weight              - [  5120,      1,      1,      1], type =    f32, size =    0.020 MiB
[ 685/ 866] blk.51.attn_output.weight            - [  6144,   5120,      1,      1], type =   q4_K, size =   16.875 MiB
[ 686/ 866] blk.51.attn_q.weight                 - [  5120,  12288,      1,      1], type =   q4_K, size =   33.750 MiB
[ 687/ 866] blk.51.attn_q_norm.weight            - [   256,      1,      1,      1], type =    f32, size =    0.001 MiB
[ 688/ 866] blk.51.attn_v.weight                 - [  5120,   1024,      1,      1], type =   q4_K, size =    2.812 MiB
[ 689/ 866] blk.51.ffn_down.weight               - [ 17408,   5120,      1,      1], type =   q4_K, size =   47.812 MiB
[ 690/ 866] blk.51.ffn_gate.weight               - [  5120,  17408,      1,      1], type =   q4_K, size =   47.812 MiB
[ 691/ 866] blk.51.ffn_up.weight                 - [  5120,  17408,      1,      1], type =   q4_K, size =   47.812 MiB
[ 692/ 866] blk.51.post_attention_norm.weight    - [  5120,      1,      1,      1], type =    f32, size =    0.020 MiB
[ 693/ 866] blk.52.attn_gate.weight              - [  5120,   6144,      1,      1], type =   q4_K, size =   16.875 MiB
[ 694/ 866] blk.52.attn_norm.weight              - [  5120,      1,      1,      1], type =    f32, size =    0.020 MiB
[ 695/ 866] blk.52.attn_qkv.weight               - [  5120,  10240,      1,      1], type =   q4_K, size =   28.125 MiB
[ 696/ 866] blk.52.ffn_down.weight               - [ 17408,   5120,      1,      1], type =   q4_K, size =   47.812 MiB
[ 697/ 866] blk.52.ffn_gate.weight               - [  5120,  17408,      1,      1], type =   q4_K, size =   47.812 MiB
[ 698/ 866] blk.52.ffn_up.weight                 - [  5120,  17408,      1,      1], type =   q4_K, size =   47.812 MiB
[ 699/ 866] blk.52.post_attention_norm.weight    - [  5120,      1,      1,      1], type =    f32, size =    0.020 MiB
[ 700/ 866] blk.52.ssm_a                         - [    48,      1,      1,      1], type =    f32, size =    0.000 MiB
[ 701/ 866] blk.52.ssm_alpha.weight              - [  5120,     48,      1,      1], type =    f32, size =    0.938 MiB
[ 702/ 866] blk.52.ssm_beta.weight               - [  5120,     48,      1,      1], type =    f32, size =    0.938 MiB
[ 703/ 866] blk.52.ssm_conv1d.weight             - [     4,  10240,      1,      1], type =    f32, size =    0.156 MiB
[ 704/ 866] blk.52.ssm_dt.bias                   - [    48,      1,      1,      1], type =    f32, size =    0.000 MiB
[ 705/ 866] blk.52.ssm_norm.weight               - [   128,      1,      1,      1], type =    f32, size =    0.000 MiB
[ 706/ 866] blk.52.ssm_out.weight                - [  6144,   5120,      1,      1], type =   q5_K, size =   20.625 MiB
[ 707/ 866] blk.53.attn_gate.weight              - [  5120,   6144,      1,      1], type =   q4_K, size =   16.875 MiB
[ 708/ 866] blk.53.attn_norm.weight              - [  5120,      1,      1,      1], type =    f32, size =    0.020 MiB
[ 709/ 866] blk.53.attn_qkv.weight               - [  5120,  10240,      1,      1], type =   q4_K, size =   28.125 MiB
[ 710/ 866] blk.53.ffn_down.weight               - [ 17408,   5120,      1,      1], type =   q4_K, size =   47.812 MiB
[ 711/ 866] blk.53.ffn_gate.weight               - [  5120,  17408,      1,      1], type =   q4_K, size =   47.812 MiB
[ 712/ 866] blk.53.ffn_up.weight                 - [  5120,  17408,      1,      1], type =   q4_K, size =   47.812 MiB
[ 713/ 866] blk.53.post_attention_norm.weight    - [  5120,      1,      1,      1], type =    f32, size =    0.020 MiB
[ 714/ 866] blk.53.ssm_a                         - [    48,      1,      1,      1], type =    f32, size =    0.000 MiB
[ 715/ 866] blk.53.ssm_alpha.weight              - [  5120,     48,      1,      1], type =    f32, size =    0.938 MiB
[ 716/ 866] blk.53.ssm_beta.weight               - [  5120,     48,      1,      1], type =    f32, size =    0.938 MiB
[ 717/ 866] blk.53.ssm_conv1d.weight             - [     4,  10240,      1,      1], type =    f32, size =    0.156 MiB
[ 718/ 866] blk.53.ssm_dt.bias                   - [    48,      1,      1,      1], type =    f32, size =    0.000 MiB
[ 719/ 866] blk.53.ssm_norm.weight               - [   128,      1,      1,      1], type =    f32, size =    0.000 MiB
[ 720/ 866] blk.53.ssm_out.weight                - [  6144,   5120,      1,      1], type =   q5_K, size =   20.625 MiB
[ 721/ 866] blk.54.attn_gate.weight              - [  5120,   6144,      1,      1], type =   q4_K, size =   16.875 MiB
[ 722/ 866] blk.54.attn_norm.weight              - [  5120,      1,      1,      1], type =    f32, size =    0.020 MiB
[ 723/ 866] blk.54.attn_qkv.weight               - [  5120,  10240,      1,      1], type =   q4_K, size =   28.125 MiB
[ 724/ 866] blk.54.ffn_down.weight               - [ 17408,   5120,      1,      1], type =   q4_K, size =   47.812 MiB
[ 725/ 866] blk.54.ffn_gate.weight               - [  5120,  17408,      1,      1], type =   q4_K, size =   47.812 MiB
[ 726/ 866] blk.54.ffn_up.weight                 - [  5120,  17408,      1,      1], type =   q4_K, size =   47.812 MiB
[ 727/ 866] blk.54.post_attention_norm.weight    - [  5120,      1,      1,      1], type =    f32, size =    0.020 MiB
[ 728/ 866] blk.54.ssm_a                         - [    48,      1,      1,      1], type =    f32, size =    0.000 MiB
[ 729/ 866] blk.54.ssm_alpha.weight              - [  5120,     48,      1,      1], type =    f32, size =    0.938 MiB
[ 730/ 866] blk.54.ssm_beta.weight               - [  5120,     48,      1,      1], type =    f32, size =    0.938 MiB
[ 731/ 866] blk.54.ssm_conv1d.weight             - [     4,  10240,      1,      1], type =    f32, size =    0.156 MiB
[ 732/ 866] blk.54.ssm_dt.bias                   - [    48,      1,      1,      1], type =    f32, size =    0.000 MiB
[ 733/ 866] blk.54.ssm_norm.weight               - [   128,      1,      1,      1], type =    f32, size =    0.000 MiB
[ 734/ 866] blk.54.ssm_out.weight                - [  6144,   5120,      1,      1], type =   q5_K, size =   20.625 MiB
[ 735/ 866] blk.55.attn_k.weight                 - [  5120,   1024,      1,      1], type =   q4_K, size =    2.812 MiB
[ 736/ 866] blk.55.attn_k_norm.weight            - [   256,      1,      1,      1], type =    f32, size =    0.001 MiB
[ 737/ 866] blk.55.attn_norm.weight              - [  5120,      1,      1,      1], type =    f32, size =    0.020 MiB
[ 738/ 866] blk.55.attn_output.weight            - [  6144,   5120,      1,      1], type =   q4_K, size =   16.875 MiB
[ 739/ 866] blk.55.attn_q.weight                 - [  5120,  12288,      1,      1], type =   q4_K, size =   33.750 MiB
[ 740/ 866] blk.55.attn_q_norm.weight            - [   256,      1,      1,      1], type =    f32, size =    0.001 MiB
[ 741/ 866] blk.55.attn_v.weight                 - [  5120,   1024,      1,      1], type =   q4_K, size =    2.812 MiB
[ 742/ 866] blk.55.ffn_down.weight               - [ 17408,   5120,      1,      1], type =   q4_K, size =   47.812 MiB
[ 743/ 866] blk.55.ffn_gate.weight               - [  5120,  17408,      1,      1], type =   q4_K, size =   47.812 MiB
[ 744/ 866] blk.55.ffn_up.weight                 - [  5120,  17408,      1,      1], type =   q4_K, size =   47.812 MiB
[ 745/ 866] blk.55.post_attention_norm.weight    - [  5120,      1,      1,      1], type =    f32, size =    0.020 MiB
[ 746/ 866] blk.56.attn_gate.weight              - [  5120,   6144,      1,      1], type =   q4_K, size =   16.875 MiB
[ 747/ 866] blk.56.attn_norm.weight              - [  5120,      1,      1,      1], type =    f32, size =    0.020 MiB
[ 748/ 866] blk.56.attn_qkv.weight               - [  5120,  10240,      1,      1], type =   q4_K, size =   28.125 MiB
[ 749/ 866] blk.56.ffn_down.weight               - [ 17408,   5120,      1,      1], type =   q4_K, size =   47.812 MiB
[ 750/ 866] blk.56.ffn_gate.weight               - [  5120,  17408,      1,      1], type =   q4_K, size =   47.812 MiB
[ 751/ 866] blk.56.ffn_up.weight                 - [  5120,  17408,      1,      1], type =   q4_K, size =   47.812 MiB
[ 752/ 866] blk.56.post_attention_norm.weight    - [  5120,      1,      1,      1], type =    f32, size =    0.020 MiB
[ 753/ 866] blk.56.ssm_a                         - [    48,      1,      1,      1], type =    f32, size =    0.000 MiB
[ 754/ 866] blk.56.ssm_alpha.weight              - [  5120,     48,      1,      1], type =    f32, size =    0.938 MiB
[ 755/ 866] blk.56.ssm_beta.weight               - [  5120,     48,      1,      1], type =    f32, size =    0.938 MiB
[ 756/ 866] blk.56.ssm_conv1d.weight             - [     4,  10240,      1,      1], type =    f32, size =    0.156 MiB
[ 757/ 866] blk.56.ssm_dt.bias                   - [    48,      1,      1,      1], type =    f32, size =    0.000 MiB
[ 758/ 866] blk.56.ssm_norm.weight               - [   128,      1,      1,      1], type =    f32, size =    0.000 MiB
[ 759/ 866] blk.56.ssm_out.weight                - [  6144,   5120,      1,      1], type =   q5_K, size =   20.625 MiB
[ 760/ 866] blk.57.attn_gate.weight              - [  5120,   6144,      1,      1], type =   q4_K, size =   16.875 MiB
[ 761/ 866] blk.57.attn_norm.weight              - [  5120,      1,      1,      1], type =    f32, size =    0.020 MiB
[ 762/ 866] blk.57.attn_qkv.weight               - [  5120,  10240,      1,      1], type =   q4_K, size =   28.125 MiB
[ 763/ 866] blk.57.ffn_down.weight               - [ 17408,   5120,      1,      1], type =   q4_K, size =   47.812 MiB
[ 764/ 866] blk.57.ffn_gate.weight               - [  5120,  17408,      1,      1], type =   q4_K, size =   47.812 MiB
[ 765/ 866] blk.57.ffn_up.weight                 - [  5120,  17408,      1,      1], type =   q4_K, size =   47.812 MiB
[ 766/ 866] blk.57.post_attention_norm.weight    - [  5120,      1,      1,      1], type =    f32, size =    0.020 MiB
[ 767/ 866] blk.57.ssm_a                         - [    48,      1,      1,      1], type =    f32, size =    0.000 MiB
[ 768/ 866] blk.57.ssm_alpha.weight              - [  5120,     48,      1,      1], type =    f32, size =    0.938 MiB
[ 769/ 866] blk.57.ssm_beta.weight               - [  5120,     48,      1,      1], type =    f32, size =    0.938 MiB
[ 770/ 866] blk.57.ssm_conv1d.weight             - [     4,  10240,      1,      1], type =    f32, size =    0.156 MiB
[ 771/ 866] blk.57.ssm_dt.bias                   - [    48,      1,      1,      1], type =    f32, size =    0.000 MiB
[ 772/ 866] blk.57.ssm_norm.weight               - [   128,      1,      1,      1], type =    f32, size =    0.000 MiB
[ 773/ 866] blk.57.ssm_out.weight                - [  6144,   5120,      1,      1], type =   q5_K, size =   20.625 MiB
[ 774/ 866] blk.58.attn_gate.weight              - [  5120,   6144,      1,      1], type =   q4_K, size =   16.875 MiB
[ 775/ 866] blk.58.attn_norm.weight              - [  5120,      1,      1,      1], type =    f32, size =    0.020 MiB
[ 776/ 866] blk.58.attn_qkv.weight               - [  5120,  10240,      1,      1], type =   q4_K, size =   28.125 MiB
[ 777/ 866] blk.58.ffn_down.weight               - [ 17408,   5120,      1,      1], type =   q4_K, size =   47.812 MiB
[ 778/ 866] blk.58.ffn_gate.weight               - [  5120,  17408,      1,      1], type =   q4_K, size =   47.812 MiB
[ 779/ 866] blk.58.ffn_up.weight                 - [  5120,  17408,      1,      1], type =   q4_K, size =   47.812 MiB
[ 780/ 866] blk.58.post_attention_norm.weight    - [  5120,      1,      1,      1], type =    f32, size =    0.020 MiB
[ 781/ 866] blk.58.ssm_a                         - [    48,      1,      1,      1], type =    f32, size =    0.000 MiB
[ 782/ 866] blk.58.ssm_alpha.weight              - [  5120,     48,      1,      1], type =    f32, size =    0.938 MiB
[ 783/ 866] blk.58.ssm_beta.weight               - [  5120,     48,      1,      1], type =    f32, size =    0.938 MiB
[ 784/ 866] blk.58.ssm_conv1d.weight             - [     4,  10240,      1,      1], type =    f32, size =    0.156 MiB
[ 785/ 866] blk.58.ssm_dt.bias                   - [    48,      1,      1,      1], type =    f32, size =    0.000 MiB
[ 786/ 866] blk.58.ssm_norm.weight               - [   128,      1,      1,      1], type =    f32, size =    0.000 MiB
[ 787/ 866] blk.58.ssm_out.weight                - [  6144,   5120,      1,      1], type =   q5_K, size =   20.625 MiB
[ 788/ 866] blk.59.attn_k.weight                 - [  5120,   1024,      1,      1], type =   q4_K, size =    2.812 MiB
[ 789/ 866] blk.59.attn_k_norm.weight            - [   256,      1,      1,      1], type =    f32, size =    0.001 MiB
[ 790/ 866] blk.59.attn_norm.weight              - [  5120,      1,      1,      1], type =    f32, size =    0.020 MiB
[ 791/ 866] blk.59.attn_output.weight            - [  6144,   5120,      1,      1], type =   q4_K, size =   16.875 MiB
[ 792/ 866] blk.59.attn_q.weight                 - [  5120,  12288,      1,      1], type =   q4_K, size =   33.750 MiB
[ 793/ 866] blk.59.attn_q_norm.weight            - [   256,      1,      1,      1], type =    f32, size =    0.001 MiB
[ 794/ 866] blk.59.attn_v.weight                 - [  5120,   1024,      1,      1], type =   q4_K, size =    2.812 MiB
[ 795/ 866] blk.59.ffn_down.weight               - [ 17408,   5120,      1,      1], type =   q4_K, size =   47.812 MiB
[ 796/ 866] blk.59.ffn_gate.weight               - [  5120,  17408,      1,      1], type =   q4_K, size =   47.812 MiB
[ 797/ 866] blk.59.ffn_up.weight                 - [  5120,  17408,      1,      1], type =   q4_K, size =   47.812 MiB
[ 798/ 866] blk.59.post_attention_norm.weight    - [  5120,      1,      1,      1], type =    f32, size =    0.020 MiB
[ 799/ 866] blk.60.attn_gate.weight              - [  5120,   6144,      1,      1], type =   q4_K, size =   16.875 MiB
[ 800/ 866] blk.60.attn_norm.weight              - [  5120,      1,      1,      1], type =    f32, size =    0.020 MiB
[ 801/ 866] blk.60.attn_qkv.weight               - [  5120,  10240,      1,      1], type =   q4_K, size =   28.125 MiB
[ 802/ 866] blk.60.ffn_down.weight               - [ 17408,   5120,      1,      1], type =   q4_K, size =   47.812 MiB
[ 803/ 866] blk.60.ffn_gate.weight               - [  5120,  17408,      1,      1], type =   q4_K, size =   47.812 MiB
[ 804/ 866] blk.60.ffn_up.weight                 - [  5120,  17408,      1,      1], type =   q4_K, size =   47.812 MiB
[ 805/ 866] blk.60.post_attention_norm.weight    - [  5120,      1,      1,      1], type =    f32, size =    0.020 MiB
[ 806/ 866] blk.60.ssm_a                         - [    48,      1,      1,      1], type =    f32, size =    0.000 MiB
[ 807/ 866] blk.60.ssm_alpha.weight              - [  5120,     48,      1,      1], type =    f32, size =    0.938 MiB
[ 808/ 866] blk.60.ssm_beta.weight               - [  5120,     48,      1,      1], type =    f32, size =    0.938 MiB
[ 809/ 866] blk.60.ssm_conv1d.weight             - [     4,  10240,      1,      1], type =    f32, size =    0.156 MiB
[ 810/ 866] blk.60.ssm_dt.bias                   - [    48,      1,      1,      1], type =    f32, size =    0.000 MiB
[ 811/ 866] blk.60.ssm_norm.weight               - [   128,      1,      1,      1], type =    f32, size =    0.000 MiB
[ 812/ 866] blk.60.ssm_out.weight                - [  6144,   5120,      1,      1], type =   q5_K, size =   20.625 MiB
[ 813/ 866] blk.61.attn_gate.weight              - [  5120,   6144,      1,      1], type =   q4_K, size =   16.875 MiB
[ 814/ 866] blk.61.attn_norm.weight              - [  5120,      1,      1,      1], type =    f32, size =    0.020 MiB
[ 815/ 866] blk.61.attn_qkv.weight               - [  5120,  10240,      1,      1], type =   q4_K, size =   28.125 MiB
[ 816/ 866] blk.61.ffn_down.weight               - [ 17408,   5120,      1,      1], type =   q4_K, size =   47.812 MiB
[ 817/ 866] blk.61.ffn_gate.weight               - [  5120,  17408,      1,      1], type =   q4_K, size =   47.812 MiB
[ 818/ 866] blk.61.ffn_up.weight                 - [  5120,  17408,      1,      1], type =   q4_K, size =   47.812 MiB
[ 819/ 866] blk.61.post_attention_norm.weight    - [  5120,      1,      1,      1], type =    f32, size =    0.020 MiB
[ 820/ 866] blk.61.ssm_a                         - [    48,      1,      1,      1], type =    f32, size =    0.000 MiB
[ 821/ 866] blk.61.ssm_alpha.weight              - [  5120,     48,      1,      1], type =    f32, size =    0.938 MiB
[ 822/ 866] blk.61.ssm_beta.weight               - [  5120,     48,      1,      1], type =    f32, size =    0.938 MiB
[ 823/ 866] blk.61.ssm_conv1d.weight             - [     4,  10240,      1,      1], type =    f32, size =    0.156 MiB
[ 824/ 866] blk.61.ssm_dt.bias                   - [    48,      1,      1,      1], type =    f32, size =    0.000 MiB
[ 825/ 866] blk.61.ssm_norm.weight               - [   128,      1,      1,      1], type =    f32, size =    0.000 MiB
[ 826/ 866] blk.61.ssm_out.weight                - [  6144,   5120,      1,      1], type =   q5_K, size =   20.625 MiB
[ 827/ 866] blk.62.attn_gate.weight              - [  5120,   6144,      1,      1], type =   q4_K, size =   16.875 MiB
[ 828/ 866] blk.62.attn_norm.weight              - [  5120,      1,      1,      1], type =    f32, size =    0.020 MiB
[ 829/ 866] blk.62.attn_qkv.weight               - [  5120,  10240,      1,      1], type =   q4_K, size =   28.125 MiB
[ 830/ 866] blk.62.ffn_down.weight               - [ 17408,   5120,      1,      1], type =   q4_K, size =   47.812 MiB
[ 831/ 866] blk.62.ffn_gate.weight               - [  5120,  17408,      1,      1], type =   q4_K, size =   47.812 MiB
[ 832/ 866] blk.62.ffn_up.weight                 - [  5120,  17408,      1,      1], type =   q4_K, size =   47.812 MiB
[ 833/ 866] blk.62.post_attention_norm.weight    - [  5120,      1,      1,      1], type =    f32, size =    0.020 MiB
[ 834/ 866] blk.62.ssm_a                         - [    48,      1,      1,      1], type =    f32, size =    0.000 MiB
[ 835/ 866] blk.62.ssm_alpha.weight              - [  5120,     48,      1,      1], type =    f32, size =    0.938 MiB
[ 836/ 866] blk.62.ssm_beta.weight               - [  5120,     48,      1,      1], type =    f32, size =    0.938 MiB
[ 837/ 866] blk.62.ssm_conv1d.weight             - [     4,  10240,      1,      1], type =    f32, size =    0.156 MiB
[ 838/ 866] blk.62.ssm_dt.bias                   - [    48,      1,      1,      1], type =    f32, size =    0.000 MiB
[ 839/ 866] blk.62.ssm_norm.weight               - [   128,      1,      1,      1], type =    f32, size =    0.000 MiB
[ 840/ 866] blk.62.ssm_out.weight                - [  6144,   5120,      1,      1], type =   q5_K, size =   20.625 MiB
[ 841/ 866] blk.63.attn_k.weight                 - [  5120,   1024,      1,      1], type =   q4_K, size =    2.812 MiB
[ 842/ 866] blk.63.attn_k_norm.weight            - [   256,      1,      1,      1], type =    f32, size =    0.001 MiB
[ 843/ 866] blk.63.attn_norm.weight              - [  5120,      1,      1,      1], type =    f32, size =    0.020 MiB
[ 844/ 866] blk.63.attn_output.weight            - [  6144,   5120,      1,      1], type =   q4_K, size =   16.875 MiB
[ 845/ 866] blk.63.attn_q.weight                 - [  5120,  12288,      1,      1], type =   q4_K, size =   33.750 MiB
[ 846/ 866] blk.63.attn_q_norm.weight            - [   256,      1,      1,      1], type =    f32, size =    0.001 MiB
[ 847/ 866] blk.63.attn_v.weight                 - [  5120,   1024,      1,      1], type =   q4_K, size =    2.812 MiB
[ 848/ 866] blk.63.ffn_down.weight               - [ 17408,   5120,      1,      1], type =   q4_K, size =   47.812 MiB
[ 849/ 866] blk.63.ffn_gate.weight               - [  5120,  17408,      1,      1], type =   q4_K, size =   47.812 MiB
[ 850/ 866] blk.63.ffn_up.weight                 - [  5120,  17408,      1,      1], type =   q4_K, size =   47.812 MiB
[ 851/ 866] blk.63.post_attention_norm.weight    - [  5120,      1,      1,      1], type =    f32, size =    0.020 MiB
[ 852/ 866] blk.64.attn_k.weight                 - [  5120,   1024,      1,      1], type =   q4_K, size =    2.812 MiB
[ 853/ 866] blk.64.attn_k_norm.weight            - [   256,      1,      1,      1], type =    f32, size =    0.001 MiB
[ 854/ 866] blk.64.attn_norm.weight              - [  5120,      1,      1,      1], type =    f32, size =    0.020 MiB
[ 855/ 866] blk.64.attn_output.weight            - [  6144,   5120,      1,      1], type =   q4_K, size =   16.875 MiB
[ 856/ 866] blk.64.attn_q.weight                 - [  5120,  12288,      1,      1], type =   q4_K, size =   33.750 MiB
[ 857/ 866] blk.64.attn_q_norm.weight            - [   256,      1,      1,      1], type =    f32, size =    0.001 MiB
[ 858/ 866] blk.64.attn_v.weight                 - [  5120,   1024,      1,      1], type =   q4_K, size =    2.812 MiB
[ 859/ 866] blk.64.ffn_down.weight               - [ 17408,   5120,      1,      1], type =   q4_K, size =   47.812 MiB
[ 860/ 866] blk.64.ffn_gate.weight               - [  5120,  17408,      1,      1], type =   q4_K, size =   47.812 MiB
[ 861/ 866] blk.64.ffn_up.weight                 - [  5120,  17408,      1,      1], type =   q4_K, size =   47.812 MiB
[ 862/ 866] blk.64.nextn.eh_proj.weight          - [ 10240,   5120,      1,      1], type =   q8_0, size =   53.125 MiB
[ 863/ 866] blk.64.nextn.enorm.weight            - [  5120,      1,      1,      1], type =    f32, size =    0.020 MiB
[ 864/ 866] blk.64.nextn.hnorm.weight            - [  5120,      1,      1,      1], type =    f32, size =    0.020 MiB
[ 865/ 866] blk.64.nextn.shared_head_norm.weight - [  5120,      1,      1,      1], type =    f32, size =    0.020 MiB
[ 866/ 866] blk.64.post_attention_norm.weight    - [  5120,      1,      1,      1], type =    f32, size =    0.020 MiB
llama_model_quantize_impl: model size  = 15364.04 MiB (4.72 BPW)
llama_model_quantize_impl: quant size  = 15364.04 MiB (4.72 BPW)
[GIN] 2026/07/10 - 23:06:07 | 200 |         3m18s |       127.0.0.1 | POST     "/api/create"
[GIN] 2026/07/10 - 23:06:07 | 200 |     333.871µs |       127.0.0.1 | HEAD     "/"
[GIN] 2026/07/10 - 23:06:07 | 200 |     611.611µs |       127.0.0.1 | GET      "/api/tags"
[GIN] 2026/07/10 - 23:06:07 | 404 |      396.16µs |       127.0.0.1 | POST     "/api/generate"
[GIN] 2026/07/10 - 23:06:07 | 404 |     434.801µs |       127.0.0.1 | POST     "/api/generate"
[GIN] 2026/07/10 - 23:06:08 | 404 |     400.831µs |       127.0.0.1 | POST     "/api/generate"
time=2026-07-10T23:06:12.115+02:00 level=INFO source=server.go:109 msg="using llama-server for model" model=/home/dev/models-local/ollama/blobs/sha256-a32505aa92522ab7d09209a46ca1c82b6226a5f3b43ac9bf775a3dd60a9e9b08
time=2026-07-10T23:06:12.117+02:00 level=INFO source=llama_server.go:433 msg="starting llama-server" cmd="/usr/local/lib/ollama/llama-server --model /home/dev/models-local/ollama/blobs/sha256-a32505aa92522ab7d09209a46ca1c82b6226a5f3b43ac9bf775a3dd60a9e9b08 --port 35489 --host 127.0.0.1 --no-webui --offline -c 65536 -np 1 --log-verbosity 4 --no-log-prefix --no-log-timestamps --cache-type-k q8_0 --cache-type-v q8_0 --flash-attn on -b 2048 -ub 2048 --context-shift --keep 4"
time=2026-07-10T23:06:12.118+02:00 level=INFO source=sched.go:623 msg="system memory" total="31.3 GiB" free="27.7 GiB" free_swap="0 B"
time=2026-07-10T23:06:12.118+02:00 level=INFO source=sched.go:630 msg="gpu memory" id=0 library=ROCm available="31.3 GiB" free="31.8 GiB" minimum="457.0 MiB" overhead="0 B"
time=2026-07-10T23:06:12.118+02:00 level=INFO source=llama_server.go:1001 msg="loading model via llama-server" model=/home/dev/models-local/ollama/blobs/sha256-a32505aa92522ab7d09209a46ca1c82b6226a5f3b43ac9bf775a3dd60a9e9b08
time=2026-07-10T23:06:12.118+02:00 level=INFO source=llama_server.go:1248 msg="waiting for llama-server to start responding"
time=2026-07-10T23:06:12.118+02:00 level=INFO source=llama_server.go:1303 msg="waiting for llama-server to become available" status="llm server not responding"
cmn  common_param: common_params_print_info: build 1 (cb295bf59) with GNU 11.2.1 for Linux x86_64
cmn  common_param: common_params_print_info: verbosity = 4 (adjust with the `-lv N` CLI arg)
cmn  common_param: device_info:
cmn  common_param:   - CPU     : AMD Ryzen 5 3600 6-Core Processor (32007 MiB, 32007 MiB free)
cmn  common_param:   - ROCm0   : AMD Radeon Graphics (32624 MiB, 32558 MiB free)
cmn  common_param: system_info: n_threads = 6 (n_threads_batch = 6) / 12 | CPU : SSE3 = 1 | SSSE3 = 1 | AVX = 1 | AVX2 = 1 | F16C = 1 | FMA = 1 | BMI2 = 1 | LLAMAFILE = 1 | REPACK = 1 | ROCm : NO_VMM = 1 | PEER_MAX_BATCH_SIZE = 128 | 
srv          init: using 11 threads for HTTP server
srv          init: The UI is disabled
srv          init: Use --ui/--no-ui (or deprecated --webui/--no-webui) to enable/disable
srv         start: binding port with default address family
srv    load_model: loading model '/home/dev/models-local/ollama/blobs/sha256-a32505aa92522ab7d09209a46ca1c82b6226a5f3b43ac9bf775a3dd60a9e9b08'
srv    load_model: local path '/home/dev/models-local/ollama/blobs/sha256-a32505aa92522ab7d09209a46ca1c82b6226a5f3b43ac9bf775a3dd60a9e9b08'
cmn  common_init_: fitting params to device memory ...
cmn  common_init_: (for bugs during this step try to reproduce them with -fit off, or provide --verbose logs if the bug only occurs with -fit on)
common_params_fit_impl: getting device memory data for initial parameters:
time=2026-07-10T23:06:12.370+02:00 level=INFO source=llama_server.go:1303 msg="waiting for llama-server to become available" status="llm server loading model"
common_memory_breakdown_print: | memory breakdown [MiB] | total    free     self   model   context   compute    unaccounted |
common_memory_breakdown_print: |   - ROCm0 (Graphics)   | 32624 = 32260 + (17839 = 14682 +    2325 +     832) +      -17475 |
common_memory_breakdown_print: |   - Host               |                   1018 =   682 +       0 +     336                |
common_params_fit_impl: projected to use 17839 MiB of device memory vs. 32260 MiB of free device memory
common_params_fit_impl: will leave 14420 >= 1024 MiB of free device memory, no changes needed
common_fit_params: successfully fit params to free device memory
common_fit_params: fitting params to free memory took 0.68 seconds
llama_model_loader: loaded meta data with 52 key-value pairs and 866 tensors from /home/dev/models-local/ollama/blobs/sha256-a32505aa92522ab7d09209a46ca1c82b6226a5f3b43ac9bf775a3dd60a9e9b08 (version GGUF V3 (latest))
llama_model_loader: Dumping metadata keys/values. Note: KV overrides do not apply in this output.
llama_model_loader: - kv   0:                       general.architecture str              = qwen35
llama_model_loader: - kv   1:                               general.type str              = model
llama_model_loader: - kv   2:                     general.sampling.top_k i32              = 20
llama_model_loader: - kv   3:                     general.sampling.top_p f32              = 0.950000
llama_model_loader: - kv   4:                      general.sampling.temp f32              = 1.000000
llama_model_loader: - kv   5:                               general.name str              = Qwen3.6-27B
llama_model_loader: - kv   6:                           general.basename str              = Qwen3.6-27B
llama_model_loader: - kv   7:                       general.quantized_by str              = Unsloth
llama_model_loader: - kv   8:                         general.size_label str              = 27B
llama_model_loader: - kv   9:                            general.license str              = apache-2.0
llama_model_loader: - kv  10:                       general.license.link str              = https://huggingface.co/Qwen/Qwen3.6-2...
llama_model_loader: - kv  11:                           general.repo_url str              = https://huggingface.co/unsloth
llama_model_loader: - kv  12:                   general.base_model.count u32              = 1
llama_model_loader: - kv  13:                  general.base_model.0.name str              = Qwen3.6 27B
llama_model_loader: - kv  14:          general.base_model.0.organization str              = Qwen
llama_model_loader: - kv  15:              general.base_model.0.repo_url str              = https://huggingface.co/Qwen/Qwen3.6-27B
llama_model_loader: - kv  16:                               general.tags arr[str,2]       = ["unsloth", "image-text-to-text"]
llama_model_loader: - kv  17:                         qwen35.block_count u32              = 65
llama_model_loader: - kv  18:                      qwen35.context_length u32              = 262144
llama_model_loader: - kv  19:                    qwen35.embedding_length u32              = 5120
llama_model_loader: - kv  20:                 qwen35.feed_forward_length u32              = 17408
llama_model_loader: - kv  21:                qwen35.attention.head_count u32              = 24
llama_model_loader: - kv  22:             qwen35.attention.head_count_kv u32              = 4
llama_model_loader: - kv  23:             qwen35.rope.dimension_sections arr[i32,4]       = [11, 11, 10, 0]
llama_model_loader: - kv  24:                      qwen35.rope.freq_base f32              = 10000000.000000
llama_model_loader: - kv  25:    qwen35.attention.layer_norm_rms_epsilon f32              = 0.000001
llama_model_loader: - kv  26:                qwen35.attention.key_length u32              = 256
llama_model_loader: - kv  27:              qwen35.attention.value_length u32              = 256
llama_model_loader: - kv  28:                     qwen35.ssm.conv_kernel u32              = 4
llama_model_loader: - kv  29:                      qwen35.ssm.state_size u32              = 128
llama_model_loader: - kv  30:                     qwen35.ssm.group_count u32              = 16
llama_model_loader: - kv  31:                  qwen35.ssm.time_step_rank u32              = 48
llama_model_loader: - kv  32:                      qwen35.ssm.inner_size u32              = 6144
llama_model_loader: - kv  33:             qwen35.full_attention_interval u32              = 4
llama_model_loader: - kv  34:                qwen35.rope.dimension_count u32              = 64
llama_model_loader: - kv  35:                qwen35.nextn_predict_layers u32              = 1
llama_model_loader: - kv  36:                       tokenizer.ggml.model str              = gpt2
llama_model_loader: - kv  37:                         tokenizer.ggml.pre str              = qwen35
llama_model_loader: - kv  38:                      tokenizer.ggml.tokens arr[str,248320]  = ["!", "\"", "#", "$", "%", "&", "'", ...
llama_model_loader: - kv  39:                  tokenizer.ggml.token_type arr[i32,248320]  = [1, 1, 1, 1, 1, 1, 1, 1, 1, 1, 1, 1, ...
llama_model_loader: - kv  40:                      tokenizer.ggml.merges arr[str,247587]  = ["Ġ Ġ", "ĠĠ ĠĠ", "i n", "Ġ t",...
llama_model_loader: - kv  41:                tokenizer.ggml.eos_token_id u32              = 248046
llama_model_loader: - kv  42:            tokenizer.ggml.padding_token_id u32              = 248055
llama_model_loader: - kv  43:                tokenizer.ggml.bos_token_id u32              = 248044
llama_model_loader: - kv  44:               tokenizer.ggml.add_bos_token bool             = false
llama_model_loader: - kv  45:                    tokenizer.chat_template str              = {%- set image_count = namespace(value...
llama_model_loader: - kv  46:                      quantize.imatrix.file str              = Qwen3.6-27B-GGUF/imatrix_unsloth.gguf
llama_model_loader: - kv  47:                   quantize.imatrix.dataset str              = unsloth_calibration_Qwen3.6-27B.txt
llama_model_loader: - kv  48:             quantize.imatrix.entries_count u32              = 496
llama_model_loader: - kv  49:              quantize.imatrix.chunks_count u32              = 76
llama_model_loader: - kv  50:               general.quantization_version u32              = 2
llama_model_loader: - kv  51:                          general.file_type u32              = 14
llama_model_loader: - type  f32:  456 tensors
llama_model_loader: - type q8_0:    1 tensors
llama_model_loader: - type q4_K:  348 tensors
llama_model_loader: - type q5_K:   60 tensors
llama_model_loader: - type q6_K:    1 tensors
print_info: file format = GGUF V3 (latest)
print_info: file type   = Q4_K - Small
print_info: file size   = 15.00 GiB (4.72 BPW) 
llama_prepare_model_devices: using device ROCm0 (AMD Radeon Graphics) (0000:09:00.0) - 32410 MiB free
load: 0 unused tokens
load: printing all EOG tokens:
load:   - 248044 ('<|endoftext|>')
load:   - 248046 ('<|im_end|>')
load:   - 248063 ('<|fim_pad|>')
load:   - 248064 ('<|repo_name|>')
load:   - 248065 ('<|file_sep|>')
load: special tokens cache size = 33
load: token to piece cache size = 1.7581 MB
print_info: arch                  = qwen35
print_info: vocab_only            = 0
print_info: no_alloc              = 0
print_info: n_ctx_train           = 262144
print_info: n_embd_inp            = 5120
print_info: n_embd                = 5120
print_info: n_embd_out            = 5120
print_info: n_layer               = 64
print_info: n_layer_all           = 65
print_info: n_head                = 24
print_info: n_head_kv             = 4
print_info: n_rot                 = 64
print_info: n_swa                 = 0
print_info: is_swa_any            = 0
print_info: n_embd_head_k         = 256
print_info: n_embd_head_v         = 256
print_info: n_gqa                 = 6
print_info: n_embd_k_gqa          = 1024
print_info: n_embd_v_gqa          = 1024
print_info: f_norm_eps            = 0.0e+00
print_info: f_norm_rms_eps        = 1.0e-06
print_info: f_clamp_kqv           = 0.0e+00
print_info: f_max_alibi_bias      = 0.0e+00
print_info: f_logit_scale         = 0.0e+00
print_info: f_attn_scale          = 0.0e+00
print_info: f_attn_value_scale    = 0.0000
print_info: n_ff                  = 17408
print_info: n_expert              = 0
print_info: n_expert_used         = 0
print_info: n_expert_groups       = 0
print_info: n_group_used          = 0
print_info: causal attn           = 1
print_info: pooling type          = -1
print_info: rope type             = 40
print_info: rope scaling          = linear
print_info: freq_base_train       = 10000000.0
print_info: freq_scale_train      = 1
print_info: n_ctx_orig_yarn       = 262144
print_info: rope_yarn_log_mul     = 0.0000
print_info: rope_finetuned        = unknown
print_info: mrope sections        = [11, 11, 10, 0]
print_info: ssm_d_conv            = 4
print_info: ssm_d_inner           = 6144
print_info: ssm_d_state           = 128
print_info: ssm_dt_rank           = 48
print_info: ssm_n_group           = 16
print_info: ssm_dt_b_c_rms        = 0
print_info: model type            = 27B
print_info: model params          = 27.32 B
print_info: general.name          = Qwen3.6-27B
print_info: vocab type            = BPE
print_info: n_vocab               = 248320
print_info: n_merges              = 247587
print_info: BOS token             = 248044 '<|endoftext|>'
print_info: EOS token             = 248046 '<|im_end|>'
print_info: EOT token             = 248046 '<|im_end|>'
print_info: PAD token             = 248055 '<|vision_pad|>'
print_info: LF token              = 198 'Ċ'
print_info: FIM PRE token         = 248060 '<|fim_prefix|>'
print_info: FIM SUF token         = 248062 '<|fim_suffix|>'
print_info: FIM MID token         = 248061 '<|fim_middle|>'
print_info: FIM PAD token         = 248063 '<|fim_pad|>'
print_info: FIM REP token         = 248064 '<|repo_name|>'
print_info: FIM SEP token         = 248065 '<|file_sep|>'
print_info: EOG token             = 248044 '<|endoftext|>'
print_info: EOG token             = 248046 '<|im_end|>'
print_info: EOG token             = 248063 '<|fim_pad|>'
print_info: EOG token             = 248064 '<|repo_name|>'
print_info: EOG token             = 248065 '<|file_sep|>'
print_info: max token length      = 256
load_tensors: loading model tensors, this can take a while... (mmap = true, direct_io = false)
load_tensors: offloading output layer to GPU
load_tensors: offloading 64 repeating layers to GPU
load_tensors: offloaded 66/66 layers to GPU
load_tensors:   CPU_Mapped model buffer size =   682.03 MiB
load_tensors:        ROCm0 model buffer size = 14682.01 MiB
cmn  common_init_: added <|endoftext|> logit bias = -inf
cmn  common_init_: added <|im_end|> logit bias = -inf
cmn  common_init_: added <|fim_pad|> logit bias = -inf
cmn  common_init_: added <|repo_name|> logit bias = -inf
cmn  common_init_: added <|file_sep|> logit bias = -inf
llama_context: constructing llama_context
llama_context: n_seq_max     = 1
llama_context: n_ctx         = 65536
llama_context: n_ctx_seq     = 65536
llama_context: n_batch       = 2048
llama_context: n_ubatch      = 2048
llama_context: causal_attn   = 1
llama_context: flash_attn    = enabled
llama_context: kv_unified    = false
llama_context: freq_base     = 10000000.0
llama_context: freq_scale    = 1
llama_context: n_rs_seq      = 0
llama_context: n_outputs_max = 1
llama_context: n_ctx_seq (65536) < n_ctx_train (262144) -- the full capacity of the model will not be utilized
llama_context:  ROCm_Host  output buffer size =     0.95 MiB
llama_kv_cache:      ROCm0 KV buffer size =  2176.00 MiB
llama_kv_cache: size = 2176.00 MiB ( 65536 cells,  16 layers,  1/1 seqs), K (q8_0): 1088.00 MiB, V (q8_0): 1088.00 MiB
llama_kv_cache: attn_rot_k = 1, n_embd_head_k_all = 256
llama_kv_cache: attn_rot_v = 1, n_embd_head_k_all = 256
llama_memory_recurrent:      ROCm0 RS buffer size =   149.62 MiB
llama_memory_recurrent: size =  149.62 MiB (     1 cells,  64 layers,  1 seqs  0 rs_seq), R (f32):    5.62 MiB, S (f32):  144.00 MiB
sched_reserve: reserving ...
sched_reserve: resolving fused Gated Delta Net support:
sched_reserve: fused Gated Delta Net (autoregressive) enabled
sched_reserve: fused Gated Delta Net (chunked) enabled
sched_reserve:      ROCm0 compute buffer size =   832.33 MiB
sched_reserve:  ROCm_Host compute buffer size =   336.34 MiB
sched_reserve: graph nodes  = 3847
sched_reserve: graph splits = 2
sched_reserve: reserve took 168.94 ms, sched copies = 1
cmn  common_init_: KV cache shifting is not supported for this context, disabling KV cache shifting
cmn  common_init_: warming up the model with an empty run - please wait ... (--no-warmup to disable)
cmn  common_conte: the context does not support partial sequence removal
srv    load_model: speculative decoding will use checkpoints
srv    load_model: initializing, n_slots = 1, n_ctx_slot = 65536, kv_unified = 'false'
spec common_specu: no implementations specified for speculative decoding
slot   load_model: id  0 | task -1 | new slot, n_ctx = 65536
srv    load_model: prompt cache is enabled, size limit: 8192 MiB
srv    load_model: use `--cache-ram 0` to disable the prompt cache
srv    load_model: for more info see https://github.com/ggml-org/llama.cpp/pull/16391
srv    load_model: context checkpoints enabled, max = 32, min spacing = 8192
srv          init: idle slots will be saved to prompt cache upon starting a new task
srv          init: init: chat template, example_format: '<|im_start|>system
You are a helpful assistant<|im_end|>
<|im_start|>user
Hello<|im_end|>
<|im_start|>assistant
Hi there<|im_end|>
<|im_start|>user
How are you?<|im_end|>
<|im_start|>assistant
<think>
'
srv          init: init: chat template, thinking = 1
srv          init: chat template supports preserving reasoning, consider enabling it via --reasoning-preserve
srv  llama_server: model loaded
srv  llama_server: listening on http://127.0.0.1:35489
srv  update_slots: all slots are idle
time=2026-07-10T23:06:49.224+02:00 level=INFO source=llama_server.go:1315 msg="llama-server started in 37.11 seconds"
time=2026-07-10T23:06:49.285+02:00 level=INFO source=images.go:373 msg="template selection" model=registry.ollama.ai/library/q27:latest selected=gguf_chat_template renderer="" parser="" go_template=null chat_template="[tools thinking completion]" harmony=null renderer_parser=null
time=2026-07-10T23:06:49.285+02:00 level=INFO source=sched.go:739 msg="loaded runners" count=1
time=2026-07-10T23:06:49.285+02:00 level=INFO source=llama_server.go:1248 msg="waiting for llama-server to start responding"
time=2026-07-10T23:06:49.285+02:00 level=INFO source=llama_server.go:1315 msg="llama-server started in 37.17 seconds"
slot get_availabl: id  0 | task -1 | selected slot by LRU, t_last = -1
srv  get_availabl: updating prompt cache
srv          load:  - looking for better prompt, base f_keep = -1.000, sim = 0.000
srv        update:  - cache state: 0 prompts, 0.000 MiB (limits: 8192.000 MiB, 65536 tokens, 8589934592 est)
srv  get_availabl: prompt cache update took 0.01 ms
slot launch_slot_: id  0 | task -1 | sampler chain: logits -> penalties -> ?dry -> ?top-n-sigma -> top-k -> ?typical -> top-p -> ?min-p -> ?xtc -> temp-ext -> dist 
slot launch_slot_: id  0 | task -1 | sampler params: 
	repeat_last_n = 64, repeat_penalty = 1.100, frequency_penalty = 0.000, presence_penalty = 0.000
	dry_multiplier = 0.000, dry_base = 1.750, dry_allowed_length = 2, dry_penalty_last_n = 65536
	top_k = 40, top_p = 0.900, min_p = 0.000, xtc_probability = 0.000, xtc_threshold = 0.100, typical_p = 1.000, top_n_sigma = -1.000, temp = 0.800
	mirostat = 0, mirostat_lr = 0.100, mirostat_ent = 5.000, adaptive_target = -1.000, adaptive_decay = 0.900
slot launch_slot_: id  0 | task 0 | processing task, is_child = 0
slot   operator(): id  0 | task 0 | new prompt, n_ctx_slot = 65536, n_keep = 4, task.n_tokens = 11
slot   operator(): id  0 | task 0 | cached n_tokens = 0, memory_seq_rm [0, end)
srv  stream_sessi: conv_id= (empty=1)
slot   operator(): id  0 | task 0 | cached n_tokens = 7, memory_seq_rm [7, end)
slot init_sampler: id  0 | task 0 | init sampler, took 0.01 ms, tokens: text = 11, total = 11
slot create_check: id  0 | task 0 | created context checkpoint 1 of 32 (pos_min = 6, pos_max = 6, n_tokens = 7, size = 149.626 MiB)
slot print_timing: id  0 | task 0 | prompt eval time =     191.48 ms /    11 tokens (   17.41 ms per token,    57.45 tokens per second)
slot print_timing: id  0 | task 0 |        eval time =       0.00 ms /     1 tokens (    0.00 ms per token, 1000000.00 tokens per second)
slot print_timing: id  0 | task 0 |       total time =     191.48 ms /    12 tokens
slot print_timing: id  0 | task 0 |    graphs reused =          1
slot      release: id  0 | task 0 | stop processing: n_tokens = 11, truncated = 0
srv  update_slots: all slots are idle
[GIN] 2026/07/10 - 23:06:49 | 200 | 38.432990984s |       127.0.0.1 | POST     "/api/generate"
slot get_availabl: id  0 | task -1 | selected slot by LRU, t_last = 12955219689
srv  get_availabl: updating prompt cache
srv   prompt_save:  - saving prompt with length 11, total state size = 149.992 MiB (draft: 0.000 MiB)
srv          load:  - looking for better prompt, base f_keep = 0.273, sim = 0.000
srv        update:  - cache state: 1 prompts, 299.618 MiB (limits: 8192.000 MiB, 65536 tokens, 65536 est)
srv        update:    - prompt 0x174e4480:      11 tokens, checkpoints:  1,   299.618 MiB
srv  get_availabl: prompt cache update took 154.46 ms
slot launch_slot_: id  0 | task -1 | sampler chain: logits -> penalties -> ?dry -> ?top-n-sigma -> top-k -> ?typical -> top-p -> ?min-p -> ?xtc -> temp-ext -> dist 
slot launch_slot_: id  0 | task -1 | sampler params: 
	repeat_last_n = 64, repeat_penalty = 1.100, frequency_penalty = 0.000, presence_penalty = 0.000
	dry_multiplier = 0.000, dry_base = 1.750, dry_allowed_length = 2, dry_penalty_last_n = 65536
	top_k = 40, top_p = 0.900, min_p = 0.000, xtc_probability = 0.000, xtc_threshold = 0.100, typical_p = 1.000, top_n_sigma = -1.000, temp = 0.000
	mirostat = 0, mirostat_lr = 0.100, mirostat_ent = 5.000, adaptive_target = -1.000, adaptive_decay = 0.900
slot launch_slot_: id  0 | task 3 | processing task, is_child = 0
slot   operator(): id  0 | task 3 | new prompt, n_ctx_slot = 65536, n_keep = 4, task.n_tokens = 6999
slot   operator(): id  0 | task 3 | checking checkpoint with [6, 6] against 3...
slot   operator(): id  0 | task 3 | forcing full prompt re-processing due to lack of cache data (likely due to SWA or hybrid/recurrent memory, see https://github.com/ggml-org/llama.cpp/pull/13194#issuecomment-2868343055)
slot   operator(): id  0 | task 3 | erased invalidated context checkpoint (pos_min = 6, pos_max = 6, n_tokens = 7, n_swa = 0, pos_next = 0, size = 149.626 MiB)
slot   operator(): id  0 | task 3 | cached n_tokens = 0, memory_seq_rm [0, end)
srv  stream_sessi: conv_id= (empty=1)

rocblaslt error: Cannot read "TensileLibrary_lazy_gfx1201.dat": No such file or directory

rocblaslt error: Could not load "TensileLibrary_lazy_gfx1201.dat"
slot   operator(): id  0 | task 3 | cached n_tokens = 2048, memory_seq_rm [2048, end)
slot   operator(): id  0 | task 3 | cached n_tokens = 4096, memory_seq_rm [4096, end)
slot print_timing: id  0 | task 3 | prompt processing, n_tokens =   4951, progress = 0.71, t =   3.63 s / 1363.73 tokens per second
slot   operator(): id  0 | task 3 | cached n_tokens = 4951, memory_seq_rm [4951, end)
slot create_check: id  0 | task 3 | created context checkpoint 1 of 32 (pos_min = 4950, pos_max = 4950, n_tokens = 4951, size = 149.626 MiB)
slot print_timing: id  0 | task 3 | prompt processing, n_tokens =   6995, progress = 1.00, t =   4.51 s / 1550.92 tokens per second
slot   operator(): id  0 | task 3 | cached n_tokens = 6995, memory_seq_rm [6995, end)
slot init_sampler: id  0 | task 3 | init sampler, took 1.23 ms, tokens: text = 6999, total = 6999
slot print_timing: id  0 | task 3 | n_decoded =    100, tg =  27.03 t/s, tg_3s =  27.03 t/s
slot print_timing: id  0 | task 3 | n_decoded =    181, tg =  26.95 t/s, tg_3s =  26.84 t/s
slot print_timing: id  0 | task 3 | prompt eval time =    6572.74 ms /  6999 tokens (    0.94 ms per token,  1064.85 tokens per second)
slot print_timing: id  0 | task 3 |        eval time =    9498.02 ms /   256 tokens (   37.10 ms per token,    26.95 tokens per second)
slot print_timing: id  0 | task 3 |       total time =   16070.76 ms /  7255 tokens
slot print_timing: id  0 | task 3 |    graphs reused =        254
slot      release: id  0 | task 3 | stop processing: n_tokens = 7254, truncated = 0
srv  update_slots: all slots are idle
[GIN] 2026/07/10 - 23:07:06 | 200 | 16.618031584s |       127.0.0.1 | POST     "/api/generate"
[GIN] 2026/07/10 - 23:07:06 | 200 |   60.128903ms |       127.0.0.1 | POST     "/api/generate"
time=2026-07-10T23:07:06.496+02:00 level=ERROR source=llama_server.go:976 msg="llama-server terminated" error="signal: killed" exit=unknown
