unix_ts,vram_used_mib,vram_total_mib,gtt_used_mib,power_w,temp_c,sclk_mhz
1784134504.3,27279,32624,1456,14.0,70.0,0.0
1784134505.4,27300,32624,1488,241.0,70.0,2607.0
1784134506.5,27317,32624,1488,41.0,72.0,0.0
1784134507.6,27330,32624,1488,191.0,73.0,2606.0
1784134508.7,27330,32624,1488,210.0,73.0,2407.0
1784134509.8,27330,32624,1488,261.0,73.0,2581.0
1784134510.9,27330,32624,1488,186.0,74.0,2509.0
1784134512.0,27330,32624,1488,240.0,74.0,2491.0
1784134513.1,27330,32624,1488,189.0,74.0,2512.0
1784134514.2,27330,32624,1488,161.0,74.0,2390.0
1784134515.2,27330,32624,1488,216.0,74.0,2391.0
1784134516.3,27330,32624,1488,208.0,74.0,2350.0
1784134517.4,27330,32624,1488,63.0,74.0,1059.0
1784134518.5,27330,32624,1488,187.0,74.0,2741.0
1784134519.6,27330,32624,1488,266.0,74.0,2577.0
1784134520.7,27330,32624,1488,64.0,74.0,775.0
1784134521.8,27330,32624,1488,43.0,74.0,0.0
1784134522.9,27330,32624,1488,236.0,74.0,2491.0
1784134524.0,27330,32624,1488,243.0,74.0,2588.0
1784134525.1,27330,32624,1488,242.0,74.0,2607.0
1784134526.2,27330,32624,1488,224.0,74.0,2422.0
1784134527.3,27330,32624,1488,158.0,74.0,2443.0
1784134528.4,27330,32624,1488,238.0,74.0,2588.0
1784134529.5,27330,32624,1488,281.0,73.0,2663.0
1784134530.6,27330,32624,1488,189.0,73.0,2522.0
1784134531.6,27330,32624,1488,199.0,73.0,2263.0
1784134532.7,27330,32624,1488,219.0,73.0,2350.0
1784134533.8,27330,32624,1488,165.0,73.0,2254.0
1784134534.9,27330,32624,1488,43.0,73.0,0.0
1784134536.0,27330,32624,1488,207.0,73.0,2313.0
1784134537.1,27330,32624,1488,205.0,72.0,2316.0
1784134538.2,27330,32624,1488,218.0,72.0,2301.0
1784134539.3,27330,32624,1488,212.0,72.0,2295.0
1784134540.4,27330,32624,1488,213.0,72.0,2568.0
1784134541.5,27330,32624,1488,231.0,72.0,2564.0
1784134542.6,27330,32624,1488,210.0,72.0,2293.0
1784134543.7,27330,32624,1488,182.0,72.0,2559.0
1784134544.8,27330,32624,1488,212.0,71.0,2319.0
1784134545.8,27330,32624,1488,259.0,71.0,1182.0
1784134546.9,27330,32624,1488,235.0,71.0,2528.0
1784134548.0,27330,32624,1488,203.0,71.0,2350.0
1784134549.1,27330,32624,1488,206.0,71.0,2289.0
1784134550.2,27330,32624,1488,205.0,71.0,2276.0
1784134551.3,27330,32624,1488,208.0,71.0,2316.0
1784134552.4,27330,32624,1488,210.0,71.0,2295.0
1784134553.5,27330,32624,1488,229.0,71.0,2432.0
1784134554.6,27330,32624,1488,263.0,71.0,2799.0
1784134555.7,27330,32624,1488,206.0,71.0,2401.0
1784134556.8,27330,32624,1488,210.0,71.0,2350.0
1784134557.8,27330,32624,1488,96.0,71.0,759.0
1784134558.9,27330,32624,1488,213.0,71.0,2350.0
1784134560.0,27330,32624,1488,206.0,71.0,2526.0
1784134561.1,27330,32624,1488,211.0,70.0,2280.0
1784134562.2,27330,32624,1488,203.0,70.0,2228.0
1784134563.3,27330,32624,1488,226.0,70.0,2502.0
1784134564.4,27330,32624,1488,210.0,70.0,2350.0
1784134565.5,27330,32624,1488,230.0,70.0,2411.0
1784134566.6,27330,32624,1488,214.0,70.0,2350.0
1784134567.7,27330,32624,1488,197.0,70.0,2307.0
1784134568.8,27330,32624,1488,158.0,70.0,2481.0
1784134569.9,27330,32624,1488,204.0,70.0,2295.0
1784134570.9,27330,32624,1488,170.0,70.0,2396.0
1784134572.0,27330,32624,1488,209.0,70.0,2308.0
1784134573.1,27330,32624,1488,196.0,70.0,2258.0
1784134574.2,27330,32624,1488,204.0,70.0,2322.0
1784134575.3,27330,32624,1488,211.0,70.0,2350.0
1784134576.4,27330,32624,1488,260.0,70.0,2654.0
1784134577.5,27330,32624,1488,43.0,70.0,0.0
1784134578.6,27330,32624,1488,211.0,70.0,2350.0
1784134579.7,27330,32624,1488,220.0,70.0,2412.0
1784134580.8,27330,32624,1488,209.0,70.0,2350.0
1784134581.9,27330,32624,1488,51.0,70.0,0.0
1784134582.9,27330,32624,1488,193.0,70.0,2312.0
1784134584.0,27330,32624,1488,215.0,69.0,2350.0
1784134585.1,27330,32624,1488,209.0,69.0,2282.0
1784134586.2,27330,32624,1488,52.0,69.0,0.0
1784134587.3,27330,32624,1488,213.0,69.0,2350.0
1784134588.4,27330,32624,1488,174.0,69.0,2526.0
1784134589.5,27330,32624,1488,220.0,69.0,2442.0
1784134590.6,27330,32624,1488,210.0,69.0,2297.0
1784134591.7,27330,32624,1488,207.0,69.0,2267.0
1784134592.8,27330,32624,1488,170.0,69.0,2586.0
1784134593.9,27330,32624,1488,226.0,69.0,2520.0
1784134595.0,27330,32624,1488,212.0,69.0,2315.0
1784134596.0,27330,32624,1488,208.0,69.0,2350.0
1784134597.1,27330,32624,1488,207.0,69.0,2350.0
1784134598.2,27330,32624,1488,201.0,69.0,2267.0
1784134599.3,27330,32624,1488,178.0,69.0,2484.0
1784134600.4,27330,32624,1488,210.0,68.0,2615.0
1784134601.5,27330,32624,1488,189.0,69.0,2377.0
1784134602.6,27330,32624,1488,51.0,69.0,0.0
1784134603.7,27330,32624,1488,247.0,69.0,2590.0
1784134604.8,27330,32624,1490,231.0,68.0,2438.0
1784134605.9,27331,32624,1616,208.0,68.0,2350.0
1784134607.0,27331,32624,1616,206.0,68.0,2314.0
1784134608.1,27331,32624,1618,175.0,68.0,2516.0
1784134609.2,27331,32624,1618,131.0,67.0,1697.0
1784134610.3,27331,32624,1618,130.0,67.0,1668.0
1784134611.4,27331,32624,1618,129.0,66.0,1733.0
1784134612.4,27331,32624,1618,121.0,66.0,1734.0
1784134613.5,27331,32624,1618,130.0,66.0,1730.0
1784134614.6,27331,32624,1618,123.0,66.0,1707.0
1784134615.7,27331,32624,1618,102.0,66.0,1768.0
1784134616.8,27331,32624,1618,142.0,65.0,1702.0
1784134617.9,27331,32624,1618,131.0,65.0,1460.0
1784134619.0,27331,32624,1618,107.0,65.0,1731.0
1784134620.1,27331,32624,1618,129.0,65.0,1734.0
1784134621.2,27331,32624,1618,129.0,65.0,1735.0
1784134622.3,27331,32624,1618,121.0,64.0,1666.0
1784134623.4,27331,32624,1618,126.0,64.0,1729.0
1784134624.5,27331,32624,1618,134.0,64.0,1729.0
1784134625.6,27331,32624,1618,139.0,64.0,1736.0
1784134626.7,27331,32624,1618,126.0,64.0,1712.0
1784134627.7,27331,32624,1618,125.0,64.0,1675.0
1784134628.8,27331,32624,1618,118.0,64.0,1699.0
1784134629.9,27331,32624,1618,120.0,63.0,1720.0
1784134631.0,27331,32624,1618,128.0,63.0,1736.0
1784134632.1,27331,32624,1618,121.0,63.0,1738.0
1784134633.2,27331,32624,1618,53.0,63.0,1344.0
1784134634.3,27331,32624,1618,116.0,63.0,1738.0
1784134635.4,27331,32624,1618,129.0,63.0,1725.0
1784134636.5,27331,32624,1618,124.0,63.0,1670.0
1784134637.6,27331,32624,1618,115.0,63.0,1670.0
1784134638.7,27331,32624,1618,52.0,63.0,1451.0
1784134639.8,27331,32624,1618,114.0,63.0,1717.0
1784134640.9,27331,32624,1618,124.0,62.0,1702.0
1784134642.0,27331,32624,1618,59.0,62.0,1350.0
1784134643.0,27331,32624,1618,107.0,62.0,1721.0
1784134644.1,27331,32624,1618,129.0,62.0,1703.0
1784134645.2,27331,32624,1618,117.0,62.0,1741.0
1784134646.3,27331,32624,1618,116.0,62.0,1459.0
1784134647.4,27331,32624,1618,124.0,62.0,1695.0
1784134648.5,27331,32624,1618,131.0,63.0,1715.0
1784134649.6,27331,32624,1618,112.0,62.0,1298.0
1784134650.7,27331,32624,1618,122.0,62.0,1709.0
1784134651.8,27331,32624,1618,130.0,62.0,1698.0
1784134652.9,27331,32624,1618,126.0,63.0,1692.0
1784134654.0,27331,32624,1618,123.0,63.0,1690.0
1784134655.1,27331,32624,1618,124.0,63.0,1727.0
1784134656.2,27331,32624,1618,130.0,63.0,1707.0
1784134657.2,27331,32624,1618,132.0,63.0,1740.0
1784134658.3,27331,32624,1618,132.0,63.0,1689.0
1784134659.4,27331,32624,1618,100.0,63.0,1721.0
1784134660.5,27331,32624,1618,100.0,63.0,1712.0
1784134661.6,27331,32624,1618,115.0,63.0,1326.0
1784134662.7,27331,32624,1618,124.0,64.0,1741.0
1784134663.8,27331,32624,1618,131.0,64.0,1717.0
1784134664.9,27331,32624,1618,128.0,64.0,1712.0
1784134666.0,27331,32624,1618,132.0,64.0,1698.0
1784134667.1,27331,32624,1618,121.0,64.0,1726.0
1784134668.2,27331,32624,1618,130.0,64.0,1700.0
1784134669.3,27331,32624,1618,118.0,64.0,1665.0
1784134670.4,27331,32624,1618,118.0,64.0,1743.0
1784134671.5,27331,32624,1618,113.0,64.0,1729.0
1784134672.5,27331,32624,1618,124.0,64.0,1698.0
1784134673.6,27331,32624,1618,124.0,64.0,1682.0
1784134674.7,27331,32624,1618,131.0,65.0,1655.0
1784134675.8,27331,32624,1618,126.0,65.0,1706.0
1784134676.9,27331,32624,1618,65.0,65.0,1760.0
1784134678.0,27331,32624,1618,129.0,65.0,1702.0
1784134679.1,27331,32624,1618,128.0,65.0,1691.0
1784134680.2,27331,32624,1618,128.0,65.0,1740.0
1784134681.3,27331,32624,1618,134.0,65.0,1698.0
1784134682.4,27331,32624,1618,129.0,65.0,1703.0
1784134683.5,27331,32624,1618,98.0,65.0,1117.0
1784134684.6,27331,32624,1618,111.0,66.0,1726.0
1784134685.7,27331,32624,1618,118.0,66.0,1332.0
1784134686.8,27331,32624,1618,71.0,66.0,1701.0
1784134687.9,27331,32624,1618,52.0,66.0,1623.0
1784134688.9,27331,32624,1618,123.0,66.0,1670.0
1784134690.0,27331,32624,1618,108.0,66.0,1768.0
1784134691.1,27331,32624,1618,131.0,66.0,1734.0
1784134692.2,27331,32624,1618,115.0,66.0,1721.0
1784134693.3,27331,32624,1618,121.0,66.0,1707.0
1784134694.4,27331,32624,1618,117.0,66.0,1722.0
1784134695.5,27331,32624,1618,131.0,66.0,1716.0
1784134696.6,27331,32624,1618,131.0,66.0,1654.0
1784134697.7,27331,32624,1618,94.0,66.0,1711.0
1784134698.8,27331,32624,1618,131.0,67.0,1710.0
1784134699.9,27331,32624,1618,77.0,67.0,1765.0
1784134701.0,27331,32624,1618,122.0,67.0,1687.0
1784134702.1,27331,32624,1618,124.0,67.0,1718.0
1784134703.1,27331,32624,1618,127.0,67.0,1729.0
1784134704.2,27331,32624,1618,127.0,67.0,1721.0
1784134705.3,27331,32624,1618,136.0,67.0,1738.0
1784134706.4,27331,32624,1618,130.0,67.0,1735.0
1784134707.5,27331,32624,1618,63.0,67.0,1355.0
1784134708.6,27331,32624,1618,131.0,67.0,1669.0
1784134709.7,27331,32624,1618,122.0,67.0,1664.0
1784134710.8,27331,32624,1618,121.0,67.0,1743.0
1784134711.9,27331,32624,1618,84.0,67.0,1129.0
1784134713.0,27331,32624,1618,91.0,67.0,1470.0
1784134714.1,27331,32624,1618,116.0,67.0,1658.0
1784134715.2,27331,32624,1618,124.0,67.0,1666.0
1784134716.3,27331,32624,1618,117.0,67.0,1736.0
1784134717.4,27331,32624,1618,132.0,67.0,1661.0
1784134718.4,27331,32624,1618,135.0,67.0,1690.0
1784134719.5,27331,32624,1618,113.0,68.0,1734.0
1784134720.6,27331,32624,1618,126.0,68.0,1691.0
1784134721.7,27331,32624,1618,129.0,68.0,1657.0
1784134722.8,27331,32624,1618,129.0,68.0,1664.0
1784134723.9,27331,32624,1618,130.0,68.0,1722.0
1784134725.0,27331,32624,1618,53.0,68.0,1683.0
1784134726.1,27331,32624,1618,78.0,68.0,1727.0
1784134727.2,27331,32624,1618,52.0,68.0,1474.0
1784134728.3,27331,32624,1618,132.0,68.0,1737.0
1784134729.4,27331,32624,1618,98.0,68.0,1716.0
1784134730.5,27331,32624,1618,116.0,68.0,1431.0
1784134731.6,27331,32624,1618,115.0,68.0,1745.0
1784134732.7,27331,32624,1618,131.0,68.0,1739.0
1784134733.7,27331,32624,1618,138.0,68.0,1732.0
1784134734.8,27331,32624,1618,54.0,68.0,1743.0
1784134735.9,27331,32624,1618,135.0,68.0,1742.0
1784134737.0,27331,32624,1618,129.0,69.0,1516.0
1784134738.1,27331,32624,1618,132.0,69.0,1716.0
1784134739.2,27331,32624,1618,119.0,69.0,1659.0
1784134740.3,27331,32624,1618,115.0,69.0,1659.0
1784134741.4,27331,32624,1618,131.0,69.0,1732.0
1784134742.5,27331,32624,1618,126.0,69.0,1707.0
1784134743.6,27331,32624,1618,127.0,69.0,1744.0
1784134744.7,27331,32624,1618,124.0,69.0,1706.0
1784134745.8,27331,32624,1618,115.0,69.0,1723.0
1784134746.9,27331,32624,1618,126.0,69.0,1686.0
1784134748.0,27331,32624,1618,119.0,69.0,1273.0
1784134749.1,27331,32624,1618,136.0,69.0,1702.0
1784134750.2,27331,32624,1618,140.0,69.0,1721.0
1784134751.2,27331,32624,1618,77.0,69.0,1775.0
1784134752.3,27331,32624,1618,131.0,69.0,1686.0
1784134753.4,27331,32624,1618,131.0,69.0,1733.0
1784134754.5,27331,32624,1618,98.0,69.0,1093.0
1784134755.6,27331,32624,1618,140.0,69.0,1699.0
1784134756.7,27331,32624,1618,130.0,69.0,1721.0
1784134757.8,27331,32624,1618,121.0,69.0,1663.0
1784134758.9,27331,32624,1618,128.0,69.0,1702.0
1784134760.0,27331,32624,1618,132.0,69.0,1698.0
1784134761.1,27331,32624,1618,110.0,69.0,1323.0
1784134762.2,27331,32624,1618,127.0,69.0,1697.0
1784134763.3,27331,32624,1618,134.0,69.0,1737.0
1784134764.4,27331,32624,1618,146.0,68.0,1761.0
1784134765.5,27331,32624,1618,230.0,70.0,2435.0
1784134766.6,27331,32624,1618,70.0,71.0,2638.0
1784134767.7,27331,32624,1618,142.0,71.0,1797.0
1784134768.7,27331,32624,1618,127.0,70.0,1710.0
1784134769.8,27331,32624,1618,129.0,70.0,1699.0
1784134770.9,27331,32624,1618,129.0,70.0,1662.0
1784134772.0,27331,32624,1618,130.0,70.0,1691.0
1784134773.1,27331,32624,1618,106.0,70.0,1659.0
1784134774.2,27331,32624,1618,137.0,70.0,1737.0
1784134775.3,27331,32624,1618,136.0,70.0,1703.0
1784134776.4,27331,32624,1618,131.0,70.0,1685.0
1784134777.5,27331,32624,1618,84.0,70.0,1138.0
1784134778.6,27331,32624,1618,135.0,70.0,1711.0
1784134779.7,27331,32624,1618,124.0,70.0,1666.0
1784134780.8,27331,32624,1618,140.0,70.0,1724.0
1784134781.9,27331,32624,1618,102.0,70.0,1172.0
1784134783.0,27331,32624,1618,73.0,70.0,1746.0
1784134784.0,27331,32624,1618,133.0,70.0,1696.0
1784134785.1,27331,32624,1618,91.0,70.0,1747.0
1784134786.2,27331,32624,1618,121.0,70.0,1729.0
1784134787.3,27331,32624,1618,109.0,69.0,1183.0
1784134788.4,27331,32624,1618,140.0,69.0,1729.0
1784134789.5,27331,32624,1618,132.0,69.0,1702.0
1784134790.6,27331,32624,1618,54.0,69.0,1568.0
1784134791.7,27331,32624,1618,77.0,69.0,1757.0
1784134792.8,27331,32624,1618,130.0,69.0,1702.0
1784134793.9,27331,32624,1618,137.0,69.0,1710.0
1784134795.0,27331,32624,1618,87.0,69.0,1243.0
1784134796.1,27331,32624,1618,145.0,69.0,1703.0
1784134797.2,27331,32624,1618,124.0,69.0,1699.0
1784134798.3,27331,32624,1618,121.0,69.0,1726.0
1784134799.3,27331,32624,1618,114.0,70.0,1684.0
1784134800.4,27331,32624,1618,128.0,70.0,1689.0
1784134801.5,27331,32624,1618,125.0,70.0,1707.0
1784134802.6,27331,32624,1618,136.0,70.0,1729.0
1784134803.7,27331,32624,1618,128.0,70.0,1727.0
1784134804.8,27331,32624,1618,114.0,70.0,1712.0
1784134805.9,27331,32624,1618,100.0,70.0,1758.0
1784134807.0,27331,32624,1618,92.0,70.0,1383.0
1784134808.1,27331,32624,1618,123.0,70.0,1666.0
1784134809.2,27331,32624,1618,126.0,70.0,1708.0
1784134810.3,27331,32624,1618,100.0,70.0,1236.0
1784134811.4,27331,32624,1618,93.0,70.0,1716.0
1784134812.5,27331,32624,1618,57.0,70.0,1632.0
1784134813.6,27331,32624,1618,54.0,70.0,1343.0
1784134814.6,27331,32624,1618,130.0,70.0,1736.0
1784134815.7,27331,32624,1618,134.0,70.0,1706.0
1784134816.8,27331,32624,1618,136.0,70.0,1736.0
1784134817.9,27331,32624,1618,132.0,70.0,1720.0
1784134819.0,27331,32624,1618,126.0,70.0,1726.0
1784134820.1,27331,32624,1618,82.0,70.0,1450.0
1784134821.2,27331,32624,1618,119.0,70.0,1682.0
1784134822.3,27331,32624,1618,77.0,71.0,1753.0
1784134823.4,27331,32624,1618,112.0,71.0,1740.0
1784134824.5,27331,32624,1618,118.0,71.0,1705.0
1784134825.6,27331,32624,1618,114.0,71.0,1730.0
1784134826.7,27331,32624,1618,132.0,71.0,1668.0
1784134827.8,27331,32624,1618,122.0,71.0,1662.0
1784134828.9,27331,32624,1618,84.0,71.0,1699.0
1784134829.9,27331,32624,1618,131.0,71.0,1715.0
1784134831.0,27331,32624,1618,149.0,71.0,1690.0
1784134832.1,27331,32624,1618,123.0,71.0,1694.0
1784134833.2,27331,32624,1618,118.0,71.0,1672.0
1784134834.3,27331,32624,1618,137.0,71.0,1721.0
1784134835.4,27331,32624,1618,125.0,71.0,1664.0
1784134836.5,27331,32624,1618,129.0,71.0,1711.0
1784134837.6,27331,32624,1618,124.0,71.0,1681.0
1784134838.7,27331,32624,1618,130.0,71.0,1724.0
1784134839.8,27331,32624,1618,126.0,71.0,1731.0
1784134840.9,27331,32624,1618,132.0,71.0,1692.0
1784134842.0,27331,32624,1618,126.0,71.0,1503.0
1784134843.1,27331,32624,1618,136.0,71.0,1691.0
1784134844.2,27331,32624,1618,139.0,71.0,1714.0
1784134845.3,27331,32624,1618,131.0,71.0,1684.0
1784134846.3,27331,32624,1618,114.0,71.0,1692.0
1784134847.4,27331,32624,1618,137.0,71.0,1684.0
1784134848.5,27331,32624,1618,115.0,71.0,1684.0
1784134849.6,27331,32624,1618,114.0,71.0,1660.0
1784134850.7,27331,32624,1618,114.0,71.0,1706.0
1784134851.8,27331,32624,1618,117.0,71.0,1727.0
1784134852.9,27331,32624,1618,129.0,71.0,1667.0
1784134854.0,27331,32624,1618,123.0,71.0,1688.0
1784134855.1,27331,32624,1618,103.0,71.0,1120.0
1784134856.2,27331,32624,1618,135.0,71.0,1700.0
1784134857.3,27331,32624,1618,118.0,71.0,1678.0
1784134858.4,27331,32624,1618,124.0,71.0,1657.0
1784134859.5,27331,32624,1618,54.0,72.0,1580.0
1784134860.6,27331,32624,1618,130.0,71.0,1688.0
1784134861.6,27331,32624,1618,120.0,72.0,1661.0
1784134862.7,27331,32624,1618,132.0,72.0,1729.0
1784134863.8,27331,32624,1618,125.0,72.0,1365.0
1784134864.9,27331,32624,1618,110.0,72.0,1738.0
1784134866.0,27331,32624,1618,122.0,72.0,1696.0
1784134867.1,27331,32624,1618,120.0,72.0,1709.0
1784134868.2,27331,32624,1618,76.0,72.0,1725.0
1784134869.3,27331,32624,1618,121.0,72.0,1741.0
1784134870.4,27331,32624,1618,131.0,72.0,1709.0
1784134871.5,27331,32624,1618,128.0,72.0,1721.0
1784134872.6,27331,32624,1618,123.0,72.0,1663.0
1784134873.7,27331,32624,1618,133.0,72.0,1746.0
1784134874.8,27331,32624,1618,135.0,72.0,1705.0
1784134875.9,27331,32624,1618,131.0,72.0,1722.0
1784134876.9,27331,32624,1618,96.0,72.0,1727.0
1784134878.0,27331,32624,1618,118.0,72.0,1695.0
1784134879.1,27331,32624,1618,126.0,72.0,1721.0
1784134880.2,27331,32624,1618,119.0,72.0,1738.0
1784134881.3,27331,32624,1618,110.0,72.0,1696.0
1784134882.4,27331,32624,1618,133.0,72.0,1706.0
1784134883.5,27331,32624,1618,142.0,72.0,1719.0
1784134884.6,27331,32624,1618,135.0,72.0,1729.0
1784134885.7,27331,32624,1618,133.0,72.0,1736.0
1784134886.8,27331,32624,1618,146.0,72.0,1721.0
1784134887.9,27331,32624,1618,119.0,72.0,1742.0
1784134889.0,27331,32624,1618,62.0,72.0,1322.0
1784134890.1,27331,32624,1618,65.0,72.0,1186.0
1784134891.2,27331,32624,1618,130.0,72.0,1670.0
1784134892.3,27331,32624,1618,65.0,72.0,1246.0
1784134893.4,27331,32624,1618,129.0,72.0,1703.0
1784134894.5,27331,32624,1618,131.0,72.0,1701.0
1784134895.5,27331,32624,1618,113.0,72.0,1699.0
1784134896.6,27331,32624,1618,134.0,72.0,1666.0
1784134897.7,27331,32624,1618,130.0,72.0,1732.0
1784134898.8,27331,32624,1618,150.0,72.0,1729.0
1784134899.9,27331,32624,1618,89.0,72.0,1740.0
1784134901.0,27331,32624,1618,128.0,72.0,1658.0
1784134902.1,27331,32624,1618,86.0,73.0,1497.0
1784134903.2,27331,32624,1618,110.0,73.0,1727.0
1784134904.3,27331,32624,1618,74.0,73.0,1767.0
1784134905.4,27331,32624,1618,119.0,73.0,1194.0
1784134906.5,27331,32624,1618,121.0,73.0,1276.0
1784134907.6,27331,32624,1618,125.0,73.0,1710.0
1784134908.7,27331,32624,1618,132.0,73.0,1734.0
1784134909.8,27331,32624,1618,129.0,73.0,1741.0
1784134910.9,27331,32624,1618,142.0,73.0,1706.0
1784134912.0,27331,32624,1618,92.0,73.0,1728.0
1784134913.0,27331,32624,1618,131.0,73.0,1696.0
1784134914.1,27331,32624,1618,97.0,73.0,1702.0
1784134915.2,27331,32624,1618,133.0,73.0,1723.0
1784134916.3,27331,32624,1618,54.0,73.0,1461.0
1784134917.4,27331,32624,1618,136.0,73.0,1736.0
1784134918.5,27331,32624,1618,126.0,73.0,1742.0
1784134919.6,27331,32624,1618,129.0,73.0,1724.0
1784134920.7,27331,32624,1618,137.0,73.0,1704.0
1784134921.8,27331,32624,1618,132.0,73.0,1664.0
1784134922.9,27331,32624,1618,138.0,73.0,1728.0
1784134924.0,27331,32624,1618,91.0,73.0,1142.0
1784134925.1,27331,32624,1618,128.0,73.0,1691.0
1784134926.2,27331,32624,1618,100.0,73.0,1733.0
1784134927.3,27331,32624,1618,126.0,73.0,1661.0
1784134928.3,27331,32624,1618,130.0,73.0,1669.0
1784134929.4,27331,32624,1618,131.0,73.0,1664.0
1784134930.5,27331,32624,1618,80.0,73.0,1770.0
1784134931.6,27331,32624,1618,128.0,73.0,1677.0
1784134932.7,27331,32624,1618,125.0,73.0,1658.0
1784134933.8,27331,32624,1618,124.0,73.0,1675.0
1784134934.9,27331,32624,1618,111.0,73.0,1719.0
1784134936.0,27331,32624,1618,76.0,73.0,1178.0
1784134937.1,27331,32624,1618,127.0,73.0,1658.0
1784134938.2,27331,32624,1618,123.0,73.0,1697.0
1784134939.3,27331,32624,1618,127.0,73.0,1703.0
1784134940.4,27331,32624,1618,145.0,73.0,1733.0
1784134941.5,27331,32624,1618,124.0,73.0,1658.0
1784134942.6,27331,32624,1618,130.0,73.0,1697.0
1784134943.6,27331,32624,1618,87.0,73.0,1741.0
1784134944.7,27331,32624,1618,137.0,74.0,1727.0
1784134945.8,27331,32624,1618,114.0,73.0,1292.0
1784134946.9,27331,32624,1618,118.0,73.0,1691.0
1784134948.0,27331,32624,1618,130.0,73.0,1664.0
1784134949.1,27331,32624,1618,122.0,74.0,1667.0
1784134950.2,27331,32624,1618,69.0,73.0,1219.0
1784134951.3,27331,32624,1618,122.0,74.0,1686.0
1784134952.4,27331,32624,1618,138.0,74.0,1718.0
1784134953.5,27331,32624,1618,122.0,74.0,1680.0
1784134954.6,27331,32624,1618,118.0,74.0,1726.0
1784134955.7,27331,32624,1618,42.0,74.0,0.0
1784134956.8,27331,32624,1618,269.0,74.0,2586.0
1784134957.9,27331,32624,1618,212.0,75.0,2350.0
1784134959.0,27331,32624,1618,254.0,75.0,2940.0
1784134960.0,27331,32624,1618,111.0,74.0,1672.0
1784134961.1,27331,32624,1618,127.0,74.0,1660.0
1784134962.2,27331,32624,1618,130.0,74.0,1663.0
1784134963.3,27331,32624,1618,117.0,74.0,1690.0
1784134964.4,27331,32624,1618,142.0,74.0,1730.0
1784134965.5,27331,32624,1618,133.0,74.0,1660.0
1784134966.6,27331,32624,1618,82.0,74.0,1702.0
1784134967.7,27331,32624,1618,140.0,73.0,1731.0
1784134968.8,27331,32624,1618,128.0,73.0,1681.0
1784134969.9,27331,32624,1618,77.0,73.0,1707.0
1784134971.0,27331,32624,1618,119.0,73.0,1693.0
1784134972.1,27331,32624,1618,138.0,73.0,1733.0
1784134973.2,27331,32624,1618,131.0,73.0,1660.0
1784134974.3,27331,32624,1618,142.0,73.0,1740.0
1784134975.4,27331,32624,1618,144.0,73.0,1748.0
1784134976.4,27331,32624,1618,81.0,73.0,1461.0
1784134977.5,27331,32624,1618,134.0,73.0,1671.0
1784134978.6,27331,32624,1618,136.0,73.0,1695.0
1784134979.7,27331,32624,1618,130.0,73.0,1702.0
1784134980.8,27331,32624,1618,126.0,73.0,1685.0
1784134981.9,27331,32624,1618,131.0,73.0,1688.0
1784134983.0,27331,32624,1618,75.0,73.0,1114.0
1784134984.1,27331,32624,1618,150.0,73.0,1722.0
1784134985.2,27331,32624,1618,116.0,73.0,1276.0
1784134986.3,27331,32624,1618,133.0,73.0,1719.0
1784134987.4,27331,32624,1618,124.0,73.0,1719.0
1784134988.5,27331,32624,1618,132.0,73.0,1712.0
1784134989.6,27331,32624,1618,99.0,73.0,1735.0
1784134990.6,27331,32624,1618,131.0,73.0,1727.0
1784134991.7,27331,32624,1618,138.0,73.0,1682.0
1784134992.8,27331,32624,1618,123.0,73.0,1686.0
1784134993.9,27331,32624,1618,121.0,73.0,1411.0
1784134995.0,27331,32624,1618,97.0,73.0,1738.0
1784134996.1,27331,32624,1618,134.0,73.0,1736.0
1784134997.2,27331,32624,1618,139.0,73.0,1736.0
1784134998.3,27331,32624,1618,133.0,73.0,1663.0
1784134999.4,27331,32624,1618,56.0,73.0,1758.0
1784135000.5,27331,32624,1618,120.0,73.0,1733.0
1784135001.6,27331,32624,1618,106.0,73.0,1712.0
1784135002.7,27331,32624,1618,138.0,74.0,1731.0
1784135003.8,27331,32624,1618,135.0,73.0,1633.0
1784135004.8,27331,32624,1618,125.0,73.0,1721.0
1784135005.9,27331,32624,1618,124.0,73.0,1729.0
1784135007.0,27331,32624,1618,82.0,73.0,1103.0
1784135008.1,27331,32624,1618,130.0,74.0,1706.0
1784135009.2,27331,32624,1618,97.0,73.0,1709.0
1784135010.3,27331,32624,1618,135.0,74.0,1701.0
1784135011.4,27331,32624,1618,131.0,74.0,1707.0
1784135012.5,27331,32624,1618,126.0,74.0,1713.0
1784135013.6,27331,32624,1618,119.0,74.0,1728.0
1784135014.7,27331,32624,1618,118.0,74.0,1723.0
1784135015.8,27331,32624,1618,135.0,74.0,1715.0
1784135016.9,27331,32624,1618,129.0,74.0,1707.0
1784135018.0,27331,32624,1618,141.0,74.0,1733.0
1784135019.1,27331,32624,1618,129.0,74.0,1661.0
1784135020.1,27331,32624,1618,134.0,74.0,1688.0
1784135021.2,27331,32624,1618,93.0,74.0,1143.0
1784135022.3,27331,32624,1618,125.0,74.0,1247.0
1784135023.4,27331,32624,1618,134.0,74.0,1720.0
1784135024.5,27331,32624,1618,123.0,74.0,1664.0
1784135025.6,27331,32624,1618,89.0,74.0,1030.0
1784135026.7,27331,32624,1618,133.0,74.0,1676.0
1784135027.8,27331,32624,1618,135.0,74.0,1663.0
1784135028.9,27331,32624,1618,126.0,74.0,1689.0
1784135030.0,27331,32624,1618,61.0,74.0,1422.0
1784135031.1,27331,32624,1618,146.0,74.0,1700.0
1784135032.2,27331,32624,1618,136.0,74.0,1708.0
1784135033.3,27331,32624,1618,80.0,74.0,1732.0
1784135034.4,27331,32624,1618,143.0,74.0,1681.0
1784135035.5,27331,32624,1618,147.0,74.0,1685.0
1784135036.5,27331,32624,1618,79.0,74.0,1752.0
1784135037.6,27331,32624,1618,112.0,74.0,1718.0
1784135038.7,27331,32624,1618,134.0,74.0,1699.0
1784135039.8,27331,32624,1618,127.0,74.0,1661.0
1784135040.9,27331,32624,1618,127.0,74.0,1660.0
1784135042.0,27331,32624,1618,105.0,74.0,1757.0
1784135043.1,27331,32624,1618,116.0,74.0,1375.0
1784135044.2,27331,32624,1618,130.0,74.0,1696.0
1784135045.3,27331,32624,1618,130.0,74.0,1739.0
1784135046.4,27331,32624,1618,119.0,74.0,1727.0
1784135047.5,27331,32624,1618,126.0,74.0,1662.0
1784135048.6,27331,32624,1618,133.0,74.0,1716.0
1784135049.6,27331,32624,1618,128.0,74.0,1706.0
1784135050.7,27331,32624,1618,125.0,74.0,1734.0
1784135051.8,27331,32624,1618,114.0,74.0,1727.0
1784135052.9,27331,32624,1618,80.0,74.0,1693.0
1784135054.0,27331,32624,1618,124.0,74.0,1742.0
1784135055.1,27331,32624,1618,77.0,74.0,1774.0
1784135056.2,27331,32624,1618,69.0,74.0,1217.0
1784135057.3,27331,32624,1618,104.0,74.0,1781.0
1784135058.4,27331,32624,1618,91.0,74.0,1784.0
1784135059.5,27331,32624,1618,77.0,74.0,1723.0
1784135060.6,27331,32624,1618,114.0,74.0,1700.0
1784135061.7,27331,32624,1618,125.0,74.0,1654.0
1784135062.8,27331,32624,1618,121.0,74.0,1695.0
1784135063.9,27331,32624,1618,132.0,74.0,1658.0
1784135065.0,27331,32624,1618,130.0,74.0,1673.0
1784135066.1,27331,32624,1618,133.0,74.0,1727.0
1784135067.2,27331,32624,1618,139.0,74.0,1702.0
1784135068.2,27331,32624,1618,130.0,74.0,1660.0
1784135069.3,27331,32624,1618,135.0,74.0,1744.0
1784135070.4,27331,32624,1618,130.0,74.0,1742.0
1784135071.5,27331,32624,1618,140.0,74.0,1744.0
1784135072.6,27331,32624,1618,147.0,74.0,1695.0
1784135073.7,27331,32624,1618,135.0,75.0,1718.0
1784135074.8,27331,32624,1618,129.0,74.0,1718.0
1784135075.9,27331,32624,1618,133.0,74.0,1741.0
1784135077.0,27331,32624,1618,106.0,75.0,1727.0
1784135078.1,27331,32624,1618,133.0,75.0,1659.0
1784135079.2,27331,32624,1618,130.0,75.0,1724.0
1784135080.3,27331,32624,1618,81.0,75.0,1241.0
1784135081.4,27331,32624,1618,135.0,75.0,1660.0
1784135082.4,27331,32624,1618,91.0,75.0,1782.0
1784135083.5,27331,32624,1618,79.0,75.0,1110.0
1784135084.6,27331,32624,1618,142.0,75.0,1740.0
1784135085.7,27331,32624,1618,78.0,75.0,1775.0
1784135086.8,27331,32624,1618,125.0,75.0,1714.0
1784135087.9,27331,32624,1618,131.0,75.0,1679.0
1784135089.0,27331,32624,1618,140.0,75.0,1728.0
1784135090.1,27331,32624,1618,140.0,75.0,1683.0
1784135091.2,27331,32624,1618,126.0,75.0,1681.0
1784135092.3,27331,32624,1618,129.0,75.0,1716.0
1784135093.4,27331,32624,1618,134.0,75.0,1717.0
1784135094.5,27331,32624,1618,126.0,75.0,1704.0
1784135095.6,27331,32624,1618,126.0,75.0,1727.0
1784135096.7,27331,32624,1618,126.0,75.0,1711.0
1784135097.7,27331,32624,1618,129.0,75.0,1464.0
1784135098.8,27331,32624,1618,140.0,75.0,1727.0
1784135099.9,27331,32624,1618,127.0,75.0,1696.0
1784135101.0,27331,32624,1618,117.0,75.0,1705.0
1784135102.1,27331,32624,1618,83.0,75.0,1766.0
1784135103.2,27331,32624,1618,79.0,75.0,1740.0
1784135104.3,27331,32624,1618,113.0,75.0,1685.0
1784135105.4,27331,32624,1618,105.0,75.0,1749.0
1784135106.5,27331,32624,1618,127.0,75.0,1688.0
1784135107.6,27331,32624,1618,56.0,75.0,1235.0
1784135108.7,27331,32624,1618,132.0,75.0,1691.0
1784135109.8,27331,32624,1618,56.0,75.0,1655.0
1784135110.9,27331,32624,1618,144.0,75.0,1715.0
1784135112.0,27331,32624,1618,131.0,75.0,1656.0
1784135113.0,27331,32624,1618,123.0,75.0,1710.0
1784135114.1,27331,32624,1618,137.0,75.0,1682.0
1784135115.2,27331,32624,1618,131.0,75.0,1694.0
1784135116.3,27331,32624,1618,101.0,75.0,1767.0
1784135117.4,27331,32624,1618,63.0,75.0,1639.0
1784135118.5,27331,32624,1618,116.0,75.0,1694.0
1784135119.6,27331,32624,1618,139.0,75.0,1721.0
1784135120.7,27331,32624,1618,128.0,75.0,1658.0
1784135121.8,27331,32624,1618,124.0,75.0,1658.0
1784135122.9,27331,32624,1618,124.0,75.0,1657.0
1784135124.0,27331,32624,1618,83.0,75.0,1678.0
1784135125.1,27331,32624,1618,99.0,75.0,1300.0
1784135126.2,27331,32624,1618,132.0,75.0,1657.0
1784135127.3,27331,32624,1618,130.0,75.0,1657.0
1784135128.3,27331,32624,1618,139.0,75.0,1734.0
1784135129.4,27331,32624,1618,131.0,75.0,1661.0
1784135130.5,27331,32624,1618,141.0,75.0,1723.0
1784135131.6,27331,32624,1618,138.0,75.0,1712.0
1784135132.7,27331,32624,1618,84.0,75.0,1199.0
1784135133.8,27331,32624,1618,133.0,75.0,1667.0
1784135134.9,27331,32624,1618,132.0,75.0,1665.0
1784135136.0,27331,32624,1618,126.0,75.0,1719.0
1784135137.1,27331,32624,1618,91.0,75.0,1134.0
1784135138.2,27331,32624,1618,132.0,75.0,1724.0
1784135139.3,27331,32624,1618,139.0,75.0,1735.0
1784135140.4,27331,32624,1618,125.0,75.0,1726.0
1784135141.5,27331,32624,1618,132.0,75.0,1705.0
1784135142.6,27331,32624,1618,38.0,75.0,0.0
1784135143.6,27331,32624,1618,186.0,76.0,2547.0
1784135144.7,27331,32624,1618,221.0,76.0,2431.0
1784135145.8,27331,32624,1618,150.0,77.0,2204.0
1784135146.9,27331,32624,1618,113.0,76.0,1725.0
1784135148.0,27331,32624,1618,136.0,76.0,1718.0
1784135149.1,27331,32624,1618,149.0,75.0,1721.0
1784135150.2,27331,32624,1618,134.0,76.0,1701.0
1784135151.3,27331,32624,1618,127.0,75.0,1659.0
1784135152.4,27331,32624,1618,119.0,75.0,1719.0
1784135153.5,27331,32624,1618,125.0,75.0,1663.0
1784135154.6,27331,32624,1618,144.0,75.0,1742.0
1784135155.7,27331,32624,1618,137.0,75.0,1719.0
1784135156.8,27331,32624,1618,136.0,75.0,1706.0
1784135157.8,27331,32624,1618,125.0,75.0,1682.0
1784135158.9,27331,32624,1618,125.0,75.0,1664.0
1784135160.0,27331,32624,1618,125.0,74.0,1729.0
1784135161.1,27331,32624,1618,117.0,74.0,1720.0
1784135162.2,27331,32624,1618,133.0,74.0,1731.0
1784135163.3,27331,32624,1618,138.0,74.0,1696.0
1784135164.4,27331,32624,1618,124.0,74.0,1661.0
1784135165.5,27331,32624,1618,121.0,74.0,1721.0
1784135166.6,27331,32624,1618,131.0,74.0,1481.0
1784135167.7,27331,32624,1618,88.0,74.0,1659.0
1784135168.8,27331,32624,1618,55.0,74.0,1573.0
1784135169.9,27331,32624,1618,119.0,74.0,1230.0
1784135171.0,27331,32624,1618,121.0,74.0,1663.0
1784135172.1,27331,32624,1618,131.0,74.0,1638.0
1784135173.1,27331,32624,1618,79.0,74.0,1758.0
1784135174.2,27331,32624,1618,121.0,74.0,1719.0
1784135175.3,27331,32624,1618,135.0,74.0,1712.0
1784135176.4,27331,32624,1618,127.0,74.0,1724.0
1784135177.5,27331,32624,1618,124.0,74.0,1736.0
1784135178.6,27331,32624,1618,114.0,74.0,1680.0
1784135179.7,27331,32624,1618,97.0,74.0,1737.0
1784135180.8,27331,32624,1618,141.0,74.0,1633.0
1784135181.9,27331,32624,1618,132.0,74.0,1663.0
1784135183.0,27331,32624,1618,125.0,74.0,1658.0
1784135184.1,27331,32624,1618,125.0,74.0,1675.0
1784135185.2,27331,32624,1618,81.0,74.0,1755.0
1784135186.3,27331,32624,1618,124.0,74.0,1662.0
1784135187.4,27331,32624,1618,134.0,74.0,1695.0
1784135188.5,27331,32624,1618,127.0,74.0,1696.0
1784135189.5,27331,32624,1618,106.0,74.0,1193.0
1784135190.6,27331,32624,1618,123.0,74.0,1729.0
1784135191.7,27331,32624,1618,126.0,74.0,1736.0
1784135192.8,27331,32624,1618,78.0,74.0,1766.0
1784135193.9,27331,32624,1618,55.0,74.0,1494.0
1784135195.0,27331,32624,1618,119.0,74.0,1689.0
1784135196.1,27331,32624,1618,133.0,75.0,1725.0
1784135197.2,27331,32624,1618,100.0,75.0,1726.0
1784135198.3,27331,32624,1618,131.0,75.0,1701.0
1784135199.4,27331,32624,1618,86.0,74.0,1125.0
1784135200.5,27331,32624,1618,126.0,75.0,1722.0
1784135201.6,27331,32624,1618,119.0,75.0,1690.0
1784135202.7,27331,32624,1618,131.0,75.0,1709.0
1784135203.8,27331,32624,1618,135.0,75.0,1737.0
1784135204.8,27331,32624,1618,129.0,75.0,1723.0
1784135205.9,27331,32624,1618,128.0,75.0,1732.0
1784135207.0,27331,32624,1618,136.0,75.0,1704.0
1784135208.1,27331,32624,1618,112.0,75.0,1723.0
1784135209.2,27331,32624,1618,131.0,75.0,1739.0
1784135210.3,27331,32624,1618,134.0,75.0,1690.0
1784135211.4,27331,32624,1618,135.0,75.0,1712.0
1784135212.5,27331,32624,1618,134.0,75.0,1707.0
1784135213.6,27331,32624,1618,136.0,75.0,1710.0
1784135214.7,27331,32624,1618,55.0,75.0,1259.0
1784135215.8,27331,32624,1618,108.0,75.0,1297.0
1784135216.9,27331,32624,1618,112.0,75.0,1341.0
1784135218.0,27331,32624,1618,125.0,75.0,1690.0
1784135219.1,27331,32624,1618,140.0,75.0,1711.0
1784135220.2,27331,32624,1618,131.0,75.0,1679.0
1784135221.3,27331,32624,1618,140.0,75.0,1735.0
1784135222.3,27331,32624,1618,133.0,75.0,1663.0
1784135223.4,27331,32624,1618,82.0,75.0,1718.0
1784135224.5,27331,32624,1618,126.0,75.0,1711.0
1784135225.6,27331,32624,1618,118.0,75.0,1273.0
1784135226.7,27331,32624,1618,129.0,75.0,1692.0
1784135227.8,27331,32624,1618,128.0,75.0,1724.0
1784135228.9,27331,32624,1618,135.0,75.0,1719.0
1784135230.0,27331,32624,1618,137.0,75.0,1657.0
1784135231.1,27331,32624,1618,124.0,75.0,1749.0
1784135232.2,27331,32624,1618,123.0,75.0,1713.0
1784135233.3,27331,32624,1618,54.0,75.0,1692.0
1784135234.4,27331,32624,1618,123.0,75.0,1676.0
1784135235.5,27331,32624,1618,145.0,75.0,1727.0
1784135236.6,27331,32624,1618,131.0,75.0,1695.0
1784135237.6,27331,32624,1618,134.0,75.0,1660.0
1784135238.7,27331,32624,1618,132.0,75.0,1668.0
1784135239.8,27331,32624,1618,131.0,75.0,1724.0
1784135240.9,27331,32624,1618,140.0,75.0,1734.0
1784135242.0,27331,32624,1618,135.0,75.0,1734.0
1784135243.1,27331,32624,1618,137.0,75.0,1627.0
1784135244.2,27331,32624,1618,133.0,75.0,1718.0
1784135245.3,27331,32624,1618,117.0,75.0,1740.0
1784135246.4,27331,32624,1618,125.0,75.0,1709.0
1784135247.5,27331,32624,1618,121.0,75.0,1329.0
1784135248.6,27331,32624,1618,122.0,75.0,1689.0
1784135249.7,27331,32624,1618,129.0,75.0,1704.0
1784135250.8,27331,32624,1618,130.0,75.0,1696.0
1784135251.8,27331,32624,1618,61.0,75.0,1185.0
1784135252.9,27331,32624,1618,79.0,75.0,1749.0
1784135254.0,27331,32624,1618,133.0,75.0,1659.0
1784135255.1,27331,32624,1618,120.0,75.0,1706.0
1784135256.2,27331,32624,1618,133.0,75.0,1670.0
1784135257.3,27331,32624,1618,144.0,75.0,1729.0
1784135258.4,27331,32624,1618,128.0,75.0,1731.0
1784135259.5,27331,32624,1618,134.0,75.0,1734.0
1784135260.6,27331,32624,1618,56.0,75.0,1507.0
1784135261.7,27331,32624,1618,133.0,75.0,1686.0
1784135262.8,27331,32624,1618,57.0,76.0,1759.0
1784135263.9,27331,32624,1618,133.0,75.0,1667.0
1784135265.0,27331,32624,1618,133.0,75.0,1715.0
1784135266.1,27331,32624,1618,178.0,75.0,2101.0
1784135267.1,27331,32624,1618,249.0,76.0,2585.0
1784135268.2,27331,32624,1618,131.0,77.0,2738.0
1784135269.3,27331,32624,1618,120.0,77.0,1452.0
1784135270.4,27331,32624,1618,120.0,76.0,1720.0
1784135271.5,27331,32624,1618,85.0,76.0,1694.0
1784135272.6,27331,32624,1618,134.0,76.0,1418.0
1784135273.7,27331,32624,1618,126.0,76.0,1659.0
1784135274.8,27331,32624,1618,141.0,76.0,1716.0
1784135275.9,27331,32624,1618,134.0,75.0,1701.0
1784135277.0,27331,32624,1618,127.0,75.0,1728.0
1784135278.1,27331,32624,1618,147.0,75.0,1739.0
1784135279.2,27331,32624,1618,125.0,75.0,1743.0
1784135280.3,27331,32624,1618,136.0,75.0,1734.0
1784135281.3,27331,32624,1618,88.0,75.0,1751.0
1784135282.4,27331,32624,1618,135.0,74.0,1707.0
1784135283.5,27331,32624,1618,137.0,74.0,1713.0
1784135284.6,27331,32624,1618,125.0,74.0,1737.0
1784135285.7,27331,32624,1618,119.0,74.0,1705.0
1784135286.8,27331,32624,1618,123.0,74.0,1711.0
1784135287.9,27331,32624,1618,138.0,74.0,1697.0
1784135289.0,27331,32624,1618,136.0,74.0,1730.0
1784135290.1,27331,32624,1618,137.0,74.0,1512.0
1784135291.2,27331,32624,1618,64.0,74.0,1779.0
1784135292.3,27331,32624,1618,105.0,74.0,1652.0
1784135293.4,27331,32624,1618,91.0,74.0,1727.0
1784135294.5,27331,32624,1618,129.0,74.0,1688.0
1784135295.6,27331,32624,1618,132.0,74.0,1662.0
1784135296.7,27331,32624,1618,128.0,74.0,1746.0
1784135297.7,27331,32624,1618,139.0,74.0,1723.0
1784135298.8,27331,32624,1618,132.0,74.0,1687.0
1784135299.9,27331,32624,1618,134.0,74.0,1661.0
1784135301.0,27331,32624,1628,126.0,74.0,1696.0
1784135302.1,27331,32624,1628,145.0,74.0,1734.0
1784135303.2,27331,32624,1618,134.0,74.0,1666.0
1784135304.3,27331,32624,1618,118.0,74.0,1690.0
1784135305.4,27331,32624,1618,142.0,74.0,1736.0
1784135306.5,27331,32624,1618,134.0,74.0,1725.0
1784135307.6,27344,32624,1632,91.0,74.0,1439.0
1784135308.7,27344,32624,1643,133.0,74.0,1728.0
1784135309.8,27344,32624,1643,135.0,74.0,1727.0
1784135310.9,27344,32624,1632,133.0,74.0,1663.0
1784135312.0,27344,32624,1622,131.0,74.0,1661.0
1784135313.1,27342,32624,1622,134.0,74.0,1685.0
1784135314.2,27342,32624,1622,114.0,74.0,1465.0
1784135315.3,27342,32624,1622,130.0,74.0,1663.0
1784135316.4,27342,32624,1622,136.0,74.0,1652.0
1784135317.5,27342,32624,1622,83.0,74.0,1764.0
1784135318.6,27342,32624,1622,138.0,74.0,1739.0
1784135319.6,27342,32624,1622,125.0,74.0,1708.0
1784135320.7,27342,32624,1622,125.0,74.0,1675.0
1784135321.8,27342,32624,1622,120.0,74.0,1658.0
1784135322.9,27342,32624,1622,140.0,74.0,1721.0
1784135324.0,27342,32624,1622,143.0,74.0,1699.0
1784135325.1,27342,32624,1622,129.0,74.0,1697.0
1784135326.2,27342,32624,1622,125.0,74.0,1721.0
1784135327.3,27342,32624,1622,137.0,74.0,1716.0
1784135328.4,27342,32624,1622,133.0,75.0,1739.0
1784135329.5,27342,32624,1622,82.0,74.0,1742.0
1784135330.6,27342,32624,1622,135.0,75.0,1721.0
1784135331.7,27332,32624,1622,131.0,74.0,1733.0
1784135332.8,27332,32624,1622,128.0,75.0,1740.0
1784135333.9,27332,32624,1622,131.0,75.0,1731.0
1784135335.0,27332,32624,1622,130.0,75.0,1675.0
1784135336.0,27332,32624,1622,121.0,75.0,1661.0
1784135337.1,27332,32624,1622,134.0,75.0,1735.0
1784135338.2,27332,32624,1622,125.0,75.0,1686.0
1784135339.3,27332,32624,1622,137.0,75.0,1738.0
1784135340.4,27332,32624,1632,127.0,75.0,1689.0
1784135341.5,27332,32624,1632,124.0,75.0,1694.0
1784135342.6,27332,32624,1622,135.0,75.0,1726.0
1784135343.7,27332,32624,1622,114.0,75.0,1679.0
1784135344.8,27332,32624,1622,125.0,75.0,1726.0
1784135345.9,27332,32624,1622,128.0,75.0,1726.0
1784135347.0,27332,32624,1622,138.0,75.0,1741.0
1784135348.1,27332,32624,1622,134.0,75.0,1711.0
1784135349.2,27332,32624,1622,130.0,75.0,1684.0
1784135350.3,27332,32624,1622,119.0,75.0,1708.0
1784135351.3,27332,32624,1622,132.0,75.0,1711.0
1784135352.4,27332,32624,1622,137.0,75.0,1708.0
1784135353.5,27332,32624,1622,133.0,75.0,1700.0
1784135354.6,27332,32624,1622,113.0,75.0,1690.0
1784135355.7,27332,32624,1622,137.0,75.0,1696.0
1784135356.8,27332,32624,1632,133.0,75.0,1701.0
1784135357.9,27332,32624,1632,142.0,75.0,1732.0
1784135359.0,27332,32624,1622,128.0,75.0,1738.0
1784135360.1,27332,32624,1622,135.0,75.0,1716.0
1784135361.2,27332,32624,1622,132.0,75.0,1736.0
1784135362.3,27332,32624,1622,139.0,75.0,1722.0
1784135363.4,27332,32624,1622,131.0,75.0,1666.0
1784135364.5,27332,32624,1622,138.0,75.0,1697.0
1784135365.6,27332,32624,1622,96.0,75.0,1752.0
1784135366.6,27332,32624,1622,141.0,75.0,1717.0
1784135367.7,27332,32624,1622,94.0,75.0,1735.0
1784135368.8,27332,32624,1622,115.0,75.0,1727.0
1784135369.9,27332,32624,1622,127.0,75.0,1730.0
1784135371.0,27332,32624,1622,122.0,75.0,1680.0
1784135372.1,27332,32624,1622,137.0,75.0,1702.0
1784135373.2,27332,32624,1622,131.0,75.0,1671.0
1784135374.3,27332,32624,1622,80.0,75.0,1111.0
1784135375.4,27332,32624,1622,79.0,75.0,1773.0
1784135376.5,27332,32624,1622,129.0,75.0,1700.0
1784135377.6,27332,32624,1622,62.0,75.0,1679.0
1784135378.7,27332,32624,1622,137.0,75.0,1733.0
1784135379.8,27332,32624,1622,114.0,75.0,1717.0
1784135380.9,27332,32624,1622,65.0,75.0,1745.0
1784135382.0,27332,32624,1622,123.0,75.0,1679.0
1784135383.0,27332,32624,1622,135.0,75.0,1727.0
1784135384.1,27332,32624,1622,133.0,75.0,1725.0
1784135385.2,27332,32624,1622,55.0,75.0,1425.0
1784135386.3,27332,32624,1622,132.0,75.0,1656.0
1784135387.4,27332,32624,1622,128.0,75.0,1728.0
1784135388.5,27332,32624,1622,134.0,75.0,1725.0
1784135389.6,27332,32624,1622,83.0,75.0,1732.0
1784135390.7,27332,32624,1622,139.0,75.0,1690.0
1784135391.8,27332,32624,1622,134.0,75.0,1733.0
1784135392.9,27332,32624,1622,136.0,75.0,1735.0
1784135394.0,27332,32624,1622,87.0,75.0,1772.0
1784135395.1,27332,32624,1622,125.0,75.0,1718.0
1784135396.1,27332,32624,1622,121.0,75.0,1709.0
1784135397.2,27332,32624,1622,120.0,75.0,1712.0
1784135398.3,27332,32624,1622,138.0,75.0,1734.0
1784135399.4,27332,32624,1622,57.0,75.0,1301.0
1784135400.5,27332,32624,1622,140.0,75.0,1736.0
1784135401.6,27332,32624,1622,84.0,75.0,1747.0
1784135402.7,27332,32624,1622,126.0,75.0,1692.0
1784135403.8,27332,32624,1622,131.0,75.0,1730.0
1784135404.9,27332,32624,1622,91.0,76.0,1115.0
1784135406.0,27332,32624,1622,130.0,75.0,1662.0
1784135407.1,27332,32624,1622,131.0,75.0,1726.0
1784135408.2,27332,32624,1622,108.0,75.0,1743.0
1784135409.3,27332,32624,1622,243.0,76.0,2571.0
1784135410.3,27332,32624,1622,155.0,76.0,2922.0
1784135411.4,27332,32624,1622,126.0,76.0,1739.0
1784135412.5,27332,32624,1622,136.0,76.0,1709.0
1784135413.6,27332,32624,1622,113.0,76.0,1707.0
1784135414.7,27332,32624,1622,126.0,76.0,1661.0
1784135415.8,27332,32624,1622,127.0,76.0,1701.0
1784135416.9,27331,32624,1624,129.0,75.0,1659.0
1784135418.0,27331,32624,1624,92.0,75.0,1728.0
1784135419.1,27331,32624,1624,88.0,75.0,1709.0
1784135420.2,27331,32624,1624,116.0,75.0,1709.0
1784135421.3,27331,32624,1624,133.0,75.0,1696.0
1784135422.4,27331,32624,1624,149.0,75.0,1692.0
1784135423.5,27331,32624,1624,138.0,75.0,1728.0
1784135424.5,27331,32624,1624,140.0,75.0,1730.0
1784135425.6,27331,32624,1624,138.0,75.0,1725.0
1784135426.7,27331,32624,1624,81.0,75.0,1772.0
1784135427.8,27331,32624,1624,119.0,74.0,1731.0
1784135428.9,27331,32624,1624,136.0,74.0,1707.0
1784135430.0,27331,32624,1624,123.0,74.0,1726.0
1784135431.1,27331,32624,1624,121.0,74.0,1739.0
1784135432.2,27331,32624,1624,125.0,74.0,1701.0
1784135433.3,27331,32624,1624,138.0,74.0,1735.0
1784135434.4,27331,32624,1624,134.0,74.0,1653.0
1784135435.5,27331,32624,1624,123.0,74.0,1687.0
1784135436.6,27331,32624,1624,143.0,74.0,1724.0
1784135437.7,27331,32624,1624,126.0,74.0,1658.0
1784135438.8,27331,32624,1624,124.0,74.0,1658.0
1784135439.9,27331,32624,1624,133.0,74.0,1732.0
1784135440.9,27331,32624,1624,139.0,74.0,1694.0
1784135442.0,27331,32624,1624,124.0,74.0,1697.0
1784135443.1,27331,32624,1624,128.0,74.0,1659.0
1784135444.2,27331,32624,1624,125.0,74.0,1736.0
1784135445.3,27331,32624,1624,134.0,74.0,1697.0
1784135446.4,27331,32624,1624,144.0,74.0,1730.0
1784135447.5,27331,32624,1624,110.0,74.0,1702.0
1784135448.6,27331,32624,1624,133.0,74.0,1663.0
1784135449.7,27331,32624,1624,133.0,74.0,1742.0
1784135450.8,27331,32624,1624,116.0,74.0,1706.0
1784135451.9,27331,32624,1624,112.0,74.0,1711.0
1784135453.0,27331,32624,1624,117.0,74.0,1354.0
1784135454.1,27331,32624,1624,127.0,74.0,1698.0
1784135455.2,27331,32624,1624,135.0,74.0,1736.0
1784135456.2,27331,32624,1624,110.0,74.0,1693.0
1784135457.3,27331,32624,1624,121.0,74.0,1656.0
1784135458.4,27331,32624,1624,129.0,74.0,1696.0
1784135459.5,27331,32624,1624,141.0,74.0,1682.0
1784135460.6,27331,32624,1624,137.0,74.0,1732.0
1784135461.7,27331,32624,1624,137.0,74.0,1703.0
1784135462.8,27331,32624,1624,143.0,75.0,1724.0
1784135463.9,27331,32624,1624,131.0,75.0,1694.0
1784135465.0,27331,32624,1624,136.0,75.0,1659.0
1784135466.1,27331,32624,1624,135.0,75.0,1708.0
1784135467.2,27331,32624,1624,141.0,75.0,1442.0
1784135468.3,27331,32624,1624,135.0,75.0,1663.0
1784135469.4,27331,32624,1624,136.0,75.0,1659.0
1784135470.5,27331,32624,1624,123.0,75.0,1707.0
1784135471.5,27331,32624,1624,88.0,75.0,1148.0
1784135472.6,27331,32624,1624,135.0,75.0,1725.0
1784135473.7,27331,32624,1624,113.0,75.0,1676.0
1784135474.8,27331,32624,1624,115.0,75.0,1680.0
1784135475.9,27331,32624,1624,75.0,75.0,1768.0
1784135477.0,27331,32624,1624,132.0,75.0,1736.0
1784135478.1,27331,32624,1624,113.0,75.0,1687.0
1784135479.2,27331,32624,1624,97.0,75.0,1691.0
1784135480.3,27331,32624,1624,137.0,75.0,1695.0
1784135481.4,27331,32624,1624,139.0,75.0,1722.0
1784135482.5,27331,32624,1624,87.0,75.0,1467.0
1784135483.6,27331,32624,1634,128.0,75.0,1674.0
1784135484.7,27331,32624,1628,124.0,75.0,1659.0
1784135485.7,27331,32624,1628,117.0,75.0,1744.0
1784135486.8,27331,32624,1628,134.0,75.0,1713.0
1784135487.9,27331,32624,1628,139.0,75.0,1720.0
1784135489.0,27331,32624,1618,117.0,75.0,1693.0
1784135490.1,27331,32624,1628,135.0,75.0,1734.0
1784135491.2,27331,32624,1618,84.0,75.0,1768.0
1784135492.3,27344,32624,1632,116.0,75.0,1727.0
1784135493.4,27344,32624,1643,85.0,75.0,1740.0
1784135494.5,27344,32624,1643,125.0,75.0,1727.0
1784135495.6,27344,32624,1622,119.0,75.0,1734.0
1784135496.7,27344,32624,1622,93.0,75.0,1069.0
1784135497.8,27342,32624,1622,129.0,75.0,1689.0
1784135498.9,27342,32624,1622,129.0,75.0,1725.0
1784135500.0,27342,32624,1622,138.0,75.0,1726.0
1784135501.1,27342,32624,1622,127.0,75.0,1712.0
1784135502.2,27342,32624,1622,138.0,75.0,1734.0
1784135503.3,27342,32624,1622,138.0,75.0,1735.0
1784135504.4,27342,32624,1622,132.0,75.0,1688.0
1784135505.5,27342,32624,1622,113.0,75.0,1712.0
1784135506.6,27342,32624,1622,137.0,75.0,1667.0
1784135507.6,27342,32624,1622,134.0,75.0,1692.0
1784135508.7,27342,32624,1622,116.0,75.0,1692.0
1784135509.8,27342,32624,1622,137.0,75.0,1693.0
1784135510.9,27342,32624,1622,131.0,75.0,1660.0
1784135512.0,27342,32624,1622,53.0,75.0,1289.0
1784135513.1,27342,32624,1622,55.0,75.0,1504.0
1784135514.2,27332,32624,1622,130.0,75.0,1662.0
1784135515.3,27332,32624,1622,133.0,75.0,1662.0
1784135516.4,27332,32624,1622,80.0,75.0,1722.0
1784135517.5,27332,32624,1622,127.0,75.0,1719.0
1784135518.6,27332,32624,1622,128.0,75.0,1690.0
1784135519.7,27332,32624,1622,83.0,75.0,1716.0
1784135520.8,27332,32624,1622,92.0,75.0,1184.0
1784135521.9,27332,32624,1622,97.0,75.0,1148.0
1784135522.9,27332,32624,1622,133.0,75.0,1738.0
1784135524.0,27332,32624,1622,136.0,75.0,1745.0
1784135525.1,27332,32624,1622,131.0,75.0,1660.0
1784135526.2,27332,32624,1622,132.0,75.0,1741.0
1784135527.3,27332,32624,1622,127.0,75.0,1705.0
1784135528.4,27332,32624,1622,77.0,75.0,1757.0
1784135529.5,27332,32624,1622,130.0,75.0,1686.0
1784135530.6,27332,32624,1622,140.0,75.0,1692.0
1784135531.7,27332,32624,1622,132.0,75.0,1739.0
1784135532.8,27332,32624,1622,85.0,76.0,1071.0
1784135533.9,27332,32624,1622,131.0,75.0,1663.0
1784135535.0,27332,32624,1622,134.0,75.0,1725.0
1784135536.0,27332,32624,1622,83.0,75.0,1777.0
1784135537.1,27332,32624,1622,131.0,75.0,1661.0
1784135538.2,27332,32624,1622,79.0,75.0,1759.0
1784135539.3,27332,32624,1622,83.0,76.0,1760.0
1784135540.4,27332,32624,1622,139.0,76.0,1727.0
1784135541.5,27332,32624,1622,139.0,76.0,1722.0
1784135542.6,27332,32624,1622,105.0,76.0,1716.0
1784135543.7,27332,32624,1622,120.0,76.0,1725.0
1784135544.8,27332,32624,1622,132.0,76.0,1662.0
1784135545.9,27332,32624,1622,129.0,76.0,1664.0
1784135547.0,27332,32624,1622,110.0,76.0,1374.0
1784135548.1,27332,32624,1622,130.0,75.0,1711.0
1784135549.2,27332,32624,1622,131.0,76.0,1663.0
1784135550.3,27332,32624,1622,84.0,76.0,1774.0
1784135551.4,27332,32624,1622,132.0,76.0,1659.0
1784135552.4,27332,32624,1622,141.0,76.0,1733.0
1784135553.5,27332,32624,1622,129.0,76.0,1713.0
1784135554.6,27332,32624,1622,136.0,76.0,1507.0
1784135555.7,27331,32624,1624,131.0,76.0,1497.0
1784135556.8,27331,32624,1624,107.0,76.0,1691.0
1784135557.9,27331,32624,1624,130.0,76.0,1648.0
1784135559.0,27331,32624,1624,130.0,76.0,1653.0
1784135560.1,27331,32624,1624,132.0,76.0,1657.0
1784135561.2,27331,32624,1624,69.0,76.0,1756.0
1784135562.3,27331,32624,1624,118.0,76.0,1212.0
1784135563.4,27331,32624,1624,133.0,76.0,1690.0
1784135564.5,27331,32624,1624,143.0,76.0,1725.0
1784135565.6,27331,32624,1624,136.0,76.0,1713.0
1784135566.7,27331,32624,1624,130.0,76.0,1710.0
1784135567.8,27331,32624,1624,139.0,76.0,1685.0
1784135568.8,27331,32624,1624,126.0,76.0,1724.0
1784135569.9,27331,32624,1624,132.0,76.0,1682.0
1784135571.0,27331,32624,1624,129.0,76.0,1687.0
1784135572.1,27331,32624,1624,131.0,76.0,1656.0
1784135573.2,27331,32624,1624,134.0,76.0,1664.0
1784135574.3,27331,32624,1624,84.0,76.0,1055.0
1784135575.4,27331,32624,1624,120.0,76.0,1359.0
1784135576.5,27331,32624,1624,137.0,76.0,1678.0
1784135577.6,27331,32624,1624,134.0,76.0,1657.0
1784135578.7,27331,32624,1624,134.0,76.0,1677.0
1784135579.8,27331,32624,1624,143.0,76.0,1722.0
1784135580.9,27331,32624,1624,133.0,76.0,1663.0
1784135582.0,27331,32624,1624,127.0,76.0,1703.0
1784135583.1,27331,32624,1624,134.0,76.0,1731.0
1784135584.2,27331,32624,1624,129.0,76.0,1705.0
1784135585.3,27331,32624,1624,124.0,76.0,1691.0
1784135586.3,27331,32624,1624,95.0,76.0,1197.0
1784135587.4,27331,32624,1624,131.0,76.0,1690.0
1784135588.5,27331,32624,1624,154.0,75.0,1750.0
1784135589.6,27331,32624,1624,211.0,77.0,2570.0
1784135590.7,27331,32624,1624,305.0,77.0,2880.0
1784135591.8,27331,32624,1624,145.0,77.0,2350.0
1784135592.9,27331,32624,1624,131.0,77.0,1733.0
1784135594.0,27331,32624,1624,138.0,77.0,1688.0
1784135595.1,27331,32624,1624,136.0,77.0,1699.0
1784135596.2,27331,32624,1624,120.0,76.0,1683.0
1784135597.3,27331,32624,1624,109.0,76.0,1731.0
1784135598.4,27331,32624,1624,82.0,76.0,1735.0
1784135599.5,27331,32624,1624,138.0,76.0,1695.0
1784135600.6,27331,32624,1624,78.0,76.0,1722.0
1784135601.7,27331,32624,1624,124.0,76.0,1657.0
1784135602.8,27331,32624,1624,146.0,75.0,1667.0
1784135603.9,27331,32624,1624,136.0,75.0,1724.0
1784135605.0,27331,32624,1624,80.0,75.0,1769.0
1784135606.0,27331,32624,1624,132.0,75.0,1685.0
1784135607.1,27331,32624,1624,111.0,75.0,1721.0
1784135608.2,27331,32624,1624,134.0,75.0,1683.0
1784135609.3,27331,32624,1624,128.0,75.0,1697.0
1784135610.4,27331,32624,1624,124.0,75.0,1679.0
1784135611.5,27331,32624,1624,86.0,75.0,1669.0
1784135612.6,27331,32624,1624,134.0,75.0,1682.0
1784135613.7,27331,32624,1624,100.0,75.0,1735.0
1784135614.8,27331,32624,1624,121.0,75.0,1688.0
1784135615.9,27331,32624,1624,88.0,75.0,1744.0
1784135617.0,27331,32624,1624,99.0,75.0,1748.0
1784135618.1,27331,32624,1624,140.0,75.0,1702.0
1784135619.2,27331,32624,1624,99.0,75.0,1087.0
1784135620.3,27331,32624,1624,90.0,75.0,1717.0
1784135621.4,27331,32624,1624,84.0,75.0,1741.0
1784135622.4,27331,32624,1624,126.0,75.0,1660.0
1784135623.5,27331,32624,1624,137.0,75.0,1729.0
1784135624.6,27331,32624,1624,140.0,75.0,1704.0
1784135625.7,27331,32624,1624,127.0,75.0,1746.0
1784135626.8,27331,32624,1624,131.0,75.0,1682.0
1784135627.9,27331,32624,1624,127.0,74.0,1730.0
1784135629.0,27331,32624,1624,124.0,75.0,1732.0
1784135630.1,27331,32624,1624,127.0,75.0,1661.0
1784135631.2,27331,32624,1624,143.0,75.0,1740.0
1784135632.3,27331,32624,1624,118.0,75.0,1688.0
1784135633.4,27331,32624,1624,133.0,75.0,1657.0
1784135634.5,27331,32624,1624,56.0,75.0,1537.0
1784135635.6,27331,32624,1624,134.0,75.0,1698.0
1784135636.7,27331,32624,1624,146.0,75.0,1739.0
1784135637.7,27331,32624,1624,105.0,75.0,1719.0
1784135638.8,27331,32624,1624,130.0,75.0,1684.0
1784135639.9,27331,32624,1624,128.0,75.0,1735.0
1784135641.0,27331,32624,1624,80.0,75.0,1741.0
1784135642.1,27331,32624,1624,125.0,75.0,1663.0
1784135643.2,27331,32624,1624,132.0,75.0,1740.0
1784135644.3,27331,32624,1624,72.0,75.0,1763.0
1784135645.4,27331,32624,1624,136.0,75.0,1729.0
1784135646.5,27331,32624,1624,113.0,75.0,1709.0
1784135647.6,27331,32624,1624,136.0,75.0,1734.0
1784135648.7,27331,32624,1624,137.0,75.0,1695.0
1784135649.8,27331,32624,1624,80.0,75.0,1677.0
1784135650.9,27331,32624,1624,115.0,75.0,1693.0
1784135652.0,27331,32624,1624,121.0,75.0,1717.0
1784135653.1,27331,32624,1624,124.0,75.0,1738.0
1784135654.1,27331,32624,1624,102.0,75.0,1723.0
1784135655.2,27331,32624,1624,127.0,75.0,1658.0
1784135656.3,27331,32624,1624,138.0,75.0,1686.0
1784135657.4,27331,32624,1624,131.0,75.0,1712.0
1784135658.5,27331,32624,1624,135.0,75.0,1726.0
1784135659.6,27331,32624,1624,121.0,75.0,1726.0
1784135660.7,27331,32624,1624,118.0,75.0,1315.0
1784135661.8,27331,32624,1624,132.0,75.0,1689.0
1784135662.9,27331,32624,1624,104.0,75.0,1782.0
1784135664.0,27331,32624,1624,85.0,75.0,1462.0
1784135665.1,27331,32624,1624,143.0,75.0,1719.0
1784135666.2,27331,32624,1624,128.0,75.0,1705.0
1784135667.3,27331,32624,1624,141.0,75.0,1728.0
1784135668.4,27331,32624,1624,120.0,75.0,1467.0
1784135669.5,27331,32624,1624,129.0,75.0,1659.0
1784135670.5,27331,32624,1624,131.0,75.0,1714.0
1784135671.6,27331,32624,1624,127.0,75.0,1732.0
1784135672.7,27331,32624,1624,140.0,75.0,1730.0
1784135673.8,27331,32624,1624,83.0,75.0,1759.0
1784135674.9,27331,32624,1624,123.0,75.0,1736.0
1784135676.0,27331,32624,1624,92.0,75.0,1744.0
1784135677.1,27331,32624,1624,130.0,75.0,1666.0
1784135678.2,27331,32624,1624,76.0,75.0,1763.0
1784135679.3,27331,32624,1624,134.0,75.0,1660.0
1784135680.4,27331,32624,1624,126.0,75.0,1657.0
1784135681.5,27331,32624,1624,87.0,75.0,1666.0
1784135682.6,27331,32624,1624,127.0,75.0,1657.0
1784135683.7,27331,32624,1624,132.0,75.0,1637.0
1784135684.8,27331,32624,1624,117.0,75.0,1742.0
1784135685.9,27331,32624,1624,125.0,75.0,1654.0
1784135687.0,27331,32624,1624,137.0,75.0,1683.0
1784135688.0,27331,32624,1624,128.0,75.0,1715.0
1784135689.1,27331,32624,1624,136.0,75.0,1727.0
1784135690.2,27331,32624,1624,129.0,75.0,1656.0
1784135691.3,27331,32624,1624,122.0,75.0,1697.0
1784135692.4,27331,32624,1624,83.0,75.0,1772.0
1784135693.5,27331,32624,1624,127.0,76.0,1728.0
1784135694.6,27331,32624,1624,139.0,75.0,1738.0
1784135695.7,27331,32624,1624,135.0,76.0,1714.0
1784135696.8,27331,32624,1624,131.0,76.0,1682.0
1784135697.9,27331,32624,1624,97.0,75.0,1734.0
1784135699.0,27331,32624,1624,141.0,76.0,1676.0
1784135700.1,27331,32624,1624,57.0,76.0,1522.0
1784135701.2,27331,32624,1624,141.0,76.0,1729.0
1784135702.3,27331,32624,1624,137.0,76.0,1681.0
1784135703.3,27331,32624,1624,155.0,75.0,1756.0
1784135704.4,27331,32624,1624,202.0,76.0,2302.0
1784135705.5,27331,32624,1624,255.0,77.0,2912.0
1784135706.6,27331,32624,1624,119.0,76.0,1184.0
1784135707.7,27331,32624,1624,142.0,76.0,1730.0
1784135708.8,27331,32624,1624,133.0,76.0,1738.0
1784135709.9,27331,32624,1624,142.0,76.0,1726.0
1784135711.0,27331,32624,1624,133.0,76.0,1729.0
1784135712.1,27331,32624,1624,131.0,76.0,1694.0
1784135713.2,27331,32624,1624,145.0,75.0,1688.0
1784135714.3,27331,32624,1624,125.0,75.0,1699.0
1784135715.4,27331,32624,1624,130.0,75.0,1690.0
1784135716.5,27331,32624,1624,134.0,75.0,1672.0
1784135717.5,27331,32624,1624,54.0,75.0,1267.0
1784135718.6,27331,32624,1624,106.0,75.0,1692.0
1784135719.7,27331,32624,1624,131.0,75.0,1690.0
1784135720.8,27331,32624,1624,133.0,75.0,1721.0
1784135721.9,27331,32624,1624,151.0,75.0,1723.0
1784135723.0,27331,32624,1624,84.0,75.0,1769.0
1784135724.1,27331,32624,1624,126.0,75.0,1659.0
1784135725.2,27331,32624,1624,137.0,75.0,1694.0
1784135726.3,27331,32624,1624,144.0,74.0,1708.0
1784135727.4,27331,32624,1624,129.0,74.0,1730.0
1784135728.5,27331,32624,1624,138.0,74.0,1701.0
1784135729.6,27331,32624,1624,131.0,74.0,1735.0
1784135730.7,27331,32624,1624,127.0,74.0,1710.0
1784135731.7,27331,32624,1624,136.0,74.0,1662.0
1784135732.8,27331,32624,1624,131.0,74.0,1731.0
1784135733.9,27331,32624,1624,134.0,74.0,1662.0
1784135735.0,27331,32624,1624,108.0,74.0,1647.0
1784135736.1,27331,32624,1624,141.0,74.0,1698.0
1784135737.2,27331,32624,1624,133.0,74.0,1713.0
1784135738.3,27331,32624,1624,140.0,74.0,1661.0
1784135739.4,27331,32624,1624,123.0,74.0,1661.0
1784135740.5,27331,32624,1624,134.0,74.0,1679.0
1784135741.6,27331,32624,1624,55.0,74.0,1655.0
1784135742.7,27331,32624,1624,106.0,74.0,1732.0
1784135743.8,27331,32624,1624,128.0,74.0,1728.0
1784135744.9,27331,32624,1624,139.0,74.0,1699.0
1784135746.0,27331,32624,1624,127.0,74.0,1722.0
1784135747.1,27331,32624,1624,104.0,74.0,1659.0
1784135748.1,27331,32624,1624,134.0,74.0,1732.0
1784135749.2,27331,32624,1624,136.0,74.0,1707.0
1784135750.3,27331,32624,1624,129.0,74.0,1657.0
1784135751.4,27331,32624,1624,128.0,75.0,1661.0
1784135752.5,27331,32624,1624,121.0,74.0,1689.0
1784135753.6,27331,32624,1624,128.0,74.0,1656.0
1784135754.7,27331,32624,1624,134.0,74.0,1666.0
1784135755.8,27331,32624,1624,131.0,75.0,1675.0
1784135756.9,27331,32624,1624,140.0,75.0,1736.0
1784135758.0,27331,32624,1624,96.0,75.0,1743.0
1784135759.1,27331,32624,1624,129.0,75.0,1743.0
1784135760.2,27331,32624,1624,132.0,75.0,1701.0
1784135761.3,27331,32624,1624,139.0,75.0,1687.0
1784135762.4,27331,32624,1624,122.0,75.0,1724.0
1784135763.4,27331,32624,1624,135.0,75.0,1659.0
1784135764.5,27331,32624,1624,140.0,75.0,1698.0
1784135765.6,27331,32624,1624,134.0,75.0,1711.0
1784135766.7,27331,32624,1624,92.0,75.0,1696.0
1784135767.8,27331,32624,1624,126.0,75.0,1702.0
1784135768.9,27331,32624,1624,129.0,75.0,1729.0
1784135770.0,27331,32624,1624,125.0,75.0,1686.0
1784135771.1,27331,32624,1624,129.0,75.0,1730.0
1784135772.2,27331,32624,1624,76.0,75.0,1202.0
1784135773.3,27331,32624,1624,131.0,75.0,1732.0
1784135774.4,27331,32624,1624,115.0,75.0,1215.0
1784135775.5,27331,32624,1624,77.0,75.0,1773.0
1784135776.6,27331,32624,1624,117.0,75.0,1301.0
1784135777.7,27331,32624,1624,143.0,75.0,1734.0
1784135778.7,27331,32624,1624,122.0,75.0,1735.0
1784135779.8,27331,32624,1624,137.0,75.0,1736.0
1784135780.9,27331,32624,1624,78.0,75.0,1777.0
1784135782.0,27331,32624,1624,131.0,75.0,1678.0
1784135783.1,27331,32624,1624,54.0,75.0,1228.0
1784135784.2,27331,32624,1624,142.0,75.0,1696.0
1784135785.3,27331,32624,1624,134.0,75.0,1682.0
1784135786.4,27331,32624,1624,140.0,75.0,1736.0
1784135787.5,27331,32624,1624,55.0,75.0,1553.0
1784135788.6,27331,32624,1624,132.0,75.0,1742.0
1784135789.7,27331,32624,1624,56.0,75.0,1399.0
1784135790.8,27331,32624,1624,135.0,75.0,1678.0
1784135791.9,27331,32624,1624,130.0,75.0,1703.0
1784135793.0,27331,32624,1624,136.0,75.0,1732.0
1784135794.1,27331,32624,1624,136.0,75.0,1690.0
1784135795.2,27331,32624,1624,128.0,75.0,1563.0
1784135796.2,27331,32624,1624,123.0,75.0,1704.0
1784135797.3,27331,32624,1624,128.0,75.0,1716.0
1784135798.4,27331,32624,1624,133.0,75.0,1718.0
1784135799.5,27331,32624,1624,125.0,75.0,1663.0
1784135800.6,27331,32624,1624,130.0,75.0,1658.0
1784135801.7,27331,32624,1624,128.0,75.0,1658.0
1784135802.8,27331,32624,1624,132.0,75.0,1712.0
1784135803.9,27331,32624,1624,136.0,75.0,1694.0
1784135805.0,27331,32624,1624,128.0,75.0,1696.0
1784135806.1,27331,32624,1624,137.0,75.0,1745.0
1784135807.2,27331,32624,1624,57.0,75.0,1387.0
1784135808.3,27331,32624,1624,145.0,75.0,1733.0
1784135809.4,27331,32624,1624,129.0,75.0,1656.0
1784135810.4,27331,32624,1624,126.0,75.0,1677.0
1784135811.5,27331,32624,1624,132.0,75.0,1721.0
1784135812.6,27331,32624,1624,79.0,75.0,1079.0
1784135813.7,27331,32624,1624,132.0,75.0,1736.0
1784135814.8,27331,32624,1624,131.0,75.0,1659.0
1784135815.9,27331,32624,1624,128.0,75.0,1654.0
1784135817.0,27331,32624,1624,138.0,75.0,1740.0
1784135818.1,27331,32624,1624,132.0,75.0,1655.0
1784135819.2,27331,32624,1624,129.0,75.0,1658.0
1784135820.3,27331,32624,1624,131.0,75.0,1660.0
1784135821.4,27331,32624,1624,114.0,76.0,1678.0
1784135822.5,27331,32624,1624,132.0,75.0,1661.0
1784135823.6,27331,32624,1624,134.0,75.0,1737.0
1784135824.7,27331,32624,1624,141.0,75.0,1679.0
1784135825.8,27331,32624,1624,137.0,76.0,1727.0
1784135826.8,27331,32624,1624,135.0,76.0,1714.0
1784135827.9,27331,32624,1624,126.0,76.0,1698.0
1784135829.0,27331,32624,1624,131.0,76.0,1713.0
1784135830.1,27331,32624,1624,138.0,76.0,1713.0
1784135831.2,27331,32624,1624,136.0,76.0,1712.0
1784135832.3,27331,32624,1624,135.0,76.0,1669.0
1784135833.4,27331,32624,1624,142.0,76.0,1658.0
1784135834.5,27331,32624,1624,112.0,76.0,1651.0
1784135835.6,27331,32624,1624,118.0,76.0,1687.0
1784135836.7,27331,32624,1624,131.0,76.0,1738.0
1784135837.8,27331,32624,1624,83.0,76.0,1739.0
1784135838.9,27331,32624,1624,136.0,76.0,1676.0
1784135840.0,27331,32624,1624,125.0,76.0,1694.0
1784135841.1,27331,32624,1624,119.0,76.0,1713.0
1784135842.1,27331,32624,1624,133.0,76.0,1723.0
1784135843.2,27331,32624,1624,142.0,76.0,1502.0
1784135844.3,27331,32624,1624,126.0,76.0,1664.0
1784135845.4,27331,32624,1624,131.0,76.0,1657.0
1784135846.5,27331,32624,1624,133.0,76.0,1656.0
1784135847.6,27331,32624,1624,77.0,76.0,1200.0
1784135848.7,27331,32624,1624,114.0,76.0,1737.0
1784135849.8,27331,32624,1624,114.0,76.0,1677.0
1784135850.9,27331,32624,1624,136.0,76.0,1722.0
1784135852.0,27331,32624,1624,136.0,76.0,1704.0
1784135853.1,27331,32624,1624,37.0,75.0,0.0
1784135854.2,27331,32624,1624,209.0,76.0,2350.0
1784135855.3,27331,32624,1624,206.0,77.0,2296.0
1784135856.4,27331,32624,1624,177.0,77.0,2455.0
1784135857.4,27331,32624,1624,139.0,76.0,1700.0
1784135858.5,27331,32624,1624,119.0,76.0,1687.0
1784135859.6,27331,32624,1624,139.0,76.0,1687.0
1784135860.7,27331,32624,1624,124.0,76.0,1734.0
1784135861.8,27331,32624,1624,120.0,76.0,1689.0
1784135862.9,27331,32624,1624,142.0,76.0,1731.0
1784135864.0,27331,32624,1624,115.0,76.0,1741.0
1784135865.1,27331,32624,1624,147.0,76.0,1732.0
1784135866.2,27331,32624,1624,133.0,75.0,1714.0
1784135867.3,27331,32624,1624,123.0,75.0,1712.0
1784135868.4,27331,32624,1624,129.0,75.0,1707.0
1784135869.5,27331,32624,1624,128.0,75.0,1660.0
1784135870.6,27331,32624,1624,122.0,75.0,1240.0
1784135871.7,27331,32624,1624,142.0,75.0,1658.0
1784135872.7,27331,32624,1624,139.0,75.0,1394.0
1784135873.8,27331,32624,1624,132.0,75.0,1729.0
1784135874.9,27331,32624,1624,69.0,75.0,1240.0
1784135876.0,27331,32624,1624,131.0,75.0,1701.0
1784135877.1,27331,32624,1624,139.0,75.0,1660.0
1784135878.2,27331,32624,1624,116.0,75.0,1719.0
1784135879.3,27331,32624,1624,125.0,75.0,1660.0
1784135880.4,27331,32624,1624,103.0,75.0,1723.0
1784135881.5,27331,32624,1624,124.0,75.0,1711.0
1784135882.6,27331,32624,1624,116.0,75.0,1712.0
1784135883.7,27331,32624,1624,78.0,75.0,1761.0
1784135884.8,27331,32624,1624,135.0,75.0,1658.0
1784135885.8,27331,32624,1624,119.0,75.0,1692.0
1784135886.9,27331,32624,1624,133.0,75.0,1728.0
1784135888.0,27331,32624,1624,113.0,75.0,1726.0
1784135889.1,27331,32624,1624,113.0,75.0,1732.0
1784135890.2,27331,32624,1624,117.0,75.0,1737.0
1784135891.3,27331,32624,1624,138.0,75.0,1733.0
1784135892.4,27331,32624,1624,138.0,75.0,1676.0
1784135893.5,27331,32624,1624,122.0,75.0,1716.0
1784135894.6,27331,32624,1624,77.0,75.0,1772.0
1784135895.7,27331,32624,1624,122.0,75.0,1659.0
1784135896.8,27331,32624,1624,119.0,75.0,1628.0
1784135897.9,27331,32624,1624,136.0,75.0,1735.0
1784135899.0,27331,32624,1624,116.0,75.0,1677.0
1784135900.1,27331,32624,1624,126.0,75.0,1680.0
1784135901.1,27331,32624,1624,136.0,75.0,1739.0
1784135902.2,27331,32624,1624,130.0,75.0,1660.0
1784135903.3,27331,32624,1624,126.0,75.0,1720.0
1784135904.4,27331,32624,1624,132.0,75.0,1710.0
1784135905.5,27331,32624,1624,131.0,75.0,1675.0
1784135906.6,27331,32624,1624,131.0,75.0,1705.0
1784135907.7,27331,32624,1624,137.0,75.0,1723.0
1784135908.8,27331,32624,1624,139.0,75.0,1708.0
1784135909.9,27331,32624,1624,102.0,75.0,1216.0
1784135911.0,27331,32624,1624,131.0,75.0,1663.0
1784135912.1,27331,32624,1624,56.0,75.0,1449.0
1784135913.2,27331,32624,1624,128.0,75.0,1541.0
1784135914.3,27331,32624,1624,133.0,75.0,1685.0
1784135915.4,27331,32624,1624,106.0,75.0,1736.0
1784135916.4,27331,32624,1624,135.0,75.0,1732.0
1784135917.5,27331,32624,1624,139.0,75.0,1722.0
1784135918.6,27331,32624,1624,137.0,75.0,1719.0
1784135919.7,27331,32624,1624,109.0,75.0,1740.0
1784135920.8,27331,32624,1624,61.0,75.0,1752.0
1784135921.9,27331,32624,1624,144.0,75.0,1744.0
1784135923.0,27331,32624,1624,134.0,75.0,1734.0
1784135924.1,27331,32624,1624,85.0,75.0,1092.0
1784135925.2,27331,32624,1624,130.0,75.0,1686.0
1784135926.3,27331,32624,1624,136.0,75.0,1699.0
1784135927.4,27331,32624,1624,128.0,75.0,1724.0
1784135928.5,27331,32624,1624,114.0,75.0,1697.0
1784135929.5,27331,32624,1624,136.0,75.0,1733.0
1784135930.6,27331,32624,1624,139.0,75.0,1709.0
1784135931.7,27331,32624,1624,132.0,75.0,1676.0
1784135932.8,27331,32624,1624,112.0,75.0,1688.0
1784135933.9,27331,32624,1624,108.0,75.0,1769.0
1784135935.0,27331,32624,1624,124.0,75.0,1679.0
1784135936.1,27331,32624,1624,124.0,75.0,1663.0
1784135937.2,27331,32624,1624,130.0,75.0,1714.0
1784135938.3,27331,32624,1624,123.0,75.0,1658.0
1784135939.4,27331,32624,1634,132.0,75.0,1728.0
1784135940.5,27331,32624,1634,143.0,75.0,1658.0
1784135941.6,27331,32624,1634,79.0,75.0,1096.0
1784135942.7,27331,32624,1634,60.0,75.0,1308.0
1784135943.8,27331,32624,1634,123.0,75.0,1660.0
1784135944.8,27331,32624,1634,138.0,75.0,1736.0
1784135945.9,27331,32624,1634,104.0,75.0,1715.0
1784135947.0,27331,32624,1634,120.0,75.0,1687.0
1784135948.1,27331,32624,1634,142.0,75.0,1708.0
1784135949.2,27331,32624,1634,137.0,75.0,1700.0
1784135950.3,27331,32624,1634,82.0,75.0,1699.0
1784135951.4,27331,32624,1634,105.0,75.0,1705.0
1784135952.5,27331,32624,1634,134.0,75.0,1659.0
1784135953.6,27331,32624,1634,114.0,75.0,1678.0
1784135954.7,27331,32624,1634,121.0,75.0,1694.0
1784135955.8,27331,32624,1634,132.0,75.0,1702.0
1784135956.9,27331,32624,1634,128.0,75.0,1742.0
1784135958.0,27331,32624,1634,142.0,75.0,1724.0
1784135959.1,27331,32624,1634,120.0,75.0,1710.0
1784135960.2,27331,32624,1634,209.0,76.0,2426.0
1784135961.2,27331,32624,1634,66.0,77.0,1938.0
1784135962.3,27331,32624,1634,143.0,76.0,1991.0
1784135963.4,27331,32624,1634,143.0,76.0,1740.0
1784135964.5,27331,32624,1634,106.0,76.0,1723.0
1784135965.6,27331,32624,1634,107.0,76.0,1719.0
1784135966.7,27331,32624,1634,133.0,76.0,1718.0
1784135967.8,27331,32624,1634,121.0,76.0,1717.0
1784135968.9,27331,32624,1634,130.0,75.0,1659.0
1784135970.0,27331,32624,1634,116.0,76.0,1680.0
1784135971.1,27331,32624,1634,125.0,75.0,1660.0
1784135972.2,27331,32624,1634,133.0,75.0,1741.0
1784135973.3,27331,32624,1634,132.0,75.0,1662.0
1784135974.4,27331,32624,1634,118.0,75.0,1689.0
1784135975.4,27331,32624,1634,120.0,75.0,1736.0
1784135976.5,27331,32624,1634,134.0,75.0,1683.0
1784135977.6,27331,32624,1634,133.0,75.0,1697.0
1784135978.7,27331,32624,1634,131.0,75.0,1706.0
1784135979.8,27331,32624,1634,130.0,75.0,1626.0
1784135980.9,27331,32624,1634,136.0,74.0,1719.0
1784135982.0,27331,32624,1634,100.0,74.0,1652.0
1784135983.1,27331,32624,1634,135.0,74.0,1664.0
1784135984.2,27331,32624,1634,112.0,74.0,1718.0
1784135985.3,27331,32624,1634,132.0,74.0,1660.0
1784135986.4,27331,32624,1634,142.0,74.0,1698.0
1784135987.5,27331,32624,1634,130.0,74.0,1738.0
1784135988.6,27331,32624,1634,123.0,74.0,1451.0
1784135989.6,27331,32624,1634,65.0,74.0,1267.0
1784135990.7,27331,32624,1634,112.0,74.0,1725.0
1784135991.8,27331,32624,1634,112.0,74.0,1672.0
1784135992.9,27331,32624,1634,131.0,74.0,1702.0
1784135994.0,27331,32624,1634,134.0,74.0,1728.0
1784135995.1,27331,32624,1634,133.0,74.0,1664.0
1784135996.2,27331,32624,1634,106.0,74.0,1317.0
1784135997.3,27331,32624,1634,122.0,74.0,1728.0
1784135998.4,27331,32624,1634,139.0,74.0,1730.0
1784135999.5,27331,32624,1634,98.0,74.0,1736.0
1784136000.6,27331,32624,1634,104.0,75.0,1741.0
1784136001.7,27331,32624,1634,131.0,75.0,1683.0
1784136002.8,27331,32624,1634,124.0,75.0,1741.0
1784136003.9,27331,32624,1634,129.0,74.0,1732.0
1784136004.9,27331,32624,1634,131.0,75.0,1691.0
1784136006.0,27331,32624,1634,118.0,75.0,1721.0
1784136007.1,27331,32624,1634,133.0,75.0,1716.0
1784136008.2,27331,32624,1634,91.0,75.0,1755.0
1784136009.3,27331,32624,1634,136.0,75.0,1703.0
1784136010.4,27331,32624,1634,129.0,75.0,1721.0
1784136011.5,27331,32624,1634,138.0,75.0,1714.0
1784136012.6,27331,32624,1634,132.0,75.0,1716.0
1784136013.7,27331,32624,1634,134.0,75.0,1693.0
1784136014.8,27331,32624,1634,139.0,75.0,1721.0
1784136015.9,27331,32624,1634,118.0,75.0,1653.0
1784136017.0,27331,32624,1634,122.0,75.0,1740.0
1784136018.1,27331,32624,1634,118.0,75.0,1318.0
1784136019.1,27331,32624,1634,131.0,75.0,1706.0
1784136020.2,27331,32624,1634,120.0,75.0,1653.0
1784136021.3,27331,32624,1634,115.0,75.0,1700.0
1784136022.4,27331,32624,1634,128.0,75.0,1678.0
1784136023.5,27331,32624,1634,113.0,75.0,1666.0
1784136024.6,27331,32624,1634,133.0,75.0,1659.0
1784136025.7,27331,32624,1634,83.0,75.0,1763.0
1784136026.8,27331,32624,1634,118.0,75.0,1722.0
1784136027.9,27331,32624,1634,128.0,75.0,1739.0
1784136029.0,27331,32624,1634,140.0,75.0,1729.0
1784136030.1,27331,32624,1634,77.0,75.0,1540.0
1784136031.2,27331,32624,1634,136.0,75.0,1727.0
1784136032.3,27331,32624,1634,57.0,75.0,1639.0
1784136033.4,27331,32624,1634,129.0,75.0,1658.0
1784136034.5,27331,32624,1634,120.0,75.0,1341.0
1784136035.6,27331,32624,1634,130.0,75.0,1686.0
1784136036.6,27331,32624,1634,117.0,75.0,1736.0
1784136037.7,27331,32624,1634,137.0,75.0,1736.0
1784136038.8,27331,32624,1634,132.0,75.0,1662.0
1784136039.9,27331,32624,1634,137.0,75.0,1735.0
1784136041.0,27331,32624,1634,140.0,75.0,1694.0
1784136042.1,27331,32624,1634,131.0,75.0,1695.0
1784136043.2,27331,32624,1634,124.0,75.0,1719.0
1784136044.3,27331,32624,1634,136.0,75.0,1666.0
1784136045.4,27331,32624,1634,131.0,75.0,1717.0
1784136046.5,27331,32624,1634,141.0,75.0,1692.0
1784136047.6,27331,32624,1634,133.0,75.0,1727.0
1784136048.7,27331,32624,1634,134.0,75.0,1734.0
1784136049.8,27331,32624,1634,125.0,75.0,1703.0
1784136050.9,27331,32624,1634,138.0,75.0,1717.0
1784136051.9,27331,32624,1634,132.0,75.0,1701.0
1784136053.0,27331,32624,1634,136.0,75.0,1728.0
1784136054.1,27331,32624,1634,131.0,75.0,1735.0
1784136055.2,27331,32624,1634,129.0,75.0,1670.0
1784136056.3,27331,32624,1634,136.0,75.0,1687.0
1784136057.4,27331,32624,1628,93.0,75.0,1743.0
1784136058.5,27331,32624,1628,139.0,75.0,1737.0
1784136059.6,27331,32624,1628,76.0,75.0,1206.0
1784136060.7,27331,32624,1628,92.0,76.0,1757.0
1784136061.8,27331,32624,1628,129.0,75.0,1658.0
1784136062.9,27331,32624,1628,123.0,75.0,1679.0
1784136064.0,27331,32624,1628,120.0,76.0,1729.0
1784136065.1,27331,32624,1628,128.0,75.0,1681.0
1784136066.2,27331,32624,1628,140.0,76.0,1725.0
1784136067.3,27331,32624,1628,75.0,76.0,1749.0
1784136068.3,27331,32624,1628,137.0,76.0,1507.0
1784136069.4,27331,32624,1628,125.0,76.0,1726.0
1784136070.5,27331,32624,1628,126.0,76.0,1673.0
1784136071.6,27331,32624,1628,134.0,76.0,1657.0
1784136072.7,27331,32624,1628,122.0,76.0,1651.0
1784136073.8,27331,32624,1628,124.0,76.0,1723.0
1784136074.9,27331,32624,1628,129.0,75.0,1660.0
1784136076.0,27331,32624,1628,78.0,76.0,1156.0
1784136077.1,27331,32624,1628,137.0,76.0,1735.0
1784136078.2,27331,32624,1628,79.0,76.0,1737.0
1784136079.3,27331,32624,1628,138.0,76.0,1694.0
1784136080.4,27331,32624,1628,133.0,76.0,1698.0
1784136081.5,27331,32624,1628,130.0,76.0,1661.0
1784136082.6,27331,32624,1628,116.0,76.0,1735.0
1784136083.7,27331,32624,1628,105.0,76.0,1202.0
1784136084.7,27331,32624,1628,127.0,76.0,1625.0
1784136085.8,27331,32624,1628,127.0,76.0,1739.0
1784136086.9,27331,32624,1628,135.0,76.0,1730.0
1784136088.0,27331,32624,1628,108.0,76.0,1650.0
1784136089.1,27331,32624,1628,129.0,76.0,1721.0
1784136090.2,27331,32624,1628,139.0,76.0,1735.0
1784136091.3,27331,32624,1628,133.0,76.0,1698.0
1784136092.4,27331,32624,1628,138.0,76.0,1729.0
1784136093.5,27331,32624,1628,137.0,76.0,1741.0
1784136094.6,27331,32624,1628,134.0,76.0,1651.0
1784136095.7,27331,32624,1628,107.0,76.0,1720.0
1784136096.8,27331,32624,1628,135.0,76.0,1657.0
1784136097.9,27331,32624,1628,114.0,76.0,1334.0
1784136099.0,27331,32624,1628,129.0,76.0,1661.0
1784136100.0,27331,32624,1628,131.0,76.0,1662.0
1784136101.1,27331,32624,1628,135.0,76.0,1691.0
1784136102.2,27331,32624,1628,57.0,76.0,1553.0
1784136103.3,27331,32624,1628,124.0,76.0,1706.0
1784136104.4,27331,32624,1628,131.0,76.0,1691.0
1784136105.5,27331,32624,1628,111.0,76.0,1655.0
1784136106.6,27331,32624,1628,131.0,76.0,1686.0
1784136107.7,27331,32624,1628,128.0,76.0,1700.0
1784136108.8,27331,32624,1628,60.0,76.0,1338.0
1784136109.9,27331,32624,1628,116.0,76.0,1670.0
1784136111.0,27331,32624,1628,119.0,76.0,1687.0
1784136112.1,27331,32624,1628,144.0,76.0,1740.0
1784136113.2,27331,32624,1628,131.0,76.0,1687.0
1784136114.3,27331,32624,1628,143.0,76.0,1738.0
1784136115.3,27331,32624,1628,212.0,77.0,2317.0
1784136116.4,27331,32624,1628,204.0,77.0,2833.0
1784136117.5,27331,32624,1628,122.0,77.0,1688.0
1784136118.6,27331,32624,1628,133.0,76.0,1664.0
1784136119.7,27331,32624,1628,103.0,76.0,1729.0
1784136120.8,27331,32624,1628,56.0,76.0,1470.0
1784136121.9,27331,32624,1628,120.0,76.0,1670.0
1784136123.0,27331,32624,1628,134.0,76.0,1660.0
1784136124.1,27331,32624,1628,136.0,76.0,1683.0
1784136125.2,27331,32624,1628,134.0,76.0,1661.0
1784136126.3,27331,32624,1628,125.0,75.0,1736.0
1784136127.4,27331,32624,1628,123.0,75.0,1709.0
1784136128.5,27331,32624,1628,130.0,75.0,1733.0
1784136129.6,27331,32624,1628,120.0,75.0,1735.0
1784136130.6,27331,32624,1628,104.0,75.0,1729.0
1784136131.7,27331,32624,1628,135.0,75.0,1729.0
1784136132.8,27331,32624,1628,100.0,75.0,1070.0
1784136133.9,27331,32624,1628,129.0,75.0,1662.0
1784136135.0,27331,32624,1628,121.0,75.0,1736.0
1784136136.1,27331,32624,1628,132.0,75.0,1709.0
1784136137.2,27331,32624,1628,139.0,75.0,1499.0
1784136138.3,27331,32624,1628,131.0,75.0,1721.0
1784136139.4,27331,32624,1628,125.0,75.0,1682.0
1784136140.5,27331,32624,1628,139.0,75.0,1728.0
1784136141.6,27331,32624,1628,130.0,75.0,1730.0
1784136142.7,27331,32624,1628,129.0,74.0,1668.0
1784136143.8,27331,32624,1628,122.0,74.0,1708.0
1784136144.9,27331,32624,1628,101.0,74.0,1735.0
1784136146.0,27331,32624,1628,140.0,74.0,1737.0
1784136147.0,27331,32624,1628,134.0,74.0,1692.0
1784136148.1,27331,32624,1628,130.0,74.0,1661.0
1784136149.2,27331,32624,1628,136.0,74.0,1660.0
1784136150.3,27331,32624,1628,78.0,74.0,1750.0
1784136151.4,27331,32624,1628,116.0,74.0,1710.0
1784136152.5,27331,32624,1628,147.0,74.0,1691.0
1784136153.6,27331,32624,1628,131.0,74.0,1702.0
1784136154.7,27331,32624,1628,118.0,74.0,1677.0
1784136155.8,27331,32624,1628,132.0,74.0,1714.0
1784136156.9,27331,32624,1628,130.0,74.0,1693.0
1784136158.0,27331,32624,1628,127.0,74.0,1732.0
1784136159.1,27331,32624,1628,105.0,74.0,1732.0
1784136160.2,27331,32624,1628,72.0,75.0,1779.0
1784136161.3,27331,32624,1628,131.0,75.0,1423.0
1784136162.3,27331,32624,1628,77.0,75.0,1165.0
1784136163.4,27331,32624,1628,133.0,75.0,1726.0
1784136164.5,27331,32624,1628,148.0,75.0,1704.0
1784136165.6,27331,32624,1628,121.0,75.0,1732.0
1784136166.7,27331,32624,1628,118.0,75.0,1726.0
1784136167.8,27331,32624,1628,123.0,75.0,1696.0
1784136168.9,27331,32624,1628,55.0,75.0,1557.0
1784136170.0,27331,32624,1628,132.0,75.0,1695.0
1784136171.1,27331,32624,1628,81.0,75.0,1770.0
1784136172.2,27331,32624,1628,141.0,75.0,1732.0
1784136173.3,27331,32624,1628,146.0,75.0,1739.0
1784136174.4,27331,32624,1628,124.0,75.0,1713.0
1784136175.5,27331,32624,1628,135.0,75.0,1669.0
1784136176.6,27331,32624,1628,123.0,75.0,1689.0
1784136177.7,27331,32624,1628,130.0,75.0,1680.0
1784136178.7,27331,32624,1628,79.0,75.0,1719.0
1784136179.8,27331,32624,1628,133.0,75.0,1691.0
1784136180.9,27331,32624,1628,123.0,75.0,1657.0
1784136182.0,27331,32624,1628,128.0,75.0,1316.0
1784136183.1,27331,32624,1628,143.0,75.0,1694.0
1784136184.2,27331,32624,1628,129.0,75.0,1690.0
1784136185.3,27331,32624,1628,126.0,75.0,1685.0
1784136186.4,27331,32624,1628,119.0,75.0,1729.0
1784136187.5,27331,32624,1628,127.0,75.0,1680.0
1784136188.6,27331,32624,1628,82.0,75.0,1090.0
1784136189.7,27331,32624,1628,130.0,75.0,1657.0
1784136190.8,27331,32624,1628,138.0,75.0,1726.0
1784136191.9,27331,32624,1628,134.0,75.0,1682.0
1784136193.0,27331,32624,1628,82.0,75.0,1781.0
1784136194.0,27331,32624,1628,88.0,75.0,1118.0
1784136195.1,27331,32624,1628,123.0,75.0,1737.0
1784136196.2,27331,32624,1628,133.0,75.0,1686.0
1784136197.3,27331,32624,1628,123.0,75.0,1658.0
1784136198.4,27331,32624,1628,124.0,75.0,1661.0
1784136199.5,27331,32624,1628,125.0,75.0,1684.0
1784136200.6,27331,32624,1628,132.0,75.0,1729.0
1784136201.7,27331,32624,1628,133.0,75.0,1735.0
1784136202.8,27331,32624,1628,135.0,75.0,1734.0
1784136203.9,27331,32624,1628,134.0,75.0,1734.0
1784136205.0,27331,32624,1628,130.0,75.0,1649.0
1784136206.1,27331,32624,1628,134.0,75.0,1724.0
1784136207.2,27331,32624,1628,82.0,75.0,1771.0
1784136208.3,27331,32624,1628,119.0,75.0,1712.0
1784136209.4,27331,32624,1628,57.0,75.0,1663.0
1784136210.4,27331,32624,1628,133.0,75.0,1731.0
1784136211.5,27331,32624,1628,140.0,75.0,1694.0
1784136212.6,27331,32624,1628,74.0,75.0,1722.0
1784136213.7,27331,32624,1628,109.0,76.0,1716.0
1784136214.8,27331,32624,1628,136.0,75.0,1705.0
1784136215.9,27331,32624,1628,80.0,75.0,1719.0
1784136217.0,27331,32624,1628,121.0,76.0,1691.0
1784136218.1,27331,32624,1628,129.0,75.0,1741.0
1784136219.2,27331,32624,1628,130.0,75.0,1716.0
1784136220.3,27331,32624,1628,128.0,76.0,1712.0
1784136221.4,27331,32624,1628,134.0,76.0,1731.0
1784136222.5,27331,32624,1628,81.0,76.0,1715.0
1784136223.6,27331,32624,1628,135.0,76.0,1724.0
1784136224.6,27331,32624,1628,124.0,76.0,1314.0
1784136225.7,27331,32624,1628,131.0,76.0,1713.0
1784136226.8,27331,32624,1628,74.0,76.0,1277.0
1784136227.9,27331,32624,1628,134.0,76.0,1658.0
1784136229.0,27331,32624,1628,137.0,76.0,1713.0
1784136230.1,27331,32624,1628,130.0,76.0,1730.0
1784136231.2,27331,32624,1628,133.0,76.0,1662.0
1784136232.3,27331,32624,1628,111.0,76.0,1698.0
1784136233.4,27331,32624,1628,132.0,76.0,1739.0
1784136234.5,27331,32624,1628,141.0,76.0,1742.0
1784136235.6,27331,32624,1628,119.0,76.0,1677.0
1784136236.7,27331,32624,1628,131.0,76.0,1714.0
1784136237.8,27331,32624,1628,131.0,76.0,1686.0
1784136238.9,27331,32624,1628,155.0,75.0,1745.0
1784136239.9,27331,32624,1628,202.0,77.0,2260.0
1784136241.0,27331,32624,1628,215.0,77.0,2350.0
1784136242.1,27331,32624,1628,161.0,77.0,2209.0
1784136243.2,27331,32624,1628,112.0,76.0,1131.0
1784136244.3,27331,32624,1628,125.0,76.0,1649.0
1784136245.4,27331,32624,1628,101.0,76.0,1652.0
1784136246.5,27331,32624,1628,92.0,76.0,1694.0
1784136247.6,27331,32624,1628,125.0,76.0,1721.0
1784136248.7,27331,32624,1628,103.0,76.0,1739.0
1784136249.8,27331,32624,1628,132.0,76.0,1691.0
1784136250.9,27331,32624,1628,131.0,76.0,1700.0
1784136252.0,27331,32624,1628,58.0,75.0,1728.0
1784136253.1,27331,32624,1628,141.0,75.0,1733.0
1784136254.2,27331,32624,1628,131.0,75.0,1693.0
1784136255.3,27331,32624,1628,131.0,75.0,1659.0
1784136256.3,27331,32624,1628,120.0,75.0,1658.0
1784136257.4,27331,32624,1628,74.0,75.0,1294.0
1784136258.5,27331,32624,1628,138.0,75.0,1710.0
1784136259.6,27331,32624,1628,129.0,75.0,1688.0
1784136260.7,27331,32624,1628,89.0,75.0,1735.0
1784136261.8,27331,32624,1628,88.0,75.0,1739.0
1784136262.9,27331,32624,1628,58.0,75.0,1750.0
1784136264.0,27331,32624,1628,131.0,75.0,1676.0
1784136265.1,27331,32624,1628,138.0,75.0,1740.0
1784136266.2,27331,32624,1628,57.0,75.0,1743.0
1784136267.3,27331,32624,1628,79.0,74.0,1095.0
1784136268.4,27331,32624,1628,122.0,74.0,1717.0
1784136269.5,27331,32624,1628,128.0,75.0,1660.0
1784136270.6,27331,32624,1628,121.0,74.0,1720.0
1784136271.6,27331,32624,1628,133.0,74.0,1735.0
1784136272.7,27331,32624,1628,117.0,74.0,1730.0
1784136273.8,27331,32624,1628,120.0,74.0,1738.0
1784136274.9,27331,32624,1628,129.0,74.0,1685.0
1784136276.0,27331,32624,1628,113.0,74.0,1687.0
1784136277.1,27331,32624,1628,137.0,74.0,1678.0
1784136278.2,27331,32624,1628,139.0,74.0,1717.0
1784136279.3,27331,32624,1628,133.0,74.0,1737.0
1784136280.4,27331,32624,1628,130.0,74.0,1700.0
1784136281.5,27331,32624,1628,58.0,74.0,1761.0
1784136282.6,27331,32624,1628,99.0,75.0,1087.0
1784136283.7,27331,32624,1628,127.0,75.0,1716.0
1784136284.8,27331,32624,1628,108.0,75.0,1719.0
1784136285.9,27331,32624,1628,130.0,75.0,1731.0
1784136287.0,27331,32624,1628,132.0,75.0,1735.0
1784136288.1,27331,32624,1628,134.0,75.0,1704.0
1784136289.1,27331,32624,1628,121.0,75.0,1667.0
1784136290.2,27331,32624,1628,128.0,75.0,1733.0
1784136291.3,27331,32624,1628,131.0,75.0,1682.0
1784136292.4,27331,32624,1628,84.0,75.0,1765.0
1784136293.5,27331,32624,1628,135.0,75.0,1688.0
1784136294.6,27331,32624,1628,138.0,75.0,1666.0
1784136295.7,27331,32624,1628,121.0,75.0,1707.0
1784136296.8,27331,32624,1628,135.0,75.0,1734.0
1784136297.9,27331,32624,1628,133.0,75.0,1719.0
1784136299.0,27331,32624,1628,139.0,75.0,1691.0
1784136300.1,27331,32624,1628,119.0,75.0,1704.0
1784136301.2,27331,32624,1628,121.0,75.0,1655.0
1784136302.3,27331,32624,1628,150.0,75.0,1738.0
1784136303.4,27331,32624,1628,80.0,75.0,1782.0
1784136304.4,27331,32624,1628,135.0,75.0,1744.0
1784136305.5,27331,32624,1628,136.0,75.0,1722.0
1784136306.6,27331,32624,1628,57.0,75.0,1534.0
1784136307.7,27331,32624,1628,129.0,75.0,1688.0
1784136308.8,27331,32624,1628,134.0,75.0,1730.0
1784136309.9,27331,32624,1628,111.0,75.0,1679.0
1784136311.0,27331,32624,1628,139.0,75.0,1721.0
1784136312.1,27331,32624,1628,82.0,75.0,1742.0
1784136313.2,27331,32624,1628,135.0,75.0,1722.0
1784136314.3,27331,32624,1628,134.0,75.0,1698.0
1784136315.4,27331,32624,1628,124.0,75.0,1671.0
1784136316.5,27331,32624,1628,139.0,75.0,1724.0
1784136317.6,27331,32624,1628,112.0,75.0,1707.0
1784136318.6,27331,32624,1628,119.0,75.0,1677.0
1784136319.7,27331,32624,1628,124.0,75.0,1704.0
1784136320.8,27331,32624,1628,128.0,75.0,1661.0
1784136321.9,27331,32624,1628,117.0,75.0,1320.0
1784136323.0,27331,32624,1628,55.0,75.0,1315.0
1784136324.1,27331,32624,1628,131.0,75.0,1660.0
1784136325.2,27331,32624,1628,129.0,75.0,1658.0
1784136326.3,27331,32624,1628,102.0,75.0,1666.0
1784136327.4,27331,32624,1628,132.0,75.0,1660.0
1784136328.5,27331,32624,1628,118.0,75.0,1653.0
1784136329.6,27331,32624,1628,113.0,75.0,1284.0
1784136330.7,27331,32624,1628,126.0,75.0,1658.0
1784136331.8,27331,32624,1628,128.0,75.0,1664.0
1784136332.9,27331,32624,1628,109.0,75.0,1170.0
1784136334.0,27331,32624,1628,58.0,75.0,1730.0
1784136335.1,27331,32624,1628,137.0,75.0,1687.0
1784136336.1,27331,32624,1628,131.0,75.0,1657.0
1784136337.2,27331,32624,1628,86.0,75.0,1732.0
1784136338.3,27331,32624,1628,125.0,75.0,1702.0
1784136339.4,27331,32624,1628,127.0,75.0,1709.0
1784136340.5,27331,32624,1628,141.0,75.0,1689.0
1784136341.6,27331,32624,1628,127.0,75.0,1728.0
1784136342.7,27331,32624,1628,115.0,75.0,1332.0
1784136343.8,27331,32624,1628,80.0,75.0,1773.0
1784136344.9,27331,32624,1628,125.0,75.0,1735.0
1784136346.0,27331,32624,1628,134.0,75.0,1723.0
1784136347.1,27331,32624,1628,127.0,75.0,1674.0
1784136348.2,27331,32624,1628,135.0,75.0,1745.0
1784136349.3,27331,32624,1628,118.0,75.0,1679.0
1784136350.4,27331,32624,1628,59.0,75.0,1730.0
1784136351.5,27331,32624,1628,132.0,75.0,1660.0
1784136352.6,27331,32624,1628,134.0,75.0,1707.0
1784136353.6,27331,32624,1628,124.0,75.0,1730.0
1784136354.7,27331,32624,1628,83.0,75.0,1769.0
1784136355.8,27331,32624,1628,129.0,75.0,1658.0
1784136356.9,27331,32624,1628,126.0,76.0,1705.0
1784136358.0,27331,32624,1628,136.0,76.0,1656.0
1784136359.1,27331,32624,1628,113.0,75.0,1739.0
1784136360.2,27331,32624,1628,134.0,76.0,1660.0
1784136361.3,27331,32624,1628,141.0,76.0,1731.0
1784136362.4,27331,32624,1628,137.0,76.0,1733.0
1784136363.5,27331,32624,1628,103.0,75.0,1231.0
1784136364.6,27331,32624,1628,131.0,76.0,1740.0
1784136365.7,27331,32624,1628,130.0,76.0,1659.0
1784136366.8,27331,32624,1628,137.0,76.0,1746.0
1784136367.9,27331,32624,1628,135.0,76.0,1661.0
1784136368.9,27331,32624,1628,132.0,76.0,1657.0
1784136370.0,27331,32624,1628,130.0,76.0,1330.0
1784136371.1,27331,32624,1628,132.0,76.0,1736.0
1784136372.2,27331,32624,1628,84.0,76.0,1101.0
1784136373.3,27331,32624,1628,124.0,76.0,1720.0
1784136374.4,27331,32624,1628,124.0,76.0,1733.0
1784136375.5,27331,32624,1628,114.0,76.0,1735.0
1784136376.6,27331,32624,1628,117.0,76.0,1679.0
1784136377.7,27331,32624,1628,95.0,76.0,1740.0
1784136378.8,27331,32624,1628,131.0,76.0,1741.0
1784136379.9,27331,32624,1628,138.0,76.0,1693.0
1784136381.0,27331,32624,1628,55.0,76.0,1598.0
1784136382.1,27331,32624,1628,142.0,76.0,1688.0
1784136383.2,27331,32624,1628,142.0,76.0,1738.0
1784136384.2,27331,32624,1628,56.0,76.0,1462.0
1784136385.3,27331,32624,1628,131.0,76.0,1659.0
1784136386.4,27331,32624,1628,135.0,76.0,1701.0
1784136387.5,27331,32624,1628,87.0,76.0,1758.0
1784136388.6,27331,32624,1628,136.0,76.0,1719.0
1784136389.7,27331,32624,1628,134.0,76.0,1710.0
1784136390.8,27331,32624,1628,122.0,76.0,1369.0
1784136391.9,27331,32624,1628,125.0,76.0,1710.0
1784136393.0,27331,32624,1628,124.0,76.0,1711.0
1784136394.1,27331,32624,1628,82.0,76.0,1749.0
1784136395.2,27331,32624,1628,123.0,76.0,1691.0
1784136396.3,27331,32624,1628,116.0,76.0,1724.0
1784136397.4,27331,32624,1628,142.0,76.0,1732.0
1784136398.5,27331,32624,1628,117.0,76.0,1339.0
1784136399.5,27331,32624,1628,133.0,76.0,1677.0
1784136400.6,27331,32624,1628,133.0,76.0,1731.0
1784136401.7,27331,32624,1628,140.0,76.0,1735.0
1784136402.8,27331,32624,1628,109.0,76.0,1740.0
1784136403.9,27331,32624,1628,119.0,76.0,1687.0
1784136405.0,27331,32624,1628,135.0,76.0,1697.0
1784136406.1,27331,32624,1628,126.0,76.0,1692.0
1784136407.2,27331,32624,1628,142.0,76.0,1723.0
1784136408.3,27331,32624,1628,133.0,76.0,1720.0
1784136409.4,27331,32624,1628,130.0,76.0,1737.0
1784136410.5,27331,32624,1628,116.0,76.0,1671.0
1784136411.6,27331,32624,1628,129.0,76.0,1663.0
1784136412.6,27331,32624,1628,124.0,76.0,1746.0
1784136413.7,27331,32624,1628,127.0,76.0,1654.0
1784136414.8,27331,32624,1628,111.0,76.0,1271.0
1784136415.9,27331,32624,1628,114.0,76.0,1703.0
1784136417.0,27331,32624,1628,111.0,76.0,1685.0
1784136418.1,27331,32624,1628,70.0,76.0,1762.0
1784136419.2,27331,32624,1628,221.0,76.0,2544.0
1784136420.3,27331,32624,1628,234.0,77.0,2509.0
1784136421.4,27331,32624,1628,217.0,77.0,2506.0
1784136422.5,27331,32624,1628,216.0,78.0,2512.0
1784136423.6,27331,32624,1628,216.0,78.0,2447.0
1784136424.7,27331,32624,1628,213.0,78.0,2350.0
1784136425.7,27331,32624,1628,229.0,78.0,2554.0
1784136426.8,27331,32624,1628,266.0,78.0,2709.0
1784136427.9,27331,32624,1628,151.0,78.0,2471.0
1784136429.0,27331,32624,1628,241.0,78.0,2581.0
1784136430.1,27331,32624,1628,215.0,78.0,2350.0
1784136431.2,27331,32624,1628,243.0,78.0,2569.0
1784136432.3,27331,32624,1628,201.0,78.0,2350.0
1784136433.4,27331,32624,1628,174.0,78.0,2395.0
1784136434.5,27331,32624,1628,192.0,78.0,2556.0
1784136435.6,27331,32624,1628,206.0,78.0,2273.0
1784136436.7,27331,32624,1628,226.0,78.0,2552.0
1784136437.8,27331,32624,1628,266.0,77.0,2559.0
1784136438.9,27331,32624,1628,208.0,77.0,2494.0
1784136440.0,27331,32624,1628,238.0,77.0,2548.0
1784136441.0,27331,32624,1628,211.0,77.0,2265.0
1784136442.1,27331,32624,1628,215.0,77.0,2289.0
1784136443.2,27331,32624,1628,206.0,76.0,2267.0
1784136444.3,27331,32624,1628,256.0,76.0,2484.0
1784136445.4,27331,32624,1628,171.0,76.0,2490.0
1784136446.5,27331,32624,1628,204.0,76.0,2244.0
1784136447.6,27331,32624,1628,171.0,76.0,2566.0
1784136448.7,27331,32624,1628,219.0,76.0,2350.0
1784136449.8,27331,32624,1628,208.0,75.0,2235.0
1784136450.9,27331,32624,1628,210.0,75.0,2302.0
1784136452.0,27331,32624,1628,211.0,75.0,2281.0
1784136453.1,27331,32624,1628,242.0,75.0,2545.0
1784136454.1,27331,32624,1628,171.0,75.0,2569.0
1784136455.2,27331,32624,1628,159.0,75.0,2460.0
1784136456.3,27331,32624,1628,231.0,75.0,2490.0
1784136457.4,27331,32624,1628,217.0,75.0,2350.0
1784136458.5,27331,32624,1628,232.0,74.0,2493.0
1784136459.6,27331,32624,1628,207.0,74.0,2306.0
1784136460.7,27331,32624,1628,200.0,74.0,2402.0
1784136461.8,27331,32624,1628,242.0,74.0,2584.0
1784136462.9,27331,32624,1628,165.0,74.0,2512.0
1784136464.0,27331,32624,1628,232.0,74.0,2506.0
1784136465.1,27331,32624,1628,253.0,74.0,2597.0
1784136466.2,27331,32624,1628,52.0,74.0,0.0
1784136467.2,27331,32624,1628,204.0,73.0,2261.0
1784136468.3,27331,32624,1628,212.0,73.0,2466.0
1784136469.4,27330,32624,1628,227.0,73.0,2471.0
1784136470.5,27330,32624,1628,164.0,73.0,2816.0
1784136471.6,27330,32624,1628,129.0,72.0,1709.0
1784136472.7,27330,32624,1628,73.0,72.0,1678.0
1784136473.8,27330,32624,1628,123.0,71.0,1667.0
1784136474.9,27330,32624,1628,117.0,71.0,1695.0
1784136476.0,27330,32624,1628,130.0,71.0,1697.0
1784136477.1,27330,32624,1628,120.0,70.0,1711.0
1784136478.2,27330,32624,1628,143.0,70.0,1734.0
1784136479.3,27330,32624,1628,125.0,70.0,1741.0
1784136480.4,27330,32624,1628,98.0,69.0,1216.0
1784136481.5,27330,32624,1628,132.0,69.0,1700.0
1784136482.5,27330,32624,1628,117.0,69.0,1694.0
1784136483.6,27330,32624,1628,129.0,69.0,1702.0
1784136484.7,27330,32624,1628,124.0,68.0,1673.0
1784136485.8,27330,32624,1628,127.0,68.0,1670.0
1784136486.9,27330,32624,1628,75.0,68.0,1725.0
1784136488.0,27330,32624,1628,140.0,68.0,1724.0
1784136489.1,27330,32624,1628,129.0,68.0,1706.0
1784136490.2,27330,32624,1628,130.0,68.0,1716.0
1784136491.3,27330,32624,1628,120.0,67.0,1719.0
1784136492.4,27330,32624,1628,125.0,67.0,1728.0
1784136493.5,27330,32624,1628,133.0,67.0,1719.0
1784136494.6,27330,32624,1628,129.0,67.0,1707.0
1784136495.7,27330,32624,1628,124.0,67.0,1670.0
1784136496.8,27330,32624,1628,116.0,67.0,1341.0
1784136497.8,27330,32624,1628,74.0,66.0,1732.0
1784136498.9,27330,32624,1628,89.0,66.0,1726.0
1784136500.0,27330,32624,1628,125.0,66.0,1673.0
1784136501.1,27330,32624,1628,132.0,66.0,1723.0
1784136502.2,27330,32624,1628,132.0,66.0,1476.0
1784136503.3,27330,32624,1628,117.0,66.0,1681.0
1784136504.4,27330,32624,1628,124.0,66.0,1676.0
1784136505.5,27330,32624,1628,107.0,66.0,1687.0
1784136506.6,27330,32624,1628,122.0,66.0,1671.0
1784136507.7,27330,32624,1628,90.0,66.0,1662.0
1784136508.8,27330,32624,1628,125.0,66.0,1689.0
1784136509.9,27330,32624,1628,122.0,66.0,1668.0
1784136511.0,27330,32624,1628,123.0,66.0,1671.0
1784136512.0,27330,32624,1628,121.0,66.0,1705.0
1784136513.1,27330,32624,1628,128.0,66.0,1542.0
1784136514.2,27330,32624,1628,119.0,66.0,1706.0
1784136515.3,27330,32624,1628,125.0,66.0,1694.0
1784136516.4,27330,32624,1628,127.0,66.0,1692.0
1784136517.5,27330,32624,1628,142.0,66.0,1693.0
1784136518.6,27330,32624,1628,97.0,67.0,1730.0
1784136519.7,27330,32624,1628,126.0,67.0,1724.0
1784136520.8,27330,32624,1628,128.0,67.0,1729.0
1784136521.9,27330,32624,1628,128.0,67.0,1726.0
1784136523.0,27330,32624,1628,92.0,67.0,1673.0
1784136524.1,27330,32624,1628,92.0,67.0,1701.0
1784136525.2,27330,32624,1628,112.0,67.0,1689.0
1784136526.3,27330,32624,1628,120.0,67.0,1669.0
1784136527.4,27330,32624,1628,120.0,67.0,1696.0
1784136528.4,27330,32624,1628,58.0,67.0,1359.0
1784136529.5,27330,32624,1628,50.0,67.0,1377.0
1784136530.6,27330,32624,1628,124.0,67.0,1672.0
1784136531.7,27330,32624,1628,130.0,68.0,1736.0
1784136532.8,27330,32624,1628,128.0,68.0,1736.0
1784136533.9,27330,32624,1628,131.0,68.0,1697.0
1784136535.0,27330,32624,1628,130.0,68.0,1673.0
1784136536.1,27330,32624,1628,117.0,68.0,1700.0
1784136537.2,27330,32624,1628,127.0,68.0,1723.0
1784136538.3,27330,32624,1628,130.0,68.0,1699.0
1784136539.4,27330,32624,1628,114.0,68.0,1737.0
1784136540.5,27330,32624,1628,127.0,68.0,1727.0
1784136541.6,27330,32624,1628,127.0,68.0,1669.0
1784136542.6,27330,32624,1628,121.0,68.0,1551.0
1784136543.7,27330,32624,1628,57.0,68.0,1202.0
1784136544.8,27330,32624,1628,125.0,68.0,1702.0
1784136545.9,27330,32624,1628,131.0,68.0,1671.0
1784136547.0,27330,32624,1628,118.0,68.0,1722.0
1784136548.1,27330,32624,1628,77.0,68.0,1711.0
1784136549.2,27330,32624,1628,126.0,68.0,1734.0
1784136550.3,27330,32624,1628,132.0,69.0,1705.0
1784136551.4,27330,32624,1628,126.0,69.0,1680.0
1784136552.5,27330,32624,1628,122.0,69.0,1702.0
1784136553.6,27330,32624,1628,123.0,69.0,1683.0
1784136554.7,27330,32624,1628,82.0,69.0,1720.0
1784136555.8,27330,32624,1628,125.0,69.0,1700.0
1784136556.9,27330,32624,1628,115.0,69.0,1663.0
1784136557.9,27330,32624,1628,124.0,69.0,1670.0
1784136559.0,27330,32624,1628,115.0,69.0,1731.0
1784136560.1,27330,32624,1628,135.0,69.0,1719.0
1784136561.2,27330,32624,1628,121.0,69.0,1671.0
1784136562.3,27330,32624,1628,51.0,69.0,1246.0
1784136563.4,27330,32624,1628,131.0,69.0,1670.0
1784136564.5,27330,32624,1628,71.0,69.0,1766.0
1784136565.6,27330,32624,1628,98.0,69.0,1734.0
1784136566.7,27330,32624,1628,125.0,69.0,1696.0
1784136567.8,27330,32624,1628,111.0,70.0,1732.0
1784136568.9,27330,32624,1628,52.0,70.0,1644.0
1784136570.0,27330,32624,1628,121.0,70.0,1704.0
1784136571.1,27330,32624,1628,126.0,70.0,1705.0
1784136572.2,27330,32624,1628,115.0,70.0,1685.0
1784136573.2,27330,32624,1628,130.0,70.0,1663.0
1784136574.3,27330,32624,1628,126.0,70.0,1734.0
1784136575.4,27330,32624,1628,73.0,70.0,1477.0
1784136576.5,27330,32624,1628,117.0,70.0,1690.0
1784136577.6,27330,32624,1628,117.0,70.0,1658.0
1784136578.7,27330,32624,1628,132.0,70.0,1730.0
1784136579.8,27330,32624,1628,123.0,70.0,1669.0
1784136580.9,27330,32624,1628,129.0,70.0,1712.0
1784136582.0,27330,32624,1628,128.0,70.0,1713.0
1784136583.1,27330,32624,1628,55.0,70.0,1243.0
1784136584.2,27330,32624,1628,104.0,70.0,1368.0
1784136585.3,27330,32624,1628,125.0,70.0,1734.0
1784136586.4,27330,32624,1628,113.0,70.0,1303.0
1784136587.4,27330,32624,1628,135.0,70.0,1736.0
1784136588.5,27330,32624,1628,123.0,70.0,1736.0
1784136589.6,27330,32624,1628,131.0,70.0,1669.0
1784136590.7,27330,32624,1628,68.0,70.0,1773.0
1784136591.8,27330,32624,1628,124.0,70.0,1669.0
1784136592.9,27330,32624,1628,74.0,70.0,1712.0
1784136594.0,27330,32624,1628,122.0,70.0,1691.0
1784136595.1,27330,32624,1628,79.0,70.0,1129.0
1784136596.2,27330,32624,1628,127.0,70.0,1668.0
1784136597.3,27330,32624,1628,120.0,70.0,1636.0
1784136598.4,27330,32624,1628,129.0,71.0,1473.0
1784136599.5,27330,32624,1628,134.0,70.0,1701.0
1784136600.6,27330,32624,1628,61.0,70.0,1201.0
1784136601.7,27330,32624,1628,126.0,70.0,1727.0
1784136602.7,27330,32624,1628,136.0,71.0,1726.0
1784136603.8,27330,32624,1628,126.0,71.0,1731.0
1784136604.9,27330,32624,1628,131.0,71.0,1720.0
1784136606.0,27330,32624,1628,120.0,71.0,1701.0
1784136607.1,27330,32624,1628,78.0,71.0,1402.0
1784136608.2,27330,32624,1628,123.0,71.0,1727.0
1784136609.3,27330,32624,1628,120.0,71.0,1669.0
1784136610.4,27330,32624,1628,118.0,71.0,1708.0
1784136611.5,27330,32624,1628,114.0,71.0,1713.0
1784136612.6,27330,32624,1628,129.0,71.0,1737.0
1784136613.7,27330,32624,1628,118.0,71.0,1667.0
1784136614.8,27330,32624,1628,115.0,71.0,1280.0
1784136615.9,27330,32624,1628,116.0,71.0,1712.0
1784136617.0,27330,32624,1628,127.0,71.0,1736.0
1784136618.1,27330,32624,1628,133.0,71.0,1706.0
1784136619.2,27330,32624,1628,120.0,71.0,1703.0
1784136620.2,27330,32624,1628,120.0,71.0,1691.0
1784136621.3,27330,32624,1628,130.0,71.0,1664.0
1784136622.4,27330,32624,1628,133.0,71.0,1708.0
1784136623.5,27330,32624,1628,119.0,71.0,1709.0
1784136624.6,27330,32624,1628,127.0,71.0,1719.0
1784136625.7,27330,32624,1628,73.0,71.0,1774.0
1784136626.8,27330,32624,1628,119.0,71.0,1682.0
1784136627.9,27330,32624,1628,134.0,71.0,1681.0
1784136629.0,27330,32624,1628,134.0,72.0,1741.0
1784136630.1,27330,32624,1628,89.0,71.0,1690.0
1784136631.2,27330,32624,1628,117.0,71.0,1708.0
1784136632.3,27330,32624,1628,62.0,71.0,1282.0
1784136633.3,27330,32624,1628,124.0,71.0,1666.0
1784136634.4,27330,32624,1628,135.0,71.0,1723.0
1784136635.5,27330,32624,1628,70.0,71.0,1774.0
1784136636.6,27330,32624,1628,113.0,71.0,1690.0
1784136637.7,27330,32624,1628,129.0,72.0,1667.0
1784136638.8,27330,32624,1628,129.0,72.0,1715.0
1784136639.9,27330,32624,1628,72.0,72.0,1730.0
1784136641.0,27330,32624,1628,114.0,72.0,1238.0
1784136642.1,27330,32624,1628,118.0,72.0,1676.0
1784136643.2,27330,32624,1628,131.0,72.0,1708.0
1784136644.3,27330,32624,1628,136.0,72.0,1687.0
1784136645.4,27330,32624,1628,87.0,72.0,1750.0
1784136646.5,27330,32624,1628,121.0,72.0,1671.0
1784136647.6,27330,32624,1628,124.0,72.0,1685.0
1784136648.6,27330,32624,1628,128.0,72.0,1690.0
1784136649.7,27330,32624,1628,123.0,72.0,1731.0
1784136650.8,27330,32624,1628,134.0,72.0,1876.0
1784136651.9,27330,32624,1628,197.0,73.0,2274.0
1784136653.0,27330,32624,1628,79.0,73.0,1118.0
1784136654.1,27330,32624,1628,53.0,72.0,1279.0
1784136655.2,27330,32624,1628,127.0,72.0,1731.0
1784136656.3,27330,32624,1628,53.0,72.0,1223.0
1784136657.4,27330,32624,1628,136.0,72.0,1707.0
1784136658.5,27330,32624,1628,132.0,72.0,1693.0
1784136659.6,27330,32624,1628,121.0,72.0,1667.0
1784136660.7,27330,32624,1628,136.0,72.0,1719.0
1784136661.8,27330,32624,1628,123.0,72.0,1528.0
1784136662.8,27330,32624,1628,122.0,72.0,1384.0
1784136663.9,27330,32624,1628,123.0,72.0,1669.0
1784136665.0,27330,32624,1628,130.0,72.0,1702.0
1784136666.1,27330,32624,1628,132.0,72.0,1734.0
1784136667.2,27330,32624,1628,123.0,72.0,1721.0
1784136668.3,27330,32624,1628,97.0,71.0,1758.0
1784136669.4,27330,32624,1628,132.0,71.0,1718.0
1784136670.5,27330,32624,1628,118.0,71.0,1687.0
1784136671.6,27330,32624,1628,117.0,71.0,1358.0
1784136672.7,27330,32624,1628,127.0,71.0,1712.0
1784136673.8,27330,32624,1628,127.0,71.0,1712.0
1784136674.9,27330,32624,1628,121.0,71.0,1319.0
1784136676.0,27330,32624,1628,133.0,71.0,1734.0
1784136677.1,27330,32624,1628,128.0,72.0,1721.0
1784136678.2,27330,32624,1628,136.0,72.0,1719.0
1784136679.2,27330,32624,1628,128.0,72.0,1690.0
1784136680.3,27330,32624,1628,129.0,72.0,1682.0
1784136681.4,27330,32624,1628,127.0,72.0,1739.0
1784136682.5,27330,32624,1628,135.0,72.0,1736.0
1784136683.6,27330,32624,1628,114.0,72.0,1712.0
1784136684.7,27330,32624,1628,123.0,72.0,1724.0
1784136685.8,27330,32624,1628,118.0,72.0,1724.0
1784136686.9,27330,32624,1628,128.0,72.0,1703.0
1784136688.0,27330,32624,1628,125.0,72.0,1706.0
1784136689.1,27330,32624,1628,86.0,72.0,1697.0
1784136690.2,27330,32624,1628,128.0,72.0,1680.0
1784136691.3,27330,32624,1628,105.0,72.0,1214.0
1784136692.4,27330,32624,1628,54.0,72.0,1340.0
1784136693.5,27330,32624,1628,118.0,72.0,1732.0
1784136694.5,27330,32624,1628,126.0,72.0,1701.0
1784136695.6,27330,32624,1628,115.0,72.0,1730.0
1784136696.7,27330,32624,1628,120.0,72.0,1711.0
1784136697.8,27330,32624,1628,128.0,72.0,1730.0
1784136698.9,27330,32624,1628,119.0,72.0,1710.0
1784136700.0,27330,32624,1628,127.0,72.0,1707.0
1784136701.1,27330,32624,1628,128.0,72.0,1669.0
1784136702.2,27330,32624,1628,128.0,72.0,1669.0
1784136703.3,27330,32624,1628,134.0,72.0,1670.0
1784136704.4,27330,32624,1628,134.0,72.0,1669.0
1784136705.5,27330,32624,1628,124.0,72.0,1712.0
1784136706.6,27330,32624,1628,83.0,72.0,1165.0
1784136707.7,27330,32624,1628,119.0,72.0,1675.0
1784136708.8,27330,32624,1628,120.0,72.0,1663.0
1784136709.8,27330,32624,1628,77.0,72.0,1121.0
1784136710.9,27330,32624,1628,144.0,72.0,1732.0
1784136712.0,27330,32624,1628,137.0,72.0,1708.0
1784136713.1,27330,32624,1628,125.0,72.0,1684.0
1784136714.2,27330,32624,1628,134.0,72.0,1718.0
1784136715.3,27330,32624,1628,136.0,72.0,1693.0
1784136716.4,27330,32624,1628,124.0,72.0,1667.0
1784136717.5,27330,32624,1628,75.0,72.0,1757.0
1784136718.6,27330,32624,1628,123.0,72.0,1726.0
1784136719.7,27330,32624,1628,128.0,72.0,1685.0
1784136720.8,27330,32624,1628,134.0,72.0,1728.0
1784136721.9,27330,32624,1628,134.0,72.0,1713.0
1784136723.0,27330,32624,1628,57.0,72.0,1180.0
1784136724.1,27330,32624,1628,117.0,73.0,1686.0
1784136725.1,27330,32624,1628,109.0,73.0,1232.0
1784136726.2,27330,32624,1628,122.0,72.0,1670.0
1784136727.3,27330,32624,1628,73.0,72.0,1777.0
1784136728.4,27330,32624,1628,117.0,72.0,1673.0
1784136729.5,27330,32624,1628,130.0,72.0,1317.0
1784136730.6,27330,32624,1628,129.0,72.0,1665.0
1784136731.7,27330,32624,1628,79.0,72.0,1178.0
1784136732.8,27330,32624,1628,119.0,72.0,1681.0
1784136733.9,27330,32624,1628,83.0,73.0,1098.0
1784136735.0,27330,32624,1628,127.0,73.0,1735.0
1784136736.1,27330,32624,1628,124.0,73.0,1732.0
1784136737.2,27330,32624,1628,64.0,73.0,1138.0
1784136738.3,27330,32624,1628,132.0,73.0,1722.0
1784136739.4,27330,32624,1628,112.0,73.0,1678.0
1784136740.5,27330,32624,1628,129.0,73.0,1713.0
1784136741.5,27330,32624,1628,133.0,73.0,1669.0
1784136742.6,27330,32624,1628,120.0,73.0,1710.0
1784136743.7,27330,32624,1628,116.0,73.0,1688.0
1784136744.8,27330,32624,1628,127.0,73.0,1663.0
1784136745.9,27330,32624,1628,131.0,73.0,1702.0
1784136747.0,27330,32624,1628,126.0,73.0,1713.0
1784136748.1,27330,32624,1628,133.0,73.0,1737.0
1784136749.2,27330,32624,1628,128.0,73.0,1724.0
1784136750.3,27330,32624,1628,133.0,73.0,1693.0
1784136751.4,27330,32624,1628,126.0,73.0,1693.0
1784136752.5,27330,32624,1628,113.0,73.0,1722.0
1784136753.6,27330,32624,1628,100.0,73.0,1205.0
1784136754.7,27330,32624,1628,142.0,73.0,1699.0
1784136755.8,27330,32624,1628,127.0,73.0,1679.0
1784136756.9,27330,32624,1628,109.0,73.0,1714.0
1784136757.9,27330,32624,1628,124.0,73.0,1664.0
1784136759.0,27330,32624,1628,138.0,73.0,1737.0
1784136760.1,27330,32624,1628,132.0,73.0,1740.0
1784136761.2,27330,32624,1628,119.0,73.0,1702.0
1784136762.3,27330,32624,1628,136.0,73.0,1707.0
1784136763.4,27330,32624,1628,124.0,73.0,1635.0
1784136764.5,27330,32624,1628,126.0,73.0,1710.0
1784136765.6,27330,32624,1628,128.0,73.0,1667.0
1784136766.7,27330,32624,1628,136.0,73.0,1734.0
1784136767.8,27330,32624,1628,124.0,73.0,1728.0
1784136768.9,27330,32624,1628,126.0,73.0,1664.0
1784136770.0,27330,32624,1628,121.0,73.0,1707.0
1784136771.0,27330,32624,1628,123.0,73.0,1682.0
1784136772.1,27330,32624,1628,121.0,73.0,1717.0
1784136773.2,27330,32624,1628,100.0,73.0,1699.0
1784136774.3,27330,32624,1628,118.0,73.0,1676.0
1784136775.4,27330,32624,1628,128.0,73.0,1697.0
1784136776.5,27330,32624,1628,54.0,73.0,1626.0
1784136777.6,27330,32624,1628,136.0,73.0,1718.0
1784136778.7,27330,32624,1628,129.0,73.0,1662.0
1784136779.8,27330,32624,1628,108.0,73.0,1170.0
1784136780.9,27330,32624,1628,138.0,73.0,1708.0
1784136782.0,27330,32624,1628,61.0,73.0,1754.0
1784136783.1,27330,32624,1628,119.0,73.0,1672.0
1784136784.2,27330,32624,1628,87.0,73.0,1676.0
1784136785.3,27330,32624,1628,125.0,73.0,1694.0
1784136786.3,27330,32624,1628,124.0,73.0,1710.0
1784136787.4,27330,32624,1628,128.0,73.0,1703.0
1784136788.5,27330,32624,1628,114.0,73.0,1724.0
1784136789.6,27330,32624,1628,139.0,73.0,1732.0
1784136790.7,27330,32624,1628,54.0,73.0,1386.0
1784136791.8,27330,32624,1628,135.0,73.0,1725.0
1784136792.9,27330,32624,1628,118.0,73.0,1661.0
1784136794.0,27330,32624,1628,41.0,74.0,0.0
1784136795.1,27330,32624,1628,226.0,74.0,2480.0
1784136796.2,27330,32624,1628,217.0,75.0,2688.0
1784136797.3,27330,32624,1628,123.0,74.0,1746.0
1784136798.4,27330,32624,1628,130.0,74.0,1698.0
1784136799.5,27330,32624,1628,125.0,74.0,1649.0
1784136800.6,27330,32624,1628,140.0,74.0,1721.0
1784136801.6,27330,32624,1628,117.0,74.0,1241.0
1784136802.7,27330,32624,1628,124.0,74.0,1678.0
1784136803.8,27330,32624,1628,130.0,73.0,1718.0
1784136804.9,27330,32624,1628,126.0,73.0,1670.0
1784136806.0,27330,32624,1628,92.0,73.0,1695.0
1784136807.1,27330,32624,1628,130.0,73.0,1726.0
1784136808.2,27330,32624,1628,129.0,73.0,1726.0
1784136809.3,27330,32624,1628,55.0,73.0,1412.0
1784136810.4,27330,32624,1628,136.0,73.0,1729.0
1784136811.5,27330,32624,1628,122.0,73.0,1734.0
1784136812.6,27330,32624,1628,124.0,73.0,1646.0
1784136813.7,27330,32624,1628,122.0,73.0,1730.0
1784136814.8,27330,32624,1628,127.0,73.0,1680.0
1784136815.8,27330,32624,1628,96.0,73.0,1756.0
1784136816.9,27330,32624,1628,130.0,73.0,1742.0
1784136818.0,27330,32624,1628,73.0,73.0,1211.0
1784136819.1,27330,32624,1628,137.0,73.0,1753.0
1784136820.2,27330,32624,1628,132.0,73.0,1706.0
1784136821.3,27330,32624,1628,127.0,73.0,1707.0
1784136822.4,27330,32624,1628,126.0,73.0,1734.0
1784136823.5,27330,32624,1628,130.0,73.0,1697.0
1784136824.6,27330,32624,1628,118.0,73.0,1355.0
1784136825.7,27330,32624,1628,119.0,73.0,1716.0
1784136826.8,27330,32624,1628,142.0,73.0,1728.0
1784136827.9,27330,32624,1628,72.0,73.0,1772.0
1784136829.0,27330,32624,1628,114.0,73.0,1251.0
1784136830.1,27330,32624,1628,55.0,73.0,1545.0
1784136831.2,27330,32624,1628,134.0,73.0,1707.0
1784136832.2,27330,32624,1628,133.0,73.0,1735.0
1784136833.3,27330,32624,1628,130.0,73.0,1695.0
1784136834.4,27330,32624,1628,131.0,73.0,1708.0
1784136835.5,27330,32624,1628,97.0,73.0,1227.0
1784136836.6,27330,32624,1628,127.0,73.0,1668.0
1784136837.7,27330,32624,1628,130.0,73.0,1719.0
1784136838.8,27330,32624,1628,132.0,73.0,1721.0
1784136839.9,27330,32624,1628,146.0,73.0,1693.0
1784136841.0,27330,32624,1628,132.0,73.0,1718.0
1784136842.1,27330,32624,1628,136.0,73.0,1680.0
1784136843.2,27330,32624,1628,140.0,73.0,1657.0
1784136844.3,27330,32624,1628,117.0,73.0,1692.0
1784136845.4,27330,32624,1628,86.0,73.0,1173.0
1784136846.5,27330,32624,1628,65.0,73.0,1168.0
1784136847.5,27330,32624,1628,79.0,73.0,1123.0
1784136848.6,27330,32624,1628,107.0,73.0,1716.0
1784136849.7,27330,32624,1628,136.0,73.0,1707.0
1784136850.8,27330,32624,1628,123.0,73.0,1741.0
1784136851.9,27330,32624,1628,131.0,73.0,1721.0
1784136853.0,27330,32624,1628,112.0,73.0,1713.0
1784136854.1,27330,32624,1628,76.0,73.0,1751.0
1784136855.2,27330,32624,1628,131.0,73.0,1724.0
1784136856.3,27330,32624,1628,84.0,73.0,1734.0
1784136857.4,27330,32624,1628,124.0,73.0,1663.0
1784136858.5,27330,32624,1628,130.0,73.0,1683.0
1784136859.6,27330,32624,1628,121.0,73.0,1686.0
1784136860.7,27330,32624,1628,116.0,73.0,1706.0
1784136861.7,27330,32624,1628,128.0,73.0,1689.0
1784136862.8,27330,32624,1628,106.0,73.0,1684.0
1784136863.9,27330,32624,1628,122.0,73.0,1667.0
1784136865.0,27330,32624,1628,137.0,73.0,1663.0
1784136866.1,27330,32624,1628,104.0,73.0,1735.0
1784136867.2,27330,32624,1628,84.0,73.0,1746.0
1784136868.3,27330,32624,1628,77.0,73.0,1134.0
1784136869.4,27330,32624,1628,125.0,73.0,1664.0
1784136870.5,27330,32624,1628,122.0,73.0,1715.0
1784136871.6,27330,32624,1628,101.0,73.0,1657.0
1784136872.7,27330,32624,1628,138.0,74.0,1673.0
1784136873.8,27330,32624,1628,119.0,74.0,1665.0
1784136874.9,27330,32624,1628,131.0,74.0,1662.0
1784136876.0,27330,32624,1628,119.0,74.0,1666.0
1784136877.0,27330,32624,1628,120.0,74.0,1729.0
1784136878.1,27330,32624,1628,129.0,74.0,1713.0
1784136879.2,27330,32624,1628,122.0,74.0,1682.0
1784136880.3,27330,32624,1628,135.0,74.0,1708.0
1784136881.4,27330,32624,1628,127.0,74.0,1724.0
1784136882.5,27330,32624,1628,132.0,74.0,1716.0
1784136883.6,27330,32624,1628,120.0,74.0,1666.0
1784136884.7,27330,32624,1628,118.0,74.0,1693.0
1784136885.8,27330,32624,1628,133.0,74.0,1740.0
1784136886.9,27330,32624,1628,59.0,74.0,1276.0
1784136888.0,27330,32624,1628,126.0,74.0,1350.0
1784136889.1,27330,32624,1628,57.0,74.0,1297.0
1784136890.2,27330,32624,1628,131.0,74.0,1662.0
1784136891.3,27330,32624,1628,126.0,74.0,1389.0
1784136892.4,27330,32624,1628,121.0,74.0,1668.0
1784136893.4,27330,32624,1628,130.0,74.0,1634.0
1784136894.5,27330,32624,1628,127.0,74.0,1667.0
1784136895.6,27330,32624,1628,85.0,74.0,1707.0
1784136896.7,27330,32624,1628,129.0,74.0,1663.0
1784136897.8,27330,32624,1628,131.0,74.0,1714.0
1784136898.9,27330,32624,1628,73.0,74.0,1160.0
1784136900.0,27330,32624,1628,120.0,74.0,1665.0
1784136901.1,27330,32624,1628,82.0,74.0,1728.0
1784136902.2,27330,32624,1628,86.0,74.0,1084.0
1784136903.3,27330,32624,1628,117.0,74.0,1670.0
1784136904.4,27330,32624,1628,134.0,74.0,1666.0
1784136905.5,27330,32624,1628,54.0,74.0,1615.0
1784136906.6,27330,32624,1628,139.0,74.0,1404.0
1784136907.7,27330,32624,1628,123.0,74.0,1689.0
1784136908.8,27330,32624,1628,124.0,74.0,1667.0
1784136909.8,27330,32624,1628,127.0,74.0,1676.0
1784136910.9,27330,32624,1628,137.0,74.0,1736.0
1784136912.0,27330,32624,1628,121.0,74.0,1676.0
1784136913.1,27330,32624,1628,127.0,74.0,1661.0
1784136914.2,27330,32624,1628,99.0,74.0,1142.0
1784136915.3,27330,32624,1628,122.0,74.0,1666.0
1784136916.4,27330,32624,1628,128.0,74.0,1666.0
1784136917.5,27330,32624,1628,129.0,74.0,1664.0
1784136918.6,27330,32624,1628,122.0,74.0,1394.0
1784136919.7,27330,32624,1628,75.0,74.0,1690.0
# load_vram_used_mib=27279 peak_vram_used_mib=27344 peak_gtt_used_mib=1643 avg_power_w=125.9 peak_power_w=305.0 peak_temp_c=78.0 avg_sclk_mhz=1706.5 peak_sclk_mhz=2940.0 samples=2211
