unix_ts,vram_used_mib,vram_total_mib,gtt_used_mib,power_w,temp_c,sclk_mhz
1784123118.5,29674,32624,1532,12.0,57.0,0.0
1784123119.6,29679,32624,1612,301.0,57.0,2639.0
1784123120.7,29696,32624,1612,210.0,60.0,2293.0
1784123121.8,29712,32624,1612,228.0,61.0,2389.0
1784123122.9,29712,32624,1612,230.0,61.0,2388.0
1784123124.0,29712,32624,1612,227.0,62.0,2282.0
1784123125.1,29712,32624,1612,206.0,62.0,2291.0
1784123126.2,29712,32624,1612,209.0,62.0,2322.0
1784123127.2,29712,32624,1612,228.0,63.0,2350.0
1784123128.3,29712,32624,1612,197.0,63.0,2294.0
1784123129.4,29712,32624,1612,202.0,63.0,2287.0
1784123130.5,29712,32624,1612,226.0,63.0,2350.0
1784123131.6,29712,32624,1612,185.0,64.0,2294.0
1784123132.7,29712,32624,1612,220.0,64.0,2319.0
1784123133.8,29712,32624,1612,217.0,64.0,2350.0
1784123134.9,29712,32624,1612,169.0,65.0,2350.0
1784123136.0,29712,32624,1612,272.0,64.0,2525.0
1784123137.1,29712,32624,1612,224.0,65.0,2281.0
1784123138.2,29712,32624,1612,232.0,65.0,2386.0
1784123139.2,29712,32624,1612,172.0,65.0,2249.0
1784123140.3,29712,32624,1612,147.0,65.0,2292.0
1784123141.4,29712,32624,1612,156.0,65.0,2182.0
1784123142.5,29712,32624,1612,222.0,65.0,2350.0
1784123143.6,29712,32624,1612,206.0,65.0,2350.0
1784123144.7,29712,32624,1612,235.0,65.0,2188.0
1784123145.8,29712,32624,1612,201.0,65.0,2299.0
1784123146.9,29712,32624,1612,159.0,65.0,2299.0
1784123148.0,29712,32624,1612,209.0,65.0,2350.0
1784123149.1,29712,32624,1612,219.0,65.0,2322.0
1784123150.2,29712,32624,1612,213.0,65.0,2350.0
1784123151.2,29712,32624,1612,191.0,65.0,2208.0
1784123152.3,29712,32624,1612,226.0,65.0,2350.0
1784123153.4,29712,32624,1612,217.0,65.0,2383.0
1784123154.5,29712,32624,1612,229.0,65.0,2278.0
1784123155.6,29712,32624,1612,225.0,65.0,2350.0
1784123156.7,29712,32624,1612,218.0,65.0,2261.0
1784123157.8,29712,32624,1612,180.0,65.0,2256.0
1784123158.9,29712,32624,1612,227.0,65.0,2350.0
1784123160.0,29712,32624,1612,210.0,65.0,2384.0
1784123161.1,29712,32624,1612,159.0,65.0,2245.0
1784123162.2,29712,32624,1612,221.0,65.0,2350.0
1784123163.3,29712,32624,1612,144.0,65.0,2350.0
1784123164.3,29712,32624,1612,219.0,65.0,2320.0
1784123165.4,29712,32624,1612,184.0,66.0,2144.0
1784123166.5,29712,32624,1612,212.0,66.0,2350.0
1784123167.6,29712,32624,1612,221.0,66.0,2283.0
1784123168.7,29712,32624,1612,218.0,65.0,2378.0
1784123169.8,29712,32624,1612,214.0,66.0,2350.0
1784123170.9,29712,32624,1612,229.0,66.0,2350.0
1784123172.0,29712,32624,1612,244.0,66.0,2288.0
1784123173.1,29712,32624,1612,199.0,66.0,2315.0
1784123174.2,29712,32624,1612,209.0,66.0,2266.0
1784123175.3,29712,32624,1612,227.0,66.0,2350.0
1784123176.4,29712,32624,1612,157.0,66.0,2269.0
1784123177.4,29712,32624,1612,223.0,66.0,2296.0
1784123178.5,29712,32624,1612,217.0,66.0,2308.0
1784123179.6,29712,32624,1612,143.0,66.0,2231.0
1784123180.7,29712,32624,1612,213.0,66.0,2307.0
1784123181.8,29712,32624,1612,210.0,66.0,2350.0
1784123182.9,29712,32624,1612,217.0,66.0,2350.0
1784123184.0,29712,32624,1612,211.0,65.0,2350.0
1784123185.1,29712,32624,1612,224.0,66.0,2393.0
1784123186.2,29712,32624,1612,177.0,66.0,2278.0
1784123187.3,29712,32624,1612,215.0,66.0,2306.0
1784123188.4,29712,32624,1612,161.0,66.0,2274.0
1784123189.5,29712,32624,1612,186.0,66.0,2379.0
1784123190.5,29712,32624,1612,208.0,66.0,2318.0
1784123191.6,29712,32624,1612,215.0,66.0,2314.0
1784123192.7,29712,32624,1612,214.0,66.0,2311.0
1784123193.8,29712,32624,1612,231.0,66.0,2350.0
1784123194.9,29712,32624,1612,215.0,66.0,2350.0
1784123196.0,29712,32624,1612,242.0,66.0,2234.0
1784123197.1,29712,32624,1612,218.0,66.0,2350.0
1784123198.2,29712,32624,1612,220.0,66.0,2253.0
1784123199.3,29712,32624,1612,223.0,66.0,2320.0
1784123200.4,29712,32624,1612,200.0,66.0,2287.0
1784123201.5,29712,32624,1612,218.0,66.0,2284.0
1784123202.6,29712,32624,1612,209.0,66.0,2350.0
1784123203.6,29712,32624,1612,175.0,66.0,2301.0
1784123204.7,29712,32624,1612,205.0,66.0,2283.0
1784123205.8,29712,32624,1612,218.0,66.0,2350.0
1784123206.9,29712,32624,1612,226.0,66.0,2396.0
1784123208.0,29712,32624,1612,201.0,66.0,2265.0
1784123209.1,29712,32624,1612,203.0,66.0,2298.0
1784123210.2,29712,32624,1612,221.0,66.0,2254.0
1784123211.3,29712,32624,1612,203.0,66.0,2254.0
1784123212.4,29712,32624,1612,207.0,66.0,2295.0
1784123213.5,29712,32624,1612,207.0,66.0,2298.0
1784123214.6,29712,32624,1612,209.0,66.0,2381.0
1784123215.7,29712,32624,1612,178.0,66.0,2263.0
1784123216.7,29712,32624,1612,195.0,66.0,2189.0
1784123217.8,29712,32624,1612,210.0,66.0,2296.0
1784123218.9,29712,32624,1612,198.0,66.0,2226.0
1784123220.0,29712,32624,1612,224.0,66.0,2350.0
1784123221.1,29712,32624,1612,238.0,66.0,2196.0
1784123222.2,29712,32624,1612,194.0,66.0,2350.0
1784123223.3,29712,32624,1612,209.0,66.0,2316.0
1784123224.4,29712,32624,1612,169.0,66.0,2306.0
1784123225.5,29712,32624,1612,208.0,66.0,2288.0
1784123226.6,29712,32624,1612,232.0,66.0,2350.0
1784123227.7,29712,32624,1612,179.0,66.0,2283.0
1784123228.8,29712,32624,1612,221.0,66.0,2384.0
1784123229.8,29712,32624,1612,201.0,66.0,2232.0
1784123230.9,29712,32624,1612,180.0,66.0,2323.0
1784123232.0,29712,32624,1612,218.0,66.0,2407.0
1784123233.1,29712,32624,1612,220.0,66.0,2376.0
1784123234.2,29712,32624,1612,206.0,65.0,2288.0
1784123235.3,29712,32624,1612,210.0,66.0,2280.0
1784123236.4,29712,32624,1612,173.0,66.0,2350.0
1784123237.5,29712,32624,1612,232.0,66.0,2381.0
1784123238.6,29712,32624,1612,205.0,66.0,2241.0
1784123239.7,29712,32624,1612,210.0,66.0,2301.0
1784123240.8,29712,32624,1612,213.0,66.0,2317.0
1784123241.8,29712,32624,1612,201.0,66.0,2299.0
1784123242.9,29712,32624,1612,231.0,66.0,2387.0
1784123244.0,29712,32624,1612,212.0,66.0,2350.0
1784123245.1,29712,32624,1612,214.0,66.0,2350.0
1784123246.2,29712,32624,1612,213.0,66.0,2403.0
1784123247.3,29712,32624,1612,226.0,66.0,2350.0
1784123248.4,29712,32624,1612,222.0,66.0,2350.0
1784123249.5,29712,32624,1612,211.0,66.0,2307.0
1784123250.6,29712,32624,1612,218.0,66.0,2350.0
1784123251.7,29712,32624,1612,220.0,66.0,2412.0
1784123252.8,29712,32624,1612,241.0,65.0,2473.0
1784123253.9,29712,32624,1612,216.0,66.0,2350.0
1784123254.9,29712,32624,1612,191.0,66.0,2212.0
1784123256.0,29712,32624,1612,247.0,66.0,2247.0
1784123257.1,29712,32624,1612,212.0,66.0,2282.0
1784123258.2,29712,32624,1612,199.0,66.0,2213.0
1784123259.3,29712,32624,1612,225.0,66.0,2350.0
1784123260.4,29712,32624,1612,216.0,66.0,2246.0
1784123261.5,29712,32624,1612,209.0,66.0,2350.0
1784123262.6,29712,32624,1612,208.0,66.0,2275.0
1784123263.7,29712,32624,1612,202.0,66.0,2281.0
1784123264.8,29712,32624,1612,202.0,66.0,2241.0
1784123265.9,29712,32624,1612,212.0,66.0,2350.0
1784123266.9,29712,32624,1612,217.0,66.0,2350.0
1784123268.0,29712,32624,1612,237.0,66.0,2386.0
1784123269.1,29712,32624,1612,197.0,66.0,2255.0
1784123270.2,29712,32624,1612,216.0,66.0,2350.0
1784123271.3,29712,32624,1612,239.0,66.0,2413.0
1784123272.4,29712,32624,1612,234.0,66.0,2455.0
1784123273.5,29712,32624,1612,223.0,66.0,2350.0
1784123274.6,29712,32624,1612,225.0,66.0,2306.0
1784123275.7,29712,32624,1612,208.0,66.0,2350.0
1784123276.8,29712,32624,1612,221.0,66.0,2277.0
1784123277.9,29712,32624,1612,197.0,66.0,2287.0
1784123279.0,29712,32624,1612,159.0,66.0,2350.0
1784123280.0,29712,32624,1612,168.0,66.0,2387.0
1784123281.1,29712,32624,1612,217.0,66.0,2398.0
1784123282.2,29712,32624,1612,222.0,66.0,2350.0
1784123283.3,29712,32624,1612,206.0,66.0,2300.0
1784123284.4,29712,32624,1612,176.0,66.0,2288.0
1784123285.5,29712,32624,1612,215.0,66.0,2311.0
1784123286.6,29712,32624,1612,149.0,66.0,2256.0
1784123287.7,29712,32624,1612,204.0,66.0,2319.0
1784123288.8,29712,32624,1612,220.0,66.0,2350.0
1784123289.9,29712,32624,1612,214.0,66.0,2350.0
1784123291.0,29712,32624,1612,216.0,66.0,2245.0
1784123292.1,29712,32624,1612,212.0,66.0,2350.0
1784123293.1,29712,32624,1612,42.0,66.0,0.0
1784123294.2,29712,32624,1612,214.0,66.0,2302.0
1784123295.3,29712,32624,1612,226.0,66.0,2415.0
1784123296.4,29712,32624,1612,212.0,66.0,2306.0
1784123297.5,29712,32624,1612,219.0,66.0,2293.0
1784123298.6,29712,32624,1612,212.0,66.0,2350.0
1784123299.7,29712,32624,1612,217.0,66.0,2392.0
1784123300.8,29712,32624,1612,208.0,66.0,2230.0
1784123301.9,29712,32624,1612,208.0,66.0,2295.0
1784123303.0,29712,32624,1612,217.0,66.0,2212.0
1784123304.1,29712,32624,1612,223.0,66.0,2441.0
1784123305.2,29712,32624,1612,230.0,66.0,2350.0
1784123306.3,29712,32624,1612,195.0,66.0,2350.0
1784123307.4,29712,32624,1612,214.0,66.0,2380.0
1784123308.4,29712,32624,1612,210.0,66.0,2291.0
1784123309.5,29712,32624,1612,210.0,66.0,2350.0
1784123310.6,29712,32624,1612,210.0,66.0,2288.0
1784123311.7,29712,32624,1612,216.0,66.0,2277.0
1784123312.8,29712,32624,1612,216.0,66.0,2408.0
1784123313.9,29712,32624,1612,195.0,66.0,2275.0
1784123315.0,29712,32624,1612,43.0,66.0,0.0
1784123316.1,29712,32624,1612,209.0,66.0,2313.0
1784123317.2,29712,32624,1612,219.0,66.0,2319.0
1784123318.3,29712,32624,1612,158.0,66.0,2253.0
1784123319.4,29712,32624,1612,232.0,66.0,2397.0
1784123320.5,29712,32624,1612,211.0,66.0,2350.0
1784123321.6,29712,32624,1612,207.0,66.0,2265.0
1784123322.6,29712,32624,1612,214.0,66.0,2350.0
1784123323.7,29712,32624,1612,222.0,66.0,2389.0
1784123324.8,29712,32624,1612,216.0,66.0,2406.0
1784123325.9,29712,32624,1612,210.0,66.0,2314.0
1784123327.0,29712,32624,1612,246.0,66.0,2411.0
1784123328.1,29712,32624,1612,217.0,66.0,2302.0
1784123329.2,29712,32624,1612,212.0,66.0,2350.0
1784123330.3,29712,32624,1612,199.0,66.0,2350.0
1784123331.4,29712,32624,1612,189.0,66.0,2350.0
1784123332.5,29712,32624,1612,233.0,66.0,2350.0
1784123333.6,29712,32624,1612,216.0,66.0,2303.0
1784123334.7,29712,32624,1612,214.0,66.0,2376.0
1784123335.8,29712,32624,1612,203.0,66.0,2314.0
1784123336.9,29712,32624,1612,191.0,66.0,2382.0
1784123338.0,29712,32624,1612,43.0,66.0,0.0
1784123339.1,29712,32624,1612,211.0,66.0,2285.0
1784123340.2,29712,32624,1612,211.0,66.0,2350.0
1784123341.2,29712,32624,1612,204.0,66.0,2282.0
1784123342.3,29712,32624,1612,224.0,66.0,2411.0
1784123343.4,29712,32624,1612,230.0,66.0,2231.0
1784123344.5,29712,32624,1612,217.0,66.0,2350.0
1784123345.6,29712,32624,1612,218.0,66.0,2315.0
1784123346.7,29712,32624,1612,215.0,66.0,2260.0
1784123347.8,29712,32624,1612,175.0,66.0,2316.0
1784123348.9,29712,32624,1612,214.0,66.0,2350.0
1784123350.0,29712,32624,1612,220.0,66.0,2401.0
1784123351.1,29712,32624,1612,215.0,66.0,2350.0
1784123352.2,29712,32624,1612,230.0,66.0,2318.0
1784123353.3,29712,32624,1612,220.0,66.0,2410.0
1784123354.4,29712,32624,1612,216.0,66.0,2403.0
1784123355.4,29712,32624,1612,208.0,66.0,2350.0
1784123356.5,29712,32624,1612,228.0,66.0,2350.0
1784123357.6,29712,32624,1612,212.0,66.0,2350.0
1784123358.7,29712,32624,1612,215.0,66.0,2350.0
1784123359.8,29712,32624,1612,188.0,66.0,2310.0
1784123360.9,29712,32624,1612,218.0,66.0,2395.0
1784123362.0,29712,32624,1612,208.0,66.0,2301.0
1784123363.1,29712,32624,1612,243.0,66.0,2419.0
1784123364.2,29712,32624,1612,230.0,66.0,2389.0
1784123365.3,29712,32624,1612,227.0,66.0,2307.0
1784123366.4,29712,32624,1612,220.0,66.0,2350.0
1784123367.4,29712,32624,1612,212.0,66.0,2289.0
1784123368.6,29712,32624,1612,50.0,66.0,0.0
1784123369.7,29712,32624,1612,242.0,66.0,2483.0
1784123370.7,29712,32624,1612,211.0,66.0,2350.0
1784123371.8,29712,32624,1612,204.0,66.0,2406.0
1784123372.9,29712,32624,1612,217.0,66.0,2350.0
1784123374.0,29712,32624,1612,199.0,66.0,2279.0
1784123375.1,29712,32624,1612,185.0,66.0,2191.0
1784123376.2,29712,32624,1612,211.0,66.0,2292.0
1784123377.3,29712,32624,1612,210.0,66.0,2350.0
1784123378.4,29712,32624,1612,204.0,66.0,2376.0
1784123379.5,29712,32624,1612,233.0,66.0,2377.0
1784123380.6,29712,32624,1612,218.0,66.0,2350.0
1784123381.7,29712,32624,1612,196.0,66.0,2267.0
1784123382.7,29712,32624,1612,212.0,66.0,2319.0
1784123383.8,29712,32624,1612,213.0,66.0,2350.0
1784123384.9,29712,32624,1612,215.0,66.0,2350.0
1784123386.0,29712,32624,1612,216.0,66.0,2386.0
1784123387.1,29712,32624,1612,170.0,67.0,2205.0
1784123388.2,29712,32624,1612,232.0,66.0,2386.0
1784123389.3,29712,32624,1612,221.0,66.0,2288.0
1784123390.4,29712,32624,1612,203.0,66.0,2264.0
1784123391.5,29712,32624,1612,211.0,66.0,2305.0
1784123392.6,29712,32624,1612,165.0,66.0,2397.0
1784123393.7,29712,32624,1612,209.0,66.0,2381.0
1784123394.7,29712,32624,1612,211.0,66.0,2350.0
1784123395.8,29712,32624,1612,219.0,66.0,2425.0
1784123396.9,29712,32624,1612,227.0,66.0,2350.0
1784123398.0,29712,32624,1612,230.0,66.0,2350.0
1784123399.1,29712,32624,1612,144.0,66.0,2321.0
1784123400.2,29712,32624,1612,215.0,66.0,2350.0
1784123401.3,29712,32624,1612,216.0,66.0,2350.0
1784123402.4,29712,32624,1612,212.0,66.0,2350.0
1784123403.5,29712,32624,1612,215.0,66.0,2445.0
1784123404.6,29712,32624,1612,139.0,66.0,2258.0
1784123405.6,29712,32624,1612,208.0,66.0,2313.0
1784123406.7,29712,32624,1612,200.0,66.0,2388.0
1784123407.8,29712,32624,1612,223.0,66.0,2414.0
1784123408.9,29712,32624,1612,201.0,66.0,2269.0
1784123410.0,29712,32624,1612,209.0,66.0,2350.0
1784123411.1,29712,32624,1612,206.0,66.0,2282.0
1784123412.2,29712,32624,1612,211.0,66.0,2350.0
1784123413.3,29712,32624,1867,77.0,66.0,3013.0
1784123414.4,29712,32624,1867,241.0,66.0,2231.0
1784123415.5,29712,32624,1867,219.0,66.0,2264.0
1784123416.6,29712,32624,1867,211.0,66.0,2390.0
1784123417.7,29712,32624,1867,211.0,66.0,2386.0
1784123418.7,29712,32624,1867,206.0,66.0,2315.0
1784123419.8,29712,32624,1867,52.0,66.0,0.0
1784123420.9,29713,32624,1870,210.0,66.0,2350.0
1784123422.0,29713,32624,1870,230.0,66.0,2449.0
1784123423.1,29713,32624,1870,219.0,66.0,2497.0
1784123424.2,29713,32624,1870,180.0,66.0,2350.0
1784123425.3,29713,32624,1870,215.0,66.0,2294.0
1784123426.4,29713,32624,1870,202.0,66.0,2350.0
1784123427.5,29713,32624,1870,234.0,66.0,2412.0
1784123428.6,29713,32624,1870,213.0,66.0,2386.0
1784123429.7,29713,32624,1870,195.0,66.0,2448.0
1784123430.8,29713,32624,1870,216.0,66.0,2304.0
1784123431.8,29713,32624,1870,216.0,66.0,2350.0
1784123432.9,29713,32624,1870,213.0,66.0,2350.0
1784123434.0,29713,32624,1870,161.0,66.0,2436.0
1784123435.1,29713,32624,1870,206.0,66.0,2237.0
1784123436.2,29713,32624,1870,194.0,66.0,2220.0
1784123437.3,29713,32624,1870,203.0,66.0,2350.0
1784123438.4,29713,32624,1870,257.0,66.0,2511.0
1784123439.5,29713,32624,1870,179.0,66.0,2243.0
1784123440.6,29713,32624,1870,210.0,66.0,2317.0
1784123441.7,29713,32624,1870,222.0,66.0,2307.0
1784123442.8,29713,32624,1870,220.0,67.0,2383.0
1784123443.9,29713,32624,1870,197.0,67.0,2455.0
1784123444.9,29713,32624,1870,206.0,67.0,2350.0
1784123446.0,29713,32624,1870,208.0,67.0,2391.0
1784123447.1,29713,32624,1870,247.0,67.0,2424.0
1784123448.2,29713,32624,1870,140.0,67.0,2254.0
1784123449.3,29713,32624,1870,225.0,67.0,2321.0
1784123450.4,29713,32624,1870,226.0,67.0,2350.0
1784123451.5,29713,32624,1870,230.0,67.0,2500.0
1784123452.6,29713,32624,1870,151.0,67.0,2216.0
1784123453.7,29713,32624,1870,204.0,67.0,2272.0
1784123454.8,29713,32624,1870,223.0,67.0,2350.0
1784123455.9,29713,32624,1870,246.0,67.0,2384.0
1784123457.0,29713,32624,1870,182.0,67.0,2211.0
1784123458.1,29713,32624,1870,214.0,68.0,2317.0
1784123459.1,29713,32624,1870,226.0,68.0,2350.0
1784123460.2,29713,32624,1870,212.0,68.0,2489.0
1784123461.3,29713,32624,1870,214.0,68.0,2350.0
1784123462.4,29713,32624,1870,210.0,68.0,2297.0
1784123463.5,29713,32624,1870,226.0,68.0,2420.0
1784123464.6,29713,32624,1870,240.0,68.0,2265.0
1784123465.7,29713,32624,1870,214.0,68.0,2350.0
1784123466.8,29713,32624,1870,213.0,68.0,2350.0
1784123467.9,29713,32624,1870,146.0,68.0,2288.0
1784123469.0,29713,32624,1870,220.0,68.0,2292.0
1784123470.1,29713,32624,1870,215.0,68.0,2350.0
1784123471.2,29713,32624,1870,183.0,68.0,2381.0
1784123472.3,29713,32624,1870,206.0,68.0,2257.0
1784123473.3,29713,32624,1870,208.0,68.0,2350.0
1784123474.4,29713,32624,1870,183.0,68.0,2410.0
1784123475.5,29713,32624,1870,209.0,68.0,2270.0
1784123476.6,29713,32624,1870,208.0,68.0,2304.0
1784123477.7,29713,32624,1870,215.0,68.0,2588.0
1784123478.8,29713,32624,1870,203.0,68.0,2242.0
1784123479.9,29713,32624,1870,214.0,68.0,2350.0
1784123481.0,29713,32624,1870,254.0,69.0,2511.0
1784123482.1,29713,32624,1870,213.0,69.0,2258.0
1784123483.2,29713,32624,1870,214.0,69.0,2317.0
1784123484.3,29713,32624,1870,210.0,69.0,2448.0
1784123485.4,29713,32624,1870,215.0,69.0,2312.0
1784123486.5,29713,32624,1870,205.0,69.0,2350.0
1784123487.5,29713,32624,1870,197.0,69.0,2401.0
1784123488.6,29713,32624,1870,224.0,69.0,2350.0
1784123489.7,29713,32624,1870,229.0,69.0,2389.0
1784123490.8,29713,32624,1870,194.0,69.0,2210.0
1784123491.9,29713,32624,1870,216.0,69.0,2309.0
1784123493.0,29713,32624,1870,259.0,69.0,2453.0
1784123494.1,29713,32624,1870,207.0,69.0,2264.0
1784123495.2,29713,32624,1870,202.0,69.0,2268.0
1784123496.3,29713,32624,1870,178.0,69.0,2519.0
1784123497.4,29713,32624,1870,215.0,69.0,2286.0
1784123498.5,29713,32624,1870,208.0,69.0,2277.0
1784123499.6,29713,32624,1870,220.0,69.0,2250.0
1784123500.6,29713,32624,1870,220.0,69.0,2307.0
1784123501.7,29713,32624,1870,222.0,69.0,2464.0
1784123502.8,29713,32624,1870,209.0,69.0,2293.0
1784123503.9,29713,32624,1870,227.0,69.0,2350.0
1784123505.0,29713,32624,1870,194.0,69.0,2441.0
1784123506.1,29713,32624,1870,211.0,69.0,2308.0
1784123507.2,29713,32624,1870,222.0,69.0,2350.0
1784123508.3,29713,32624,1870,209.0,69.0,2476.0
1784123509.4,29713,32624,1870,202.0,69.0,2265.0
1784123510.5,29713,32624,1870,207.0,69.0,2320.0
1784123511.6,29713,32624,1870,176.0,69.0,2401.0
1784123512.7,29713,32624,1870,210.0,69.0,2288.0
1784123513.8,29713,32624,1870,232.0,69.0,2350.0
1784123514.8,29713,32624,1870,194.0,69.0,2294.0
1784123515.9,29713,32624,1870,218.0,69.0,2350.0
1784123517.0,29713,32624,1870,266.0,69.0,2514.0
1784123518.1,29713,32624,1870,202.0,69.0,2289.0
1784123519.2,29713,32624,1870,200.0,69.0,2287.0
1784123520.3,29713,32624,1870,182.0,69.0,2399.0
1784123521.4,29713,32624,1870,199.0,69.0,2305.0
1784123522.5,29713,32624,1870,210.0,69.0,2350.0
1784123523.6,29713,32624,1870,219.0,69.0,2279.0
1784123524.7,29713,32624,1870,203.0,69.0,2276.0
1784123525.8,29713,32624,1870,183.0,69.0,2464.0
1784123526.9,29713,32624,1870,216.0,69.0,2283.0
1784123528.0,29713,32624,1870,228.0,69.0,2447.0
1784123529.1,29713,32624,1870,200.0,69.0,2207.0
1784123530.1,29713,32624,1870,202.0,69.0,2238.0
1784123531.2,29713,32624,1870,202.0,69.0,2406.0
1784123532.3,29713,32624,1870,216.0,69.0,2285.0
1784123533.4,29713,32624,1870,213.0,69.0,2380.0
1784123534.5,29713,32624,1870,208.0,69.0,2250.0
1784123535.6,29713,32624,1870,218.0,69.0,2284.0
1784123536.7,29713,32624,1870,186.0,69.0,2186.0
1784123537.8,29713,32624,1870,213.0,69.0,2350.0
1784123538.9,29713,32624,1870,190.0,69.0,2465.0
1784123540.0,29713,32624,1870,225.0,69.0,2350.0
1784123541.1,29713,32624,1870,251.0,69.0,2435.0
1784123542.2,29713,32624,1870,212.0,69.0,2350.0
1784123543.3,29713,32624,1870,209.0,69.0,2350.0
1784123544.4,29713,32624,1870,231.0,69.0,2298.0
1784123545.4,29713,32624,1870,200.0,69.0,2319.0
1784123546.5,29713,32624,1870,191.0,69.0,2388.0
1784123547.6,29713,32624,1870,205.0,69.0,2277.0
1784123548.7,29713,32624,1870,195.0,69.0,2438.0
1784123549.8,29713,32624,1870,210.0,69.0,2278.0
1784123550.9,29713,32624,1870,248.0,69.0,2482.0
1784123552.0,29713,32624,1870,203.0,69.0,2292.0
1784123553.1,29713,32624,1870,239.0,69.0,2435.0
1784123554.2,29713,32624,1870,213.0,69.0,2285.0
1784123555.3,29713,32624,1870,213.0,69.0,2323.0
1784123556.4,29713,32624,1870,219.0,69.0,2299.0
1784123557.5,29713,32624,1870,243.0,69.0,2486.0
1784123558.5,29713,32624,1870,201.0,69.0,2251.0
1784123559.6,29713,32624,1870,228.0,69.0,2376.0
1784123560.7,29713,32624,1870,216.0,69.0,2272.0
1784123561.8,29713,32624,1870,239.0,69.0,2376.0
1784123562.9,29713,32624,1870,173.0,69.0,2249.0
1784123564.0,29713,32624,1870,227.0,69.0,2350.0
1784123565.1,29713,32624,1870,185.0,69.0,2266.0
1784123566.2,29713,32624,1870,210.0,70.0,2262.0
1784123567.3,29713,32624,1870,196.0,70.0,2408.0
1784123568.4,29713,32624,1870,214.0,69.0,2312.0
1784123569.5,29713,32624,1870,182.0,70.0,2350.0
1784123570.6,29713,32624,1870,207.0,70.0,2307.0
1784123571.7,29713,32624,1870,175.0,69.0,2447.0
1784123572.8,29713,32624,1870,202.0,70.0,2267.0
1784123573.8,29713,32624,1870,225.0,69.0,2395.0
1784123574.9,29713,32624,1870,220.0,69.0,2286.0
1784123576.0,29713,32624,1870,239.0,69.0,2438.0
1784123577.1,29713,32624,1870,209.0,69.0,2319.0
1784123578.2,29713,32624,1870,215.0,69.0,2290.0
1784123579.3,29713,32624,1870,211.0,69.0,2272.0
1784123580.4,29713,32624,1870,228.0,70.0,2393.0
1784123581.5,29713,32624,1870,198.0,69.0,2203.0
1784123582.6,29713,32624,1870,209.0,69.0,2350.0
1784123583.7,29713,32624,1870,192.0,69.0,2264.0
1784123584.8,29713,32624,1870,227.0,69.0,2350.0
1784123585.9,29713,32624,1870,189.0,69.0,2254.0
1784123587.0,29713,32624,1870,219.0,69.0,2350.0
1784123588.1,29713,32624,1870,179.0,69.0,2350.0
1784123589.1,29713,32624,1870,228.0,69.0,2350.0
1784123590.2,29713,32624,1870,188.0,69.0,2376.0
1784123591.3,29713,32624,1870,213.0,69.0,2303.0
1784123592.4,29713,32624,1870,196.0,69.0,2483.0
1784123593.5,29713,32624,1870,209.0,70.0,2289.0
1784123594.6,29713,32624,1870,196.0,70.0,2419.0
1784123595.7,29713,32624,1870,212.0,69.0,2312.0
1784123596.8,29713,32624,1870,180.0,69.0,2203.0
1784123597.9,29713,32624,1870,240.0,69.0,2410.0
1784123599.0,29713,32624,1870,233.0,69.0,2305.0
1784123600.1,29713,32624,1870,235.0,69.0,2379.0
1784123601.2,29713,32624,1870,219.0,69.0,2276.0
1784123602.3,29713,32624,1870,237.0,69.0,2437.0
1784123603.3,29713,32624,1870,220.0,69.0,2296.0
1784123604.4,29713,32624,1870,233.0,69.0,2433.0
1784123605.5,29713,32624,1870,205.0,69.0,2281.0
1784123606.6,29713,32624,1870,174.0,69.0,2419.0
1784123607.7,29713,32624,1870,214.0,69.0,2273.0
1784123608.8,29713,32624,1870,185.0,69.0,2435.0
1784123609.9,29713,32624,1870,206.0,69.0,2237.0
1784123611.0,29713,32624,1870,177.0,69.0,2350.0
1784123612.1,29713,32624,1870,207.0,69.0,2246.0
1784123613.2,29713,32624,1870,212.0,69.0,2258.0
1784123614.3,29713,32624,1870,222.0,70.0,2295.0
1784123615.4,29713,32624,1870,217.0,69.0,2295.0
1784123616.5,29713,32624,1870,213.0,69.0,2324.0
1784123617.6,29713,32624,1870,210.0,69.0,2258.0
1784123618.6,29713,32624,1870,245.0,69.0,2467.0
1784123619.7,29713,32624,1870,212.0,69.0,2257.0
1784123620.8,29713,32624,1870,193.0,69.0,2478.0
1784123621.9,29713,32624,1870,212.0,69.0,2385.0
1784123623.0,29713,32624,1870,189.0,70.0,2350.0
1784123624.1,29713,32624,1870,229.0,69.0,2350.0
1784123625.2,29713,32624,1870,209.0,69.0,2261.0
1784123626.3,29713,32624,1870,256.0,69.0,2474.0
1784123627.4,29713,32624,1870,210.0,69.0,2282.0
1784123628.5,29713,32624,1870,189.0,70.0,2437.0
1784123629.6,29713,32624,1870,217.0,70.0,2390.0
1784123630.7,29713,32624,1870,204.0,69.0,2177.0
1784123631.8,29713,32624,1870,227.0,70.0,2386.0
1784123632.9,29713,32624,1870,216.0,70.0,2350.0
1784123633.9,29713,32624,1870,177.0,70.0,2350.0
1784123635.0,29713,32624,1870,192.0,70.0,2228.0
1784123636.1,29713,32624,1870,223.0,70.0,2324.0
1784123637.2,29713,32624,1870,217.0,69.0,2309.0
1784123638.3,29713,32624,1870,209.0,70.0,2282.0
1784123639.4,29713,32624,1870,177.0,70.0,2481.0
1784123640.5,29713,32624,1870,208.0,70.0,2350.0
1784123641.6,29713,32624,1870,225.0,70.0,2263.0
1784123642.7,29713,32624,1870,241.0,70.0,2408.0
1784123643.8,29713,32624,1870,218.0,70.0,2300.0
1784123644.9,29713,32624,1870,180.0,69.0,2497.0
1784123646.0,29713,32624,1870,212.0,70.0,2300.0
1784123647.1,29713,32624,1870,205.0,70.0,2226.0
1784123648.2,29713,32624,1870,216.0,69.0,2350.0
1784123649.2,29713,32624,1870,210.0,69.0,2277.0
1784123650.3,29713,32624,1870,188.0,70.0,2411.0
1784123651.4,29713,32624,1870,228.0,69.0,2401.0
1784123652.5,29713,32624,1870,210.0,69.0,2295.0
1784123653.6,29713,32624,1870,247.0,70.0,2489.0
1784123654.7,29713,32624,1870,193.0,70.0,2222.0
1784123655.8,29713,32624,1870,43.0,70.0,0.0
1784123656.9,29713,32624,1870,208.0,69.0,2316.0
1784123658.0,29713,32624,1870,232.0,69.0,2350.0
1784123659.1,29713,32624,1870,230.0,69.0,2290.0
1784123660.2,29713,32624,1870,208.0,69.0,2385.0
1784123661.3,29713,32624,1870,205.0,69.0,2321.0
1784123662.3,29713,32624,1870,224.0,69.0,2350.0
1784123663.4,29713,32624,1870,222.0,69.0,2350.0
1784123664.5,29713,32624,1870,249.0,69.0,2473.0
1784123665.6,29713,32624,1870,198.0,69.0,2272.0
1784123666.7,29713,32624,1870,219.0,69.0,2350.0
1784123667.8,29713,32624,1870,226.0,69.0,2350.0
1784123668.9,29713,32624,1870,236.0,69.0,2445.0
1784123670.0,29713,32624,1870,156.0,69.0,2249.0
1784123671.1,29713,32624,1870,211.0,69.0,2311.0
1784123672.2,29713,32624,1870,226.0,69.0,2321.0
1784123673.3,29713,32624,1870,176.0,69.0,2465.0
1784123674.4,29713,32624,1870,217.0,69.0,2315.0
1784123675.4,29713,32624,1870,205.0,69.0,2297.0
1784123676.5,29713,32624,1870,219.0,69.0,2291.0
1784123677.6,29713,32624,1870,180.0,69.0,2432.0
1784123678.7,29713,32624,1870,208.0,69.0,2255.0
1784123679.8,29713,32624,1870,205.0,69.0,2320.0
1784123680.9,29713,32624,1870,221.0,69.0,2350.0
1784123682.0,29713,32624,1870,183.0,69.0,2435.0
1784123683.1,29713,32624,1870,225.0,69.0,2264.0
1784123684.2,29713,32624,1870,214.0,69.0,2350.0
1784123685.3,29713,32624,1870,234.0,69.0,2440.0
1784123686.4,29713,32624,1870,137.0,69.0,2251.0
1784123687.5,29713,32624,1870,220.0,69.0,2255.0
1784123688.6,29713,32624,1870,197.0,69.0,2234.0
1784123689.7,29713,32624,1870,206.0,69.0,2518.0
1784123690.7,29713,32624,1870,226.0,69.0,2321.0
1784123691.8,29713,32624,1870,209.0,69.0,2321.0
1784123692.9,29713,32624,1870,211.0,69.0,2350.0
1784123694.0,29713,32624,1870,212.0,69.0,2526.0
1784123695.1,29713,32624,1870,209.0,69.0,2250.0
1784123696.2,29713,32624,1870,209.0,69.0,2350.0
1784123697.3,29713,32624,1870,219.0,69.0,2350.0
1784123698.4,29713,32624,1870,201.0,69.0,2418.0
1784123699.5,29713,32624,1870,213.0,69.0,2291.0
1784123700.6,29713,32624,1870,220.0,69.0,2350.0
1784123701.7,29713,32624,1870,211.0,69.0,2491.0
1784123702.8,29713,32624,1870,208.0,69.0,2243.0
1784123703.9,29713,32624,1870,201.0,69.0,2296.0
1784123704.9,29713,32624,1870,226.0,69.0,2484.0
1784123706.0,29713,32624,1870,221.0,69.0,2277.0
1784123707.1,29713,32624,1870,202.0,69.0,2208.0
1784123708.2,29713,32624,1870,235.0,69.0,2524.0
1784123709.3,29713,32624,1870,228.0,69.0,2291.0
1784123710.4,29713,32624,1870,200.0,69.0,2249.0
1784123711.5,29713,32624,1870,232.0,69.0,2463.0
1784123712.6,29713,32624,1870,178.0,69.0,2171.0
1784123713.7,29713,32624,1870,202.0,69.0,2282.0
1784123714.8,29713,32624,1870,217.0,69.0,2350.0
1784123715.9,29713,32624,1870,211.0,69.0,2186.0
1784123717.0,29713,32624,1870,205.0,69.0,2258.0
1784123718.1,29713,32624,1870,202.0,69.0,2289.0
1784123719.1,29713,32624,1870,190.0,69.0,2226.0
1784123720.2,29713,32624,1870,228.0,70.0,2350.0
1784123721.3,29713,32624,1870,250.0,69.0,2509.0
1784123722.4,29713,32624,1870,214.0,69.0,2299.0
1784123723.5,29713,32624,1870,195.0,69.0,2233.0
1784123724.6,29713,32624,1870,201.0,69.0,2549.0
1784123725.7,29713,32624,1870,203.0,69.0,2284.0
1784123726.8,29713,32624,1870,203.0,69.0,2350.0
1784123727.9,29713,32624,1870,180.0,69.0,2413.0
1784123729.0,29713,32624,1870,204.0,69.0,2229.0
1784123730.1,29713,32624,1870,223.0,70.0,2418.0
1784123731.2,29713,32624,1870,216.0,70.0,2288.0
1784123732.3,29713,32624,1870,210.0,70.0,2310.0
1784123733.3,29713,32624,1870,223.0,69.0,2450.0
1784123734.4,29713,32624,1870,221.0,70.0,2304.0
1784123735.5,29713,32624,1870,218.0,70.0,2300.0
1784123736.6,29713,32624,1870,108.0,70.0,2623.0
1784123737.7,29713,32624,1870,220.0,70.0,2307.0
1784123738.8,29713,32624,1870,212.0,70.0,2313.0
1784123739.9,29713,32624,1870,201.0,70.0,2438.0
1784123741.0,29713,32624,1870,204.0,70.0,2295.0
1784123742.1,29713,32624,1870,220.0,70.0,2312.0
1784123743.2,29713,32624,1870,183.0,70.0,2253.0
1784123744.3,29713,32624,1870,202.0,70.0,2220.0
1784123745.4,29713,32624,1870,255.0,70.0,2542.0
1784123746.5,29713,32624,1870,217.0,70.0,2315.0
1784123747.5,29713,32624,1870,219.0,70.0,2298.0
1784123748.6,29713,32624,1870,198.0,70.0,2456.0
1784123749.7,29713,32624,1870,209.0,70.0,2289.0
1784123750.8,29713,32624,1870,210.0,70.0,2319.0
1784123751.9,29713,32624,1870,177.0,70.0,2350.0
1784123753.0,29713,32624,1870,204.0,70.0,2315.0
1784123754.1,29713,32624,1870,249.0,70.0,2430.0
1784123755.2,29713,32624,1870,200.0,70.0,2248.0
1784123756.3,29713,32624,1870,221.0,70.0,2295.0
1784123757.4,29713,32624,1870,176.0,70.0,2249.0
1784123758.5,29713,32624,1870,192.0,70.0,2219.0
1784123759.6,29713,32624,1870,189.0,70.0,2462.0
1784123760.7,29713,32624,1870,221.0,70.0,2305.0
1784123761.8,29713,32624,1870,255.0,70.0,2428.0
1784123762.8,29713,32624,1870,212.0,70.0,2302.0
1784123763.9,29713,32624,1870,226.0,70.0,2310.0
1784123765.0,29713,32624,1870,186.0,70.0,2429.0
1784123766.1,29713,32624,1870,214.0,70.0,2293.0
1784123767.2,29713,32624,1870,218.0,70.0,2394.0
1784123768.3,29713,32624,1870,219.0,70.0,2302.0
1784123769.4,29713,32624,1870,202.0,70.0,2245.0
1784123770.5,29713,32624,1870,200.0,70.0,2417.0
1784123771.6,29713,32624,1870,205.0,70.0,2263.0
1784123772.7,29713,32624,1870,241.0,70.0,2521.0
1784123773.8,29713,32624,1870,217.0,70.0,2312.0
1784123774.9,29713,32624,1870,202.0,70.0,2350.0
1784123776.0,29713,32624,1870,165.0,70.0,2350.0
1784123777.1,29713,32624,1870,215.0,70.0,2271.0
1784123778.1,29713,32624,1870,234.0,70.0,2398.0
1784123779.2,29713,32624,1870,211.0,70.0,2237.0
1784123780.3,29713,32624,1870,224.0,70.0,2441.0
1784123781.4,29713,32624,1870,179.0,70.0,2171.0
1784123782.5,29713,32624,1870,214.0,70.0,2324.0
1784123783.6,29713,32624,1870,198.0,70.0,2449.0
1784123784.7,29713,32624,1870,221.0,70.0,2310.0
1784123785.8,29713,32624,1870,198.0,70.0,2420.0
1784123786.9,29713,32624,1870,222.0,70.0,2350.0
1784123788.0,29713,32624,1870,217.0,70.0,2388.0
1784123789.1,29713,32624,1870,217.0,70.0,2292.0
1784123790.2,29713,32624,1870,204.0,70.0,2350.0
1784123791.2,29713,32624,1870,151.0,70.0,2243.0
1784123792.3,29713,32624,1870,211.0,70.0,2294.0
1784123793.4,29713,32624,1870,186.0,70.0,2439.0
1784123794.5,29713,32624,1870,212.0,70.0,2263.0
1784123795.6,29713,32624,1870,196.0,70.0,2452.0
1784123796.7,29713,32624,1870,219.0,70.0,2350.0
1784123797.8,29713,32624,1870,237.0,70.0,2434.0
1784123798.9,29713,32624,1870,200.0,70.0,2227.0
1784123800.0,29713,32624,1870,219.0,70.0,2315.0
1784123801.1,29713,32624,1870,197.0,70.0,2179.0
1784123802.2,29713,32624,1870,225.0,70.0,2377.0
1784123803.3,29713,32624,1870,189.0,70.0,2274.0
1784123804.4,29713,32624,1870,224.0,70.0,2385.0
1784123805.5,29713,32624,1870,183.0,70.0,2237.0
1784123806.5,29713,32624,1870,208.0,70.0,2350.0
1784123807.6,29713,32624,1870,182.0,70.0,2251.0
1784123808.7,29713,32624,1870,204.0,70.0,2323.0
1784123809.8,29713,32624,1870,190.0,70.0,2239.0
1784123810.9,29713,32624,1870,202.0,70.0,2287.0
1784123812.0,29713,32624,1870,137.0,70.0,2264.0
1784123813.1,29713,32624,1870,230.0,70.0,2350.0
1784123814.2,29713,32624,1870,186.0,70.0,2350.0
1784123815.3,29713,32624,1870,214.0,70.0,2312.0
1784123816.4,29713,32624,1870,157.0,70.0,2256.0
1784123817.5,29713,32624,1870,208.0,70.0,2350.0
1784123818.6,29713,32624,1870,173.0,70.0,2226.0
1784123819.7,29713,32624,1870,210.0,70.0,2306.0
1784123820.7,29713,32624,1870,224.0,70.0,2236.0
1784123821.8,29713,32624,1870,228.0,70.0,2350.0
1784123822.9,29713,32624,1870,229.0,70.0,2247.0
1784123824.0,29713,32624,1870,222.0,70.0,2350.0
1784123825.1,29713,32624,1870,217.0,70.0,2313.0
1784123826.2,29713,32624,1870,220.0,70.0,2286.0
1784123827.3,29713,32624,1870,222.0,70.0,2317.0
1784123828.4,29713,32624,1870,227.0,70.0,2450.0
1784123829.5,29713,32624,1870,212.0,70.0,2322.0
1784123830.6,29713,32624,1870,216.0,70.0,2447.0
1784123831.7,29713,32624,1870,207.0,70.0,2276.0
1784123832.8,29713,32624,1870,229.0,70.0,2437.0
1784123833.8,29713,32624,1870,205.0,70.0,2315.0
1784123834.9,29713,32624,1870,187.0,70.0,2449.0
1784123836.0,29713,32624,1870,210.0,70.0,2350.0
1784123837.1,29713,32624,1870,179.0,70.0,2350.0
1784123838.2,29713,32624,1870,204.0,70.0,2320.0
1784123839.3,29713,32624,1870,147.0,70.0,2238.0
1784123840.4,29713,32624,1870,237.0,69.0,2236.0
1784123841.5,29713,32624,1870,226.0,70.0,2350.0
1784123842.6,29713,32624,1870,220.0,70.0,2384.0
1784123843.7,29713,32624,1870,210.0,70.0,2350.0
1784123844.8,29713,32624,1870,220.0,70.0,2241.0
1784123845.9,29713,32624,1870,205.0,70.0,2235.0
1784123846.9,29713,32624,1870,193.0,70.0,2421.0
1784123848.0,29713,32624,1870,229.0,69.0,2279.0
1784123849.1,29713,32624,1870,229.0,69.0,2350.0
1784123850.2,29713,32624,1870,225.0,69.0,2526.0
1784123851.3,29713,32624,1870,208.0,69.0,2253.0
1784123852.4,29713,32624,1870,205.0,69.0,2235.0
1784123853.5,29713,32624,1870,226.0,69.0,2350.0
1784123854.6,29713,32624,1870,193.0,69.0,2416.0
1784123855.7,29713,32624,1870,210.0,69.0,2288.0
1784123856.8,29713,32624,1870,212.0,69.0,2285.0
1784123857.9,29713,32624,1870,270.0,69.0,2482.0
1784123859.0,29713,32624,1870,165.0,69.0,2265.0
1784123860.0,29713,32624,1870,213.0,69.0,2211.0
1784123861.1,29713,32624,1870,230.0,68.0,2449.0
1784123862.2,29713,32624,1870,185.0,68.0,2420.0
1784123863.3,29713,32624,1870,209.0,68.0,2260.0
1784123864.4,29713,32624,1870,210.0,68.0,2273.0
1784123865.5,29713,32624,1870,220.0,68.0,2350.0
1784123866.6,29713,32624,1870,186.0,68.0,2381.0
1784123867.7,29713,32624,1870,218.0,69.0,2265.0
1784123868.8,29713,32624,1870,230.0,69.0,2350.0
1784123869.9,29713,32624,1870,229.0,69.0,2350.0
1784123871.0,29713,32624,1870,191.0,69.0,2385.0
1784123872.1,29713,32624,1870,212.0,69.0,2300.0
1784123873.2,29713,32624,1870,201.0,69.0,2258.0
1784123874.3,29713,32624,1870,173.0,69.0,2461.0
1784123875.3,29713,32624,1870,224.0,69.0,2314.0
1784123876.4,29713,32624,1870,206.0,69.0,2255.0
1784123877.5,29713,32624,1870,224.0,69.0,2391.0
1784123878.6,29713,32624,1870,158.0,69.0,2293.0
1784123879.7,29713,32624,1870,216.0,69.0,2350.0
1784123880.8,29713,32624,1870,210.0,69.0,2236.0
1784123881.9,29713,32624,1870,182.0,69.0,2455.0
1784123883.0,29713,32624,1870,215.0,69.0,2311.0
1784123884.1,29713,32624,1870,219.0,69.0,2350.0
1784123885.2,29713,32624,1870,205.0,69.0,2492.0
1784123886.3,29713,32624,1870,202.0,69.0,2199.0
1784123887.4,29713,32624,1870,211.0,69.0,2350.0
1784123888.5,29713,32624,1870,213.0,69.0,2383.0
1784123889.5,29713,32624,1870,161.0,69.0,2247.0
1784123890.6,29713,32624,1870,217.0,69.0,2315.0
1784123891.7,29713,32624,1870,221.0,69.0,2402.0
1784123892.8,29713,32624,1870,187.0,69.0,2415.0
1784123893.9,29713,32624,1870,224.0,69.0,2350.0
1784123895.0,29713,32624,1870,214.0,69.0,2350.0
1784123896.1,29713,32624,1870,171.0,69.0,2223.0
1784123897.2,29713,32624,1870,202.0,69.0,2253.0
1784123898.3,29713,32624,1870,227.0,69.0,2306.0
1784123899.4,29713,32624,1870,144.0,69.0,2273.0
1784123900.5,29713,32624,1870,206.0,69.0,2295.0
1784123901.6,29713,32624,1870,266.0,69.0,2481.0
1784123902.7,29713,32624,1870,211.0,69.0,2237.0
1784123903.7,29713,32624,1870,213.0,69.0,2350.0
1784123904.8,29713,32624,1870,241.0,69.0,2462.0
1784123905.9,29713,32624,1870,212.0,69.0,2261.0
1784123907.0,29713,32624,1870,212.0,69.0,2307.0
1784123908.1,29713,32624,1870,233.0,69.0,2472.0
1784123909.2,29713,32624,1870,200.0,69.0,2241.0
1784123910.3,29713,32624,1870,222.0,69.0,2309.0
1784123911.4,29713,32624,1870,256.0,69.0,2455.0
1784123912.5,29713,32624,1870,213.0,69.0,2301.0
1784123913.6,29713,32624,1870,213.0,69.0,2323.0
1784123914.7,29713,32624,1870,186.0,69.0,2439.0
1784123915.8,29713,32624,1870,218.0,69.0,2317.0
1784123916.9,29713,32624,1870,223.0,69.0,2350.0
1784123918.0,29713,32624,1870,201.0,69.0,2199.0
1784123919.0,29713,32624,1870,199.0,69.0,2245.0
1784123920.1,29713,32624,1870,242.0,70.0,2481.0
1784123921.2,29713,32624,1870,207.0,70.0,2258.0
1784123922.3,29713,32624,1870,215.0,70.0,2300.0
1784123923.4,29713,32624,1870,184.0,70.0,2350.0
1784123924.5,29713,32624,1870,227.0,70.0,2350.0
1784123925.6,29713,32624,1870,219.0,70.0,2396.0
1784123926.7,29713,32624,1870,241.0,70.0,2256.0
1784123927.8,29713,32624,1870,207.0,70.0,2314.0
1784123928.9,29713,32624,1870,233.0,70.0,2503.0
1784123930.0,29713,32624,1870,196.0,70.0,2189.0
1784123931.1,29713,32624,1870,217.0,70.0,2321.0
1784123932.2,29713,32624,1870,164.0,70.0,2323.0
1784123933.2,29713,32624,1870,210.0,70.0,2280.0
1784123934.3,29713,32624,1870,220.0,70.0,2350.0
1784123935.4,29713,32624,1870,220.0,70.0,2243.0
1784123936.5,29713,32624,1870,219.0,70.0,2350.0
1784123937.6,29713,32624,1870,188.0,70.0,2422.0
1784123938.7,29713,32624,1870,229.0,70.0,2308.0
1784123939.8,29713,32624,1870,215.0,70.0,2350.0
1784123940.9,29713,32624,1870,207.0,70.0,2233.0
1784123942.0,29713,32624,1870,204.0,70.0,2202.0
1784123943.1,29713,32624,1870,163.0,70.0,2478.0
1784123944.2,29713,32624,1870,222.0,70.0,2305.0
1784123945.3,29713,32624,1870,226.0,70.0,2447.0
1784123946.4,29713,32624,1870,210.0,70.0,2288.0
1784123947.4,29713,32624,1870,224.0,70.0,2350.0
1784123948.5,29713,32624,1870,174.0,70.0,2410.0
1784123949.6,29713,32624,1870,211.0,70.0,2350.0
1784123950.7,29713,32624,1870,230.0,70.0,2467.0
1784123951.8,29713,32624,1870,207.0,70.0,2272.0
1784123952.9,29713,32624,1870,206.0,70.0,2322.0
1784123954.0,29713,32624,1870,187.0,70.0,2124.0
1784123955.1,29713,32624,1870,207.0,70.0,2306.0
1784123956.2,29713,32624,1870,190.0,70.0,2448.0
1784123957.3,29713,32624,1870,215.0,70.0,2350.0
1784123958.4,29713,32624,1870,249.0,70.0,2428.0
1784123959.5,29713,32624,1870,214.0,70.0,2322.0
1784123960.6,29713,32624,1870,220.0,70.0,2316.0
1784123961.6,29713,32624,1870,222.0,70.0,2310.0
1784123962.7,29713,32624,1870,219.0,70.0,2300.0
1784123963.8,29713,32624,1870,176.0,70.0,2323.0
1784123964.9,29713,32624,1870,210.0,70.0,2233.0
1784123966.0,29713,32624,1870,246.0,70.0,2516.0
1784123967.1,29713,32624,1870,203.0,70.0,2254.0
1784123968.2,29713,32624,1870,217.0,70.0,2281.0
1784123969.3,29713,32624,1870,215.0,70.0,2284.0
1784123970.4,29713,32624,1870,234.0,70.0,2381.0
1784123971.5,29713,32624,1870,170.0,70.0,2350.0
1784123972.6,29713,32624,1870,212.0,70.0,2350.0
1784123973.7,29713,32624,1870,194.0,70.0,2479.0
1784123974.8,29713,32624,1870,210.0,70.0,2289.0
1784123975.8,29713,32624,1870,264.0,70.0,2499.0
1784123976.9,29713,32624,1870,208.0,70.0,2323.0
1784123978.0,29713,32624,1870,238.0,70.0,2410.0
1784123979.1,29713,32624,1870,224.0,70.0,2305.0
1784123980.2,29713,32624,1870,233.0,70.0,2350.0
1784123981.3,29713,32624,1870,180.0,70.0,2320.0
1784123982.4,29713,32624,1870,224.0,70.0,2350.0
1784123983.5,29713,32624,1870,195.0,70.0,2466.0
1784123984.6,29713,32624,1870,212.0,70.0,2263.0
1784123985.7,29713,32624,1870,221.0,70.0,2664.0
1784123986.8,29713,32624,1870,221.0,70.0,2321.0
1784123987.9,29713,32624,1870,258.0,70.0,2517.0
1784123988.9,29713,32624,1870,210.0,70.0,2314.0
1784123990.0,29713,32624,1870,230.0,70.0,2393.0
1784123991.1,29713,32624,1870,206.0,70.0,2285.0
1784123992.2,29713,32624,1870,208.0,70.0,2350.0
1784123993.3,29713,32624,1870,206.0,70.0,2236.0
1784123994.4,29713,32624,1870,210.0,70.0,2300.0
1784123995.5,29713,32624,1870,169.0,70.0,2201.0
1784123996.6,29713,32624,1870,215.0,70.0,2267.0
1784123997.7,29713,32624,1870,154.0,70.0,2242.0
1784123998.8,29713,32624,1870,204.0,70.0,2268.0
1784123999.9,29713,32624,1870,143.0,70.0,2265.0
1784124001.0,29713,32624,1870,222.0,70.0,2350.0
1784124002.1,29713,32624,1870,191.0,70.0,2350.0
1784124003.1,29713,32624,1870,222.0,70.0,2350.0
1784124004.2,29713,32624,1870,200.0,70.0,2220.0
1784124005.3,29713,32624,1870,199.0,70.0,2239.0
1784124006.4,29713,32624,1870,232.0,70.0,2291.0
1784124007.5,29713,32624,1870,223.0,70.0,2380.0
1784124008.6,29713,32624,1870,217.0,70.0,2281.0
1784124009.7,29713,32624,1870,229.0,70.0,2350.0
1784124010.8,29713,32624,1870,211.0,70.0,2269.0
1784124011.9,29713,32624,1870,239.0,70.0,2386.0
1784124013.0,29713,32624,1870,207.0,70.0,2315.0
1784124014.1,29713,32624,1870,227.0,70.0,2310.0
1784124015.2,29713,32624,1870,198.0,70.0,2220.0
1784124016.3,29713,32624,1870,248.0,70.0,2540.0
1784124017.3,29713,32624,1870,207.0,70.0,2350.0
1784124018.4,29713,32624,1870,264.0,70.0,2602.0
1784124019.5,29713,32624,1870,219.0,70.0,2350.0
1784124020.6,29713,32624,1870,203.0,70.0,2436.0
1784124021.7,29713,32624,1870,199.0,70.0,2267.0
1784124022.8,29713,32624,1870,191.0,70.0,2377.0
1784124023.9,29713,32624,1870,216.0,70.0,2310.0
1784124025.0,29713,32624,1870,214.0,70.0,2285.0
1784124026.1,29713,32624,1870,217.0,70.0,2350.0
1784124027.2,29713,32624,1870,208.0,70.0,2262.0
1784124028.3,29713,32624,1870,233.0,70.0,2483.0
1784124029.4,29713,32624,1870,215.0,70.0,2299.0
1784124030.5,29713,32624,1870,254.0,70.0,2452.0
1784124031.5,29713,32624,1870,236.0,68.0,2459.0
1784124032.6,29713,32624,1870,207.0,70.0,2315.0
1784124033.7,29713,32624,1870,211.0,70.0,2350.0
1784124034.8,29713,32624,1870,216.0,70.0,2391.0
1784124035.9,29713,32624,1870,214.0,70.0,2241.0
1784124037.0,29713,32624,1870,205.0,70.0,2279.0
1784124038.1,29713,32624,1870,221.0,70.0,2273.0
1784124039.2,29713,32624,1870,211.0,69.0,2282.0
1784124040.3,29713,32624,1870,221.0,69.0,2350.0
1784124041.4,29713,32624,1870,192.0,69.0,2452.0
1784124042.5,29713,32624,1870,195.0,69.0,2193.0
1784124043.6,29713,32624,1870,212.0,69.0,2322.0
1784124044.6,29713,32624,1870,240.0,69.0,2436.0
1784124045.7,29713,32624,1870,185.0,69.0,2434.0
1784124046.8,29713,32624,1870,202.0,69.0,2286.0
1784124047.9,29713,32624,1870,222.0,69.0,2381.0
1784124049.0,29713,32624,1870,243.0,69.0,2393.0
1784124050.1,29713,32624,1870,185.0,69.0,2267.0
1784124051.2,29713,32624,1870,216.0,69.0,2314.0
1784124052.3,29713,32624,1870,196.0,69.0,2301.0
1784124053.4,29713,32624,1870,220.0,69.0,2497.0
1784124054.5,29713,32624,1870,238.0,69.0,2275.0
1784124055.6,29713,32624,1870,216.0,69.0,2312.0
1784124056.7,29713,32624,1870,212.0,69.0,2382.0
1784124057.8,29713,32624,1870,169.0,69.0,2483.0
1784124058.8,29713,32624,1870,211.0,69.0,2262.0
1784124059.9,29713,32624,1870,213.0,69.0,2309.0
1784124061.0,29713,32624,1870,238.0,69.0,2490.0
1784124062.1,29713,32624,1870,194.0,69.0,2350.0
1784124063.2,29713,32624,1870,213.0,69.0,2320.0
1784124064.3,29713,32624,1870,228.0,69.0,2350.0
1784124065.4,29713,32624,1870,211.0,69.0,2529.0
1784124066.5,29713,32624,1870,238.0,69.0,2265.0
1784124067.6,29713,32624,1870,207.0,69.0,2260.0
1784124068.7,29713,32624,1870,202.0,69.0,2267.0
1784124069.8,29713,32624,1870,115.0,69.0,2577.0
1784124070.9,29713,32624,1870,205.0,69.0,2243.0
1784124072.0,29713,32624,1870,202.0,69.0,2229.0
1784124073.1,29713,32624,1870,214.0,69.0,2302.0
1784124074.2,29713,32624,1870,178.0,69.0,2407.0
1784124075.2,29713,32624,1870,205.0,69.0,2196.0
1784124076.3,29713,32624,1870,219.0,69.0,2272.0
1784124077.4,29713,32624,1870,190.0,69.0,2487.0
1784124078.5,29713,32624,1870,222.0,69.0,2350.0
1784124079.6,29713,32624,1870,211.0,69.0,2270.0
1784124080.7,29713,32624,1870,172.0,69.0,2412.0
1784124081.8,29713,32624,1870,194.0,69.0,2216.0
1784124082.9,29713,32624,1870,205.0,69.0,2284.0
1784124084.0,29713,32624,1870,196.0,69.0,2460.0
1784124085.1,29713,32624,1870,205.0,69.0,2250.0
1784124086.2,29713,32624,1870,219.0,69.0,2398.0
1784124087.3,29713,32624,1870,192.0,70.0,2395.0
1784124088.3,29713,32624,1870,210.0,69.0,2300.0
1784124089.4,29713,32624,1870,226.0,70.0,2403.0
1784124090.5,29713,32624,1870,182.0,70.0,2223.0
1784124091.6,29713,32624,1870,213.0,70.0,2309.0
1784124092.7,29713,32624,1870,245.0,70.0,2463.0
1784124093.8,29713,32624,1870,209.0,70.0,2264.0
1784124094.9,29713,32624,1870,224.0,70.0,2350.0
1784124096.0,29713,32624,1870,253.0,70.0,2431.0
1784124097.1,29713,32624,1870,209.0,70.0,2324.0
1784124098.2,29713,32624,1870,217.0,70.0,2301.0
1784124099.3,29713,32624,1870,204.0,70.0,2475.0
1784124100.4,29713,32624,1870,208.0,70.0,2288.0
1784124101.4,29713,32624,1870,211.0,70.0,2350.0
1784124102.5,29713,32624,1870,177.0,70.0,2395.0
1784124103.6,29713,32624,1870,189.0,70.0,2211.0
1784124104.7,29713,32624,1870,218.0,70.0,2350.0
1784124105.8,29713,32624,1870,223.0,70.0,2248.0
1784124106.9,29713,32624,1870,204.0,70.0,2274.0
1784124108.0,29713,32624,1870,216.0,70.0,2413.0
1784124109.1,29713,32624,1870,213.0,70.0,2269.0
1784124110.2,29713,32624,1870,210.0,70.0,2350.0
1784124111.3,29713,32624,1870,166.0,70.0,2469.0
1784124112.4,29713,32624,1870,212.0,70.0,2289.0
1784124113.5,29713,32624,1870,199.0,70.0,2248.0
1784124114.6,29713,32624,1870,180.0,70.0,2350.0
1784124115.6,29713,32624,1870,199.0,70.0,2217.0
1784124116.7,29713,32624,1870,219.0,70.0,2392.0
1784124117.8,29713,32624,1870,214.0,70.0,2272.0
1784124118.9,29713,32624,1870,206.0,70.0,2304.0
1784124120.0,29713,32624,1870,200.0,70.0,2472.0
1784124121.1,29713,32624,1870,209.0,70.0,2254.0
1784124122.2,29713,32624,1870,261.0,70.0,2486.0
1784124123.3,29713,32624,1870,203.0,70.0,2238.0
1784124124.4,29713,32624,1870,205.0,70.0,2311.0
1784124125.5,29713,32624,1870,187.0,70.0,2316.0
1784124126.6,29713,32624,1870,222.0,70.0,2323.0
1784124127.7,29713,32624,1870,252.0,70.0,2504.0
1784124128.8,29713,32624,1870,217.0,70.0,2244.0
1784124129.8,29713,32624,1870,229.0,70.0,2350.0
1784124130.9,29713,32624,1880,236.0,70.0,2314.0
1784124132.0,29713,32624,1880,211.0,70.0,2305.0
1784124133.1,29713,32624,1880,178.0,70.0,2428.0
1784124134.2,29713,32624,1880,202.0,70.0,2250.0
1784124135.3,29713,32624,1880,244.0,70.0,2381.0
1784124136.4,29713,32624,1880,221.0,70.0,2301.0
1784124137.5,29713,32624,1870,230.0,70.0,2350.0
1784124138.6,29713,32624,1870,190.0,70.0,2383.0
1784124139.7,29713,32624,1870,222.0,70.0,2350.0
1784124140.8,29713,32624,1870,198.0,70.0,2451.0
1784124141.9,29713,32624,1870,208.0,70.0,2225.0
1784124143.0,29713,32624,1870,244.0,70.0,2490.0
1784124144.0,29713,32624,1870,216.0,70.0,2290.0
1784124145.1,29713,32624,1870,244.0,70.0,2398.0
1784124146.2,29713,32624,1870,195.0,70.0,2265.0
1784124147.3,29713,32624,1870,213.0,70.0,2350.0
1784124148.4,29713,32624,1870,193.0,70.0,2450.0
1784124149.5,29713,32624,1870,202.0,70.0,2299.0
1784124150.6,29713,32624,1870,205.0,70.0,2311.0
1784124151.7,29713,32624,1870,211.0,70.0,2319.0
1784124152.8,29713,32624,1870,212.0,70.0,2350.0
1784124153.9,29713,32624,1870,181.0,70.0,2399.0
1784124155.0,29713,32624,1870,219.0,70.0,2300.0
1784124156.1,29713,32624,1870,239.0,70.0,2405.0
1784124157.2,29713,32624,1870,215.0,70.0,2271.0
1784124158.3,29713,32624,1870,221.0,70.0,2416.0
1784124159.3,29713,32624,1870,212.0,70.0,2269.0
1784124160.4,29713,32624,1870,209.0,70.0,2320.0
1784124161.5,29713,32624,1870,212.0,70.0,2288.0
1784124162.6,29713,32624,1870,205.0,70.0,2350.0
1784124163.7,29713,32624,1870,199.0,70.0,2254.0
1784124164.8,29713,32624,1870,229.0,70.0,2350.0
1784124165.9,29713,32624,1870,182.0,70.0,2423.0
1784124167.0,29713,32624,1870,219.0,70.0,2350.0
1784124168.1,29713,32624,1870,184.0,70.0,2350.0
1784124169.2,29713,32624,1870,213.0,70.0,2292.0
1784124170.3,29713,32624,1870,177.0,70.0,2434.0
1784124171.4,29713,32624,1870,204.0,70.0,2322.0
1784124172.5,29713,32624,1870,186.0,70.0,2386.0
1784124173.6,29713,32624,1870,212.0,70.0,2278.0
1784124174.7,29713,32624,1870,188.0,70.0,2446.0
1784124175.7,29713,32624,1870,224.0,70.0,2350.0
1784124176.8,29713,32624,1870,193.0,70.0,2456.0
1784124177.9,29713,32624,1870,44.0,70.0,0.0
1784124179.0,29713,32624,1870,217.0,70.0,2350.0
1784124180.1,29713,32624,1870,211.0,70.0,2350.0
1784124181.2,29713,32624,1870,210.0,70.0,2350.0
1784124182.3,29713,32624,1870,215.0,70.0,2350.0
1784124183.4,29713,32624,1870,213.0,70.0,2350.0
1784124184.5,29713,32624,1870,50.0,70.0,0.0
1784124185.6,29713,32624,1870,259.0,70.0,2502.0
1784124186.7,29713,32624,1870,207.0,70.0,2235.0
1784124187.8,29713,32624,1870,204.0,70.0,2305.0
1784124188.8,29713,32624,1870,235.0,69.0,2350.0
1784124189.9,29713,32624,1870,172.0,69.0,2440.0
1784124191.0,29713,32624,1870,224.0,69.0,2315.0
1784124192.1,29713,32624,1870,215.0,69.0,2350.0
1784124193.2,29713,32624,1870,236.0,69.0,2555.0
1784124194.3,29713,32624,1870,183.0,69.0,2350.0
1784124195.4,29713,32624,1870,215.0,69.0,2350.0
1784124196.5,29713,32624,1870,214.0,69.0,2272.0
1784124197.6,29713,32624,1870,248.0,69.0,2504.0
1784124198.7,29713,32624,1870,199.0,69.0,2263.0
1784124199.8,29713,32624,1870,209.0,69.0,2292.0
1784124200.9,29713,32624,1870,205.0,69.0,2350.0
1784124202.0,29713,32624,1870,211.0,69.0,2491.0
1784124203.0,29713,32624,1870,201.0,69.0,2248.0
1784124204.1,29713,32624,1870,210.0,69.0,2350.0
1784124205.2,29713,32624,1870,229.0,69.0,2350.0
1784124206.3,29713,32624,1870,201.0,69.0,2485.0
1784124207.4,29713,32624,1870,204.0,69.0,2261.0
1784124208.5,29713,32624,1870,213.0,69.0,2387.0
1784124209.6,29713,32624,1870,240.0,69.0,2453.0
1784124210.7,29713,32624,1870,183.0,69.0,2350.0
1784124211.8,29713,32624,1870,203.0,69.0,2260.0
1784124212.9,29713,32624,1870,194.0,69.0,2299.0
1784124214.0,29713,32624,1870,275.0,69.0,2564.0
1784124215.1,29713,32624,1870,220.0,69.0,2271.0
1784124216.1,29713,32624,1870,209.0,69.0,2290.0
1784124217.2,29713,32624,1870,223.0,69.0,2350.0
1784124218.3,29713,32624,1870,201.0,69.0,2475.0
1784124219.4,29713,32624,1870,196.0,69.0,2227.0
1784124220.5,29713,32624,1870,222.0,69.0,2350.0
1784124221.6,29713,32624,1870,238.0,69.0,2500.0
1784124222.7,29713,32624,1870,200.0,69.0,2256.0
1784124223.8,29713,32624,1870,222.0,69.0,2376.0
1784124224.9,29713,32624,1870,215.0,69.0,2413.0
1784124226.0,29713,32624,1870,192.0,69.0,2437.0
1784124227.1,29713,32624,1870,218.0,69.0,2324.0
1784124228.2,29713,32624,1870,210.0,69.0,2295.0
1784124229.3,29713,32624,1870,169.0,69.0,2432.0
1784124230.4,29713,32624,1870,217.0,69.0,2312.0
1784124231.4,29713,32624,1870,218.0,69.0,2284.0
1784124232.5,29713,32624,1870,189.0,69.0,2470.0
1784124233.6,29713,32624,1870,214.0,69.0,2350.0
1784124234.7,29713,32624,1870,210.0,70.0,2350.0
1784124235.8,29713,32624,1870,236.0,70.0,2452.0
1784124236.9,29713,32624,1870,208.0,70.0,2243.0
1784124238.0,29713,32624,1870,216.0,70.0,2423.0
1784124239.1,29713,32624,1870,202.0,70.0,2482.0
1784124240.2,29713,32624,1870,211.0,70.0,2285.0
1784124241.3,29713,32624,1870,221.0,69.0,2421.0
1784124242.4,29713,32624,1870,191.0,70.0,2469.0
1784124243.5,29713,32624,1870,218.0,70.0,2270.0
1784124244.6,29713,32624,1870,221.0,70.0,2317.0
1784124245.7,29713,32624,1870,212.0,70.0,2450.0
1784124246.7,29713,32624,1870,211.0,70.0,2261.0
1784124247.8,29713,32624,1870,235.0,70.0,2453.0
1784124248.9,29713,32624,1870,173.0,70.0,2390.0
1784124250.0,29713,32624,1870,209.0,70.0,2279.0
1784124251.1,29713,32624,1870,216.0,70.0,2272.0
1784124252.2,29713,32624,1870,246.0,70.0,2444.0
1784124253.3,29713,32624,1870,214.0,70.0,2239.0
1784124254.4,29713,32624,1870,211.0,70.0,2350.0
1784124255.5,29713,32624,1870,186.0,70.0,2402.0
1784124256.6,29713,32624,1870,212.0,70.0,2220.0
1784124257.7,29713,32624,1870,230.0,70.0,2319.0
1784124258.8,29713,32624,1870,187.0,70.0,2350.0
1784124259.9,29713,32624,1870,209.0,70.0,2247.0
1784124260.9,29713,32624,1870,260.0,70.0,2473.0
1784124262.0,29713,32624,1870,221.0,70.0,2290.0
1784124263.1,29713,32624,1870,228.0,70.0,2350.0
1784124264.2,29713,32624,1870,181.0,70.0,2350.0
1784124265.3,29713,32624,1870,223.0,70.0,2290.0
1784124266.4,29713,32624,1870,241.0,70.0,2483.0
1784124267.5,29713,32624,1870,217.0,70.0,2290.0
1784124268.6,29713,32624,1870,215.0,70.0,2301.0
1784124269.7,29713,32624,1870,206.0,70.0,2481.0
1784124270.8,29713,32624,1870,223.0,70.0,2350.0
1784124271.9,29713,32624,1870,224.0,70.0,2389.0
1784124273.0,29713,32624,1870,195.0,70.0,2152.0
1784124274.1,29713,32624,1870,209.0,70.0,2283.0
1784124275.1,29713,32624,1870,210.0,70.0,2453.0
1784124276.2,29713,32624,1870,215.0,70.0,2288.0
1784124277.3,29713,32624,1870,228.0,70.0,2490.0
1784124278.4,29713,32624,1870,206.0,70.0,2179.0
1784124279.5,29713,32624,1870,222.0,70.0,2350.0
1784124280.6,29713,32624,1870,181.0,70.0,2350.0
1784124281.7,29713,32624,1870,215.0,70.0,2350.0
1784124282.8,29713,32624,1870,190.0,70.0,2500.0
1784124283.9,29713,32624,1870,226.0,70.0,2276.0
1784124285.0,29713,32624,1870,208.0,70.0,2350.0
1784124286.1,29713,32624,1870,220.0,70.0,2263.0
1784124287.1,29713,32624,1870,217.0,70.0,2350.0
1784124288.2,29713,32624,1870,186.0,70.0,2402.0
1784124289.3,29713,32624,1870,203.0,70.0,2225.0
1784124290.4,29713,32624,1870,221.0,70.0,2350.0
1784124291.5,29713,32624,1870,184.0,70.0,2217.0
1784124292.6,29713,32624,1870,205.0,70.0,2272.0
1784124293.7,29713,32624,1870,267.0,70.0,2517.0
1784124294.8,29713,32624,1870,204.0,70.0,2312.0
1784124295.9,29713,32624,1870,229.0,70.0,2393.0
1784124297.0,29713,32624,1870,214.0,70.0,2320.0
1784124298.1,29713,32624,1870,215.0,70.0,2350.0
1784124299.2,29713,32624,1870,203.0,70.0,2190.0
1784124300.3,29713,32624,1870,212.0,70.0,2324.0
1784124301.4,29713,32624,1870,192.0,70.0,2253.0
1784124302.4,29713,32624,1870,216.0,70.0,2350.0
1784124303.5,29713,32624,1870,186.0,70.0,2350.0
1784124304.6,29713,32624,1870,230.0,70.0,2350.0
1784124305.7,29713,32624,1880,179.0,70.0,2462.0
1784124306.8,29713,32624,1880,210.0,70.0,2254.0
1784124307.9,29713,32624,1880,207.0,70.0,2449.0
1784124309.0,29713,32624,1880,193.0,70.0,2232.0
1784124310.1,29713,32624,1880,111.0,70.0,2506.0
1784124311.2,29713,32624,1880,206.0,70.0,2285.0
1784124312.3,29713,32624,1880,262.0,70.0,2474.0
1784124313.4,29713,32624,1870,208.0,70.0,2350.0
1784124314.5,29713,32624,1870,223.0,70.0,2435.0
1784124315.6,29713,32624,1870,198.0,70.0,2254.0
1784124316.6,29713,32624,1870,208.0,70.0,2289.0
1784124317.7,29713,32624,1870,196.0,70.0,2243.0
1784124318.8,29713,32624,1870,230.0,70.0,2350.0
1784124319.9,29713,32624,1870,214.0,70.0,2297.0
1784124321.0,29713,32624,1870,231.0,70.0,2460.0
1784124322.1,29713,32624,1870,217.0,70.0,2284.0
1784124323.2,29713,32624,1870,214.0,70.0,2350.0
1784124324.3,29713,32624,1870,209.0,70.0,2235.0
1784124325.4,29713,32624,1870,208.0,70.0,2350.0
1784124326.5,29713,32624,1870,214.0,70.0,2293.0
1784124327.6,29713,32624,1870,224.0,70.0,2391.0
1784124328.7,29713,32624,1870,208.0,70.0,2230.0
1784124329.7,29713,32624,1870,228.0,70.0,2410.0
1784124330.8,29713,32624,1870,237.0,69.0,2467.0
1784124331.9,29713,32624,1870,213.0,70.0,2350.0
1784124333.0,29713,32624,1870,211.0,70.0,2350.0
1784124334.1,29713,32624,1870,194.0,70.0,2350.0
1784124335.2,29713,32624,1880,228.0,70.0,2350.0
1784124336.3,29713,32624,1890,239.0,70.0,2203.0
1784124337.4,29713,32624,1872,199.0,70.0,2246.0
1784124338.5,29713,32624,1872,242.0,70.0,2403.0
1784124339.6,29713,32624,1882,221.0,70.0,2221.0
1784124340.7,29713,32624,1872,217.0,69.0,2350.0
1784124341.8,29713,32624,1872,221.0,69.0,2313.0
1784124342.8,29713,32624,1870,188.0,69.0,2511.0
1784124343.9,29713,32624,1870,230.0,69.0,2319.0
1784124345.0,29713,32624,1870,201.0,69.0,2259.0
1784124346.1,29713,32624,1880,218.0,69.0,2480.0
1784124347.2,29713,32624,1880,208.0,69.0,2445.0
1784124348.3,29713,32624,1884,200.0,69.0,2274.0
1784124349.4,29713,32624,1870,210.0,69.0,2289.0
1784124350.5,29713,32624,1870,250.0,69.0,2490.0
1784124351.6,29713,32624,1870,178.0,69.0,2315.0
1784124352.7,29713,32624,1870,217.0,69.0,2312.0
1784124353.8,29713,32624,1870,230.0,69.0,2302.0
1784124354.9,29713,32624,1870,188.0,69.0,2491.0
1784124356.0,29713,32624,1870,203.0,69.0,2212.0
1784124357.1,29713,32624,1880,204.0,69.0,2307.0
1784124358.2,29713,32624,1880,222.0,69.0,2456.0
1784124359.2,29713,32624,1880,200.0,69.0,2241.0
1784124360.3,29713,32624,1880,213.0,69.0,2350.0
1784124361.4,29713,32624,1880,214.0,69.0,2418.0
1784124362.5,29713,32624,1880,174.0,69.0,2434.0
1784124363.6,29713,32624,1880,206.0,69.0,2238.0
1784124364.7,29713,32624,1880,219.0,69.0,2402.0
1784124365.8,29713,32624,1880,186.0,69.0,2423.0
1784124366.9,29713,32624,1880,202.0,69.0,2251.0
1784124368.0,29713,32624,1880,206.0,69.0,2222.0
1784124369.1,29713,32624,1880,182.0,69.0,2385.0
1784124370.2,29713,32624,1880,220.0,69.0,2350.0
1784124371.3,29713,32624,1880,244.0,69.0,2378.0
1784124372.4,29713,32624,1880,190.0,69.0,2350.0
1784124373.5,29713,32624,1880,217.0,69.0,2293.0
1784124374.5,29713,32624,1880,208.0,69.0,2308.0
1784124375.6,29713,32624,1880,220.0,69.0,2520.0
1784124376.7,29713,32624,1880,216.0,69.0,2262.0
1784124377.8,29713,32624,1880,224.0,69.0,2290.0
1784124378.9,29713,32624,1880,185.0,69.0,2475.0
1784124380.0,29713,32624,1880,222.0,69.0,2286.0
1784124381.1,29713,32624,1880,211.0,70.0,2280.0
1784124382.2,29713,32624,1880,180.0,70.0,2350.0
1784124383.3,29713,32624,1880,204.0,70.0,2291.0
1784124384.4,29713,32624,1880,205.0,70.0,2350.0
1784124385.5,29713,32624,1880,177.0,70.0,2350.0
1784124386.6,29713,32624,1880,211.0,70.0,2306.0
1784124387.7,29713,32624,1880,228.0,70.0,2406.0
1784124388.8,29713,32624,1880,210.0,70.0,2277.0
1784124389.9,29713,32624,1880,244.0,70.0,2471.0
1784124391.0,29713,32624,1880,183.0,70.0,2252.0
1784124392.1,29713,32624,1880,223.0,70.0,2350.0
1784124393.1,29713,32624,1880,218.0,70.0,2495.0
1784124394.2,29713,32624,1880,193.0,70.0,2264.0
1784124395.3,29713,32624,1880,214.0,70.0,2396.0
1784124396.4,29713,32624,1880,218.0,70.0,2312.0
1784124397.5,29713,32624,1880,225.0,70.0,2456.0
1784124398.6,29713,32624,1880,213.0,70.0,2317.0
1784124399.7,29713,32624,1880,251.0,70.0,2449.0
1784124400.8,29713,32624,1880,214.0,70.0,2258.0
1784124401.9,29713,32624,1880,235.0,70.0,2350.0
1784124403.0,29713,32624,1880,185.0,70.0,2254.0
1784124404.1,29713,32624,1880,216.0,70.0,2350.0
1784124405.2,29713,32624,1880,188.0,70.0,2456.0
1784124406.3,29713,32624,1880,212.0,70.0,2350.0
1784124407.4,29713,32624,1880,252.0,70.0,2420.0
1784124408.4,29713,32624,1880,200.0,70.0,2278.0
1784124409.5,29713,32624,1880,217.0,70.0,2350.0
1784124410.6,29713,32624,1880,229.0,70.0,2350.0
1784124411.7,29713,32624,1878,231.0,70.0,2399.0
1784124412.8,29713,32624,1878,223.0,70.0,2322.0
1784124413.9,29713,32624,1878,234.0,70.0,2350.0
1784124415.0,29713,32624,1878,195.0,70.0,2314.0
1784124416.1,29713,32624,1878,203.0,70.0,2271.0
1784124417.2,29713,32624,1878,186.0,70.0,2260.0
1784124418.3,29713,32624,1878,224.0,70.0,2427.0
1784124419.4,29713,32624,1878,177.0,70.0,2350.0
1784124420.5,29713,32624,1878,207.0,70.0,2382.0
1784124421.6,29713,32624,1878,192.0,70.0,2433.0
1784124422.7,29713,32624,1878,216.0,70.0,2297.0
1784124423.8,29713,32624,1878,185.0,70.0,2398.0
1784124424.8,29713,32624,1878,206.0,70.0,2289.0
1784124425.9,29713,32624,1878,196.0,70.0,2307.0
1784124427.0,29713,32624,1878,202.0,70.0,2304.0
1784124428.1,29713,32624,1878,156.0,70.0,2292.0
1784124429.2,29713,32624,1878,238.0,70.0,2392.0
1784124430.3,29713,32624,1878,172.0,70.0,2254.0
1784124431.4,29713,32624,1878,203.0,70.0,2350.0
1784124432.5,29713,32624,1878,157.0,70.0,2261.0
1784124433.6,29713,32624,1878,214.0,70.0,2350.0
1784124434.7,29713,32624,1878,184.0,70.0,2196.0
1784124435.8,29713,32624,1878,216.0,70.0,2350.0
1784124436.9,29713,32624,1878,211.0,70.0,2281.0
1784124438.0,29713,32624,1878,227.0,70.0,2393.0
1784124439.1,29713,32624,1878,210.0,70.0,2280.0
1784124440.2,29713,32624,1878,231.0,70.0,2350.0
1784124441.3,29713,32624,1878,211.0,70.0,2265.0
1784124442.3,29713,32624,1878,220.0,70.0,2350.0
1784124443.4,29713,32624,1878,200.0,70.0,2405.0
1784124444.5,29713,32624,1878,207.0,70.0,2350.0
1784124445.6,29713,32624,1878,216.0,70.0,2350.0
1784124446.7,29713,32624,1878,208.0,70.0,2243.0
1784124447.8,29713,32624,1878,216.0,70.0,2396.0
1784124448.9,29713,32624,1878,190.0,70.0,2296.0
1784124450.0,29713,32624,1878,208.0,70.0,2307.0
1784124451.1,29713,32624,1878,173.0,70.0,2444.0
1784124452.2,29713,32624,1878,200.0,70.0,2260.0
1784124453.3,29713,32624,1878,240.0,70.0,2392.0
1784124454.4,29713,32624,1878,201.0,70.0,2269.0
1784124455.5,29713,32624,1878,212.0,70.0,2350.0
1784124456.5,29713,32624,1878,218.0,70.0,2265.0
1784124457.6,29713,32624,1878,215.0,70.0,2278.0
1784124458.7,29713,32624,1878,170.0,70.0,2350.0
1784124459.8,29713,32624,1878,227.0,70.0,2312.0
1784124460.9,29713,32624,1878,222.0,70.0,2421.0
1784124462.0,29713,32624,1878,215.0,70.0,2290.0
1784124463.1,29713,32624,1878,242.0,70.0,2485.0
1784124464.2,29713,32624,1878,210.0,70.0,2247.0
1784124465.3,29713,32624,1878,243.0,70.0,2468.0
1784124466.4,29713,32624,1878,199.0,70.0,2288.0
1784124467.5,29713,32624,1878,203.0,70.0,2350.0
1784124468.6,29713,32624,1878,214.0,70.0,2297.0
1784124469.7,29713,32624,1878,210.0,70.0,2350.0
1784124470.7,29713,32624,1878,212.0,70.0,2257.0
1784124471.8,29713,32624,1878,214.0,70.0,2261.0
1784124472.9,29713,32624,1878,190.0,70.0,2214.0
1784124474.0,29713,32624,1878,210.0,70.0,2257.0
1784124475.1,29713,32624,1878,148.0,70.0,2323.0
1784124476.2,29713,32624,1878,210.0,70.0,2228.0
1784124477.3,29713,32624,1878,184.0,70.0,2411.0
1784124478.4,29713,32624,1878,219.0,70.0,2350.0
1784124479.5,29713,32624,1878,186.0,70.0,2385.0
1784124480.6,29713,32624,1878,214.0,70.0,2257.0
1784124481.7,29713,32624,1878,183.0,70.0,2441.0
1784124482.8,29713,32624,1878,200.0,70.0,2222.0
1784124483.9,29713,32624,1878,42.0,70.0,0.0
1784124484.9,29713,32624,1878,219.0,70.0,2379.0
1784124486.0,29713,32624,1878,210.0,70.0,2312.0
1784124487.1,29713,32624,1878,206.0,70.0,2350.0
1784124488.2,29713,32624,1878,211.0,70.0,2350.0
1784124489.3,29713,32624,1878,213.0,70.0,2350.0
1784124490.4,29713,32624,1878,224.0,70.0,2423.0
1784124491.5,29713,32624,1878,230.0,70.0,2277.0
1784124492.6,29713,32624,1870,201.0,70.0,2288.0
1784124493.7,29713,32624,1880,213.0,70.0,2350.0
1784124494.8,29713,32624,1880,176.0,70.0,2350.0
1784124495.9,29713,32624,1880,209.0,69.0,2237.0
1784124497.0,29713,32624,1880,211.0,69.0,2275.0
1784124498.0,29713,32624,1880,204.0,69.0,2505.0
1784124499.1,29713,32624,1880,207.0,69.0,2209.0
1784124500.2,29713,32624,1880,217.0,69.0,2350.0
1784124501.3,29713,32624,1880,218.0,69.0,2411.0
1784124502.4,29713,32624,1880,200.0,69.0,2463.0
1784124503.5,29713,32624,1880,207.0,69.0,2350.0
1784124504.6,29713,32624,1880,226.0,69.0,2350.0
1784124505.7,29713,32624,1880,227.0,69.0,2452.0
1784124506.8,29713,32624,1880,147.0,69.0,2277.0
1784124507.9,29713,32624,1880,225.0,69.0,2350.0
1784124509.0,29713,32624,1885,211.0,69.0,2350.0
1784124510.1,29713,32624,1880,199.0,69.0,2435.0
1784124511.2,29713,32624,1890,214.0,69.0,2322.0
1784124512.3,29713,32624,1880,231.0,69.0,2350.0
1784124513.3,29713,32624,1892,256.0,69.0,2480.0
1784124514.4,29713,32624,1882,210.0,69.0,2269.0
1784124515.5,29713,32624,1882,220.0,69.0,2350.0
1784124516.6,29713,32624,1882,248.0,69.0,2484.0
1784124517.7,29713,32624,1882,163.0,69.0,2350.0
1784124518.8,29713,32624,1880,209.0,69.0,2245.0
1784124519.9,29713,32624,1880,216.0,69.0,2350.0
1784124521.0,29713,32624,1880,189.0,69.0,2391.0
1784124522.1,29713,32624,1890,202.0,69.0,2263.0
1784124523.2,29713,32624,1880,210.0,69.0,2313.0
1784124524.3,29713,32624,1870,198.0,69.0,2426.0
1784124525.4,29713,32624,1870,209.0,69.0,2263.0
1784124526.5,29713,32624,1880,227.0,69.0,2318.0
1784124527.5,29713,32624,1890,165.0,69.0,2437.0
1784124528.6,29713,32624,1880,190.0,69.0,2265.0
1784124529.7,29713,32624,1880,218.0,70.0,2350.0
1784124530.8,29713,32624,1880,201.0,70.0,2484.0
1784124531.9,29713,32624,1880,199.0,70.0,2254.0
1784124533.0,29713,32624,1880,244.0,70.0,2439.0
1784124534.1,29713,32624,1880,194.0,70.0,2429.0
1784124535.2,29713,32624,1880,225.0,70.0,2301.0
1784124536.3,29713,32624,1880,232.0,70.0,2350.0
1784124537.4,29713,32624,1870,197.0,70.0,2398.0
1784124538.5,29713,32624,1880,221.0,70.0,2350.0
1784124539.6,29713,32624,1890,211.0,70.0,2350.0
1784124540.7,29713,32624,1880,162.0,70.0,2283.0
1784124541.8,29713,32624,1880,207.0,70.0,2284.0
1784124542.9,29713,32624,1880,205.0,70.0,2257.0
1784124544.0,29713,32624,1880,215.0,70.0,2306.0
1784124545.1,29713,32624,1880,223.0,70.0,2416.0
1784124546.1,29713,32624,1880,206.0,70.0,2269.0
1784124547.2,29713,32624,1870,224.0,70.0,2350.0
1784124548.3,29713,32624,1870,185.0,70.0,2487.0
1784124549.4,29713,32624,1880,223.0,70.0,2267.0
1784124550.5,29713,32624,1880,224.0,70.0,2350.0
1784124551.6,29713,32624,1880,187.0,70.0,2350.0
1784124552.7,29713,32624,1880,219.0,70.0,2350.0
1784124553.8,29713,32624,1899,212.0,70.0,2400.0
1784124554.9,29713,32624,1880,214.0,70.0,2320.0
1784124556.0,29713,32624,1880,217.0,70.0,2283.0
1784124557.1,29713,32624,1870,264.0,70.0,2436.0
1784124558.2,29713,32624,1890,222.0,70.0,2281.0
1784124559.3,29713,32624,1890,222.0,70.0,2350.0
1784124560.4,29713,32624,1880,194.0,70.0,2451.0
1784124561.5,29713,32624,1880,215.0,70.0,2350.0
1784124562.5,29713,32624,1890,223.0,70.0,2395.0
1784124563.6,29713,32624,1890,222.0,70.0,2285.0
1784124564.7,29713,32624,1880,215.0,70.0,2250.0
1784124565.8,29713,32624,1880,206.0,70.0,2432.0
1784124566.9,29713,32624,1880,211.0,70.0,2293.0
1784124568.0,29713,32624,1880,225.0,70.0,2350.0
1784124569.1,29713,32624,1880,194.0,70.0,2281.0
1784124570.2,29713,32624,1880,207.0,70.0,2377.0
1784124571.3,29713,32624,1880,191.0,70.0,2423.0
1784124572.4,29713,32624,1880,212.0,70.0,2324.0
1784124573.5,29713,32624,1880,234.0,70.0,2484.0
1784124574.6,29713,32624,1880,192.0,70.0,2271.0
1784124575.7,29713,32624,1880,229.0,70.0,2350.0
1784124576.8,29713,32624,1880,207.0,70.0,2241.0
1784124577.9,29713,32624,1880,233.0,70.0,2379.0
1784124578.9,29713,32624,1880,179.0,70.0,2350.0
1784124580.1,29713,32624,1880,213.0,70.0,2350.0
1784124581.1,29713,32624,1880,252.0,70.0,2416.0
1784124582.2,29713,32624,1880,202.0,70.0,2350.0
1784124583.3,29713,32624,1880,220.0,70.0,2350.0
1784124584.4,29713,32624,1870,205.0,70.0,2245.0
1784124585.5,29713,32624,1870,219.0,70.0,2350.0
1784124586.6,29713,32624,1870,183.0,70.0,2491.0
1784124587.7,29713,32624,1870,224.0,70.0,2350.0
1784124588.8,29713,32624,1870,229.0,70.0,2459.0
1784124589.9,29713,32624,1870,220.0,70.0,2282.0
1784124591.0,29713,32624,1880,227.0,70.0,2277.0
1784124592.1,29713,32624,1880,181.0,70.0,2350.0
1784124593.2,29713,32624,1880,199.0,70.0,2247.0
1784124594.3,29713,32624,1880,195.0,70.0,2482.0
1784124595.4,29713,32624,1880,207.0,70.0,2247.0
1784124596.5,29713,32624,1870,237.0,70.0,2350.0
1784124597.6,29713,32624,1870,214.0,70.0,2238.0
1784124598.6,29713,32624,1870,199.0,70.0,2208.0
1784124599.7,29713,32624,1870,203.0,70.0,2422.0
1784124600.8,29713,32624,1870,209.0,70.0,2243.0
1784124601.9,29713,32624,1870,222.0,70.0,2452.0
1784124603.0,29713,32624,1870,209.0,70.0,2302.0
1784124604.1,29713,32624,1870,213.0,70.0,2350.0
1784124605.2,29713,32624,1870,149.0,70.0,2254.0
1784124606.3,29713,32624,1870,210.0,70.0,2300.0
1784124607.4,29713,32624,1870,200.0,70.0,2462.0
1784124608.5,29713,32624,1870,210.0,70.0,2270.0
1784124609.6,29713,32624,1870,216.0,70.0,2477.0
1784124610.7,29713,32624,1870,214.0,70.0,2350.0
1784124611.7,29713,32624,1870,253.0,70.0,2503.0
1784124612.8,29713,32624,1870,213.0,70.0,2237.0
1784124613.9,29713,32624,1870,207.0,69.0,2350.0
1784124615.0,29713,32624,1870,212.0,70.0,2415.0
1784124616.1,29713,32624,1870,234.0,70.0,2399.0
1784124617.2,29713,32624,1870,225.0,70.0,2350.0
1784124618.3,29713,32624,1870,218.0,70.0,2291.0
1784124619.4,29713,32624,1870,240.0,70.0,2421.0
1784124620.5,29713,32624,1870,211.0,70.0,2290.0
1784124621.6,29713,32624,1870,239.0,70.0,2498.0
1784124622.7,29713,32624,1870,178.0,70.0,2313.0
1784124623.8,29713,32624,1870,204.0,69.0,2245.0
1784124624.9,29713,32624,1870,220.0,69.0,2350.0
1784124625.9,29713,32624,1870,250.0,69.0,2462.0
1784124627.0,29713,32624,1870,190.0,69.0,2252.0
1784124628.1,29713,32624,1870,217.0,69.0,2307.0
1784124629.2,29713,32624,1870,225.0,69.0,2350.0
1784124630.3,29713,32624,1870,242.0,69.0,2443.0
1784124631.4,29713,32624,1870,188.0,69.0,2350.0
1784124632.5,29713,32624,1870,206.0,69.0,2350.0
1784124633.6,29713,32624,1870,213.0,69.0,2296.0
1784124634.7,29713,32624,1870,244.0,69.0,2483.0
1784124635.8,29713,32624,1870,184.0,69.0,2284.0
1784124636.9,29713,32624,1870,183.0,69.0,2207.0
1784124638.0,29713,32624,1870,211.0,69.0,2323.0
1784124639.1,29713,32624,1870,224.0,69.0,2401.0
1784124640.2,29713,32624,1870,202.0,69.0,2350.0
1784124641.2,29713,32624,1870,214.0,69.0,2350.0
1784124642.3,29713,32624,1870,233.0,69.0,2350.0
1784124643.4,29713,32624,1870,264.0,69.0,2483.0
1784124644.5,29713,32624,1870,221.0,69.0,2244.0
1784124645.6,29713,32624,1870,210.0,69.0,2303.0
1784124646.7,29713,32624,1870,218.0,69.0,2293.0
1784124647.8,29713,32624,1870,206.0,69.0,2456.0
1784124648.9,29713,32624,1870,206.0,69.0,2258.0
1784124650.0,29713,32624,1870,223.0,69.0,2350.0
1784124651.1,29713,32624,1870,216.0,69.0,2292.0
1784124652.2,29713,32624,1870,185.0,69.0,2533.0
1784124653.3,29713,32624,1870,214.0,69.0,2272.0
1784124654.3,29713,32624,1870,203.0,69.0,2303.0
1784124655.4,29713,32624,1870,194.0,69.0,2471.0
1784124656.5,29713,32624,1870,204.0,69.0,2222.0
1784124657.6,29713,32624,1870,216.0,69.0,2280.0
1784124658.7,29713,32624,1870,252.0,69.0,2460.0
1784124659.8,29713,32624,1870,208.0,69.0,2248.0
1784124660.9,29713,32624,1870,195.0,69.0,2248.0
1784124662.0,29713,32624,1870,224.0,69.0,2384.0
1784124663.1,29713,32624,1870,150.0,69.0,2350.0
1784124664.2,29713,32624,1870,205.0,70.0,2247.0
1784124665.3,29713,32624,1870,223.0,70.0,2350.0
1784124666.4,29713,32624,1870,186.0,70.0,2350.0
1784124667.5,29713,32624,1870,221.0,70.0,2291.0
1784124668.6,29713,32624,1870,216.0,70.0,2350.0
1784124669.6,29713,32624,1870,235.0,70.0,2493.0
1784124670.7,29713,32624,1870,220.0,70.0,2231.0
1784124671.8,29713,32624,1870,209.0,70.0,2251.0
1784124672.9,29713,32624,1870,226.0,70.0,2398.0
1784124674.0,29713,32624,1870,206.0,70.0,2258.0
1784124675.1,29713,32624,1870,216.0,70.0,2381.0
1784124676.2,29713,32624,1870,246.0,70.0,2452.0
1784124677.3,29713,32624,1870,220.0,70.0,2295.0
1784124678.4,29713,32624,1870,220.0,70.0,2321.0
1784124679.5,29713,32624,1870,175.0,70.0,2428.0
1784124680.6,29713,32624,1870,213.0,70.0,2275.0
1784124681.7,29713,32624,1870,220.0,70.0,2350.0
1784124682.8,29713,32624,1870,200.0,70.0,2231.0
1784124683.8,29713,32624,1870,211.0,70.0,2308.0
1784124684.9,29713,32624,1870,239.0,70.0,2432.0
1784124686.0,29713,32624,1870,210.0,70.0,2201.0
1784124687.1,29713,32624,1870,213.0,70.0,2288.0
1784124688.2,29713,32624,1870,274.0,70.0,2541.0
1784124689.3,29713,32624,1870,221.0,70.0,2264.0
1784124690.4,29713,32624,1870,207.0,70.0,2269.0
1784124691.5,29713,32624,1870,248.0,70.0,2422.0
1784124692.6,29713,32624,1870,224.0,70.0,2286.0
1784124693.7,29713,32624,1870,209.0,70.0,2297.0
1784124694.8,29713,32624,1870,218.0,70.0,2350.0
1784124695.9,29713,32624,1870,196.0,70.0,2205.0
1784124697.0,29713,32624,1870,210.0,70.0,2263.0
1784124698.1,29713,32624,1870,204.0,70.0,2516.0
1784124699.2,29713,32624,1870,223.0,70.0,2322.0
1784124700.2,29713,32624,1870,233.0,70.0,2410.0
1784124701.3,29713,32624,1870,228.0,70.0,2271.0
1784124702.4,29713,32624,1870,207.0,70.0,2309.0
1784124703.5,29713,32624,1870,190.0,70.0,2482.0
1784124704.6,29713,32624,1870,210.0,70.0,2350.0
1784124705.7,29713,32624,1870,221.0,70.0,2436.0
1784124706.8,29713,32624,1870,212.0,70.0,2283.0
1784124707.9,29713,32624,1870,223.0,70.0,2350.0
1784124709.0,29713,32624,1870,170.0,70.0,2480.0
1784124710.1,29713,32624,1870,199.0,70.0,2298.0
1784124711.2,29713,32624,1870,209.0,70.0,2350.0
1784124712.3,29713,32624,1870,188.0,70.0,2267.0
1784124713.4,29713,32624,1870,225.0,70.0,2350.0
1784124714.4,29713,32624,1870,221.0,70.0,2501.0
1784124715.5,29713,32624,1870,203.0,70.0,2238.0
1784124716.6,29713,32624,1870,216.0,70.0,2394.0
1784124717.7,29713,32624,1870,170.0,70.0,2350.0
1784124718.8,29713,32624,1870,221.0,70.0,2256.0
1784124719.9,29713,32624,1870,209.0,70.0,2455.0
1784124721.0,29713,32624,1870,196.0,70.0,2251.0
1784124722.1,29713,32624,1870,210.0,70.0,2269.0
1784124723.2,29713,32624,1870,203.0,70.0,2249.0
1784124724.3,29713,32624,1870,216.0,70.0,2282.0
1784124725.4,29713,32624,1870,191.0,70.0,2433.0
1784124726.5,29713,32624,1870,221.0,70.0,2303.0
1784124727.6,29713,32624,1870,258.0,70.0,2497.0
1784124728.7,29713,32624,1870,208.0,70.0,2318.0
1784124729.7,29713,32624,1870,232.0,70.0,2484.0
1784124730.8,29713,32624,1870,224.0,70.0,2294.0
1784124731.9,29713,32624,1870,222.0,70.0,2350.0
1784124733.0,29713,32624,1870,203.0,70.0,2469.0
1784124734.1,29713,32624,1870,213.0,70.0,2350.0
1784124735.2,29713,32624,1870,268.0,70.0,2530.0
1784124736.3,29713,32624,1870,204.0,70.0,2256.0
1784124737.4,29713,32624,1870,210.0,70.0,2409.0
1784124738.5,29713,32624,1870,217.0,70.0,2278.0
1784124739.6,29713,32624,1880,32.0,69.0,0.0
1784124740.7,29713,32624,1880,211.0,70.0,2350.0
1784124741.8,29713,32624,1880,213.0,70.0,2350.0
1784124742.9,29713,32624,1880,211.0,70.0,2350.0
1784124744.0,29713,32624,1880,191.0,70.0,2212.0
1784124745.0,29713,32624,1882,205.0,70.0,2241.0
1784124746.1,29713,32624,1891,233.0,69.0,2380.0
1784124747.2,29713,32624,1882,207.0,70.0,2270.0
1784124748.3,29713,32624,1882,185.0,70.0,2554.0
1784124749.4,29713,32624,1882,204.0,69.0,2289.0
1784124750.5,29713,32624,1882,215.0,69.0,2350.0
1784124751.6,29713,32624,1872,253.0,69.0,2467.0
1784124752.7,29713,32624,1872,235.0,69.0,2230.0
1784124753.8,29713,32624,1872,202.0,69.0,2193.0
1784124754.9,29713,32624,1870,202.0,69.0,2304.0
1784124756.0,29713,32624,1870,246.0,69.0,2430.0
1784124757.1,29713,32624,1870,226.0,69.0,2199.0
1784124758.2,29713,32624,1870,210.0,69.0,2320.0
1784124759.3,29713,32624,1870,222.0,69.0,2317.0
1784124760.3,29713,32624,1870,184.0,69.0,2433.0
1784124761.4,29713,32624,1870,227.0,69.0,2307.0
1784124762.5,29713,32624,1870,212.0,69.0,2282.0
1784124763.6,29713,32624,1870,227.0,69.0,2383.0
1784124764.7,29713,32624,1870,200.0,69.0,2441.0
1784124765.8,29713,32624,1870,204.0,69.0,2260.0
1784124766.9,29713,32624,1870,214.0,69.0,2317.0
1784124768.0,29713,32624,1870,249.0,69.0,2398.0
1784124769.1,29713,32624,1870,161.0,69.0,2281.0
1784124770.2,29713,32624,1870,217.0,69.0,2311.0
1784124771.3,29713,32624,1870,235.0,69.0,2387.0
1784124772.4,29713,32624,1870,228.0,69.0,2498.0
1784124773.4,29713,32624,1870,216.0,69.0,2189.0
1784124774.5,29713,32624,1870,198.0,69.0,2291.0
1784124775.6,29713,32624,1870,218.0,69.0,2315.0
1784124776.7,29713,32624,1870,201.0,69.0,2460.0
1784124777.8,29713,32624,1870,205.0,69.0,2248.0
1784124778.9,29713,32624,1870,219.0,69.0,2350.0
1784124780.0,29713,32624,1870,250.0,69.0,2471.0
1784124781.1,29713,32624,1870,226.0,69.0,2294.0
1784124782.2,29713,32624,1870,201.0,69.0,2253.0
1784124783.3,29713,32624,1870,245.0,69.0,2524.0
1784124784.4,29713,32624,1870,147.0,69.0,2239.0
1784124785.5,29713,32624,1870,206.0,69.0,2284.0
1784124786.6,29713,32624,1890,226.0,69.0,2350.0
1784124787.7,29713,32624,1880,196.0,69.0,2436.0
1784124788.8,29713,32624,1880,193.0,69.0,2208.0
1784124789.8,29713,32624,1880,210.0,69.0,2310.0
1784124790.9,29713,32624,1880,191.0,69.0,2449.0
1784124792.0,29713,32624,1880,219.0,69.0,2281.0
1784124793.1,29713,32624,1880,211.0,69.0,2246.0
1784124794.2,29713,32624,1880,191.0,70.0,2592.0
1784124795.3,29713,32624,1880,200.0,70.0,2299.0
1784124796.4,29713,32624,1882,223.0,70.0,2350.0
1784124797.5,29713,32624,1882,181.0,70.0,2478.0
1784124798.6,29713,32624,1882,224.0,70.0,2297.0
1784124799.7,29713,32624,1882,202.0,70.0,2286.0
1784124800.8,29713,32624,1882,202.0,70.0,2496.0
1784124801.9,29713,32624,1882,205.0,70.0,2292.0
1784124803.0,29713,32624,1882,209.0,70.0,2382.0
1784124804.1,29713,32624,1882,186.0,70.0,2416.0
1784124805.1,29713,32624,1882,221.0,70.0,2318.0
1784124806.2,29713,32624,1882,237.0,70.0,2501.0
1784124807.3,29713,32624,1882,223.0,70.0,2350.0
1784124808.4,29713,32624,1882,205.0,70.0,2262.0
1784124809.5,29713,32624,1882,188.0,70.0,2480.0
1784124810.6,29713,32624,1882,208.0,70.0,2270.0
1784124811.7,29713,32624,1882,217.0,70.0,2220.0
1784124812.8,29713,32624,1882,193.0,70.0,2415.0
1784124813.9,29713,32624,1882,196.0,70.0,2187.0
1784124815.0,29713,32624,1882,226.0,70.0,2435.0
1784124816.1,29713,32624,1882,171.0,70.0,2236.0
1784124817.2,29713,32624,1882,198.0,70.0,2244.0
1784124818.3,29713,32624,1882,216.0,70.0,2525.0
1784124819.3,29713,32624,1882,218.0,70.0,2350.0
1784124820.4,29713,32624,1882,231.0,70.0,2350.0
1784124821.5,29713,32624,1882,194.0,70.0,2407.0
1784124822.6,29713,32624,1882,210.0,70.0,2350.0
1784124823.7,29713,32624,1882,220.0,70.0,2383.0
1784124824.8,29713,32624,1882,173.0,70.0,2219.0
1784124825.9,29713,32624,1882,228.0,70.0,2350.0
1784124827.0,29713,32624,1882,228.0,70.0,2397.0
1784124828.1,29713,32624,1882,224.0,70.0,2304.0
1784124829.2,29713,32624,1882,222.0,70.0,2350.0
1784124830.3,29713,32624,1882,187.0,70.0,2350.0
1784124831.4,29713,32624,1882,207.0,70.0,2215.0
1784124832.5,29713,32624,1882,247.0,70.0,2490.0
1784124833.6,29713,32624,1882,212.0,70.0,2277.0
1784124834.6,29713,32624,1882,207.0,70.0,2322.0
1784124835.7,29713,32624,1882,170.0,70.0,2416.0
1784124836.8,29713,32624,1882,203.0,70.0,2210.0
1784124837.9,29713,32624,1882,222.0,70.0,2350.0
1784124839.0,29713,32624,1882,186.0,70.0,2274.0
1784124840.1,29713,32624,1882,220.0,70.0,2302.0
1784124841.2,29713,32624,1882,268.0,70.0,2526.0
1784124842.3,29713,32624,1882,213.0,70.0,2243.0
1784124843.4,29713,32624,1882,223.0,70.0,2253.0
1784124844.5,29713,32624,1882,168.0,70.0,2350.0
1784124845.6,29713,32624,1882,207.0,70.0,2350.0
1784124846.7,29713,32624,1882,247.0,70.0,2433.0
1784124847.8,29713,32624,1882,206.0,70.0,2266.0
1784124848.9,29713,32624,1882,234.0,70.0,2400.0
1784124850.0,29713,32624,1882,189.0,70.0,2262.0
1784124851.0,29713,32624,1882,206.0,70.0,2304.0
1784124852.1,29713,32624,1882,192.0,70.0,2400.0
1784124853.2,29713,32624,1882,216.0,70.0,2292.0
1784124854.3,29713,32624,1882,236.0,70.0,2470.0
1784124855.4,29713,32624,1882,199.0,70.0,2280.0
1784124856.5,29713,32624,1882,249.0,70.0,2450.0
1784124857.6,29713,32624,1882,205.0,70.0,2242.0
1784124858.7,29713,32624,1882,218.0,70.0,2282.0
1784124859.8,29713,32624,1882,226.0,70.0,2228.0
1784124860.9,29713,32624,1882,197.0,70.0,2256.0
1784124862.0,29713,32624,1882,66.0,70.0,2404.0
1784124863.1,29713,32624,1882,212.0,69.0,2249.0
1784124864.2,29713,32624,1882,216.0,70.0,2350.0
1784124865.2,29713,32624,1882,194.0,70.0,2282.0
1784124866.3,29713,32624,1882,217.0,70.0,2299.0
1784124867.4,29713,32624,1882,233.0,70.0,2402.0
1784124868.5,29713,32624,1882,207.0,70.0,2350.0
1784124869.6,29713,32624,1882,182.0,70.0,2434.0
1784124870.7,29713,32624,1882,203.0,70.0,2258.0
1784124871.8,29713,32624,1882,211.0,70.0,2388.0
1784124872.9,29713,32624,1882,235.0,69.0,2435.0
1784124874.0,29713,32624,1882,191.0,69.0,2220.0
1784124875.1,29713,32624,1882,193.0,69.0,2182.0
1784124876.2,29713,32624,1882,215.0,69.0,2289.0
1784124877.3,29713,32624,1882,247.0,69.0,2433.0
1784124878.4,29713,32624,1878,179.0,69.0,2385.0
1784124879.5,29713,32624,1878,201.0,69.0,2263.0
1784124880.5,29713,32624,1878,225.0,69.0,2350.0
1784124881.6,29713,32624,1878,170.0,69.0,2496.0
1784124882.7,29713,32624,1878,225.0,69.0,2300.0
1784124883.8,29713,32624,1878,209.0,69.0,2302.0
1784124884.9,29713,32624,1878,265.0,69.0,2712.0
1784124886.0,29713,32624,1878,227.0,69.0,2250.0
1784124887.1,29713,32624,1878,202.0,69.0,2268.0
1784124888.2,29713,32624,1878,228.0,69.0,2350.0
1784124889.3,29713,32624,1878,211.0,69.0,2437.0
1784124890.4,29713,32624,1878,215.0,69.0,2269.0
1784124891.5,29713,32624,1878,203.0,69.0,2262.0
1784124892.6,29713,32624,1878,242.0,69.0,2377.0
1784124893.7,29713,32624,1878,179.0,69.0,2350.0
1784124894.7,29713,32624,1878,203.0,69.0,2297.0
1784124895.8,29713,32624,1878,223.0,69.0,2388.0
1784124896.9,29713,32624,1878,202.0,69.0,2444.0
1784124898.0,29713,32624,1878,217.0,69.0,2319.0
1784124899.1,29713,32624,1878,209.0,69.0,2297.0
1784124900.2,29713,32624,1878,230.0,69.0,2466.0
1784124901.3,29713,32624,1878,157.0,69.0,2271.0
1784124902.4,29713,32624,1878,209.0,69.0,2281.0
1784124903.5,29713,32624,1878,234.0,69.0,2378.0
1784124904.6,29713,32624,1878,196.0,69.0,2426.0
1784124905.7,29713,32624,1878,216.0,69.0,2272.0
1784124906.8,29713,32624,1878,226.0,69.0,2350.0
1784124907.9,29713,32624,1878,190.0,69.0,2501.0
1784124909.0,29713,32624,1878,214.0,69.0,2299.0
1784124910.0,29713,32624,1878,217.0,69.0,2350.0
1784124911.1,29713,32624,1878,196.0,69.0,2422.0
1784124912.2,29713,32624,1878,201.0,69.0,2222.0
1784124913.3,29713,32624,1878,213.0,69.0,2294.0
1784124914.4,29713,32624,1878,178.0,69.0,2383.0
1784124915.5,29713,32624,1878,220.0,69.0,2306.0
1784124916.6,29713,32624,1878,212.0,69.0,2350.0
1784124917.7,29713,32624,1878,181.0,70.0,2403.0
1784124918.8,29713,32624,1878,219.0,70.0,2321.0
1784124919.9,29713,32624,1878,211.0,70.0,2350.0
1784124921.0,29713,32624,1878,195.0,70.0,2408.0
1784124922.1,29713,32624,1878,196.0,70.0,2271.0
1784124923.2,29713,32624,1878,220.0,70.0,2317.0
1784124924.3,29713,32624,1878,196.0,70.0,2415.0
1784124925.3,29713,32624,1878,217.0,70.0,2350.0
1784124926.4,29713,32624,1878,229.0,70.0,2414.0
1784124927.5,29713,32624,1878,149.0,70.0,2242.0
1784124928.6,29713,32624,1878,200.0,70.0,2261.0
1784124929.7,29713,32624,1878,214.0,70.0,2350.0
1784124930.8,29713,32624,1878,214.0,70.0,2236.0
1784124931.9,29713,32624,1878,209.0,70.0,2350.0
1784124933.0,29713,32624,1878,157.0,70.0,2547.0
1784124934.1,29713,32624,1878,208.0,70.0,2313.0
1784124935.2,29713,32624,1878,229.0,70.0,2393.0
1784124936.3,29713,32624,1878,199.0,70.0,2430.0
1784124937.4,29713,32624,1878,196.0,70.0,2229.0
1784124938.5,29713,32624,1878,222.0,70.0,2350.0
1784124939.6,29713,32624,1878,202.0,70.0,2223.0
1784124940.6,29713,32624,1878,224.0,70.0,2350.0
1784124941.7,29713,32624,1878,229.0,70.0,2473.0
1784124942.8,29713,32624,1878,217.0,70.0,2300.0
1784124943.9,29713,32624,1878,222.0,70.0,2350.0
1784124945.0,29713,32624,1878,180.0,70.0,2382.0
1784124946.1,29713,32624,1878,211.0,70.0,2314.0
1784124947.2,29713,32624,1878,221.0,70.0,2445.0
1784124948.3,29713,32624,1878,216.0,70.0,2277.0
1784124949.4,29713,32624,1878,218.0,70.0,2320.0
1784124950.5,29713,32624,1878,231.0,70.0,2274.0
1784124951.6,29713,32624,1878,216.0,70.0,2267.0
1784124952.7,29713,32624,1878,179.0,70.0,2475.0
1784124953.7,29713,32624,1878,201.0,70.0,2209.0
1784124954.8,29713,32624,1878,248.0,70.0,2490.0
1784124955.9,29713,32624,1878,208.0,70.0,2277.0
1784124957.0,29713,32624,1878,208.0,70.0,2218.0
1784124958.1,29713,32624,1878,181.0,70.0,2384.0
1784124959.2,29713,32624,1878,217.0,70.0,2308.0
1784124960.3,29713,32624,1878,222.0,70.0,2473.0
1784124961.4,29713,32624,1878,208.0,70.0,2224.0
1784124962.5,29713,32624,1878,212.0,70.0,2350.0
1784124963.6,29713,32624,1878,163.0,70.0,2267.0
1784124964.7,29713,32624,1878,199.0,70.0,2256.0
1784124965.8,29713,32624,1878,207.0,70.0,2444.0
1784124966.9,29713,32624,1878,206.0,70.0,2297.0
1784124967.9,29713,32624,1878,256.0,70.0,2424.0
1784124969.0,29713,32624,1878,197.0,70.0,2230.0
1784124970.1,29713,32624,1878,243.0,70.0,2490.0
1784124971.2,29713,32624,1878,197.0,70.0,2225.0
1784124972.3,29713,32624,1878,215.0,70.0,2316.0
1784124973.4,29713,32624,1878,191.0,70.0,2258.0
1784124974.5,29713,32624,1878,209.0,70.0,2286.0
1784124975.6,29713,32624,1878,133.0,70.0,2250.0
1784124976.7,29713,32624,1878,205.0,70.0,2275.0
1784124977.8,29713,32624,1878,177.0,70.0,2422.0
1784124978.9,29713,32624,1878,217.0,70.0,2284.0
1784124980.0,29713,32624,1878,234.0,70.0,2479.0
1784124981.1,29713,32624,1878,215.0,70.0,2290.0
1784124982.1,29713,32624,1878,252.0,70.0,2453.0
1784124983.2,29713,32624,1878,191.0,70.0,2211.0
1784124984.3,29713,32624,1878,231.0,70.0,2401.0
1784124985.4,29713,32624,1878,218.0,70.0,2270.0
1784124986.5,29713,32624,1878,215.0,70.0,2314.0
1784124987.6,29713,32624,1878,193.0,70.0,2215.0
1784124988.7,29713,32624,1878,206.0,70.0,2240.0
1784124989.8,29713,32624,1878,174.0,70.0,2442.0
1784124990.9,29713,32624,1878,215.0,70.0,2350.0
1784124992.0,29713,32624,1878,185.0,70.0,2520.0
1784124993.1,29713,32624,1878,208.0,70.0,2279.0
1784124994.2,29713,32624,1878,261.0,70.0,2543.0
1784124995.3,29713,32624,1878,206.0,70.0,2274.0
1784124996.3,29713,32624,1878,228.0,70.0,2408.0
1784124997.4,29713,32624,1878,216.0,70.0,2287.0
1784124998.5,29713,32624,1878,231.0,70.0,2407.0
1784124999.6,29713,32624,1878,223.0,70.0,2317.0
1784125000.7,29713,32624,1878,218.0,70.0,2317.0
1784125001.8,29713,32624,1878,175.0,70.0,2242.0
1784125002.9,29713,32624,1878,213.0,70.0,2262.0
1784125004.0,29713,32624,1878,175.0,70.0,2350.0
1784125005.1,29713,32624,1878,207.0,70.0,2291.0
1784125006.2,29713,32624,1878,200.0,70.0,2461.0
1784125007.3,29713,32624,1878,207.0,70.0,2303.0
1784125008.4,29713,32624,1878,194.0,70.0,2474.0
1784125009.5,29713,32624,1878,215.0,70.0,2280.0
1784125010.6,29713,32624,1878,230.0,70.0,2405.0
1784125011.6,29713,32624,1878,199.0,70.0,2239.0
1784125012.7,29713,32624,1878,214.0,70.0,2320.0
1784125013.8,29713,32624,1878,218.0,70.0,2301.0
1784125014.9,29713,32624,1878,227.0,70.0,2350.0
1784125016.0,29713,32624,1878,208.0,70.0,2268.0
1784125017.1,29713,32624,1878,224.0,70.0,2350.0
1784125018.2,29713,32624,1878,205.0,70.0,2210.0
1784125019.3,29713,32624,1878,225.0,70.0,2350.0
1784125020.4,29713,32624,1878,211.0,70.0,2291.0
1784125021.5,29713,32624,1878,220.0,70.0,2350.0
1784125022.6,29713,32624,1878,215.0,70.0,2304.0
1784125023.7,29713,32624,1878,242.0,70.0,2409.0
1784125024.7,29713,32624,1878,214.0,70.0,2285.0
1784125025.8,29713,32624,1878,252.0,70.0,2503.0
1784125026.9,29713,32624,1878,206.0,70.0,2261.0
1784125028.0,29713,32624,1878,220.0,70.0,2501.0
1784125029.1,29713,32624,1878,201.0,70.0,2256.0
1784125030.2,29713,32624,1878,192.0,70.0,2475.0
1784125031.3,29713,32624,1878,205.0,70.0,2285.0
1784125032.4,29713,32624,1878,176.0,70.0,2401.0
1784125033.5,29713,32624,1878,204.0,70.0,2298.0
1784125034.6,29713,32624,1878,184.0,70.0,2194.0
1784125035.7,29713,32624,1878,224.0,70.0,2350.0
1784125036.8,29713,32624,1878,203.0,70.0,2246.0
1784125037.9,29713,32624,1878,217.0,70.0,2350.0
1784125039.0,29713,32624,1878,182.0,70.0,2191.0
1784125040.0,29713,32624,1878,205.0,70.0,2317.0
1784125041.1,29713,32624,1878,228.0,70.0,2298.0
1784125042.2,29713,32624,1878,223.0,70.0,2350.0
1784125043.3,29713,32624,1878,229.0,70.0,2309.0
1784125044.4,29713,32624,1878,248.0,70.0,2412.0
1784125045.5,29713,32624,1878,216.0,70.0,2290.0
1784125046.6,29713,32624,1878,185.0,70.0,2434.0
1784125047.7,29713,32624,1878,211.0,70.0,2265.0
1784125048.8,29713,32624,1878,177.0,70.0,2386.0
1784125049.9,29713,32624,1878,226.0,70.0,2312.0
1784125051.0,29713,32624,1878,151.0,70.0,2350.0
1784125052.1,29713,32624,1878,198.0,70.0,2256.0
1784125053.2,29713,32624,1878,220.0,70.0,2283.0
1784125054.3,29713,32624,1878,212.0,70.0,2350.0
1784125055.4,29713,32624,1878,200.0,70.0,2265.0
1784125056.4,29713,32624,1878,218.0,70.0,2350.0
1784125057.5,29713,32624,1878,200.0,70.0,2283.0
1784125058.6,29713,32624,1878,221.0,70.0,2487.0
1784125059.7,29713,32624,1878,207.0,70.0,2295.0
1784125060.8,29713,32624,1878,177.0,70.0,2391.0
1784125061.9,29713,32624,1878,204.0,70.0,2290.0
1784125063.0,29713,32624,1878,240.0,70.0,2299.0
1784125064.1,29713,32624,1878,218.0,70.0,2350.0
1784125065.2,29713,32624,1878,214.0,70.0,2263.0
1784125066.3,29713,32624,1878,222.0,70.0,2501.0
1784125067.4,29713,32624,1878,220.0,70.0,2350.0
1784125068.5,29713,32624,1878,185.0,70.0,2421.0
1784125069.6,29713,32624,1878,225.0,70.0,2444.0
1784125070.6,29713,32624,1878,220.0,70.0,2298.0
1784125071.7,29713,32624,1878,228.0,70.0,2350.0
1784125072.8,29713,32624,1878,229.0,70.0,2350.0
1784125073.9,29713,32624,1878,212.0,70.0,2484.0
1784125075.0,29713,32624,1878,213.0,70.0,2290.0
1784125076.1,29713,32624,1878,205.0,70.0,2257.0
1784125077.2,29713,32624,1878,210.0,70.0,2305.0
1784125078.3,29713,32624,1878,205.0,70.0,2270.0
1784125079.4,29713,32624,1878,200.0,70.0,2490.0
1784125080.5,29713,32624,1878,219.0,70.0,2350.0
1784125081.6,29713,32624,1878,208.0,70.0,2236.0
1784125082.7,29713,32624,1878,253.0,70.0,2502.0
1784125083.7,29713,32624,1878,215.0,70.0,2350.0
1784125084.8,29713,32624,1878,181.0,70.0,2183.0
1784125085.9,29713,32624,1878,224.0,70.0,2397.0
1784125087.0,29713,32624,1878,204.0,70.0,2251.0
1784125088.1,29713,32624,1878,183.0,70.0,2425.0
1784125089.2,29713,32624,1878,205.0,70.0,2317.0
1784125090.3,29713,32624,1878,213.0,70.0,2288.0
1784125091.4,29713,32624,1878,247.0,70.0,2448.0
1784125092.5,29713,32624,1878,220.0,70.0,2350.0
1784125093.6,29713,32624,1878,169.0,70.0,2350.0
1784125094.7,29713,32624,1878,225.0,70.0,2376.0
1784125095.8,29713,32624,1878,223.0,70.0,2324.0
1784125096.9,29713,32624,1878,214.0,70.0,2467.0
1784125098.0,29713,32624,1878,211.0,70.0,2275.0
1784125099.0,29713,32624,1878,214.0,70.0,2260.0
1784125100.1,29713,32624,1878,228.0,70.0,2428.0
1784125101.2,29713,32624,1878,203.0,70.0,2247.0
1784125102.3,29713,32624,1878,200.0,70.0,2414.0
1784125103.4,29713,32624,1878,206.0,70.0,2238.0
1784125104.5,29713,32624,1878,205.0,70.0,2240.0
1784125105.6,29713,32624,1878,263.0,70.0,2490.0
1784125106.7,29713,32624,1878,215.0,70.0,2350.0
1784125107.8,29713,32624,1878,222.0,70.0,2275.0
1784125108.9,29713,32624,1878,217.0,70.0,2447.0
1784125110.0,29713,32624,1878,213.0,70.0,2302.0
1784125111.1,29713,32624,1878,211.0,70.0,2248.0
1784125112.2,29713,32624,1878,234.0,70.0,2471.0
1784125113.3,29713,32624,1878,214.0,70.0,2301.0
1784125114.3,29713,32624,1878,209.0,70.0,2293.0
1784125115.4,29713,32624,1878,246.0,70.0,2560.0
1784125116.5,29713,32624,1878,219.0,70.0,2320.0
1784125117.6,29713,32624,1878,199.0,70.0,2178.0
1784125118.7,29713,32624,1878,228.0,70.0,2461.0
1784125119.8,29713,32624,1878,206.0,70.0,2311.0
1784125120.9,29713,32624,1878,209.0,70.0,2283.0
1784125122.0,29713,32624,1878,258.0,70.0,2580.0
1784125123.1,29713,32624,1878,211.0,70.0,2263.0
1784125124.2,29713,32624,1878,213.0,70.0,2293.0
1784125125.3,29713,32624,1878,198.0,70.0,2431.0
1784125126.4,29713,32624,1878,210.0,70.0,2319.0
1784125127.5,29713,32624,1878,195.0,70.0,2282.0
1784125128.6,29713,32624,1878,187.0,70.0,2406.0
1784125129.7,29713,32624,1878,221.0,70.0,2350.0
1784125130.7,29713,32624,1878,208.0,70.0,2308.0
1784125131.8,29713,32624,1878,189.0,70.0,2253.0
1784125132.9,29713,32624,1878,239.0,70.0,2379.0
1784125134.0,29713,32624,1878,217.0,70.0,2275.0
1784125135.1,29713,32624,1878,229.0,70.0,2282.0
1784125136.2,29713,32624,1878,220.0,70.0,2531.0
1784125137.3,29713,32624,1878,31.0,69.0,0.0
1784125138.4,29713,32624,1878,211.0,70.0,2318.0
1784125139.5,29713,32624,1878,207.0,70.0,2324.0
1784125140.6,29713,32624,1878,211.0,70.0,2350.0
1784125141.7,29713,32624,1878,211.0,70.0,2350.0
1784125142.8,29713,32624,1878,210.0,70.0,2350.0
1784125143.8,29713,32624,1878,221.0,70.0,2350.0
1784125144.9,29713,32624,1878,224.0,70.0,2350.0
1784125146.0,29713,32624,1878,179.0,70.0,2146.0
1784125147.1,29713,32624,1878,224.0,70.0,2350.0
1784125148.2,29713,32624,1878,230.0,69.0,2306.0
1784125149.3,29713,32624,1878,175.0,69.0,2458.0
1784125150.4,29713,32624,1878,216.0,69.0,2270.0
1784125151.5,29713,32624,1878,226.0,69.0,2284.0
1784125152.6,29713,32624,1878,212.0,69.0,2350.0
1784125153.7,29713,32624,1878,219.0,69.0,2463.0
1784125154.8,29713,32624,1878,224.0,69.0,2302.0
1784125155.9,29713,32624,1878,203.0,69.0,2214.0
1784125157.0,29713,32624,1878,211.0,69.0,2350.0
1784125158.0,29713,32624,1878,189.0,69.0,2426.0
1784125159.1,29713,32624,1878,198.0,69.0,2258.0
1784125160.2,29713,32624,1878,219.0,69.0,2350.0
1784125161.3,29713,32624,1878,229.0,69.0,2453.0
1784125162.4,29713,32624,1878,156.0,69.0,2284.0
1784125163.5,29713,32624,1878,219.0,69.0,2300.0
1784125164.6,29713,32624,1878,221.0,69.0,2350.0
1784125165.7,29713,32624,1878,206.0,69.0,2474.0
1784125166.8,29713,32624,1878,208.0,69.0,2281.0
1784125167.9,29713,32624,1878,210.0,69.0,2350.0
1784125169.0,29713,32624,1878,216.0,69.0,2406.0
1784125170.1,29713,32624,1878,144.0,69.0,2305.0
1784125171.2,29713,32624,1878,206.0,69.0,2268.0
1784125172.2,29713,32624,1878,245.0,69.0,2442.0
1784125173.3,29713,32624,1878,175.0,69.0,2433.0
1784125174.4,29713,32624,1878,226.0,69.0,2317.0
1784125175.5,29713,32624,1878,200.0,69.0,2241.0
1784125176.6,29713,32624,1878,217.0,69.0,2483.0
1784125177.7,29713,32624,1878,214.0,69.0,2261.0
1784125178.8,29713,32624,1878,201.0,69.0,2281.0
1784125179.9,29713,32624,1878,234.0,69.0,2511.0
1784125181.0,29713,32624,1878,219.0,69.0,2277.0
1784125182.1,29713,32624,1878,217.0,69.0,2292.0
1784125183.2,29713,32624,1878,225.0,69.0,2414.0
1784125184.3,29713,32624,1878,184.0,69.0,2275.0
1784125185.3,29713,32624,1878,194.0,69.0,2212.0
1784125186.4,29713,32624,1878,214.0,70.0,2378.0
1784125187.5,29713,32624,1878,193.0,70.0,2350.0
1784125188.6,29713,32624,1878,194.0,70.0,2214.0
1784125189.7,29713,32624,1878,218.0,69.0,2387.0
1784125190.8,29713,32624,1878,187.0,69.0,2424.0
1784125191.9,29713,32624,1878,226.0,70.0,2350.0
1784125193.0,29713,32624,1878,210.0,70.0,2300.0
1784125194.1,29713,32624,1878,195.0,70.0,2424.0
1784125195.2,29713,32624,1878,206.0,70.0,2320.0
1784125196.3,29713,32624,1878,233.0,70.0,2408.0
1784125197.4,29713,32624,1878,178.0,70.0,2219.0
1784125198.5,29713,32624,1878,206.0,70.0,2308.0
1784125199.6,29713,32624,1878,252.0,70.0,2438.0
1784125200.6,29713,32624,1878,207.0,70.0,2268.0
1784125201.7,29713,32624,1878,228.0,70.0,2350.0
1784125202.8,29713,32624,1878,203.0,70.0,2436.0
1784125203.9,29713,32624,1878,218.0,70.0,2281.0
1784125205.0,29713,32624,1878,231.0,70.0,2398.0
1784125206.1,29713,32624,1878,177.0,70.0,2323.0
1784125207.2,29713,32624,1878,194.0,70.0,2230.0
1784125208.3,29713,32624,1878,204.0,70.0,2320.0
1784125209.4,29713,32624,1878,160.0,70.0,2275.0
1784125210.5,29713,32624,1878,218.0,70.0,2320.0
1784125211.6,29713,32624,1878,256.0,70.0,2539.0
1784125212.7,29713,32624,1878,210.0,70.0,2252.0
1784125213.8,29713,32624,1878,209.0,70.0,2305.0
1784125214.9,29713,32624,1878,218.0,70.0,2503.0
1784125215.9,29713,32624,1878,194.0,70.0,2230.0
1784125217.0,29713,32624,1878,216.0,70.0,2281.0
1784125218.1,29713,32624,1878,187.0,70.0,2383.0
1784125219.2,29713,32624,1878,208.0,70.0,2248.0
1784125220.3,29713,32624,1878,239.0,70.0,2500.0
1784125221.4,29713,32624,1878,217.0,70.0,2293.0
1784125222.5,29713,32624,1878,221.0,70.0,2350.0
1784125223.6,29713,32624,1878,163.0,70.0,2294.0
1784125224.7,29713,32624,1878,220.0,70.0,2323.0
1784125225.8,29713,32624,1878,203.0,70.0,2492.0
1784125226.9,29713,32624,1878,222.0,70.0,2302.0
1784125228.0,29713,32624,1878,220.0,70.0,2323.0
1784125229.1,29713,32624,1878,192.0,70.0,2422.0
1784125230.1,29713,32624,1878,208.0,70.0,2287.0
1784125231.2,29713,32624,1878,267.0,70.0,2506.0
1784125232.3,29713,32624,1878,209.0,70.0,2236.0
1784125233.4,29713,32624,1878,221.0,70.0,2350.0
1784125234.5,29713,32624,1878,203.0,70.0,2440.0
1784125235.6,29713,32624,1878,206.0,70.0,2228.0
1784125236.7,29713,32624,1878,189.0,70.0,2445.0
1784125237.8,29713,32624,1878,203.0,70.0,2313.0
1784125238.9,29713,32624,1878,210.0,70.0,2350.0
1784125240.0,29713,32624,1878,200.0,70.0,2251.0
1784125241.1,29713,32624,1878,221.0,70.0,2350.0
1784125242.2,29713,32624,1878,173.0,70.0,2386.0
1784125243.3,29713,32624,1878,214.0,70.0,2245.0
1784125244.3,29713,32624,1878,237.0,70.0,2533.0
1784125245.4,29713,32624,1878,210.0,70.0,2295.0
1784125246.5,29713,32624,1878,219.0,70.0,2416.0
1784125247.6,29713,32624,1878,185.0,70.0,2226.0
1784125248.7,29713,32624,1878,222.0,70.0,2350.0
1784125249.8,29713,32624,1878,207.0,70.0,2425.0
1784125250.9,29713,32624,1878,210.0,70.0,2284.0
1784125252.0,29713,32624,1878,216.0,70.0,2350.0
1784125253.1,29713,32624,1878,207.0,70.0,2275.0
1784125254.2,29713,32624,1878,223.0,70.0,2318.0
1784125255.3,29713,32624,1878,188.0,70.0,2261.0
1784125256.4,29713,32624,1878,212.0,70.0,2314.0
1784125257.5,29713,32624,1878,188.0,70.0,2350.0
1784125258.6,29713,32624,1878,211.0,70.0,2265.0
1784125259.7,29713,32624,1878,264.0,70.0,2527.0
1784125260.7,29713,32624,1878,201.0,70.0,2265.0
1784125261.8,29713,32624,1878,232.0,70.0,2461.0
1784125262.9,29713,32624,1878,217.0,70.0,2299.0
1784125264.0,29713,32624,1878,228.0,70.0,2350.0
1784125265.1,29713,32624,1878,229.0,70.0,2300.0
1784125266.2,29713,32624,1878,226.0,70.0,2393.0
1784125267.3,29713,32624,1878,186.0,70.0,2314.0
1784125268.4,29713,32624,1878,216.0,70.0,2272.0
1784125269.5,29713,32624,1878,168.0,70.0,2457.0
1784125270.6,29713,32624,1878,215.0,70.0,2307.0
1784125271.7,29713,32624,1878,252.0,70.0,2502.0
1784125272.8,29713,32624,1878,213.0,70.0,2350.0
1784125273.9,29713,32624,1878,220.0,70.0,2397.0
1784125274.9,29713,32624,1878,204.0,70.0,2245.0
1784125276.0,29713,32624,1878,244.0,70.0,2427.0
1784125277.1,29713,32624,1878,209.0,70.0,2275.0
1784125278.2,29713,32624,1878,224.0,70.0,2380.0
1784125279.3,29713,32624,1878,176.0,70.0,2135.0
1784125280.4,29713,32624,1878,212.0,70.0,2350.0
1784125281.5,29713,32624,1878,171.0,70.0,2315.0
1784125282.6,29713,32624,1878,215.0,70.0,2350.0
1784125283.7,29713,32624,1878,168.0,70.0,2350.0
1784125284.8,29713,32624,1878,212.0,70.0,2317.0
1784125285.9,29713,32624,1878,180.0,70.0,2426.0
1784125287.0,29713,32624,1878,202.0,70.0,2263.0
1784125288.1,29713,32624,1878,203.0,70.0,2463.0
1784125289.2,29713,32624,1878,207.0,70.0,2293.0
1784125290.3,29713,32624,1878,186.0,70.0,2404.0
1784125291.3,29713,32624,1878,213.0,70.0,2312.0
1784125292.4,29713,32624,1878,187.0,70.0,2530.0
1784125293.5,29713,32624,1878,216.0,70.0,2310.0
1784125294.6,29713,32624,1878,224.0,70.0,2498.0
1784125295.7,29713,32624,1878,202.0,70.0,2231.0
1784125296.8,29713,32624,1878,197.0,70.0,2491.0
1784125297.9,29713,32624,1878,223.0,70.0,2295.0
1784125299.0,29713,32624,1878,211.0,70.0,2604.0
1784125300.1,29713,32624,1878,201.0,70.0,2220.0
1784125301.2,29713,32624,1878,223.0,70.0,2439.0
1784125302.3,29713,32624,1878,213.0,70.0,2309.0
1784125303.4,29713,32624,1878,245.0,70.0,2465.0
1784125304.5,29713,32624,1878,202.0,70.0,2264.0
1784125305.6,29713,32624,1878,258.0,70.0,2514.0
1784125306.7,29713,32624,1878,206.0,70.0,2262.0
1784125307.8,29713,32624,1878,220.0,70.0,2505.0
1784125308.8,29713,32624,1878,225.0,70.0,2350.0
1784125309.9,29713,32624,1878,191.0,70.0,2479.0
1784125311.0,29713,32624,1878,211.0,70.0,2301.0
1784125312.1,29713,32624,1878,172.0,70.0,2389.0
1784125313.2,29713,32624,1878,213.0,70.0,2260.0
1784125314.3,29713,32624,1878,176.0,70.0,2266.0
1784125315.4,29713,32624,1878,209.0,70.0,2288.0
1784125316.5,29713,32624,1878,207.0,70.0,2210.0
1784125317.6,29713,32624,1878,228.0,70.0,2403.0
1784125318.7,29713,32624,1878,209.0,70.0,2276.0
1784125319.8,29713,32624,1878,243.0,70.0,2427.0
1784125320.9,29713,32624,1878,206.0,70.0,2261.0
1784125322.0,29713,32624,1878,187.0,70.0,2482.0
1784125323.0,29713,32624,1878,219.0,70.0,2350.0
1784125324.1,29713,32624,1878,189.0,70.0,2427.0
1784125325.2,29713,32624,1878,217.0,70.0,2260.0
1784125326.3,29713,32624,1878,184.0,70.0,2229.0
1784125327.4,29713,32624,1878,218.0,70.0,2398.0
1784125328.5,29713,32624,1878,212.0,70.0,2301.0
1784125329.6,29713,32624,1878,245.0,70.0,2440.0
1784125330.7,29713,32624,1878,206.0,70.0,2289.0
1784125331.8,29713,32624,1878,200.0,70.0,2498.0
1784125332.9,29713,32624,1878,223.0,70.0,2350.0
1784125334.0,29713,32624,1878,243.0,69.0,2286.0
1784125335.1,29713,32624,1878,205.0,70.0,2311.0
1784125336.2,29713,32624,1878,220.0,70.0,2291.0
1784125337.2,29713,32624,1878,210.0,70.0,2301.0
1784125338.3,29713,32624,1878,206.0,70.0,2323.0
1784125339.4,29713,32624,1878,214.0,70.0,2350.0
1784125340.5,29713,32624,1878,208.0,70.0,2274.0
1784125341.6,29713,32624,1878,241.0,70.0,2390.0
1784125342.7,29713,32624,1878,178.0,70.0,2424.0
1784125343.8,29713,32624,1878,205.0,70.0,2232.0
1784125344.9,29713,32624,1878,219.0,69.0,2295.0
1784125346.0,29713,32624,1878,218.0,69.0,2350.0
1784125347.1,29713,32624,1878,180.0,69.0,2350.0
1784125348.2,29713,32624,1878,213.0,69.0,2293.0
1784125349.3,29713,32624,1878,204.0,69.0,2217.0
1784125350.4,29713,32624,1878,221.0,69.0,2444.0
1784125351.5,29713,32624,1878,194.0,69.0,2485.0
1784125352.5,29713,32624,1878,209.0,69.0,2302.0
1784125353.6,29713,32624,1878,209.0,69.0,2233.0
1784125354.7,29713,32624,1878,230.0,69.0,2380.0
1784125355.8,29713,32624,1878,183.0,69.0,2500.0
1784125356.9,29713,32624,1878,223.0,69.0,2350.0
1784125358.0,29713,32624,1878,209.0,69.0,2288.0
1784125359.1,29713,32624,1878,248.0,69.0,2516.0
1784125360.2,29713,32624,1878,190.0,69.0,2350.0
1784125361.3,29713,32624,1878,196.0,69.0,2268.0
1784125362.4,29713,32624,1878,200.0,69.0,2291.0
1784125363.5,29713,32624,1878,184.0,69.0,2486.0
1784125364.6,29713,32624,1878,217.0,69.0,2248.0
1784125365.7,29713,32624,1878,214.0,69.0,2268.0
1784125366.7,29713,32624,1878,210.0,69.0,2308.0
1784125367.8,29713,32624,1878,197.0,69.0,2443.0
1784125368.9,29713,32624,1878,220.0,69.0,2350.0
1784125370.0,29713,32624,1878,212.0,69.0,2282.0
1784125371.1,29713,32624,1878,263.0,69.0,2503.0
1784125372.2,29713,32624,1878,220.0,69.0,2284.0
1784125373.3,29713,32624,1878,217.0,69.0,2350.0
1784125374.4,29713,32624,1878,217.0,69.0,2350.0
1784125375.5,29713,32624,1878,143.0,69.0,2282.0
1784125376.6,29713,32624,1878,204.0,69.0,2278.0
1784125377.7,29713,32624,1878,238.0,69.0,2350.0
1784125378.8,29713,32624,1878,194.0,70.0,2429.0
1784125379.9,29713,32624,1878,210.0,70.0,2292.0
1784125380.9,29713,32624,1878,203.0,70.0,2300.0
1784125382.0,29713,32624,1878,264.0,70.0,2511.0
1784125383.1,29713,32624,1878,207.0,70.0,2276.0
1784125384.2,29713,32624,1878,207.0,70.0,2295.0
1784125385.3,29713,32624,1878,248.0,70.0,2407.0
1784125386.4,29713,32624,1878,228.0,70.0,2224.0
1784125387.5,29713,32624,1878,203.0,70.0,2238.0
1784125388.6,29713,32624,1878,234.0,70.0,2444.0
1784125389.7,29713,32624,1878,220.0,70.0,2286.0
1784125390.8,29713,32624,1878,228.0,70.0,2350.0
1784125391.9,29713,32624,1878,240.0,70.0,2534.0
1784125393.0,29713,32624,1878,208.0,70.0,2246.0
1784125394.1,29713,32624,1878,220.0,70.0,2292.0
1784125395.2,29713,32624,1878,187.0,70.0,2507.0
1784125396.2,29713,32624,1878,215.0,70.0,2306.0
1784125397.3,29713,32624,1878,244.0,70.0,2399.0
1784125398.4,29713,32624,1878,176.0,70.0,2322.0
1784125399.5,29713,32624,1878,207.0,70.0,2270.0
1784125400.6,29713,32624,1878,244.0,70.0,2446.0
1784125401.7,29713,32624,1878,225.0,70.0,2222.0
1784125402.8,29713,32624,1878,214.0,70.0,2350.0
1784125403.9,29713,32624,1878,230.0,70.0,2465.0
1784125405.0,29713,32624,1878,215.0,70.0,2350.0
1784125406.1,29713,32624,1878,202.0,70.0,2277.0
1784125407.2,29713,32624,1878,203.0,70.0,2434.0
1784125408.3,29713,32624,1878,214.0,70.0,2303.0
1784125409.3,29713,32624,1878,216.0,70.0,2279.0
1784125410.4,29713,32624,1878,232.0,70.0,2290.0
1784125411.5,29713,32624,1878,214.0,70.0,2299.0
1784125412.6,29713,32624,1878,217.0,70.0,2492.0
1784125413.7,29713,32624,1878,218.0,70.0,2293.0
1784125414.8,29713,32624,1878,218.0,70.0,2350.0
1784125415.9,29713,32624,1878,183.0,70.0,2415.0
1784125417.0,29713,32624,1878,202.0,70.0,2247.0
1784125418.1,29713,32624,1878,223.0,70.0,2406.0
1784125419.2,29713,32624,1878,191.0,70.0,2232.0
1784125420.3,29713,32624,1878,216.0,70.0,2350.0
1784125421.4,29713,32624,1878,192.0,70.0,2494.0
1784125422.5,29713,32624,1878,211.0,70.0,2314.0
1784125423.6,29713,32624,1878,225.0,70.0,2350.0
1784125424.7,29713,32624,1878,223.0,70.0,2315.0
1784125425.7,29713,32624,1878,221.0,70.0,2350.0
1784125426.8,29713,32624,1878,192.0,70.0,2446.0
1784125427.9,29713,32624,1878,207.0,70.0,2211.0
1784125429.0,29713,32624,1878,229.0,70.0,2394.0
1784125430.1,29713,32624,1878,209.0,70.0,2240.0
1784125431.2,29713,32624,1878,210.0,70.0,2350.0
1784125432.3,29713,32624,1878,177.0,70.0,2350.0
1784125433.4,29713,32624,1878,207.0,70.0,2295.0
1784125434.5,29713,32624,1878,183.0,70.0,2456.0
1784125435.6,29713,32624,1878,211.0,70.0,2350.0
1784125436.7,29713,32624,1878,267.0,70.0,2521.0
1784125437.8,29713,32624,1878,198.0,70.0,2229.0
1784125438.9,29713,32624,1878,206.0,70.0,2287.0
1784125440.0,29713,32624,1878,174.0,70.0,2380.0
1784125441.0,29713,32624,1878,208.0,70.0,2350.0
1784125442.1,29713,32624,1878,240.0,70.0,2503.0
1784125443.2,29713,32624,1878,209.0,70.0,2350.0
1784125444.3,29713,32624,1878,227.0,70.0,2416.0
1784125445.4,29713,32624,1878,235.0,70.0,2267.0
1784125446.5,29713,32624,1878,230.0,70.0,2289.0
1784125447.6,29713,32624,1878,147.0,70.0,2241.0
1784125448.7,29713,32624,1878,230.0,70.0,2382.0
1784125449.8,29713,32624,1878,197.0,70.0,2541.0
1784125450.9,29713,32624,1878,195.0,70.0,2269.0
1784125452.0,29713,32624,1878,216.0,70.0,2411.0
1784125453.1,29713,32624,1878,198.0,70.0,2299.0
1784125454.2,29713,32624,1878,228.0,70.0,2402.0
1784125455.2,29713,32624,1878,214.0,70.0,2240.0
1784125456.3,29713,32624,1878,213.0,70.0,2312.0
1784125457.4,29713,32624,1878,162.0,70.0,2350.0
1784125458.5,29713,32624,1878,225.0,70.0,2313.0
1784125459.6,29713,32624,1878,199.0,70.0,2466.0
1784125460.7,29713,32624,1878,217.0,70.0,2350.0
1784125461.8,29713,32624,1878,239.0,70.0,2350.0
1784125462.9,29713,32624,1878,192.0,70.0,2195.0
1784125464.0,29713,32624,1878,220.0,70.0,2350.0
1784125465.1,29713,32624,1878,209.0,70.0,2274.0
1784125466.2,29713,32624,1878,212.0,70.0,2307.0
1784125467.3,29713,32624,1878,231.0,70.0,2288.0
1784125468.4,29713,32624,1878,208.0,70.0,2279.0
1784125469.5,29713,32624,1878,195.0,70.0,2350.0
1784125470.6,29713,32624,1878,200.0,70.0,2283.0
1784125471.6,29713,32624,1878,184.0,70.0,2516.0
1784125472.7,29713,32624,1878,201.0,70.0,2308.0
1784125473.8,29713,32624,1878,232.0,70.0,2408.0
1784125474.9,29713,32624,1878,215.0,70.0,2310.0
1784125476.0,29713,32624,1878,222.0,70.0,2350.0
1784125477.1,29713,32624,1878,194.0,70.0,2221.0
1784125478.2,29713,32624,1878,221.0,70.0,2279.0
1784125479.3,29713,32624,1878,195.0,70.0,2264.0
1784125480.4,29713,32624,1878,218.0,70.0,2350.0
1784125481.5,29713,32624,1878,194.0,70.0,2262.0
1784125482.6,29713,32624,1878,209.0,70.0,2302.0
1784125483.7,29713,32624,1878,202.0,70.0,2211.0
1784125484.8,29713,32624,1878,218.0,70.0,2383.0
1784125485.8,29713,32624,1878,211.0,70.0,2279.0
1784125486.9,29713,32624,1878,206.0,70.0,2350.0
1784125488.0,29713,32624,1878,223.0,70.0,2350.0
1784125489.1,29713,32624,1878,230.0,70.0,2473.0
1784125490.2,29713,32624,1878,205.0,70.0,2350.0
1784125491.3,29713,32624,1878,231.0,70.0,2411.0
1784125492.4,29713,32624,1878,203.0,70.0,2190.0
1784125493.5,29713,32624,1878,259.0,70.0,2531.0
1784125494.6,29713,32624,1878,205.0,70.0,2276.0
1784125495.7,29713,32624,1878,235.0,70.0,2381.0
1784125496.8,29713,32624,1878,208.0,70.0,2213.0
1784125497.9,29713,32624,1878,224.0,70.0,2378.0
1784125499.0,29713,32624,1878,212.0,70.0,2277.0
1784125500.1,29713,32624,1878,221.0,70.0,2350.0
1784125501.1,29713,32624,1878,205.0,70.0,2305.0
1784125502.2,29713,32624,1878,237.0,70.0,2515.0
1784125503.3,29713,32624,1878,206.0,70.0,2307.0
1784125504.4,29713,32624,1878,191.0,70.0,2453.0
1784125505.5,29713,32624,1878,205.0,70.0,2283.0
1784125506.6,29713,32624,1878,178.0,70.0,2378.0
1784125507.7,29713,32624,1878,222.0,70.0,2296.0
1784125508.8,29713,32624,1878,178.0,70.0,2409.0
1784125509.9,29713,32624,1878,215.0,70.0,2350.0
1784125511.0,29713,32624,1878,188.0,70.0,2259.0
1784125512.1,29713,32624,1878,239.0,70.0,2425.0
1784125513.2,29713,32624,1878,213.0,70.0,2256.0
1784125514.3,29713,32624,1878,212.0,70.0,2350.0
1784125515.3,29713,32624,1878,204.0,70.0,2286.0
1784125516.4,29713,32624,1878,197.0,70.0,2424.0
1784125517.5,29713,32624,1878,206.0,70.0,2306.0
1784125518.6,29713,32624,1878,142.0,70.0,2286.0
1784125519.7,29713,32624,1878,221.0,70.0,2394.0
1784125520.8,29713,32624,1878,176.0,70.0,2180.0
1784125521.9,29713,32624,1878,230.0,70.0,2324.0
1784125523.0,29713,32624,1878,206.0,70.0,2291.0
1784125524.1,29713,32624,1878,238.0,70.0,2428.0
1784125525.2,29713,32624,1878,205.0,70.0,2225.0
1784125526.3,29713,32624,1878,180.0,70.0,2459.0
1784125527.4,29713,32624,1878,205.0,70.0,2271.0
1784125528.5,29713,32624,1878,178.0,70.0,2448.0
1784125529.6,29713,32624,1878,232.0,70.0,2394.0
1784125530.7,29713,32624,1878,210.0,70.0,2280.0
1784125531.7,29713,32624,1878,246.0,70.0,2512.0
1784125532.8,29713,32624,1878,218.0,70.0,2282.0
1784125533.9,29713,32624,1878,265.0,70.0,2502.0
1784125535.0,29713,32624,1878,212.0,70.0,2269.0
1784125536.1,29713,32624,1878,184.0,70.0,2431.0
1784125537.2,29713,32624,1878,205.0,70.0,2321.0
1784125538.3,29713,32624,1878,174.0,70.0,2242.0
1784125539.4,29713,32624,1878,208.0,70.0,2303.0
1784125540.5,29713,32624,1878,217.0,70.0,2314.0
1784125541.6,29713,32624,1878,231.0,70.0,2446.0
1784125542.7,29713,32624,1878,205.0,70.0,2281.0
1784125543.8,29713,32624,1878,201.0,70.0,2479.0
1784125544.9,29713,32624,1878,225.0,70.0,2268.0
1784125546.0,29713,32624,1878,213.0,70.0,2249.0
1784125547.0,29713,32624,1878,200.0,70.0,2317.0
1784125548.1,29713,32624,1878,217.0,70.0,2293.0
1784125549.2,29713,32624,1878,204.0,70.0,2524.0
1784125550.3,29713,32624,1878,219.0,70.0,2292.0
1784125551.4,29713,32624,1878,152.0,70.0,2350.0
1784125552.5,29713,32624,1878,229.0,70.0,2308.0
1784125553.6,29713,32624,1878,205.0,70.0,2303.0
1784125554.7,29713,32624,1878,220.0,70.0,2528.0
1784125555.8,29713,32624,1878,207.0,70.0,2244.0
1784125556.9,29713,32624,1878,139.0,70.0,2240.0
1784125558.0,29713,32624,1878,225.0,70.0,2310.0
1784125559.1,29713,32624,1878,211.0,70.0,2244.0
1784125560.2,29713,32624,1878,198.0,70.0,2515.0
1784125561.2,29713,32624,1878,211.0,70.0,2310.0
1784125562.3,29713,32624,1878,218.0,70.0,2244.0
1784125563.4,29713,32624,1878,224.0,70.0,2291.0
1784125564.5,29713,32624,1878,212.0,70.0,2272.0
1784125565.6,29713,32624,1878,191.0,70.0,2452.0
1784125566.7,29713,32624,1878,208.0,70.0,2284.0
1784125567.8,29713,32624,1878,213.0,70.0,2254.0
1784125568.9,29713,32624,1878,246.0,70.0,2461.0
1784125570.0,29713,32624,1878,208.0,70.0,2313.0
1784125571.1,29713,32624,1878,186.0,70.0,2144.0
1784125572.2,29713,32624,1878,216.0,70.0,2350.0
1784125573.3,29713,32624,1878,219.0,70.0,2270.0
1784125574.4,29713,32624,1878,169.0,70.0,2350.0
1784125575.5,29713,32624,1878,224.0,70.0,2350.0
1784125576.6,29713,32624,1878,223.0,70.0,2316.0
1784125577.7,29713,32624,1878,236.0,70.0,2514.0
1784125578.7,29713,32624,1878,212.0,70.0,2305.0
1784125579.8,29713,32624,1878,222.0,70.0,2322.0
1784125580.9,29713,32624,1878,259.0,70.0,2538.0
1784125582.0,29713,32624,1878,210.0,70.0,2254.0
1784125583.1,29713,32624,1878,176.0,70.0,2191.0
1784125584.2,29713,32624,1878,235.0,70.0,2424.0
1784125585.3,29713,32624,1878,211.0,70.0,2256.0
1784125586.4,29713,32624,1878,181.0,70.0,2440.0
1784125587.5,29713,32624,1878,211.0,70.0,2350.0
1784125588.6,29713,32624,1878,213.0,70.0,2293.0
1784125589.7,29713,32624,1878,258.0,70.0,2495.0
1784125590.8,29713,32624,1878,219.0,70.0,2322.0
1784125591.9,29713,32624,1878,202.0,70.0,2211.0
1784125593.0,29713,32624,1878,243.0,70.0,2517.0
1784125594.1,29713,32624,1878,215.0,70.0,2350.0
1784125595.2,29713,32624,1878,197.0,70.0,2282.0
1784125596.3,29713,32624,1878,250.0,70.0,2467.0
1784125597.4,29713,32624,1878,219.0,70.0,2391.0
1784125598.5,29713,32624,1878,185.0,70.0,2250.0
1784125599.5,29713,32624,1878,210.0,70.0,2350.0
1784125600.6,29713,32624,1878,206.0,70.0,2291.0
1784125601.7,29713,32624,1878,224.0,70.0,2259.0
1784125602.8,29713,32624,1878,234.0,70.0,2442.0
1784125603.9,29713,32624,1878,225.0,70.0,2350.0
1784125605.0,29713,32624,1878,185.0,70.0,2252.0
1784125606.1,29713,32624,1878,187.0,70.0,2419.0
1784125607.2,29713,32624,1878,229.0,70.0,2322.0
1784125608.3,29713,32624,1878,222.0,70.0,2314.0
1784125609.4,29713,32624,1878,170.0,70.0,2305.0
1784125610.5,29713,32624,1878,226.0,70.0,2464.0
1784125611.6,29713,32624,1878,212.0,70.0,2350.0
1784125612.7,29713,32624,1878,217.0,70.0,2274.0
1784125613.8,29713,32624,1878,258.0,70.0,2521.0
1784125614.9,29713,32624,1878,218.0,70.0,2271.0
1784125616.0,29713,32624,1878,202.0,70.0,2222.0
1784125617.0,29713,32624,1878,182.0,70.0,2431.0
1784125618.1,29713,32624,1878,223.0,70.0,2350.0
1784125619.2,29713,32624,1878,219.0,70.0,2319.0
1784125620.3,29713,32624,1878,217.0,70.0,2272.0
1784125621.4,29713,32624,1878,230.0,69.0,2183.0
1784125622.5,29713,32624,1878,185.0,70.0,2242.0
1784125623.6,29713,32624,1878,216.0,70.0,2301.0
1784125624.7,29713,32624,1878,160.0,70.0,2316.0
1784125625.8,29713,32624,1878,145.0,70.0,2263.0
1784125626.9,29713,32624,1878,216.0,70.0,2350.0
1784125628.0,29713,32624,1878,228.0,70.0,2350.0
1784125629.1,29713,32624,1878,212.0,70.0,2298.0
1784125630.2,29713,32624,1878,199.0,70.0,2260.0
1784125631.3,29713,32624,1878,215.0,70.0,2193.0
1784125632.4,29713,32624,1878,183.0,69.0,2145.0
1784125633.5,29713,32624,1878,220.0,69.0,2308.0
1784125634.6,29713,32624,1878,208.0,69.0,2249.0
1784125635.6,29713,32624,1878,143.0,69.0,2324.0
1784125636.7,29713,32624,1878,197.0,69.0,2210.0
1784125637.8,29713,32624,1878,188.0,69.0,1078.0
1784125638.9,29713,32624,1878,179.0,69.0,2188.0
1784125640.0,29713,32624,1878,207.0,69.0,2350.0
1784125641.1,29713,32624,1878,199.0,69.0,2191.0
1784125642.2,29713,32624,1878,212.0,69.0,2231.0
1784125643.3,29713,32624,1878,218.0,69.0,2271.0
1784125644.4,29713,32624,1878,209.0,68.0,2234.0
1784125645.5,29713,32624,1878,225.0,68.0,2350.0
1784125646.6,29713,32624,1878,243.0,68.0,2215.0
1784125647.7,29713,32624,1878,212.0,68.0,2228.0
1784125648.8,29713,32624,1878,222.0,68.0,2307.0
1784125649.9,29713,32624,1878,228.0,68.0,2350.0
1784125651.0,29713,32624,1878,197.0,68.0,2215.0
1784125652.1,29713,32624,1878,234.0,68.0,2399.0
1784125653.1,29713,32624,1878,210.0,68.0,2350.0
1784125654.2,29713,32624,1878,205.0,68.0,2280.0
1784125655.3,29713,32624,1878,210.0,68.0,2350.0
1784125656.4,29713,32624,1878,160.0,68.0,2251.0
1784125657.5,29713,32624,1878,224.0,68.0,2350.0
1784125658.6,29713,32624,1878,211.0,68.0,2350.0
1784125659.7,29713,32624,1878,201.0,68.0,2319.0
1784125660.8,29713,32624,1878,228.0,68.0,2350.0
1784125661.9,29713,32624,1878,206.0,68.0,2350.0
1784125663.0,29713,32624,1878,204.0,68.0,2172.0
1784125664.1,29713,32624,1878,209.0,68.0,2284.0
1784125665.2,29713,32624,1878,161.0,68.0,2271.0
1784125666.3,29713,32624,1878,210.0,68.0,2269.0
1784125667.4,29713,32624,1878,180.0,68.0,2199.0
1784125668.4,29713,32624,1878,212.0,68.0,2350.0
1784125669.5,29713,32624,1878,210.0,68.0,2277.0
1784125670.6,29713,32624,1878,246.0,67.0,2498.0
1784125671.7,29713,32624,1878,211.0,67.0,2350.0
1784125672.8,29713,32624,1878,191.0,67.0,2350.0
1784125673.9,29713,32624,1878,212.0,67.0,2301.0
1784125675.0,29713,32624,1878,209.0,68.0,2305.0
1784125676.1,29713,32624,1878,200.0,67.0,2350.0
1784125677.2,29713,32624,1878,211.0,67.0,2320.0
1784125678.3,29713,32624,1878,228.0,67.0,2350.0
1784125679.4,29713,32624,1878,211.0,67.0,2272.0
1784125680.5,29713,32624,1878,235.0,67.0,2385.0
1784125681.6,29713,32624,1878,229.0,67.0,2350.0
1784125682.6,29713,32624,1878,201.0,67.0,2350.0
1784125683.7,29713,32624,1878,223.0,67.0,2350.0
1784125684.8,29713,32624,1878,223.0,67.0,2350.0
1784125685.9,29713,32624,1878,220.0,67.0,2302.0
1784125687.0,29713,32624,1878,225.0,67.0,2324.0
1784125688.1,29713,32624,1878,225.0,67.0,2350.0
1784125689.2,29713,32624,1878,214.0,67.0,2292.0
1784125690.3,29713,32624,1878,219.0,67.0,2386.0
1784125691.4,29713,32624,1878,217.0,67.0,2320.0
1784125692.5,29713,32624,1878,208.0,67.0,2273.0
1784125693.6,29713,32624,1878,226.0,67.0,2320.0
1784125694.7,29713,32624,1878,203.0,67.0,2217.0
1784125695.8,29713,32624,1878,211.0,67.0,2292.0
1784125696.9,29713,32624,1878,214.0,67.0,2316.0
1784125697.9,29713,32624,1878,232.0,67.0,2350.0
1784125699.0,29713,32624,1878,213.0,67.0,2395.0
1784125700.1,29713,32624,1878,209.0,67.0,2274.0
1784125701.2,29713,32624,1878,230.0,67.0,2414.0
1784125702.3,29713,32624,1878,194.0,67.0,2350.0
1784125703.4,29713,32624,1878,229.0,67.0,2350.0
1784125704.5,29713,32624,1878,217.0,67.0,2410.0
1784125705.6,29713,32624,1878,211.0,67.0,2300.0
1784125706.7,29713,32624,1878,216.0,67.0,2311.0
1784125707.8,29713,32624,1878,214.0,67.0,2350.0
1784125708.9,29713,32624,1878,217.0,67.0,2350.0
1784125710.0,29713,32624,1878,214.0,67.0,2282.0
1784125711.1,29713,32624,1878,229.0,67.0,2350.0
1784125712.1,29713,32624,1878,230.0,67.0,2350.0
1784125713.2,29713,32624,1878,214.0,67.0,2303.0
1784125714.3,29713,32624,1878,166.0,67.0,2300.0
1784125715.4,29713,32624,1878,213.0,67.0,2275.0
1784125716.5,29713,32624,1878,221.0,67.0,2313.0
1784125717.6,29713,32624,1878,211.0,67.0,2322.0
1784125718.7,29713,32624,1878,228.0,67.0,2350.0
1784125719.8,29713,32624,1878,184.0,67.0,2199.0
1784125720.9,29713,32624,1878,211.0,67.0,2306.0
1784125722.0,29713,32624,1878,213.0,67.0,2236.0
1784125723.1,29713,32624,1878,218.0,67.0,2303.0
1784125724.2,29713,32624,1878,218.0,67.0,2309.0
1784125725.2,29713,32624,1878,213.0,67.0,2261.0
1784125726.3,29713,32624,1878,218.0,67.0,2350.0
1784125727.4,29713,32624,1878,233.0,67.0,2377.0
1784125728.5,29713,32624,1878,204.0,67.0,2290.0
1784125729.6,29713,32624,1878,221.0,67.0,2350.0
1784125730.7,29713,32624,1878,189.0,67.0,2350.0
1784125731.8,29713,32624,1878,218.0,67.0,2306.0
1784125732.9,29713,32624,1889,146.0,67.0,2245.0
1784125734.0,29713,32624,1890,210.0,67.0,2279.0
1784125735.1,29713,32624,1870,210.0,67.0,2383.0
1784125736.2,29713,32624,1870,224.0,67.0,2320.0
1784125737.3,29713,32624,1880,213.0,67.0,2314.0
1784125738.4,29713,32624,1880,201.0,67.0,2307.0
1784125739.5,29713,32624,1880,208.0,67.0,2301.0
1784125740.5,29713,32624,1870,209.0,67.0,2317.0
1784125741.6,29713,32624,1889,181.0,67.0,2255.0
1784125742.7,29713,32624,1880,241.0,67.0,2412.0
1784125743.8,29713,32624,1870,154.0,67.0,2257.0
1784125744.9,29713,32624,1870,223.0,67.0,2350.0
1784125746.0,29713,32624,1870,220.0,67.0,2350.0
1784125747.1,29713,32624,1870,216.0,67.0,2309.0
1784125748.2,29713,32624,1870,216.0,67.0,2350.0
1784125749.3,29713,32624,1870,239.0,67.0,2238.0
1784125750.4,29713,32624,1870,198.0,67.0,2293.0
1784125751.5,29713,32624,1870,208.0,67.0,2287.0
1784125752.6,29713,32624,1870,218.0,67.0,2399.0
1784125753.7,29713,32624,1870,225.0,67.0,2350.0
1784125754.8,29713,32624,1870,43.0,67.0,0.0
1784125755.8,29713,32624,1870,229.0,67.0,2350.0
1784125756.9,29713,32624,1880,126.0,67.0,2232.0
1784125758.0,29713,32624,1880,213.0,67.0,2319.0
1784125759.1,29713,32624,1880,211.0,67.0,2350.0
1784125760.2,29713,32624,1880,215.0,67.0,2292.0
1784125761.3,29713,32624,1880,227.0,67.0,2188.0
1784125762.4,29713,32624,1880,202.0,67.0,2246.0
1784125763.5,29713,32624,1880,210.0,67.0,2350.0
1784125764.6,29713,32624,1880,43.0,67.0,0.0
1784125765.7,29713,32624,1870,230.0,67.0,2350.0
1784125766.8,29713,32624,1880,158.0,67.0,2350.0
1784125767.9,29713,32624,1880,217.0,67.0,2350.0
1784125769.0,29713,32624,1880,235.0,67.0,2378.0
1784125770.0,29713,32624,1870,178.0,67.0,2350.0
1784125771.1,29713,32624,1870,214.0,67.0,2350.0
1784125772.2,29713,32624,1870,218.0,67.0,2274.0
1784125773.3,29713,32624,1870,224.0,67.0,2350.0
1784125774.4,29713,32624,1870,217.0,67.0,2350.0
1784125775.5,29716,32624,1870,222.0,67.0,2388.0
1784125776.6,29719,32624,1870,237.0,64.0,2318.0
1784125777.7,29719,32624,1870,215.0,67.0,2282.0
1784125778.8,29719,32624,1870,237.0,67.0,2403.0
1784125779.9,29719,32624,1870,214.0,67.0,2316.0
1784125781.0,29719,32624,1870,210.0,67.0,2350.0
1784125782.1,29719,32624,1870,201.0,67.0,2350.0
1784125783.1,29719,32624,1870,258.0,67.0,2435.0
1784125784.2,29719,32624,1870,196.0,67.0,2463.0
1784125785.3,29719,32624,1870,151.0,67.0,2219.0
1784125786.4,29719,32624,1870,218.0,67.0,2283.0
1784125787.5,29719,32624,1870,211.0,67.0,2246.0
1784125788.6,29719,32624,1870,220.0,67.0,2350.0
1784125789.7,29719,32624,1870,206.0,66.0,2315.0
1784125790.8,29719,32624,1870,223.0,67.0,2319.0
1784125791.9,29719,32624,1870,215.0,67.0,2350.0
1784125793.0,29719,32624,1870,220.0,67.0,2390.0
1784125794.1,29719,32624,1870,177.0,67.0,2489.0
1784125795.2,29719,32624,1870,142.0,67.0,2306.0
1784125796.3,29719,32624,1870,206.0,67.0,2307.0
1784125797.4,29719,32624,1870,210.0,67.0,2309.0
1784125798.4,29719,32624,1870,217.0,67.0,2350.0
1784125799.5,29719,32624,1870,210.0,67.0,2350.0
1784125800.6,29719,32624,1870,225.0,67.0,2388.0
1784125801.7,29719,32624,1870,199.0,67.0,2460.0
1784125802.8,29719,32624,1870,184.0,67.0,2134.0
1784125803.9,29719,32624,1870,211.0,67.0,2251.0
1784125805.0,29719,32624,1870,209.0,67.0,2311.0
1784125806.1,29719,32624,1870,204.0,67.0,2350.0
1784125807.2,29719,32624,1870,220.0,68.0,2392.0
1784125808.3,29719,32624,1870,193.0,68.0,2473.0
1784125809.4,29719,32624,1870,170.0,68.0,2350.0
1784125810.5,29719,32624,1870,201.0,68.0,2206.0
1784125811.6,29719,32624,1870,204.0,68.0,2178.0
1784125812.7,29719,32624,1870,222.0,68.0,2297.0
1784125813.8,29719,32624,1870,214.0,68.0,2350.0
1784125814.9,29719,32624,1870,166.0,68.0,2469.0
1784125815.9,29719,32624,1870,229.0,68.0,2305.0
1784125817.0,29719,32624,1870,206.0,68.0,2350.0
1784125818.1,29719,32624,1870,219.0,68.0,2350.0
1784125819.2,29719,32624,1870,246.0,68.0,2510.0
1784125820.3,29719,32624,1870,204.0,68.0,2140.0
1784125821.4,29719,32624,1870,204.0,68.0,2291.0
1784125822.5,29719,32624,1870,222.0,68.0,2395.0
1784125823.6,29719,32624,1870,194.0,69.0,2412.0
1784125824.7,29719,32624,1870,196.0,69.0,2185.0
1784125825.8,29719,32624,1870,218.0,69.0,2276.0
1784125826.9,29719,32624,1870,242.0,69.0,2392.0
1784125828.0,29719,32624,1870,213.0,69.0,2463.0
1784125829.1,29719,32624,1870,219.0,69.0,2284.0
1784125830.2,29719,32624,1870,216.0,69.0,2350.0
1784125831.2,29719,32624,1870,214.0,69.0,2251.0
1784125832.3,29719,32624,1870,133.0,69.0,2566.0
1784125833.4,29719,32624,1870,227.0,69.0,2243.0
1784125834.5,29719,32624,1870,212.0,69.0,2236.0
1784125835.6,29719,32624,1870,219.0,69.0,2350.0
1784125836.7,29719,32624,1870,184.0,69.0,2350.0
1784125837.8,29719,32624,1870,200.0,69.0,2239.0
1784125838.9,29719,32624,1870,211.0,69.0,2350.0
1784125840.0,29719,32624,1870,225.0,69.0,2440.0
1784125841.1,29719,32624,1870,214.0,69.0,2243.0
1784125842.2,29719,32624,1870,218.0,69.0,2316.0
1784125843.3,29719,32624,1870,212.0,69.0,2313.0
1784125844.4,29719,32624,1870,185.0,69.0,2350.0
1784125845.5,29719,32624,1870,208.0,69.0,2276.0
1784125846.6,29719,32624,1870,226.0,69.0,2314.0
1784125847.6,29719,32624,1870,207.0,69.0,2441.0
1784125848.7,29719,32624,1870,221.0,69.0,2350.0
1784125849.8,29719,32624,1870,208.0,69.0,2350.0
1784125850.9,29719,32624,1870,210.0,69.0,2350.0
1784125852.0,29719,32624,1870,165.0,69.0,2350.0
1784125853.1,29719,32624,1870,220.0,69.0,2350.0
1784125854.2,29719,32624,1870,213.0,69.0,2350.0
1784125855.3,29719,32624,1870,189.0,69.0,2389.0
1784125856.4,29719,32624,1870,204.0,69.0,2226.0
1784125857.5,29719,32624,1870,218.0,69.0,2270.0
1784125858.6,29719,32624,1870,231.0,69.0,2350.0
1784125859.7,29719,32624,1870,154.0,69.0,2252.0
1784125860.8,29719,32624,1870,223.0,69.0,2287.0
1784125861.9,29719,32624,1870,213.0,70.0,2240.0
1784125863.0,29719,32624,1870,201.0,70.0,2435.0
1784125864.1,29719,32624,1870,216.0,69.0,2279.0
1784125865.2,29719,32624,1870,235.0,70.0,2388.0
1784125866.3,29719,32624,1870,207.0,70.0,2301.0
1784125867.4,29719,32624,1870,225.0,70.0,2273.0
1784125868.5,29719,32624,1870,233.0,69.0,2350.0
1784125869.6,29719,32624,1870,204.0,69.0,2128.0
1784125870.6,29719,32624,1880,208.0,70.0,2318.0
1784125871.7,29719,32624,1880,181.0,70.0,2464.0
1784125872.8,29719,32624,1880,207.0,70.0,2322.0
1784125873.9,29719,32624,1880,214.0,70.0,2350.0
1784125875.0,29719,32624,1870,191.0,70.0,2350.0
1784125876.1,29719,32624,1870,198.0,70.0,2234.0
1784125877.2,29719,32624,1870,219.0,70.0,2476.0
1784125878.3,29719,32624,1870,246.0,70.0,2319.0
1784125879.4,29719,32624,1880,244.0,69.0,2395.0
1784125880.5,29719,32624,1880,213.0,70.0,2274.0
1784125881.6,29719,32624,1880,192.0,70.0,2618.0
1784125882.7,29719,32624,1870,196.0,70.0,2224.0
1784125883.8,29719,32624,1870,213.0,70.0,2350.0
1784125884.9,29719,32624,1870,206.0,70.0,2254.0
1784125886.0,29719,32624,1870,233.0,70.0,2350.0
1784125887.1,29719,32624,1870,186.0,70.0,2244.0
1784125888.2,29719,32624,1880,220.0,70.0,2416.0
1784125889.3,29719,32624,1880,181.0,70.0,2436.0
1784125890.3,29719,32624,1870,210.0,70.0,2350.0
1784125891.4,29719,32624,1870,179.0,70.0,2556.0
1784125892.5,29719,32624,1870,225.0,70.0,2261.0
1784125893.6,29719,32624,1870,262.0,70.0,2433.0
1784125894.7,29719,32624,1870,205.0,70.0,2277.0
1784125895.8,29719,32624,1870,221.0,70.0,2350.0
1784125896.9,29719,32624,1870,211.0,70.0,2295.0
1784125898.0,29719,32624,1870,203.0,70.0,2247.0
1784125899.1,29719,32624,1870,235.0,70.0,2251.0
1784125900.2,29719,32624,1870,238.0,70.0,2350.0
1784125901.3,29719,32624,1870,151.0,70.0,2229.0
1784125902.4,29719,32624,1870,205.0,70.0,2257.0
1784125903.5,29719,32624,1870,161.0,70.0,2350.0
1784125904.6,29719,32624,1870,211.0,70.0,2226.0
1784125905.7,29719,32624,1870,193.0,70.0,2383.0
1784125906.8,29719,32624,1870,220.0,70.0,2313.0
1784125907.9,29719,32624,1870,191.0,70.0,2441.0
1784125909.0,29719,32624,1870,215.0,70.0,2350.0
1784125910.1,29719,32624,1870,248.0,70.0,2442.0
1784125911.1,29719,32624,1870,221.0,70.0,2282.0
1784125912.2,29719,32624,1870,227.0,70.0,2438.0
1784125913.3,29719,32624,1870,204.0,70.0,2287.0
1784125914.4,29719,32624,1870,238.0,70.0,2529.0
1784125915.5,29719,32624,1870,220.0,70.0,2265.0
1784125916.6,29719,32624,1870,227.0,70.0,2350.0
1784125917.7,29719,32624,1870,230.0,70.0,2227.0
1784125918.8,29719,32624,1870,219.0,70.0,2350.0
1784125919.9,29719,32624,1870,196.0,70.0,2410.0
1784125921.0,29719,32624,1870,226.0,70.0,2315.0
1784125922.1,29719,32624,1870,176.0,70.0,2423.0
1784125923.2,29719,32624,1880,216.0,70.0,2310.0
1784125924.3,29719,32624,1880,211.0,70.0,2495.0
1784125925.4,29719,32624,1880,220.0,70.0,2350.0
1784125926.5,29719,32624,1880,174.0,70.0,2381.0
1784125927.6,29719,32624,1880,214.0,70.0,2350.0
1784125928.7,29719,32624,1880,127.0,70.0,2268.0
1784125929.8,29719,32624,1880,223.0,70.0,2506.0
1784125930.9,29719,32624,1870,221.0,70.0,2270.0
1784125932.0,29719,32624,1890,186.0,70.0,2416.0
1784125933.1,29719,32624,1890,223.0,70.0,2350.0
1784125934.2,29719,32624,1880,192.0,70.0,2191.0
1784125935.2,29719,32624,1880,235.0,70.0,2495.0
1784125936.3,29719,32624,1880,209.0,70.0,2350.0
1784125937.4,29719,32624,1880,239.0,70.0,2350.0
1784125938.5,29719,32624,1880,234.0,70.0,2216.0
1784125939.6,29719,32624,1880,224.0,70.0,2350.0
1784125940.7,29719,32624,1880,213.0,70.0,2263.0
1784125941.8,29719,32624,1880,176.0,70.0,2417.0
1784125942.9,29719,32624,1880,211.0,70.0,2257.0
1784125944.0,29719,32624,1880,207.0,70.0,2219.0
1784125945.1,29719,32624,1880,168.0,70.0,2445.0
1784125946.2,29719,32624,1880,247.0,70.0,2486.0
1784125947.3,29719,32624,1880,213.0,70.0,2249.0
1784125948.4,29719,32624,1880,122.0,70.0,2248.0
1784125949.5,29719,32624,1880,214.0,70.0,2448.0
1784125950.6,29719,32624,1880,214.0,70.0,2253.0
1784125951.7,29719,32624,1870,217.0,70.0,2262.0
1784125952.8,29719,32624,1870,257.0,70.0,2534.0
1784125953.9,29719,32624,1870,205.0,70.0,2239.0
1784125954.9,29719,32624,1870,135.0,70.0,2295.0
1784125956.0,29719,32624,1880,246.0,70.0,2381.0
1784125957.1,29719,32624,1880,205.0,70.0,2252.0
1784125958.2,29719,32624,1870,143.0,70.0,2294.0
1784125959.3,29719,32624,1880,219.0,70.0,2458.0
1784125960.4,29719,32624,1880,209.0,70.0,2292.0
1784125961.5,29719,32624,1870,164.0,70.0,2350.0
1784125962.6,29719,32624,1870,230.0,70.0,2350.0
1784125963.7,29719,32624,1870,205.0,70.0,2300.0
1784125964.8,29719,32624,1880,230.0,70.0,2187.0
1784125965.9,29719,32624,1880,181.0,70.0,2350.0
1784125967.0,29719,32624,1880,212.0,70.0,2312.0
1784125968.1,29719,32624,1880,221.0,70.0,2281.0
1784125969.2,29719,32624,1880,208.0,70.0,2350.0
1784125970.2,29719,32624,1880,211.0,70.0,2405.0
1784125971.3,29719,32624,1880,53.0,71.0,1158.0
1784125972.4,29719,32624,1870,190.0,70.0,2226.0
1784125973.5,29719,32624,1880,216.0,70.0,2271.0
1784125974.6,29719,32624,1880,221.0,70.0,2216.0
1784125975.7,29719,32624,1880,240.0,70.0,2350.0
1784125976.8,29719,32624,1880,175.0,70.0,2481.0
1784125977.9,29719,32624,1880,193.0,70.0,2198.0
1784125979.0,29719,32624,1880,206.0,69.0,2324.0
1784125980.1,29719,32624,1880,218.0,69.0,2275.0
1784125981.2,29719,32624,1870,221.0,69.0,2321.0
1784125982.3,29719,32624,1870,244.0,69.0,2484.0
1784125983.4,29719,32624,1870,194.0,69.0,2383.0
1784125984.5,29719,32624,1870,150.0,69.0,2263.0
1784125985.6,29719,32624,1880,213.0,69.0,2249.0
1784125986.7,29719,32624,1880,196.0,69.0,2228.0
1784125987.7,29719,32624,1870,218.0,69.0,2350.0
1784125988.8,29719,32624,1870,243.0,69.0,2385.0
1784125989.9,29719,32624,1870,195.0,69.0,2244.0
1784125991.0,29719,32624,1870,207.0,69.0,2246.0
1784125992.1,29719,32624,1870,213.0,69.0,2284.0
1784125993.2,29719,32624,1870,229.0,69.0,2379.0
1784125994.3,29719,32624,1870,203.0,69.0,2425.0
1784125995.4,29719,32624,1870,230.0,69.0,2257.0
1784125996.5,29719,32624,1870,212.0,69.0,2238.0
1784125997.6,29719,32624,1870,212.0,69.0,2283.0
1784125998.7,29719,32624,1880,184.0,69.0,2486.0
1784125999.8,29719,32624,1872,227.0,70.0,2224.0
1784126000.9,29719,32624,1872,204.0,69.0,2243.0
1784126002.0,29719,32624,1882,219.0,69.0,2277.0
1784126003.0,29719,32624,1882,202.0,69.0,2485.0
1784126004.1,29719,32624,1882,207.0,69.0,2280.0
1784126005.2,29719,32624,1882,200.0,69.0,2232.0
1784126006.3,29719,32624,1882,227.0,70.0,2350.0
1784126007.4,29719,32624,1882,191.0,70.0,2386.0
1784126008.5,29719,32624,1880,211.0,70.0,2321.0
1784126009.6,29719,32624,1880,212.0,70.0,2196.0
1784126010.7,29719,32624,1880,178.0,70.0,2434.0
1784126011.8,29719,32624,1880,224.0,70.0,2262.0
1784126012.9,29719,32624,1880,210.0,70.0,2228.0
1784126014.0,29719,32624,1880,184.0,70.0,2459.0
1784126015.1,29719,32624,1880,182.0,70.0,2120.0
1784126016.2,29719,32624,1870,204.0,70.0,2249.0
1784126017.3,29719,32624,1870,225.0,70.0,2396.0
1784126018.4,29719,32624,1870,167.0,70.0,2350.0
1784126019.5,29719,32624,1870,205.0,70.0,2208.0
1784126020.6,29719,32624,1870,223.0,70.0,2410.0
1784126021.6,29719,32624,1870,128.0,70.0,2531.0
1784126022.7,29719,32624,1870,203.0,70.0,2214.0
1784126023.8,29719,32624,1870,223.0,70.0,2298.0
1784126024.9,29719,32624,1870,204.0,70.0,2486.0
1784126026.0,29719,32624,1870,211.0,70.0,2241.0
1784126027.1,29719,32624,1870,216.0,70.0,2350.0
1784126028.2,29719,32624,1870,219.0,70.0,2350.0
1784126029.3,29719,32624,1870,168.0,70.0,2350.0
1784126030.4,29719,32624,1870,204.0,70.0,2257.0
1784126031.5,29719,32624,1870,204.0,70.0,2244.0
1784126032.6,29719,32624,1870,238.0,70.0,2404.0
1784126033.7,29719,32624,1870,139.0,70.0,2228.0
1784126034.8,29719,32624,1870,195.0,70.0,2234.0
1784126035.9,29719,32624,1870,238.0,70.0,2490.0
1784126037.0,29719,32624,1870,189.0,70.0,2220.0
1784126038.1,29719,32624,1870,201.0,70.0,2212.0
1784126039.2,29719,32624,1870,249.0,70.0,2414.0
1784126040.2,29719,32624,1870,206.0,70.0,2229.0
1784126041.3,29719,32624,1870,220.0,70.0,2264.0
1784126042.4,29719,32624,1870,186.0,70.0,2496.0
1784126043.5,29719,32624,1870,228.0,70.0,2300.0
1784126044.6,29719,32624,1870,209.0,70.0,2324.0
1784126045.7,29719,32624,1870,168.0,70.0,2350.0
1784126046.8,29719,32624,1870,207.0,70.0,2320.0
1784126047.9,29719,32624,1870,239.0,70.0,2350.0
1784126049.0,29719,32624,1870,217.0,70.0,2255.0
1784126050.1,29719,32624,1870,212.0,70.0,2247.0
1784126051.2,29719,32624,1870,201.0,70.0,2399.0
1784126052.3,29719,32624,1870,211.0,70.0,2292.0
1784126053.4,29719,32624,1870,217.0,70.0,2307.0
1784126054.5,29719,32624,1870,166.0,70.0,2190.0
1784126055.5,29719,32624,1870,214.0,70.0,2294.0
1784126056.6,29719,32624,1870,188.0,70.0,2441.0
1784126057.7,29719,32624,1870,201.0,70.0,2262.0
1784126058.8,29719,32624,1870,213.0,70.0,2309.0
1784126059.9,29719,32624,1870,218.0,70.0,2262.0
1784126061.0,29719,32624,1870,225.0,70.0,2308.0
1784126062.1,29719,32624,1870,130.0,70.0,2290.0
1784126063.2,29719,32624,1870,218.0,70.0,2280.0
1784126064.3,29719,32624,1870,197.0,70.0,2459.0
1784126065.4,29719,32624,1870,207.0,70.0,2260.0
1784126066.5,29719,32624,1870,250.0,70.0,2496.0
1784126067.6,29719,32624,1870,201.0,70.0,2232.0
1784126068.6,29719,32624,1870,220.0,70.0,2350.0
1784126069.7,29719,32624,1870,185.0,70.0,2427.0
1784126070.8,29719,32624,1870,208.0,70.0,2284.0
1784126071.9,29719,32624,1870,221.0,70.0,2322.0
1784126073.0,29719,32624,1870,231.0,70.0,2291.0
1784126074.1,29719,32624,1870,209.0,70.0,2312.0
1784126075.2,29719,32624,1870,178.0,70.0,2350.0
1784126076.3,29719,32624,1870,213.0,70.0,2237.0
1784126077.4,29719,32624,1870,255.0,70.0,2404.0
1784126078.5,29719,32624,1870,209.0,70.0,2264.0
1784126079.6,29719,32624,1870,214.0,70.0,2350.0
1784126080.7,29719,32624,1870,193.0,70.0,2221.0
1784126081.8,29719,32624,1870,201.0,70.0,2265.0
1784126082.9,29719,32624,1870,250.0,70.0,2446.0
1784126084.0,29719,32624,1870,192.0,70.0,2218.0
1784126085.0,29719,32624,1870,227.0,70.0,2463.0
1784126086.1,29719,32624,1870,207.0,70.0,2213.0
1784126087.2,29719,32624,1870,210.0,70.0,2279.0
1784126088.3,29719,32624,1870,156.0,70.0,2174.0
1784126089.4,29719,32624,1870,213.0,70.0,2294.0
1784126090.5,29719,32624,1870,186.0,70.0,2438.0
1784126091.6,29719,32624,1870,213.0,70.0,2243.0
1784126092.7,29719,32624,1870,162.0,70.0,2380.0
1784126093.8,29719,32624,1870,215.0,70.0,2278.0
1784126094.9,29719,32624,1870,174.0,70.0,2407.0
1784126096.0,29719,32624,1870,218.0,70.0,2300.0
1784126097.1,29719,32624,1870,173.0,70.0,2350.0
1784126098.2,29719,32624,1870,215.0,70.0,2313.0
1784126099.3,29719,32624,1870,198.0,70.0,2438.0
1784126100.4,29719,32624,1870,212.0,70.0,2261.0
1784126101.5,29719,32624,1870,153.0,70.0,2158.0
1784126102.5,29719,32624,1870,219.0,70.0,2350.0
1784126103.6,29719,32624,1870,217.0,70.0,2196.0
1784126104.7,29719,32624,1870,226.0,70.0,2350.0
1784126105.8,29719,32624,1870,133.0,70.0,2267.0
1784126106.9,29719,32624,1870,213.0,70.0,2350.0
1784126108.0,29719,32624,1870,215.0,70.0,2223.0
1784126109.1,29719,32624,1870,217.0,70.0,2324.0
1784126110.2,29719,32624,1870,219.0,70.0,2253.0
1784126111.3,29719,32624,1870,227.0,70.0,2350.0
1784126112.4,29719,32624,1870,216.0,70.0,2215.0
1784126113.5,29719,32624,1870,221.0,70.0,2424.0
1784126114.6,29719,32624,1870,224.0,70.0,2277.0
1784126115.7,29719,32624,1870,216.0,70.0,2308.0
1784126116.7,29719,32624,1870,214.0,70.0,2265.0
1784126117.8,29719,32624,1870,225.0,70.0,2449.0
1784126118.9,29719,32624,1870,210.0,70.0,2236.0
1784126120.0,29719,32624,1870,214.0,70.0,2302.0
1784126121.1,29719,32624,1870,197.0,70.0,2248.0
1784126122.2,29719,32624,1870,201.0,70.0,2311.0
1784126123.3,29719,32624,1870,218.0,70.0,2146.0
1784126124.4,29719,32624,1870,235.0,70.0,2385.0
1784126125.5,29719,32624,1870,225.0,70.0,2321.0
1784126126.6,29719,32624,1870,195.0,70.0,2482.0
1784126127.7,29719,32624,1870,204.0,70.0,2287.0
1784126128.8,29719,32624,1870,237.0,70.0,2243.0
1784126129.9,29719,32624,1870,228.0,70.0,2288.0
1784126131.0,29719,32624,1870,215.0,70.0,2270.0
1784126132.0,29719,32624,1870,258.0,70.0,2502.0
1784126133.1,29719,32624,1870,221.0,70.0,2390.0
1784126134.2,29719,32624,1870,149.0,70.0,2230.0
1784126135.3,29719,32624,1870,228.0,70.0,2350.0
1784126136.4,29719,32624,1870,212.0,70.0,2257.0
1784126137.5,29719,32624,1870,230.0,70.0,2459.0
1784126138.6,29719,32624,1870,221.0,70.0,2310.0
1784126139.7,29719,32624,1870,169.0,70.0,2350.0
1784126140.8,29719,32624,1870,213.0,70.0,2350.0
1784126141.9,29719,32624,1870,217.0,70.0,2253.0
1784126143.0,29719,32624,1870,244.0,70.0,2407.0
1784126144.1,29719,32624,1870,200.0,70.0,2269.0
1784126145.2,29719,32624,1870,184.0,70.0,2193.0
1784126146.3,29719,32624,1870,235.0,70.0,2442.0
1784126147.4,29719,32624,1870,214.0,70.0,2278.0
1784126148.4,29719,32624,1870,195.0,70.0,2476.0
1784126149.5,29719,32624,1870,223.0,70.0,2350.0
1784126150.6,29719,32624,1870,200.0,70.0,2283.0
1784126151.7,29719,32624,1870,195.0,70.0,2428.0
1784126152.8,29719,32624,1870,200.0,70.0,2267.0
1784126153.9,29719,32624,1870,209.0,70.0,2191.0
1784126155.0,29719,32624,1870,220.0,70.0,2474.0
1784126156.1,29719,32624,1870,226.0,70.0,2303.0
1784126157.2,29719,32624,1870,210.0,70.0,2186.0
1784126158.3,29719,32624,1870,226.0,70.0,2350.0
1784126159.4,29719,32624,1870,231.0,70.0,2397.0
1784126160.5,29719,32624,1870,205.0,70.0,2350.0
1784126161.6,29719,32624,1870,199.0,70.0,2295.0
1784126162.7,29719,32624,1870,236.0,70.0,2425.0
1784126163.7,29719,32624,1870,192.0,70.0,2387.0
1784126164.8,29719,32624,1870,218.0,70.0,2236.0
1784126165.9,29719,32624,1870,214.0,70.0,2284.0
1784126167.0,29719,32624,1870,222.0,70.0,2350.0
1784126168.1,29719,32624,1870,227.0,70.0,2283.0
1784126169.2,29719,32624,1870,194.0,70.0,2487.0
1784126170.3,29719,32624,1870,158.0,70.0,2242.0
1784126171.4,29719,32624,1870,207.0,69.0,2265.0
1784126172.5,29719,32624,1870,211.0,70.0,2289.0
1784126173.6,29719,32624,1870,231.0,69.0,2302.0
1784126174.7,29719,32624,1870,221.0,69.0,2379.0
1784126175.8,29719,32624,1870,187.0,69.0,2479.0
1784126176.8,29719,32624,1870,148.0,69.0,2226.0
1784126177.9,29719,32624,1870,205.0,69.0,2270.0
1784126179.0,29719,32624,1870,196.0,69.0,2187.0
1784126180.1,29719,32624,1870,223.0,69.0,2379.0
1784126181.2,29719,32624,1870,236.0,69.0,2451.0
1784126182.3,29719,32624,1870,193.0,69.0,2411.0
1784126183.4,29719,32624,1870,215.0,69.0,2207.0
1784126184.5,29719,32624,1870,208.0,69.0,2260.0
1784126185.6,29719,32624,1870,229.0,69.0,2350.0
1784126186.7,29719,32624,1870,186.0,69.0,2471.0
1784126187.8,29719,32624,1870,214.0,70.0,2249.0
1784126188.9,29719,32624,1870,212.0,69.0,2239.0
1784126190.0,29719,32624,1870,215.0,70.0,2319.0
1784126191.1,29719,32624,1870,232.0,69.0,2387.0
1784126192.1,29719,32624,1870,179.0,69.0,2350.0
1784126193.3,29719,32624,1870,166.0,70.0,2199.0
1784126194.3,29719,32624,1870,222.0,70.0,2292.0
1784126195.4,29719,32624,1870,216.0,70.0,2286.0
1784126196.5,29719,32624,1870,193.0,70.0,2486.0
1784126197.6,29719,32624,1870,176.0,70.0,2182.0
1784126198.7,29719,32624,1870,217.0,70.0,2311.0
1784126199.8,29719,32624,1870,215.0,70.0,2304.0
1784126200.9,29719,32624,1870,187.0,70.0,2496.0
1784126202.0,29719,32624,1870,219.0,70.0,2299.0
1784126203.1,29719,32624,1870,202.0,70.0,2254.0
1784126204.2,29719,32624,1880,237.0,70.0,2430.0
1784126205.3,29719,32624,1880,153.0,70.0,2245.0
1784126206.4,29719,32624,1880,204.0,70.0,2273.0
1784126207.5,29719,32624,1880,232.0,70.0,2350.0
1784126208.6,29719,32624,1880,257.0,70.0,2415.0
1784126209.6,29719,32624,1880,192.0,70.0,2226.0
1784126210.7,29719,32624,1880,219.0,70.0,2311.0
1784126211.8,29719,32624,1880,232.0,70.0,2350.0
1784126212.9,29719,32624,1880,176.0,70.0,2419.0
1784126214.0,29719,32624,1880,207.0,70.0,2226.0
1784126215.1,29719,32624,1880,210.0,70.0,2305.0
1784126216.2,29719,32624,1880,188.0,70.0,2504.0
1784126217.3,29719,32624,1880,213.0,70.0,2229.0
1784126218.4,29719,32624,1880,225.0,70.0,2412.0
1784126219.5,29719,32624,1880,195.0,70.0,2451.0
1784126220.6,29719,32624,1880,219.0,70.0,2272.0
1784126221.7,29719,32624,1880,211.0,70.0,2350.0
1784126222.8,29719,32624,1880,223.0,70.0,2459.0
1784126223.8,29719,32624,1880,227.0,70.0,2267.0
1784126224.9,29719,32624,1880,222.0,70.0,2246.0
1784126226.0,29719,32624,1880,232.0,70.0,2510.0
1784126227.1,29719,32624,1880,208.0,70.0,2215.0
1784126228.2,29719,32624,1880,227.0,70.0,2277.0
1784126229.3,29719,32624,1880,256.0,70.0,2639.0
1784126230.4,29719,32624,1880,180.0,70.0,2166.0
1784126231.5,29719,32624,1880,222.0,70.0,2312.0
1784126232.6,29719,32624,1880,209.0,70.0,2279.0
1784126233.7,29719,32624,1880,198.0,70.0,2488.0
1784126234.8,29719,32624,1880,211.0,70.0,2258.0
1784126235.9,29719,32624,1880,208.0,70.0,2291.0
1784126237.0,29719,32624,1880,173.0,70.0,2350.0
1784126238.1,29719,32624,1880,202.0,70.0,2294.0
1784126239.2,29719,32624,1880,230.0,70.0,2427.0
1784126240.2,29719,32624,1880,206.0,70.0,2278.0
1784126241.3,29719,32624,1870,237.0,70.0,2414.0
1784126242.4,29719,32624,1870,186.0,70.0,2221.0
1784126243.5,29719,32624,1870,212.0,71.0,2290.0
1784126244.6,29719,32624,1870,226.0,70.0,2324.0
1784126245.7,29719,32624,1870,137.0,70.0,2350.0
1784126246.8,29719,32624,1872,203.0,70.0,2263.0
1784126247.9,29719,32624,1872,243.0,70.0,2429.0
1784126249.0,29719,32624,1872,210.0,70.0,2236.0
1784126250.1,29719,32624,1872,211.0,70.0,2191.0
1784126251.2,29719,32624,1872,271.0,70.0,2497.0
1784126252.3,29719,32624,1872,210.0,70.0,2279.0
1784126253.4,29719,32624,1872,206.0,70.0,2240.0
1784126254.5,29719,32624,1872,254.0,70.0,2386.0
1784126255.6,29719,32624,1872,235.0,70.0,2267.0
1784126256.6,29719,32624,1872,211.0,70.0,2268.0
1784126257.7,29719,32624,1872,190.0,70.0,2416.0
1784126258.8,29719,32624,1872,186.0,70.0,2207.0
1784126259.9,29719,32624,1880,214.0,70.0,2324.0
1784126261.0,29719,32624,1870,185.0,70.0,2220.0
1784126262.1,29719,32624,1870,193.0,70.0,2449.0
1784126263.2,29719,32624,1880,224.0,70.0,2303.0
1784126264.3,29843,32624,1901,209.0,70.0,2260.0
1784126265.4,29847,32624,1895,235.0,70.0,2479.0
1784126266.5,29847,32624,1895,214.0,70.0,2264.0
1784126267.6,29847,32624,1895,227.0,70.0,2350.0
1784126268.7,29847,32624,1895,212.0,70.0,2191.0
1784126269.8,29843,32624,1893,221.0,70.0,2295.0
1784126270.9,29839,32624,1893,202.0,70.0,2430.0
1784126272.0,29839,32624,1893,199.0,70.0,2234.0
1784126273.0,29839,32624,1893,273.0,70.0,2424.0
1784126274.1,29839,32624,1893,216.0,70.0,2261.0
1784126275.2,29839,32624,1893,231.0,70.0,2350.0
1784126276.3,29839,32624,1893,214.0,70.0,2277.0
1784126277.4,29839,32624,1893,232.0,70.0,2407.0
1784126278.5,29839,32624,1893,232.0,70.0,2284.0
1784126279.6,29839,32624,1893,217.0,70.0,2309.0
1784126280.7,29839,32624,1893,159.0,70.0,2191.0
1784126281.8,29839,32624,1893,191.0,70.0,2229.0
1784126282.9,29839,32624,1893,159.0,70.0,2350.0
1784126284.0,29839,32624,1893,211.0,70.0,2305.0
1784126285.1,29839,32624,1893,174.0,70.0,2306.0
1784126286.1,29839,32624,1893,216.0,70.0,2350.0
1784126287.2,29839,32624,1893,156.0,70.0,2240.0
1784126288.3,29839,32624,1893,219.0,70.0,2253.0
1784126289.4,29839,32624,1893,212.0,70.0,2212.0
1784126290.5,29839,32624,1893,218.0,70.0,2350.0
1784126291.6,29839,32624,1893,197.0,70.0,2162.0
1784126292.7,29849,32624,1897,212.0,70.0,2377.0
1784126293.8,29849,32624,1895,196.0,70.0,2189.0
1784126294.9,29849,32624,1895,226.0,70.0,2472.0
1784126296.0,29849,32624,1895,206.0,70.0,2241.0
1784126297.1,29841,32624,1895,196.0,70.0,2456.0
1784126298.2,29841,32624,1884,212.0,70.0,2296.0
1784126299.3,29862,32624,1884,143.0,70.0,2257.0
1784126300.4,29862,32624,1884,223.0,70.0,2350.0
1784126301.4,29862,32624,1882,206.0,70.0,2202.0
1784126302.5,29864,32624,1888,239.0,70.0,2350.0
1784126303.6,29864,32624,1886,205.0,70.0,2272.0
1784126304.7,29855,32624,1886,249.0,70.0,2442.0
1784126305.8,29853,32624,1880,225.0,70.0,2304.0
1784126306.9,29862,32624,1884,220.0,70.0,2512.0
1784126308.0,29862,32624,1882,214.0,70.0,2350.0
1784126309.1,29862,32624,1884,147.0,70.0,2196.0
1784126310.2,29858,32624,1880,224.0,70.0,2350.0
1784126311.3,29858,32624,1880,217.0,70.0,2292.0
1784126312.4,29834,32624,1884,238.0,71.0,2495.0
1784126313.5,29840,32624,1882,207.0,70.0,2316.0
1784126314.6,29840,32624,1882,231.0,70.0,2390.0
1784126315.7,29840,32624,1882,203.0,70.0,2206.0
1784126316.8,29840,32624,1878,177.0,70.0,2402.0
1784126317.9,29843,32624,1882,212.0,70.0,2304.0
1784126319.0,29850,32624,1884,182.0,70.0,2350.0
1784126320.1,29850,32624,1884,201.0,70.0,2293.0
1784126321.2,29850,32624,1884,230.0,70.0,2270.0
1784126322.2,29850,32624,1884,209.0,70.0,2311.0
1784126323.3,29850,32624,1884,224.0,70.0,2305.0
1784126324.4,29850,32624,1884,219.0,70.0,2423.0
1784126325.5,29847,32624,1884,224.0,70.0,2299.0
1784126326.6,29854,32624,1880,185.0,70.0,2437.0
1784126327.7,29854,32624,1880,202.0,70.0,2280.0
1784126328.8,29835,32624,1878,226.0,70.0,2232.0
1784126329.9,29817,32624,1878,232.0,70.0,2377.0
1784126331.0,29841,32624,1882,214.0,70.0,2282.0
1784126332.1,29841,32624,1882,163.0,70.0,2467.0
1784126333.2,29841,32624,1882,216.0,71.0,2249.0
1784126334.3,29841,32624,1880,206.0,70.0,2253.0
1784126335.4,29835,32624,1880,229.0,70.0,2466.0
1784126336.5,29835,32624,1878,207.0,70.0,2270.0
1784126337.5,29831,32624,1878,239.0,70.0,2244.0
1784126338.6,29831,32624,1878,233.0,70.0,2401.0
1784126339.7,29831,32624,1878,206.0,70.0,2281.0
1784126340.8,29831,32624,1878,194.0,70.0,2453.0
1784126341.9,29827,32624,1878,211.0,70.0,2266.0
1784126343.0,29823,32624,1878,197.0,70.0,2242.0
1784126344.1,29823,32624,1878,225.0,70.0,2486.0
1784126345.2,29823,32624,1878,222.0,70.0,2309.0
1784126346.3,29823,32624,1878,195.0,70.0,2140.0
1784126347.4,29823,32624,1876,230.0,70.0,2299.0
1784126348.5,29823,32624,1876,223.0,70.0,2313.0
1784126349.6,29823,32624,1876,192.0,70.0,2447.0
1784126350.7,29823,32624,1876,211.0,70.0,2293.0
1784126351.8,29823,32624,1876,219.0,70.0,2321.0
1784126352.9,29823,32624,1876,178.0,70.0,2350.0
1784126353.9,29819,32624,1876,221.0,70.0,2388.0
1784126355.0,29816,32624,1876,218.0,70.0,2308.0
1784126356.1,29816,32624,1876,227.0,70.0,2155.0
1784126357.2,29816,32624,1876,246.0,70.0,2404.0
1784126358.3,29816,32624,1876,204.0,70.0,2319.0
1784126359.4,29816,32624,1876,199.0,71.0,2207.0
1784126360.5,29826,32624,1880,210.0,70.0,2519.0
1784126361.6,29843,32624,1891,181.0,70.0,2377.0
1784126362.7,29843,32624,1891,231.0,71.0,2350.0
1784126363.8,29843,32624,1891,205.0,70.0,2181.0
1784126364.9,29843,32624,1891,212.0,70.0,2238.0
1784126366.0,29843,32624,1891,187.0,70.0,2221.0
1784126367.1,29843,32624,1880,233.0,70.0,2399.0
1784126368.1,29843,32624,1882,210.0,71.0,2249.0
1784126369.2,29843,32624,1882,212.0,70.0,2247.0
# load_vram_used_mib=29674 peak_vram_used_mib=29864 peak_gtt_used_mib=1901 avg_power_w=209.2 peak_power_w=301.0 peak_temp_c=71.0 avg_sclk_mhz=2323.9 peak_sclk_mhz=3013.0 samples=2976
