unix_ts,vram_used_mib,vram_total_mib,gtt_used_mib,power_w,temp_c,sclk_mhz
1784120721.4,31194,32624,2458,13.0,63.0,0.0
1784120722.5,31200,32624,2538,176.0,63.0,2099.0
1784120723.6,31216,32624,2538,213.0,65.0,2181.0
1784120724.7,31231,32624,2538,226.0,66.0,2275.0
1784120725.8,31231,32624,2538,217.0,66.0,2350.0
1784120726.9,31231,32624,2538,228.0,66.0,2299.0
1784120728.0,31232,32624,2538,127.0,65.0,3311.0
1784120729.1,31232,32624,2538,223.0,66.0,2233.0
1784120730.2,31232,32624,2538,215.0,66.0,2296.0
1784120731.3,31232,32624,2538,219.0,66.0,2206.0
1784120732.3,31232,32624,2538,234.0,67.0,2312.0
1784120733.4,31232,32624,2538,233.0,67.0,2298.0
1784120734.5,31232,32624,2538,131.0,66.0,3299.0
1784120735.6,31232,32624,2538,229.0,66.0,2267.0
1784120736.7,31232,32624,2538,180.0,67.0,2150.0
1784120737.8,31232,32624,2538,233.0,67.0,2311.0
1784120738.9,31232,32624,2538,206.0,67.0,2350.0
1784120740.0,31232,32624,2538,204.0,67.0,2350.0
1784120741.1,31232,32624,2538,202.0,67.0,2277.0
1784120742.2,31232,32624,2538,122.0,66.0,3332.0
1784120743.3,31232,32624,2538,212.0,67.0,2277.0
1784120744.4,31232,32624,2538,212.0,67.0,2125.0
1784120745.4,31232,32624,2538,215.0,67.0,2229.0
1784120746.5,31232,32624,2538,182.0,67.0,2245.0
1784120747.6,31232,32624,2538,225.0,67.0,2294.0
1784120748.7,31232,32624,2538,125.0,66.0,3302.0
1784120749.8,31232,32624,2538,207.0,66.0,2137.0
1784120750.9,31232,32624,2538,231.0,67.0,2309.0
1784120752.0,31232,32624,2538,226.0,67.0,2259.0
1784120753.1,31232,32624,2538,220.0,67.0,2308.0
1784120754.2,31232,32624,2538,202.0,67.0,2152.0
1784120755.3,31232,32624,2538,210.0,67.0,2163.0
1784120756.4,31232,32624,2538,111.0,66.0,3291.0
1784120757.5,31232,32624,2538,208.0,67.0,2147.0
1784120758.5,31232,32624,2538,228.0,67.0,2283.0
1784120759.6,31232,32624,2538,215.0,67.0,2215.0
1784120760.7,31232,32624,2538,243.0,67.0,2350.0
1784120761.8,31232,32624,2538,237.0,67.0,2350.0
1784120762.9,31232,32624,2538,188.0,67.0,2234.0
1784120764.0,31232,32624,2538,125.0,66.0,3303.0
1784120765.1,31232,32624,2538,213.0,67.0,2283.0
1784120766.2,31232,32624,2538,212.0,67.0,2198.0
1784120767.3,31232,32624,2538,167.0,67.0,2208.0
1784120768.4,31232,32624,2538,213.0,67.0,2350.0
1784120769.5,31232,32624,2538,223.0,67.0,2201.0
1784120770.6,31232,32624,2538,222.0,67.0,2090.0
1784120771.6,31232,32624,2538,273.0,66.0,2716.0
1784120772.7,31232,32624,2538,226.0,66.0,2259.0
1784120773.8,31232,32624,2538,218.0,67.0,2321.0
1784120774.9,31232,32624,2538,198.0,67.0,2173.0
1784120776.0,31232,32624,2538,213.0,67.0,2212.0
1784120777.1,31232,32624,2538,201.0,67.0,2180.0
1784120778.2,31232,32624,2538,208.0,67.0,2294.0
1784120779.3,31232,32624,2538,132.0,66.0,3303.0
1784120780.4,31232,32624,2538,199.0,66.0,2406.0
1784120781.5,31232,32624,2538,212.0,66.0,2350.0
1784120782.6,31232,32624,2538,214.0,66.0,2350.0
1784120783.7,31232,32624,2538,211.0,67.0,2350.0
1784120784.7,31232,32624,2538,232.0,67.0,2307.0
1784120785.8,31232,32624,2538,224.0,67.0,2113.0
1784120786.9,31232,32624,2538,208.0,67.0,2285.0
1784120788.0,31232,32624,2538,172.0,66.0,3247.0
1784120789.1,31232,32624,2538,211.0,66.0,2350.0
1784120790.2,31232,32624,2538,204.0,66.0,2191.0
1784120791.3,31232,32624,2538,148.0,66.0,2151.0
1784120792.4,31232,32624,2538,195.0,66.0,2183.0
1784120793.5,31232,32624,2538,211.0,67.0,2350.0
1784120794.6,31232,32624,2538,202.0,67.0,2241.0
1784120795.7,31232,32624,2538,228.0,67.0,2206.0
1784120796.7,31232,32624,2538,252.0,65.0,2540.0
1784120797.8,31232,32624,2538,220.0,66.0,2248.0
1784120798.9,31232,32624,2538,214.0,67.0,2395.0
1784120800.0,31232,32624,2538,224.0,67.0,2230.0
1784120801.1,31232,32624,2538,207.0,67.0,2271.0
1784120802.2,31232,32624,2538,225.0,67.0,2188.0
1784120803.3,31232,32624,2538,188.0,67.0,2350.0
1784120804.4,31232,32624,2538,229.0,67.0,2322.0
1784120805.5,31232,32624,2538,115.0,66.0,3305.0
1784120806.6,31232,32624,2538,216.0,66.0,2322.0
1784120807.7,31232,32624,2538,181.0,67.0,2350.0
1784120808.8,31232,32624,2538,138.0,67.0,2187.0
1784120809.9,31232,32624,2538,215.0,67.0,2302.0
1784120810.9,31232,32624,2538,230.0,67.0,2306.0
1784120812.0,31232,32624,2538,200.0,67.0,2098.0
1784120813.1,31232,32624,2538,239.0,67.0,2350.0
1784120814.2,31232,32624,2538,101.0,66.0,2969.0
1784120815.3,31232,32624,2538,200.0,66.0,2227.0
1784120816.4,31232,32624,2538,139.0,66.0,2272.0
1784120817.5,31232,32624,2538,216.0,67.0,2404.0
1784120818.6,31232,32624,2538,137.0,67.0,2181.0
1784120819.7,31232,32624,2538,237.0,67.0,2319.0
1784120820.8,31232,32624,2538,207.0,67.0,2388.0
1784120821.9,31232,32624,2538,241.0,67.0,2350.0
1784120822.9,31232,32624,2538,232.0,67.0,2316.0
1784120824.0,31232,32624,2538,113.0,66.0,3176.0
1784120825.1,31232,32624,2538,219.0,66.0,2350.0
1784120826.2,31232,32624,2538,194.0,67.0,2350.0
1784120827.3,31232,32624,2538,231.0,66.0,2289.0
1784120828.4,31232,32624,2538,225.0,67.0,2227.0
1784120829.5,31232,32624,2538,204.0,67.0,2196.0
1784120830.6,31232,32624,2538,214.0,67.0,2350.0
1784120831.7,31232,32624,2538,210.0,67.0,2309.0
1784120832.8,31232,32624,2538,227.0,67.0,2220.0
1784120833.9,31232,32624,2538,138.0,66.0,3307.0
1784120834.9,31232,32624,2538,205.0,66.0,2190.0
1784120836.0,31232,32624,2538,208.0,66.0,2350.0
1784120837.1,31232,32624,2538,216.0,66.0,2350.0
1784120838.2,31232,32624,2538,225.0,66.0,2271.0
1784120839.3,31232,32624,2538,209.0,67.0,2303.0
1784120840.4,31232,32624,2538,248.0,66.0,2350.0
1784120841.5,31232,32624,2538,226.0,67.0,2227.0
1784120842.6,31232,32624,2538,119.0,67.0,2217.0
1784120843.7,31232,32624,2538,137.0,66.0,3302.0
1784120844.8,31232,32624,2538,153.0,66.0,2243.0
1784120845.9,31232,32624,2538,235.0,66.0,2324.0
1784120847.0,31232,32624,2538,228.0,66.0,2132.0
1784120848.0,31232,32624,2538,204.0,66.0,2149.0
1784120849.1,31232,32624,2538,227.0,67.0,2121.0
1784120850.2,31232,32624,2538,236.0,66.0,2293.0
1784120851.3,31232,32624,2538,203.0,67.0,2309.0
1784120852.4,31232,32624,2538,228.0,66.0,2235.0
1784120853.5,31232,32624,2538,99.0,66.0,3314.0
1784120854.6,31232,32624,2538,216.0,66.0,2215.0
1784120855.7,31232,32624,2538,226.0,66.0,2200.0
1784120856.8,31232,32624,2538,188.0,66.0,2290.0
1784120857.9,31232,32624,2538,243.0,66.0,2350.0
1784120859.0,31232,32624,2538,216.0,66.0,2350.0
1784120860.1,31232,32624,2538,213.0,67.0,2409.0
1784120861.1,31232,32624,2538,210.0,66.0,2205.0
1784120862.2,31232,32624,2538,151.0,67.0,2195.0
1784120863.3,31232,32624,2538,239.0,66.0,2498.0
1784120864.4,31232,32624,2538,241.0,66.0,2350.0
1784120865.5,31232,32624,2538,213.0,66.0,2133.0
1784120866.6,31232,32624,2538,210.0,66.0,2219.0
1784120867.7,31232,32624,2538,212.0,66.0,2185.0
1784120868.8,31232,32624,2538,210.0,66.0,2279.0
1784120869.9,31232,32624,2538,234.0,66.0,2291.0
1784120871.0,31232,32624,2538,209.0,66.0,2212.0
1784120872.1,31232,32624,2538,209.0,67.0,2303.0
1784120873.2,31232,32624,2538,218.0,67.0,2350.0
1784120874.2,31232,32624,2538,119.0,66.0,3302.0
1784120875.3,31232,32624,2538,213.0,66.0,2350.0
1784120876.4,31232,32624,2538,192.0,66.0,2230.0
1784120877.5,31232,32624,2538,213.0,66.0,2293.0
1784120878.6,31232,32624,2538,238.0,66.0,2321.0
1784120879.7,31232,32624,2538,127.0,66.0,2251.0
1784120880.8,31232,32624,2538,211.0,66.0,2376.0
1784120881.9,31232,32624,2538,207.0,66.0,2207.0
1784120883.0,31232,32624,2538,226.0,66.0,2283.0
1784120884.1,31232,32624,2538,211.0,66.0,2350.0
1784120885.2,31232,32624,2538,122.0,66.0,3312.0
1784120886.3,31232,32624,2538,214.0,66.0,2151.0
1784120887.3,31232,32624,2538,246.0,66.0,2232.0
1784120888.4,31232,32624,2538,212.0,66.0,2350.0
1784120889.5,31232,32624,2538,243.0,66.0,2350.0
1784120890.6,31232,32624,2538,212.0,66.0,2276.0
1784120891.7,31232,32624,2538,210.0,66.0,2265.0
1784120892.8,31232,32624,2538,205.0,67.0,2305.0
1784120893.9,31232,32624,2538,141.0,66.0,2223.0
1784120895.0,31232,32624,2538,207.0,66.0,2350.0
1784120896.1,31232,32624,2538,198.0,66.0,3262.0
1784120897.2,31232,32624,2538,252.0,65.0,2350.0
1784120898.3,31232,32624,2538,244.0,66.0,2350.0
1784120899.4,31232,32624,2538,214.0,66.0,2405.0
1784120900.4,31232,32624,2538,235.0,66.0,2317.0
1784120901.5,31232,32624,2538,214.0,66.0,2350.0
1784120902.6,31232,32624,2538,226.0,66.0,2175.0
1784120903.7,31232,32624,2538,215.0,67.0,2406.0
1784120904.8,31232,32624,2538,187.0,66.0,2210.0
1784120905.9,31232,32624,2538,211.0,66.0,2395.0
1784120907.0,31232,32624,2538,74.0,66.0,2538.0
1784120908.1,31232,32624,2538,136.0,66.0,3303.0
1784120909.2,31232,32624,2538,208.0,66.0,2350.0
1784120910.3,31232,32624,2538,233.0,66.0,2300.0
1784120911.4,31232,32624,2538,217.0,66.0,2391.0
1784120912.4,31232,32624,2538,216.0,66.0,2310.0
1784120913.5,31232,32624,2538,213.0,66.0,2201.0
1784120914.6,31232,32624,2538,194.0,66.0,2298.0
1784120915.7,31232,32624,2538,216.0,66.0,2236.0
1784120916.8,31232,32624,2538,211.0,67.0,2350.0
1784120917.9,31232,32624,2538,214.0,66.0,2220.0
1784120919.0,31232,32624,2538,150.0,66.0,3304.0
1784120920.1,31232,32624,2538,230.0,65.0,2350.0
1784120921.2,31232,32624,2538,191.0,66.0,2320.0
1784120922.3,31232,32624,2538,213.0,66.0,2248.0
1784120923.4,31232,32624,2538,209.0,66.0,2350.0
1784120924.5,31232,32624,2538,241.0,66.0,2246.0
1784120925.5,31232,32624,2538,235.0,66.0,2350.0
1784120926.6,31232,32624,2538,216.0,67.0,2385.0
1784120927.7,31232,32624,2538,225.0,67.0,2350.0
1784120928.8,31232,32624,2538,229.0,67.0,2280.0
1784120929.9,31232,32624,2538,213.0,67.0,2238.0
1784120931.0,31232,32624,2538,139.0,66.0,3309.0
1784120932.1,31232,32624,2538,237.0,65.0,2454.0
1784120933.2,31232,32624,2538,220.0,66.0,2396.0
1784120934.3,31232,32624,2538,224.0,66.0,2237.0
1784120935.4,31232,32624,2538,219.0,66.0,2244.0
1784120936.5,31232,32624,2538,213.0,66.0,2306.0
1784120937.5,31232,32624,2538,208.0,66.0,2306.0
1784120938.6,31232,32624,2538,219.0,66.0,2219.0
1784120939.7,31232,32624,2538,198.0,67.0,2301.0
1784120940.8,31232,32624,2538,215.0,67.0,2350.0
1784120941.9,31232,32624,2538,215.0,67.0,2350.0
1784120943.0,31232,32624,2538,240.0,66.0,2591.0
1784120944.1,31232,32624,2538,117.0,66.0,3299.0
1784120945.2,31232,32624,2538,222.0,66.0,2186.0
1784120946.3,31232,32624,2538,218.0,66.0,2155.0
1784120947.4,31232,32624,2538,214.0,66.0,2350.0
1784120948.5,31232,32624,2538,197.0,66.0,2350.0
1784120949.6,31232,32624,2538,51.0,67.0,0.0
1784120950.6,31232,32624,2538,220.0,66.0,2225.0
1784120951.7,31232,32624,2538,174.0,66.0,2257.0
1784120952.8,31232,32624,2538,215.0,66.0,2350.0
1784120953.9,31232,32624,2538,213.0,66.0,2288.0
1784120955.0,31232,32624,2538,87.0,67.0,2259.0
1784120956.1,31232,32624,2538,209.0,65.0,2350.0
1784120957.2,31232,32624,2538,232.0,66.0,2279.0
1784120958.3,31232,32624,2538,187.0,66.0,2132.0
1784120959.4,31232,32624,2538,209.0,66.0,2405.0
1784120960.5,31232,32624,2538,211.0,66.0,2350.0
1784120961.6,31232,32624,2538,177.0,66.0,2315.0
1784120962.6,31232,32624,2538,207.0,66.0,2309.0
1784120963.7,31232,32624,2538,240.0,66.0,2378.0
1784120964.8,31232,32624,2538,210.0,67.0,2220.0
1784120965.9,31232,32624,2538,210.0,66.0,2184.0
1784120967.0,31232,32624,2538,207.0,67.0,2157.0
1784120968.1,31232,32624,2538,143.0,66.0,3306.0
1784120969.2,31232,32624,2538,241.0,66.0,2469.0
1784120970.3,31232,32624,2538,177.0,66.0,2262.0
1784120971.4,31232,32624,2538,216.0,66.0,2413.0
1784120972.5,31232,32624,2538,214.0,66.0,2324.0
1784120973.6,31232,32624,2538,211.0,66.0,2350.0
1784120974.7,31232,32624,2538,198.0,66.0,2350.0
1784120975.7,31232,32624,2538,209.0,66.0,2279.0
1784120976.8,31232,32624,2538,211.0,67.0,2350.0
1784120977.9,31232,32624,2538,206.0,66.0,2387.0
1784120979.0,31232,32624,2538,227.0,66.0,2315.0
1784120980.1,31232,32624,2538,229.0,66.0,2324.0
1784120981.2,31232,32624,2538,137.0,66.0,3304.0
1784120982.3,31232,32624,2538,248.0,66.0,2481.0
1784120983.4,31232,32624,2538,215.0,66.0,2350.0
1784120984.5,31232,32624,2538,213.0,66.0,2350.0
1784120985.6,31232,32624,2538,205.0,66.0,2305.0
1784120986.7,31232,32624,2538,202.0,66.0,2350.0
1784120987.8,31232,32624,2538,198.0,66.0,2297.0
1784120988.8,31232,32624,2538,212.0,66.0,2350.0
1784120989.9,31232,32624,2538,214.0,66.0,2350.0
1784120991.0,31232,32624,2538,210.0,66.0,2350.0
1784120992.1,31232,32624,2538,218.0,66.0,2376.0
1784120993.2,31232,32624,2538,207.0,67.0,2350.0
1784120994.3,31232,32624,2538,145.0,66.0,3307.0
1784120995.4,31232,32624,2538,218.0,66.0,2350.0
1784120996.5,31232,32624,2538,132.0,66.0,2172.0
1784120997.6,31232,32624,2538,205.0,66.0,2191.0
1784120998.7,31232,32624,2538,206.0,66.0,2198.0
1784120999.8,31232,32624,2538,206.0,67.0,2129.0
1784121000.9,31232,32624,2538,231.0,67.0,2272.0
1784121001.9,31232,32624,2538,216.0,66.0,2350.0
1784121003.0,31232,32624,2538,214.0,66.0,2385.0
1784121004.1,31232,32624,2538,179.0,66.0,2350.0
1784121005.2,31232,32624,2538,210.0,66.0,2350.0
1784121006.3,31232,32624,2538,195.0,66.0,2302.0
1784121007.4,31232,32624,2538,128.0,66.0,3306.0
1784121008.5,31232,32624,2538,143.0,66.0,3302.0
1784121009.6,31232,32624,2538,203.0,66.0,2197.0
1784121010.7,31232,32624,2538,212.0,66.0,2289.0
1784121011.8,31232,32624,2538,208.0,66.0,2323.0
1784121012.9,31232,32624,2538,204.0,66.0,2315.0
1784121014.0,31232,32624,2538,211.0,66.0,2321.0
1784121015.0,31232,32624,2538,227.0,66.0,2350.0
1784121016.1,31232,32624,2538,222.0,66.0,2140.0
1784121017.2,31232,32624,2538,210.0,66.0,2155.0
1784121018.3,31232,32624,2538,206.0,66.0,2221.0
1784121019.4,31232,32624,2538,163.0,66.0,2432.0
1784121020.5,31232,32624,2538,191.0,67.0,2350.0
1784121021.6,31232,32624,2538,140.0,66.0,3308.0
1784121022.7,31232,32624,2538,250.0,65.0,2350.0
1784121023.8,31232,32624,2538,216.0,66.0,2321.0
1784121024.9,31232,32624,2538,148.0,66.0,2287.0
1784121026.0,31232,32624,2538,219.0,66.0,2392.0
1784121027.0,31232,32624,2538,206.0,66.0,2322.0
1784121028.1,31232,32624,2538,211.0,66.0,2350.0
1784121029.2,31232,32624,2538,227.0,66.0,2350.0
1784121030.3,31232,32624,2538,175.0,66.0,2315.0
1784121031.4,31232,32624,2538,216.0,66.0,2397.0
1784121032.5,31232,32624,2538,218.0,66.0,2350.0
1784121033.6,31232,32624,2538,216.0,66.0,2399.0
1784121034.7,31232,32624,2538,218.0,66.0,2314.0
1784121035.8,31232,32624,2538,124.0,66.0,3310.0
1784121036.9,31232,32624,2538,253.0,66.0,2494.0
1784121038.0,31232,32624,2538,198.0,66.0,2099.0
1784121039.1,31232,32624,2538,194.0,66.0,2383.0
1784121040.2,31232,32624,2538,200.0,66.0,2273.0
1784121041.2,31232,32624,2538,214.0,66.0,2350.0
1784121042.3,31232,32624,2538,196.0,66.0,2132.0
1784121043.4,31232,32624,2538,221.0,66.0,2184.0
1784121044.5,31232,32624,2538,210.0,66.0,2350.0
1784121045.6,31232,32624,2538,224.0,66.0,2408.0
1784121046.7,31232,32624,2538,225.0,66.0,2262.0
1784121047.8,31232,32624,2538,211.0,66.0,2350.0
1784121048.9,31232,32624,2538,138.0,66.0,3300.0
1784121050.0,31232,32624,2793,26.0,64.0,0.0
1784121051.1,31232,32624,2793,194.0,66.0,2301.0
1784121052.2,31232,32624,2793,143.0,66.0,2176.0
1784121053.2,31232,32624,2793,221.0,66.0,2416.0
1784121054.3,31232,32624,2793,208.0,66.0,2350.0
1784121055.4,31232,32624,2793,210.0,66.0,2390.0
1784121056.5,31232,32624,2793,43.0,66.0,0.0
1784121057.6,31233,32624,2796,221.0,66.0,2350.0
1784121058.7,31233,32624,2796,226.0,66.0,2350.0
1784121059.8,31233,32624,2796,253.0,66.0,2612.0
1784121060.9,31233,32624,2796,180.0,66.0,2476.0
1784121062.0,31233,32624,2796,161.0,66.0,2183.0
1784121063.1,31233,32624,2796,212.0,66.0,2296.0
1784121064.2,31233,32624,2796,209.0,66.0,2319.0
1784121065.3,31233,32624,2796,202.0,66.0,2313.0
1784121066.4,31233,32624,2796,213.0,66.0,2385.0
1784121067.4,31233,32624,2796,217.0,66.0,2350.0
1784121068.5,31233,32624,2796,256.0,66.0,2544.0
1784121069.6,31233,32624,2796,184.0,66.0,2423.0
1784121070.7,31233,32624,2796,210.0,66.0,2215.0
1784121071.8,31233,32624,2796,211.0,66.0,2280.0
1784121072.9,31233,32624,2796,218.0,66.0,2323.0
1784121074.0,31233,32624,2796,208.0,66.0,2294.0
1784121075.1,31233,32624,2796,221.0,67.0,2350.0
1784121076.2,31233,32624,2796,236.0,67.0,2446.0
1784121077.3,31233,32624,2796,249.0,67.0,2526.0
1784121078.4,31233,32624,2796,182.0,67.0,2382.0
1784121079.5,31233,32624,2796,235.0,67.0,2236.0
1784121080.6,31233,32624,2796,203.0,67.0,2207.0
1784121081.7,31233,32624,2796,211.0,67.0,2283.0
1784121082.7,31233,32624,2796,207.0,67.0,2287.0
1784121083.8,31233,32624,2796,236.0,67.0,2468.0
1784121084.9,31233,32624,2796,179.0,67.0,2563.0
1784121086.0,31233,32624,2796,136.0,67.0,2296.0
1784121087.1,31233,32624,2796,192.0,67.0,2198.0
1784121088.2,31233,32624,2796,214.0,68.0,2252.0
1784121089.3,31233,32624,2796,210.0,67.0,2303.0
1784121090.4,31233,32624,2796,236.0,68.0,2481.0
1784121091.5,31233,32624,2796,195.0,68.0,2517.0
1784121092.6,31233,32624,2796,230.0,68.0,2277.0
1784121093.7,31233,32624,2796,194.0,68.0,2202.0
1784121094.8,31233,32624,2796,212.0,68.0,2273.0
1784121095.8,31233,32624,2796,221.0,68.0,2383.0
1784121096.9,31233,32624,2796,190.0,68.0,2594.0
1784121098.0,31233,32624,2796,155.0,68.0,2273.0
1784121099.1,31233,32624,2796,209.0,68.0,2248.0
1784121100.2,31233,32624,2796,212.0,68.0,2226.0
1784121101.3,31233,32624,2796,232.0,69.0,2350.0
1784121102.4,31233,32624,2796,188.0,69.0,2551.0
1784121103.5,31233,32624,2796,237.0,68.0,2262.0
1784121104.6,31233,32624,2796,217.0,69.0,2350.0
1784121105.7,31233,32624,2796,197.0,69.0,2287.0
1784121106.8,31233,32624,2796,239.0,69.0,2492.0
1784121107.9,31233,32624,2796,187.0,69.0,2350.0
1784121109.0,31233,32624,2796,213.0,69.0,2233.0
1784121110.0,31233,32624,2796,203.0,69.0,2208.0
1784121111.1,31233,32624,2796,214.0,69.0,2280.0
1784121112.2,31233,32624,2796,244.0,69.0,2484.0
1784121113.3,31233,32624,2796,169.0,69.0,2232.0
1784121114.4,31233,32624,2796,219.0,69.0,2283.0
1784121115.5,31233,32624,2796,219.0,69.0,2276.0
1784121116.6,31233,32624,2796,232.0,69.0,2470.0
1784121117.7,31233,32624,2796,170.0,69.0,2389.0
1784121118.8,31233,32624,2796,210.0,69.0,2299.0
1784121119.9,31233,32624,2796,220.0,69.0,2350.0
1784121121.0,31233,32624,2796,218.0,69.0,2350.0
1784121122.1,31233,32624,2796,175.0,69.0,2454.0
1784121123.1,31233,32624,2796,210.0,69.0,2241.0
1784121124.2,31233,32624,2796,35.0,68.0,0.0
1784121125.3,31233,32624,2796,217.0,69.0,2315.0
1784121126.4,31233,32624,2796,216.0,69.0,2396.0
1784121127.5,31233,32624,2796,211.0,69.0,2350.0
1784121128.6,31233,32624,2796,212.0,69.0,2129.0
1784121129.7,31233,32624,2796,218.0,69.0,2398.0
1784121130.8,31233,32624,2796,218.0,69.0,2303.0
1784121131.9,31233,32624,2796,260.0,68.0,2686.0
1784121133.0,31233,32624,2796,217.0,69.0,2310.0
1784121134.1,31233,32624,2796,235.0,69.0,2444.0
1784121135.2,31233,32624,2796,171.0,69.0,2569.0
1784121136.2,31233,32624,2796,158.0,69.0,2225.0
1784121137.3,31233,32624,2796,206.0,69.0,2220.0
1784121138.4,31233,32624,2796,214.0,69.0,2350.0
1784121139.5,31233,32624,2796,211.0,68.0,2274.0
1784121140.6,31233,32624,2796,222.0,68.0,2378.0
1784121141.7,31233,32624,2796,247.0,68.0,2542.0
1784121142.8,31233,32624,2796,181.0,68.0,2350.0
1784121143.9,31233,32624,2796,219.0,68.0,2262.0
1784121145.0,31233,32624,2796,203.0,68.0,2229.0
1784121146.1,31233,32624,2796,213.0,68.0,2318.0
1784121147.2,31233,32624,2796,222.0,68.0,2350.0
1784121148.3,31233,32624,2796,227.0,68.0,2421.0
1784121149.4,31233,32624,2796,169.0,68.0,2562.0
1784121150.5,31233,32624,2796,147.0,68.0,2309.0
1784121151.5,31233,32624,2796,213.0,68.0,2290.0
1784121152.6,31233,32624,2796,208.0,68.0,2301.0
1784121153.7,31233,32624,2796,203.0,68.0,2259.0
1784121154.8,31233,32624,2796,221.0,68.0,2350.0
1784121155.9,31233,32624,2796,236.0,68.0,2489.0
1784121157.0,31233,32624,2796,171.0,69.0,2472.0
1784121158.1,31233,32624,2796,218.0,69.0,2281.0
1784121159.2,31233,32624,2796,219.0,69.0,2350.0
1784121160.3,31233,32624,2796,205.0,69.0,2300.0
1784121161.4,31233,32624,2796,231.0,69.0,2421.0
1784121162.5,31233,32624,2796,260.0,69.0,2577.0
1784121163.6,31233,32624,2796,169.0,69.0,2350.0
1784121164.7,31233,32624,2796,211.0,69.0,2263.0
1784121165.7,31233,32624,2796,212.0,69.0,2304.0
1784121166.8,31233,32624,2796,215.0,69.0,2350.0
1784121167.9,31233,32624,2796,252.0,69.0,2547.0
1784121169.0,31233,32624,2796,192.0,69.0,2412.0
1784121170.1,31233,32624,2796,206.0,69.0,2296.0
1784121171.2,31233,32624,2796,208.0,69.0,2294.0
1784121172.3,31233,32624,2796,205.0,69.0,2234.0
1784121173.4,31233,32624,2796,233.0,69.0,2445.0
1784121174.5,31233,32624,2796,186.0,69.0,2404.0
1784121175.6,31233,32624,2796,219.0,69.0,2301.0
1784121176.7,31233,32624,2796,206.0,69.0,2282.0
1784121177.8,31233,32624,2796,204.0,69.0,2311.0
1784121178.9,31233,32624,2796,234.0,69.0,2402.0
1784121179.9,31233,32624,2796,173.0,69.0,2491.0
1784121181.0,31233,32624,2796,213.0,69.0,2274.0
1784121182.1,31233,32624,2796,221.0,69.0,2283.0
1784121183.2,31233,32624,2796,228.0,69.0,2435.0
1784121184.3,31233,32624,2796,260.0,69.0,2574.0
1784121185.4,31233,32624,2796,178.0,69.0,2350.0
1784121186.5,31233,32624,2796,214.0,69.0,2293.0
1784121187.6,31233,32624,2796,221.0,69.0,2307.0
1784121188.7,31233,32624,2796,231.0,69.0,2350.0
1784121189.8,31233,32624,2796,162.0,69.0,2502.0
1784121190.9,31233,32624,2796,226.0,69.0,2256.0
1784121192.0,31233,32624,2796,217.0,70.0,2322.0
1784121193.1,31233,32624,2796,210.0,70.0,2308.0
1784121194.1,31233,32624,2796,222.0,70.0,2350.0
1784121195.2,31233,32624,2796,190.0,70.0,2509.0
1784121196.3,31233,32624,2796,217.0,70.0,2284.0
1784121197.4,31233,32624,2796,215.0,70.0,2306.0
1784121198.5,31233,32624,2796,227.0,70.0,2418.0
1784121199.6,31233,32624,2796,192.0,70.0,2563.0
1784121200.7,31233,32624,2796,216.0,70.0,2235.0
1784121201.8,31233,32624,2796,193.0,70.0,2234.0
1784121202.9,31233,32624,2796,229.0,70.0,2350.0
1784121204.0,31233,32624,2796,206.0,70.0,2542.0
1784121205.1,31233,32624,2796,181.0,70.0,2156.0
1784121206.2,31233,32624,2796,208.0,70.0,2296.0
1784121207.3,31233,32624,2796,225.0,70.0,2350.0
1784121208.3,31233,32624,2796,197.0,70.0,2559.0
1784121209.4,31233,32624,2796,207.0,70.0,2239.0
1784121210.5,31233,32624,2796,209.0,70.0,2254.0
1784121211.6,31233,32624,2796,220.0,70.0,2350.0
1784121212.7,31233,32624,2796,191.0,70.0,2534.0
1784121213.8,31233,32624,2796,211.0,70.0,2299.0
1784121214.9,31233,32624,2796,208.0,70.0,2282.0
1784121216.0,31233,32624,2796,230.0,70.0,2388.0
1784121217.1,31233,32624,2796,168.0,70.0,2350.0
1784121218.2,31233,32624,2796,211.0,70.0,2285.0
1784121219.3,31233,32624,2796,212.0,70.0,2301.0
1784121220.4,31233,32624,2796,226.0,70.0,2387.0
1784121221.5,31233,32624,2796,187.0,70.0,2438.0
1784121222.5,31233,32624,2796,209.0,70.0,2267.0
1784121223.6,31233,32624,2796,215.0,70.0,2350.0
1784121224.7,31233,32624,2796,253.0,70.0,2516.0
1784121225.8,31233,32624,2796,198.0,70.0,2220.0
1784121226.9,31233,32624,2796,213.0,70.0,2275.0
1784121228.0,31233,32624,2796,217.0,70.0,2350.0
1784121229.1,31233,32624,2796,162.0,70.0,2525.0
1784121230.2,31233,32624,2796,208.0,70.0,2282.0
1784121231.3,31233,32624,2796,214.0,70.0,2312.0
1784121232.4,31233,32624,2796,235.0,70.0,2407.0
1784121233.5,31233,32624,2796,161.0,70.0,2290.0
1784121234.6,31233,32624,2796,220.0,70.0,2308.0
1784121235.7,31233,32624,2796,219.0,70.0,2322.0
1784121236.8,31233,32624,2796,179.0,70.0,2529.0
1784121237.8,31233,32624,2796,213.0,70.0,2273.0
1784121238.9,31233,32624,2796,224.0,70.0,2298.0
1784121240.0,31233,32624,2796,258.0,70.0,2502.0
1784121241.1,31233,32624,2796,223.0,70.0,2271.0
1784121242.2,31233,32624,2796,217.0,70.0,2200.0
1784121243.3,31233,32624,2796,231.0,70.0,2422.0
1784121244.4,31233,32624,2796,174.0,70.0,2350.0
1784121245.5,31233,32624,2796,205.0,70.0,2245.0
1784121246.6,31233,32624,2796,231.0,70.0,2350.0
1784121247.7,31233,32624,2796,183.0,70.0,2485.0
1784121248.8,31233,32624,2796,210.0,70.0,2281.0
1784121249.9,31233,32624,2796,223.0,70.0,2350.0
1784121251.0,31233,32624,2796,206.0,70.0,2548.0
1784121252.0,31233,32624,2796,212.0,70.0,2253.0
1784121253.1,31233,32624,2796,208.0,70.0,2350.0
1784121254.2,31233,32624,2796,254.0,70.0,2540.0
1784121255.3,31233,32624,2796,224.0,70.0,2220.0
1784121256.4,31233,32624,2796,207.0,70.0,2251.0
1784121257.5,31233,32624,2796,230.0,70.0,2479.0
1784121258.6,31233,32624,2796,190.0,70.0,2253.0
1784121259.7,31233,32624,2796,203.0,70.0,2282.0
1784121260.8,31233,32624,2796,237.0,70.0,2435.0
1784121261.9,31233,32624,2796,185.0,70.0,2255.0
1784121263.0,31233,32624,2796,203.0,70.0,2183.0
1784121264.1,31233,32624,2796,234.0,70.0,2484.0
1784121265.2,31233,32624,2796,233.0,70.0,2272.0
1784121266.3,31233,32624,2796,214.0,70.0,2280.0
1784121267.3,31233,32624,2796,235.0,70.0,2553.0
1784121268.4,31233,32624,2796,209.0,70.0,2273.0
1784121269.5,31233,32624,2796,226.0,70.0,2350.0
1784121270.6,31233,32624,2796,207.0,70.0,2591.0
1784121271.7,31233,32624,2796,211.0,70.0,2275.0
1784121272.8,31233,32624,2796,223.0,70.0,2350.0
1784121273.9,31233,32624,2796,182.0,70.0,2439.0
1784121275.0,31233,32624,2796,212.0,70.0,2299.0
1784121276.1,31233,32624,2796,224.0,70.0,2350.0
1784121277.2,31233,32624,2796,187.0,70.0,2405.0
1784121278.3,31233,32624,2796,196.0,70.0,2262.0
1784121279.4,31233,32624,2796,220.0,70.0,2350.0
1784121280.5,31233,32624,2796,183.0,70.0,2223.0
1784121281.6,31233,32624,2796,217.0,70.0,2287.0
1784121282.6,31233,32624,2796,251.0,70.0,2532.0
1784121283.7,31233,32624,2796,213.0,70.0,2267.0
1784121284.8,31233,32624,2796,208.0,70.0,2350.0
1784121285.9,31233,32624,2796,238.0,68.0,2264.0
1784121287.0,31233,32624,2796,248.0,70.0,2402.0
1784121288.1,31233,32624,2796,198.0,70.0,2280.0
1784121289.2,31233,32624,2796,207.0,70.0,2350.0
1784121290.3,31233,32624,2796,231.0,70.0,2290.0
1784121291.4,31233,32624,2796,209.0,70.0,2350.0
1784121292.5,31233,32624,2796,114.0,69.0,3299.0
1784121293.6,31233,32624,2796,193.0,70.0,2198.0
1784121294.7,31233,32624,2796,217.0,69.0,2298.0
1784121295.8,31233,32624,2796,224.0,69.0,2406.0
1784121296.8,31233,32624,2796,260.0,69.0,2543.0
1784121297.9,31233,32624,2796,192.0,69.0,2403.0
1784121299.0,31233,32624,2796,232.0,69.0,2255.0
1784121300.1,31233,32624,2796,203.0,69.0,2175.0
1784121301.2,31233,32624,2796,201.0,69.0,2265.0
1784121302.3,31233,32624,2796,216.0,69.0,2294.0
1784121303.4,31233,32624,2796,236.0,69.0,2478.0
1784121304.5,31233,32624,2796,180.0,69.0,2479.0
1784121305.6,31233,32624,2796,188.0,69.0,2241.0
1784121306.7,31233,32624,2796,219.0,69.0,2256.0
1784121307.8,31233,32624,2796,213.0,69.0,2312.0
1784121308.9,31233,32624,2796,218.0,69.0,2319.0
1784121310.0,31233,32624,2796,240.0,69.0,2522.0
1784121311.1,31233,32624,2796,163.0,69.0,2395.0
1784121312.1,31233,32624,2796,217.0,69.0,2173.0
1784121313.2,31233,32624,2796,214.0,69.0,2266.0
1784121314.3,31233,32624,2796,208.0,69.0,2269.0
1784121315.4,31233,32624,2796,218.0,69.0,2392.0
1784121316.5,31233,32624,2796,252.0,69.0,2560.0
1784121317.6,31233,32624,2796,182.0,69.0,2350.0
1784121318.7,31233,32624,2796,208.0,69.0,2225.0
1784121319.8,31233,32624,2796,219.0,69.0,2287.0
1784121320.9,31233,32624,2796,208.0,69.0,2291.0
1784121322.0,31233,32624,2796,228.0,69.0,2350.0
1784121323.1,31233,32624,2796,183.0,69.0,2381.0
1784121324.2,31233,32624,2796,221.0,69.0,2272.0
1784121325.2,31233,32624,2796,198.0,69.0,2238.0
1784121326.3,31233,32624,2796,207.0,69.0,2254.0
1784121327.4,31233,32624,2796,225.0,69.0,2380.0
1784121328.5,31233,32624,2796,260.0,69.0,2546.0
1784121329.6,31233,32624,2796,128.0,69.0,2350.0
1784121330.7,31233,32624,2796,211.0,69.0,2276.0
1784121331.8,31233,32624,2796,211.0,69.0,2255.0
1784121332.9,31233,32624,2796,223.0,69.0,2350.0
1784121334.0,31233,32624,2796,250.0,69.0,2569.0
1784121335.1,31233,32624,2796,162.0,69.0,2211.0
1784121336.2,31233,32624,2796,212.0,69.0,2316.0
1784121337.3,31233,32624,2796,211.0,69.0,2250.0
1784121338.4,31233,32624,2796,222.0,69.0,2381.0
1784121339.4,31233,32624,2796,184.0,69.0,2527.0
1784121340.5,31233,32624,2796,228.0,69.0,2249.0
1784121341.6,31233,32624,2796,228.0,69.0,2350.0
1784121342.7,31233,32624,2796,214.0,70.0,2322.0
1784121343.8,31233,32624,2796,246.0,70.0,2485.0
1784121344.9,31233,32624,2796,205.0,70.0,2376.0
1784121346.0,31233,32624,2796,199.0,70.0,2260.0
1784121347.1,31233,32624,2796,217.0,70.0,2311.0
1784121348.2,31233,32624,2796,227.0,70.0,2350.0
1784121349.3,31233,32624,2796,184.0,70.0,2505.0
1784121350.4,31233,32624,2796,210.0,70.0,2255.0
1784121351.5,31233,32624,2796,212.0,70.0,2262.0
1784121352.6,31233,32624,2796,226.0,70.0,2410.0
1784121353.6,31233,32624,2796,250.0,70.0,2512.0
1784121354.7,31233,32624,2796,166.0,70.0,2135.0
1784121355.8,31233,32624,2796,211.0,70.0,2294.0
1784121356.9,31233,32624,2796,218.0,70.0,2350.0
1784121358.0,31233,32624,2796,254.0,70.0,2563.0
1784121359.1,31233,32624,2796,169.0,70.0,2183.0
1784121360.2,31233,32624,2796,207.0,70.0,2274.0
1784121361.3,31233,32624,2796,218.0,70.0,2308.0
1784121362.4,31233,32624,2796,254.0,70.0,2547.0
1784121363.5,31233,32624,2796,194.0,70.0,2250.0
1784121364.6,31233,32624,2796,217.0,70.0,2292.0
1784121365.7,31233,32624,2796,220.0,70.0,2299.0
1784121366.7,31233,32624,2796,239.0,70.0,2487.0
1784121367.8,31233,32624,2796,154.0,70.0,2300.0
1784121368.9,31233,32624,2796,213.0,70.0,2307.0
1784121370.0,31233,32624,2796,219.0,70.0,2350.0
1784121371.1,31233,32624,2796,246.0,70.0,2610.0
1784121372.2,31233,32624,2796,227.0,70.0,2242.0
1784121373.3,31233,32624,2796,209.0,70.0,2293.0
1784121374.4,31233,32624,2796,217.0,70.0,2350.0
1784121375.5,31233,32624,2796,198.0,70.0,2539.0
1784121376.6,31233,32624,2796,216.0,70.0,2268.0
1784121377.7,31233,32624,2796,212.0,70.0,2255.0
1784121378.8,31233,32624,2796,231.0,70.0,2350.0
1784121379.9,31233,32624,2796,165.0,70.0,2555.0
1784121380.9,31233,32624,2796,213.0,70.0,2266.0
1784121382.0,31233,32624,2796,218.0,70.0,2308.0
1784121383.1,31233,32624,2796,228.0,70.0,2409.0
1784121384.2,31233,32624,2796,176.0,70.0,2513.0
1784121385.3,31233,32624,2796,202.0,70.0,2216.0
1784121386.4,31233,32624,2796,214.0,70.0,2276.0
1784121387.5,31233,32624,2796,241.0,70.0,2483.0
1784121388.6,31233,32624,2796,172.0,70.0,2350.0
1784121389.7,31233,32624,2796,203.0,70.0,2266.0
1784121390.8,31233,32624,2796,219.0,70.0,2398.0
1784121391.9,31233,32624,2796,166.0,70.0,2504.0
1784121393.0,31233,32624,2796,214.0,70.0,2254.0
1784121394.1,31233,32624,2796,205.0,70.0,2267.0
1784121395.2,31233,32624,2796,236.0,70.0,2456.0
1784121396.2,31233,32624,2796,174.0,70.0,2216.0
1784121397.3,31233,32624,2796,209.0,70.0,2276.0
1784121398.4,31233,32624,2796,219.0,70.0,2350.0
1784121399.5,31233,32624,2796,169.0,70.0,2489.0
1784121400.6,31233,32624,2796,206.0,70.0,2221.0
1784121401.7,31233,32624,2796,221.0,70.0,2350.0
1784121402.8,31233,32624,2796,250.0,70.0,2545.0
1784121403.9,31233,32624,2796,208.0,70.0,2272.0
1784121405.0,31233,32624,2796,218.0,70.0,2306.0
1784121406.1,31233,32624,2796,255.0,70.0,2524.0
1784121407.2,31233,32624,2796,195.0,70.0,2226.0
1784121408.3,31233,32624,2796,213.0,70.0,2350.0
1784121409.4,31233,32624,2796,234.0,70.0,2453.0
1784121410.4,31233,32624,2796,179.0,70.0,2207.0
1784121411.5,31233,32624,2796,209.0,70.0,2244.0
1784121412.6,31233,32624,2796,222.0,70.0,2389.0
1784121413.7,31233,32624,2796,173.0,70.0,2177.0
1784121414.8,31233,32624,2796,207.0,70.0,2286.0
1784121415.9,31233,32624,2796,221.0,70.0,2411.0
1784121417.0,31233,32624,2796,182.0,70.0,2422.0
1784121418.1,31233,32624,2796,205.0,70.0,2250.0
1784121419.2,31233,32624,2796,212.0,70.0,2324.0
1784121420.3,31233,32624,2796,193.0,70.0,2526.0
1784121421.4,31233,32624,2796,205.0,70.0,2208.0
1784121422.5,31233,32624,2796,204.0,70.0,2297.0
1784121423.6,31233,32624,2796,178.0,70.0,2496.0
1784121424.6,31233,32624,2796,217.0,70.0,2285.0
1784121425.7,31233,32624,2796,234.0,70.0,2376.0
1784121426.8,31233,32624,2796,164.0,70.0,2350.0
1784121427.9,31233,32624,2796,206.0,70.0,2296.0
1784121429.0,31233,32624,2796,224.0,70.0,2405.0
1784121430.1,31233,32624,2796,204.0,70.0,2198.0
1784121431.2,31233,32624,2796,213.0,70.0,2323.0
1784121432.3,31233,32624,2796,250.0,70.0,2534.0
1784121433.4,31233,32624,2796,210.0,70.0,2285.0
1784121434.5,31233,32624,2796,217.0,70.0,2282.0
1784121435.6,31233,32624,2796,183.0,69.0,2213.0
1784121436.7,31233,32624,2796,212.0,70.0,2350.0
1784121437.7,31233,32624,2796,212.0,70.0,2350.0
1784121438.8,31233,32624,2796,214.0,70.0,2350.0
1784121439.9,31233,32624,2796,220.0,70.0,2249.0
1784121441.0,31233,32624,2796,196.0,70.0,2227.0
1784121442.1,31233,32624,2796,123.0,69.0,3297.0
1784121443.2,31233,32624,2796,207.0,70.0,2236.0
1784121444.3,31233,32624,2796,211.0,69.0,2199.0
1784121445.4,31233,32624,2796,215.0,69.0,2297.0
1784121446.5,31233,32624,2796,220.0,69.0,2383.0
1784121447.6,31233,32624,2796,241.0,69.0,2474.0
1784121448.7,31233,32624,2796,202.0,69.0,2570.0
1784121449.8,31233,32624,2796,205.0,69.0,2168.0
1784121450.8,31233,32624,2796,210.0,69.0,2281.0
1784121451.9,31233,32624,2796,212.0,69.0,2320.0
1784121453.0,31233,32624,2796,223.0,69.0,2376.0
1784121454.1,31233,32624,2796,251.0,69.0,2540.0
1784121455.2,31233,32624,2796,174.0,69.0,2321.0
1784121456.3,31233,32624,2796,212.0,69.0,2252.0
1784121457.4,31233,32624,2796,207.0,69.0,2311.0
1784121458.5,31233,32624,2796,221.0,69.0,2320.0
1784121459.6,31233,32624,2796,226.0,69.0,2410.0
1784121460.7,31233,32624,2796,181.0,69.0,2472.0
1784121461.8,31233,32624,2796,206.0,69.0,2239.0
1784121462.9,31233,32624,2796,216.0,69.0,2292.0
1784121463.9,31233,32624,2796,199.0,69.0,2230.0
1784121465.0,31233,32624,2796,226.0,69.0,2350.0
1784121466.1,31233,32624,2796,260.0,69.0,2535.0
1784121467.2,31233,32624,2796,173.0,69.0,2350.0
1784121468.3,31233,32624,2796,210.0,69.0,2257.0
1784121469.4,31233,32624,2796,205.0,69.0,2261.0
1784121470.5,31233,32624,2796,217.0,69.0,2313.0
1784121471.6,31233,32624,2796,227.0,69.0,2402.0
1784121472.7,31233,32624,2796,210.0,69.0,2600.0
1784121473.8,31233,32624,2796,156.0,69.0,2254.0
1784121474.9,31233,32624,2796,211.0,69.0,2187.0
1784121476.0,31233,32624,2796,217.0,69.0,2267.0
1784121477.1,31233,32624,2796,229.0,69.0,2410.0
1784121478.2,31233,32624,2796,255.0,69.0,2580.0
1784121479.2,31233,32624,2796,181.0,69.0,2350.0
1784121480.3,31233,32624,2796,220.0,69.0,2265.0
1784121481.4,31233,32624,2796,209.0,69.0,2274.0
1784121482.5,31233,32624,2796,219.0,69.0,2350.0
1784121483.6,31233,32624,2796,253.0,69.0,2519.0
1784121484.7,31233,32624,2796,166.0,70.0,2311.0
1784121485.8,31233,32624,2796,209.0,70.0,2255.0
1784121486.9,31233,32624,2796,219.0,70.0,2259.0
1784121488.0,31233,32624,2796,230.0,70.0,2350.0
1784121489.1,31233,32624,2796,288.0,70.0,2729.0
1784121490.2,31233,32624,2796,152.0,70.0,2205.0
1784121491.3,31233,32624,2796,209.0,70.0,2270.0
1784121492.4,31233,32624,2796,212.0,70.0,2280.0
1784121493.4,31233,32624,2796,223.0,70.0,2407.0
1784121494.5,31233,32624,2796,184.0,70.0,2408.0
1784121495.6,31233,32624,2796,206.0,70.0,2252.0
1784121496.7,31233,32624,2796,216.0,70.0,2292.0
1784121497.8,31233,32624,2796,211.0,70.0,2350.0
1784121498.9,31233,32624,2796,202.0,70.0,2531.0
1784121500.0,31233,32624,2796,215.0,70.0,2254.0
1784121501.1,31233,32624,2796,213.0,70.0,2301.0
1784121502.2,31233,32624,2796,210.0,70.0,2297.0
1784121503.3,31233,32624,2796,250.0,70.0,2522.0
1784121504.4,31233,32624,2796,162.0,70.0,2390.0
1784121505.5,31233,32624,2796,211.0,70.0,2283.0
1784121506.6,31233,32624,2796,210.0,70.0,2260.0
1784121507.6,31233,32624,2796,239.0,70.0,2471.0
1784121508.7,31233,32624,2796,165.0,70.0,2350.0
1784121509.8,31233,32624,2796,208.0,70.0,2305.0
1784121510.9,31233,32624,2796,216.0,70.0,2322.0
1784121512.0,31233,32624,2796,223.0,70.0,2350.0
1784121513.1,31233,32624,2796,198.0,70.0,2530.0
1784121514.2,31233,32624,2796,211.0,70.0,2268.0
1784121515.3,31233,32624,2796,205.0,70.0,2251.0
1784121516.4,31233,32624,2796,224.0,70.0,2395.0
1784121517.5,31233,32624,2796,185.0,70.0,2542.0
1784121518.6,31233,32624,2796,215.0,70.0,2259.0
1784121519.7,31233,32624,2796,206.0,70.0,2189.0
1784121520.8,31233,32624,2796,223.0,70.0,2433.0
1784121521.8,31233,32624,2796,159.0,70.0,2350.0
1784121522.9,31233,32624,2796,215.0,70.0,2282.0
1784121524.0,31233,32624,2796,218.0,70.0,2350.0
1784121525.1,31233,32624,2796,237.0,70.0,2588.0
1784121526.2,31233,32624,2796,227.0,70.0,2239.0
1784121527.3,31233,32624,2796,210.0,70.0,2270.0
1784121528.4,31233,32624,2796,223.0,70.0,2395.0
1784121529.5,31233,32624,2796,169.0,70.0,2502.0
1784121530.6,31233,32624,2796,215.0,70.0,2308.0
1784121531.7,31233,32624,2796,214.0,70.0,2289.0
1784121532.8,31233,32624,2796,264.0,70.0,2588.0
1784121533.9,31233,32624,2796,206.0,70.0,2225.0
1784121535.0,31233,32624,2796,213.0,70.0,2322.0
1784121536.0,31233,32624,2796,222.0,70.0,2385.0
1784121537.1,31233,32624,2796,170.0,70.0,2350.0
1784121538.2,31233,32624,2796,214.0,70.0,2298.0
1784121539.3,31233,32624,2796,221.0,70.0,2350.0
1784121540.4,31233,32624,2796,182.0,70.0,2435.0
1784121541.5,31233,32624,2796,215.0,70.0,2319.0
1784121542.6,31233,32624,2796,212.0,70.0,2279.0
1784121543.7,31233,32624,2796,211.0,70.0,2565.0
1784121544.8,31233,32624,2796,211.0,70.0,2227.0
1784121545.9,31233,32624,2796,210.0,70.0,2350.0
1784121547.0,31233,32624,2796,257.0,70.0,2536.0
1784121548.1,31233,32624,2796,207.0,70.0,2248.0
1784121549.1,31233,32624,2796,214.0,70.0,2305.0
1784121550.2,31233,32624,2796,239.0,70.0,2492.0
1784121551.3,31233,32624,2796,161.0,70.0,2221.0
1784121552.4,31233,32624,2796,214.0,70.0,2196.0
1784121553.5,31233,32624,2796,231.0,70.0,2350.0
1784121554.6,31233,32624,2796,180.0,70.0,2397.0
1784121555.7,31233,32624,2796,206.0,70.0,2297.0
1784121556.8,31233,32624,2796,219.0,70.0,2350.0
1784121557.9,31233,32624,2796,179.0,70.0,2400.0
1784121559.0,31233,32624,2796,216.0,70.0,2319.0
1784121560.1,31233,32624,2796,234.0,70.0,2410.0
1784121561.2,31233,32624,2796,43.0,70.0,0.0
1784121562.3,31233,32624,2796,213.0,70.0,2440.0
1784121563.4,31233,32624,2796,211.0,70.0,2350.0
1784121564.4,31233,32624,2796,210.0,70.0,2350.0
1784121565.5,31233,32624,2796,213.0,70.0,2350.0
1784121566.6,31233,32624,2796,210.0,70.0,2388.0
1784121567.7,31233,32624,2796,98.0,70.0,320.0
1784121568.8,31233,32624,2796,201.0,70.0,2556.0
1784121569.9,31233,32624,2796,166.0,70.0,2237.0
1784121571.0,31233,32624,2796,219.0,70.0,2278.0
1784121572.1,31233,32624,2796,211.0,69.0,2294.0
1784121573.2,31233,32624,2796,231.0,69.0,2350.0
1784121574.3,31233,32624,2796,220.0,69.0,2387.0
1784121575.4,31233,32624,2796,249.0,69.0,2533.0
1784121576.5,31233,32624,2796,181.0,69.0,2402.0
1784121577.5,31233,32624,2796,208.0,69.0,2217.0
1784121578.6,31233,32624,2796,201.0,69.0,2289.0
1784121579.7,31233,32624,2796,210.0,69.0,2311.0
1784121580.8,31233,32624,2796,230.0,69.0,2392.0
1784121581.9,31233,32624,2796,231.0,69.0,2445.0
1784121583.0,31233,32624,2796,181.0,69.0,2492.0
1784121584.1,31233,32624,2796,227.0,69.0,2238.0
1784121585.2,31233,32624,2796,212.0,69.0,2263.0
1784121586.3,31233,32624,2796,216.0,69.0,2293.0
1784121587.4,31233,32624,2796,229.0,69.0,2422.0
1784121588.5,31233,32624,2796,230.0,69.0,2558.0
1784121589.5,31233,32624,2796,171.0,69.0,2435.0
1784121590.6,31233,32624,2796,210.0,69.0,2222.0
1784121591.7,31233,32624,2796,206.0,69.0,2305.0
1784121592.8,31233,32624,2796,229.0,69.0,2382.0
1784121593.9,31233,32624,2796,249.0,69.0,2509.0
1784121595.0,31233,32624,2796,165.0,69.0,2453.0
1784121596.1,31233,32624,2796,220.0,69.0,2290.0
1784121597.2,31233,32624,2796,211.0,69.0,2322.0
1784121598.3,31233,32624,2796,219.0,69.0,2313.0
1784121599.4,31233,32624,2796,223.0,69.0,2389.0
1784121600.5,31233,32624,2796,203.0,69.0,2549.0
1784121601.6,31233,32624,2796,194.0,69.0,2350.0
1784121602.7,31233,32624,2796,205.0,69.0,2237.0
1784121603.7,31233,32624,2796,202.0,69.0,2268.0
1784121604.8,31233,32624,2796,225.0,69.0,2350.0
1784121605.9,31233,32624,2796,252.0,70.0,2568.0
1784121607.0,31233,32624,2796,182.0,70.0,2389.0
1784121608.1,31233,32624,2796,197.0,70.0,2180.0
1784121609.2,31233,32624,2796,214.0,70.0,2229.0
1784121610.3,31233,32624,2796,221.0,70.0,2382.0
1784121611.4,31233,32624,2796,209.0,70.0,2561.0
1784121612.5,31233,32624,2796,185.0,70.0,2210.0
1784121613.6,31233,32624,2796,207.0,70.0,2280.0
1784121614.7,31233,32624,2796,223.0,70.0,2350.0
1784121615.8,31233,32624,2796,235.0,70.0,2494.0
1784121616.9,31233,32624,2796,185.0,70.0,2412.0
1784121617.9,31233,32624,2796,212.0,70.0,2271.0
1784121619.0,31233,32624,2796,196.0,70.0,2230.0
1784121620.1,31233,32624,2796,226.0,70.0,2414.0
1784121621.2,31233,32624,2796,200.0,70.0,2515.0
1784121622.3,31233,32624,2796,188.0,70.0,2226.0
1784121623.4,31233,32624,2796,215.0,70.0,2309.0
1784121624.5,31233,32624,2796,224.0,70.0,2350.0
1784121625.6,31233,32624,2796,225.0,70.0,2382.0
1784121626.7,31233,32624,2796,185.0,70.0,2433.0
1784121627.8,31233,32624,2796,205.0,70.0,2283.0
1784121628.9,31233,32624,2796,216.0,70.0,2316.0
1784121630.0,31233,32624,2796,222.0,70.0,2350.0
1784121631.1,31233,32624,2796,174.0,70.0,2485.0
1784121632.2,31233,32624,2796,218.0,70.0,2300.0
1784121633.3,31233,32624,2796,215.0,70.0,2308.0
1784121634.3,31233,32624,2796,229.0,70.0,2430.0
1784121635.4,31233,32624,2796,179.0,70.0,2383.0
1784121636.5,31233,32624,2796,214.0,70.0,2248.0
1784121637.6,31233,32624,2796,214.0,70.0,2304.0
1784121638.7,31233,32624,2796,234.0,70.0,2408.0
1784121639.8,31233,32624,2796,172.0,70.0,2350.0
1784121640.9,31233,32624,2796,212.0,70.0,2254.0
1784121642.0,31233,32624,2796,211.0,70.0,2281.0
1784121643.1,31233,32624,2796,242.0,70.0,2503.0
1784121644.2,31233,32624,2796,155.0,70.0,2259.0
1784121645.3,31233,32624,2796,209.0,70.0,2274.0
1784121646.4,31233,32624,2796,207.0,70.0,2311.0
1784121647.5,31233,32624,2796,244.0,70.0,2528.0
1784121648.5,31233,32624,2796,195.0,70.0,2232.0
1784121649.6,31233,32624,2796,222.0,70.0,2315.0
1784121650.7,31233,32624,2796,219.0,70.0,2350.0
1784121651.8,31233,32624,2796,179.0,70.0,2563.0
1784121652.9,31233,32624,2796,214.0,70.0,2283.0
1784121654.0,31233,32624,2796,215.0,70.0,2290.0
1784121655.1,31233,32624,2796,235.0,70.0,2414.0
1784121656.2,31233,32624,2796,180.0,70.0,2448.0
1784121657.3,31233,32624,2796,199.0,70.0,2180.0
1784121658.4,31233,32624,2796,217.0,70.0,2257.0
1784121659.5,31233,32624,2796,266.0,70.0,2541.0
1784121660.6,31233,32624,2796,228.0,70.0,2247.0
1784121661.7,31233,32624,2796,201.0,70.0,2280.0
1784121662.7,31233,32624,2796,225.0,70.0,2391.0
1784121663.8,31233,32624,2796,182.0,70.0,2495.0
1784121664.9,31233,32624,2796,212.0,70.0,2274.0
1784121666.0,31233,32624,2796,217.0,70.0,2350.0
1784121667.1,31233,32624,2796,252.0,70.0,2537.0
1784121668.2,31233,32624,2796,211.0,70.0,2187.0
1784121669.3,31233,32624,2796,205.0,70.0,2254.0
1784121670.4,31233,32624,2796,230.0,70.0,2350.0
1784121671.5,31233,32624,2796,202.0,70.0,2449.0
1784121672.6,31233,32624,2796,209.0,70.0,2274.0
1784121673.7,31233,32624,2796,218.0,70.0,2350.0
1784121674.8,31233,32624,2796,208.0,70.0,2500.0
1784121675.9,31233,32624,2796,205.0,70.0,2270.0
1784121677.0,31233,32624,2796,215.0,70.0,2320.0
1784121678.0,31233,32624,2796,250.0,70.0,2511.0
1784121679.1,31233,32624,2796,211.0,70.0,2294.0
1784121680.2,31233,32624,2796,202.0,70.0,2275.0
1784121681.3,31233,32624,2796,234.0,70.0,2489.0
1784121682.4,31233,32624,2796,205.0,70.0,2240.0
1784121683.5,31233,32624,2796,210.0,70.0,2214.0
1784121684.6,31233,32624,2796,222.0,70.0,2379.0
1784121685.7,31233,32624,2796,164.0,70.0,2283.0
1784121686.8,31233,32624,2796,215.0,70.0,2264.0
1784121687.9,31233,32624,2796,235.0,70.0,2417.0
1784121689.0,31233,32624,2796,165.0,70.0,2176.0
1784121690.1,31233,32624,2796,208.0,70.0,2282.0
1784121691.2,31233,32624,2796,229.0,70.0,2400.0
1784121692.2,31233,32624,2796,156.0,70.0,2210.0
1784121693.3,31233,32624,2796,218.0,70.0,2270.0
1784121694.4,31233,32624,2796,238.0,69.0,2467.0
1784121695.5,31233,32624,2796,211.0,70.0,2304.0
1784121696.6,31233,32624,2796,205.0,70.0,2381.0
1784121697.7,31233,32624,2796,232.0,70.0,2297.0
1784121698.8,31233,32624,2796,145.0,70.0,2130.0
1784121699.9,31233,32624,2796,250.0,70.0,2350.0
1784121701.0,31233,32624,2796,190.0,70.0,3288.0
1784121702.1,31233,32624,2796,218.0,70.0,2216.0
1784121703.2,31233,32624,2796,208.0,70.0,2350.0
1784121704.2,31233,32624,2796,211.0,70.0,2229.0
1784121705.3,31233,32624,2796,220.0,70.0,2384.0
1784121706.4,31233,32624,2796,233.0,69.0,2419.0
1784121707.5,31233,32624,2796,171.0,69.0,2500.0
1784121708.6,31233,32624,2796,161.0,69.0,2244.0
1784121709.7,31233,32624,2796,204.0,69.0,2270.0
1784121710.8,31233,32624,2796,211.0,69.0,2290.0
1784121711.9,31233,32624,2796,222.0,69.0,2350.0
1784121713.0,31233,32624,2796,232.0,69.0,2444.0
1784121714.1,31233,32624,2796,192.0,69.0,2486.0
1784121715.2,31233,32624,2796,175.0,69.0,2201.0
1784121716.3,31233,32624,2796,210.0,69.0,2282.0
1784121717.4,31233,32624,2796,204.0,69.0,2293.0
1784121718.5,31233,32624,2796,225.0,69.0,2418.0
1784121719.5,31233,32624,2796,237.0,69.0,2499.0
1784121720.6,31233,32624,2796,167.0,69.0,2398.0
1784121721.7,31233,32624,2796,215.0,69.0,2270.0
1784121722.8,31233,32624,2796,216.0,69.0,2308.0
1784121723.9,31233,32624,2796,214.0,69.0,2350.0
1784121725.0,31233,32624,2796,234.0,69.0,2420.0
1784121726.1,31233,32624,2796,179.0,69.0,2532.0
1784121727.2,31233,32624,2796,194.0,69.0,2244.0
1784121728.3,31233,32624,2796,213.0,69.0,2292.0
1784121729.4,31233,32624,2796,207.0,69.0,2290.0
1784121730.5,31233,32624,2796,226.0,69.0,2413.0
1784121731.6,31233,32624,2796,226.0,69.0,2568.0
1784121732.6,31233,32624,2796,126.0,69.0,2291.0
1784121733.7,31233,32624,2796,205.0,69.0,2168.0
1784121734.8,31233,32624,2796,222.0,69.0,2305.0
1784121735.9,31233,32624,2796,228.0,69.0,2380.0
1784121737.0,31233,32624,2796,248.0,69.0,2489.0
1784121738.1,31233,32624,2796,180.0,69.0,2401.0
1784121739.2,31233,32624,2796,208.0,69.0,2256.0
1784121740.3,31233,32624,2796,213.0,70.0,2321.0
1784121741.4,31233,32624,2796,221.0,70.0,2350.0
1784121742.5,31233,32624,2796,206.0,70.0,2498.0
1784121743.6,31233,32624,2796,215.0,70.0,2259.0
1784121744.7,31233,32624,2796,198.0,70.0,2241.0
1784121745.7,31233,32624,2796,215.0,70.0,2273.0
1784121746.8,31233,32624,2796,253.0,70.0,2524.0
1784121747.9,31233,32624,2796,155.0,70.0,2231.0
1784121749.0,31233,32624,2796,200.0,70.0,2263.0
1784121750.1,31233,32624,2796,209.0,70.0,2303.0
1784121751.2,31233,32624,2796,235.0,70.0,2350.0
1784121752.3,31233,32624,2796,183.0,70.0,2579.0
1784121753.4,31233,32624,2796,217.0,70.0,2274.0
1784121754.5,31233,32624,2796,196.0,70.0,2248.0
1784121755.6,31233,32624,2796,212.0,70.0,2294.0
1784121756.7,31233,32624,2796,248.0,70.0,2514.0
1784121757.8,31233,32624,2796,154.0,70.0,2207.0
1784121758.9,31233,32624,2796,208.0,70.0,2261.0
1784121759.9,31233,32624,2796,214.0,70.0,2316.0
1784121761.0,31233,32624,2796,233.0,70.0,2462.0
1784121762.1,31233,32624,2796,185.0,70.0,2395.0
1784121763.2,31233,32624,2796,215.0,70.0,2274.0
1784121764.3,31233,32624,2796,209.0,70.0,2258.0
1784121765.4,31233,32624,2796,242.0,70.0,2350.0
1784121766.5,31233,32624,2796,163.0,70.0,2408.0
1784121767.6,31233,32624,2796,200.0,70.0,2185.0
1784121768.7,31233,32624,2796,217.0,70.0,2276.0
1784121769.8,31233,32624,2808,239.0,70.0,2492.0
1784121770.9,31233,32624,2810,169.0,70.0,2392.0
1784121772.0,31233,32624,2810,208.0,70.0,2244.0
1784121773.1,31233,32624,2798,218.0,70.0,2318.0
1784121774.2,31233,32624,2798,244.0,70.0,2488.0
1784121775.2,31233,32624,2808,136.0,70.0,2293.0
1784121776.3,31233,32624,2808,205.0,70.0,2261.0
1784121777.4,31233,32624,2808,215.0,70.0,2304.0
1784121778.5,31233,32624,2808,182.0,70.0,2599.0
1784121779.6,31233,32624,2808,212.0,70.0,2234.0
1784121780.7,31233,32624,2810,215.0,70.0,2239.0
1784121781.8,31233,32624,2810,215.0,70.0,2411.0
1784121782.9,31233,32624,2800,177.0,70.0,2437.0
1784121784.0,31233,32624,2800,208.0,70.0,2214.0
1784121785.1,31233,32624,2812,218.0,70.0,2279.0
1784121786.2,31233,32624,2802,239.0,70.0,2506.0
1784121787.3,31233,32624,2798,141.0,70.0,2285.0
1784121788.4,31233,32624,2808,213.0,70.0,2310.0
1784121789.5,31233,32624,2808,232.0,70.0,2458.0
1784121790.6,31233,32624,2798,175.0,70.0,2246.0
1784121791.7,31233,32624,2798,199.0,70.0,2267.0
1784121792.7,31233,32624,2800,224.0,70.0,2418.0
1784121793.8,31233,32624,2800,179.0,70.0,2350.0
1784121794.9,31233,32624,2800,204.0,70.0,2249.0
1784121796.0,31233,32624,2800,223.0,70.0,2350.0
1784121797.1,31233,32624,2800,248.0,70.0,2546.0
1784121798.2,31233,32624,2798,208.0,70.0,2291.0
1784121799.3,31233,32624,2808,215.0,70.0,2350.0
1784121800.4,31233,32624,2808,262.0,70.0,2554.0
1784121801.5,31233,32624,2808,163.0,70.0,2184.0
1784121802.6,31233,32624,2808,212.0,70.0,2288.0
1784121803.7,31233,32624,2808,228.0,70.0,2426.0
1784121804.8,31233,32624,2808,180.0,70.0,2381.0
1784121805.9,31233,32624,2808,207.0,70.0,2206.0
1784121807.0,31233,32624,2798,232.0,70.0,2350.0
1784121808.0,31233,32624,2796,197.0,70.0,2528.0
1784121809.1,31233,32624,2798,210.0,70.0,2262.0
1784121810.2,31233,32624,2796,215.0,70.0,2350.0
1784121811.3,31233,32624,2796,197.0,70.0,2508.0
1784121812.4,31233,32624,2808,201.0,70.0,2242.0
1784121813.5,31233,32624,2798,236.0,70.0,2418.0
1784121814.6,31233,32624,2808,164.0,70.0,2377.0
1784121815.7,31233,32624,2808,208.0,70.0,2280.0
1784121816.8,31233,32624,2808,224.0,70.0,2402.0
1784121817.9,31233,32624,2808,217.0,70.0,2254.0
1784121819.0,31233,32624,2808,219.0,70.0,2350.0
1784121820.1,31233,32624,2808,144.0,70.0,2229.0
1784121821.2,31233,32624,2808,207.0,70.0,2322.0
1784121822.2,31233,32624,2808,196.0,70.0,2513.0
1784121823.3,31233,32624,2800,218.0,70.0,2316.0
1784121824.4,31233,32624,2800,220.0,70.0,2305.0
1784121825.5,31233,32624,2800,199.0,70.0,2511.0
1784121826.6,31233,32624,2808,249.0,68.0,2415.0
1784121827.7,31233,32624,2817,194.0,70.0,2350.0
1784121828.8,31233,32624,2798,214.0,70.0,2307.0
1784121829.9,31233,32624,2798,207.0,70.0,2350.0
1784121831.0,31233,32624,2798,211.0,70.0,2350.0
1784121832.1,31233,32624,2808,194.0,70.0,2136.0
1784121833.2,31233,32624,2817,245.0,69.0,2505.0
1784121834.3,31233,32624,2817,178.0,70.0,2491.0
1784121835.4,31233,32624,2808,222.0,70.0,2250.0
1784121836.4,31233,32624,2808,189.0,70.0,2287.0
1784121837.5,31233,32624,2808,222.0,70.0,2391.0
1784121838.6,31233,32624,2808,231.0,69.0,2425.0
1784121839.7,31233,32624,2808,179.0,69.0,2524.0
1784121840.8,31233,32624,2808,155.0,69.0,2243.0
1784121841.9,31233,32624,2808,206.0,69.0,2286.0
1784121843.0,31233,32624,2808,215.0,69.0,2274.0
1784121844.1,31233,32624,2808,229.0,69.0,2315.0
1784121845.2,31233,32624,2808,252.0,69.0,2514.0
1784121846.3,31233,32624,2808,179.0,69.0,2350.0
1784121847.4,31233,32624,2808,218.0,69.0,2260.0
1784121848.5,31233,32624,2808,207.0,69.0,2290.0
1784121849.6,31233,32624,2808,222.0,69.0,2315.0
1784121850.6,31233,32624,2808,218.0,69.0,2304.0
1784121851.7,31233,32624,2808,258.0,69.0,2527.0
1784121852.8,31233,32624,2808,175.0,69.0,2350.0
1784121853.9,31233,32624,2808,204.0,69.0,2205.0
1784121855.0,31233,32624,2808,204.0,69.0,2244.0
1784121856.1,31233,32624,2808,210.0,69.0,2305.0
1784121857.2,31233,32624,2808,221.0,69.0,2425.0
1784121858.3,31233,32624,2808,204.0,69.0,2598.0
1784121859.4,31233,32624,2808,129.0,69.0,2229.0
1784121860.5,31233,32624,2808,221.0,69.0,2301.0
1784121861.6,31233,32624,2808,215.0,69.0,2350.0
1784121862.7,31233,32624,2808,229.0,69.0,2350.0
1784121863.8,31233,32624,2808,243.0,69.0,2483.0
1784121864.9,31233,32624,2808,169.0,69.0,2429.0
1784121865.9,31233,32624,2808,217.0,69.0,2294.0
1784121867.0,31233,32624,2808,212.0,69.0,2309.0
1784121868.1,31233,32624,2808,217.0,69.0,2317.0
1784121869.2,31233,32624,2808,223.0,69.0,2415.0
1784121870.3,31233,32624,2808,208.0,69.0,2570.0
1784121871.4,31233,32624,2808,230.0,69.0,2272.0
1784121872.5,31233,32624,2808,217.0,69.0,2274.0
1784121873.6,31233,32624,2808,211.0,70.0,2350.0
1784121874.7,31233,32624,2808,220.0,69.0,2420.0
1784121875.8,31233,32624,2808,195.0,69.0,2468.0
1784121876.9,31233,32624,2808,211.0,69.0,2226.0
1784121878.0,31233,32624,2808,218.0,70.0,2260.0
1784121879.1,31233,32624,2808,219.0,70.0,2401.0
1784121880.1,31233,32624,2808,252.0,70.0,2441.0
1784121881.2,31233,32624,2808,195.0,70.0,2350.0
1784121882.3,31233,32624,2808,210.0,70.0,2244.0
1784121883.4,31233,32624,2808,215.0,70.0,2290.0
1784121884.5,31233,32624,2808,230.0,70.0,2452.0
1784121885.6,31233,32624,2808,194.0,70.0,2569.0
1784121886.7,31233,32624,2808,215.0,70.0,2255.0
1784121887.8,31233,32624,2808,217.0,70.0,2309.0
1784121888.9,31233,32624,2808,213.0,70.0,2310.0
1784121890.0,31233,32624,2808,256.0,70.0,2567.0
1784121891.1,31233,32624,2808,156.0,70.0,2215.0
1784121892.2,31233,32624,2808,206.0,70.0,2256.0
1784121893.3,31233,32624,2808,214.0,70.0,2350.0
1784121894.3,31233,32624,2808,252.0,70.0,2498.0
1784121895.4,31233,32624,2808,192.0,70.0,2350.0
1784121896.5,31233,32624,2808,215.0,68.0,2350.0
1784121897.6,31233,32624,2808,208.0,70.0,2157.0
1784121898.7,31233,32624,2808,212.0,70.0,2350.0
1784121899.8,31233,32624,2808,215.0,70.0,2350.0
1784121900.9,31233,32624,2808,209.0,70.0,2350.0
1784121902.0,31233,32624,2808,215.0,70.0,2350.0
1784121903.1,31233,32624,2808,243.0,69.0,3265.0
1784121904.2,31233,32624,2808,242.0,70.0,2511.0
1784121905.3,31233,32624,2808,171.0,70.0,2404.0
1784121906.3,31233,32624,2808,221.0,69.0,2225.0
1784121907.4,31233,32624,2808,203.0,69.0,2274.0
1784121908.5,31233,32624,2808,196.0,69.0,2215.0
1784121909.6,31233,32624,2808,214.0,69.0,2350.0
1784121910.7,31233,32624,2808,218.0,69.0,2350.0
1784121911.8,31233,32624,2808,199.0,69.0,2566.0
1784121912.9,31233,32624,2808,176.0,69.0,2377.0
1784121914.0,31233,32624,2808,211.0,69.0,2283.0
1784121915.1,31233,32624,2808,223.0,69.0,2294.0
1784121916.2,31233,32624,2808,219.0,69.0,2294.0
1784121917.3,31233,32624,2808,227.0,69.0,2396.0
1784121918.4,31233,32624,2808,238.0,69.0,2446.0
1784121919.5,31233,32624,2808,182.0,69.0,2350.0
1784121920.6,31233,32624,2808,221.0,69.0,2277.0
1784121921.7,31233,32624,2808,213.0,69.0,2237.0
1784121922.7,31233,32624,2808,220.0,69.0,2304.0
1784121923.8,31233,32624,2808,223.0,69.0,2402.0
1784121924.9,31233,32624,2808,173.0,69.0,2543.0
1784121926.0,31233,32624,2808,172.0,69.0,2197.0
1784121927.1,31233,32624,2808,209.0,69.0,2297.0
1784121928.2,31233,32624,2808,210.0,69.0,2189.0
1784121929.3,31233,32624,2808,230.0,69.0,2350.0
1784121930.4,31233,32624,2808,252.0,69.0,2475.0
1784121931.5,31233,32624,2808,171.0,69.0,2376.0
1784121932.6,31233,32624,2808,214.0,69.0,2264.0
1784121933.7,31233,32624,2808,201.0,69.0,2191.0
1784121934.8,31233,32624,2808,216.0,69.0,2323.0
1784121935.8,31233,32624,2808,236.0,69.0,2485.0
1784121936.9,31233,32624,2808,183.0,69.0,2445.0
1784121938.0,31233,32624,2808,215.0,69.0,2312.0
1784121939.1,31233,32624,2808,216.0,69.0,2281.0
1784121940.2,31233,32624,2808,197.0,69.0,2237.0
1784121941.3,31233,32624,2808,222.0,69.0,2386.0
1784121942.4,31233,32624,2808,196.0,69.0,2542.0
1784121943.5,31233,32624,2808,208.0,70.0,2238.0
1784121944.6,31233,32624,2808,215.0,69.0,2303.0
1784121945.7,31233,32624,2808,223.0,70.0,2350.0
1784121946.8,31233,32624,2808,234.0,70.0,2448.0
1784121947.9,31233,32624,2808,199.0,70.0,2382.0
1784121949.0,31233,32624,2808,203.0,70.0,2264.0
1784121950.0,31233,32624,2808,215.0,70.0,2257.0
1784121951.1,31233,32624,2808,231.0,70.0,2401.0
1784121952.2,31233,32624,2808,210.0,70.0,2515.0
1784121953.3,31233,32624,2808,163.0,70.0,2324.0
1784121954.4,31233,32624,2808,220.0,70.0,2317.0
1784121955.5,31233,32624,2808,216.0,70.0,2350.0
1784121956.6,31233,32624,2808,237.0,70.0,2450.0
1784121957.7,31233,32624,2808,192.0,70.0,2417.0
1784121958.8,31233,32624,2808,212.0,70.0,2261.0
1784121959.9,31233,32624,2808,209.0,70.0,2289.0
1784121961.0,31233,32624,2808,230.0,70.0,2350.0
1784121962.1,31233,32624,2808,223.0,70.0,2503.0
1784121963.2,31233,32624,2808,200.0,70.0,2237.0
1784121964.2,31233,32624,2808,210.0,70.0,2289.0
1784121965.3,31233,32624,2808,213.0,70.0,2350.0
1784121966.4,31233,32624,2808,249.0,70.0,2542.0
1784121967.5,31233,32624,2808,221.0,70.0,2212.0
1784121968.6,31233,32624,2808,205.0,70.0,2242.0
1784121969.7,31233,32624,2808,216.0,70.0,2350.0
1784121970.8,31233,32624,2808,196.0,70.0,2549.0
1784121971.9,31233,32624,2808,217.0,70.0,2305.0
1784121973.0,31233,32624,2808,216.0,70.0,2350.0
1784121974.1,31233,32624,2808,230.0,70.0,2433.0
1784121975.2,31233,32624,2808,185.0,70.0,2416.0
1784121976.3,31233,32624,2808,212.0,70.0,2248.0
1784121977.3,31233,32624,2808,215.0,70.0,2303.0
1784121978.4,31233,32624,2808,228.0,70.0,2440.0
1784121979.5,31233,32624,2808,164.0,70.0,2350.0
1784121980.6,31233,32624,2808,214.0,70.0,2284.0
1784121981.7,31233,32624,2808,209.0,70.0,2281.0
1784121982.8,31233,32624,2808,224.0,70.0,2392.0
1784121983.9,31233,32624,2808,172.0,70.0,2320.0
1784121985.0,31233,32624,2808,200.0,70.0,2251.0
1784121986.1,31233,32624,2808,222.0,70.0,2270.0
1784121987.2,31233,32624,2808,243.0,70.0,2501.0
1784121988.3,31233,32624,2808,159.0,70.0,2350.0
1784121989.4,31233,32624,2808,201.0,70.0,2242.0
1784121990.5,31233,32624,2808,205.0,70.0,2272.0
1784121991.6,31233,32624,2808,180.0,70.0,2551.0
1784121992.6,31233,32624,2808,206.0,70.0,2270.0
1784121993.7,31233,32624,2808,208.0,70.0,2261.0
1784121994.8,31233,32624,2808,241.0,70.0,2482.0
1784121995.9,31233,32624,2808,183.0,70.0,2224.0
1784121997.0,31233,32624,2808,219.0,70.0,2287.0
1784121998.1,31233,32624,2808,215.0,70.0,2350.0
1784121999.2,31233,32624,2808,188.0,70.0,2429.0
1784122000.3,31233,32624,2808,220.0,70.0,2262.0
1784122001.4,31233,32624,2808,220.0,70.0,2318.0
1784122002.5,31233,32624,2808,213.0,70.0,2514.0
1784122003.6,31233,32624,2808,216.0,70.0,2290.0
1784122004.7,31233,32624,2808,216.0,70.0,2319.0
1784122005.8,31233,32624,2808,228.0,70.0,2465.0
1784122006.8,31233,32624,2808,180.0,70.0,2258.0
1784122007.9,31233,32624,2808,204.0,70.0,2276.0
1784122009.0,31233,32624,2808,212.0,70.0,2308.0
1784122010.1,31233,32624,2808,142.0,70.0,2283.0
1784122011.2,31233,32624,2808,198.0,70.0,2227.0
1784122012.3,31233,32624,2808,215.0,70.0,2350.0
1784122013.4,31233,32624,2808,181.0,70.0,2387.0
1784122014.5,31233,32624,2808,207.0,70.0,2278.0
1784122015.6,31233,32624,2808,226.0,70.0,2382.0
1784122016.7,31233,32624,2808,182.0,70.0,2379.0
1784122017.8,31233,32624,2808,212.0,70.0,2271.0
1784122018.9,31233,32624,2808,225.0,70.0,2305.0
1784122019.9,31233,32624,2808,157.0,70.0,2096.0
1784122021.0,31233,32624,2808,219.0,70.0,2230.0
1784122022.1,31233,32624,2808,203.0,70.0,2350.0
1784122023.2,31233,32624,2808,209.0,70.0,2350.0
1784122024.3,31233,32624,2808,211.0,70.0,2323.0
1784122025.4,31233,32624,2808,213.0,70.0,2386.0
1784122026.5,31233,32624,2808,298.0,70.0,2749.0
1784122027.6,31233,32624,2808,172.0,70.0,2406.0
1784122028.7,31233,32624,2808,215.0,70.0,2265.0
1784122029.8,31233,32624,2808,207.0,70.0,2314.0
1784122030.9,31233,32624,2808,214.0,70.0,2312.0
1784122032.0,31233,32624,2808,227.0,69.0,2350.0
1784122033.0,31233,32624,2808,199.0,69.0,2524.0
1784122034.1,31233,32624,2808,158.0,69.0,2276.0
1784122035.2,31233,32624,2808,202.0,69.0,2230.0
1784122036.3,31233,32624,2808,210.0,69.0,2296.0
1784122037.4,31233,32624,2808,211.0,69.0,2277.0
1784122038.5,31233,32624,2808,234.0,69.0,2478.0
1784122039.6,31233,32624,2808,184.0,69.0,2491.0
1784122040.7,31233,32624,2808,219.0,69.0,2242.0
1784122041.8,31233,32624,2808,218.0,69.0,2278.0
1784122042.9,31233,32624,2808,226.0,69.0,2350.0
1784122044.0,31233,32624,2808,227.0,69.0,2385.0
1784122045.1,31233,32624,2808,248.0,69.0,2488.0
1784122046.2,31233,32624,2808,193.0,69.0,2427.0
1784122047.2,31233,32624,2808,216.0,69.0,2350.0
1784122048.3,31233,32624,2808,208.0,69.0,2317.0
1784122049.4,31233,32624,2808,216.0,69.0,2350.0
1784122050.5,31233,32624,2808,223.0,69.0,2394.0
1784122051.6,31233,32624,2808,197.0,69.0,2528.0
1784122052.7,31233,32624,2808,226.0,69.0,2223.0
1784122053.8,31233,32624,2808,217.0,69.0,2305.0
1784122054.9,31233,32624,2808,207.0,69.0,2268.0
1784122056.0,31233,32624,2808,229.0,69.0,2350.0
1784122057.1,31233,32624,2808,194.0,69.0,2582.0
1784122058.2,31233,32624,2808,186.0,69.0,2241.0
1784122059.3,31233,32624,2808,202.0,69.0,2253.0
1784122060.3,31233,32624,2808,212.0,69.0,2350.0
1784122061.4,31233,32624,2808,230.0,70.0,2430.0
1784122062.5,31233,32624,2808,186.0,70.0,2488.0
1784122063.6,31233,32624,2808,232.0,69.0,2254.0
1784122064.7,31233,32624,2808,202.0,70.0,2292.0
1784122065.8,31233,32624,2808,225.0,70.0,2350.0
1784122066.9,31233,32624,2808,235.0,70.0,2441.0
1784122068.0,31233,32624,2808,41.0,70.0,0.0
1784122069.1,31233,32624,2808,221.0,70.0,2245.0
1784122070.2,31233,32624,2808,217.0,70.0,2173.0
1784122071.3,31233,32624,2808,218.0,70.0,2217.0
1784122072.4,31233,32624,2808,209.0,70.0,2286.0
1784122073.5,31233,32624,2808,211.0,70.0,2350.0
1784122074.5,31233,32624,2808,202.0,69.0,3259.0
1784122075.6,31233,32624,2808,198.0,70.0,2260.0
1784122076.7,31233,32624,2808,217.0,70.0,2323.0
1784122077.8,31233,32624,2808,225.0,69.0,2420.0
1784122078.9,31233,32624,2808,183.0,69.0,2561.0
1784122080.0,31233,32624,2808,166.0,69.0,2195.0
1784122081.1,31233,32624,2808,211.0,69.0,2282.0
1784122082.2,31233,32624,2808,213.0,69.0,2350.0
1784122083.3,31233,32624,2808,214.0,69.0,2350.0
1784122084.4,31233,32624,2808,226.0,69.0,2350.0
1784122085.5,31233,32624,2808,212.0,69.0,2541.0
1784122086.6,31233,32624,2808,181.0,69.0,2245.0
1784122087.6,31233,32624,2808,196.0,69.0,2236.0
1784122088.7,31233,32624,2808,218.0,69.0,2273.0
1784122089.8,31233,32624,2808,227.0,69.0,2350.0
1784122090.9,31233,32624,2808,234.0,69.0,2468.0
1784122092.0,31233,32624,2808,189.0,69.0,2435.0
1784122093.1,31233,32624,2808,213.0,69.0,2251.0
1784122094.2,31233,32624,2808,204.0,69.0,2231.0
1784122095.3,31233,32624,2808,206.0,69.0,2241.0
1784122096.4,31233,32624,2808,221.0,69.0,2379.0
1784122097.5,31233,32624,2808,265.0,69.0,2543.0
1784122098.6,31233,32624,2808,166.0,69.0,2291.0
1784122099.7,31233,32624,2808,215.0,69.0,2300.0
1784122100.8,31233,32624,2808,216.0,69.0,2298.0
1784122101.8,31233,32624,2808,230.0,69.0,2376.0
1784122102.9,31233,32624,2808,244.0,69.0,2500.0
1784122104.0,31233,32624,2808,174.0,69.0,2350.0
1784122105.1,31233,32624,2808,209.0,69.0,2262.0
1784122106.2,31233,32624,2808,209.0,69.0,2274.0
1784122107.3,31233,32624,2808,212.0,69.0,2306.0
1784122108.4,31233,32624,2808,259.0,69.0,2553.0
1784122109.5,31233,32624,2808,168.0,69.0,2350.0
1784122110.6,31233,32624,2808,212.0,69.0,2279.0
1784122111.7,31233,32624,2808,215.0,69.0,2313.0
1784122112.8,31233,32624,2808,228.0,69.0,2390.0
1784122113.9,31233,32624,2808,203.0,70.0,2538.0
1784122114.9,31233,32624,2808,169.0,70.0,2224.0
1784122116.0,31233,32624,2808,208.0,70.0,2224.0
1784122117.1,31233,32624,2808,209.0,70.0,2350.0
1784122118.2,31233,32624,2808,234.0,70.0,2378.0
1784122119.3,31233,32624,2808,190.0,70.0,2515.0
1784122120.4,31233,32624,2808,229.0,70.0,2253.0
1784122121.5,31233,32624,2808,204.0,70.0,2270.0
1784122122.6,31233,32624,2808,208.0,70.0,2252.0
1784122123.7,31233,32624,2808,233.0,70.0,2458.0
1784122124.8,31233,32624,2808,166.0,70.0,2350.0
1784122125.9,31233,32624,2808,209.0,70.0,2297.0
1784122127.0,31233,32624,2808,221.0,70.0,2281.0
1784122128.1,31233,32624,2808,218.0,70.0,2350.0
1784122129.1,31233,32624,2808,185.0,70.0,2313.0
1784122130.2,31233,32624,2808,215.0,70.0,2250.0
1784122131.3,31233,32624,2808,219.0,70.0,2350.0
1784122132.4,31233,32624,2808,238.0,70.0,2382.0
1784122133.5,31233,32624,2808,173.0,70.0,2350.0
1784122134.6,31233,32624,2808,200.0,70.0,2209.0
1784122135.7,31233,32624,2808,212.0,70.0,2350.0
1784122136.8,31233,32624,2808,233.0,70.0,2419.0
1784122137.9,31233,32624,2808,180.0,70.0,2462.0
1784122139.0,31233,32624,2808,218.0,70.0,2292.0
1784122140.1,31233,32624,2808,207.0,70.0,2199.0
1784122141.2,31233,32624,2808,231.0,70.0,2463.0
1784122142.2,31233,32624,2808,175.0,70.0,2401.0
1784122143.3,31233,32624,2808,200.0,70.0,2256.0
1784122144.4,31233,32624,2808,199.0,70.0,2254.0
1784122145.5,31233,32624,2808,241.0,70.0,2471.0
1784122146.6,31233,32624,2808,196.0,70.0,2319.0
1784122147.7,31233,32624,2808,205.0,70.0,2268.0
1784122148.8,31233,32624,2808,220.0,70.0,2350.0
1784122149.9,31233,32624,2808,246.0,70.0,2502.0
1784122151.0,31233,32624,2808,183.0,70.0,2196.0
1784122152.1,31233,32624,2808,208.0,70.0,2220.0
1784122153.2,31233,32624,2808,221.0,70.0,2377.0
1784122154.3,31233,32624,2808,180.0,70.0,2555.0
1784122155.3,31233,32624,2808,213.0,70.0,2291.0
1784122156.4,31233,32624,2808,216.0,70.0,2260.0
1784122157.5,31233,32624,2808,222.0,70.0,2350.0
1784122158.6,31233,32624,2808,191.0,70.0,2391.0
1784122159.7,31233,32624,2808,210.0,70.0,2269.0
1784122160.8,31233,32624,2808,216.0,70.0,2276.0
1784122161.9,31233,32624,2808,191.0,70.0,2556.0
1784122163.0,31233,32624,2808,215.0,70.0,2212.0
1784122164.1,31233,32624,2808,208.0,70.0,2279.0
1784122165.2,31233,32624,2808,230.0,70.0,2466.0
1784122166.3,31233,32624,2808,157.0,70.0,2284.0
1784122167.4,31233,32624,2808,214.0,70.0,2283.0
1784122168.5,31233,32624,2808,222.0,70.0,2350.0
1784122169.5,31233,32624,2808,209.0,70.0,2585.0
1784122170.6,31233,32624,2808,202.0,70.0,2231.0
1784122171.7,31233,32624,2808,206.0,70.0,2307.0
1784122172.8,31233,32624,2808,242.0,70.0,2484.0
1784122173.9,31233,32624,2808,143.0,70.0,2283.0
1784122175.0,31233,32624,2808,221.0,70.0,2312.0
1784122176.1,31233,32624,2808,224.0,70.0,2350.0
1784122177.2,31233,32624,2808,174.0,70.0,2350.0
1784122178.3,31233,32624,2808,211.0,70.0,2253.0
1784122179.4,31233,32624,2808,225.0,70.0,2350.0
1784122180.5,31233,32624,2808,184.0,70.0,2470.0
1784122181.6,31233,32624,2808,216.0,70.0,2281.0
1784122182.7,31233,32624,2808,210.0,70.0,2350.0
1784122183.7,31233,32624,2808,248.0,70.0,2514.0
1784122184.8,31233,32624,2808,208.0,70.0,2205.0
1784122185.9,31233,32624,2808,218.0,70.0,2312.0
1784122187.0,31233,32624,2808,238.0,70.0,2483.0
1784122188.1,31233,32624,2808,201.0,70.0,2177.0
1784122189.2,31233,32624,2808,214.0,70.0,2292.0
1784122190.3,31233,32624,2808,244.0,70.0,2506.0
1784122191.4,31233,32624,2808,209.0,70.0,2176.0
1784122192.5,31233,32624,2808,214.0,70.0,2290.0
1784122193.6,31233,32624,2808,243.0,70.0,2503.0
1784122194.7,31233,32624,2808,194.0,70.0,2226.0
1784122195.8,31233,32624,2808,220.0,70.0,2310.0
1784122196.9,31233,32624,2808,269.0,70.0,2577.0
1784122197.9,31233,32624,2808,210.0,70.0,2264.0
1784122199.0,31233,32624,2808,212.0,70.0,2350.0
1784122200.1,31233,32624,2808,204.0,70.0,2550.0
1784122201.2,31233,32624,2808,207.0,70.0,2205.0
1784122202.3,31233,32624,2808,236.0,70.0,2401.0
1784122203.4,31233,32624,2808,188.0,70.0,2427.0
1784122204.5,31233,32624,2808,213.0,70.0,2314.0
1784122205.6,31233,32624,2808,231.0,70.0,2411.0
1784122206.7,31233,32624,2808,163.0,70.0,2267.0
1784122207.8,31233,32624,2808,204.0,70.0,2237.0
1784122208.9,31233,32624,2808,239.0,70.0,2480.0
1784122210.0,31233,32624,2808,235.0,70.0,2271.0
1784122211.1,31233,32624,2808,216.0,70.0,2309.0
1784122212.1,31233,32624,2808,240.0,70.0,2492.0
1784122213.2,31233,32624,2808,209.0,70.0,2269.0
1784122214.3,31233,32624,2808,215.0,70.0,2261.0
1784122215.4,31233,32624,2808,187.0,70.0,2494.0
1784122216.5,31233,32624,2808,215.0,70.0,2301.0
1784122217.6,31233,32624,2808,229.0,70.0,2381.0
1784122218.7,31233,32624,2808,163.0,70.0,2350.0
1784122219.8,31233,32624,2808,203.0,70.0,2218.0
1784122220.9,31233,32624,2808,246.0,70.0,2505.0
1784122222.0,31233,32624,2808,219.0,70.0,2350.0
1784122223.1,31233,32624,2808,226.0,70.0,2318.0
1784122224.2,31233,32624,2808,183.0,70.0,2505.0
1784122225.3,31233,32624,2808,212.0,70.0,2287.0
1784122226.3,31233,32624,2808,229.0,70.0,2350.0
1784122227.4,31233,32624,2808,209.0,70.0,2350.0
1784122228.5,31233,32624,2808,213.0,70.0,2389.0
1784122229.6,31233,32624,2808,231.0,70.0,2289.0
1784122230.7,31233,32624,2808,233.0,70.0,2315.0
1784122231.8,31233,32624,2808,237.0,70.0,2350.0
1784122232.9,31233,32624,2808,201.0,70.0,2350.0
1784122234.0,31233,32624,2808,183.0,69.0,2427.0
1784122235.1,31233,32624,2808,218.0,70.0,2250.0
1784122236.2,31233,32624,2808,207.0,69.0,2246.0
1784122237.3,31233,32624,2808,215.0,70.0,2350.0
1784122238.4,31233,32624,2808,233.0,69.0,2350.0
1784122239.5,31233,32624,2808,235.0,69.0,2438.0
1784122240.6,31233,32624,2808,164.0,69.0,2461.0
1784122241.7,31233,32624,2808,164.0,69.0,2165.0
1784122242.7,31233,32624,2808,209.0,69.0,2296.0
1784122243.8,31233,32624,2808,213.0,69.0,2273.0
1784122244.9,31233,32624,2808,195.0,69.0,2230.0
1784122246.0,31233,32624,2808,244.0,69.0,2523.0
1784122247.1,31233,32624,2808,170.0,69.0,2482.0
1784122248.2,31233,32624,2808,229.0,69.0,2265.0
1784122249.3,31233,32624,2808,211.0,69.0,2199.0
1784122250.4,31233,32624,2808,220.0,69.0,2294.0
1784122251.5,31233,32624,2808,226.0,69.0,2350.0
1784122252.6,31233,32624,2808,244.0,69.0,2473.0
1784122253.7,31233,32624,2808,189.0,69.0,2457.0
1784122254.8,31233,32624,2808,215.0,69.0,2223.0
1784122255.9,31233,32624,2808,211.0,69.0,2285.0
1784122256.9,31233,32624,2808,215.0,69.0,2319.0
1784122258.0,31233,32624,2808,232.0,69.0,2386.0
1784122259.1,31233,32624,2808,177.0,69.0,2432.0
1784122260.2,31233,32624,2808,209.0,69.0,2191.0
1784122261.3,31233,32624,2808,221.0,69.0,2265.0
1784122262.4,31233,32624,2808,208.0,69.0,2277.0
1784122263.5,31233,32624,2808,246.0,69.0,2485.0
1784122264.6,31233,32624,2808,177.0,69.0,2275.0
1784122265.7,31233,32624,2808,215.0,69.0,2313.0
1784122266.8,31233,32624,2808,213.0,69.0,2350.0
1784122267.9,31233,32624,2808,214.0,69.0,2293.0
1784122269.0,31233,32624,2808,241.0,69.0,2503.0
1784122270.0,31233,32624,2808,174.0,69.0,2317.0
1784122271.1,31233,32624,2808,204.0,69.0,2264.0
1784122272.2,31233,32624,2808,209.0,70.0,2321.0
1784122273.3,31233,32624,2808,225.0,70.0,2323.0
1784122274.4,31233,32624,2808,250.0,70.0,2513.0
1784122275.5,31233,32624,2808,178.0,70.0,2436.0
1784122276.6,31233,32624,2808,202.0,70.0,2230.0
1784122277.7,31233,32624,2808,205.0,70.0,2288.0
1784122278.8,31233,32624,2808,222.0,70.0,2350.0
1784122279.9,31233,32624,2808,233.0,70.0,2420.0
1784122281.0,31233,32624,2808,179.0,70.0,2450.0
1784122282.1,31233,32624,2808,205.0,70.0,2216.0
1784122283.2,31233,32624,2808,212.0,70.0,2309.0
1784122284.3,31233,32624,2808,226.0,70.0,2350.0
1784122285.4,31233,32624,2808,250.0,70.0,2516.0
1784122286.4,31233,32624,2808,178.0,70.0,2210.0
1784122287.5,31233,32624,2808,214.0,70.0,2260.0
1784122288.6,31233,32624,2808,213.0,70.0,2282.0
1784122289.7,31233,32624,2808,216.0,70.0,2570.0
1784122290.8,31233,32624,2808,223.0,70.0,2221.0
1784122291.9,31233,32624,2808,215.0,70.0,2350.0
1784122293.0,31233,32624,2808,222.0,70.0,2318.0
1784122294.1,31233,32624,2808,256.0,70.0,2513.0
1784122295.2,31233,32624,2808,187.0,70.0,2233.0
1784122296.3,31233,32624,2808,210.0,70.0,2313.0
1784122297.4,31233,32624,2808,219.0,70.0,2350.0
1784122298.5,31233,32624,2808,250.0,70.0,2548.0
1784122299.5,31233,32624,2808,213.0,70.0,2255.0
1784122300.6,31233,32624,2798,223.0,70.0,2299.0
1784122301.7,31233,32624,2798,219.0,70.0,2350.0
1784122302.8,31233,32624,2798,194.0,70.0,2515.0
1784122303.9,31233,32624,2798,209.0,70.0,2250.0
1784122305.0,31233,32624,2798,197.0,70.0,2211.0
1784122306.1,31233,32624,2796,236.0,70.0,2397.0
1784122307.2,31233,32624,2796,195.0,70.0,2402.0
1784122308.3,31233,32624,2796,217.0,70.0,2320.0
1784122309.4,31233,32624,2796,220.0,70.0,2296.0
1784122310.5,31233,32624,2796,249.0,70.0,2533.0
1784122311.6,31233,32624,2796,183.0,70.0,2213.0
1784122312.7,31233,32624,2796,207.0,70.0,2268.0
1784122313.7,31233,32624,2796,229.0,70.0,2412.0
1784122314.8,31233,32624,2796,189.0,70.0,2482.0
1784122315.9,31233,32624,2808,208.0,70.0,2283.0
1784122317.0,31233,32624,2808,203.0,70.0,2293.0
1784122318.1,31233,32624,2818,221.0,70.0,2383.0
1784122319.2,31233,32624,2818,185.0,70.0,2316.0
1784122320.3,31233,32624,2798,201.0,70.0,2208.0
1784122321.4,31233,32624,2800,235.0,70.0,2350.0
1784122322.5,31233,32624,2800,177.0,70.0,2488.0
1784122323.6,31233,32624,2800,213.0,70.0,2249.0
1784122324.7,31233,32624,2798,209.0,70.0,2309.0
1784122325.8,31233,32624,2808,203.0,70.0,2515.0
1784122326.9,31233,32624,2808,218.0,70.0,2280.0
1784122328.0,31233,32624,2800,218.0,70.0,2306.0
1784122329.1,31233,32624,2810,198.0,70.0,2556.0
1784122330.1,31233,32624,2810,210.0,70.0,2284.0
1784122331.2,31233,32624,2800,233.0,70.0,2391.0
1784122332.3,31233,32624,2800,164.0,70.0,2471.0
1784122333.4,31233,32624,2800,210.0,70.0,2260.0
1784122334.5,31233,32624,2798,212.0,70.0,2296.0
1784122335.6,31233,32624,2798,240.0,70.0,2501.0
1784122336.7,31233,32624,2798,196.0,70.0,2227.0
1784122337.8,31233,32624,2798,197.0,70.0,2218.0
1784122338.9,31233,32624,2798,214.0,70.0,2350.0
1784122340.0,31233,32624,2798,177.0,70.0,2440.0
1784122341.1,31233,32624,2798,218.0,70.0,2286.0
1784122342.2,31233,32624,2798,225.0,70.0,2404.0
1784122343.3,31233,32624,2798,187.0,70.0,2290.0
1784122344.4,31233,32624,2798,219.0,70.0,2272.0
1784122345.4,31233,32624,2808,231.0,70.0,2417.0
1784122346.5,31233,32624,2808,180.0,70.0,2390.0
1784122347.6,31233,32624,2808,199.0,70.0,2259.0
1784122348.7,31233,32624,2798,235.0,70.0,2419.0
1784122349.8,31233,32624,2798,174.0,70.0,2402.0
1784122350.9,31233,32624,2808,201.0,70.0,2193.0
1784122352.0,31233,32624,2798,234.0,70.0,2350.0
1784122353.1,31233,32624,2798,157.0,70.0,2290.0
1784122354.2,31233,32624,2798,209.0,70.0,2229.0
1784122355.3,31233,32624,2798,225.0,70.0,2401.0
1784122356.4,31233,32624,2798,197.0,70.0,2258.0
1784122357.5,31233,32624,2800,213.0,70.0,2273.0
1784122358.6,31233,32624,2800,275.0,70.0,2672.0
1784122359.7,31233,32624,2800,242.0,70.0,2256.0
1784122360.7,31233,32624,2800,213.0,70.0,2261.0
1784122361.8,31233,32624,2800,245.0,70.0,2525.0
1784122362.9,31233,32624,2800,226.0,70.0,2239.0
1784122364.0,31233,32624,2800,207.0,70.0,2222.0
1784122365.1,31233,32624,2800,254.0,70.0,2546.0
1784122366.2,31233,32624,2800,230.0,70.0,2169.0
1784122367.3,31233,32624,2800,226.0,70.0,2232.0
1784122368.4,31233,32624,2800,221.0,70.0,2224.0
1784122369.5,31233,32624,2800,253.0,70.0,2382.0
1784122370.6,31233,32624,2800,203.0,70.0,2278.0
1784122371.7,31233,32624,2800,212.0,70.0,2350.0
1784122372.8,31233,32624,2800,248.0,70.0,2499.0
1784122373.9,31233,32624,2798,173.0,70.0,2350.0
1784122375.0,31233,32624,2798,212.0,70.0,2253.0
1784122376.0,31233,32624,2811,224.0,70.0,2350.0
1784122377.2,31292,32624,2821,235.0,70.0,2406.0
1784122378.3,31415,32624,2829,240.0,70.0,2489.0
1784122379.4,31415,32624,2810,199.0,69.0,2511.0
1784122380.5,31412,32624,2808,176.0,69.0,2213.0
1784122381.6,31404,32624,2808,202.0,69.0,2240.0
1784122382.7,31233,32624,2811,222.0,69.0,2407.0
1784122383.7,31233,32624,2811,202.0,69.0,2550.0
1784122384.8,31233,32624,2811,192.0,69.0,2200.0
1784122385.9,31233,32624,2798,194.0,69.0,2209.0
1784122387.0,31233,32624,2798,207.0,69.0,2254.0
1784122388.1,31233,32624,2798,206.0,69.0,2309.0
1784122389.2,31233,32624,2798,250.0,69.0,2501.0
1784122390.3,31233,32624,2798,197.0,69.0,2465.0
1784122391.4,31233,32624,2798,220.0,69.0,2304.0
1784122392.5,31233,32624,2798,212.0,69.0,2274.0
1784122393.6,31233,32624,2798,206.0,69.0,2262.0
1784122394.7,31233,32624,2798,227.0,69.0,2419.0
1784122395.8,31233,32624,2798,250.0,69.0,2523.0
1784122396.9,31233,32624,2798,181.0,69.0,2235.0
1784122398.0,31233,32624,2798,207.0,69.0,2301.0
1784122399.0,31233,32624,2798,211.0,69.0,2350.0
1784122400.1,31233,32624,2798,221.0,69.0,2350.0
1784122401.2,31233,32624,2798,254.0,69.0,2495.0
1784122402.3,31233,32624,2798,156.0,69.0,2295.0
1784122403.4,31233,32624,2798,211.0,70.0,2291.0
1784122404.5,31233,32624,2798,216.0,70.0,2350.0
1784122405.6,31233,32624,2798,214.0,70.0,2350.0
1784122406.7,31233,32624,2798,232.0,70.0,2451.0
1784122407.8,31233,32624,2798,198.0,70.0,2350.0
1784122408.9,31233,32624,2798,212.0,70.0,2297.0
1784122410.0,31233,32624,2798,204.0,70.0,2251.0
1784122411.1,31233,32624,2798,230.0,70.0,2350.0
1784122412.2,31233,32624,2798,250.0,70.0,2541.0
1784122413.2,31233,32624,2798,140.0,70.0,2263.0
1784122414.3,31233,32624,2798,209.0,70.0,2276.0
1784122415.4,31233,32624,2798,222.0,70.0,2350.0
1784122416.5,31233,32624,2798,225.0,70.0,2388.0
1784122417.6,31233,32624,2798,182.0,70.0,2450.0
1784122418.7,31233,32624,2798,212.0,70.0,2277.0
1784122419.8,31233,32624,2798,204.0,70.0,2279.0
1784122420.9,31233,32624,2798,217.0,70.0,2321.0
1784122422.0,31233,32624,2798,261.0,70.0,2563.0
1784122423.1,31233,32624,2798,136.0,70.0,2350.0
1784122424.2,31233,32624,2798,213.0,70.0,2259.0
1784122425.3,31233,32624,2798,215.0,70.0,2254.0
1784122426.4,31233,32624,2798,224.0,70.0,2389.0
1784122427.4,31233,32624,2798,156.0,70.0,2376.0
1784122428.5,31233,32624,2798,217.0,70.0,2261.0
1784122429.6,31233,32624,2798,217.0,70.0,2291.0
1784122430.7,31233,32624,2798,227.0,70.0,2350.0
1784122431.8,31233,32624,2798,199.0,70.0,2529.0
1784122432.9,31233,32624,2798,194.0,70.0,2224.0
1784122434.0,31233,32624,2798,210.0,70.0,2320.0
1784122435.1,31233,32624,2798,221.0,70.0,2324.0
1784122436.2,31233,32624,2798,180.0,70.0,2500.0
1784122437.3,31233,32624,2798,227.0,70.0,2287.0
1784122438.4,31233,32624,2798,222.0,70.0,2295.0
1784122439.5,31233,32624,2798,209.0,70.0,2298.0
1784122440.5,31233,32624,2798,204.0,70.0,2577.0
1784122441.6,31233,32624,2798,206.0,70.0,2255.0
1784122442.7,31233,32624,2798,215.0,70.0,2318.0
1784122443.8,31233,32624,2798,237.0,70.0,2413.0
1784122444.9,31233,32624,2798,183.0,70.0,2577.0
1784122446.0,31233,32624,2798,242.0,70.0,2274.0
1784122447.1,31233,32624,2798,214.0,70.0,2298.0
1784122448.2,31233,32624,2798,227.0,70.0,2392.0
1784122449.3,31233,32624,2798,179.0,70.0,2495.0
1784122450.4,31233,32624,2798,222.0,70.0,2268.0
1784122451.5,31233,32624,2798,213.0,70.0,2286.0
1784122452.6,31233,32624,2798,225.0,70.0,2377.0
1784122453.7,31233,32624,2798,171.0,70.0,2350.0
1784122454.7,31233,32624,2798,204.0,70.0,2308.0
1784122455.8,31233,32624,2798,221.0,70.0,2301.0
1784122456.9,31233,32624,2798,250.0,70.0,2626.0
1784122458.0,31233,32624,2798,207.0,70.0,2224.0
1784122459.1,31233,32624,2798,213.0,70.0,2300.0
1784122460.2,31233,32624,2798,218.0,70.0,2380.0
1784122461.3,31233,32624,2798,178.0,70.0,2425.0
1784122462.4,31233,32624,2798,213.0,70.0,2261.0
1784122463.5,31233,32624,2798,212.0,70.0,2350.0
1784122464.6,31233,32624,2798,200.0,70.0,2480.0
1784122465.7,31233,32624,2798,222.0,70.0,2222.0
1784122466.8,31233,32624,2798,215.0,70.0,2290.0
1784122467.9,31233,32624,2798,243.0,70.0,2505.0
1784122468.9,31233,32624,2798,168.0,70.0,2235.0
1784122470.0,31233,32624,2798,204.0,70.0,2242.0
1784122471.1,31233,32624,2798,223.0,70.0,2400.0
1784122472.2,31233,32624,2798,197.0,70.0,2504.0
1784122473.3,31233,32624,2798,215.0,70.0,2283.0
1784122474.4,31233,32624,2798,219.0,70.0,2278.0
1784122475.5,31233,32624,2798,228.0,70.0,2500.0
1784122476.6,31233,32624,2798,213.0,70.0,2250.0
1784122477.7,31233,32624,2798,220.0,70.0,2316.0
1784122478.8,31233,32624,2798,236.0,70.0,2489.0
1784122479.9,31233,32624,2798,139.0,70.0,2250.0
1784122481.0,31233,32624,2798,204.0,70.0,2270.0
1784122482.1,31233,32624,2798,227.0,70.0,2350.0
1784122483.1,31233,32624,2798,166.0,70.0,2420.0
1784122484.2,31233,32624,2798,209.0,70.0,2315.0
1784122485.3,31233,32624,2798,228.0,70.0,2383.0
1784122486.4,31233,32624,2798,188.0,70.0,2412.0
1784122487.5,31233,32624,2798,210.0,70.0,2265.0
1784122488.6,31233,32624,2798,220.0,70.0,2350.0
1784122489.7,31233,32624,2798,164.0,70.0,2411.0
1784122490.8,31233,32624,2798,213.0,70.0,2240.0
1784122491.9,31233,32624,2798,227.0,70.0,2379.0
1784122493.0,31233,32624,2798,167.0,70.0,2427.0
1784122494.1,31233,32624,2798,217.0,70.0,2306.0
1784122495.2,31233,32624,2798,226.0,70.0,2390.0
1784122496.2,31233,32624,2798,175.0,70.0,2376.0
1784122497.3,31233,32624,2798,204.0,70.0,2287.0
1784122498.4,31233,32624,2798,240.0,70.0,2404.0
1784122499.5,31233,32624,2798,165.0,70.0,2284.0
1784122500.6,31233,32624,2798,205.0,70.0,2207.0
1784122501.7,31233,32624,2798,240.0,70.0,2473.0
1784122502.8,31233,32624,2798,181.0,70.0,2214.0
1784122503.9,31233,32624,2798,221.0,70.0,2225.0
1784122505.0,31233,32624,2808,43.0,70.0,0.0
1784122506.1,31233,32624,2808,201.0,70.0,2270.0
1784122507.2,31233,32624,2808,206.0,70.0,2293.0
1784122508.3,31233,32624,2800,231.0,70.0,2263.0
1784122509.3,31233,32624,2800,185.0,70.0,2159.0
1784122510.4,31233,32624,2800,209.0,70.0,2249.0
1784122511.5,31233,32624,2800,123.0,69.0,3327.0
1784122512.6,31233,32624,2800,175.0,70.0,2274.0
1784122513.7,31233,32624,2800,229.0,70.0,2248.0
1784122514.8,31233,32624,2798,134.0,70.0,2167.0
1784122515.9,31233,32624,2798,214.0,70.0,2117.0
1784122517.0,31233,32624,2798,230.0,70.0,2255.0
1784122518.1,31233,32624,2798,95.0,68.0,3317.0
1784122519.2,31233,32624,2798,222.0,69.0,2252.0
1784122520.3,31233,32624,2798,213.0,69.0,2128.0
1784122521.4,31233,32624,2798,234.0,69.0,2262.0
1784122522.4,31233,32624,2798,216.0,69.0,2276.0
1784122523.5,31233,32624,2798,168.0,69.0,2235.0
1784122524.6,31233,32624,2798,119.0,68.0,3301.0
1784122525.7,31233,32624,2798,198.0,68.0,2130.0
1784122526.8,31233,32624,2798,231.0,68.0,2279.0
1784122527.9,31233,32624,2798,217.0,68.0,2145.0
1784122529.0,31233,32624,2798,226.0,68.0,2254.0
1784122530.1,31233,32624,2798,238.0,68.0,2314.0
1784122531.2,31233,32624,2798,214.0,68.0,2218.0
1784122532.3,31233,32624,2798,121.0,67.0,3314.0
1784122533.4,31233,32624,2798,234.0,68.0,2311.0
1784122534.5,31233,32624,2798,206.0,68.0,2350.0
1784122535.6,31233,32624,2798,226.0,68.0,2267.0
1784122536.6,31233,32624,2798,202.0,68.0,2350.0
1784122537.7,31233,32624,2798,211.0,68.0,2157.0
1784122538.8,31233,32624,2798,147.0,67.0,3311.0
1784122539.9,31233,32624,2798,202.0,67.0,2404.0
1784122541.0,31233,32624,2798,227.0,68.0,2244.0
1784122542.1,31233,32624,2798,210.0,68.0,2125.0
1784122543.2,31233,32624,2798,212.0,68.0,2227.0
1784122544.3,31233,32624,2798,219.0,68.0,2212.0
1784122545.4,31233,32624,2798,196.0,68.0,2266.0
1784122546.5,31233,32624,2798,268.0,67.0,2657.0
1784122547.6,31233,32624,2798,244.0,67.0,2505.0
1784122548.7,31233,32624,2798,205.0,67.0,2283.0
1784122549.8,31233,32624,2798,226.0,67.0,2259.0
1784122550.8,31233,32624,2798,225.0,67.0,2245.0
1784122551.9,31233,32624,2798,207.0,67.0,2350.0
1784122553.0,31233,32624,2798,243.0,67.0,2350.0
1784122554.1,31233,32624,2798,53.0,67.0,1561.0
1784122555.2,31233,32624,2798,334.0,66.0,2966.0
1784122556.3,31233,32624,2798,222.0,67.0,2193.0
1784122557.4,31233,32624,2798,237.0,67.0,2317.0
1784122558.5,31233,32624,2798,214.0,67.0,2144.0
1784122559.6,31233,32624,2798,230.0,67.0,2265.0
1784122560.7,31233,32624,2798,227.0,67.0,2119.0
1784122561.8,31233,32624,2798,169.0,67.0,2115.0
1784122562.9,31233,32624,2798,104.0,66.0,3313.0
1784122564.0,31233,32624,2798,214.0,67.0,2350.0
1784122565.1,31233,32624,2798,202.0,67.0,2305.0
1784122566.1,31233,32624,2798,207.0,67.0,2308.0
1784122567.2,31233,32624,2798,216.0,67.0,2218.0
1784122568.3,31233,32624,2798,148.0,67.0,2126.0
1784122569.4,31233,32624,2798,230.0,67.0,2289.0
1784122570.5,31233,32624,2798,42.0,67.0,0.0
1784122571.6,31233,32624,2798,118.0,66.0,3309.0
1784122572.7,31233,32624,2798,204.0,67.0,2275.0
1784122573.8,31233,32624,2798,216.0,67.0,2150.0
1784122574.9,31233,32624,2798,219.0,67.0,2350.0
1784122576.0,31233,32624,2798,235.0,67.0,2308.0
1784122577.1,31233,32624,2798,222.0,67.0,2210.0
1784122578.2,31233,32624,2798,207.0,67.0,2350.0
1784122579.3,31233,32624,2798,43.0,67.0,0.0
1784122580.4,31233,32624,2798,121.0,66.0,3309.0
1784122581.5,31233,32624,2798,200.0,67.0,2236.0
1784122582.6,31233,32624,2798,238.0,67.0,2319.0
1784122583.7,31233,32624,2798,176.0,67.0,2243.0
1784122584.7,31233,32624,2798,238.0,67.0,2350.0
1784122585.8,31233,32624,2798,215.0,67.0,2379.0
1784122586.9,31233,32624,2798,221.0,67.0,2234.0
1784122588.0,31233,32624,2798,204.0,67.0,2280.0
1784122589.1,31233,32624,2798,127.0,66.0,3310.0
1784122590.2,31233,32624,2798,221.0,67.0,2163.0
1784122591.3,31233,32624,2798,221.0,67.0,2382.0
1784122592.4,31233,32624,2798,195.0,67.0,2232.0
1784122593.5,31233,32624,2798,169.0,67.0,2147.0
1784122594.6,31233,32624,2798,204.0,67.0,2185.0
1784122595.7,31233,32624,2798,217.0,67.0,2233.0
1784122596.8,31233,32624,2798,236.0,67.0,2313.0
1784122597.9,31233,32624,2798,101.0,66.0,2913.0
1784122599.0,31233,32624,2798,212.0,67.0,2302.0
1784122600.1,31233,32624,2798,157.0,67.0,2236.0
1784122601.1,31233,32624,2798,191.0,67.0,2288.0
1784122602.2,31233,32624,2798,178.0,67.0,2300.0
1784122603.3,31233,32624,2798,230.0,67.0,2253.0
1784122604.4,31233,32624,2798,223.0,67.0,2255.0
1784122605.5,31233,32624,2798,210.0,67.0,2293.0
1784122606.6,31233,32624,2798,243.0,66.0,2557.0
1784122607.7,31233,32624,2798,261.0,66.0,2350.0
1784122608.8,31233,32624,2798,213.0,67.0,2350.0
1784122609.9,31233,32624,2798,215.0,67.0,2297.0
1784122611.0,31233,32624,2798,208.0,67.0,2151.0
1784122612.1,31233,32624,2798,203.0,67.0,2194.0
1784122613.2,31233,32624,2798,214.0,67.0,2350.0
1784122614.3,31233,32624,2798,208.0,67.0,2293.0
1784122615.4,31233,32624,2798,230.0,67.0,2288.0
1784122616.5,31233,32624,2798,126.0,66.0,3307.0
1784122617.6,31233,32624,2798,208.0,66.0,2287.0
1784122618.7,31233,32624,2798,243.0,67.0,2350.0
1784122619.8,31233,32624,2798,227.0,66.0,2274.0
1784122620.9,31233,32624,2798,229.0,66.0,2310.0
1784122622.0,31233,32624,2798,150.0,67.0,2288.0
1784122623.1,31233,32624,2798,225.0,67.0,2292.0
1784122624.2,31233,32624,2798,211.0,67.0,2243.0
1784122625.2,31233,32624,2798,234.0,66.0,2144.0
1784122626.3,31233,32624,2798,123.0,66.0,3310.0
1784122627.4,31233,32624,2798,225.0,66.0,2266.0
1784122628.5,31233,32624,2798,235.0,66.0,2290.0
1784122629.6,31233,32624,2798,226.0,66.0,2249.0
1784122630.7,31233,32624,2798,226.0,67.0,2251.0
1784122631.8,31233,32624,2798,210.0,66.0,2207.0
1784122632.9,31233,32624,2798,219.0,67.0,2247.0
1784122634.0,31233,32624,2798,213.0,67.0,2222.0
1784122635.1,31233,32624,2798,208.0,67.0,2165.0
1784122636.2,31233,32624,2798,105.0,66.0,2958.0
1784122637.3,31233,32624,2798,243.0,66.0,2382.0
1784122638.4,31233,32624,2798,218.0,66.0,2172.0
1784122639.5,31233,32624,2798,207.0,66.0,2350.0
1784122640.6,31233,32624,2798,229.0,67.0,2283.0
1784122641.6,31233,32624,2798,208.0,67.0,2193.0
1784122642.7,31233,32624,2808,215.0,67.0,2350.0
1784122643.8,31233,32624,2808,213.0,67.0,2413.0
1784122644.9,31233,32624,2808,235.0,67.0,2350.0
1784122646.0,31233,32624,2808,200.0,67.0,2281.0
1784122647.1,31233,32624,2798,186.0,66.0,3295.0
1784122648.2,31233,32624,2798,154.0,66.0,2198.0
1784122649.3,31233,32624,2798,248.0,66.0,2350.0
1784122650.4,31233,32624,2798,214.0,66.0,2350.0
1784122651.5,31233,32624,2798,209.0,67.0,2376.0
1784122652.6,31233,32624,2798,223.0,67.0,2115.0
1784122653.7,31233,32624,2798,227.0,67.0,2303.0
1784122654.8,31233,32624,2798,210.0,67.0,2350.0
1784122655.9,31233,32624,2798,212.0,67.0,2419.0
1784122656.9,31233,32624,2798,43.0,67.0,0.0
1784122658.0,31233,32624,2798,138.0,66.0,3308.0
1784122659.1,31233,32624,2798,218.0,66.0,2277.0
1784122660.2,31233,32624,2798,252.0,67.0,2379.0
1784122661.3,31233,32624,2798,220.0,67.0,2350.0
1784122662.4,31233,32624,2798,228.0,67.0,2137.0
1784122663.5,31233,32624,2798,238.0,67.0,2350.0
1784122664.6,31233,32624,2798,215.0,67.0,2350.0
1784122665.7,31233,32624,2798,230.0,67.0,2276.0
1784122666.8,31233,32624,2798,210.0,67.0,2350.0
1784122667.9,31233,32624,2798,131.0,66.0,3288.0
1784122669.0,31233,32624,2798,137.0,66.0,3308.0
1784122670.1,31233,32624,2798,210.0,66.0,2304.0
1784122671.2,31233,32624,2798,213.0,66.0,2350.0
1784122672.3,31233,32624,2800,196.0,66.0,2319.0
1784122673.4,31233,32624,2796,207.0,66.0,2201.0
1784122674.5,31233,32624,2796,220.0,67.0,2378.0
1784122675.6,31233,32624,2796,186.0,66.0,2265.0
1784122676.6,31233,32624,2796,216.0,67.0,2350.0
1784122677.7,31233,32624,2796,216.0,66.0,2238.0
1784122678.8,31233,32624,2798,238.0,66.0,2322.0
1784122679.9,31233,32624,2798,150.0,66.0,3277.0
1784122681.0,31236,32624,2798,221.0,66.0,2350.0
1784122682.1,31239,32624,2798,142.0,66.0,2087.0
1784122683.2,31239,32624,2798,201.0,66.0,2350.0
1784122684.3,31239,32624,2798,217.0,66.0,2154.0
1784122685.4,31239,32624,2798,195.0,66.0,2350.0
1784122686.5,31239,32624,2798,232.0,66.0,2292.0
1784122687.6,31239,32624,2798,208.0,66.0,2255.0
1784122688.7,31239,32624,2798,223.0,66.0,2350.0
1784122689.8,31239,32624,2798,248.0,66.0,2497.0
1784122690.8,31239,32624,2798,191.0,66.0,2294.0
1784122691.9,31239,32624,2798,221.0,66.0,2275.0
1784122693.0,31239,32624,2798,219.0,66.0,2350.0
1784122694.1,31239,32624,2798,236.0,66.0,2461.0
1784122695.2,31239,32624,2798,166.0,66.0,2350.0
1784122696.3,31239,32624,2798,171.0,67.0,2350.0
1784122697.4,31239,32624,2798,215.0,66.0,2227.0
1784122698.5,31239,32624,2798,215.0,66.0,2317.0
1784122699.6,31239,32624,2798,242.0,66.0,2456.0
1784122700.7,31239,32624,2798,188.0,67.0,2350.0
1784122701.8,31239,32624,2798,213.0,67.0,2296.0
1784122702.9,31239,32624,2798,217.0,67.0,2297.0
1784122704.0,31239,32624,2798,244.0,67.0,2493.0
1784122705.1,31239,32624,2798,171.0,67.0,2386.0
1784122706.2,31239,32624,2798,198.0,67.0,2199.0
1784122707.3,31239,32624,2798,223.0,67.0,2319.0
1784122708.3,31239,32624,2798,244.0,67.0,2442.0
1784122709.4,31239,32624,2798,194.0,67.0,2225.0
1784122710.5,31239,32624,2798,206.0,67.0,2289.0
1784122711.6,31239,32624,2798,223.0,67.0,2350.0
1784122712.7,31239,32624,2798,167.0,67.0,2499.0
1784122713.8,31239,32624,2798,229.0,67.0,2259.0
1784122714.9,31239,32624,2798,218.0,68.0,2350.0
1784122716.0,31239,32624,2798,234.0,67.0,2350.0
1784122717.1,31239,32624,2798,199.0,68.0,2449.0
1784122718.2,31239,32624,2798,216.0,68.0,2293.0
1784122719.3,31239,32624,2798,206.0,68.0,2293.0
1784122720.4,31239,32624,2798,235.0,68.0,2402.0
1784122721.5,31239,32624,2798,150.0,68.0,2306.0
1784122722.6,31239,32624,2798,206.0,68.0,2201.0
1784122723.7,31239,32624,2798,223.0,68.0,2350.0
1784122724.8,31239,32624,2798,158.0,68.0,2482.0
1784122725.9,31239,32624,2798,209.0,68.0,2235.0
1784122726.9,31239,32624,2798,220.0,68.0,2350.0
1784122728.0,31239,32624,2798,187.0,68.0,2437.0
1784122729.1,31239,32624,2798,207.0,68.0,2250.0
1784122730.2,31239,32624,2798,223.0,69.0,2350.0
1784122731.3,31239,32624,2798,172.0,69.0,2430.0
1784122732.4,31239,32624,2798,202.0,69.0,2266.0
1784122733.5,31239,32624,2798,222.0,69.0,2387.0
1784122734.6,31239,32624,2798,156.0,69.0,2350.0
1784122735.7,31239,32624,2798,221.0,69.0,2270.0
1784122736.8,31239,32624,2798,217.0,69.0,2350.0
1784122737.9,31239,32624,2798,165.0,69.0,2318.0
1784122739.0,31239,32624,2798,239.0,69.0,2311.0
1784122740.1,31239,32624,2798,210.0,69.0,2321.0
1784122741.2,31239,32624,2798,150.0,69.0,2249.0
1784122742.3,31239,32624,2798,214.0,69.0,2171.0
1784122743.4,31239,32624,2798,234.0,69.0,2460.0
1784122744.5,31239,32624,2798,235.0,69.0,2277.0
1784122745.5,31239,32624,2798,213.0,69.0,2280.0
1784122746.6,31239,32624,2798,179.0,69.0,2443.0
1784122747.7,31239,32624,2798,198.0,69.0,2216.0
1784122748.8,31239,32624,2798,224.0,69.0,2415.0
1784122749.9,31239,32624,2798,240.0,69.0,2229.0
1784122751.0,31239,32624,2798,217.0,69.0,2292.0
1784122752.1,31239,32624,2798,170.0,69.0,2542.0
1784122753.2,31239,32624,2798,201.0,69.0,2269.0
1784122754.3,31239,32624,2798,239.0,69.0,2491.0
1784122755.4,31239,32624,2798,210.0,69.0,2213.0
1784122756.5,31239,32624,2798,217.0,69.0,2311.0
1784122757.6,31239,32624,2798,139.0,69.0,2199.0
1784122758.7,31239,32624,2798,216.0,69.0,2301.0
1784122759.7,31239,32624,2798,247.0,70.0,2480.0
1784122760.8,31239,32624,2798,207.0,69.0,2222.0
1784122761.9,31239,32624,2798,214.0,69.0,2297.0
1784122763.0,31239,32624,2798,187.0,70.0,2350.0
1784122764.1,31239,32624,2798,219.0,69.0,2296.0
1784122765.2,31239,32624,2798,244.0,69.0,2474.0
1784122766.3,31239,32624,2798,220.0,69.0,2233.0
1784122767.4,31239,32624,2798,227.0,69.0,2382.0
1784122768.5,31239,32624,2798,177.0,69.0,2248.0
1784122769.6,31239,32624,2798,210.0,70.0,2300.0
1784122770.7,31239,32624,2798,180.0,69.0,2421.0
1784122771.8,31239,32624,2798,208.0,69.0,2172.0
1784122772.9,31239,32624,2798,223.0,69.0,2498.0
1784122774.0,31239,32624,2798,196.0,70.0,2180.0
1784122775.1,31239,32624,2798,245.0,70.0,2473.0
1784122776.1,31239,32624,2798,209.0,70.0,2292.0
1784122777.2,31239,32624,2798,235.0,70.0,2388.0
1784122778.3,31239,32624,2798,212.0,70.0,2249.0
1784122779.4,31239,32624,2798,212.0,70.0,2300.0
1784122780.5,31239,32624,2798,204.0,70.0,2211.0
1784122781.6,31239,32624,2798,229.0,70.0,2383.0
1784122782.7,31239,32624,2798,214.0,70.0,2147.0
1784122783.8,31239,32624,2798,213.0,70.0,2294.0
1784122784.9,31239,32624,2798,192.0,70.0,2350.0
1784122786.0,31239,32624,2798,216.0,70.0,2282.0
1784122787.1,31239,32624,2798,200.0,70.0,2512.0
1784122788.2,31239,32624,2798,224.0,70.0,2253.0
1784122789.3,31239,32624,2798,181.0,70.0,2435.0
1784122790.4,31239,32624,2798,209.0,70.0,2269.0
1784122791.5,31239,32624,2798,175.0,70.0,2471.0
1784122792.6,31239,32624,2798,208.0,70.0,2251.0
1784122793.6,31239,32624,2798,241.0,70.0,2497.0
1784122794.7,31239,32624,2798,211.0,70.0,2287.0
1784122795.8,31239,32624,2798,194.0,70.0,2480.0
1784122796.9,31239,32624,2798,213.0,70.0,2212.0
1784122798.0,31239,32624,2798,166.0,70.0,2321.0
1784122799.1,31239,32624,2798,220.0,70.0,2280.0
1784122800.2,31239,32624,2798,149.0,70.0,2350.0
1784122801.3,31239,32624,2798,232.0,70.0,2350.0
1784122802.4,31239,32624,2798,231.0,70.0,2257.0
1784122803.5,31239,32624,2798,212.0,70.0,2350.0
1784122804.6,31239,32624,2798,218.0,70.0,2161.0
1784122805.7,31239,32624,2798,232.0,70.0,2350.0
1784122806.8,31239,32624,2798,221.0,70.0,2228.0
1784122807.9,31239,32624,2798,231.0,70.0,2410.0
1784122809.0,31239,32624,2798,216.0,70.0,2194.0
1784122810.1,31239,32624,2798,219.0,70.0,2350.0
1784122811.1,31239,32624,2798,216.0,70.0,2244.0
1784122812.2,31239,32624,2798,212.0,70.0,2305.0
1784122813.3,31239,32624,2798,239.0,68.0,2302.0
1784122814.4,31239,32624,2798,199.0,70.0,2275.0
1784122815.5,31239,32624,2798,201.0,70.0,2174.0
1784122816.6,31239,32624,2798,210.0,70.0,2296.0
1784122817.7,31239,32624,2798,208.0,70.0,2252.0
1784122818.8,31239,32624,2798,143.0,70.0,3304.0
1784122819.9,31239,32624,2798,158.0,70.0,2315.0
1784122821.0,31239,32624,2798,203.0,70.0,2209.0
1784122822.1,31239,32624,2798,222.0,69.0,2350.0
1784122823.2,31239,32624,2798,213.0,70.0,2538.0
1784122824.3,31239,32624,2798,210.0,69.0,2228.0
1784122825.4,31239,32624,2798,221.0,69.0,2286.0
1784122826.5,31239,32624,2798,236.0,69.0,2350.0
1784122827.6,31239,32624,2798,186.0,69.0,2399.0
1784122828.6,31239,32624,2798,219.0,69.0,2308.0
1784122829.7,31239,32624,2798,219.0,69.0,2350.0
1784122830.8,31239,32624,2798,236.0,69.0,2493.0
1784122831.9,31239,32624,2798,202.0,69.0,2162.0
1784122833.0,31239,32624,2798,211.0,69.0,2283.0
1784122834.1,31239,32624,2798,240.0,69.0,2457.0
1784122835.2,31239,32624,2798,149.0,69.0,2319.0
1784122836.3,31239,32624,2798,209.0,69.0,2271.0
1784122837.4,31239,32624,2798,226.0,69.0,2350.0
1784122838.5,31239,32624,2798,181.0,69.0,2350.0
1784122839.6,31239,32624,2798,200.0,69.0,2174.0
1784122840.7,31239,32624,2798,211.0,69.0,2322.0
1784122841.8,31239,32624,2798,192.0,69.0,2464.0
1784122842.9,31239,32624,2798,210.0,69.0,2268.0
1784122843.9,31239,32624,2798,205.0,69.0,2306.0
1784122845.0,31239,32624,2798,236.0,69.0,2482.0
1784122846.1,31239,32624,2798,220.0,69.0,2254.0
1784122847.2,31239,32624,2798,212.0,69.0,2310.0
1784122848.3,31239,32624,2798,247.0,69.0,2447.0
1784122849.4,31239,32624,2798,240.0,70.0,2209.0
1784122850.5,31239,32624,2798,220.0,70.0,2302.0
1784122851.6,31239,32624,2798,229.0,69.0,2401.0
1784122852.7,31239,32624,2798,173.0,70.0,2350.0
1784122853.8,31239,32624,2798,212.0,70.0,2208.0
1784122854.9,31239,32624,2798,237.0,70.0,2429.0
1784122856.0,31239,32624,2798,228.0,70.0,2226.0
1784122857.1,31239,32624,2798,200.0,70.0,2292.0
1784122858.2,31239,32624,2798,227.0,70.0,2506.0
1784122859.3,31239,32624,2798,239.0,69.0,2229.0
1784122860.4,31239,32624,2798,212.0,70.0,2257.0
1784122861.4,31239,32624,2798,254.0,70.0,2468.0
1784122862.5,31239,32624,2798,209.0,70.0,2281.0
1784122863.6,31239,32624,2798,203.0,70.0,2280.0
1784122864.7,31239,32624,2798,164.0,70.0,2551.0
1784122865.8,31239,32624,2798,210.0,70.0,2305.0
1784122866.9,31239,32624,2798,228.0,70.0,2350.0
1784122868.0,31239,32624,2798,171.0,70.0,2350.0
1784122869.1,31239,32624,2798,216.0,70.0,2251.0
1784122870.2,31239,32624,2798,269.0,70.0,2627.0
1784122871.3,31239,32624,2798,211.0,70.0,2260.0
1784122872.4,31239,32624,2798,208.0,70.0,2236.0
1784122873.5,31239,32624,2798,192.0,70.0,2471.0
1784122874.5,31239,32624,2798,219.0,70.0,2268.0
1784122875.6,31239,32624,2798,232.0,70.0,2381.0
1784122876.7,31239,32624,2798,176.0,70.0,2186.0
1784122877.8,31239,32624,2798,213.0,70.0,2255.0
1784122878.9,31239,32624,2798,208.0,70.0,2527.0
1784122880.0,31239,32624,2798,203.0,70.0,2230.0
1784122881.1,31239,32624,2798,231.0,70.0,2396.0
1784122882.2,31239,32624,2798,190.0,70.0,2169.0
1784122883.3,31239,32624,2798,202.0,70.0,2199.0
1784122884.4,31239,32624,2798,197.0,70.0,2521.0
1784122885.5,31239,32624,2798,220.0,70.0,2290.0
1784122886.6,31239,32624,2798,230.0,70.0,2381.0
1784122887.7,31239,32624,2798,224.0,70.0,2287.0
1784122888.8,31239,32624,2798,230.0,70.0,2350.0
1784122889.9,31239,32624,2798,189.0,70.0,2350.0
1784122890.9,31239,32624,2798,214.0,70.0,2270.0
1784122892.0,31239,32624,2798,249.0,70.0,2435.0
1784122893.1,31239,32624,2798,211.0,70.0,2190.0
1784122894.2,31239,32624,2798,235.0,70.0,2350.0
1784122895.3,31239,32624,2798,172.0,70.0,2391.0
1784122896.4,31239,32624,2798,213.0,70.0,2284.0
1784122897.5,31239,32624,2798,197.0,70.0,2476.0
1784122898.6,31239,32624,2798,215.0,70.0,2235.0
1784122899.7,31239,32624,2798,223.0,70.0,2350.0
1784122900.8,31239,32624,2798,222.0,70.0,2238.0
1784122901.9,31239,32624,2798,229.0,70.0,2350.0
1784122903.0,31239,32624,2798,194.0,70.0,2231.0
1784122904.1,31239,32624,2798,226.0,70.0,2350.0
1784122905.2,31239,32624,2798,187.0,70.0,2350.0
1784122906.2,31239,32624,2798,209.0,70.0,2267.0
1784122907.3,31239,32624,2798,225.0,70.0,2491.0
1784122908.4,31239,32624,2798,221.0,70.0,2233.0
1784122909.5,31239,32624,2798,244.0,70.0,2444.0
1784122910.6,31239,32624,2798,218.0,70.0,2237.0
1784122911.7,31239,32624,2798,228.0,70.0,2402.0
1784122912.8,31239,32624,2798,210.0,70.0,2209.0
1784122913.9,31239,32624,2798,219.0,70.0,2350.0
1784122915.0,31239,32624,2798,219.0,70.0,2220.0
1784122916.1,31239,32624,2798,221.0,70.0,2322.0
1784122917.2,31239,32624,2798,197.0,70.0,2185.0
1784122918.3,31239,32624,2798,205.0,70.0,2259.0
1784122919.4,31239,32624,2798,172.0,70.0,2307.0
1784122920.5,31239,32624,2798,212.0,70.0,2279.0
1784122921.6,31239,32624,2798,166.0,70.0,2350.0
1784122922.7,31239,32624,2798,220.0,70.0,2297.0
1784122923.8,31239,32624,2798,233.0,70.0,2537.0
1784122924.9,31239,32624,2798,204.0,70.0,2268.0
1784122925.9,31239,32624,2798,255.0,70.0,2449.0
1784122927.0,31239,32624,2798,216.0,70.0,2287.0
1784122928.1,31239,32624,2798,247.0,70.0,2449.0
1784122929.2,31239,32624,2798,216.0,70.0,2234.0
1784122930.3,31239,32624,2798,226.0,70.0,2497.0
1784122931.4,31239,32624,2798,207.0,70.0,2274.0
1784122932.5,31239,32624,2798,205.0,70.0,2512.0
1784122933.6,31239,32624,2798,215.0,70.0,2278.0
1784122934.7,31239,32624,2798,198.0,70.0,2506.0
1784122935.8,31239,32624,2798,218.0,70.0,2323.0
1784122936.9,31239,32624,2798,177.0,70.0,2305.0
1784122938.0,31239,32624,2798,218.0,70.0,2302.0
1784122939.1,31239,32624,2798,160.0,70.0,2218.0
1784122940.2,31239,32624,2798,229.0,70.0,2350.0
1784122941.2,31239,32624,2798,216.0,70.0,2257.0
1784122942.3,31239,32624,2798,222.0,70.0,2350.0
1784122943.4,31239,32624,2798,215.0,70.0,2228.0
1784122944.5,31239,32624,2798,224.0,70.0,2424.0
1784122945.6,31239,32624,2798,203.0,70.0,2259.0
1784122946.7,31239,32624,2798,253.0,70.0,2528.0
1784122947.8,31239,32624,2798,226.0,70.0,2239.0
1784122948.9,31239,32624,2798,209.0,70.0,2350.0
1784122950.0,31239,32624,2798,204.0,70.0,2178.0
1784122951.1,31239,32624,2798,225.0,70.0,2275.0
1784122952.2,31239,32624,2798,124.0,70.0,3239.0
1784122953.3,31239,32624,2798,218.0,70.0,2290.0
1784122954.4,31239,32624,2798,246.0,70.0,2507.0
1784122955.5,31239,32624,2798,232.0,70.0,2225.0
1784122956.6,31239,32624,2798,222.0,70.0,2250.0
1784122957.6,31239,32624,2798,233.0,70.0,2390.0
1784122958.7,31239,32624,2798,179.0,69.0,2306.0
1784122959.8,31239,32624,2798,208.0,70.0,2294.0
1784122960.9,31239,32624,2798,229.0,69.0,2350.0
1784122962.0,31239,32624,2798,190.0,69.0,2536.0
1784122963.1,31239,32624,2798,210.0,69.0,2180.0
1784122964.2,31239,32624,2798,216.0,69.0,2272.0
1784122965.3,31239,32624,2798,240.0,69.0,2477.0
1784122966.4,31239,32624,2798,94.0,69.0,2099.0
1784122967.5,31239,32624,2798,212.0,69.0,2289.0
1784122968.6,31239,32624,2798,231.0,69.0,2397.0
1784122969.7,31239,32624,2798,184.0,69.0,2350.0
1784122970.8,31239,32624,2798,215.0,69.0,2287.0
1784122971.9,31239,32624,2798,233.0,69.0,2350.0
1784122972.9,31239,32624,2798,239.0,69.0,2385.0
1784122974.0,31239,32624,2798,227.0,69.0,2307.0
1784122975.1,31239,32624,2798,203.0,69.0,2268.0
1784122976.2,31239,32624,2798,169.0,69.0,2389.0
1784122977.3,31239,32624,2798,205.0,69.0,2180.0
1784122978.4,31239,32624,2798,228.0,69.0,2350.0
1784122979.5,31239,32624,2798,192.0,69.0,2502.0
1784122980.6,31239,32624,2798,204.0,69.0,2262.0
1784122981.7,31239,32624,2798,212.0,69.0,2323.0
1784122982.8,31239,32624,2798,165.0,69.0,2419.0
1784122983.9,31239,32624,2798,207.0,70.0,2242.0
1784122985.0,31239,32624,2798,217.0,70.0,2293.0
1784122986.1,31239,32624,2798,173.0,70.0,2507.0
1784122987.2,31239,32624,2798,206.0,70.0,2208.0
1784122988.3,31239,32624,2798,229.0,70.0,2350.0
1784122989.3,31239,32624,2798,181.0,70.0,2406.0
1784122990.4,31239,32624,2798,221.0,70.0,2234.0
1784122991.5,31239,32624,2798,237.0,70.0,2382.0
1784122992.6,31239,32624,2798,192.0,70.0,2235.0
1784122993.7,31239,32624,2798,203.0,70.0,2233.0
1784122994.8,31239,32624,2798,245.0,70.0,2483.0
1784122995.9,31239,32624,2798,212.0,70.0,2211.0
1784122997.0,31239,32624,2798,205.0,70.0,2235.0
1784122998.1,31239,32624,2798,209.0,70.0,2482.0
1784122999.2,31239,32624,2798,203.0,70.0,2233.0
1784123000.3,31239,32624,2798,212.0,70.0,2320.0
1784123001.4,31239,32624,2798,179.0,70.0,2350.0
1784123002.5,31239,32624,2798,209.0,70.0,2212.0
1784123003.6,31239,32624,2798,230.0,70.0,2383.0
1784123004.7,31239,32624,2798,183.0,70.0,2209.0
1784123005.8,31239,32624,2798,210.0,70.0,2277.0
1784123006.8,31239,32624,2798,252.0,70.0,2512.0
1784123007.9,31239,32624,2798,208.0,70.0,2232.0
1784123009.0,31239,32624,2798,232.0,70.0,2413.0
1784123010.1,31239,32624,2798,185.0,70.0,2157.0
1784123011.2,31239,32624,2798,215.0,70.0,2259.0
1784123012.3,31239,32624,2798,239.0,70.0,2440.0
1784123013.4,31239,32624,2798,214.0,70.0,2299.0
1784123014.5,31239,32624,2798,225.0,70.0,2350.0
1784123015.6,31239,32624,2798,181.0,70.0,2350.0
1784123016.7,31239,32624,2798,195.0,70.0,2156.0
1784123017.8,31239,32624,2798,242.0,70.0,2467.0
1784123018.9,31239,32624,2798,217.0,70.0,2257.0
1784123020.0,31239,32624,2798,228.0,70.0,2301.0
1784123021.1,31239,32624,2798,164.0,70.0,2227.0
1784123022.2,31239,32624,2798,213.0,70.0,2289.0
1784123023.3,31239,32624,2798,263.0,70.0,2495.0
1784123024.3,31239,32624,2798,217.0,70.0,2224.0
1784123025.4,31239,32624,2798,237.0,70.0,2404.0
1784123026.5,31239,32624,2798,234.0,70.0,2257.0
1784123027.6,31239,32624,2798,210.0,70.0,2253.0
1784123028.7,31239,32624,2798,206.0,70.0,2455.0
1784123029.8,31239,32624,2798,208.0,70.0,2267.0
1784123030.9,31239,32624,2798,239.0,70.0,2438.0
1784123032.0,31239,32624,2798,219.0,70.0,2246.0
1784123033.1,31239,32624,2798,204.0,70.0,2195.0
1784123034.2,31239,32624,2798,166.0,70.0,2285.0
1784123035.3,31239,32624,2798,216.0,70.0,2253.0
1784123036.4,31239,32624,2798,192.0,70.0,2445.0
1784123037.5,31239,32624,2798,216.0,70.0,2277.0
1784123038.6,31239,32624,2798,246.0,70.0,2460.0
1784123039.7,31239,32624,2798,206.0,70.0,2227.0
1784123040.8,31239,32624,2798,238.0,70.0,2461.0
1784123041.9,31239,32624,2798,208.0,70.0,2227.0
1784123042.9,31239,32624,2798,228.0,70.0,2381.0
1784123044.0,31239,32624,2798,210.0,70.0,2221.0
1784123045.1,31239,32624,2798,211.0,70.0,2350.0
1784123046.2,31239,32624,2798,209.0,70.0,2232.0
1784123047.3,31239,32624,2798,215.0,70.0,2350.0
1784123048.4,31239,32624,2798,165.0,70.0,2306.0
1784123049.5,31239,32624,2798,220.0,70.0,2322.0
1784123050.6,31239,32624,2798,172.0,70.0,2283.0
1784123051.7,31239,32624,2798,218.0,70.0,2350.0
1784123052.8,31239,32624,2798,168.0,70.0,2300.0
1784123053.9,31239,32624,2798,209.0,70.0,2307.0
1784123055.0,31239,32624,2798,177.0,70.0,2350.0
1784123056.1,31239,32624,2798,217.0,70.0,2286.0
1784123057.2,31239,32624,2798,194.0,70.0,2383.0
1784123058.3,31239,32624,2798,208.0,70.0,2281.0
1784123059.3,31239,32624,2798,182.0,70.0,2421.0
1784123060.4,31239,32624,2798,215.0,70.0,2275.0
1784123061.5,31239,32624,2798,154.0,70.0,2307.0
1784123062.6,31239,32624,2798,208.0,70.0,2230.0
1784123063.7,31239,32624,2798,103.0,70.0,2196.0
1784123064.8,31239,32624,2798,216.0,70.0,2323.0
1784123065.9,31239,32624,2798,209.0,70.0,2226.0
1784123067.0,31239,32624,2798,220.0,70.0,2386.0
1784123068.1,31239,32624,2798,211.0,70.0,2232.0
1784123069.2,31239,32624,2798,231.0,70.0,2417.0
1784123070.3,31239,32624,2798,215.0,70.0,2257.0
1784123071.4,31239,32624,2798,229.0,70.0,2513.0
1784123072.5,31239,32624,2798,206.0,70.0,2267.0
1784123073.6,31239,32624,2798,180.0,70.0,2453.0
1784123074.7,31239,32624,2798,222.0,70.0,2251.0
1784123075.7,31239,32624,2798,181.0,70.0,2279.0
1784123076.8,31239,32624,2798,215.0,70.0,2350.0
# load_vram_used_mib=31194 peak_vram_used_mib=31415 peak_gtt_used_mib=2829 avg_power_w=207.8 peak_power_w=334.0 peak_temp_c=70.0 avg_sclk_mhz=2342.2 peak_sclk_mhz=3332.0 samples=2157
