unix_ts,vram_used_mib,vram_total_mib,gtt_used_mib,power_w,temp_c,sclk_mhz
1783931639.4,20309,32624,591,96.0,65.0,295.0
1783931640.0,20317,32624,597,164.0,66.0,1696.0
1783931640.6,20317,32624,597,180.0,66.0,1995.0
1783931641.2,20317,32624,597,272.0,67.0,2996.0
1783931641.8,20317,32624,597,315.0,68.0,3285.0
1783931642.4,20317,32624,597,315.0,68.0,3016.0
1783931643.0,20317,32624,596,305.0,68.0,2830.0
1783931643.6,20318,32624,596,284.0,68.0,2741.0
1783931644.2,20318,32624,596,304.0,68.0,2975.0
1783931644.8,20318,32624,596,314.0,68.0,2808.0
1783931645.4,20315,32624,598,314.0,69.0,3272.0
1783931646.0,20315,32624,598,315.0,69.0,2790.0
1783931646.6,20315,32624,610,188.0,69.0,2909.0
1783931647.1,20315,32624,608,346.0,69.0,2863.0
1783931647.7,20315,32624,608,311.0,69.0,2797.0
1783931648.3,20315,32624,608,306.0,69.0,2769.0
1783931648.9,20315,32624,608,281.0,69.0,2925.0
1783931649.5,20315,32624,608,351.0,69.0,2985.0
1783931650.1,20315,32624,608,293.0,70.0,2746.0
1783931650.7,20315,32624,608,281.0,70.0,2960.0
1783931651.3,20315,32624,608,319.0,69.0,2820.0
1783931651.9,20315,32624,608,218.0,70.0,2640.0
1783931652.5,20315,32624,608,328.0,70.0,2858.0
1783931653.1,20315,32624,608,313.0,70.0,3263.0
1783931653.7,20315,32624,608,194.0,70.0,2768.0
1783931654.3,20315,32624,608,251.0,70.0,2846.0
1783931654.9,20315,32624,608,310.0,70.0,3259.0
1783931655.4,20315,32624,608,275.0,70.0,2900.0
1783931656.0,20315,32624,608,311.0,70.0,2786.0
1783931656.6,20315,32624,608,305.0,70.0,2752.0
1783931657.2,20315,32624,608,275.0,70.0,2870.0
1783931657.8,20315,32624,596,335.0,71.0,3071.0
1783931658.4,20315,32624,596,295.0,70.0,2755.0
1783931659.0,20315,32624,596,309.0,70.0,2741.0
1783931659.6,20315,32624,596,202.0,70.0,2827.0
1783931660.2,20315,32624,596,343.0,70.0,2883.0
1783931660.8,20315,32624,596,318.0,70.0,2771.0
1783931661.4,20315,32624,596,302.0,71.0,2769.0
1783931662.0,20315,32624,608,259.0,71.0,2994.0
1783931662.6,20315,32624,608,314.0,71.0,2824.0
1783931663.2,20315,32624,608,339.0,70.0,2874.0
1783931663.7,20315,32624,608,325.0,70.0,3253.0
1783931664.3,20315,32624,608,309.0,71.0,2923.0
1783931664.9,20315,32624,608,328.0,71.0,2891.0
1783931665.5,20315,32624,608,322.0,71.0,2813.0
1783931666.1,20315,32624,608,298.0,71.0,2734.0
1783931666.7,20315,32624,608,363.0,71.0,2683.0
1783931667.3,20315,32624,608,368.0,71.0,2961.0
1783931667.9,20315,32624,608,339.0,71.0,2855.0
1783931668.5,20315,32624,608,294.0,71.0,3260.0
1783931669.1,20315,32624,608,301.0,71.0,2776.0
1783931669.7,20315,32624,608,293.0,71.0,2597.0
1783931670.3,20315,32624,608,333.0,71.0,2901.0
1783931670.8,20315,32624,608,311.0,71.0,3115.0
1783931671.4,20315,32624,608,321.0,71.0,2772.0
1783931672.0,20315,32624,608,287.0,71.0,2735.0
1783931672.6,20315,32624,596,226.0,71.0,3277.0
1783931673.2,20315,32624,596,309.0,71.0,2780.0
1783931673.8,20315,32624,596,312.0,71.0,2783.0
1783931674.4,20315,32624,596,280.0,71.0,2719.0
1783931675.0,20315,32624,596,319.0,71.0,2680.0
1783931675.6,20315,32624,596,281.0,71.0,2938.0
1783931676.2,20315,32624,596,355.0,72.0,2941.0
1783931676.8,20315,32624,608,338.0,72.0,3073.0
1783931677.4,20315,32624,608,312.0,71.0,2783.0
1783931678.0,20315,32624,608,349.0,72.0,2733.0
1783931678.6,20315,32624,608,319.0,72.0,3015.0
1783931679.1,20315,32624,608,390.0,72.0,3121.0
1783931679.7,20315,32624,608,334.0,72.0,2913.0
1783931680.3,20315,32624,608,316.0,72.0,2969.0
1783931680.9,20315,32624,608,276.0,72.0,2677.0
1783931681.5,20315,32624,608,192.0,72.0,2730.0
1783931682.1,20315,32624,608,267.0,72.0,2828.0
1783931682.7,20315,32624,608,158.0,72.0,3004.0
1783931683.3,20315,32624,608,354.0,72.0,3037.0
1783931683.9,20315,32624,608,323.0,72.0,2885.0
1783931684.5,20315,32624,608,310.0,72.0,2768.0
1783931685.1,20315,32624,608,176.0,72.0,2743.0
1783931685.7,20315,32624,608,274.0,72.0,2762.0
1783931686.3,20315,32624,608,330.0,72.0,2880.0
1783931686.8,20315,32624,608,334.0,72.0,2660.0
1783931687.4,20315,32624,608,306.0,72.0,2871.0
1783931688.0,20315,32624,596,327.0,72.0,2898.0
1783931688.6,20315,32624,596,227.0,72.0,2929.0
1783931689.2,20315,32624,596,327.0,72.0,2794.0
1783931689.8,20315,32624,596,315.0,72.0,2754.0
1783931690.4,20315,32624,596,350.0,72.0,3237.0
1783931691.0,20315,32624,596,274.0,72.0,3163.0
1783931691.6,20315,32624,608,343.0,72.0,2889.0
1783931692.2,20315,32624,608,294.0,72.0,2683.0
1783931692.8,20315,32624,608,304.0,72.0,2927.0
1783931693.4,20315,32624,608,225.0,72.0,2966.0
1783931694.0,20315,32624,608,269.0,72.0,2905.0
1783931694.6,20315,32624,608,322.0,72.0,2768.0
1783931695.2,20315,32624,608,310.0,72.0,2801.0
1783931695.8,20315,32624,608,321.0,72.0,2951.0
1783931696.3,20315,32624,608,345.0,72.0,2683.0
1783931696.9,20315,32624,608,270.0,72.0,2858.0
1783931697.5,20315,32624,608,385.0,72.0,3130.0
1783931698.1,20315,32624,608,329.0,72.0,2903.0
1783931698.7,20315,32624,608,334.0,72.0,2844.0
1783931699.3,20315,32624,608,306.0,72.0,3077.0
1783931699.9,20315,32624,608,332.0,72.0,2884.0
1783931700.5,20315,32624,608,296.0,72.0,2746.0
1783931701.1,20315,32624,608,171.0,72.0,2524.0
1783931701.7,20315,32624,608,183.0,72.0,2786.0
1783931702.3,20315,32624,608,267.0,72.0,2818.0
1783931702.8,20315,32624,596,307.0,72.0,2882.0
1783931703.4,20315,32624,596,340.0,72.0,2864.0
1783931704.0,20315,32624,596,363.0,72.0,3026.0
1783931704.6,20315,32624,596,319.0,72.0,3012.0
1783931705.2,20315,32624,596,319.0,72.0,2800.0
1783931705.8,20315,32624,596,341.0,72.0,2833.0
1783931706.4,20315,32624,596,308.0,72.0,3044.0
1783931707.0,20315,32624,608,273.0,72.0,2705.0
1783931707.6,20315,32624,608,183.0,72.0,2580.0
1783931708.2,20315,32624,608,241.0,72.0,2870.0
1783931708.8,20315,32624,608,283.0,72.0,2919.0
1783931709.4,20315,32624,608,354.0,72.0,2874.0
1783931709.9,20315,32624,608,295.0,72.0,2772.0
1783931710.5,20315,32624,608,160.0,72.0,2682.0
1783931711.1,20315,32624,608,304.0,72.0,2777.0
1783931711.7,20315,32624,608,300.0,72.0,2737.0
1783931712.3,20315,32624,608,307.0,72.0,2747.0
1783931712.9,20315,32624,608,283.0,72.0,2894.0
1783931713.5,20318,32624,610,294.0,72.0,2963.0
1783931714.1,20318,32624,610,292.0,72.0,2926.0
1783931714.7,20318,32624,610,319.0,72.0,2775.0
1783931715.3,20318,32624,610,297.0,72.0,2666.0
1783931715.9,20312,32624,598,354.0,72.0,2881.0
1783931716.4,20312,32624,598,339.0,72.0,2842.0
1783931717.0,20312,32624,598,298.0,72.0,3113.0
1783931717.6,20312,32624,586,303.0,72.0,2774.0
1783931718.2,20312,32624,586,178.0,72.0,2608.0
1783931718.8,20312,32624,586,300.0,72.0,2733.0
1783931719.4,20312,32624,586,366.0,72.0,2876.0
1783931720.0,20312,32624,586,289.0,72.0,2930.0
1783931720.6,20312,32624,586,338.0,72.0,2931.0
1783931721.2,20312,32624,586,331.0,72.0,2976.0
1783931721.8,20312,32624,598,292.0,72.0,2903.0
1783931722.4,20312,32624,598,345.0,73.0,2873.0
1783931723.0,20312,32624,598,321.0,72.0,2783.0
1783931723.6,20312,32624,598,256.0,72.0,2852.0
1783931724.1,20312,32624,598,215.0,72.0,2631.0
1783931724.7,20312,32624,598,273.0,72.0,2960.0
1783931725.3,20312,32624,598,366.0,72.0,2979.0
1783931725.9,20312,32624,598,277.0,72.0,2689.0
1783931726.5,20312,32624,598,288.0,73.0,3231.0
1783931727.1,20312,32624,598,217.0,73.0,3256.0
1783931727.7,20312,32624,598,347.0,73.0,2856.0
1783931728.3,20316,32624,600,419.0,73.0,3156.0
1783931728.9,20316,32624,600,369.0,73.0,3018.0
1783931729.5,20316,32624,600,325.0,73.0,2766.0
1783931730.1,20316,32624,600,316.0,73.0,2818.0
1783931730.7,20316,32624,600,312.0,73.0,3100.0
1783931731.2,20316,32624,600,334.0,73.0,2791.0
1783931731.8,20316,32624,600,296.0,73.0,2745.0
1783931732.4,20316,32624,600,292.0,73.0,2730.0
1783931733.0,20316,32624,586,312.0,72.0,2783.0
1783931733.6,20316,32624,586,295.0,72.0,3227.0
1783931734.2,20316,32624,586,345.0,73.0,2682.0
1783931734.8,20316,32624,586,190.0,73.0,2769.0
1783931735.4,20316,32624,586,196.0,73.0,2747.0
1783931736.0,20316,32624,586,332.0,73.0,2660.0
1783931736.6,20316,32624,598,341.0,73.0,2696.0
1783931737.2,20316,32624,598,330.0,73.0,2736.0
1783931737.8,20316,32624,598,283.0,73.0,2703.0
1783931738.4,20316,32624,598,286.0,73.0,2631.0
1783931738.9,20316,32624,598,343.0,73.0,3068.0
1783931739.5,20316,32624,598,328.0,73.0,2937.0
1783931740.1,20316,32624,598,344.0,73.0,2902.0
1783931740.7,20316,32624,598,297.0,73.0,3185.0
1783931741.3,20316,32624,598,339.0,73.0,3087.0
1783931741.9,20316,32624,598,349.0,73.0,2909.0
1783931742.5,20316,32624,598,338.0,73.0,2629.0
1783931743.1,20316,32624,598,213.0,73.0,2799.0
1783931743.7,20316,32624,598,204.0,73.0,2745.0
1783931744.3,20316,32624,598,167.0,73.0,2680.0
1783931744.9,20316,32624,598,299.0,73.0,2918.0
1783931745.5,20316,32624,598,281.0,73.0,2858.0
1783931746.0,20316,32624,598,207.0,73.0,2749.0
1783931746.6,20316,32624,598,264.0,73.0,2625.0
1783931747.2,20316,32624,598,322.0,73.0,2666.0
1783931747.8,20316,32624,586,307.0,73.0,2739.0
1783931748.4,20316,32624,586,320.0,73.0,2782.0
1783931749.0,20316,32624,586,324.0,73.0,2663.0
1783931749.6,20316,32624,586,286.0,73.0,2883.0
1783931750.2,20316,32624,586,276.0,72.0,2679.0
1783931750.8,20316,32624,586,327.0,73.0,2738.0
1783931751.4,20316,32624,586,296.0,73.0,2758.0
1783931752.0,20316,32624,598,328.0,73.0,2755.0
1783931752.6,20316,32624,598,325.0,73.0,2796.0
1783931753.1,20316,32624,598,386.0,73.0,3061.0
1783931753.7,20316,32624,598,312.0,73.0,3115.0
1783931754.3,20316,32624,598,274.0,73.0,2831.0
1783931754.9,20316,32624,598,288.0,73.0,2894.0
1783931755.5,20316,32624,598,263.0,73.0,2843.0
1783931756.1,20316,32624,598,207.0,73.0,2735.0
1783931756.7,20316,32624,598,221.0,73.0,2682.0
1783931757.3,20316,32624,598,305.0,73.0,2687.0
1783931757.9,20316,32624,598,341.0,73.0,2729.0
1783931758.5,20316,32624,591,35.0,72.0,0.0
1783931759.1,20316,32624,604,237.0,71.0,2397.0
1783931759.6,20316,32624,604,282.0,72.0,2705.0
1783931760.2,20316,32624,604,336.0,72.0,3161.0
1783931760.8,20316,32624,604,321.0,72.0,2806.0
1783931761.4,20316,32624,604,316.0,72.0,2775.0
1783931762.0,20316,32624,604,330.0,72.0,2724.0
1783931762.6,20316,32624,604,280.0,72.0,2903.0
1783931763.2,20316,32624,600,375.0,72.0,3026.0
1783931763.8,20316,32624,600,290.0,72.0,2727.0
1783931764.4,20316,32624,598,163.0,72.0,2890.0
1783931765.0,20316,32624,598,318.0,72.0,2826.0
1783931765.6,20316,32624,598,312.0,72.0,2772.0
1783931766.2,20316,32624,598,303.0,72.0,2675.0
1783931766.7,20316,32624,607,272.0,72.0,2851.0
1783931767.3,20316,32624,607,337.0,72.0,2919.0
1783931767.9,20316,32624,607,309.0,72.0,2733.0
1783931768.5,20316,32624,607,311.0,72.0,2709.0
1783931769.1,20316,32624,607,299.0,72.0,2908.0
1783931769.7,20316,32624,607,310.0,72.0,3022.0
1783931770.3,20316,32624,607,339.0,72.0,2877.0
1783931770.9,20316,32624,607,308.0,72.0,2771.0
1783931771.5,20316,32624,607,325.0,72.0,2690.0
1783931772.1,20316,32624,607,261.0,72.0,2812.0
1783931772.7,20316,32624,607,353.0,72.0,3079.0
1783931773.3,20316,32624,607,357.0,72.0,2719.0
1783931773.8,20316,32624,607,276.0,72.0,2886.0
1783931774.4,20316,32624,607,323.0,72.0,2818.0
1783931775.0,20316,32624,607,309.0,72.0,2767.0
1783931775.6,20316,32624,607,303.0,72.0,2752.0
1783931776.2,20316,32624,607,280.0,73.0,2810.0
1783931776.8,20316,32624,607,302.0,72.0,2717.0
1783931777.4,20316,32624,607,261.0,72.0,2863.0
1783931778.0,20316,32624,598,348.0,72.0,3066.0
1783931778.6,20316,32624,598,303.0,73.0,2786.0
1783931779.2,20316,32624,598,261.0,72.0,2747.0
1783931779.8,20316,32624,598,169.0,72.0,2874.0
1783931780.4,20316,32624,598,320.0,73.0,2826.0
1783931781.0,20316,32624,598,264.0,73.0,3195.0
1783931781.5,20316,32624,609,157.0,73.0,2766.0
1783931782.1,20316,32624,609,246.0,73.0,2900.0
1783931782.7,20316,32624,609,318.0,72.0,2810.0
1783931783.3,20316,32624,609,307.0,73.0,2744.0
1783931783.9,20316,32624,609,286.0,73.0,2606.0
1783931784.5,20316,32624,609,292.0,73.0,2943.0
1783931785.1,20316,32624,609,330.0,72.0,2881.0
1783931785.7,20316,32624,609,162.0,73.0,3140.0
1783931786.3,20316,32624,609,314.0,73.0,2758.0
1783931786.9,20316,32624,609,220.0,73.0,2701.0
1783931787.5,20316,32624,609,289.0,73.0,2890.0
1783931788.1,20316,32624,609,323.0,73.0,2805.0
1783931788.6,20316,32624,609,308.0,73.0,2780.0
1783931789.2,20316,32624,609,320.0,72.0,2699.0
1783931789.8,20316,32624,609,269.0,73.0,2787.0
1783931790.4,20316,32624,609,326.0,73.0,2866.0
1783931791.0,20316,32624,609,367.0,73.0,3062.0
1783931791.6,20316,32624,609,303.0,73.0,2730.0
1783931792.2,20316,32624,609,305.0,73.0,2733.0
1783931792.8,20316,32624,598,285.0,73.0,2956.0
1783931793.4,20316,32624,598,323.0,73.0,2845.0
1783931794.0,20316,32624,598,303.0,73.0,3065.0
1783931794.6,20316,32624,598,203.0,73.0,2763.0
1783931795.2,20316,32624,598,330.0,73.0,2866.0
1783931795.8,20316,32624,598,319.0,73.0,2787.0
1783931796.4,20316,32624,598,307.0,73.0,2814.0
1783931796.9,20316,32624,609,320.0,73.0,2811.0
1783931797.5,20316,32624,609,313.0,73.0,3071.0
1783931798.1,20316,32624,609,153.0,73.0,3134.0
1783931798.7,20316,32624,609,321.0,73.0,2851.0
1783931799.3,20316,32624,609,329.0,73.0,2908.0
1783931799.9,20316,32624,609,308.0,73.0,2708.0
1783931800.5,20316,32624,609,167.0,73.0,2552.0
1783931801.1,20316,32624,609,215.0,73.0,2898.0
1783931801.7,20316,32624,609,182.0,73.0,3297.0
1783931802.3,20316,32624,609,311.0,73.0,2935.0
1783931802.9,20316,32624,609,302.0,73.0,2902.0
1783931803.5,20316,32624,609,290.0,73.0,2690.0
1783931804.0,20316,32624,609,290.0,73.0,2965.0
1783931804.6,20316,32624,609,320.0,73.0,2877.0
1783931805.2,20316,32624,609,305.0,73.0,2754.0
1783931805.8,20316,32624,609,312.0,73.0,2730.0
1783931806.4,20316,32624,609,324.0,73.0,2672.0
1783931807.0,20316,32624,609,264.0,73.0,2742.0
1783931807.6,20316,32624,609,314.0,73.0,2747.0
1783931808.2,20316,32624,598,231.0,73.0,2577.0
1783931808.8,20316,32624,598,306.0,73.0,2880.0
1783931809.4,20316,32624,598,311.0,73.0,2751.0
1783931810.0,20316,32624,598,323.0,73.0,3162.0
1783931810.6,20316,32624,598,277.0,73.0,3195.0
1783931811.2,20316,32624,598,201.0,73.0,2567.0
1783931811.7,20316,32624,611,227.0,73.0,3233.0
1783931812.3,20316,32624,611,344.0,73.0,2874.0
1783931812.9,20316,32624,611,346.0,73.0,3118.0
1783931813.5,20316,32624,611,322.0,73.0,2830.0
1783931814.1,20316,32624,611,307.0,73.0,2731.0
1783931814.7,20316,32624,611,198.0,73.0,2693.0
1783931815.3,20316,32624,611,317.0,73.0,2849.0
1783931815.9,20316,32624,611,317.0,73.0,3146.0
1783931816.5,20316,32624,611,313.0,73.0,2970.0
1783931817.1,20316,32624,611,217.0,73.0,2586.0
1783931817.7,20316,32624,611,267.0,73.0,2907.0
1783931818.2,20316,32624,611,274.0,73.0,2846.0
1783931818.8,20316,32624,611,165.0,73.0,3034.0
1783931819.4,20316,32624,611,341.0,73.0,2890.0
1783931820.0,20316,32624,611,311.0,73.0,2812.0
1783931820.6,20316,32624,611,299.0,73.0,2792.0
1783931821.2,20316,32624,611,301.0,73.0,2701.0
1783931821.8,20316,32624,611,306.0,73.0,2735.0
1783931822.4,20316,32624,611,344.0,73.0,2671.0
1783931823.0,20316,32624,600,282.0,73.0,2848.0
1783931823.6,20316,32624,600,202.0,73.0,2804.0
1783931824.2,20316,32624,600,337.0,73.0,1954.0
1783931824.8,20316,32624,600,309.0,73.0,3258.0
1783931825.4,20316,32624,600,308.0,73.0,2686.0
1783931825.9,20316,32624,600,300.0,73.0,2834.0
1783931826.5,20316,32624,611,300.0,73.0,3066.0
1783931827.1,20316,32624,611,250.0,73.0,2510.0
1783931827.7,20316,32624,611,272.0,73.0,2831.0
1783931828.3,20316,32624,611,312.0,73.0,2979.0
1783931828.9,20316,32624,611,214.0,73.0,2696.0
1783931829.5,20316,32624,611,348.0,73.0,2903.0
1783931830.1,20316,32624,611,321.0,73.0,2763.0
1783931830.7,20316,32624,611,317.0,73.0,2723.0
1783931831.3,20316,32624,611,318.0,73.0,2765.0
1783931831.9,20316,32624,611,306.0,73.0,2760.0
1783931832.5,20316,32624,611,307.0,73.0,3261.0
1783931833.1,20316,32624,611,320.0,73.0,2913.0
1783931833.7,20316,32624,611,323.0,73.0,2853.0
1783931834.2,20316,32624,611,364.0,73.0,2925.0
1783931834.8,20316,32624,611,325.0,73.0,2652.0
1783931835.4,20316,32624,611,299.0,73.0,2885.0
1783931836.0,20316,32624,611,356.0,72.0,2888.0
1783931836.6,20316,32624,611,306.0,73.0,2732.0
1783931837.2,20316,32624,611,324.0,73.0,2733.0
1783931837.8,20316,32624,600,259.0,73.0,2864.0
1783931838.4,20316,32624,600,303.0,73.0,3061.0
1783931839.0,20316,32624,600,311.0,73.0,2872.0
1783931839.6,20316,32624,600,285.0,73.0,2916.0
1783931840.2,20316,32624,600,336.0,73.0,2918.0
1783931840.8,20316,32624,600,301.0,72.0,2750.0
1783931841.4,20316,32624,600,294.0,73.0,2668.0
1783931842.0,20316,32624,611,345.0,73.0,2723.0
1783931842.6,20316,32624,611,302.0,73.0,2723.0
1783931843.2,20316,32624,611,323.0,73.0,2694.0
1783931843.8,20316,32624,611,298.0,73.0,2664.0
1783931844.4,20316,32624,611,203.0,73.0,2795.0
1783931845.0,20316,32624,611,173.0,73.0,2648.0
1783931845.6,20316,32624,611,199.0,73.0,2704.0
1783931846.1,20316,32624,611,352.0,73.0,2923.0
1783931846.7,20316,32624,611,218.0,73.0,2813.0
1783931847.3,20316,32624,611,339.0,73.0,2864.0
1783931847.9,20316,32624,611,324.0,73.0,3097.0
1783931848.5,20316,32624,611,308.0,73.0,2765.0
1783931849.1,20316,32624,611,310.0,73.0,2773.0
1783931849.7,20316,32624,611,303.0,73.0,2774.0
1783931850.3,20316,32624,611,293.0,73.0,2742.0
1783931850.9,20316,32624,611,324.0,73.0,2779.0
1783931851.5,20316,32624,611,285.0,73.0,2697.0
1783931852.1,20316,32624,611,337.0,73.0,2701.0
1783931852.7,20316,32624,600,241.0,73.0,3001.0
1783931853.3,20316,32624,600,299.0,73.0,2917.0
1783931853.9,20316,32624,600,345.0,73.0,2849.0
1783931854.5,20316,32624,600,267.0,73.0,3024.0
1783931855.1,20316,32624,600,256.0,73.0,2809.0
1783931855.7,20316,32624,600,332.0,73.0,2887.0
1783931856.3,20316,32624,600,294.0,73.0,2742.0
1783931856.9,20316,32624,611,340.0,73.0,2833.0
1783931857.5,20316,32624,611,326.0,73.0,2808.0
1783931858.0,20316,32624,611,331.0,73.0,2823.0
1783931858.6,20316,32624,611,348.0,73.0,2869.0
1783931859.2,20316,32624,611,321.0,73.0,2882.0
1783931859.8,20316,32624,611,304.0,73.0,2813.0
1783931860.4,20316,32624,611,335.0,73.0,2874.0
1783931861.0,20316,32624,611,332.0,73.0,2828.0
1783931861.6,20316,32624,611,329.0,73.0,2896.0
1783931862.2,20316,32624,611,339.0,72.0,2898.0
1783931862.8,20316,32624,611,341.0,73.0,2891.0
1783931863.4,20316,32624,611,314.0,73.0,2917.0
1783931864.0,20316,32624,611,269.0,73.0,2942.0
1783931864.6,20316,32624,611,224.0,73.0,2824.0
1783931865.2,20316,32624,611,175.0,72.0,2640.0
1783931865.7,20316,32624,611,310.0,73.0,2885.0
1783931866.3,20316,32624,611,355.0,73.0,2907.0
1783931866.9,20316,32624,604,29.0,70.0,0.0
1783931867.5,20316,32624,604,340.0,71.0,2830.0
1783931868.1,20316,32624,600,344.0,72.0,2866.0
1783931868.7,20316,32624,600,344.0,72.0,2995.0
1783931869.3,20316,32624,600,206.0,72.0,2788.0
1783931869.9,20316,32624,600,333.0,72.0,2901.0
1783931870.5,20316,32624,600,306.0,72.0,2759.0
1783931871.1,20316,32624,600,332.0,72.0,2901.0
1783931871.7,20316,32624,611,188.0,72.0,3163.0
1783931872.3,20316,32624,611,333.0,72.0,3067.0
1783931872.9,20316,32624,598,324.0,72.0,2931.0
1783931873.5,20316,32624,598,299.0,73.0,2715.0
1783931874.0,20316,32624,598,377.0,72.0,3222.0
1783931874.6,20316,32624,598,306.0,72.0,2750.0
1783931875.2,20316,32624,598,336.0,73.0,2849.0
1783931875.8,20316,32624,598,197.0,72.0,2704.0
1783931876.4,20316,32624,598,320.0,73.0,2967.0
1783931877.0,20316,32624,598,311.0,72.0,2776.0
1783931877.6,20316,32624,598,305.0,73.0,2703.0
1783931878.2,20316,32624,598,412.0,73.0,3163.0
1783931878.8,20316,32624,598,338.0,72.0,2908.0
1783931879.4,20316,32624,598,306.0,73.0,2653.0
1783931880.0,20316,32624,598,292.0,72.0,2830.0
1783931880.6,20316,32624,598,308.0,73.0,2779.0
1783931881.2,20318,32624,606,210.0,73.0,2644.0
1783931881.7,20318,32624,606,348.0,73.0,2885.0
1783931882.3,20318,32624,606,341.0,73.0,2977.0
1783931882.9,20316,32624,606,307.0,72.0,2706.0
1783931883.5,20316,32624,606,300.0,72.0,2729.0
1783931884.1,20316,32624,606,268.0,72.0,2842.0
1783931884.7,20316,32624,606,355.0,73.0,2878.0
1783931885.3,20316,32624,606,319.0,73.0,3263.0
1783931885.9,20316,32624,606,179.0,72.0,2624.0
1783931886.5,20316,32624,617,332.0,73.0,2921.0
1783931887.1,20316,32624,623,242.0,70.0,2835.0
1783931887.7,20316,32624,623,316.0,72.0,2783.0
1783931888.3,20316,32624,623,305.0,72.0,2740.0
1783931888.9,20316,32624,623,376.0,72.0,2638.0
1783931889.5,20316,32624,623,314.0,72.0,2767.0
1783931890.1,20316,32624,623,312.0,72.0,2679.0
1783931890.7,20316,32624,623,314.0,72.0,2784.0
1783931891.3,20316,32624,623,225.0,72.0,2710.0
1783931891.8,20316,32624,623,335.0,72.0,2851.0
1783931892.4,20316,32624,623,299.0,72.0,2727.0
1783931893.0,20316,32624,604,364.0,73.0,2989.0
1783931893.6,20321,32624,606,301.0,72.0,2687.0
1783931894.2,20321,32624,606,309.0,72.0,2766.0
1783931894.8,20321,32624,606,310.0,73.0,2722.0
1783931895.4,20321,32624,606,233.0,73.0,2828.0
1783931896.0,20317,32624,596,389.0,72.0,3082.0
1783931896.6,20321,32624,598,303.0,73.0,2754.0
1783931897.2,20321,32624,598,294.0,73.0,2647.0
1783931897.8,20321,32624,600,320.0,73.0,2745.0
1783931898.4,20321,32624,600,329.0,73.0,2818.0
1783931899.0,20321,32624,600,278.0,73.0,2722.0
1783931899.6,20321,32624,600,271.0,73.0,3046.0
1783931900.2,20321,32624,600,314.0,73.0,2748.0
1783931900.8,20321,32624,600,309.0,73.0,2947.0
1783931901.4,20321,32624,598,305.0,73.0,2737.0
1783931902.0,20321,32624,609,232.0,72.0,3133.0
1783931902.5,20321,32624,609,315.0,73.0,2782.0
1783931903.1,20321,32624,609,300.0,73.0,2714.0
1783931903.7,20321,32624,609,223.0,73.0,2775.0
1783931904.3,20321,32624,609,324.0,73.0,2858.0
1783931904.9,20321,32624,609,329.0,73.0,2786.0
1783931905.5,20321,32624,609,303.0,72.0,2691.0
1783931906.1,20321,32624,609,204.0,73.0,2595.0
1783931906.7,20321,32624,609,378.0,73.0,3079.0
1783931907.3,20321,32624,609,297.0,73.0,2705.0
1783931907.9,20321,32624,609,336.0,73.0,2866.0
1783931908.5,20321,32624,609,298.0,73.0,3068.0
1783931909.1,20321,32624,609,198.0,73.0,2702.0
1783931909.7,20321,32624,609,330.0,73.0,2897.0
1783931910.3,20321,32624,609,239.0,73.0,2680.0
1783931910.9,20321,32624,609,330.0,72.0,2828.0
1783931911.5,20321,32624,609,308.0,73.0,3058.0
1783931912.0,20321,32624,609,308.0,73.0,2801.0
1783931912.6,20321,32624,609,312.0,73.0,2687.0
1783931913.2,20321,32624,598,247.0,73.0,2798.0
1783931913.8,20321,32624,598,322.0,73.0,2798.0
1783931914.4,20321,32624,598,307.0,73.0,2732.0
1783931915.0,20321,32624,598,266.0,72.0,2855.0
1783931915.6,20321,32624,598,331.0,72.0,3237.0
1783931916.2,20321,32624,598,307.0,72.0,2701.0
1783931916.8,20321,32624,609,235.0,72.0,2759.0
1783931917.4,20321,32624,609,329.0,72.0,2856.0
1783931918.0,20321,32624,609,224.0,72.0,2817.0
1783931918.6,20321,32624,609,324.0,72.0,2819.0
1783931919.2,20321,32624,609,312.0,72.0,2726.0
1783931919.8,20321,32624,609,320.0,72.0,3260.0
1783931920.4,20321,32624,609,318.0,72.0,2738.0
1783931921.0,20321,32624,609,306.0,72.0,2952.0
1783931921.6,20321,32624,609,296.0,72.0,2718.0
1783931922.2,20321,32624,609,344.0,73.0,2873.0
1783931922.7,20321,32624,609,364.0,72.0,2995.0
1783931923.3,20321,32624,609,320.0,72.0,2971.0
1783931923.9,20321,32624,609,314.0,72.0,2822.0
1783931924.5,20321,32624,609,298.0,73.0,2724.0
1783931925.1,20321,32624,609,344.0,73.0,3217.0
1783931925.7,20321,32624,609,317.0,72.0,2825.0
1783931926.3,20321,32624,609,248.0,72.0,2708.0
1783931926.9,20321,32624,609,340.0,72.0,2897.0
1783931927.5,20321,32624,609,314.0,72.0,2941.0
1783931928.1,20321,32624,598,281.0,72.0,3058.0
1783931928.7,20321,32624,598,317.0,72.0,2917.0
1783931929.3,20321,32624,598,320.0,72.0,2980.0
1783931929.9,20321,32624,598,223.0,72.0,2819.0
1783931930.5,20321,32624,598,266.0,72.0,2913.0
1783931931.1,20321,32624,598,343.0,72.0,2925.0
1783931931.7,20321,32624,611,326.0,72.0,2854.0
1783931932.2,20321,32624,611,309.0,72.0,3085.0
1783931932.8,20321,32624,611,314.0,72.0,3108.0
1783931933.4,20321,32624,611,323.0,72.0,2811.0
1783931934.0,20321,32624,611,277.0,72.0,2688.0
1783931934.6,20321,32624,611,312.0,72.0,3099.0
1783931935.2,20321,32624,611,384.0,72.0,3126.0
1783931935.8,20321,32624,611,330.0,72.0,2826.0
1783931936.4,20321,32624,611,333.0,72.0,2898.0
1783931937.0,20321,32624,611,309.0,72.0,2764.0
1783931937.6,20321,32624,611,291.0,72.0,2907.0
1783931938.2,20321,32624,611,296.0,72.0,3212.0
1783931938.8,20321,32624,611,295.0,72.0,2677.0
1783931939.4,20321,32624,611,303.0,72.0,2729.0
1783931940.0,20321,32624,611,327.0,72.0,2619.0
1783931940.5,20321,32624,611,192.0,72.0,2668.0
1783931941.1,20321,32624,611,321.0,72.0,2856.0
1783931941.7,20321,32624,611,309.0,72.0,2758.0
1783931942.3,20321,32624,611,238.0,72.0,3036.0
1783931942.9,20321,32624,600,343.0,72.0,2866.0
1783931943.5,20321,32624,600,371.0,72.0,3021.0
1783931944.1,20321,32624,600,297.0,72.0,2747.0
1783931944.7,20321,32624,600,327.0,72.0,2732.0
1783931945.3,20321,32624,600,255.0,72.0,2885.0
1783931945.9,20321,32624,600,239.0,72.0,2928.0
1783931946.5,20321,32624,611,322.0,72.0,2777.0
1783931947.1,20321,32624,611,329.0,72.0,2865.0
1783931947.7,20321,32624,611,244.0,72.0,2847.0
1783931948.3,20321,32624,611,279.0,72.0,2885.0
1783931948.9,20321,32624,611,291.0,72.0,2904.0
1783931949.5,20321,32624,611,303.0,72.0,2889.0
1783931950.1,20321,32624,611,258.0,72.0,2796.0
1783931950.6,20321,32624,611,350.0,72.0,3087.0
1783931951.2,20321,32624,611,319.0,72.0,2848.0
1783931951.8,20321,32624,611,326.0,72.0,2809.0
1783931952.4,20321,32624,611,287.0,72.0,2701.0
1783931953.0,20321,32624,611,280.0,72.0,2915.0
1783931953.6,20321,32624,611,267.0,72.0,2919.0
1783931954.2,20321,32624,611,367.0,72.0,2923.0
1783931954.8,20321,32624,611,342.0,72.0,2904.0
1783931955.4,20321,32624,611,346.0,72.0,2890.0
1783931956.0,20321,32624,611,306.0,72.0,2790.0
1783931956.6,20321,32624,604,68.0,70.0,2954.0
1783931957.2,20321,32624,604,231.0,71.0,2567.0
1783931957.8,20321,32624,600,347.0,71.0,2962.0
1783931958.4,20321,32624,600,211.0,71.0,2758.0
1783931959.0,20321,32624,600,315.0,71.0,2823.0
1783931959.5,20321,32624,600,306.0,72.0,2746.0
1783931960.1,20321,32624,600,382.0,72.0,3217.0
1783931960.7,20321,32624,600,314.0,72.0,2741.0
1783931961.3,20321,32624,600,308.0,72.0,2907.0
1783931961.9,20321,32624,611,300.0,72.0,2746.0
1783931962.5,20321,32624,598,375.0,72.0,3019.0
1783931963.1,20321,32624,598,308.0,72.0,2743.0
1783931963.7,20321,32624,598,325.0,72.0,2721.0
1783931964.3,20321,32624,598,316.0,72.0,3128.0
1783931964.9,20321,32624,598,298.0,72.0,2730.0
1783931965.5,20321,32624,598,172.0,72.0,2733.0
1783931966.1,20321,32624,598,370.0,72.0,3187.0
1783931966.7,20321,32624,598,306.0,72.0,2726.0
1783931967.2,20321,32624,598,331.0,72.0,2693.0
1783931967.8,20321,32624,598,299.0,72.0,3278.0
1783931968.4,20321,32624,598,328.0,72.0,2870.0
1783931969.0,20321,32624,598,318.0,72.0,2761.0
1783931969.6,20321,32624,598,270.0,72.0,2583.0
1783931970.2,20321,32624,598,364.0,72.0,3194.0
1783931970.8,20321,32624,598,304.0,72.0,2776.0
1783931971.4,20321,32624,598,292.0,72.0,2739.0
1783931972.0,20321,32624,598,174.0,72.0,2651.0
1783931972.6,20321,32624,598,284.0,72.0,3245.0
1783931973.2,20321,32624,598,346.0,72.0,2936.0
1783931973.8,20321,32624,598,301.0,72.0,2923.0
1783931974.3,20321,32624,598,342.0,72.0,2710.0
1783931974.9,20321,32624,598,317.0,72.0,2858.0
1783931975.5,20321,32624,598,246.0,72.0,2609.0
1783931976.1,20321,32624,598,205.0,72.0,2807.0
1783931976.7,20321,32624,609,323.0,72.0,2924.0
1783931977.3,20321,32624,609,315.0,72.0,2783.0
1783931977.9,20321,32624,609,307.0,72.0,2684.0
1783931978.5,20321,32624,609,323.0,72.0,2828.0
1783931979.1,20321,32624,609,308.0,72.0,2783.0
1783931979.7,20321,32624,609,183.0,72.0,2652.0
1783931980.3,20321,32624,609,318.0,72.0,2809.0
1783931980.9,20321,32624,609,192.0,72.0,2838.0
1783931981.5,20321,32624,609,319.0,72.0,2927.0
1783931982.1,20321,32624,609,308.0,72.0,2774.0
1783931982.7,20321,32624,609,109.0,72.0,3248.0
1783931983.2,20321,32624,609,311.0,72.0,2785.0
1783931983.8,20321,32624,609,196.0,72.0,2663.0
1783931984.4,20321,32624,609,306.0,72.0,2798.0
1783931985.0,20321,32624,609,417.0,72.0,3147.0
1783931985.6,20321,32624,609,313.0,72.0,2788.0
1783931986.2,20321,32624,609,315.0,72.0,2647.0
1783931986.8,20321,32624,609,249.0,72.0,3170.0
1783931987.4,20321,32624,609,297.0,72.0,2712.0
1783931988.0,20321,32624,604,225.0,72.0,3292.0
1783931988.6,20321,32624,604,375.0,72.0,3043.0
1783931989.2,20321,32624,604,313.0,72.0,2763.0
1783931989.8,20321,32624,604,158.0,72.0,2824.0
1783931990.4,20321,32624,604,303.0,72.0,2744.0
1783931991.0,20321,32624,604,314.0,72.0,2812.0
1783931991.6,20321,32624,609,313.0,72.0,2717.0
1783931992.2,20321,32624,609,271.0,72.0,2854.0
1783931992.8,20321,32624,609,352.0,72.0,3182.0
1783931993.4,20321,32624,609,349.0,72.0,2700.0
1783931994.0,20321,32624,609,315.0,72.0,2906.0
1783931994.6,20321,32624,609,362.0,72.0,3135.0
1783931995.2,20321,32624,609,320.0,72.0,3045.0
1783931995.8,20321,32624,609,251.0,72.0,2700.0
1783931996.4,20321,32624,609,373.0,72.0,3067.0
1783931996.9,20321,32624,609,299.0,72.0,2741.0
1783931997.5,20321,32624,609,313.0,72.0,2766.0
1783931998.1,20321,32624,609,164.0,72.0,2666.0
1783931998.7,20321,32624,598,326.0,72.0,2819.0
1783931999.3,20321,32624,598,313.0,72.0,2728.0
1783931999.9,20321,32624,598,333.0,72.0,2928.0
1783932000.5,20321,32624,598,370.0,72.0,3043.0
1783932001.1,20321,32624,598,294.0,72.0,2699.0
1783932001.7,20321,32624,598,246.0,72.0,2824.0
1783932002.3,20321,32624,598,309.0,72.0,2978.0
1783932002.9,20321,32624,606,337.0,72.0,3172.0
1783932003.5,20321,32624,606,201.0,72.0,2620.0
1783932004.1,20321,32624,604,342.0,72.0,3203.0
1783932004.7,20321,32624,604,294.0,72.0,2746.0
1783932005.3,20321,32624,604,316.0,72.0,2905.0
1783932005.9,20321,32624,604,282.0,72.0,2623.0
1783932006.5,20321,32624,604,307.0,72.0,2874.0
1783932007.0,20321,32624,617,310.0,72.0,2729.0
1783932007.6,20321,32624,604,237.0,72.0,2594.0
1783932008.2,20321,32624,604,279.0,72.0,2905.0
1783932008.8,20321,32624,604,290.0,72.0,2820.0
1783932009.4,20321,32624,604,174.0,72.0,3052.0
1783932010.0,20321,32624,604,309.0,72.0,2736.0
1783932010.6,20321,32624,604,348.0,72.0,2668.0
1783932011.2,20321,32624,604,283.0,72.0,3227.0
1783932011.8,20321,32624,604,353.0,72.0,2921.0
1783932012.4,20321,32624,604,340.0,72.0,2898.0
1783932013.0,20321,32624,604,304.0,72.0,2770.0
1783932013.6,20321,32624,604,329.0,72.0,2808.0
1783932014.2,20321,32624,604,314.0,72.0,2724.0
1783932014.8,20321,32624,604,323.0,72.0,2801.0
1783932015.3,20321,32624,604,278.0,72.0,2740.0
1783932015.9,20321,32624,604,308.0,72.0,2678.0
1783932016.5,20321,32624,604,257.0,72.0,2788.0
1783932017.1,20321,32624,604,312.0,72.0,2973.0
1783932017.7,20321,32624,600,328.0,72.0,2840.0
1783932018.3,20321,32624,600,311.0,72.0,2780.0
1783932018.9,20321,32624,600,309.0,72.0,2697.0
1783932019.5,20321,32624,600,269.0,72.0,2707.0
1783932020.1,20321,32624,600,279.0,72.0,2924.0
1783932020.7,20321,32624,600,377.0,72.0,3118.0
1783932021.3,20321,32624,604,43.0,71.0,0.0
1783932021.9,20321,32624,617,303.0,70.0,2758.0
1783932022.5,20321,32624,617,296.0,71.0,2700.0
1783932023.1,20321,32624,617,333.0,72.0,2926.0
1783932023.7,20321,32624,617,265.0,72.0,2800.0
1783932024.3,20321,32624,617,316.0,72.0,2975.0
1783932024.8,20321,32624,617,304.0,72.0,2735.0
1783932025.4,20321,32624,617,293.0,72.0,2867.0
1783932026.0,20321,32624,617,316.0,72.0,2959.0
1783932026.6,20321,32624,617,310.0,72.0,2759.0
1783932027.2,20321,32624,617,321.0,72.0,3144.0
1783932027.8,20321,32624,617,308.0,72.0,2735.0
1783932028.4,20321,32624,617,194.0,72.0,2737.0
1783932029.0,20321,32624,617,343.0,72.0,3214.0
1783932029.6,20321,32624,617,273.0,72.0,2680.0
1783932030.2,20321,32624,617,322.0,72.0,2843.0
1783932030.8,20321,32624,617,313.0,72.0,2773.0
1783932031.4,20321,32624,617,321.0,72.0,2965.0
1783932032.0,20321,32624,617,325.0,72.0,2796.0
1783932032.6,20321,32624,617,327.0,72.0,2731.0
1783932033.2,20321,32624,600,324.0,72.0,2666.0
1783932033.8,20321,32624,600,394.0,72.0,3206.0
1783932034.3,20321,32624,600,323.0,72.0,2838.0
1783932034.9,20321,32624,600,324.0,72.0,2974.0
1783932035.5,20321,32624,600,263.0,72.0,2588.0
1783932036.1,20321,32624,600,368.0,72.0,3034.0
1783932036.7,20321,32624,617,300.0,72.0,2772.0
1783932037.3,20321,32624,617,307.0,72.0,2780.0
1783932037.9,20321,32624,617,287.0,72.0,3060.0
1783932038.5,20321,32624,617,312.0,72.0,2731.0
1783932039.1,20321,32624,617,330.0,72.0,2969.0
1783932039.7,20321,32624,617,308.0,72.0,2709.0
1783932040.3,20321,32624,617,293.0,72.0,2718.0
1783932040.9,20321,32624,617,318.0,72.0,2928.0
1783932041.5,20321,32624,617,323.0,72.0,3163.0
1783932042.1,20321,32624,617,308.0,72.0,2744.0
1783932042.7,20321,32624,617,202.0,72.0,2753.0
1783932043.3,20321,32624,617,338.0,72.0,2873.0
1783932043.8,20321,32624,617,315.0,72.0,2779.0
1783932044.4,20321,32624,617,228.0,72.0,2806.0
1783932045.0,20321,32624,617,318.0,72.0,2839.0
1783932045.6,20321,32624,617,298.0,72.0,2759.0
1783932046.2,20321,32624,602,88.0,71.0,2753.0
1783932046.8,20321,32624,602,304.0,71.0,2838.0
1783932047.4,20321,32624,602,315.0,72.0,2827.0
1783932048.0,20321,32624,598,266.0,72.0,2813.0
1783932048.6,20321,32624,598,256.0,72.0,2696.0
1783932049.2,20321,32624,598,258.0,72.0,2699.0
1783932049.8,20321,32624,598,311.0,72.0,2832.0
1783932050.4,20321,32624,598,192.0,72.0,3105.0
1783932051.0,20321,32624,598,321.0,72.0,2830.0
1783932051.6,20321,32624,615,311.0,72.0,2781.0
1783932052.2,20321,32624,615,300.0,72.0,2746.0
1783932052.7,20321,32624,615,302.0,72.0,2898.0
1783932053.3,20321,32624,615,311.0,72.0,2753.0
1783932053.9,20321,32624,615,332.0,72.0,2747.0
1783932054.5,20321,32624,602,218.0,72.0,2765.0
1783932055.1,20321,32624,602,316.0,72.0,2810.0
1783932055.7,20321,32624,602,303.0,72.0,2743.0
1783932056.3,20321,32624,602,195.0,72.0,2625.0
1783932056.9,20321,32624,602,421.0,72.0,3199.0
1783932057.5,20321,32624,602,315.0,72.0,2775.0
1783932058.1,20321,32624,602,153.0,72.0,2646.0
1783932058.7,20321,32624,602,319.0,72.0,2828.0
1783932059.3,20321,32624,602,353.0,72.0,3065.0
1783932059.9,20321,32624,602,224.0,72.0,2708.0
1783932060.4,20321,32624,602,327.0,72.0,2952.0
1783932061.0,20321,32624,602,349.0,72.0,3083.0
1783932061.6,20321,32624,602,208.0,72.0,2722.0
1783932062.2,20321,32624,602,310.0,72.0,3098.0
1783932062.8,20321,32624,598,337.0,72.0,2913.0
1783932063.4,20321,32624,598,308.0,72.0,2760.0
1783932064.0,20321,32624,602,299.0,72.0,2767.0
1783932064.6,20321,32624,602,358.0,72.0,3182.0
1783932065.2,20321,32624,602,298.0,72.0,2733.0
1783932065.8,20321,32624,602,199.0,72.0,2714.0
1783932066.4,20321,32624,602,311.0,72.0,2840.0
1783932067.0,20321,32624,611,337.0,72.0,3171.0
1783932067.6,20321,32624,611,324.0,72.0,3247.0
1783932068.2,20321,32624,611,319.0,72.0,3272.0
1783932068.7,20321,32624,611,278.0,72.0,2680.0
1783932069.3,20321,32624,611,341.0,72.0,2889.0
1783932069.9,20321,32624,598,327.0,72.0,2941.0
1783932070.5,20321,32624,598,297.0,72.0,3281.0
1783932071.1,20339,32624,622,308.0,72.0,2792.0
1783932071.7,20339,32624,622,332.0,72.0,2732.0
1783932072.3,20378,32624,612,260.0,72.0,2783.0
1783932072.9,20390,32624,616,310.0,72.0,2756.0
1783932073.6,20456,32624,614,305.0,72.0,2709.0
1783932074.2,20468,32624,618,344.0,72.0,3142.0
1783932074.8,20446,32624,614,311.0,72.0,2786.0
1783932075.4,20446,32624,606,288.0,72.0,2687.0
1783932076.0,20423,32624,598,336.0,72.0,2667.0
1783932076.6,20423,32624,600,287.0,72.0,3003.0
1783932077.2,20419,32624,602,301.0,72.0,2763.0
1783932077.8,20432,32624,596,271.0,72.0,2971.0
1783932078.4,20422,32624,604,110.0,70.0,1739.0
1783932079.0,20422,32624,610,183.0,70.0,1724.0
1783932079.6,20414,32624,604,269.0,70.0,2505.0
1783932080.2,20414,32624,604,356.0,71.0,2670.0
1783932080.7,20397,32624,596,338.0,71.0,2900.0
1783932081.3,20397,32624,596,315.0,71.0,2763.0
1783932081.9,20383,32624,594,317.0,71.0,3278.0
1783932082.5,20383,32624,594,314.0,71.0,3114.0
1783932083.1,20361,32624,594,309.0,71.0,3116.0
1783932083.7,20357,32624,594,315.0,71.0,2700.0
1783932084.3,20357,32624,594,273.0,71.0,2787.0
1783932084.9,20357,32624,594,321.0,71.0,2834.0
1783932085.5,20357,32624,594,314.0,71.0,2769.0
1783932086.1,20353,32624,594,318.0,71.0,2680.0
1783932086.7,20353,32624,594,264.0,71.0,2812.0
1783932087.3,20353,32624,594,337.0,71.0,2907.0
1783932087.9,20353,32624,594,300.0,71.0,2745.0
1783932088.5,20353,32624,594,268.0,72.0,2502.0
1783932089.1,20353,32624,594,194.0,71.0,2727.0
1783932089.7,20353,32624,594,290.0,71.0,2730.0
1783932090.2,20353,32624,594,306.0,71.0,2755.0
1783932090.8,20353,32624,594,376.0,71.0,3050.0
1783932091.4,20353,32624,594,306.0,71.0,3261.0
1783932092.0,20353,32624,594,314.0,72.0,2784.0
1783932092.6,20354,32624,594,285.0,72.0,2651.0
1783932093.2,20354,32624,594,293.0,72.0,2715.0
1783932093.8,20360,32624,594,180.0,72.0,2938.0
1783932094.4,20360,32624,594,305.0,71.0,2784.0
1783932095.0,20362,32624,594,318.0,71.0,2812.0
1783932095.6,20399,32624,604,335.0,71.0,2880.0
1783932096.2,20396,32624,594,322.0,72.0,2791.0
1783932096.8,20406,32624,596,279.0,72.0,2734.0
1783932097.4,20402,32624,596,314.0,72.0,2781.0
1783932098.0,20400,32624,596,290.0,72.0,2724.0
1783932098.6,20402,32624,596,292.0,72.0,2701.0
1783932099.2,20411,32624,596,335.0,72.0,2717.0
1783932099.8,20411,32624,596,186.0,72.0,2757.0
1783932100.4,20409,32624,596,309.0,72.0,2760.0
1783932101.0,20407,32624,596,334.0,72.0,2914.0
1783932101.6,20421,32624,596,192.0,72.0,2852.0
1783932102.2,20419,32624,596,360.0,72.0,2911.0
1783932102.8,20418,32624,602,307.0,72.0,2962.0
1783932103.4,20420,32624,602,338.0,72.0,2900.0
1783932104.0,20420,32624,596,231.0,72.0,2653.0
1783932104.6,20420,32624,596,342.0,72.0,2963.0
1783932105.2,20416,32624,600,320.0,72.0,2803.0
1783932105.8,20414,32624,600,303.0,71.0,2764.0
1783932106.4,20406,32624,600,253.0,71.0,2814.0
1783932107.0,20401,32624,600,328.0,72.0,2841.0
1783932107.6,20392,32624,600,319.0,72.0,2785.0
1783932108.2,20392,32624,600,302.0,72.0,2771.0
1783932108.8,20414,32624,600,307.0,72.0,2786.0
1783932109.4,20414,32624,600,43.0,70.0,0.0
1783932110.0,20420,32624,600,297.0,70.0,2708.0
1783932110.6,20423,32624,596,314.0,71.0,2798.0
1783932111.2,20423,32624,596,297.0,71.0,2884.0
1783932111.8,20423,32624,596,334.0,71.0,3035.0
1783932112.4,20423,32624,596,367.0,71.0,3078.0
1783932113.0,20423,32624,596,171.0,71.0,3247.0
1783932113.6,20423,32624,596,239.0,71.0,3041.0
1783932114.2,20414,32624,596,315.0,71.0,2813.0
1783932114.7,20407,32624,596,295.0,71.0,2757.0
1783932115.3,20396,32624,594,311.0,71.0,2893.0
1783932115.9,20388,32624,592,302.0,71.0,3272.0
1783932116.5,20388,32624,592,295.0,71.0,3176.0
1783932117.1,20388,32624,592,311.0,71.0,3138.0
1783932117.7,20388,32624,592,174.0,71.0,2677.0
1783932118.3,20388,32624,592,364.0,71.0,3019.0
1783932118.9,20388,32624,592,360.0,71.0,2728.0
1783932119.5,20388,32624,592,267.0,71.0,2886.0
1783932120.1,20388,32624,592,313.0,71.0,2820.0
1783932120.7,20388,32624,592,328.0,71.0,2798.0
1783932121.3,20384,32624,592,308.0,71.0,2807.0
1783932121.9,20388,32624,594,298.0,71.0,2727.0
1783932122.5,20388,32624,594,280.0,71.0,2671.0
1783932123.1,20388,32624,594,342.0,71.0,2914.0
1783932123.7,20388,32624,594,317.0,71.0,3087.0
1783932124.2,20388,32624,594,278.0,71.0,2834.0
1783932124.8,20388,32624,594,313.0,71.0,2784.0
1783932125.4,20388,32624,594,267.0,71.0,2978.0
1783932126.0,20388,32624,594,317.0,71.0,2898.0
1783932126.6,20388,32624,594,292.0,71.0,2713.0
1783932127.2,20381,32624,592,300.0,71.0,3271.0
1783932127.8,20381,32624,592,349.0,71.0,2923.0
1783932128.4,20381,32624,592,297.0,71.0,2681.0
1783932129.0,20381,32624,592,311.0,71.0,2787.0
1783932129.6,20381,32624,592,347.0,71.0,2854.0
1783932130.2,20392,32624,592,369.0,71.0,2772.0
1783932130.8,20392,32624,592,286.0,71.0,2920.0
1783932131.4,20392,32624,592,306.0,71.0,2743.0
1783932132.0,20411,32624,594,319.0,71.0,2800.0
1783932132.6,20411,32624,594,279.0,71.0,2924.0
1783932133.1,20411,32624,594,322.0,71.0,2847.0
1783932133.7,20411,32624,594,300.0,71.0,2733.0
1783932134.3,20411,32624,594,345.0,71.0,2753.0
1783932134.9,20411,32624,594,362.0,71.0,2938.0
1783932135.5,20411,32624,594,305.0,71.0,2764.0
1783932136.1,20411,32624,594,333.0,71.0,2688.0
1783932136.7,20411,32624,594,276.0,71.0,2817.0
1783932137.3,20415,32624,594,318.0,71.0,2946.0
1783932137.9,20415,32624,594,313.0,71.0,2900.0
1783932138.5,20415,32624,594,321.0,71.0,3123.0
1783932139.1,20415,32624,594,310.0,72.0,3233.0
1783932139.7,20415,32624,594,305.0,71.0,2757.0
1783932140.3,20415,32624,594,258.0,72.0,2819.0
1783932140.9,20415,32624,594,353.0,72.0,2916.0
1783932141.5,20415,32624,594,297.0,72.0,2704.0
1783932142.1,20398,32624,592,296.0,71.0,2902.0
1783932142.7,20398,32624,592,311.0,72.0,2791.0
1783932143.3,20398,32624,592,409.0,72.0,3150.0
1783932143.9,20398,32624,592,306.0,71.0,2752.0
1783932144.5,20398,32624,592,313.0,72.0,2910.0
1783932145.1,20398,32624,592,366.0,72.0,3180.0
1783932145.6,20398,32624,592,319.0,72.0,2827.0
1783932146.2,20390,32624,592,321.0,71.0,2764.0
1783932146.8,20394,32624,596,270.0,72.0,2815.0
1783932147.4,20392,32624,598,322.0,71.0,2857.0
1783932148.0,20403,32624,598,329.0,71.0,2823.0
1783932148.6,20403,32624,598,243.0,72.0,2884.0
1783932149.2,20403,32624,598,364.0,72.0,3161.0
1783932149.8,20403,32624,598,347.0,71.0,2961.0
1783932150.4,20403,32624,598,327.0,72.0,2843.0
1783932151.0,20403,32624,598,289.0,72.0,3241.0
1783932151.6,20403,32624,598,291.0,72.0,3205.0
1783932152.2,20403,32624,596,344.0,71.0,2722.0
1783932152.8,20397,32624,596,261.0,72.0,2794.0
1783932153.4,20389,32624,594,302.0,72.0,2779.0
1783932154.0,20378,32624,594,308.0,72.0,2828.0
1783932154.6,20378,32624,594,325.0,71.0,2752.0
1783932155.2,20378,32624,594,318.0,71.0,2834.0
1783932155.8,20378,32624,594,306.0,72.0,2815.0
1783932156.4,20425,32624,600,307.0,71.0,2799.0
1783932157.0,20427,32624,596,306.0,72.0,2732.0
1783932157.6,20427,32624,596,277.0,72.0,2953.0
1783932158.2,20429,32624,602,341.0,72.0,2936.0
1783932158.8,20429,32624,596,307.0,72.0,3098.0
1783932159.4,20429,32624,598,354.0,71.0,2972.0
1783932160.0,20433,32624,600,301.0,71.0,3079.0
1783932160.5,20433,32624,600,321.0,72.0,3043.0
1783932161.1,20434,32624,602,330.0,71.0,3065.0
1783932161.7,20422,32624,602,370.0,71.0,3026.0
1783932162.3,20422,32624,600,353.0,72.0,2912.0
1783932162.9,20422,32624,600,340.0,72.0,3053.0
1783932163.5,20422,32624,600,320.0,72.0,2721.0
1783932164.1,20422,32624,600,326.0,71.0,3249.0
1783932164.7,20421,32624,596,310.0,72.0,2782.0
1783932165.3,20421,32624,596,311.0,71.0,2733.0
1783932165.9,20436,32624,594,293.0,72.0,2753.0
1783932166.5,20433,32624,596,207.0,72.0,2800.0
1783932167.1,20431,32624,598,285.0,72.0,3131.0
1783932167.7,20431,32624,598,307.0,72.0,2757.0
1783932168.3,20431,32624,598,303.0,72.0,3259.0
1783932168.9,20431,32624,598,339.0,72.0,2902.0
1783932169.5,20428,32624,600,310.0,72.0,2787.0
1783932170.1,20428,32624,600,326.0,72.0,2810.0
1783932170.7,20428,32624,600,306.0,72.0,3260.0
1783932171.3,20428,32624,594,326.0,72.0,3163.0
1783932171.9,20413,32624,594,271.0,72.0,2913.0
1783932172.5,20413,32624,594,350.0,72.0,3071.0
1783932173.1,20413,32624,594,214.0,72.0,3223.0
1783932173.7,20413,32624,594,374.0,72.0,3041.0
1783932174.2,20413,32624,594,306.0,72.0,2810.0
1783932174.8,20413,32624,594,156.0,72.0,2966.0
1783932175.4,20391,32624,594,387.0,72.0,3070.0
1783932176.0,20391,32624,594,313.0,72.0,2735.0
1783932176.6,20391,32624,594,259.0,72.0,2915.0
1783932177.2,20387,32624,594,203.0,72.0,2555.0
1783932177.8,20387,32624,594,326.0,72.0,3227.0
1783932178.4,20387,32624,594,298.0,72.0,3216.0
1783932179.0,20387,32624,594,312.0,72.0,2753.0
1783932179.6,20381,32624,594,287.0,72.0,2735.0
1783932180.2,20381,32624,594,420.0,72.0,3182.0
1783932180.8,20381,32624,594,317.0,72.0,2826.0
1783932181.4,20381,32624,594,310.0,72.0,2754.0
1783932182.0,20379,32624,594,326.0,72.0,3137.0
1783932182.6,20379,32624,594,376.0,72.0,3084.0
1783932183.2,20379,32624,594,299.0,72.0,3199.0
1783932183.8,20379,32624,594,344.0,72.0,2720.0
1783932184.4,20379,32624,594,264.0,72.0,2809.0
1783932185.0,20379,32624,594,342.0,72.0,2886.0
1783932185.5,20379,32624,594,308.0,71.0,2764.0
1783932186.1,20379,32624,594,297.0,72.0,3214.0
1783932186.7,20379,32624,594,293.0,72.0,2727.0
1783932187.3,20379,32624,594,314.0,72.0,2896.0
1783932187.9,20379,32624,594,311.0,72.0,2734.0
1783932188.5,20379,32624,594,221.0,72.0,2861.0
1783932189.1,20379,32624,594,327.0,72.0,2837.0
1783932189.7,20379,32624,594,311.0,72.0,2747.0
1783932190.3,20400,32624,610,316.0,72.0,2824.0
1783932190.9,20400,32624,610,338.0,72.0,3094.0
1783932191.5,20400,32624,610,315.0,72.0,2754.0
1783932192.1,20400,32624,610,306.0,72.0,2765.0
1783932192.7,20411,32624,604,310.0,72.0,2785.0
1783932193.3,20411,32624,604,284.0,72.0,3240.0
1783932193.9,20411,32624,604,302.0,72.0,3154.0
1783932194.5,20411,32624,604,337.0,72.0,2821.0
1783932195.1,20403,32624,592,319.0,72.0,2769.0
1783932195.6,20403,32624,592,336.0,72.0,2739.0
1783932196.2,20403,32624,592,295.0,72.0,3236.0
1783932196.8,20403,32624,592,304.0,72.0,2905.0
1783932197.4,20403,32624,592,254.0,72.0,2892.0
1783932198.0,20398,32624,594,227.0,72.0,2810.0
1783932198.6,20398,32624,594,349.0,72.0,2742.0
1783932199.2,20398,32624,594,286.0,72.0,2727.0
1783932199.8,20398,32624,594,279.0,72.0,2893.0
1783932200.4,20398,32624,594,370.0,72.0,3169.0
1783932201.0,20398,32624,594,315.0,72.0,2749.0
1783932201.6,20398,32624,594,285.0,72.0,3041.0
1783932202.2,20398,32624,594,328.0,71.0,2866.0
1783932202.8,20398,32624,594,311.0,72.0,2763.0
1783932203.4,20394,32624,594,316.0,72.0,2831.0
1783932204.0,20394,32624,594,286.0,72.0,3217.0
1783932204.6,20394,32624,594,303.0,72.0,2742.0
1783932205.2,20394,32624,594,316.0,72.0,2751.0
1783932205.8,20394,32624,594,253.0,72.0,2780.0
1783932206.3,20394,32624,594,131.0,72.0,2881.0
1783932206.9,20394,32624,594,313.0,72.0,2837.0
1783932207.5,20390,32624,594,306.0,72.0,2938.0
1783932208.1,20390,32624,594,349.0,72.0,2930.0
1783932208.7,20390,32624,594,315.0,72.0,2824.0
1783932209.3,20390,32624,594,311.0,72.0,2760.0
1783932209.9,20390,32624,594,327.0,72.0,2771.0
1783932210.5,20390,32624,594,44.0,71.0,0.0
1783932211.1,20390,32624,594,43.0,70.0,0.0
1783932211.7,20390,32624,594,300.0,71.0,3104.0
1783932212.3,20390,32624,594,299.0,71.0,2721.0
1783932212.9,20390,32624,594,213.0,71.0,2755.0
1783932213.5,20390,32624,594,375.0,71.0,3035.0
1783932214.1,20390,32624,594,313.0,71.0,3032.0
1783932214.7,20390,32624,594,319.0,71.0,2795.0
1783932215.3,20387,32624,594,334.0,72.0,2872.0
1783932215.9,20387,32624,594,288.0,71.0,3243.0
1783932216.5,20387,32624,594,296.0,71.0,2871.0
1783932217.0,20387,32624,594,389.0,71.0,3099.0
1783932217.6,20387,32624,594,346.0,71.0,3258.0
1783932218.2,20387,32624,594,334.0,71.0,2860.0
1783932218.8,20387,32624,594,295.0,71.0,2903.0
1783932219.4,20387,32624,594,294.0,71.0,2916.0
1783932220.0,20387,32624,594,328.0,71.0,2797.0
1783932220.6,20395,32624,594,177.0,71.0,2718.0
1783932221.2,20398,32624,596,331.0,71.0,2891.0
1783932221.8,20398,32624,596,313.0,71.0,2804.0
1783932222.4,20398,32624,596,277.0,71.0,2732.0
1783932223.0,20398,32624,596,330.0,71.0,2867.0
1783932223.6,20398,32624,596,279.0,72.0,2627.0
1783932224.2,20398,32624,596,390.0,71.0,3114.0
1783932224.8,20389,32624,594,310.0,71.0,3108.0
1783932225.4,20389,32624,594,316.0,71.0,2716.0
1783932225.9,20389,32624,594,287.0,71.0,2870.0
1783932226.5,20389,32624,594,319.0,71.0,2820.0
1783932227.1,20389,32624,594,301.0,71.0,2714.0
1783932227.7,20389,32624,594,241.0,71.0,2509.0
1783932228.3,20378,32624,594,217.0,71.0,2754.0
1783932228.9,20378,32624,594,279.0,71.0,2882.0
1783932229.5,20378,32624,594,322.0,71.0,2803.0
1783932230.1,20378,32624,594,336.0,71.0,2913.0
1783932230.7,20378,32624,594,318.0,71.0,2996.0
1783932231.3,20378,32624,594,292.0,71.0,2725.0
1783932231.9,20378,32624,594,292.0,71.0,3247.0
1783932232.5,20378,32624,594,232.0,72.0,2417.0
1783932233.1,20378,32624,594,325.0,71.0,2793.0
1783932233.7,20378,32624,594,312.0,71.0,2748.0
1783932234.3,20378,32624,594,249.0,71.0,3065.0
1783932234.9,20378,32624,594,322.0,71.0,2844.0
1783932235.5,20405,32624,596,275.0,71.0,2658.0
1783932236.1,20405,32624,596,43.0,70.0,0.0
1783932236.7,20405,32624,596,316.0,70.0,2798.0
1783932237.3,20405,32624,596,290.0,71.0,2735.0
1783932237.9,20405,32624,596,320.0,71.0,2873.0
1783932238.5,20405,32624,594,354.0,71.0,3006.0
1783932239.1,20405,32624,594,271.0,71.0,2643.0
1783932239.7,20405,32624,594,423.0,72.0,3141.0
1783932240.3,20397,32624,594,306.0,71.0,3057.0
1783932240.8,20397,32624,594,335.0,71.0,2864.0
1783932241.4,20378,32624,594,300.0,71.0,2744.0
1783932242.0,20382,32624,596,335.0,71.0,2888.0
1783932242.6,20382,32624,596,306.0,71.0,2793.0
1783932243.2,20380,32624,596,255.0,71.0,3145.0
1783932243.8,20380,32624,596,319.0,71.0,2823.0
1783932244.4,20380,32624,596,281.0,72.0,2987.0
1783932245.0,20380,32624,596,305.0,72.0,2724.0
1783932245.6,20380,32624,596,301.0,72.0,2733.0
1783932246.2,20380,32624,596,302.0,72.0,2954.0
1783932246.8,20380,32624,594,323.0,71.0,3166.0
1783932247.4,20380,32624,594,306.0,72.0,2747.0
1783932248.0,20380,32624,594,261.0,72.0,2761.0
1783932248.6,20380,32624,594,367.0,72.0,3166.0
1783932249.1,20380,32624,594,299.0,72.0,2741.0
1783932249.7,20378,32624,594,310.0,71.0,2700.0
1783932250.3,20378,32624,594,238.0,71.0,2723.0
1783932250.9,20378,32624,594,340.0,72.0,3096.0
1783932251.5,20378,32624,594,318.0,72.0,2821.0
1783932252.1,20378,32624,594,335.0,71.0,2891.0
1783932252.7,20376,32624,594,277.0,72.0,2956.0
1783932253.3,20376,32624,594,317.0,71.0,2756.0
1783932253.9,20396,32624,594,304.0,71.0,2739.0
1783932254.5,20396,32624,594,300.0,72.0,3259.0
1783932255.1,20396,32624,594,309.0,71.0,2636.0
1783932255.7,20396,32624,594,306.0,72.0,2921.0
1783932256.3,20396,32624,594,353.0,71.0,2941.0
1783932256.9,20394,32624,594,306.0,72.0,2752.0
1783932257.5,20394,32624,594,363.0,72.0,3006.0
1783932258.1,20394,32624,594,214.0,71.0,2642.0
1783932258.7,20394,32624,594,338.0,72.0,2854.0
1783932259.3,20394,32624,594,329.0,71.0,2848.0
1783932259.8,20376,32624,594,291.0,71.0,3256.0
1783932260.4,20376,32624,594,270.0,72.0,2858.0
1783932261.0,20376,32624,594,340.0,71.0,3066.0
1783932261.6,20376,32624,594,142.0,72.0,2642.0
1783932262.2,20376,32624,594,374.0,72.0,3174.0
1783932262.8,20376,32624,594,307.0,72.0,2733.0
1783932263.4,20376,32624,594,208.0,72.0,3286.0
1783932264.0,20376,32624,594,303.0,72.0,2764.0
1783932264.6,20376,32624,594,321.0,72.0,2815.0
1783932265.2,20376,32624,594,282.0,72.0,2737.0
1783932265.8,20376,32624,594,333.0,71.0,3222.0
1783932266.4,20376,32624,594,324.0,72.0,2824.0
1783932267.0,20376,32624,594,292.0,72.0,2693.0
1783932267.6,20413,32624,606,307.0,71.0,2865.0
1783932268.2,20417,32624,606,299.0,71.0,2705.0
1783932268.8,20429,32624,596,346.0,72.0,2911.0
1783932269.4,20429,32624,598,355.0,72.0,2991.0
1783932270.0,20429,32624,598,326.0,72.0,2780.0
1783932270.6,20429,32624,594,275.0,71.0,2925.0
1783932271.2,20425,32624,594,115.0,70.0,1707.0
1783932271.8,20425,32624,594,180.0,70.0,1696.0
1783932272.4,20428,32624,592,258.0,70.0,2350.0
1783932273.0,20424,32624,594,225.0,71.0,3068.0
1783932273.6,20397,32624,594,301.0,71.0,2760.0
1783932274.2,20397,32624,594,293.0,71.0,2909.0
1783932274.8,20402,32624,594,211.0,71.0,2971.0
1783932275.4,20402,32624,594,294.0,71.0,3264.0
1783932276.0,20402,32624,594,185.0,71.0,3212.0
1783932276.5,20402,32624,594,308.0,71.0,2954.0
1783932277.1,20402,32624,598,300.0,71.0,2720.0
1783932277.7,20400,32624,596,231.0,71.0,3040.0
1783932278.3,20400,32624,596,298.0,71.0,2736.0
1783932278.9,20400,32624,596,342.0,71.0,3089.0
1783932279.5,20391,32624,596,228.0,71.0,2350.0
1783932280.1,20391,32624,592,255.0,71.0,3275.0
1783932280.7,20391,32624,594,283.0,71.0,2845.0
1783932281.3,20390,32624,594,330.0,71.0,2852.0
1783932281.9,20390,32624,594,302.0,71.0,2725.0
1783932282.5,20390,32624,594,314.0,71.0,2819.0
1783932283.1,20390,32624,598,176.0,71.0,2708.0
1783932283.7,20390,32624,598,304.0,71.0,2925.0
1783932284.3,20386,32624,596,317.0,71.0,2785.0
1783932284.9,20386,32624,596,272.0,71.0,2871.0
1783932285.5,20386,32624,596,318.0,71.0,3159.0
1783932286.1,20386,32624,596,321.0,72.0,3175.0
1783932286.7,20386,32624,596,255.0,71.0,2869.0
1783932287.3,20393,32624,594,313.0,71.0,2765.0
1783932287.9,20393,32624,594,287.0,71.0,3007.0
1783932288.5,20391,32624,594,115.0,71.0,2865.0
1783932289.0,20388,32624,594,326.0,71.0,3271.0
1783932289.6,20388,32624,594,313.0,71.0,3191.0
1783932290.2,20388,32624,594,350.0,71.0,3031.0
1783932290.8,20388,32624,594,269.0,71.0,3239.0
1783932291.4,20388,32624,594,312.0,71.0,2950.0
1783932292.0,20388,32624,594,375.0,71.0,3102.0
1783932292.6,20380,32624,594,320.0,71.0,3280.0
1783932293.2,20377,32624,594,261.0,71.0,2634.0
1783932293.8,20377,32624,594,344.0,71.0,3226.0
1783932294.4,20377,32624,594,316.0,71.0,2788.0
1783932295.0,20377,32624,594,209.0,72.0,3275.0
1783932295.6,20377,32624,594,328.0,71.0,2812.0
1783932296.2,20377,32624,594,197.0,71.0,3246.0
1783932296.8,20377,32624,594,272.0,71.0,3013.0
1783932297.4,20377,32624,594,171.0,72.0,2877.0
1783932298.0,20377,32624,594,273.0,72.0,3257.0
1783932298.6,20372,32624,592,302.0,72.0,2777.0
1783932299.2,20372,32624,592,308.0,72.0,2755.0
1783932299.8,20372,32624,594,315.0,71.0,3086.0
1783932300.4,20372,32624,594,318.0,71.0,3278.0
1783932301.0,20372,32624,594,323.0,72.0,3151.0
1783932301.6,20379,32624,596,277.0,71.0,2773.0
1783932302.2,20379,32624,596,328.0,71.0,3072.0
1783932302.8,20379,32624,596,317.0,72.0,2653.0
1783932303.4,20379,32624,596,142.0,72.0,2721.0
1783932304.0,20379,32624,596,299.0,72.0,2699.0
1783932304.6,20379,32624,596,321.0,72.0,2755.0
1783932305.1,20379,32624,596,312.0,72.0,3081.0
1783932305.7,20379,32624,596,218.0,72.0,2951.0
1783932306.3,20379,32624,596,368.0,72.0,3035.0
1783932306.9,20379,32624,596,300.0,72.0,2710.0
1783932307.5,20379,32624,594,258.0,72.0,2785.0
1783932308.1,20391,32624,596,314.0,72.0,3274.0
1783932308.7,20391,32624,596,366.0,72.0,3176.0
1783932309.3,20391,32624,596,306.0,71.0,2820.0
1783932309.9,20391,32624,596,193.0,72.0,2741.0
1783932310.5,20391,32624,596,326.0,72.0,2864.0
1783932311.1,20391,32624,596,311.0,72.0,2756.0
1783932311.7,20391,32624,596,291.0,71.0,3249.0
1783932312.3,20391,32624,596,183.0,71.0,2724.0
1783932312.9,20388,32624,594,292.0,71.0,2716.0
1783932313.5,20388,32624,594,224.0,72.0,2570.0
1783932314.1,20388,32624,594,276.0,71.0,2974.0
1783932314.7,20388,32624,594,326.0,71.0,2716.0
1783932315.3,20388,32624,594,247.0,71.0,2731.0
1783932315.9,20380,32624,598,310.0,72.0,2789.0
1783932316.5,20380,32624,598,320.0,72.0,2801.0
1783932317.1,20380,32624,598,292.0,71.0,2722.0
1783932317.7,20380,32624,598,233.0,72.0,2794.0
1783932318.2,20380,32624,598,335.0,71.0,3047.0
1783932318.8,20380,32624,594,280.0,71.0,2681.0
1783932319.4,20380,32624,594,165.0,71.0,2559.0
1783932320.0,20380,32624,594,363.0,72.0,2931.0
1783932320.6,20380,32624,594,368.0,71.0,3071.0
1783932321.2,20378,32624,594,297.0,71.0,2706.0
1783932321.8,20383,32624,594,349.0,72.0,2713.0
1783932322.4,20383,32624,594,333.0,72.0,3086.0
1783932323.0,20391,32624,594,312.0,71.0,2804.0
1783932323.6,20391,32624,594,268.0,72.0,2876.0
1783932324.2,20391,32624,594,327.0,72.0,2980.0
1783932324.8,20403,32624,600,236.0,71.0,2878.0
1783932325.4,20433,32624,604,381.0,71.0,3052.0
1783932326.0,20416,32624,602,334.0,71.0,2885.0
1783932326.6,20416,32624,600,252.0,71.0,3137.0
1783932327.2,20416,32624,600,311.0,71.0,2806.0
1783932327.8,20438,32624,600,312.0,71.0,2762.0
1783932328.4,20434,32624,600,312.0,71.0,2758.0
1783932329.0,20434,32624,600,321.0,71.0,2841.0
1783932329.6,20434,32624,600,205.0,71.0,2707.0
1783932330.2,20434,32624,598,387.0,72.0,3008.0
1783932330.8,20424,32624,600,358.0,72.0,3002.0
1783932331.4,20452,32624,618,283.0,72.0,2930.0
1783932332.0,20436,32624,618,327.0,72.0,2920.0
1783932332.6,20438,32624,600,189.0,72.0,2771.0
1783932333.2,20444,32624,610,268.0,71.0,3085.0
1783932333.9,20446,32624,604,311.0,71.0,2769.0
1783932334.5,20458,32624,604,349.0,71.0,3228.0
1783932335.1,20458,32624,604,274.0,72.0,3243.0
1783932335.7,20458,32624,604,324.0,71.0,3278.0
1783932336.3,20458,32624,598,331.0,72.0,3173.0
1783932336.9,20454,32624,596,211.0,72.0,3249.0
1783932337.5,20454,32624,596,197.0,69.0,2684.0
1783932338.1,20451,32624,596,324.0,71.0,2881.0
1783932338.7,20451,32624,596,289.0,71.0,2750.0
1783932339.3,20438,32624,594,368.0,71.0,3036.0
1783932339.9,20424,32624,596,336.0,71.0,2727.0
1783932340.5,20424,32624,596,351.0,71.0,2987.0
1783932341.1,20424,32624,594,310.0,71.0,2779.0
1783932341.7,20424,32624,594,304.0,71.0,3216.0
1783932342.3,20439,32624,600,313.0,71.0,3189.0
1783932342.9,20439,32624,598,323.0,71.0,2858.0
1783932343.5,20439,32624,598,277.0,71.0,2906.0
1783932344.1,20439,32624,596,335.0,71.0,2719.0
1783932344.6,20439,32624,596,295.0,72.0,2728.0
1783932345.2,20437,32624,594,316.0,72.0,2763.0
1783932345.8,20437,32624,594,300.0,71.0,2748.0
1783932346.4,20437,32624,594,321.0,71.0,3216.0
1783932347.0,20434,32624,594,314.0,71.0,3248.0
1783932347.6,20405,32624,594,361.0,72.0,2881.0
1783932348.2,20405,32624,594,309.0,71.0,3098.0
1783932348.8,20405,32624,594,339.0,71.0,3081.0
1783932349.4,20401,32624,594,323.0,71.0,2737.0
1783932350.0,20401,32624,594,350.0,72.0,2892.0
1783932350.6,20401,32624,594,351.0,71.0,3094.0
1783932351.2,20401,32624,594,324.0,72.0,3188.0
1783932351.8,20423,32624,598,312.0,71.0,2663.0
1783932352.4,20423,32624,598,276.0,71.0,2868.0
1783932353.0,20425,32624,596,314.0,71.0,2911.0
1783932353.6,20425,32624,596,299.0,71.0,2713.0
1783932354.2,20425,32624,596,204.0,72.0,3028.0
1783932354.8,20425,32624,596,319.0,71.0,3192.0
1783932355.4,20425,32624,596,304.0,71.0,3265.0
1783932356.0,20422,32624,596,298.0,72.0,3139.0
1783932356.5,20422,32624,596,332.0,71.0,2739.0
1783932357.1,20422,32624,596,285.0,71.0,2973.0
1783932357.7,20422,32624,596,357.0,71.0,2995.0
1783932358.4,20418,32624,596,372.0,72.0,3051.0
1783932358.9,20418,32624,596,308.0,71.0,3280.0
1783932359.5,20418,32624,596,320.0,71.0,3023.0
1783932360.1,20415,32624,594,327.0,71.0,3215.0
1783932360.7,20415,32624,594,307.0,72.0,3236.0
1783932361.3,20415,32624,594,284.0,71.0,3240.0
1783932361.9,20415,32624,594,320.0,71.0,2857.0
1783932362.5,20415,32624,594,315.0,72.0,3108.0
1783932363.1,20415,32624,594,328.0,71.0,3226.0
1783932363.7,20409,32624,594,314.0,71.0,3253.0
1783932364.3,20409,32624,594,311.0,72.0,3112.0
1783932364.9,20405,32624,594,360.0,71.0,3007.0
1783932365.5,20405,32624,594,307.0,71.0,3264.0
1783932366.1,20405,32624,594,374.0,71.0,3204.0
1783932366.7,20436,32624,608,312.0,71.0,2910.0
1783932367.3,20436,32624,608,369.0,72.0,3078.0
1783932367.9,20436,32624,608,330.0,71.0,2691.0
1783932368.5,20436,32624,608,155.0,71.0,2731.0
1783932369.1,20436,32624,596,237.0,71.0,2745.0
1783932369.7,20436,32624,596,314.0,71.0,2776.0
1783932370.3,20438,32624,606,319.0,72.0,3166.0
1783932370.9,20438,32624,606,335.0,71.0,2874.0
1783932371.5,20438,32624,606,292.0,71.0,2770.0
1783932372.1,20434,32624,604,288.0,71.0,2828.0
1783932372.7,20434,32624,600,245.0,71.0,3276.0
1783932373.3,20388,32624,596,329.0,71.0,3222.0
1783932373.9,20392,32624,600,265.0,72.0,3034.0
1783932374.4,20392,32624,600,313.0,71.0,2778.0
1783932375.0,20392,32624,598,362.0,71.0,3007.0
1783932375.6,20392,32624,598,335.0,72.0,3051.0
1783932376.2,20392,32624,596,310.0,71.0,2981.0
1783932376.8,20390,32624,602,310.0,71.0,2745.0
1783932377.4,20390,32624,602,323.0,71.0,3146.0
1783932378.0,20390,32624,602,168.0,72.0,2976.0
1783932378.6,20387,32624,596,374.0,72.0,3220.0
1783932379.2,20387,32624,596,308.0,72.0,2735.0
1783932379.8,20387,32624,596,183.0,71.0,2655.0
1783932380.4,20387,32624,596,369.0,71.0,3020.0
1783932381.0,20387,32624,596,312.0,72.0,3274.0
1783932381.6,20387,32624,596,250.0,72.0,2692.0
1783932382.2,20387,32624,596,320.0,72.0,2812.0
1783932382.8,20377,32624,596,328.0,72.0,2766.0
1783932383.4,20377,32624,596,341.0,71.0,2755.0
1783932383.9,20377,32624,596,234.0,71.0,2949.0
1783932384.5,20365,32624,596,302.0,72.0,3271.0
1783932385.1,20365,32624,596,369.0,72.0,3019.0
1783932385.7,20365,32624,596,249.0,72.0,2822.0
1783932386.3,20370,32624,596,320.0,72.0,3159.0
1783932386.9,20370,32624,596,288.0,72.0,3250.0
1783932387.5,20424,32624,604,273.0,72.0,3261.0
1783932388.1,20439,32624,604,279.0,72.0,2972.0
1783932388.7,20439,32624,604,383.0,72.0,3066.0
1783932389.3,20439,32624,604,273.0,72.0,2888.0
1783932389.9,20439,32624,604,319.0,72.0,3111.0
1783932390.5,20429,32624,596,320.0,72.0,3165.0
1783932391.1,20426,32624,596,292.0,72.0,3071.0
1783932391.7,20418,32624,598,310.0,72.0,2783.0
1783932392.3,20418,32624,598,323.0,72.0,3246.0
1783932392.9,20424,32624,598,367.0,72.0,2744.0
1783932393.5,20415,32624,598,304.0,72.0,2752.0
1783932394.1,20415,32624,598,317.0,71.0,2689.0
1783932394.7,20408,32624,596,209.0,71.0,2779.0
1783932395.3,20408,32624,598,316.0,71.0,2788.0
1783932395.9,20424,32624,600,340.0,71.0,2894.0
1783932396.5,20429,32624,618,354.0,72.0,2759.0
1783932397.1,20458,32624,616,296.0,71.0,2555.0
1783932397.7,20470,32624,598,399.0,71.0,3162.0
1783932398.3,20462,32624,606,400.0,71.0,3160.0
1783932398.9,20468,32624,604,174.0,71.0,3196.0
1783932399.5,20471,32624,612,315.0,71.0,3270.0
1783932400.1,20471,32624,612,310.0,71.0,2757.0
1783932400.7,20471,32624,612,122.0,72.0,2678.0
1783932401.3,20471,32624,612,284.0,72.0,3248.0
1783932401.9,20471,32624,592,316.0,72.0,3258.0
1783932402.5,20471,32624,598,381.0,71.0,3141.0
1783932403.1,20467,32624,598,353.0,71.0,2964.0
1783932403.7,20462,32624,596,359.0,72.0,2720.0
1783932404.3,20474,32624,610,371.0,72.0,3075.0
1783932404.9,20449,32624,600,307.0,71.0,3277.0
1783932405.5,20449,32624,600,181.0,72.0,3207.0
1783932406.1,20449,32624,600,334.0,71.0,2864.0
1783932406.7,20449,32624,600,311.0,71.0,2749.0
1783932407.3,20449,32624,600,318.0,72.0,2951.0
1783932407.9,20447,32624,596,172.0,72.0,3173.0
1783932408.5,20447,32624,600,216.0,72.0,3268.0
1783932409.1,20447,32624,600,354.0,71.0,2987.0
1783932409.7,20447,32624,600,324.0,71.0,2730.0
1783932410.3,20426,32624,596,408.0,72.0,3098.0
1783932410.9,20426,32624,596,348.0,71.0,3101.0
1783932411.5,20426,32624,596,328.0,71.0,2869.0
1783932412.1,20426,32624,596,306.0,71.0,2940.0
1783932412.7,20418,32624,596,308.0,71.0,2927.0
1783932413.3,20418,32624,596,324.0,71.0,2954.0
1783932413.9,20429,32624,610,305.0,71.0,3266.0
1783932414.5,20429,32624,610,175.0,71.0,2993.0
1783932415.1,20502,32624,602,294.0,72.0,3184.0
1783932415.7,20514,32624,612,340.0,72.0,3245.0
1783932416.3,20514,32624,604,144.0,72.0,3109.0
1783932416.9,20514,32624,598,322.0,72.0,2987.0
1783932417.5,20509,32624,600,301.0,72.0,3083.0
1783932418.1,20509,32624,600,419.0,72.0,3166.0
1783932418.7,20509,32624,600,358.0,71.0,3138.0
1783932419.3,20509,32624,600,316.0,72.0,2751.0
1783932419.9,20509,32624,600,319.0,72.0,2818.0
1783932420.5,20477,32624,600,367.0,72.0,3171.0
1783932421.1,20475,32624,600,370.0,72.0,2955.0
1783932421.7,20475,32624,600,327.0,72.0,2959.0
1783932422.2,20475,32624,600,320.0,72.0,3191.0
1783932422.8,20475,32624,600,278.0,72.0,2937.0
1783932423.4,20471,32624,598,277.0,72.0,2730.0
1783932424.0,20471,32624,598,366.0,72.0,3024.0
1783932424.6,20471,32624,598,289.0,71.0,3266.0
1783932425.2,20471,32624,598,282.0,71.0,2921.0
1783932425.8,20471,32624,598,324.0,71.0,3153.0
1783932426.4,20471,32624,598,368.0,71.0,2735.0
1783932427.0,20471,32624,598,335.0,71.0,2861.0
1783932427.6,20471,32624,598,304.0,72.0,2677.0
1783932428.2,20471,32624,598,359.0,71.0,3144.0
1783932428.8,20471,32624,598,310.0,72.0,2742.0
1783932429.4,20471,32624,598,321.0,71.0,2901.0
1783932430.0,20463,32624,598,175.0,71.0,2618.0
1783932430.6,20463,32624,598,319.0,71.0,2989.0
1783932431.2,20463,32624,598,314.0,72.0,2925.0
1783932431.8,20463,32624,598,357.0,72.0,2981.0
1783932432.4,20463,32624,598,319.0,71.0,2757.0
1783932433.0,20460,32624,598,330.0,72.0,3229.0
1783932433.6,20465,32624,600,290.0,71.0,2730.0
1783932434.2,20465,32624,600,206.0,71.0,2867.0
1783932434.7,20465,32624,600,348.0,71.0,2663.0
1783932435.3,20465,32624,600,322.0,71.0,3026.0
1783932435.9,20465,32624,600,302.0,71.0,3254.0
1783932436.5,20465,32624,600,283.0,71.0,2916.0
1783932437.1,20465,32624,600,295.0,71.0,3238.0
1783932437.7,20465,32624,600,310.0,71.0,3082.0
1783932438.3,20465,32624,600,303.0,71.0,3190.0
1783932438.9,20460,32624,598,287.0,71.0,2973.0
1783932439.5,20460,32624,598,342.0,71.0,3252.0
1783932440.1,20460,32624,598,317.0,71.0,2769.0
1783932440.7,20460,32624,598,315.0,71.0,3261.0
1783932441.3,20460,32624,598,287.0,71.0,2699.0
1783932441.9,20460,32624,598,143.0,72.0,3141.0
1783932442.4,20460,32624,598,281.0,71.0,3208.0
1783932443.0,20460,32624,598,351.0,72.0,3194.0
1783932443.6,20460,32624,598,361.0,71.0,3020.0
1783932444.2,20460,32624,598,302.0,71.0,2928.0
1783932444.8,20460,32624,598,316.0,72.0,2928.0
1783932445.4,20454,32624,600,300.0,72.0,2697.0
1783932446.0,20454,32624,600,309.0,72.0,2884.0
1783932446.6,20455,32624,602,316.0,72.0,3263.0
1783932447.2,20465,32624,604,308.0,72.0,3268.0
1783932447.8,20465,32624,606,256.0,71.0,2753.0
1783932448.4,20465,32624,598,335.0,72.0,2955.0
1783932449.0,20466,32624,602,184.0,72.0,2910.0
1783932449.6,20466,32624,602,318.0,72.0,2816.0
1783932450.2,20466,32624,602,380.0,72.0,3188.0
1783932450.8,20466,32624,600,301.0,71.0,3262.0
1783932451.4,20466,32624,598,297.0,71.0,3269.0
1783932452.0,20466,32624,598,370.0,71.0,3220.0
1783932452.6,20470,32624,602,331.0,72.0,3042.0
1783932453.2,20478,32624,606,237.0,72.0,2761.0
1783932453.8,20474,32624,606,310.0,71.0,3276.0
1783932454.4,20474,32624,600,306.0,72.0,3265.0
1783932455.0,20470,32624,600,197.0,72.0,3279.0
1783932455.6,20470,32624,600,390.0,71.0,3113.0
1783932456.2,20470,32624,600,319.0,71.0,2784.0
1783932456.8,20470,32624,600,309.0,71.0,2756.0
1783932457.4,20466,32624,598,284.0,71.0,2793.0
1783932458.0,20466,32624,598,290.0,71.0,2780.0
1783932458.6,20457,32624,598,277.0,71.0,2677.0
1783932459.1,20468,32624,604,312.0,71.0,3106.0
1783932459.7,20468,32624,604,297.0,71.0,2719.0
1783932460.3,20468,32624,600,299.0,71.0,3280.0
1783932460.9,20464,32624,600,298.0,71.0,2669.0
1783932461.5,20464,32624,600,349.0,71.0,2999.0
1783932462.1,20462,32624,600,351.0,71.0,3246.0
1783932462.7,20462,32624,598,215.0,71.0,2754.0
1783932463.3,20462,32624,602,354.0,71.0,2838.0
1783932463.9,20462,32624,600,133.0,71.0,2900.0
1783932464.5,20462,32624,598,336.0,71.0,2848.0
1783932465.1,20457,32624,602,290.0,71.0,2738.0
1783932465.7,20458,32624,602,241.0,71.0,2778.0
1783932466.3,20458,32624,602,283.0,71.0,3247.0
1783932466.9,20458,32624,600,308.0,71.0,2799.0
1783932467.5,20458,32624,600,161.0,71.0,2916.0
1783932468.1,20458,32624,600,310.0,71.0,2765.0
1783932468.7,20458,32624,600,334.0,71.0,2933.0
1783932469.3,20458,32624,600,268.0,71.0,2543.0
1783932469.8,20458,32624,598,303.0,71.0,2741.0
1783932470.4,20466,32624,602,178.0,71.0,2862.0
1783932471.0,20466,32624,600,207.0,71.0,2846.0
1783932471.6,20462,32624,596,339.0,71.0,2962.0
1783932472.2,20462,32624,596,297.0,71.0,3184.0
1783932472.8,20461,32624,596,291.0,71.0,2698.0
1783932473.4,20453,32624,596,298.0,71.0,2765.0
1783932474.0,20453,32624,596,183.0,71.0,2686.0
1783932474.6,20452,32624,598,371.0,71.0,3146.0
1783932475.2,20461,32624,602,301.0,71.0,2700.0
1783932475.8,20461,32624,602,327.0,71.0,2765.0
1783932476.4,20461,32624,598,328.0,71.0,2795.0
1783932477.0,20461,32624,600,245.0,71.0,3181.0
1783932477.6,20461,32624,600,381.0,71.0,3092.0
1783932478.2,20462,32624,598,301.0,71.0,3093.0
1783932478.8,20462,32624,598,299.0,71.0,3247.0
1783932479.3,20460,32624,598,314.0,71.0,2712.0
1783932479.9,20462,32624,598,347.0,71.0,2964.0
1783932480.5,20457,32624,598,318.0,71.0,3253.0
1783932481.1,20451,32624,598,319.0,71.0,2766.0
1783932481.7,20447,32624,598,299.0,71.0,2789.0
1783932482.3,20459,32624,604,306.0,71.0,2768.0
1783932482.9,20460,32624,604,301.0,71.0,2715.0
1783932483.5,20460,32624,604,299.0,71.0,2785.0
1783932484.1,20460,32624,604,343.0,71.0,2855.0
1783932484.7,20468,32624,606,319.0,71.0,2825.0
1783932485.3,20468,32624,606,316.0,71.0,2867.0
1783932485.9,20466,32624,602,324.0,71.0,2866.0
1783932486.5,20466,32624,602,318.0,71.0,2776.0
1783932487.1,20466,32624,602,34.0,70.0,0.0
1783932487.7,20485,32624,598,292.0,70.0,3041.0
1783932488.3,20485,32624,598,339.0,71.0,2907.0
1783932488.8,20485,32624,598,313.0,71.0,2750.0
1783932489.4,20485,32624,598,327.0,71.0,2769.0
1783932490.0,20485,32624,598,248.0,71.0,2897.0
1783932490.6,20477,32624,598,415.0,71.0,3169.0
1783932491.2,20477,32624,598,295.0,71.0,2721.0
1783932491.8,20477,32624,598,240.0,71.0,2662.0
1783932492.4,20477,32624,598,300.0,71.0,2747.0
1783932493.0,20477,32624,598,303.0,71.0,2845.0
1783932493.6,20477,32624,598,321.0,71.0,2827.0
1783932494.2,20477,32624,598,252.0,71.0,3056.0
1783932494.8,20477,32624,598,344.0,71.0,3171.0
1783932495.3,20477,32624,598,326.0,71.0,2812.0
1783932495.9,20477,32624,598,340.0,71.0,2901.0
1783932496.5,20477,32624,598,292.0,71.0,2699.0
1783932497.1,20477,32624,598,307.0,71.0,2733.0
1783932497.7,20486,32624,602,229.0,71.0,3189.0
1783932498.3,20486,32624,600,342.0,71.0,3098.0
1783932498.9,20486,32624,598,259.0,71.0,2827.0
1783932499.5,20487,32624,600,279.0,71.0,2888.0
1783932500.1,20487,32624,600,310.0,71.0,3078.0
1783932500.7,20483,32624,602,295.0,71.0,3206.0
1783932501.3,20481,32624,602,161.0,71.0,2846.0
1783932501.9,20481,32624,604,373.0,71.0,3057.0
1783932502.5,20481,32624,604,303.0,71.0,2749.0
1783932503.1,20481,32624,600,315.0,71.0,2802.0
1783932503.7,20474,32624,602,405.0,71.0,3147.0
1783932504.3,20484,32624,604,316.0,71.0,3048.0
1783932504.9,20484,32624,602,389.0,71.0,3102.0
1783932505.5,20484,32624,602,318.0,71.0,3134.0
1783932506.1,20484,32624,602,314.0,71.0,2749.0
1783932506.6,20478,32624,602,269.0,71.0,2841.0
1783932507.2,20478,32624,602,326.0,71.0,2908.0
1783932507.8,20478,32624,602,304.0,71.0,2727.0
1783932508.4,20478,32624,602,301.0,71.0,3146.0
1783932509.0,20484,32624,604,320.0,71.0,2813.0
1783932509.6,20482,32624,604,305.0,71.0,2770.0
1783932510.2,20482,32624,604,311.0,71.0,3076.0
1783932510.8,20482,32624,604,370.0,71.0,3020.0
1783932511.4,20482,32624,604,324.0,71.0,2966.0
1783932512.0,20482,32624,600,225.0,71.0,2880.0
1783932512.6,20482,32624,600,317.0,71.0,2800.0
1783932513.1,20482,32624,600,289.0,71.0,2712.0
1783932513.7,20482,32624,600,287.0,71.0,2694.0
1783932514.3,20474,32624,600,325.0,71.0,2850.0
1783932514.9,20474,32624,600,334.0,71.0,2869.0
1783932515.5,20474,32624,600,282.0,71.0,3078.0
1783932516.1,20474,32624,600,338.0,71.0,2892.0
1783932516.7,20474,32624,600,303.0,71.0,2837.0
1783932517.3,20474,32624,600,340.0,71.0,2992.0
1783932517.9,20470,32624,602,322.0,71.0,3197.0
1783932518.5,20470,32624,602,316.0,71.0,3118.0
1783932519.1,20470,32624,602,198.0,71.0,3056.0
1783932519.6,20470,32624,602,289.0,71.0,2728.0
1783932520.2,20470,32624,602,384.0,71.0,3128.0
1783932520.8,20470,32624,602,305.0,71.0,2751.0
1783932521.4,20470,32624,602,305.0,71.0,2774.0
1783932522.0,20470,32624,602,334.0,71.0,3181.0
1783932522.6,20464,32624,602,311.0,71.0,2946.0
1783932523.2,20464,32624,602,323.0,71.0,3001.0
1783932523.8,20464,32624,602,306.0,71.0,3012.0
1783932524.4,20464,32624,602,298.0,71.0,3266.0
1783932525.0,20464,32624,602,165.0,71.0,2862.0
1783932525.6,20464,32624,602,193.0,71.0,3010.0
1783932526.1,20464,32624,602,293.0,71.0,2948.0
1783932526.7,20464,32624,602,301.0,71.0,2763.0
1783932527.3,20464,32624,602,266.0,71.0,3209.0
1783932527.9,20464,32624,602,375.0,71.0,3073.0
1783932528.5,20465,32624,602,191.0,71.0,3277.0
1783932529.1,20488,32624,606,233.0,71.0,3094.0
1783932529.7,20490,32624,602,305.0,71.0,3245.0
1783932530.3,20492,32624,604,188.0,71.0,2710.0
1783932530.9,20494,32624,618,247.0,71.0,2631.0
1783932531.5,20494,32624,606,245.0,71.0,2739.0
1783932532.1,20490,32624,606,321.0,71.0,2845.0
1783932532.7,20490,32624,604,317.0,71.0,2806.0
1783932533.3,20490,32624,602,325.0,71.0,2837.0
1783932533.9,20488,32624,602,275.0,71.0,2759.0
1783932534.5,20488,32624,602,184.0,71.0,2759.0
1783932535.1,20488,32624,602,235.0,71.0,2819.0
1783932535.7,20488,32624,602,320.0,71.0,2931.0
1783932536.3,20488,32624,602,306.0,71.0,2788.0
1783932536.9,20488,32624,604,304.0,71.0,2746.0
1783932537.5,20488,32624,604,199.0,71.0,2543.0
1783932538.1,20484,32624,604,230.0,71.0,2674.0
1783932538.7,20484,32624,604,220.0,71.0,2902.0
1783932539.3,20484,32624,600,329.0,71.0,2833.0
1783932539.9,20483,32624,600,305.0,71.0,2828.0
1783932540.5,20483,32624,600,305.0,71.0,3225.0
1783932541.1,20475,32624,600,288.0,71.0,3207.0
1783932541.7,20475,32624,600,250.0,71.0,3089.0
1783932542.2,20475,32624,600,290.0,71.0,3253.0
1783932542.9,16479,32624,96,115.0,70.0,3214.0
1783932543.5,857,32624,96,28.0,69.0,0.0
1783932544.1,844,32624,80,15.0,67.0,0.0
1783932544.6,844,32624,80,16.0,67.0,0.0
1783932545.2,844,32624,80,21.0,66.0,41.0
1783932545.8,844,32624,80,16.0,66.0,0.0
1783932546.4,855,32624,80,33.0,66.0,0.0
1783932547.0,855,32624,80,16.0,65.0,0.0
1783932547.6,855,32624,80,15.0,65.0,0.0
1783932548.2,866,32624,94,38.0,65.0,110.0
1783932548.8,866,32624,86,16.0,64.0,0.0
1783932549.4,868,32624,84,16.0,64.0,0.0
1783932550.0,868,32624,84,16.0,63.0,0.0
1783932550.6,868,32624,84,15.0,63.0,0.0
1783932551.2,868,32624,84,14.0,63.0,0.0
1783932551.8,868,32624,84,16.0,62.0,0.0
1783932552.4,889,32624,98,16.0,62.0,0.0
1783932553.0,869,32624,86,37.0,62.0,1721.0
1783932553.6,896,32624,106,35.0,62.0,38.0
1783932554.2,902,32624,104,35.0,61.0,97.0
1783932554.7,919,32624,98,15.0,61.0,0.0
1783932555.3,921,32624,94,15.0,60.0,0.0
1783932555.9,921,32624,94,16.0,60.0,0.0
1783932556.5,921,32624,82,15.0,60.0,0.0
1783932557.1,909,32624,86,31.0,60.0,26.0
1783932557.7,907,32624,86,23.0,60.0,33.0
1783932558.3,907,32624,86,24.0,59.0,89.0
1783932559.0,917,32624,80,38.0,59.0,1190.0
1783932559.6,919,32624,80,15.0,59.0,0.0
1783932560.2,920,32624,82,20.0,58.0,45.0
1783932560.8,920,32624,82,15.0,58.0,0.0
1783932561.4,918,32624,82,25.0,58.0,1512.0
1783932562.0,918,32624,82,20.0,57.0,20.0
1783932562.6,918,32624,82,15.0,57.0,0.0
1783932563.2,918,32624,82,15.0,57.0,0.0
1783932563.7,918,32624,82,14.0,57.0,0.0
1783932564.3,915,32624,82,24.0,56.0,140.0
1783932564.9,910,32624,82,33.0,57.0,11.0
1783932565.6,924,32624,88,34.0,56.0,87.0
1783932566.1,926,32624,88,16.0,56.0,0.0
1783932566.7,926,32624,80,15.0,56.0,0.0
1783932567.4,16546,32624,80,28.0,56.0,0.0
1783932568.0,16539,32624,80,21.0,56.0,0.0
1783932568.6,16507,32624,100,37.0,56.0,122.0
1783932569.2,16482,32624,94,27.0,55.0,106.0
1783932569.8,16493,32624,94,36.0,55.0,1379.0
1783932570.4,16497,32624,84,20.0,55.0,0.0
1783932571.0,16486,32624,76,21.0,54.0,0.0
1783932571.6,20463,32624,508,42.0,55.0,0.0
1783932572.2,20466,32624,511,27.0,54.0,0.0
1783932572.8,20475,32624,581,103.0,55.0,153.0
1783932573.3,20475,32624,583,168.0,56.0,1796.0
1783932574.0,20484,32624,603,184.0,57.0,2643.0
1783932574.6,20438,32624,601,342.0,57.0,3014.0
1783932575.2,20450,32624,589,248.0,58.0,3060.0
1783932575.8,20450,32624,601,310.0,59.0,2904.0
1783932576.4,20451,32624,607,164.0,59.0,3042.0
1783932577.0,20441,32624,607,286.0,60.0,3294.0
1783932577.6,20441,32624,607,334.0,60.0,2924.0
1783932578.2,20443,32624,591,206.0,60.0,2811.0
1783932578.8,20441,32624,589,288.0,60.0,3303.0
1783932579.4,20442,32624,583,276.0,60.0,2968.0
1783932580.0,20444,32624,587,363.0,60.0,3107.0
1783932580.6,20449,32624,585,295.0,61.0,2795.0
1783932581.2,20428,32624,583,264.0,61.0,2995.0
1783932581.8,20428,32624,583,252.0,61.0,2871.0
1783932582.4,20418,32624,585,114.0,61.0,3192.0
1783932583.0,20418,32624,585,317.0,62.0,2828.0
1783932583.6,20418,32624,581,336.0,62.0,3090.0
1783932584.2,20424,32624,585,337.0,62.0,2731.0
1783932584.8,20424,32624,585,314.0,62.0,3188.0
1783932585.4,20424,32624,585,298.0,62.0,2853.0
1783932586.0,20415,32624,585,278.0,62.0,2814.0
1783932586.6,20415,32624,585,261.0,63.0,3214.0
1783932587.2,20411,32624,585,380.0,63.0,3122.0
1783932587.8,20411,32624,585,314.0,63.0,2690.0
1783932588.3,20411,32624,585,402.0,63.0,3168.0
1783932588.9,20408,32624,585,297.0,63.0,3296.0
1783932589.5,20408,32624,585,323.0,64.0,3143.0
1783932590.1,20407,32624,585,164.0,64.0,2730.0
1783932590.7,20417,32624,587,324.0,64.0,2913.0
1783932591.3,20422,32624,607,309.0,64.0,2817.0
1783932591.9,20417,32624,585,253.0,64.0,2879.0
1783932592.5,20411,32624,583,333.0,64.0,2959.0
1783932593.1,20411,32624,587,306.0,64.0,2785.0
1783932593.7,20411,32624,587,313.0,64.0,3177.0
1783932594.3,20411,32624,587,321.0,65.0,3178.0
1783932594.9,20411,32624,587,337.0,65.0,2921.0
1783932595.5,20411,32624,587,317.0,65.0,2839.0
1783932596.1,20411,32624,581,340.0,65.0,2944.0
1783932596.7,20375,32624,583,364.0,65.0,3219.0
1783932597.3,20375,32624,583,317.0,65.0,2956.0
1783932597.9,20375,32624,583,308.0,66.0,3271.0
1783932598.5,20375,32624,583,197.0,66.0,3233.0
1783932599.1,20375,32624,583,361.0,65.0,3060.0
1783932599.7,20375,32624,583,282.0,66.0,3281.0
1783932600.3,20375,32624,583,321.0,66.0,2833.0
1783932600.9,20375,32624,583,155.0,66.0,3299.0
1783932601.5,20375,32624,583,315.0,66.0,2814.0
1783932602.1,20375,32624,583,301.0,66.0,2783.0
1783932602.6,20375,32624,583,196.0,66.0,3281.0
1783932603.2,20371,32624,583,305.0,66.0,3268.0
1783932603.8,20371,32624,583,404.0,66.0,3183.0
1783932604.4,20371,32624,583,320.0,66.0,2845.0
1783932605.0,20377,32624,583,364.0,67.0,3246.0
1783932605.6,20382,32624,583,323.0,67.0,2858.0
1783932606.2,20382,32624,583,328.0,67.0,3221.0
1783932606.8,20382,32624,583,323.0,67.0,2888.0
1783932607.4,20385,32624,583,313.0,67.0,2862.0
1783932608.0,20395,32624,585,308.0,67.0,2962.0
1783932608.6,20453,32624,625,293.0,67.0,3258.0
1783932609.2,20442,32624,619,329.0,67.0,2872.0
1783932609.8,20442,32624,585,230.0,67.0,3279.0
1783932610.4,20444,32624,603,300.0,67.0,2778.0
1783932611.0,20445,32624,593,320.0,67.0,2862.0
1783932611.6,20445,32624,593,302.0,67.0,2769.0
1783932612.2,20437,32624,593,288.0,67.0,2893.0
1783932612.8,20437,32624,593,314.0,67.0,2876.0
1783932613.4,20437,32624,593,274.0,67.0,2664.0
1783932614.0,20437,32624,593,376.0,67.0,3115.0
1783932614.6,20426,32624,581,342.0,68.0,3127.0
1783932615.2,20422,32624,589,370.0,68.0,3128.0
1783932615.8,20422,32624,589,341.0,68.0,2996.0
1783932616.4,20422,32624,585,117.0,68.0,2637.0
1783932617.0,20422,32624,585,399.0,68.0,3155.0
1783932617.6,20422,32624,593,201.0,68.0,2620.0
1783932618.2,20422,32624,593,234.0,68.0,2868.0
1783932618.8,20424,32624,593,317.0,68.0,3280.0
1783932619.4,20424,32624,593,323.0,68.0,2899.0
1783932620.0,20424,32624,593,319.0,68.0,2810.0
1783932620.6,20424,32624,583,296.0,68.0,3012.0
1783932621.2,20424,32624,583,165.0,68.0,2798.0
1783932621.8,20424,32624,583,262.0,68.0,2858.0
1783932622.4,20424,32624,583,325.0,68.0,2862.0
1783932623.0,20424,32624,583,132.0,68.0,2584.0
1783932623.5,20424,32624,585,321.0,69.0,2721.0
1783932624.2,20415,32624,585,210.0,68.0,2894.0
1783932624.8,20463,32624,605,302.0,68.0,3274.0
1783932625.4,20442,32624,591,277.0,68.0,3248.0
1783932626.0,20442,32624,591,316.0,69.0,3284.0
1783932626.5,20442,32624,589,299.0,69.0,3193.0
1783932627.1,20442,32624,589,312.0,68.0,3146.0
1783932627.7,20442,32624,589,326.0,69.0,2955.0
1783932628.3,20438,32624,623,256.0,69.0,3211.0
1783932628.9,20425,32624,585,308.0,69.0,3259.0
1783932629.5,20425,32624,585,286.0,69.0,3283.0
1783932630.1,20425,32624,595,313.0,69.0,3282.0
1783932630.7,20426,32624,585,357.0,69.0,2978.0
1783932631.3,20424,32624,583,237.0,69.0,2703.0
1783932631.9,20424,32624,583,310.0,69.0,3278.0
1783932632.5,20424,32624,583,329.0,69.0,3219.0
1783932633.1,20428,32624,597,323.0,69.0,3167.0
1783932633.7,20428,32624,597,322.0,69.0,2818.0
1783932634.3,20430,32624,583,310.0,69.0,2703.0
1783932634.9,20430,32624,583,199.0,69.0,2707.0
1783932635.5,20406,32624,585,224.0,69.0,2763.0
1783932636.1,20406,32624,585,315.0,69.0,2798.0
1783932636.7,20406,32624,585,269.0,69.0,2782.0
1783932637.3,20406,32624,585,315.0,69.0,2769.0
1783932637.9,20406,32624,585,309.0,69.0,2785.0
1783932638.5,20406,32624,585,350.0,69.0,2763.0
1783932639.1,20406,32624,585,268.0,69.0,2731.0
1783932639.7,20406,32624,585,207.0,69.0,3178.0
1783932640.3,20406,32624,585,316.0,69.0,3039.0
1783932640.9,20406,32624,585,283.0,69.0,3267.0
1783932641.5,20406,32624,585,304.0,69.0,2751.0
1783932642.1,20406,32624,585,250.0,69.0,3153.0
1783932642.7,20401,32624,581,336.0,69.0,2899.0
1783932643.2,20401,32624,581,208.0,69.0,2584.0
1783932643.8,20397,32624,581,199.0,69.0,2711.0
1783932644.4,20397,32624,581,267.0,70.0,2860.0
1783932645.0,20397,32624,581,284.0,69.0,2449.0
1783932645.6,20397,32624,581,366.0,69.0,3156.0
1783932646.2,20398,32624,581,318.0,69.0,2749.0
1783932646.8,20398,32624,581,141.0,69.0,2802.0
1783932647.4,20400,32624,581,281.0,70.0,2918.0
1783932648.0,20400,32624,581,267.0,70.0,2843.0
1783932648.6,20400,32624,581,342.0,69.0,2890.0
1783932649.2,20400,32624,581,290.0,69.0,2736.0
1783932649.8,20400,32624,581,386.0,70.0,3152.0
1783932650.4,20400,32624,581,278.0,70.0,2898.0
1783932651.0,20400,32624,581,193.0,70.0,3257.0
1783932651.6,20400,32624,581,259.0,69.0,3055.0
1783932652.2,20399,32624,581,301.0,70.0,3232.0
1783932652.8,20399,32624,581,307.0,70.0,3274.0
1783932653.4,20399,32624,581,336.0,70.0,2986.0
1783932654.0,20399,32624,581,297.0,70.0,3281.0
1783932654.6,20399,32624,581,327.0,70.0,2790.0
1783932655.2,20399,32624,581,220.0,70.0,2722.0
1783932655.8,20399,32624,581,326.0,70.0,2857.0
1783932656.3,20399,32624,581,319.0,70.0,2732.0
1783932656.9,20399,32624,581,328.0,70.0,3170.0
1783932657.5,20393,32624,581,284.0,70.0,2676.0
1783932658.1,20393,32624,581,293.0,70.0,2748.0
1783932658.7,20393,32624,581,230.0,70.0,2947.0
1783932659.3,20393,32624,581,320.0,70.0,2796.0
1783932659.9,20399,32624,583,303.0,69.0,2808.0
1783932660.5,20399,32624,583,270.0,70.0,3274.0
1783932661.1,20399,32624,583,318.0,70.0,2836.0
1783932661.7,20399,32624,583,305.0,70.0,2764.0
1783932662.3,20399,32624,583,327.0,70.0,2844.0
1783932662.9,20399,32624,583,322.0,70.0,2727.0
1783932663.5,20405,32624,591,51.0,67.0,2378.0
1783932664.1,20405,32624,593,258.0,68.0,2596.0
1783932664.7,20405,32624,591,335.0,69.0,2934.0
1783932665.3,20405,32624,591,345.0,69.0,2809.0
1783932665.9,20405,32624,591,308.0,69.0,2795.0
1783932666.5,20405,32624,591,208.0,69.0,2716.0
1783932667.1,20401,32624,589,424.0,70.0,3157.0
1783932667.7,20401,32624,589,304.0,69.0,3280.0
1783932668.3,20401,32624,589,320.0,69.0,3176.0
1783932668.9,20401,32624,589,345.0,70.0,2870.0
1783932669.4,20401,32624,589,307.0,69.0,3009.0
1783932670.0,20401,32624,589,319.0,69.0,2836.0
1783932670.6,20411,32624,593,275.0,70.0,2875.0
1783932671.2,20415,32624,593,338.0,70.0,2963.0
1783932671.8,20415,32624,593,301.0,70.0,2809.0
1783932672.4,20442,32624,619,307.0,70.0,2771.0
1783932673.0,20464,32624,621,318.0,69.0,2803.0
1783932673.6,20462,32624,621,320.0,70.0,2834.0
1783932674.2,20462,32624,621,318.0,70.0,2697.0
1783932674.8,20423,32624,611,289.0,70.0,2952.0
1783932675.4,20423,32624,611,330.0,70.0,3211.0
1783932676.0,20421,32624,601,211.0,70.0,2817.0
1783932676.6,20413,32624,601,346.0,70.0,2963.0
1783932677.2,20413,32624,601,302.0,70.0,2755.0
1783932677.8,20413,32624,603,316.0,70.0,2820.0
1783932678.4,20437,32624,623,311.0,70.0,2719.0
1783932679.0,20457,32624,635,354.0,70.0,2871.0
1783932679.6,20466,32624,633,232.0,70.0,3188.0
1783932680.2,20428,32624,601,303.0,70.0,2776.0
1783932680.8,20428,32624,589,319.0,70.0,2824.0
1783932681.3,20428,32624,589,307.0,70.0,2793.0
1783932681.9,20413,32624,589,299.0,70.0,2751.0
1783932682.5,20413,32624,589,276.0,70.0,3116.0
1783932683.1,20430,32624,597,318.0,70.0,2724.0
1783932683.7,20417,32624,595,297.0,70.0,2715.0
1783932684.3,20474,32624,629,186.0,70.0,3158.0
1783932684.9,20468,32624,604,313.0,70.0,3276.0
1783932685.5,20470,32624,595,333.0,70.0,3189.0
1783932686.1,20473,32624,599,308.0,70.0,3279.0
1783932686.7,20444,32624,599,329.0,70.0,2993.0
1783932687.3,20412,32624,591,219.0,70.0,3269.0
1783932687.9,20412,32624,591,343.0,70.0,2884.0
1783932688.5,20428,32624,599,298.0,70.0,2759.0
1783932689.1,20424,32624,597,285.0,70.0,2913.0
1783932689.7,20424,32624,597,313.0,70.0,2826.0
1783932690.3,20424,32624,591,152.0,70.0,3036.0
1783932690.9,20413,32624,593,310.0,70.0,2762.0
1783932691.5,20413,32624,593,243.0,70.0,2849.0
1783932692.1,20413,32624,593,309.0,70.0,3273.0
1783932692.6,20413,32624,593,325.0,70.0,2839.0
1783932693.2,20402,32624,591,370.0,70.0,3017.0
1783932693.8,20394,32624,593,339.0,70.0,3226.0
1783932694.4,20394,32624,593,289.0,70.0,3250.0
1783932695.0,20389,32624,591,310.0,70.0,2733.0
1783932695.6,20386,32624,593,386.0,70.0,3140.0
1783932696.2,20390,32624,591,173.0,70.0,2963.0
1783932696.8,20390,32624,591,335.0,70.0,3156.0
1783932697.4,20390,32624,591,309.0,70.0,2906.0
1783932698.0,20390,32624,591,359.0,70.0,2680.0
1783932698.6,20392,32624,589,305.0,70.0,2720.0
1783932699.2,20392,32624,591,301.0,70.0,2765.0
1783932699.8,20392,32624,591,326.0,70.0,2836.0
1783932700.4,20392,32624,591,313.0,70.0,2808.0
1783932701.0,20392,32624,591,238.0,70.0,2863.0
1783932701.5,20389,32624,591,298.0,70.0,3257.0
1783932702.1,20389,32624,591,139.0,71.0,3023.0
1783932702.7,20424,32624,601,347.0,70.0,3087.0
1783932703.3,20470,32624,611,304.0,70.0,2780.0
1783932703.9,20484,32624,607,318.0,70.0,2709.0
1783932704.6,20492,32624,609,199.0,71.0,2822.0
1783932705.1,20492,32624,607,290.0,71.0,2685.0
1783932705.7,20460,32624,603,329.0,70.0,2826.0
1783932706.3,20457,32624,603,236.0,70.0,2749.0
1783932706.9,20457,32624,603,180.0,71.0,2705.0
1783932707.5,20457,32624,603,335.0,70.0,2874.0
1783932708.1,20455,32624,597,170.0,71.0,2630.0
1783932708.7,20451,32624,599,164.0,71.0,3107.0
1783932709.3,20451,32624,599,301.0,70.0,2780.0
1783932709.9,20417,32624,599,307.0,70.0,2740.0
1783932710.5,20417,32624,599,340.0,70.0,3268.0
1783932711.1,20417,32624,599,284.0,70.0,3258.0
1783932711.7,20406,32624,599,340.0,71.0,2978.0
1783932712.3,20406,32624,599,299.0,71.0,3208.0
1783932712.9,20412,32624,607,316.0,71.0,2760.0
1783932713.5,20412,32624,603,233.0,70.0,3265.0
1783932714.1,20412,32624,605,345.0,71.0,3133.0
1783932714.7,20412,32624,605,186.0,70.0,2712.0
1783932715.3,20410,32624,605,307.0,71.0,2931.0
1783932715.9,20410,32624,605,213.0,71.0,2911.0
1783932716.5,20410,32624,605,333.0,70.0,2935.0
1783932717.1,20415,32624,601,282.0,70.0,2727.0
1783932717.7,20415,32624,601,260.0,70.0,2753.0
1783932718.3,20415,32624,601,319.0,70.0,3277.0
1783932718.8,20395,32624,601,329.0,70.0,3232.0
1783932719.4,20395,32624,601,336.0,71.0,2894.0
1783932720.0,20395,32624,597,338.0,70.0,3239.0
1783932720.6,20411,32624,609,212.0,71.0,3023.0
1783932721.2,20411,32624,609,318.0,71.0,2824.0
1783932721.8,20415,32624,607,267.0,71.0,2820.0
1783932722.4,20415,32624,607,311.0,70.0,3086.0
1783932723.0,20415,32624,599,291.0,70.0,2693.0
1783932723.6,20415,32624,601,280.0,70.0,2825.0
1783932724.2,20415,32624,601,339.0,71.0,3154.0
1783932724.8,20415,32624,601,306.0,71.0,2796.0
1783932725.4,20446,32624,607,316.0,71.0,2679.0
1783932726.0,20448,32624,607,326.0,71.0,2901.0
1783932726.6,20448,32624,607,291.0,71.0,2743.0
1783932727.2,20448,32624,607,298.0,71.0,3218.0
1783932727.8,20448,32624,599,308.0,71.0,3084.0
1783932728.4,20431,32624,601,311.0,71.0,2757.0
1783932729.0,20442,32624,603,360.0,71.0,2745.0
1783932729.6,20442,32624,601,332.0,71.0,2898.0
1783932730.2,20442,32624,601,309.0,71.0,2758.0
1783932730.8,20442,32624,597,398.0,70.0,3236.0
1783932731.4,20442,32624,595,368.0,71.0,3049.0
1783932732.0,20442,32624,595,292.0,70.0,2688.0
1783932732.6,20421,32624,595,324.0,70.0,2950.0
1783932733.2,20421,32624,595,307.0,70.0,3079.0
1783932733.8,20421,32624,595,348.0,71.0,2915.0
1783932734.3,20410,32624,605,344.0,70.0,2941.0
1783932734.9,20406,32624,595,322.0,71.0,2776.0
1783932735.5,20406,32624,595,329.0,71.0,2753.0
1783932736.1,20414,32624,597,326.0,71.0,3195.0
1783932736.7,20416,32624,597,314.0,71.0,2956.0
1783932737.3,20416,32624,589,180.0,70.0,2948.0
1783932737.9,20416,32624,589,300.0,71.0,2817.0
1783932738.6,20437,32624,603,321.0,71.0,2936.0
1783932739.1,20437,32624,599,330.0,71.0,2862.0
1783932739.7,20437,32624,599,331.0,71.0,3066.0
1783932740.3,20437,32624,597,332.0,71.0,2834.0
1783932740.9,20437,32624,597,317.0,71.0,2733.0
1783932741.5,20435,32624,597,298.0,71.0,2738.0
1783932742.1,20425,32624,597,304.0,70.0,2934.0
1783932742.7,20402,32624,597,317.0,71.0,2776.0
1783932743.3,20404,32624,597,315.0,71.0,2731.0
1783932743.9,20401,32624,599,321.0,70.0,2711.0
1783932744.5,20401,32624,599,361.0,70.0,2714.0
1783932745.1,20397,32624,597,296.0,71.0,2594.0
1783932745.7,20401,32624,597,187.0,71.0,2629.0
1783932746.3,20401,32624,597,302.0,71.0,3248.0
1783932746.9,20401,32624,597,142.0,71.0,231.0
1783932747.5,20392,32624,593,302.0,71.0,3107.0
1783932748.1,20392,32624,593,339.0,71.0,3243.0
1783932748.7,20407,32624,597,232.0,71.0,3080.0
1783932749.3,20407,32624,597,403.0,70.0,3166.0
1783932749.9,20407,32624,597,178.0,71.0,3015.0
1783932750.5,20407,32624,597,337.0,71.0,2901.0
1783932751.1,20407,32624,597,307.0,71.0,3075.0
1783932751.6,20407,32624,595,327.0,71.0,3285.0
1783932752.2,20416,32624,599,359.0,71.0,3163.0
1783932752.8,20416,32624,599,89.0,71.0,3303.0
1783932753.4,20418,32624,599,276.0,71.0,2583.0
1783932754.0,20418,32624,595,331.0,71.0,3261.0
1783932754.6,20405,32624,595,335.0,71.0,3215.0
1783932755.2,20405,32624,595,304.0,71.0,2645.0
1783932755.8,20412,32624,599,212.0,71.0,3010.0
1783932756.4,20412,32624,595,282.0,71.0,2751.0
1783932757.0,20410,32624,595,267.0,71.0,3037.0
1783932757.6,20414,32624,595,306.0,71.0,2760.0
1783932758.2,20414,32624,595,312.0,71.0,3070.0
1783932758.8,20414,32624,595,303.0,71.0,3240.0
1783932759.4,20408,32624,597,326.0,71.0,2875.0
1783932760.0,20408,32624,597,324.0,71.0,3265.0
1783932760.6,20408,32624,595,315.0,71.0,2744.0
1783932761.2,20408,32624,595,202.0,71.0,2575.0
1783932761.8,20415,32624,597,336.0,71.0,2984.0
1783932762.4,20415,32624,597,324.0,71.0,2780.0
1783932763.0,20415,32624,597,274.0,71.0,2997.0
1783932763.6,20429,32624,607,311.0,71.0,2960.0
1783932764.1,20433,32624,607,284.0,71.0,3237.0
1783932764.7,20472,32624,611,289.0,71.0,3029.0
1783932765.3,20472,32624,611,372.0,71.0,3070.0
1783932765.9,20483,32624,605,287.0,71.0,3264.0
1783932766.5,20477,32624,599,313.0,71.0,2741.0
1783932767.1,20477,32624,599,317.0,71.0,2784.0
1783932767.7,20477,32624,599,300.0,71.0,2720.0
1783932768.3,20477,32624,599,310.0,71.0,2754.0
1783932768.9,20438,32624,599,279.0,71.0,3260.0
1783932769.5,20376,32624,589,367.0,71.0,3192.0
1783932770.1,20376,32624,589,295.0,71.0,2783.0
1783932770.7,20425,32624,607,284.0,71.0,2696.0
1783932771.3,20425,32624,607,308.0,71.0,2699.0
1783932771.9,20425,32624,607,341.0,71.0,2835.0
1783932772.5,20425,32624,599,299.0,71.0,3265.0
1783932773.1,20425,32624,599,292.0,71.0,3011.0
1783932773.6,20418,32624,599,351.0,71.0,2913.0
1783932774.2,20399,32624,599,295.0,71.0,2735.0
1783932774.8,20399,32624,599,215.0,71.0,2816.0
1783932775.4,20399,32624,599,294.0,71.0,2912.0
1783932776.0,20399,32624,599,336.0,71.0,2880.0
1783932776.6,20389,32624,593,308.0,71.0,2758.0
1783932777.2,20389,32624,593,312.0,71.0,3261.0
1783932777.8,20386,32624,595,267.0,71.0,3018.0
1783932778.4,20386,32624,595,204.0,71.0,2665.0
1783932779.0,20386,32624,593,280.0,71.0,2883.0
1783932779.6,20411,32624,601,335.0,71.0,2992.0
1783932780.2,20426,32624,609,240.0,71.0,2922.0
1783932780.8,20426,32624,601,179.0,71.0,2754.0
1783932781.4,20424,32624,597,254.0,71.0,2671.0
1783932782.0,20478,32624,617,308.0,71.0,2729.0
1783932782.6,20472,32624,617,434.0,71.0,2847.0
1783932783.2,20472,32624,617,35.0,69.0,0.0
1783932783.8,20425,32624,597,218.0,69.0,1960.0
1783932784.4,20454,32624,637,347.0,70.0,2942.0
1783932785.0,20480,32624,624,296.0,70.0,2748.0
1783932785.6,20488,32624,618,374.0,71.0,3203.0
1783932786.2,20488,32624,618,296.0,70.0,2752.0
1783932786.8,20453,32624,615,356.0,70.0,3003.0
1783932787.4,20475,32624,621,186.0,71.0,2723.0
1783932788.0,20473,32624,621,339.0,70.0,3244.0
1783932788.6,20434,32624,613,312.0,70.0,2766.0
1783932789.2,20420,32624,599,252.0,71.0,2628.0
1783932789.8,20427,32624,595,334.0,71.0,2930.0
1783932790.4,20427,32624,595,351.0,71.0,2977.0
1783932791.0,20389,32624,595,241.0,71.0,2682.0
1783932791.6,20390,32624,597,331.0,71.0,2874.0
1783932792.2,20390,32624,597,345.0,71.0,2962.0
1783932792.8,20390,32624,597,323.0,71.0,2673.0
1783932793.4,20390,32624,597,307.0,71.0,2985.0
1783932793.9,20384,32624,597,330.0,71.0,2861.0
1783932794.5,20370,32624,597,261.0,71.0,2701.0
1783932795.1,20370,32624,597,365.0,71.0,2929.0
1783932795.7,20370,32624,597,303.0,71.0,3228.0
1783932796.3,20370,32624,597,181.0,71.0,2982.0
1783932796.9,20384,32624,601,363.0,71.0,3048.0
1783932797.5,20384,32624,601,293.0,71.0,2931.0
1783932798.1,20384,32624,601,376.0,71.0,3075.0
1783932798.7,20380,32624,595,350.0,71.0,2673.0
1783932799.3,20380,32624,595,344.0,71.0,3233.0
1783932799.9,20380,32624,595,187.0,71.0,2753.0
1783932800.5,20375,32624,595,402.0,71.0,3150.0
1783932801.1,20375,32624,595,345.0,71.0,3229.0
1783932801.7,20361,32624,595,322.0,71.0,2853.0
1783932802.3,20361,32624,595,285.0,71.0,3248.0
1783932802.8,20360,32624,595,175.0,71.0,2696.0
1783932803.4,20360,32624,595,334.0,71.0,2829.0
1783932804.0,20360,32624,595,265.0,71.0,3067.0
1783932804.6,20356,32624,595,45.0,71.0,0.0
1783932805.2,20356,32624,595,285.0,70.0,2703.0
1783932805.8,20356,32624,595,341.0,70.0,2696.0
1783932806.4,20356,32624,595,201.0,71.0,2798.0
1783932807.0,20356,32624,595,336.0,71.0,2896.0
1783932807.6,20356,32624,595,366.0,71.0,3131.0
1783932808.2,20356,32624,595,309.0,71.0,2772.0
1783932808.8,20356,32624,595,317.0,71.0,3195.0
1783932809.4,20356,32624,595,267.0,71.0,3257.0
1783932810.0,20375,32624,599,317.0,71.0,2902.0
1783932810.6,20379,32624,599,304.0,71.0,3243.0
1783932811.1,20379,32624,599,332.0,71.0,2965.0
1783932811.7,20379,32624,599,321.0,71.0,3267.0
1783932812.3,20379,32624,595,282.0,71.0,2915.0
1783932812.9,20374,32624,597,335.0,71.0,2891.0
1783932813.5,20377,32624,599,307.0,71.0,3272.0
1783932814.1,20377,32624,599,332.0,71.0,2852.0
1783932814.7,20385,32624,597,297.0,71.0,3270.0
1783932815.3,20385,32624,597,311.0,71.0,3122.0
1783932815.9,20385,32624,597,200.0,71.0,3108.0
1783932816.5,20375,32624,597,342.0,71.0,3105.0
1783932817.1,20375,32624,597,171.0,71.0,2640.0
1783932817.7,20375,32624,597,340.0,71.0,3061.0
1783932818.3,20351,32624,593,282.0,71.0,2960.0
1783932818.9,20351,32624,593,244.0,71.0,3154.0
1783932819.5,20351,32624,593,301.0,71.0,3274.0
1783932820.1,20408,32624,613,328.0,71.0,2683.0
1783932820.7,20410,32624,613,290.0,71.0,2896.0
1783932821.3,20410,32624,615,287.0,71.0,2737.0
1783932821.9,20410,32624,613,414.0,71.0,3164.0
1783932822.5,20410,32624,607,298.0,71.0,2928.0
1783932823.0,20410,32624,607,323.0,71.0,3160.0
1783932823.6,20410,32624,607,274.0,71.0,2874.0
1783932824.2,20408,32624,605,376.0,71.0,3207.0
1783932824.8,20408,32624,605,329.0,71.0,3015.0
1783932825.4,20406,32624,605,332.0,71.0,2895.0
1783932826.0,20406,32624,605,304.0,71.0,2708.0
1783932826.6,20390,32624,605,317.0,71.0,3053.0
1783932827.2,20378,32624,609,298.0,71.0,2805.0
1783932827.8,20378,32624,609,139.0,71.0,2990.0
1783932828.4,20378,32624,601,315.0,71.0,3269.0
1783932829.0,20378,32624,601,154.0,71.0,2786.0
1783932829.6,20378,32624,597,315.0,71.0,3118.0
1783932830.2,20378,32624,597,311.0,71.0,3250.0
1783932830.8,20379,32624,607,162.0,71.0,3066.0
1783932831.4,20389,32624,609,331.0,71.0,2888.0
1783932832.0,20391,32624,609,221.0,71.0,2936.0
1783932832.5,20391,32624,609,286.0,71.0,2627.0
1783932833.1,20391,32624,609,318.0,71.0,2989.0
1783932833.7,20391,32624,605,311.0,71.0,3248.0
1783932834.3,20375,32624,597,313.0,71.0,2761.0
1783932834.9,20375,32624,597,333.0,71.0,2988.0
1783932835.5,20375,32624,597,211.0,71.0,2643.0
1783932836.1,20375,32624,597,321.0,71.0,2790.0
1783932836.7,20346,32624,595,290.0,71.0,2747.0
1783932837.3,20346,32624,595,313.0,71.0,3102.0
1783932837.9,20366,32624,605,180.0,71.0,2823.0
1783932838.5,20374,32624,605,337.0,71.0,3234.0
1783932839.1,20374,32624,605,317.0,71.0,2756.0
1783932839.7,20374,32624,605,309.0,71.0,2775.0
1783932840.3,20370,32624,597,348.0,71.0,2724.0
1783932840.9,20391,32624,605,331.0,71.0,2885.0
1783932841.4,20391,32624,605,45.0,71.0,0.0
1783932842.0,20393,32624,607,135.0,70.0,1986.0
1783932842.6,20427,32624,621,340.0,70.0,2891.0
1783932843.2,20409,32624,609,341.0,71.0,2980.0
1783932843.8,20409,32624,609,329.0,71.0,2677.0
1783932844.4,20412,32624,611,269.0,71.0,2881.0
1783932845.0,20390,32624,599,354.0,71.0,3012.0
1783932845.6,20393,32624,599,323.0,71.0,2867.0
1783932846.2,20393,32624,599,350.0,71.0,2876.0
1783932846.8,20393,32624,597,294.0,71.0,3241.0
1783932847.4,20355,32624,595,314.0,71.0,2810.0
1783932848.0,20377,32624,605,308.0,71.0,2758.0
1783932848.6,20381,32624,605,154.0,71.0,2916.0
1783932849.2,20378,32624,601,315.0,71.0,2815.0
1783932849.8,20378,32624,601,325.0,71.0,2821.0
1783932850.4,20378,32624,597,407.0,71.0,3160.0
1783932851.0,20391,32624,611,367.0,71.0,3043.0
1783932851.5,20380,32624,599,306.0,71.0,2787.0
1783932852.1,20388,32624,603,269.0,71.0,2663.0
1783932852.7,20388,32624,601,324.0,71.0,2861.0
1783932853.3,20384,32624,601,210.0,71.0,2646.0
1783932853.9,20384,32624,595,397.0,71.0,3175.0
1783932854.5,20384,32624,595,301.0,71.0,3257.0
1783932855.1,20395,32624,615,282.0,71.0,3250.0
1783932855.7,20395,32624,615,311.0,71.0,2708.0
1783932856.3,20391,32624,603,354.0,71.0,3195.0
1783932856.9,20391,32624,603,303.0,71.0,3273.0
1783932857.5,20391,32624,603,186.0,71.0,2757.0
1783932858.1,20387,32624,599,325.0,71.0,3166.0
1783932858.7,20383,32624,597,311.0,71.0,2766.0
1783932859.3,20383,32624,597,316.0,71.0,2807.0
1783932859.9,20383,32624,597,293.0,71.0,3259.0
1783932860.5,20378,32624,597,230.0,71.0,2809.0
1783932861.1,20378,32624,597,327.0,71.0,2813.0
1783932861.7,20366,32624,597,356.0,71.0,3231.0
1783932862.3,20366,32624,597,296.0,71.0,3103.0
1783932862.9,20357,32624,597,311.0,71.0,2967.0
1783932863.5,20357,32624,597,286.0,71.0,3224.0
1783932864.0,20357,32624,597,294.0,71.0,3097.0
1783932864.7,20350,32624,597,372.0,71.0,3035.0
1783932865.3,20350,32624,597,275.0,71.0,3246.0
1783932865.9,20350,32624,599,336.0,71.0,3236.0
1783932866.5,20390,32624,613,382.0,71.0,3225.0
1783932867.1,20390,32624,613,297.0,71.0,2948.0
1783932867.7,20399,32624,603,330.0,71.0,2847.0
1783932868.3,20383,32624,599,302.0,71.0,2728.0
1783932868.9,20383,32624,597,307.0,71.0,3275.0
1783932869.5,20383,32624,597,322.0,71.0,2839.0
1783932870.1,20383,32624,597,307.0,71.0,2964.0
1783932870.7,20383,32624,597,192.0,71.0,2777.0
1783932871.3,20383,32624,597,344.0,71.0,2891.0
1783932871.9,20383,32624,597,302.0,71.0,3270.0
1783932872.5,20378,32624,595,300.0,71.0,3019.0
1783932873.1,20368,32624,595,298.0,71.0,2732.0
1783932873.6,20368,32624,595,346.0,71.0,2892.0
1783932874.2,20368,32624,595,302.0,71.0,3217.0
1783932874.8,20342,32624,593,313.0,71.0,3151.0
1783932875.4,20334,32624,593,301.0,71.0,3085.0
1783932876.0,20334,32624,593,222.0,71.0,2886.0
1783932876.6,20334,32624,593,355.0,71.0,3186.0
1783932877.2,20334,32624,593,292.0,71.0,2734.0
1783932877.8,20334,32624,593,286.0,71.0,3036.0
1783932878.4,20330,32624,593,342.0,71.0,2907.0
1783932879.0,20340,32624,593,305.0,71.0,2681.0
1783932879.6,20340,32624,593,319.0,71.0,3155.0
1783932880.2,20340,32624,593,329.0,71.0,2837.0
1783932880.8,20340,32624,593,300.0,71.0,2747.0
1783932881.4,20340,32624,593,332.0,71.0,2718.0
1783932882.0,20340,32624,593,326.0,71.0,2912.0
1783932882.6,20340,32624,593,315.0,71.0,2783.0
1783932883.2,20340,32624,593,325.0,71.0,2818.0
1783932883.8,20344,32624,593,313.0,71.0,2761.0
1783932884.4,20352,32624,593,390.0,71.0,3150.0
1783932885.0,20352,32624,593,292.0,71.0,3244.0
1783932885.6,20352,32624,593,227.0,71.0,3076.0
1783932886.2,20352,32624,593,312.0,71.0,3017.0
1783932886.8,20352,32624,593,309.0,71.0,3270.0
1783932887.4,20352,32624,593,322.0,71.0,3269.0
1783932887.9,20352,32624,593,356.0,71.0,2946.0
1783932888.5,20348,32624,593,324.0,71.0,2692.0
1783932889.1,20348,32624,593,305.0,71.0,3216.0
1783932889.7,20348,32624,593,308.0,71.0,2889.0
1783932890.3,20348,32624,593,250.0,71.0,3065.0
1783932890.9,20348,32624,593,179.0,71.0,3010.0
1783932891.5,20348,32624,593,129.0,71.0,2912.0
1783932892.1,20348,32624,593,361.0,71.0,3193.0
1783932892.7,20348,32624,593,286.0,71.0,3189.0
1783932893.3,20348,32624,593,247.0,71.0,2716.0
1783932893.9,20348,32624,593,302.0,71.0,3083.0
1783932894.5,20348,32624,593,310.0,71.0,3272.0
1783932895.1,20348,32624,593,301.0,71.0,2726.0
1783932895.7,20352,32624,593,334.0,71.0,3088.0
1783932896.3,20352,32624,593,327.0,71.0,2820.0
1783932896.9,20356,32624,593,333.0,71.0,3020.0
1783932897.5,20356,32624,593,282.0,71.0,2709.0
1783932898.1,20356,32624,593,274.0,71.0,3259.0
1783932898.7,20356,32624,593,319.0,71.0,3173.0
1783932899.3,20356,32624,593,319.0,71.0,2761.0
1783932899.9,20365,32624,597,295.0,71.0,3280.0
1783932900.5,20365,32624,597,309.0,71.0,3271.0
1783932901.1,20365,32624,597,220.0,71.0,2810.0
1783932901.7,20365,32624,597,326.0,71.0,2802.0
1783932902.3,20369,32624,605,331.0,71.0,2873.0
1783932902.9,20369,32624,605,344.0,71.0,3234.0
1783932903.5,20369,32624,605,287.0,71.0,3238.0
1783932904.1,20369,32624,595,349.0,71.0,3124.0
1783932904.6,20377,32624,599,308.0,71.0,3280.0
1783932905.2,20377,32624,599,305.0,71.0,2900.0
1783932905.8,20377,32624,599,310.0,71.0,3263.0
1783932906.4,20373,32624,595,316.0,71.0,3256.0
1783932907.0,20373,32624,597,177.0,71.0,2796.0
1783932907.6,20373,32624,597,335.0,71.0,2848.0
1783932908.2,20373,32624,597,345.0,72.0,3223.0
1783932908.8,20381,32624,609,336.0,71.0,3226.0
1783932909.4,20381,32624,609,303.0,71.0,2709.0
1783932910.0,20381,32624,609,161.0,71.0,2937.0
1783932910.6,20381,32624,599,285.0,71.0,2942.0
1783932911.2,20375,32624,601,326.0,71.0,3099.0
1783932911.8,20375,32624,601,305.0,71.0,3249.0
1783932912.4,20375,32624,601,363.0,71.0,2776.0
1783932913.0,20375,32624,601,315.0,71.0,2935.0
1783932913.6,20375,32624,601,123.0,71.0,2967.0
1783932914.2,20375,32624,601,327.0,71.0,3012.0
1783932914.8,20375,32624,601,233.0,71.0,2819.0
1783932915.4,20381,32624,607,345.0,71.0,2970.0
1783932916.0,20383,32624,607,289.0,71.0,3211.0
1783932916.6,20387,32624,599,296.0,71.0,2779.0
1783932917.2,20387,32624,601,303.0,71.0,3234.0
1783932917.8,20386,32624,599,330.0,71.0,3245.0
1783932918.4,20386,32624,599,310.0,71.0,2807.0
1783932919.0,20386,32624,599,297.0,71.0,2739.0
1783932919.6,20365,32624,593,366.0,71.0,3238.0
1783932920.2,20355,32624,593,387.0,71.0,3114.0
1783932920.8,20378,32624,617,296.0,71.0,2785.0
1783932921.4,20378,32624,617,298.0,71.0,3272.0
1783932921.9,20370,32624,603,295.0,71.0,3184.0
1783932922.5,20369,32624,603,290.0,71.0,2648.0
1783932923.2,20370,32624,609,330.0,71.0,2769.0
1783932923.8,20387,32624,615,324.0,71.0,2914.0
1783932924.4,20387,32624,609,341.0,71.0,3212.0
1783932925.0,20387,32624,605,307.0,71.0,3080.0
1783932925.6,20387,32624,605,287.0,71.0,2935.0
1783932926.2,20385,32624,601,382.0,71.0,3055.0
1783932926.8,20380,32624,601,375.0,71.0,2871.0
1783932927.4,20400,32624,617,324.0,71.0,3195.0
1783932928.0,20405,32624,615,329.0,71.0,2782.0
1783932928.6,20406,32624,605,47.0,69.0,1186.0
1783932929.2,20406,32624,605,174.0,69.0,1705.0
1783932929.8,20392,32624,599,141.0,69.0,2184.0
1783932930.4,20392,32624,599,356.0,70.0,3015.0
1783932931.0,20392,32624,619,242.0,70.0,3265.0
1783932931.6,20392,32624,619,319.0,70.0,3143.0
1783932932.2,20380,32624,597,213.0,71.0,2805.0
1783932932.8,20377,32624,599,296.0,70.0,3103.0
1783932933.4,20376,32624,613,138.0,71.0,2656.0
1783932934.0,20376,32624,613,148.0,70.0,2937.0
1783932934.6,20369,32624,599,307.0,70.0,3270.0
1783932935.2,20371,32624,599,156.0,71.0,2663.0
1783932935.8,20373,32624,597,341.0,70.0,2925.0
1783932936.4,20373,32624,597,314.0,70.0,2833.0
1783932937.0,20373,32624,597,322.0,71.0,2822.0
1783932937.6,20373,32624,595,292.0,71.0,3163.0
1783932938.2,20373,32624,595,345.0,71.0,3243.0
1783932938.8,20364,32624,599,303.0,71.0,2757.0
1783932939.4,20346,32624,599,283.0,71.0,3041.0
1783932940.0,20346,32624,595,349.0,71.0,2943.0
1783932940.6,20342,32624,595,313.0,71.0,2803.0
1783932941.2,20344,32624,597,360.0,71.0,3178.0
1783932941.8,20377,32624,613,348.0,71.0,2784.0
1783932942.4,20381,32624,613,88.0,71.0,3311.0
1783932943.0,20390,32624,615,331.0,71.0,3221.0
1783932943.6,20390,32624,615,318.0,71.0,3176.0
1783932944.2,20388,32624,601,320.0,71.0,2821.0
1783932944.8,20387,32624,601,238.0,71.0,3031.0
1783932945.4,20387,32624,601,298.0,71.0,2758.0
1783932946.0,20379,32624,601,419.0,71.0,3148.0
1783932946.6,20379,32624,601,271.0,71.0,2879.0
1783932947.2,20379,32624,601,321.0,70.0,2790.0
1783932947.8,20373,32624,595,320.0,71.0,2989.0
1783932948.3,20373,32624,595,220.0,71.0,2837.0
1783932948.9,20348,32624,593,379.0,71.0,3208.0
1783932949.5,20348,32624,593,291.0,71.0,3025.0
1783932950.1,20347,32624,593,316.0,71.0,2778.0
1783932950.7,20349,32624,593,308.0,70.0,2897.0
1783932951.3,20349,32624,593,199.0,71.0,2621.0
1783932951.9,20349,32624,593,332.0,71.0,2882.0
1783932952.5,20349,32624,593,352.0,71.0,2728.0
1783932953.1,20347,32624,595,320.0,71.0,2703.0
1783932953.7,20351,32624,595,198.0,71.0,2992.0
1783932954.3,20351,32624,595,330.0,71.0,3235.0
1783932954.9,20355,32624,597,315.0,71.0,2798.0
1783932955.5,20472,32624,640,289.0,71.0,3169.0
1783932956.1,20461,32624,597,415.0,71.0,3177.0
1783932956.7,20461,32624,597,322.0,71.0,3278.0
1783932957.3,20461,32624,591,363.0,71.0,3206.0
1783932957.9,20461,32624,591,343.0,71.0,3201.0
1783932958.5,20380,32624,597,210.0,71.0,2735.0
1783932959.1,20380,32624,597,327.0,71.0,2864.0
1783932959.7,20380,32624,597,256.0,71.0,2824.0
1783932960.3,20380,32624,597,331.0,71.0,2861.0
1783932960.9,20368,32624,597,336.0,71.0,2700.0
1783932961.5,20355,32624,595,155.0,69.0,1251.0
1783932962.1,20355,32624,595,373.0,70.0,3031.0
1783932962.7,20336,32624,595,304.0,70.0,3241.0
1783932963.3,20336,32624,595,305.0,71.0,2946.0
1783932964.0,20336,32624,595,321.0,71.0,3255.0
1783932964.5,20336,32624,595,281.0,71.0,3127.0
1783932965.1,20336,32624,595,301.0,71.0,2724.0
1783932965.7,20336,32624,595,358.0,71.0,2986.0
1783932966.3,20336,32624,595,307.0,71.0,3232.0
1783932966.9,20336,32624,595,313.0,71.0,2777.0
1783932967.5,20336,32624,595,279.0,71.0,3103.0
1783932968.1,20336,32624,595,300.0,71.0,2716.0
1783932968.7,20336,32624,595,274.0,71.0,2683.0
1783932969.3,20336,32624,595,315.0,71.0,2709.0
1783932969.9,20336,32624,595,301.0,71.0,3231.0
1783932970.5,20336,32624,595,317.0,71.0,2763.0
1783932971.1,20336,32624,595,133.0,71.0,2634.0
1783932971.7,20336,32624,595,278.0,71.0,2920.0
1783932972.3,20336,32624,595,346.0,71.0,3095.0
1783932972.9,20336,32624,595,309.0,71.0,2757.0
1783932973.5,20336,32624,595,350.0,71.0,3075.0
1783932974.1,20336,32624,595,281.0,71.0,2919.0
1783932974.7,20336,32624,595,308.0,71.0,3259.0
1783932975.3,20334,32624,595,312.0,71.0,3269.0
1783932975.9,20414,32624,615,148.0,71.0,3124.0
1783932976.5,20463,32624,615,183.0,71.0,3283.0
1783932977.1,20466,32624,595,311.0,71.0,2768.0
1783932977.7,20466,32624,595,318.0,71.0,2848.0
1783932978.3,20479,32624,609,184.0,71.0,2738.0
1783932978.9,20479,32624,609,338.0,71.0,2871.0
1783932979.5,20479,32624,609,308.0,71.0,3274.0
1783932980.1,20465,32624,605,80.0,71.0,2784.0
1783932980.7,20465,32624,603,372.0,71.0,3099.0
1783932981.3,20447,32624,603,269.0,71.0,2986.0
1783932981.9,20437,32624,603,417.0,71.0,3166.0
1783932982.4,20442,32624,597,201.0,71.0,2777.0
1783932983.0,20442,32624,597,363.0,71.0,3033.0
1783932983.6,20442,32624,593,307.0,71.0,2715.0
1783932984.2,20376,32624,593,313.0,71.0,2954.0
1783932984.8,20408,32624,595,329.0,71.0,2951.0
1783932985.4,20401,32624,593,314.0,71.0,3275.0
1783932986.0,20406,32624,593,364.0,71.0,3010.0
1783932986.6,20406,32624,593,223.0,71.0,3291.0
1783932987.2,20406,32624,593,325.0,71.0,2838.0
1783932987.8,20402,32624,593,300.0,71.0,2758.0
1783932988.4,20402,32624,595,388.0,71.0,3225.0
1783932989.0,20406,32624,597,311.0,71.0,2830.0
1783932989.6,20410,32624,597,310.0,71.0,2767.0
1783932990.2,20425,32624,603,413.0,71.0,3180.0
1783932990.8,20430,32624,605,310.0,71.0,2779.0
1783932991.4,20432,32624,597,314.0,71.0,2733.0
1783932992.0,20432,32624,597,249.0,71.0,2925.0
1783932992.7,20398,32624,595,33.0,69.0,0.0
1783932993.3,20400,32624,601,198.0,69.0,1902.0
1783932993.9,20400,32624,601,276.0,70.0,2740.0
1783932994.5,20400,32624,601,359.0,70.0,3016.0
1783932995.1,20401,32624,593,145.0,71.0,2733.0
1783932995.7,20399,32624,593,301.0,71.0,2767.0
1783932996.3,20444,32624,613,258.0,71.0,3258.0
1783932996.9,20442,32624,613,377.0,71.0,3119.0
1783932997.5,20477,32624,628,370.0,71.0,3111.0
1783932998.1,20477,32624,628,339.0,71.0,3254.0
1783932998.7,20467,32624,597,317.0,71.0,3277.0
1783932999.3,20409,32624,597,319.0,71.0,2796.0
1783932999.9,20409,32624,597,181.0,71.0,2616.0
1783933000.5,20409,32624,597,363.0,71.0,3160.0
1783933001.1,20393,32624,597,224.0,71.0,2795.0
1783933001.7,20393,32624,597,316.0,70.0,2872.0
1783933002.3,20362,32624,601,194.0,71.0,3085.0
1783933002.9,20362,32624,601,359.0,71.0,2905.0
1783933003.4,20362,32624,601,340.0,71.0,2913.0
1783933004.0,20362,32624,601,319.0,71.0,2819.0
1783933004.6,20360,32624,593,326.0,71.0,2771.0
1783933005.2,20360,32624,593,331.0,71.0,2762.0
1783933005.8,20356,32624,593,242.0,71.0,2714.0
1783933006.4,20399,32624,603,315.0,71.0,2835.0
1783933007.0,20399,32624,603,304.0,71.0,2788.0
1783933007.6,20399,32624,603,162.0,71.0,3143.0
1783933008.2,20400,32624,599,292.0,71.0,2992.0
1783933008.8,20396,32624,597,298.0,71.0,3057.0
1783933009.4,20374,32624,597,381.0,71.0,3129.0
1783933010.0,20380,32624,599,304.0,71.0,3272.0
1783933010.6,20380,32624,595,167.0,71.0,3060.0
1783933011.2,20384,32624,595,307.0,71.0,2784.0
1783933011.8,20384,32624,601,359.0,71.0,3094.0
1783933012.4,20376,32624,599,333.0,71.0,3276.0
1783933013.0,20376,32624,599,300.0,71.0,2710.0
1783933013.6,20376,32624,599,290.0,71.0,2699.0
1783933014.1,20376,32624,599,263.0,71.0,2829.0
1783933014.7,20376,32624,599,347.0,71.0,2937.0
1783933015.3,20376,32624,599,321.0,71.0,2816.0
1783933015.9,20366,32624,601,315.0,71.0,2876.0
1783933016.5,20422,32624,626,292.0,71.0,2724.0
1783933017.1,20422,32624,626,286.0,71.0,2935.0
1783933017.7,20445,32624,623,312.0,71.0,2727.0
1783933018.3,20445,32624,623,141.0,71.0,2996.0
1783933018.9,20425,32624,623,326.0,71.0,2825.0
1783933019.5,20494,32624,631,317.0,71.0,3125.0
1783933020.1,20517,32624,631,268.0,71.0,2831.0
1783933020.7,20524,32624,625,313.0,71.0,2753.0
1783933021.3,20600,32624,625,240.0,71.0,2873.0
1783933021.9,20600,32624,625,345.0,71.0,2925.0
1783933022.5,20548,32624,617,331.0,71.0,2879.0
1783933023.1,20526,32624,619,243.0,71.0,3062.0
1783933023.7,20558,32624,623,313.0,71.0,3093.0
1783933024.3,20477,32624,597,294.0,71.0,3274.0
1783933024.9,20477,32624,597,297.0,71.0,3280.0
1783933025.5,20469,32624,595,287.0,71.0,3186.0
1783933026.1,20469,32624,595,341.0,72.0,2914.0
1783933026.7,20465,32624,595,308.0,71.0,3272.0
1783933027.3,20465,32624,595,235.0,71.0,2780.0
1783933027.8,20465,32624,595,307.0,71.0,2793.0
1783933028.4,20430,32624,595,328.0,71.0,2813.0
1783933029.0,20430,32624,595,293.0,71.0,2749.0
1783933029.6,20430,32624,595,332.0,71.0,3222.0
1783933030.2,20437,32624,593,241.0,71.0,2737.0
1783933030.8,20437,32624,593,377.0,71.0,2917.0
1783933031.4,20437,32624,593,317.0,71.0,2801.0
1783933032.0,20437,32624,593,318.0,71.0,2825.0
1783933032.6,20438,32624,593,124.0,69.0,1641.0
1783933033.2,20442,32624,593,200.0,69.0,1997.0
1783933033.8,20442,32624,593,361.0,70.0,3001.0
1783933034.4,20440,32624,593,252.0,70.0,3293.0
1783933035.0,20440,32624,593,320.0,71.0,2800.0
1783933035.6,20440,32624,593,373.0,70.0,3052.0
1783933036.2,20440,32624,593,355.0,71.0,3196.0
1783933036.8,20433,32624,593,267.0,71.0,3276.0
1783933037.4,20433,32624,593,317.0,70.0,3277.0
1783933038.0,20433,32624,593,337.0,70.0,3101.0
1783933038.6,20433,32624,593,318.0,71.0,3171.0
1783933039.2,20440,32624,593,352.0,71.0,2967.0
1783933039.8,20440,32624,593,302.0,71.0,3221.0
1783933040.4,20453,32624,599,315.0,71.0,2890.0
1783933041.0,20453,32624,599,302.0,71.0,3267.0
1783933041.6,20453,32624,599,316.0,71.0,2979.0
1783933042.1,20453,32624,599,304.0,71.0,2802.0
1783933042.7,20453,32624,595,299.0,71.0,2761.0
1783933043.3,20453,32624,595,189.0,71.0,2896.0
1783933043.9,20446,32624,595,304.0,71.0,2744.0
1783933044.5,20446,32624,595,315.0,71.0,3283.0
1783933045.1,20452,32624,601,296.0,71.0,2726.0
1783933045.7,20452,32624,601,331.0,71.0,3228.0
1783933046.3,20452,32624,601,346.0,71.0,2962.0
1783933046.9,20452,32624,599,313.0,71.0,3238.0
1783933047.5,20452,32624,599,357.0,71.0,2916.0
1783933048.1,20452,32624,599,296.0,71.0,3072.0
1783933048.7,20452,32624,599,312.0,71.0,3280.0
1783933049.3,20452,32624,599,306.0,71.0,3132.0
1783933049.9,20452,32624,595,343.0,71.0,3209.0
1783933050.5,20452,32624,595,307.0,71.0,3278.0
1783933051.1,20452,32624,595,339.0,71.0,3159.0
1783933051.7,20452,32624,595,316.0,71.0,3107.0
1783933052.3,20452,32624,597,284.0,71.0,3139.0
1783933052.9,20452,32624,597,295.0,71.0,3280.0
1783933053.5,20452,32624,595,278.0,71.0,3130.0
1783933054.0,20465,32624,599,308.0,71.0,3277.0
1783933054.6,20465,32624,595,259.0,71.0,2651.0
1783933055.2,20465,32624,595,345.0,71.0,2773.0
1783933055.8,20465,32624,595,354.0,71.0,3048.0
1783933056.4,20465,32624,593,292.0,71.0,3214.0
1783933057.0,20465,32624,593,298.0,71.0,3044.0
1783933057.6,20465,32624,593,299.0,71.0,3214.0
1783933058.2,20465,32624,593,310.0,71.0,3264.0
1783933058.8,20448,32624,593,313.0,71.0,2760.0
1783933059.4,20459,32624,599,267.0,71.0,2835.0
1783933060.0,20455,32624,599,313.0,71.0,3273.0
1783933060.6,20455,32624,599,113.0,71.0,3322.0
1783933061.2,20455,32624,599,311.0,71.0,2735.0
1783933061.8,20455,32624,599,296.0,71.0,3272.0
1783933062.4,20455,32624,599,307.0,71.0,2824.0
1783933063.0,20455,32624,597,357.0,71.0,2997.0
1783933063.5,20455,32624,599,322.0,71.0,3218.0
1783933064.1,20455,32624,599,289.0,71.0,2680.0
1783933064.7,20455,32624,599,311.0,71.0,2748.0
1783933065.3,20455,32624,599,269.0,71.0,2733.0
1783933065.9,20455,32624,595,332.0,71.0,3058.0
1783933066.5,20451,32624,593,317.0,71.0,3280.0
1783933067.1,20451,32624,593,309.0,71.0,2752.0
1783933067.7,20451,32624,593,203.0,71.0,2739.0
1783933068.3,20449,32624,591,269.0,71.0,2865.0
1783933068.9,20449,32624,591,317.0,71.0,3285.0
1783933069.5,20449,32624,591,292.0,71.0,3215.0
1783933070.1,20437,32624,593,128.0,71.0,2869.0
1783933070.7,20437,32624,591,308.0,71.0,3128.0
1783933071.3,20437,32624,591,316.0,71.0,2782.0
1783933071.9,20437,32624,591,317.0,71.0,2925.0
1783933072.5,20437,32624,591,325.0,71.0,3033.0
1783933073.1,20437,32624,591,315.0,71.0,3008.0
1783933073.7,20462,32624,607,195.0,71.0,2702.0
1783933074.3,20462,32624,607,338.0,71.0,2925.0
1783933074.9,20462,32624,607,304.0,71.0,2767.0
1783933075.4,20462,32624,595,344.0,71.0,2880.0
1783933076.0,20462,32624,595,304.0,71.0,2888.0
1783933076.6,20462,32624,595,151.0,71.0,3187.0
1783933077.2,20462,32624,595,324.0,71.0,2856.0
1783933077.8,20462,32624,595,315.0,71.0,3279.0
1783933078.4,20455,32624,595,337.0,71.0,2853.0
1783933079.0,20459,32624,595,319.0,71.0,3276.0
1783933079.6,20445,32624,593,315.0,71.0,3270.0
1783933080.2,20445,32624,593,233.0,71.0,3088.0
1783933080.8,20445,32624,593,324.0,71.0,3276.0
1783933081.4,20445,32624,593,295.0,71.0,3234.0
1783933082.0,20445,32624,593,297.0,71.0,3277.0
1783933082.6,20449,32624,593,297.0,71.0,2742.0
1783933083.2,20449,32624,593,248.0,71.0,3231.0
1783933083.8,20450,32624,605,330.0,71.0,3191.0
1783933084.4,20452,32624,599,291.0,71.0,3073.0
1783933085.0,20452,32624,599,151.0,72.0,3017.0
1783933085.6,20452,32624,599,310.0,71.0,3278.0
1783933086.2,20452,32624,599,309.0,71.0,3115.0
1783933086.8,20452,32624,597,182.0,71.0,3237.0
1783933087.4,20452,32624,597,307.0,71.0,2787.0
1783933087.9,20452,32624,597,318.0,71.0,2793.0
1783933088.5,20450,32624,597,315.0,71.0,2675.0
1783933089.1,20450,32624,597,251.0,71.0,3113.0
1783933089.7,20448,32624,601,297.0,71.0,3238.0
1783933090.3,20448,32624,601,268.0,71.0,2724.0
1783933090.9,20448,32624,593,274.0,72.0,2793.0
1783933091.5,20446,32624,593,319.0,71.0,2695.0
1783933092.1,20446,32624,593,312.0,71.0,2800.0
1783933092.7,20439,32624,593,226.0,71.0,2804.0
1783933093.3,20439,32624,593,300.0,71.0,3270.0
1783933093.9,20439,32624,593,347.0,71.0,2989.0
1783933094.5,20439,32624,593,317.0,71.0,3246.0
1783933095.1,20446,32624,593,305.0,71.0,3281.0
1783933095.7,20446,32624,593,389.0,71.0,3091.0
1783933096.3,20446,32624,593,375.0,71.0,3042.0
1783933096.9,20443,32624,593,336.0,71.0,3227.0
1783933097.5,20443,32624,593,328.0,71.0,3119.0
1783933098.1,20443,32624,593,323.0,71.0,2863.0
1783933098.7,20443,32624,593,316.0,71.0,3273.0
1783933099.3,20443,32624,593,309.0,71.0,3104.0
1783933099.9,20443,32624,593,228.0,71.0,2685.0
1783933100.4,20435,32624,593,264.0,71.0,2877.0
1783933101.0,20439,32624,595,320.0,71.0,2701.0
1783933101.6,20439,32624,595,325.0,71.0,2828.0
1783933102.2,20439,32624,595,323.0,71.0,2839.0
1783933102.8,20439,32624,595,337.0,71.0,2865.0
1783933103.4,20433,32624,595,161.0,71.0,3199.0
1783933104.0,20435,32624,593,176.0,71.0,3039.0
1783933104.6,20441,32624,593,266.0,71.0,3229.0
1783933105.2,20440,32624,593,240.0,71.0,2926.0
1783933105.8,20440,32624,593,330.0,71.0,3255.0
1783933106.4,20440,32624,593,361.0,71.0,3151.0
1783933107.0,20440,32624,593,157.0,71.0,3128.0
1783933107.6,20452,32624,601,305.0,71.0,2626.0
1783933108.2,20452,32624,601,341.0,71.0,3260.0
1783933108.8,20452,32624,601,321.0,71.0,3093.0
1783933109.4,20452,32624,601,349.0,71.0,2904.0
1783933110.0,20452,32624,601,310.0,71.0,3278.0
1783933110.6,20452,32624,595,298.0,71.0,3075.0
1783933111.2,20452,32624,595,226.0,71.0,2966.0
1783933111.8,20448,32624,599,313.0,71.0,2776.0
1783933112.3,20452,32624,597,294.0,71.0,2734.0
1783933112.9,20452,32624,597,283.0,71.0,3109.0
1783933113.5,20452,32624,593,305.0,71.0,3267.0
1783933114.1,20452,32624,593,312.0,71.0,3137.0
1783933114.7,20452,32624,593,285.0,71.0,3157.0
1783933115.3,20452,32624,593,325.0,71.0,3285.0
1783933115.9,20445,32624,593,201.0,71.0,2826.0
1783933116.5,20443,32624,595,310.0,71.0,3263.0
1783933117.1,20548,32624,623,304.0,71.0,2744.0
1783933117.7,20548,32624,623,300.0,71.0,3247.0
1783933118.3,20547,32624,597,322.0,71.0,2766.0
1783933118.9,20552,32624,597,300.0,71.0,3214.0
1783933119.5,20547,32624,609,361.0,71.0,3185.0
1783933120.1,20547,32624,609,356.0,71.0,2692.0
1783933120.7,20547,32624,609,329.0,71.0,2845.0
1783933121.3,20547,32624,609,201.0,71.0,2771.0
1783933121.8,20537,32624,597,229.0,71.0,3097.0
1783933122.4,20537,32624,597,303.0,71.0,3244.0
1783933123.0,20512,32624,597,316.0,71.0,2790.0
1783933123.6,20512,32624,597,302.0,71.0,2758.0
1783933124.2,20508,32624,597,324.0,71.0,2936.0
1783933124.8,20492,32624,593,297.0,71.0,2736.0
1783933125.4,20490,32624,593,205.0,71.0,2636.0
1783933126.0,20476,32624,595,193.0,71.0,2699.0
1783933126.6,20476,32624,593,317.0,71.0,2815.0
1783933127.2,20476,32624,593,353.0,71.0,2759.0
1783933127.8,20476,32624,593,302.0,71.0,3208.0
1783933128.4,20476,32624,593,183.0,71.0,2853.0
1783933129.0,20476,32624,593,305.0,71.0,2940.0
1783933129.6,20472,32624,593,373.0,71.0,2947.0
1783933130.2,20472,32624,593,307.0,71.0,2798.0
1783933130.8,20472,32624,593,335.0,71.0,2825.0
1783933131.4,20472,32624,593,285.0,71.0,2723.0
1783933132.0,20472,32624,595,353.0,71.0,2688.0
1783933132.6,20472,32624,595,296.0,71.0,3060.0
1783933133.2,20472,32624,595,216.0,71.0,2670.0
1783933133.7,20472,32624,595,316.0,71.0,3123.0
1783933134.4,20472,32624,595,313.0,71.0,3262.0
1783933134.9,20472,32624,595,171.0,71.0,2906.0
1783933135.5,20472,32624,595,397.0,71.0,3138.0
1783933136.1,20472,32624,595,306.0,71.0,3267.0
1783933136.7,20472,32624,595,308.0,71.0,2838.0
1783933137.3,20472,32624,595,319.0,71.0,3268.0
1783933137.9,20464,32624,593,331.0,71.0,3191.0
1783933138.5,20464,32624,593,220.0,71.0,3075.0
1783933139.1,20464,32624,593,224.0,71.0,3056.0
1783933139.7,20464,32624,593,305.0,71.0,3257.0
1783933140.3,20464,32624,593,299.0,71.0,2821.0
1783933140.9,20464,32624,593,284.0,71.0,3173.0
1783933141.5,20464,32624,593,316.0,71.0,2957.0
1783933142.1,20464,32624,593,274.0,71.0,2977.0
1783933142.7,20464,32624,593,343.0,71.0,2976.0
1783933143.2,20464,32624,593,309.0,71.0,3266.0
1783933143.8,20464,32624,593,348.0,71.0,3181.0
1783933144.4,20464,32624,593,337.0,71.0,3176.0
1783933145.0,20464,32624,593,361.0,71.0,2181.0
1783933145.6,20464,32624,593,236.0,71.0,2623.0
1783933146.2,20464,32624,593,304.0,71.0,2824.0
1783933146.8,20464,32624,593,349.0,71.0,2757.0
1783933147.4,20464,32624,593,179.0,71.0,2791.0
1783933148.0,20464,32624,593,291.0,71.0,2708.0
1783933148.6,20464,32624,593,311.0,71.0,2686.0
1783933149.2,20464,32624,593,338.0,71.0,2805.0
1783933149.8,20464,32624,593,228.0,71.0,3187.0
1783933150.4,20464,32624,593,356.0,71.0,2829.0
1783933151.0,20464,32624,593,332.0,71.0,2878.0
1783933151.6,20464,32624,593,247.0,71.0,2733.0
1783933152.2,20464,32624,593,272.0,71.0,2852.0
1783933152.8,20464,32624,593,279.0,71.0,3119.0
1783933153.4,20464,32624,593,159.0,71.0,2818.0
1783933154.0,20464,32624,593,324.0,71.0,2881.0
1783933154.6,20464,32624,593,254.0,71.0,2646.0
1783933155.2,20464,32624,593,323.0,71.0,2890.0
1783933155.8,20460,32624,593,314.0,71.0,2974.0
1783933156.4,20458,32624,593,413.0,71.0,3229.0
1783933157.0,20458,32624,593,290.0,71.0,2638.0
1783933157.6,20458,32624,593,80.0,71.0,2959.0
1783933158.2,20480,32624,597,300.0,71.0,3275.0
1783933158.8,20484,32624,597,330.0,71.0,3212.0
1783933159.4,20484,32624,597,318.0,71.0,2875.0
1783933160.0,20501,32624,607,296.0,71.0,3276.0
1783933160.6,20505,32624,616,303.0,71.0,3270.0
1783933161.2,20499,32624,605,304.0,71.0,2778.0
1783933161.8,20499,32624,605,289.0,71.0,2724.0
1783933162.4,20499,32624,601,298.0,71.0,3277.0
1783933162.9,20499,32624,601,194.0,71.0,3180.0
1783933163.5,20499,32624,601,305.0,71.0,3278.0
1783933164.1,20499,32624,601,313.0,71.0,3262.0
1783933164.7,20499,32624,601,345.0,71.0,2929.0
1783933165.3,20489,32624,601,306.0,71.0,2864.0
1783933165.9,20497,32624,603,292.0,71.0,3232.0
1783933166.5,20491,32624,603,258.0,71.0,3031.0
1783933167.1,20491,32624,603,210.0,71.0,2826.0
1783933167.7,20491,32624,603,207.0,71.0,3254.0
1783933168.3,20472,32624,597,331.0,71.0,2819.0
1783933168.9,20472,32624,597,302.0,71.0,3245.0
1783933169.5,20472,32624,597,372.0,71.0,3179.0
1783933170.1,20472,32624,601,323.0,71.0,3112.0
1783933170.7,20472,32624,601,193.0,72.0,2788.0
1783933171.3,20472,32624,601,361.0,71.0,2663.0
1783933171.8,20472,32624,601,331.0,71.0,3204.0
1783933172.4,20472,32624,601,342.0,71.0,2918.0
1783933173.0,20472,32624,601,315.0,71.0,3280.0
1783933173.6,20464,32624,601,145.0,71.0,2842.0
1783933174.2,20464,32624,601,213.0,71.0,2710.0
1783933174.8,20464,32624,601,271.0,71.0,2813.0
1783933175.4,20464,32624,601,297.0,71.0,3067.0
1783933176.0,20464,32624,601,308.0,71.0,3278.0
1783933176.6,20464,32624,601,320.0,71.0,3080.0
1783933177.2,20464,32624,601,315.0,71.0,3280.0
1783933177.8,20464,32624,601,265.0,71.0,2815.0
1783933178.4,20464,32624,602,162.0,69.0,2350.0
1783933179.0,20464,32624,602,275.0,70.0,2926.0
1783933179.6,20464,32624,602,286.0,70.0,2746.0
1783933180.2,20469,32624,600,307.0,71.0,3258.0
1783933180.8,20469,32624,600,316.0,71.0,2774.0
1783933181.4,20469,32624,598,361.0,71.0,3180.0
1783933182.0,20469,32624,598,305.0,71.0,3229.0
1783933182.6,20469,32624,598,325.0,71.0,2872.0
1783933183.1,20469,32624,598,317.0,71.0,3252.0
1783933183.7,20469,32624,598,289.0,71.0,3224.0
1783933184.3,20469,32624,598,286.0,71.0,3156.0
1783933184.9,20469,32624,598,260.0,71.0,2764.0
1783933185.5,20467,32624,600,230.0,71.0,3122.0
1783933186.1,20467,32624,600,313.0,71.0,2769.0
1783933186.7,20467,32624,600,311.0,71.0,3145.0
1783933187.3,20467,32624,600,318.0,70.0,3259.0
1783933187.9,20467,32624,600,358.0,71.0,3157.0
1783933188.5,20467,32624,600,316.0,71.0,2768.0
1783933189.1,20467,32624,600,333.0,71.0,2957.0
1783933189.7,20467,32624,600,191.0,71.0,3199.0
1783933190.3,20467,32624,600,316.0,71.0,2695.0
1783933190.9,20467,32624,600,340.0,71.0,2921.0
1783933191.5,20467,32624,600,331.0,71.0,2819.0
1783933192.1,20470,32624,600,322.0,71.0,3196.0
1783933192.7,20471,32624,600,239.0,71.0,3267.0
1783933193.3,20471,32624,600,320.0,71.0,3097.0
1783933193.8,20471,32624,594,308.0,71.0,2965.0
1783933194.4,20471,32624,598,315.0,71.0,3122.0
1783933195.0,20471,32624,598,327.0,71.0,3009.0
1783933195.6,20508,32624,619,293.0,71.0,2657.0
1783933196.2,20543,32624,625,327.0,71.0,3153.0
1783933196.8,20540,32624,613,307.0,71.0,3157.0
1783933197.4,20540,32624,613,171.0,71.0,3286.0
1783933198.0,20530,32624,602,296.0,71.0,2725.0
1783933198.6,20530,32624,602,332.0,71.0,2923.0
1783933199.2,20503,32624,600,318.0,71.0,3099.0
1783933199.8,20503,32624,600,325.0,71.0,2725.0
1783933200.4,20503,32624,600,323.0,71.0,3247.0
1783933201.0,20503,32624,600,333.0,71.0,3231.0
1783933201.6,20499,32624,596,307.0,71.0,2772.0
1783933202.2,20491,32624,596,317.0,71.0,2730.0
1783933202.8,20491,32624,596,313.0,71.0,3181.0
1783933203.4,20469,32624,596,182.0,71.0,2872.0
1783933203.9,20469,32624,596,79.0,71.0,2968.0
1783933204.5,20469,32624,596,346.0,71.0,2717.0
1783933205.1,20469,32624,596,349.0,71.0,3092.0
1783933205.7,20469,32624,596,318.0,71.0,2733.0
1783933206.3,20469,32624,596,140.0,71.0,2670.0
1783933206.9,20472,32624,596,285.0,71.0,3141.0
1783933207.5,20472,32624,596,217.0,71.0,2795.0
1783933208.1,20472,32624,596,311.0,71.0,2747.0
1783933208.7,20472,32624,596,224.0,69.0,2750.0
1783933209.3,20472,32624,596,310.0,70.0,2847.0
1783933209.9,20472,32624,596,341.0,71.0,2874.0
1783933210.5,20472,32624,596,305.0,71.0,2723.0
1783933211.1,20472,32624,596,332.0,71.0,3003.0
1783933211.7,20468,32624,594,157.0,71.0,2756.0
1783933212.3,20468,32624,594,271.0,71.0,3060.0
1783933212.9,20468,32624,594,300.0,71.0,3271.0
1783933213.5,20468,32624,594,234.0,71.0,3014.0
1783933214.0,20468,32624,594,307.0,71.0,2761.0
1783933214.6,20468,32624,594,348.0,71.0,2995.0
1783933215.2,20468,32624,594,329.0,71.0,2920.0
1783933215.8,20468,32624,594,281.0,71.0,3250.0
1783933216.4,20468,32624,594,310.0,71.0,2965.0
1783933217.0,20464,32624,594,332.0,71.0,3059.0
1783933217.6,20464,32624,594,318.0,71.0,3288.0
1783933218.2,20464,32624,594,165.0,71.0,2827.0
1783933218.8,20464,32624,594,296.0,71.0,3129.0
1783933219.4,20464,32624,594,336.0,71.0,2750.0
1783933220.0,20464,32624,594,316.0,71.0,2744.0
1783933220.6,20464,32624,594,331.0,71.0,3228.0
1783933221.2,20464,32624,594,316.0,71.0,3264.0
1783933221.8,20468,32624,594,327.0,71.0,2862.0
1783933222.4,20468,32624,594,367.0,71.0,3192.0
1783933222.9,20468,32624,594,320.0,71.0,3272.0
1783933223.5,20468,32624,594,305.0,71.0,3108.0
1783933224.1,20468,32624,594,334.0,71.0,2878.0
1783933224.7,20468,32624,594,306.0,71.0,2757.0
1783933225.3,20468,32624,594,200.0,71.0,2567.0
1783933225.9,20468,32624,594,309.0,71.0,3182.0
1783933226.5,20468,32624,594,313.0,71.0,3173.0
1783933227.1,20468,32624,594,311.0,71.0,2896.0
1783933227.7,20468,32624,594,300.0,71.0,3256.0
1783933228.3,20468,32624,594,307.0,71.0,2785.0
1783933228.9,20468,32624,594,309.0,71.0,2750.0
1783933229.5,20468,32624,594,312.0,71.0,3087.0
1783933230.0,20468,32624,594,312.0,71.0,2849.0
1783933230.6,20468,32624,594,295.0,71.0,2704.0
1783933231.2,20468,32624,594,329.0,71.0,2767.0
1783933231.8,20468,32624,594,314.0,71.0,2816.0
1783933232.4,20468,32624,594,309.0,71.0,3273.0
1783933233.0,20468,32624,594,299.0,71.0,3281.0
1783933233.6,20468,32624,594,321.0,71.0,2985.0
1783933234.2,20468,32624,594,351.0,71.0,3218.0
1783933234.8,20468,32624,594,332.0,71.0,2733.0
1783933235.4,20468,32624,594,300.0,71.0,2930.0
1783933236.0,20468,32624,594,326.0,71.0,2847.0
1783933236.6,20468,32624,594,310.0,71.0,3273.0
1783933237.1,20468,32624,594,310.0,71.0,2753.0
1783933237.7,20468,32624,594,295.0,71.0,3257.0
1783933238.3,20468,32624,594,192.0,71.0,2956.0
1783933238.9,20468,32624,594,388.0,71.0,3226.0
1783933239.5,20473,32624,598,322.0,71.0,2840.0
1783933240.1,20473,32624,598,415.0,71.0,3155.0
1783933240.7,20473,32624,598,296.0,71.0,2745.0
1783933241.3,20473,32624,598,364.0,71.0,3075.0
1783933241.9,20473,32624,598,325.0,71.0,2877.0
1783933242.5,20473,32624,598,326.0,71.0,2853.0
1783933243.1,20473,32624,598,243.0,71.0,3207.0
1783933243.7,20473,32624,598,325.0,71.0,2848.0
1783933244.2,20477,32624,598,342.0,71.0,2974.0
1783933244.8,20477,32624,598,329.0,71.0,2740.0
1783933245.4,20477,32624,598,343.0,71.0,2892.0
1783933246.0,20477,32624,598,294.0,71.0,3242.0
1783933246.6,20477,32624,598,169.0,71.0,2649.0
1783933247.2,20477,32624,598,312.0,71.0,2959.0
1783933247.8,20478,32624,598,315.0,71.0,2806.0
1783933248.4,20478,32624,598,325.0,71.0,3074.0
1783933249.0,20478,32624,598,172.0,70.0,2809.0
1783933249.6,20478,32624,598,330.0,71.0,2863.0
1783933250.2,20478,32624,598,311.0,71.0,3100.0
1783933250.8,20478,32624,598,349.0,71.0,2866.0
1783933251.3,20478,32624,598,336.0,71.0,3043.0
1783933251.9,20478,32624,598,292.0,71.0,3266.0
1783933252.5,20478,32624,598,324.0,71.0,2898.0
1783933253.1,20478,32624,598,225.0,71.0,3223.0
1783933253.7,20478,32624,598,312.0,71.0,2713.0
1783933254.3,20478,32624,598,356.0,71.0,3202.0
1783933254.9,20478,32624,598,102.0,71.0,3036.0
1783933255.5,20491,32624,612,306.0,71.0,3268.0
1783933256.1,20513,32624,612,295.0,71.0,2872.0
1783933256.7,20513,32624,612,319.0,71.0,3279.0
1783933257.3,20513,32624,612,207.0,71.0,3254.0
1783933257.9,20513,32624,594,323.0,71.0,3279.0
1783933258.5,20513,32624,594,325.0,71.0,3267.0
1783933259.1,20513,32624,594,309.0,71.0,2791.0
1783933259.7,20513,32624,594,131.0,71.0,3284.0
1783933260.3,20513,32624,594,313.0,71.0,2752.0
1783933260.9,20509,32624,594,332.0,71.0,3173.0
1783933261.5,20509,32624,594,293.0,71.0,2897.0
1783933262.1,20509,32624,594,304.0,71.0,3078.0
1783933262.7,20509,32624,594,326.0,71.0,2951.0
1783933263.3,20505,32624,596,313.0,71.0,3286.0
1783933263.8,20505,32624,596,310.0,71.0,3261.0
1783933264.4,20491,32624,604,290.0,71.0,3278.0
1783933265.0,20491,32624,604,315.0,71.0,3283.0
1783933265.6,20494,32624,600,318.0,71.0,3160.0
1783933266.2,20494,32624,600,339.0,71.0,3204.0
1783933266.8,20494,32624,600,339.0,71.0,3079.0
1783933267.4,20494,32624,600,308.0,71.0,3254.0
1783933268.0,20494,32624,600,310.0,71.0,3276.0
1783933268.6,20494,32624,600,296.0,71.0,3256.0
1783933269.2,20494,32624,596,265.0,71.0,3249.0
1783933269.8,20494,32624,596,242.0,71.0,3077.0
1783933270.4,20486,32624,596,315.0,71.0,3129.0
1783933271.0,20486,32624,596,314.0,71.0,3099.0
1783933271.6,20486,32624,596,317.0,71.0,2918.0
1783933272.2,20486,32624,596,318.0,71.0,3278.0
1783933272.8,20486,32624,596,199.0,71.0,3118.0
1783933273.4,20486,32624,596,150.0,71.0,2639.0
1783933274.0,20486,32624,596,315.0,71.0,3253.0
1783933274.6,20486,32624,596,323.0,71.0,3236.0
1783933275.2,20486,32624,596,329.0,71.0,3242.0
1783933275.8,20475,32624,606,305.0,71.0,3219.0
1783933276.3,20475,32624,606,298.0,71.0,3258.0
1783933276.9,20475,32624,606,317.0,71.0,3029.0
1783933277.5,20475,32624,594,313.0,71.0,2985.0
1783933278.1,20475,32624,594,309.0,71.0,3269.0
1783933278.7,20475,32624,594,357.0,71.0,3009.0
1783933279.3,20475,32624,594,325.0,71.0,3249.0
1783933279.9,20475,32624,594,377.0,71.0,3102.0
1783933280.5,20475,32624,594,302.0,71.0,3243.0
1783933281.1,20475,32624,594,242.0,71.0,2738.0
1783933281.7,20475,32624,594,315.0,71.0,3012.0
1783933282.3,20475,32624,594,275.0,71.0,3216.0
1783933282.9,20475,32624,594,298.0,71.0,3249.0
1783933283.5,20475,32624,594,273.0,71.0,3223.0
1783933284.0,20475,32624,594,381.0,71.0,3176.0
1783933284.6,20475,32624,594,270.0,71.0,2839.0
1783933285.2,20475,32624,594,294.0,71.0,3250.0
1783933285.8,20475,32624,594,325.0,71.0,3164.0
1783933286.4,20475,32624,594,300.0,71.0,3220.0
1783933287.0,20475,32624,594,397.0,71.0,3206.0
1783933287.6,20475,32624,594,165.0,71.0,3170.0
1783933288.2,20475,32624,594,340.0,71.0,3250.0
1783933288.8,20475,32624,594,309.0,71.0,3246.0
1783933289.4,20475,32624,594,286.0,71.0,2906.0
1783933290.0,20475,32624,594,301.0,71.0,3153.0
1783933290.6,20475,32624,594,275.0,71.0,3207.0
1783933291.2,20475,32624,594,297.0,71.0,2717.0
1783933291.8,20475,32624,594,195.0,71.0,3048.0
1783933292.3,20475,32624,594,331.0,71.0,3166.0
1783933292.9,20475,32624,594,332.0,71.0,3265.0
1783933293.5,20475,32624,594,345.0,71.0,3130.0
1783933294.1,20475,32624,594,310.0,71.0,3274.0
1783933294.7,20475,32624,594,305.0,71.0,3230.0
1783933295.3,20471,32624,594,336.0,71.0,2874.0
1783933295.9,20471,32624,594,306.0,71.0,2719.0
1783933296.5,20471,32624,594,266.0,71.0,2882.0
1783933297.1,20471,32624,594,165.0,71.0,3020.0
1783933297.7,20471,32624,594,360.0,71.0,3024.0
1783933298.3,20471,32624,594,314.0,71.0,3277.0
1783933298.8,20471,32624,594,302.0,71.0,3056.0
1783933299.4,20471,32624,594,301.0,71.0,3256.0
1783933300.0,20471,32624,594,268.0,71.0,3154.0
1783933300.6,20471,32624,594,342.0,71.0,2711.0
1783933301.2,20471,32624,594,239.0,71.0,2823.0
1783933301.8,20471,32624,594,343.0,71.0,3237.0
1783933302.4,20471,32624,594,332.0,71.0,3188.0
1783933303.0,20471,32624,594,306.0,71.0,2958.0
1783933303.6,20471,32624,594,308.0,71.0,3257.0
1783933304.2,20471,32624,594,321.0,71.0,3130.0
1783933304.8,20471,32624,594,302.0,71.0,3280.0
1783933305.3,20471,32624,594,301.0,71.0,3109.0
1783933305.9,20471,32624,594,318.0,71.0,3034.0
1783933306.5,20471,32624,594,362.0,71.0,3227.0
1783933307.1,20471,32624,594,316.0,71.0,2736.0
1783933307.7,20471,32624,594,326.0,71.0,3161.0
1783933308.3,20471,32624,594,410.0,71.0,3162.0
1783933308.9,20471,32624,594,328.0,71.0,2867.0
1783933309.5,20471,32624,594,313.0,71.0,3118.0
1783933310.1,20454,32624,596,326.0,71.0,3016.0
1783933310.7,20465,32624,602,304.0,71.0,3275.0
1783933311.3,20465,32624,602,321.0,71.0,2939.0
1783933311.9,20465,32624,602,312.0,71.0,2955.0
1783933312.4,20465,32624,602,366.0,71.0,3181.0
1783933313.0,20465,32624,602,214.0,71.0,2950.0
1783933313.6,20465,32624,602,315.0,71.0,2939.0
1783933314.2,20465,32624,602,311.0,71.0,3241.0
1783933314.8,20465,32624,602,151.0,71.0,2938.0
1783933315.4,20465,32624,600,305.0,71.0,3244.0
1783933316.0,20465,32624,600,310.0,71.0,2820.0
1783933316.6,20465,32624,600,344.0,71.0,2884.0
1783933317.2,20465,32624,600,285.0,71.0,2877.0
1783933317.8,20465,32624,600,310.0,71.0,2811.0
1783933318.3,20465,32624,600,284.0,71.0,2759.0
1783933318.9,20465,32624,600,314.0,71.0,2807.0
1783933319.5,20465,32624,600,329.0,71.0,2891.0
1783933320.1,20465,32624,600,310.0,71.0,3140.0
1783933320.7,20465,32624,600,320.0,71.0,2710.0
1783933321.3,20463,32624,594,340.0,71.0,2726.0
1783933321.9,20457,32624,594,332.0,71.0,2873.0
1783933322.5,20457,32624,594,310.0,71.0,2927.0
1783933323.1,20457,32624,594,367.0,71.0,3174.0
1783933323.7,20457,32624,594,308.0,71.0,3246.0
1783933324.3,20457,32624,594,331.0,71.0,3239.0
1783933324.9,20457,32624,594,364.0,71.0,3017.0
1783933325.4,20457,32624,594,317.0,71.0,3019.0
1783933326.0,20457,32624,594,296.0,71.0,2937.0
1783933326.6,20457,32624,594,423.0,71.0,3197.0
1783933327.2,20467,32624,602,315.0,71.0,2836.0
1783933327.8,20467,32624,600,349.0,71.0,2905.0
1783933328.4,20469,32624,598,315.0,71.0,2839.0
1783933329.0,20469,32624,594,289.0,71.0,3209.0
1783933329.6,20467,32624,596,317.0,71.0,2807.0
1783933330.2,20467,32624,596,332.0,71.0,3250.0
1783933330.8,20467,32624,596,322.0,71.0,2858.0
1783933331.4,20467,32624,596,230.0,71.0,2844.0
1783933332.0,20467,32624,596,314.0,71.0,3108.0
1783933332.6,20467,32624,596,375.0,71.0,3105.0
1783933333.2,20469,32624,596,158.0,71.0,2955.0
1783933333.8,20504,32624,620,363.0,71.0,3203.0
1783933334.4,20510,32624,622,330.0,71.0,3263.0
1783933335.0,20561,32624,621,276.0,71.0,2784.0
1783933335.6,20562,32624,604,386.0,71.0,3189.0
1783933336.2,20562,32624,604,188.0,71.0,3138.0
1783933336.8,20562,32624,604,34.0,70.0,0.0
1783933337.4,20562,32624,600,309.0,70.0,2832.0
1783933338.0,20562,32624,600,298.0,71.0,3269.0
1783933338.6,20562,32624,600,306.0,71.0,3268.0
1783933339.2,20547,32624,600,188.0,71.0,3118.0
1783933339.8,20530,32624,596,324.0,71.0,2902.0
1783933340.4,20542,32624,602,312.0,71.0,2899.0
1783933341.0,20512,32624,600,348.0,71.0,3241.0
1783933341.6,20499,32624,596,221.0,71.0,3238.0
1783933342.2,20499,32624,596,261.0,71.0,2849.0
1783933342.7,20499,32624,596,323.0,71.0,3270.0
1783933343.3,20499,32624,596,306.0,71.0,3255.0
1783933343.9,20495,32624,596,309.0,71.0,3063.0
1783933344.5,20502,32624,596,239.0,71.0,3262.0
1783933345.1,20502,32624,596,177.0,71.0,3280.0
1783933345.7,20502,32624,596,317.0,71.0,3267.0
1783933346.3,20502,32624,596,293.0,71.0,2693.0
1783933346.9,20527,32624,596,314.0,71.0,3282.0
1783933347.5,20527,32624,596,211.0,71.0,3064.0
1783933348.1,20527,32624,596,319.0,71.0,3263.0
1783933348.7,20527,32624,596,307.0,71.0,3052.0
1783933349.3,20527,32624,596,339.0,71.0,3245.0
1783933349.9,20521,32624,594,323.0,71.0,3048.0
1783933350.4,20521,32624,596,323.0,71.0,2976.0
1783933351.0,20521,32624,596,290.0,71.0,2734.0
1783933351.6,20525,32624,598,299.0,71.0,3272.0
1783933352.2,20525,32624,598,319.0,71.0,2981.0
1783933352.8,20525,32624,598,316.0,71.0,2994.0
1783933353.4,20525,32624,598,304.0,71.0,3059.0
1783933354.0,20525,32624,598,363.0,71.0,3178.0
1783933354.6,20511,32624,598,300.0,71.0,3272.0
1783933355.2,20511,32624,596,355.0,71.0,2974.0
1783933355.8,20511,32624,598,245.0,71.0,3262.0
1783933356.4,20511,32624,598,308.0,71.0,3256.0
1783933357.0,20511,32624,598,306.0,71.0,3268.0
1783933357.6,20507,32624,598,311.0,71.0,3267.0
1783933358.2,20507,32624,598,301.0,71.0,3267.0
1783933358.8,20507,32624,598,210.0,71.0,3250.0
1783933359.3,20507,32624,598,319.0,71.0,3277.0
1783933359.9,20507,32624,598,298.0,71.0,3254.0
1783933360.5,20529,32624,602,286.0,71.0,3254.0
1783933361.1,20520,32624,602,268.0,71.0,3028.0
1783933361.7,20536,32624,602,344.0,71.0,3200.0
1783933362.3,20538,32624,604,311.0,71.0,3269.0
1783933362.9,20538,32624,604,314.0,71.0,3182.0
1783933363.5,20536,32624,596,312.0,71.0,2885.0
1783933364.1,20566,32624,614,311.0,71.0,3280.0
1783933364.7,20562,32624,614,201.0,71.0,2929.0
1783933365.3,20540,32624,596,314.0,71.0,3049.0
1783933365.9,20595,32624,612,269.0,71.0,2906.0
1783933366.5,20595,32624,612,181.0,71.0,2660.0
1783933367.1,20595,32624,612,320.0,71.0,3186.0
1783933367.7,20514,32624,606,133.0,71.0,2874.0
1783933368.3,20514,32624,606,329.0,71.0,3241.0
1783933368.9,20514,32624,606,370.0,71.0,3203.0
1783933369.5,20514,32624,606,310.0,71.0,3092.0
1783933370.1,20514,32624,606,329.0,71.0,3180.0
1783933370.7,20514,32624,606,294.0,71.0,3236.0
1783933371.3,20473,32624,606,385.0,71.0,3218.0
1783933371.9,20473,32624,606,257.0,71.0,3294.0
1783933372.5,20473,32624,606,206.0,71.0,2880.0
1783933373.1,20465,32624,608,298.0,71.0,3280.0
1783933373.7,20545,32624,639,382.0,71.0,3187.0
1783933374.3,20544,32624,635,308.0,71.0,3270.0
1783933374.9,20521,32624,610,330.0,71.0,2839.0
1783933375.4,20518,32624,612,291.0,71.0,3177.0
1783933376.0,20538,32624,616,394.0,71.0,3174.0
1783933376.6,20538,32624,616,404.0,71.0,3168.0
1783933377.2,20529,32624,624,302.0,71.0,2770.0
1783933377.8,20496,32624,608,326.0,71.0,3232.0
1783933378.4,20495,32624,608,327.0,71.0,3211.0
1783933379.0,20479,32624,618,310.0,71.0,3067.0
1783933379.6,20479,32624,598,312.0,71.0,3074.0
1783933380.2,20479,32624,598,159.0,71.0,2645.0
1783933380.8,20463,32624,604,328.0,71.0,3239.0
1783933381.4,20463,32624,604,108.0,71.0,3292.0
1783933382.0,20459,32624,616,302.0,71.0,3070.0
1783933382.6,20459,32624,616,290.0,71.0,3136.0
1783933383.2,20452,32624,616,242.0,71.0,2890.0
1783933383.8,20454,32624,618,278.0,71.0,3254.0
1783933384.4,20454,32624,618,309.0,71.0,3287.0
1783933385.0,20454,32624,604,292.0,71.0,3224.0
1783933385.6,20424,32624,602,302.0,71.0,3048.0
1783933386.2,20424,32624,602,343.0,71.0,3095.0
1783933386.8,20421,32624,602,316.0,71.0,3276.0
1783933387.4,20431,32624,606,371.0,71.0,3208.0
1783933388.0,20454,32624,618,215.0,71.0,3275.0
1783933388.6,20450,32624,618,296.0,71.0,2738.0
1783933389.2,20450,32624,604,203.0,71.0,3178.0
1783933389.8,20448,32624,620,246.0,71.0,3051.0
1783933390.4,20448,32624,618,278.0,71.0,3253.0
1783933391.0,20441,32624,618,323.0,71.0,3282.0
1783933391.6,20433,32624,618,296.0,71.0,3131.0
1783933392.2,20435,32624,606,337.0,71.0,3239.0
1783933392.8,20437,32624,600,317.0,71.0,3281.0
1783933393.4,20437,32624,598,286.0,71.0,3253.0
1783933394.0,20433,32624,596,188.0,71.0,2911.0
1783933394.6,20433,32624,596,328.0,71.0,3239.0
1783933395.2,20426,32624,596,301.0,71.0,3272.0
1783933395.8,20426,32624,596,278.0,71.0,2672.0
1783933396.4,20419,32624,596,312.0,71.0,3257.0
1783933397.0,20403,32624,594,315.0,71.0,3279.0
1783933397.6,20403,32624,594,308.0,71.0,3169.0
1783933398.2,20400,32624,594,289.0,71.0,3091.0
1783933398.8,20396,32624,594,377.0,71.0,3030.0
1783933399.4,20396,32624,594,299.0,71.0,3223.0
1783933400.0,20390,32624,594,234.0,71.0,3180.0
1783933400.6,20390,32624,594,325.0,71.0,2822.0
1783933401.2,20390,32624,594,342.0,71.0,2850.0
1783933401.8,20390,32624,594,239.0,71.0,3255.0
1783933402.4,20390,32624,594,315.0,71.0,2742.0
1783933403.0,20390,32624,594,311.0,71.0,3269.0
1783933403.6,20390,32624,594,165.0,71.0,2624.0
1783933404.2,20390,32624,594,331.0,71.0,3241.0
1783933404.8,20407,32624,606,300.0,71.0,3237.0
1783933405.4,20407,32624,606,335.0,71.0,3228.0
1783933406.0,20438,32624,610,323.0,71.0,3261.0
1783933406.6,20452,32624,616,313.0,71.0,3242.0
1783933407.2,20472,32624,614,143.0,71.0,2608.0
1783933407.8,20488,32624,612,317.0,71.0,3279.0
1783933408.4,20500,32624,602,99.0,72.0,2822.0
1783933409.0,20500,32624,602,123.0,71.0,3117.0
1783933409.6,20479,32624,598,305.0,71.0,3234.0
1783933410.2,20477,32624,598,259.0,71.0,3247.0
1783933410.8,20444,32624,598,365.0,71.0,2752.0
1783933411.4,20440,32624,598,316.0,71.0,3106.0
1783933412.0,20440,32624,592,174.0,71.0,3295.0
1783933412.6,20428,32624,592,306.0,71.0,3074.0
1783933413.2,20494,32624,610,307.0,71.0,2746.0
1783933413.8,20498,32624,598,340.0,71.0,3229.0
1783933414.4,20498,32624,600,310.0,71.0,3278.0
1783933415.0,20498,32624,596,315.0,71.0,3283.0
1783933415.6,20478,32624,594,349.0,71.0,2981.0
1783933416.2,20493,32624,606,350.0,71.0,3235.0
1783933416.8,20493,32624,606,314.0,71.0,3273.0
1783933417.4,20493,32624,602,295.0,71.0,3258.0
1783933418.0,20497,32624,602,178.0,72.0,2783.0
1783933418.6,20497,32624,600,346.0,71.0,3091.0
1783933419.2,20497,32624,600,282.0,71.0,2674.0
1783933419.8,20497,32624,600,298.0,71.0,3055.0
1783933420.4,20493,32624,600,277.0,71.0,3239.0
1783933421.0,20497,32624,600,241.0,71.0,3176.0
1783933421.6,20501,32624,602,323.0,71.0,2758.0
1783933422.2,20501,32624,598,317.0,71.0,2836.0
1783933422.8,20506,32624,604,266.0,72.0,2610.0
1783933423.4,20505,32624,598,83.0,71.0,3166.0
1783933424.0,20522,32624,604,317.0,71.0,2803.0
1783933424.6,20501,32624,602,292.0,71.0,3249.0
1783933425.2,20501,32624,602,317.0,71.0,3280.0
1783933425.8,20489,32624,592,333.0,71.0,3196.0
1783933426.3,20489,32624,592,313.0,71.0,3196.0
1783933426.9,20468,32624,592,169.0,71.0,2795.0
1783933427.5,20448,32624,592,234.0,71.0,2707.0
1783933428.1,20448,32624,592,321.0,71.0,3261.0
1783933428.7,20448,32624,592,307.0,71.0,3281.0
1783933429.3,20448,32624,592,290.0,71.0,3242.0
1783933429.9,20426,32624,592,365.0,71.0,3018.0
1783933430.5,20426,32624,592,303.0,71.0,3259.0
1783933431.1,20426,32624,592,293.0,71.0,3256.0
1783933431.7,20426,32624,592,363.0,71.0,3184.0
1783933432.3,20426,32624,592,318.0,71.0,3273.0
1783933432.9,20426,32624,592,412.0,71.0,2111.0
1783933433.5,20426,32624,592,321.0,71.0,2741.0
1783933434.1,20425,32624,592,324.0,71.0,2842.0
1783933434.7,20425,32624,592,313.0,71.0,3267.0
1783933435.3,20425,32624,592,354.0,71.0,2907.0
1783933435.9,20425,32624,592,313.0,71.0,2971.0
1783933436.5,20425,32624,592,314.0,71.0,2723.0
1783933437.1,20425,32624,592,218.0,71.0,2798.0
1783933437.7,20425,32624,592,285.0,71.0,2908.0
1783933438.3,20425,32624,592,312.0,71.0,3257.0
1783933438.9,20425,32624,592,279.0,71.0,2708.0
1783933439.5,20425,32624,592,310.0,71.0,2892.0
1783933440.1,20425,32624,592,310.0,71.0,2970.0
1783933440.6,20429,32624,592,183.0,71.0,3260.0
1783933441.2,20453,32624,600,229.0,71.0,3187.0
1783933441.8,20453,32624,592,317.0,71.0,3144.0
1783933442.4,20460,32624,594,316.0,71.0,3195.0
1783933443.0,20460,32624,594,343.0,71.0,3235.0
1783933443.6,20460,32624,594,223.0,71.0,3097.0
1783933444.2,20460,32624,594,313.0,71.0,2794.0
1783933444.8,20460,32624,594,302.0,71.0,3213.0
1783933445.4,20460,32624,594,338.0,71.0,3227.0
1783933446.0,20422,32624,594,278.0,71.0,3152.0
1783933446.6,20422,32624,594,231.0,71.0,2950.0
1783933447.2,20422,32624,594,325.0,71.0,2813.0
1783933447.8,20422,32624,594,309.0,71.0,3270.0
1783933448.3,20422,32624,594,305.0,71.0,3262.0
1783933448.9,20422,32624,594,176.0,71.0,3000.0
1783933449.5,20422,32624,594,320.0,71.0,2706.0
1783933450.1,20422,32624,594,319.0,71.0,2639.0
1783933450.7,20422,32624,594,415.0,71.0,3148.0
1783933451.3,20422,32624,594,319.0,71.0,2937.0
1783933451.9,20422,32624,594,302.0,71.0,2732.0
1783933452.5,20422,32624,594,324.0,71.0,3104.0
1783933453.1,20422,32624,594,128.0,71.0,3018.0
1783933453.7,20422,32624,594,301.0,71.0,3066.0
1783933454.3,20422,32624,594,246.0,71.0,2799.0
1783933454.9,20422,32624,594,311.0,71.0,3256.0
1783933455.5,20422,32624,594,320.0,71.0,3279.0
1783933456.1,20422,32624,594,176.0,71.0,2841.0
1783933456.6,20422,32624,594,303.0,71.0,2882.0
1783933457.2,20422,32624,594,296.0,71.0,3204.0
1783933457.8,20422,32624,594,195.0,71.0,2751.0
1783933458.4,20422,32624,594,314.0,71.0,2843.0
1783933459.0,20422,32624,594,244.0,71.0,2682.0
1783933459.6,20422,32624,594,324.0,71.0,2964.0
1783933460.2,20422,32624,594,389.0,71.0,3155.0
1783933460.8,20422,32624,594,313.0,71.0,3091.0
1783933461.4,20423,32624,594,309.0,71.0,3284.0
1783933462.0,20423,32624,594,303.0,71.0,3093.0
1783933462.6,20423,32624,594,306.0,71.0,3281.0
1783933463.2,20423,32624,594,164.0,71.0,3287.0
1783933463.8,20423,32624,594,291.0,71.0,3194.0
1783933464.4,20423,32624,594,273.0,71.0,3177.0
1783933465.0,20423,32624,594,313.0,71.0,3095.0
1783933465.6,20423,32624,594,309.0,71.0,3233.0
1783933466.1,20430,32624,594,327.0,71.0,2975.0
1783933466.7,20430,32624,594,342.0,71.0,2905.0
1783933467.3,20430,32624,594,316.0,71.0,2880.0
1783933467.9,20457,32624,596,341.0,71.0,2790.0
1783933468.5,20457,32624,596,185.0,71.0,2675.0
1783933469.1,20457,32624,596,269.0,71.0,3059.0
1783933469.7,20457,32624,596,267.0,71.0,3133.0
1783933470.3,20457,32624,596,338.0,71.0,3207.0
1783933470.9,20457,32624,596,341.0,71.0,3092.0
1783933471.5,20457,32624,596,166.0,71.0,2722.0
1783933472.0,20457,32624,596,317.0,71.0,3274.0
1783933472.6,20457,32624,596,305.0,71.0,2793.0
1783933473.2,20457,32624,594,292.0,71.0,3026.0
1783933473.8,20457,32624,594,312.0,71.0,3231.0
1783933474.4,20457,32624,594,315.0,71.0,3222.0
1783933475.0,20457,32624,594,331.0,71.0,2845.0
1783933475.6,20453,32624,594,296.0,71.0,3268.0
1783933476.2,20453,32624,594,200.0,71.0,3268.0
1783933476.8,20453,32624,594,310.0,71.0,2584.0
1783933477.4,20453,32624,594,288.0,72.0,3249.0
1783933478.0,20453,32624,594,289.0,71.0,3223.0
1783933478.6,20453,32624,594,336.0,71.0,3240.0
1783933479.2,20453,32624,594,308.0,71.0,3272.0
1783933479.7,20453,32624,594,297.0,71.0,3232.0
1783933480.3,20453,32624,594,317.0,71.0,2612.0
1783933480.9,20453,32624,594,331.0,71.0,2799.0
1783933481.5,20453,32624,594,303.0,71.0,3214.0
1783933482.1,20453,32624,594,292.0,71.0,3260.0
1783933482.7,20453,32624,594,310.0,71.0,2805.0
1783933483.3,20453,32624,594,314.0,71.0,3245.0
1783933483.9,20453,32624,594,211.0,71.0,3175.0
1783933484.5,20453,32624,594,323.0,71.0,2822.0
1783933485.1,20453,32624,594,341.0,71.0,2905.0
1783933485.7,20453,32624,594,294.0,71.0,2783.0
1783933486.2,20453,32624,594,330.0,71.0,3219.0
1783933486.8,20453,32624,594,152.0,71.0,2881.0
1783933487.4,20453,32624,594,314.0,71.0,3259.0
1783933488.0,20453,32624,594,275.0,71.0,3156.0
1783933488.6,20453,32624,594,345.0,71.0,3232.0
1783933489.2,20453,32624,594,299.0,71.0,2889.0
1783933489.8,20453,32624,594,200.0,71.0,3054.0
1783933490.4,20453,32624,594,314.0,71.0,3270.0
1783933491.0,20453,32624,594,305.0,71.0,3276.0
1783933491.6,20453,32624,594,285.0,71.0,3119.0
1783933492.2,20453,32624,594,207.0,71.0,2748.0
1783933492.8,20453,32624,594,331.0,71.0,3214.0
1783933493.4,20453,32624,594,247.0,71.0,3268.0
1783933493.9,20453,32624,594,309.0,71.0,3238.0
1783933494.5,20453,32624,594,341.0,71.0,3228.0
1783933495.1,20453,32624,594,335.0,71.0,3081.0
1783933495.7,20453,32624,594,252.0,71.0,2938.0
1783933496.3,20453,32624,594,228.0,71.0,3251.0
1783933496.9,20453,32624,594,301.0,71.0,3236.0
1783933497.5,20453,32624,594,313.0,71.0,3283.0
1783933498.1,20453,32624,594,317.0,71.0,3143.0
1783933498.7,20453,32624,594,290.0,71.0,3254.0
1783933499.3,20453,32624,594,338.0,71.0,3255.0
1783933499.9,20453,32624,594,283.0,71.0,3285.0
1783933500.5,20414,32624,600,303.0,71.0,3278.0
1783933501.1,20414,32624,600,301.0,71.0,3271.0
1783933501.7,20414,32624,600,302.0,71.0,2949.0
1783933502.3,20414,32624,600,283.0,71.0,2916.0
1783933502.8,20377,32624,600,342.0,71.0,3240.0
1783933503.4,20377,32624,600,307.0,71.0,3092.0
1783933504.0,20377,32624,600,293.0,71.0,3221.0
1783933504.6,20377,32624,600,205.0,71.0,3090.0
1783933505.2,20377,32624,600,305.0,71.0,3274.0
1783933505.8,20377,32624,600,310.0,71.0,2914.0
1783933506.4,20377,32624,600,267.0,72.0,2845.0
1783933507.0,20377,32624,600,299.0,71.0,3073.0
1783933507.6,20377,32624,600,305.0,71.0,3271.0
1783933508.2,20377,32624,600,266.0,71.0,3110.0
1783933508.8,20377,32624,600,212.0,71.0,3253.0
1783933509.4,20377,32624,600,321.0,71.0,2913.0
1783933510.0,20377,32624,600,318.0,71.0,3281.0
1783933510.6,20377,32624,600,313.0,71.0,3001.0
1783933511.2,20377,32624,600,321.0,71.0,2936.0
1783933511.8,20377,32624,600,33.0,69.0,0.0
1783933512.4,20390,32624,600,91.0,70.0,3297.0
1783933513.0,20390,32624,600,232.0,71.0,2862.0
1783933513.6,20390,32624,600,404.0,71.0,3116.0
1783933514.2,20390,32624,600,321.0,70.0,2836.0
1783933514.8,20390,32624,600,294.0,71.0,2706.0
1783933515.4,20390,32624,600,322.0,71.0,2829.0
1783933515.9,20390,32624,600,295.0,71.0,2781.0
1783933516.5,20390,32624,600,297.0,71.0,3198.0
1783933517.1,20390,32624,600,324.0,71.0,2768.0
1783933517.7,20390,32624,600,296.0,71.0,3259.0
1783933518.3,20390,32624,600,320.0,71.0,3270.0
1783933518.9,20390,32624,600,308.0,71.0,3100.0
1783933519.5,20390,32624,600,316.0,71.0,3244.0
1783933520.1,20390,32624,600,275.0,71.0,3245.0
1783933520.7,20390,32624,600,193.0,71.0,3163.0
1783933521.3,20390,32624,600,368.0,71.0,3042.0
1783933521.9,20390,32624,600,372.0,71.0,3004.0
1783933522.5,20390,32624,600,266.0,71.0,3245.0
1783933523.1,20390,32624,600,323.0,71.0,3142.0
1783933523.7,20390,32624,600,340.0,71.0,3242.0
1783933524.3,20390,32624,600,320.0,71.0,3283.0
1783933524.9,20390,32624,600,255.0,71.0,2796.0
1783933525.5,20390,32624,600,296.0,71.0,3274.0
1783933526.0,20390,32624,600,193.0,71.0,2993.0
1783933526.6,20390,32624,600,273.0,71.0,2701.0
1783933527.2,20390,32624,600,296.0,71.0,2736.0
1783933527.8,20390,32624,600,289.0,71.0,3274.0
1783933528.4,20390,32624,600,309.0,71.0,3256.0
1783933529.0,20390,32624,600,231.0,71.0,2918.0
1783933529.6,20390,32624,600,137.0,71.0,2842.0
1783933530.2,20390,32624,600,300.0,71.0,2771.0
1783933530.8,20390,32624,600,299.0,71.0,3205.0
1783933531.4,20390,32624,600,311.0,71.0,2742.0
1783933531.9,20390,32624,600,321.0,71.0,2969.0
1783933532.5,20390,32624,600,208.0,71.0,2908.0
1783933533.1,20390,32624,600,309.0,71.0,3269.0
1783933533.7,20390,32624,600,373.0,71.0,3055.0
1783933534.3,20390,32624,600,244.0,71.0,3253.0
1783933534.9,20390,32624,600,318.0,71.0,2826.0
1783933535.5,20390,32624,600,188.0,71.0,3129.0
1783933536.1,20390,32624,600,81.0,71.0,3011.0
1783933536.7,20390,32624,600,311.0,71.0,3079.0
1783933537.3,20390,32624,600,249.0,71.0,3119.0
1783933537.9,20390,32624,600,332.0,71.0,3247.0
1783933538.5,20390,32624,600,307.0,71.0,3177.0
1783933539.1,20390,32624,600,309.0,71.0,3069.0
1783933539.6,20390,32624,600,324.0,71.0,2826.0
1783933540.2,20390,32624,600,349.0,71.0,2967.0
1783933540.8,20390,32624,600,293.0,71.0,3263.0
1783933541.4,20390,32624,600,264.0,71.0,2837.0
1783933542.0,20390,32624,600,301.0,71.0,3272.0
1783933542.6,20390,32624,600,319.0,71.0,3189.0
1783933543.2,20390,32624,600,340.0,71.0,3237.0
1783933543.8,20390,32624,600,314.0,71.0,2718.0
1783933544.4,20390,32624,600,324.0,72.0,2901.0
1783933545.0,20390,32624,600,323.0,71.0,3140.0
1783933545.6,20390,32624,600,302.0,71.0,3183.0
1783933546.2,20390,32624,600,302.0,71.0,3260.0
1783933546.7,20390,32624,600,316.0,71.0,3011.0
1783933547.3,20390,32624,600,341.0,71.0,3225.0
1783933547.9,20390,32624,600,249.0,71.0,3050.0
1783933548.5,20390,32624,600,342.0,71.0,3057.0
1783933549.1,20390,32624,600,260.0,72.0,3244.0
1783933549.7,20390,32624,600,321.0,71.0,2790.0
1783933550.3,20390,32624,600,171.0,71.0,3286.0
1783933550.9,20390,32624,600,327.0,71.0,3274.0
1783933551.5,20390,32624,600,311.0,71.0,2795.0
1783933552.1,20390,32624,600,321.0,71.0,3248.0
1783933552.7,20390,32624,600,307.0,71.0,3091.0
1783933553.3,20390,32624,600,307.0,71.0,2741.0
1783933553.9,20390,32624,600,365.0,71.0,2752.0
1783933554.4,20390,32624,600,339.0,71.0,3233.0
1783933555.0,20390,32624,600,309.0,71.0,3095.0
1783933555.6,20390,32624,600,224.0,71.0,2980.0
1783933556.2,20390,32624,600,317.0,71.0,3239.0
1783933556.8,20390,32624,600,304.0,71.0,2892.0
1783933557.4,20390,32624,600,353.0,71.0,2860.0
1783933558.0,20390,32624,600,315.0,71.0,3119.0
1783933558.6,20390,32624,600,248.0,71.0,2890.0
1783933559.2,20390,32624,600,362.0,71.0,3034.0
1783933559.8,20386,32624,600,326.0,71.0,2976.0
1783933560.4,20386,32624,600,405.0,71.0,3127.0
1783933561.0,20367,32624,596,366.0,71.0,3123.0
1783933561.6,20367,32624,596,430.0,71.0,3152.0
1783933562.2,20367,32624,596,321.0,71.0,3246.0
1783933562.8,20367,32624,596,295.0,71.0,3262.0
1783933563.4,20367,32624,596,290.0,71.0,2840.0
1783933563.9,20367,32624,596,313.0,71.0,3262.0
1783933564.5,20367,32624,596,324.0,71.0,2839.0
1783933565.1,20367,32624,596,348.0,71.0,2715.0
1783933565.7,20367,32624,596,366.0,71.0,3044.0
1783933566.3,20367,32624,596,303.0,71.0,2603.0
1783933566.9,20367,32624,596,249.0,71.0,2838.0
1783933567.5,20367,32624,596,418.0,71.0,3155.0
1783933568.1,20367,32624,596,284.0,71.0,3228.0
1783933568.7,20367,32624,596,295.0,71.0,3267.0
1783933569.3,20367,32624,596,325.0,71.0,3280.0
1783933569.9,20367,32624,596,293.0,71.0,3252.0
1783933570.5,20367,32624,596,347.0,71.0,2971.0
1783933571.1,20367,32624,596,360.0,71.0,3233.0
1783933571.6,20367,32624,596,336.0,71.0,2860.0
1783933572.2,20367,32624,596,330.0,72.0,2737.0
1783933572.8,20367,32624,596,328.0,71.0,3082.0
1783933573.4,20367,32624,596,326.0,71.0,2837.0
1783933574.0,20367,32624,596,301.0,71.0,3068.0
1783933574.6,20367,32624,596,298.0,71.0,3203.0
1783933575.2,20367,32624,596,325.0,71.0,2915.0
1783933575.8,20367,32624,596,310.0,71.0,3263.0
1783933576.4,20367,32624,596,313.0,71.0,3279.0
1783933577.0,755,32624,92,43.0,70.0,0.0
1783933577.6,755,32624,92,17.0,68.0,0.0
1783933578.2,742,32624,76,15.0,67.0,0.0
1783933578.8,742,32624,76,22.0,67.0,41.0
1783933579.4,742,32624,76,16.0,66.0,0.0
1783933579.9,742,32624,76,14.0,66.0,0.0
1783933580.5,753,32624,76,32.0,66.0,0.0
1783933581.1,753,32624,76,16.0,65.0,0.0
1783933581.7,753,32624,76,15.0,65.0,0.0
1783933582.3,753,32624,76,17.0,64.0,0.0
1783933582.9,753,32624,76,15.0,64.0,0.0
1783933583.5,753,32624,76,16.0,63.0,0.0
1783933584.1,753,32624,76,15.0,63.0,0.0
1783933584.7,753,32624,76,15.0,63.0,0.0
1783933585.3,753,32624,76,14.0,62.0,0.0
1783933585.9,753,32624,76,14.0,62.0,0.0
1783933586.5,753,32624,76,13.0,62.0,0.0
1783933587.1,753,32624,76,14.0,61.0,0.0
1783933587.7,753,32624,76,14.0,61.0,0.0
1783933588.2,753,32624,76,14.0,61.0,0.0
1783933588.8,753,32624,76,13.0,60.0,0.0
1783933589.4,753,32624,76,16.0,60.0,0.0
1783933590.0,753,32624,76,15.0,60.0,0.0
1783933590.6,753,32624,76,15.0,60.0,0.0
1783933591.2,753,32624,76,14.0,59.0,0.0
1783933591.8,753,32624,76,13.0,59.0,0.0
1783933592.4,753,32624,76,14.0,59.0,0.0
1783933593.0,753,32624,76,13.0,58.0,0.0
1783933593.6,753,32624,76,14.0,58.0,0.0
1783933594.2,753,32624,76,13.0,58.0,0.0
1783933594.8,753,32624,76,13.0,57.0,0.0
1783933595.4,753,32624,76,13.0,57.0,0.0
1783933596.0,753,32624,76,15.0,57.0,0.0
1783933596.6,753,32624,76,13.0,57.0,0.0
1783933597.2,753,32624,76,13.0,56.0,0.0
1783933597.8,753,32624,76,14.0,56.0,0.0
1783933598.3,753,32624,76,15.0,56.0,0.0
1783933599.0,753,32624,76,12.0,56.0,0.0
1783933599.6,16375,32624,76,18.0,56.0,0.0
1783933600.2,16375,32624,76,18.0,55.0,0.0
1783933600.8,16375,32624,76,19.0,55.0,0.0
1783933601.4,16375,32624,76,17.0,55.0,0.0
1783933602.0,16375,32624,76,18.0,55.0,0.0
1783933602.6,16375,32624,76,14.0,55.0,0.0
1783933603.2,16375,32624,76,20.0,55.0,0.0
1783933603.8,16375,32624,76,18.0,54.0,0.0
1783933604.4,20639,32624,497,41.0,55.0,0.0
1783933605.0,20639,32624,497,25.0,55.0,0.0
1783933605.5,20648,32624,580,162.0,55.0,1808.0
1783933606.1,20648,32624,585,182.0,56.0,1805.0
1783933606.7,20648,32624,585,243.0,56.0,2560.0
1783933607.3,20648,32624,585,328.0,58.0,2609.0
1783933607.9,20648,32624,585,279.0,58.0,2544.0
1783933608.5,20648,32624,585,302.0,59.0,2608.0
1783933609.1,20648,32624,585,301.0,59.0,2668.0
1783933609.7,20648,32624,585,332.0,59.0,2753.0
1783933610.3,20648,32624,585,346.0,60.0,2896.0
1783933610.9,20648,32624,585,281.0,60.0,2992.0
1783933611.5,20648,32624,585,254.0,60.0,2769.0
1783933612.1,20648,32624,585,289.0,60.0,2512.0
1783933612.7,20648,32624,585,273.0,61.0,2588.0
1783933613.2,20648,32624,585,320.0,61.0,2690.0
1783933613.8,20648,32624,585,349.0,61.0,2764.0
1783933614.4,20648,32624,585,358.0,61.0,2936.0
1783933615.0,20648,32624,585,298.0,61.0,3006.0
1783933615.6,20648,32624,585,324.0,62.0,2615.0
1783933616.2,20648,32624,585,302.0,62.0,2581.0
1783933616.8,20648,32624,585,308.0,62.0,2601.0
1783933617.4,20648,32624,585,307.0,62.0,2636.0
1783933618.0,20648,32624,585,322.0,62.0,2705.0
1783933618.6,20648,32624,585,360.0,63.0,2890.0
1783933619.2,20648,32624,585,261.0,63.0,2820.0
1783933619.8,20648,32624,585,319.0,63.0,2637.0
1783933620.4,20648,32624,585,294.0,63.0,2657.0
1783933620.9,20648,32624,585,339.0,63.0,2765.0
1783933621.5,20648,32624,585,254.0,63.0,2825.0
1783933622.1,20648,32624,585,312.0,64.0,2620.0
1783933622.7,20648,32624,585,301.0,64.0,2642.0
1783933623.3,20648,32624,585,350.0,64.0,2775.0
1783933623.9,20648,32624,585,344.0,64.0,2916.0
1783933624.5,20648,32624,585,328.0,64.0,2575.0
1783933625.1,20648,32624,585,309.0,64.0,2642.0
1783933625.7,20648,32624,585,339.0,64.0,2696.0
1783933626.3,20648,32624,585,332.0,64.0,2899.0
1783933626.9,20648,32624,585,270.0,65.0,2822.0
1783933627.5,20648,32624,585,285.0,65.0,2537.0
1783933628.0,20648,32624,585,307.0,65.0,2666.0
1783933628.6,20648,32624,585,284.0,65.0,2903.0
1783933629.2,20648,32624,585,329.0,65.0,2601.0
1783933629.8,20643,32624,589,261.0,65.0,2499.0
1783933630.4,20643,32624,589,325.0,65.0,2699.0
1783933631.0,20643,32624,589,266.0,65.0,2814.0
1783933631.6,20643,32624,589,319.0,65.0,2584.0
1783933632.2,20643,32624,589,325.0,66.0,2689.0
1783933632.8,20643,32624,589,364.0,66.0,2835.0
1783933633.4,20643,32624,589,274.0,66.0,2917.0
1783933634.0,20643,32624,589,160.0,66.0,2534.0
1783933634.6,20643,32624,589,292.0,66.0,2631.0
1783933635.2,20643,32624,589,292.0,66.0,2635.0
1783933635.7,20643,32624,589,268.0,66.0,2916.0
1783933636.3,20643,32624,589,313.0,66.0,2534.0
1783933636.9,20643,32624,589,322.0,66.0,2632.0
1783933637.5,20643,32624,589,331.0,66.0,2846.0
1783933638.1,20643,32624,589,286.0,66.0,2563.0
1783933638.7,20643,32624,589,325.0,67.0,2631.0
1783933639.3,20643,32624,589,380.0,67.0,2876.0
1783933639.9,20643,32624,589,254.0,67.0,2735.0
1783933640.5,20643,32624,589,267.0,67.0,2482.0
1783933641.1,20643,32624,589,309.0,67.0,2631.0
1783933641.7,20643,32624,589,280.0,67.0,2885.0
1783933642.2,20643,32624,589,289.0,67.0,2543.0
1783933642.8,20643,32624,589,313.0,67.0,2680.0
1783933643.4,20643,32624,589,301.0,67.0,2924.0
1783933644.0,20643,32624,589,265.0,67.0,2484.0
1783933644.6,20643,32624,589,314.0,67.0,2642.0
1783933645.2,20643,32624,589,258.0,67.0,2797.0
1783933645.8,20643,32624,589,322.0,67.0,2563.0
1783933646.4,20643,32624,589,355.0,68.0,2694.0
1783933647.0,20643,32624,589,282.0,68.0,2819.0
1783933647.6,20643,32624,589,285.0,68.0,2587.0
1783933648.2,20643,32624,589,348.0,68.0,2792.0
1783933648.7,20643,32624,589,341.0,68.0,2547.0
1783933649.3,20643,32624,589,318.0,68.0,2678.0
1783933649.9,20643,32624,589,322.0,68.0,2911.0
1783933650.5,20643,32624,589,313.0,68.0,2478.0
1783933651.1,20643,32624,589,341.0,68.0,2733.0
1783933651.7,20643,32624,589,277.0,68.0,2925.0
1783933652.3,20643,32624,589,318.0,68.0,2575.0
1783933652.9,20643,32624,589,367.0,68.0,2813.0
1783933653.5,20643,32624,589,229.0,68.0,2563.0
1783933654.1,20643,32624,589,273.0,68.0,2568.0
1783933654.7,20643,32624,589,268.0,68.0,2819.0
1783933655.3,20643,32624,589,321.0,68.0,2648.0
1783933655.8,20643,32624,589,365.0,68.0,2770.0
1783933656.4,20643,32624,589,254.0,68.0,2491.0
1783933657.0,20643,32624,589,337.0,68.0,2697.0
1783933657.6,20643,32624,589,340.0,69.0,2933.0
1783933658.2,20643,32624,589,303.0,69.0,2515.0
1783933658.8,20643,32624,589,305.0,69.0,2712.0
1783933659.4,20643,32624,589,265.0,69.0,2844.0
1783933660.0,20643,32624,589,270.0,69.0,2522.0
1783933660.6,20643,32624,589,352.0,69.0,2810.0
1783933661.2,20643,32624,589,279.0,69.0,2878.0
1783933661.8,20643,32624,589,299.0,69.0,2591.0
1783933662.4,20643,32624,589,380.0,69.0,2812.0
1783933663.0,20643,32624,589,252.0,69.0,2496.0
1783933663.6,20643,32624,589,319.0,69.0,2628.0
1783933664.1,20643,32624,589,261.0,69.0,2830.0
1783933664.7,20643,32624,589,300.0,69.0,2549.0
1783933665.3,20643,32624,589,348.0,69.0,2687.0
1783933665.9,20643,32624,589,263.0,69.0,2834.0
1783933666.5,20643,32624,589,287.0,69.0,2545.0
1783933667.1,20643,32624,589,338.0,69.0,2729.0
1783933667.7,20643,32624,589,237.0,69.0,2809.0
1783933668.3,20643,32624,589,286.0,69.0,2570.0
1783933668.9,20643,32624,589,321.0,69.0,2647.0
1783933669.5,20643,32624,589,177.0,69.0,2618.0
1783933670.1,20643,32624,589,310.0,69.0,2688.0
1783933670.7,20643,32624,589,278.0,69.0,2795.0
1783933671.3,20643,32624,589,281.0,69.0,2544.0
1783933671.9,20643,32624,589,361.0,69.0,2809.0
1783933672.5,20643,32624,589,334.0,69.0,2563.0
1783933673.1,20643,32624,589,341.0,69.0,2665.0
1783933673.7,20643,32624,589,276.0,69.0,2887.0
1783933674.2,20643,32624,589,320.0,69.0,2531.0
1783933674.8,20643,32624,589,350.0,69.0,2769.0
1783933675.4,20643,32624,589,317.0,69.0,2608.0
1783933676.0,20643,32624,589,323.0,69.0,2732.0
1783933676.6,20643,32624,589,208.0,69.0,2875.0
1783933677.2,20643,32624,589,263.0,69.0,2557.0
1783933677.8,20643,32624,589,286.0,69.0,2901.0
1783933678.4,20643,32624,589,301.0,69.0,2577.0
1783933679.0,20643,32624,589,363.0,70.0,2774.0
1783933679.6,20643,32624,589,303.0,69.0,2549.0
1783933680.2,20643,32624,589,291.0,70.0,2567.0
1783933680.8,20643,32624,589,258.0,70.0,2797.0
1783933681.4,20643,32624,589,279.0,70.0,2562.0
1783933682.0,20643,32624,589,363.0,70.0,2836.0
1783933682.6,20643,32624,589,305.0,70.0,2532.0
1783933683.2,20643,32624,589,353.0,70.0,2804.0
1783933683.8,20643,32624,589,299.0,70.0,2542.0
1783933684.3,20643,32624,589,337.0,70.0,2747.0
1783933684.9,20643,32624,589,291.0,70.0,2530.0
1783933685.5,20643,32624,589,335.0,70.0,2619.0
1783933686.1,20643,32624,589,164.0,70.0,2759.0
1783933686.7,20643,32624,589,304.0,70.0,2640.0
1783933687.3,20643,32624,589,260.0,70.0,2521.0
1783933687.9,20643,32624,589,336.0,70.0,2715.0
1783933688.5,20643,32624,589,329.0,70.0,2531.0
1783933689.1,20643,32624,589,34.0,68.0,0.0
1783933689.7,20643,32624,598,359.0,69.0,2745.0
1783933690.3,20643,32624,598,344.0,69.0,2740.0
1783933690.9,20643,32624,598,272.0,70.0,2903.0
1783933691.5,20643,32624,598,198.0,69.0,2606.0
1783933692.1,20643,32624,598,315.0,70.0,2586.0
1783933692.7,20643,32624,598,329.0,69.0,2665.0
1783933693.3,20643,32624,598,319.0,70.0,2670.0
1783933693.9,20643,32624,598,347.0,70.0,2915.0
1783933694.5,20643,32624,598,265.0,70.0,2817.0
1783933695.0,20643,32624,598,316.0,70.0,2514.0
1783933695.6,20643,32624,598,319.0,70.0,2671.0
1783933696.2,20643,32624,598,348.0,70.0,2756.0
1783933696.8,20643,32624,598,315.0,70.0,2930.0
1783933697.4,20643,32624,598,181.0,70.0,2659.0
1783933698.0,20643,32624,598,311.0,70.0,2498.0
1783933698.6,20643,32624,598,309.0,70.0,2642.0
1783933699.2,20643,32624,598,291.0,70.0,3006.0
1783933699.8,20643,32624,598,248.0,70.0,2731.0
1783933700.4,20643,32624,598,294.0,70.0,2499.0
1783933701.0,20643,32624,598,311.0,70.0,2628.0
1783933701.6,20643,32624,598,349.0,70.0,2781.0
1783933702.2,20643,32624,598,304.0,70.0,2915.0
1783933702.8,20643,32624,598,254.0,70.0,2678.0
1783933703.4,20643,32624,598,229.0,70.0,2504.0
1783933704.0,20643,32624,598,346.0,70.0,2582.0
1783933704.6,20643,32624,598,338.0,70.0,2754.0
1783933705.2,20643,32624,598,272.0,70.0,2894.0
1783933705.8,20643,32624,598,322.0,70.0,2589.0
1783933706.4,20643,32624,598,288.0,70.0,2574.0
1783933706.9,20643,32624,598,342.0,70.0,2771.0
1783933707.5,20643,32624,598,303.0,70.0,2820.0
1783933708.1,20643,32624,598,179.0,70.0,2695.0
1783933708.7,20643,32624,598,282.0,70.0,2616.0
1783933709.3,20643,32624,598,295.0,70.0,2669.0
1783933709.9,20643,32624,598,323.0,70.0,2952.0
1783933710.5,20643,32624,598,280.0,70.0,2500.0
1783933711.1,20643,32624,598,326.0,70.0,2656.0
1783933711.7,20643,32624,598,325.0,70.0,2677.0
1783933712.3,20643,32624,598,329.0,70.0,2824.0
1783933712.9,20643,32624,598,259.0,70.0,2794.0
1783933713.5,20643,32624,598,312.0,70.0,2592.0
1783933714.1,20643,32624,598,320.0,70.0,2699.0
1783933714.7,20643,32624,598,267.0,70.0,2896.0
1783933715.3,20643,32624,598,346.0,70.0,2547.0
1783933715.9,20643,32624,598,290.0,70.0,2593.0
1783933716.4,20643,32624,598,343.0,70.0,2735.0
1783933717.0,20643,32624,598,226.0,70.0,2860.0
1783933717.6,20643,32624,598,290.0,70.0,2520.0
1783933718.2,20643,32624,598,333.0,71.0,2697.0
1783933718.8,20643,32624,598,286.0,71.0,2904.0
1783933719.4,20643,32624,598,348.0,70.0,2552.0
1783933720.0,20643,32624,598,292.0,70.0,2494.0
1783933720.6,20643,32624,598,348.0,71.0,2768.0
1783933721.2,20643,32624,598,186.0,70.0,2599.0
1783933721.8,20643,32624,598,290.0,71.0,2570.0
1783933722.4,20643,32624,598,346.0,70.0,2758.0
1783933723.0,20643,32624,598,266.0,71.0,2808.0
1783933723.6,20644,32624,598,340.0,70.0,2530.0
1783933724.2,20644,32624,598,314.0,71.0,2677.0
1783933724.8,20644,32624,598,268.0,71.0,2840.0
1783933725.3,20644,32624,598,326.0,71.0,2517.0
1783933725.9,20644,32624,594,342.0,71.0,2657.0
1783933726.5,20644,32624,594,312.0,71.0,2918.0
1783933727.1,20644,32624,594,321.0,71.0,2540.0
1783933727.7,20644,32624,594,310.0,71.0,2571.0
1783933728.3,20644,32624,594,297.0,71.0,2843.0
1783933728.9,20644,32624,594,301.0,71.0,2523.0
1783933729.5,20644,32624,594,323.0,71.0,2620.0
1783933730.1,20644,32624,594,258.0,71.0,2798.0
1783933730.7,20644,32624,594,297.0,71.0,2591.0
1783933731.3,20644,32624,594,364.0,71.0,2911.0
1783933731.9,20644,32624,594,189.0,71.0,2582.0
1783933732.5,20644,32624,594,282.0,71.0,2523.0
1783933733.0,20644,32624,594,283.0,71.0,2924.0
1783933733.6,20644,32624,594,304.0,71.0,2581.0
1783933734.2,20644,32624,594,369.0,71.0,2808.0
1783933734.8,20644,32624,594,171.0,71.0,2610.0
1783933735.4,20644,32624,594,300.0,71.0,2570.0
1783933736.0,20644,32624,594,371.0,71.0,2828.0
1783933736.6,20644,32624,594,336.0,71.0,2572.0
1783933737.2,20644,32624,594,298.0,71.0,2616.0
1783933737.8,20644,32624,594,276.0,71.0,2889.0
1783933738.4,20644,32624,594,312.0,71.0,2639.0
1783933739.0,20644,32624,594,284.0,71.0,2959.0
1783933739.5,20644,32624,594,325.0,71.0,2638.0
1783933740.1,20644,32624,594,330.0,71.0,2774.0
1783933740.7,20644,32624,594,167.0,71.0,2574.0
1783933741.3,20644,32624,594,296.0,71.0,2683.0
1783933741.9,20644,32624,594,193.0,71.0,2557.0
1783933742.5,20644,32624,594,296.0,71.0,2611.0
1783933743.1,20644,32624,594,268.0,71.0,2800.0
1783933743.7,20644,32624,594,292.0,71.0,2645.0
1783933744.3,20644,32624,594,274.0,71.0,2895.0
1783933744.9,20644,32624,594,278.0,71.0,2569.0
1783933745.5,20644,32624,594,372.0,71.0,2813.0
1783933746.0,20644,32624,594,329.0,71.0,2537.0
1783933746.6,20645,32624,598,345.0,71.0,2702.0
1783933747.2,20645,32624,598,285.0,71.0,2581.0
1783933747.8,20645,32624,598,345.0,71.0,2743.0
1783933748.4,20645,32624,598,261.0,71.0,2497.0
1783933749.0,20645,32624,598,309.0,71.0,2671.0
1783933749.6,20645,32624,598,342.0,71.0,2542.0
1783933750.2,20645,32624,598,348.0,71.0,2825.0
1783933750.8,20645,32624,598,256.0,71.0,2568.0
1783933751.4,20645,32624,598,319.0,71.0,2658.0
1783933752.0,20645,32624,598,229.0,71.0,2770.0
1783933752.6,20641,32624,598,307.0,71.0,2607.0
1783933753.1,20641,32624,598,350.0,71.0,2843.0
1783933753.7,20641,32624,598,292.0,71.0,2568.0
1783933754.3,20641,32624,598,274.0,71.0,2915.0
1783933754.9,20641,32624,598,289.0,71.0,2598.0
1783933755.5,20641,32624,598,283.0,71.0,2919.0
1783933756.1,20641,32624,598,307.0,71.0,2576.0
1783933756.7,20641,32624,598,326.0,71.0,2903.0
1783933757.3,20641,32624,598,297.0,71.0,2507.0
1783933757.9,20641,32624,598,302.0,71.0,2665.0
1783933758.5,20641,32624,598,247.0,71.0,2568.0
1783933759.1,20641,32624,598,307.0,71.0,2565.0
1783933759.7,20641,32624,598,272.0,71.0,2825.0
1783933760.2,20641,32624,598,273.0,71.0,2580.0
1783933760.8,20641,32624,598,198.0,71.0,2629.0
1783933761.4,20641,32624,598,323.0,71.0,2642.0
1783933762.0,20641,32624,598,276.0,71.0,2536.0
1783933762.6,20641,32624,598,337.0,71.0,2688.0
1783933763.2,20641,32624,598,201.0,71.0,2680.0
1783933763.8,20641,32624,598,305.0,71.0,2651.0
1783933764.4,20641,32624,598,255.0,71.0,2759.0
1783933765.0,20641,32624,598,322.0,71.0,2642.0
1783933765.6,20641,32624,598,261.0,71.0,2915.0
1783933766.2,20641,32624,598,283.0,71.0,2521.0
1783933766.7,20641,32624,598,381.0,71.0,2842.0
1783933767.3,20641,32624,598,309.0,71.0,2568.0
1783933767.9,20641,32624,598,355.0,71.0,2761.0
1783933768.5,20641,32624,598,322.0,71.0,2556.0
1783933769.1,20641,32624,598,340.0,71.0,2755.0
1783933769.7,20641,32624,598,298.0,71.0,2507.0
1783933770.3,20641,32624,598,318.0,71.0,2663.0
1783933770.9,20641,32624,598,188.0,71.0,2524.0
1783933771.5,20641,32624,598,312.0,71.0,2588.0
1783933772.1,20641,32624,598,199.0,71.0,2478.0
1783933772.6,20641,32624,598,300.0,71.0,2624.0
1783933773.2,20641,32624,598,315.0,71.0,2577.0
1783933773.8,20641,32624,598,337.0,71.0,2731.0
1783933774.4,20641,32624,598,310.0,71.0,2623.0
1783933775.0,20641,32624,598,335.0,71.0,2726.0
1783933775.6,20641,32624,598,280.0,71.0,2554.0
1783933776.2,20641,32624,598,360.0,71.0,2763.0
1783933776.8,20641,32624,598,276.0,71.0,2552.0
1783933777.4,20641,32624,598,333.0,71.0,2822.0
1783933778.0,20641,32624,598,295.0,71.0,2544.0
1783933778.6,20641,32624,598,329.0,71.0,2922.0
1783933779.1,20641,32624,598,325.0,71.0,2618.0
1783933779.7,20641,32624,598,241.0,71.0,2638.0
1783933780.3,20641,32624,598,317.0,71.0,2676.0
1783933780.9,20641,32624,598,235.0,71.0,2485.0
1783933781.5,20641,32624,598,330.0,71.0,2707.0
1783933782.1,20641,32624,598,315.0,71.0,2483.0
1783933782.7,20641,32624,598,376.0,71.0,2912.0
1783933783.3,20641,32624,598,287.0,71.0,2547.0
1783933783.9,20641,32624,598,267.0,71.0,2845.0
1783933784.5,20641,32624,598,297.0,71.0,2632.0
1783933785.0,20641,32624,598,225.0,71.0,2672.0
1783933785.6,20641,32624,598,307.0,71.0,2639.0
1783933786.2,20641,32624,598,331.0,71.0,2552.0
1783933786.8,20641,32624,598,363.0,71.0,2770.0
1783933787.4,20641,32624,598,315.0,71.0,2516.0
1783933788.0,20641,32624,598,279.0,72.0,2909.0
1783933788.6,20641,32624,598,307.0,71.0,2632.0
1783933789.2,20641,32624,598,248.0,71.0,2421.0
1783933789.8,20641,32624,598,362.0,71.0,2793.0
1783933790.4,20641,32624,598,295.0,71.0,2494.0
1783933791.0,20641,32624,598,267.0,71.0,2882.0
1783933791.6,20641,32624,598,307.0,71.0,2626.0
1783933792.2,20641,32624,598,315.0,71.0,2622.0
1783933792.7,20641,32624,598,322.0,71.0,2930.0
1783933793.3,20641,32624,598,343.0,71.0,2618.0
1783933793.9,20641,32624,598,269.0,71.0,2503.0
1783933794.5,20641,32624,598,355.0,71.0,2801.0
1783933795.1,20641,32624,598,273.0,71.0,2561.0
1783933795.7,20641,32624,598,45.0,70.0,0.0
1783933796.3,20641,32624,602,195.0,69.0,2627.0
1783933796.9,20641,32624,602,241.0,70.0,2692.0
1783933797.5,20641,32624,602,246.0,70.0,2479.0
1783933798.1,20641,32624,602,275.0,71.0,2477.0
1783933798.7,20641,32624,602,321.0,71.0,2639.0
1783933799.3,20641,32624,602,353.0,71.0,2896.0
1783933799.9,20641,32624,602,235.0,71.0,2766.0
1783933800.4,20641,32624,602,301.0,71.0,2572.0
1783933801.0,20641,32624,602,284.0,71.0,2618.0
1783933801.6,20641,32624,602,364.0,71.0,2797.0
1783933802.2,20641,32624,602,180.0,71.0,2614.0
1783933802.8,20641,32624,602,278.0,71.0,2499.0
1783933803.4,20641,32624,602,348.0,71.0,2602.0
1783933804.0,20641,32624,602,330.0,71.0,2681.0
1783933804.6,20641,32624,602,328.0,71.0,2896.0
1783933805.2,20641,32624,602,227.0,71.0,2744.0
1783933805.8,20641,32624,602,312.0,71.0,2584.0
1783933806.4,20641,32624,602,331.0,71.0,2602.0
1783933807.0,20641,32624,602,361.0,71.0,2792.0
1783933807.6,20641,32624,602,279.0,71.0,2911.0
1783933808.1,20641,32624,602,169.0,71.0,2602.0
1783933808.7,20641,32624,602,338.0,71.0,2657.0
1783933809.3,20641,32624,602,348.0,71.0,2913.0
1783933809.9,20641,32624,602,145.0,71.0,2637.0
1783933810.5,20641,32624,602,316.0,71.0,2497.0
1783933811.1,20641,32624,602,308.0,71.0,2619.0
1783933811.7,20641,32624,602,370.0,71.0,2812.0
1783933812.3,20641,32624,602,166.0,71.0,2592.0
1783933812.9,20641,32624,602,303.0,71.0,2563.0
1783933813.5,20641,32624,602,312.0,71.0,2623.0
1783933814.1,20641,32624,602,42.0,70.0,0.0
1783933814.7,20641,32624,602,359.0,70.0,2686.0
1783933815.3,20641,32624,602,337.0,70.0,2697.0
1783933815.8,20641,32624,602,363.0,71.0,2790.0
1783933816.4,20641,32624,602,274.0,71.0,2907.0
1783933817.0,20641,32624,602,212.0,71.0,2711.0
1783933817.6,20641,32624,602,334.0,71.0,2572.0
1783933818.2,20641,32624,602,309.0,71.0,2637.0
1783933818.8,20641,32624,602,335.0,71.0,2641.0
1783933819.4,20641,32624,602,301.0,71.0,2657.0
1783933820.0,20641,32624,602,337.0,71.0,2896.0
1783933820.6,20641,32624,602,166.0,71.0,2602.0
1783933821.2,20641,32624,602,323.0,71.0,2536.0
1783933821.8,20641,32624,602,329.0,71.0,2651.0
1783933822.4,20641,32624,602,353.0,71.0,2739.0
1783933823.0,20641,32624,602,257.0,71.0,2784.0
1783933823.6,20641,32624,602,239.0,71.0,2548.0
1783933824.2,20641,32624,602,331.0,71.0,2588.0
1783933824.8,20641,32624,602,330.0,71.0,2600.0
1783933825.3,20641,32624,602,322.0,71.0,2720.0
1783933825.9,20641,32624,602,322.0,71.0,2878.0
1783933826.5,20641,32624,602,257.0,71.0,2736.0
1783933827.1,20641,32624,602,279.0,71.0,2486.0
1783933827.7,20641,32624,602,305.0,71.0,2522.0
1783933828.3,20641,32624,602,337.0,71.0,2620.0
1783933828.9,20641,32624,602,349.0,71.0,2787.0
1783933829.5,20641,32624,602,227.0,71.0,2562.0
1783933830.1,20641,32624,602,279.0,71.0,2486.0
1783933830.7,20641,32624,602,300.0,71.0,2579.0
1783933831.3,20641,32624,602,367.0,71.0,2810.0
1783933831.9,20641,32624,602,282.0,71.0,2871.0
1783933832.4,20641,32624,602,288.0,71.0,2548.0
1783933833.0,20641,32624,602,286.0,71.0,2525.0
1783933833.6,20641,32624,602,335.0,71.0,2642.0
1783933834.2,20641,32624,602,315.0,71.0,2920.0
1783933834.8,20641,32624,602,187.0,71.0,2657.0
1783933835.4,20641,32624,602,297.0,71.0,2529.0
1783933836.0,20641,32624,602,298.0,71.0,2652.0
1783933836.6,20641,32624,602,312.0,71.0,2954.0
1783933837.2,20641,32624,602,303.0,71.0,2574.0
1783933837.8,20641,32624,602,327.0,71.0,2640.0
1783933838.4,20641,32624,602,353.0,71.0,2774.0
1783933839.0,20641,32624,602,249.0,71.0,2527.0
1783933839.6,20641,32624,602,306.0,71.0,2543.0
1783933840.2,20641,32624,602,325.0,71.0,2672.0
1783933840.8,20645,32624,602,323.0,71.0,2649.0
1783933841.4,20645,32624,602,44.0,70.0,0.0
1783933842.0,20645,32624,602,272.0,70.0,2981.0
1783933842.6,20645,32624,602,257.0,71.0,2681.0
1783933843.2,20645,32624,602,321.0,71.0,2564.0
1783933843.8,20645,32624,602,281.0,71.0,2538.0
1783933844.3,20645,32624,602,333.0,71.0,2671.0
1783933844.9,20645,32624,602,349.0,71.0,2762.0
1783933845.5,20645,32624,602,276.0,71.0,2858.0
1783933846.1,20645,32624,602,236.0,71.0,2564.0
1783933846.7,20645,32624,602,324.0,71.0,2574.0
1783933847.3,20645,32624,602,291.0,71.0,2527.0
1783933847.9,20645,32624,602,331.0,71.0,2671.0
1783933848.5,20645,32624,602,371.0,71.0,2801.0
1783933849.1,20645,32624,602,234.0,71.0,2723.0
1783933849.7,20645,32624,602,278.0,71.0,2492.0
1783933850.3,20645,32624,602,347.0,71.0,2644.0
1783933850.9,20645,32624,602,354.0,71.0,2800.0
1783933851.5,20645,32624,602,252.0,71.0,2804.0
1783933852.1,20645,32624,602,274.0,71.0,2492.0
1783933852.7,20645,32624,602,343.0,71.0,2594.0
1783933853.2,20645,32624,602,378.0,71.0,2853.0
1783933853.8,20645,32624,602,129.0,71.0,2588.0
1783933854.4,20645,32624,602,289.0,71.0,2562.0
1783933855.0,20645,32624,602,300.0,71.0,2630.0
1783933855.6,20645,32624,602,300.0,71.0,2926.0
1783933856.2,20645,32624,602,315.0,71.0,2504.0
1783933856.8,20645,32624,602,294.0,71.0,2613.0
1783933857.4,20645,32624,602,299.0,71.0,2626.0
1783933858.0,20645,32624,602,289.0,71.0,2904.0
1783933858.6,20645,32624,602,164.0,71.0,2608.0
1783933859.2,20645,32624,602,296.0,71.0,2556.0
1783933859.8,20645,32624,602,313.0,71.0,2725.0
1783933860.4,20645,32624,602,258.0,71.0,2849.0
1783933861.0,20645,32624,602,306.0,71.0,2496.0
1783933861.6,20645,32624,602,333.0,71.0,2598.0
1783933862.1,20645,32624,602,369.0,71.0,2778.0
1783933862.7,20645,32624,602,170.0,71.0,2646.0
1783933863.3,20645,32624,602,239.0,71.0,2694.0
1783933863.9,20645,32624,602,298.0,71.0,2572.0
1783933864.5,20645,32624,602,319.0,71.0,2665.0
1783933865.1,20645,32624,602,249.0,72.0,2774.0
1783933865.7,20645,32624,602,317.0,71.0,2546.0
1783933866.3,20645,32624,602,352.0,71.0,2630.0
1783933866.9,20645,32624,602,353.0,71.0,2763.0
1783933867.5,20645,32624,602,266.0,71.0,2743.0
1783933868.1,20645,32624,602,272.0,71.0,2550.0
1783933868.7,20645,32624,602,318.0,71.0,2613.0
1783933869.3,20645,32624,602,317.0,71.0,2943.0
1783933869.9,20645,32624,602,293.0,71.0,2536.0
1783933870.4,20645,32624,602,341.0,71.0,2658.0
1783933871.0,20645,32624,602,356.0,71.0,2757.0
1783933871.6,20645,32624,602,266.0,71.0,2784.0
1783933872.2,20645,32624,602,292.0,71.0,2605.0
1783933872.8,20645,32624,602,354.0,71.0,2763.0
1783933873.4,20645,32624,602,317.0,71.0,2809.0
1783933874.0,20645,32624,602,317.0,71.0,2524.0
1783933874.6,20645,32624,602,342.0,71.0,2612.0
1783933875.2,20645,32624,602,375.0,71.0,2745.0
1783933875.8,20645,32624,602,318.0,71.0,2520.0
1783933876.4,20645,32624,602,316.0,71.0,2612.0
1783933877.0,20645,32624,602,289.0,71.0,2811.0
1783933877.5,20645,32624,602,332.0,71.0,2562.0
1783933878.1,20645,32624,602,335.0,71.0,2650.0
1783933878.7,20645,32624,602,380.0,72.0,2805.0
1783933879.3,20645,32624,602,315.0,71.0,2557.0
1783933879.9,20645,32624,602,358.0,71.0,2659.0
1783933880.5,20645,32624,602,267.0,72.0,2791.0
1783933881.1,20645,32624,602,289.0,71.0,2489.0
1783933881.7,20645,32624,602,352.0,71.0,2723.0
1783933882.3,20645,32624,602,168.0,71.0,2474.0
1783933882.9,20645,32624,602,312.0,71.0,2578.0
1783933883.5,20645,32624,602,374.0,71.0,2853.0
1783933884.1,20645,32624,602,155.0,71.0,2552.0
1783933884.7,20645,32624,602,307.0,71.0,2668.0
1783933885.3,20645,32624,602,356.0,71.0,2756.0
1783933885.8,20645,32624,602,166.0,71.0,2540.0
1783933886.4,20645,32624,602,312.0,71.0,2676.0
1783933887.0,20645,32624,602,281.0,71.0,2790.0
1783933887.6,20645,32624,602,302.0,71.0,2562.0
1783933888.2,20645,32624,602,316.0,71.0,2614.0
1783933888.8,20645,32624,602,306.0,71.0,2784.0
1783933889.4,20645,32624,602,291.0,71.0,2510.0
1783933890.0,20645,32624,602,295.0,71.0,2622.0
1783933890.6,20645,32624,602,268.0,71.0,2934.0
1783933891.2,20645,32624,602,274.0,71.0,2496.0
1783933891.8,20645,32624,602,311.0,71.0,2613.0
1783933892.4,20645,32624,602,279.0,71.0,2905.0
1783933893.0,20645,32624,602,330.0,71.0,2533.0
1783933893.5,20645,32624,602,316.0,71.0,2622.0
1783933894.1,20645,32624,602,229.0,71.0,2741.0
1783933894.7,20645,32624,602,288.0,71.0,2523.0
1783933895.3,20645,32624,602,360.0,71.0,2797.0
1783933895.9,20645,32624,602,225.0,71.0,2660.0
1783933896.5,20645,32624,602,311.0,71.0,2604.0
1783933897.1,20645,32624,602,276.0,71.0,2889.0
1783933897.7,20645,32624,602,303.0,71.0,2558.0
1783933898.3,20645,32624,602,341.0,71.0,2785.0
1783933898.9,20645,32624,602,144.0,71.0,2531.0
1783933899.5,20645,32624,602,331.0,71.0,2687.0
1783933900.1,20645,32624,602,255.0,71.0,2600.0
1783933900.7,20645,32624,602,295.0,71.0,2533.0
1783933901.3,20645,32624,602,281.0,71.0,2923.0
1783933901.9,20645,32624,602,310.0,71.0,2598.0
1783933902.4,20645,32624,602,349.0,71.0,2815.0
1783933903.0,20645,32624,602,303.0,71.0,2483.0
1783933903.6,20645,32624,602,46.0,71.0,0.0
1783933904.2,20645,32624,602,71.0,70.0,2815.0
1783933904.8,20645,32624,602,301.0,71.0,2457.0
1783933905.4,20645,32624,602,318.0,71.0,2637.0
1783933906.0,20645,32624,602,327.0,71.0,2624.0
1783933906.6,20645,32624,602,359.0,71.0,2773.0
1783933907.2,20645,32624,602,269.0,71.0,2810.0
1783933907.8,20645,32624,602,247.0,71.0,2460.0
1783933908.4,20645,32624,602,292.0,71.0,2507.0
1783933909.0,20645,32624,602,335.0,71.0,2670.0
1783933909.6,20645,32624,602,393.0,71.0,3066.0
1783933910.2,20645,32624,602,169.0,71.0,2650.0
1783933910.8,20645,32624,602,321.0,71.0,2567.0
1783933911.3,20645,32624,602,316.0,71.0,2692.0
1783933911.9,20645,32624,602,289.0,71.0,2926.0
1783933912.5,20645,32624,602,134.0,71.0,2567.0
1783933913.1,20645,32624,602,310.0,71.0,2519.0
1783933913.7,20645,32624,602,328.0,71.0,2659.0
1783933914.3,20645,32624,602,373.0,71.0,2791.0
1783933914.9,20645,32624,602,255.0,71.0,2823.0
1783933915.5,20645,32624,602,196.0,71.0,2576.0
1783933916.1,20645,32624,602,297.0,71.0,2540.0
1783933916.7,20645,32624,602,319.0,71.0,2646.0
1783933917.3,20645,32624,602,369.0,71.0,2793.0
1783933917.9,20645,32624,602,269.0,71.0,2747.0
1783933918.5,20645,32624,602,286.0,71.0,2522.0
1783933919.1,20645,32624,602,329.0,71.0,2647.0
1783933919.6,20645,32624,602,360.0,71.0,2772.0
1783933920.2,20645,32624,602,191.0,71.0,2771.0
1783933920.8,20645,32624,602,277.0,71.0,2493.0
1783933921.4,20645,32624,602,349.0,71.0,2642.0
1783933922.0,20645,32624,602,359.0,71.0,2828.0
1783933922.6,20645,32624,602,244.0,71.0,2815.0
1783933923.2,20645,32624,602,285.0,71.0,2549.0
1783933923.8,20645,32624,602,353.0,71.0,2764.0
1783933924.4,20645,32624,602,254.0,71.0,2758.0
1783933925.0,20645,32624,602,297.0,71.0,2524.0
1783933925.6,20645,32624,602,302.0,71.0,2572.0
1783933926.2,20645,32624,602,367.0,71.0,2803.0
1783933926.8,20645,32624,602,251.0,71.0,2738.0
1783933927.4,20645,32624,602,316.0,71.0,2586.0
1783933928.0,20645,32624,602,320.0,71.0,2595.0
1783933928.6,20645,32624,602,282.0,71.0,2855.0
1783933929.1,20645,32624,602,324.0,71.0,2580.0
1783933929.7,20645,32624,602,317.0,71.0,2599.0
1783933930.3,20645,32624,602,305.0,71.0,2669.0
1783933930.9,20645,32624,602,177.0,71.0,2596.0
1783933931.5,20645,32624,602,312.0,71.0,2609.0
1783933932.1,20645,32624,602,385.0,71.0,2876.0
1783933932.7,20645,32624,602,314.0,71.0,2480.0
1783933933.3,20645,32624,602,77.0,70.0,3033.0
1783933933.9,20645,32624,602,343.0,71.0,2632.0
1783933934.5,20645,32624,602,276.0,71.0,2578.0
1783933935.1,20645,32624,602,377.0,71.0,2811.0
1783933935.7,20645,32624,602,256.0,71.0,2836.0
1783933936.3,20645,32624,602,318.0,71.0,2538.0
1783933936.9,20645,32624,602,284.0,71.0,2440.0
1783933937.5,20645,32624,602,294.0,71.0,2608.0
1783933938.1,20645,32624,602,307.0,71.0,2645.0
1783933938.6,20645,32624,602,366.0,71.0,2777.0
1783933939.2,20645,32624,602,326.0,71.0,2912.0
1783933939.8,20645,32624,602,322.0,71.0,2583.0
1783933940.4,20645,32624,602,323.0,71.0,2581.0
1783933941.0,20645,32624,602,314.0,71.0,2626.0
1783933941.6,20645,32624,602,341.0,71.0,2742.0
1783933942.2,20645,32624,602,243.0,71.0,2876.0
1783933942.8,20645,32624,602,271.0,71.0,2501.0
1783933943.4,20645,32624,602,334.0,71.0,2572.0
1783933944.0,20645,32624,602,359.0,71.0,2764.0
1783933944.6,20645,32624,602,276.0,71.0,2875.0
1783933945.2,20645,32624,602,327.0,71.0,2554.0
1783933945.8,20645,32624,602,315.0,71.0,2557.0
1783933946.3,20645,32624,602,295.0,71.0,2596.0
1783933946.9,20645,32624,602,312.0,71.0,2683.0
1783933947.5,20645,32624,602,253.0,71.0,2856.0
1783933948.1,20645,32624,602,324.0,71.0,2574.0
1783933948.7,20645,32624,602,291.0,71.0,2557.0
1783933949.3,20645,32624,602,258.0,71.0,2528.0
1783933949.9,20645,32624,602,367.0,71.0,2815.0
1783933950.5,20645,32624,602,322.0,71.0,2576.0
1783933951.1,20645,32624,602,322.0,71.0,2638.0
1783933951.7,20645,32624,602,347.0,71.0,2718.0
1783933952.3,20645,32624,602,318.0,72.0,2875.0
1783933952.9,20645,32624,602,242.0,72.0,2805.0
1783933953.5,20645,32624,602,337.0,71.0,2532.0
1783933954.1,20645,32624,602,285.0,71.0,2616.0
1783933954.6,20645,32624,602,394.0,71.0,2868.0
1783933955.2,20645,32624,602,109.0,71.0,2652.0
1783933955.8,20645,32624,602,324.0,72.0,2591.0
1783933956.4,20645,32624,602,336.0,71.0,2685.0
1783933957.0,20645,32624,602,279.0,71.0,2892.0
1783933957.6,20645,32624,602,214.0,71.0,2487.0
1783933958.2,20645,32624,602,314.0,71.0,2629.0
1783933958.8,20645,32624,602,347.0,71.0,2749.0
1783933959.4,20645,32624,602,72.0,71.0,2620.0
1783933960.0,20645,32624,602,170.0,70.0,2439.0
1783933960.6,20645,32624,602,332.0,71.0,2636.0
1783933961.2,20645,32624,602,342.0,71.0,2702.0
1783933961.8,20645,32624,602,298.0,71.0,2947.0
1783933962.4,20645,32624,602,257.0,71.0,2767.0
1783933963.0,20645,32624,602,313.0,71.0,2563.0
1783933963.6,20645,32624,602,255.0,71.0,2453.0
1783933964.1,20645,32624,602,279.0,71.0,2560.0
1783933964.7,20645,32624,602,331.0,71.0,2636.0
1783933965.3,20645,32624,602,322.0,71.0,2633.0
1783933965.9,20645,32624,602,357.0,71.0,2778.0
1783933966.5,20645,32624,602,260.0,71.0,2817.0
1783933967.1,20645,32624,602,273.0,71.0,2572.0
1783933967.7,20645,32624,602,302.0,71.0,2597.0
1783933968.3,20645,32624,602,326.0,71.0,2704.0
1783933968.9,20645,32624,602,281.0,71.0,2914.0
1783933969.5,20645,32624,602,304.0,71.0,2514.0
1783933970.1,20645,32624,602,289.0,71.0,2462.0
1783933970.7,20645,32624,602,323.0,71.0,2681.0
1783933971.3,20645,32624,602,303.0,71.0,2866.0
1783933971.9,20645,32624,602,259.0,71.0,2675.0
1783933972.4,20645,32624,602,311.0,71.0,2445.0
1783933973.0,20645,32624,602,310.0,71.0,2520.0
1783933973.6,20645,32624,602,332.0,71.0,2645.0
1783933974.2,20645,32624,602,382.0,71.0,2817.0
1783933974.8,20645,32624,602,226.0,72.0,2606.0
1783933975.4,20645,32624,602,291.0,71.0,2505.0
1783933976.0,20645,32624,602,330.0,71.0,2696.0
1783933976.6,20645,32624,602,283.0,71.0,2885.0
1783933977.2,20645,32624,602,310.0,71.0,2585.0
1783933977.8,20645,32624,602,313.0,71.0,2556.0
1783933978.4,20645,32624,602,321.0,71.0,2706.0
1783933979.0,20645,32624,602,366.0,71.0,2781.0
1783933979.6,20645,32624,602,241.0,71.0,2742.0
1783933980.1,20645,32624,602,290.0,71.0,2572.0
1783933980.7,20645,32624,602,348.0,72.0,2737.0
1783933981.3,20645,32624,602,250.0,71.0,2733.0
1783933981.9,20645,32624,602,308.0,71.0,2535.0
1783933982.5,20645,32624,602,353.0,71.0,2634.0
1783933983.1,20645,32624,602,360.0,71.0,2940.0
1783933983.7,20645,32624,602,217.0,71.0,2546.0
1783933984.3,20645,32624,602,313.0,71.0,2534.0
1783933984.9,20645,32624,602,344.0,71.0,2649.0
1783933985.5,20645,32624,602,309.0,72.0,2886.0
1783933986.1,20645,32624,602,268.0,72.0,2447.0
1783933986.7,20645,32624,602,322.0,71.0,2608.0
1783933987.3,20645,32624,602,273.0,71.0,2876.0
1783933987.9,20645,32624,602,268.0,71.0,2537.0
1783933988.4,20645,32624,602,339.0,71.0,2672.0
1783933989.0,20645,32624,602,277.0,71.0,2821.0
1783933989.6,20645,32624,602,318.0,72.0,2581.0
1783933990.2,20645,32624,602,311.0,71.0,2655.0
1783933990.8,20645,32624,602,383.0,71.0,2836.0
1783933991.4,20645,32624,602,210.0,71.0,2599.0
1783933992.0,20645,32624,602,340.0,71.0,2650.0
1783933992.6,20645,32624,602,324.0,71.0,2861.0
1783933993.2,20645,32624,602,295.0,71.0,2548.0
1783933993.8,20645,32624,602,343.0,72.0,2703.0
1783933994.4,20645,32624,602,189.0,72.0,2719.0
1783933995.0,20645,32624,602,326.0,72.0,2555.0
1783933995.5,20617,32624,600,42.0,71.0,0.0
1783933996.1,20620,32624,600,81.0,71.0,3090.0
1783933996.7,20620,32624,600,349.0,71.0,2593.0
1783933997.3,20620,32624,600,298.0,71.0,2547.0
1783933997.9,20620,32624,600,348.0,71.0,2744.0
1783933998.5,20620,32624,600,353.0,71.0,2782.0
1783933999.1,20620,32624,600,279.0,71.0,2912.0
1783933999.7,20620,32624,600,275.0,71.0,2813.0
1783934000.3,20620,32624,600,311.0,71.0,2422.0
1783934000.9,20620,32624,600,292.0,71.0,2528.0
1783934001.5,20620,32624,600,313.0,71.0,2613.0
1783934002.1,20620,32624,600,362.0,71.0,2781.0
1783934002.7,20620,32624,600,226.0,71.0,2742.0
1783934003.2,20616,32624,600,268.0,71.0,2515.0
1783934003.8,20616,32624,600,315.0,71.0,2645.0
1783934004.4,20616,32624,600,358.0,71.0,2784.0
1783934005.0,20616,32624,600,262.0,71.0,2794.0
1783934005.6,20616,32624,600,292.0,71.0,2579.0
1783934006.2,20616,32624,600,358.0,71.0,2748.0
1783934006.8,20616,32624,600,283.0,71.0,2859.0
1783934007.4,20616,32624,600,314.0,71.0,2420.0
1783934008.0,20616,32624,600,306.0,71.0,2582.0
1783934008.6,20616,32624,600,346.0,71.0,2672.0
1783934009.2,20616,32624,600,244.0,71.0,2714.0
1783934009.8,20616,32624,600,310.0,71.0,2558.0
1783934010.3,20616,32624,600,338.0,71.0,2624.0
1783934010.9,20616,32624,600,327.0,71.0,2651.0
1783934011.5,20616,32624,600,291.0,71.0,2843.0
1783934012.1,20616,32624,600,126.0,71.0,2550.0
1783934012.7,20616,32624,600,322.0,71.0,2685.0
1783934013.3,20616,32624,600,368.0,72.0,2769.0
1783934013.9,20616,32624,600,273.0,72.0,2839.0
1783934014.5,20616,32624,600,328.0,71.0,2558.0
1783934015.1,20616,32624,600,273.0,72.0,2536.0
1783934015.7,20616,32624,600,440.0,71.0,3064.0
1783934016.3,20616,32624,600,177.0,72.0,2394.0
1783934016.8,20616,32624,600,299.0,72.0,2494.0
1783934017.4,20616,32624,600,320.0,72.0,2642.0
1783934018.0,20616,32624,600,312.0,72.0,2882.0
1783934018.6,20616,32624,600,326.0,72.0,2573.0
1783934019.2,20616,32624,600,323.0,72.0,2624.0
1783934019.8,20616,32624,600,361.0,71.0,2756.0
1783934020.4,20616,32624,600,266.0,71.0,2731.0
1783934021.0,20616,32624,600,307.0,72.0,2573.0
1783934021.6,20616,32624,600,335.0,71.0,2642.0
1783934022.2,20616,32624,600,362.0,72.0,2762.0
1783934022.8,20616,32624,600,210.0,72.0,2615.0
1783934023.3,20616,32624,600,298.0,72.0,2558.0
1783934023.9,20616,32624,600,324.0,72.0,2715.0
1783934024.5,20616,32624,600,274.0,72.0,2867.0
1783934025.1,20616,32624,600,295.0,72.0,2582.0
1783934025.7,20616,32624,600,290.0,72.0,2576.0
1783934026.3,20616,32624,600,250.0,72.0,2785.0
1783934026.9,20616,32624,600,298.0,72.0,2556.0
1783934027.5,20616,32624,600,298.0,72.0,2622.0
1783934028.1,20616,32624,600,354.0,72.0,2787.0
1783934028.7,20616,32624,600,264.0,72.0,2706.0
1783934029.3,20616,32624,600,325.0,72.0,2562.0
1783934029.9,20616,32624,600,334.0,71.0,2678.0
1783934030.5,20616,32624,600,282.0,72.0,2835.0
1783934031.0,20616,32624,600,328.0,71.0,2518.0
1783934031.6,20616,32624,600,285.0,72.0,2568.0
1783934032.2,20616,32624,600,363.0,71.0,2790.0
1783934032.8,20616,32624,600,293.0,71.0,2535.0
1783934033.4,20616,32624,600,45.0,71.0,0.0
1783934034.0,20616,32624,600,281.0,70.0,2625.0
1783934034.6,20616,32624,600,359.0,71.0,2774.0
1783934035.2,20616,32624,600,283.0,71.0,2869.0
1783934035.8,20616,32624,600,189.0,71.0,2688.0
1783934036.4,20616,32624,600,303.0,71.0,2530.0
1783934037.0,20616,32624,600,294.0,71.0,2607.0
1783934037.6,20616,32624,600,317.0,71.0,2600.0
1783934038.2,20610,32624,598,343.0,71.0,2750.0
1783934038.7,20610,32624,598,282.0,71.0,2872.0
1783934039.3,20610,32624,598,227.0,72.0,2716.0
1783934039.9,20610,32624,598,239.0,71.0,2546.0
1783934040.5,20610,32624,598,295.0,71.0,2513.0
1783934041.1,20610,32624,598,305.0,71.0,2624.0
1783934041.7,20610,32624,598,340.0,72.0,2863.0
1783934042.3,20610,32624,598,254.0,71.0,2773.0
1783934042.9,20610,32624,598,312.0,72.0,2503.0
1783934043.5,20610,32624,598,305.0,71.0,2616.0
1783934044.1,20610,32624,598,318.0,71.0,2640.0
1783934044.7,20610,32624,598,270.0,72.0,2902.0
1783934045.3,20610,32624,598,191.0,71.0,2506.0
1783934045.9,20610,32624,598,309.0,71.0,2495.0
1783934046.4,20610,32624,598,322.0,71.0,2568.0
1783934047.0,20610,32624,598,366.0,71.0,2874.0
1783934047.6,20610,32624,598,221.0,72.0,2616.0
1783934048.2,20610,32624,598,254.0,71.0,2480.0
1783934048.8,20610,32624,598,307.0,71.0,2490.0
1783934049.4,20610,32624,598,331.0,71.0,2678.0
1783934050.0,20610,32624,598,291.0,72.0,2924.0
1783934050.6,20610,32624,598,277.0,71.0,2525.0
1783934051.2,20610,32624,598,322.0,71.0,2632.0
1783934051.8,20610,32624,598,326.0,71.0,2719.0
1783934052.4,20610,32624,598,339.0,71.0,2864.0
1783934053.0,20610,32624,598,132.0,72.0,2612.0
1783934053.6,20623,32624,600,303.0,72.0,2531.0
1783934054.2,20623,32624,600,289.0,72.0,2631.0
1783934054.7,20623,32624,600,262.0,72.0,2803.0
1783934055.3,20623,32624,600,295.0,72.0,2596.0
1783934055.9,20623,32624,600,340.0,72.0,2603.0
1783934056.5,20623,32624,600,377.0,72.0,2786.0
1783934057.1,20623,32624,600,262.0,72.0,2747.0
1783934057.7,20623,32624,600,330.0,72.0,2496.0
1783934058.3,20623,32624,600,317.0,72.0,2595.0
1783934058.9,20623,32624,600,367.0,72.0,2809.0
1783934059.5,20623,32624,600,271.0,72.0,2860.0
1783934060.1,20623,32624,600,44.0,70.0,0.0
1783934060.7,20623,32624,600,268.0,70.0,2920.0
1783934061.3,20623,32624,600,260.0,71.0,2541.0
1783934061.9,20623,32624,600,319.0,71.0,2619.0
1783934062.5,20623,32624,600,313.0,71.0,2655.0
1783934063.1,20623,32624,600,375.0,71.0,2816.0
1783934063.6,20623,32624,600,256.0,71.0,2793.0
1783934064.2,20623,32624,600,232.0,71.0,2762.0
1783934064.8,20623,32624,600,266.0,71.0,2395.0
1783934065.4,20623,32624,600,312.0,71.0,2612.0
1783934066.0,20623,32624,600,344.0,71.0,2572.0
1783934066.6,20623,32624,600,329.0,71.0,2654.0
1783934067.2,20623,32624,600,278.0,72.0,2913.0
1783934067.8,20623,32624,600,239.0,71.0,2493.0
1783934068.4,20623,32624,600,319.0,71.0,2547.0
1783934069.0,20623,32624,600,321.0,71.0,2614.0
1783934069.6,20623,32624,600,311.0,71.0,2611.0
1783934070.2,20623,32624,600,349.0,72.0,2748.0
1783934070.8,20623,32624,600,254.0,72.0,2763.0
1783934071.3,20623,32624,600,329.0,71.0,2597.0
1783934071.9,20623,32624,600,328.0,71.0,2675.0
1783934072.5,20623,32624,600,387.0,72.0,2985.0
1783934073.1,20623,32624,600,208.0,72.0,2493.0
1783934073.7,20623,32624,600,326.0,71.0,2620.0
1783934074.3,20623,32624,600,361.0,72.0,2641.0
1783934074.9,20623,32624,600,358.0,72.0,2739.0
1783934075.5,20623,32624,600,286.0,72.0,2983.0
1783934076.1,20623,32624,600,122.0,72.0,2622.0
1783934076.7,20623,32624,600,49.0,71.0,0.0
1783934077.3,20623,32624,600,288.0,71.0,2587.0
1783934077.9,20623,32624,600,317.0,71.0,2634.0
1783934078.5,20623,32624,600,399.0,71.0,2885.0
1783934079.1,20623,32624,600,227.0,71.0,2872.0
1783934079.7,20623,32624,600,308.0,71.0,2560.0
1783934080.3,20623,32624,600,283.0,71.0,2466.0
1783934080.9,20623,32624,600,321.0,71.0,2571.0
1783934081.5,20623,32624,600,331.0,71.0,2718.0
1783934082.1,20623,32624,600,257.0,72.0,2820.0
1783934082.7,20623,32624,600,217.0,71.0,2699.0
1783934083.3,20623,32624,600,278.0,71.0,2524.0
1783934083.9,20623,32624,600,287.0,71.0,2499.0
1783934084.5,20623,32624,600,292.0,71.0,2572.0
1783934085.1,20623,32624,600,312.0,71.0,2627.0
1783934085.7,20623,32624,600,405.0,72.0,2851.0
1783934086.3,20623,32624,600,294.0,72.0,3059.0
1783934086.8,20623,32624,600,255.0,71.0,2812.0
1783934087.4,20623,32624,600,333.0,71.0,2483.0
1783934088.0,20623,32624,600,282.0,71.0,2474.0
1783934088.6,20623,32624,600,314.0,72.0,2623.0
1783934089.2,20623,32624,600,347.0,72.0,2755.0
1783934089.8,20623,32624,600,263.0,71.0,2795.0
1783934090.4,20623,32624,600,222.0,71.0,2678.0
1783934091.0,20623,32624,600,326.0,72.0,2479.0
1783934091.6,20623,32624,600,331.0,71.0,2586.0
1783934092.2,20623,32624,600,338.0,71.0,2684.0
1783934092.8,20623,32624,600,358.0,72.0,2799.0
1783934093.4,20623,32624,600,337.0,71.0,2841.0
1783934094.0,20623,32624,600,349.0,71.0,2550.0
1783934094.6,20623,32624,600,285.0,71.0,2524.0
1783934095.2,20623,32624,600,295.0,71.0,2550.0
1783934095.8,20623,32624,600,309.0,71.0,2554.0
1783934096.4,20623,32624,600,352.0,72.0,2770.0
1783934097.0,20623,32624,600,276.0,72.0,2787.0
1783934097.6,20623,32624,600,196.0,72.0,2731.0
1783934098.2,20619,32624,600,323.0,71.0,2603.0
1783934098.7,20619,32624,600,312.0,71.0,2664.0
1783934099.3,20619,32624,600,374.0,72.0,2887.0
1783934099.9,20619,32624,600,266.0,72.0,2838.0
1783934100.5,20619,32624,600,174.0,71.0,2582.0
1783934101.1,20619,32624,600,332.0,71.0,2538.0
1783934101.7,20619,32624,600,297.0,71.0,2555.0
1783934102.3,20619,32624,600,301.0,71.0,2611.0
1783934102.9,20619,32624,600,227.0,72.0,3033.0
1783934103.5,20619,32624,600,250.0,72.0,2730.0
1783934104.1,20619,32624,600,330.0,72.0,2594.0
1783934104.7,20619,32624,600,321.0,72.0,2609.0
1783934105.3,20619,32624,600,295.0,72.0,2637.0
1783934105.9,20619,32624,600,362.0,72.0,2837.0
1783934106.5,20619,32624,600,261.0,71.0,2677.0
1783934107.1,20619,32624,600,299.0,71.0,2560.0
1783934107.7,20619,32624,600,323.0,72.0,2561.0
1783934108.3,20619,32624,600,360.0,71.0,2825.0
1783934108.9,20619,32624,600,375.0,72.0,2888.0
1783934109.5,20619,32624,600,280.0,72.0,2811.0
1783934110.1,20619,32624,600,76.0,71.0,2515.0
1783934110.7,20619,32624,600,316.0,72.0,2578.0
1783934111.3,20619,32624,600,363.0,72.0,2673.0
1783934111.9,20619,32624,600,385.0,72.0,2792.0
1783934112.5,20619,32624,600,296.0,72.0,2959.0
1783934113.1,20619,32624,600,242.0,72.0,2710.0
1783934113.7,20619,32624,600,325.0,71.0,2591.0
1783934114.3,20619,32624,600,311.0,72.0,2602.0
1783934114.9,20619,32624,600,347.0,72.0,2758.0
1783934115.4,20619,32624,600,262.0,72.0,2738.0
1783934116.1,20619,32624,600,315.0,72.0,2535.0
1783934116.6,20619,32624,600,330.0,71.0,2591.0
1783934117.2,20619,32624,600,332.0,72.0,2856.0
1783934117.8,20619,32624,600,301.0,72.0,2528.0
1783934118.4,20619,32624,600,303.0,72.0,2596.0
1783934119.0,20619,32624,600,331.0,71.0,2667.0
1783934119.6,20630,32624,604,355.0,72.0,2775.0
1783934120.3,20630,32624,604,251.0,72.0,2740.0
1783934120.8,20652,32624,621,298.0,72.0,2510.0
1783934121.4,20652,32624,620,362.0,72.0,2786.0
1783934122.0,20650,32624,608,141.0,72.0,2579.0
1783934122.6,20649,32624,600,323.0,72.0,2563.0
1783934123.2,20649,32624,600,317.0,72.0,2871.0
1783934123.8,20649,32624,600,250.0,72.0,2530.0
1783934124.4,20649,32624,600,322.0,72.0,2528.0
1783934125.0,20649,32624,600,334.0,72.0,2688.0
1783934125.6,20645,32624,600,227.0,71.0,2683.0
1783934126.2,20645,32624,600,307.0,72.0,2573.0
1783934126.8,20645,32624,600,375.0,71.0,2795.0
1783934127.4,20645,32624,600,89.0,71.0,2583.0
1783934128.0,20645,32624,600,316.0,71.0,2640.0
1783934128.6,20637,32624,600,246.0,72.0,2946.0
1783934129.2,20637,32624,600,301.0,72.0,2526.0
1783934129.8,20637,32624,600,330.0,71.0,2705.0
1783934130.4,20637,32624,600,289.0,72.0,2953.0
1783934131.0,20637,32624,600,321.0,72.0,2553.0
1783934131.5,20637,32624,600,337.0,71.0,2714.0
1783934132.1,20637,32624,600,373.0,72.0,2790.0
1783934132.7,20637,32624,600,246.0,72.0,2697.0
1783934133.3,20637,32624,600,306.0,71.0,2549.0
1783934133.9,20637,32624,600,44.0,70.0,0.0
1783934134.5,20637,32624,600,307.0,70.0,2591.0
1783934135.1,20637,32624,600,341.0,71.0,2733.0
1783934135.7,20637,32624,600,223.0,71.0,2688.0
1783934136.3,20637,32624,600,196.0,71.0,2533.0
1783934136.9,20637,32624,600,319.0,71.0,2582.0
1783934137.5,20637,32624,600,309.0,71.0,2534.0
1783934138.1,20637,32624,600,300.0,71.0,2534.0
1783934138.7,20637,32624,600,328.0,71.0,2644.0
1783934139.3,20637,32624,600,369.0,71.0,2785.0
1783934139.9,20637,32624,600,364.0,71.0,2787.0
1783934140.5,20637,32624,600,295.0,71.0,2922.0
1783934141.1,20637,32624,600,252.0,71.0,2713.0
1783934141.6,20637,32624,600,208.0,71.0,2547.0
1783934142.2,20637,32624,600,296.0,71.0,2505.0
1783934142.8,20637,32624,600,326.0,71.0,2556.0
1783934143.4,20637,32624,600,321.0,71.0,2643.0
1783934144.0,20637,32624,600,351.0,71.0,2742.0
1783934144.6,20637,32624,600,332.0,71.0,2722.0
1783934145.2,20637,32624,600,276.0,71.0,2817.0
1783934145.8,20637,32624,600,267.0,71.0,2778.0
1783934146.4,20637,32624,600,313.0,71.0,2427.0
1783934147.0,20637,32624,600,303.0,71.0,2563.0
1783934147.6,20637,32624,600,307.0,71.0,2586.0
1783934148.2,20637,32624,600,306.0,71.0,2584.0
1783934148.8,20637,32624,600,365.0,71.0,2738.0
1783934149.4,20637,32624,600,252.0,71.0,2700.0
1783934150.0,20637,32624,600,259.0,71.0,2525.0
1783934150.6,20637,32624,600,317.0,71.0,2615.0
1783934151.2,20637,32624,600,321.0,71.0,2553.0
1783934151.7,20637,32624,600,300.0,71.0,2491.0
1783934152.3,20637,32624,600,361.0,71.0,2653.0
1783934152.9,20637,32624,600,346.0,71.0,2757.0
1783934153.5,20637,32624,600,277.0,71.0,2898.0
1783934154.1,20637,32624,600,266.0,72.0,2788.0
1783934154.7,20637,32624,600,280.0,71.0,2495.0
1783934155.3,20637,32624,600,325.0,71.0,2531.0
1783934155.9,20637,32624,600,299.0,71.0,2513.0
1783934156.5,20637,32624,600,334.0,71.0,2618.0
1783934157.1,20637,32624,600,329.0,71.0,2852.0
1783934157.7,20637,32624,600,198.0,71.0,2564.0
1783934158.3,20637,32624,600,276.0,71.0,2482.0
1783934158.9,20637,32624,600,292.0,71.0,2549.0
1783934159.5,20637,32624,600,320.0,71.0,2588.0
1783934160.1,20637,32624,600,343.0,71.0,2757.0
1783934160.7,20637,32624,600,299.0,71.0,2560.0
1783934161.3,20637,32624,600,294.0,72.0,2501.0
1783934161.9,20637,32624,600,328.0,71.0,2622.0
1783934162.5,20637,32624,600,356.0,71.0,2732.0
1783934163.1,20637,32624,600,270.0,71.0,2835.0
1783934163.7,20637,32624,600,211.0,71.0,2597.0
1783934164.3,20637,32624,600,318.0,71.0,2604.0
1783934164.8,20637,32624,600,315.0,71.0,2664.0
1783934165.4,20637,32624,600,374.0,72.0,2813.0
1783934166.0,20637,32624,600,265.0,72.0,2759.0
1783934166.6,20637,32624,600,324.0,72.0,2563.0
1783934167.2,20637,32624,600,292.0,72.0,2491.0
1783934167.8,20637,32624,600,353.0,72.0,2642.0
1783934168.4,20637,32624,600,304.0,72.0,2910.0
1783934169.0,20637,32624,600,178.0,72.0,2638.0
1783934169.6,20637,32624,600,325.0,71.0,2627.0
1783934170.2,20637,32624,600,402.0,72.0,2991.0
1783934170.8,20637,32624,600,219.0,72.0,2627.0
1783934171.4,20637,32624,600,280.0,72.0,2468.0
1783934172.0,20637,32624,600,340.0,72.0,2617.0
1783934172.6,20637,32624,600,270.0,72.0,2852.0
1783934173.1,20637,32624,600,308.0,72.0,2607.0
1783934173.7,20637,32624,600,312.0,72.0,2661.0
1783934174.3,20637,32624,600,281.0,71.0,2958.0
1783934174.9,20637,32624,600,279.0,72.0,2473.0
1783934175.5,20637,32624,600,344.0,72.0,2656.0
1783934176.1,20637,32624,600,367.0,72.0,2820.0
1783934176.7,20637,32624,600,247.0,72.0,2698.0
1783934177.3,20637,32624,600,289.0,71.0,2556.0
1783934177.9,20637,32624,600,329.0,71.0,2709.0
1783934178.5,20637,32624,600,286.0,71.0,2905.0
1783934179.1,20637,32624,600,297.0,71.0,2455.0
1783934179.7,20637,32624,600,310.0,71.0,2577.0
1783934180.3,20637,32624,600,316.0,72.0,2693.0
1783934180.8,20637,32624,600,303.0,72.0,2893.0
1783934181.4,20637,32624,600,331.0,71.0,2480.0
1783934182.0,20637,32624,600,313.0,71.0,2643.0
1783934182.6,20637,32624,600,354.0,72.0,2762.0
1783934183.2,20637,32624,600,205.0,72.0,2633.0
1783934183.8,20637,32624,600,326.0,72.0,2565.0
1783934184.4,20637,32624,600,343.0,72.0,2722.0
1783934185.0,20637,32624,600,257.0,72.0,2795.0
1783934185.6,20637,32624,600,214.0,72.0,2434.0
1783934186.2,20632,32624,602,343.0,71.0,2594.0
1783934186.8,20632,32624,602,369.0,71.0,2835.0
1783934187.4,20632,32624,602,171.0,72.0,2626.0
1783934188.0,20632,32624,602,282.0,72.0,2615.0
1783934188.6,20632,32624,602,265.0,71.0,2835.0
1783934189.2,20632,32624,602,312.0,71.0,2553.0
1783934189.7,20632,32624,602,362.0,71.0,2932.0
1783934190.3,20632,32624,602,268.0,71.0,2539.0
1783934190.9,20632,32624,602,294.0,71.0,2600.0
1783934191.5,20632,32624,602,329.0,71.0,2710.0
1783934192.1,20632,32624,602,269.0,71.0,2776.0
1783934192.7,20632,32624,602,289.0,72.0,2594.0
1783934193.3,20632,32624,602,358.0,71.0,2736.0
1783934193.9,20632,32624,602,158.0,71.0,2518.0
1783934194.5,20632,32624,602,327.0,71.0,2656.0
1783934195.1,20632,32624,602,281.0,72.0,2865.0
1783934195.7,20632,32624,602,283.0,72.0,2542.0
1783934196.3,20632,32624,602,333.0,72.0,2648.0
1783934196.9,20632,32624,602,183.0,72.0,2629.0
1783934197.4,20632,32624,602,309.0,72.0,2601.0
1783934198.0,20632,32624,602,340.0,71.0,2704.0
1783934198.6,20632,32624,602,133.0,71.0,2612.0
1783934199.2,20632,32624,602,294.0,72.0,2640.0
1783934199.8,20632,32624,602,360.0,72.0,2783.0
1783934200.4,20632,32624,602,145.0,72.0,2625.0
1783934201.0,20632,32624,602,340.0,72.0,2623.0
1783934201.6,20632,32624,602,351.0,72.0,2731.0
1783934202.2,20632,32624,602,243.0,72.0,2655.0
1783934202.8,20632,32624,602,309.0,72.0,2642.0
1783934203.4,20632,32624,602,356.0,71.0,2720.0
1783934204.0,20632,32624,602,167.0,72.0,2512.0
1783934204.6,20632,32624,602,285.0,71.0,2611.0
1783934205.1,20632,32624,602,342.0,71.0,2694.0
1783934205.7,20632,32624,602,224.0,72.0,2692.0
1783934206.3,20632,32624,602,316.0,71.0,2618.0
1783934206.9,20632,32624,602,325.0,72.0,2716.0
1783934207.5,20632,32624,602,260.0,72.0,2732.0
1783934208.1,20632,32624,602,315.0,72.0,2561.0
1783934208.7,20632,32624,602,329.0,72.0,2691.0
1783934209.3,20632,32624,602,264.0,72.0,2827.0
1783934209.9,20632,32624,602,285.0,71.0,2539.0
1783934210.5,20632,32624,602,328.0,71.0,2669.0
1783934211.1,20632,32624,602,217.0,71.0,2512.0
1783934211.7,20632,32624,602,306.0,72.0,2552.0
1783934212.3,20632,32624,602,345.0,72.0,2850.0
1783934212.9,20632,32624,602,302.0,72.0,2517.0
1783934213.5,20632,32624,602,320.0,72.0,2572.0
1783934214.1,20632,32624,602,261.0,71.0,2819.0
1783934214.7,20632,32624,602,294.0,72.0,2535.0
1783934215.2,20632,32624,602,289.0,72.0,2912.0
1783934215.8,20632,32624,602,319.0,72.0,2614.0
1783934216.4,20632,32624,602,338.0,72.0,2761.0
1783934217.0,20632,32624,602,295.0,72.0,2578.0
1783934217.6,20632,32624,602,299.0,72.0,2642.0
1783934218.2,20632,32624,602,150.0,72.0,2621.0
1783934218.8,20632,32624,602,327.0,72.0,2576.0
1783934219.4,20632,32624,602,299.0,72.0,2817.0
1783934220.0,20632,32624,602,302.0,72.0,2544.0
1783934220.6,20632,32624,602,349.0,72.0,2771.0
1783934221.2,20632,32624,602,188.0,72.0,2671.0
1783934221.8,20632,32624,602,321.0,72.0,2623.0
1783934222.4,20632,32624,602,255.0,72.0,2725.0
1783934222.9,20632,32624,602,343.0,72.0,2614.0
1783934223.6,20632,32624,602,337.0,72.0,2748.0
1783934224.1,20632,32624,602,225.0,72.0,2544.0
1783934224.7,20632,32624,602,335.0,72.0,2659.0
1783934225.3,20632,32624,602,262.0,72.0,2771.0
1783934225.9,20632,32624,602,293.0,72.0,2586.0
1783934226.5,20632,32624,602,286.0,72.0,2926.0
1783934227.1,20632,32624,602,326.0,72.0,2638.0
1783934227.7,20632,32624,602,276.0,72.0,2900.0
1783934228.3,20632,32624,602,322.0,72.0,2625.0
1783934228.9,20632,32624,602,201.0,72.0,2674.0
1783934229.5,20632,32624,602,322.0,72.0,2647.0
1783934230.1,20632,32624,602,218.0,72.0,2545.0
1783934230.7,20632,32624,602,303.0,72.0,2610.0
1783934231.3,20632,32624,602,281.0,72.0,2759.0
1783934231.8,20632,32624,602,327.0,72.0,2667.0
1783934232.4,20632,32624,602,281.0,72.0,2871.0
1783934233.0,20632,32624,602,309.0,72.0,2576.0
1783934233.6,20633,32624,606,358.0,72.0,2740.0
1783934234.2,20633,32624,606,256.0,72.0,2494.0
1783934234.8,20633,32624,606,46.0,72.0,0.0
1783934235.4,20633,32624,606,246.0,70.0,2643.0
1783934236.0,20628,32624,604,278.0,71.0,2480.0
1783934236.6,20628,32624,604,328.0,71.0,2665.0
1783934237.2,20628,32624,604,277.0,71.0,2844.0
1783934237.8,20628,32624,604,263.0,71.0,2444.0
1783934238.4,20628,32624,604,320.0,71.0,2630.0
1783934239.0,20628,32624,604,286.0,71.0,2628.0
1783934239.5,20628,32624,604,367.0,71.0,2777.0
1783934240.1,20628,32624,604,293.0,71.0,2822.0
1783934240.7,20628,32624,604,305.0,72.0,2497.0
1783934241.3,20628,32624,604,304.0,71.0,2634.0
1783934241.9,20628,32624,604,376.0,71.0,2828.0
1783934242.5,20628,32624,604,380.0,72.0,2801.0
1783934243.1,20628,32624,604,276.0,72.0,2822.0
1783934243.7,20628,32624,604,242.0,72.0,2567.0
1783934244.3,20628,32624,604,317.0,71.0,2541.0
1783934244.9,20628,32624,604,330.0,71.0,2666.0
1783934245.5,20628,32624,604,357.0,72.0,2908.0
1783934246.1,20628,32624,604,200.0,72.0,2660.0
1783934246.7,20628,32624,604,299.0,71.0,2533.0
1783934247.2,20628,32624,604,320.0,71.0,2599.0
1783934247.8,20628,32624,604,335.0,71.0,2689.0
1783934248.4,20628,32624,604,340.0,71.0,2734.0
1783934249.0,20628,32624,604,244.0,71.0,2650.0
1783934249.6,20628,32624,604,314.0,71.0,2543.0
1783934250.2,20628,32624,604,312.0,72.0,2657.0
1783934250.8,20628,32624,604,330.0,72.0,2714.0
1783934251.4,20628,32624,604,262.0,72.0,2773.0
1783934252.0,20628,32624,604,211.0,71.0,2640.0
1783934252.6,20628,32624,604,282.0,72.0,2648.0
1783934253.2,20628,32624,604,329.0,71.0,2678.0
1783934253.8,20628,32624,604,288.0,71.0,2961.0
1783934254.4,20628,32624,604,265.0,72.0,2481.0
1783934255.0,20628,32624,604,302.0,72.0,2587.0
1783934255.6,20628,32624,604,342.0,72.0,2625.0
1783934256.2,20628,32624,604,330.0,71.0,2710.0
1783934256.8,20630,32624,606,281.0,72.0,2831.0
1783934257.4,20630,32624,606,243.0,72.0,2692.0
1783934258.0,20630,32624,606,330.0,72.0,2606.0
1783934258.6,20630,32624,606,341.0,72.0,3000.0
1783934259.1,20630,32624,606,245.0,72.0,2488.0
1783934259.7,20630,32624,606,334.0,72.0,2581.0
1783934260.3,20630,32624,606,340.0,72.0,2637.0
1783934260.9,20630,32624,606,311.0,72.0,2889.0
1783934261.5,20630,32624,606,240.0,72.0,2567.0
1783934262.1,20630,32624,606,310.0,72.0,2547.0
1783934262.7,20630,32624,606,357.0,72.0,2816.0
1783934263.3,20630,32624,606,280.0,72.0,2883.0
1783934263.9,20630,32624,606,279.0,72.0,2462.0
1783934264.5,20630,32624,606,377.0,72.0,2842.0
1783934265.1,20630,32624,606,284.0,72.0,2972.0
1783934265.7,20630,32624,606,189.0,72.0,2583.0
1783934266.3,20630,32624,606,298.0,72.0,2518.0
1783934266.9,20630,32624,606,324.0,72.0,2610.0
1783934267.5,20630,32624,606,345.0,72.0,2769.0
1783934268.1,20630,32624,606,192.0,72.0,2743.0
1783934268.6,20630,32624,606,304.0,72.0,2612.0
1783934269.2,20630,32624,606,344.0,72.0,2636.0
1783934269.8,20630,32624,606,305.0,71.0,2989.0
1783934270.4,20630,32624,606,310.0,72.0,2404.0
1783934271.0,20630,32624,606,267.0,71.0,2470.0
1783934271.6,20630,32624,606,361.0,71.0,2766.0
1783934272.2,20630,32624,606,232.0,71.0,2697.0
1783934272.8,20630,32624,606,331.0,72.0,2632.0
1783934273.4,20630,32624,606,294.0,71.0,2580.0
1783934274.0,20630,32624,606,311.0,72.0,3008.0
1783934274.6,20630,32624,606,294.0,72.0,2572.0
1783934275.2,20630,32624,606,317.0,72.0,2664.0
1783934275.8,20630,32624,606,353.0,72.0,2836.0
1783934276.4,20630,32624,606,342.0,72.0,2609.0
1783934277.0,20630,32624,606,322.0,72.0,2645.0
1783934277.5,20630,32624,606,281.0,72.0,2871.0
1783934278.1,20630,32624,606,349.0,72.0,2530.0
1783934278.7,20630,32624,606,346.0,72.0,2676.0
1783934279.3,20630,32624,606,349.0,72.0,2749.0
1783934279.9,20630,32624,606,240.0,72.0,2492.0
1783934280.5,20630,32624,606,327.0,72.0,2623.0
1783934281.1,20630,32624,606,284.0,72.0,2921.0
1783934281.7,20630,32624,606,304.0,72.0,2547.0
1783934282.3,20630,32624,606,320.0,72.0,2632.0
1783934282.9,20630,32624,606,298.0,72.0,2907.0
1783934283.5,20630,32624,606,303.0,72.0,2584.0
1783934284.1,20630,32624,606,331.0,72.0,2717.0
1783934284.7,20630,32624,606,276.0,72.0,2875.0
1783934285.3,20630,32624,606,314.0,72.0,2580.0
1783934285.9,20630,32624,606,339.0,72.0,2673.0
1783934286.5,732,32624,100,44.0,70.0,0.0
1783934287.1,732,32624,100,15.0,69.0,0.0
1783934287.6,719,32624,84,15.0,68.0,0.0
1783934288.2,719,32624,84,15.0,67.0,0.0
1783934288.8,719,32624,84,16.0,67.0,0.0
1783934289.4,719,32624,84,15.0,66.0,0.0
1783934290.0,719,32624,84,15.0,66.0,0.0
1783934290.6,719,32624,84,16.0,66.0,0.0
1783934291.2,719,32624,84,15.0,65.0,0.0
1783934291.8,719,32624,84,15.0,64.0,0.0
1783934292.4,719,32624,84,15.0,64.0,0.0
1783934293.0,719,32624,84,15.0,64.0,0.0
1783934293.6,719,32624,84,14.0,64.0,0.0
1783934294.2,719,32624,84,16.0,63.0,0.0
1783934294.8,719,32624,84,16.0,63.0,0.0
1783934295.4,719,32624,84,15.0,63.0,0.0
1783934296.0,719,32624,84,14.0,62.0,0.0
1783934296.6,719,32624,84,16.0,62.0,0.0
1783934297.2,719,32624,84,14.0,61.0,0.0
1783934297.8,719,32624,84,13.0,61.0,0.0
1783934298.4,719,32624,84,15.0,61.0,0.0
1783934298.9,719,32624,84,14.0,60.0,0.0
1783934299.5,719,32624,84,14.0,60.0,0.0
1783934300.1,719,32624,84,14.0,60.0,0.0
1783934300.7,719,32624,84,14.0,60.0,0.0
1783934301.3,719,32624,84,13.0,59.0,0.0
1783934301.9,719,32624,84,13.0,59.0,0.0
1783934302.5,719,32624,84,13.0,59.0,0.0
1783934303.1,719,32624,84,13.0,59.0,0.0
1783934303.7,719,32624,84,13.0,58.0,0.0
1783934304.3,719,32624,84,14.0,58.0,0.0
1783934304.9,719,32624,84,13.0,58.0,0.0
1783934305.5,719,32624,84,13.0,58.0,0.0
1783934306.1,719,32624,84,14.0,57.0,0.0
1783934306.7,719,32624,84,13.0,57.0,0.0
1783934307.3,719,32624,84,14.0,57.0,0.0
1783934307.9,719,32624,84,13.0,57.0,0.0
1783934308.5,719,32624,84,12.0,56.0,0.0
1783934309.0,719,32624,84,12.0,56.0,0.0
1783934309.6,719,32624,84,14.0,56.0,0.0
1783934310.2,719,32624,84,14.0,56.0,0.0
1783934310.8,719,32624,84,14.0,56.0,0.0
1783934311.4,719,32624,84,13.0,55.0,0.0
1783934312.0,719,32624,84,13.0,55.0,0.0
1783934312.6,719,32624,84,13.0,55.0,0.0
1783934313.2,719,32624,84,13.0,55.0,0.0
1783934313.8,719,32624,84,13.0,55.0,0.0
1783934314.4,719,32624,84,13.0,55.0,0.0
1783934315.0,719,32624,84,12.0,54.0,0.0
1783934315.6,719,32624,84,13.0,54.0,0.0
1783934316.2,719,32624,84,13.0,54.0,0.0
1783934316.8,719,32624,84,14.0,54.0,0.0
1783934317.4,719,32624,84,13.0,53.0,0.0
1783934318.0,719,32624,84,13.0,53.0,0.0
1783934318.5,719,32624,84,14.0,53.0,0.0
1783934319.1,719,32624,84,13.0,53.0,0.0
1783934319.7,719,32624,84,12.0,53.0,0.0
1783934320.3,719,32624,84,12.0,53.0,0.0
1783934320.9,719,32624,84,13.0,52.0,0.0
1783934321.5,719,32624,84,12.0,52.0,0.0
1783934322.1,719,32624,84,12.0,52.0,0.0
1783934322.7,719,32624,84,13.0,52.0,0.0
1783934323.3,719,32624,84,12.0,52.0,0.0
1783934323.9,719,32624,84,12.0,52.0,0.0
1783934324.5,719,32624,84,13.0,52.0,0.0
1783934325.1,719,32624,84,12.0,51.0,0.0
1783934325.7,719,32624,84,14.0,51.0,0.0
1783934326.3,719,32624,84,13.0,51.0,0.0
1783934326.9,719,32624,84,12.0,51.0,0.0
1783934327.5,719,32624,84,12.0,51.0,0.0
1783934328.0,719,32624,84,12.0,51.0,0.0
1783934328.6,719,32624,84,11.0,51.0,0.0
1783934329.2,719,32624,84,13.0,50.0,0.0
1783934329.8,719,32624,84,12.0,50.0,0.0
1783934330.4,719,32624,84,13.0,50.0,0.0
1783934331.0,719,32624,84,13.0,50.0,0.0
1783934331.6,719,32624,84,11.0,50.0,0.0
1783934332.2,719,32624,84,11.0,50.0,0.0
1783934332.8,719,32624,84,12.0,50.0,0.0
1783934333.4,719,32624,84,13.0,49.0,0.0
1783934334.0,719,32624,84,14.0,49.0,0.0
1783934334.6,719,32624,84,11.0,49.0,0.0
1783934335.2,719,32624,84,11.0,49.0,0.0
1783934335.8,719,32624,84,11.0,49.0,0.0
1783934336.4,719,32624,84,12.0,49.0,0.0
1783934337.0,719,32624,84,12.0,49.0,0.0
1783934337.5,719,32624,84,12.0,48.0,0.0
1783934338.1,719,32624,84,12.0,49.0,0.0
1783934338.7,719,32624,84,11.0,49.0,0.0
1783934339.3,719,32624,84,12.0,48.0,0.0
1783934339.9,719,32624,84,11.0,48.0,0.0
1783934340.5,719,32624,84,12.0,48.0,0.0
1783934341.1,719,32624,84,12.0,48.0,0.0
1783934341.7,719,32624,84,12.0,48.0,0.0
1783934342.3,719,32624,84,12.0,48.0,0.0
1783934342.9,719,32624,84,11.0,48.0,0.0
1783934343.5,719,32624,84,12.0,48.0,0.0
1783934344.1,719,32624,84,12.0,48.0,0.0
1783934344.7,719,32624,84,12.0,48.0,0.0
1783934345.3,719,32624,84,11.0,47.0,0.0
1783934345.9,719,32624,84,13.0,47.0,0.0
1783934346.5,715,32624,84,19.0,47.0,97.0
1783934347.1,715,32624,84,12.0,47.0,0.0
1783934347.7,715,32624,84,10.0,47.0,0.0
1783934348.3,715,32624,84,10.0,47.0,0.0
1783934348.8,715,32624,84,11.0,47.0,0.0
1783934349.4,715,32624,84,12.0,47.0,0.0
1783934350.0,715,32624,84,12.0,47.0,0.0
1783934350.6,715,32624,84,12.0,47.0,0.0
1783934351.2,715,32624,84,11.0,47.0,0.0
1783934351.8,715,32624,84,15.0,47.0,0.0
1783934352.4,715,32624,84,12.0,46.0,0.0
1783934353.0,715,32624,84,12.0,46.0,0.0
1783934353.6,715,32624,84,11.0,46.0,0.0
1783934354.2,732,32624,87,28.0,46.0,1491.0
1783934354.8,755,32624,91,24.0,47.0,0.0
1783934355.4,860,32624,111,27.0,46.0,22.0
1783934356.0,862,32624,87,13.0,46.0,0.0
1783934356.6,863,32624,77,16.0,46.0,8.0
1783934357.2,848,32624,89,18.0,46.0,1653.0
1783934357.8,846,32624,79,11.0,46.0,0.0
1783934358.4,851,32624,77,27.0,46.0,6.0
1783934359.0,855,32624,77,18.0,46.0,1108.0
1783934359.6,825,32624,95,26.0,46.0,660.0
1783934360.2,825,32624,95,12.0,46.0,0.0
1783934360.8,766,32624,85,12.0,46.0,0.0
1783934361.4,764,32624,81,18.0,46.0,89.0
1783934362.0,764,32624,81,11.0,46.0,0.0
1783934362.6,762,32624,83,23.0,46.0,0.0
1783934363.2,762,32624,81,11.0,46.0,0.0
1783934363.8,762,32624,81,12.0,45.0,0.0
1783934364.4,757,32624,77,11.0,45.0,0.0
1783934365.0,755,32624,77,12.0,45.0,0.0
1783934365.6,750,32624,77,12.0,45.0,0.0
1783934366.2,750,32624,77,11.0,45.0,0.0
1783934366.8,750,32624,77,12.0,45.0,0.0
1783934367.4,749,32624,77,11.0,45.0,0.0
1783934368.0,738,32624,77,12.0,45.0,0.0
1783934368.6,738,32624,77,14.0,45.0,0.0
1783934369.2,726,32624,77,12.0,45.0,0.0
1783934369.8,726,32624,77,11.0,45.0,0.0
1783934370.3,726,32624,77,11.0,45.0,0.0
1783934370.9,726,32624,77,12.0,45.0,0.0
1783934371.5,726,32624,77,11.0,45.0,0.0
1783934372.1,726,32624,77,10.0,45.0,0.0
1783934372.7,726,32624,77,11.0,45.0,0.0
1783934373.3,726,32624,77,12.0,45.0,0.0
1783934373.9,726,32624,77,11.0,45.0,0.0
1783934374.5,726,32624,77,13.0,45.0,0.0
1783934375.1,726,32624,77,12.0,45.0,0.0
1783934375.7,726,32624,77,12.0,45.0,0.0
1783934376.3,726,32624,77,11.0,45.0,0.0
1783934376.9,726,32624,77,14.0,45.0,0.0
1783934377.5,726,32624,77,13.0,45.0,0.0
1783934378.1,726,32624,77,11.0,45.0,0.0
1783934378.7,726,32624,77,12.0,45.0,0.0
1783934379.3,726,32624,77,12.0,45.0,0.0
1783934379.9,726,32624,77,11.0,45.0,0.0
1783934380.5,726,32624,77,11.0,45.0,0.0
1783934381.1,726,32624,77,12.0,45.0,0.0
1783934381.7,726,32624,77,11.0,45.0,0.0
1783934382.3,726,32624,79,12.0,45.0,0.0
1783934382.8,726,32624,79,15.0,45.0,0.0
1783934383.4,726,32624,79,11.0,45.0,0.0
1783934384.0,726,32624,79,11.0,45.0,0.0
1783934384.6,710,32624,75,11.0,45.0,0.0
1783934385.2,710,32624,75,12.0,45.0,0.0
1783934385.8,710,32624,75,11.0,45.0,0.0
1783934386.4,710,32624,75,11.0,45.0,0.0
1783934387.0,710,32624,75,11.0,45.0,0.0
1783934387.6,710,32624,75,11.0,45.0,0.0
1783934388.2,710,32624,75,11.0,45.0,0.0
1783934388.8,710,32624,75,12.0,45.0,0.0
1783934389.4,710,32624,75,12.0,44.0,0.0
1783934390.0,710,32624,75,12.0,45.0,0.0
1783934390.6,710,32624,75,11.0,45.0,0.0
1783934391.2,710,32624,75,11.0,44.0,0.0
1783934391.8,710,32624,75,11.0,44.0,0.0
1783934392.4,710,32624,75,12.0,44.0,0.0
1783934392.9,710,32624,75,11.0,44.0,0.0
1783934393.5,710,32624,75,12.0,44.0,0.0
1783934394.1,710,32624,75,11.0,44.0,0.0
1783934394.7,710,32624,75,12.0,44.0,0.0
1783934395.3,710,32624,75,11.0,44.0,0.0
1783934395.9,710,32624,75,12.0,44.0,0.0
1783934396.5,710,32624,75,12.0,44.0,0.0
1783934397.1,710,32624,75,11.0,44.0,0.0
1783934397.7,710,32624,75,11.0,44.0,0.0
1783934398.3,710,32624,75,12.0,44.0,0.0
1783934398.9,710,32624,75,12.0,44.0,0.0
1783934399.5,710,32624,75,11.0,44.0,0.0
1783934400.1,710,32624,75,10.0,44.0,0.0
1783934400.7,710,32624,75,11.0,44.0,0.0
1783934401.3,710,32624,75,12.0,44.0,0.0
1783934401.9,710,32624,75,11.0,44.0,0.0
1783934402.4,710,32624,75,11.0,44.0,0.0
1783934403.0,710,32624,75,12.0,44.0,0.0
1783934403.6,710,32624,75,12.0,44.0,0.0
1783934404.2,710,32624,75,10.0,44.0,0.0
1783934404.8,710,32624,75,11.0,44.0,0.0
1783934405.4,710,32624,75,11.0,44.0,0.0
1783934406.0,710,32624,75,10.0,44.0,0.0
1783934406.6,710,32624,75,12.0,44.0,0.0
1783934407.2,710,32624,75,10.0,44.0,0.0
1783934407.8,710,32624,75,11.0,44.0,0.0
1783934408.4,710,32624,75,12.0,44.0,0.0
1783934409.0,710,32624,75,11.0,44.0,0.0
1783934409.5,710,32624,75,11.0,44.0,0.0
1783934410.1,710,32624,75,12.0,44.0,0.0
1783934410.7,710,32624,75,11.0,44.0,0.0
1783934411.3,710,32624,75,11.0,44.0,0.0
1783934411.9,710,32624,75,11.0,44.0,0.0
1783934412.5,710,32624,75,12.0,44.0,0.0
1783934413.1,710,32624,75,12.0,44.0,0.0
1783934413.7,722,32624,81,12.0,44.0,0.0
1783934414.3,722,32624,81,16.0,43.0,23.0
1783934414.9,722,32624,81,11.0,44.0,0.0
1783934415.5,722,32624,81,11.0,44.0,0.0
1783934416.1,718,32624,79,10.0,43.0,0.0
1783934416.6,718,32624,79,12.0,43.0,0.0
1783934417.2,718,32624,79,12.0,43.0,0.0
1783934417.8,718,32624,79,12.0,43.0,0.0
1783934418.4,718,32624,79,11.0,43.0,0.0
1783934419.0,718,32624,79,12.0,43.0,0.0
1783934419.6,718,32624,79,12.0,43.0,0.0
1783934420.2,718,32624,79,12.0,43.0,0.0
1783934420.8,718,32624,79,10.0,43.0,0.0
1783934421.4,718,32624,79,11.0,43.0,0.0
1783934422.0,718,32624,79,11.0,43.0,0.0
1783934422.6,718,32624,79,11.0,43.0,0.0
1783934423.2,718,32624,79,11.0,43.0,0.0
1783934423.7,718,32624,79,11.0,43.0,0.0
1783934424.3,718,32624,79,12.0,43.0,0.0
1783934424.9,718,32624,79,12.0,43.0,0.0
1783934425.5,718,32624,79,12.0,43.0,0.0
1783934426.1,718,32624,79,11.0,43.0,0.0
1783934426.7,720,32624,81,12.0,43.0,0.0
1783934427.3,720,32624,81,11.0,43.0,0.0
1783934427.9,720,32624,81,11.0,43.0,0.0
1783934428.5,720,32624,81,11.0,43.0,0.0
1783934429.1,714,32624,79,11.0,43.0,0.0
1783934429.7,714,32624,79,11.0,43.0,0.0
1783934430.3,714,32624,79,11.0,43.0,0.0
1783934430.9,714,32624,79,11.0,43.0,0.0
1783934431.4,714,32624,79,11.0,43.0,0.0
1783934432.0,714,32624,79,11.0,43.0,0.0
1783934432.6,714,32624,79,11.0,43.0,0.0
1783934433.2,714,32624,79,11.0,43.0,0.0
1783934433.8,714,32624,79,11.0,43.0,0.0
1783934434.4,714,32624,79,11.0,43.0,0.0
1783934435.0,714,32624,79,11.0,43.0,0.0
1783934435.6,714,32624,79,10.0,43.0,0.0
1783934436.2,714,32624,79,12.0,43.0,0.0
1783934436.8,714,32624,79,11.0,43.0,0.0
1783934437.4,714,32624,79,11.0,43.0,0.0
1783934438.0,714,32624,79,11.0,43.0,0.0
1783934438.6,714,32624,79,12.0,43.0,0.0
1783934439.2,714,32624,79,12.0,43.0,0.0
1783934439.8,714,32624,79,12.0,43.0,0.0
1783934440.3,714,32624,79,12.0,42.0,0.0
1783934440.9,714,32624,79,11.0,43.0,0.0
1783934441.5,714,32624,79,12.0,42.0,0.0
1783934442.1,714,32624,79,11.0,43.0,0.0
1783934442.7,714,32624,79,12.0,42.0,0.0
1783934443.3,714,32624,79,12.0,42.0,0.0
1783934443.9,714,32624,79,11.0,42.0,0.0
1783934444.5,714,32624,79,11.0,42.0,0.0
1783934445.1,714,32624,79,11.0,42.0,0.0
1783934445.7,714,32624,79,11.0,42.0,0.0
1783934446.3,714,32624,79,12.0,42.0,0.0
1783934446.9,714,32624,79,11.0,42.0,0.0
1783934447.5,714,32624,79,11.0,42.0,0.0
1783934448.1,714,32624,79,11.0,42.0,0.0
1783934448.7,714,32624,79,12.0,42.0,0.0
1783934449.2,714,32624,79,11.0,42.0,0.0
1783934449.8,714,32624,79,11.0,42.0,0.0
1783934450.4,714,32624,79,11.0,42.0,0.0
1783934451.0,714,32624,79,11.0,42.0,0.0
1783934451.6,714,32624,79,11.0,42.0,0.0
1783934452.2,714,32624,79,11.0,42.0,0.0
1783934452.8,714,32624,79,12.0,42.0,0.0
1783934453.4,714,32624,79,11.0,42.0,0.0
1783934454.0,714,32624,79,11.0,42.0,0.0
1783934454.6,714,32624,79,11.0,42.0,0.0
1783934455.2,714,32624,79,11.0,42.0,0.0
1783934455.8,714,32624,79,12.0,42.0,0.0
1783934456.4,714,32624,79,10.0,42.0,0.0
1783934457.0,714,32624,79,12.0,42.0,0.0
1783934457.6,714,32624,79,11.0,42.0,0.0
1783934458.2,714,32624,79,11.0,42.0,0.0
1783934458.8,714,32624,79,11.0,41.0,0.0
1783934459.4,714,32624,79,12.0,42.0,0.0
1783934460.0,714,32624,79,10.0,41.0,0.0
1783934460.6,714,32624,79,12.0,42.0,0.0
1783934461.2,714,32624,79,13.0,42.0,0.0
1783934461.8,714,32624,79,11.0,42.0,0.0
1783934462.4,714,32624,79,11.0,42.0,0.0
1783934463.0,714,32624,79,11.0,42.0,0.0
1783934463.6,714,32624,79,10.0,42.0,0.0
1783934464.2,714,32624,79,11.0,41.0,0.0
1783934464.8,714,32624,79,11.0,41.0,0.0
1783934465.4,714,32624,79,12.0,42.0,0.0
1783934465.9,714,32624,79,11.0,41.0,0.0
1783934466.5,714,32624,79,12.0,41.0,0.0
1783934467.1,714,32624,79,11.0,42.0,0.0
1783934467.7,714,32624,79,12.0,41.0,0.0
1783934468.3,714,32624,79,11.0,41.0,0.0
1783934468.9,714,32624,79,11.0,41.0,0.0
1783934469.5,714,32624,79,13.0,41.0,0.0
1783934470.1,714,32624,79,11.0,41.0,0.0
1783934470.7,714,32624,79,11.0,41.0,0.0
1783934471.3,714,32624,79,11.0,42.0,0.0
1783934471.9,714,32624,79,12.0,41.0,0.0
1783934472.5,714,32624,79,11.0,41.0,0.0
1783934473.1,714,32624,79,11.0,41.0,0.0
1783934473.7,716,32624,79,11.0,41.0,0.0
1783934474.3,716,32624,79,11.0,41.0,0.0
1783934474.9,716,32624,79,11.0,41.0,0.0
1783934475.5,715,32624,77,12.0,41.0,0.0
1783934476.1,715,32624,77,12.0,41.0,0.0
1783934476.7,715,32624,77,11.0,41.0,0.0
1783934477.3,715,32624,77,12.0,41.0,0.0
1783934477.9,715,32624,77,15.0,41.0,6.0
1783934478.5,715,32624,77,14.0,41.0,426.0
1783934479.1,715,32624,77,15.0,41.0,24.0
1783934479.7,715,32624,77,15.0,41.0,48.0
1783934480.3,715,32624,77,11.0,41.0,0.0
1783934480.9,715,32624,77,12.0,41.0,0.0
1783934481.5,715,32624,77,11.0,41.0,0.0
1783934482.1,715,32624,77,11.0,41.0,0.0
1783934482.6,715,32624,77,11.0,41.0,0.0
1783934483.2,715,32624,77,11.0,41.0,0.0
1783934483.8,715,32624,77,12.0,41.0,0.0
1783934484.4,715,32624,77,11.0,41.0,0.0
1783934485.0,715,32624,77,11.0,41.0,0.0
1783934485.6,715,32624,77,11.0,41.0,0.0
1783934486.2,715,32624,77,11.0,41.0,0.0
1783934486.8,715,32624,77,12.0,41.0,0.0
1783934487.4,715,32624,77,11.0,41.0,0.0
1783934488.0,715,32624,77,11.0,41.0,0.0
1783934488.6,715,32624,77,12.0,41.0,0.0
1783934489.2,715,32624,77,11.0,41.0,0.0
1783934489.8,715,32624,77,11.0,41.0,0.0
1783934490.4,715,32624,77,11.0,41.0,0.0
1783934491.0,715,32624,77,11.0,41.0,0.0
1783934491.6,715,32624,77,11.0,41.0,0.0
1783934492.1,715,32624,77,12.0,40.0,0.0
1783934492.7,715,32624,77,11.0,40.0,0.0
1783934493.3,715,32624,77,10.0,41.0,0.0
1783934493.9,715,32624,77,11.0,41.0,0.0
1783934494.5,715,32624,77,11.0,41.0,0.0
1783934495.1,715,32624,77,12.0,41.0,0.0
1783934495.7,715,32624,77,11.0,41.0,0.0
1783934496.3,715,32624,77,12.0,40.0,0.0
1783934496.9,715,32624,77,11.0,41.0,0.0
1783934497.5,715,32624,77,11.0,41.0,0.0
1783934498.1,715,32624,77,12.0,41.0,0.0
1783934498.7,715,32624,77,12.0,41.0,0.0
1783934499.3,715,32624,77,11.0,40.0,0.0
1783934499.9,715,32624,77,11.0,41.0,0.0
1783934500.5,715,32624,77,11.0,41.0,0.0
1783934501.1,715,32624,77,11.0,41.0,0.0
1783934501.7,715,32624,77,12.0,40.0,0.0
1783934502.3,715,32624,77,11.0,40.0,0.0
1783934502.9,715,32624,77,11.0,40.0,0.0
1783934503.5,715,32624,77,12.0,40.0,0.0
1783934504.1,715,32624,77,11.0,40.0,0.0
1783934504.7,715,32624,77,11.0,40.0,0.0
1783934505.3,715,32624,77,11.0,40.0,0.0
1783934505.8,715,32624,77,11.0,40.0,0.0
1783934506.4,715,32624,77,11.0,40.0,0.0
1783934507.0,715,32624,77,10.0,40.0,0.0
1783934507.6,715,32624,77,11.0,40.0,0.0
1783934508.2,715,32624,77,12.0,40.0,0.0
1783934508.8,715,32624,77,11.0,40.0,0.0
1783934509.4,715,32624,77,11.0,40.0,0.0
1783934510.0,715,32624,77,12.0,40.0,0.0
1783934510.6,715,32624,77,12.0,40.0,0.0
1783934511.2,715,32624,77,11.0,40.0,0.0
1783934511.8,715,32624,77,11.0,40.0,0.0
1783934512.4,715,32624,77,11.0,40.0,0.0
1783934513.0,715,32624,77,12.0,40.0,0.0
1783934513.6,715,32624,77,11.0,40.0,0.0
1783934514.1,715,32624,77,11.0,40.0,0.0
1783934514.7,715,32624,77,11.0,40.0,0.0
1783934515.3,715,32624,77,11.0,40.0,0.0
1783934515.9,715,32624,77,11.0,40.0,0.0
1783934516.5,715,32624,77,13.0,40.0,0.0
1783934517.1,715,32624,77,11.0,40.0,0.0
1783934517.7,715,32624,77,12.0,40.0,0.0
1783934518.3,715,32624,77,11.0,40.0,0.0
1783934518.9,715,32624,77,11.0,40.0,0.0
1783934519.5,715,32624,77,12.0,40.0,0.0
1783934520.1,715,32624,77,11.0,40.0,0.0
1783934520.7,715,32624,77,12.0,40.0,0.0
1783934521.3,715,32624,77,12.0,40.0,0.0
1783934521.8,715,32624,77,11.0,40.0,0.0
1783934522.4,715,32624,77,10.0,40.0,0.0
1783934523.0,715,32624,77,12.0,40.0,0.0
1783934523.6,715,32624,77,11.0,40.0,0.0
1783934524.2,715,32624,77,11.0,40.0,0.0
1783934524.8,715,32624,77,11.0,40.0,0.0
1783934525.4,715,32624,77,11.0,40.0,0.0
1783934526.0,715,32624,77,11.0,40.0,0.0
1783934526.6,715,32624,77,11.0,39.0,0.0
1783934527.2,715,32624,77,11.0,39.0,0.0
1783934527.8,715,32624,77,11.0,39.0,0.0
1783934528.4,715,32624,77,11.0,39.0,0.0
1783934529.0,715,32624,77,11.0,40.0,0.0
1783934529.6,715,32624,77,11.0,39.0,0.0
1783934530.2,715,32624,77,12.0,39.0,0.0
1783934530.8,715,32624,77,11.0,39.0,0.0
1783934531.3,715,32624,77,11.0,39.0,0.0
1783934531.9,715,32624,77,12.0,39.0,0.0
1783934532.5,715,32624,77,11.0,39.0,0.0
1783934533.1,715,32624,77,12.0,39.0,0.0
1783934533.7,715,32624,77,12.0,39.0,0.0
1783934534.3,715,32624,77,12.0,39.0,0.0
1783934534.9,715,32624,77,11.0,39.0,0.0
1783934535.5,715,32624,77,9.0,39.0,0.0
1783934536.1,715,32624,77,11.0,39.0,0.0
1783934536.7,715,32624,77,14.0,39.0,593.0
1783934537.3,715,32624,77,12.0,39.0,0.0
1783934537.9,711,32624,77,16.0,39.0,26.0
1783934538.5,711,32624,77,15.0,39.0,20.0
1783934539.1,711,32624,77,16.0,39.0,41.0
1783934539.7,711,32624,77,19.0,39.0,282.0
1783934540.3,711,32624,77,12.0,39.0,0.0
1783934540.9,711,32624,77,11.0,39.0,0.0
1783934541.5,711,32624,77,11.0,39.0,0.0
1783934542.0,711,32624,77,12.0,39.0,0.0
1783934542.6,711,32624,77,11.0,39.0,0.0
1783934543.2,711,32624,77,11.0,39.0,0.0
1783934543.8,711,32624,77,10.0,39.0,0.0
1783934544.4,711,32624,77,11.0,39.0,0.0
1783934545.0,711,32624,77,11.0,39.0,0.0
1783934545.6,711,32624,77,12.0,39.0,0.0
1783934546.2,711,32624,77,11.0,39.0,0.0
1783934546.8,711,32624,77,11.0,39.0,0.0
1783934547.4,711,32624,77,10.0,39.0,0.0
1783934548.0,711,32624,77,12.0,39.0,0.0
1783934548.6,711,32624,77,12.0,39.0,0.0
1783934549.2,711,32624,77,11.0,39.0,0.0
1783934549.7,711,32624,77,11.0,39.0,0.0
1783934550.3,711,32624,77,12.0,39.0,0.0
1783934550.9,711,32624,77,10.0,39.0,0.0
1783934551.5,711,32624,77,11.0,39.0,0.0
1783934552.1,711,32624,77,11.0,39.0,0.0
1783934552.7,711,32624,77,11.0,39.0,0.0
1783934553.3,711,32624,77,11.0,39.0,0.0
1783934553.9,711,32624,77,11.0,39.0,0.0
1783934554.5,711,32624,77,11.0,39.0,0.0
1783934555.1,711,32624,77,12.0,39.0,0.0
1783934555.7,711,32624,77,12.0,39.0,0.0
1783934556.3,711,32624,77,12.0,39.0,0.0
1783934556.9,711,32624,77,11.0,39.0,0.0
1783934557.5,711,32624,77,11.0,39.0,0.0
1783934558.1,711,32624,77,11.0,39.0,0.0
1783934558.7,711,32624,77,11.0,38.0,0.0
1783934559.3,711,32624,77,11.0,39.0,0.0
1783934559.8,711,32624,77,12.0,39.0,0.0
1783934560.4,711,32624,77,11.0,38.0,0.0
1783934561.0,711,32624,77,11.0,38.0,0.0
1783934561.6,711,32624,77,11.0,38.0,0.0
1783934562.2,711,32624,77,12.0,39.0,0.0
1783934562.8,711,32624,77,11.0,39.0,0.0
1783934563.4,711,32624,77,11.0,38.0,0.0
1783934564.0,711,32624,77,11.0,38.0,0.0
1783934564.6,711,32624,77,12.0,38.0,0.0
1783934565.2,711,32624,77,14.0,38.0,0.0
1783934565.8,711,32624,77,11.0,38.0,0.0
1783934566.4,711,32624,77,10.0,38.0,0.0
1783934567.0,711,32624,77,11.0,38.0,0.0
1783934567.6,711,32624,77,11.0,38.0,0.0
1783934568.2,711,32624,77,10.0,38.0,0.0
1783934568.8,711,32624,77,11.0,38.0,0.0
1783934569.4,711,32624,77,11.0,38.0,0.0
1783934570.0,711,32624,77,12.0,38.0,0.0
1783934570.6,711,32624,77,10.0,38.0,0.0
1783934571.2,711,32624,77,11.0,38.0,0.0
1783934571.8,711,32624,77,11.0,38.0,0.0
1783934572.4,711,32624,77,11.0,38.0,0.0
1783934572.9,711,32624,77,10.0,38.0,0.0
1783934573.5,711,32624,77,11.0,38.0,0.0
1783934574.1,711,32624,77,11.0,38.0,0.0
1783934574.7,711,32624,77,11.0,38.0,0.0
1783934575.3,711,32624,77,10.0,38.0,0.0
1783934575.9,711,32624,77,11.0,38.0,0.0
1783934576.5,711,32624,77,11.0,38.0,0.0
1783934577.1,711,32624,77,11.0,38.0,0.0
1783934577.7,711,32624,77,12.0,38.0,0.0
1783934578.3,711,32624,77,11.0,38.0,0.0
1783934578.9,711,32624,77,13.0,38.0,0.0
1783934579.5,711,32624,77,11.0,38.0,0.0
1783934580.1,711,32624,77,11.0,38.0,0.0
1783934580.7,711,32624,77,10.0,38.0,0.0
1783934581.3,711,32624,77,11.0,38.0,0.0
1783934581.9,711,32624,77,11.0,38.0,0.0
1783934582.4,711,32624,77,11.0,38.0,0.0
1783934583.0,711,32624,77,12.0,38.0,0.0
1783934583.6,711,32624,77,12.0,38.0,0.0
1783934584.2,711,32624,77,11.0,38.0,0.0
1783934584.8,711,32624,77,10.0,38.0,0.0
1783934585.4,711,32624,77,12.0,38.0,0.0
1783934586.0,711,32624,77,11.0,38.0,0.0
1783934586.6,711,32624,77,11.0,38.0,0.0
1783934587.2,711,32624,77,11.0,38.0,0.0
1783934587.8,711,32624,77,11.0,38.0,0.0
1783934588.4,711,32624,77,12.0,38.0,0.0
1783934589.0,711,32624,77,12.0,38.0,0.0
1783934589.6,711,32624,77,11.0,38.0,0.0
1783934590.2,711,32624,77,11.0,38.0,0.0
1783934590.7,711,32624,77,12.0,38.0,0.0
1783934591.3,711,32624,77,11.0,38.0,0.0
1783934591.9,711,32624,77,11.0,38.0,0.0
1783934592.5,711,32624,77,11.0,38.0,0.0
1783934593.1,711,32624,77,10.0,38.0,0.0
1783934593.7,711,32624,77,12.0,38.0,0.0
1783934594.3,711,32624,77,11.0,38.0,0.0
1783934594.9,711,32624,77,11.0,38.0,0.0
1783934595.5,711,32624,77,10.0,38.0,0.0
1783934596.1,711,32624,77,14.0,38.0,537.0
1783934596.7,711,32624,77,12.0,38.0,0.0
1783934597.3,711,32624,77,17.0,38.0,111.0
1783934597.9,711,32624,77,17.0,38.0,43.0
1783934598.5,711,32624,77,13.0,38.0,0.0
1783934599.1,711,32624,77,11.0,38.0,0.0
1783934599.7,711,32624,77,11.0,38.0,0.0
1783934600.3,711,32624,77,10.0,37.0,0.0
1783934600.8,711,32624,77,11.0,38.0,0.0
1783934601.4,711,32624,77,11.0,38.0,0.0
1783934602.0,711,32624,77,11.0,38.0,0.0
1783934602.6,711,32624,77,12.0,38.0,0.0
1783934603.2,711,32624,77,10.0,38.0,0.0
1783934603.8,711,32624,77,12.0,38.0,0.0
1783934604.4,711,32624,77,11.0,38.0,0.0
1783934605.0,711,32624,77,12.0,38.0,0.0
1783934605.6,711,32624,77,11.0,38.0,0.0
1783934606.2,711,32624,77,12.0,38.0,0.0
1783934606.8,711,32624,77,11.0,38.0,0.0
1783934607.4,711,32624,77,11.0,38.0,0.0
1783934608.0,711,32624,77,11.0,38.0,0.0
1783934608.6,711,32624,77,11.0,38.0,0.0
1783934609.2,711,32624,77,11.0,38.0,0.0
1783934609.8,711,32624,77,11.0,38.0,0.0
1783934610.3,711,32624,77,10.0,38.0,0.0
1783934610.9,711,32624,77,11.0,38.0,0.0
1783934611.5,711,32624,77,11.0,38.0,0.0
1783934612.1,711,32624,77,12.0,37.0,0.0
1783934612.7,711,32624,77,11.0,38.0,0.0
1783934613.3,711,32624,77,11.0,37.0,0.0
1783934613.9,711,32624,77,11.0,38.0,0.0
1783934614.5,711,32624,77,11.0,37.0,0.0
1783934615.1,711,32624,77,11.0,37.0,0.0
1783934615.7,711,32624,77,12.0,37.0,0.0
1783934616.3,711,32624,77,11.0,37.0,0.0
1783934616.9,711,32624,77,12.0,38.0,0.0
1783934617.5,711,32624,77,10.0,37.0,0.0
1783934618.1,711,32624,77,11.0,37.0,0.0
1783934618.7,711,32624,77,11.0,38.0,0.0
1783934619.3,711,32624,77,10.0,37.0,0.0
1783934619.8,711,32624,77,10.0,37.0,0.0
1783934620.4,711,32624,77,11.0,37.0,0.0
1783934621.0,711,32624,77,11.0,37.0,0.0
1783934621.6,711,32624,77,11.0,37.0,0.0
1783934622.2,711,32624,77,11.0,37.0,0.0
1783934622.8,711,32624,77,10.0,38.0,0.0
1783934623.4,711,32624,77,11.0,38.0,0.0
1783934624.0,711,32624,77,12.0,37.0,0.0
1783934624.6,711,32624,77,11.0,38.0,0.0
1783934625.2,711,32624,77,11.0,37.0,0.0
1783934625.8,711,32624,77,11.0,37.0,0.0
1783934626.4,711,32624,77,11.0,37.0,0.0
1783934627.0,711,32624,77,11.0,37.0,0.0
1783934627.6,711,32624,77,10.0,37.0,0.0
1783934628.2,711,32624,77,10.0,37.0,0.0
1783934628.8,711,32624,77,11.0,37.0,0.0
1783934629.4,711,32624,77,11.0,37.0,0.0
1783934630.0,711,32624,77,10.0,37.0,0.0
1783934630.5,711,32624,77,11.0,37.0,0.0
1783934631.1,711,32624,77,11.0,37.0,0.0
1783934631.7,711,32624,77,11.0,37.0,0.0
1783934632.3,711,32624,77,11.0,37.0,0.0
1783934632.9,711,32624,77,11.0,37.0,0.0
1783934633.5,711,32624,77,11.0,37.0,0.0
1783934634.1,711,32624,77,11.0,37.0,0.0
1783934634.7,711,32624,77,11.0,37.0,0.0
1783934635.3,714,32624,79,11.0,37.0,0.0
1783934635.9,714,32624,79,11.0,37.0,0.0
1783934636.5,714,32624,79,10.0,37.0,0.0
1783934637.1,714,32624,79,10.0,37.0,0.0
1783934637.7,712,32624,77,14.0,37.0,0.0
1783934638.3,712,32624,77,11.0,37.0,0.0
1783934638.9,712,32624,77,11.0,37.0,0.0
1783934639.5,712,32624,77,11.0,37.0,0.0
1783934640.1,712,32624,77,10.0,37.0,0.0
1783934640.7,712,32624,77,10.0,37.0,0.0
1783934641.3,712,32624,77,10.0,37.0,0.0
1783934641.9,712,32624,77,11.0,37.0,0.0
1783934642.5,712,32624,77,11.0,37.0,0.0
1783934643.0,712,32624,77,12.0,37.0,0.0
1783934643.6,712,32624,77,12.0,37.0,0.0
1783934644.2,712,32624,77,12.0,37.0,0.0
1783934644.8,712,32624,77,10.0,37.0,0.0
1783934645.4,712,32624,77,10.0,37.0,0.0
1783934646.0,712,32624,77,11.0,37.0,0.0
1783934646.6,712,32624,77,11.0,37.0,0.0
1783934647.2,712,32624,77,11.0,37.0,0.0
1783934647.8,712,32624,77,10.0,37.0,0.0
1783934648.4,712,32624,77,11.0,37.0,0.0
1783934649.0,712,32624,77,10.0,37.0,0.0
1783934649.6,712,32624,77,11.0,37.0,0.0
1783934650.2,712,32624,77,11.0,37.0,0.0
1783934650.8,712,32624,77,11.0,37.0,0.0
1783934651.4,712,32624,77,11.0,37.0,0.0
1783934652.0,712,32624,77,10.0,37.0,0.0
1783934652.6,712,32624,77,11.0,37.0,0.0
1783934653.2,712,32624,77,10.0,37.0,0.0
1783934653.8,718,32624,81,11.0,37.0,0.0
1783934654.3,718,32624,81,11.0,37.0,0.0
1783934654.9,718,32624,79,22.0,37.0,0.0
1783934655.5,703,32624,79,22.0,37.0,0.0
1783934656.1,703,32624,79,12.0,37.0,0.0
1783934656.7,703,32624,79,11.0,37.0,0.0
1783934657.3,703,32624,79,11.0,37.0,0.0
1783934657.9,703,32624,79,11.0,37.0,0.0
1783934658.5,729,32624,103,23.0,37.0,0.0
1783934659.1,729,32624,77,26.0,37.0,27.0
1783934659.7,733,32624,81,26.0,37.0,17.0
1783934660.3,733,32624,77,13.0,37.0,38.0
1783934660.9,735,32624,79,22.0,37.0,0.0
1783934661.5,733,32624,79,22.0,37.0,0.0
1783934662.1,739,32624,77,11.0,37.0,0.0
1783934662.7,739,32624,77,10.0,37.0,0.0
1783934663.3,739,32624,75,10.0,37.0,0.0
1783934663.9,739,32624,75,9.0,37.0,0.0
1783934664.5,739,32624,75,10.0,37.0,0.0
1783934665.1,739,32624,75,9.0,37.0,0.0
1783934665.6,739,32624,75,9.0,37.0,0.0
1783934666.2,739,32624,75,10.0,37.0,0.0
1783934666.8,739,32624,75,9.0,37.0,0.0
1783934667.4,739,32624,75,9.0,36.0,0.0
1783934668.0,739,32624,75,10.0,37.0,0.0
1783934668.6,739,32624,75,10.0,37.0,0.0
1783934669.2,739,32624,75,10.0,37.0,0.0
1783934669.8,739,32624,75,11.0,37.0,0.0
1783934670.4,739,32624,75,11.0,37.0,0.0
1783934671.0,739,32624,75,10.0,36.0,0.0
1783934671.6,739,32624,75,10.0,37.0,0.0
1783934672.2,739,32624,75,10.0,37.0,0.0
1783934672.7,739,32624,75,10.0,37.0,0.0
1783934673.3,739,32624,75,10.0,37.0,0.0
1783934673.9,739,32624,75,10.0,37.0,0.0
1783934674.5,739,32624,75,10.0,37.0,0.0
1783934675.1,739,32624,75,10.0,37.0,0.0
1783934675.7,739,32624,75,10.0,37.0,0.0
1783934676.3,739,32624,75,10.0,37.0,0.0
1783934676.9,739,32624,75,9.0,37.0,0.0
1783934677.5,739,32624,75,12.0,36.0,0.0
1783934678.1,739,32624,75,12.0,37.0,0.0
1783934678.7,739,32624,75,9.0,37.0,0.0
1783934679.3,739,32624,75,9.0,37.0,0.0
1783934679.9,739,32624,75,10.0,36.0,0.0
1783934680.5,739,32624,75,10.0,36.0,0.0
1783934681.0,739,32624,75,10.0,36.0,0.0
1783934681.6,739,32624,75,11.0,36.0,0.0
1783934682.2,739,32624,75,11.0,36.0,0.0
1783934682.8,739,32624,75,10.0,36.0,0.0
1783934683.4,739,32624,75,9.0,36.0,0.0
1783934684.0,739,32624,75,10.0,36.0,0.0
1783934684.6,739,32624,75,10.0,36.0,0.0
1783934685.2,739,32624,75,10.0,36.0,0.0
1783934685.8,739,32624,75,11.0,36.0,0.0
1783934686.4,739,32624,75,10.0,36.0,0.0
1783934687.0,739,32624,75,10.0,36.0,0.0
1783934687.6,739,32624,75,10.0,36.0,0.0
1783934688.2,739,32624,75,10.0,36.0,0.0
1783934688.8,739,32624,75,9.0,36.0,0.0
1783934689.3,739,32624,75,9.0,36.0,0.0
1783934689.9,739,32624,75,9.0,36.0,0.0
1783934690.5,739,32624,75,10.0,36.0,0.0
1783934691.1,739,32624,75,10.0,36.0,0.0
1783934691.7,739,32624,75,10.0,36.0,0.0
1783934692.3,739,32624,75,10.0,36.0,0.0
1783934692.9,739,32624,75,10.0,36.0,0.0
1783934693.5,739,32624,75,10.0,36.0,0.0
1783934694.1,739,32624,75,10.0,36.0,0.0
1783934694.7,739,32624,75,10.0,36.0,0.0
1783934695.3,731,32624,75,10.0,36.0,0.0
1783934695.9,731,32624,75,10.0,36.0,0.0
1783934696.5,731,32624,75,9.0,36.0,0.0
1783934697.0,731,32624,75,9.0,36.0,0.0
1783934697.6,731,32624,75,10.0,36.0,0.0
1783934698.2,731,32624,75,10.0,36.0,0.0
1783934698.8,731,32624,75,10.0,36.0,0.0
1783934699.4,731,32624,75,10.0,36.0,0.0
1783934700.0,731,32624,75,10.0,36.0,0.0
1783934700.6,731,32624,75,11.0,36.0,0.0
1783934701.2,731,32624,75,10.0,36.0,0.0
1783934701.8,731,32624,75,10.0,36.0,0.0
1783934702.4,731,32624,75,11.0,36.0,0.0
1783934703.0,731,32624,75,10.0,36.0,0.0
1783934703.6,731,32624,75,10.0,36.0,0.0
1783934704.2,731,32624,75,10.0,36.0,0.0
1783934704.8,731,32624,75,10.0,36.0,0.0
1783934705.3,731,32624,75,10.0,36.0,0.0
1783934705.9,731,32624,75,11.0,36.0,0.0
1783934706.5,731,32624,75,9.0,36.0,0.0
1783934707.1,731,32624,75,10.0,36.0,0.0
1783934707.7,731,32624,75,10.0,36.0,0.0
1783934708.3,731,32624,75,10.0,36.0,0.0
1783934708.9,731,32624,75,9.0,36.0,0.0
1783934709.5,731,32624,75,10.0,36.0,0.0
1783934710.1,731,32624,75,10.0,36.0,0.0
1783934710.7,731,32624,75,10.0,36.0,0.0
1783934711.3,731,32624,75,10.0,36.0,0.0
1783934711.8,731,32624,75,10.0,36.0,0.0
1783934712.4,731,32624,75,10.0,36.0,0.0
1783934713.0,731,32624,75,10.0,36.0,0.0
1783934713.6,731,32624,75,9.0,36.0,0.0
1783934714.2,731,32624,75,9.0,36.0,0.0
1783934714.8,731,32624,75,10.0,36.0,0.0
1783934715.4,731,32624,75,11.0,36.0,0.0
1783934716.0,731,32624,75,10.0,35.0,0.0
1783934716.6,731,32624,75,11.0,36.0,0.0
1783934717.2,731,32624,75,9.0,36.0,0.0
1783934717.8,731,32624,75,11.0,36.0,0.0
1783934718.4,731,32624,75,10.0,36.0,0.0
1783934719.0,731,32624,75,10.0,36.0,0.0
1783934719.5,731,32624,75,9.0,36.0,0.0
1783934720.1,731,32624,75,9.0,36.0,0.0
1783934720.7,731,32624,75,10.0,36.0,0.0
1783934721.3,731,32624,75,10.0,36.0,0.0
1783934721.9,731,32624,75,10.0,36.0,0.0
1783934722.5,731,32624,75,10.0,36.0,0.0
1783934723.1,731,32624,75,10.0,35.0,0.0
1783934723.7,731,32624,75,10.0,35.0,0.0
1783934724.3,731,32624,75,10.0,36.0,0.0
1783934724.9,731,32624,75,10.0,35.0,0.0
1783934725.5,731,32624,75,10.0,36.0,0.0
1783934726.1,731,32624,75,10.0,36.0,0.0
1783934726.7,731,32624,75,10.0,35.0,0.0
1783934727.3,731,32624,75,9.0,35.0,0.0
1783934727.9,731,32624,75,9.0,36.0,0.0
1783934728.5,731,32624,75,10.0,35.0,0.0
1783934729.0,731,32624,75,10.0,35.0,0.0
1783934729.6,731,32624,75,10.0,35.0,0.0
1783934730.2,731,32624,75,10.0,35.0,0.0
1783934730.8,731,32624,75,10.0,35.0,0.0
1783934731.4,731,32624,75,10.0,35.0,0.0
1783934732.0,731,32624,75,9.0,35.0,0.0
1783934732.6,731,32624,75,11.0,35.0,0.0
1783934733.2,731,32624,75,9.0,35.0,0.0
1783934733.8,731,32624,75,10.0,35.0,0.0
1783934734.4,731,32624,75,11.0,35.0,0.0
1783934735.0,731,32624,75,9.0,35.0,0.0
1783934735.6,731,32624,75,9.0,35.0,0.0
1783934736.2,731,32624,75,10.0,35.0,0.0
1783934736.8,731,32624,75,9.0,35.0,0.0
1783934737.4,731,32624,75,10.0,35.0,0.0
1783934738.0,731,32624,75,10.0,35.0,0.0
1783934738.6,731,32624,75,10.0,35.0,0.0
1783934739.2,731,32624,75,9.0,35.0,0.0
1783934739.8,731,32624,75,9.0,35.0,0.0
1783934740.3,731,32624,75,10.0,35.0,0.0
1783934740.9,731,32624,75,10.0,35.0,0.0
1783934741.5,731,32624,75,10.0,35.0,0.0
1783934742.1,731,32624,75,10.0,35.0,0.0
1783934742.7,731,32624,75,11.0,35.0,0.0
1783934743.3,731,32624,75,10.0,35.0,0.0
1783934743.9,731,32624,75,9.0,35.0,0.0
1783934744.5,731,32624,75,9.0,35.0,0.0
1783934745.1,731,32624,75,10.0,35.0,0.0
1783934745.7,731,32624,75,9.0,35.0,0.0
1783934746.3,731,32624,75,9.0,35.0,0.0
1783934746.9,731,32624,75,10.0,35.0,0.0
1783934747.5,731,32624,75,9.0,35.0,0.0
1783934748.1,731,32624,75,10.0,35.0,0.0
1783934748.6,731,32624,75,9.0,35.0,0.0
1783934749.2,731,32624,75,10.0,35.0,0.0
1783934749.8,731,32624,75,9.0,35.0,0.0
1783934750.4,731,32624,75,9.0,35.0,0.0
1783934751.0,731,32624,75,10.0,35.0,0.0
1783934751.6,731,32624,75,9.0,35.0,0.0
1783934752.2,731,32624,75,10.0,35.0,0.0
1783934752.8,731,32624,75,10.0,35.0,0.0
1783934753.4,731,32624,75,9.0,35.0,0.0
1783934754.0,731,32624,75,10.0,35.0,0.0
1783934754.6,731,32624,75,9.0,35.0,0.0
1783934755.2,731,32624,75,9.0,35.0,0.0
1783934755.8,731,32624,75,9.0,35.0,0.0
1783934756.3,731,32624,75,10.0,35.0,0.0
1783934756.9,731,32624,75,10.0,35.0,0.0
1783934757.5,731,32624,75,12.0,35.0,0.0
1783934758.1,731,32624,75,12.0,35.0,0.0
1783934758.7,731,32624,75,10.0,35.0,0.0
1783934759.3,731,32624,75,10.0,35.0,0.0
1783934759.9,731,32624,75,9.0,35.0,0.0
1783934760.5,731,32624,75,12.0,35.0,0.0
1783934761.1,731,32624,75,10.0,35.0,0.0
1783934761.7,731,32624,75,9.0,35.0,0.0
1783934762.3,731,32624,75,10.0,35.0,0.0
1783934762.9,731,32624,75,10.0,35.0,0.0
1783934763.5,731,32624,75,10.0,35.0,0.0
1783934764.1,731,32624,75,10.0,35.0,0.0
1783934764.6,731,32624,75,9.0,35.0,0.0
1783934765.2,731,32624,75,10.0,35.0,0.0
1783934765.8,731,32624,75,10.0,35.0,0.0
1783934766.4,731,32624,75,10.0,35.0,0.0
1783934767.0,731,32624,75,11.0,35.0,0.0
1783934767.6,731,32624,75,10.0,35.0,0.0
1783934768.2,731,32624,75,9.0,35.0,0.0
1783934768.8,731,32624,75,10.0,35.0,0.0
1783934769.4,731,32624,75,10.0,35.0,0.0
1783934770.0,731,32624,75,10.0,35.0,0.0
1783934770.6,731,32624,75,10.0,35.0,0.0
1783934771.2,731,32624,75,10.0,35.0,0.0
1783934771.8,731,32624,75,10.0,35.0,0.0
1783934772.4,731,32624,75,9.0,35.0,0.0
1783934773.0,731,32624,75,9.0,35.0,0.0
1783934773.6,731,32624,75,10.0,35.0,0.0
1783934774.1,731,32624,75,9.0,35.0,0.0
1783934774.7,731,32624,75,10.0,35.0,0.0
1783934775.3,731,32624,75,10.0,35.0,0.0
1783934775.9,731,32624,75,10.0,35.0,0.0
1783934776.5,731,32624,75,10.0,34.0,0.0
1783934777.1,731,32624,75,9.0,35.0,0.0
1783934777.7,731,32624,75,10.0,35.0,0.0
1783934778.3,731,32624,75,9.0,35.0,0.0
1783934778.9,742,32624,105,28.0,35.0,1256.0
1783934779.5,742,32624,105,12.0,35.0,0.0
1783934780.1,782,32624,109,11.0,35.0,0.0
1783934780.7,809,32624,111,17.0,35.0,1588.0
1783934781.3,809,32624,111,11.0,35.0,0.0
1783934781.9,788,32624,81,25.0,35.0,0.0
1783934782.5,788,32624,81,10.0,35.0,0.0
1783934783.1,788,32624,81,10.0,35.0,0.0
1783934783.7,788,32624,81,9.0,35.0,0.0
1783934784.2,783,32624,81,10.0,35.0,0.0
1783934784.8,783,32624,81,11.0,35.0,0.0
1783934785.4,783,32624,81,10.0,35.0,0.0
1783934786.0,763,32624,81,10.0,35.0,0.0
1783934786.6,763,32624,81,10.0,35.0,0.0
1783934787.2,763,32624,81,9.0,35.0,0.0
1783934787.8,763,32624,81,10.0,35.0,0.0
1783934788.4,763,32624,81,10.0,35.0,0.0
1783934789.0,763,32624,81,10.0,35.0,0.0
1783934789.6,763,32624,81,11.0,35.0,0.0
1783934790.2,763,32624,81,11.0,35.0,0.0
1783934790.8,763,32624,81,9.0,35.0,0.0
1783934791.4,763,32624,81,9.0,34.0,0.0
1783934792.0,763,32624,81,10.0,35.0,0.0
1783934792.6,763,32624,81,9.0,35.0,0.0
1783934793.2,763,32624,81,10.0,35.0,0.0
1783934793.8,763,32624,81,10.0,34.0,0.0
1783934794.3,763,32624,81,9.0,34.0,0.0
1783934794.9,763,32624,81,10.0,34.0,0.0
1783934795.5,763,32624,81,9.0,34.0,0.0
1783934796.1,763,32624,81,10.0,34.0,0.0
1783934796.7,763,32624,81,9.0,34.0,0.0
1783934797.3,763,32624,81,10.0,34.0,0.0
1783934797.9,763,32624,81,10.0,34.0,0.0
1783934798.5,763,32624,81,9.0,35.0,0.0
1783934799.1,763,32624,81,10.0,34.0,0.0
1783934799.7,763,32624,81,9.0,34.0,0.0
1783934800.3,763,32624,81,10.0,34.0,0.0
1783934800.9,763,32624,81,9.0,34.0,0.0
1783934801.5,763,32624,81,9.0,34.0,0.0
1783934802.1,763,32624,81,13.0,34.0,0.0
1783934802.7,763,32624,81,11.0,34.0,0.0
1783934803.3,763,32624,81,9.0,34.0,0.0
1783934803.9,763,32624,81,10.0,34.0,0.0
1783934804.4,763,32624,81,9.0,34.0,0.0
1783934805.0,763,32624,81,12.0,34.0,0.0
1783934805.6,763,32624,81,9.0,34.0,0.0
1783934806.2,763,32624,81,9.0,34.0,0.0
1783934806.8,763,32624,81,9.0,34.0,0.0
1783934807.4,763,32624,81,9.0,34.0,0.0
1783934808.0,763,32624,81,9.0,34.0,0.0
1783934808.6,754,32624,81,8.0,34.0,0.0
1783934809.2,754,32624,81,9.0,34.0,0.0
1783934809.8,754,32624,81,12.0,34.0,0.0
1783934810.4,754,32624,81,10.0,34.0,0.0
1783934811.0,754,32624,81,10.0,34.0,0.0
1783934811.6,754,32624,81,9.0,34.0,0.0
1783934812.2,754,32624,81,10.0,34.0,0.0
1783934812.8,754,32624,81,9.0,34.0,0.0
1783934813.4,754,32624,81,9.0,34.0,0.0
1783934814.0,754,32624,81,10.0,34.0,0.0
1783934814.6,754,32624,81,9.0,34.0,0.0
1783934815.2,754,32624,81,9.0,34.0,0.0
1783934815.8,754,32624,81,10.0,34.0,0.0
1783934816.3,754,32624,81,10.0,34.0,0.0
1783934816.9,754,32624,81,10.0,34.0,0.0
1783934817.5,754,32624,81,10.0,34.0,0.0
1783934818.1,754,32624,81,9.0,34.0,0.0
1783934818.7,754,32624,81,10.0,34.0,0.0
1783934819.3,754,32624,81,9.0,34.0,0.0
1783934819.9,754,32624,81,10.0,34.0,0.0
1783934820.5,754,32624,81,10.0,34.0,0.0
1783934821.1,754,32624,81,10.0,35.0,0.0
1783934821.7,754,32624,81,9.0,34.0,0.0
1783934822.3,754,32624,81,10.0,34.0,0.0
1783934822.9,754,32624,81,9.0,34.0,0.0
1783934823.5,754,32624,81,10.0,34.0,0.0
1783934824.1,754,32624,81,9.0,34.0,0.0
1783934824.7,754,32624,81,9.0,34.0,0.0
1783934825.3,754,32624,81,9.0,34.0,0.0
1783934825.8,754,32624,81,10.0,34.0,0.0
1783934826.4,754,32624,81,9.0,34.0,0.0
1783934827.0,754,32624,81,9.0,34.0,0.0
1783934827.6,754,32624,81,10.0,34.0,0.0
1783934828.2,754,32624,81,9.0,34.0,0.0
1783934828.8,754,32624,81,9.0,34.0,0.0
1783934829.4,754,32624,81,9.0,34.0,0.0
1783934830.0,754,32624,81,10.0,34.0,0.0
1783934830.6,754,32624,81,10.0,34.0,0.0
1783934831.2,754,32624,81,10.0,34.0,0.0
1783934831.8,754,32624,81,10.0,34.0,0.0
1783934832.4,754,32624,81,10.0,34.0,0.0
1783934833.0,754,32624,81,10.0,34.0,0.0
1783934833.6,753,32624,87,11.0,34.0,0.0
1783934834.2,753,32624,87,11.0,34.0,0.0
1783934834.8,753,32624,87,11.0,34.0,0.0
1783934835.4,753,32624,87,9.0,34.0,0.0
1783934835.9,753,32624,87,10.0,34.0,0.0
1783934836.5,753,32624,87,10.0,34.0,0.0
1783934837.1,753,32624,87,10.0,34.0,0.0
1783934837.7,753,32624,87,10.0,34.0,0.0
1783934838.4,753,32624,87,10.0,34.0,0.0
1783934839.0,743,32624,77,10.0,34.0,0.0
1783934839.6,743,32624,77,10.0,34.0,0.0
1783934840.1,743,32624,77,10.0,34.0,0.0
1783934840.7,743,32624,77,9.0,34.0,0.0
1783934841.3,743,32624,77,9.0,34.0,0.0
1783934841.9,743,32624,77,9.0,34.0,0.0
1783934842.5,743,32624,77,10.0,34.0,0.0
1783934843.1,743,32624,77,9.0,34.0,0.0
1783934843.7,743,32624,77,10.0,34.0,0.0
1783934844.3,743,32624,77,9.0,34.0,0.0
1783934844.9,743,32624,77,9.0,34.0,0.0
1783934845.5,743,32624,77,10.0,34.0,0.0
1783934846.1,743,32624,77,10.0,34.0,0.0
1783934846.7,743,32624,77,9.0,34.0,0.0
1783934847.3,743,32624,77,10.0,34.0,0.0
1783934847.9,743,32624,77,10.0,34.0,0.0
1783934848.5,743,32624,77,10.0,34.0,0.0
1783934849.1,743,32624,77,9.0,34.0,0.0
1783934849.7,743,32624,77,10.0,34.0,0.0
1783934850.3,743,32624,77,9.0,34.0,0.0
1783934850.9,743,32624,77,9.0,34.0,0.0
1783934851.5,743,32624,77,9.0,34.0,0.0
1783934852.0,743,32624,77,10.0,34.0,0.0
1783934852.6,743,32624,77,9.0,34.0,0.0
1783934853.2,743,32624,77,10.0,34.0,0.0
1783934853.8,743,32624,77,11.0,34.0,0.0
1783934854.4,743,32624,77,9.0,34.0,0.0
1783934855.0,743,32624,77,10.0,34.0,0.0
1783934855.6,743,32624,77,10.0,34.0,0.0
1783934856.2,743,32624,77,9.0,34.0,0.0
1783934856.8,743,32624,77,9.0,34.0,0.0
1783934857.4,743,32624,77,9.0,34.0,0.0
1783934858.0,743,32624,77,11.0,34.0,0.0
1783934858.6,743,32624,77,10.0,34.0,0.0
1783934859.2,743,32624,77,9.0,34.0,0.0
1783934859.7,743,32624,77,10.0,34.0,0.0
1783934860.3,743,32624,77,9.0,34.0,0.0
1783934860.9,743,32624,77,9.0,34.0,0.0
1783934861.5,743,32624,77,12.0,34.0,0.0
1783934862.1,743,32624,77,11.0,34.0,0.0
1783934862.7,743,32624,77,10.0,34.0,0.0
1783934863.3,743,32624,77,9.0,34.0,0.0
1783934863.9,743,32624,77,10.0,34.0,0.0
1783934864.5,743,32624,77,9.0,34.0,0.0
1783934865.1,743,32624,77,9.0,34.0,0.0
1783934865.7,743,32624,77,9.0,34.0,0.0
1783934866.3,743,32624,77,10.0,34.0,0.0
1783934866.9,743,32624,77,10.0,34.0,0.0
1783934867.5,743,32624,77,10.0,34.0,0.0
1783934868.0,743,32624,77,9.0,34.0,0.0
1783934868.6,743,32624,77,10.0,34.0,0.0
1783934869.2,743,32624,77,10.0,34.0,0.0
1783934869.8,743,32624,77,9.0,34.0,0.0
1783934870.4,743,32624,77,9.0,34.0,0.0
1783934871.0,743,32624,77,10.0,34.0,0.0
1783934871.6,743,32624,77,11.0,34.0,0.0
1783934872.2,743,32624,77,10.0,34.0,0.0
1783934872.8,743,32624,77,9.0,34.0,0.0
1783934873.4,743,32624,77,10.0,34.0,0.0
1783934874.0,743,32624,77,10.0,34.0,0.0
1783934874.6,743,32624,77,10.0,34.0,0.0
1783934875.2,743,32624,77,9.0,34.0,0.0
1783934875.8,743,32624,77,9.0,34.0,0.0
1783934876.4,743,32624,77,9.0,34.0,0.0
1783934877.0,743,32624,77,10.0,34.0,0.0
1783934877.5,743,32624,77,12.0,34.0,0.0
1783934878.1,743,32624,77,10.0,34.0,0.0
1783934878.7,743,32624,77,10.0,34.0,0.0
1783934879.3,743,32624,77,10.0,34.0,0.0
1783934879.9,743,32624,77,10.0,33.0,0.0
1783934880.5,743,32624,77,10.0,33.0,0.0
1783934881.1,743,32624,77,9.0,34.0,0.0
1783934881.7,743,32624,77,10.0,33.0,0.0
1783934882.3,743,32624,77,9.0,34.0,0.0
1783934882.9,743,32624,77,9.0,34.0,0.0
1783934883.5,743,32624,77,10.0,34.0,0.0
1783934884.1,743,32624,77,10.0,34.0,0.0
1783934884.7,743,32624,77,9.0,34.0,0.0
1783934885.3,743,32624,77,10.0,34.0,0.0
1783934885.9,743,32624,77,11.0,34.0,0.0
1783934886.4,743,32624,77,10.0,34.0,0.0
1783934887.0,743,32624,77,10.0,34.0,0.0
1783934887.6,743,32624,77,10.0,34.0,0.0
1783934888.2,743,32624,77,9.0,33.0,0.0
1783934888.8,743,32624,77,10.0,34.0,0.0
1783934889.4,743,32624,77,10.0,33.0,0.0
1783934890.0,743,32624,77,10.0,34.0,0.0
1783934890.6,743,32624,77,9.0,33.0,0.0
1783934891.2,743,32624,77,9.0,34.0,0.0
1783934891.8,743,32624,81,11.0,34.0,0.0
1783934892.4,743,32624,81,10.0,34.0,0.0
1783934893.0,743,32624,81,10.0,34.0,0.0
1783934893.6,745,32624,83,11.0,33.0,0.0
1783934894.2,745,32624,83,11.0,34.0,0.0
1783934894.7,745,32624,83,10.0,34.0,0.0
1783934895.3,745,32624,83,10.0,34.0,0.0
1783934895.9,741,32624,79,10.0,34.0,0.0
1783934896.5,741,32624,79,10.0,34.0,0.0
1783934897.1,741,32624,79,10.0,34.0,0.0
1783934897.7,741,32624,79,10.0,33.0,0.0
1783934898.3,741,32624,79,10.0,33.0,0.0
1783934898.9,741,32624,79,11.0,34.0,0.0
1783934899.5,741,32624,79,10.0,33.0,0.0
1783934900.1,741,32624,79,9.0,33.0,0.0
1783934900.7,741,32624,79,9.0,33.0,0.0
1783934901.3,741,32624,79,9.0,33.0,0.0
1783934901.9,741,32624,79,11.0,34.0,0.0
1783934902.4,741,32624,79,9.0,33.0,0.0
1783934903.0,741,32624,79,10.0,33.0,0.0
1783934903.6,741,32624,79,9.0,34.0,0.0
1783934904.2,741,32624,79,10.0,33.0,0.0
1783934904.8,741,32624,79,9.0,33.0,0.0
1783934905.4,741,32624,79,9.0,33.0,0.0
1783934906.0,741,32624,79,10.0,34.0,0.0
1783934906.6,741,32624,79,10.0,33.0,0.0
1783934907.2,741,32624,79,9.0,34.0,0.0
1783934907.8,741,32624,79,10.0,33.0,0.0
1783934908.4,741,32624,79,10.0,33.0,0.0
1783934909.0,741,32624,79,10.0,33.0,0.0
1783934909.6,741,32624,79,10.0,33.0,0.0
1783934910.2,741,32624,79,10.0,33.0,0.0
1783934910.8,741,32624,79,10.0,33.0,0.0
1783934911.3,741,32624,79,10.0,33.0,0.0
1783934911.9,741,32624,79,10.0,33.0,0.0
1783934912.5,741,32624,79,9.0,33.0,0.0
1783934913.1,741,32624,79,10.0,33.0,0.0
1783934913.7,741,32624,79,10.0,33.0,0.0
1783934914.3,741,32624,79,10.0,33.0,0.0
1783934914.9,741,32624,79,9.0,33.0,0.0
1783934915.5,741,32624,79,9.0,33.0,0.0
1783934916.1,741,32624,79,9.0,33.0,0.0
1783934916.7,741,32624,79,10.0,33.0,0.0
1783934917.3,741,32624,79,10.0,33.0,0.0
1783934917.9,741,32624,79,9.0,33.0,0.0
1783934918.5,741,32624,79,10.0,33.0,0.0
1783934919.1,741,32624,79,10.0,33.0,0.0
1783934919.6,741,32624,79,10.0,33.0,0.0
1783934920.2,741,32624,79,9.0,33.0,0.0
1783934920.8,741,32624,79,9.0,33.0,0.0
1783934921.4,741,32624,79,10.0,33.0,0.0
1783934922.0,741,32624,79,9.0,33.0,0.0
1783934922.6,741,32624,79,9.0,33.0,0.0
1783934923.2,741,32624,79,10.0,33.0,0.0
1783934923.8,741,32624,79,10.0,33.0,0.0
1783934924.4,741,32624,79,10.0,33.0,0.0
1783934925.0,741,32624,79,9.0,33.0,0.0
1783934925.6,741,32624,79,10.0,33.0,0.0
1783934926.2,741,32624,79,9.0,33.0,0.0
1783934926.8,741,32624,79,9.0,33.0,0.0
1783934927.4,741,32624,79,9.0,33.0,0.0
1783934927.9,741,32624,79,9.0,33.0,0.0
1783934928.5,741,32624,79,9.0,33.0,0.0
1783934929.1,741,32624,79,10.0,33.0,0.0
1783934929.7,741,32624,79,10.0,33.0,0.0
1783934930.3,741,32624,79,9.0,33.0,0.0
1783934930.9,741,32624,79,9.0,33.0,0.0
1783934931.5,741,32624,79,9.0,33.0,0.0
1783934932.1,741,32624,79,9.0,33.0,0.0
1783934932.7,741,32624,79,9.0,33.0,0.0
1783934933.3,741,32624,79,10.0,33.0,0.0
1783934933.9,741,32624,79,9.0,33.0,0.0
1783934934.5,741,32624,79,9.0,33.0,0.0
1783934935.1,741,32624,79,9.0,33.0,0.0
1783934935.7,741,32624,79,10.0,33.0,0.0
1783934936.2,741,32624,79,10.0,33.0,0.0
1783934936.8,741,32624,79,9.0,33.0,0.0
1783934937.4,741,32624,79,10.0,33.0,0.0
1783934938.0,741,32624,79,10.0,33.0,0.0
1783934938.6,741,32624,79,10.0,33.0,0.0
1783934939.2,741,32624,79,9.0,33.0,0.0
1783934939.8,741,32624,79,9.0,33.0,0.0
1783934940.4,741,32624,79,11.0,33.0,0.0
1783934941.0,741,32624,79,11.0,33.0,0.0
1783934941.6,741,32624,79,11.0,33.0,0.0
1783934942.2,741,32624,79,11.0,33.0,0.0
1783934942.8,741,32624,79,9.0,33.0,0.0
1783934943.4,741,32624,79,9.0,33.0,0.0
1783934943.9,741,32624,79,11.0,33.0,0.0
1783934944.5,741,32624,79,10.0,33.0,0.0
1783934945.1,741,32624,79,10.0,33.0,0.0
1783934945.7,741,32624,79,10.0,33.0,0.0
1783934946.3,741,32624,79,10.0,33.0,0.0
1783934946.9,741,32624,79,10.0,33.0,0.0
1783934947.5,741,32624,79,9.0,33.0,0.0
1783934948.1,741,32624,79,10.0,33.0,0.0
1783934948.7,741,32624,79,9.0,33.0,0.0
1783934949.3,741,32624,79,9.0,33.0,0.0
1783934949.9,741,32624,79,10.0,33.0,0.0
1783934950.5,741,32624,79,10.0,33.0,0.0
1783934951.0,741,32624,79,10.0,33.0,0.0
1783934951.7,741,32624,79,10.0,33.0,0.0
1783934952.2,741,32624,79,10.0,33.0,0.0
1783934952.8,741,32624,79,10.0,33.0,0.0
1783934953.4,741,32624,79,9.0,33.0,0.0
1783934954.0,741,32624,79,10.0,33.0,0.0
1783934954.6,741,32624,79,10.0,33.0,0.0
1783934955.2,741,32624,79,10.0,33.0,0.0
1783934955.8,741,32624,79,9.0,33.0,0.0
1783934956.4,741,32624,79,9.0,33.0,0.0
1783934957.0,741,32624,79,10.0,32.0,0.0
1783934957.6,741,32624,79,10.0,33.0,0.0
1783934958.2,741,32624,79,10.0,33.0,0.0
1783934958.8,741,32624,79,10.0,33.0,0.0
1783934959.4,741,32624,79,10.0,33.0,0.0
1783934960.0,741,32624,79,9.0,33.0,0.0
1783934960.6,741,32624,79,9.0,33.0,0.0
1783934961.2,741,32624,79,9.0,33.0,0.0
1783934961.8,741,32624,79,10.0,33.0,0.0
1783934962.4,741,32624,79,9.0,33.0,0.0
1783934963.0,741,32624,79,9.0,33.0,0.0
1783934963.6,741,32624,79,9.0,33.0,0.0
1783934964.2,741,32624,79,10.0,33.0,0.0
1783934964.7,741,32624,79,10.0,33.0,0.0
1783934965.3,741,32624,79,12.0,33.0,0.0
1783934965.9,741,32624,79,9.0,33.0,0.0
1783934966.5,741,32624,79,8.0,33.0,0.0
1783934967.1,741,32624,79,9.0,33.0,0.0
1783934967.7,741,32624,79,9.0,33.0,0.0
1783934968.3,741,32624,79,10.0,33.0,0.0
1783934968.9,741,32624,79,10.0,33.0,0.0
1783934969.5,741,32624,79,9.0,33.0,0.0
1783934970.1,741,32624,79,10.0,33.0,0.0
1783934970.7,741,32624,79,10.0,33.0,0.0
1783934971.3,741,32624,79,9.0,33.0,0.0
1783934971.9,741,32624,79,10.0,33.0,0.0
1783934972.5,741,32624,79,10.0,33.0,0.0
1783934973.1,741,32624,79,9.0,33.0,0.0
1783934973.7,741,32624,79,11.0,33.0,0.0
1783934974.3,741,32624,79,10.0,33.0,0.0
1783934974.9,741,32624,79,9.0,33.0,0.0
1783934975.5,741,32624,79,10.0,33.0,0.0
1783934976.0,741,32624,79,9.0,33.0,0.0
1783934976.6,741,32624,79,10.0,33.0,0.0
1783934977.2,741,32624,79,10.0,33.0,0.0
1783934977.8,741,32624,79,12.0,33.0,0.0
1783934978.4,741,32624,79,11.0,33.0,0.0
1783934979.0,741,32624,79,9.0,33.0,0.0
1783934979.6,741,32624,79,8.0,33.0,0.0
1783934980.2,741,32624,79,10.0,33.0,0.0
1783934980.8,741,32624,79,9.0,33.0,0.0
1783934981.4,741,32624,79,10.0,33.0,0.0
1783934982.0,741,32624,79,9.0,33.0,0.0
1783934982.6,741,32624,79,9.0,33.0,0.0
1783934983.2,741,32624,79,9.0,33.0,0.0
1783934983.8,741,32624,79,9.0,33.0,0.0
1783934984.4,741,32624,79,9.0,33.0,0.0
1783934984.9,741,32624,79,9.0,33.0,0.0
1783934985.5,741,32624,79,9.0,33.0,0.0
1783934986.1,741,32624,79,10.0,33.0,0.0
1783934986.7,741,32624,79,9.0,33.0,0.0
1783934987.3,741,32624,79,10.0,33.0,0.0
1783934987.9,741,32624,79,10.0,33.0,0.0
1783934988.5,741,32624,79,9.0,33.0,0.0
1783934989.1,741,32624,79,10.0,33.0,0.0
1783934989.7,741,32624,79,10.0,33.0,0.0
1783934990.3,741,32624,79,8.0,33.0,0.0
1783934990.9,778,32624,103,22.0,33.0,0.0
1783934991.5,778,32624,79,12.0,33.0,0.0
1783934992.1,778,32624,77,26.0,33.0,1811.0
1783934992.7,780,32624,79,11.0,33.0,0.0
1783934993.2,780,32624,79,11.0,33.0,0.0
1783934993.8,780,32624,79,11.0,33.0,0.0
1783934994.4,782,32624,95,11.0,33.0,0.0
1783934995.0,782,32624,95,10.0,33.0,0.0
1783934995.6,782,32624,95,10.0,33.0,0.0
1783934996.2,782,32624,95,10.0,33.0,0.0
1783934996.8,782,32624,95,10.0,33.0,0.0
1783934997.4,782,32624,95,9.0,33.0,0.0
1783934998.0,782,32624,95,10.0,33.0,0.0
1783934998.6,782,32624,83,10.0,33.0,0.0
1783934999.2,766,32624,83,10.0,33.0,0.0
1783934999.8,766,32624,83,9.0,33.0,0.0
1783935000.4,766,32624,83,10.0,33.0,0.0
1783935000.9,766,32624,83,11.0,33.0,0.0
1783935001.5,766,32624,83,9.0,33.0,0.0
1783935002.1,766,32624,83,10.0,33.0,0.0
1783935002.7,766,32624,83,9.0,33.0,0.0
1783935003.3,766,32624,83,9.0,33.0,0.0
1783935003.9,766,32624,83,9.0,33.0,0.0
1783935004.5,766,32624,83,10.0,33.0,0.0
1783935005.1,766,32624,83,10.0,33.0,0.0
1783935005.7,766,32624,83,11.0,33.0,0.0
1783935006.3,766,32624,83,12.0,33.0,0.0
1783935006.9,766,32624,83,10.0,33.0,0.0
1783935007.5,766,32624,83,10.0,33.0,0.0
1783935008.1,766,32624,83,9.0,33.0,0.0
1783935008.6,766,32624,83,9.0,33.0,0.0
1783935009.2,766,32624,83,10.0,33.0,0.0
1783935009.8,766,32624,83,9.0,33.0,0.0
1783935010.4,766,32624,83,10.0,33.0,0.0
1783935011.0,766,32624,83,10.0,33.0,0.0
1783935011.6,766,32624,83,10.0,33.0,0.0
1783935012.2,766,32624,83,10.0,33.0,0.0
1783935012.8,766,32624,83,9.0,33.0,0.0
1783935013.4,766,32624,83,11.0,33.0,0.0
1783935014.0,766,32624,83,10.0,33.0,0.0
1783935014.6,766,32624,83,10.0,33.0,0.0
1783935015.2,766,32624,83,10.0,33.0,0.0
1783935015.8,766,32624,83,9.0,33.0,0.0
1783935016.3,766,32624,83,9.0,33.0,0.0
1783935016.9,766,32624,83,9.0,33.0,0.0
1783935017.5,766,32624,83,10.0,33.0,0.0
1783935018.1,766,32624,83,10.0,33.0,0.0
1783935018.7,766,32624,83,10.0,33.0,0.0
1783935019.3,766,32624,83,9.0,33.0,0.0
1783935019.9,766,32624,83,9.0,33.0,0.0
1783935020.5,766,32624,83,10.0,33.0,0.0
1783935021.1,766,32624,83,9.0,33.0,0.0
1783935021.7,766,32624,83,11.0,33.0,0.0
1783935022.3,766,32624,83,11.0,33.0,0.0
1783935022.9,766,32624,83,10.0,33.0,0.0
1783935023.5,766,32624,83,9.0,33.0,0.0
1783935024.1,766,32624,83,10.0,33.0,0.0
1783935024.7,766,32624,83,9.0,33.0,0.0
1783935025.3,766,32624,83,10.0,33.0,0.0
1783935025.9,766,32624,83,10.0,33.0,0.0
1783935026.4,766,32624,83,10.0,33.0,0.0
1783935027.0,766,32624,83,10.0,33.0,0.0
1783935027.6,766,32624,83,10.0,33.0,0.0
1783935028.2,766,32624,83,9.0,33.0,0.0
1783935028.8,766,32624,83,10.0,33.0,0.0
1783935029.4,766,32624,83,10.0,33.0,0.0
1783935030.0,766,32624,83,9.0,33.0,0.0
1783935030.6,766,32624,83,9.0,33.0,0.0
1783935031.2,766,32624,83,10.0,33.0,0.0
1783935031.8,766,32624,83,10.0,33.0,0.0
1783935032.4,766,32624,83,10.0,33.0,0.0
1783935033.0,766,32624,83,9.0,33.0,0.0
1783935033.6,766,32624,83,10.0,33.0,0.0
1783935034.2,766,32624,83,10.0,33.0,0.0
1783935034.8,766,32624,83,10.0,33.0,0.0
1783935035.4,766,32624,83,9.0,33.0,0.0
1783935036.0,766,32624,83,10.0,33.0,0.0
1783935036.6,766,32624,83,9.0,33.0,0.0
1783935037.2,766,32624,83,9.0,33.0,0.0
1783935037.7,766,32624,83,9.0,33.0,0.0
1783935038.3,766,32624,83,10.0,33.0,0.0
1783935038.9,766,32624,83,9.0,33.0,0.0
1783935039.5,766,32624,83,11.0,33.0,0.0
1783935040.1,766,32624,83,9.0,33.0,0.0
1783935040.7,766,32624,83,10.0,33.0,0.0
1783935041.3,766,32624,83,10.0,33.0,0.0
1783935041.9,766,32624,83,11.0,33.0,0.0
1783935042.5,766,32624,83,10.0,33.0,0.0
1783935043.1,766,32624,83,9.0,33.0,0.0
1783935043.7,766,32624,83,9.0,33.0,0.0
1783935044.3,766,32624,83,10.0,33.0,0.0
1783935044.9,766,32624,83,10.0,33.0,0.0
1783935045.5,766,32624,83,10.0,32.0,0.0
1783935046.1,766,32624,83,9.0,33.0,0.0
1783935046.7,766,32624,83,9.0,33.0,0.0
1783935047.3,766,32624,83,10.0,33.0,0.0
1783935047.9,766,32624,83,10.0,33.0,0.0
1783935048.4,766,32624,83,11.0,33.0,0.0
1783935049.0,766,32624,83,10.0,33.0,0.0
1783935049.6,766,32624,83,10.0,33.0,0.0
1783935050.2,766,32624,83,9.0,33.0,0.0
1783935050.8,764,32624,83,10.0,33.0,0.0
1783935051.4,764,32624,83,11.0,33.0,0.0
1783935052.0,764,32624,83,9.0,33.0,0.0
1783935052.6,764,32624,83,10.0,33.0,0.0
1783935053.2,764,32624,83,10.0,33.0,0.0
1783935053.8,764,32624,83,11.0,33.0,0.0
1783935054.4,764,32624,83,11.0,33.0,0.0
1783935055.0,764,32624,83,10.0,33.0,0.0
1783935055.6,764,32624,83,10.0,33.0,0.0
1783935056.2,764,32624,83,10.0,33.0,0.0
1783935056.8,764,32624,83,10.0,33.0,0.0
1783935057.4,764,32624,83,10.0,33.0,0.0
1783935057.9,764,32624,83,10.0,32.0,0.0
1783935058.5,764,32624,83,10.0,33.0,0.0
1783935059.1,764,32624,83,10.0,33.0,0.0
1783935059.7,764,32624,83,10.0,33.0,0.0
1783935060.3,764,32624,83,11.0,33.0,0.0
1783935060.9,764,32624,83,10.0,33.0,0.0
1783935061.5,764,32624,83,11.0,33.0,0.0
1783935062.1,764,32624,83,10.0,33.0,0.0
1783935062.7,764,32624,83,10.0,33.0,0.0
1783935063.3,764,32624,83,9.0,33.0,0.0
1783935063.9,764,32624,83,10.0,33.0,0.0
1783935064.5,764,32624,83,9.0,33.0,0.0
1783935065.1,764,32624,83,9.0,33.0,0.0
1783935065.6,764,32624,83,10.0,32.0,0.0
1783935066.2,764,32624,83,10.0,33.0,0.0
1783935066.8,764,32624,83,10.0,33.0,0.0
1783935067.4,764,32624,83,11.0,33.0,0.0
1783935068.0,764,32624,83,9.0,33.0,0.0
1783935068.6,764,32624,83,10.0,33.0,0.0
1783935069.2,764,32624,83,9.0,33.0,0.0
1783935069.8,764,32624,83,11.0,33.0,0.0
1783935070.4,764,32624,83,11.0,33.0,0.0
1783935071.0,764,32624,83,9.0,32.0,0.0
1783935071.6,764,32624,83,10.0,33.0,0.0
1783935072.2,764,32624,83,9.0,33.0,0.0
1783935072.8,764,32624,83,10.0,33.0,0.0
1783935073.4,764,32624,83,9.0,33.0,0.0
1783935073.9,754,32624,85,11.0,33.0,0.0
1783935074.5,754,32624,85,9.0,33.0,0.0
1783935075.1,754,32624,85,10.0,32.0,0.0
1783935075.7,744,32624,81,11.0,33.0,0.0
1783935076.3,744,32624,81,10.0,33.0,0.0
1783935076.9,744,32624,81,10.0,32.0,0.0
1783935077.5,744,32624,81,10.0,33.0,0.0
1783935078.1,744,32624,81,10.0,33.0,0.0
1783935078.7,744,32624,81,9.0,33.0,0.0
1783935079.3,744,32624,81,10.0,33.0,0.0
1783935079.9,744,32624,81,10.0,33.0,0.0
1783935080.5,744,32624,81,9.0,33.0,0.0
1783935081.1,744,32624,81,30.0,33.0,21.0
1783935081.7,744,32624,81,11.0,33.0,0.0
1783935082.3,744,32624,81,10.0,33.0,0.0
1783935082.9,744,32624,81,9.0,33.0,0.0
1783935083.4,744,32624,81,10.0,33.0,0.0
1783935084.0,744,32624,81,10.0,33.0,0.0
1783935084.6,744,32624,81,10.0,33.0,0.0
1783935085.2,744,32624,81,10.0,33.0,0.0
1783935085.8,744,32624,81,11.0,33.0,0.0
1783935086.4,744,32624,81,10.0,33.0,0.0
1783935087.0,744,32624,81,9.0,33.0,0.0
1783935087.6,744,32624,81,10.0,33.0,0.0
1783935088.2,744,32624,81,10.0,33.0,0.0
1783935088.8,744,32624,81,10.0,33.0,0.0
1783935089.4,744,32624,81,10.0,33.0,0.0
1783935090.0,744,32624,81,10.0,32.0,0.0
1783935090.6,744,32624,81,10.0,33.0,0.0
1783935091.2,744,32624,81,10.0,33.0,0.0
1783935091.8,744,32624,81,10.0,33.0,0.0
1783935092.4,744,32624,81,9.0,33.0,0.0
1783935092.9,744,32624,81,9.0,32.0,0.0
1783935093.5,744,32624,81,11.0,32.0,0.0
1783935094.1,755,32624,107,11.0,32.0,0.0
1783935094.7,758,32624,95,16.0,33.0,1257.0
1783935095.3,758,32624,93,16.0,32.0,46.0
1783935095.9,758,32624,91,15.0,33.0,38.0
1783935096.5,762,32624,90,25.0,33.0,107.0
1783935097.1,762,32624,90,11.0,32.0,0.0
1783935097.7,762,32624,90,10.0,32.0,0.0
1783935098.3,762,32624,90,17.0,32.0,1334.0
1783935098.9,762,32624,90,12.0,33.0,0.0
1783935099.5,762,32624,90,11.0,33.0,0.0
1783935100.1,762,32624,84,11.0,33.0,0.0
1783935100.7,762,32624,84,12.0,33.0,0.0
1783935101.3,747,32624,84,12.0,33.0,0.0
1783935101.9,747,32624,84,11.0,33.0,0.0
1783935102.5,747,32624,84,10.0,33.0,0.0
1783935103.1,747,32624,84,11.0,32.0,0.0
1783935103.7,747,32624,84,10.0,33.0,0.0
1783935104.3,745,32624,88,12.0,32.0,0.0
1783935104.9,745,32624,88,11.0,33.0,0.0
1783935105.5,745,32624,88,14.0,33.0,399.0
1783935106.1,745,32624,86,11.0,33.0,0.0
1783935106.7,745,32624,81,11.0,33.0,0.0
1783935107.3,745,32624,81,10.0,33.0,0.0
1783935107.9,745,32624,88,12.0,33.0,0.0
1783935108.5,745,32624,88,10.0,33.0,0.0
1783935109.0,725,32624,84,22.0,32.0,0.0
1783935109.6,725,32624,84,11.0,33.0,0.0
1783935110.2,725,32624,84,10.0,33.0,0.0
1783935110.8,725,32624,84,11.0,32.0,0.0
1783935111.4,725,32624,84,10.0,32.0,0.0
1783935112.0,725,32624,79,11.0,32.0,0.0
1783935112.6,725,32624,79,11.0,32.0,0.0
1783935113.2,725,32624,86,11.0,33.0,0.0
1783935113.8,725,32624,86,11.0,33.0,0.0
1783935114.4,725,32624,86,10.0,32.0,0.0
1783935115.0,725,32624,86,12.0,33.0,0.0
1783935115.6,725,32624,86,11.0,33.0,0.0
1783935116.2,725,32624,86,11.0,33.0,0.0
1783935116.8,725,32624,86,11.0,33.0,0.0
1783935117.4,725,32624,86,16.0,32.0,47.0
1783935118.0,725,32624,86,12.0,33.0,0.0
1783935118.6,725,32624,86,11.0,33.0,0.0
1783935119.1,725,32624,82,13.0,33.0,6.0
1783935119.7,725,32624,86,11.0,33.0,0.0
1783935120.3,725,32624,86,11.0,33.0,0.0
1783935120.9,725,32624,86,10.0,33.0,0.0
1783935121.5,725,32624,86,12.0,32.0,0.0
1783935122.1,725,32624,86,11.0,33.0,0.0
1783935122.7,725,32624,86,10.0,33.0,0.0
1783935123.3,725,32624,86,10.0,32.0,0.0
1783935123.9,721,32624,86,11.0,33.0,0.0
1783935124.5,721,32624,86,10.0,32.0,0.0
1783935125.1,721,32624,86,11.0,33.0,0.0
1783935125.7,721,32624,86,11.0,33.0,0.0
1783935126.3,721,32624,86,11.0,33.0,0.0
1783935126.9,721,32624,86,14.0,33.0,40.0
1783935127.5,721,32624,86,12.0,33.0,0.0
1783935128.1,721,32624,86,11.0,33.0,0.0
1783935128.7,721,32624,86,19.0,33.0,309.0
1783935129.3,721,32624,86,11.0,33.0,0.0
1783935129.9,721,32624,86,11.0,33.0,0.0
1783935130.5,721,32624,86,20.0,33.0,261.0
1783935131.1,721,32624,86,22.0,33.0,0.0
1783935131.7,721,32624,86,18.0,33.0,332.0
1783935132.2,721,32624,86,10.0,33.0,0.0
1783935132.9,721,32624,86,13.0,33.0,430.0
1783935133.5,719,32624,90,22.0,33.0,0.0
1783935134.0,726,32624,90,11.0,33.0,0.0
1783935134.6,726,32624,86,11.0,33.0,0.0
1783935135.2,739,32624,92,22.0,33.0,0.0
1783935135.8,739,32624,92,12.0,33.0,0.0
1783935136.4,739,32624,92,11.0,33.0,0.0
1783935137.0,739,32624,92,11.0,33.0,0.0
1783935137.6,739,32624,86,20.0,33.0,770.0
1783935138.2,739,32624,86,11.0,33.0,0.0
1783935138.8,739,32624,86,12.0,33.0,0.0
1783935139.4,750,32624,100,26.0,33.0,1476.0
1783935140.0,750,32624,98,14.0,33.0,72.0
1783935140.6,750,32624,98,11.0,33.0,0.0
1783935141.2,750,32624,82,18.0,33.0,111.0
1783935141.8,750,32624,82,15.0,33.0,9.0
1783935142.4,750,32624,84,15.0,33.0,80.0
1783935143.0,750,32624,84,15.0,33.0,158.0
1783935143.6,750,32624,112,26.0,33.0,45.0
1783935144.2,750,32624,98,30.0,33.0,650.0
1783935144.8,750,32624,96,11.0,33.0,0.0
1783935145.4,750,32624,83,14.0,33.0,6.0
1783935146.0,750,32624,86,21.0,33.0,0.0
1783935146.6,750,32624,83,22.0,33.0,0.0
1783935147.1,750,32624,83,12.0,33.0,0.0
1783935147.7,750,32624,83,15.0,33.0,48.0
1783935148.3,750,32624,83,11.0,33.0,0.0
1783935148.9,750,32624,83,10.0,33.0,0.0
1783935149.5,741,32624,83,12.0,33.0,0.0
1783935150.1,741,32624,83,11.0,33.0,0.0
1783935150.7,741,32624,83,11.0,33.0,0.0
1783935151.3,741,32624,83,11.0,33.0,0.0
1783935151.9,741,32624,83,12.0,33.0,0.0
1783935152.5,741,32624,83,22.0,33.0,0.0
1783935153.1,741,32624,83,18.0,33.0,715.0
1783935153.7,741,32624,83,10.0,33.0,0.0
1783935154.3,741,32624,83,11.0,33.0,0.0
1783935154.9,741,32624,83,27.0,33.0,14.0
1783935155.5,741,32624,83,14.0,33.0,16.0
1783935156.1,741,32624,95,11.0,33.0,0.0
1783935156.7,741,32624,119,24.0,33.0,0.0
1783935157.3,741,32624,107,22.0,33.0,0.0
1783935157.9,741,32624,89,23.0,33.0,0.0
1783935158.5,741,32624,92,22.0,33.0,0.0
1783935159.1,741,32624,92,28.0,33.0,1806.0
1783935159.7,741,32624,83,24.0,33.0,0.0
1783935160.3,741,32624,92,11.0,33.0,0.0
1783935160.9,741,32624,83,26.0,33.0,343.0
1783935161.5,741,32624,83,18.0,33.0,230.0
1783935162.1,741,32624,83,14.0,33.0,18.0
1783935162.7,741,32624,83,11.0,33.0,0.0
1783935163.3,741,32624,83,22.0,33.0,0.0
1783935163.9,741,32624,85,22.0,33.0,0.0
1783935164.5,741,32624,85,11.0,33.0,0.0
1783935165.1,741,32624,85,12.0,33.0,0.0
1783935165.7,741,32624,96,25.0,34.0,6.0
1783935166.2,741,32624,83,22.0,34.0,0.0
1783935166.8,741,32624,98,22.0,34.0,0.0
1783935167.4,741,32624,83,33.0,33.0,0.0
1783935168.0,741,32624,83,25.0,34.0,41.0
1783935168.6,741,32624,83,10.0,33.0,0.0
1783935169.2,741,32624,83,11.0,33.0,0.0
1783935169.8,741,32624,83,23.0,33.0,0.0
1783935170.4,741,32624,83,22.0,34.0,0.0
1783935171.0,741,32624,85,22.0,33.0,0.0
1783935171.6,741,32624,94,20.0,33.0,100.0
1783935172.2,741,32624,85,22.0,33.0,0.0
1783935172.8,741,32624,85,22.0,34.0,0.0
1783935173.4,741,32624,83,22.0,34.0,0.0
1783935174.0,741,32624,85,10.0,34.0,0.0
1783935174.6,741,32624,85,13.0,33.0,0.0
1783935175.2,741,32624,85,22.0,34.0,0.0
1783935175.7,741,32624,85,10.0,33.0,0.0
1783935176.4,741,32624,85,13.0,33.0,237.0
1783935177.0,741,32624,85,22.0,34.0,0.0
1783935177.5,741,32624,89,16.0,34.0,110.0
1783935178.1,741,32624,101,22.0,34.0,0.0
1783935178.7,741,32624,119,25.0,34.0,20.0
1783935179.3,741,32624,119,22.0,34.0,0.0
1783935179.9,741,32624,110,22.0,34.0,0.0
1783935180.5,741,32624,101,25.0,34.0,6.0
1783935181.1,741,32624,88,11.0,33.0,0.0
1783935181.7,741,32624,88,11.0,33.0,0.0
1783935182.3,741,32624,88,11.0,33.0,0.0
1783935182.9,741,32624,88,10.0,33.0,0.0
1783935183.5,741,32624,88,23.0,34.0,0.0
1783935184.1,741,32624,88,14.0,33.0,99.0
1783935184.7,741,32624,103,22.0,34.0,0.0
1783935185.3,741,32624,88,10.0,33.0,0.0
1783935185.9,741,32624,88,20.0,33.0,367.0
1783935186.5,741,32624,112,22.0,34.0,0.0
1783935187.1,741,32624,127,25.0,34.0,23.0
1783935187.7,741,32624,115,22.0,34.0,0.0
1783935188.3,741,32624,113,26.0,34.0,25.0
1783935188.9,741,32624,113,20.0,34.0,0.0
1783935189.5,741,32624,90,27.0,34.0,269.0
1783935190.0,741,32624,90,15.0,34.0,71.0
1783935190.6,741,32624,90,14.0,34.0,7.0
1783935191.2,741,32624,90,13.0,33.0,548.0
1783935191.8,741,32624,90,11.0,33.0,0.0
1783935192.4,741,32624,99,26.0,34.0,20.0
1783935193.0,741,32624,90,25.0,34.0,0.0
1783935193.6,751,32624,120,21.0,34.0,0.0
1783935194.2,751,32624,120,22.0,34.0,0.0
1783935194.8,751,32624,120,12.0,34.0,0.0
1783935195.4,751,32624,120,12.0,34.0,0.0
1783935196.0,747,32624,100,11.0,34.0,0.0
1783935196.6,747,32624,100,29.0,34.0,630.0
1783935197.2,747,32624,100,22.0,34.0,0.0
1783935197.8,747,32624,100,12.0,34.0,0.0
1783935198.4,747,32624,100,11.0,34.0,0.0
1783935199.0,739,32624,109,30.0,34.0,1357.0
1783935199.6,739,32624,109,11.0,34.0,0.0
1783935200.2,739,32624,100,11.0,34.0,0.0
1783935200.8,739,32624,100,13.0,34.0,1.0
1783935201.4,739,32624,100,22.0,34.0,0.0
1783935201.9,739,32624,100,22.0,34.0,0.0
1783935202.5,739,32624,109,22.0,34.0,0.0
1783935203.1,739,32624,109,21.0,34.0,0.0
1783935203.7,739,32624,100,22.0,34.0,0.0
1783935204.3,739,32624,104,11.0,34.0,0.0
1783935204.9,739,32624,104,22.0,34.0,0.0
1783935205.5,739,32624,104,11.0,34.0,0.0
1783935206.1,739,32624,115,12.0,34.0,0.0
1783935206.7,739,32624,115,22.0,34.0,0.0
1783935207.3,739,32624,102,25.0,34.0,0.0
1783935207.9,739,32624,113,29.0,34.0,407.0
1783935208.5,739,32624,101,23.0,34.0,0.0
1783935209.1,739,32624,113,22.0,34.0,0.0
1783935209.7,739,32624,115,23.0,34.0,0.0
1783935210.3,739,32624,100,22.0,34.0,0.0
1783935210.9,739,32624,102,22.0,34.0,0.0
1783935211.5,739,32624,102,22.0,34.0,0.0
1783935212.1,739,32624,100,12.0,34.0,0.0
1783935212.7,739,32624,100,24.0,34.0,500.0
1783935213.3,739,32624,102,11.0,34.0,0.0
1783935213.9,739,32624,102,11.0,34.0,0.0
1783935214.5,739,32624,102,17.0,34.0,10.0
1783935215.1,739,32624,102,12.0,34.0,0.0
1783935215.7,739,32624,102,22.0,34.0,0.0
1783935216.3,739,32624,102,11.0,34.0,0.0
1783935216.9,739,32624,102,14.0,34.0,6.0
1783935217.5,739,32624,102,12.0,34.0,0.0
1783935218.1,739,32624,102,11.0,34.0,0.0
1783935218.6,739,32624,103,22.0,34.0,0.0
1783935219.2,739,32624,115,25.0,34.0,6.0
1783935219.8,739,32624,113,23.0,34.0,0.0
1783935220.4,739,32624,100,11.0,34.0,0.0
1783935221.0,739,32624,100,22.0,34.0,0.0
1783935221.6,739,32624,100,22.0,34.0,0.0
1783935222.2,739,32624,100,12.0,34.0,0.0
1783935222.8,739,32624,100,17.0,34.0,46.0
1783935223.4,724,32624,100,26.0,34.0,93.0
1783935224.0,724,32624,101,22.0,34.0,0.0
1783935224.6,724,32624,113,23.0,34.0,0.0
1783935225.2,724,32624,100,22.0,34.0,152.0
1783935225.8,724,32624,114,23.0,34.0,0.0
1783935226.4,724,32624,106,11.0,34.0,0.0
1783935227.0,724,32624,106,11.0,34.0,0.0
1783935227.6,724,32624,106,10.0,34.0,0.0
1783935228.2,724,32624,91,26.0,34.0,71.0
1783935228.8,724,32624,87,15.0,34.0,69.0
1783935229.4,724,32624,103,23.0,34.0,0.0
1783935230.0,724,32624,104,26.0,34.0,25.0
1783935230.5,724,32624,110,12.0,34.0,0.0
1783935231.1,724,32624,104,11.0,34.0,0.0
1783935231.7,724,32624,92,11.0,34.0,0.0
1783935232.3,724,32624,92,11.0,34.0,0.0
1783935232.9,724,32624,92,11.0,34.0,0.0
1783935233.5,724,32624,92,11.0,34.0,0.0
1783935234.1,724,32624,92,11.0,34.0,0.0
1783935234.7,724,32624,92,11.0,34.0,0.0
1783935235.3,724,32624,99,22.0,34.0,0.0
1783935235.9,724,32624,99,11.0,34.0,0.0
1783935236.5,724,32624,91,10.0,34.0,0.0
1783935237.1,724,32624,91,16.0,34.0,873.0
1783935237.7,724,32624,91,13.0,34.0,29.0
1783935238.3,724,32624,85,14.0,34.0,57.0
1783935238.9,724,32624,85,11.0,34.0,0.0
1783935239.5,724,32624,85,11.0,34.0,0.0
1783935240.0,724,32624,85,11.0,34.0,0.0
1783935240.6,724,32624,85,11.0,34.0,0.0
1783935241.2,724,32624,89,12.0,34.0,0.0
1783935241.8,724,32624,89,11.0,34.0,0.0
1783935242.4,724,32624,89,11.0,34.0,0.0
1783935243.0,724,32624,89,11.0,34.0,0.0
1783935243.6,724,32624,89,12.0,34.0,0.0
1783935244.2,724,32624,95,12.0,34.0,0.0
1783935244.8,724,32624,95,11.0,34.0,0.0
1783935245.4,724,32624,97,17.0,34.0,301.0
1783935246.0,724,32624,97,11.0,33.0,0.0
1783935246.6,724,32624,95,11.0,34.0,0.0
1783935247.2,724,32624,95,11.0,33.0,0.0
1783935247.8,724,32624,95,13.0,34.0,0.0
1783935248.4,724,32624,95,13.0,34.0,0.0
1783935249.0,724,32624,95,14.0,34.0,24.0
1783935249.6,724,32624,95,11.0,34.0,0.0
1783935250.2,724,32624,108,11.0,34.0,0.0
1783935250.8,724,32624,95,13.0,34.0,0.0
1783935251.4,724,32624,95,13.0,34.0,0.0
1783935252.0,724,32624,89,11.0,34.0,0.0
1783935252.6,724,32624,89,11.0,34.0,0.0
1783935253.2,724,32624,89,11.0,34.0,0.0
1783935253.8,724,32624,89,11.0,33.0,0.0
1783935254.3,724,32624,89,10.0,33.0,0.0
1783935254.9,724,32624,89,11.0,34.0,0.0
1783935255.5,724,32624,89,12.0,34.0,0.0
1783935256.1,724,32624,89,10.0,34.0,0.0
1783935256.7,724,32624,89,11.0,34.0,0.0
1783935257.3,724,32624,89,10.0,33.0,0.0
1783935257.9,724,32624,89,11.0,34.0,0.0
1783935258.5,724,32624,89,11.0,33.0,0.0
1783935259.1,724,32624,89,18.0,34.0,1451.0
1783935259.7,724,32624,89,12.0,34.0,0.0
1783935260.3,724,32624,91,16.0,33.0,52.0
1783935260.9,724,32624,103,22.0,34.0,0.0
1783935261.5,724,32624,103,11.0,34.0,0.0
1783935262.1,724,32624,95,12.0,34.0,0.0
1783935262.7,724,32624,95,11.0,34.0,0.0
1783935263.3,724,32624,95,11.0,34.0,0.0
1783935263.9,724,32624,95,13.0,34.0,209.0
1783935264.5,724,32624,95,10.0,34.0,0.0
1783935265.1,724,32624,97,11.0,34.0,0.0
1783935265.7,724,32624,97,11.0,34.0,0.0
1783935266.3,724,32624,89,11.0,34.0,0.0
1783935266.8,724,32624,89,11.0,34.0,0.0
1783935267.4,724,32624,89,12.0,33.0,0.0
1783935268.0,724,32624,89,11.0,33.0,0.0
1783935268.6,724,32624,89,13.0,33.0,0.0
1783935269.2,724,32624,89,11.0,34.0,0.0
1783935269.8,724,32624,89,12.0,34.0,0.0
1783935270.4,724,32624,89,11.0,33.0,0.0
1783935271.0,724,32624,89,11.0,34.0,0.0
1783935271.6,724,32624,89,11.0,33.0,0.0
1783935272.2,724,32624,89,11.0,34.0,0.0
1783935272.8,724,32624,89,11.0,33.0,0.0
1783935273.4,724,32624,89,10.0,33.0,0.0
1783935274.0,724,32624,89,11.0,33.0,0.0
1783935274.6,724,32624,89,11.0,34.0,0.0
1783935275.2,724,32624,89,10.0,34.0,0.0
1783935275.7,724,32624,103,11.0,34.0,0.0
1783935276.3,724,32624,95,13.0,34.0,0.0
1783935276.9,724,32624,95,12.0,34.0,0.0
1783935277.5,724,32624,95,11.0,33.0,0.0
1783935278.1,724,32624,95,11.0,34.0,0.0
1783935278.7,724,32624,95,11.0,33.0,0.0
1783935279.3,724,32624,95,11.0,33.0,0.0
1783935279.9,724,32624,95,10.0,33.0,0.0
1783935280.5,724,32624,103,22.0,33.0,0.0
1783935281.1,724,32624,103,11.0,34.0,0.0
1783935281.7,724,32624,103,12.0,33.0,0.0
1783935282.3,724,32624,93,11.0,34.0,0.0
1783935282.9,724,32624,93,13.0,33.0,190.0
1783935283.5,724,32624,93,15.0,33.0,41.0
1783935284.1,724,32624,93,11.0,33.0,0.0
1783935284.7,724,32624,93,12.0,33.0,0.0
1783935285.3,724,32624,87,11.0,33.0,0.0
1783935285.9,724,32624,87,11.0,33.0,0.0
1783935286.4,724,32624,89,11.0,33.0,0.0
1783935287.0,724,32624,89,11.0,33.0,0.0
1783935287.6,724,32624,89,11.0,33.0,0.0
1783935288.2,724,32624,89,11.0,33.0,0.0
1783935288.8,724,32624,89,11.0,33.0,0.0
1783935289.4,724,32624,89,11.0,33.0,0.0
1783935290.0,724,32624,89,11.0,33.0,0.0
1783935290.6,724,32624,95,12.0,33.0,0.0
1783935291.2,724,32624,89,11.0,33.0,0.0
1783935291.8,724,32624,89,11.0,33.0,0.0
1783935292.4,724,32624,89,10.0,33.0,0.0
1783935293.0,724,32624,89,11.0,33.0,0.0
1783935293.6,724,32624,89,10.0,33.0,0.0
1783935294.2,724,32624,89,11.0,33.0,0.0
1783935294.8,724,32624,91,11.0,33.0,0.0
1783935295.4,724,32624,106,15.0,33.0,6.0
1783935295.9,724,32624,93,11.0,33.0,0.0
1783935296.5,724,32624,93,11.0,33.0,0.0
1783935297.1,724,32624,93,10.0,33.0,0.0
1783935297.7,724,32624,93,11.0,33.0,0.0
1783935298.3,724,32624,93,12.0,33.0,0.0
1783935298.9,724,32624,93,10.0,33.0,0.0
1783935299.5,724,32624,93,12.0,33.0,0.0
1783935300.1,724,32624,93,15.0,34.0,500.0
1783935300.7,724,32624,93,11.0,33.0,0.0
1783935301.3,724,32624,93,11.0,33.0,0.0
1783935301.9,724,32624,87,17.0,33.0,325.0
1783935302.5,724,32624,93,10.0,33.0,0.0
1783935303.1,724,32624,89,10.0,33.0,0.0
1783935303.7,724,32624,89,11.0,33.0,0.0
1783935304.3,724,32624,89,12.0,33.0,0.0
1783935304.9,724,32624,89,11.0,33.0,0.0
1783935305.5,724,32624,103,22.0,33.0,131.0
1783935306.0,724,32624,95,18.0,33.0,55.0
1783935306.6,724,32624,95,11.0,33.0,0.0
1783935307.2,724,32624,95,11.0,33.0,0.0
1783935307.8,724,32624,95,11.0,33.0,0.0
1783935308.4,724,32624,95,11.0,33.0,0.0
1783935309.0,724,32624,95,11.0,33.0,0.0
1783935309.6,724,32624,95,11.0,33.0,0.0
1783935310.2,724,32624,109,22.0,33.0,0.0
1783935310.8,724,32624,95,11.0,33.0,0.0
1783935311.4,724,32624,95,11.0,33.0,0.0
1783935312.0,724,32624,95,11.0,33.0,0.0
1783935312.6,724,32624,89,11.0,33.0,0.0
1783935313.2,724,32624,89,12.0,33.0,0.0
1783935313.8,728,32624,91,13.0,33.0,249.0
1783935314.4,728,32624,91,11.0,33.0,0.0
1783935315.0,728,32624,91,10.0,33.0,0.0
1783935315.6,718,32624,83,26.0,33.0,185.0
1783935316.1,718,32624,83,14.0,33.0,0.0
1783935316.7,718,32624,83,12.0,33.0,0.0
1783935317.3,718,32624,83,11.0,33.0,0.0
1783935317.9,718,32624,83,11.0,33.0,0.0
1783935318.5,718,32624,83,11.0,33.0,0.0
1783935319.1,718,32624,83,11.0,33.0,0.0
1783935319.7,718,32624,83,12.0,33.0,0.0
1783935320.3,718,32624,97,17.0,33.0,90.0
1783935320.9,718,32624,97,12.0,33.0,0.0
1783935321.5,718,32624,97,11.0,33.0,0.0
1783935322.1,718,32624,97,10.0,33.0,0.0
1783935322.7,718,32624,97,11.0,33.0,0.0
1783935323.3,718,32624,97,11.0,33.0,0.0
1783935323.9,718,32624,97,12.0,33.0,0.0
1783935324.5,718,32624,97,12.0,33.0,0.0
1783935325.1,718,32624,97,22.0,33.0,0.0
1783935325.7,718,32624,97,11.0,33.0,0.0
1783935326.3,718,32624,83,10.0,33.0,0.0
1783935326.9,718,32624,83,10.0,33.0,0.0
1783935327.5,718,32624,83,11.0,33.0,0.0
1783935328.1,718,32624,83,11.0,33.0,0.0
1783935328.7,718,32624,83,11.0,33.0,0.0
1783935329.3,718,32624,83,12.0,33.0,0.0
1783935329.8,718,32624,83,11.0,33.0,0.0
1783935330.4,718,32624,83,11.0,33.0,0.0
1783935331.0,718,32624,83,11.0,33.0,0.0
1783935331.6,718,32624,83,11.0,33.0,0.0
1783935332.2,718,32624,83,11.0,33.0,0.0
1783935332.8,718,32624,83,10.0,33.0,0.0
1783935333.4,718,32624,83,11.0,33.0,0.0
1783935334.0,718,32624,83,13.0,33.0,285.0
1783935334.6,718,32624,83,14.0,33.0,0.0
1783935335.2,718,32624,83,10.0,33.0,0.0
1783935335.8,718,32624,95,14.0,33.0,0.0
1783935336.4,718,32624,89,10.0,33.0,0.0
1783935337.0,718,32624,89,11.0,33.0,0.0
1783935337.6,718,32624,89,11.0,33.0,0.0
1783935338.2,718,32624,89,10.0,33.0,0.0
1783935338.8,718,32624,89,12.0,33.0,0.0
1783935339.4,718,32624,89,11.0,33.0,0.0
1783935340.0,718,32624,95,12.0,33.0,0.0
1783935340.6,718,32624,103,13.0,33.0,0.0
1783935341.2,718,32624,83,22.0,33.0,0.0
1783935341.8,718,32624,86,11.0,33.0,0.0
1783935342.4,718,32624,86,17.0,33.0,41.0
1783935343.0,718,32624,86,10.0,33.0,0.0
1783935343.6,718,32624,86,9.0,33.0,0.0
1783935344.2,718,32624,86,10.0,33.0,0.0
1783935344.8,718,32624,86,11.0,33.0,0.0
1783935345.4,718,32624,86,10.0,33.0,0.0
1783935346.0,718,32624,86,11.0,33.0,0.0
1783935346.5,718,32624,86,9.0,33.0,0.0
1783935347.1,718,32624,86,9.0,33.0,0.0
1783935347.7,718,32624,86,10.0,33.0,0.0
1783935348.3,718,32624,86,10.0,33.0,0.0
1783935348.9,718,32624,86,10.0,33.0,0.0
1783935349.5,718,32624,86,11.0,33.0,0.0
1783935350.1,718,32624,86,11.0,33.0,0.0
1783935350.7,718,32624,91,11.0,33.0,0.0
1783935351.3,718,32624,83,11.0,33.0,0.0
1783935351.9,718,32624,83,11.0,33.0,0.0
1783935352.5,718,32624,83,12.0,33.0,0.0
1783935353.1,718,32624,83,11.0,33.0,0.0
1783935353.7,718,32624,79,10.0,33.0,0.0
1783935354.3,718,32624,79,11.0,33.0,0.0
1783935354.9,718,32624,79,10.0,33.0,0.0
1783935355.5,718,32624,93,12.0,33.0,0.0
1783935356.1,718,32624,93,12.0,33.0,0.0
1783935356.7,718,32624,85,14.0,33.0,44.0
1783935357.3,718,32624,85,11.0,33.0,0.0
1783935357.9,718,32624,85,11.0,33.0,0.0
1783935358.5,718,32624,85,11.0,33.0,0.0
1783935359.1,718,32624,85,10.0,33.0,0.0
1783935359.7,718,32624,85,11.0,33.0,0.0
1783935360.3,718,32624,85,10.0,33.0,0.0
1783935360.9,718,32624,85,11.0,33.0,0.0
1783935361.5,718,32624,85,12.0,33.0,0.0
1783935362.1,718,32624,85,13.0,33.0,0.0
1783935362.7,718,32624,83,11.0,33.0,0.0
1783935363.3,718,32624,83,11.0,33.0,0.0
1783935363.9,718,32624,83,13.0,33.0,0.0
1783935364.5,718,32624,83,10.0,33.0,0.0
1783935365.1,718,32624,83,12.0,33.0,0.0
1783935365.7,718,32624,95,11.0,33.0,0.0
1783935366.3,718,32624,87,18.0,33.0,1191.0
1783935366.8,718,32624,87,10.0,33.0,0.0
1783935367.4,718,32624,87,10.0,33.0,0.0
1783935368.0,718,32624,87,11.0,33.0,0.0
1783935368.6,718,32624,87,11.0,33.0,0.0
1783935369.2,718,32624,87,10.0,33.0,0.0
1783935369.8,718,32624,87,11.0,33.0,0.0
1783935370.4,718,32624,101,11.0,33.0,0.0
1783935371.0,718,32624,87,12.0,33.0,0.0
1783935371.6,718,32624,87,12.0,33.0,0.0
1783935372.2,718,32624,87,11.0,33.0,0.0
1783935372.8,718,32624,87,11.0,33.0,0.0
1783935373.4,718,32624,87,11.0,33.0,0.0
1783935374.0,718,32624,87,11.0,33.0,0.0
1783935374.6,718,32624,87,12.0,33.0,0.0
1783935375.2,718,32624,87,12.0,33.0,0.0
1783935375.8,718,32624,85,11.0,33.0,0.0
1783935376.4,718,32624,85,10.0,33.0,0.0
1783935377.0,718,32624,79,11.0,33.0,0.0
1783935377.5,718,32624,86,12.0,33.0,0.0
1783935378.1,718,32624,86,11.0,33.0,0.0
1783935378.7,718,32624,86,12.0,33.0,0.0
1783935379.3,718,32624,86,10.0,33.0,0.0
1783935379.9,718,32624,86,10.0,32.0,0.0
1783935380.6,718,32624,91,12.0,32.0,0.0
1783935381.2,718,32624,91,11.0,33.0,0.0
1783935381.8,718,32624,91,11.0,33.0,0.0
1783935382.4,718,32624,91,11.0,32.0,0.0
1783935383.0,718,32624,91,10.0,33.0,0.0
1783935383.6,718,32624,91,9.0,33.0,0.0
1783935384.2,718,32624,91,9.0,33.0,0.0
1783935384.8,718,32624,91,10.0,33.0,0.0
1783935385.4,718,32624,97,10.0,33.0,0.0
1783935386.0,718,32624,97,11.0,33.0,0.0
1783935386.6,718,32624,97,14.0,32.0,0.0
1783935387.2,718,32624,97,9.0,33.0,0.0
1783935387.8,718,32624,97,10.0,33.0,0.0
1783935388.4,718,32624,97,9.0,33.0,0.0
1783935389.0,718,32624,84,10.0,33.0,0.0
1783935389.6,718,32624,84,12.0,33.0,0.0
1783935390.1,718,32624,84,11.0,32.0,0.0
1783935390.7,718,32624,84,10.0,33.0,0.0
1783935391.3,718,32624,84,10.0,32.0,0.0
1783935391.9,718,32624,84,10.0,32.0,0.0
1783935392.5,718,32624,84,10.0,33.0,0.0
1783935393.1,718,32624,84,9.0,33.0,0.0
1783935393.7,718,32624,84,10.0,32.0,0.0
1783935394.3,718,32624,84,10.0,33.0,0.0
1783935394.9,718,32624,84,10.0,33.0,0.0
1783935395.5,718,32624,95,12.0,33.0,0.0
1783935396.1,718,32624,95,11.0,33.0,0.0
1783935396.7,718,32624,95,9.0,32.0,0.0
1783935397.3,718,32624,86,13.0,33.0,312.0
1783935397.9,718,32624,86,17.0,33.0,298.0
1783935398.5,718,32624,86,10.0,33.0,0.0
1783935399.1,718,32624,86,11.0,33.0,0.0
1783935399.7,718,32624,86,11.0,33.0,0.0
1783935400.3,718,32624,99,12.0,33.0,0.0
1783935400.9,718,32624,99,12.0,32.0,0.0
1783935401.5,718,32624,86,11.0,33.0,0.0
1783935402.1,718,32624,86,18.0,33.0,6.0
1783935402.7,718,32624,86,11.0,33.0,0.0
1783935403.3,718,32624,86,11.0,33.0,0.0
1783935403.9,718,32624,86,10.0,33.0,0.0
1783935404.5,718,32624,86,10.0,33.0,0.0
1783935405.1,718,32624,86,9.0,33.0,0.0
1783935405.7,718,32624,86,10.0,33.0,0.0
1783935406.3,718,32624,86,11.0,33.0,0.0
1783935406.9,718,32624,79,12.0,33.0,0.0
1783935407.5,718,32624,79,11.0,33.0,0.0
1783935408.1,718,32624,79,12.0,33.0,0.0
1783935408.6,718,32624,79,12.0,33.0,0.0
1783935409.2,718,32624,79,11.0,33.0,0.0
1783935409.8,718,32624,79,11.0,33.0,0.0
1783935410.4,718,32624,91,15.0,33.0,57.0
1783935411.0,718,32624,89,14.0,33.0,6.0
1783935411.6,718,32624,89,12.0,32.0,0.0
1783935412.2,718,32624,89,11.0,33.0,0.0
1783935412.8,718,32624,89,11.0,33.0,0.0
1783935413.4,718,32624,89,11.0,33.0,0.0
1783935414.0,718,32624,89,11.0,33.0,0.0
1783935414.6,718,32624,89,12.0,33.0,0.0
1783935415.2,718,32624,103,28.0,33.0,1065.0
1783935415.8,718,32624,89,10.0,33.0,0.0
1783935416.4,718,32624,89,10.0,33.0,0.0
1783935417.0,718,32624,89,11.0,32.0,0.0
1783935417.6,718,32624,89,12.0,33.0,0.0
1783935418.2,718,32624,89,14.0,33.0,58.0
1783935418.8,718,32624,89,11.0,32.0,0.0
1783935419.4,718,32624,89,10.0,33.0,0.0
1783935420.0,718,32624,89,12.0,33.0,0.0
1783935420.6,718,32624,83,12.0,33.0,0.0
1783935421.2,718,32624,83,11.0,33.0,0.0
1783935421.8,718,32624,83,11.0,33.0,0.0
1783935422.4,718,32624,83,11.0,33.0,0.0
1783935423.0,718,32624,83,10.0,33.0,0.0
1783935423.5,718,32624,83,11.0,33.0,0.0
1783935424.1,718,32624,83,11.0,32.0,0.0
1783935424.7,718,32624,83,10.0,33.0,0.0
1783935425.4,718,32624,91,23.0,33.0,228.0
1783935425.9,718,32624,97,11.0,32.0,0.0
1783935426.5,718,32624,95,11.0,33.0,0.0
1783935427.1,718,32624,95,12.0,33.0,0.0
1783935427.7,718,32624,89,11.0,33.0,0.0
1783935428.3,718,32624,89,11.0,33.0,0.0
1783935428.9,718,32624,89,10.0,33.0,0.0
1783935429.5,718,32624,83,11.0,33.0,0.0
1783935430.1,718,32624,93,23.0,33.0,0.0
1783935430.7,718,32624,85,11.0,33.0,0.0
1783935431.3,718,32624,85,11.0,33.0,0.0
1783935431.9,718,32624,85,11.0,33.0,0.0
1783935432.5,718,32624,85,11.0,33.0,0.0
1783935433.1,718,32624,85,15.0,33.0,17.0
1783935433.7,718,32624,85,14.0,33.0,35.0
1783935434.3,718,32624,85,16.0,33.0,438.0
1783935434.9,718,32624,85,10.0,33.0,0.0
1783935435.5,718,32624,85,10.0,33.0,0.0
1783935436.1,718,32624,85,11.0,33.0,0.0
1783935436.7,718,32624,85,12.0,32.0,0.0
1783935437.3,718,32624,85,9.0,33.0,0.0
1783935437.8,718,32624,83,12.0,33.0,0.0
1783935438.4,718,32624,83,11.0,33.0,0.0
1783935439.0,718,32624,83,18.0,33.0,403.0
1783935439.6,718,32624,83,10.0,33.0,0.0
1783935440.2,718,32624,83,12.0,33.0,0.0
1783935440.8,718,32624,97,11.0,32.0,0.0
1783935441.4,718,32624,97,10.0,33.0,0.0
1783935442.0,718,32624,87,11.0,32.0,0.0
1783935442.6,718,32624,87,11.0,33.0,0.0
1783935443.2,718,32624,87,11.0,33.0,0.0
1783935443.8,718,32624,87,11.0,33.0,0.0
1783935444.4,718,32624,87,12.0,33.0,0.0
1783935445.0,718,32624,95,21.0,33.0,285.0
1783935445.6,718,32624,95,11.0,33.0,0.0
1783935446.2,718,32624,81,11.0,33.0,0.0
1783935446.8,718,32624,81,11.0,32.0,0.0
1783935447.4,718,32624,81,11.0,33.0,0.0
1783935448.0,718,32624,81,10.0,33.0,0.0
1783935448.6,718,32624,81,12.0,33.0,0.0
1783935449.2,718,32624,81,11.0,33.0,0.0
1783935449.7,718,32624,81,11.0,33.0,0.0
1783935450.3,718,32624,83,11.0,32.0,0.0
1783935450.9,718,32624,83,11.0,32.0,0.0
1783935451.5,718,32624,84,13.0,33.0,0.0
1783935452.1,718,32624,86,12.0,33.0,0.0
1783935452.7,718,32624,86,11.0,33.0,0.0
1783935453.3,718,32624,86,11.0,33.0,0.0
1783935453.9,718,32624,86,11.0,33.0,0.0
1783935454.5,718,32624,94,14.0,33.0,24.0
1783935455.1,718,32624,94,22.0,33.0,0.0
1783935455.7,718,32624,98,22.0,33.0,0.0
1783935456.3,718,32624,90,19.0,33.0,287.0
1783935456.9,718,32624,88,12.0,32.0,0.0
1783935457.5,718,32624,88,25.0,33.0,9.0
1783935458.1,718,32624,92,22.0,33.0,0.0
1783935458.7,718,32624,92,11.0,33.0,0.0
1783935459.3,718,32624,92,11.0,33.0,0.0
1783935459.9,718,32624,92,10.0,33.0,0.0
1783935460.5,718,32624,93,12.0,33.0,0.0
1783935461.1,718,32624,93,11.0,33.0,0.0
1783935461.7,718,32624,86,11.0,33.0,0.0
1783935462.3,718,32624,86,10.0,33.0,0.0
1783935462.9,718,32624,86,11.0,33.0,0.0
1783935463.5,718,32624,86,11.0,33.0,0.0
1783935464.1,718,32624,86,11.0,33.0,0.0
1783935464.7,718,32624,86,10.0,33.0,0.0
1783935465.3,718,32624,79,10.0,33.0,0.0
1783935465.9,718,32624,84,11.0,33.0,0.0
1783935466.5,718,32624,84,10.0,33.0,0.0
1783935467.1,718,32624,84,11.0,33.0,0.0
1783935467.7,718,32624,84,11.0,33.0,0.0
1783935468.3,718,32624,84,11.0,33.0,0.0
1783935468.9,718,32624,84,11.0,33.0,0.0
1783935469.4,718,32624,84,12.0,33.0,0.0
1783935470.0,718,32624,84,15.0,33.0,32.0
1783935470.6,718,32624,97,22.0,33.0,0.0
1783935471.2,718,32624,86,11.0,33.0,0.0
1783935471.8,718,32624,86,12.0,33.0,0.0
1783935472.4,718,32624,86,11.0,33.0,0.0
1783935473.0,718,32624,86,17.0,33.0,161.0
1783935473.6,718,32624,86,12.0,33.0,0.0
1783935474.2,718,32624,86,11.0,33.0,0.0
1783935474.8,718,32624,86,10.0,33.0,0.0
1783935475.4,718,32624,101,13.0,33.0,0.0
1783935476.0,718,32624,88,11.0,33.0,0.0
1783935476.6,718,32624,88,12.0,33.0,0.0
1783935477.2,718,32624,88,11.0,33.0,0.0
1783935477.8,718,32624,88,16.0,33.0,103.0
1783935478.4,718,32624,81,11.0,33.0,0.0
1783935479.0,718,32624,81,11.0,33.0,0.0
1783935479.6,718,32624,81,11.0,33.0,0.0
1783935480.2,718,32624,81,11.0,33.0,0.0
1783935480.8,718,32624,81,10.0,33.0,0.0
1783935481.4,718,32624,81,11.0,33.0,0.0
1783935482.0,718,32624,79,12.0,33.0,0.0
1783935482.6,718,32624,79,11.0,33.0,0.0
1783935483.2,718,32624,85,12.0,33.0,0.0
1783935483.8,718,32624,85,11.0,33.0,0.0
1783935484.4,718,32624,85,11.0,33.0,0.0
1783935485.0,718,32624,85,10.0,33.0,0.0
1783935485.6,718,32624,95,11.0,32.0,0.0
1783935486.2,718,32624,95,11.0,32.0,0.0
1783935486.8,718,32624,85,10.0,32.0,0.0
1783935487.4,718,32624,85,15.0,32.0,24.0
1783935488.0,718,32624,85,11.0,32.0,0.0
1783935488.6,718,32624,79,12.0,33.0,0.0
1783935489.2,718,32624,79,10.0,32.0,0.0
1783935489.8,718,32624,79,12.0,32.0,0.0
1783935490.4,718,32624,93,11.0,33.0,0.0
1783935491.0,718,32624,93,10.0,32.0,0.0
1783935491.6,718,32624,93,10.0,32.0,0.0
1783935492.2,718,32624,93,12.0,32.0,0.0
1783935492.8,718,32624,93,12.0,32.0,0.0
1783935493.4,718,32624,93,11.0,32.0,0.0
1783935494.0,720,32624,95,12.0,32.0,0.0
1783935494.5,720,32624,81,10.0,33.0,0.0
1783935495.1,720,32624,81,11.0,32.0,0.0
1783935495.7,720,32624,81,11.0,32.0,0.0
1783935496.4,713,32624,81,25.0,33.0,0.0
1783935496.9,713,32624,81,11.0,32.0,0.0
1783935497.5,713,32624,81,11.0,33.0,0.0
1783935498.1,713,32624,81,12.0,32.0,0.0
1783935498.7,713,32624,81,12.0,33.0,0.0
1783935499.3,713,32624,85,10.0,32.0,0.0
1783935499.9,713,32624,85,11.0,32.0,0.0
1783935500.5,713,32624,97,10.0,33.0,0.0
1783935501.1,713,32624,91,11.0,32.0,0.0
1783935501.7,713,32624,87,11.0,33.0,0.0
1783935502.3,713,32624,87,11.0,33.0,0.0
1783935502.9,713,32624,87,10.0,33.0,0.0
1783935503.5,713,32624,87,10.0,33.0,0.0
1783935504.1,713,32624,88,10.0,32.0,0.0
1783935504.7,713,32624,88,11.0,33.0,0.0
1783935505.3,713,32624,95,10.0,33.0,0.0
1783935505.9,713,32624,95,10.0,32.0,0.0
1783935506.5,713,32624,95,12.0,33.0,0.0
1783935507.1,713,32624,87,11.0,32.0,0.0
1783935507.7,713,32624,87,12.0,33.0,0.0
1783935508.3,713,32624,87,11.0,33.0,0.0
1783935508.9,713,32624,87,11.0,32.0,0.0
1783935509.4,713,32624,87,11.0,32.0,0.0
1783935510.0,713,32624,88,10.0,33.0,0.0
1783935510.6,713,32624,88,12.0,33.0,0.0
1783935511.3,713,32624,88,10.0,32.0,0.0
1783935511.8,713,32624,81,11.0,32.0,0.0
1783935512.4,713,32624,81,10.0,33.0,0.0
1783935513.0,713,32624,81,10.0,32.0,0.0
1783935513.6,713,32624,81,10.0,33.0,0.0
1783935514.2,713,32624,81,11.0,32.0,0.0
1783935514.8,713,32624,81,10.0,33.0,0.0
1783935515.5,713,32624,106,24.0,33.0,304.0
1783935516.1,713,32624,106,10.0,32.0,0.0
1783935516.7,713,32624,106,11.0,33.0,0.0
1783935517.3,713,32624,86,10.0,33.0,0.0
1783935517.9,713,32624,86,11.0,33.0,0.0
1783935518.5,713,32624,86,11.0,33.0,0.0
1783935519.1,713,32624,86,12.0,33.0,0.0
1783935519.6,713,32624,86,12.0,33.0,0.0
1783935520.2,713,32624,93,11.0,33.0,0.0
1783935520.8,713,32624,79,12.0,33.0,0.0
1783935521.4,713,32624,81,11.0,33.0,0.0
1783935522.0,713,32624,81,10.0,33.0,0.0
1783935522.6,713,32624,81,11.0,33.0,0.0
1783935523.2,713,32624,81,11.0,33.0,0.0
1783935523.8,713,32624,81,10.0,33.0,0.0
1783935524.4,713,32624,81,11.0,33.0,0.0
1783935525.0,713,32624,81,11.0,32.0,0.0
1783935525.6,713,32624,81,11.0,33.0,0.0
1783935526.2,713,32624,81,18.0,33.0,417.0
1783935526.8,713,32624,81,11.0,33.0,0.0
1783935527.4,713,32624,81,11.0,33.0,0.0
1783935528.0,713,32624,81,14.0,33.0,18.0
1783935528.6,713,32624,83,15.0,33.0,20.0
1783935529.2,713,32624,83,11.0,33.0,0.0
1783935529.8,713,32624,83,11.0,33.0,0.0
1783935530.4,713,32624,102,18.0,33.0,315.0
1783935531.0,713,32624,102,11.0,33.0,0.0
1783935531.5,713,32624,85,15.0,33.0,130.0
1783935532.1,713,32624,85,26.0,33.0,1319.0
1783935532.7,713,32624,85,18.0,33.0,1284.0
1783935533.3,713,32624,85,11.0,33.0,0.0
1783935533.9,713,32624,85,11.0,33.0,0.0
1783935534.5,713,32624,85,11.0,33.0,0.0
1783935535.1,713,32624,93,22.0,33.0,0.0
1783935535.7,713,32624,93,11.0,33.0,0.0
1783935536.3,713,32624,93,11.0,33.0,0.0
1783935536.9,713,32624,93,11.0,33.0,0.0
1783935537.5,713,32624,79,17.0,33.0,1139.0
1783935538.1,713,32624,83,21.0,33.0,0.0
1783935538.7,713,32624,109,23.0,33.0,110.0
1783935539.3,713,32624,100,22.0,33.0,0.0
1783935539.9,713,32624,97,21.0,33.0,0.0
1783935540.5,713,32624,97,11.0,33.0,0.0
1783935541.1,713,32624,106,11.0,33.0,0.0
1783935541.7,713,32624,93,11.0,33.0,0.0
1783935542.3,713,32624,88,11.0,33.0,0.0
1783935542.9,713,32624,88,12.0,33.0,0.0
1783935543.5,713,32624,86,11.0,33.0,0.0
1783935544.1,713,32624,86,15.0,33.0,31.0
1783935544.7,713,32624,86,11.0,33.0,0.0
1783935545.3,713,32624,86,12.0,33.0,0.0
1783935545.9,713,32624,86,15.0,32.0,6.0
1783935546.5,713,32624,86,22.0,33.0,0.0
1783935547.0,713,32624,86,10.0,33.0,0.0
1783935547.6,713,32624,89,11.0,33.0,0.0
1783935548.2,713,32624,86,11.0,33.0,0.0
1783935548.9,713,32624,86,10.0,33.0,0.0
1783935549.5,713,32624,86,11.0,33.0,0.0
1783935550.1,713,32624,84,11.0,33.0,0.0
1783935550.7,713,32624,84,11.0,33.0,0.0
1783935551.3,713,32624,84,11.0,33.0,0.0
1783935551.9,713,32624,84,11.0,33.0,0.0
1783935552.5,713,32624,84,15.0,33.0,9.0
1783935553.1,713,32624,84,11.0,32.0,0.0
1783935553.7,713,32624,84,10.0,33.0,0.0
1783935554.3,713,32624,84,11.0,33.0,3.0
1783935554.9,713,32624,84,13.0,33.0,500.0
1783935555.5,713,32624,84,10.0,33.0,0.0
1783935556.1,713,32624,105,25.0,33.0,41.0
1783935556.7,713,32624,86,11.0,33.0,0.0
1783935557.3,713,32624,86,11.0,33.0,0.0
1783935557.9,713,32624,86,16.0,32.0,104.0
1783935558.5,713,32624,86,14.0,33.0,0.0
1783935559.1,713,32624,86,10.0,32.0,0.0
1783935559.6,713,32624,86,14.0,32.0,41.0
1783935560.2,713,32624,86,14.0,33.0,17.0
1783935560.8,713,32624,86,11.0,33.0,0.0
1783935561.4,713,32624,86,16.0,33.0,126.0
1783935562.0,713,32624,86,11.0,33.0,0.0
1783935562.6,713,32624,86,11.0,32.0,0.0
1783935563.2,713,32624,86,11.0,33.0,0.0
1783935563.8,713,32624,86,11.0,33.0,0.0
1783935564.4,713,32624,86,11.0,33.0,0.0
1783935565.0,713,32624,86,19.0,33.0,24.0
1783935565.6,713,32624,86,13.0,33.0,0.0
1783935566.2,713,32624,86,11.0,33.0,0.0
1783935566.8,713,32624,86,11.0,33.0,0.0
1783935567.4,713,32624,86,13.0,33.0,45.0
1783935568.0,713,32624,86,11.0,32.0,0.0
1783935568.6,713,32624,84,11.0,33.0,0.0
1783935569.2,713,32624,84,15.0,33.0,75.0
1783935569.8,713,32624,84,11.0,33.0,0.0
1783935570.3,713,32624,84,11.0,33.0,0.0
1783935570.9,713,32624,100,25.0,33.0,1028.0
1783935571.5,713,32624,87,12.0,33.0,0.0
1783935572.1,713,32624,87,11.0,33.0,0.0
1783935572.7,713,32624,87,11.0,33.0,0.0
1783935573.3,713,32624,87,11.0,32.0,0.0
1783935573.9,713,32624,87,12.0,32.0,0.0
1783935574.5,713,32624,87,11.0,33.0,0.0
1783935575.1,713,32624,87,11.0,32.0,0.0
1783935575.7,713,32624,87,11.0,33.0,0.0
1783935576.3,713,32624,100,11.0,33.0,0.0
1783935576.9,713,32624,87,10.0,33.0,0.0
1783935577.5,713,32624,87,11.0,33.0,0.0
1783935578.1,713,32624,87,11.0,33.0,0.0
1783935578.7,713,32624,87,12.0,33.0,0.0
1783935579.3,713,32624,87,11.0,33.0,0.0
1783935579.9,713,32624,84,15.0,33.0,25.0
1783935580.5,713,32624,84,15.0,33.0,33.0
1783935581.1,713,32624,84,11.0,33.0,0.0
1783935581.7,719,32624,96,26.0,33.0,1226.0
1783935582.3,745,32624,88,17.0,33.0,1568.0
1783935582.9,745,32624,88,26.0,33.0,97.0
1783935583.5,743,32624,86,16.0,33.0,112.0
1783935584.0,741,32624,86,11.0,33.0,0.0
1783935584.6,739,32624,84,11.0,33.0,0.0
1783935585.2,739,32624,84,12.0,33.0,0.0
1783935585.8,739,32624,102,27.0,33.0,22.0
1783935586.4,739,32624,105,27.0,33.0,66.0
1783935587.0,739,32624,105,22.0,33.0,0.0
1783935587.6,739,32624,105,22.0,33.0,0.0
1783935588.2,739,32624,89,14.0,33.0,30.0
1783935588.8,739,32624,105,22.0,33.0,0.0
1783935589.4,739,32624,89,11.0,33.0,0.0
1783935590.0,739,32624,91,11.0,33.0,0.0
1783935590.6,739,32624,102,13.0,33.0,546.0
1783935591.2,739,32624,105,22.0,33.0,0.0
1783935591.8,739,32624,86,23.0,33.0,0.0
1783935592.4,739,32624,86,11.0,33.0,0.0
1783935593.0,739,32624,86,10.0,33.0,0.0
1783935593.6,739,32624,86,11.0,33.0,0.0
1783935594.1,739,32624,105,22.0,33.0,0.0
1783935594.7,739,32624,105,22.0,33.0,0.0
1783935595.3,739,32624,105,22.0,33.0,0.0
1783935595.9,739,32624,105,22.0,33.0,0.0
1783935596.5,739,32624,103,22.0,33.0,0.0
1783935597.1,739,32624,103,23.0,33.0,0.0
1783935597.7,739,32624,103,23.0,33.0,0.0
1783935598.3,739,32624,103,22.0,33.0,0.0
1783935598.9,739,32624,87,11.0,33.0,0.0
1783935599.5,739,32624,87,12.0,33.0,0.0
1783935600.1,739,32624,87,12.0,33.0,0.0
1783935600.7,739,32624,103,22.0,33.0,0.0
1783935601.3,739,32624,87,22.0,33.0,0.0
1783935601.8,739,32624,87,11.0,33.0,0.0
1783935602.4,739,32624,87,12.0,33.0,0.0
1783935603.0,739,32624,87,11.0,33.0,0.0
1783935603.6,739,32624,87,11.0,33.0,0.0
1783935604.2,739,32624,87,12.0,33.0,0.0
1783935604.8,739,32624,87,10.0,33.0,0.0
1783935605.4,739,32624,87,10.0,33.0,0.0
1783935606.0,739,32624,87,11.0,33.0,0.0
1783935606.6,739,32624,87,12.0,33.0,0.0
1783935607.2,739,32624,87,11.0,33.0,0.0
1783935607.8,739,32624,105,22.0,33.0,0.0
1783935608.4,739,32624,87,14.0,33.0,40.0
1783935609.0,739,32624,87,11.0,33.0,0.0
1783935609.6,739,32624,101,25.0,33.0,20.0
1783935610.2,739,32624,100,27.0,33.0,76.0
1783935610.8,739,32624,100,10.0,33.0,0.0
1783935611.4,739,32624,87,12.0,33.0,0.0
1783935611.9,739,32624,87,11.0,33.0,0.0
1783935612.5,739,32624,89,11.0,33.0,0.0
1783935613.1,739,32624,89,10.0,33.0,0.0
1783935613.7,739,32624,87,11.0,33.0,0.0
1783935614.3,739,32624,87,11.0,33.0,0.0
1783935614.9,739,32624,87,10.0,33.0,0.0
1783935615.5,739,32624,100,22.0,33.0,0.0
1783935616.1,739,32624,87,11.0,33.0,0.0
1783935616.7,739,32624,104,23.0,33.0,0.0
1783935617.3,739,32624,87,12.0,33.0,0.0
1783935617.9,739,32624,87,12.0,33.0,0.0
1783935618.5,739,32624,105,11.0,33.0,0.0
1783935619.1,739,32624,103,23.0,33.0,109.0
1783935619.7,739,32624,100,22.0,33.0,0.0
1783935620.3,739,32624,88,22.0,33.0,0.0
1783935620.9,739,32624,113,22.0,33.0,0.0
1783935621.5,739,32624,113,31.0,33.0,1092.0
1783935622.1,739,32624,119,22.0,33.0,0.0
1783935622.6,739,32624,105,11.0,33.0,0.0
1783935623.2,739,32624,104,23.0,33.0,0.0
1783935623.8,741,32624,96,10.0,33.0,0.0
1783935624.4,741,32624,95,22.0,33.0,0.0
1783935625.0,741,32624,99,22.0,34.0,0.0
1783935625.6,741,32624,99,22.0,34.0,0.0
1783935626.2,741,32624,95,14.0,33.0,32.0
1783935626.8,741,32624,99,28.0,33.0,1389.0
1783935627.4,741,32624,100,26.0,33.0,7.0
1783935628.0,741,32624,90,23.0,34.0,0.0
1783935628.6,741,32624,106,22.0,34.0,0.0
1783935629.2,739,32624,90,27.0,34.0,53.0
1783935629.8,739,32624,104,26.0,34.0,1317.0
1783935630.4,739,32624,106,16.0,34.0,793.0
1783935631.0,739,32624,99,11.0,33.0,0.0
1783935631.6,739,32624,89,10.0,33.0,0.0
1783935632.2,739,32624,89,11.0,33.0,0.0
1783935632.8,739,32624,89,15.0,33.0,500.0
1783935633.4,739,32624,89,12.0,33.0,0.0
1783935634.0,739,32624,89,14.0,33.0,17.0
1783935634.6,739,32624,89,12.0,33.0,0.0
1783935635.2,739,32624,89,12.0,33.0,0.0
1783935635.8,739,32624,100,10.0,33.0,0.0
1783935636.4,739,32624,87,10.0,33.0,0.0
1783935637.0,739,32624,87,11.0,33.0,0.0
1783935637.6,739,32624,87,11.0,33.0,0.0
1783935638.2,739,32624,87,12.0,33.0,0.0
1783935638.8,739,32624,87,13.0,33.0,0.0
1783935639.4,739,32624,87,11.0,33.0,0.0
1783935640.0,739,32624,87,11.0,33.0,0.0
1783935640.6,739,32624,87,10.0,33.0,0.0
1783935641.2,739,32624,84,21.0,33.0,102.0
1783935641.8,739,32624,84,10.0,33.0,0.0
1783935642.4,739,32624,84,11.0,33.0,0.0
1783935643.0,739,32624,84,15.0,33.0,21.0
1783935643.6,739,32624,84,11.0,33.0,0.0
1783935644.2,739,32624,84,12.0,33.0,0.0
1783935644.8,739,32624,84,16.0,33.0,21.0
1783935645.4,739,32624,99,29.0,33.0,11.0
1783935646.0,739,32624,86,10.0,33.0,0.0
1783935646.6,739,32624,86,25.0,33.0,418.0
1783935647.1,739,32624,86,11.0,33.0,0.0
1783935647.7,739,32624,86,11.0,33.0,0.0
1783935648.3,739,32624,101,25.0,33.0,40.0
1783935649.0,739,32624,101,11.0,33.0,0.0
1783935649.5,739,32624,98,11.0,33.0,0.0
1783935650.1,739,32624,114,28.0,33.0,41.0
1783935650.7,739,32624,104,12.0,33.0,0.0
1783935651.3,739,32624,104,22.0,33.0,0.0
1783935651.9,739,32624,102,22.0,34.0,0.0
1783935652.5,739,32624,88,12.0,33.0,0.0
1783935653.1,739,32624,88,12.0,33.0,0.0
1783935653.7,739,32624,93,22.0,33.0,0.0
1783935654.3,739,32624,102,22.0,34.0,0.0
1783935654.9,739,32624,96,27.0,34.0,547.0
1783935655.5,739,32624,96,23.0,34.0,10.0
1783935656.1,739,32624,96,22.0,34.0,0.0
1783935656.7,739,32624,88,22.0,33.0,0.0
1783935657.3,739,32624,91,28.0,34.0,1510.0
1783935657.9,739,32624,87,22.0,34.0,0.0
1783935658.5,739,32624,84,22.0,34.0,0.0
1783935659.1,739,32624,102,22.0,34.0,0.0
1783935659.7,739,32624,89,11.0,33.0,0.0
1783935660.3,739,32624,89,10.0,33.0,0.0
1783935660.9,739,32624,89,11.0,33.0,0.0
1783935661.5,739,32624,89,10.0,33.0,0.0
1783935662.1,739,32624,89,12.0,33.0,0.0
1783935662.7,739,32624,91,28.0,33.0,687.0
1783935663.3,739,32624,94,11.0,34.0,0.0
1783935663.9,739,32624,89,11.0,33.0,0.0
1783935664.5,739,32624,104,26.0,34.0,19.0
1783935665.1,739,32624,104,11.0,34.0,0.0
1783935665.7,739,32624,89,11.0,33.0,0.0
1783935666.3,739,32624,104,11.0,33.0,0.0
1783935666.9,739,32624,89,11.0,33.0,0.0
1783935667.5,739,32624,105,22.0,34.0,0.0
1783935668.1,739,32624,102,11.0,33.0,0.0
1783935668.7,739,32624,89,12.0,33.0,0.0
1783935669.3,739,32624,89,10.0,33.0,0.0
1783935669.8,739,32624,89,11.0,33.0,0.0
1783935670.4,739,32624,89,10.0,33.0,0.0
1783935671.0,739,32624,105,22.0,34.0,0.0
1783935671.6,739,32624,89,22.0,34.0,0.0
1783935672.2,739,32624,91,26.0,34.0,1815.0
1783935672.8,739,32624,89,11.0,33.0,0.0
1783935673.4,742,32624,91,14.0,33.0,7.0
1783935674.0,744,32624,91,12.0,33.0,0.0
1783935674.6,744,32624,91,11.0,33.0,0.0
1783935675.2,744,32624,91,14.0,33.0,28.0
1783935675.8,742,32624,89,15.0,33.0,814.0
1783935676.4,742,32624,89,22.0,34.0,0.0
1783935677.0,742,32624,89,11.0,34.0,0.0
1783935677.6,742,32624,82,22.0,34.0,0.0
1783935678.2,742,32624,98,11.0,33.0,0.0
1783935678.8,742,32624,100,15.0,33.0,0.0
1783935679.4,742,32624,98,25.0,33.0,141.0
1783935680.0,742,32624,100,22.0,33.0,0.0
1783935680.6,742,32624,84,22.0,34.0,0.0
1783935681.2,742,32624,84,11.0,33.0,0.0
1783935681.8,742,32624,84,11.0,34.0,0.0
1783935682.4,742,32624,97,22.0,33.0,0.0
1783935683.0,742,32624,100,22.0,34.0,0.0
1783935683.6,742,32624,98,23.0,34.0,0.0
1783935684.2,742,32624,100,22.0,34.0,0.0
1783935684.8,742,32624,98,22.0,34.0,0.0
1783935685.4,744,32624,93,21.0,34.0,0.0
1783935686.0,744,32624,86,22.0,34.0,0.0
1783935686.6,744,32624,105,22.0,34.0,0.0
1783935687.2,742,32624,91,22.0,34.0,0.0
1783935687.8,744,32624,109,25.0,34.0,0.0
1783935688.4,744,32624,100,25.0,34.0,626.0
1783935689.0,744,32624,98,26.0,34.0,155.0
1783935689.6,742,32624,107,26.0,34.0,41.0
1783935690.2,742,32624,107,11.0,33.0,0.0
1783935690.8,742,32624,87,27.0,33.0,66.0
1783935691.4,742,32624,109,26.0,34.0,902.0
1783935692.0,742,32624,108,22.0,34.0,0.0
1783935692.6,742,32624,109,19.0,34.0,574.0
1783935693.1,742,32624,89,12.0,34.0,0.0
1783935693.7,742,32624,87,11.0,33.0,0.0
1783935694.3,742,32624,87,11.0,33.0,0.0
1783935694.9,742,32624,87,11.0,33.0,0.0
1783935695.5,742,32624,87,11.0,33.0,0.0
1783935696.1,742,32624,87,16.0,34.0,78.0
1783935696.7,744,32624,89,25.0,34.0,65.0
1783935697.3,744,32624,102,28.0,34.0,983.0
1783935697.9,744,32624,89,11.0,34.0,0.0
1783935698.5,744,32624,89,12.0,33.0,0.0
1783935699.1,744,32624,89,12.0,33.0,0.0
1783935699.7,744,32624,89,11.0,33.0,0.0
1783935700.3,744,32624,89,12.0,33.0,0.0
1783935700.9,744,32624,84,11.0,33.0,0.0
1783935701.5,744,32624,84,17.0,33.0,890.0
1783935702.1,744,32624,82,11.0,33.0,0.0
1783935702.7,744,32624,84,12.0,33.0,0.0
1783935703.3,744,32624,84,12.0,33.0,0.0
1783935703.9,744,32624,84,11.0,34.0,0.0
1783935704.5,744,32624,84,14.0,33.0,27.0
1783935705.1,744,32624,82,15.0,33.0,34.0
1783935705.7,744,32624,82,13.0,33.0,251.0
1783935706.2,744,32624,82,17.0,33.0,119.0
1783935706.8,744,32624,84,12.0,33.0,0.0
1783935707.4,744,32624,98,22.0,34.0,0.0
1783935708.0,744,32624,84,11.0,33.0,0.0
1783935708.6,744,32624,84,14.0,33.0,0.0
1783935709.2,744,32624,84,11.0,33.0,0.0
1783935709.8,744,32624,84,10.0,33.0,0.0
1783935710.4,744,32624,84,14.0,33.0,595.0
1783935711.0,744,32624,84,11.0,33.0,0.0
1783935711.6,744,32624,84,11.0,33.0,0.0
1783935712.2,744,32624,84,20.0,33.0,719.0
1783935712.8,744,32624,96,12.0,33.0,0.0
1783935713.4,744,32624,82,12.0,33.0,0.0
1783935714.0,744,32624,82,12.0,33.0,0.0
1783935714.6,744,32624,82,12.0,33.0,264.0
1783935715.2,744,32624,82,14.0,33.0,55.0
1783935715.8,744,32624,82,12.0,33.0,0.0
1783935716.4,744,32624,82,10.0,33.0,0.0
1783935717.0,744,32624,82,17.0,33.0,287.0
1783935717.6,744,32624,82,16.0,33.0,657.0
1783935718.1,744,32624,82,11.0,33.0,0.0
1783935718.7,744,32624,82,10.0,33.0,0.0
1783935719.3,744,32624,82,12.0,33.0,0.0
1783935719.9,744,32624,82,12.0,33.0,0.0
1783935720.5,744,32624,82,11.0,33.0,0.0
1783935721.1,744,32624,82,12.0,33.0,0.0
1783935721.7,744,32624,82,11.0,33.0,0.0
1783935722.3,744,32624,96,22.0,33.0,0.0
1783935722.9,744,32624,82,11.0,33.0,0.0
1783935723.5,744,32624,82,15.0,33.0,38.0
1783935724.1,744,32624,82,10.0,33.0,0.0
1783935724.7,744,32624,82,12.0,33.0,0.0
1783935725.3,744,32624,82,11.0,33.0,0.0
1783935725.9,744,32624,82,11.0,33.0,0.0
1783935726.5,744,32624,82,11.0,33.0,0.0
1783935727.1,744,32624,82,10.0,33.0,0.0
1783935727.7,744,32624,96,12.0,33.0,0.0
1783935728.2,744,32624,82,10.0,33.0,0.0
1783935728.8,744,32624,82,12.0,33.0,0.0
1783935729.4,744,32624,82,14.0,33.0,4.0
1783935730.0,744,32624,82,12.0,33.0,0.0
1783935730.6,744,32624,82,10.0,33.0,0.0
1783935731.2,744,32624,82,18.0,33.0,362.0
1783935731.8,744,32624,82,15.0,33.0,52.0
1783935732.4,744,32624,82,11.0,33.0,0.0
1783935733.0,744,32624,82,14.0,33.0,21.0
1783935733.6,744,32624,82,12.0,33.0,0.0
1783935734.2,744,32624,82,11.0,33.0,0.0
1783935734.8,768,32624,106,12.0,33.0,0.0
1783935735.4,768,32624,84,28.0,33.0,1147.0
1783935736.0,768,32624,84,11.0,33.0,0.0
1783935736.6,768,32624,84,11.0,33.0,0.0
1783935737.2,768,32624,84,15.0,33.0,7.0
1783935737.8,768,32624,98,11.0,33.0,0.0
1783935738.4,768,32624,84,11.0,33.0,0.0
1783935739.0,768,32624,84,15.0,33.0,21.0
1783935739.6,768,32624,84,10.0,33.0,0.0
1783935740.1,768,32624,84,11.0,33.0,0.0
1783935740.7,768,32624,80,21.0,33.0,411.0
1783935741.3,768,32624,80,11.0,33.0,0.0
1783935741.9,768,32624,80,11.0,33.0,0.0
1783935742.5,768,32624,97,22.0,33.0,0.0
1783935743.1,768,32624,84,12.0,33.0,0.0
1783935743.7,768,32624,84,11.0,33.0,0.0
1783935744.3,768,32624,84,11.0,33.0,0.0
1783935744.9,768,32624,84,11.0,33.0,0.0
1783935745.5,768,32624,84,10.0,33.0,0.0
1783935746.1,768,32624,80,11.0,33.0,0.0
1783935746.7,768,32624,80,15.0,33.0,7.0
1783935747.3,768,32624,80,11.0,33.0,0.0
1783935747.9,768,32624,80,11.0,33.0,0.0
1783935748.5,768,32624,80,11.0,33.0,257.0
1783935749.1,768,32624,80,10.0,33.0,0.0
1783935749.7,768,32624,80,11.0,33.0,0.0
1783935750.3,768,32624,80,15.0,33.0,19.0
1783935750.9,768,32624,80,12.0,33.0,0.0
1783935751.5,768,32624,80,10.0,33.0,0.0
1783935752.0,768,32624,80,10.0,33.0,0.0
1783935752.6,768,32624,94,22.0,33.0,0.0
1783935753.2,768,32624,80,18.0,33.0,111.0
1783935753.8,768,32624,80,11.0,33.0,0.0
1783935754.4,768,32624,80,12.0,33.0,0.0
1783935755.0,768,32624,80,11.0,33.0,0.0
1783935755.6,768,32624,80,10.0,33.0,0.0
1783935756.2,768,32624,80,13.0,33.0,396.0
1783935756.8,764,32624,80,14.0,33.0,88.0
1783935757.4,764,32624,94,22.0,33.0,0.0
1783935758.0,764,32624,94,12.0,33.0,0.0
1783935758.6,764,32624,80,11.0,33.0,0.0
1783935759.2,764,32624,80,11.0,33.0,0.0
1783935759.8,764,32624,80,19.0,33.0,340.0
1783935760.4,764,32624,80,10.0,33.0,0.0
1783935761.0,764,32624,80,11.0,33.0,0.0
1783935761.6,764,32624,80,12.0,33.0,0.0
1783935762.2,764,32624,80,11.0,33.0,0.0
1783935762.8,764,32624,80,10.0,33.0,0.0
1783935763.4,764,32624,80,11.0,33.0,0.0
1783935764.0,764,32624,80,11.0,33.0,0.0
1783935764.5,764,32624,80,11.0,33.0,0.0
1783935765.1,764,32624,80,13.0,33.0,0.0
1783935765.7,764,32624,80,11.0,33.0,0.0
1783935766.3,764,32624,80,10.0,33.0,0.0
1783935766.9,764,32624,80,12.0,33.0,0.0
1783935767.5,764,32624,94,24.0,33.0,0.0
1783935768.1,764,32624,80,12.0,33.0,0.0
1783935768.7,764,32624,80,12.0,33.0,0.0
1783935769.3,764,32624,80,10.0,33.0,0.0
1783935769.9,764,32624,80,11.0,33.0,0.0
1783935770.5,764,32624,80,11.0,33.0,0.0
1783935771.1,764,32624,80,11.0,33.0,0.0
1783935771.7,764,32624,80,11.0,33.0,0.0
1783935772.3,764,32624,96,24.0,33.0,9.0
1783935772.9,764,32624,82,10.0,33.0,0.0
1783935773.5,764,32624,82,13.0,33.0,0.0
1783935774.1,764,32624,82,16.0,33.0,52.0
1783935774.7,764,32624,82,16.0,33.0,40.0
1783935775.3,764,32624,82,11.0,33.0,0.0
1783935775.9,764,32624,82,14.0,33.0,19.0
1783935776.5,764,32624,82,10.0,33.0,0.0
1783935777.1,764,32624,82,11.0,33.0,0.0
1783935777.6,764,32624,82,12.0,33.0,0.0
1783935778.2,764,32624,82,12.0,33.0,0.0
1783935778.8,764,32624,82,12.0,33.0,0.0
1783935779.4,764,32624,82,12.0,33.0,0.0
1783935780.0,764,32624,82,15.0,33.0,28.0
1783935780.6,764,32624,82,11.0,33.0,0.0
1783935781.2,764,32624,82,10.0,33.0,0.0
1783935781.8,764,32624,82,11.0,33.0,0.0
1783935782.4,764,32624,129,25.0,33.0,6.0
1783935783.0,764,32624,85,11.0,33.0,0.0
1783935783.6,764,32624,82,10.0,33.0,0.0
1783935784.2,764,32624,82,16.0,33.0,28.0
1783935784.8,764,32624,82,16.0,32.0,20.0
1783935785.4,764,32624,82,11.0,33.0,0.0
1783935786.0,764,32624,82,14.0,33.0,20.0
1783935786.6,764,32624,82,11.0,33.0,0.0
1783935787.2,764,32624,82,11.0,33.0,0.0
1783935787.8,764,32624,96,15.0,33.0,30.0
1783935788.4,764,32624,82,12.0,33.0,0.0
1783935789.0,764,32624,82,10.0,33.0,0.0
1783935789.5,764,32624,82,14.0,33.0,34.0
1783935790.1,764,32624,82,10.0,33.0,0.0
1783935790.7,764,32624,82,12.0,33.0,0.0
1783935791.3,764,32624,82,14.0,33.0,418.0
1783935791.9,764,32624,82,10.0,33.0,0.0
1783935792.5,764,32624,82,11.0,33.0,0.0
1783935793.1,764,32624,82,11.0,33.0,0.0
1783935793.7,764,32624,82,12.0,33.0,0.0
1783935794.3,764,32624,82,10.0,33.0,0.0
1783935794.9,764,32624,82,10.0,33.0,0.0
1783935795.5,764,32624,82,10.0,33.0,0.0
1783935796.1,764,32624,82,12.0,33.0,0.0
1783935796.7,764,32624,82,12.0,33.0,0.0
1783935797.3,764,32624,96,19.0,33.0,69.0
1783935797.9,764,32624,85,17.0,33.0,81.0
1783935798.5,764,32624,82,11.0,33.0,0.0
1783935799.1,764,32624,82,11.0,33.0,0.0
1783935799.7,764,32624,82,19.0,33.0,170.0
1783935800.2,764,32624,82,11.0,33.0,0.0
1783935800.8,764,32624,80,11.0,33.0,0.0
1783935801.4,764,32624,80,12.0,33.0,0.0
1783935802.0,764,32624,80,11.0,33.0,0.0
1783935802.6,764,32624,94,11.0,33.0,0.0
1783935803.2,764,32624,80,11.0,33.0,0.0
1783935803.8,764,32624,80,11.0,33.0,0.0
1783935804.4,764,32624,80,15.0,33.0,0.0
1783935805.0,764,32624,80,13.0,32.0,0.0
1783935805.6,764,32624,80,12.0,33.0,0.0
1783935806.2,764,32624,80,11.0,33.0,0.0
1783935806.8,764,32624,80,11.0,33.0,0.0
1783935807.4,764,32624,80,11.0,33.0,0.0
1783935808.0,764,32624,80,10.0,33.0,0.0
1783935808.6,764,32624,80,11.0,33.0,0.0
1783935809.2,764,32624,80,11.0,32.0,0.0
1783935809.8,764,32624,80,11.0,32.0,0.0
1783935810.4,764,32624,80,12.0,33.0,0.0
1783935811.0,764,32624,80,10.0,33.0,0.0
1783935811.6,764,32624,80,11.0,33.0,0.0
1783935812.2,764,32624,96,26.0,32.0,1376.0
1783935812.8,764,32624,112,10.0,33.0,0.0
1783935813.4,764,32624,82,16.0,33.0,34.0
1783935814.0,764,32624,82,11.0,33.0,0.0
1783935814.6,764,32624,82,11.0,33.0,0.0
1783935815.2,764,32624,82,11.0,33.0,0.0
1783935815.8,764,32624,82,11.0,33.0,0.0
1783935816.4,764,32624,82,14.0,33.0,51.0
1783935817.0,764,32624,82,10.0,33.0,0.0
1783935817.6,764,32624,96,11.0,33.0,0.0
1783935818.2,764,32624,82,14.0,33.0,6.0
1783935818.8,764,32624,82,11.0,33.0,0.0
1783935819.4,764,32624,82,10.0,33.0,0.0
1783935820.0,764,32624,82,12.0,33.0,0.0
1783935820.5,764,32624,82,10.0,33.0,0.0
1783935821.1,764,32624,82,19.0,33.0,49.0
1783935821.7,764,32624,82,11.0,33.0,0.0
1783935822.3,764,32624,82,13.0,33.0,0.0
1783935822.9,764,32624,82,12.0,33.0,0.0
1783935823.5,764,32624,82,11.0,33.0,0.0
1783935824.1,764,32624,82,11.0,33.0,0.0
1783935824.7,764,32624,82,20.0,32.0,56.0
1783935825.3,764,32624,82,14.0,33.0,0.0
1783935825.9,764,32624,82,11.0,33.0,0.0
1783935826.5,764,32624,82,20.0,33.0,21.0
1783935827.1,764,32624,82,12.0,33.0,0.0
1783935827.7,764,32624,98,22.0,33.0,0.0
1783935828.3,764,32624,82,11.0,33.0,0.0
1783935828.9,764,32624,82,10.0,33.0,0.0
1783935829.5,764,32624,82,11.0,33.0,0.0
1783935830.1,764,32624,82,11.0,33.0,0.0
1783935830.7,764,32624,82,11.0,33.0,0.0
1783935831.3,764,32624,82,11.0,33.0,0.0
1783935831.9,764,32624,82,12.0,33.0,0.0
1783935832.4,764,32624,96,22.0,33.0,0.0
1783935833.0,764,32624,96,11.0,33.0,0.0
1783935833.6,764,32624,82,11.0,33.0,0.0
1783935834.2,764,32624,82,10.0,33.0,0.0
1783935834.8,764,32624,82,10.0,33.0,0.0
1783935835.4,764,32624,82,10.0,33.0,0.0
1783935836.0,764,32624,82,11.0,33.0,0.0
1783935836.6,764,32624,82,11.0,33.0,0.0
1783935837.2,764,32624,82,11.0,33.0,0.0
1783935837.8,764,32624,82,10.0,33.0,0.0
1783935838.4,764,32624,82,11.0,33.0,0.0
1783935839.0,764,32624,82,10.0,33.0,0.0
1783935839.6,764,32624,82,15.0,33.0,6.0
1783935840.2,764,32624,82,10.0,32.0,0.0
1783935840.8,764,32624,80,10.0,33.0,0.0
1783935841.4,764,32624,80,15.0,33.0,25.0
1783935842.0,764,32624,80,11.0,33.0,0.0
1783935842.6,764,32624,94,12.0,33.0,0.0
1783935843.1,764,32624,94,11.0,33.0,0.0
1783935843.7,764,32624,80,11.0,33.0,0.0
1783935844.3,764,32624,80,11.0,32.0,0.0
1783935844.9,764,32624,80,10.0,33.0,0.0
1783935845.5,764,32624,80,12.0,32.0,0.0
1783935846.1,764,32624,80,11.0,33.0,0.0
1783935846.7,764,32624,80,11.0,32.0,0.0
1783935847.3,764,32624,87,11.0,33.0,0.0
1783935847.9,764,32624,93,11.0,33.0,0.0
1783935848.5,764,32624,79,22.0,33.0,0.0
1783935849.1,764,32624,79,11.0,33.0,0.0
1783935849.7,764,32624,79,11.0,33.0,0.0
1783935850.3,764,32624,79,13.0,32.0,0.0
1783935850.9,764,32624,79,11.0,32.0,0.0
1783935851.5,764,32624,80,10.0,33.0,0.0
1783935852.1,764,32624,80,11.0,33.0,0.0
1783935852.7,764,32624,80,12.0,33.0,0.0
1783935853.3,764,32624,80,11.0,33.0,0.0
1783935853.9,755,32624,88,11.0,33.0,0.0
1783935854.5,755,32624,88,11.0,33.0,0.0
1783935855.1,755,32624,88,11.0,33.0,0.0
1783935855.7,745,32624,84,12.0,33.0,0.0
1783935856.2,745,32624,84,11.0,32.0,0.0
1783935856.8,745,32624,84,11.0,33.0,0.0
1783935857.4,745,32624,97,22.0,33.0,0.0
1783935858.0,745,32624,97,11.0,33.0,0.0
1783935858.6,745,32624,83,11.0,33.0,0.0
1783935859.2,745,32624,83,12.0,32.0,0.0
1783935859.8,745,32624,84,11.0,33.0,0.0
1783935860.4,745,32624,84,11.0,33.0,0.0
1783935861.0,745,32624,84,13.0,32.0,0.0
1783935861.6,745,32624,84,11.0,33.0,0.0
1783935862.2,745,32624,84,11.0,33.0,0.0
1783935862.8,745,32624,97,11.0,33.0,0.0
1783935863.4,745,32624,83,25.0,33.0,325.0
1783935864.0,745,32624,83,11.0,33.0,0.0
1783935864.6,745,32624,84,11.0,33.0,0.0
1783935865.1,745,32624,84,11.0,33.0,0.0
1783935865.7,745,32624,84,12.0,33.0,141.0
1783935866.3,745,32624,84,11.0,33.0,0.0
1783935866.9,745,32624,84,11.0,33.0,0.0
1783935867.5,745,32624,84,11.0,32.0,0.0
1783935868.1,745,32624,84,11.0,32.0,0.0
1783935868.7,745,32624,84,11.0,32.0,0.0
1783935869.3,745,32624,84,10.0,33.0,0.0
1783935869.9,745,32624,84,12.0,33.0,0.0
1783935870.5,745,32624,84,11.0,33.0,0.0
1783935871.1,745,32624,84,10.0,32.0,0.0
1783935871.7,745,32624,84,11.0,33.0,0.0
1783935872.3,745,32624,93,22.0,33.0,0.0
1783935872.9,745,32624,104,12.0,33.0,0.0
1783935873.5,745,32624,86,10.0,33.0,0.0
1783935874.1,745,32624,86,11.0,33.0,0.0
1783935874.7,745,32624,86,11.0,33.0,0.0
1783935875.3,745,32624,86,11.0,33.0,0.0
1783935875.9,745,32624,86,10.0,32.0,0.0
1783935876.5,745,32624,86,11.0,32.0,0.0
1783935877.1,745,32624,86,11.0,33.0,0.0
1783935877.7,745,32624,99,11.0,33.0,0.0
1783935878.3,745,32624,99,12.0,32.0,0.0
1783935878.8,745,32624,86,10.0,32.0,0.0
1783935879.4,745,32624,86,22.0,33.0,0.0
1783935880.0,745,32624,86,10.0,32.0,0.0
1783935880.6,745,32624,86,11.0,32.0,0.0
1783935881.2,745,32624,86,10.0,33.0,0.0
1783935881.8,745,32624,86,10.0,32.0,0.0
1783935882.4,745,32624,86,12.0,33.0,0.0
1783935883.0,745,32624,86,11.0,32.0,0.0
1783935883.6,745,32624,86,11.0,33.0,0.0
1783935884.2,745,32624,86,10.0,32.0,0.0
1783935884.8,745,32624,86,11.0,33.0,0.0
1783935885.4,745,32624,86,14.0,32.0,6.0
1783935886.0,745,32624,86,10.0,33.0,0.0
1783935886.6,745,32624,86,11.0,33.0,0.0
1783935887.2,745,32624,86,12.0,33.0,0.0
1783935887.8,745,32624,99,11.0,33.0,0.0
1783935888.3,745,32624,99,11.0,33.0,0.0
1783935888.9,745,32624,91,11.0,33.0,0.0
1783935889.5,745,32624,85,11.0,33.0,0.0
1783935890.1,745,32624,85,11.0,33.0,0.0
1783935890.7,745,32624,85,11.0,32.0,0.0
1783935891.3,745,32624,85,11.0,33.0,0.0
1783935891.9,745,32624,85,11.0,33.0,0.0
1783935892.5,745,32624,99,24.0,33.0,81.0
1783935893.1,745,32624,99,11.0,33.0,0.0
1783935893.7,745,32624,85,11.0,33.0,0.0
1783935894.3,745,32624,85,10.0,32.0,0.0
1783935894.9,745,32624,85,11.0,33.0,0.0
1783935895.5,745,32624,85,11.0,33.0,0.0
1783935896.1,745,32624,85,10.0,32.0,0.0
1783935896.6,745,32624,85,11.0,32.0,0.0
1783935897.2,745,32624,85,10.0,33.0,0.0
1783935897.8,745,32624,85,11.0,32.0,0.0
1783935898.4,745,32624,85,11.0,32.0,0.0
1783935899.0,745,32624,91,11.0,32.0,0.0
1783935899.6,745,32624,91,10.0,32.0,0.0
1783935900.2,745,32624,91,11.0,33.0,0.0
1783935900.8,745,32624,85,12.0,32.0,0.0
1783935901.4,745,32624,85,17.0,33.0,817.0
1783935902.0,745,32624,85,11.0,33.0,0.0
1783935902.6,745,32624,102,22.0,33.0,0.0
1783935903.2,745,32624,101,11.0,33.0,0.0
1783935903.8,745,32624,86,11.0,33.0,0.0
1783935904.4,745,32624,86,12.0,33.0,0.0
1783935905.0,745,32624,86,12.0,33.0,0.0
1783935905.5,745,32624,86,11.0,33.0,0.0
1783935906.1,745,32624,86,10.0,33.0,0.0
1783935906.7,745,32624,86,10.0,33.0,0.0
1783935907.3,745,32624,93,21.0,32.0,0.0
1783935907.9,745,32624,99,11.0,33.0,0.0
1783935908.5,745,32624,86,22.0,33.0,0.0
1783935909.1,745,32624,92,11.0,33.0,0.0
1783935909.7,745,32624,86,10.0,33.0,0.0
1783935910.3,745,32624,86,11.0,33.0,0.0
1783935910.9,745,32624,86,11.0,33.0,0.0
1783935911.5,745,32624,86,11.0,33.0,0.0
1783935912.1,745,32624,86,10.0,33.0,0.0
1783935912.7,745,32624,86,11.0,33.0,0.0
1783935913.3,745,32624,86,10.0,33.0,0.0
1783935913.9,747,32624,88,11.0,33.0,0.0
1783935914.5,747,32624,88,10.0,33.0,0.0
1783935915.0,747,32624,88,11.0,33.0,0.0
1783935915.6,747,32624,88,10.0,33.0,0.0
1783935916.2,747,32624,88,10.0,33.0,0.0
1783935916.8,747,32624,88,11.0,33.0,0.0
1783935917.4,747,32624,103,31.0,33.0,232.0
1783935918.0,747,32624,105,12.0,33.0,0.0
1783935918.6,747,32624,88,11.0,33.0,0.0
1783935919.2,747,32624,88,11.0,33.0,0.0
1783935919.8,747,32624,88,11.0,33.0,0.0
1783935920.4,747,32624,88,11.0,33.0,0.0
1783935921.0,747,32624,88,11.0,32.0,0.0
1783935921.6,747,32624,88,14.0,33.0,6.0
1783935922.1,747,32624,88,11.0,33.0,0.0
1783935922.7,747,32624,102,11.0,33.0,0.0
1783935923.3,747,32624,88,15.0,33.0,6.0
1783935923.9,747,32624,88,11.0,33.0,0.0
1783935924.5,747,32624,88,12.0,33.0,0.0
1783935925.1,747,32624,88,10.0,33.0,0.0
1783935925.7,747,32624,88,10.0,32.0,0.0
1783935926.3,747,32624,88,12.0,32.0,0.0
1783935926.9,747,32624,88,12.0,33.0,0.0
1783935927.5,747,32624,88,11.0,33.0,0.0
1783935928.1,747,32624,88,11.0,33.0,0.0
1783935928.7,747,32624,88,11.0,33.0,0.0
1783935929.3,747,32624,88,11.0,33.0,0.0
1783935929.9,747,32624,88,11.0,33.0,0.0
1783935930.5,747,32624,88,11.0,33.0,0.0
1783935931.1,747,32624,88,12.0,32.0,0.0
1783935931.7,747,32624,88,12.0,33.0,0.0
1783935932.3,747,32624,83,11.0,33.0,0.0
1783935932.9,747,32624,105,12.0,33.0,0.0
1783935933.5,747,32624,94,16.0,33.0,27.0
1783935934.0,747,32624,94,11.0,33.0,0.0
1783935934.6,747,32624,88,10.0,33.0,0.0
1783935935.2,747,32624,88,12.0,33.0,0.0
1783935935.8,747,32624,88,11.0,33.0,0.0
1783935936.4,747,32624,88,12.0,33.0,0.0
1783935937.0,747,32624,88,10.0,33.0,0.0
1783935937.6,747,32624,101,22.0,33.0,0.0
1783935938.2,747,32624,101,11.0,32.0,0.0
1783935938.8,747,32624,88,11.0,32.0,0.0
1783935939.4,747,32624,88,11.0,32.0,0.0
1783935940.0,747,32624,88,11.0,33.0,0.0
1783935940.6,747,32624,88,11.0,32.0,0.0
1783935941.2,747,32624,88,11.0,33.0,0.0
1783935941.7,747,32624,88,11.0,32.0,0.0
1783935942.3,747,32624,88,11.0,32.0,0.0
1783935942.9,747,32624,88,10.0,32.0,0.0
1783935943.5,747,32624,88,11.0,33.0,0.0
1783935944.1,747,32624,88,11.0,32.0,0.0
1783935944.7,747,32624,88,10.0,33.0,0.0
1783935945.3,747,32624,88,10.0,33.0,0.0
1783935945.9,747,32624,88,11.0,33.0,0.0
1783935946.5,747,32624,88,11.0,33.0,0.0
1783935947.1,747,32624,88,12.0,33.0,0.0
1783935947.7,747,32624,111,22.0,33.0,0.0
1783935948.3,747,32624,111,11.0,33.0,0.0
1783935948.9,747,32624,88,10.0,33.0,0.0
1783935949.5,747,32624,88,15.0,33.0,22.0
1783935950.1,747,32624,88,12.0,33.0,0.0
1783935950.7,747,32624,88,11.0,33.0,0.0
1783935951.3,747,32624,88,11.0,33.0,0.0
1783935951.9,747,32624,88,11.0,32.0,0.0
1783935952.4,747,32624,102,12.0,33.0,0.0
1783935953.0,747,32624,102,10.0,32.0,0.0
1783935953.6,747,32624,88,11.0,32.0,0.0
1783935954.2,747,32624,88,12.0,32.0,0.0
1783935954.8,747,32624,88,11.0,33.0,0.0
1783935955.4,747,32624,88,10.0,32.0,0.0
1783935956.0,747,32624,88,11.0,33.0,0.0
1783935956.6,747,32624,88,11.0,33.0,0.0
1783935957.2,747,32624,88,11.0,33.0,0.0
1783935957.8,747,32624,88,10.0,33.0,0.0
1783935958.4,747,32624,88,11.0,32.0,0.0
1783935959.0,747,32624,88,12.0,33.0,0.0
1783935959.6,747,32624,88,10.0,32.0,0.0
1783935960.2,747,32624,88,11.0,33.0,0.0
1783935960.8,747,32624,88,15.0,33.0,0.0
1783935961.4,747,32624,88,11.0,32.0,0.0
1783935962.0,747,32624,88,11.0,33.0,0.0
1783935962.6,747,32624,105,23.0,33.0,157.0
1783935963.2,747,32624,94,12.0,33.0,0.0
1783935963.8,747,32624,88,10.0,33.0,0.0
1783935964.4,747,32624,88,11.0,32.0,0.0
1783935965.0,747,32624,94,11.0,33.0,0.0
1783935965.6,747,32624,94,11.0,32.0,0.0
1783935966.2,747,32624,94,11.0,32.0,0.0
1783935966.8,747,32624,88,11.0,32.0,0.0
1783935967.4,747,32624,102,22.0,33.0,0.0
1783935968.0,747,32624,102,11.0,32.0,0.0
1783935968.6,747,32624,102,11.0,33.0,0.0
1783935969.2,747,32624,88,11.0,33.0,0.0
1783935969.7,747,32624,88,12.0,33.0,0.0
1783935970.3,747,32624,88,10.0,33.0,0.0
1783935970.9,747,32624,88,10.0,32.0,0.0
1783935971.5,747,32624,88,10.0,33.0,0.0
1783935972.1,747,32624,88,10.0,33.0,0.0
1783935972.7,747,32624,88,12.0,33.0,0.0
1783935973.3,747,32624,85,10.0,33.0,0.0
1783935973.9,747,32624,85,11.0,33.0,0.0
1783935974.5,747,32624,91,11.0,32.0,0.0
1783935975.2,747,32624,91,11.0,32.0,0.0
1783935975.7,747,32624,86,11.0,32.0,0.0
1783935976.3,747,32624,88,17.0,32.0,158.0
1783935976.9,747,32624,88,11.0,32.0,0.0
1783935977.5,747,32624,118,22.0,33.0,0.0
1783935978.1,747,32624,96,11.0,32.0,0.0
1783935978.7,747,32624,96,11.0,33.0,0.0
1783935979.3,747,32624,81,20.0,32.0,152.0
1783935979.9,747,32624,81,11.0,32.0,0.0
1783935980.5,747,32624,81,11.0,33.0,0.0
1783935981.1,747,32624,81,12.0,33.0,0.0
1783935981.7,747,32624,81,11.0,32.0,0.0
1783935982.3,747,32624,95,13.0,33.0,54.0
1783935982.9,747,32624,95,22.0,33.0,0.0
1783935983.5,747,32624,81,12.0,33.0,0.0
1783935984.1,747,32624,81,10.0,33.0,0.0
1783935984.7,747,32624,81,11.0,33.0,0.0
1783935985.3,747,32624,81,11.0,32.0,0.0
1783935985.9,747,32624,81,12.0,32.0,0.0
1783935986.5,747,32624,81,11.0,33.0,0.0
1783935987.1,747,32624,86,11.0,33.0,0.0
1783935987.7,747,32624,86,12.0,32.0,0.0
1783935988.3,747,32624,86,12.0,33.0,0.0
1783935988.9,747,32624,86,10.0,32.0,0.0
1783935989.5,747,32624,86,10.0,33.0,0.0
1783935990.1,747,32624,86,12.0,32.0,0.0
1783935990.7,747,32624,86,10.0,32.0,0.0
1783935991.3,747,32624,86,9.0,32.0,0.0
1783935991.9,747,32624,86,11.0,32.0,0.0
1783935992.4,747,32624,95,22.0,32.0,0.0
1783935993.0,747,32624,97,11.0,33.0,0.0
1783935993.6,747,32624,97,12.0,33.0,0.0
1783935994.2,747,32624,97,9.0,33.0,0.0
1783935994.8,747,32624,88,22.0,33.0,0.0
1783935995.4,747,32624,88,11.0,32.0,0.0
1783935996.0,747,32624,88,10.0,33.0,0.0
1783935996.6,747,32624,88,10.0,32.0,0.0
1783935997.2,747,32624,88,10.0,32.0,0.0
1783935997.8,747,32624,95,12.0,32.0,0.0
1783935998.4,747,32624,95,12.0,32.0,0.0
1783935999.0,747,32624,95,10.0,32.0,0.0
1783935999.6,747,32624,91,11.0,32.0,0.0
1783936000.2,747,32624,91,9.0,32.0,0.0
1783936000.8,747,32624,91,9.0,32.0,0.0
1783936001.4,747,32624,91,10.0,32.0,0.0
1783936002.0,747,32624,108,27.0,33.0,87.0
1783936002.6,747,32624,108,15.0,33.0,35.0
1783936003.2,747,32624,112,11.0,33.0,0.0
1783936003.8,747,32624,108,11.0,33.0,0.0
1783936004.4,747,32624,90,11.0,33.0,0.0
1783936005.0,747,32624,90,13.0,33.0,0.0
1783936005.6,747,32624,94,26.0,32.0,84.0
1783936006.2,747,32624,94,10.0,33.0,0.0
1783936006.8,747,32624,88,10.0,33.0,0.0
1783936007.4,747,32624,88,9.0,33.0,0.0
1783936008.0,747,32624,92,22.0,33.0,0.0
1783936008.7,747,32624,107,17.0,33.0,185.0
1783936009.3,747,32624,120,11.0,33.0,0.0
1783936009.9,747,32624,81,22.0,33.0,0.0
1783936010.5,747,32624,120,22.0,33.0,0.0
1783936011.1,747,32624,111,10.0,33.0,0.0
1783936011.7,747,32624,111,11.0,33.0,0.0
1783936012.3,747,32624,111,11.0,33.0,0.0
1783936012.9,747,32624,111,10.0,33.0,0.0
1783936013.5,747,32624,87,10.0,33.0,0.0
1783936014.1,747,32624,87,11.0,33.0,0.0
1783936014.7,747,32624,96,22.0,33.0,0.0
1783936015.3,747,32624,110,11.0,33.0,0.0
1783936015.9,747,32624,110,10.0,33.0,0.0
1783936016.5,747,32624,100,11.0,33.0,0.0
1783936017.1,747,32624,100,11.0,33.0,0.0
1783936017.7,747,32624,100,12.0,33.0,0.0
1783936018.3,747,32624,100,10.0,33.0,0.0
1783936018.9,747,32624,108,23.0,33.0,0.0
1783936019.5,747,32624,108,11.0,33.0,0.0
1783936020.1,747,32624,86,11.0,33.0,0.0
1783936020.7,747,32624,86,11.0,33.0,0.0
1783936021.3,747,32624,86,11.0,33.0,0.0
1783936021.9,747,32624,86,11.0,33.0,0.0
1783936022.5,747,32624,86,11.0,33.0,0.0
1783936023.1,747,32624,86,11.0,33.0,0.0
1783936023.7,747,32624,91,11.0,33.0,0.0
1783936024.3,747,32624,104,11.0,33.0,0.0
1783936024.8,747,32624,85,28.0,33.0,9.0
1783936025.4,747,32624,98,11.0,33.0,0.0
1783936026.0,747,32624,98,11.0,33.0,0.0
1783936026.6,747,32624,98,10.0,33.0,0.0
1783936027.3,747,32624,87,16.0,33.0,1638.0
1783936027.9,747,32624,93,17.0,33.0,1479.0
1783936028.5,747,32624,87,11.0,33.0,0.0
1783936029.1,747,32624,87,10.0,33.0,0.0
1783936029.7,747,32624,87,15.0,33.0,1477.0
1783936030.3,747,32624,87,14.0,33.0,1552.0
1783936030.9,747,32624,87,11.0,33.0,0.0
1783936031.4,747,32624,82,11.0,33.0,0.0
1783936032.0,747,32624,84,10.0,33.0,0.0
1783936032.6,747,32624,98,10.0,33.0,0.0
1783936033.2,747,32624,98,11.0,33.0,0.0
1783936033.8,747,32624,98,11.0,33.0,0.0
1783936034.4,747,32624,111,21.0,33.0,0.0
1783936035.0,747,32624,104,22.0,33.0,0.0
1783936035.6,747,32624,98,21.0,33.0,0.0
1783936036.2,747,32624,104,11.0,33.0,0.0
1783936036.8,747,32624,88,22.0,33.0,0.0
1783936037.4,747,32624,88,10.0,33.0,0.0
1783936038.0,747,32624,88,12.0,33.0,0.0
1783936038.6,747,32624,86,11.0,33.0,0.0
1783936039.2,747,32624,89,17.0,33.0,27.0
1783936039.8,747,32624,89,11.0,33.0,0.0
1783936040.4,747,32624,89,12.0,33.0,0.0
1783936041.0,747,32624,95,11.0,33.0,0.0
1783936041.6,747,32624,90,11.0,33.0,0.0
1783936042.2,747,32624,90,11.0,33.0,0.0
1783936042.8,747,32624,90,9.0,33.0,0.0
1783936043.4,747,32624,90,10.0,33.0,0.0
1783936044.0,747,32624,131,14.0,33.0,1533.0
1783936044.6,747,32624,116,12.0,33.0,0.0
1783936045.2,747,32624,99,11.0,33.0,0.0
1783936045.8,747,32624,107,27.0,33.0,31.0
1783936046.4,747,32624,102,22.0,33.0,0.0
1783936047.0,747,32624,104,11.0,33.0,0.0
1783936047.6,747,32624,110,11.0,33.0,0.0
1783936048.2,747,32624,110,16.0,33.0,20.0
1783936048.8,747,32624,91,18.0,33.0,1541.0
1783936049.4,747,32624,104,25.0,33.0,634.0
1783936050.0,747,32624,104,12.0,33.0,0.0
1783936050.6,747,32624,108,28.0,33.0,40.0
1783936051.2,747,32624,108,12.0,33.0,0.0
1783936051.8,747,32624,85,10.0,33.0,0.0
1783936052.3,747,32624,85,11.0,33.0,0.0
1783936053.0,747,32624,91,17.0,33.0,1482.0
1783936053.5,747,32624,89,16.0,33.0,1337.0
1783936054.1,747,32624,89,11.0,33.0,0.0
1783936054.7,747,32624,89,11.0,33.0,0.0
1783936055.3,747,32624,103,14.0,33.0,49.0
1783936055.9,747,32624,97,12.0,33.0,0.0
1783936056.5,747,32624,86,11.0,33.0,0.0
1783936057.1,747,32624,124,22.0,33.0,0.0
1783936057.7,747,32624,98,11.0,33.0,0.0
1783936058.3,747,32624,98,11.0,33.0,0.0
1783936058.9,747,32624,98,9.0,33.0,0.0
1783936059.5,747,32624,98,9.0,33.0,0.0
1783936060.1,747,32624,98,9.0,33.0,0.0
1783936060.7,747,32624,98,10.0,33.0,0.0
1783936061.3,747,32624,98,11.0,33.0,0.0
1783936061.8,747,32624,98,11.0,33.0,0.0
1783936062.4,747,32624,98,9.0,33.0,0.0
1783936063.0,747,32624,98,9.0,33.0,0.0
1783936063.6,747,32624,98,10.0,32.0,0.0
1783936064.2,747,32624,98,26.0,33.0,1378.0
1783936064.8,747,32624,102,22.0,33.0,0.0
1783936065.4,747,32624,104,11.0,33.0,0.0
1783936066.0,747,32624,88,11.0,33.0,0.0
1783936066.6,747,32624,88,11.0,33.0,0.0
1783936067.2,747,32624,88,10.0,33.0,0.0
1783936067.8,747,32624,90,16.0,33.0,125.0
1783936068.4,747,32624,90,11.0,33.0,0.0
1783936069.0,747,32624,117,23.0,33.0,0.0
1783936069.6,747,32624,104,12.0,33.0,0.0
1783936070.2,747,32624,111,22.0,33.0,0.0
1783936070.8,747,32624,108,15.0,33.0,49.0
1783936071.4,747,32624,97,25.0,33.0,74.0
1783936072.0,747,32624,97,11.0,33.0,0.0
1783936072.6,747,32624,92,22.0,33.0,0.0
1783936073.2,747,32624,92,11.0,33.0,0.0
1783936073.8,747,32624,92,12.0,33.0,0.0
1783936074.3,747,32624,92,11.0,33.0,0.0
1783936074.9,747,32624,99,28.0,33.0,93.0
1783936075.5,747,32624,100,11.0,33.0,0.0
1783936076.1,747,32624,88,22.0,33.0,0.0
1783936076.7,747,32624,88,22.0,33.0,0.0
1783936077.3,747,32624,101,23.0,33.0,238.0
1783936077.9,747,32624,104,22.0,33.0,0.0
1783936078.5,747,32624,102,11.0,33.0,0.0
1783936079.1,747,32624,93,14.0,33.0,500.0
1783936079.7,747,32624,91,16.0,33.0,264.0
1783936080.3,747,32624,91,11.0,33.0,0.0
1783936080.9,747,32624,99,27.0,33.0,1479.0
1783936081.5,747,32624,101,11.0,33.0,0.0
1783936082.1,747,32624,98,23.0,33.0,0.0
1783936082.7,747,32624,102,23.0,33.0,0.0
1783936083.3,747,32624,102,27.0,33.0,2058.0
1783936083.9,747,32624,96,17.0,33.0,1736.0
1783936084.5,747,32624,94,15.0,33.0,1622.0
1783936085.1,747,32624,93,15.0,33.0,3.0
1783936085.7,747,32624,90,15.0,33.0,41.0
1783936086.3,747,32624,90,10.0,33.0,0.0
1783936086.9,747,32624,100,29.0,33.0,1259.0
1783936087.5,747,32624,104,26.0,33.0,26.0
1783936088.1,747,32624,104,14.0,33.0,648.0
1783936088.7,747,32624,104,12.0,33.0,0.0
1783936089.3,747,32624,89,14.0,33.0,180.0
1783936089.9,747,32624,108,11.0,33.0,0.0
1783936090.4,747,32624,94,11.0,33.0,0.0
1783936091.0,747,32624,86,14.0,33.0,61.0
1783936091.6,747,32624,90,11.0,33.0,0.0
1783936092.2,747,32624,100,10.0,33.0,0.0
1783936092.8,747,32624,98,21.0,33.0,151.0
1783936093.4,752,32624,98,12.0,33.0,234.0
1783936094.0,752,32624,98,10.0,33.0,0.0
1783936094.6,752,32624,88,22.0,33.0,0.0
1783936095.2,752,32624,88,12.0,33.0,0.0
1783936095.8,752,32624,88,11.0,33.0,0.0
1783936096.4,752,32624,88,12.0,33.0,0.0
1783936097.0,752,32624,88,11.0,33.0,0.0
1783936097.6,752,32624,88,11.0,33.0,0.0
1783936098.2,752,32624,84,16.0,33.0,1267.0
1783936098.8,752,32624,97,10.0,33.0,0.0
1783936099.4,752,32624,95,22.0,33.0,0.0
1783936100.0,752,32624,103,11.0,33.0,0.0
1783936100.6,752,32624,98,25.0,33.0,15.0
1783936101.2,752,32624,98,11.0,33.0,0.0
1783936101.8,752,32624,100,11.0,33.0,0.0
1783936102.4,752,32624,97,22.0,33.0,0.0
1783936103.0,752,32624,104,11.0,33.0,0.0
1783936103.6,752,32624,86,23.0,33.0,134.0
1783936104.2,752,32624,95,11.0,33.0,0.0
1783936104.7,752,32624,102,11.0,33.0,0.0
1783936105.3,752,32624,100,11.0,33.0,0.0
1783936105.9,752,32624,98,22.0,33.0,0.0
1783936106.5,752,32624,101,22.0,33.0,0.0
1783936107.1,752,32624,101,11.0,33.0,0.0
1783936107.7,752,32624,101,12.0,33.0,0.0
1783936108.3,752,32624,95,20.0,33.0,49.0
1783936108.9,752,32624,99,22.0,33.0,0.0
1783936109.6,752,32624,104,26.0,33.0,1467.0
1783936110.2,752,32624,107,22.0,33.0,0.0
1783936110.8,752,32624,100,23.0,33.0,0.0
1783936111.4,752,32624,104,11.0,33.0,0.0
1783936112.0,752,32624,100,22.0,33.0,0.0
1783936112.6,752,32624,100,11.0,33.0,0.0
1783936113.2,752,32624,98,11.0,33.0,0.0
1783936113.8,752,32624,103,22.0,33.0,0.0
1783936114.4,752,32624,87,11.0,33.0,0.0
1783936115.0,752,32624,87,14.0,33.0,317.0
1783936115.6,752,32624,86,18.0,33.0,146.0
1783936116.2,752,32624,86,11.0,33.0,0.0
1783936116.8,752,32624,86,12.0,33.0,0.0
1783936117.4,752,32624,88,16.0,33.0,1513.0
1783936118.0,752,32624,88,17.0,33.0,1520.0
1783936118.6,752,32624,91,12.0,33.0,0.0
1783936119.2,752,32624,89,15.0,33.0,178.0
1783936119.8,752,32624,89,17.0,33.0,1081.0
1783936120.4,752,32624,91,10.0,33.0,0.0
1783936121.0,752,32624,91,11.0,33.0,0.0
1783936121.5,752,32624,114,22.0,33.0,0.0
1783936122.1,752,32624,85,21.0,33.0,0.0
1783936122.7,752,32624,98,10.0,33.0,0.0
1783936123.3,752,32624,98,11.0,33.0,0.0
1783936123.9,752,32624,98,9.0,33.0,0.0
1783936124.5,752,32624,98,10.0,33.0,0.0
1783936125.1,752,32624,98,22.0,33.0,0.0
1783936125.7,752,32624,98,11.0,33.0,0.0
1783936126.3,752,32624,98,11.0,33.0,0.0
1783936126.9,752,32624,98,9.0,33.0,0.0
1783936127.5,752,32624,98,12.0,33.0,0.0
1783936128.1,752,32624,98,12.0,33.0,0.0
1783936128.7,752,32624,98,10.0,33.0,0.0
1783936129.3,752,32624,98,10.0,33.0,0.0
1783936129.9,752,32624,98,10.0,33.0,0.0
1783936130.5,752,32624,98,10.0,33.0,0.0
1783936131.1,752,32624,98,23.0,33.0,0.0
1783936131.7,752,32624,98,11.0,33.0,0.0
1783936132.3,752,32624,98,10.0,33.0,0.0
1783936132.9,752,32624,98,9.0,33.0,0.0
1783936133.5,752,32624,98,10.0,33.0,0.0
1783936134.1,752,32624,104,22.0,33.0,0.0
1783936134.7,752,32624,104,11.0,33.0,0.0
1783936135.3,752,32624,104,9.0,33.0,0.0
1783936135.8,752,32624,88,10.0,33.0,0.0
1783936136.4,752,32624,99,10.0,33.0,0.0
1783936137.0,752,32624,99,13.0,33.0,527.0
1783936137.6,752,32624,82,17.0,33.0,1810.0
1783936138.3,754,32624,100,30.0,33.0,151.0
1783936138.9,752,32624,100,22.0,33.0,0.0
1783936139.5,752,32624,100,12.0,33.0,0.0
1783936140.1,752,32624,104,22.0,33.0,0.0
1783936140.7,752,32624,104,11.0,33.0,0.0
1783936141.3,752,32624,104,10.0,33.0,0.0
1783936141.9,752,32624,104,12.0,33.0,0.0
1783936142.5,752,32624,100,11.0,33.0,0.0
1783936143.1,752,32624,100,11.0,33.0,0.0
1783936143.7,752,32624,100,11.0,33.0,0.0
1783936144.3,752,32624,100,13.0,33.0,358.0
1783936144.9,752,32624,102,22.0,34.0,0.0
1783936145.4,754,32624,100,22.0,33.0,0.0
1783936146.1,754,32624,100,23.0,33.0,0.0
1783936146.6,754,32624,100,10.0,33.0,0.0
1783936147.2,752,32624,98,12.0,33.0,0.0
1783936147.8,752,32624,98,10.0,33.0,0.0
1783936148.4,752,32624,98,11.0,33.0,0.0
1783936149.0,752,32624,98,10.0,33.0,0.0
1783936149.6,752,32624,98,11.0,33.0,0.0
1783936150.2,752,32624,98,11.0,33.0,0.0
1783936150.8,752,32624,98,12.0,33.0,0.0
1783936151.4,752,32624,97,11.0,33.0,0.0
1783936152.0,752,32624,100,22.0,33.0,0.0
1783936152.6,757,32624,106,26.0,33.0,1827.0
1783936153.2,756,32624,108,25.0,33.0,500.0
1783936153.8,758,32624,104,12.0,33.0,0.0
1783936154.5,758,32624,102,12.0,33.0,0.0
1783936155.1,758,32624,125,16.0,33.0,792.0
1783936155.8,758,32624,110,11.0,33.0,0.0
1783936156.7,758,32624,87,15.0,33.0,629.0
1783936157.5,758,32624,103,15.0,33.0,41.0
1783936158.1,758,32624,109,26.0,33.0,69.0
1783936158.8,758,32624,100,24.0,33.0,0.0
1783936159.5,758,32624,85,15.0,33.0,6.0
1783936160.3,758,32624,89,10.0,33.0,0.0
1783936160.9,758,32624,113,15.0,33.0,20.0
1783936161.6,758,32624,117,13.0,33.0,251.0
1783936162.2,758,32624,104,22.0,33.0,0.0
1783936163.1,758,32624,117,11.0,33.0,97.0
1783936163.8,758,32624,91,11.0,33.0,0.0
1783936164.5,758,32624,93,10.0,33.0,0.0
1783936165.2,758,32624,85,15.0,33.0,147.0
1783936166.0,758,32624,93,14.0,33.0,57.0
1783936166.7,758,32624,85,10.0,33.0,0.0
1783936167.4,758,32624,83,11.0,33.0,0.0
1783936168.2,758,32624,89,11.0,33.0,0.0
1783936169.0,758,32624,83,18.0,33.0,23.0
1783936169.7,758,32624,85,15.0,33.0,675.0
1783936170.4,758,32624,89,14.0,33.0,591.0
1783936171.1,758,32624,89,10.0,33.0,0.0
1783936171.9,758,32624,88,11.0,33.0,0.0
1783936172.6,758,32624,82,14.0,33.0,23.0
1783936173.3,758,32624,86,15.0,33.0,16.0
1783936174.1,758,32624,88,11.0,33.0,0.0
1783936174.8,758,32624,84,11.0,33.0,0.0
1783936175.4,758,32624,106,12.0,33.0,1.0
1783936176.1,755,32624,98,26.0,33.0,26.0
1783936176.8,755,32624,89,10.0,33.0,0.0
1783936177.5,755,32624,82,15.0,33.0,58.0
1783936178.2,755,32624,82,14.0,33.0,38.0
1783936178.9,755,32624,82,14.0,33.0,160.0
1783936179.6,755,32624,81,26.0,33.0,63.0
1783936180.4,755,32624,95,25.0,33.0,83.0
1783936181.0,755,32624,106,23.0,34.0,0.0
1783936181.8,755,32624,103,10.0,34.0,0.0
1783936182.5,755,32624,81,12.0,33.0,0.0
1783936183.3,755,32624,108,11.0,33.0,0.0
1783936184.0,755,32624,81,11.0,33.0,0.0
1783936184.7,755,32624,95,11.0,33.0,0.0
1783936185.3,755,32624,99,22.0,34.0,0.0
1783936185.9,755,32624,98,24.0,33.0,144.0
1783936186.6,755,32624,93,26.0,33.0,67.0
1783936187.3,755,32624,93,12.0,33.0,0.0
1783936187.9,755,32624,79,15.0,33.0,0.0
1783936188.6,755,32624,93,27.0,33.0,1290.0
1783936189.3,755,32624,93,15.0,33.0,39.0
1783936189.9,755,32624,94,23.0,33.0,0.0
1783936190.5,755,32624,94,16.0,34.0,0.0
1783936191.1,755,32624,84,11.0,33.0,0.0
1783936191.7,755,32624,84,10.0,33.0,0.0
1783936192.3,755,32624,84,12.0,33.0,0.0
1783936192.9,755,32624,74,11.0,33.0,0.0
1783936193.5,755,32624,74,11.0,33.0,0.0
1783936194.1,660,32624,60,22.0,34.0,0.0
1783936194.7,660,32624,60,11.0,33.0,0.0
1783936195.3,660,32624,60,10.0,33.0,0.0
1783936195.9,660,32624,61,11.0,33.0,0.0
1783936196.5,660,32624,61,14.0,33.0,500.0
1783936197.1,660,32624,61,14.0,33.0,41.0
1783936197.7,660,32624,54,11.0,33.0,0.0
1783936198.2,660,32624,60,11.0,33.0,0.0
1783936198.8,660,32624,57,11.0,33.0,0.0
1783936199.4,660,32624,57,11.0,33.0,0.0
1783936200.0,660,32624,57,20.0,33.0,145.0
1783936200.6,660,32624,57,21.0,33.0,174.0
1783936201.2,660,32624,57,12.0,33.0,0.0
1783936201.8,660,32624,57,10.0,33.0,0.0
1783936202.4,633,32624,57,10.0,34.0,0.0
1783936203.0,633,32624,57,11.0,33.0,0.0
1783936203.6,633,32624,57,10.0,33.0,0.0
1783936204.1,633,32624,57,10.0,33.0,0.0
1783936204.7,633,32624,57,11.0,33.0,0.0
1783936205.3,633,32624,57,12.0,33.0,0.0
1783936205.9,633,32624,57,11.0,33.0,0.0
1783936206.5,633,32624,57,12.0,33.0,0.0
1783936207.1,633,32624,57,12.0,33.0,0.0
1783936207.7,633,32624,57,10.0,33.0,0.0
1783936208.3,633,32624,57,11.0,33.0,0.0
1783936208.9,633,32624,57,11.0,33.0,0.0
1783936209.5,633,32624,57,10.0,33.0,0.0
1783936210.1,633,32624,57,11.0,33.0,0.0
1783936210.6,633,32624,57,11.0,33.0,0.0
1783936211.2,633,32624,63,11.0,33.0,0.0
1783936211.8,633,32624,60,11.0,33.0,0.0
1783936212.4,656,32624,86,17.0,33.0,1566.0
