unix_ts,vram_used_mib,vram_total_mib,gtt_used_mib,power_w,temp_c,sclk_mhz
1783931077.6,20303,32624,585,38.0,64.0,643.0
1783931078.2,20312,32624,591,176.0,64.0,1718.0
1783931078.8,20312,32624,591,189.0,65.0,2269.0
1783931079.4,20312,32624,591,316.0,66.0,2833.0
1783931079.9,20312,32624,591,304.0,67.0,2723.0
1783931080.5,20312,32624,591,331.0,67.0,2870.0
1783931081.1,20312,32624,591,303.0,67.0,2793.0
1783931081.7,20312,32624,591,220.0,67.0,2862.0
1783931082.3,20312,32624,591,316.0,67.0,2825.0
1783931082.9,20312,32624,591,323.0,68.0,2766.0
1783931083.5,20312,32624,591,321.0,68.0,2882.0
1783931084.1,20312,32624,591,306.0,68.0,2801.0
1783931084.7,20312,32624,591,170.0,68.0,2703.0
1783931085.3,20312,32624,591,329.0,68.0,2885.0
1783931085.9,20312,32624,591,301.0,68.0,2774.0
1783931086.5,20312,32624,591,221.0,68.0,2990.0
1783931087.0,20312,32624,591,303.0,68.0,2764.0
1783931087.6,20312,32624,586,305.0,69.0,2743.0
1783931088.2,20312,32624,586,316.0,69.0,2981.0
1783931088.8,20312,32624,586,306.0,69.0,2763.0
1783931089.4,20312,32624,586,338.0,69.0,2687.0
1783931090.0,20312,32624,586,329.0,69.0,2904.0
1783931090.6,20312,32624,586,319.0,69.0,2802.0
1783931091.2,20312,32624,586,196.0,69.0,2803.0
1783931091.8,20312,32624,598,326.0,69.0,2916.0
1783931092.4,20312,32624,598,319.0,69.0,2801.0
1783931093.0,20312,32624,598,231.0,69.0,2622.0
1783931093.6,20312,32624,598,318.0,69.0,2861.0
1783931094.2,20312,32624,598,311.0,70.0,2800.0
1783931094.8,20312,32624,598,328.0,70.0,2754.0
1783931095.4,20312,32624,598,338.0,70.0,2880.0
1783931096.0,20312,32624,598,317.0,70.0,2834.0
1783931096.5,20312,32624,598,238.0,70.0,2776.0
1783931097.1,20312,32624,598,321.0,70.0,2867.0
1783931097.7,20312,32624,598,314.0,70.0,2813.0
1783931098.3,20312,32624,598,285.0,70.0,2693.0
1783931098.9,20312,32624,598,346.0,70.0,2881.0
1783931099.5,20312,32624,598,313.0,70.0,2779.0
1783931100.1,20312,32624,598,293.0,70.0,2722.0
1783931100.7,20313,32624,591,154.0,69.0,2931.0
1783931101.3,20313,32624,591,322.0,70.0,2815.0
1783931101.9,20313,32624,591,295.0,70.0,2722.0
1783931102.5,20313,32624,587,326.0,70.0,2826.0
1783931103.1,20313,32624,587,310.0,70.0,2801.0
1783931103.7,20313,32624,587,292.0,70.0,2733.0
1783931104.3,20313,32624,587,359.0,70.0,2915.0
1783931104.8,20313,32624,587,310.0,70.0,2749.0
1783931105.4,20313,32624,587,299.0,70.0,2684.0
1783931106.0,20313,32624,587,301.0,70.0,2770.0
1783931106.6,20313,32624,599,316.0,70.0,2771.0
1783931107.2,20313,32624,599,195.0,70.0,2771.0
1783931107.8,20313,32624,599,325.0,71.0,2833.0
1783931108.4,20313,32624,599,307.0,71.0,2771.0
1783931109.0,20313,32624,599,199.0,71.0,2737.0
1783931109.6,20313,32624,599,328.0,71.0,2873.0
1783931110.2,20313,32624,599,302.0,71.0,2748.0
1783931110.8,20313,32624,599,311.0,71.0,2608.0
1783931111.3,20313,32624,599,337.0,71.0,2843.0
1783931111.9,20313,32624,599,317.0,71.0,2785.0
1783931112.5,20313,32624,599,280.0,71.0,2734.0
1783931113.1,20313,32624,599,251.0,71.0,2835.0
1783931113.7,20313,32624,599,327.0,71.0,2871.0
1783931114.3,20313,32624,599,324.0,71.0,2839.0
1783931114.9,20313,32624,599,315.0,71.0,2741.0
1783931115.5,20313,32624,599,271.0,71.0,2842.0
1783931116.1,20313,32624,599,307.0,71.0,2769.0
1783931116.7,20313,32624,599,315.0,71.0,2769.0
1783931117.3,20313,32624,599,262.0,71.0,2657.0
1783931117.9,20313,32624,587,343.0,71.0,2879.0
1783931118.5,20313,32624,587,309.0,71.0,2775.0
1783931119.0,20313,32624,587,294.0,71.0,2721.0
1783931119.6,20313,32624,587,326.0,71.0,2702.0
1783931120.2,20313,32624,587,283.0,71.0,2927.0
1783931120.8,20313,32624,587,311.0,71.0,2810.0
1783931121.4,20313,32624,599,311.0,71.0,2801.0
1783931122.0,20313,32624,599,277.0,71.0,2675.0
1783931122.6,20313,32624,599,272.0,71.0,2903.0
1783931123.2,20313,32624,599,313.0,72.0,2838.0
1783931123.8,20313,32624,599,321.0,71.0,2792.0
1783931124.4,20313,32624,599,335.0,71.0,2733.0
1783931125.0,20313,32624,599,290.0,71.0,2909.0
1783931125.6,20313,32624,591,44.0,71.0,0.0
1783931126.2,20313,32624,592,316.0,70.0,2807.0
1783931126.7,20313,32624,592,308.0,71.0,2763.0
1783931127.3,20313,32624,592,273.0,71.0,2866.0
1783931127.9,20313,32624,592,319.0,71.0,2800.0
1783931128.5,20313,32624,592,312.0,71.0,2808.0
1783931129.1,20313,32624,592,288.0,71.0,2905.0
1783931129.7,20313,32624,592,315.0,72.0,2796.0
1783931130.3,20313,32624,592,303.0,71.0,2733.0
1783931130.9,20313,32624,592,305.0,72.0,2881.0
1783931131.5,20313,32624,592,310.0,72.0,2770.0
1783931132.1,20313,32624,592,342.0,72.0,2680.0
1783931132.7,20313,32624,587,325.0,72.0,2920.0
1783931133.3,20313,32624,587,311.0,72.0,2756.0
1783931133.8,20313,32624,587,308.0,72.0,2736.0
1783931134.4,20313,32624,587,328.0,72.0,2875.0
1783931135.0,20313,32624,587,302.0,72.0,2733.0
1783931135.6,20313,32624,587,263.0,72.0,2868.0
1783931136.2,20313,32624,587,323.0,72.0,2835.0
1783931136.8,20313,32624,599,307.0,72.0,2756.0
1783931137.4,20313,32624,599,199.0,72.0,2744.0
1783931138.0,20313,32624,599,322.0,72.0,2820.0
1783931138.6,20313,32624,599,311.0,72.0,2767.0
1783931139.2,20313,32624,599,343.0,72.0,2663.0
1783931139.8,20313,32624,599,335.0,72.0,2829.0
1783931140.3,20313,32624,599,313.0,72.0,2794.0
1783931140.9,20313,32624,599,331.0,72.0,2725.0
1783931141.5,20313,32624,599,293.0,72.0,2879.0
1783931142.1,20313,32624,592,44.0,71.0,0.0
1783931142.7,20313,32624,592,365.0,71.0,2910.0
1783931143.3,20313,32624,592,301.0,72.0,2743.0
1783931143.9,20313,32624,592,280.0,72.0,2873.0
1783931144.5,20313,32624,592,310.0,72.0,2812.0
1783931145.1,20313,32624,592,324.0,72.0,2715.0
1783931145.7,20313,32624,592,342.0,72.0,2898.0
1783931146.3,20313,32624,592,312.0,72.0,2768.0
1783931146.9,20313,32624,592,149.0,72.0,2689.0
1783931147.5,20313,32624,587,312.0,72.0,2807.0
1783931148.0,20313,32624,587,259.0,72.0,2708.0
1783931148.6,20313,32624,587,350.0,72.0,2929.0
1783931149.2,20313,32624,587,314.0,72.0,2756.0
1783931149.8,20313,32624,587,309.0,72.0,2733.0
1783931150.4,20313,32624,587,320.0,72.0,2853.0
1783931151.0,20313,32624,587,313.0,72.0,2778.0
1783931151.6,20313,32624,599,354.0,72.0,2744.0
1783931152.2,20313,32624,599,354.0,72.0,2909.0
1783931152.8,20313,32624,599,321.0,72.0,2795.0
1783931153.4,20313,32624,599,326.0,72.0,2723.0
1783931154.0,20313,32624,599,272.0,72.0,2886.0
1783931154.5,20313,32624,599,313.0,72.0,2753.0
1783931155.1,20313,32624,599,344.0,72.0,2637.0
1783931155.7,20313,32624,599,334.0,72.0,2825.0
1783931156.3,20313,32624,599,323.0,72.0,2788.0
1783931156.9,20313,32624,599,288.0,72.0,2739.0
1783931157.5,20313,32624,599,270.0,72.0,2849.0
1783931158.1,20313,32624,599,317.0,72.0,2813.0
1783931158.7,20313,32624,599,309.0,72.0,2744.0
1783931159.3,20313,32624,599,261.0,72.0,2821.0
1783931159.9,20313,32624,599,334.0,72.0,2880.0
1783931160.5,20313,32624,599,308.0,72.0,2745.0
1783931161.0,20313,32624,599,331.0,72.0,2737.0
1783931161.6,20313,32624,599,251.0,72.0,2844.0
1783931162.2,20313,32624,599,302.0,72.0,2734.0
1783931162.8,20313,32624,587,308.0,72.0,2755.0
1783931163.4,20313,32624,587,291.0,72.0,2701.0
1783931164.0,20313,32624,592,72.0,71.0,1378.0
1783931164.6,20313,32624,592,291.0,71.0,2743.0
1783931165.2,20313,32624,592,305.0,72.0,2944.0
1783931165.8,20313,32624,592,324.0,72.0,2777.0
1783931166.4,20313,32624,599,250.0,72.0,3020.0
1783931167.0,20313,32624,599,342.0,72.0,2912.0
1783931167.6,20313,32624,599,319.0,72.0,2742.0
1783931168.2,20313,32624,599,256.0,72.0,2837.0
1783931168.7,20313,32624,599,313.0,72.0,2752.0
1783931169.3,20313,32624,599,313.0,72.0,2742.0
1783931169.9,20313,32624,599,300.0,72.0,2917.0
1783931170.5,20313,32624,599,311.0,72.0,2764.0
1783931171.1,20313,32624,599,303.0,72.0,2737.0
1783931171.7,20313,32624,599,294.0,72.0,2857.0
1783931172.3,20313,32624,599,299.0,72.0,2762.0
1783931172.9,20313,32624,599,299.0,72.0,2731.0
1783931173.5,20313,32624,599,285.0,72.0,2916.0
1783931174.1,20313,32624,599,313.0,72.0,2797.0
1783931174.6,20313,32624,599,301.0,72.0,2701.0
1783931175.2,20313,32624,599,303.0,72.0,2907.0
1783931175.8,20313,32624,599,324.0,72.0,2807.0
1783931176.4,20313,32624,599,335.0,72.0,2713.0
1783931177.0,20313,32624,599,251.0,72.0,2956.0
1783931177.6,20313,32624,587,308.0,72.0,2786.0
1783931178.2,20313,32624,587,306.0,72.0,2733.0
1783931178.8,20313,32624,587,273.0,72.0,2783.0
1783931179.4,20313,32624,587,323.0,72.0,2862.0
1783931180.0,20313,32624,587,294.0,72.0,2689.0
1783931180.6,20313,32624,587,190.0,72.0,2666.0
1783931181.2,20313,32624,587,322.0,72.0,2927.0
1783931181.7,20313,32624,599,334.0,72.0,2843.0
1783931182.3,20313,32624,599,305.0,72.0,2739.0
1783931182.9,20313,32624,599,208.0,72.0,2767.0
1783931183.5,20313,32624,599,316.0,72.0,2812.0
1783931184.1,20313,32624,599,306.0,72.0,2714.0
1783931184.7,20313,32624,599,309.0,72.0,2713.0
1783931185.3,20313,32624,599,264.0,72.0,2850.0
1783931185.9,20313,32624,599,317.0,72.0,2832.0
1783931186.5,20313,32624,599,302.0,72.0,2718.0
1783931187.1,20313,32624,592,74.0,71.0,2953.0
1783931187.7,20313,32624,592,325.0,71.0,2835.0
1783931188.2,20313,32624,592,336.0,72.0,2713.0
1783931188.8,20313,32624,592,337.0,72.0,2934.0
1783931189.4,20313,32624,592,312.0,72.0,2778.0
1783931190.0,20313,32624,592,248.0,72.0,2663.0
1783931190.6,20313,32624,592,357.0,72.0,2926.0
1783931191.2,20313,32624,592,318.0,72.0,2780.0
1783931191.8,20313,32624,592,275.0,72.0,2969.0
1783931192.4,20313,32624,592,310.0,72.0,2759.0
1783931193.0,20313,32624,587,195.0,72.0,2744.0
1783931193.6,20313,32624,587,328.0,72.0,2858.0
1783931194.2,20313,32624,587,311.0,72.0,2752.0
1783931194.8,20313,32624,587,242.0,72.0,2642.0
1783931195.4,20313,32624,587,333.0,72.0,2846.0
1783931195.9,20313,32624,587,309.0,72.0,2751.0
1783931196.5,20313,32624,599,266.0,72.0,2678.0
1783931197.1,20313,32624,599,324.0,72.0,2906.0
1783931197.7,20313,32624,599,313.0,72.0,2771.0
1783931198.3,20313,32624,599,318.0,72.0,2725.0
1783931198.9,20313,32624,599,293.0,72.0,2863.0
1783931199.5,20313,32624,599,316.0,72.0,2800.0
1783931200.1,20313,32624,599,356.0,72.0,2699.0
1783931200.7,20313,32624,599,292.0,72.0,2914.0
1783931201.3,20313,32624,599,317.0,72.0,2819.0
1783931201.8,20313,32624,599,315.0,72.0,2755.0
1783931202.4,20313,32624,599,257.0,72.0,2769.0
1783931203.0,20313,32624,599,325.0,72.0,2812.0
1783931203.6,20313,32624,599,295.0,72.0,2738.0
1783931204.2,20313,32624,599,309.0,72.0,2720.0
1783931204.8,20313,32624,599,270.0,72.0,2750.0
1783931205.4,20313,32624,599,319.0,72.0,2820.0
1783931206.0,20313,32624,592,44.0,72.0,0.0
1783931206.6,20313,32624,592,314.0,71.0,2844.0
1783931207.2,20313,32624,592,288.0,72.0,2724.0
1783931207.8,20313,32624,587,263.0,72.0,2974.0
1783931208.4,20313,32624,587,301.0,72.0,2764.0
1783931208.9,20313,32624,587,327.0,72.0,2746.0
1783931209.5,20313,32624,587,343.0,72.0,2943.0
1783931210.1,20313,32624,587,314.0,72.0,2772.0
1783931210.7,20313,32624,587,244.0,72.0,2843.0
1783931211.3,20313,32624,587,334.0,72.0,2855.0
1783931211.9,20313,32624,599,302.0,72.0,2692.0
1783931212.5,20313,32624,599,320.0,72.0,2726.0
1783931213.1,20313,32624,599,331.0,72.0,2819.0
1783931213.7,20313,32624,599,295.0,72.0,2708.0
1783931214.3,20313,32624,599,217.0,72.0,2746.0
1783931214.9,20313,32624,599,333.0,72.0,2873.0
1783931215.5,20313,32624,599,315.0,72.0,2764.0
1783931216.1,20313,32624,599,340.0,72.0,2746.0
1783931216.6,20313,32624,599,278.0,72.0,2855.0
1783931217.2,20313,32624,599,320.0,72.0,2766.0
1783931217.8,20313,32624,599,308.0,72.0,2742.0
1783931218.4,20313,32624,599,283.0,72.0,2833.0
1783931219.0,20313,32624,599,319.0,72.0,2769.0
1783931219.6,20313,32624,599,332.0,72.0,2703.0
1783931220.2,20313,32624,599,322.0,72.0,2830.0
1783931220.8,20313,32624,599,305.0,72.0,2746.0
1783931221.4,20313,32624,599,236.0,72.0,2776.0
1783931222.0,20313,32624,599,318.0,72.0,2781.0
1783931222.6,20313,32624,587,306.0,72.0,2728.0
1783931223.1,20313,32624,593,82.0,71.0,2564.0
1783931223.7,20313,32624,593,300.0,72.0,2750.0
1783931224.3,20313,32624,593,330.0,72.0,2847.0
1783931224.9,20313,32624,593,301.0,72.0,2709.0
1783931225.5,20313,32624,593,249.0,72.0,2598.0
1783931226.1,20313,32624,593,333.0,72.0,2826.0
1783931226.7,20313,32624,599,306.0,72.0,2745.0
1783931227.3,20313,32624,599,279.0,72.0,2861.0
1783931227.9,20313,32624,599,305.0,72.0,2736.0
1783931228.5,20313,32624,599,248.0,72.0,2729.0
1783931229.1,20313,32624,599,321.0,72.0,2778.0
1783931229.6,20313,32624,599,282.0,72.0,2718.0
1783931230.2,20313,32624,599,230.0,72.0,2655.0
1783931230.8,20313,32624,599,350.0,72.0,2886.0
1783931231.4,20313,32624,599,314.0,72.0,2741.0
1783931232.0,20313,32624,599,316.0,72.0,2716.0
1783931232.6,20313,32624,599,314.0,72.0,2842.0
1783931233.2,20313,32624,599,308.0,72.0,2736.0
1783931233.8,20313,32624,599,335.0,72.0,2719.0
1783931234.4,20313,32624,599,309.0,72.0,2866.0
1783931235.0,20313,32624,599,310.0,72.0,2739.0
1783931235.6,20313,32624,599,294.0,72.0,2704.0
1783931236.1,20313,32624,599,323.0,72.0,2936.0
1783931236.7,20313,32624,599,309.0,72.0,2743.0
1783931237.3,20313,32624,599,311.0,72.0,2757.0
1783931237.9,20313,32624,587,184.0,72.0,2800.0
1783931238.5,20313,32624,587,341.0,72.0,2851.0
1783931239.1,20313,32624,587,320.0,72.0,2815.0
1783931239.7,20313,32624,587,290.0,72.0,2705.0
1783931240.3,20316,32624,592,238.0,71.0,2706.0
1783931240.9,20318,32624,592,310.0,72.0,2738.0
1783931241.5,20318,32624,599,305.0,72.0,2723.0
1783931242.1,20318,32624,599,292.0,72.0,2875.0
1783931242.6,20318,32624,599,320.0,72.0,2800.0
1783931243.2,20318,32624,599,332.0,72.0,2750.0
1783931243.8,20318,32624,599,293.0,72.0,2886.0
1783931244.4,20318,32624,599,313.0,72.0,2762.0
1783931245.0,20318,32624,599,319.0,72.0,2725.0
1783931245.6,20318,32624,599,326.0,72.0,2889.0
1783931246.2,20318,32624,599,301.0,72.0,2767.0
1783931246.8,20318,32624,599,234.0,72.0,2716.0
1783931247.4,20318,32624,599,330.0,72.0,2890.0
1783931248.0,20318,32624,599,309.0,72.0,2718.0
1783931248.5,20318,32624,599,277.0,72.0,2817.0
1783931249.1,20318,32624,599,311.0,72.0,2785.0
1783931249.7,20318,32624,599,285.0,72.0,2697.0
1783931250.3,20318,32624,599,274.0,72.0,2841.0
1783931250.9,20318,32624,599,330.0,72.0,2828.0
1783931251.5,20318,32624,599,301.0,72.0,2711.0
1783931252.1,20318,32624,599,237.0,72.0,2697.0
1783931252.7,20318,32624,587,322.0,72.0,2801.0
1783931253.3,20318,32624,587,247.0,72.0,2657.0
1783931253.9,20318,32624,587,294.0,72.0,2915.0
1783931254.5,20318,32624,587,293.0,72.0,2759.0
1783931255.1,20318,32624,587,300.0,72.0,2731.0
1783931255.7,20318,32624,587,269.0,72.0,2763.0
1783931256.2,20318,32624,587,319.0,72.0,2760.0
1783931256.8,20318,32624,605,45.0,72.0,0.0
1783931257.4,20318,32624,605,306.0,71.0,2719.0
1783931258.0,20318,32624,605,286.0,72.0,2722.0
1783931258.6,20318,32624,605,292.0,72.0,2946.0
1783931259.2,20318,32624,605,301.0,72.0,2751.0
1783931259.8,20318,32624,605,296.0,72.0,2718.0
1783931260.4,20318,32624,605,317.0,72.0,2832.0
1783931261.0,20318,32624,605,311.0,72.0,2784.0
1783931261.6,20318,32624,605,309.0,72.0,2671.0
1783931262.2,20318,32624,605,330.0,72.0,2863.0
1783931262.7,20318,32624,605,293.0,72.0,2781.0
1783931263.3,20318,32624,605,264.0,72.0,2744.0
1783931263.9,20318,32624,605,321.0,72.0,2792.0
1783931264.5,20318,32624,605,312.0,72.0,2719.0
1783931265.1,20318,32624,605,232.0,72.0,2790.0
1783931265.7,20318,32624,605,337.0,72.0,2902.0
1783931266.3,20318,32624,605,307.0,72.0,2750.0
1783931266.9,20318,32624,605,272.0,72.0,2889.0
1783931267.5,20318,32624,605,354.0,72.0,2985.0
1783931268.1,20318,32624,587,312.0,72.0,2708.0
1783931268.7,20318,32624,587,260.0,72.0,2885.0
1783931269.2,20318,32624,587,318.0,72.0,2789.0
1783931269.8,20318,32624,587,314.0,72.0,2723.0
1783931270.4,20318,32624,587,262.0,72.0,2802.0
1783931271.0,20318,32624,587,317.0,73.0,2816.0
1783931271.6,20318,32624,601,302.0,73.0,2720.0
1783931272.2,20318,32624,601,306.0,72.0,2708.0
1783931272.8,20318,32624,594,44.0,72.0,0.0
1783931273.4,20318,32624,594,337.0,71.0,2743.0
1783931274.0,20318,32624,594,319.0,72.0,2870.0
1783931274.6,20318,32624,594,306.0,72.0,2792.0
1783931275.2,20318,32624,594,295.0,73.0,2715.0
1783931275.7,20318,32624,594,311.0,72.0,2962.0
1783931276.3,20318,32624,594,307.0,73.0,2760.0
1783931276.9,20318,32624,594,251.0,72.0,2787.0
1783931277.5,20318,32624,594,325.0,73.0,2796.0
1783931278.1,20318,32624,594,334.0,73.0,2757.0
1783931278.7,20318,32624,594,312.0,73.0,2842.0
1783931279.3,20318,32624,594,309.0,73.0,2772.0
1783931279.9,20318,32624,594,288.0,73.0,2666.0
1783931280.5,20318,32624,594,327.0,73.0,2828.0
1783931281.1,20318,32624,594,295.0,72.0,2722.0
1783931281.7,20318,32624,594,245.0,73.0,2779.0
1783931282.2,20318,32624,594,322.0,73.0,2793.0
1783931282.8,20318,32624,589,304.0,72.0,2708.0
1783931283.4,20318,32624,589,219.0,73.0,2773.0
1783931284.0,20318,32624,589,318.0,73.0,2825.0
1783931284.6,20318,32624,589,302.0,73.0,2730.0
1783931285.2,20318,32624,589,195.0,73.0,2675.0
1783931285.8,20318,32624,589,331.0,73.0,2896.0
1783931286.4,20318,32624,601,293.0,73.0,2742.0
1783931287.0,20318,32624,601,275.0,73.0,2674.0
1783931287.6,20318,32624,601,326.0,73.0,2824.0
1783931288.2,20318,32624,601,313.0,73.0,2733.0
1783931288.8,20318,32624,601,306.0,73.0,2736.0
1783931289.3,20318,32624,594,46.0,73.0,0.0
1783931289.9,20318,32624,594,166.0,71.0,2731.0
1783931290.5,20318,32624,594,306.0,72.0,2802.0
1783931291.1,20318,32624,594,306.0,72.0,2729.0
1783931291.7,20318,32624,594,250.0,72.0,2827.0
1783931292.3,20318,32624,594,319.0,72.0,2841.0
1783931292.9,20318,32624,594,315.0,72.0,2737.0
1783931293.5,20318,32624,594,328.0,72.0,2801.0
1783931294.1,20318,32624,594,301.0,72.0,2766.0
1783931294.7,20318,32624,594,209.0,72.0,2690.0
1783931295.3,20318,32624,594,321.0,72.0,2834.0
1783931295.8,20318,32624,594,330.0,72.0,2717.0
1783931296.4,20318,32624,594,337.0,72.0,2845.0
1783931297.0,20318,32624,594,284.0,72.0,2699.0
1783931297.6,20318,32624,589,295.0,73.0,2923.0
1783931298.2,20318,32624,595,314.0,72.0,2755.0
1783931298.8,20318,32624,595,180.0,72.0,2658.0
1783931299.4,20318,32624,595,333.0,72.0,2862.0
1783931300.0,20318,32624,595,318.0,72.0,2735.0
1783931300.6,20318,32624,595,275.0,72.0,2858.0
1783931301.2,20318,32624,595,323.0,72.0,2839.0
1783931301.8,20318,32624,601,295.0,73.0,2711.0
1783931302.3,20318,32624,601,325.0,73.0,2944.0
1783931302.9,20318,32624,601,308.0,73.0,2777.0
1783931303.5,20318,32624,601,322.0,73.0,2728.0
1783931304.1,20318,32624,601,295.0,73.0,2743.0
1783931304.7,20318,32624,601,323.0,73.0,2800.0
1783931305.3,20318,32624,601,306.0,73.0,2673.0
1783931305.9,20318,32624,601,346.0,73.0,2849.0
1783931306.5,20318,32624,601,288.0,73.0,2705.0
1783931307.1,20318,32624,601,135.0,73.0,2668.0
1783931307.7,20318,32624,601,331.0,73.0,2898.0
1783931308.3,20318,32624,601,312.0,73.0,2755.0
1783931308.9,20318,32624,601,245.0,73.0,2594.0
1783931309.4,20318,32624,601,338.0,73.0,2916.0
1783931310.0,20318,32624,601,306.0,73.0,2765.0
1783931310.6,20318,32624,601,295.0,73.0,2712.0
1783931311.2,20318,32624,601,348.0,73.0,2927.0
1783931311.8,20318,32624,601,319.0,73.0,2740.0
1783931312.4,20318,32624,601,294.0,73.0,2598.0
1783931313.0,20318,32624,589,264.0,73.0,2911.0
1783931313.6,20318,32624,589,321.0,73.0,2772.0
1783931314.2,20318,32624,589,296.0,73.0,2703.0
1783931314.8,20318,32624,589,310.0,73.0,2923.0
1783931315.4,20318,32624,589,325.0,73.0,2788.0
1783931315.9,20318,32624,589,379.0,73.0,2747.0
1783931316.5,20318,32624,601,291.0,73.0,2935.0
1783931317.1,20318,32624,601,325.0,73.0,2844.0
1783931317.7,20318,32624,601,303.0,72.0,2778.0
1783931318.3,20318,32624,601,216.0,73.0,2753.0
1783931318.9,20318,32624,601,326.0,73.0,2849.0
1783931319.5,20318,32624,601,303.0,73.0,2749.0
1783931320.1,20318,32624,601,294.0,73.0,2666.0
1783931320.7,20318,32624,601,317.0,73.0,2939.0
1783931321.3,20318,32624,601,314.0,73.0,2821.0
1783931321.9,20318,32624,601,309.0,73.0,2737.0
1783931322.5,20318,32624,601,221.0,73.0,2707.0
1783931323.1,20318,32624,601,317.0,73.0,2776.0
1783931323.6,20318,32624,601,295.0,73.0,2706.0
1783931324.2,20318,32624,601,347.0,73.0,2711.0
1783931324.8,20318,32624,594,46.0,73.0,0.0
1783931325.4,20318,32624,594,301.0,71.0,2738.0
1783931326.0,20318,32624,594,294.0,72.0,2722.0
1783931326.6,20318,32624,594,270.0,72.0,2825.0
1783931327.2,20318,32624,594,310.0,72.0,2755.0
1783931327.8,20318,32624,590,296.0,72.0,2759.0
1783931328.4,20318,32624,590,341.0,72.0,2928.0
1783931329.0,20318,32624,590,310.0,72.0,2774.0
1783931329.6,20318,32624,590,241.0,72.0,2832.0
1783931330.2,20318,32624,590,306.0,72.0,2787.0
1783931330.7,20318,32624,590,296.0,72.0,2733.0
1783931331.3,20318,32624,590,334.0,72.0,2929.0
1783931331.9,20318,32624,602,311.0,72.0,2775.0
1783931332.5,20318,32624,602,195.0,72.0,2648.0
1783931333.1,20318,32624,602,316.0,72.0,2792.0
1783931333.7,20318,32624,602,324.0,72.0,2735.0
1783931334.3,20318,32624,602,315.0,72.0,2785.0
1783931334.9,20318,32624,602,300.0,73.0,2694.0
1783931335.5,20318,32624,602,319.0,73.0,2810.0
1783931336.1,20318,32624,602,309.0,72.0,2746.0
1783931336.6,20318,32624,602,236.0,73.0,2834.0
1783931337.2,20318,32624,602,303.0,73.0,2755.0
1783931337.8,20318,32624,602,313.0,73.0,2717.0
1783931338.4,20318,32624,602,312.0,73.0,2794.0
1783931339.0,20318,32624,602,315.0,73.0,2721.0
1783931339.6,20318,32624,602,270.0,73.0,2787.0
1783931340.2,20318,32624,602,304.0,73.0,2758.0
1783931340.8,20318,32624,602,207.0,73.0,2737.0
1783931341.4,20318,32624,602,316.0,73.0,2849.0
1783931342.0,20318,32624,602,303.0,73.0,2737.0
1783931342.6,20318,32624,590,346.0,73.0,2883.0
1783931343.2,20318,32624,590,305.0,73.0,2748.0
1783931343.7,20318,32624,590,352.0,73.0,2696.0
1783931344.3,20318,32624,590,291.0,73.0,2884.0
1783931344.9,20318,32624,590,326.0,73.0,2798.0
1783931345.5,20318,32624,590,326.0,73.0,2713.0
1783931346.1,20318,32624,590,323.0,73.0,2862.0
1783931346.7,20318,32624,601,313.0,73.0,2776.0
1783931347.3,20318,32624,601,303.0,73.0,2730.0
1783931347.9,20318,32624,601,265.0,73.0,2874.0
1783931348.5,20318,32624,601,333.0,73.0,2847.0
1783931349.1,20318,32624,601,244.0,73.0,2810.0
1783931349.7,20318,32624,588,319.0,73.0,2792.0
1783931350.3,20318,32624,594,280.0,73.0,2730.0
1783931350.9,20318,32624,594,300.0,73.0,2978.0
1783931351.5,20318,32624,601,319.0,73.0,2849.0
1783931352.0,20318,32624,601,308.0,73.0,2745.0
1783931352.6,20318,32624,601,298.0,73.0,2717.0
1783931353.2,20318,32624,601,312.0,73.0,2759.0
1783931353.8,20321,32624,603,319.0,73.0,2791.0
1783931354.4,20321,32624,603,295.0,73.0,2745.0
1783931355.0,20321,32624,603,272.0,73.0,2668.0
1783931355.6,20319,32624,599,318.0,73.0,2925.0
1783931356.2,20319,32624,599,313.0,73.0,2767.0
1783931356.8,20319,32624,599,308.0,73.0,2730.0
1783931357.4,20319,32624,586,193.0,73.0,2729.0
1783931358.0,20319,32624,586,321.0,73.0,2807.0
1783931358.6,20319,32624,586,315.0,73.0,2764.0
1783931359.1,20319,32624,586,356.0,73.0,2698.0
1783931359.7,20319,32624,586,207.0,73.0,2733.0
1783931360.3,20319,32624,586,342.0,73.0,2899.0
1783931360.9,20319,32624,586,307.0,73.0,2751.0
1783931361.5,20319,32624,604,250.0,71.0,2631.0
1783931362.1,20320,32624,604,291.0,72.0,2969.0
1783931362.7,20320,32624,604,318.0,72.0,2812.0
1783931363.3,20320,32624,604,303.0,72.0,2733.0
1783931363.9,20320,32624,604,230.0,72.0,2907.0
1783931364.5,20320,32624,604,316.0,73.0,2770.0
1783931365.1,20320,32624,604,290.0,73.0,2688.0
1783931365.6,20320,32624,604,352.0,73.0,2876.0
1783931366.2,20320,32624,604,310.0,73.0,2735.0
1783931366.8,20320,32624,604,268.0,73.0,2870.0
1783931367.4,20320,32624,604,312.0,73.0,2764.0
1783931368.0,20320,32624,604,309.0,73.0,2731.0
1783931368.6,20320,32624,604,307.0,73.0,2902.0
1783931369.2,20320,32624,604,303.0,73.0,2758.0
1783931369.8,20320,32624,604,355.0,73.0,2719.0
1783931370.4,20320,32624,604,322.0,73.0,2824.0
1783931371.0,20320,32624,604,299.0,73.0,2735.0
1783931371.6,20320,32624,604,219.0,73.0,2721.0
1783931372.1,20320,32624,604,310.0,73.0,2801.0
1783931372.7,20320,32624,586,322.0,73.0,2699.0
1783931373.3,20320,32624,586,363.0,73.0,2918.0
1783931373.9,20320,32624,586,311.0,73.0,2742.0
1783931374.5,20320,32624,586,228.0,73.0,2790.0
1783931375.1,20320,32624,586,324.0,73.0,2832.0
1783931375.7,20320,32624,586,303.0,73.0,2760.0
1783931376.3,20320,32624,586,248.0,73.0,2725.0
1783931376.9,20320,32624,598,322.0,73.0,2844.0
1783931377.5,20320,32624,598,297.0,73.0,2732.0
1783931378.1,20320,32624,598,244.0,73.0,2727.0
1783931378.7,20320,32624,598,328.0,73.0,2881.0
1783931379.2,20320,32624,598,302.0,73.0,2747.0
1783931379.8,20320,32624,598,319.0,73.0,2649.0
1783931380.4,20320,32624,598,356.0,73.0,2853.0
1783931381.0,20320,32624,598,304.0,73.0,2754.0
1783931381.6,20320,32624,598,201.0,73.0,2799.0
1783931382.2,20320,32624,598,330.0,73.0,2839.0
1783931382.8,20320,32624,598,299.0,73.0,2731.0
1783931383.4,20320,32624,598,315.0,73.0,2672.0
1783931384.0,20320,32624,598,346.0,73.0,2895.0
1783931384.6,20320,32624,598,307.0,73.0,2744.0
1783931385.2,20320,32624,598,319.0,73.0,2681.0
1783931385.7,20320,32624,598,263.0,73.0,2828.0
1783931386.3,20320,32624,598,313.0,73.0,2748.0
1783931386.9,20320,32624,598,284.0,73.0,2676.0
1783931387.5,20320,32624,586,265.0,73.0,2821.0
1783931388.1,20320,32624,586,317.0,73.0,2750.0
1783931388.7,20320,32624,586,298.0,73.0,2713.0
1783931389.3,20320,32624,586,183.0,73.0,2623.0
1783931389.9,20320,32624,586,324.0,73.0,2822.0
1783931390.5,20320,32624,586,310.0,73.0,2791.0
1783931391.1,9310,32624,86,124.0,72.0,3300.0
1783931391.7,719,32624,96,29.0,70.0,0.0
1783931392.2,706,32624,84,18.0,69.0,0.0
1783931392.8,706,32624,84,17.0,69.0,0.0
1783931393.4,717,32624,84,32.0,69.0,0.0
1783931394.0,717,32624,84,17.0,68.0,0.0
1783931394.6,717,32624,84,17.0,67.0,0.0
1783931395.2,16339,32624,84,32.0,67.0,0.0
1783931395.8,16339,32624,84,33.0,67.0,0.0
1783931396.4,16339,32624,84,32.0,67.0,0.0
1783931397.0,16339,32624,84,32.0,66.0,0.0
1783931397.6,16339,32624,78,32.0,66.0,0.0
1783931398.2,16339,32624,78,28.0,66.0,0.0
1783931398.7,20304,32624,499,34.0,66.0,0.0
1783931399.3,20312,32624,587,153.0,66.0,801.0
1783931399.9,20312,32624,587,203.0,66.0,1845.0
1783931400.5,20312,32624,587,294.0,67.0,2865.0
1783931401.1,20312,32624,587,309.0,68.0,2769.0
1783931401.7,20312,32624,587,174.0,68.0,2693.0
1783931402.3,20312,32624,587,333.0,68.0,2905.0
1783931402.9,20313,32624,586,312.0,68.0,2794.0
1783931403.5,20313,32624,586,182.0,69.0,2679.0
1783931404.1,20313,32624,586,334.0,69.0,2901.0
1783931404.7,20313,32624,586,307.0,69.0,2767.0
1783931405.3,20313,32624,586,275.0,69.0,2862.0
1783931405.8,20313,32624,586,327.0,69.0,2917.0
1783931406.4,20313,32624,598,312.0,69.0,2757.0
1783931407.0,20313,32624,598,280.0,69.0,2906.0
1783931407.6,20313,32624,598,332.0,69.0,2825.0
1783931408.2,20313,32624,598,296.0,69.0,2728.0
1783931408.8,20313,32624,598,268.0,69.0,2804.0
1783931409.4,20313,32624,598,343.0,69.0,2909.0
1783931410.0,20313,32624,598,314.0,69.0,2787.0
1783931410.6,20313,32624,598,349.0,70.0,2728.0
1783931411.2,20313,32624,598,317.0,70.0,2931.0
1783931411.7,20313,32624,598,312.0,70.0,2750.0
1783931412.3,20313,32624,598,318.0,70.0,2841.0
1783931412.9,20313,32624,598,216.0,70.0,2661.0
1783931413.5,20313,32624,598,341.0,70.0,2893.0
1783931414.1,20313,32624,598,319.0,70.0,2816.0
1783931414.7,20313,32624,598,283.0,70.0,2743.0
1783931415.3,20313,32624,598,267.0,70.0,2852.0
1783931415.9,20313,32624,598,318.0,70.0,2793.0
1783931416.5,20313,32624,598,301.0,70.0,2714.0
1783931417.1,20313,32624,598,199.0,70.0,2758.0
1783931417.7,20313,32624,585,332.0,70.0,2911.0
1783931418.2,20313,32624,585,316.0,70.0,2770.0
1783931418.8,20313,32624,585,377.0,70.0,2744.0
1783931419.4,20313,32624,585,304.0,71.0,2938.0
1783931420.0,20313,32624,585,318.0,71.0,2828.0
1783931420.6,20317,32624,593,293.0,71.0,2753.0
1783931421.2,20317,32624,593,273.0,71.0,2659.0
1783931421.8,20317,32624,604,305.0,71.0,2869.0
1783931422.4,20317,32624,604,328.0,71.0,2851.0
1783931423.0,20317,32624,604,292.0,71.0,2762.0
1783931423.6,20317,32624,597,291.0,70.0,2710.0
1783931424.2,20317,32624,597,140.0,70.0,2727.0
1783931424.8,20317,32624,597,340.0,71.0,2851.0
1783931425.3,20317,32624,597,296.0,71.0,2726.0
1783931425.9,20317,32624,597,242.0,71.0,2789.0
1783931426.5,20317,32624,597,327.0,71.0,2903.0
1783931427.1,20317,32624,597,295.0,71.0,2736.0
1783931427.7,20317,32624,597,291.0,71.0,2886.0
1783931428.3,20317,32624,597,331.0,71.0,2871.0
1783931428.9,20317,32624,597,301.0,71.0,2733.0
1783931429.5,20317,32624,591,196.0,71.0,2716.0
1783931430.1,20317,32624,591,333.0,71.0,2879.0
1783931430.7,20317,32624,591,299.0,71.0,2729.0
1783931431.3,20317,32624,591,357.0,71.0,2717.0
1783931431.8,20317,32624,591,341.0,71.0,2847.0
1783931432.4,20317,32624,591,320.0,71.0,2792.0
1783931433.0,20317,32624,593,332.0,71.0,2727.0
1783931433.6,20317,32624,593,284.0,71.0,2904.0
1783931434.2,20317,32624,593,309.0,71.0,2791.0
1783931434.8,20317,32624,593,308.0,71.0,2757.0
1783931435.4,20317,32624,593,189.0,71.0,2724.0
1783931436.0,20317,32624,593,341.0,71.0,2866.0
1783931436.6,20317,32624,605,303.0,71.0,2751.0
1783931437.2,20317,32624,605,306.0,71.0,2744.0
1783931437.7,20317,32624,605,250.0,71.0,2681.0
1783931438.3,20317,32624,605,304.0,71.0,2922.0
1783931438.9,20317,32624,605,307.0,71.0,2775.0
1783931439.5,20317,32624,605,307.0,71.0,2748.0
1783931440.1,20317,32624,605,202.0,72.0,2763.0
1783931440.7,20317,32624,605,304.0,71.0,2734.0
1783931441.3,20317,32624,605,300.0,72.0,2732.0
1783931441.9,20317,32624,605,251.0,72.0,2810.0
1783931442.5,20317,32624,597,76.0,71.0,2949.0
1783931443.1,20317,32624,597,197.0,71.0,2630.0
1783931443.7,20317,32624,597,309.0,71.0,2838.0
1783931444.3,20317,32624,597,305.0,71.0,2771.0
1783931444.9,20317,32624,597,263.0,71.0,2838.0
1783931445.4,20317,32624,597,317.0,72.0,2810.0
1783931446.0,20317,32624,597,302.0,72.0,2740.0
1783931446.6,20317,32624,591,265.0,72.0,2694.0
1783931447.2,20317,32624,591,361.0,72.0,2901.0
1783931447.8,20317,32624,593,311.0,72.0,2781.0
1783931448.4,20317,32624,593,325.0,72.0,2739.0
1783931449.0,20317,32624,593,272.0,72.0,2861.0
1783931449.6,20317,32624,593,305.0,72.0,2799.0
1783931450.2,20317,32624,593,298.0,72.0,2729.0
1783931450.8,20311,32624,591,156.0,72.0,2680.0
1783931451.4,20311,32624,591,331.0,72.0,2854.0
1783931452.0,20311,32624,603,322.0,72.0,2802.0
1783931452.5,20311,32624,603,309.0,72.0,2720.0
1783931453.1,20311,32624,595,43.0,72.0,0.0
1783931453.7,20311,32624,589,330.0,71.0,2772.0
1783931454.3,20311,32624,589,338.0,72.0,2873.0
1783931454.9,20311,32624,589,312.0,72.0,2764.0
1783931455.5,20311,32624,589,282.0,72.0,2665.0
1783931456.1,20311,32624,589,319.0,72.0,2846.0
1783931456.7,20311,32624,589,307.0,72.0,2742.0
1783931457.3,20311,32624,589,163.0,72.0,2718.0
1783931457.9,20311,32624,589,330.0,72.0,2884.0
1783931458.5,20311,32624,589,300.0,72.0,2688.0
1783931459.1,20311,32624,589,243.0,72.0,2835.0
1783931459.6,20311,32624,589,305.0,72.0,2781.0
1783931460.2,20311,32624,589,310.0,72.0,2743.0
1783931460.8,20311,32624,589,178.0,72.0,2658.0
1783931461.4,20311,32624,589,313.0,72.0,2793.0
1783931462.0,20311,32624,589,299.0,72.0,2752.0
1783931462.6,20311,32624,591,278.0,72.0,2878.0
1783931463.2,20311,32624,591,324.0,72.0,2813.0
1783931463.8,20311,32624,591,301.0,72.0,2690.0
1783931464.4,20311,32624,591,174.0,72.0,2640.0
1783931465.0,20311,32624,591,318.0,72.0,2809.0
1783931465.6,20311,32624,591,305.0,72.0,2764.0
1783931466.2,20311,32624,591,228.0,72.0,2766.0
1783931466.7,20311,32624,604,325.0,72.0,2821.0
1783931467.3,20311,32624,597,44.0,71.0,0.0
1783931467.9,20311,32624,597,343.0,71.0,2868.0
1783931468.5,20311,32624,597,306.0,72.0,2706.0
1783931469.1,20311,32624,597,315.0,72.0,2943.0
1783931469.7,20311,32624,597,300.0,72.0,2795.0
1783931470.3,20311,32624,597,272.0,72.0,2654.0
1783931470.9,20311,32624,597,333.0,72.0,2768.0
1783931471.5,20311,32624,597,300.0,72.0,2710.0
1783931472.1,20311,32624,597,346.0,72.0,2708.0
1783931472.6,20311,32624,597,324.0,72.0,2881.0
1783931473.2,20311,32624,591,317.0,72.0,2771.0
1783931473.8,20311,32624,591,216.0,72.0,2636.0
1783931474.4,20311,32624,591,346.0,72.0,2853.0
1783931475.0,20311,32624,591,310.0,72.0,2746.0
1783931475.6,20311,32624,591,230.0,72.0,2837.0
1783931476.2,20311,32624,591,303.0,72.0,2750.0
1783931476.8,20311,32624,591,301.0,72.0,2725.0
1783931477.4,20311,32624,591,251.0,72.0,2806.0
1783931478.0,20311,32624,591,337.0,72.0,2805.0
1783931478.6,20311,32624,591,309.0,72.0,2768.0
1783931479.1,20311,32624,591,231.0,72.0,2781.0
1783931479.7,20311,32624,591,322.0,72.0,2828.0
1783931480.3,20311,32624,591,303.0,72.0,2741.0
1783931480.9,20311,32624,591,207.0,72.0,2642.0
1783931481.5,20311,32624,602,296.0,72.0,2882.0
1783931482.1,20311,32624,602,306.0,72.0,2748.0
1783931482.7,20311,32624,602,318.0,72.0,2752.0
1783931483.3,20311,32624,602,238.0,72.0,2615.0
1783931483.9,20311,32624,602,313.0,72.0,2791.0
1783931484.5,20311,32624,595,44.0,72.0,0.0
1783931485.1,20311,32624,595,316.0,71.0,2800.0
1783931485.7,20311,32624,595,329.0,72.0,2679.0
1783931486.2,20311,32624,595,310.0,72.0,2900.0
1783931486.8,20311,32624,595,310.0,72.0,2751.0
1783931487.4,20311,32624,595,343.0,72.0,2772.0
1783931488.0,20311,32624,595,282.0,72.0,2858.0
1783931488.6,20311,32624,595,318.0,72.0,2788.0
1783931489.2,20311,32624,595,286.0,72.0,2731.0
1783931489.8,20311,32624,589,318.0,72.0,2792.0
1783931490.4,20311,32624,589,310.0,72.0,2745.0
1783931491.0,20311,32624,589,222.0,72.0,2751.0
1783931491.6,20311,32624,589,328.0,72.0,2916.0
1783931492.2,20311,32624,589,308.0,72.0,2771.0
1783931492.7,20311,32624,591,300.0,72.0,2681.0
1783931493.3,20311,32624,591,336.0,72.0,2839.0
1783931493.9,20311,32624,591,315.0,72.0,2729.0
1783931494.5,20311,32624,591,336.0,72.0,2719.0
1783931495.1,20311,32624,591,311.0,72.0,2912.0
1783931495.7,20311,32624,595,44.0,72.0,0.0
1783931496.3,20311,32624,595,305.0,71.0,2743.0
1783931496.9,20311,32624,602,191.0,72.0,2746.0
1783931497.5,20311,32624,602,314.0,72.0,2816.0
1783931498.1,20311,32624,602,315.0,72.0,2771.0
1783931498.6,20311,32624,602,255.0,72.0,2821.0
1783931499.2,20311,32624,602,312.0,72.0,2819.0
1783931499.8,20311,32624,602,295.0,72.0,2730.0
1783931500.4,20311,32624,602,265.0,72.0,2841.0
1783931501.0,20311,32624,602,329.0,72.0,2808.0
1783931501.6,20311,32624,602,303.0,72.0,2762.0
1783931502.2,20311,32624,589,131.0,72.0,2652.0
1783931502.8,20311,32624,589,323.0,72.0,2841.0
1783931503.4,20311,32624,589,307.0,72.0,2724.0
1783931504.0,20311,32624,589,237.0,72.0,2671.0
1783931504.6,20311,32624,589,341.0,72.0,2903.0
1783931505.1,20311,32624,593,174.0,71.0,2537.0
1783931505.7,20311,32624,593,286.0,72.0,2921.0
1783931506.3,20311,32624,593,319.0,72.0,2814.0
1783931506.9,20311,32624,593,303.0,72.0,2681.0
1783931507.5,20311,32624,593,314.0,72.0,2940.0
1783931508.1,20311,32624,591,326.0,72.0,2797.0
1783931508.7,20311,32624,591,326.0,72.0,2725.0
1783931509.3,20311,32624,591,348.0,72.0,2888.0
1783931509.9,20311,32624,591,312.0,72.0,2791.0
1783931510.5,20311,32624,591,275.0,72.0,2883.0
1783931511.0,20311,32624,591,327.0,72.0,2866.0
1783931511.6,20311,32624,603,293.0,72.0,2719.0
1783931512.2,20311,32624,603,237.0,72.0,2651.0
1783931512.8,20311,32624,603,342.0,72.0,2915.0
1783931513.4,20311,32624,603,309.0,72.0,2757.0
1783931514.0,20311,32624,603,351.0,72.0,2674.0
1783931514.6,20311,32624,603,320.0,72.0,2902.0
1783931515.2,20314,32624,595,261.0,71.0,2708.0
1783931515.8,20316,32624,595,311.0,72.0,2857.0
1783931516.4,20316,32624,595,305.0,72.0,2784.0
1783931517.0,20316,32624,595,272.0,72.0,2883.0
1783931517.6,20316,32624,595,332.0,72.0,2885.0
1783931518.1,20316,32624,595,307.0,72.0,2726.0
1783931518.7,20316,32624,595,243.0,72.0,2819.0
1783931519.3,20316,32624,595,328.0,72.0,2858.0
1783931519.9,20316,32624,595,293.0,72.0,2715.0
1783931520.5,20316,32624,595,263.0,72.0,2807.0
1783931521.1,20316,32624,589,318.0,72.0,2788.0
1783931521.7,20316,32624,589,311.0,72.0,2686.0
1783931522.3,20316,32624,589,348.0,72.0,2837.0
1783931522.9,20316,32624,591,312.0,72.0,2749.0
1783931523.5,20316,32624,591,219.0,72.0,2839.0
1783931524.1,20316,32624,591,326.0,72.0,2861.0
1783931524.7,20316,32624,595,243.0,71.0,2824.0
1783931525.2,20316,32624,595,291.0,72.0,2716.0
1783931525.8,20316,32624,595,344.0,72.0,2910.0
1783931526.4,20316,32624,604,308.0,72.0,2784.0
1783931527.0,20316,32624,604,194.0,72.0,2649.0
1783931527.6,20316,32624,604,300.0,72.0,2844.0
1783931528.2,20316,32624,604,302.0,72.0,2723.0
1783931528.8,20316,32624,604,311.0,72.0,2891.0
1783931529.4,20316,32624,604,310.0,72.0,2791.0
1783931530.0,20316,32624,604,228.0,72.0,2659.0
1783931530.6,20316,32624,604,320.0,72.0,2833.0
1783931531.2,20316,32624,604,299.0,72.0,2723.0
1783931531.8,20316,32624,604,272.0,72.0,2929.0
1783931532.3,20316,32624,604,318.0,72.0,2786.0
1783931532.9,20316,32624,597,46.0,72.0,0.0
1783931533.5,20323,32624,601,243.0,71.0,2874.0
1783931534.1,20323,32624,601,318.0,72.0,2826.0
1783931534.7,20323,32624,601,305.0,72.0,2717.0
1783931535.3,20323,32624,601,233.0,72.0,2824.0
1783931535.9,20323,32624,601,308.0,72.0,2825.0
1783931536.5,20323,32624,601,304.0,72.0,2756.0
1783931537.1,20323,32624,601,173.0,72.0,2749.0
1783931537.7,20323,32624,597,322.0,72.0,2787.0
1783931538.3,20323,32624,597,287.0,72.0,2722.0
1783931538.9,20323,32624,597,291.0,72.0,2930.0
1783931539.5,20323,32624,595,306.0,72.0,2742.0
1783931540.0,20323,32624,595,288.0,72.0,2717.0
1783931540.6,20323,32624,595,330.0,72.0,2833.0
1783931541.2,20323,32624,595,311.0,72.0,2766.0
1783931541.8,20323,32624,606,298.0,72.0,2700.0
1783931542.4,20323,32624,606,306.0,72.0,2914.0
1783931543.0,20323,32624,606,339.0,72.0,2845.0
1783931543.6,20323,32624,606,339.0,72.0,2721.0
1783931544.2,20323,32624,599,45.0,72.0,0.0
1783931544.8,20323,32624,599,310.0,71.0,2792.0
1783931545.4,20323,32624,599,300.0,72.0,2746.0
1783931546.0,20323,32624,599,187.0,72.0,2742.0
1783931546.6,20323,32624,599,349.0,72.0,2966.0
1783931547.2,20323,32624,599,303.0,72.0,2753.0
1783931547.7,20323,32624,593,271.0,72.0,2690.0
1783931548.3,20323,32624,593,317.0,72.0,2841.0
1783931548.9,20323,32624,593,299.0,72.0,2758.0
1783931549.5,20323,32624,593,301.0,72.0,2956.0
1783931550.1,20323,32624,593,314.0,72.0,2805.0
1783931550.7,20323,32624,593,296.0,72.0,2702.0
1783931551.3,20323,32624,593,321.0,72.0,2942.0
1783931551.9,20323,32624,593,310.0,72.0,2752.0
1783931552.5,20323,32624,593,282.0,72.0,2714.0
1783931553.1,20323,32624,595,329.0,72.0,2856.0
1783931553.7,20323,32624,595,303.0,72.0,2724.0
1783931554.3,20323,32624,595,190.0,73.0,2726.0
1783931554.8,20323,32624,595,309.0,72.0,2782.0
1783931555.4,20323,32624,595,290.0,72.0,2725.0
1783931556.0,20323,32624,595,302.0,72.0,2892.0
1783931556.6,20323,32624,606,307.0,72.0,2745.0
1783931557.2,20323,32624,606,221.0,72.0,2758.0
1783931557.8,20323,32624,606,313.0,73.0,2817.0
1783931558.4,20323,32624,606,286.0,72.0,2685.0
1783931559.0,20323,32624,606,267.0,73.0,2845.0
1783931559.6,20323,32624,606,299.0,73.0,2701.0
1783931560.2,20323,32624,606,299.0,73.0,2693.0
1783931560.8,20323,32624,606,358.0,72.0,2922.0
1783931561.4,20323,32624,606,311.0,72.0,2770.0
1783931562.0,20323,32624,606,189.0,73.0,2683.0
1783931562.5,20323,32624,606,335.0,73.0,2865.0
1783931563.1,20323,32624,606,308.0,73.0,2702.0
1783931563.7,20323,32624,606,260.0,73.0,2848.0
1783931564.3,20323,32624,606,298.0,72.0,2768.0
1783931564.9,20323,32624,606,327.0,73.0,2725.0
1783931565.5,20323,32624,606,279.0,73.0,2856.0
1783931566.1,20323,32624,606,316.0,73.0,2770.0
1783931566.7,20323,32624,606,297.0,73.0,2691.0
1783931567.3,20323,32624,606,265.0,72.0,2791.0
1783931567.9,20323,32624,595,312.0,73.0,2804.0
1783931568.5,20323,32624,595,324.0,73.0,2741.0
1783931569.1,20323,32624,595,267.0,73.0,2864.0
1783931569.7,20323,32624,595,314.0,73.0,2766.0
1783931570.2,20323,32624,595,291.0,73.0,2727.0
1783931570.8,20323,32624,595,186.0,73.0,2677.0
1783931571.4,20323,32624,607,334.0,73.0,2855.0
1783931572.0,20323,32624,607,316.0,73.0,2752.0
1783931572.6,20323,32624,607,261.0,73.0,2769.0
1783931573.2,20323,32624,607,311.0,73.0,2790.0
1783931573.8,20323,32624,607,320.0,73.0,2739.0
1783931574.4,20323,32624,607,279.0,73.0,2668.0
1783931575.0,20323,32624,599,61.0,72.0,314.0
1783931575.6,20323,32624,599,300.0,72.0,2740.0
1783931576.2,20323,32624,599,294.0,72.0,2939.0
1783931576.7,20323,32624,599,304.0,72.0,2760.0
1783931577.3,20323,32624,599,335.0,73.0,2721.0
1783931577.9,20323,32624,599,257.0,72.0,2871.0
1783931578.5,20323,32624,599,303.0,72.0,2746.0
1783931579.1,20323,32624,599,295.0,73.0,2713.0
1783931579.7,20323,32624,599,333.0,72.0,2850.0
1783931580.3,20323,32624,599,304.0,73.0,2756.0
1783931580.9,20323,32624,593,245.0,73.0,2788.0
1783931581.5,20323,32624,593,303.0,72.0,2725.0
1783931582.1,20323,32624,593,196.0,73.0,2741.0
1783931582.7,20323,32624,595,304.0,73.0,2797.0
1783931583.3,20323,32624,595,311.0,73.0,2742.0
1783931583.8,20323,32624,595,301.0,73.0,2845.0
1783931584.4,20323,32624,595,312.0,73.0,2784.0
1783931585.0,20323,32624,595,335.0,73.0,2683.0
1783931585.6,20323,32624,595,316.0,73.0,2823.0
1783931586.2,20323,32624,595,296.0,73.0,2715.0
1783931586.8,20323,32624,607,281.0,73.0,2852.0
1783931587.4,20323,32624,607,329.0,73.0,2848.0
1783931588.0,20323,32624,607,306.0,73.0,2730.0
1783931588.6,20323,32624,607,270.0,73.0,2850.0
1783931589.2,20323,32624,607,321.0,73.0,2788.0
1783931589.8,20323,32624,607,302.0,73.0,2727.0
1783931590.3,20323,32624,607,242.0,73.0,2647.0
1783931590.9,20323,32624,607,339.0,73.0,2839.0
1783931591.5,20323,32624,607,316.0,73.0,2769.0
1783931592.1,20323,32624,607,369.0,73.0,2746.0
1783931592.7,20323,32624,607,326.0,73.0,2831.0
1783931593.3,20323,32624,607,296.0,73.0,2716.0
1783931593.9,20323,32624,607,258.0,73.0,2617.0
1783931594.5,20323,32624,607,337.0,73.0,2883.0
1783931595.1,20323,32624,607,316.0,73.0,2784.0
1783931595.7,20323,32624,607,317.0,73.0,2731.0
1783931596.3,20323,32624,607,333.0,73.0,2870.0
1783931596.8,20323,32624,607,317.0,73.0,2760.0
1783931597.4,20323,32624,607,316.0,73.0,2753.0
1783931598.0,20323,32624,595,260.0,73.0,2809.0
1783931598.6,20323,32624,595,314.0,73.0,2764.0
1783931599.2,20323,32624,595,285.0,73.0,2676.0
1783931599.8,20323,32624,595,323.0,73.0,2690.0
1783931600.4,20323,32624,595,260.0,73.0,2873.0
1783931601.0,20323,32624,595,313.0,73.0,2764.0
1783931601.6,20323,32624,606,315.0,73.0,2768.0
1783931602.2,20323,32624,606,307.0,73.0,2640.0
1783931602.8,20323,32624,606,300.0,73.0,2786.0
1783931603.3,20323,32624,606,305.0,73.0,2739.0
1783931603.9,20323,32624,606,303.0,73.0,2709.0
1783931604.5,20323,32624,606,201.0,73.0,2711.0
1783931605.1,20323,32624,606,306.0,73.0,2791.0
1783931605.7,20323,32624,606,300.0,73.0,2739.0
1783931606.3,20323,32624,606,315.0,73.0,2725.0
1783931606.9,20323,32624,606,288.0,73.0,2909.0
1783931607.5,20323,32624,606,322.0,73.0,2832.0
1783931608.1,20323,32624,606,295.0,73.0,2718.0
1783931608.7,20323,32624,599,45.0,72.0,0.0
1783931609.3,20324,32624,600,289.0,71.0,2703.0
1783931609.8,20324,32624,600,205.0,72.0,2774.0
1783931610.4,20324,32624,600,327.0,72.0,2828.0
1783931611.0,20324,32624,600,302.0,72.0,2728.0
1783931611.6,20324,32624,594,206.0,72.0,2657.0
1783931612.2,20324,32624,594,315.0,72.0,2815.0
1783931612.8,20324,32624,596,310.0,72.0,2760.0
1783931613.4,20324,32624,596,279.0,73.0,2842.0
1783931614.0,20324,32624,596,313.0,73.0,2713.0
1783931614.6,20324,32624,596,305.0,73.0,2715.0
1783931615.2,20324,32624,596,288.0,72.0,2910.0
1783931615.8,20324,32624,596,319.0,72.0,2784.0
1783931616.4,20324,32624,596,316.0,73.0,2716.0
1783931616.9,20324,32624,607,340.0,73.0,2870.0
1783931617.5,20324,32624,607,315.0,73.0,2779.0
1783931618.1,20324,32624,594,328.0,73.0,2667.0
1783931618.7,20324,32624,594,284.0,73.0,2784.0
1783931619.3,20324,32624,594,307.0,73.0,2738.0
1783931619.9,20324,32624,594,287.0,73.0,2740.0
1783931620.5,20324,32624,594,245.0,73.0,2759.0
1783931621.1,20324,32624,594,316.0,73.0,2793.0
1783931621.7,20324,32624,594,297.0,73.0,2711.0
1783931622.3,20324,32624,594,274.0,73.0,2754.0
1783931622.9,20324,32624,594,317.0,73.0,2815.0
1783931623.4,20324,32624,594,304.0,73.0,2732.0
1783931624.0,20324,32624,594,232.0,73.0,2792.0
1783931624.6,20324,32624,594,323.0,73.0,2819.0
1783931625.2,20324,32624,594,297.0,73.0,2714.0
1783931625.8,20324,32624,594,264.0,73.0,2829.0
1783931626.4,20324,32624,594,303.0,73.0,2772.0
1783931627.0,20324,32624,594,349.0,73.0,2737.0
1783931627.6,20324,32624,594,338.0,73.0,2838.0
1783931628.2,20324,32624,596,311.0,73.0,2763.0
1783931628.8,20324,32624,596,276.0,73.0,2694.0
1783931629.4,20324,32624,596,320.0,73.0,2849.0
1783931630.0,20324,32624,596,331.0,73.0,2884.0
1783931630.5,20324,32624,596,302.0,73.0,2705.0
1783931631.1,20324,32624,596,238.0,73.0,2886.0
1783931631.7,10300,32624,110,124.0,71.0,3301.0
1783931632.3,724,32624,110,29.0,70.0,0.0
1783931632.9,711,32624,92,18.0,69.0,0.0
1783931633.5,711,32624,92,18.0,68.0,0.0
1783931634.1,722,32624,92,33.0,68.0,0.0
1783931634.7,722,32624,92,17.0,67.0,0.0
1783931635.3,722,32624,92,18.0,67.0,0.0
1783931635.9,16344,32624,92,32.0,67.0,0.0
1783931636.5,16344,32624,92,32.0,67.0,0.0
1783931637.0,16344,32624,92,32.0,67.0,0.0
1783931637.6,16344,32624,86,33.0,66.0,0.0
1783931638.2,16344,32624,86,32.0,66.0,0.0
1783931638.8,19655,32624,295,53.0,65.0,125.0
1783931639.4,20308,32624,591,39.0,65.0,45.0
1783931640.0,20317,32624,597,185.0,66.0,1704.0
1783931640.6,20317,32624,597,197.0,66.0,2015.0
1783931641.2,20317,32624,597,358.0,67.0,2979.0
1783931641.8,20317,32624,597,300.0,68.0,3190.0
1783931642.4,20317,32624,597,203.0,68.0,2978.0
1783931643.0,20317,32624,596,327.0,68.0,2916.0
1783931643.6,20318,32624,596,320.0,68.0,2843.0
1783931644.2,20318,32624,596,304.0,68.0,2696.0
1783931644.8,20318,32624,596,266.0,69.0,2900.0
1783931645.4,20315,32624,598,300.0,68.0,3280.0
1783931645.9,20315,32624,598,325.0,69.0,2867.0
1783931646.5,20315,32624,610,321.0,69.0,3003.0
1783931647.1,20315,32624,608,325.0,69.0,2756.0
1783931647.7,20315,32624,608,264.0,69.0,2859.0
1783931648.3,20315,32624,608,319.0,69.0,2804.0
1783931648.9,20315,32624,608,339.0,69.0,2774.0
1783931649.5,20315,32624,608,176.0,69.0,3184.0
1783931650.1,20315,32624,608,316.0,70.0,2808.0
1783931650.7,20315,32624,608,332.0,70.0,2737.0
1783931651.3,20315,32624,608,322.0,70.0,2984.0
1783931651.9,20315,32624,608,310.0,70.0,2762.0
1783931652.5,20315,32624,608,361.0,70.0,2723.0
1783931653.0,20315,32624,608,285.0,70.0,3161.0
1783931653.6,20315,32624,608,319.0,70.0,2800.0
1783931654.2,20315,32624,608,306.0,70.0,2771.0
1783931654.8,20315,32624,608,160.0,70.0,2858.0
1783931655.4,20315,32624,608,308.0,70.0,2751.0
1783931656.0,20315,32624,608,193.0,70.0,2743.0
1783931656.6,20315,32624,608,345.0,70.0,2912.0
1783931657.2,20315,32624,608,307.0,70.0,2766.0
1783931657.8,20315,32624,596,328.0,70.0,2688.0
1783931658.4,20315,32624,596,268.0,70.0,2834.0
1783931659.0,20315,32624,596,302.0,70.0,2787.0
1783931659.6,20315,32624,596,303.0,70.0,2743.0
1783931660.2,20315,32624,596,228.0,70.0,2685.0
1783931660.8,20315,32624,596,350.0,70.0,2886.0
1783931661.4,20315,32624,596,308.0,71.0,2774.0
1783931662.0,20315,32624,608,321.0,71.0,2744.0
1783931662.5,20315,32624,608,220.0,71.0,2824.0
1783931663.1,20315,32624,608,319.0,71.0,3060.0
1783931663.7,20315,32624,608,309.0,71.0,3281.0
1783931664.3,20315,32624,608,334.0,71.0,2739.0
1783931664.9,20315,32624,608,262.0,71.0,2920.0
1783931665.5,20315,32624,608,335.0,71.0,2874.0
1783931666.1,20315,32624,608,309.0,71.0,2759.0
1783931666.7,20315,32624,608,295.0,71.0,2726.0
1783931667.3,20315,32624,608,146.0,71.0,2660.0
1783931667.9,20315,32624,608,193.0,71.0,2727.0
1783931668.5,20315,32624,608,311.0,71.0,3240.0
1783931669.1,20315,32624,608,311.0,71.0,2802.0
1783931669.7,20315,32624,608,308.0,71.0,2771.0
1783931670.2,20315,32624,608,177.0,71.0,2722.0
1783931670.8,20315,32624,608,228.0,71.0,3051.0
1783931671.4,20315,32624,608,317.0,71.0,2827.0
1783931672.0,20315,32624,608,307.0,71.0,2803.0
1783931672.6,20315,32624,596,322.0,71.0,3261.0
1783931673.2,20315,32624,596,335.0,71.0,2856.0
1783931673.8,20315,32624,596,347.0,71.0,2945.0
1783931674.4,20315,32624,596,325.0,71.0,2796.0
1783931675.0,20315,32624,596,314.0,71.0,2832.0
1783931675.6,20315,32624,596,294.0,71.0,2707.0
1783931676.2,20315,32624,596,280.0,71.0,2734.0
1783931676.8,20315,32624,608,215.0,71.0,2743.0
1783931677.3,20315,32624,608,330.0,72.0,2920.0
1783931677.9,20315,32624,608,361.0,72.0,3011.0
1783931678.5,20315,32624,608,308.0,72.0,2761.0
1783931679.1,20315,32624,608,319.0,72.0,2946.0
1783931679.7,20315,32624,608,282.0,72.0,3089.0
1783931680.3,20315,32624,608,146.0,72.0,2971.0
1783931680.9,20315,32624,608,313.0,72.0,2781.0
1783931681.5,20315,32624,608,302.0,72.0,2756.0
1783931682.1,20315,32624,608,300.0,72.0,2753.0
1783931682.7,20315,32624,608,295.0,72.0,2753.0
1783931683.3,20315,32624,608,311.0,72.0,3039.0
1783931683.9,20315,32624,608,223.0,72.0,2994.0
1783931684.4,20315,32624,608,266.0,72.0,2905.0
1783931685.0,20315,32624,608,327.0,72.0,2821.0
1783931685.6,20315,32624,608,373.0,72.0,3224.0
1783931686.2,20315,32624,608,308.0,72.0,2778.0
1783931686.8,20315,32624,608,299.0,72.0,2813.0
1783931687.4,20315,32624,608,309.0,72.0,2741.0
1783931688.0,20315,32624,596,311.0,72.0,2748.0
1783931688.6,20315,32624,596,419.0,72.0,3200.0
1783931689.2,20315,32624,596,329.0,72.0,2831.0
1783931689.8,20315,32624,596,315.0,72.0,2784.0
1783931690.4,20315,32624,596,131.0,72.0,2991.0
1783931691.0,20315,32624,596,320.0,72.0,2688.0
1783931691.5,20315,32624,608,293.0,72.0,3277.0
1783931692.1,20315,32624,608,312.0,72.0,2760.0
1783931692.7,20315,32624,608,311.0,72.0,2791.0
1783931693.3,20315,32624,608,323.0,72.0,2776.0
1783931693.9,20315,32624,608,295.0,72.0,2731.0
1783931694.5,20315,32624,608,256.0,72.0,3249.0
1783931695.1,20315,32624,608,330.0,72.0,2881.0
1783931695.7,20315,32624,608,333.0,72.0,2818.0
1783931696.3,20315,32624,608,326.0,72.0,2840.0
1783931696.9,20315,32624,608,298.0,72.0,2730.0
1783931697.5,20315,32624,608,299.0,72.0,2687.0
1783931698.0,20315,32624,608,198.0,72.0,2634.0
1783931698.6,20315,32624,608,200.0,72.0,2785.0
1783931699.2,20315,32624,608,346.0,72.0,3235.0
1783931699.8,20315,32624,608,251.0,72.0,2770.0
1783931700.4,20315,32624,608,268.0,72.0,2790.0
1783931701.0,20315,32624,608,307.0,72.0,2791.0
1783931701.6,20315,32624,608,303.0,72.0,2919.0
1783931702.2,20315,32624,608,306.0,72.0,2758.0
1783931702.8,20315,32624,596,303.0,72.0,2738.0
1783931703.4,20315,32624,596,296.0,72.0,2774.0
1783931704.0,20315,32624,596,280.0,72.0,2698.0
1783931704.5,20315,32624,596,331.0,72.0,2700.0
1783931705.1,20315,32624,596,265.0,72.0,2677.0
1783931705.7,20315,32624,596,300.0,72.0,3253.0
1783931706.3,20315,32624,596,311.0,72.0,2676.0
1783931706.9,20315,32624,608,333.0,72.0,2993.0
1783931707.5,20315,32624,608,338.0,72.0,3062.0
1783931708.1,20315,32624,608,332.0,72.0,2881.0
1783931708.7,20315,32624,608,309.0,72.0,2820.0
1783931709.3,20315,32624,608,305.0,72.0,2821.0
1783931709.9,20315,32624,608,310.0,72.0,2868.0
1783931710.5,20315,32624,608,320.0,72.0,3148.0
1783931711.0,20315,32624,608,199.0,72.0,2542.0
1783931711.6,20315,32624,608,226.0,72.0,2732.0
1783931712.2,20315,32624,608,296.0,72.0,2983.0
1783931712.8,20315,32624,608,299.0,72.0,3077.0
1783931713.4,20317,32624,610,308.0,72.0,2822.0
1783931714.0,20318,32624,610,307.0,72.0,2811.0
1783931714.6,20318,32624,610,296.0,72.0,2724.0
1783931715.2,20318,32624,610,292.0,72.0,2905.0
1783931715.8,20312,32624,598,309.0,72.0,3241.0
1783931716.4,20312,32624,598,327.0,72.0,3143.0
1783931717.0,20312,32624,598,300.0,72.0,2753.0
1783931717.5,20312,32624,598,184.0,72.0,2583.0
1783931718.1,20312,32624,586,245.0,72.0,2924.0
1783931718.7,20312,32624,586,307.0,72.0,2688.0
1783931719.3,20312,32624,586,397.0,72.0,3183.0
1783931719.9,20312,32624,586,274.0,72.0,2888.0
1783931720.5,20312,32624,586,315.0,72.0,2864.0
1783931721.1,20312,32624,586,274.0,72.0,2907.0
1783931721.7,20312,32624,598,272.0,72.0,2830.0
1783931722.3,20312,32624,598,347.0,72.0,3226.0
1783931722.9,20312,32624,598,286.0,72.0,3225.0
1783931723.5,20312,32624,598,183.0,72.0,3281.0
1783931724.1,20312,32624,598,255.0,72.0,2891.0
1783931724.6,20312,32624,598,218.0,72.0,2852.0
1783931725.2,20312,32624,598,312.0,73.0,2806.0
1783931725.8,20312,32624,598,308.0,73.0,2725.0
1783931726.4,20312,32624,598,330.0,73.0,2868.0
1783931727.0,20312,32624,598,244.0,73.0,2806.0
1783931727.6,20312,32624,598,344.0,73.0,2848.0
1783931728.2,20316,32624,600,349.0,73.0,3091.0
1783931728.8,20316,32624,600,331.0,73.0,2819.0
1783931729.4,20316,32624,600,316.0,73.0,2920.0
1783931730.0,20316,32624,600,326.0,73.0,2818.0
1783931730.6,20316,32624,600,285.0,73.0,3176.0
1783931731.1,20316,32624,600,313.0,73.0,2710.0
1783931731.7,20316,32624,600,336.0,72.0,2777.0
1783931732.3,20316,32624,600,316.0,73.0,2786.0
1783931732.9,20316,32624,586,308.0,73.0,2755.0
1783931733.5,20316,32624,586,295.0,72.0,3225.0
1783931734.1,20316,32624,586,313.0,73.0,2775.0
1783931734.7,20316,32624,586,315.0,73.0,2714.0
1783931735.3,20316,32624,586,283.0,73.0,2691.0
1783931735.9,20316,32624,586,329.0,73.0,2799.0
1783931736.5,20316,32624,598,314.0,73.0,2802.0
1783931737.1,20316,32624,598,325.0,73.0,2790.0
1783931737.6,20316,32624,598,316.0,73.0,2739.0
1783931738.2,20316,32624,598,328.0,73.0,2786.0
1783931738.8,20316,32624,598,214.0,73.0,2639.0
1783931739.4,20316,32624,598,308.0,73.0,2683.0
1783931740.0,20316,32624,598,279.0,73.0,2892.0
1783931740.6,20316,32624,598,350.0,73.0,3125.0
1783931741.2,20316,32624,598,362.0,73.0,3043.0
1783931741.8,20316,32624,598,314.0,73.0,3046.0
1783931742.4,20316,32624,598,308.0,73.0,3066.0
1783931743.0,20316,32624,598,313.0,73.0,3084.0
1783931743.6,20316,32624,598,302.0,73.0,2736.0
1783931744.2,20316,32624,598,287.0,73.0,2726.0
1783931744.8,20316,32624,598,256.0,73.0,2933.0
1783931745.3,20316,32624,598,291.0,73.0,2660.0
1783931745.9,20316,32624,598,295.0,73.0,2723.0
1783931746.5,20316,32624,598,320.0,72.0,2753.0
1783931747.1,20316,32624,598,323.0,73.0,2766.0
1783931747.7,20316,32624,586,331.0,73.0,2772.0
1783931748.3,20316,32624,586,295.0,73.0,2764.0
1783931748.9,20316,32624,586,322.0,73.0,3127.0
1783931749.5,20316,32624,586,294.0,73.0,2740.0
1783931750.1,20316,32624,586,312.0,73.0,2960.0
1783931750.7,20316,32624,586,348.0,73.0,3022.0
1783931751.3,20316,32624,586,346.0,73.0,2900.0
1783931751.8,20316,32624,598,279.0,73.0,2874.0
1783931752.4,20316,32624,598,270.0,73.0,2810.0
1783931753.0,20316,32624,598,265.0,73.0,2765.0
1783931753.6,20316,32624,598,282.0,73.0,2670.0
1783931754.2,20316,32624,598,311.0,73.0,3091.0
1783931754.8,20316,32624,598,267.0,73.0,2862.0
1783931755.4,20316,32624,598,306.0,73.0,2789.0
1783931756.0,20316,32624,598,289.0,73.0,2733.0
1783931756.6,20316,32624,598,329.0,73.0,3085.0
1783931757.2,20316,32624,598,306.0,73.0,2757.0
1783931757.8,20316,32624,598,305.0,73.0,2720.0
1783931758.4,20316,32624,591,43.0,72.0,0.0
1783931758.9,20316,32624,604,55.0,71.0,39.0
1783931759.5,20316,32624,604,316.0,72.0,2806.0
1783931760.1,20316,32624,604,317.0,72.0,2759.0
1783931760.7,20316,32624,604,286.0,72.0,2886.0
1783931761.3,20316,32624,604,326.0,72.0,3053.0
1783931761.9,20316,32624,604,307.0,72.0,2730.0
1783931762.5,20316,32624,604,285.0,72.0,2687.0
1783931763.1,20316,32624,600,185.0,72.0,2902.0
1783931763.7,20316,32624,600,307.0,72.0,2740.0
1783931764.3,20316,32624,598,237.0,72.0,2744.0
1783931764.9,20316,32624,598,343.0,72.0,2960.0
1783931765.5,20316,32624,598,300.0,72.0,2747.0
1783931766.0,20316,32624,598,314.0,72.0,2756.0
1783931766.6,20316,32624,607,279.0,72.0,2903.0
1783931767.2,20316,32624,607,326.0,72.0,2869.0
1783931767.8,20316,32624,607,309.0,72.0,2789.0
1783931768.4,20316,32624,607,298.0,72.0,2701.0
1783931769.0,20316,32624,607,283.0,72.0,2877.0
1783931769.6,20316,32624,607,339.0,72.0,2878.0
1783931770.2,20316,32624,607,324.0,72.0,2815.0
1783931770.8,20316,32624,607,301.0,72.0,2738.0
1783931771.4,20316,32624,607,267.0,72.0,2822.0
1783931772.0,20316,32624,607,349.0,72.0,2872.0
1783931772.6,20316,32624,607,318.0,72.0,2790.0
1783931773.2,20316,32624,607,213.0,73.0,2808.0
1783931773.8,20316,32624,607,319.0,72.0,2892.0
1783931774.3,20316,32624,607,319.0,72.0,2798.0
1783931774.9,20316,32624,607,302.0,72.0,2739.0
1783931775.5,20316,32624,607,335.0,73.0,2701.0
1783931776.1,20316,32624,607,329.0,72.0,2897.0
1783931776.7,20316,32624,607,355.0,73.0,2611.0
1783931777.3,20316,32624,607,309.0,72.0,2875.0
1783931777.9,20316,32624,598,330.0,72.0,2831.0
1783931778.5,20316,32624,598,330.0,72.0,2712.0
1783931779.1,20316,32624,598,262.0,73.0,2810.0
1783931779.7,20316,32624,598,357.0,73.0,3103.0
1783931780.3,20316,32624,598,329.0,73.0,2818.0
1783931780.9,20316,32624,598,293.0,73.0,2717.0
1783931781.4,20316,32624,609,321.0,72.0,2765.0
1783931782.0,20316,32624,609,275.0,73.0,2831.0
1783931782.6,20316,32624,609,337.0,72.0,2892.0
1783931783.2,20316,32624,609,311.0,72.0,2765.0
1783931783.8,20316,32624,609,325.0,73.0,2672.0
1783931784.4,20316,32624,609,209.0,72.0,2638.0
1783931785.0,20316,32624,609,331.0,72.0,2909.0
1783931785.6,20316,32624,609,292.0,73.0,3213.0
1783931786.2,20316,32624,609,387.0,73.0,3079.0
1783931786.8,20316,32624,609,310.0,72.0,2682.0
1783931787.4,20316,32624,609,218.0,73.0,2774.0
1783931788.0,20316,32624,609,326.0,73.0,2903.0
1783931788.5,20316,32624,609,320.0,73.0,2816.0
1783931789.1,20316,32624,609,311.0,73.0,3269.0
1783931789.7,20316,32624,609,265.0,72.0,2569.0
1783931790.3,20316,32624,609,279.0,73.0,2891.0
1783931790.9,20316,32624,609,168.0,73.0,2551.0
1783931791.5,20316,32624,609,316.0,73.0,2914.0
1783931792.1,20316,32624,609,306.0,73.0,2750.0
1783931792.7,20316,32624,598,299.0,73.0,2634.0
1783931793.3,20316,32624,598,272.0,73.0,2870.0
1783931793.9,20316,32624,598,311.0,73.0,2770.0
1783931794.5,20316,32624,598,303.0,73.0,2696.0
1783931795.1,20316,32624,598,291.0,73.0,2947.0
1783931795.7,20316,32624,598,357.0,73.0,2943.0
1783931796.2,20316,32624,598,297.0,73.0,2763.0
1783931796.8,20316,32624,609,318.0,73.0,2895.0
1783931797.4,20316,32624,609,323.0,73.0,2789.0
1783931798.0,20316,32624,609,343.0,73.0,2734.0
1783931798.6,20316,32624,609,320.0,73.0,2866.0
1783931799.2,20316,32624,609,317.0,73.0,2789.0
1783931799.8,20316,32624,609,326.0,73.0,2800.0
1783931800.4,20316,32624,609,343.0,73.0,2731.0
1783931801.0,20316,32624,609,208.0,73.0,2847.0
1783931801.6,20316,32624,609,327.0,73.0,2762.0
1783931802.2,20316,32624,609,316.0,73.0,2963.0
1783931802.8,20316,32624,609,311.0,73.0,2734.0
1783931803.3,20316,32624,609,305.0,73.0,2790.0
1783931803.9,20316,32624,609,197.0,73.0,2574.0
1783931804.5,20316,32624,609,278.0,73.0,2858.0
1783931805.1,20316,32624,609,308.0,73.0,2850.0
1783931805.7,20316,32624,609,322.0,73.0,2797.0
1783931806.3,20316,32624,609,321.0,73.0,2714.0
1783931806.9,20316,32624,609,323.0,73.0,2616.0
1783931807.5,20316,32624,609,388.0,72.0,3119.0
1783931808.1,20316,32624,598,355.0,73.0,2749.0
1783931808.7,20316,32624,598,210.0,73.0,2778.0
1783931809.3,20316,32624,598,438.0,73.0,3201.0
1783931809.9,20316,32624,598,327.0,73.0,2864.0
1783931810.5,20316,32624,598,309.0,73.0,2798.0
1783931811.0,20316,32624,598,314.0,72.0,2748.0
1783931811.6,20316,32624,611,305.0,73.0,2758.0
1783931812.2,20316,32624,611,302.0,73.0,2910.0
1783931812.8,20316,32624,611,332.0,73.0,2886.0
1783931813.4,20316,32624,611,341.0,72.0,2899.0
1783931814.0,20316,32624,611,322.0,73.0,2831.0
1783931814.6,20316,32624,611,279.0,73.0,2915.0
1783931815.2,20316,32624,611,256.0,73.0,3244.0
1783931815.8,20316,32624,611,320.0,72.0,2733.0
1783931816.4,20316,32624,611,343.0,73.0,2748.0
1783931817.0,20316,32624,611,232.0,73.0,2848.0
1783931817.6,20316,32624,611,268.0,73.0,2873.0
1783931818.2,20316,32624,611,302.0,73.0,3197.0
1783931818.7,20316,32624,611,344.0,73.0,2845.0
1783931819.3,20316,32624,611,315.0,73.0,2720.0
1783931819.9,20316,32624,611,297.0,73.0,2746.0
1783931820.5,20316,32624,611,296.0,73.0,2788.0
1783931821.1,20316,32624,611,283.0,73.0,2688.0
1783931821.7,20316,32624,611,271.0,73.0,2718.0
1783931822.3,20316,32624,611,185.0,73.0,2679.0
1783931822.9,20316,32624,600,289.0,73.0,2845.0
1783931823.5,20316,32624,600,318.0,73.0,2887.0
1783931824.1,20316,32624,600,337.0,73.0,2862.0
1783931824.7,20316,32624,600,323.0,73.0,2833.0
1783931825.3,20316,32624,600,339.0,73.0,2727.0
1783931825.9,20316,32624,600,270.0,73.0,2887.0
1783931826.5,20316,32624,611,370.0,73.0,2929.0
1783931827.1,20316,32624,611,331.0,73.0,2873.0
1783931827.6,20316,32624,611,304.0,73.0,2767.0
1783931828.2,20316,32624,611,326.0,73.0,2794.0
1783931828.8,20316,32624,611,322.0,73.0,3238.0
1783931829.4,20316,32624,611,322.0,73.0,2754.0
1783931830.0,20316,32624,611,313.0,73.0,2690.0
1783931830.6,20316,32624,611,305.0,73.0,2693.0
1783931831.2,20316,32624,611,332.0,73.0,2721.0
1783931831.8,20316,32624,611,298.0,73.0,2736.0
1783931832.4,20316,32624,611,301.0,73.0,2732.0
1783931833.0,20316,32624,611,314.0,73.0,2819.0
1783931833.6,20316,32624,611,329.0,73.0,3007.0
1783931834.2,20316,32624,611,286.0,73.0,2620.0
1783931834.8,20316,32624,611,266.0,73.0,2875.0
1783931835.3,20316,32624,611,313.0,73.0,2754.0
1783931835.9,20316,32624,611,332.0,73.0,2778.0
1783931836.5,20316,32624,611,309.0,73.0,2745.0
1783931837.1,20316,32624,611,333.0,73.0,3056.0
1783931837.7,20316,32624,600,285.0,73.0,2938.0
1783931838.3,20316,32624,600,352.0,73.0,3085.0
1783931838.9,20316,32624,600,285.0,73.0,2705.0
1783931839.5,20316,32624,600,308.0,73.0,2691.0
1783931840.1,20316,32624,600,272.0,73.0,2864.0
1783931840.7,20316,32624,600,336.0,73.0,2827.0
1783931841.3,20316,32624,600,323.0,73.0,2813.0
1783931841.9,20316,32624,611,312.0,73.0,3099.0
1783931842.5,20316,32624,611,326.0,73.0,2801.0
1783931843.1,20316,32624,611,323.0,72.0,2883.0
1783931843.7,20316,32624,611,290.0,73.0,2732.0
1783931844.2,20316,32624,611,300.0,73.0,2730.0
1783931844.8,20316,32624,611,348.0,73.0,2913.0
1783931845.4,20316,32624,611,307.0,73.0,2770.0
1783931846.0,20316,32624,611,323.0,73.0,2720.0
1783931846.6,20316,32624,611,301.0,73.0,2754.0
1783931847.2,20316,32624,611,318.0,73.0,3080.0
1783931847.8,20316,32624,611,332.0,73.0,3164.0
1783931848.4,20316,32624,611,319.0,73.0,2725.0
1783931849.0,20316,32624,611,291.0,73.0,2771.0
1783931849.6,20316,32624,611,313.0,72.0,2906.0
1783931850.2,20316,32624,611,304.0,73.0,2743.0
1783931850.8,20316,32624,611,293.0,73.0,2968.0
1783931851.4,20316,32624,611,260.0,73.0,2791.0
1783931852.0,20316,32624,611,316.0,73.0,2957.0
1783931852.6,20316,32624,611,325.0,73.0,3186.0
1783931853.1,20316,32624,600,391.0,73.0,3163.0
1783931853.7,20316,32624,600,253.0,73.0,2827.0
1783931854.3,20316,32624,600,348.0,73.0,2864.0
1783931854.9,20316,32624,600,351.0,73.0,2884.0
1783931855.5,20316,32624,600,332.0,73.0,2768.0
1783931856.1,20316,32624,600,287.0,73.0,2704.0
1783931856.7,20316,32624,611,313.0,73.0,2748.0
1783931857.3,20316,32624,611,309.0,73.0,2933.0
1783931857.9,20316,32624,611,316.0,73.0,2841.0
1783931858.5,20316,32624,611,331.0,73.0,2804.0
1783931859.1,20316,32624,611,300.0,73.0,2739.0
1783931859.7,20316,32624,611,321.0,73.0,2846.0
1783931860.3,20316,32624,611,296.0,73.0,2751.0
1783931860.9,20316,32624,611,304.0,73.0,2755.0
1783931861.5,20316,32624,611,315.0,73.0,2768.0
1783931862.1,20316,32624,611,327.0,73.0,2807.0
1783931862.7,20316,32624,611,322.0,73.0,2760.0
1783931863.3,20316,32624,611,313.0,73.0,2755.0
1783931863.8,20316,32624,611,319.0,73.0,2935.0
1783931864.4,20316,32624,611,319.0,73.0,2791.0
1783931865.0,20316,32624,611,306.0,73.0,2674.0
1783931865.6,20316,32624,611,318.0,73.0,2739.0
1783931866.2,20316,32624,611,217.0,73.0,2703.0
1783931866.8,20316,32624,604,73.0,71.0,3067.0
1783931867.4,20316,32624,604,289.0,71.0,2650.0
1783931868.0,20316,32624,600,299.0,72.0,2733.0
1783931868.6,20316,32624,600,268.0,72.0,2903.0
1783931869.2,20316,32624,600,331.0,72.0,2833.0
1783931869.8,20316,32624,600,308.0,72.0,2748.0
1783931870.4,20316,32624,600,220.0,72.0,2754.0
1783931871.0,20316,32624,600,324.0,72.0,2848.0
1783931871.6,20316,32624,611,328.0,72.0,2869.0
1783931872.1,20316,32624,611,310.0,72.0,2749.0
1783931872.7,20316,32624,598,226.0,72.0,2678.0
1783931873.3,20316,32624,598,304.0,72.0,2958.0
1783931873.9,20316,32624,598,313.0,72.0,2774.0
1783931874.5,20316,32624,598,308.0,73.0,2885.0
1783931875.1,20316,32624,598,333.0,72.0,2828.0
1783931875.7,20316,32624,598,326.0,72.0,2816.0
1783931876.3,20316,32624,598,265.0,73.0,2814.0
1783931876.9,20316,32624,598,340.0,72.0,2877.0
1783931877.5,20316,32624,598,325.0,72.0,2834.0
1783931878.1,20316,32624,598,153.0,73.0,2978.0
1783931878.7,20316,32624,598,315.0,73.0,2756.0
1783931879.3,20316,32624,598,338.0,73.0,3044.0
1783931879.9,20316,32624,598,164.0,73.0,3155.0
1783931880.5,20316,32624,598,333.0,72.0,2909.0
1783931881.0,20318,32624,606,307.0,72.0,2706.0
1783931881.6,20318,32624,606,295.0,73.0,2904.0
1783931882.2,20318,32624,606,312.0,72.0,2838.0
1783931882.8,20316,32624,606,297.0,72.0,2921.0
1783931883.4,20316,32624,606,340.0,72.0,2692.0
1783931884.0,20316,32624,606,264.0,73.0,2894.0
1783931884.6,20316,32624,606,304.0,73.0,3122.0
1783931885.2,20316,32624,606,312.0,72.0,2820.0
1783931885.8,20316,32624,606,159.0,73.0,2634.0
1783931886.4,20316,32624,606,371.0,72.0,3142.0
1783931887.0,20316,32624,623,82.0,71.0,3072.0
1783931887.6,20316,32624,623,372.0,72.0,2971.0
1783931888.2,20316,32624,623,317.0,72.0,2788.0
1783931888.8,20316,32624,623,147.0,72.0,2797.0
1783931889.4,20316,32624,623,301.0,72.0,2737.0
1783931890.0,20316,32624,623,203.0,72.0,2788.0
1783931890.6,20316,32624,623,321.0,72.0,3085.0
1783931891.2,20316,32624,623,323.0,72.0,3108.0
1783931891.8,20316,32624,623,318.0,72.0,2925.0
1783931892.4,20316,32624,623,262.0,72.0,2906.0
1783931892.9,20316,32624,604,307.0,73.0,2713.0
1783931893.5,20321,32624,606,311.0,72.0,2808.0
1783931894.1,20321,32624,606,268.0,72.0,2646.0
1783931894.7,20321,32624,606,319.0,73.0,2911.0
1783931895.3,20321,32624,606,307.0,72.0,2732.0
1783931895.9,20317,32624,596,297.0,73.0,2677.0
1783931896.5,20321,32624,598,266.0,73.0,2883.0
1783931897.1,20321,32624,598,373.0,72.0,3044.0
1783931897.7,20321,32624,600,238.0,72.0,2800.0
1783931898.3,20321,32624,600,318.0,73.0,2850.0
1783931898.9,20321,32624,600,315.0,73.0,2778.0
1783931899.5,20321,32624,600,256.0,72.0,2602.0
1783931900.1,20321,32624,600,373.0,73.0,3198.0
1783931900.7,20321,32624,600,301.0,73.0,2697.0
1783931901.3,20321,32624,598,323.0,73.0,2833.0
1783931901.9,20321,32624,609,298.0,73.0,2752.0
1783931902.5,20321,32624,609,273.0,73.0,2639.0
1783931903.1,20321,32624,609,338.0,73.0,2852.0
1783931903.7,20321,32624,609,341.0,73.0,2923.0
1783931904.3,20321,32624,609,350.0,73.0,2707.0
1783931904.8,20321,32624,609,199.0,73.0,2734.0
1783931905.4,20321,32624,609,331.0,73.0,2873.0
1783931906.0,20321,32624,609,310.0,73.0,2740.0
1783931906.6,20321,32624,609,323.0,73.0,2743.0
1783931907.2,20321,32624,609,277.0,73.0,2728.0
1783931907.8,20321,32624,609,306.0,73.0,2756.0
1783931908.4,20321,32624,609,254.0,73.0,2710.0
1783931909.0,20321,32624,609,315.0,73.0,2868.0
1783931909.6,20321,32624,609,323.0,73.0,2768.0
1783931910.2,20321,32624,609,305.0,73.0,3193.0
1783931910.8,20321,32624,609,304.0,73.0,2698.0
1783931911.4,20321,32624,609,319.0,73.0,3095.0
1783931912.0,20321,32624,609,313.0,73.0,2788.0
1783931912.6,20321,32624,609,190.0,73.0,2738.0
1783931913.1,20321,32624,598,380.0,73.0,3158.0
1783931913.7,20321,32624,598,303.0,73.0,2776.0
1783931914.3,20321,32624,598,306.0,73.0,3070.0
1783931914.9,20321,32624,598,206.0,73.0,2813.0
1783931915.5,20321,32624,598,369.0,73.0,3041.0
1783931916.1,20321,32624,598,302.0,73.0,3246.0
1783931916.7,20321,32624,609,261.0,72.0,2825.0
1783931917.3,20321,32624,609,329.0,72.0,2811.0
1783931917.9,20321,32624,609,282.0,72.0,2861.0
1783931918.5,20321,32624,609,321.0,72.0,2758.0
1783931919.1,20321,32624,609,292.0,72.0,2684.0
1783931919.7,20321,32624,609,352.0,73.0,2865.0
1783931920.3,20321,32624,609,292.0,72.0,2948.0
1783931920.9,20321,32624,609,332.0,72.0,2810.0
1783931921.5,20321,32624,609,315.0,72.0,2766.0
1783931922.0,20321,32624,609,198.0,73.0,2733.0
1783931922.6,20321,32624,609,294.0,72.0,3040.0
1783931923.2,20321,32624,609,301.0,72.0,2935.0
1783931923.8,20321,32624,609,325.0,72.0,3248.0
1783931924.4,20321,32624,609,316.0,72.0,2921.0
1783931925.0,20321,32624,609,290.0,72.0,3069.0
1783931925.6,20321,32624,609,207.0,72.0,2709.0
1783931926.2,20321,32624,609,301.0,73.0,2769.0
1783931926.8,20321,32624,609,272.0,72.0,2616.0
1783931927.4,20321,32624,609,418.0,72.0,3171.0
1783931928.0,20321,32624,598,321.0,72.0,2816.0
1783931928.6,20321,32624,598,299.0,73.0,2736.0
1783931929.2,20321,32624,598,341.0,72.0,2852.0
1783931929.8,20321,32624,598,299.0,72.0,2725.0
1783931930.4,20321,32624,598,217.0,72.0,2777.0
1783931931.0,20321,32624,598,322.0,72.0,2940.0
1783931931.6,20321,32624,611,361.0,72.0,2938.0
1783931932.1,20321,32624,611,300.0,72.0,3239.0
1783931932.7,20321,32624,611,321.0,72.0,2962.0
1783931933.3,20321,32624,611,320.0,72.0,2824.0
1783931933.9,20321,32624,611,295.0,72.0,2726.0
1783931934.5,20321,32624,611,321.0,72.0,3119.0
1783931935.1,20321,32624,611,425.0,72.0,3170.0
1783931935.7,20321,32624,611,309.0,72.0,2724.0
1783931936.3,20321,32624,611,392.0,72.0,3130.0
1783931936.9,20321,32624,611,301.0,72.0,2764.0
1783931937.5,20321,32624,611,230.0,72.0,3037.0
1783931938.1,20321,32624,611,360.0,72.0,3102.0
1783931938.7,20321,32624,611,308.0,72.0,2787.0
1783931939.3,20321,32624,611,312.0,72.0,3091.0
1783931939.9,20321,32624,611,364.0,72.0,2703.0
1783931940.4,20321,32624,611,221.0,72.0,2886.0
1783931941.0,20321,32624,611,419.0,72.0,3166.0
1783931941.6,20321,32624,611,325.0,72.0,2799.0
1783931942.2,20321,32624,611,308.0,72.0,3256.0
1783931942.8,20321,32624,600,139.0,72.0,2600.0
1783931943.4,20321,32624,600,281.0,72.0,2767.0
1783931944.0,20321,32624,600,285.0,72.0,2929.0
1783931944.6,20321,32624,600,302.0,72.0,2797.0
1783931945.2,20321,32624,600,316.0,72.0,2753.0
1783931945.8,20321,32624,600,301.0,72.0,2773.0
1783931946.4,20321,32624,600,224.0,73.0,2746.0
1783931947.0,20321,32624,611,277.0,72.0,2906.0
1783931947.6,20321,32624,611,300.0,72.0,3241.0
1783931948.2,20321,32624,611,290.0,72.0,2735.0
1783931948.7,20321,32624,611,309.0,72.0,2708.0
1783931949.3,20321,32624,611,319.0,72.0,3083.0
1783931949.9,20321,32624,611,298.0,72.0,2871.0
1783931950.5,20321,32624,611,282.0,72.0,2873.0
1783931951.1,20321,32624,611,235.0,72.0,2708.0
1783931951.7,20321,32624,611,270.0,72.0,2913.0
1783931952.3,20321,32624,611,324.0,72.0,2838.0
1783931952.9,20321,32624,611,293.0,72.0,2738.0
1783931953.5,20321,32624,611,290.0,72.0,2737.0
1783931954.1,20321,32624,611,221.0,72.0,2665.0
1783931954.7,20321,32624,611,184.0,72.0,2741.0
1783931955.3,20321,32624,611,287.0,72.0,2927.0
1783931955.9,20321,32624,611,276.0,72.0,3058.0
1783931956.5,20321,32624,604,44.0,71.0,0.0
1783931957.1,20321,32624,604,283.0,70.0,2315.0
1783931957.6,20321,32624,604,266.0,71.0,2892.0
1783931958.2,20321,32624,600,351.0,72.0,2954.0
1783931958.8,20321,32624,600,310.0,72.0,2741.0
1783931959.4,20321,32624,600,332.0,71.0,2961.0
1783931960.0,20321,32624,600,329.0,72.0,2989.0
1783931960.6,20321,32624,600,398.0,72.0,3119.0
1783931961.2,20321,32624,600,310.0,72.0,2760.0
1783931961.8,20321,32624,611,191.0,72.0,3150.0
1783931962.4,20321,32624,598,304.0,72.0,2754.0
1783931963.0,20321,32624,598,256.0,72.0,2848.0
1783931963.6,20321,32624,598,359.0,72.0,3009.0
1783931964.2,20321,32624,598,302.0,72.0,2732.0
1783931964.8,20321,32624,598,233.0,72.0,3047.0
1783931965.4,20321,32624,598,318.0,72.0,2788.0
1783931965.9,20321,32624,598,230.0,72.0,2705.0
1783931966.5,20321,32624,598,326.0,72.0,2837.0
1783931967.1,20321,32624,598,313.0,72.0,2769.0
1783931967.7,20321,32624,598,186.0,72.0,2915.0
1783931968.3,20321,32624,598,221.0,72.0,2817.0
1783931968.9,20321,32624,598,323.0,72.0,2817.0
1783931969.5,20321,32624,598,322.0,72.0,2819.0
1783931970.1,20321,32624,598,204.0,72.0,2691.0
1783931970.7,20321,32624,598,284.0,72.0,2909.0
1783931971.3,20321,32624,598,319.0,72.0,2876.0
1783931971.9,20321,32624,598,306.0,72.0,2746.0
1783931972.5,20321,32624,598,228.0,72.0,2727.0
1783931973.1,20321,32624,598,344.0,71.0,2828.0
1783931973.6,20321,32624,598,321.0,72.0,2806.0
1783931974.2,20321,32624,598,319.0,72.0,2798.0
1783931974.8,20321,32624,598,360.0,72.0,2715.0
1783931975.4,20321,32624,598,315.0,72.0,2782.0
1783931976.0,20321,32624,598,308.0,72.0,2758.0
1783931976.6,20321,32624,609,316.0,72.0,2707.0
1783931977.2,20321,32624,609,284.0,72.0,2860.0
1783931977.8,20321,32624,609,292.0,72.0,2892.0
1783931978.4,20321,32624,609,331.0,72.0,2772.0
1783931979.0,20321,32624,609,306.0,72.0,3106.0
1783931979.6,20321,32624,609,316.0,72.0,2811.0
1783931980.2,20321,32624,609,334.0,72.0,2676.0
1783931980.8,20321,32624,609,305.0,72.0,2734.0
1783931981.4,20321,32624,609,321.0,72.0,2932.0
1783931982.0,20321,32624,609,177.0,72.0,2690.0
1783931982.6,20321,32624,609,331.0,72.0,2898.0
1783931983.2,20321,32624,609,193.0,72.0,2739.0
1783931983.8,20321,32624,609,302.0,72.0,2739.0
1783931984.4,20321,32624,609,292.0,72.0,2696.0
1783931985.0,20321,32624,609,358.0,72.0,2981.0
1783931985.5,20321,32624,609,313.0,72.0,2742.0
1783931986.1,20321,32624,609,163.0,72.0,2726.0
1783931986.7,20321,32624,609,357.0,72.0,3011.0
1783931987.3,20321,32624,609,319.0,72.0,2741.0
1783931987.9,20321,32624,604,316.0,72.0,2848.0
1783931988.5,20321,32624,604,370.0,72.0,3012.0
1783931989.1,20321,32624,604,313.0,72.0,2790.0
1783931989.7,20321,32624,604,216.0,72.0,2814.0
1783931990.3,20321,32624,604,320.0,72.0,2834.0
1783931990.9,20321,32624,604,299.0,72.0,2723.0
1783931991.5,20321,32624,609,305.0,72.0,2814.0
1783931992.1,20321,32624,609,308.0,72.0,2717.0
1783931992.7,20321,32624,609,269.0,72.0,2984.0
1783931993.3,20321,32624,609,301.0,72.0,3109.0
1783931993.9,20321,32624,609,347.0,72.0,2725.0
1783931994.5,20321,32624,609,243.0,72.0,2915.0
1783931995.1,20321,32624,609,257.0,72.0,2927.0
1783931995.6,20321,32624,609,295.0,72.0,3216.0
1783931996.2,20321,32624,609,263.0,72.0,2729.0
1783931996.8,20321,32624,609,86.0,72.0,2780.0
1783931997.4,20321,32624,609,366.0,72.0,3017.0
1783931998.0,20321,32624,609,298.0,72.0,2694.0
1783931998.6,20321,32624,598,392.0,72.0,3219.0
1783931999.2,20321,32624,598,322.0,72.0,2823.0
1783931999.8,20321,32624,598,283.0,72.0,2613.0
1783932000.4,20321,32624,598,259.0,72.0,2758.0
1783932001.0,20321,32624,598,336.0,72.0,2839.0
1783932001.6,20321,32624,598,306.0,72.0,2709.0
1783932002.2,20321,32624,598,307.0,72.0,2753.0
1783932002.8,20321,32624,606,344.0,72.0,2920.0
1783932003.4,20321,32624,606,313.0,72.0,2724.0
1783932004.0,20321,32624,604,318.0,72.0,3270.0
1783932004.6,20321,32624,604,171.0,72.0,2915.0
1783932005.2,20321,32624,604,297.0,72.0,2763.0
1783932005.7,20321,32624,604,318.0,72.0,2990.0
1783932006.3,20321,32624,604,328.0,72.0,3023.0
1783932006.9,20321,32624,617,305.0,72.0,2732.0
1783932007.5,20321,32624,604,371.0,72.0,2723.0
1783932008.1,20321,32624,604,261.0,72.0,2771.0
1783932008.7,20321,32624,604,289.0,72.0,2886.0
1783932009.3,20321,32624,604,298.0,72.0,2888.0
1783932009.9,20321,32624,604,301.0,72.0,2782.0
1783932010.5,20321,32624,604,349.0,72.0,2771.0
1783932011.1,20321,32624,604,157.0,72.0,2692.0
1783932011.7,20321,32624,604,415.0,72.0,3152.0
1783932012.3,20321,32624,604,322.0,72.0,2851.0
1783932012.9,20321,32624,604,304.0,72.0,2791.0
1783932013.5,20321,32624,604,309.0,72.0,2783.0
1783932014.1,20321,32624,604,299.0,72.0,2716.0
1783932014.7,20321,32624,604,308.0,72.0,2685.0
1783932015.3,20321,32624,604,287.0,72.0,2685.0
1783932015.9,20321,32624,604,266.0,72.0,2851.0
1783932016.4,20321,32624,604,408.0,72.0,3151.0
1783932017.0,20321,32624,604,322.0,72.0,2795.0
1783932017.6,20321,32624,604,316.0,72.0,2810.0
1783932018.2,20321,32624,600,346.0,72.0,2977.0
1783932018.8,20321,32624,600,328.0,72.0,2756.0
1783932019.4,20321,32624,600,310.0,72.0,3104.0
1783932020.0,20321,32624,600,315.0,72.0,2703.0
1783932020.6,20321,32624,600,229.0,72.0,2730.0
1783932021.2,20321,32624,604,44.0,71.0,0.0
1783932021.8,20321,32624,617,269.0,70.0,2462.0
1783932022.4,20321,32624,617,303.0,71.0,2735.0
1783932023.0,20321,32624,617,269.0,72.0,2614.0
1783932023.6,20321,32624,617,305.0,71.0,2714.0
1783932024.1,20321,32624,617,287.0,72.0,2906.0
1783932024.7,20321,32624,617,307.0,72.0,2795.0
1783932025.3,20321,32624,617,208.0,71.0,2664.0
1783932025.9,20321,32624,617,327.0,72.0,3182.0
1783932026.5,20321,32624,617,325.0,72.0,2844.0
1783932027.1,20321,32624,617,238.0,72.0,2745.0
1783932027.7,20321,32624,617,310.0,72.0,2776.0
1783932028.3,20321,32624,617,311.0,72.0,2790.0
1783932028.9,20321,32624,617,279.0,72.0,2819.0
1783932029.5,20321,32624,617,310.0,72.0,3214.0
1783932030.1,20321,32624,617,174.0,72.0,2712.0
1783932030.7,20321,32624,617,326.0,72.0,2939.0
1783932031.3,20321,32624,617,313.0,72.0,2816.0
1783932031.9,20321,32624,617,221.0,72.0,2611.0
1783932032.4,20321,32624,617,333.0,72.0,2895.0
1783932033.0,20321,32624,600,366.0,72.0,3130.0
1783932033.6,20321,32624,600,307.0,72.0,2731.0
1783932034.2,20321,32624,600,347.0,72.0,2719.0
1783932034.8,20321,32624,600,315.0,72.0,3075.0
1783932035.4,20321,32624,600,312.0,72.0,2758.0
1783932036.0,20321,32624,600,263.0,72.0,2662.0
1783932036.6,20321,32624,617,379.0,72.0,3110.0
1783932037.2,20321,32624,617,305.0,72.0,2732.0
1783932037.8,20321,32624,617,310.0,72.0,3280.0
1783932038.4,20321,32624,617,288.0,72.0,2887.0
1783932039.0,20321,32624,617,301.0,72.0,2741.0
1783932039.6,20321,32624,617,296.0,72.0,3212.0
1783932040.2,20321,32624,617,310.0,72.0,2786.0
1783932040.8,20321,32624,617,310.0,72.0,2761.0
1783932041.4,20321,32624,617,273.0,72.0,2668.0
1783932041.9,20321,32624,617,132.0,72.0,2946.0
1783932042.5,20321,32624,617,325.0,72.0,2791.0
1783932043.1,20321,32624,617,320.0,72.0,2744.0
1783932043.7,20321,32624,617,291.0,72.0,2897.0
1783932044.3,20321,32624,617,330.0,72.0,2831.0
1783932044.9,20321,32624,617,316.0,72.0,2796.0
1783932045.5,20321,32624,617,320.0,72.0,2798.0
1783932046.1,20321,32624,602,237.0,70.0,2814.0
1783932046.7,20321,32624,602,337.0,71.0,3007.0
1783932047.3,20321,32624,602,295.0,72.0,2773.0
1783932047.9,20321,32624,598,269.0,72.0,2843.0
1783932048.5,20321,32624,598,317.0,72.0,2728.0
1783932049.1,20321,32624,598,309.0,72.0,3086.0
1783932049.6,20321,32624,598,317.0,72.0,2772.0
1783932050.2,20321,32624,598,248.0,72.0,3202.0
1783932050.8,20321,32624,598,324.0,72.0,2805.0
1783932051.4,20321,32624,602,324.0,71.0,2794.0
1783932052.0,20321,32624,615,261.0,72.0,2850.0
1783932052.6,20321,32624,615,346.0,72.0,2905.0
1783932053.2,20321,32624,615,304.0,72.0,2715.0
1783932053.8,20321,32624,615,270.0,72.0,2669.0
1783932054.4,20321,32624,602,323.0,72.0,2889.0
1783932055.0,20321,32624,602,317.0,72.0,2801.0
1783932055.6,20321,32624,602,339.0,72.0,2721.0
1783932056.2,20321,32624,602,309.0,72.0,2918.0
1783932056.8,20321,32624,602,313.0,72.0,2797.0
1783932057.4,20321,32624,602,364.0,72.0,2721.0
1783932057.9,20321,32624,602,312.0,72.0,2907.0
1783932058.5,20321,32624,602,304.0,72.0,2732.0
1783932059.1,20321,32624,602,311.0,72.0,2788.0
1783932059.7,20321,32624,602,397.0,72.0,3155.0
1783932060.3,20321,32624,602,356.0,72.0,3179.0
1783932060.9,20321,32624,602,303.0,72.0,3085.0
1783932061.5,20321,32624,602,320.0,72.0,2833.0
1783932062.1,20321,32624,602,302.0,72.0,2735.0
1783932062.7,20321,32624,602,315.0,72.0,2807.0
1783932063.3,20321,32624,598,299.0,72.0,2746.0
1783932063.9,20321,32624,598,284.0,72.0,2972.0
1783932064.5,20321,32624,602,336.0,72.0,2954.0
1783932065.1,20321,32624,602,188.0,72.0,2697.0
1783932065.6,20321,32624,602,316.0,72.0,2939.0
1783932066.2,20321,32624,602,314.0,72.0,2769.0
1783932066.8,20321,32624,611,320.0,72.0,2721.0
1783932067.4,20321,32624,611,140.0,72.0,2593.0
1783932068.0,20321,32624,611,319.0,72.0,2833.0
1783932068.6,20321,32624,611,217.0,72.0,2658.0
1783932069.2,20321,32624,611,363.0,72.0,3023.0
1783932069.8,20321,32624,611,308.0,72.0,3121.0
1783932070.4,20321,32624,598,258.0,72.0,2886.0
1783932071.0,20334,32624,610,274.0,72.0,2834.0
1783932071.6,20339,32624,622,320.0,72.0,2932.0
1783932072.2,20372,32624,612,329.0,72.0,3160.0
1783932072.8,20390,32624,616,209.0,72.0,2873.0
1783932073.4,20443,32624,612,327.0,72.0,2907.0
1783932074.0,20468,32624,618,182.0,72.0,2761.0
1783932074.6,20468,32624,618,335.0,72.0,2886.0
1783932075.2,20446,32624,606,325.0,72.0,2844.0
1783932075.8,20423,32624,598,304.0,72.0,2785.0
1783932076.4,20423,32624,600,355.0,72.0,3243.0
1783932077.0,20417,32624,600,360.0,72.0,2935.0
1783932077.6,20436,32624,600,327.0,72.0,2842.0
1783932078.2,20434,32624,606,45.0,71.0,0.0
1783932078.8,20422,32624,610,180.0,70.0,1663.0
1783932079.4,20414,32624,604,193.0,70.0,2032.0
1783932080.0,20414,32624,604,345.0,71.0,3082.0
1783932080.6,20414,32624,604,316.0,71.0,2854.0
1783932081.2,20397,32624,596,287.0,71.0,2845.0
1783932081.8,20397,32624,596,331.0,71.0,2858.0
1783932082.4,20383,32624,594,317.0,71.0,3158.0
1783932083.0,20361,32624,594,179.0,71.0,2942.0
1783932083.6,20357,32624,594,314.0,71.0,2762.0
1783932084.2,20357,32624,594,265.0,71.0,3008.0
1783932084.8,20357,32624,594,342.0,71.0,2921.0
1783932085.4,20357,32624,594,289.0,72.0,2742.0
1783932086.0,20353,32624,594,186.0,71.0,2720.0
1783932086.5,20353,32624,594,334.0,72.0,2963.0
1783932087.1,20353,32624,594,311.0,71.0,2790.0
1783932087.7,20353,32624,594,303.0,71.0,3234.0
1783932088.3,20353,32624,594,304.0,71.0,2954.0
1783932088.9,20353,32624,594,174.0,72.0,2731.0
1783932089.5,20353,32624,594,315.0,71.0,2792.0
1783932090.1,20353,32624,594,270.0,71.0,2639.0
1783932090.7,20353,32624,594,308.0,71.0,2740.0
1783932091.3,20353,32624,594,222.0,71.0,2872.0
1783932091.9,20353,32624,594,259.0,72.0,2957.0
1783932092.5,20353,32624,594,347.0,72.0,3107.0
1783932093.1,20354,32624,594,315.0,72.0,3265.0
1783932093.7,20360,32624,594,317.0,72.0,3244.0
1783932094.3,20360,32624,594,184.0,71.0,2694.0
1783932094.9,20362,32624,594,296.0,71.0,3208.0
1783932095.5,20399,32624,604,258.0,71.0,2680.0
1783932096.1,20396,32624,594,328.0,72.0,2977.0
1783932096.7,20395,32624,596,315.0,72.0,2744.0
1783932097.3,20402,32624,596,175.0,72.0,2729.0
1783932097.9,20402,32624,596,283.0,72.0,2919.0
1783932098.5,20402,32624,596,355.0,72.0,2946.0
1783932099.1,20409,32624,596,331.0,72.0,2887.0
1783932099.7,20409,32624,596,396.0,72.0,3145.0
1783932100.3,20409,32624,596,306.0,72.0,2723.0
1783932100.9,20409,32624,596,311.0,72.0,3260.0
1783932101.5,20421,32624,596,313.0,72.0,3278.0
1783932102.1,20421,32624,596,317.0,72.0,2807.0
1783932102.7,20419,32624,600,252.0,72.0,2866.0
1783932103.3,20420,32624,602,412.0,72.0,3149.0
1783932103.9,20420,32624,602,295.0,71.0,2726.0
1783932104.5,20420,32624,596,326.0,72.0,2681.0
1783932105.1,20416,32624,600,266.0,72.0,2872.0
1783932105.7,20414,32624,600,320.0,72.0,2850.0
1783932106.3,20406,32624,600,308.0,71.0,3266.0
1783932106.9,20401,32624,600,320.0,71.0,3121.0
1783932107.5,20401,32624,600,332.0,72.0,2918.0
1783932108.1,20392,32624,600,323.0,71.0,2813.0
1783932108.7,20410,32624,600,286.0,71.0,2704.0
1783932109.3,20414,32624,600,45.0,71.0,0.0
1783932109.9,20420,32624,600,231.0,70.0,3041.0
1783932110.5,20416,32624,592,338.0,71.0,2903.0
1783932111.1,20423,32624,596,304.0,71.0,2716.0
1783932111.7,20423,32624,596,313.0,71.0,2786.0
1783932112.2,20423,32624,596,233.0,71.0,2891.0
1783932112.8,20423,32624,596,320.0,71.0,2942.0
1783932113.4,20423,32624,596,395.0,71.0,3198.0
1783932114.0,20414,32624,596,309.0,71.0,2767.0
1783932114.6,20407,32624,596,369.0,71.0,3025.0
1783932115.2,20396,32624,594,293.0,71.0,2997.0
1783932115.8,20388,32624,592,324.0,71.0,2774.0
1783932116.4,20388,32624,592,190.0,71.0,3177.0
1783932117.0,20388,32624,592,348.0,71.0,3050.0
1783932117.6,20388,32624,592,337.0,71.0,2666.0
1783932118.2,20388,32624,592,329.0,71.0,2968.0
1783932118.8,20388,32624,592,203.0,71.0,2868.0
1783932119.4,20388,32624,592,321.0,71.0,2868.0
1783932120.0,20388,32624,592,300.0,71.0,2738.0
1783932120.6,20388,32624,592,217.0,71.0,2660.0
1783932121.2,20384,32624,592,301.0,71.0,2739.0
1783932121.8,20384,32624,592,256.0,72.0,2888.0
1783932122.4,20388,32624,594,317.0,71.0,2810.0
1783932123.0,20388,32624,594,344.0,71.0,2778.0
1783932123.6,20388,32624,594,298.0,72.0,2755.0
1783932124.2,20388,32624,594,303.0,71.0,2738.0
1783932124.8,20388,32624,594,273.0,71.0,2679.0
1783932125.4,20388,32624,594,335.0,71.0,3243.0
1783932126.0,20388,32624,594,342.0,71.0,3228.0
1783932126.5,20388,32624,594,319.0,71.0,2874.0
1783932127.1,20388,32624,594,337.0,71.0,3189.0
1783932127.7,20381,32624,592,286.0,72.0,2953.0
1783932128.3,20381,32624,592,277.0,71.0,3199.0
1783932128.9,20381,32624,592,298.0,72.0,2711.0
1783932129.5,20381,32624,592,290.0,71.0,3016.0
1783932130.1,20392,32624,592,189.0,71.0,2872.0
1783932130.7,20392,32624,592,253.0,71.0,2815.0
1783932131.3,20392,32624,592,387.0,71.0,3116.0
1783932131.9,20411,32624,594,311.0,71.0,2792.0
1783932132.5,20411,32624,594,275.0,71.0,2689.0
1783932133.1,20411,32624,594,330.0,71.0,2837.0
1783932133.7,20411,32624,594,317.0,71.0,2759.0
1783932134.3,20411,32624,594,321.0,71.0,2734.0
1783932134.9,20411,32624,594,258.0,71.0,2797.0
1783932135.5,20411,32624,594,313.0,71.0,2778.0
1783932136.1,20411,32624,594,317.0,71.0,2824.0
1783932136.7,20411,32624,594,308.0,71.0,3272.0
1783932137.3,20415,32624,594,294.0,71.0,2885.0
1783932137.9,20415,32624,594,181.0,71.0,2757.0
1783932138.5,20415,32624,594,308.0,71.0,2786.0
1783932139.1,20415,32624,594,321.0,72.0,2956.0
1783932139.7,20415,32624,594,301.0,72.0,2738.0
1783932140.3,20415,32624,594,198.0,72.0,2793.0
1783932140.8,20415,32624,594,322.0,72.0,2848.0
1783932141.4,20415,32624,594,322.0,71.0,2784.0
1783932142.0,20398,32624,592,372.0,72.0,3197.0
1783932142.6,20398,32624,592,311.0,71.0,3260.0
1783932143.2,20398,32624,592,243.0,71.0,2927.0
1783932143.8,20398,32624,592,308.0,71.0,2727.0
1783932144.4,20398,32624,592,258.0,72.0,2843.0
1783932145.0,20398,32624,592,329.0,72.0,3220.0
1783932145.6,20398,32624,592,315.0,72.0,3002.0
1783932146.2,20390,32624,592,333.0,71.0,2733.0
1783932146.8,20394,32624,596,193.0,71.0,2730.0
1783932147.4,20392,32624,598,348.0,71.0,2886.0
1783932148.0,20403,32624,598,305.0,71.0,2726.0
1783932148.6,20403,32624,598,306.0,72.0,3228.0
1783932149.2,20403,32624,598,74.0,72.0,2932.0
1783932149.8,20403,32624,598,323.0,71.0,2963.0
1783932150.4,20403,32624,598,352.0,72.0,2882.0
1783932151.0,20403,32624,598,316.0,72.0,2773.0
1783932151.5,20403,32624,598,313.0,72.0,2943.0
1783932152.1,20403,32624,596,308.0,72.0,3067.0
1783932152.7,20397,32624,596,321.0,72.0,2692.0
1783932153.3,20389,32624,594,314.0,72.0,3266.0
1783932153.9,20378,32624,594,276.0,71.0,2922.0
1783932154.5,20378,32624,594,342.0,72.0,2918.0
1783932155.1,20378,32624,594,320.0,72.0,2977.0
1783932155.7,20378,32624,594,203.0,71.0,3010.0
1783932156.3,20425,32624,600,320.0,72.0,2768.0
1783932156.9,20427,32624,596,333.0,72.0,2898.0
1783932157.5,20427,32624,596,324.0,72.0,2801.0
1783932158.1,20429,32624,602,246.0,72.0,2895.0
1783932158.7,20429,32624,594,243.0,72.0,2970.0
1783932159.3,20429,32624,598,309.0,72.0,2704.0
1783932159.9,20433,32624,600,276.0,71.0,2896.0
1783932160.5,20433,32624,600,306.0,71.0,3085.0
1783932161.1,20434,32624,602,111.0,71.0,3044.0
1783932161.7,20422,32624,602,366.0,72.0,3165.0
1783932162.3,20422,32624,600,283.0,71.0,3225.0
1783932162.9,20422,32624,600,257.0,72.0,2849.0
1783932163.5,20422,32624,600,352.0,71.0,3229.0
1783932164.1,20422,32624,600,301.0,71.0,2775.0
1783932164.6,20421,32624,596,286.0,72.0,2765.0
1783932165.2,20421,32624,596,219.0,72.0,2893.0
1783932165.8,20436,32624,594,345.0,72.0,3094.0
1783932166.4,20433,32624,596,310.0,72.0,2756.0
1783932167.0,20431,32624,598,311.0,72.0,2825.0
1783932167.6,20431,32624,598,285.0,72.0,2966.0
1783932168.2,20431,32624,598,350.0,72.0,2901.0
1783932168.8,20431,32624,598,307.0,72.0,2709.0
1783932169.4,20428,32624,600,316.0,72.0,2827.0
1783932170.0,20428,32624,600,261.0,72.0,2683.0
1783932170.6,20428,32624,600,396.0,72.0,3163.0
1783932171.2,20428,32624,600,320.0,72.0,2969.0
1783932171.8,20428,32624,594,168.0,72.0,3289.0
1783932172.4,20413,32624,594,240.0,72.0,2790.0
1783932173.0,20413,32624,594,361.0,72.0,3163.0
1783932173.6,20413,32624,594,342.0,72.0,3105.0
1783932174.2,20413,32624,594,305.0,72.0,2778.0
1783932174.7,20413,32624,594,165.0,72.0,2531.0
1783932175.3,20413,32624,594,323.0,72.0,3119.0
1783932175.9,20391,32624,594,331.0,72.0,2822.0
1783932176.5,20391,32624,594,300.0,72.0,3271.0
1783932177.1,20387,32624,594,301.0,72.0,3024.0
1783932177.7,20387,32624,594,316.0,72.0,3270.0
1783932178.3,20387,32624,594,291.0,72.0,2758.0
1783932178.9,20387,32624,594,315.0,72.0,3110.0
1783932179.5,20381,32624,594,295.0,72.0,2739.0
1783932180.1,20381,32624,594,200.0,72.0,3154.0
1783932180.7,20381,32624,594,328.0,72.0,2900.0
1783932181.3,20381,32624,594,354.0,72.0,2923.0
1783932181.9,20379,32624,594,361.0,72.0,3003.0
1783932182.5,20379,32624,594,329.0,72.0,2681.0
1783932183.1,20379,32624,594,259.0,72.0,2837.0
1783932183.7,20379,32624,594,303.0,71.0,2753.0
1783932184.2,20379,32624,594,308.0,72.0,3100.0
1783932184.8,20379,32624,594,306.0,72.0,2736.0
1783932185.4,20379,32624,594,275.0,72.0,2922.0
1783932186.0,20379,32624,594,154.0,72.0,2917.0
1783932186.6,20379,32624,594,334.0,72.0,2833.0
1783932187.2,20379,32624,594,315.0,72.0,2756.0
1783932187.8,20379,32624,594,317.0,72.0,2780.0
1783932188.4,20379,32624,594,305.0,72.0,2731.0
1783932189.0,20379,32624,594,179.0,72.0,2760.0
1783932189.6,20379,32624,594,272.0,72.0,2818.0
1783932190.2,20400,32624,610,199.0,72.0,2702.0
1783932190.8,20400,32624,610,278.0,72.0,2602.0
1783932191.4,20400,32624,610,293.0,72.0,2916.0
1783932192.0,20400,32624,610,324.0,72.0,2968.0
1783932192.6,20411,32624,604,313.0,72.0,2834.0
1783932193.2,20411,32624,604,365.0,72.0,2808.0
1783932193.8,20411,32624,604,300.0,72.0,2755.0
1783932194.3,20411,32624,604,180.0,72.0,2582.0
1783932194.9,20403,32624,592,307.0,72.0,3104.0
1783932195.5,20403,32624,592,337.0,72.0,3018.0
1783932196.1,20403,32624,592,299.0,72.0,3262.0
1783932196.7,20403,32624,592,363.0,72.0,3028.0
1783932197.3,20403,32624,592,295.0,72.0,2749.0
1783932197.9,20398,32624,594,163.0,72.0,2725.0
1783932198.5,20398,32624,594,304.0,72.0,2753.0
1783932199.1,20398,32624,594,326.0,72.0,2756.0
1783932199.7,20398,32624,594,343.0,72.0,2749.0
1783932200.3,20398,32624,594,147.0,72.0,2986.0
1783932200.9,20398,32624,594,308.0,72.0,3273.0
1783932201.5,20398,32624,594,196.0,72.0,2949.0
1783932202.1,20398,32624,594,331.0,72.0,2824.0
1783932202.7,20398,32624,594,332.0,72.0,3017.0
1783932203.3,20394,32624,594,345.0,72.0,2898.0
1783932203.9,20394,32624,594,315.0,72.0,2711.0
1783932204.5,20394,32624,594,292.0,72.0,2681.0
1783932205.1,20394,32624,594,294.0,72.0,2757.0
1783932205.7,20394,32624,594,235.0,72.0,2668.0
1783932206.2,20394,32624,594,267.0,72.0,2818.0
1783932206.8,20394,32624,594,259.0,72.0,2814.0
1783932207.4,20390,32624,594,339.0,72.0,2909.0
1783932208.0,20390,32624,594,292.0,72.0,2973.0
1783932208.6,20390,32624,594,266.0,72.0,2983.0
1783932209.2,20390,32624,594,296.0,72.0,2747.0
1783932209.8,20390,32624,594,329.0,72.0,2850.0
1783932210.4,20390,32624,594,46.0,72.0,0.0
1783932211.0,20390,32624,594,226.0,70.0,2844.0
1783932211.6,20390,32624,594,326.0,71.0,2895.0
1783932212.2,20390,32624,594,315.0,71.0,3173.0
1783932212.8,20390,32624,594,324.0,71.0,3086.0
1783932213.4,20390,32624,594,287.0,71.0,2915.0
1783932213.9,20390,32624,594,300.0,71.0,3214.0
1783932214.5,20390,32624,594,278.0,71.0,2792.0
1783932215.1,20387,32624,594,177.0,71.0,3194.0
1783932215.7,20387,32624,594,224.0,71.0,3162.0
1783932216.3,20387,32624,594,350.0,71.0,2746.0
1783932216.9,20387,32624,594,189.0,71.0,2718.0
1783932217.5,20387,32624,594,320.0,71.0,2790.0
1783932218.1,20387,32624,594,328.0,71.0,2761.0
1783932218.7,20387,32624,594,372.0,71.0,3029.0
1783932219.3,20387,32624,594,303.0,71.0,2753.0
1783932219.9,20387,32624,594,289.0,71.0,2915.0
1783932220.5,20385,32624,592,324.0,71.0,2796.0
1783932221.1,20398,32624,596,294.0,71.0,2667.0
1783932221.7,20398,32624,596,356.0,71.0,2883.0
1783932222.3,20398,32624,596,317.0,71.0,2795.0
1783932222.9,20398,32624,596,243.0,71.0,2909.0
1783932223.5,20398,32624,596,299.0,71.0,2683.0
1783932224.1,20398,32624,596,185.0,71.0,2771.0
1783932224.7,20389,32624,594,349.0,71.0,3130.0
1783932225.2,20389,32624,594,330.0,71.0,2868.0
1783932225.8,20389,32624,594,285.0,71.0,2740.0
1783932226.4,20389,32624,594,277.0,71.0,2805.0
1783932227.0,20389,32624,594,324.0,71.0,2855.0
1783932227.6,20389,32624,594,314.0,71.0,3122.0
1783932228.2,20389,32624,594,313.0,71.0,2750.0
1783932228.8,20378,32624,594,305.0,71.0,2965.0
1783932229.4,20378,32624,594,267.0,71.0,2808.0
1783932230.0,20378,32624,594,303.0,71.0,2808.0
1783932230.6,20378,32624,594,315.0,71.0,2835.0
1783932231.2,20378,32624,594,327.0,71.0,2946.0
1783932231.8,20378,32624,594,159.0,71.0,2672.0
1783932232.4,20378,32624,594,321.0,71.0,2851.0
1783932233.0,20378,32624,594,298.0,71.0,2717.0
1783932233.5,20378,32624,594,301.0,71.0,2727.0
1783932234.1,20378,32624,594,132.0,71.0,2910.0
1783932234.7,20378,32624,594,304.0,71.0,2764.0
1783932235.3,20405,32624,596,233.0,71.0,2645.0
1783932235.9,20405,32624,596,45.0,72.0,0.0
1783932236.5,20405,32624,596,261.0,70.0,2444.0
1783932237.1,20405,32624,596,315.0,71.0,2781.0
1783932237.7,20405,32624,596,290.0,71.0,2732.0
1783932238.3,20405,32624,594,336.0,71.0,2742.0
1783932238.9,20405,32624,594,202.0,71.0,2819.0
1783932239.5,20405,32624,594,350.0,71.0,2911.0
1783932240.1,20397,32624,594,311.0,71.0,2726.0
1783932240.6,20397,32624,594,303.0,71.0,3098.0
1783932241.2,20397,32624,594,347.0,71.0,2780.0
1783932241.8,20378,32624,594,187.0,71.0,3120.0
1783932242.4,20382,32624,596,371.0,71.0,3076.0
1783932243.0,20380,32624,596,316.0,71.0,3058.0
1783932243.6,20380,32624,596,312.0,71.0,2811.0
1783932244.2,20380,32624,596,262.0,71.0,2821.0
1783932244.8,20380,32624,596,312.0,72.0,2805.0
1783932245.4,20380,32624,596,318.0,72.0,2765.0
1783932246.0,20380,32624,596,246.0,71.0,2697.0
1783932246.6,20380,32624,594,318.0,71.0,2972.0
1783932247.2,20380,32624,594,306.0,72.0,2754.0
1783932247.8,20380,32624,594,199.0,72.0,2761.0
1783932248.4,20380,32624,594,238.0,71.0,3153.0
1783932249.0,20380,32624,594,314.0,72.0,2797.0
1783932249.5,20378,32624,594,324.0,72.0,2700.0
1783932250.1,20378,32624,594,182.0,71.0,2749.0
1783932250.7,20378,32624,594,257.0,71.0,2814.0
1783932251.3,20378,32624,594,202.0,72.0,2792.0
1783932251.9,20378,32624,594,325.0,72.0,2839.0
1783932252.5,20376,32624,594,310.0,72.0,3080.0
1783932253.1,20376,32624,594,322.0,72.0,3163.0
1783932253.7,20376,32624,594,322.0,72.0,2799.0
1783932254.3,20396,32624,594,227.0,72.0,2760.0
1783932254.9,20396,32624,594,302.0,72.0,2749.0
1783932255.5,20396,32624,594,323.0,72.0,3126.0
1783932256.1,20396,32624,594,392.0,72.0,3136.0
1783932256.7,20394,32624,594,313.0,72.0,2749.0
1783932257.3,20394,32624,594,335.0,72.0,3234.0
1783932257.9,20394,32624,594,281.0,72.0,2887.0
1783932258.5,20394,32624,594,337.0,72.0,2885.0
1783932259.1,20394,32624,594,351.0,72.0,3000.0
1783932259.7,20394,32624,594,304.0,72.0,2761.0
1783932260.3,20376,32624,594,392.0,72.0,3121.0
1783932260.9,20376,32624,594,303.0,72.0,2751.0
1783932261.4,20376,32624,594,230.0,72.0,3162.0
1783932262.0,20376,32624,594,370.0,72.0,3036.0
1783932262.6,20376,32624,594,328.0,72.0,2719.0
1783932263.2,20376,32624,594,277.0,72.0,2954.0
1783932263.8,20376,32624,594,322.0,72.0,2969.0
1783932264.4,20376,32624,594,210.0,72.0,3162.0
1783932265.0,20376,32624,594,302.0,72.0,2812.0
1783932265.6,20376,32624,594,334.0,72.0,3073.0
1783932266.2,20376,32624,594,322.0,71.0,3164.0
1783932266.8,20376,32624,594,134.0,71.0,2603.0
1783932267.4,20413,32624,606,289.0,72.0,3277.0
1783932268.0,20417,32624,606,291.0,72.0,2705.0
1783932268.6,20429,32624,596,314.0,72.0,2820.0
1783932269.2,20429,32624,600,315.0,71.0,2767.0
1783932269.8,20429,32624,598,364.0,72.0,2714.0
1783932270.4,20429,32624,594,341.0,72.0,2929.0
1783932271.0,20425,32624,594,50.0,70.0,1754.0
1783932271.6,20425,32624,594,179.0,70.0,1733.0
1783932272.2,20427,32624,594,244.0,70.0,2083.0
1783932272.8,20424,32624,592,316.0,71.0,2848.0
1783932273.4,20400,32624,594,329.0,71.0,2859.0
1783932274.0,20397,32624,594,180.0,71.0,3100.0
1783932274.6,20393,32624,594,319.0,71.0,2802.0
1783932275.2,20402,32624,594,307.0,71.0,2811.0
1783932275.8,20402,32624,594,313.0,71.0,3119.0
1783932276.4,20402,32624,594,315.0,71.0,3268.0
1783932277.0,20402,32624,598,353.0,71.0,2729.0
1783932277.6,20400,32624,596,311.0,71.0,3089.0
1783932278.2,20400,32624,596,179.0,71.0,2834.0
1783932278.8,20400,32624,596,299.0,71.0,3123.0
1783932279.4,20391,32624,596,352.0,71.0,2976.0
1783932280.0,20391,32624,592,372.0,71.0,3072.0
1783932280.6,20391,32624,594,283.0,71.0,2705.0
1783932281.2,20390,32624,594,310.0,71.0,2796.0
1783932281.8,20390,32624,594,313.0,71.0,2854.0
1783932282.4,20390,32624,594,290.0,71.0,2711.0
1783932283.0,20390,32624,598,315.0,71.0,3179.0
1783932283.6,20390,32624,598,261.0,71.0,2727.0
1783932284.2,20386,32624,596,375.0,71.0,3176.0
1783932284.8,20386,32624,596,303.0,71.0,2702.0
1783932285.4,20386,32624,596,302.0,71.0,3105.0
1783932286.0,20386,32624,596,367.0,71.0,3052.0
1783932286.6,20386,32624,596,306.0,71.0,3243.0
1783932287.2,20393,32624,594,317.0,71.0,3096.0
1783932287.8,20393,32624,594,356.0,71.0,2987.0
1783932288.3,20391,32624,594,288.0,71.0,3095.0
1783932288.9,20391,32624,594,324.0,71.0,2832.0
1783932289.5,20388,32624,594,310.0,71.0,2816.0
1783932290.1,20388,32624,594,271.0,72.0,2868.0
1783932290.7,20388,32624,594,299.0,71.0,2707.0
1783932291.3,20388,32624,594,322.0,71.0,2874.0
1783932291.9,20388,32624,594,299.0,71.0,3082.0
1783932292.5,20380,32624,594,323.0,71.0,3271.0
1783932293.1,20377,32624,594,324.0,71.0,2824.0
1783932293.7,20377,32624,594,320.0,71.0,2891.0
1783932294.3,20377,32624,594,314.0,72.0,3198.0
1783932294.9,20377,32624,594,326.0,71.0,3140.0
1783932295.5,20377,32624,594,364.0,72.0,2893.0
1783932296.1,20377,32624,594,306.0,71.0,2795.0
1783932296.7,20377,32624,594,326.0,71.0,3130.0
1783932297.3,20377,32624,594,311.0,72.0,3272.0
1783932297.9,20377,32624,594,306.0,71.0,2800.0
1783932298.5,20372,32624,592,301.0,71.0,2864.0
1783932299.1,20372,32624,592,324.0,71.0,2871.0
1783932299.7,20372,32624,594,277.0,71.0,2759.0
1783932300.3,20372,32624,594,203.0,71.0,3090.0
1783932300.9,20372,32624,594,308.0,71.0,3080.0
1783932301.5,20372,32624,594,315.0,71.0,2970.0
1783932302.1,20379,32624,596,389.0,72.0,3149.0
1783932302.7,20379,32624,596,315.0,71.0,2658.0
1783932303.3,20379,32624,596,305.0,72.0,3004.0
1783932303.9,20379,32624,596,297.0,71.0,3259.0
1783932304.5,20379,32624,596,317.0,72.0,2725.0
1783932305.1,20379,32624,596,306.0,71.0,2891.0
1783932305.7,20379,32624,596,381.0,72.0,3046.0
1783932306.3,20379,32624,596,317.0,71.0,2739.0
1783932306.9,20379,32624,596,319.0,72.0,3144.0
1783932307.4,20379,32624,594,317.0,72.0,2806.0
1783932308.0,20391,32624,596,313.0,72.0,3098.0
1783932308.6,20391,32624,596,298.0,71.0,2911.0
1783932309.2,20391,32624,596,289.0,72.0,3248.0
1783932309.8,20391,32624,596,329.0,72.0,2795.0
1783932310.4,20391,32624,596,323.0,71.0,2763.0
1783932311.0,20391,32624,596,265.0,72.0,2931.0
1783932311.6,20391,32624,596,322.0,71.0,2840.0
1783932312.2,20391,32624,596,311.0,71.0,2793.0
1783932312.8,20388,32624,594,356.0,71.0,2922.0
1783932313.4,20388,32624,594,350.0,71.0,2906.0
1783932314.0,20388,32624,594,272.0,71.0,3156.0
1783932314.6,20388,32624,594,245.0,71.0,2909.0
1783932315.2,20388,32624,594,392.0,72.0,3168.0
1783932315.8,20380,32624,598,315.0,71.0,2844.0
1783932316.4,20380,32624,598,305.0,72.0,2751.0
1783932317.0,20380,32624,598,343.0,71.0,3230.0
1783932317.6,20380,32624,598,234.0,71.0,2720.0
1783932318.2,20380,32624,598,319.0,72.0,3090.0
1783932318.8,20380,32624,594,231.0,71.0,2658.0
1783932319.4,20380,32624,594,424.0,71.0,3182.0
1783932320.0,20380,32624,594,300.0,71.0,2745.0
1783932320.6,20380,32624,594,308.0,72.0,3086.0
1783932321.2,20378,32624,594,361.0,71.0,2930.0
1783932321.8,20383,32624,594,324.0,71.0,2822.0
1783932322.4,20383,32624,594,329.0,71.0,2774.0
1783932323.0,20391,32624,594,326.0,71.0,3008.0
1783932323.6,20391,32624,594,344.0,71.0,2959.0
1783932324.2,20391,32624,594,323.0,71.0,2820.0
1783932324.8,20403,32624,600,379.0,71.0,3074.0
1783932325.4,20433,32624,604,371.0,71.0,3007.0
1783932326.0,20416,32624,602,256.0,71.0,3228.0
1783932326.6,20416,32624,600,318.0,71.0,3192.0
1783932327.2,20416,32624,600,168.0,71.0,2787.0
1783932327.8,20438,32624,600,432.0,71.0,3154.0
1783932328.4,20434,32624,600,324.0,72.0,2876.0
1783932329.0,20434,32624,600,157.0,71.0,3081.0
1783932329.6,20434,32624,600,318.0,71.0,2817.0
1783932330.2,20434,32624,598,310.0,72.0,2761.0
1783932330.8,20436,32624,600,192.0,72.0,2923.0
1783932331.4,20452,32624,618,330.0,71.0,2828.0
1783932332.0,20436,32624,618,367.0,71.0,3014.0
1783932332.6,20438,32624,600,318.0,72.0,2823.0
1783932333.2,20444,32624,610,317.0,72.0,3148.0
1783932333.8,20446,32624,604,411.0,71.0,3143.0
1783932334.4,20458,32624,604,328.0,71.0,3226.0
1783932335.1,20458,32624,604,317.0,72.0,3261.0
1783932335.6,20458,32624,604,298.0,72.0,3271.0
1783932336.2,20458,32624,598,281.0,72.0,2669.0
1783932336.8,20458,32624,598,306.0,72.0,2692.0
1783932337.4,20454,32624,596,43.0,70.0,11.0
1783932338.0,20451,32624,596,358.0,71.0,3035.0
1783932338.6,20451,32624,596,301.0,71.0,2735.0
1783932339.2,20438,32624,594,215.0,71.0,3267.0
1783932339.8,20427,32624,596,301.0,71.0,2701.0
1783932340.4,20424,32624,596,176.0,71.0,3143.0
1783932341.0,20424,32624,594,362.0,71.0,3146.0
1783932341.6,20424,32624,594,329.0,71.0,2720.0
1783932342.2,20439,32624,600,334.0,71.0,2731.0
1783932342.8,20439,32624,600,303.0,71.0,2678.0
1783932343.4,20439,32624,598,323.0,71.0,3282.0
1783932344.0,20439,32624,598,401.0,71.0,3152.0
1783932344.6,20439,32624,596,175.0,71.0,3274.0
1783932345.2,20439,32624,596,138.0,71.0,3143.0
1783932345.8,20437,32624,594,226.0,72.0,2769.0
1783932346.4,20437,32624,594,327.0,71.0,2696.0
1783932347.0,20434,32624,594,317.0,71.0,3116.0
1783932347.5,20405,32624,594,318.0,71.0,2964.0
1783932348.1,20405,32624,594,235.0,71.0,2999.0
1783932348.7,20405,32624,594,237.0,71.0,2707.0
1783932349.3,20401,32624,594,339.0,71.0,2876.0
1783932349.9,20401,32624,594,297.0,72.0,2728.0
1783932350.5,20401,32624,594,325.0,71.0,2668.0
1783932351.1,20401,32624,594,283.0,71.0,3007.0
1783932351.7,20423,32624,598,303.0,72.0,2858.0
1783932352.3,20423,32624,598,360.0,71.0,2946.0
1783932352.9,20425,32624,596,319.0,72.0,2795.0
1783932353.5,20425,32624,596,143.0,71.0,3289.0
1783932354.1,20425,32624,596,311.0,72.0,3049.0
1783932354.7,20425,32624,596,171.0,71.0,3270.0
1783932355.3,20425,32624,596,192.0,71.0,2667.0
1783932355.9,20422,32624,596,268.0,72.0,2686.0
1783932356.5,20422,32624,596,234.0,71.0,3054.0
1783932357.1,20422,32624,596,329.0,72.0,2866.0
1783932357.7,20422,32624,596,302.0,71.0,3264.0
1783932358.3,20422,32624,596,260.0,71.0,3030.0
1783932358.9,20418,32624,596,317.0,72.0,3244.0
1783932359.5,20418,32624,596,328.0,71.0,2865.0
1783932360.1,20415,32624,594,319.0,72.0,3266.0
1783932360.7,20415,32624,594,338.0,71.0,3247.0
1783932361.3,20415,32624,594,319.0,71.0,2798.0
1783932361.9,20415,32624,594,335.0,72.0,3243.0
1783932362.5,20415,32624,594,208.0,71.0,2889.0
1783932363.1,20415,32624,594,296.0,71.0,2714.0
1783932363.7,20409,32624,594,367.0,71.0,3169.0
1783932364.2,20409,32624,594,193.0,72.0,3127.0
1783932364.8,20405,32624,594,265.0,72.0,2617.0
1783932365.4,20405,32624,594,335.0,71.0,2726.0
1783932366.0,20405,32624,594,342.0,71.0,2675.0
1783932366.6,20436,32624,608,327.0,72.0,3259.0
1783932367.2,20436,32624,608,140.0,72.0,2796.0
1783932367.8,20436,32624,608,335.0,71.0,3231.0
1783932368.4,20436,32624,608,329.0,71.0,2858.0
1783932369.0,20436,32624,596,343.0,72.0,2963.0
1783932369.6,20436,32624,596,252.0,71.0,2849.0
1783932370.2,20438,32624,606,327.0,71.0,2746.0
1783932370.8,20438,32624,606,316.0,71.0,2840.0
1783932371.4,20438,32624,606,184.0,71.0,2998.0
1783932372.0,20434,32624,604,332.0,71.0,3202.0
1783932372.6,20434,32624,600,369.0,71.0,3061.0
1783932373.2,20388,32624,596,296.0,72.0,3251.0
1783932373.8,20392,32624,600,301.0,71.0,2767.0
1783932374.4,20392,32624,600,245.0,72.0,2816.0
1783932375.0,20392,32624,598,154.0,71.0,2873.0
1783932375.6,20392,32624,598,180.0,71.0,3110.0
1783932376.2,20392,32624,596,311.0,71.0,2792.0
1783932376.8,20390,32624,602,317.0,71.0,2791.0
1783932377.4,20390,32624,602,421.0,72.0,3174.0
1783932377.9,20390,32624,602,340.0,71.0,2714.0
1783932378.5,20387,32624,596,287.0,72.0,3249.0
1783932379.1,20387,32624,596,374.0,72.0,3120.0
1783932379.7,20387,32624,596,195.0,71.0,2747.0
1783932380.3,20387,32624,596,306.0,71.0,3269.0
1783932380.9,20387,32624,596,313.0,71.0,2949.0
1783932381.5,20387,32624,596,256.0,72.0,2576.0
1783932382.1,20387,32624,596,324.0,71.0,2809.0
1783932382.7,20377,32624,596,316.0,72.0,2860.0
1783932383.3,20377,32624,596,231.0,72.0,2851.0
1783932383.9,20377,32624,596,192.0,72.0,2402.0
1783932384.5,20365,32624,596,308.0,72.0,2741.0
1783932385.1,20365,32624,596,313.0,72.0,3275.0
1783932385.7,20365,32624,596,215.0,72.0,2699.0
1783932386.3,20370,32624,596,163.0,72.0,3049.0
1783932386.9,20370,32624,596,311.0,72.0,2958.0
1783932387.5,20424,32624,604,261.0,72.0,2677.0
1783932388.1,20439,32624,600,262.0,72.0,2854.0
1783932388.7,20439,32624,604,337.0,72.0,3219.0
1783932389.3,20439,32624,604,358.0,72.0,2889.0
1783932389.9,20439,32624,604,222.0,72.0,2762.0
1783932390.5,20429,32624,596,323.0,71.0,2990.0
1783932391.1,20426,32624,596,232.0,72.0,3055.0
1783932391.7,20426,32624,596,346.0,72.0,3200.0
1783932392.3,20422,32624,598,328.0,72.0,2921.0
1783932392.9,20424,32624,598,343.0,72.0,2966.0
1783932393.5,20415,32624,598,271.0,72.0,2927.0
1783932394.1,20415,32624,598,355.0,71.0,2901.0
1783932394.7,20408,32624,596,329.0,71.0,2841.0
1783932395.3,20408,32624,598,344.0,71.0,2970.0
1783932395.9,20424,32624,600,375.0,72.0,3037.0
1783932396.5,20429,32624,618,307.0,71.0,2792.0
1783932397.1,20458,32624,616,296.0,71.0,2555.0
1783932397.7,20470,32624,598,359.0,71.0,3059.0
1783932398.3,20462,32624,606,360.0,71.0,3097.0
1783932398.9,20468,32624,604,321.0,71.0,3148.0
1783932399.5,20471,32624,612,176.0,72.0,2944.0
1783932400.1,20471,32624,612,320.0,71.0,2810.0
1783932400.7,20471,32624,612,312.0,71.0,2833.0
1783932401.3,20471,32624,612,316.0,71.0,3132.0
1783932401.9,20471,32624,592,339.0,72.0,3075.0
1783932402.5,20471,32624,598,388.0,71.0,3278.0
1783932403.1,20467,32624,598,402.0,72.0,3148.0
1783932403.7,20462,32624,596,289.0,71.0,2781.0
1783932404.3,20474,32624,610,371.0,72.0,3075.0
1783932404.9,20449,32624,600,307.0,72.0,3277.0
1783932405.5,20449,32624,600,181.0,71.0,3207.0
1783932406.1,20449,32624,600,334.0,71.0,2864.0
1783932406.7,20449,32624,600,311.0,71.0,2749.0
1783932407.3,20449,32624,600,300.0,72.0,2951.0
1783932407.9,20447,32624,596,172.0,71.0,3173.0
1783932408.5,20447,32624,600,376.0,72.0,3204.0
1783932409.1,20447,32624,600,327.0,71.0,2812.0
1783932409.7,20447,32624,600,202.0,72.0,2758.0
1783932410.3,20426,32624,596,359.0,71.0,3009.0
1783932410.9,20426,32624,596,317.0,72.0,2925.0
1783932411.5,20426,32624,596,330.0,71.0,2789.0
1783932412.1,20426,32624,596,347.0,71.0,2916.0
1783932412.7,20418,32624,596,266.0,71.0,2959.0
1783932413.3,20418,32624,596,329.0,72.0,3209.0
1783932413.9,20429,32624,610,315.0,72.0,2070.0
1783932414.5,20429,32624,610,343.0,71.0,2918.0
1783932415.1,20502,32624,602,354.0,72.0,2935.0
1783932415.7,20514,32624,612,266.0,71.0,3154.0
1783932416.3,20514,32624,604,319.0,72.0,3138.0
1783932416.9,20514,32624,598,300.0,72.0,3275.0
1783932417.5,20509,32624,600,238.0,72.0,3060.0
1783932418.1,20509,32624,600,155.0,72.0,2689.0
1783932418.7,20509,32624,600,337.0,71.0,3222.0
1783932419.3,20509,32624,600,300.0,71.0,2788.0
1783932419.9,20509,32624,600,312.0,72.0,3241.0
1783932420.5,20475,32624,600,326.0,72.0,3217.0
1783932421.1,20475,32624,600,295.0,72.0,2987.0
1783932421.7,20475,32624,600,313.0,72.0,3275.0
1783932422.3,20475,32624,600,302.0,72.0,3287.0
1783932422.9,20475,32624,600,248.0,72.0,2830.0
1783932423.5,20471,32624,598,319.0,72.0,2957.0
1783932424.1,20471,32624,598,319.0,72.0,2843.0
1783932424.7,20471,32624,598,357.0,71.0,2974.0
1783932425.3,20471,32624,598,314.0,71.0,3114.0
1783932425.8,20471,32624,598,229.0,71.0,3147.0
1783932426.4,20471,32624,598,308.0,71.0,3120.0
1783932427.0,20471,32624,598,289.0,71.0,2971.0
1783932427.6,20471,32624,598,302.0,72.0,3077.0
1783932428.2,20471,32624,598,284.0,72.0,3227.0
1783932428.8,20471,32624,598,319.0,72.0,2879.0
1783932429.4,20463,32624,598,313.0,71.0,3128.0
1783932430.0,20463,32624,598,358.0,71.0,2783.0
1783932430.6,20463,32624,598,316.0,71.0,3282.0
1783932431.2,20463,32624,598,308.0,72.0,2746.0
1783932431.8,20463,32624,598,386.0,72.0,2879.0
1783932432.4,20463,32624,598,334.0,71.0,2852.0
1783932433.0,20460,32624,598,407.0,71.0,3188.0
1783932433.6,20465,32624,600,334.0,71.0,2878.0
1783932434.2,20465,32624,600,311.0,71.0,2861.0
1783932434.8,20465,32624,600,309.0,71.0,2798.0
1783932435.4,20465,32624,600,263.0,71.0,3045.0
1783932436.0,20465,32624,600,375.0,71.0,3026.0
1783932436.6,20465,32624,600,262.0,71.0,2823.0
1783932437.2,20465,32624,600,430.0,71.0,3194.0
1783932437.8,20465,32624,600,381.0,71.0,3128.0
1783932438.4,20465,32624,600,309.0,71.0,3226.0
1783932438.9,20460,32624,598,208.0,71.0,3016.0
1783932439.5,20460,32624,598,370.0,71.0,3078.0
1783932440.1,20460,32624,598,326.0,71.0,2759.0
1783932440.7,20460,32624,598,315.0,72.0,2823.0
1783932441.3,20460,32624,598,305.0,71.0,2892.0
1783932441.9,20460,32624,598,341.0,71.0,3229.0
1783932442.5,20460,32624,598,200.0,71.0,3016.0
1783932443.1,20460,32624,598,317.0,72.0,3126.0
1783932443.7,20460,32624,598,303.0,71.0,2734.0
1783932444.3,20460,32624,598,358.0,72.0,3202.0
1783932444.9,20456,32624,600,329.0,72.0,2865.0
1783932445.5,20454,32624,600,367.0,72.0,3059.0
1783932446.1,20454,32624,600,295.0,71.0,3271.0
1783932446.7,20455,32624,602,205.0,72.0,2627.0
1783932447.3,20465,32624,604,256.0,71.0,3103.0
1783932447.9,20465,32624,606,312.0,71.0,3246.0
1783932448.5,20465,32624,598,373.0,72.0,3057.0
1783932449.1,20466,32624,602,275.0,72.0,2964.0
1783932449.7,20466,32624,602,325.0,72.0,3270.0
1783932450.3,20466,32624,602,313.0,72.0,3278.0
1783932450.9,20466,32624,598,216.0,72.0,2773.0
1783932451.5,20466,32624,598,304.0,72.0,2893.0
1783932452.1,20466,32624,598,369.0,71.0,3046.0
1783932452.7,20470,32624,602,357.0,72.0,3036.0
1783932453.3,20478,32624,606,313.0,72.0,2970.0
1783932453.9,20474,32624,604,347.0,72.0,2890.0
1783932454.5,20474,32624,600,344.0,71.0,2780.0
1783932455.1,20470,32624,600,304.0,72.0,2748.0
1783932455.6,20470,32624,600,186.0,71.0,2689.0
1783932456.2,20470,32624,600,368.0,71.0,2958.0
1783932456.8,20470,32624,600,346.0,71.0,2874.0
1783932457.5,20466,32624,598,289.0,71.0,2775.0
1783932458.0,20466,32624,598,304.0,71.0,2802.0
1783932458.6,20457,32624,598,310.0,71.0,2734.0
1783932459.2,20468,32624,604,291.0,71.0,2748.0
1783932459.8,20468,32624,602,344.0,71.0,2875.0
1783932460.4,20468,32624,598,301.0,71.0,2793.0
1783932461.0,20464,32624,600,320.0,71.0,2745.0
1783932461.6,20464,32624,600,307.0,71.0,2773.0
1783932462.2,20462,32624,600,289.0,71.0,2991.0
1783932462.8,20462,32624,598,430.0,71.0,3152.0
1783932463.4,20462,32624,602,400.0,71.0,3151.0
1783932464.0,20462,32624,600,339.0,71.0,2821.0
1783932464.6,20455,32624,598,323.0,71.0,2798.0
1783932465.2,20457,32624,602,315.0,71.0,2773.0
1783932465.8,20458,32624,602,293.0,71.0,2594.0
1783932466.4,20458,32624,602,212.0,71.0,2774.0
1783932467.0,20458,32624,600,320.0,71.0,3282.0
1783932467.6,20458,32624,600,291.0,71.0,2950.0
1783932468.2,20458,32624,600,309.0,71.0,3262.0
1783932468.8,20458,32624,600,302.0,71.0,3240.0
1783932469.3,20458,32624,600,290.0,71.0,2760.0
1783932469.9,20458,32624,598,334.0,71.0,2846.0
1783932470.5,20466,32624,602,221.0,71.0,3256.0
1783932471.1,20466,32624,600,330.0,71.0,2710.0
1783932471.7,20462,32624,596,312.0,71.0,2850.0
1783932472.3,20462,32624,596,323.0,71.0,2992.0
1783932472.9,20461,32624,596,299.0,71.0,2795.0
1783932473.5,20453,32624,596,332.0,71.0,3109.0
1783932474.1,20453,32624,596,313.0,71.0,3158.0
1783932474.7,20461,32624,602,346.0,71.0,2943.0
1783932475.3,20461,32624,602,326.0,71.0,3108.0
1783932475.9,20461,32624,600,305.0,71.0,2798.0
1783932476.5,20461,32624,600,256.0,71.0,3229.0
1783932477.1,20461,32624,600,301.0,71.0,3076.0
1783932477.7,20461,32624,600,330.0,71.0,2959.0
1783932478.3,20462,32624,598,241.0,71.0,2581.0
1783932478.9,20460,32624,598,270.0,71.0,2667.0
1783932479.5,20460,32624,598,270.0,71.0,2862.0
1783932480.0,20462,32624,598,301.0,71.0,2795.0
1783932480.6,20457,32624,598,338.0,71.0,2919.0
1783932481.2,20451,32624,598,209.0,71.0,2799.0
1783932481.8,20447,32624,598,190.0,71.0,2779.0
1783932482.4,20460,32624,604,315.0,71.0,2754.0
1783932483.0,20460,32624,604,243.0,71.0,2741.0
1783932483.6,20460,32624,604,335.0,71.0,2718.0
1783932484.2,20460,32624,604,304.0,71.0,2768.0
1783932484.8,20468,32624,606,298.0,71.0,2709.0
1783932485.4,20468,32624,606,314.0,71.0,3114.0
1783932486.0,20466,32624,602,319.0,71.0,3121.0
1783932486.6,20466,32624,602,307.0,71.0,2733.0
1783932487.2,20466,32624,602,33.0,69.0,0.0
1783932487.8,20485,32624,598,304.0,70.0,2800.0
1783932488.4,20485,32624,598,307.0,71.0,2740.0
1783932489.0,20485,32624,598,290.0,71.0,2699.0
1783932489.6,20485,32624,598,360.0,71.0,2934.0
1783932490.1,20485,32624,598,310.0,71.0,2744.0
1783932490.7,20477,32624,598,305.0,71.0,2737.0
1783932491.3,20477,32624,598,231.0,71.0,2825.0
1783932491.9,20477,32624,598,344.0,71.0,2890.0
1783932492.5,20477,32624,598,353.0,71.0,2882.0
1783932493.1,20477,32624,598,322.0,71.0,3107.0
1783932493.7,20477,32624,598,345.0,71.0,2876.0
1783932494.3,20477,32624,598,309.0,71.0,2760.0
1783932494.9,20477,32624,598,298.0,71.0,3229.0
1783932495.5,20477,32624,598,314.0,71.0,3281.0
1783932496.1,20477,32624,598,217.0,71.0,3273.0
1783932496.7,20477,32624,598,351.0,71.0,3093.0
1783932497.2,20477,32624,598,324.0,71.0,3197.0
1783932497.8,20486,32624,602,326.0,71.0,2792.0
1783932498.4,20486,32624,600,311.0,71.0,2796.0
1783932499.0,20487,32624,600,319.0,71.0,2781.0
1783932499.6,20487,32624,600,233.0,71.0,2884.0
1783932500.2,20483,32624,600,306.0,71.0,3266.0
1783932500.8,20483,32624,602,313.0,71.0,2771.0
1783932501.4,20481,32624,602,281.0,71.0,3257.0
1783932502.0,20481,32624,604,245.0,71.0,2939.0
1783932502.6,20481,32624,604,382.0,71.0,3124.0
1783932503.2,20481,32624,600,368.0,71.0,3049.0
1783932503.8,20474,32624,602,165.0,71.0,2742.0
1783932504.4,20484,32624,604,323.0,71.0,3252.0
1783932505.0,20484,32624,602,304.0,71.0,2869.0
1783932505.6,20484,32624,602,266.0,71.0,2819.0
1783932506.2,20484,32624,602,356.0,71.0,3034.0
1783932506.8,20478,32624,602,299.0,71.0,2744.0
1783932507.4,20478,32624,602,316.0,71.0,2769.0
1783932508.0,20478,32624,602,355.0,71.0,3198.0
1783932508.5,20484,32624,604,311.0,71.0,2842.0
1783932509.1,20484,32624,604,327.0,71.0,2881.0
1783932509.7,20482,32624,604,339.0,71.0,3090.0
1783932510.3,20482,32624,604,314.0,71.0,2758.0
1783932510.9,20482,32624,604,391.0,71.0,3102.0
1783932511.5,20482,32624,600,317.0,71.0,2795.0
1783932512.1,20482,32624,600,247.0,71.0,2850.0
1783932512.7,20482,32624,600,347.0,71.0,2926.0
1783932513.3,20482,32624,600,303.0,71.0,2745.0
1783932513.9,20482,32624,600,341.0,71.0,2714.0
1783932514.5,20474,32624,600,212.0,71.0,2630.0
1783932515.1,20474,32624,600,268.0,71.0,2846.0
1783932515.6,20474,32624,600,300.0,71.0,2745.0
1783932516.2,20474,32624,600,344.0,71.0,2892.0
1783932516.8,20474,32624,600,312.0,71.0,2890.0
1783932517.4,20474,32624,600,221.0,71.0,2571.0
1783932518.0,20470,32624,602,171.0,71.0,3125.0
1783932518.6,20470,32624,602,346.0,71.0,2910.0
1783932519.2,20470,32624,602,295.0,71.0,3039.0
1783932519.8,20470,32624,602,317.0,71.0,3270.0
1783932520.4,20470,32624,602,311.0,71.0,3263.0
1783932521.0,20470,32624,602,215.0,71.0,2956.0
1783932521.6,20470,32624,602,297.0,71.0,3055.0
1783932522.1,20470,32624,602,336.0,71.0,3198.0
1783932522.7,20464,32624,602,324.0,71.0,3226.0
1783932523.3,20464,32624,602,401.0,71.0,3159.0
1783932523.9,20464,32624,602,303.0,71.0,2770.0
1783932524.5,20464,32624,602,310.0,71.0,2772.0
1783932525.1,20464,32624,602,286.0,71.0,3250.0
1783932525.7,20464,32624,602,241.0,71.0,3250.0
1783932526.3,20464,32624,602,302.0,71.0,3111.0
1783932526.9,20464,32624,602,161.0,71.0,2637.0
1783932527.5,20464,32624,602,311.0,71.0,2768.0
1783932528.1,20464,32624,602,301.0,71.0,2720.0
1783932528.7,20485,32624,606,312.0,71.0,2769.0
1783932529.3,20488,32624,606,303.0,71.0,3083.0
1783932529.9,20490,32624,602,276.0,71.0,2878.0
1783932530.5,20492,32624,618,326.0,71.0,3183.0
1783932531.0,20494,32624,618,278.0,71.0,2883.0
1783932531.6,20494,32624,606,208.0,71.0,2704.0
1783932532.2,20490,32624,606,386.0,71.0,3102.0
1783932532.8,20490,32624,604,330.0,71.0,2814.0
1783932533.5,20490,32624,602,205.0,71.0,2682.0
1783932534.1,20488,32624,602,320.0,71.0,3161.0
1783932534.6,20488,32624,602,324.0,71.0,2854.0
1783932535.2,20488,32624,602,333.0,71.0,2945.0
1783932535.8,20488,32624,602,314.0,71.0,2751.0
1783932536.4,20488,32624,602,300.0,71.0,2704.0
1783932537.0,20488,32624,604,321.0,71.0,2717.0
1783932537.6,20488,32624,604,274.0,71.0,2831.0
1783932538.2,20484,32624,604,236.0,71.0,3022.0
1783932538.8,20484,32624,600,350.0,71.0,2933.0
1783932539.4,20483,32624,600,305.0,71.0,2763.0
1783932540.0,20483,32624,600,272.0,71.0,3224.0
1783932540.6,20483,32624,600,294.0,71.0,2714.0
1783932541.2,20475,32624,600,304.0,71.0,3262.0
1783932541.8,20475,32624,600,285.0,71.0,3127.0
1783932542.3,20475,32624,600,326.0,71.0,3083.0
1783932542.9,8426,32624,96,122.0,70.0,3298.0
1783932543.5,857,32624,96,29.0,68.0,0.0
1783932544.1,844,32624,80,16.0,67.0,0.0
1783932544.7,844,32624,80,15.0,67.0,0.0
1783932545.3,844,32624,80,21.0,66.0,32.0
1783932545.9,844,32624,80,14.0,66.0,0.0
1783932546.5,855,32624,80,33.0,66.0,0.0
1783932547.1,855,32624,80,16.0,65.0,0.0
1783932547.7,855,32624,80,15.0,65.0,0.0
1783932548.3,866,32624,94,37.0,64.0,108.0
1783932548.9,866,32624,86,15.0,64.0,0.0
1783932549.5,868,32624,84,16.0,64.0,0.0
1783932550.1,868,32624,84,15.0,63.0,0.0
1783932550.7,868,32624,84,15.0,63.0,0.0
1783932551.3,868,32624,84,15.0,62.0,0.0
1783932551.9,868,32624,84,14.0,62.0,0.0
1783932552.4,889,32624,98,15.0,62.0,0.0
1783932553.0,869,32624,86,35.0,62.0,1552.0
1783932553.6,896,32624,106,26.0,62.0,1484.0
1783932554.2,902,32624,104,35.0,61.0,961.0
1783932554.8,919,32624,98,15.0,61.0,0.0
1783932555.4,921,32624,94,16.0,60.0,0.0
1783932556.0,921,32624,94,16.0,60.0,0.0
1783932556.6,921,32624,82,13.0,60.0,0.0
1783932557.2,909,32624,86,35.0,60.0,16.0
1783932557.8,907,32624,86,20.0,59.0,23.0
1783932558.4,908,32624,82,35.0,59.0,1421.0
1783932559.0,917,32624,80,27.0,59.0,0.0
1783932559.6,919,32624,80,14.0,58.0,0.0
1783932560.2,920,32624,82,15.0,58.0,0.0
1783932560.8,920,32624,82,14.0,58.0,0.0
1783932561.4,918,32624,82,24.0,58.0,1197.0
1783932562.0,918,32624,82,15.0,57.0,0.0
1783932562.6,918,32624,82,15.0,57.0,0.0
1783932563.2,918,32624,82,14.0,57.0,0.0
1783932563.8,918,32624,82,13.0,57.0,0.0
1783932564.4,915,32624,82,34.0,56.0,1238.0
1783932565.0,910,32624,82,26.0,57.0,0.0
1783932565.6,924,32624,88,26.0,56.0,0.0
1783932566.2,926,32624,88,15.0,56.0,0.0
1783932566.8,926,32624,80,15.0,56.0,0.0
1783932567.4,16546,32624,80,29.0,56.0,0.0
1783932568.0,16539,32624,80,26.0,55.0,234.0
1783932568.6,16507,32624,100,37.0,56.0,1489.0
1783932569.2,16482,32624,94,37.0,55.0,1556.0
1783932569.8,16497,32624,92,35.0,55.0,80.0
1783932570.4,16497,32624,84,21.0,55.0,0.0
1783932571.0,16486,32624,76,20.0,55.0,0.0
1783932571.6,20464,32624,511,46.0,55.0,58.0
1783932572.2,20466,32624,511,26.0,54.0,0.0
1783932572.8,20475,32624,581,167.0,55.0,1710.0
1783932573.4,20475,32624,583,206.0,56.0,1966.0
1783932574.0,20484,32624,603,236.0,57.0,2645.0
1783932574.6,20438,32624,601,292.0,58.0,3086.0
1783932575.2,20450,32624,601,333.0,58.0,3117.0
1783932575.8,20450,32624,601,308.0,59.0,2847.0
1783932576.4,20451,32624,607,283.0,59.0,2978.0
1783932577.0,20441,32624,607,352.0,59.0,3058.0
1783932577.6,20441,32624,607,130.0,60.0,3014.0
1783932578.2,20443,32624,591,301.0,60.0,2829.0
1783932578.8,20441,32624,589,206.0,60.0,3280.0
1783932579.4,20442,32624,583,305.0,60.0,2821.0
1783932580.0,20444,32624,587,232.0,60.0,2908.0
1783932580.6,20449,32624,585,321.0,61.0,2842.0
1783932581.2,20428,32624,583,345.0,61.0,3127.0
1783932581.8,20428,32624,583,392.0,61.0,3159.0
1783932582.4,20418,32624,585,370.0,61.0,3121.0
1783932583.0,20418,32624,585,327.0,62.0,2777.0
1783932583.6,20418,32624,581,327.0,62.0,3018.0
1783932584.2,20424,32624,585,186.0,62.0,2732.0
1783932584.8,20424,32624,585,302.0,62.0,3160.0
1783932585.4,20424,32624,585,310.0,63.0,2836.0
1783932586.0,20415,32624,585,193.0,62.0,2779.0
1783932586.6,20415,32624,585,385.0,63.0,3287.0
1783932587.2,20411,32624,585,334.0,63.0,2944.0
1783932587.8,20411,32624,585,296.0,63.0,2973.0
1783932588.4,20411,32624,585,359.0,63.0,3077.0
1783932589.0,20408,32624,585,282.0,63.0,3292.0
1783932589.6,20408,32624,585,184.0,64.0,3153.0
1783932590.1,20407,32624,585,153.0,64.0,2969.0
1783932590.7,20417,32624,587,324.0,64.0,2913.0
1783932591.3,20422,32624,607,309.0,64.0,2817.0
1783932591.9,20417,32624,585,253.0,64.0,2879.0
1783932592.5,20411,32624,583,333.0,64.0,2959.0
1783932593.1,20411,32624,587,306.0,64.0,2785.0
1783932593.7,20411,32624,587,68.0,64.0,3267.0
1783932594.3,20411,32624,587,306.0,65.0,3207.0
1783932594.9,20411,32624,587,305.0,65.0,2872.0
1783932595.5,20411,32624,587,317.0,65.0,2839.0
1783932596.1,20411,32624,581,294.0,65.0,2958.0
1783932596.7,20375,32624,583,371.0,65.0,3204.0
1783932597.3,20375,32624,583,276.0,65.0,2935.0
1783932597.9,20375,32624,583,288.0,65.0,3296.0
1783932598.5,20375,32624,583,271.0,66.0,3080.0
1783932599.1,20375,32624,583,409.0,66.0,3161.0
1783932599.7,20375,32624,583,305.0,66.0,3287.0
1783932600.3,20375,32624,583,340.0,66.0,2910.0
1783932600.9,20375,32624,583,297.0,66.0,3270.0
1783932601.5,20375,32624,583,310.0,66.0,2824.0
1783932602.1,20375,32624,583,329.0,66.0,2826.0
1783932602.6,20375,32624,583,196.0,66.0,3281.0
1783932603.2,20371,32624,583,348.0,66.0,3255.0
1783932603.8,20371,32624,583,404.0,66.0,3183.0
1783932604.4,20371,32624,583,315.0,66.0,2859.0
1783932605.0,20377,32624,583,364.0,66.0,3246.0
1783932605.6,20382,32624,583,323.0,67.0,2858.0
1783932606.2,20382,32624,583,335.0,67.0,3221.0
1783932606.8,20382,32624,583,315.0,67.0,2852.0
1783932607.4,20385,32624,583,345.0,67.0,2832.0
1783932608.0,20395,32624,585,308.0,67.0,2962.0
1783932608.6,20453,32624,625,132.0,67.0,3176.0
1783932609.2,20442,32624,619,329.0,67.0,2872.0
1783932609.8,20442,32624,585,230.0,67.0,3279.0
1783932610.4,20444,32624,603,300.0,67.0,2778.0
1783932611.0,20445,32624,593,320.0,67.0,2862.0
1783932611.6,20445,32624,593,339.0,67.0,2695.0
1783932612.2,20437,32624,593,288.0,68.0,2893.0
1783932612.8,20437,32624,593,314.0,67.0,2876.0
1783932613.4,20437,32624,593,242.0,67.0,2635.0
1783932614.0,20437,32624,593,376.0,67.0,3115.0
1783932614.6,20426,32624,581,342.0,68.0,3127.0
1783932615.2,20422,32624,589,362.0,68.0,3082.0
1783932615.8,20422,32624,589,354.0,68.0,3033.0
1783932616.4,20422,32624,585,324.0,68.0,2747.0
1783932617.0,20422,32624,585,399.0,68.0,3155.0
1783932617.6,20422,32624,593,319.0,68.0,2793.0
1783932618.2,20422,32624,593,302.0,68.0,2746.0
1783932618.8,20424,32624,593,240.0,68.0,2938.0
1783932619.4,20424,32624,593,377.0,68.0,3049.0
1783932620.0,20424,32624,593,321.0,68.0,2901.0
1783932620.6,20424,32624,583,179.0,68.0,2693.0
1783932621.2,20424,32624,583,170.0,68.0,2584.0
1783932621.8,20424,32624,583,262.0,68.0,2858.0
1783932622.4,20424,32624,583,327.0,68.0,2921.0
1783932623.0,20424,32624,583,361.0,68.0,2724.0
1783932623.5,20424,32624,585,293.0,68.0,2670.0
1783932624.2,20415,32624,585,296.0,68.0,2894.0
1783932624.8,20463,32624,605,302.0,68.0,3274.0
1783932625.4,20442,32624,591,290.0,69.0,3265.0
1783932625.9,20442,32624,591,316.0,69.0,3284.0
1783932626.5,20442,32624,589,299.0,69.0,3193.0
1783932627.1,20442,32624,589,312.0,69.0,3146.0
1783932627.7,20442,32624,589,362.0,68.0,2927.0
1783932628.3,20438,32624,623,316.0,69.0,3242.0
1783932628.9,20425,32624,585,306.0,69.0,3138.0
1783932629.5,20425,32624,585,305.0,69.0,3278.0
1783932630.1,20425,32624,595,313.0,69.0,3282.0
1783932630.7,20426,32624,585,352.0,69.0,2978.0
1783932631.3,20424,32624,583,353.0,69.0,2996.0
1783932631.9,20424,32624,583,237.0,69.0,3144.0
1783932632.5,20424,32624,583,337.0,69.0,3225.0
1783932633.1,20428,32624,597,288.0,69.0,2738.0
1783932633.7,20428,32624,597,326.0,69.0,2934.0
1783932634.3,20430,32624,583,304.0,69.0,2820.0
1783932634.9,20430,32624,583,309.0,69.0,2819.0
1783932635.5,20406,32624,585,305.0,69.0,2773.0
1783932636.1,20406,32624,585,304.0,69.0,2604.0
1783932636.7,20406,32624,585,371.0,69.0,3055.0
1783932637.3,20406,32624,585,280.0,69.0,2873.0
1783932637.9,20406,32624,585,367.0,69.0,3044.0
1783932638.5,20406,32624,585,303.0,69.0,2817.0
1783932639.1,20406,32624,585,312.0,69.0,2764.0
1783932639.7,20406,32624,585,315.0,69.0,3110.0
1783932640.3,20406,32624,585,308.0,69.0,3078.0
1783932640.9,20406,32624,585,309.0,69.0,3276.0
1783932641.5,20406,32624,585,298.0,69.0,2763.0
1783932642.0,20406,32624,585,268.0,69.0,2870.0
1783932642.6,20401,32624,581,292.0,69.0,2938.0
1783932643.2,20401,32624,581,316.0,69.0,2832.0
1783932643.8,20397,32624,581,318.0,69.0,2792.0
1783932644.4,20397,32624,581,309.0,69.0,2734.0
1783932645.0,20397,32624,581,222.0,69.0,2834.0
1783932645.6,20397,32624,581,182.0,69.0,3242.0
1783932646.2,20398,32624,581,312.0,69.0,2824.0
1783932646.8,20398,32624,581,313.0,69.0,2786.0
1783932647.4,20400,32624,581,306.0,70.0,2687.0
1783932648.0,20400,32624,581,295.0,70.0,2747.0
1783932648.6,20400,32624,581,283.0,69.0,2589.0
1783932649.2,20400,32624,581,288.0,70.0,2738.0
1783932649.8,20400,32624,581,278.0,70.0,3249.0
1783932650.4,20400,32624,581,315.0,69.0,2765.0
1783932651.0,20400,32624,581,321.0,69.0,2992.0
1783932651.6,20400,32624,581,335.0,70.0,3229.0
1783932652.2,20399,32624,581,344.0,70.0,3236.0
1783932652.8,20399,32624,581,316.0,70.0,3266.0
1783932653.4,20399,32624,581,183.0,70.0,3241.0
1783932654.0,20399,32624,581,291.0,70.0,3205.0
1783932654.5,20399,32624,581,404.0,70.0,3232.0
1783932655.1,20399,32624,581,331.0,70.0,2798.0
1783932655.7,20399,32624,581,316.0,70.0,2751.0
1783932656.3,20399,32624,581,181.0,70.0,2586.0
1783932656.9,20399,32624,581,181.0,70.0,2710.0
1783932657.5,20393,32624,581,354.0,70.0,2902.0
1783932658.1,20393,32624,581,331.0,70.0,2868.0
1783932658.7,20393,32624,581,313.0,70.0,2944.0
1783932659.3,20393,32624,581,274.0,70.0,2917.0
1783932659.9,20399,32624,583,314.0,70.0,2785.0
1783932660.5,20399,32624,583,320.0,70.0,3282.0
1783932661.1,20399,32624,583,288.0,70.0,2944.0
1783932661.7,20399,32624,583,364.0,70.0,2943.0
1783932662.3,20399,32624,583,348.0,70.0,2900.0
1783932662.9,20399,32624,583,316.0,70.0,2821.0
1783932663.5,20405,32624,591,54.0,67.0,2571.0
1783932664.1,20405,32624,593,293.0,68.0,2469.0
1783932664.7,20405,32624,591,264.0,69.0,2711.0
1783932665.3,20405,32624,591,366.0,69.0,3082.0
1783932665.9,20405,32624,591,318.0,69.0,2899.0
1783932666.5,20405,32624,591,310.0,69.0,2761.0
1783932667.1,20401,32624,589,285.0,69.0,3261.0
1783932667.7,20401,32624,589,262.0,69.0,3247.0
1783932668.2,20401,32624,589,305.0,70.0,3093.0
1783932668.8,20401,32624,589,312.0,70.0,2695.0
1783932669.4,20401,32624,589,251.0,70.0,3076.0
1783932670.0,20401,32624,589,344.0,70.0,2988.0
1783932670.6,20411,32624,593,299.0,70.0,2706.0
1783932671.2,20415,32624,593,310.0,70.0,2681.0
1783932671.8,20415,32624,593,257.0,70.0,2815.0
1783932672.4,20442,32624,619,317.0,70.0,2813.0
1783932673.0,20464,32624,621,334.0,70.0,2894.0
1783932673.6,20462,32624,621,308.0,70.0,2801.0
1783932674.2,20462,32624,621,315.0,70.0,2770.0
1783932674.8,20423,32624,611,290.0,70.0,2666.0
1783932675.4,20423,32624,611,339.0,70.0,3240.0
1783932676.0,20421,32624,601,302.0,70.0,2754.0
1783932676.6,20413,32624,601,211.0,70.0,2871.0
1783932677.2,20413,32624,601,317.0,70.0,2834.0
1783932677.8,20413,32624,603,317.0,70.0,2836.0
1783932678.4,20437,32624,623,311.0,70.0,2747.0
1783932679.0,20457,32624,635,222.0,70.0,2813.0
1783932679.6,20466,32624,633,354.0,70.0,3181.0
1783932680.2,20428,32624,601,316.0,70.0,2822.0
1783932680.7,20428,32624,589,286.0,70.0,2924.0
1783932681.3,20428,32624,589,324.0,70.0,2859.0
1783932681.9,20413,32624,589,325.0,70.0,2793.0
1783932682.5,20413,32624,589,256.0,70.0,2936.0
1783932683.1,20430,32624,597,321.0,70.0,2844.0
1783932683.7,20417,32624,595,303.0,70.0,2752.0
1783932684.3,20475,32624,629,294.0,70.0,2894.0
1783932684.9,20468,32624,604,305.0,70.0,3257.0
1783932685.5,20470,32624,595,251.0,70.0,3247.0
1783932686.1,20473,32624,599,293.0,70.0,3249.0
1783932686.7,20444,32624,599,162.0,70.0,2744.0
1783932687.3,20444,32624,599,309.0,70.0,3269.0
1783932687.9,20412,32624,591,304.0,70.0,2747.0
1783932688.5,20428,32624,599,310.0,70.0,2830.0
1783932689.1,20424,32624,597,302.0,70.0,2757.0
1783932689.7,20424,32624,597,261.0,70.0,2865.0
1783932690.3,20424,32624,591,339.0,70.0,3072.0
1783932690.8,20413,32624,593,320.0,70.0,2805.0
1783932691.4,20413,32624,593,303.0,70.0,2742.0
1783932692.0,20413,32624,593,311.0,70.0,3264.0
1783932692.6,20413,32624,593,201.0,70.0,3012.0
1783932693.2,20402,32624,591,272.0,70.0,3255.0
1783932693.8,20394,32624,593,335.0,70.0,3245.0
1783932694.4,20394,32624,593,233.0,70.0,3176.0
1783932695.0,20389,32624,591,311.0,70.0,2756.0
1783932695.6,20386,32624,593,412.0,70.0,3187.0
1783932696.2,20390,32624,591,366.0,70.0,2698.0
1783932696.8,20390,32624,591,311.0,70.0,3050.0
1783932697.4,20390,32624,591,345.0,70.0,3112.0
1783932698.0,20390,32624,591,319.0,70.0,2778.0
1783932698.6,20392,32624,589,385.0,70.0,3071.0
1783932699.2,20392,32624,591,285.0,70.0,2844.0
1783932699.8,20392,32624,591,189.0,70.0,2726.0
1783932700.3,20392,32624,591,323.0,70.0,2912.0
1783932700.9,20392,32624,591,305.0,70.0,2694.0
1783932701.5,20389,32624,591,318.0,70.0,3280.0
1783932702.1,20389,32624,591,328.0,70.0,2905.0
1783932702.7,20424,32624,601,371.0,70.0,3177.0
1783932703.3,20470,32624,611,312.0,70.0,2828.0
1783932703.9,20484,32624,607,325.0,70.0,2807.0
1783932704.5,20492,32624,609,302.0,71.0,2771.0
1783932705.1,20492,32624,607,308.0,70.0,2810.0
1783932705.7,20460,32624,603,365.0,71.0,3073.0
1783932706.3,20457,32624,603,310.0,71.0,2770.0
1783932706.9,20457,32624,603,319.0,70.0,2813.0
1783932707.5,20457,32624,603,246.0,71.0,2565.0
1783932708.1,20455,32624,597,369.0,71.0,3042.0
1783932708.7,20451,32624,599,311.0,71.0,2943.0
1783932709.3,20451,32624,599,281.0,70.0,2958.0
1783932709.9,20417,32624,599,321.0,71.0,2892.0
1783932710.5,20417,32624,599,290.0,71.0,3176.0
1783932711.1,20417,32624,599,310.0,70.0,3237.0
1783932711.7,20406,32624,599,305.0,70.0,2754.0
1783932712.3,20406,32624,599,160.0,71.0,2689.0
1783932712.9,20412,32624,607,352.0,71.0,2906.0
1783932713.5,20412,32624,603,342.0,71.0,3231.0
1783932714.1,20412,32624,605,366.0,71.0,3191.0
1783932714.7,20412,32624,605,186.0,71.0,2712.0
1783932715.3,20410,32624,605,320.0,71.0,2931.0
1783932715.9,20410,32624,605,213.0,71.0,2911.0
1783932716.5,20410,32624,605,315.0,71.0,2894.0
1783932717.1,20415,32624,601,282.0,70.0,2727.0
1783932717.7,20415,32624,601,260.0,70.0,2753.0
1783932718.2,20415,32624,601,324.0,71.0,3283.0
1783932718.8,20395,32624,601,341.0,71.0,3234.0
1783932719.4,20395,32624,601,262.0,71.0,2881.0
1783932720.0,20395,32624,597,351.0,70.0,3237.0
1783932720.6,20411,32624,609,322.0,71.0,2941.0
1783932721.2,20411,32624,609,389.0,71.0,3086.0
1783932721.8,20415,32624,607,324.0,71.0,2655.0
1783932722.4,20415,32624,607,325.0,71.0,3184.0
1783932723.0,20415,32624,599,300.0,71.0,2713.0
1783932723.6,20415,32624,601,280.0,71.0,2825.0
1783932724.2,20415,32624,601,360.0,71.0,3208.0
1783932724.8,20415,32624,601,306.0,71.0,2796.0
1783932725.4,20446,32624,607,316.0,71.0,2679.0
1783932726.0,20448,32624,607,318.0,71.0,2869.0
1783932726.6,20448,32624,607,280.0,71.0,2870.0
1783932727.2,20448,32624,607,325.0,70.0,3172.0
1783932727.8,20448,32624,599,307.0,71.0,3086.0
1783932728.4,20431,32624,601,302.0,71.0,2729.0
1783932729.0,20442,32624,603,154.0,71.0,2722.0
1783932729.6,20442,32624,601,318.0,71.0,2968.0
1783932730.2,20442,32624,601,329.0,71.0,2791.0
1783932730.8,20442,32624,597,398.0,71.0,3236.0
1783932731.4,20442,32624,595,368.0,70.0,3049.0
1783932732.0,20442,32624,595,321.0,71.0,2835.0
1783932732.5,20421,32624,595,339.0,71.0,3075.0
1783932733.1,20421,32624,595,310.0,71.0,3129.0
1783932733.7,20421,32624,595,329.0,71.0,3032.0
1783932734.3,20410,32624,605,399.0,71.0,3173.0
1783932734.9,20406,32624,595,287.0,71.0,3011.0
1783932735.5,20406,32624,595,317.0,71.0,2768.0
1783932736.1,20414,32624,597,203.0,71.0,2560.0
1783932736.7,20416,32624,597,252.0,71.0,2902.0
1783932737.3,20416,32624,589,180.0,71.0,2948.0
1783932737.9,20416,32624,589,300.0,70.0,2817.0
1783932738.5,20437,32624,603,321.0,71.0,2936.0
1783932739.1,20437,32624,599,330.0,71.0,2862.0
1783932739.7,20437,32624,599,331.0,71.0,3066.0
1783932740.3,20437,32624,597,312.0,71.0,2835.0
1783932740.9,20437,32624,597,301.0,71.0,2762.0
1783932741.5,20435,32624,597,312.0,71.0,2707.0
1783932742.1,20425,32624,597,319.0,71.0,2998.0
1783932742.7,20402,32624,597,317.0,71.0,2776.0
1783932743.3,20404,32624,597,315.0,71.0,2731.0
1783932743.9,20401,32624,599,321.0,71.0,2711.0
1783932744.5,20401,32624,599,361.0,71.0,2714.0
1783932745.1,20397,32624,597,283.0,71.0,2889.0
1783932745.7,20401,32624,597,285.0,71.0,2853.0
1783932746.3,20401,32624,597,263.0,70.0,3267.0
1783932746.9,20401,32624,597,407.0,71.0,3196.0
1783932747.5,20392,32624,593,321.0,71.0,3109.0
1783932748.1,20384,32624,595,136.0,70.0,3208.0
1783932748.7,20407,32624,597,232.0,71.0,3080.0
1783932749.3,20407,32624,597,403.0,71.0,3166.0
1783932749.9,20407,32624,597,178.0,71.0,3015.0
1783932750.5,20407,32624,597,337.0,71.0,2901.0
1783932751.1,20407,32624,597,307.0,71.0,3075.0
1783932751.6,20407,32624,595,320.0,70.0,3281.0
1783932752.2,20416,32624,599,359.0,70.0,3130.0
1783932752.8,20416,32624,599,284.0,71.0,3277.0
1783932753.4,20418,32624,599,276.0,70.0,2583.0
1783932754.0,20418,32624,595,331.0,71.0,3261.0
1783932754.6,20405,32624,595,335.0,71.0,3215.0
1783932755.2,20405,32624,595,304.0,71.0,2645.0
1783932755.8,20412,32624,599,229.0,70.0,3068.0
1783932756.4,20412,32624,595,282.0,71.0,2751.0
1783932757.0,20410,32624,595,267.0,71.0,3037.0
1783932757.6,20414,32624,595,306.0,71.0,2760.0
1783932758.2,20414,32624,595,312.0,71.0,3070.0
1783932758.8,20414,32624,595,303.0,71.0,3240.0
1783932759.4,20408,32624,597,344.0,71.0,2925.0
1783932760.0,20408,32624,597,296.0,71.0,3281.0
1783932760.6,20408,32624,595,315.0,71.0,2744.0
1783932761.2,20408,32624,595,349.0,71.0,2718.0
1783932761.8,20415,32624,597,221.0,71.0,2645.0
1783932762.4,20415,32624,597,342.0,71.0,2912.0
1783932763.0,20415,32624,597,274.0,71.0,2997.0
1783932763.5,20429,32624,607,315.0,71.0,2956.0
1783932764.1,20433,32624,607,307.0,71.0,3250.0
1783932764.7,20472,32624,611,289.0,71.0,3029.0
1783932765.3,20472,32624,611,372.0,71.0,3070.0
1783932765.9,20483,32624,605,287.0,71.0,3264.0
1783932766.5,20477,32624,599,313.0,71.0,2741.0
1783932767.1,20477,32624,599,317.0,71.0,2784.0
1783932767.7,20477,32624,599,300.0,71.0,2720.0
1783932768.3,20477,32624,599,310.0,71.0,2754.0
1783932768.9,20438,32624,599,252.0,71.0,3212.0
1783932769.5,20376,32624,589,422.0,71.0,3192.0
1783932770.1,20376,32624,589,295.0,71.0,2783.0
1783932770.7,20425,32624,607,278.0,71.0,2688.0
1783932771.3,20425,32624,607,259.0,71.0,2552.0
1783932771.9,20425,32624,607,289.0,71.0,2776.0
1783932772.5,20425,32624,599,350.0,71.0,3247.0
1783932773.1,20425,32624,599,350.0,71.0,3013.0
1783932773.7,20418,32624,599,308.0,71.0,2696.0
1783932774.3,20399,32624,599,346.0,71.0,2914.0
1783932774.9,20399,32624,599,295.0,71.0,2728.0
1783932775.4,20399,32624,599,298.0,71.0,2731.0
1783932776.0,20399,32624,599,248.0,71.0,2840.0
1783932776.6,20389,32624,593,253.0,71.0,2867.0
1783932777.2,20389,32624,593,335.0,71.0,3228.0
1783932777.8,20386,32624,595,289.0,71.0,2785.0
1783932778.4,20386,32624,595,324.0,71.0,2775.0
1783932779.1,20386,32624,595,294.0,71.0,2770.0
1783932779.7,20411,32624,601,304.0,71.0,2759.0
1783932780.3,20426,32624,609,337.0,71.0,3093.0
1783932780.9,20426,32624,601,327.0,71.0,2817.0
1783932781.5,20424,32624,597,294.0,71.0,2873.0
1783932782.1,20478,32624,617,321.0,71.0,2883.0
1783932782.7,20472,32624,617,276.0,71.0,2797.0
1783932783.3,20472,32624,617,34.0,69.0,0.0
1783932783.9,20425,32624,597,217.0,69.0,2552.0
1783932784.5,20454,32624,637,167.0,70.0,2875.0
1783932785.1,20484,32624,624,323.0,70.0,2828.0
1783932785.7,20488,32624,618,281.0,71.0,2995.0
1783932786.2,20488,32624,618,361.0,70.0,2970.0
1783932786.8,20453,32624,615,305.0,70.0,2871.0
1783932787.4,20473,32624,621,322.0,70.0,2741.0
1783932788.0,20473,32624,621,181.0,70.0,3269.0
1783932788.6,20434,32624,613,332.0,71.0,2894.0
1783932789.2,20420,32624,599,316.0,71.0,3165.0
1783932789.8,20427,32624,595,182.0,71.0,2639.0
1783932790.4,20427,32624,595,320.0,71.0,2870.0
1783932791.0,20389,32624,595,310.0,71.0,2788.0
1783932791.6,20390,32624,597,283.0,71.0,2886.0
1783932792.2,20390,32624,597,158.0,71.0,2703.0
1783932792.8,20390,32624,597,311.0,71.0,2741.0
1783932793.4,20384,32624,597,362.0,71.0,3151.0
1783932794.0,20384,32624,597,282.0,71.0,3061.0
1783932794.6,20370,32624,597,300.0,71.0,2761.0
1783932795.2,20370,32624,597,346.0,71.0,2726.0
1783932795.8,20370,32624,597,318.0,71.0,3259.0
1783932796.4,20370,32624,597,343.0,71.0,3222.0
1783932797.0,20384,32624,601,314.0,71.0,3155.0
1783932797.5,20384,32624,601,177.0,71.0,2662.0
1783932798.1,20384,32624,601,320.0,71.0,2792.0
1783932798.7,20380,32624,595,318.0,71.0,3114.0
1783932799.3,20380,32624,595,342.0,71.0,2967.0
1783932799.9,20380,32624,595,214.0,71.0,2653.0
1783932800.5,20375,32624,595,317.0,71.0,2799.0
1783932801.1,20375,32624,595,354.0,71.0,2989.0
1783932801.7,20361,32624,595,318.0,71.0,3073.0
1783932802.3,20361,32624,595,123.0,71.0,2834.0
1783932802.9,20360,32624,595,296.0,71.0,2918.0
1783932803.5,20360,32624,595,325.0,71.0,3289.0
1783932804.1,20360,32624,595,171.0,71.0,2709.0
1783932804.7,20356,32624,595,43.0,70.0,0.0
1783932805.3,20356,32624,595,361.0,70.0,2891.0
1783932805.9,20356,32624,595,329.0,70.0,2948.0
1783932806.5,20356,32624,595,167.0,71.0,2692.0
1783932807.0,20356,32624,595,324.0,71.0,2861.0
1783932807.6,20356,32624,595,363.0,71.0,3052.0
1783932808.2,20356,32624,595,304.0,71.0,2703.0
1783932808.8,20356,32624,595,343.0,71.0,2943.0
1783932809.4,20356,32624,595,261.0,71.0,3146.0
1783932810.0,20375,32624,599,308.0,71.0,3244.0
1783932810.6,20379,32624,599,333.0,71.0,3235.0
1783932811.2,20379,32624,599,290.0,71.0,3251.0
1783932811.8,20379,32624,595,307.0,71.0,2766.0
1783932812.4,20366,32624,597,348.0,71.0,2902.0
1783932813.0,20377,32624,599,295.0,71.0,2666.0
1783932813.7,20377,32624,599,301.0,71.0,3246.0
1783932814.3,20377,32624,599,269.0,71.0,3092.0
1783932814.9,20385,32624,597,232.0,71.0,2839.0
1783932815.4,20385,32624,597,357.0,71.0,3109.0
1783932816.0,20385,32624,597,218.0,71.0,2826.0
1783932816.6,20375,32624,597,324.0,71.0,2973.0
1783932817.2,20375,32624,597,267.0,71.0,2872.0
1783932817.8,20375,32624,597,172.0,71.0,2653.0
1783932818.4,20351,32624,593,367.0,71.0,3084.0
1783932819.0,20351,32624,593,342.0,71.0,3085.0
1783932819.6,20363,32624,595,276.0,71.0,2796.0
1783932820.2,20408,32624,613,386.0,71.0,3090.0
1783932820.8,20410,32624,613,319.0,71.0,3279.0
1783932821.4,20410,32624,615,318.0,71.0,2807.0
1783932822.0,20410,32624,613,376.0,71.0,3058.0
1783932822.6,20410,32624,607,309.0,71.0,2831.0
1783932823.2,20410,32624,607,320.0,71.0,3131.0
1783932823.8,20408,32624,605,343.0,71.0,2852.0
1783932824.4,20408,32624,605,328.0,71.0,3245.0
1783932825.0,20408,32624,605,329.0,71.0,3061.0
1783932825.6,20406,32624,605,327.0,71.0,3086.0
1783932826.2,20390,32624,605,318.0,71.0,3276.0
1783932826.8,20390,32624,605,334.0,71.0,2931.0
1783932827.4,20378,32624,609,228.0,71.0,3058.0
1783932828.0,20378,32624,609,296.0,71.0,3261.0
1783932828.6,20378,32624,601,306.0,71.0,3244.0
1783932829.2,20378,32624,597,252.0,71.0,3123.0
1783932829.8,20378,32624,597,310.0,71.0,3267.0
1783932830.4,20379,32624,607,273.0,71.0,2695.0
1783932831.0,20375,32624,607,325.0,71.0,2844.0
1783932831.6,20389,32624,609,306.0,71.0,3276.0
1783932832.2,20391,32624,609,328.0,71.0,2693.0
1783932832.8,20391,32624,609,332.0,71.0,3190.0
1783932833.4,20391,32624,605,329.0,71.0,3187.0
1783932834.0,20375,32624,597,329.0,71.0,3231.0
1783932834.6,20375,32624,597,165.0,71.0,3134.0
1783932835.2,20375,32624,597,309.0,71.0,2744.0
1783932835.8,20375,32624,597,268.0,71.0,2957.0
1783932836.4,20375,32624,597,318.0,71.0,2802.0
1783932837.0,20346,32624,595,122.0,71.0,2850.0
1783932837.5,20346,32624,595,261.0,71.0,3234.0
1783932838.1,20370,32624,605,356.0,71.0,2910.0
1783932838.7,20374,32624,605,313.0,71.0,2735.0
1783932839.3,20374,32624,605,200.0,71.0,2691.0
1783932839.9,20374,32624,605,261.0,71.0,2740.0
1783932840.5,20391,32624,605,370.0,71.0,3079.0
1783932841.1,20391,32624,605,326.0,71.0,2846.0
1783932841.7,20391,32624,605,215.0,69.0,2744.0
1783932842.3,20427,32624,621,149.0,70.0,2350.0
1783932842.9,20409,32624,609,352.0,71.0,3108.0
1783932843.5,20409,32624,609,230.0,71.0,2704.0
1783932844.1,20410,32624,611,311.0,71.0,2836.0
1783932844.7,20412,32624,611,311.0,71.0,2953.0
1783932845.3,20393,32624,599,313.0,71.0,3135.0
1783932845.9,20393,32624,599,314.0,71.0,3104.0
1783932846.5,20393,32624,597,180.0,71.0,3267.0
1783932847.1,20393,32624,597,296.0,71.0,2725.0
1783932847.7,20355,32624,595,287.0,71.0,3080.0
1783932848.3,20377,32624,605,307.0,71.0,3274.0
1783932848.9,20378,32624,601,348.0,71.0,2948.0
1783932849.4,20378,32624,601,216.0,71.0,3177.0
1783932850.0,20378,32624,597,257.0,71.0,3050.0
1783932850.7,20391,32624,611,371.0,71.0,3066.0
1783932851.2,20391,32624,611,319.0,71.0,2672.0
1783932851.8,20388,32624,603,366.0,71.0,3027.0
1783932852.4,20388,32624,601,329.0,71.0,3231.0
1783932853.0,20384,32624,601,320.0,71.0,2810.0
1783932853.6,20384,32624,595,343.0,71.0,3234.0
1783932854.2,20384,32624,595,322.0,71.0,2820.0
1783932854.8,20375,32624,593,330.0,71.0,3128.0
1783932855.4,20395,32624,615,312.0,71.0,2922.0
1783932856.0,20391,32624,603,347.0,71.0,2691.0
1783932856.6,20391,32624,603,306.0,71.0,2684.0
1783932857.2,20391,32624,603,266.0,71.0,2818.0
1783932857.8,20387,32624,599,323.0,71.0,3048.0
1783932858.4,20383,32624,597,325.0,71.0,2887.0
1783932859.0,20383,32624,597,315.0,71.0,3279.0
1783932859.6,20383,32624,597,352.0,71.0,2968.0
1783932860.2,20383,32624,597,319.0,71.0,3143.0
1783932860.8,20378,32624,597,323.0,71.0,2766.0
1783932861.4,20366,32624,597,277.0,71.0,2870.0
1783932861.9,20366,32624,597,320.0,71.0,2785.0
1783932862.5,20357,32624,597,289.0,71.0,2881.0
1783932863.1,20357,32624,597,327.0,71.0,2696.0
1783932863.7,20357,32624,597,295.0,71.0,3255.0
1783932864.3,20357,32624,597,203.0,71.0,2670.0
1783932864.9,20350,32624,597,308.0,71.0,3054.0
1783932865.5,20350,32624,599,329.0,71.0,2865.0
1783932866.1,20365,32624,613,331.0,71.0,3178.0
1783932866.7,20390,32624,613,299.0,71.0,3269.0
1783932867.3,20391,32624,601,318.0,71.0,2861.0
1783932867.9,20399,32624,603,421.0,71.0,3164.0
1783932868.5,20383,32624,599,336.0,71.0,2885.0
1783932869.1,20383,32624,597,245.0,71.0,2864.0
1783932869.7,20383,32624,597,295.0,71.0,3018.0
1783932870.3,20383,32624,597,161.0,71.0,3139.0
1783932870.8,20383,32624,597,314.0,71.0,2748.0
1783932871.4,20383,32624,597,348.0,71.0,2760.0
1783932872.0,20383,32624,597,305.0,71.0,2756.0
1783932872.6,20378,32624,595,301.0,71.0,3278.0
1783932873.2,20368,32624,595,369.0,71.0,3053.0
1783932873.8,20368,32624,595,305.0,71.0,3100.0
1783932874.4,20342,32624,593,312.0,71.0,2779.0
1783932875.0,20342,32624,593,267.0,71.0,2974.0
1783932875.6,20334,32624,593,170.0,71.0,3063.0
1783932876.2,20334,32624,593,320.0,71.0,2990.0
1783932876.8,20334,32624,593,305.0,71.0,2716.0
1783932877.4,20334,32624,593,302.0,71.0,3237.0
1783932878.0,20334,32624,593,269.0,71.0,2919.0
1783932878.5,20330,32624,593,266.0,71.0,2805.0
1783932879.1,20340,32624,593,333.0,71.0,2927.0
1783932879.7,20340,32624,593,312.0,71.0,2973.0
1783932880.3,20340,32624,593,229.0,71.0,2729.0
1783932880.9,20340,32624,593,314.0,71.0,2827.0
1783932881.5,20340,32624,593,322.0,71.0,2829.0
1783932882.1,20340,32624,593,295.0,71.0,3230.0
1783932882.7,20340,32624,593,165.0,71.0,2655.0
1783932883.3,20340,32624,593,274.0,71.0,2821.0
1783932883.9,20352,32624,593,361.0,71.0,2970.0
1783932884.5,20352,32624,593,364.0,71.0,2689.0
1783932885.1,20352,32624,593,330.0,71.0,2996.0
1783932885.7,20352,32624,593,210.0,71.0,3220.0
1783932886.3,20352,32624,593,316.0,71.0,3282.0
1783932886.9,20352,32624,593,239.0,71.0,2886.0
1783932887.5,20352,32624,593,244.0,71.0,2753.0
1783932888.1,20352,32624,593,277.0,71.0,3033.0
1783932888.7,20348,32624,593,327.0,71.0,3283.0
1783932889.2,20348,32624,593,339.0,71.0,3268.0
1783932889.8,20348,32624,593,317.0,71.0,3040.0
1783932890.4,20348,32624,593,326.0,71.0,3231.0
1783932891.0,20348,32624,593,190.0,71.0,2641.0
1783932891.6,20348,32624,593,163.0,71.0,2707.0
1783932892.2,20348,32624,593,306.0,71.0,3201.0
1783932892.8,20348,32624,593,314.0,71.0,2957.0
1783932893.4,20348,32624,593,323.0,71.0,3284.0
1783932894.0,20348,32624,593,165.0,71.0,3129.0
1783932894.6,20348,32624,593,338.0,71.0,3253.0
1783932895.2,20348,32624,593,320.0,71.0,3103.0
1783932895.8,20352,32624,593,318.0,71.0,2811.0
1783932896.4,20356,32624,593,309.0,71.0,2840.0
1783932897.0,20356,32624,593,292.0,71.0,3234.0
1783932897.6,20356,32624,593,334.0,71.0,2872.0
1783932898.2,20356,32624,593,252.0,71.0,3277.0
1783932898.8,20356,32624,593,322.0,71.0,2779.0
1783932899.4,20356,32624,593,320.0,71.0,3285.0
1783932900.0,20365,32624,597,285.0,71.0,3201.0
1783932900.6,20365,32624,597,310.0,71.0,3089.0
1783932901.2,20365,32624,597,327.0,71.0,3012.0
1783932901.7,20365,32624,597,308.0,71.0,3261.0
1783932902.3,20369,32624,605,365.0,71.0,3172.0
1783932902.9,20369,32624,605,246.0,71.0,2620.0
1783932903.5,20369,32624,595,295.0,71.0,3206.0
1783932904.1,20369,32624,595,344.0,71.0,3248.0
1783932904.7,20377,32624,599,316.0,71.0,3274.0
1783932905.3,20377,32624,599,319.0,71.0,2958.0
1783932905.9,20377,32624,599,292.0,71.0,2665.0
1783932906.5,20373,32624,597,306.0,71.0,3162.0
1783932907.1,20373,32624,597,307.0,71.0,3056.0
1783932907.7,20373,32624,597,323.0,71.0,2851.0
1783932908.3,20381,32624,609,305.0,72.0,3265.0
1783932908.9,20381,32624,609,311.0,71.0,2945.0
1783932909.5,20381,32624,609,413.0,71.0,3206.0
1783932910.1,20381,32624,609,294.0,71.0,3252.0
1783932910.7,20381,32624,601,299.0,71.0,3262.0
1783932911.3,20375,32624,601,322.0,71.0,2770.0
1783932911.9,20375,32624,601,330.0,71.0,2971.0
1783932912.5,20375,32624,601,313.0,71.0,2932.0
1783932913.1,20375,32624,601,309.0,71.0,2821.0
1783932913.7,20375,32624,601,272.0,71.0,3264.0
1783932914.3,20375,32624,601,307.0,71.0,2909.0
1783932914.9,20375,32624,601,298.0,71.0,2774.0
1783932915.5,20381,32624,607,314.0,71.0,2652.0
1783932916.1,20383,32624,607,146.0,71.0,2740.0
1783932916.7,20387,32624,601,320.0,71.0,3280.0
1783932917.3,20387,32624,601,297.0,71.0,3254.0
1783932917.9,20386,32624,599,306.0,71.0,2803.0
1783932918.5,20386,32624,599,310.0,71.0,2763.0
1783932919.1,20386,32624,599,176.0,71.0,3000.0
1783932919.7,20365,32624,593,286.0,71.0,2644.0
1783932920.3,20363,32624,599,320.0,71.0,3283.0
1783932920.9,20378,32624,617,310.0,71.0,2782.0
1783932921.5,20378,32624,617,335.0,71.0,3001.0
1783932922.0,20370,32624,603,346.0,71.0,2994.0
1783932922.6,20369,32624,603,267.0,71.0,2920.0
1783932923.3,20372,32624,609,320.0,71.0,3168.0
1783932923.9,20387,32624,615,341.0,71.0,2740.0
1783932924.5,20387,32624,609,284.0,71.0,2977.0
1783932925.1,20387,32624,605,312.0,71.0,2805.0
1783932925.6,20387,32624,605,309.0,71.0,2754.0
1783932926.2,20385,32624,601,260.0,71.0,2875.0
1783932926.8,20380,32624,601,309.0,71.0,2834.0
1783932927.4,20405,32624,615,301.0,71.0,3282.0
1783932928.0,20405,32624,615,290.0,71.0,3226.0
1783932928.7,20406,32624,605,47.0,69.0,1188.0
1783932929.3,20406,32624,605,178.0,69.0,1703.0
1783932929.9,20392,32624,599,229.0,69.0,2313.0
1783932930.5,20392,32624,599,284.0,70.0,2638.0
1783932931.1,20392,32624,619,315.0,70.0,2799.0
1783932931.7,20392,32624,619,306.0,70.0,3091.0
1783932932.3,20380,32624,597,330.0,70.0,3030.0
1783932932.9,20377,32624,597,333.0,70.0,3244.0
1783932933.5,20376,32624,613,335.0,70.0,3164.0
1783932934.1,20377,32624,613,303.0,70.0,2777.0
1783932934.7,20369,32624,599,335.0,71.0,3231.0
1783932935.3,20371,32624,599,297.0,70.0,2736.0
1783932935.9,20373,32624,597,287.0,71.0,3002.0
1783932936.5,20373,32624,597,343.0,70.0,2957.0
1783932937.1,20373,32624,595,305.0,71.0,3280.0
1783932937.7,20373,32624,595,325.0,71.0,3232.0
1783932938.3,20373,32624,595,361.0,71.0,3017.0
1783932938.9,20364,32624,599,339.0,71.0,3098.0
1783932939.5,20346,32624,599,223.0,71.0,2844.0
1783932940.1,20342,32624,595,365.0,71.0,2280.0
1783932940.7,20342,32624,595,310.0,71.0,3273.0
1783932941.3,20357,32624,611,296.0,71.0,3031.0
1783932941.9,20377,32624,613,314.0,71.0,3011.0
1783932942.5,20381,32624,613,290.0,71.0,2724.0
1783932943.1,20390,32624,615,308.0,71.0,3099.0
1783932943.7,20388,32624,601,364.0,71.0,3196.0
1783932944.3,20388,32624,601,314.0,71.0,3274.0
1783932944.9,20387,32624,601,260.0,71.0,3257.0
1783932945.5,20387,32624,601,335.0,71.0,2892.0
1783932946.0,20379,32624,601,104.0,71.0,3314.0
1783932946.6,20379,32624,601,247.0,71.0,3065.0
1783932947.2,20379,32624,601,309.0,71.0,3119.0
1783932947.8,20373,32624,595,306.0,71.0,3068.0
1783932948.4,20373,32624,595,276.0,71.0,3236.0
1783932949.0,20348,32624,593,358.0,71.0,3261.0
1783932949.6,20348,32624,593,320.0,71.0,3146.0
1783932950.2,20349,32624,593,286.0,71.0,2995.0
1783932950.8,20349,32624,593,178.0,71.0,2731.0
1783932951.4,20349,32624,593,322.0,71.0,2806.0
1783932952.0,20349,32624,593,154.0,71.0,2768.0
1783932952.6,20349,32624,593,307.0,71.0,3261.0
1783932953.2,20347,32624,595,325.0,71.0,3001.0
1783932953.8,20351,32624,595,345.0,71.0,2894.0
1783932954.4,20351,32624,595,280.0,71.0,3239.0
1783932955.0,20355,32624,597,284.0,71.0,3008.0
1783932955.6,20472,32624,640,300.0,71.0,2749.0
1783932956.2,20461,32624,597,332.0,71.0,3229.0
1783932956.8,20461,32624,597,353.0,71.0,2751.0
1783932957.4,20461,32624,591,287.0,71.0,2745.0
1783932958.0,20461,32624,591,259.0,71.0,2939.0
1783932958.6,20380,32624,597,346.0,71.0,2909.0
1783932959.2,20380,32624,597,303.0,71.0,2731.0
1783932959.8,20380,32624,597,318.0,71.0,2959.0
1783932960.3,20380,32624,597,320.0,71.0,2802.0
1783932960.9,20368,32624,597,247.0,71.0,2930.0
1783932961.5,20355,32624,595,117.0,69.0,0.0
1783932962.1,20355,32624,595,373.0,70.0,3031.0
1783932962.7,20336,32624,595,304.0,71.0,3241.0
1783932963.3,20336,32624,595,298.0,71.0,2840.0
1783932963.9,20336,32624,595,277.0,71.0,3236.0
1783932964.5,20336,32624,595,275.0,71.0,3085.0
1783932965.1,20336,32624,595,287.0,71.0,2769.0
1783932965.7,20336,32624,595,358.0,71.0,2986.0
1783932966.3,20336,32624,595,307.0,71.0,3232.0
1783932966.9,20336,32624,595,346.0,71.0,2861.0
1783932967.5,20336,32624,595,279.0,71.0,3103.0
1783932968.1,20336,32624,595,293.0,71.0,2700.0
1783932968.7,20336,32624,595,274.0,71.0,2683.0
1783932969.3,20336,32624,595,315.0,71.0,2709.0
1783932969.9,20336,32624,595,301.0,71.0,3231.0
1783932970.5,20336,32624,595,298.0,71.0,2749.0
1783932971.1,20336,32624,595,204.0,71.0,2813.0
1783932971.7,20336,32624,595,278.0,71.0,2920.0
1783932972.3,20336,32624,595,346.0,71.0,3095.0
1783932972.9,20336,32624,595,306.0,71.0,2781.0
1783932973.5,20336,32624,595,351.0,71.0,3118.0
1783932974.1,20336,32624,595,318.0,71.0,2755.0
1783932974.7,20336,32624,595,320.0,71.0,3262.0
1783932975.3,20334,32624,595,303.0,71.0,3254.0
1783932975.9,20414,32624,615,339.0,71.0,2944.0
1783932976.5,20463,32624,615,326.0,71.0,3275.0
1783932977.1,20466,32624,595,284.0,71.0,2987.0
1783932977.7,20466,32624,595,394.0,71.0,3164.0
1783932978.3,20479,32624,609,320.0,71.0,2783.0
1783932978.8,20479,32624,609,302.0,71.0,2765.0
1783932979.4,20479,32624,609,302.0,71.0,3243.0
1783932980.0,20465,32624,605,332.0,71.0,2843.0
1783932980.6,20465,32624,603,320.0,71.0,2976.0
1783932981.2,20447,32624,603,347.0,71.0,3199.0
1783932981.8,20437,32624,603,299.0,71.0,3264.0
1783932982.4,20442,32624,597,300.0,71.0,2745.0
1783932983.0,20442,32624,597,297.0,71.0,3202.0
1783932983.6,20442,32624,593,179.0,71.0,2706.0
1783932984.2,20376,32624,593,323.0,71.0,2787.0
1783932984.8,20408,32624,595,311.0,71.0,2775.0
1783932985.4,20401,32624,593,330.0,71.0,2720.0
1783932986.0,20406,32624,593,285.0,71.0,2814.0
1783932986.6,20406,32624,593,290.0,71.0,3263.0
1783932987.2,20406,32624,593,321.0,71.0,2771.0
1783932987.8,20402,32624,593,290.0,71.0,2961.0
1783932988.4,20402,32624,595,302.0,71.0,3099.0
1783932989.0,20406,32624,597,343.0,71.0,2723.0
1783932989.6,20410,32624,597,242.0,71.0,2896.0
1783932990.2,20425,32624,603,299.0,71.0,3265.0
1783932990.7,20430,32624,605,189.0,71.0,2757.0
1783932991.3,20432,32624,597,319.0,71.0,2935.0
1783932991.9,20432,32624,597,299.0,71.0,2733.0
1783932992.7,20398,32624,595,33.0,69.0,0.0
1783932993.3,20400,32624,601,191.0,69.0,1961.0
1783932993.9,20400,32624,601,274.0,70.0,2790.0
1783932994.5,20400,32624,601,315.0,70.0,2781.0
1783932995.1,20401,32624,593,319.0,70.0,2975.0
1783932995.7,20399,32624,593,321.0,71.0,2808.0
1783932996.3,20444,32624,613,162.0,70.0,3276.0
1783932996.9,20442,32624,613,343.0,71.0,2948.0
1783932997.5,20477,32624,628,354.0,71.0,2992.0
1783932998.1,20477,32624,628,343.0,71.0,3252.0
1783932998.7,20467,32624,597,314.0,71.0,3282.0
1783932999.3,20409,32624,597,319.0,71.0,2796.0
1783932999.9,20409,32624,597,181.0,71.0,2616.0
1783933000.5,20409,32624,597,363.0,71.0,3160.0
1783933001.1,20393,32624,597,224.0,71.0,2795.0
1783933001.7,20393,32624,597,316.0,71.0,2872.0
1783933002.3,20362,32624,601,194.0,71.0,3085.0
1783933002.9,20362,32624,601,359.0,71.0,2905.0
1783933003.4,20362,32624,601,340.0,71.0,2913.0
1783933004.0,20362,32624,601,319.0,71.0,2819.0
1783933004.6,20360,32624,593,326.0,71.0,2771.0
1783933005.2,20360,32624,593,307.0,71.0,2753.0
1783933005.8,20356,32624,593,263.0,71.0,2725.0
1783933006.4,20399,32624,603,353.0,71.0,2920.0
1783933007.0,20399,32624,603,304.0,71.0,2788.0
1783933007.6,20399,32624,603,162.0,71.0,3143.0
1783933008.2,20400,32624,599,292.0,71.0,2992.0
1783933008.8,20396,32624,597,298.0,71.0,3057.0
1783933009.4,20374,32624,597,381.0,71.0,3129.0
1783933010.0,20380,32624,599,173.0,71.0,2764.0
1783933010.6,20380,32624,595,330.0,71.0,2900.0
1783933011.2,20384,32624,595,302.0,71.0,2827.0
1783933011.8,20384,32624,601,377.0,71.0,3040.0
1783933012.4,20376,32624,599,275.0,71.0,3254.0
1783933013.0,20376,32624,599,300.0,71.0,2710.0
1783933013.6,20376,32624,599,311.0,71.0,2726.0
1783933014.1,20376,32624,599,263.0,71.0,2829.0
1783933014.7,20376,32624,599,347.0,71.0,2937.0
1783933015.3,20376,32624,599,309.0,71.0,2791.0
1783933015.9,20366,32624,601,277.0,71.0,2948.0
1783933016.5,20422,32624,626,298.0,71.0,2754.0
1783933017.1,20422,32624,626,296.0,71.0,2710.0
1783933017.7,20445,32624,623,319.0,71.0,2823.0
1783933018.3,20445,32624,623,241.0,71.0,2821.0
1783933018.9,20421,32624,623,293.0,71.0,2810.0
1783933019.5,20494,32624,631,335.0,71.0,3170.0
1783933020.1,20517,32624,631,313.0,71.0,2888.0
1783933020.7,20524,32624,625,311.0,71.0,2780.0
1783933021.3,20600,32624,625,278.0,71.0,2712.0
1783933021.9,20600,32624,625,250.0,71.0,2859.0
1783933022.5,20548,32624,617,335.0,71.0,2994.0
1783933023.1,20526,32624,619,305.0,71.0,3266.0
1783933023.7,20558,32624,623,330.0,71.0,3204.0
1783933024.3,20477,32624,597,312.0,71.0,3255.0
1783933024.9,20477,32624,597,304.0,71.0,3268.0
1783933025.5,20469,32624,595,300.0,71.0,3213.0
1783933026.1,20469,32624,595,206.0,71.0,2904.0
1783933026.6,20465,32624,595,300.0,71.0,3239.0
1783933027.3,20465,32624,595,235.0,71.0,2780.0
1783933027.8,20465,32624,595,333.0,71.0,2923.0
1783933028.4,20430,32624,595,328.0,71.0,2813.0
1783933029.0,20430,32624,595,293.0,71.0,2749.0
1783933029.6,20430,32624,595,332.0,71.0,3222.0
1783933030.2,20437,32624,593,241.0,71.0,2737.0
1783933030.8,20437,32624,593,304.0,71.0,2800.0
1783933031.4,20437,32624,593,298.0,71.0,2770.0
1783933032.0,20437,32624,593,318.0,71.0,2825.0
1783933032.6,20438,32624,593,124.0,69.0,1641.0
1783933033.2,20442,32624,593,200.0,69.0,1997.0
1783933033.8,20442,32624,593,361.0,70.0,3001.0
1783933034.4,20440,32624,593,252.0,71.0,3293.0
1783933035.0,20440,32624,593,320.0,71.0,2800.0
1783933035.6,20440,32624,593,386.0,71.0,3106.0
1783933036.2,20440,32624,593,354.0,71.0,3209.0
1783933036.8,20433,32624,593,89.0,71.0,3142.0
1783933037.4,20433,32624,593,304.0,71.0,3288.0
1783933038.0,20433,32624,593,327.0,71.0,3112.0
1783933038.6,20433,32624,593,329.0,71.0,3146.0
1783933039.2,20440,32624,593,368.0,71.0,3073.0
1783933039.8,20440,32624,593,305.0,71.0,3234.0
1783933040.4,20453,32624,599,296.0,71.0,2890.0
1783933041.0,20453,32624,599,312.0,71.0,3265.0
1783933041.6,20453,32624,599,319.0,71.0,2980.0
1783933042.1,20453,32624,599,336.0,71.0,2933.0
1783933042.7,20453,32624,595,304.0,71.0,2752.0
1783933043.3,20453,32624,595,340.0,71.0,2880.0
1783933043.9,20446,32624,595,327.0,71.0,2837.0
1783933044.5,20446,32624,595,314.0,71.0,3283.0
1783933045.1,20452,32624,601,296.0,71.0,2726.0
1783933045.7,20452,32624,601,331.0,71.0,3228.0
1783933046.3,20452,32624,601,386.0,71.0,3083.0
1783933046.9,20452,32624,599,289.0,71.0,3212.0
1783933047.5,20452,32624,599,263.0,71.0,2949.0
1783933048.1,20452,32624,599,306.0,71.0,3068.0
1783933048.7,20452,32624,599,310.0,71.0,3261.0
1783933049.3,20452,32624,599,309.0,71.0,3126.0
1783933049.9,20452,32624,595,343.0,71.0,3209.0
1783933050.5,20452,32624,595,311.0,71.0,3251.0
1783933051.1,20452,32624,595,342.0,71.0,3258.0
1783933051.6,20452,32624,595,323.0,71.0,3143.0
1783933052.2,20452,32624,597,332.0,71.0,3155.0
1783933052.8,20452,32624,597,305.0,71.0,3252.0
1783933053.4,20452,32624,595,184.0,71.0,2730.0
1783933054.0,20465,32624,599,305.0,71.0,3271.0
1783933054.6,20465,32624,595,303.0,71.0,2715.0
1783933055.2,20465,32624,595,328.0,71.0,2877.0
1783933055.8,20465,32624,595,187.0,71.0,3229.0
1783933056.4,20465,32624,593,271.0,71.0,3230.0
1783933057.0,20465,32624,593,319.0,71.0,3112.0
1783933057.6,20465,32624,593,301.0,71.0,3231.0
1783933058.2,20465,32624,593,305.0,71.0,3237.0
1783933058.8,20448,32624,593,263.0,71.0,2818.0
1783933059.4,20459,32624,599,314.0,71.0,2753.0
1783933060.0,20455,32624,599,297.0,71.0,3268.0
1783933060.6,20455,32624,599,300.0,71.0,3269.0
1783933061.2,20455,32624,599,326.0,71.0,2811.0
1783933061.8,20455,32624,599,217.0,71.0,3240.0
1783933062.3,20455,32624,599,380.0,71.0,3055.0
1783933062.9,20455,32624,597,382.0,71.0,3102.0
1783933063.5,20455,32624,599,282.0,71.0,3262.0
1783933064.1,20455,32624,599,304.0,71.0,2755.0
1783933064.7,20455,32624,599,323.0,71.0,2844.0
1783933065.3,20455,32624,599,318.0,71.0,2745.0
1783933065.9,20455,32624,595,376.0,71.0,3185.0
1783933066.5,20451,32624,593,311.0,71.0,3290.0
1783933067.1,20451,32624,593,309.0,71.0,2752.0
1783933067.7,20451,32624,593,203.0,71.0,2739.0
1783933068.3,20449,32624,591,269.0,71.0,2865.0
1783933068.9,20449,32624,591,326.0,71.0,3270.0
1783933069.5,20449,32624,591,292.0,71.0,3215.0
1783933070.1,20437,32624,593,128.0,71.0,2869.0
1783933070.7,20437,32624,591,308.0,71.0,3128.0
1783933071.3,20437,32624,591,316.0,71.0,2782.0
1783933071.9,20437,32624,591,317.0,71.0,2925.0
1783933072.5,20437,32624,591,325.0,71.0,3033.0
1783933073.1,20437,32624,591,287.0,71.0,2986.0
1783933073.7,20462,32624,607,195.0,71.0,2702.0
1783933074.3,20462,32624,607,384.0,71.0,2961.0
1783933074.9,20462,32624,607,304.0,71.0,2767.0
1783933075.4,20462,32624,595,344.0,71.0,2880.0
1783933076.0,20462,32624,595,304.0,71.0,2888.0
1783933076.6,20462,32624,595,311.0,72.0,3244.0
1783933077.2,20462,32624,595,324.0,71.0,2856.0
1783933077.8,20462,32624,595,315.0,71.0,3279.0
1783933078.4,20455,32624,595,395.0,71.0,2861.0
1783933079.0,20459,32624,595,311.0,71.0,3278.0
1783933079.6,20445,32624,593,303.0,71.0,3250.0
1783933080.2,20445,32624,593,233.0,71.0,3088.0
1783933080.8,20445,32624,593,301.0,71.0,3286.0
1783933081.4,20445,32624,593,244.0,71.0,3238.0
1783933082.0,20445,32624,593,297.0,71.0,3277.0
1783933082.6,20449,32624,593,307.0,71.0,2697.0
1783933083.2,20449,32624,593,291.0,71.0,3229.0
1783933083.8,20450,32624,605,334.0,71.0,3245.0
1783933084.4,20452,32624,599,328.0,71.0,3204.0
1783933085.0,20452,32624,599,263.0,71.0,2613.0
1783933085.6,20452,32624,599,315.0,71.0,3251.0
1783933086.2,20452,32624,599,321.0,71.0,3173.0
1783933086.8,20452,32624,597,332.0,71.0,3224.0
1783933087.3,20452,32624,597,318.0,71.0,2760.0
1783933087.9,20452,32624,597,332.0,71.0,2810.0
1783933088.5,20450,32624,597,296.0,71.0,2725.0
1783933089.1,20450,32624,597,331.0,71.0,3174.0
1783933089.7,20448,32624,601,293.0,71.0,3231.0
1783933090.3,20448,32624,601,324.0,71.0,2837.0
1783933090.9,20448,32624,593,323.0,71.0,2733.0
1783933091.5,20446,32624,593,319.0,71.0,2695.0
1783933092.1,20446,32624,593,312.0,71.0,2800.0
1783933092.7,20439,32624,593,226.0,71.0,2804.0
1783933093.3,20439,32624,593,300.0,71.0,3270.0
1783933093.9,20439,32624,593,347.0,71.0,2989.0
1783933094.5,20439,32624,593,297.0,71.0,3261.0
1783933095.1,20446,32624,593,299.0,71.0,3263.0
1783933095.7,20446,32624,593,184.0,71.0,3296.0
1783933096.3,20446,32624,593,382.0,71.0,3138.0
1783933096.9,20443,32624,593,336.0,71.0,3227.0
1783933097.5,20443,32624,593,328.0,71.0,3119.0
1783933098.1,20443,32624,593,339.0,71.0,2914.0
1783933098.7,20443,32624,593,316.0,71.0,3273.0
1783933099.3,20443,32624,593,309.0,71.0,3104.0
1783933099.9,20443,32624,593,228.0,71.0,2685.0
1783933100.4,20435,32624,593,265.0,71.0,2854.0
1783933101.0,20439,32624,593,296.0,71.0,2717.0
1783933101.6,20439,32624,595,308.0,71.0,2825.0
1783933102.2,20439,32624,595,347.0,71.0,2904.0
1783933102.8,20439,32624,595,317.0,71.0,2979.0
1783933103.4,20433,32624,595,307.0,71.0,3050.0
1783933104.0,20435,32624,593,252.0,71.0,2762.0
1783933104.6,20441,32624,593,293.0,71.0,3216.0
1783933105.2,20440,32624,593,328.0,71.0,2856.0
1783933105.8,20440,32624,593,316.0,71.0,3279.0
1783933106.4,20440,32624,593,354.0,71.0,3189.0
1783933107.0,20440,32624,593,311.0,71.0,3060.0
1783933107.6,20452,32624,601,296.0,71.0,2780.0
1783933108.2,20452,32624,601,315.0,71.0,3270.0
1783933108.8,20452,32624,601,317.0,71.0,3154.0
1783933109.3,20452,32624,601,358.0,71.0,3192.0
1783933109.9,20452,32624,601,185.0,71.0,3091.0
1783933110.5,20452,32624,595,304.0,71.0,3060.0
1783933111.1,20452,32624,595,315.0,71.0,3096.0
1783933111.7,20448,32624,599,311.0,71.0,2868.0
1783933112.3,20452,32624,597,318.0,71.0,2851.0
1783933112.9,20452,32624,597,314.0,71.0,3103.0
1783933113.5,20452,32624,593,306.0,71.0,3278.0
1783933114.1,20452,32624,593,333.0,71.0,3135.0
1783933114.7,20452,32624,593,289.0,71.0,2848.0
1783933115.3,20452,32624,593,299.0,71.0,3267.0
1783933115.9,20445,32624,593,299.0,71.0,2742.0
1783933116.5,20443,32624,595,319.0,71.0,3274.0
1783933117.1,20548,32624,623,309.0,71.0,2772.0
1783933117.7,20548,32624,623,310.0,71.0,3241.0
1783933118.3,20547,32624,597,335.0,71.0,2850.0
1783933118.9,20552,32624,597,326.0,71.0,3252.0
1783933119.5,20547,32624,609,282.0,71.0,3154.0
1783933120.1,20547,32624,609,339.0,71.0,2842.0
1783933120.6,20547,32624,609,306.0,71.0,2920.0
1783933121.2,20547,32624,609,306.0,71.0,2829.0
1783933121.8,20537,32624,597,315.0,71.0,3110.0
1783933122.4,20537,32624,597,254.0,71.0,3146.0
1783933123.0,20512,32624,597,259.0,71.0,2867.0
1783933123.6,20512,32624,597,321.0,72.0,2929.0
1783933124.2,20508,32624,597,344.0,71.0,3099.0
1783933124.8,20492,32624,593,315.0,71.0,2824.0
1783933125.4,20490,32624,593,305.0,71.0,2755.0
1783933126.0,20476,32624,595,317.0,71.0,2824.0
1783933126.6,20476,32624,593,283.0,71.0,2917.0
1783933127.2,20476,32624,593,353.0,71.0,2977.0
1783933127.8,20476,32624,593,128.0,71.0,2704.0
1783933128.4,20476,32624,593,319.0,71.0,2841.0
1783933129.0,20476,32624,593,181.0,71.0,2620.0
1783933129.6,20472,32624,593,258.0,71.0,2842.0
1783933130.2,20472,32624,593,314.0,71.0,2816.0
1783933130.8,20472,32624,593,314.0,71.0,2851.0
1783933131.4,20472,32624,593,296.0,71.0,2702.0
1783933132.0,20472,32624,595,307.0,71.0,2772.0
1783933132.6,20472,32624,595,272.0,71.0,3095.0
1783933133.2,20472,32624,595,235.0,72.0,2836.0
1783933133.8,20472,32624,595,148.0,71.0,3185.0
1783933134.3,20472,32624,595,287.0,71.0,3131.0
1783933134.9,20472,32624,595,171.0,71.0,2906.0
1783933135.5,20472,32624,595,366.0,71.0,3138.0
1783933136.1,20472,32624,595,308.0,71.0,3238.0
1783933136.7,20472,32624,595,318.0,71.0,2897.0
1783933137.3,20472,32624,595,317.0,71.0,3282.0
1783933137.9,20464,32624,593,331.0,71.0,3191.0
1783933138.5,20464,32624,593,220.0,71.0,3075.0
1783933139.1,20464,32624,593,224.0,71.0,3056.0
1783933139.7,20464,32624,593,291.0,71.0,3279.0
1783933140.3,20464,32624,593,341.0,71.0,2806.0
1783933140.9,20464,32624,593,294.0,71.0,3204.0
1783933141.5,20464,32624,593,316.0,71.0,2957.0
1783933142.1,20464,32624,593,274.0,71.0,2977.0
1783933142.7,20464,32624,593,274.0,71.0,2921.0
1783933143.2,20464,32624,593,314.0,71.0,3264.0
1783933143.8,20464,32624,593,348.0,71.0,3181.0
1783933144.4,20464,32624,593,228.0,71.0,3170.0
1783933145.0,20464,32624,593,346.0,71.0,3249.0
1783933145.6,20464,32624,593,236.0,71.0,2623.0
1783933146.2,20464,32624,593,293.0,71.0,2863.0
1783933146.8,20464,32624,593,328.0,71.0,2729.0
1783933147.4,20464,32624,593,179.0,72.0,2791.0
1783933148.0,20464,32624,593,291.0,71.0,2708.0
1783933148.6,20464,32624,593,311.0,71.0,2686.0
1783933149.2,20464,32624,593,306.0,71.0,2776.0
1783933149.8,20464,32624,593,228.0,71.0,3187.0
1783933150.4,20464,32624,593,356.0,71.0,2829.0
1783933151.0,20464,32624,593,332.0,71.0,2878.0
1783933151.6,20464,32624,593,306.0,71.0,2733.0
1783933152.2,20464,32624,593,246.0,71.0,2669.0
1783933152.8,20464,32624,593,280.0,71.0,3009.0
1783933153.4,20464,32624,593,323.0,71.0,2843.0
1783933154.0,20464,32624,593,324.0,71.0,2881.0
1783933154.6,20464,32624,593,254.0,71.0,2646.0
1783933155.2,20464,32624,593,323.0,72.0,2890.0
1783933155.8,20460,32624,593,314.0,71.0,2974.0
1783933156.4,20458,32624,593,413.0,71.0,3229.0
1783933157.0,20458,32624,593,290.0,71.0,2638.0
1783933157.6,20458,32624,593,298.0,71.0,3062.0
1783933158.2,20480,32624,597,300.0,71.0,3275.0
1783933158.8,20484,32624,597,332.0,71.0,3234.0
1783933159.4,20484,32624,597,318.0,71.0,2875.0
1783933160.0,20501,32624,607,307.0,71.0,3272.0
1783933160.6,20505,32624,616,300.0,71.0,3261.0
1783933161.2,20499,32624,605,297.0,71.0,2753.0
1783933161.8,20499,32624,605,312.0,71.0,2774.0
1783933162.4,20499,32624,601,315.0,71.0,3280.0
1783933162.9,20499,32624,601,232.0,71.0,3134.0
1783933163.5,20499,32624,601,305.0,71.0,3278.0
1783933164.1,20499,32624,601,313.0,71.0,3262.0
1783933164.7,20499,32624,601,345.0,71.0,2929.0
1783933165.3,20489,32624,601,306.0,71.0,2864.0
1783933165.9,20497,32624,603,292.0,71.0,3232.0
1783933166.5,20491,32624,603,258.0,71.0,3031.0
1783933167.1,20491,32624,603,210.0,71.0,2826.0
1783933167.7,20491,32624,603,207.0,71.0,3254.0
1783933168.3,20472,32624,597,331.0,71.0,2819.0
1783933168.9,20472,32624,597,302.0,71.0,3245.0
1783933169.5,20472,32624,597,372.0,71.0,3179.0
1783933170.1,20472,32624,601,323.0,71.0,3112.0
1783933170.7,20472,32624,601,193.0,71.0,2788.0
1783933171.3,20472,32624,601,324.0,71.0,2714.0
1783933171.8,20472,32624,601,330.0,71.0,3205.0
1783933172.4,20472,32624,601,342.0,71.0,2918.0
1783933173.0,20472,32624,601,319.0,71.0,3280.0
1783933173.6,20464,32624,601,216.0,71.0,2994.0
1783933174.2,20464,32624,601,333.0,71.0,2887.0
1783933174.8,20464,32624,601,309.0,71.0,2791.0
1783933175.4,20464,32624,601,291.0,71.0,3032.0
1783933176.0,20464,32624,601,316.0,71.0,3281.0
1783933176.6,20464,32624,601,304.0,71.0,3144.0
1783933177.2,20464,32624,601,317.0,71.0,3264.0
1783933177.8,20464,32624,601,190.0,71.0,3009.0
1783933178.4,20464,32624,602,163.0,69.0,2350.0
1783933179.0,20464,32624,602,275.0,70.0,2926.0
1783933179.6,20464,32624,602,286.0,70.0,2746.0
1783933180.2,20469,32624,600,307.0,71.0,3258.0
1783933180.8,20469,32624,600,316.0,71.0,2774.0
1783933181.4,20469,32624,598,361.0,71.0,3180.0
1783933182.0,20469,32624,598,274.0,71.0,3209.0
1783933182.6,20469,32624,598,106.0,71.0,3004.0
1783933183.1,20469,32624,598,317.0,71.0,3252.0
1783933183.7,20469,32624,598,289.0,71.0,3224.0
1783933184.3,20469,32624,598,286.0,71.0,3156.0
1783933184.9,20469,32624,598,260.0,71.0,2764.0
1783933185.5,20467,32624,600,230.0,71.0,3122.0
1783933186.1,20467,32624,600,313.0,71.0,2769.0
1783933186.7,20467,32624,600,300.0,71.0,3118.0
1783933187.3,20467,32624,600,318.0,71.0,3259.0
1783933187.9,20467,32624,600,358.0,71.0,3157.0
1783933188.5,20467,32624,600,316.0,71.0,2768.0
1783933189.1,20467,32624,600,333.0,71.0,2957.0
1783933189.7,20467,32624,600,191.0,71.0,3199.0
1783933190.3,20467,32624,600,316.0,71.0,2695.0
1783933190.9,20467,32624,600,340.0,71.0,2921.0
1783933191.5,20467,32624,600,331.0,71.0,2819.0
1783933192.1,20470,32624,600,390.0,71.0,3196.0
1783933192.7,20471,32624,600,239.0,71.0,3267.0
1783933193.3,20471,32624,600,320.0,71.0,3097.0
1783933193.9,20471,32624,594,348.0,71.0,2927.0
1783933194.4,20471,32624,598,317.0,71.0,3083.0
1783933195.0,20471,32624,598,307.0,71.0,2902.0
1783933195.6,20508,32624,619,272.0,71.0,2929.0
1783933196.2,20543,32624,625,307.0,71.0,3101.0
1783933196.8,20540,32624,613,394.0,71.0,3199.0
1783933197.4,20540,32624,613,327.0,71.0,3205.0
1783933198.0,20530,32624,602,215.0,71.0,2658.0
1783933198.6,20530,32624,602,330.0,71.0,2862.0
1783933199.2,20503,32624,600,289.0,71.0,3049.0
1783933199.8,20503,32624,600,179.0,71.0,2675.0
1783933200.4,20503,32624,600,283.0,71.0,3236.0
1783933201.0,20503,32624,600,336.0,71.0,3234.0
1783933201.6,20499,32624,596,310.0,71.0,2769.0
1783933202.2,20491,32624,596,238.0,71.0,2652.0
1783933202.8,20491,32624,596,418.0,71.0,3175.0
1783933203.4,20469,32624,596,312.0,71.0,3090.0
1783933204.0,20469,32624,596,331.0,71.0,3116.0
1783933204.5,20469,32624,596,223.0,71.0,2826.0
1783933205.1,20469,32624,596,311.0,71.0,3004.0
1783933205.7,20469,32624,596,298.0,71.0,2750.0
1783933206.3,20469,32624,596,225.0,71.0,2670.0
1783933206.9,20472,32624,596,87.0,71.0,3174.0
1783933207.5,20472,32624,596,217.0,71.0,2795.0
1783933208.1,20472,32624,596,311.0,71.0,2747.0
1783933208.7,20472,32624,596,224.0,69.0,2750.0
1783933209.3,20472,32624,596,310.0,70.0,2847.0
1783933209.9,20472,32624,596,341.0,70.0,2874.0
1783933210.5,20472,32624,596,305.0,71.0,2723.0
1783933211.1,20472,32624,596,332.0,71.0,3003.0
1783933211.7,20468,32624,594,282.0,71.0,2894.0
1783933212.3,20468,32624,594,271.0,71.0,3060.0
1783933212.9,20468,32624,594,300.0,71.0,3271.0
1783933213.5,20468,32624,594,234.0,71.0,3014.0
1783933214.0,20468,32624,594,307.0,71.0,2761.0
1783933214.6,20468,32624,594,348.0,71.0,2995.0
1783933215.2,20468,32624,594,329.0,71.0,2920.0
1783933215.8,20468,32624,594,281.0,71.0,3250.0
1783933216.4,20468,32624,594,310.0,71.0,2965.0
1783933217.0,20464,32624,594,332.0,71.0,3059.0
1783933217.6,20464,32624,594,318.0,71.0,3288.0
1783933218.2,20464,32624,594,165.0,71.0,2827.0
1783933218.8,20464,32624,594,296.0,71.0,3129.0
1783933219.4,20464,32624,594,336.0,71.0,2750.0
1783933220.0,20464,32624,594,316.0,71.0,2744.0
1783933220.6,20464,32624,594,271.0,71.0,3227.0
1783933221.2,20464,32624,594,332.0,71.0,3239.0
1783933221.8,20468,32624,594,109.0,71.0,3027.0
1783933222.4,20468,32624,594,238.0,71.0,2856.0
1783933223.0,20468,32624,594,312.0,71.0,3228.0
1783933223.6,20468,32624,594,362.0,71.0,3192.0
1783933224.2,20468,32624,594,299.0,71.0,3265.0
1783933224.8,20468,32624,594,356.0,71.0,3144.0
1783933225.3,20468,32624,594,294.0,71.0,2703.0
1783933225.9,20468,32624,594,310.0,71.0,2944.0
1783933226.5,20468,32624,594,311.0,71.0,3264.0
1783933227.1,20468,32624,594,336.0,71.0,2742.0
1783933227.7,20468,32624,594,349.0,71.0,3144.0
1783933228.3,20468,32624,594,265.0,71.0,2865.0
1783933228.9,20468,32624,594,270.0,71.0,3072.0
1783933229.5,20468,32624,594,391.0,71.0,3147.0
1783933230.1,20468,32624,594,349.0,71.0,2722.0
1783933230.7,20468,32624,594,306.0,71.0,2816.0
1783933231.3,20468,32624,594,304.0,71.0,2773.0
1783933231.9,20468,32624,594,260.0,71.0,3022.0
1783933232.5,20468,32624,594,425.0,71.0,3165.0
1783933233.0,20468,32624,594,309.0,71.0,3276.0
1783933233.6,20468,32624,594,295.0,71.0,3278.0
1783933234.2,20468,32624,594,264.0,71.0,3010.0
1783933234.8,20468,32624,594,313.0,71.0,2750.0
1783933235.4,20468,32624,594,309.0,71.0,2951.0
1783933236.0,20468,32624,594,303.0,71.0,2966.0
1783933236.6,20468,32624,594,341.0,71.0,3112.0
1783933237.2,20468,32624,594,298.0,71.0,2764.0
1783933237.8,20468,32624,594,306.0,71.0,3245.0
1783933238.4,20468,32624,594,322.0,71.0,3182.0
1783933239.0,20468,32624,594,316.0,71.0,2790.0
1783933239.6,20473,32624,598,315.0,71.0,2797.0
1783933240.2,20473,32624,598,333.0,71.0,2834.0
1783933240.7,20473,32624,598,314.0,71.0,2729.0
1783933241.3,20473,32624,598,315.0,71.0,2933.0
1783933241.9,20473,32624,598,353.0,71.0,2900.0
1783933242.5,20473,32624,598,290.0,71.0,2747.0
1783933243.1,20473,32624,598,295.0,71.0,3153.0
1783933243.7,20473,32624,598,314.0,71.0,2804.0
1783933244.3,20477,32624,598,318.0,71.0,2771.0
1783933244.9,20477,32624,598,197.0,71.0,3254.0
1783933245.5,20477,32624,598,326.0,71.0,2839.0
1783933246.1,20477,32624,598,130.0,71.0,2888.0
1783933246.7,20477,32624,598,300.0,71.0,3273.0
1783933247.3,20477,32624,598,318.0,71.0,3137.0
1783933247.9,20478,32624,598,332.0,71.0,2876.0
1783933248.4,20478,32624,598,352.0,71.0,3028.0
1783933249.0,20478,32624,598,45.0,70.0,0.0
1783933249.6,20478,32624,598,329.0,71.0,3171.0
1783933250.2,20478,32624,598,281.0,71.0,3033.0
1783933250.8,20478,32624,598,320.0,71.0,2832.0
1783933251.4,20478,32624,598,292.0,71.0,3278.0
1783933252.0,20478,32624,598,320.0,71.0,3268.0
1783933252.6,20478,32624,598,313.0,71.0,2986.0
1783933253.2,20478,32624,598,282.0,71.0,3206.0
1783933253.8,20478,32624,598,210.0,71.0,3071.0
1783933254.4,20478,32624,598,286.0,71.0,3087.0
1783933254.9,20478,32624,598,409.0,71.0,3161.0
1783933255.5,20513,32624,612,332.0,71.0,3208.0
1783933256.1,20513,32624,612,327.0,71.0,2832.0
1783933256.7,20513,32624,612,302.0,71.0,2770.0
1783933257.3,20513,32624,594,292.0,71.0,3219.0
1783933257.9,20513,32624,594,317.0,71.0,3256.0
1783933258.5,20513,32624,594,277.0,71.0,3241.0
1783933259.1,20513,32624,594,317.0,71.0,3278.0
1783933259.7,20513,32624,594,286.0,71.0,3232.0
1783933260.3,20513,32624,594,294.0,71.0,2667.0
1783933260.9,20509,32624,594,267.0,71.0,3251.0
1783933261.5,20509,32624,594,334.0,71.0,3180.0
1783933262.1,20509,32624,594,311.0,71.0,2665.0
1783933262.7,20509,32624,594,312.0,71.0,3279.0
1783933263.3,20505,32624,596,339.0,71.0,3229.0
1783933263.9,20505,32624,596,316.0,71.0,3256.0
1783933264.5,20491,32624,604,313.0,71.0,3261.0
1783933265.1,20491,32624,604,372.0,71.0,3192.0
1783933265.7,20494,32624,600,323.0,71.0,3260.0
1783933266.3,20494,32624,600,297.0,71.0,3039.0
1783933266.9,20494,32624,600,304.0,71.0,2915.0
1783933267.5,20494,32624,600,342.0,71.0,3199.0
1783933268.1,20494,32624,600,332.0,71.0,3184.0
1783933268.7,20494,32624,600,337.0,71.0,3230.0
1783933269.3,20494,32624,596,223.0,71.0,3060.0
1783933269.9,20494,32624,596,369.0,71.0,3168.0
1783933270.5,20486,32624,596,175.0,71.0,2996.0
1783933271.1,20486,32624,596,346.0,71.0,2983.0
1783933271.7,20486,32624,596,312.0,71.0,3234.0
1783933272.2,20486,32624,596,283.0,71.0,3236.0
1783933272.8,20486,32624,596,381.0,71.0,2668.0
1783933273.4,20486,32624,596,301.0,71.0,3235.0
1783933274.0,20486,32624,596,305.0,71.0,3094.0
1783933274.6,20486,32624,596,310.0,71.0,3261.0
1783933275.2,20486,32624,596,337.0,71.0,2867.0
1783933275.8,20475,32624,606,200.0,71.0,3257.0
1783933276.4,20475,32624,606,316.0,71.0,3233.0
1783933277.0,20475,32624,606,370.0,71.0,3026.0
1783933277.6,20475,32624,594,391.0,71.0,3159.0
1783933278.2,20475,32624,594,275.0,71.0,2906.0
1783933278.8,20475,32624,594,322.0,71.0,3246.0
1783933279.4,20475,32624,594,299.0,71.0,2751.0
1783933280.0,20475,32624,594,326.0,71.0,2708.0
1783933280.6,20475,32624,594,287.0,71.0,3243.0
1783933281.2,20475,32624,594,299.0,71.0,3278.0
1783933281.8,20475,32624,594,312.0,71.0,3280.0
1783933282.3,20475,32624,594,324.0,71.0,3111.0
1783933282.9,20475,32624,594,291.0,71.0,3009.0
1783933283.5,20475,32624,594,288.0,71.0,2878.0
1783933284.1,20475,32624,594,313.0,71.0,3264.0
1783933284.7,20475,32624,594,218.0,71.0,2667.0
1783933285.3,20475,32624,594,156.0,71.0,2966.0
1783933285.9,20475,32624,594,337.0,71.0,2929.0
1783933286.5,20475,32624,594,319.0,71.0,3245.0
1783933287.1,20475,32624,594,308.0,71.0,3251.0
1783933287.7,20475,32624,594,419.0,71.0,3124.0
1783933288.3,20475,32624,594,334.0,71.0,3224.0
1783933288.9,20475,32624,594,291.0,71.0,3228.0
1783933289.5,20475,32624,594,225.0,71.0,3253.0
1783933290.1,20475,32624,594,343.0,71.0,3229.0
1783933290.7,20475,32624,594,359.0,71.0,3029.0
1783933291.3,20475,32624,594,326.0,71.0,3071.0
1783933291.8,20475,32624,594,177.0,71.0,2806.0
1783933292.4,20475,32624,594,345.0,71.0,3141.0
1783933293.0,20475,32624,594,160.0,71.0,2886.0
1783933293.6,20475,32624,594,334.0,71.0,3226.0
1783933294.2,20475,32624,594,324.0,71.0,2826.0
1783933294.8,20475,32624,594,208.0,71.0,2587.0
1783933295.4,20471,32624,594,326.0,71.0,2937.0
1783933296.0,20471,32624,594,326.0,71.0,3165.0
1783933296.6,20471,32624,594,342.0,71.0,3222.0
1783933297.2,20471,32624,594,295.0,71.0,3243.0
1783933297.8,20471,32624,594,316.0,71.0,2828.0
1783933298.4,20471,32624,594,298.0,71.0,2981.0
1783933299.0,20471,32624,594,298.0,71.0,3219.0
1783933299.5,20471,32624,594,304.0,71.0,2764.0
1783933300.1,20471,32624,594,291.0,71.0,2692.0
1783933300.7,20471,32624,594,264.0,71.0,2817.0
1783933301.3,20471,32624,594,301.0,71.0,3224.0
1783933301.9,20471,32624,594,225.0,71.0,2944.0
1783933302.5,20471,32624,594,220.0,71.0,3031.0
1783933303.1,20471,32624,594,191.0,71.0,3241.0
1783933303.7,20471,32624,594,233.0,71.0,2995.0
1783933304.3,20471,32624,594,295.0,71.0,3191.0
1783933304.9,20471,32624,594,324.0,71.0,3257.0
1783933305.5,20471,32624,594,301.0,71.0,3089.0
1783933306.1,20471,32624,594,284.0,71.0,2643.0
1783933306.6,20471,32624,594,316.0,71.0,2927.0
1783933307.2,20471,32624,594,287.0,71.0,2900.0
1783933307.8,20471,32624,594,268.0,71.0,2855.0
1783933308.4,20471,32624,594,303.0,71.0,2684.0
1783933309.0,20471,32624,594,318.0,71.0,2754.0
1783933309.6,20454,32624,596,320.0,71.0,3287.0
1783933310.2,20454,32624,596,247.0,71.0,3066.0
1783933310.8,20465,32624,602,290.0,71.0,3199.0
1783933311.4,20465,32624,602,302.0,72.0,3273.0
1783933312.0,20465,32624,602,261.0,71.0,2817.0
1783933312.6,20465,32624,602,230.0,71.0,2924.0
1783933313.2,20465,32624,602,250.0,72.0,3089.0
1783933313.8,20465,32624,602,310.0,71.0,2895.0
1783933314.3,20465,32624,602,163.0,71.0,3111.0
1783933314.9,20465,32624,600,239.0,71.0,2876.0
1783933315.5,20465,32624,600,337.0,71.0,3189.0
1783933316.1,20465,32624,600,325.0,71.0,2827.0
1783933316.7,20465,32624,600,324.0,71.0,2840.0
1783933317.3,20465,32624,600,336.0,71.0,2831.0
1783933317.9,20465,32624,600,289.0,71.0,2715.0
1783933318.5,20465,32624,600,311.0,71.0,3159.0
1783933319.1,20465,32624,600,311.0,71.0,3077.0
1783933319.7,20465,32624,600,317.0,71.0,2990.0
1783933320.3,20465,32624,600,241.0,71.0,3064.0
1783933320.9,20463,32624,594,319.0,71.0,3273.0
1783933321.5,20457,32624,594,310.0,71.0,2918.0
1783933322.1,20457,32624,594,308.0,71.0,2853.0
1783933322.6,20457,32624,594,249.0,71.0,3201.0
1783933323.2,20457,32624,594,298.0,71.0,3245.0
1783933323.8,20457,32624,594,337.0,71.0,3249.0
1783933324.4,20457,32624,594,314.0,71.0,3088.0
1783933325.0,20457,32624,594,303.0,71.0,2740.0
1783933325.6,20457,32624,594,377.0,71.0,3109.0
1783933326.2,20457,32624,594,294.0,71.0,3261.0
1783933326.8,20457,32624,594,312.0,71.0,2777.0
1783933327.4,20467,32624,602,291.0,71.0,2718.0
1783933328.0,20467,32624,600,326.0,71.0,3167.0
1783933328.6,20469,32624,594,298.0,71.0,2771.0
1783933329.2,20469,32624,596,296.0,71.0,3240.0
1783933329.8,20467,32624,596,297.0,71.0,3280.0
1783933330.4,20467,32624,596,375.0,71.0,3113.0
1783933331.0,20467,32624,596,302.0,71.0,2756.0
1783933331.6,20467,32624,596,406.0,71.0,3184.0
1783933332.1,20467,32624,596,336.0,71.0,3252.0
1783933332.7,20467,32624,596,308.0,71.0,3236.0
1783933333.3,20469,32624,596,304.0,71.0,3100.0
1783933333.9,20510,32624,620,306.0,71.0,3277.0
1783933334.6,20539,32624,622,361.0,71.0,3253.0
1783933335.2,20561,32624,621,315.0,71.0,3277.0
1783933335.8,20562,32624,604,293.0,71.0,3188.0
1783933336.4,20562,32624,604,338.0,71.0,3237.0
1783933336.9,20562,32624,600,195.0,69.0,2622.0
1783933337.5,20562,32624,600,355.0,70.0,2968.0
1783933338.1,20562,32624,600,409.0,71.0,3212.0
1783933338.7,20562,32624,600,184.0,71.0,2697.0
1783933339.3,20547,32624,600,298.0,71.0,3256.0
1783933339.9,20542,32624,602,205.0,71.0,2616.0
1783933340.5,20512,32624,598,259.0,71.0,3248.0
1783933341.1,20512,32624,600,328.0,71.0,3070.0
1783933341.7,20499,32624,596,197.0,71.0,3278.0
1783933342.3,20499,32624,596,309.0,71.0,3254.0
1783933342.9,20499,32624,596,298.0,71.0,3224.0
1783933343.5,20495,32624,596,294.0,71.0,3231.0
1783933344.1,20495,32624,596,297.0,71.0,2912.0
1783933344.7,20502,32624,596,302.0,71.0,3253.0
1783933345.3,20502,32624,596,347.0,71.0,2707.0
1783933345.9,20502,32624,596,305.0,71.0,2695.0
1783933346.5,20502,32624,596,304.0,71.0,3269.0
1783933347.0,20527,32624,596,347.0,71.0,3189.0
1783933347.6,20527,32624,596,323.0,71.0,3009.0
1783933348.2,20527,32624,596,301.0,71.0,3213.0
1783933348.8,20527,32624,596,290.0,71.0,3249.0
1783933349.4,20521,32624,594,365.0,71.0,3062.0
1783933350.0,20521,32624,594,304.0,71.0,3246.0
1783933350.6,20521,32624,596,309.0,71.0,3074.0
1783933351.2,20521,32624,596,333.0,71.0,3137.0
1783933351.8,20525,32624,598,328.0,71.0,2831.0
1783933352.4,20525,32624,598,269.0,71.0,3252.0
1783933353.0,20525,32624,598,313.0,71.0,3260.0
1783933353.6,20525,32624,598,150.0,71.0,3193.0
1783933354.2,20525,32624,598,307.0,71.0,2757.0
1783933354.8,20511,32624,598,416.0,71.0,3162.0
1783933355.3,20511,32624,596,308.0,71.0,3266.0
1783933355.9,20511,32624,598,297.0,71.0,3261.0
1783933356.5,20511,32624,598,319.0,71.0,3250.0
1783933357.1,20511,32624,598,314.0,71.0,3276.0
1783933357.7,20507,32624,598,304.0,71.0,3267.0
1783933358.3,20507,32624,598,306.0,71.0,3246.0
1783933358.9,20507,32624,598,309.0,71.0,3254.0
1783933359.5,20507,32624,598,311.0,71.0,3268.0
1783933360.1,20507,32624,598,306.0,71.0,3246.0
1783933360.7,20529,32624,602,328.0,71.0,2989.0
1783933361.3,20520,32624,602,328.0,71.0,2839.0
1783933361.8,20536,32624,602,305.0,71.0,3269.0
1783933362.4,20538,32624,604,297.0,71.0,3256.0
1783933363.0,20538,32624,604,340.0,71.0,3240.0
1783933363.6,20536,32624,596,320.0,71.0,3170.0
1783933364.2,20566,32624,614,306.0,71.0,2978.0
1783933364.8,20562,32624,614,193.0,71.0,2755.0
1783933365.4,20540,32624,596,315.0,71.0,3263.0
1783933366.0,20595,32624,612,308.0,71.0,2701.0
1783933366.6,20595,32624,612,325.0,71.0,2994.0
1783933367.2,20595,32624,612,312.0,71.0,3260.0
1783933367.8,20514,32624,606,339.0,71.0,2908.0
1783933368.4,20514,32624,606,303.0,71.0,3250.0
1783933369.0,20514,32624,606,331.0,71.0,2732.0
1783933369.6,20514,32624,606,220.0,71.0,3122.0
1783933370.2,20514,32624,606,248.0,71.0,2835.0
1783933370.8,20514,32624,606,326.0,71.0,2934.0
1783933371.3,20473,32624,606,304.0,71.0,3099.0
1783933371.9,20473,32624,606,308.0,71.0,3291.0
1783933372.5,20465,32624,608,334.0,71.0,3247.0
1783933373.1,20449,32624,602,157.0,71.0,2999.0
1783933373.7,20545,32624,639,300.0,71.0,3278.0
1783933374.3,20544,32624,635,338.0,71.0,3100.0
1783933374.9,20521,32624,610,293.0,71.0,3058.0
1783933375.5,20517,32624,612,316.0,71.0,3144.0
1783933376.1,20538,32624,616,197.0,71.0,3010.0
1783933376.7,20538,32624,616,223.0,71.0,3063.0
1783933377.3,20529,32624,624,364.0,71.0,3200.0
1783933377.9,20496,32624,608,256.0,71.0,2813.0
1783933378.5,20459,32624,618,324.0,71.0,2948.0
1783933379.1,20479,32624,618,312.0,71.0,3272.0
1783933379.7,20479,32624,598,263.0,71.0,2856.0
1783933380.3,20479,32624,598,280.0,71.0,3233.0
1783933380.9,20463,32624,604,323.0,71.0,2879.0
1783933381.5,20459,32624,616,309.0,71.0,2817.0
1783933382.1,20459,32624,616,315.0,71.0,3282.0
1783933382.7,20459,32624,616,343.0,71.0,3210.0
1783933383.3,20452,32624,616,309.0,71.0,3282.0
1783933383.9,20454,32624,618,321.0,71.0,3219.0
1783933384.5,20454,32624,618,233.0,71.0,3284.0
1783933385.1,20454,32624,604,308.0,71.0,2849.0
1783933385.7,20424,32624,602,184.0,71.0,3029.0
1783933386.3,20424,32624,602,302.0,71.0,2923.0
1783933386.9,20421,32624,602,341.0,71.0,3218.0
1783933387.5,20433,32624,606,204.0,71.0,3151.0
1783933388.1,20454,32624,618,298.0,71.0,3264.0
1783933388.7,20450,32624,618,312.0,71.0,3104.0
1783933389.3,20450,32624,604,313.0,71.0,3262.0
1783933389.9,20448,32624,620,296.0,71.0,3242.0
1783933390.4,20448,32624,618,334.0,71.0,3242.0
1783933391.0,20441,32624,618,311.0,71.0,3258.0
1783933391.7,20433,32624,618,124.0,71.0,3197.0
1783933392.2,20435,32624,606,428.0,71.0,3182.0
1783933392.8,20437,32624,600,325.0,71.0,3246.0
1783933393.4,20437,32624,598,327.0,71.0,3279.0
1783933394.0,20433,32624,596,324.0,71.0,3166.0
1783933394.6,20433,32624,596,346.0,71.0,3178.0
1783933395.2,20426,32624,596,292.0,71.0,3271.0
1783933395.8,20419,32624,596,349.0,71.0,3035.0
1783933396.4,20419,32624,596,294.0,71.0,3245.0
1783933397.0,20403,32624,594,313.0,71.0,3271.0
1783933397.6,20403,32624,594,75.0,71.0,2964.0
1783933398.2,20400,32624,594,327.0,71.0,3225.0
1783933398.8,20396,32624,594,315.0,71.0,2823.0
1783933399.4,20396,32624,594,316.0,71.0,3216.0
1783933400.0,20390,32624,594,312.0,71.0,2975.0
1783933400.6,20390,32624,594,248.0,71.0,3020.0
1783933401.2,20390,32624,594,298.0,71.0,2720.0
1783933401.8,20390,32624,594,310.0,71.0,3277.0
1783933402.4,20390,32624,594,110.0,71.0,2912.0
1783933403.0,20390,32624,594,323.0,71.0,3276.0
1783933403.6,20390,32624,594,275.0,71.0,3082.0
1783933404.2,20390,32624,594,338.0,71.0,3234.0
1783933404.8,20407,32624,606,303.0,71.0,3266.0
1783933405.4,20407,32624,606,339.0,71.0,3177.0
1783933406.0,20438,32624,610,329.0,71.0,3241.0
1783933406.6,20452,32624,616,414.0,71.0,3170.0
1783933407.2,20472,32624,614,266.0,71.0,2880.0
1783933407.8,20488,32624,612,317.0,71.0,3279.0
1783933408.4,20500,32624,602,211.0,71.0,2720.0
1783933409.0,20500,32624,602,298.0,71.0,3081.0
1783933409.6,20479,32624,598,305.0,71.0,3234.0
1783933410.2,20477,32624,598,259.0,71.0,3247.0
1783933410.8,20444,32624,598,306.0,71.0,2800.0
1783933411.4,20440,32624,598,310.0,71.0,3105.0
1783933412.0,20440,32624,592,329.0,71.0,3259.0
1783933412.6,20428,32624,592,304.0,71.0,3053.0
1783933413.2,20494,32624,610,296.0,71.0,2725.0
1783933413.8,20498,32624,598,340.0,71.0,3229.0
1783933414.4,20498,32624,600,310.0,71.0,3278.0
1783933415.0,20498,32624,596,311.0,71.0,3278.0
1783933415.6,20478,32624,594,389.0,71.0,3101.0
1783933416.2,20493,32624,606,348.0,71.0,3238.0
1783933416.8,20493,32624,606,308.0,71.0,3286.0
1783933417.4,20493,32624,602,310.0,71.0,3277.0
1783933418.0,20497,32624,602,178.0,71.0,2783.0
1783933418.6,20497,32624,600,346.0,71.0,3091.0
1783933419.2,20497,32624,600,282.0,71.0,2674.0
1783933419.8,20497,32624,600,298.0,71.0,3055.0
1783933420.4,20493,32624,600,340.0,71.0,3269.0
1783933421.0,20497,32624,600,241.0,71.0,3176.0
1783933421.6,20501,32624,602,323.0,71.0,2758.0
1783933422.2,20501,32624,598,317.0,71.0,2836.0
1783933422.8,20506,32624,604,382.0,71.0,2803.0
1783933423.4,20505,32624,598,215.0,71.0,3269.0
1783933424.0,20522,32624,604,317.0,71.0,2803.0
1783933424.6,20501,32624,602,292.0,71.0,3249.0
1783933425.2,20501,32624,602,317.0,71.0,3280.0
1783933425.8,20489,32624,592,333.0,71.0,3196.0
1783933426.3,20489,32624,592,313.0,71.0,3196.0
1783933426.9,20468,32624,592,169.0,71.0,2795.0
1783933427.5,20448,32624,592,234.0,71.0,2707.0
1783933428.1,20448,32624,592,294.0,71.0,3277.0
1783933428.7,20448,32624,592,311.0,71.0,3262.0
1783933429.3,20448,32624,592,213.0,71.0,3257.0
1783933429.9,20426,32624,592,198.0,71.0,2706.0
1783933430.5,20426,32624,592,299.0,71.0,3268.0
1783933431.1,20426,32624,592,337.0,71.0,3240.0
1783933431.7,20426,32624,592,319.0,71.0,2973.0
1783933432.3,20426,32624,592,325.0,71.0,3261.0
1783933432.9,20426,32624,592,333.0,71.0,2840.0
1783933433.5,20426,32624,592,171.0,71.0,2907.0
1783933434.1,20425,32624,592,338.0,71.0,2891.0
1783933434.7,20425,32624,592,310.0,71.0,3273.0
1783933435.3,20425,32624,592,278.0,71.0,2718.0
1783933435.9,20425,32624,592,168.0,71.0,3007.0
1783933436.5,20425,32624,592,191.0,71.0,2582.0
1783933437.1,20425,32624,592,317.0,71.0,3148.0
1783933437.7,20425,32624,592,316.0,71.0,2969.0
1783933438.3,20425,32624,592,340.0,71.0,3264.0
1783933438.9,20425,32624,592,287.0,71.0,3231.0
1783933439.5,20425,32624,592,279.0,71.0,2707.0
1783933440.1,20425,32624,592,285.0,71.0,3212.0
1783933440.7,20453,32624,600,272.0,71.0,3158.0
1783933441.3,20453,32624,600,179.0,71.0,3280.0
1783933441.9,20453,32624,592,307.0,71.0,3281.0
1783933442.5,20460,32624,594,316.0,71.0,3134.0
1783933443.1,20460,32624,594,419.0,71.0,3169.0
1783933443.7,20460,32624,594,324.0,71.0,3138.0
1783933444.2,20460,32624,594,303.0,71.0,3261.0
1783933444.8,20460,32624,594,295.0,71.0,3257.0
1783933445.4,20460,32624,594,341.0,71.0,3203.0
1783933446.0,20422,32624,594,301.0,71.0,3232.0
1783933446.6,20422,32624,594,254.0,71.0,3103.0
1783933447.2,20422,32624,594,312.0,71.0,3278.0
1783933447.8,20422,32624,594,213.0,71.0,3237.0
1783933448.4,20422,32624,594,320.0,71.0,3183.0
1783933449.0,20422,32624,594,336.0,71.0,3215.0
1783933449.6,20422,32624,594,346.0,71.0,2639.0
1783933450.2,20422,32624,594,293.0,71.0,2889.0
1783933450.8,20422,32624,594,342.0,71.0,3063.0
1783933451.4,20422,32624,594,319.0,71.0,3167.0
1783933452.0,20422,32624,594,282.0,71.0,2744.0
1783933452.5,20422,32624,594,260.0,71.0,2781.0
1783933453.1,20422,32624,594,306.0,71.0,3258.0
1783933453.7,20422,32624,594,279.0,71.0,3264.0
1783933454.3,20422,32624,594,320.0,71.0,3265.0
1783933454.9,20422,32624,594,329.0,71.0,3250.0
1783933455.5,20422,32624,594,275.0,71.0,3209.0
1783933456.1,20422,32624,594,330.0,71.0,3269.0
1783933456.7,20422,32624,594,319.0,71.0,2887.0
1783933457.3,20422,32624,594,326.0,71.0,3230.0
1783933457.9,20422,32624,594,301.0,71.0,3107.0
1783933458.5,20422,32624,594,310.0,71.0,2734.0
1783933459.1,20422,32624,594,240.0,71.0,2590.0
1783933459.7,20422,32624,594,331.0,71.0,2822.0
1783933460.2,20422,32624,594,298.0,71.0,3235.0
1783933460.8,20422,32624,594,316.0,71.0,3271.0
1783933461.4,20423,32624,594,395.0,71.0,3155.0
1783933462.0,20423,32624,594,297.0,71.0,3270.0
1783933462.6,20423,32624,594,299.0,71.0,3189.0
1783933463.2,20423,32624,594,289.0,71.0,3249.0
1783933463.8,20423,32624,594,330.0,71.0,3241.0
1783933464.4,20423,32624,594,376.0,71.0,3026.0
1783933465.0,20423,32624,594,260.0,71.0,3100.0
1783933465.6,20423,32624,594,325.0,71.0,2974.0
1783933466.2,20430,32624,594,276.0,71.0,3202.0
1783933466.8,20430,32624,594,286.0,71.0,3235.0
1783933467.4,20430,32624,594,322.0,71.0,2701.0
1783933468.0,20457,32624,596,141.0,71.0,3040.0
1783933468.6,20457,32624,596,332.0,71.0,3174.0
1783933469.2,20457,32624,596,319.0,71.0,2803.0
1783933469.8,20457,32624,596,275.0,71.0,3259.0
1783933470.4,20457,32624,596,280.0,71.0,2692.0
1783933471.0,20457,32624,596,279.0,71.0,3006.0
1783933471.5,20457,32624,596,143.0,71.0,2842.0
1783933472.1,20457,32624,596,313.0,71.0,3078.0
1783933472.7,20457,32624,596,302.0,71.0,3271.0
1783933473.3,20457,32624,594,257.0,71.0,3018.0
1783933473.9,20457,32624,594,321.0,71.0,3255.0
1783933474.5,20457,32624,594,254.0,71.0,3043.0
1783933475.1,20457,32624,594,302.0,71.0,3246.0
1783933475.7,20453,32624,594,377.0,71.0,3125.0
1783933476.3,20453,32624,594,293.0,71.0,3252.0
1783933476.9,20453,32624,594,302.0,71.0,3266.0
1783933477.5,20453,32624,594,268.0,71.0,2934.0
1783933478.1,20453,32624,594,313.0,71.0,3253.0
1783933478.7,20453,32624,594,357.0,72.0,3183.0
1783933479.2,20453,32624,594,301.0,71.0,3264.0
1783933479.8,20453,32624,594,185.0,71.0,3213.0
1783933480.4,20453,32624,594,310.0,71.0,3283.0
1783933481.0,20453,32624,594,304.0,71.0,2893.0
1783933481.6,20453,32624,594,327.0,71.0,3019.0
1783933482.2,20453,32624,594,305.0,71.0,3056.0
1783933482.8,20453,32624,594,287.0,71.0,3257.0
1783933483.4,20453,32624,594,330.0,71.0,2777.0
1783933484.0,20453,32624,594,337.0,71.0,2834.0
1783933484.6,20453,32624,594,315.0,71.0,3235.0
1783933485.2,20453,32624,594,308.0,71.0,2742.0
1783933485.8,20453,32624,594,154.0,71.0,3103.0
1783933486.4,20453,32624,594,311.0,71.0,3145.0
1783933486.9,20453,32624,594,302.0,71.0,3268.0
1783933487.5,20453,32624,594,316.0,71.0,2809.0
1783933488.1,20453,32624,594,304.0,71.0,3277.0
1783933488.7,20453,32624,594,305.0,71.0,3063.0
1783933489.3,20453,32624,594,305.0,71.0,3271.0
1783933489.9,20453,32624,594,301.0,71.0,3240.0
1783933490.5,20453,32624,594,308.0,71.0,3258.0
1783933491.1,20453,32624,594,162.0,71.0,3183.0
1783933491.7,20453,32624,594,280.0,71.0,2455.0
1783933492.3,20453,32624,594,285.0,71.0,3131.0
1783933492.9,20453,32624,594,379.0,71.0,3220.0
1783933493.5,20453,32624,594,327.0,71.0,2694.0
1783933494.1,20453,32624,594,311.0,71.0,3265.0
1783933494.7,20453,32624,594,256.0,71.0,3272.0
1783933495.3,20453,32624,594,333.0,71.0,3238.0
1783933495.8,20453,32624,594,320.0,71.0,3165.0
1783933496.4,20453,32624,594,290.0,71.0,3138.0
1783933497.0,20453,32624,594,139.0,71.0,3200.0
1783933497.6,20453,32624,594,297.0,71.0,3241.0
1783933498.2,20453,32624,594,311.0,71.0,3265.0
1783933498.8,20453,32624,594,251.0,71.0,3101.0
1783933499.4,20453,32624,594,345.0,71.0,3060.0
1783933500.0,20453,32624,594,308.0,71.0,2820.0
1783933500.6,20414,32624,600,260.0,71.0,3274.0
1783933501.2,20414,32624,600,308.0,71.0,3268.0
1783933501.8,20414,32624,600,277.0,71.0,3000.0
1783933502.4,20414,32624,600,148.0,71.0,2957.0
1783933503.0,20377,32624,600,315.0,71.0,3100.0
1783933503.5,20377,32624,600,287.0,71.0,2729.0
1783933504.1,20377,32624,600,308.0,71.0,3247.0
1783933504.7,20377,32624,600,313.0,71.0,3276.0
1783933505.3,20377,32624,600,286.0,71.0,3171.0
1783933505.9,20377,32624,600,303.0,71.0,2784.0
1783933506.5,20377,32624,600,291.0,71.0,3241.0
1783933507.1,20377,32624,600,335.0,71.0,3177.0
1783933507.7,20377,32624,600,314.0,71.0,2784.0
1783933508.3,20377,32624,600,309.0,71.0,2945.0
1783933508.9,20377,32624,600,313.0,71.0,2907.0
1783933509.5,20377,32624,600,247.0,71.0,3239.0
1783933510.1,20377,32624,600,369.0,71.0,3063.0
1783933510.7,20377,32624,600,301.0,71.0,3269.0
1783933511.3,20377,32624,600,289.0,71.0,3006.0
1783933511.9,20377,32624,600,78.0,69.0,3275.0
1783933512.4,20390,32624,600,149.0,70.0,2773.0
1783933513.0,20390,32624,600,324.0,71.0,2832.0
1783933513.6,20390,32624,600,305.0,71.0,2748.0
1783933514.2,20390,32624,600,268.0,71.0,2852.0
1783933514.8,20390,32624,600,356.0,71.0,2350.0
1783933515.4,20390,32624,600,183.0,71.0,3149.0
1783933516.0,20390,32624,600,337.0,71.0,3230.0
1783933516.6,20390,32624,600,270.0,71.0,2923.0
1783933517.2,20390,32624,600,391.0,71.0,3127.0
1783933517.8,20390,32624,600,322.0,71.0,2754.0
1783933518.4,20390,32624,600,265.0,71.0,2616.0
1783933519.0,20390,32624,600,319.0,71.0,2781.0
1783933519.6,20390,32624,600,312.0,71.0,2773.0
1783933520.2,20390,32624,600,425.0,71.0,3137.0
1783933520.8,20390,32624,600,319.0,71.0,3271.0
1783933521.4,20390,32624,600,318.0,71.0,3087.0
1783933522.0,20390,32624,600,340.0,71.0,2669.0
1783933522.6,20390,32624,600,313.0,71.0,2728.0
1783933523.2,20390,32624,600,340.0,71.0,3113.0
1783933523.8,20390,32624,600,364.0,71.0,3196.0
1783933524.3,20390,32624,600,330.0,71.0,2849.0
1783933524.9,20390,32624,600,318.0,71.0,2736.0
1783933525.5,20390,32624,600,303.0,71.0,3044.0
1783933526.1,20390,32624,600,188.0,71.0,3004.0
1783933526.7,20390,32624,600,326.0,71.0,2748.0
1783933527.3,20390,32624,600,288.0,71.0,2685.0
1783933527.9,20390,32624,600,333.0,71.0,3095.0
1783933528.5,20390,32624,600,332.0,71.0,3240.0
1783933529.1,20390,32624,600,305.0,71.0,3258.0
1783933529.7,20390,32624,600,346.0,71.0,3237.0
1783933530.3,20390,32624,600,279.0,71.0,2872.0
1783933530.9,20390,32624,600,192.0,71.0,2640.0
1783933531.5,20390,32624,600,326.0,71.0,3226.0
1783933532.1,20390,32624,600,300.0,71.0,3091.0
1783933532.7,20390,32624,600,347.0,71.0,3057.0
1783933533.2,20390,32624,600,278.0,71.0,3255.0
1783933533.8,20390,32624,600,315.0,71.0,3262.0
1783933534.4,20390,32624,600,331.0,71.0,3183.0
1783933535.0,20390,32624,600,334.0,71.0,3221.0
1783933535.6,20390,32624,600,331.0,71.0,2870.0
1783933536.2,20390,32624,600,304.0,71.0,3229.0
1783933536.8,20390,32624,600,312.0,71.0,3250.0
1783933537.4,20390,32624,600,307.0,71.0,3238.0
1783933538.0,20390,32624,600,288.0,71.0,3273.0
1783933538.6,20390,32624,600,305.0,71.0,2662.0
1783933539.2,20390,32624,600,299.0,71.0,3262.0
1783933539.8,20390,32624,600,330.0,71.0,2781.0
1783933540.4,20390,32624,600,227.0,71.0,3212.0
1783933540.9,20390,32624,600,312.0,71.0,3253.0
1783933541.5,20390,32624,600,303.0,71.0,3265.0
1783933542.1,20390,32624,600,230.0,71.0,3254.0
1783933542.7,20390,32624,600,183.0,71.0,2695.0
1783933543.3,20390,32624,600,349.0,71.0,3227.0
1783933543.9,20390,32624,600,303.0,71.0,3254.0
1783933544.5,20390,32624,600,319.0,71.0,3220.0
1783933545.1,20390,32624,600,301.0,71.0,2875.0
1783933545.7,20390,32624,600,289.0,71.0,2774.0
1783933546.3,20390,32624,600,277.0,71.0,2707.0
1783933546.9,20390,32624,600,330.0,71.0,2901.0
1783933547.5,20390,32624,600,323.0,71.0,3159.0
1783933548.0,20390,32624,600,340.0,71.0,3221.0
1783933548.6,20390,32624,600,261.0,71.0,3255.0
1783933549.2,20390,32624,600,209.0,71.0,3193.0
1783933549.8,20390,32624,600,307.0,71.0,2713.0
1783933550.4,20390,32624,600,309.0,71.0,3281.0
1783933551.0,20390,32624,600,303.0,71.0,2919.0
1783933551.6,20390,32624,600,134.0,71.0,2695.0
1783933552.2,20390,32624,600,310.0,71.0,2800.0
1783933552.8,20390,32624,600,288.0,71.0,2729.0
1783933553.4,20390,32624,600,298.0,71.0,3263.0
1783933554.0,20390,32624,600,375.0,71.0,3077.0
1783933554.6,20390,32624,600,244.0,71.0,3088.0
1783933555.2,20390,32624,600,212.0,71.0,2598.0
1783933555.7,20390,32624,600,344.0,71.0,2950.0
1783933556.3,20390,32624,600,330.0,71.0,3238.0
1783933556.9,20390,32624,600,166.0,71.0,3160.0
1783933557.5,20390,32624,600,321.0,71.0,2976.0
1783933558.1,20390,32624,600,310.0,71.0,3275.0
1783933558.7,20390,32624,600,275.0,71.0,3029.0
1783933559.3,20390,32624,600,352.0,71.0,2941.0
1783933559.9,20386,32624,600,182.0,71.0,2506.0
1783933560.5,20386,32624,600,328.0,71.0,2852.0
1783933561.1,20367,32624,596,320.0,71.0,3262.0
1783933561.7,20367,32624,596,234.0,71.0,2928.0
1783933562.3,20367,32624,596,266.0,71.0,2801.0
1783933562.9,20367,32624,596,303.0,71.0,3257.0
1783933563.4,20367,32624,596,354.0,71.0,2947.0
1783933564.0,20367,32624,596,374.0,71.0,3122.0
1783933564.6,20367,32624,596,312.0,71.0,3269.0
1783933565.2,20367,32624,596,314.0,71.0,3283.0
1783933565.8,20367,32624,596,137.0,71.0,2978.0
1783933566.4,20367,32624,596,304.0,71.0,2761.0
1783933567.0,20367,32624,596,329.0,71.0,2735.0
1783933567.6,20367,32624,596,308.0,71.0,3000.0
1783933568.2,20367,32624,596,335.0,71.0,3239.0
1783933568.8,20367,32624,596,322.0,71.0,2845.0
1783933569.4,20367,32624,596,319.0,71.0,3266.0
1783933569.9,20367,32624,596,363.0,71.0,3032.0
1783933570.5,20367,32624,596,144.0,71.0,2963.0
1783933571.1,20367,32624,596,290.0,72.0,3261.0
1783933571.7,20367,32624,596,282.0,71.0,3216.0
1783933572.3,20367,32624,596,311.0,71.0,2935.0
1783933572.9,20367,32624,596,209.0,71.0,2725.0
1783933573.5,20367,32624,596,186.0,71.0,2692.0
1783933574.1,20367,32624,596,290.0,72.0,3074.0
1783933574.7,20367,32624,596,305.0,71.0,3239.0
1783933575.3,20367,32624,596,299.0,72.0,3246.0
1783933575.9,20367,32624,596,307.0,71.0,3222.0
1783933576.5,20367,32624,596,319.0,71.0,2692.0
1783933577.1,755,32624,92,34.0,69.0,0.0
1783933577.6,755,32624,92,16.0,68.0,0.0
1783933578.2,742,32624,76,16.0,67.0,0.0
1783933578.8,742,32624,76,15.0,67.0,0.0
1783933579.4,742,32624,76,15.0,66.0,0.0
1783933580.0,742,32624,76,14.0,66.0,0.0
1783933580.6,753,32624,76,32.0,66.0,0.0
1783933581.2,753,32624,76,16.0,65.0,0.0
1783933581.8,753,32624,76,16.0,65.0,0.0
1783933582.4,753,32624,76,16.0,64.0,0.0
1783933583.0,753,32624,76,14.0,64.0,0.0
1783933583.6,753,32624,76,15.0,63.0,0.0
1783933584.2,753,32624,76,15.0,63.0,0.0
1783933584.8,753,32624,76,14.0,63.0,0.0
1783933585.4,753,32624,76,15.0,62.0,0.0
1783933586.0,753,32624,76,14.0,62.0,0.0
1783933586.5,753,32624,76,14.0,62.0,0.0
1783933587.1,753,32624,76,15.0,61.0,0.0
1783933587.7,753,32624,76,15.0,61.0,0.0
1783933588.3,753,32624,76,15.0,61.0,0.0
1783933588.9,753,32624,76,14.0,60.0,0.0
1783933589.5,753,32624,76,15.0,60.0,0.0
1783933590.1,753,32624,76,16.0,60.0,0.0
1783933590.7,753,32624,76,14.0,60.0,0.0
1783933591.3,753,32624,76,14.0,59.0,0.0
1783933591.9,753,32624,76,13.0,59.0,0.0
1783933592.5,753,32624,76,13.0,59.0,0.0
1783933593.1,753,32624,76,14.0,58.0,0.0
1783933593.7,753,32624,76,14.0,58.0,0.0
1783933594.2,753,32624,76,14.0,58.0,0.0
1783933594.8,753,32624,76,13.0,57.0,0.0
1783933595.4,753,32624,76,13.0,57.0,0.0
1783933596.0,753,32624,76,14.0,57.0,0.0
1783933596.6,753,32624,76,13.0,57.0,0.0
1783933597.2,753,32624,76,13.0,56.0,0.0
1783933597.8,753,32624,76,14.0,56.0,0.0
1783933598.4,753,32624,76,13.0,56.0,0.0
1783933599.0,753,32624,76,12.0,56.0,0.0
1783933599.6,16375,32624,76,18.0,56.0,0.0
1783933600.2,16375,32624,76,19.0,55.0,0.0
1783933600.8,16375,32624,76,18.0,55.0,0.0
1783933601.4,16375,32624,76,17.0,55.0,0.0
1783933602.0,16375,32624,76,19.0,55.0,0.0
1783933602.6,16375,32624,76,16.0,55.0,0.0
1783933603.2,16375,32624,76,20.0,54.0,0.0
1783933603.8,16375,32624,76,18.0,54.0,0.0
1783933604.4,20639,32624,497,40.0,55.0,0.0
1783933605.0,20639,32624,497,26.0,54.0,0.0
1783933605.6,20647,32624,580,175.0,55.0,1794.0
1783933606.2,20648,32624,585,190.0,56.0,1801.0
1783933606.7,20648,32624,585,209.0,57.0,2562.0
1783933607.3,20648,32624,585,278.0,58.0,2966.0
1783933607.9,20648,32624,585,309.0,58.0,2969.0
1783933608.5,20648,32624,585,269.0,59.0,2953.0
1783933609.1,20648,32624,585,285.0,59.0,2553.0
1783933609.7,20648,32624,585,317.0,59.0,2645.0
1783933610.3,20648,32624,585,317.0,60.0,2684.0
1783933610.9,20648,32624,585,330.0,60.0,2727.0
1783933611.5,20648,32624,585,370.0,60.0,2844.0
1783933612.1,20648,32624,585,276.0,60.0,2950.0
1783933612.7,20648,32624,585,246.0,61.0,2816.0
1783933613.3,20648,32624,585,325.0,61.0,2649.0
1783933613.9,20648,32624,585,293.0,61.0,2599.0
1783933614.5,20648,32624,585,318.0,61.0,2642.0
1783933615.0,20648,32624,585,325.0,61.0,2700.0
1783933615.6,20648,32624,585,391.0,62.0,2914.0
1783933616.2,20648,32624,585,321.0,62.0,2943.0
1783933616.8,20648,32624,585,273.0,62.0,2918.0
1783933617.4,20648,32624,585,285.0,62.0,2505.0
1783933618.0,20648,32624,585,320.0,62.0,2607.0
1783933618.6,20648,32624,585,301.0,62.0,2627.0
1783933619.2,20648,32624,585,313.0,63.0,2718.0
1783933619.8,20648,32624,585,325.0,63.0,2908.0
1783933620.4,20648,32624,585,249.0,63.0,2940.0
1783933621.0,20648,32624,585,343.0,63.0,2593.0
1783933621.6,20648,32624,585,331.0,63.0,2639.0
1783933622.2,20648,32624,585,349.0,64.0,2825.0
1783933622.8,20648,32624,585,249.0,64.0,2794.0
1783933623.4,20648,32624,585,268.0,64.0,2883.0
1783933624.0,20648,32624,585,266.0,64.0,2545.0
1783933624.5,20648,32624,585,344.0,64.0,2623.0
1783933625.1,20648,32624,585,335.0,64.0,2690.0
1783933625.7,20648,32624,585,345.0,64.0,2785.0
1783933626.3,20648,32624,585,300.0,64.0,2999.0
1783933626.9,20648,32624,585,171.0,65.0,2572.0
1783933627.5,20648,32624,585,312.0,65.0,2620.0
1783933628.1,20648,32624,585,311.0,65.0,2675.0
1783933628.7,20648,32624,585,276.0,65.0,2951.0
1783933629.3,20648,32624,585,324.0,65.0,2575.0
1783933629.9,20643,32624,589,325.0,65.0,2690.0
1783933630.5,20643,32624,589,342.0,65.0,2771.0
1783933631.1,20643,32624,589,246.0,65.0,2715.0
1783933631.7,20643,32624,589,280.0,66.0,2519.0
1783933632.2,20643,32624,589,306.0,66.0,2637.0
1783933632.8,20643,32624,589,352.0,66.0,2797.0
1783933633.4,20643,32624,589,282.0,66.0,3008.0
1783933634.0,20643,32624,589,183.0,66.0,2571.0
1783933634.6,20643,32624,589,310.0,66.0,2548.0
1783933635.2,20643,32624,589,324.0,66.0,2681.0
1783933635.8,20643,32624,589,330.0,66.0,2916.0
1783933636.4,20643,32624,589,256.0,66.0,2845.0
1783933637.0,20643,32624,589,282.0,66.0,2513.0
1783933637.6,20643,32624,589,301.0,66.0,2649.0
1783933638.2,20643,32624,589,272.0,67.0,2899.0
1783933638.8,20643,32624,589,314.0,67.0,2554.0
1783933639.4,20643,32624,589,316.0,67.0,2613.0
1783933640.0,20643,32624,589,329.0,67.0,2710.0
1783933640.6,20643,32624,589,277.0,67.0,2859.0
1783933641.1,20643,32624,589,314.0,67.0,2640.0
1783933641.7,20643,32624,589,296.0,67.0,2692.0
1783933642.3,20643,32624,589,213.0,67.0,2679.0
1783933642.9,20643,32624,589,317.0,67.0,2601.0
1783933643.5,20643,32624,589,301.0,67.0,2618.0
1783933644.1,20643,32624,589,353.0,67.0,2907.0
1783933644.7,20643,32624,589,269.0,67.0,2597.0
1783933645.3,20643,32624,589,305.0,67.0,2622.0
1783933645.9,20643,32624,589,339.0,68.0,2785.0
1783933646.5,20643,32624,589,282.0,68.0,2907.0
1783933647.1,20643,32624,589,302.0,68.0,2538.0
1783933647.7,20643,32624,589,345.0,68.0,2804.0
1783933648.3,20643,32624,589,273.0,68.0,2916.0
1783933648.9,20643,32624,589,293.0,68.0,2539.0
1783933649.5,20643,32624,589,319.0,68.0,2702.0
1783933650.0,20643,32624,589,156.0,68.0,2597.0
1783933650.6,20643,32624,589,306.0,68.0,2668.0
1783933651.2,20643,32624,589,358.0,68.0,2859.0
1783933651.8,20643,32624,589,297.0,68.0,2589.0
1783933652.4,20643,32624,589,332.0,68.0,2643.0
1783933653.0,20643,32624,589,264.0,68.0,2757.0
1783933653.6,20643,32624,589,315.0,68.0,2584.0
1783933654.2,20643,32624,589,386.0,68.0,2871.0
1783933654.8,20643,32624,589,328.0,68.0,2574.0
1783933655.4,20643,32624,589,331.0,68.0,2654.0
1783933656.0,20643,32624,589,261.0,68.0,2822.0
1783933656.5,20643,32624,589,277.0,68.0,2515.0
1783933657.1,20643,32624,589,357.0,68.0,2820.0
1783933657.7,20643,32624,589,177.0,69.0,2697.0
1783933658.3,20643,32624,589,302.0,69.0,2616.0
1783933658.9,20643,32624,589,329.0,69.0,2911.0
1783933659.5,20643,32624,589,288.0,68.0,2590.0
1783933660.1,20643,32624,589,329.0,69.0,2732.0
1783933660.7,20643,32624,589,203.0,69.0,2613.0
1783933661.3,20643,32624,589,324.0,69.0,2672.0
1783933661.9,20643,32624,589,270.0,69.0,2851.0
1783933662.4,20643,32624,589,292.0,69.0,2621.0
1783933663.0,20643,32624,589,378.0,69.0,2817.0
1783933663.6,20643,32624,589,312.0,69.0,2519.0
1783933664.2,20643,32624,589,324.0,69.0,2651.0
1783933664.8,20643,32624,589,190.0,69.0,2663.0
1783933665.4,20643,32624,589,308.0,69.0,2568.0
1783933666.0,20643,32624,589,374.0,69.0,2815.0
1783933666.6,20643,32624,589,295.0,69.0,2534.0
1783933667.2,20643,32624,589,294.0,69.0,2656.0
1783933667.8,20643,32624,589,261.0,69.0,2804.0
1783933668.4,20643,32624,589,312.0,69.0,2552.0
1783933669.0,20643,32624,589,328.0,69.0,2682.0
1783933669.5,20643,32624,589,273.0,69.0,2500.0
1783933670.1,20643,32624,589,323.0,69.0,2691.0
1783933670.7,20643,32624,589,153.0,69.0,2527.0
1783933671.3,20643,32624,589,333.0,69.0,2657.0
1783933671.9,20643,32624,589,255.0,69.0,2764.0
1783933672.5,20643,32624,589,278.0,69.0,2564.0
1783933673.1,20643,32624,589,274.0,69.0,2879.0
1783933673.7,20643,32624,589,310.0,69.0,2573.0
1783933674.3,20643,32624,589,335.0,69.0,2795.0
1783933674.9,20643,32624,589,327.0,69.0,2578.0
1783933675.5,20643,32624,589,347.0,69.0,2706.0
1783933676.1,20643,32624,589,229.0,69.0,2462.0
1783933676.7,20643,32624,589,329.0,69.0,2683.0
1783933677.3,20643,32624,589,267.0,69.0,2866.0
1783933677.8,20643,32624,589,289.0,69.0,2610.0
1783933678.4,20643,32624,589,359.0,70.0,2778.0
1783933679.0,20643,32624,589,262.0,69.0,2526.0
1783933679.6,20643,32624,589,370.0,70.0,2880.0
1783933680.2,20643,32624,589,330.0,69.0,2600.0
1783933680.8,20643,32624,589,361.0,70.0,2787.0
1783933681.4,20643,32624,589,221.0,70.0,2686.0
1783933682.0,20643,32624,589,318.0,70.0,2605.0
1783933682.6,20643,32624,589,282.0,70.0,2948.0
1783933683.2,20643,32624,589,315.0,70.0,2619.0
1783933683.8,20643,32624,589,268.0,70.0,2848.0
1783933684.4,20643,32624,589,297.0,70.0,2477.0
1783933685.0,20643,32624,589,275.0,70.0,2893.0
1783933685.5,20643,32624,589,287.0,70.0,2586.0
1783933686.1,20643,32624,589,221.0,70.0,3106.0
1783933686.7,20643,32624,589,310.0,70.0,2611.0
1783933687.3,20643,32624,589,365.0,70.0,2916.0
1783933687.9,20643,32624,589,307.0,70.0,2600.0
1783933688.5,20643,32624,589,254.0,70.0,2970.0
1783933689.1,20643,32624,589,34.0,68.0,0.0
1783933689.7,20643,32624,598,355.0,68.0,2611.0
1783933690.3,20643,32624,598,278.0,69.0,2513.0
1783933690.9,20643,32624,598,322.0,69.0,2677.0
1783933691.5,20643,32624,598,357.0,70.0,2796.0
1783933692.1,20643,32624,598,263.0,70.0,2855.0
1783933692.7,20643,32624,598,333.0,69.0,2618.0
1783933693.3,20643,32624,598,309.0,70.0,2530.0
1783933693.9,20643,32624,598,301.0,70.0,2629.0
1783933694.5,20643,32624,598,381.0,70.0,2811.0
1783933695.1,20643,32624,598,126.0,70.0,2544.0
1783933695.7,20643,32624,598,318.0,70.0,2602.0
1783933696.2,20643,32624,598,341.0,70.0,2560.0
1783933696.8,20643,32624,598,358.0,70.0,2782.0
1783933697.4,20643,32624,598,258.0,70.0,2766.0
1783933698.0,20643,32624,598,264.0,70.0,2483.0
1783933698.6,20643,32624,598,325.0,70.0,2642.0
1783933699.2,20643,32624,598,291.0,70.0,2982.0
1783933699.8,20643,32624,598,248.0,70.0,2731.0
1783933700.4,20643,32624,598,294.0,70.0,2499.0
1783933701.0,20643,32624,598,311.0,70.0,2628.0
1783933701.6,20643,32624,598,349.0,70.0,2781.0
1783933702.2,20643,32624,598,378.0,70.0,2786.0
1783933702.8,20643,32624,598,233.0,70.0,2712.0
1783933703.4,20643,32624,598,336.0,70.0,2585.0
1783933704.0,20643,32624,598,337.0,70.0,2566.0
1783933704.6,20643,32624,598,338.0,70.0,2754.0
1783933705.2,20643,32624,598,283.0,70.0,2894.0
1783933705.8,20643,32624,598,211.0,70.0,2451.0
1783933706.4,20643,32624,598,330.0,70.0,2547.0
1783933706.9,20643,32624,598,342.0,70.0,2771.0
1783933707.5,20643,32624,598,303.0,70.0,2820.0
1783933708.1,20643,32624,598,179.0,70.0,2695.0
1783933708.7,20643,32624,598,292.0,70.0,2567.0
1783933709.3,20643,32624,598,330.0,70.0,2690.0
1783933709.9,20643,32624,598,278.0,70.0,2963.0
1783933710.5,20643,32624,598,89.0,70.0,2535.0
1783933711.1,20643,32624,598,294.0,70.0,2540.0
1783933711.7,20643,32624,598,324.0,70.0,2645.0
1783933712.3,20643,32624,598,330.0,70.0,2679.0
1783933712.9,20643,32624,598,310.0,70.0,2930.0
1783933713.5,20643,32624,598,230.0,70.0,2516.0
1783933714.1,20643,32624,598,313.0,70.0,2637.0
1783933714.7,20643,32624,598,361.0,70.0,2791.0
1783933715.3,20643,32624,598,261.0,70.0,2861.0
1783933715.9,20643,32624,598,258.0,70.0,2513.0
1783933716.5,20643,32624,598,287.0,70.0,2470.0
1783933717.1,20643,32624,598,344.0,71.0,2712.0
1783933717.7,20643,32624,598,269.0,71.0,2891.0
1783933718.2,20643,32624,598,337.0,71.0,2584.0
1783933718.8,20643,32624,598,317.0,71.0,2650.0
1783933719.4,20643,32624,598,390.0,71.0,2882.0
1783933720.0,20643,32624,598,177.0,70.0,2684.0
1783933720.6,20643,32624,598,330.0,70.0,2559.0
1783933721.2,20643,32624,598,351.0,71.0,2744.0
1783933721.8,20643,32624,598,255.0,70.0,2749.0
1783933722.4,20643,32624,598,305.0,71.0,2545.0
1783933723.0,20643,32624,598,333.0,71.0,2671.0
1783933723.6,20644,32624,598,325.0,71.0,2720.0
1783933724.2,20644,32624,598,240.0,71.0,2830.0
1783933724.8,20644,32624,598,309.0,70.0,2610.0
1783933725.4,20644,32624,598,311.0,71.0,2627.0
1783933726.0,20644,32624,594,390.0,70.0,2841.0
1783933726.6,20644,32624,594,171.0,71.0,2575.0
1783933727.2,20644,32624,594,329.0,70.0,2595.0
1783933727.8,20644,32624,594,264.0,71.0,2836.0
1783933728.4,20644,32624,594,137.0,70.0,2615.0
1783933728.9,20644,32624,594,316.0,71.0,2659.0
1783933729.5,20644,32624,594,373.0,71.0,2888.0
1783933730.1,20644,32624,594,288.0,71.0,2430.0
1783933730.7,20644,32624,594,299.0,71.0,2663.0
1783933731.3,20644,32624,594,251.0,71.0,2714.0
1783933731.9,20644,32624,594,318.0,71.0,2614.0
1783933732.5,20644,32624,594,323.0,71.0,2710.0
1783933733.1,20644,32624,594,156.0,71.0,2577.0
1783933733.7,20644,32624,594,306.0,71.0,2640.0
1783933734.3,20644,32624,594,264.0,71.0,2831.0
1783933734.9,20644,32624,594,334.0,71.0,2571.0
1783933735.5,20644,32624,594,324.0,71.0,2690.0
1783933736.0,20644,32624,594,258.0,71.0,2799.0
1783933736.6,20644,32624,594,329.0,71.0,2626.0
1783933737.2,20644,32624,594,332.0,71.0,2705.0
1783933737.8,20644,32624,594,265.0,71.0,2775.0
1783933738.4,20644,32624,594,286.0,71.0,2546.0
1783933739.0,20644,32624,594,376.0,71.0,2881.0
1783933739.6,20644,32624,594,322.0,71.0,2579.0
1783933740.2,20644,32624,594,304.0,71.0,2562.0
1783933740.8,20644,32624,594,283.0,71.0,2930.0
1783933741.4,20644,32624,594,303.0,71.0,2575.0
1783933742.0,20644,32624,594,261.0,71.0,2799.0
1783933742.6,20644,32624,594,321.0,71.0,2625.0
1783933743.2,20644,32624,594,351.0,71.0,2770.0
1783933743.8,20644,32624,594,320.0,71.0,2586.0
1783933744.3,20644,32624,594,327.0,71.0,2710.0
1783933744.9,20644,32624,594,159.0,71.0,2468.0
1783933745.5,20644,32624,594,333.0,71.0,2683.0
1783933746.1,20644,32624,594,246.0,71.0,2709.0
1783933746.7,20645,32624,598,308.0,71.0,2615.0
1783933747.3,20645,32624,598,243.0,71.0,2506.0
1783933747.9,20645,32624,598,315.0,71.0,2611.0
1783933748.5,20645,32624,598,251.0,71.0,2800.0
1783933749.1,20645,32624,598,296.0,71.0,2612.0
1783933749.7,20645,32624,598,223.0,71.0,2700.0
1783933750.3,20645,32624,598,315.0,71.0,2684.0
1783933750.9,20645,32624,598,285.0,71.0,2955.0
1783933751.4,20645,32624,598,290.0,71.0,2557.0
1783933752.0,20645,32624,598,358.0,71.0,2770.0
1783933752.6,20641,32624,598,305.0,71.0,2495.0
1783933753.2,20641,32624,598,336.0,71.0,2709.0
1783933753.8,20641,32624,598,306.0,71.0,2516.0
1783933754.4,20641,32624,598,358.0,71.0,2738.0
1783933755.0,20641,32624,598,329.0,71.0,2537.0
1783933755.6,20641,32624,598,301.0,71.0,2674.0
1783933756.2,20641,32624,598,186.0,71.0,2576.0
1783933756.8,20641,32624,598,299.0,71.0,2653.0
1783933757.4,20641,32624,598,259.0,71.0,2716.0
1783933758.0,20641,32624,598,297.0,71.0,2541.0
1783933758.5,20641,32624,598,271.0,71.0,2864.0
1783933759.1,20641,32624,598,284.0,71.0,2462.0
1783933759.7,20641,32624,598,348.0,71.0,2878.0
1783933760.3,20641,32624,598,303.0,71.0,2559.0
1783933760.9,20641,32624,598,368.0,71.0,2768.0
1783933761.5,20641,32624,598,290.0,71.0,2574.0
1783933762.1,20641,32624,598,286.0,71.0,2913.0
1783933762.7,20641,32624,598,294.0,71.0,2594.0
1783933763.3,20641,32624,598,348.0,71.0,2790.0
1783933763.9,20641,32624,598,290.0,71.0,2566.0
1783933764.5,20641,32624,598,366.0,71.0,2765.0
1783933765.0,20641,32624,598,283.0,71.0,2576.0
1783933765.6,20641,32624,598,347.0,71.0,2773.0
1783933766.2,20641,32624,598,294.0,71.0,2548.0
1783933766.8,20641,32624,598,329.0,71.0,2687.0
1783933767.4,20641,32624,598,158.0,71.0,2624.0
1783933768.0,20641,32624,598,317.0,71.0,2595.0
1783933768.6,20641,32624,598,269.0,71.0,2847.0
1783933769.2,20641,32624,598,298.0,71.0,2634.0
1783933769.8,20641,32624,598,264.0,71.0,2808.0
1783933770.4,20641,32624,598,322.0,71.0,2584.0
1783933771.0,20641,32624,598,293.0,71.0,2858.0
1783933771.5,20641,32624,598,324.0,71.0,2658.0
1783933772.1,20641,32624,598,364.0,71.0,2811.0
1783933772.7,20641,32624,598,294.0,71.0,2547.0
1783933773.3,20641,32624,598,373.0,71.0,2795.0
1783933773.9,20641,32624,598,308.0,71.0,2594.0
1783933774.5,20641,32624,598,391.0,71.0,2872.0
1783933775.1,20641,32624,598,299.0,71.0,2571.0
1783933775.7,20641,32624,598,327.0,71.0,2870.0
1783933776.3,20641,32624,598,311.0,71.0,2615.0
1783933776.9,20641,32624,598,293.0,71.0,2920.0
1783933777.5,20641,32624,598,332.0,71.0,2552.0
1783933778.1,20641,32624,598,361.0,71.0,2824.0
1783933778.6,20641,32624,598,295.0,71.0,2528.0
1783933779.2,20641,32624,598,276.0,71.0,2870.0
1783933779.8,20641,32624,598,316.0,71.0,2650.0
1783933780.4,20641,32624,598,243.0,71.0,2766.0
1783933781.0,20641,32624,598,337.0,71.0,2640.0
1783933781.6,20641,32624,598,146.0,71.0,2562.0
1783933782.2,20641,32624,598,301.0,71.0,2617.0
1783933782.8,20641,32624,598,293.0,71.0,2572.0
1783933783.4,20641,32624,598,372.0,71.0,2852.0
1783933784.0,20641,32624,598,304.0,71.0,2570.0
1783933784.6,20641,32624,598,301.0,71.0,2890.0
1783933785.2,20641,32624,598,306.0,71.0,2649.0
1783933785.7,20641,32624,598,261.0,71.0,2863.0
1783933786.3,20641,32624,598,318.0,71.0,2649.0
1783933786.9,20641,32624,598,254.0,71.0,2431.0
1783933787.5,20641,32624,598,298.0,71.0,2593.0
1783933788.1,20641,32624,598,170.0,71.0,2628.0
1783933788.7,20641,32624,598,327.0,71.0,2638.0
1783933789.3,20641,32624,598,289.0,71.0,2503.0
1783933789.9,20641,32624,598,278.0,71.0,2881.0
1783933790.5,20641,32624,598,324.0,71.0,2637.0
1783933791.1,20641,32624,598,251.0,71.0,2571.0
1783933791.7,20641,32624,598,350.0,71.0,2772.0
1783933792.3,20641,32624,598,282.0,71.0,2558.0
1783933792.9,20641,32624,598,249.0,71.0,2751.0
1783933793.5,20641,32624,598,338.0,71.0,2679.0
1783933794.0,20641,32624,598,296.0,71.0,2585.0
1783933794.6,20641,32624,598,275.0,71.0,2904.0
1783933795.2,20641,32624,598,346.0,71.0,2738.0
1783933795.8,20641,32624,598,44.0,70.0,0.0
1783933796.4,20641,32624,602,44.0,69.0,0.0
1783933797.0,20641,32624,602,188.0,70.0,2571.0
1783933797.6,20641,32624,602,273.0,70.0,2520.0
1783933798.2,20641,32624,602,322.0,71.0,2616.0
1783933798.8,20641,32624,602,343.0,71.0,2715.0
1783933799.4,20641,32624,602,280.0,71.0,2874.0
1783933800.0,20641,32624,602,305.0,71.0,2451.0
1783933800.5,20641,32624,602,294.0,71.0,2579.0
1783933801.1,20641,32624,602,352.0,71.0,2748.0
1783933801.7,20641,32624,602,284.0,71.0,2929.0
1783933802.3,20641,32624,602,301.0,71.0,2567.0
1783933802.9,20641,32624,602,322.0,71.0,2676.0
1783933803.5,20641,32624,602,316.0,71.0,2611.0
1783933804.1,20641,32624,602,303.0,71.0,2589.0
1783933804.7,20641,32624,602,359.0,71.0,2746.0
1783933805.3,20641,32624,602,257.0,71.0,2772.0
1783933805.9,20641,32624,602,321.0,71.0,2533.0
1783933806.5,20641,32624,602,319.0,71.0,2650.0
1783933807.1,20641,32624,602,361.0,71.0,2792.0
1783933807.7,20641,32624,602,264.0,71.0,2837.0
1783933808.3,20641,32624,602,241.0,71.0,2438.0
1783933808.9,20641,32624,602,319.0,71.0,2662.0
1783933809.4,20641,32624,602,325.0,71.0,2903.0
1783933810.0,20641,32624,602,241.0,71.0,2495.0
1783933810.6,20641,32624,602,267.0,71.0,2508.0
1783933811.2,20641,32624,602,329.0,71.0,2663.0
1783933811.8,20641,32624,602,279.0,71.0,2895.0
1783933812.4,20641,32624,602,292.0,71.0,2494.0
1783933813.0,20641,32624,602,325.0,71.0,2655.0
1783933813.6,20641,32624,602,360.0,71.0,2960.0
1783933814.2,20641,32624,602,78.0,70.0,3095.0
1783933814.8,20641,32624,602,390.0,70.0,2830.0
1783933815.4,20641,32624,602,328.0,71.0,2812.0
1783933816.0,20641,32624,602,212.0,71.0,2761.0
1783933816.5,20641,32624,602,319.0,71.0,2614.0
1783933817.1,20641,32624,602,315.0,71.0,2694.0
1783933817.7,20641,32624,602,326.0,71.0,2687.0
1783933818.3,20641,32624,602,340.0,71.0,2689.0
1783933818.9,20641,32624,602,334.0,71.0,2830.0
1783933819.5,20641,32624,602,230.0,71.0,2680.0
1783933820.1,20641,32624,602,318.0,71.0,2492.0
1783933820.7,20641,32624,602,332.0,71.0,2665.0
1783933821.3,20641,32624,602,368.0,71.0,2841.0
1783933821.9,20641,32624,602,191.0,71.0,2692.0
1783933822.5,20641,32624,602,330.0,71.0,2582.0
1783933823.1,20641,32624,602,309.0,71.0,2669.0
1783933823.7,20641,32624,602,304.0,71.0,2572.0
1783933824.2,20641,32624,602,342.0,71.0,2868.0
1783933824.8,20641,32624,602,251.0,71.0,2706.0
1783933825.4,20641,32624,602,307.0,71.0,2546.0
1783933826.0,20641,32624,602,292.0,71.0,2575.0
1783933826.6,20641,32624,602,301.0,71.0,2623.0
1783933827.2,20641,32624,602,382.0,71.0,2873.0
1783933827.8,20641,32624,602,252.0,71.0,2668.0
1783933828.4,20641,32624,602,239.0,71.0,2527.0
1783933829.0,20641,32624,602,329.0,71.0,2596.0
1783933829.6,20641,32624,602,346.0,71.0,2634.0
1783933830.2,20641,32624,602,349.0,71.0,2768.0
1783933830.8,20641,32624,602,284.0,71.0,2854.0
1783933831.4,20641,32624,602,207.0,71.0,2500.0
1783933832.0,20641,32624,602,262.0,71.0,2500.0
1783933832.5,20641,32624,602,317.0,71.0,2701.0
1783933833.1,20641,32624,602,311.0,71.0,2816.0
1783933833.7,20641,32624,602,194.0,71.0,2587.0
1783933834.3,20641,32624,602,274.0,71.0,2539.0
1783933834.9,20641,32624,602,311.0,71.0,2650.0
1783933835.5,20641,32624,602,303.0,71.0,2920.0
1783933836.1,20641,32624,602,326.0,71.0,2568.0
1783933836.7,20641,32624,602,281.0,71.0,2513.0
1783933837.3,20641,32624,602,291.0,71.0,2927.0
1783933837.9,20641,32624,602,282.0,71.0,2456.0
1783933838.5,20641,32624,602,299.0,71.0,2497.0
1783933839.1,20641,32624,602,329.0,71.0,2858.0
1783933839.6,20641,32624,602,308.0,71.0,2491.0
1783933840.2,20641,32624,602,298.0,71.0,2548.0
1783933840.8,20645,32624,602,356.0,71.0,2851.0
1783933841.4,20645,32624,602,71.0,70.0,3099.0
1783933842.0,20645,32624,602,292.0,71.0,3001.0
1783933842.6,20645,32624,602,195.0,71.0,2437.0
1783933843.2,20645,32624,602,306.0,71.0,2600.0
1783933843.8,20645,32624,602,337.0,71.0,2634.0
1783933844.4,20645,32624,602,348.0,71.0,2769.0
1783933845.0,20645,32624,602,262.0,71.0,2767.0
1783933845.6,20645,32624,602,235.0,71.0,2535.0
1783933846.2,20645,32624,602,282.0,71.0,2438.0
1783933846.8,20645,32624,602,331.0,71.0,2528.0
1783933847.4,20645,32624,602,327.0,71.0,2655.0
1783933848.0,20645,32624,602,314.0,71.0,2663.0
1783933848.6,20645,32624,602,278.0,71.0,2822.0
1783933849.2,20645,32624,602,249.0,71.0,2836.0
1783933849.8,20645,32624,602,309.0,71.0,2478.0
1783933850.4,20645,32624,602,290.0,71.0,2506.0
1783933850.9,20645,32624,602,320.0,71.0,2655.0
1783933851.5,20645,32624,602,354.0,71.0,2818.0
1783933852.1,20645,32624,602,173.0,71.0,2639.0
1783933852.7,20645,32624,602,333.0,71.0,2646.0
1783933853.3,20645,32624,602,309.0,71.0,2588.0
1783933853.9,20645,32624,602,361.0,71.0,2785.0
1783933854.5,20645,32624,602,268.0,71.0,2836.0
1783933855.1,20645,32624,602,282.0,71.0,2556.0
1783933855.7,20645,32624,602,318.0,71.0,2666.0
1783933856.3,20645,32624,602,341.0,71.0,2750.0
1783933856.9,20645,32624,602,187.0,71.0,2544.0
1783933857.5,20645,32624,602,308.0,71.0,2545.0
1783933858.1,20645,32624,602,351.0,71.0,2790.0
1783933858.7,20645,32624,602,157.0,71.0,2559.0
1783933859.3,20645,32624,602,311.0,71.0,2626.0
1783933859.8,20645,32624,602,280.0,71.0,2601.0
1783933860.4,20645,32624,602,363.0,71.0,2797.0
1783933861.0,20645,32624,602,240.0,71.0,2350.0
1783933861.6,20645,32624,602,302.0,71.0,2575.0
1783933862.2,20645,32624,602,322.0,71.0,2597.0
1783933862.8,20645,32624,602,282.0,71.0,2777.0
1783933863.4,20645,32624,602,202.0,71.0,2484.0
1783933864.0,20645,32624,602,317.0,71.0,2609.0
1783933864.6,20645,32624,602,320.0,71.0,2686.0
1783933865.2,20645,32624,602,280.0,71.0,2929.0
1783933865.8,20645,32624,602,177.0,71.0,2503.0
1783933866.4,20645,32624,602,325.0,71.0,2553.0
1783933867.0,20645,32624,602,377.0,71.0,2822.0
1783933867.5,20645,32624,602,244.0,71.0,2705.0
1783933868.1,20645,32624,602,291.0,71.0,2468.0
1783933868.7,20645,32624,602,294.0,71.0,2620.0
1783933869.3,20645,32624,602,347.0,71.0,2780.0
1783933869.9,20645,32624,602,228.0,71.0,2638.0
1783933870.5,20645,32624,602,304.0,71.0,2581.0
1783933871.1,20645,32624,602,317.0,71.0,2621.0
1783933871.7,20645,32624,602,261.0,71.0,2763.0
1783933872.3,20645,32624,602,311.0,71.0,2630.0
1783933872.9,20645,32624,602,292.0,71.0,2645.0
1783933873.5,20645,32624,602,322.0,71.0,2845.0
1783933874.1,20645,32624,602,328.0,71.0,2545.0
1783933874.7,20645,32624,602,309.0,71.0,2511.0
1783933875.2,20645,32624,602,332.0,71.0,2672.0
1783933875.8,20645,32624,602,230.0,71.0,2621.0
1783933876.4,20645,32624,602,325.0,71.0,2537.0
1783933877.0,20645,32624,602,301.0,71.0,2628.0
1783933877.6,20645,32624,602,348.0,71.0,2904.0
1783933878.2,20645,32624,602,274.0,71.0,2549.0
1783933878.8,20645,32624,602,284.0,71.0,2625.0
1783933879.4,20645,32624,602,270.0,71.0,2861.0
1783933880.0,20645,32624,602,294.0,71.0,2464.0
1783933880.6,20645,32624,602,350.0,71.0,2717.0
1783933881.2,20645,32624,602,249.0,71.0,2725.0
1783933881.8,20645,32624,602,328.0,71.0,2602.0
1783933882.4,20645,32624,602,300.0,71.0,2930.0
1783933883.0,20645,32624,602,285.0,72.0,2507.0
1783933883.5,20645,32624,602,309.0,71.0,2699.0
1783933884.1,20645,32624,602,270.0,71.0,2846.0
1783933884.7,20645,32624,602,325.0,71.0,2625.0
1783933885.3,20645,32624,602,298.0,71.0,2601.0
1783933885.9,20645,32624,602,268.0,71.0,2776.0
1783933886.5,20645,32624,602,309.0,71.0,2516.0
1783933887.1,20645,32624,602,366.0,71.0,2794.0
1783933887.7,20645,32624,602,162.0,71.0,2584.0
1783933888.3,20645,32624,602,307.0,71.0,2583.0
1783933888.9,20645,32624,602,331.0,71.0,2723.0
1783933889.5,20645,32624,602,188.0,71.0,2610.0
1783933890.1,20645,32624,602,266.0,71.0,2528.0
1783933890.7,20645,32624,602,372.0,71.0,2787.0
1783933891.2,20645,32624,602,225.0,71.0,2441.0
1783933891.8,20645,32624,602,296.0,71.0,2532.0
1783933892.4,20645,32624,602,350.0,71.0,2747.0
1783933893.0,20645,32624,602,234.0,71.0,2619.0
1783933893.6,20645,32624,602,319.0,71.0,2596.0
1783933894.2,20645,32624,602,284.0,71.0,2909.0
1783933894.8,20645,32624,602,279.0,71.0,2490.0
1783933895.4,20645,32624,602,357.0,71.0,2785.0
1783933896.0,20645,32624,602,168.0,71.0,2641.0
1783933896.6,20645,32624,602,305.0,71.0,2522.0
1783933897.2,20645,32624,602,262.0,71.0,2825.0
1783933897.8,20645,32624,602,307.0,71.0,2596.0
1783933898.3,20645,32624,602,376.0,71.0,2812.0
1783933898.9,20645,32624,602,351.0,71.0,2536.0
1783933899.5,20645,32624,602,338.0,71.0,2691.0
1783933900.1,20645,32624,602,277.0,71.0,2542.0
1783933900.7,20645,32624,602,305.0,71.0,2609.0
1783933901.3,20645,32624,602,256.0,71.0,2800.0
1783933901.9,20645,32624,602,294.0,71.0,2559.0
1783933902.5,20645,32624,602,339.0,71.0,2904.0
1783933903.1,20645,32624,602,334.0,71.0,2573.0
1783933903.7,20645,32624,602,43.0,71.0,0.0
1783933904.3,20645,32624,602,294.0,70.0,2700.0
1783933904.9,20645,32624,602,323.0,71.0,2583.0
1783933905.5,20645,32624,602,343.0,71.0,2683.0
1783933906.1,20645,32624,602,376.0,71.0,2810.0
1783933906.7,20645,32624,602,269.0,71.0,2822.0
1783933907.2,20645,32624,602,318.0,71.0,2591.0
1783933907.8,20645,32624,602,275.0,71.0,2553.0
1783933908.4,20645,32624,602,377.0,71.0,2821.0
1783933909.0,20645,32624,602,251.0,71.0,2771.0
1783933909.6,20645,32624,602,309.0,71.0,2481.0
1783933910.2,20645,32624,602,329.0,71.0,2626.0
1783933910.8,20645,32624,602,329.0,71.0,2694.0
1783933911.4,20645,32624,602,297.0,71.0,2931.0
1783933912.0,20645,32624,602,156.0,71.0,2585.0
1783933912.6,20645,32624,602,331.0,71.0,2559.0
1783933913.2,20645,32624,602,326.0,71.0,2562.0
1783933913.8,20645,32624,602,318.0,71.0,2658.0
1783933914.4,20645,32624,602,354.0,71.0,2713.0
1783933915.0,20645,32624,602,274.0,71.0,2949.0
1783933915.6,20645,32624,602,273.0,71.0,2875.0
1783933916.2,20645,32624,602,170.0,71.0,2538.0
1783933916.7,20645,32624,602,313.0,71.0,2550.0
1783933917.3,20645,32624,602,340.0,71.0,2752.0
1783933917.9,20645,32624,602,260.0,71.0,2787.0
1783933918.5,20645,32624,602,262.0,71.0,2543.0
1783933919.1,20645,32624,602,297.0,71.0,2538.0
1783933919.7,20645,32624,602,351.0,71.0,2717.0
1783933920.3,20645,32624,602,271.0,71.0,2819.0
1783933920.9,20645,32624,602,276.0,71.0,2536.0
1783933921.5,20645,32624,602,313.0,71.0,2642.0
1783933922.1,20645,32624,602,344.0,71.0,2740.0
1783933922.7,20645,32624,602,268.0,71.0,2866.0
1783933923.3,20645,32624,602,306.0,71.0,2462.0
1783933923.9,20645,32624,602,306.0,71.0,2581.0
1783933924.5,20645,32624,602,350.0,71.0,2757.0
1783933925.1,20645,32624,602,252.0,71.0,2712.0
1783933925.7,20645,32624,602,270.0,71.0,2517.0
1783933926.2,20645,32624,602,340.0,71.0,2666.0
1783933926.8,20645,32624,602,319.0,71.0,2724.0
1783933927.4,20645,32624,602,267.0,71.0,2810.0
1783933928.0,20645,32624,602,305.0,71.0,2603.0
1783933928.6,20645,32624,602,352.0,71.0,2771.0
1783933929.2,20645,32624,602,267.0,71.0,2804.0
1783933929.8,20645,32624,602,339.0,71.0,2551.0
1783933930.4,20645,32624,602,326.0,71.0,2605.0
1783933931.0,20645,32624,602,265.0,71.0,2906.0
1783933931.6,20645,32624,602,302.0,71.0,2577.0
1783933932.2,20645,32624,602,336.0,71.0,2608.0
1783933932.8,20645,32624,602,46.0,72.0,0.0
1783933933.4,20645,32624,602,237.0,70.0,2741.0
1783933934.0,20645,32624,602,308.0,71.0,2534.0
1783933934.6,20645,32624,602,294.0,71.0,2588.0
1783933935.2,20645,32624,602,327.0,71.0,2612.0
1783933935.8,20645,32624,602,335.0,71.0,2678.0
1783933936.3,20645,32624,602,275.0,71.0,2811.0
1783933936.9,20645,32624,602,266.0,71.0,2527.0
1783933937.5,20645,32624,602,312.0,71.0,2551.0
1783933938.1,20645,32624,602,310.0,71.0,2646.0
1783933938.7,20645,32624,602,369.0,71.0,2805.0
1783933939.3,20645,32624,602,272.0,71.0,2853.0
1783933939.9,20645,32624,602,316.0,71.0,2521.0
1783933940.5,20645,32624,602,304.0,71.0,2560.0
1783933941.1,20645,32624,602,307.0,71.0,2634.0
1783933941.7,20645,32624,602,323.0,71.0,2682.0
1783933942.3,20645,32624,602,307.0,71.0,2904.0
1783933942.9,20645,32624,602,119.0,71.0,2576.0
1783933943.5,20645,32624,602,323.0,71.0,2624.0
1783933944.0,20645,32624,602,316.0,71.0,2645.0
1783933944.6,20645,32624,602,376.0,71.0,2841.0
1783933945.2,20645,32624,602,241.0,71.0,2404.0
1783933945.8,20645,32624,602,339.0,71.0,2597.0
1783933946.4,20645,32624,602,314.0,71.0,2624.0
1783933947.0,20645,32624,602,344.0,72.0,2671.0
1783933947.6,20645,32624,602,361.0,71.0,2822.0
1783933948.2,20645,32624,602,243.0,71.0,2670.0
1783933948.8,20645,32624,602,323.0,71.0,2576.0
1783933949.4,20645,32624,602,315.0,71.0,2625.0
1783933950.0,20645,32624,602,371.0,71.0,2817.0
1783933950.6,20645,32624,602,261.0,71.0,2560.0
1783933951.2,20645,32624,602,333.0,71.0,2602.0
1783933951.7,20645,32624,602,310.0,71.0,2636.0
1783933952.3,20645,32624,602,367.0,72.0,2787.0
1783933952.9,20645,32624,602,254.0,72.0,2765.0
1783933953.5,20645,32624,602,323.0,71.0,2516.0
1783933954.1,20645,32624,602,319.0,71.0,2622.0
1783933954.7,20645,32624,602,347.0,71.0,2780.0
1783933955.3,20645,32624,602,217.0,71.0,2751.0
1783933955.9,20645,32624,602,306.0,71.0,2597.0
1783933956.5,20645,32624,602,331.0,71.0,2680.0
1783933957.1,20645,32624,602,272.0,71.0,2891.0
1783933957.7,20645,32624,602,266.0,71.0,2582.0
1783933958.3,20645,32624,602,303.0,72.0,2520.0
1783933958.9,20645,32624,602,358.0,72.0,2802.0
1783933959.5,20645,32624,602,277.0,71.0,2483.0
1783933960.0,20645,32624,602,197.0,70.0,2682.0
1783933960.6,20645,32624,602,329.0,71.0,2598.0
1783933961.2,20645,32624,602,353.0,71.0,2762.0
1783933961.8,20645,32624,602,277.0,71.0,2916.0
1783933962.4,20645,32624,602,269.0,71.0,2843.0
1783933963.0,20645,32624,602,345.0,71.0,2500.0
1783933963.6,20645,32624,602,293.0,71.0,2504.0
1783933964.2,20645,32624,602,310.0,71.0,2611.0
1783933964.8,20645,32624,602,329.0,71.0,2610.0
1783933965.4,20645,32624,602,340.0,71.0,2737.0
1783933966.0,20645,32624,602,327.0,71.0,2946.0
1783933966.6,20645,32624,602,274.0,71.0,2768.0
1783933967.2,20645,32624,602,317.0,71.0,2582.0
1783933967.8,20645,32624,602,295.0,71.0,2585.0
1783933968.4,20645,32624,602,279.0,71.0,2599.0
1783933969.0,20645,32624,602,380.0,71.0,2727.0
1783933969.6,20645,32624,602,262.0,71.0,2872.0
1783933970.2,20645,32624,602,175.0,71.0,2429.0
1783933970.7,20645,32624,602,312.0,71.0,2625.0
1783933971.3,20645,32624,602,338.0,71.0,2621.0
1783933971.9,20645,32624,602,345.0,71.0,2734.0
1783933972.5,20645,32624,602,267.0,71.0,2838.0
1783933973.1,20645,32624,602,156.0,71.0,2508.0
1783933973.7,20645,32624,602,304.0,71.0,2583.0
1783933974.3,20645,32624,602,326.0,71.0,2648.0
1783933974.9,20645,32624,602,329.0,71.0,2850.0
1783933975.5,20645,32624,602,257.0,71.0,2526.0
1783933976.1,20645,32624,602,279.0,71.0,2583.0
1783933976.7,20645,32624,602,340.0,71.0,2730.0
1783933977.3,20645,32624,602,196.0,71.0,2665.0
1783933977.9,20645,32624,602,326.0,71.0,2551.0
1783933978.5,20645,32624,602,336.0,71.0,2650.0
1783933979.0,20645,32624,602,313.0,71.0,2573.0
1783933979.6,20645,32624,602,336.0,71.0,2728.0
1783933980.2,20645,32624,602,260.0,71.0,2821.0
1783933980.8,20645,32624,602,315.0,71.0,2603.0
1783933981.4,20645,32624,602,330.0,71.0,2678.0
1783933982.0,20645,32624,602,300.0,71.0,2867.0
1783933982.6,20645,32624,602,273.0,71.0,2482.0
1783933983.2,20645,32624,602,336.0,71.0,2649.0
1783933983.8,20645,32624,602,354.0,71.0,2729.0
1783933984.4,20645,32624,602,249.0,72.0,2913.0
1783933985.0,20645,32624,602,241.0,71.0,2626.0
1783933985.6,20645,32624,602,308.0,71.0,2531.0
1783933986.2,20645,32624,602,320.0,72.0,2709.0
1783933986.8,20645,32624,602,257.0,71.0,2755.0
1783933987.4,20645,32624,602,338.0,71.0,2650.0
1783933987.9,20645,32624,602,355.0,72.0,2754.0
1783933988.5,20645,32624,602,175.0,71.0,2601.0
1783933989.1,20645,32624,602,311.0,71.0,2516.0
1783933989.7,20645,32624,602,313.0,71.0,2664.0
1783933990.3,20645,32624,602,263.0,72.0,2848.0
1783933990.9,20645,32624,602,340.0,71.0,2594.0
1783933991.5,20645,32624,602,343.0,71.0,2627.0
1783933992.1,20645,32624,602,329.0,71.0,2829.0
1783933992.7,20645,32624,602,340.0,71.0,2548.0
1783933993.3,20645,32624,602,307.0,71.0,2657.0
1783933993.9,20645,32624,602,250.0,71.0,2703.0
1783933994.5,20645,32624,602,315.0,72.0,2571.0
1783933995.1,20645,32624,602,341.0,72.0,2788.0
1783933995.6,20617,32624,600,72.0,70.0,3113.0
1783933996.2,20620,32624,600,291.0,70.0,2545.0
1783933996.8,20620,32624,600,295.0,71.0,2621.0
1783933997.4,20620,32624,600,373.0,71.0,2806.0
1783933998.0,20620,32624,600,264.0,71.0,2827.0
1783933998.6,20620,32624,600,208.0,71.0,2688.0
1783933999.2,20620,32624,600,267.0,71.0,2471.0
1783933999.8,20620,32624,600,322.0,71.0,2605.0
1783934000.4,20620,32624,600,317.0,71.0,2601.0
1783934001.0,20620,32624,600,315.0,71.0,2649.0
1783934001.6,20620,32624,600,300.0,71.0,2887.0
1783934002.2,20620,32624,600,293.0,71.0,2473.0
1783934002.8,20616,32624,600,300.0,71.0,2580.0
1783934003.3,20616,32624,600,350.0,71.0,2757.0
1783934003.9,20616,32624,600,259.0,72.0,2795.0
1783934004.5,20616,32624,600,223.0,71.0,2552.0
1783934005.1,20616,32624,600,336.0,71.0,2607.0
1783934005.7,20616,32624,600,341.0,71.0,2702.0
1783934006.3,20616,32624,600,286.0,71.0,2928.0
1783934006.9,20616,32624,600,210.0,71.0,2502.0
1783934007.5,20616,32624,600,280.0,71.0,2513.0
1783934008.1,20616,32624,600,293.0,71.0,2578.0
1783934008.7,20616,32624,600,323.0,71.0,2663.0
1783934009.3,20616,32624,600,261.0,71.0,2865.0
1783934009.9,20616,32624,600,309.0,71.0,2585.0
1783934010.5,20616,32624,600,306.0,71.0,2553.0
1783934011.1,20616,32624,600,353.0,71.0,2761.0
1783934011.6,20616,32624,600,297.0,71.0,2875.0
1783934012.2,20616,32624,600,329.0,71.0,2515.0
1783934012.8,20616,32624,600,334.0,71.0,2615.0
1783934013.4,20616,32624,600,338.0,72.0,2634.0
1783934014.0,20616,32624,600,323.0,72.0,2828.0
1783934014.6,20616,32624,600,240.0,72.0,2688.0
1783934015.2,20616,32624,600,332.0,72.0,2640.0
1783934015.8,20616,32624,600,334.0,71.0,2673.0
1783934016.4,20616,32624,600,285.0,72.0,2835.0
1783934017.0,20616,32624,600,329.0,72.0,2479.0
1783934017.6,20616,32624,600,319.0,72.0,2584.0
1783934018.2,20616,32624,600,357.0,71.0,2774.0
1783934018.8,20616,32624,600,202.0,72.0,2551.0
1783934019.3,20616,32624,600,295.0,72.0,2441.0
1783934019.9,20616,32624,600,340.0,71.0,2676.0
1783934020.5,20616,32624,600,347.0,72.0,2755.0
1783934021.1,20616,32624,600,197.0,72.0,2675.0
1783934021.7,20616,32624,600,317.0,71.0,2598.0
1783934022.3,20616,32624,600,320.0,72.0,2536.0
1783934022.9,20616,32624,600,342.0,72.0,2730.0
1783934023.5,20616,32624,600,267.0,72.0,2799.0
1783934024.1,20616,32624,600,308.0,72.0,2574.0
1783934024.7,20616,32624,600,344.0,72.0,2606.0
1783934025.3,20616,32624,600,365.0,72.0,2784.0
1783934025.9,20616,32624,600,186.0,72.0,2636.0
1783934026.5,20616,32624,600,284.0,72.0,2499.0
1783934027.0,20616,32624,600,332.0,72.0,2723.0
1783934027.6,20616,32624,600,272.0,72.0,2751.0
1783934028.2,20616,32624,600,321.0,72.0,2574.0
1783934028.8,20616,32624,600,332.0,72.0,2673.0
1783934029.4,20616,32624,600,343.0,72.0,2897.0
1783934030.0,20616,32624,600,333.0,72.0,2548.0
1783934030.6,20616,32624,600,343.0,72.0,2642.0
1783934031.2,20616,32624,600,406.0,71.0,2935.0
1783934031.8,20616,32624,600,142.0,72.0,2590.0
1783934032.4,20616,32624,600,299.0,71.0,2583.0
1783934033.0,20616,32624,600,340.0,72.0,2730.0
1783934033.6,20616,32624,600,78.0,71.0,3289.0
1783934034.2,20616,32624,600,360.0,70.0,2628.0
1783934034.7,20616,32624,600,299.0,71.0,2506.0
1783934035.3,20616,32624,600,326.0,71.0,2654.0
1783934035.9,20616,32624,600,343.0,71.0,2734.0
1783934036.5,20616,32624,600,270.0,71.0,2853.0
1783934037.1,20616,32624,600,256.0,71.0,2750.0
1783934037.7,20616,32624,600,273.0,71.0,2525.0
1783934038.3,20610,32624,598,298.0,71.0,2540.0
1783934038.9,20610,32624,598,309.0,71.0,2648.0
1783934039.5,20610,32624,598,333.0,71.0,2711.0
1783934040.1,20610,32624,598,356.0,71.0,2756.0
1783934040.7,20610,32624,598,281.0,71.0,2872.0
1783934041.3,20610,32624,598,314.0,71.0,2594.0
1783934041.9,20610,32624,598,302.0,71.0,2562.0
1783934042.4,20610,32624,598,343.0,71.0,2642.0
1783934043.0,20610,32624,598,270.0,72.0,2896.0
1783934043.6,20610,32624,598,169.0,71.0,2553.0
1783934044.2,20610,32624,598,290.0,72.0,2476.0
1783934044.8,20610,32624,598,296.0,71.0,2632.0
1783934045.4,20610,32624,598,296.0,72.0,2907.0
1783934046.0,20610,32624,598,177.0,71.0,2544.0
1783934046.6,20610,32624,598,330.0,71.0,2531.0
1783934047.2,20610,32624,598,318.0,71.0,2639.0
1783934047.8,20610,32624,598,281.0,72.0,2943.0
1783934048.3,20610,32624,598,199.0,71.0,2533.0
1783934048.9,20610,32624,598,347.0,71.0,2645.0
1783934049.5,20610,32624,598,351.0,71.0,2761.0
1783934050.1,20610,32624,598,248.0,71.0,2714.0
1783934050.7,20610,32624,598,313.0,72.0,2539.0
1783934051.3,20610,32624,598,319.0,72.0,2679.0
1783934051.9,20610,32624,598,263.0,71.0,2732.0
1783934052.5,20610,32624,598,306.0,71.0,2459.0
1783934053.1,20610,32624,598,293.0,72.0,2621.0
1783934053.7,20623,32624,600,381.0,72.0,2821.0
1783934054.3,20623,32624,600,192.0,72.0,2573.0
1783934054.8,20623,32624,600,304.0,72.0,2608.0
1783934055.4,20623,32624,600,366.0,72.0,2783.0
1783934056.0,20623,32624,600,259.0,72.0,2818.0
1783934056.6,20623,32624,600,317.0,72.0,2566.0
1783934057.2,20623,32624,600,318.0,72.0,2582.0
1783934057.8,20623,32624,600,349.0,72.0,2772.0
1783934058.4,20623,32624,600,325.0,72.0,2877.0
1783934059.0,20623,32624,600,265.0,72.0,2514.0
1783934059.6,20623,32624,600,332.0,72.0,2584.0
1783934060.2,20623,32624,600,53.0,70.0,2961.0
1783934060.8,20623,32624,600,333.0,71.0,2751.0
1783934061.4,20623,32624,600,337.0,71.0,2679.0
1783934062.0,20623,32624,600,369.0,71.0,2771.0
1783934062.6,20623,32624,600,216.0,71.0,2490.0
1783934063.1,20623,32624,600,284.0,71.0,2486.0
1783934063.7,20623,32624,600,285.0,71.0,2545.0
1783934064.3,20623,32624,600,329.0,71.0,2634.0
1783934064.9,20623,32624,600,349.0,71.0,2681.0
1783934065.5,20623,32624,600,334.0,71.0,2836.0
1783934066.1,20623,32624,600,282.0,71.0,2855.0
1783934066.7,20623,32624,600,292.0,71.0,2460.0
1783934067.3,20623,32624,600,315.0,71.0,2651.0
1783934067.9,20623,32624,600,319.0,72.0,2657.0
1783934068.5,20623,32624,600,328.0,71.0,2802.0
1783934069.1,20623,32624,600,252.0,72.0,2759.0
1783934069.7,20623,32624,600,265.0,71.0,2422.0
1783934070.2,20623,32624,600,298.0,72.0,2608.0
1783934070.8,20623,32624,600,341.0,72.0,2663.0
1783934071.4,20623,32624,600,355.0,71.0,2760.0
1783934072.0,20623,32624,600,149.0,71.0,2561.0
1783934072.6,20623,32624,600,286.0,72.0,2493.0
1783934073.2,20623,32624,600,349.0,72.0,2778.0
1783934073.8,20623,32624,600,253.0,72.0,2728.0
1783934074.4,20623,32624,600,255.0,72.0,2506.0
1783934075.0,20623,32624,600,328.0,72.0,2555.0
1783934075.6,20623,32624,600,356.0,72.0,2780.0
1783934076.2,20623,32624,600,279.0,71.0,2894.0
1783934076.8,20623,32624,600,86.0,71.0,3132.0
1783934077.4,20623,32624,600,351.0,71.0,2633.0
1783934078.0,20623,32624,600,342.0,71.0,2730.0
1783934078.6,20623,32624,600,279.0,71.0,2926.0
1783934079.2,20623,32624,600,211.0,71.0,2563.0
1783934079.8,20623,32624,600,303.0,71.0,2571.0
1783934080.4,20623,32624,600,301.0,71.0,2625.0
1783934081.0,20623,32624,600,314.0,71.0,2641.0
1783934081.5,20623,32624,600,387.0,71.0,2791.0
1783934082.1,20623,32624,600,269.0,71.0,2800.0
1783934082.7,20623,32624,600,247.0,71.0,2493.0
1783934083.3,20623,32624,600,317.0,71.0,2548.0
1783934083.9,20623,32624,600,316.0,71.0,2526.0
1783934084.5,20623,32624,600,347.0,71.0,2678.0
1783934085.1,20623,32624,600,280.0,71.0,2973.0
1783934085.7,20623,32624,600,192.0,71.0,2602.0
1783934086.3,20623,32624,600,283.0,71.0,2576.0
1783934086.9,20623,32624,600,330.0,72.0,2620.0
1783934087.5,20623,32624,600,341.0,71.0,2718.0
1783934088.1,20623,32624,600,279.0,72.0,2891.0
1783934088.7,20623,32624,600,252.0,72.0,2749.0
1783934089.3,20623,32624,600,290.0,72.0,2526.0
1783934089.9,20623,32624,600,326.0,71.0,2552.0
1783934090.4,20623,32624,600,338.0,71.0,2575.0
1783934091.0,20623,32624,600,344.0,71.0,2680.0
1783934091.6,20623,32624,600,276.0,71.0,2839.0
1783934092.2,20623,32624,600,187.0,71.0,2552.0
1783934092.8,20623,32624,600,334.0,71.0,2529.0
1783934093.4,20623,32624,600,320.0,71.0,2635.0
1783934094.0,20623,32624,600,374.0,71.0,2815.0
1783934094.6,20623,32624,600,287.0,71.0,2884.0
1783934095.2,20623,32624,600,267.0,72.0,2793.0
1783934095.8,20623,32624,600,267.0,71.0,2539.0
1783934096.4,20623,32624,600,301.0,71.0,2561.0
1783934097.0,20623,32624,600,317.0,72.0,2581.0
1783934097.6,20623,32624,600,335.0,71.0,2688.0
1783934098.2,20619,32624,600,276.0,72.0,2959.0
1783934098.8,20619,32624,600,157.0,71.0,2515.0
1783934099.4,20619,32624,600,291.0,72.0,2506.0
1783934100.0,20619,32624,600,299.0,71.0,2563.0
1783934100.6,20619,32624,600,335.0,72.0,2607.0
1783934101.2,20619,32624,600,354.0,72.0,2748.0
1783934101.7,20619,32624,600,290.0,71.0,2869.0
1783934102.3,20619,32624,600,186.0,71.0,2584.0
1783934102.9,20619,32624,600,321.0,71.0,2656.0
1783934103.5,20619,32624,600,314.0,72.0,2691.0
1783934104.1,20619,32624,600,286.0,72.0,2913.0
1783934104.7,20619,32624,600,197.0,72.0,2414.0
1783934105.3,20619,32624,600,294.0,72.0,2466.0
1783934105.9,20619,32624,600,316.0,72.0,2621.0
1783934106.5,20619,32624,600,371.0,71.0,2775.0
1783934107.1,20619,32624,600,265.0,72.0,2878.0
1783934107.7,20619,32624,600,291.0,72.0,2576.0
1783934108.3,20619,32624,600,328.0,71.0,2673.0
1783934108.9,20619,32624,600,302.0,71.0,2640.0
1783934109.5,20619,32624,600,336.0,71.0,2734.0
1783934110.1,20619,32624,600,259.0,72.0,2763.0
1783934110.7,20619,32624,600,297.0,71.0,2579.0
1783934111.3,20619,32624,600,313.0,72.0,2582.0
1783934111.9,20619,32624,600,354.0,72.0,2776.0
1783934112.5,20619,32624,600,272.0,72.0,2959.0
1783934113.1,20619,32624,600,73.0,72.0,2559.0
1783934113.7,20619,32624,600,321.0,72.0,2649.0
1783934114.2,20619,32624,600,315.0,71.0,2588.0
1783934114.8,20619,32624,600,332.0,71.0,2885.0
1783934115.4,20619,32624,600,337.0,71.0,2520.0
1783934116.0,20619,32624,600,344.0,72.0,2670.0
1783934116.6,20619,32624,600,273.0,72.0,2890.0
1783934117.2,20619,32624,600,321.0,71.0,2583.0
1783934117.8,20619,32624,600,332.0,71.0,2680.0
1783934118.4,20619,32624,600,334.0,72.0,2712.0
1783934119.0,20619,32624,600,283.0,72.0,2928.0
1783934119.6,20630,32624,604,329.0,72.0,2541.0
1783934120.2,20630,32624,604,305.0,71.0,2565.0
1783934120.8,20652,32624,621,331.0,72.0,2921.0
1783934121.4,20652,32624,620,184.0,72.0,2674.0
1783934122.0,20650,32624,608,313.0,72.0,2590.0
1783934122.6,20649,32624,600,335.0,72.0,2728.0
1783934123.2,20649,32624,600,118.0,72.0,2660.0
1783934123.8,20649,32624,600,330.0,72.0,2636.0
1783934124.4,20649,32624,600,402.0,72.0,2899.0
1783934125.0,20649,32624,600,267.0,72.0,2792.0
1783934125.6,20649,32624,600,327.0,71.0,2559.0
1783934126.2,20645,32624,600,365.0,72.0,2784.0
1783934126.8,20645,32624,600,171.0,72.0,2611.0
1783934127.4,20645,32624,600,323.0,71.0,2550.0
1783934128.0,20645,32624,600,381.0,71.0,2824.0
1783934128.6,20637,32624,600,333.0,71.0,2564.0
1783934129.1,20637,32624,600,334.0,71.0,2643.0
1783934129.7,20637,32624,600,327.0,71.0,3105.0
1783934130.3,20637,32624,600,302.0,71.0,2524.0
1783934130.9,20637,32624,600,340.0,71.0,2644.0
1783934131.5,20637,32624,600,449.0,72.0,3087.0
1783934132.1,20637,32624,600,165.0,72.0,2595.0
1783934132.7,20637,32624,600,319.0,72.0,2596.0
1783934133.3,20637,32624,600,352.0,71.0,2735.0
1783934133.9,20637,32624,600,43.0,70.0,0.0
1783934134.5,20637,32624,600,344.0,70.0,2728.0
1783934135.1,20637,32624,600,267.0,71.0,2947.0
1783934135.7,20637,32624,600,270.0,71.0,2506.0
1783934136.3,20637,32624,600,276.0,71.0,2547.0
1783934136.9,20637,32624,600,340.0,71.0,2656.0
1783934137.5,20637,32624,600,332.0,71.0,2705.0
1783934138.1,20637,32624,600,362.0,71.0,2766.0
1783934138.7,20637,32624,600,284.0,72.0,2926.0
1783934139.2,20637,32624,600,182.0,71.0,2543.0
1783934139.8,20637,32624,600,295.0,71.0,2521.0
1783934140.4,20637,32624,600,309.0,71.0,2592.0
1783934141.0,20637,32624,600,303.0,71.0,2545.0
1783934141.6,20637,32624,600,318.0,71.0,2626.0
1783934142.2,20637,32624,600,355.0,71.0,2725.0
1783934142.8,20637,32624,600,271.0,71.0,2940.0
1783934143.4,20637,32624,600,281.0,71.0,2586.0
1783934144.0,20637,32624,600,281.0,71.0,2516.0
1783934144.6,20637,32624,600,273.0,71.0,2465.0
1783934145.2,20637,32624,600,346.0,71.0,2637.0
1783934145.8,20637,32624,600,350.0,71.0,2728.0
1783934146.4,20637,32624,600,302.0,72.0,2870.0
1783934146.9,20637,32624,600,228.0,71.0,2734.0
1783934147.5,20637,32624,600,306.0,71.0,2561.0
1783934148.1,20637,32624,600,324.0,71.0,2649.0
1783934148.7,20637,32624,600,344.0,71.0,2723.0
1783934149.3,20637,32624,600,324.0,71.0,2840.0
1783934149.9,20637,32624,600,277.0,71.0,2802.0
1783934150.5,20637,32624,600,222.0,71.0,2526.0
1783934151.1,20637,32624,600,333.0,72.0,2477.0
1783934151.7,20637,32624,600,307.0,71.0,2613.0
1783934152.3,20637,32624,600,313.0,71.0,2559.0
1783934152.9,20637,32624,600,337.0,71.0,2663.0
1783934153.5,20637,32624,600,351.0,71.0,2890.0
1783934154.1,20637,32624,600,260.0,72.0,2936.0
1783934154.7,20637,32624,600,329.0,71.0,2576.0
1783934155.2,20637,32624,600,314.0,71.0,2594.0
1783934155.8,20637,32624,600,325.0,71.0,2595.0
1783934156.4,20637,32624,600,346.0,71.0,2711.0
1783934157.0,20637,32624,600,274.0,71.0,2793.0
1783934157.6,20637,32624,600,304.0,71.0,2452.0
1783934158.2,20637,32624,600,315.0,71.0,2566.0
1783934158.8,20637,32624,600,335.0,71.0,2624.0
1783934159.4,20637,32624,600,357.0,71.0,2754.0
1783934160.0,20637,32624,600,250.0,72.0,2673.0
1783934160.6,20637,32624,600,307.0,71.0,2542.0
1783934161.2,20637,32624,600,308.0,72.0,2487.0
1783934161.7,20637,32624,600,335.0,71.0,2737.0
1783934162.3,20637,32624,600,368.0,72.0,2788.0
1783934162.9,20637,32624,600,253.0,71.0,2723.0
1783934163.5,20637,32624,600,337.0,71.0,2504.0
1783934164.1,20637,32624,600,270.0,71.0,2542.0
1783934164.7,20637,32624,600,349.0,71.0,2761.0
1783934165.3,20637,32624,600,283.0,72.0,2940.0
1783934165.9,20637,32624,600,225.0,72.0,2534.0
1783934166.5,20637,32624,600,300.0,71.0,2543.0
1783934167.1,20637,32624,600,311.0,72.0,2587.0
1783934167.7,20637,32624,600,347.0,71.0,2755.0
1783934168.3,20637,32624,600,146.0,71.0,2840.0
1783934168.9,20637,32624,600,297.0,72.0,2579.0
1783934169.5,20637,32624,600,360.0,72.0,2758.0
1783934170.1,20637,32624,600,286.0,72.0,2890.0
1783934170.6,20637,32624,600,302.0,72.0,2619.0
1783934171.2,20637,32624,600,304.0,72.0,2580.0
1783934171.8,20637,32624,600,368.0,72.0,2823.0
1783934172.4,20637,32624,600,205.0,72.0,2517.0
1783934173.0,20637,32624,600,322.0,72.0,2567.0
1783934173.6,20637,32624,600,355.0,72.0,2763.0
1783934174.2,20637,32624,600,260.0,72.0,2788.0
1783934174.8,20637,32624,600,316.0,72.0,2645.0
1783934175.4,20637,32624,600,333.0,72.0,2613.0
1783934176.0,20637,32624,600,309.0,72.0,2683.0
1783934176.6,20637,32624,600,259.0,72.0,2769.0
1783934177.2,20637,32624,600,335.0,71.0,2513.0
1783934177.8,20637,32624,600,298.0,72.0,2505.0
1783934178.4,20637,32624,600,359.0,71.0,2815.0
1783934179.0,20637,32624,600,261.0,71.0,2733.0
1783934179.6,20637,32624,600,284.0,71.0,2511.0
1783934180.1,20637,32624,600,270.0,71.0,2526.0
1783934180.7,20637,32624,600,314.0,72.0,2666.0
1783934181.3,20637,32624,600,274.0,72.0,2799.0
1783934181.9,20637,32624,600,320.0,72.0,2560.0
1783934182.5,20637,32624,600,357.0,72.0,2674.0
1783934183.1,20637,32624,600,261.0,72.0,2759.0
1783934183.7,20637,32624,600,295.0,71.0,2532.0
1783934184.3,20637,32624,600,305.0,72.0,2646.0
1783934184.9,20637,32624,600,318.0,71.0,2639.0
1783934185.5,20637,32624,600,331.0,72.0,2871.0
1783934186.1,20637,32624,600,292.0,71.0,2559.0
1783934186.7,20632,32624,602,312.0,71.0,2576.0
1783934187.3,20632,32624,602,348.0,72.0,2837.0
1783934187.9,20632,32624,602,281.0,72.0,2558.0
1783934188.5,20632,32624,602,313.0,72.0,2723.0
1783934189.0,20632,32624,602,187.0,72.0,2678.0
1783934189.6,20632,32624,602,300.0,71.0,2578.0
1783934190.2,20632,32624,602,363.0,72.0,2769.0
1783934190.8,20632,32624,602,291.0,71.0,2498.0
1783934191.4,20632,32624,602,304.0,71.0,2563.0
1783934192.0,20632,32624,602,351.0,72.0,2706.0
1783934192.6,20632,32624,602,279.0,72.0,2675.0
1783934193.2,20632,32624,602,317.0,71.0,2544.0
1783934193.8,20632,32624,602,342.0,71.0,2858.0
1783934194.4,20632,32624,602,303.0,72.0,2570.0
1783934195.0,20632,32624,602,346.0,71.0,2767.0
1783934195.6,20632,32624,602,275.0,71.0,2568.0
1783934196.1,20632,32624,602,310.0,71.0,2601.0
1783934196.7,20632,32624,602,273.0,72.0,2863.0
1783934197.3,20632,32624,602,307.0,71.0,2660.0
1783934197.9,20632,32624,602,348.0,71.0,2715.0
1783934198.5,20632,32624,602,249.0,71.0,2748.0
1783934199.1,20632,32624,602,293.0,72.0,2579.0
1783934199.7,20632,32624,602,355.0,72.0,2759.0
1783934200.3,20632,32624,602,284.0,72.0,2923.0
1783934200.9,20632,32624,602,341.0,72.0,2616.0
1783934201.5,20632,32624,602,292.0,72.0,2587.0
1783934202.1,20632,32624,602,258.0,72.0,2852.0
1783934202.7,20632,32624,602,269.0,72.0,2596.0
1783934203.2,20632,32624,602,352.0,72.0,2675.0
1783934203.8,20632,32624,602,74.0,72.0,443.0
1783934204.4,20632,32624,602,309.0,72.0,2554.0
1783934205.0,20632,32624,602,357.0,71.0,2811.0
1783934205.6,20632,32624,602,207.0,72.0,2590.0
1783934206.2,20632,32624,602,302.0,72.0,2564.0
1783934206.8,20632,32624,602,348.0,72.0,2691.0
1783934207.4,20632,32624,602,262.0,72.0,2808.0
1783934208.0,20632,32624,602,301.0,72.0,2552.0
1783934208.6,20632,32624,602,341.0,71.0,2651.0
1783934209.2,20632,32624,602,341.0,71.0,2759.0
1783934209.8,20632,32624,602,192.0,72.0,2613.0
1783934210.4,20632,32624,602,304.0,72.0,2602.0
1783934211.0,20632,32624,602,335.0,72.0,2802.0
1783934211.6,20632,32624,602,296.0,71.0,2574.0
1783934212.2,20632,32624,602,349.0,72.0,2770.0
1783934212.8,20632,32624,602,275.0,72.0,2483.0
1783934213.3,20632,32624,602,324.0,72.0,2620.0
1783934213.9,20632,32624,602,259.0,71.0,3029.0
1783934214.5,20632,32624,602,314.0,72.0,2544.0
1783934215.1,20632,32624,602,356.0,72.0,2801.0
1783934215.7,20632,32624,602,295.0,72.0,2498.0
1783934216.3,20632,32624,602,355.0,72.0,2758.0
1783934216.9,20632,32624,602,319.0,72.0,2501.0
1783934217.5,20632,32624,602,298.0,72.0,2619.0
1783934218.1,20632,32624,602,258.0,72.0,2780.0
1783934218.7,20632,32624,602,309.0,72.0,2605.0
1783934219.3,20632,32624,602,351.0,71.0,2839.0
1783934219.9,20632,32624,602,332.0,72.0,2512.0
1783934220.5,20632,32624,602,365.0,72.0,2759.0
1783934221.1,20632,32624,602,258.0,72.0,2777.0
1783934221.6,20632,32624,602,300.0,72.0,2586.0
1783934222.2,20632,32624,602,275.0,71.0,2885.0
1783934222.8,20632,32624,602,296.0,72.0,2573.0
1783934223.4,20632,32624,602,376.0,72.0,2860.0
1783934224.0,20632,32624,602,120.0,72.0,2524.0
1783934224.6,20632,32624,602,293.0,72.0,2623.0
1783934225.2,20632,32624,602,248.0,72.0,2766.0
1783934225.8,20632,32624,602,266.0,72.0,2578.0
1783934226.4,20632,32624,602,292.0,72.0,2870.0
1783934227.0,20632,32624,602,298.0,72.0,2622.0
1783934227.6,20632,32624,602,243.0,72.0,2660.0
1783934228.2,20632,32624,602,310.0,72.0,2609.0
1783934228.8,20632,32624,602,271.0,72.0,2768.0
1783934229.3,20632,32624,602,297.0,72.0,2571.0
1783934229.9,20632,32624,602,241.0,72.0,2480.0
1783934230.5,20632,32624,602,309.0,72.0,2640.0
1783934231.1,20632,32624,602,251.0,72.0,2710.0
1783934231.7,20632,32624,602,300.0,71.0,2605.0
1783934232.3,20632,32624,602,247.0,72.0,2695.0
1783934232.9,20632,32624,602,298.0,72.0,2556.0
1783934233.5,20633,32624,604,322.0,72.0,2825.0
1783934234.1,20633,32624,606,172.0,71.0,2522.0
1783934234.7,20633,32624,606,301.0,72.0,2598.0
1783934235.3,20633,32624,606,224.0,70.0,2553.0
1783934235.9,20628,32624,604,341.0,71.0,2745.0
1783934236.5,20628,32624,604,336.0,71.0,2692.0
1783934237.1,20628,32624,604,270.0,71.0,2886.0
1783934237.6,20628,32624,604,205.0,71.0,2545.0
1783934238.2,20628,32624,604,289.0,71.0,2520.0
1783934238.8,20628,32624,604,286.0,71.0,2604.0
1783934239.4,20628,32624,604,345.0,71.0,2763.0
1783934240.0,20628,32624,604,347.0,72.0,2849.0
1783934240.6,20628,32624,604,164.0,71.0,2492.0
1783934241.2,20628,32624,604,292.0,71.0,2467.0
1783934241.8,20628,32624,604,309.0,72.0,2597.0
1783934242.4,20628,32624,604,344.0,71.0,2741.0
1783934243.0,20628,32624,604,348.0,72.0,2824.0
1783934243.6,20628,32624,604,339.0,71.0,2744.0
1783934244.2,20628,32624,604,314.0,72.0,2916.0
1783934244.8,20628,32624,604,244.0,72.0,2670.0
1783934245.4,20628,32624,604,304.0,72.0,2501.0
1783934246.0,20628,32624,604,319.0,72.0,2648.0
1783934246.6,20628,32624,604,307.0,71.0,2632.0
1783934247.2,20628,32624,604,385.0,71.0,2869.0
1783934247.8,20628,32624,604,254.0,72.0,2722.0
1783934248.3,20628,32624,604,333.0,71.0,2586.0
1783934248.9,20628,32624,604,312.0,71.0,2607.0
1783934249.5,20628,32624,604,351.0,71.0,2742.0
1783934250.1,20628,32624,604,252.0,72.0,2780.0
1783934250.7,20628,32624,604,315.0,71.0,2564.0
1783934251.3,20628,32624,604,313.0,71.0,2662.0
1783934251.9,20628,32624,604,309.0,71.0,2592.0
1783934252.5,20628,32624,604,295.0,71.0,2887.0
1783934253.1,20628,32624,604,323.0,71.0,2547.0
1783934253.7,20628,32624,604,319.0,71.0,2637.0
1783934254.3,20628,32624,604,367.0,71.0,2804.0
1783934254.9,20628,32624,604,258.0,72.0,2794.0
1783934255.5,20628,32624,604,323.0,72.0,2582.0
1783934256.1,20628,32624,604,297.0,72.0,2529.0
1783934256.6,20630,32624,606,324.0,72.0,2862.0
1783934257.2,20630,32624,606,200.0,72.0,2621.0
1783934257.8,20630,32624,606,329.0,71.0,2712.0
1783934258.4,20630,32624,606,269.0,72.0,2846.0
1783934259.0,20630,32624,606,347.0,72.0,2591.0
1783934259.6,20630,32624,606,318.0,72.0,2630.0
1783934260.2,20630,32624,606,381.0,72.0,2854.0
1783934260.8,20630,32624,606,258.0,72.0,2717.0
1783934261.4,20630,32624,606,294.0,72.0,2511.0
1783934262.0,20630,32624,606,327.0,72.0,2660.0
1783934262.6,20630,32624,606,271.0,72.0,2779.0
1783934263.2,20630,32624,606,272.0,72.0,2456.0
1783934263.7,20630,32624,606,331.0,72.0,2646.0
1783934264.3,20630,32624,606,292.0,72.0,2903.0
1783934264.9,20630,32624,606,306.0,72.0,2553.0
1783934265.5,20630,32624,606,313.0,72.0,2657.0
1783934266.1,20630,32624,606,272.0,72.0,2884.0
1783934266.7,20630,32624,606,265.0,72.0,2493.0
1783934267.3,20630,32624,606,287.0,71.0,2511.0
1783934267.9,20630,32624,606,327.0,72.0,2593.0
1783934268.5,20630,32624,606,336.0,72.0,2745.0
1783934269.1,20630,32624,606,229.0,72.0,2587.0
1783934269.7,20630,32624,606,311.0,71.0,2576.0
1783934270.3,20630,32624,606,339.0,72.0,2709.0
1783934270.9,20630,32624,606,259.0,72.0,2790.0
1783934271.5,20630,32624,606,298.0,72.0,2560.0
1783934272.1,20630,32624,606,308.0,71.0,2667.0
1783934272.6,20630,32624,606,150.0,71.0,2666.0
1783934273.2,20630,32624,606,309.0,71.0,2615.0
1783934273.8,20630,32624,606,347.0,72.0,2699.0
1783934274.4,20630,32624,606,278.0,72.0,2886.0
1783934275.0,20630,32624,606,284.0,72.0,2541.0
1783934275.6,20630,32624,606,318.0,72.0,2599.0
1783934276.2,20630,32624,606,305.0,72.0,2786.0
1783934276.8,20630,32624,606,299.0,72.0,2552.0
1783934277.4,20630,32624,606,317.0,72.0,2614.0
1783934278.0,20630,32624,606,383.0,72.0,2893.0
1783934278.6,20630,32624,606,292.0,72.0,2494.0
1783934279.2,20630,32624,606,315.0,72.0,2689.0
1783934279.8,20630,32624,606,272.0,72.0,2867.0
1783934280.4,20630,32624,606,334.0,72.0,2558.0
1783934280.9,20630,32624,606,355.0,71.0,2756.0
1783934281.5,20630,32624,606,221.0,72.0,2650.0
1783934282.1,20630,32624,606,292.0,72.0,2557.0
1783934282.7,20630,32624,606,346.0,72.0,2732.0
1783934283.3,20630,32624,606,247.0,72.0,2650.0
1783934283.9,20630,32624,606,313.0,72.0,2589.0
1783934284.5,20630,32624,606,359.0,72.0,2821.0
1783934285.1,20630,32624,606,266.0,72.0,2483.0
1783934285.7,20630,32624,606,314.0,72.0,2610.0
1783934286.3,11293,32624,100,121.0,70.0,3294.0
1783934286.9,732,32624,100,29.0,69.0,0.0
1783934287.5,719,32624,84,16.0,68.0,0.0
1783934288.1,719,32624,84,16.0,67.0,0.0
1783934288.7,719,32624,84,15.0,67.0,0.0
1783934289.3,719,32624,84,15.0,66.0,0.0
1783934289.8,719,32624,84,15.0,66.0,0.0
1783934290.4,719,32624,84,15.0,66.0,0.0
1783934291.0,719,32624,84,16.0,65.0,0.0
1783934291.6,719,32624,84,15.0,65.0,0.0
1783934292.2,719,32624,84,15.0,64.0,0.0
1783934292.8,719,32624,84,13.0,64.0,0.0
1783934293.4,719,32624,84,15.0,64.0,0.0
1783934294.0,719,32624,84,16.0,63.0,0.0
1783934294.6,719,32624,84,15.0,63.0,0.0
1783934295.2,719,32624,84,15.0,63.0,0.0
1783934295.8,719,32624,84,13.0,62.0,0.0
1783934296.4,719,32624,84,14.0,62.0,0.0
1783934297.0,719,32624,84,14.0,62.0,0.0
1783934297.6,719,32624,84,15.0,61.0,0.0
1783934298.2,719,32624,84,15.0,61.0,0.0
1783934298.8,719,32624,84,15.0,61.0,0.0
1783934299.4,719,32624,84,15.0,60.0,0.0
1783934300.0,719,32624,84,13.0,60.0,0.0
1783934300.5,719,32624,84,14.0,60.0,0.0
1783934301.1,719,32624,84,13.0,60.0,0.0
1783934301.7,719,32624,84,13.0,59.0,0.0
1783934302.3,719,32624,84,13.0,59.0,0.0
1783934302.9,719,32624,84,15.0,59.0,0.0
1783934303.5,719,32624,84,13.0,58.0,0.0
1783934304.1,719,32624,84,14.0,58.0,0.0
1783934304.7,719,32624,84,13.0,58.0,0.0
1783934305.3,719,32624,84,14.0,58.0,0.0
1783934305.9,719,32624,84,13.0,58.0,0.0
1783934306.5,719,32624,84,13.0,57.0,0.0
1783934307.1,719,32624,84,13.0,57.0,0.0
1783934307.7,719,32624,84,13.0,57.0,0.0
1783934308.3,719,32624,84,13.0,57.0,0.0
1783934308.9,719,32624,84,13.0,56.0,0.0
1783934309.4,719,32624,84,14.0,56.0,0.0
1783934310.0,719,32624,84,15.0,56.0,0.0
1783934310.6,719,32624,84,12.0,56.0,0.0
1783934311.2,719,32624,84,13.0,55.0,0.0
1783934311.8,719,32624,84,12.0,55.0,0.0
1783934312.4,719,32624,84,14.0,55.0,0.0
1783934313.0,719,32624,84,13.0,55.0,0.0
1783934313.6,719,32624,84,13.0,55.0,0.0
1783934314.2,719,32624,84,13.0,55.0,0.0
1783934314.8,719,32624,84,12.0,54.0,0.0
1783934315.4,719,32624,84,13.0,54.0,0.0
1783934316.0,719,32624,84,13.0,54.0,0.0
1783934316.6,719,32624,84,12.0,53.0,0.0
1783934317.2,719,32624,84,12.0,53.0,0.0
1783934317.7,719,32624,84,12.0,53.0,0.0
1783934318.3,719,32624,84,13.0,53.0,0.0
1783934318.9,719,32624,84,12.0,53.0,0.0
1783934319.5,719,32624,84,12.0,53.0,0.0
1783934320.1,719,32624,84,13.0,53.0,0.0
1783934320.7,719,32624,84,13.0,53.0,0.0
1783934321.3,719,32624,84,13.0,52.0,0.0
1783934321.9,719,32624,84,13.0,52.0,0.0
1783934322.5,719,32624,84,12.0,52.0,0.0
1783934323.1,719,32624,84,12.0,52.0,0.0
1783934323.7,719,32624,84,12.0,52.0,0.0
1783934324.3,719,32624,84,12.0,52.0,0.0
1783934324.9,719,32624,84,12.0,52.0,0.0
1783934325.5,719,32624,84,13.0,51.0,0.0
1783934326.1,719,32624,84,13.0,51.0,0.0
1783934326.6,719,32624,84,13.0,51.0,0.0
1783934327.2,719,32624,84,12.0,51.0,0.0
1783934327.8,719,32624,84,12.0,51.0,0.0
1783934328.4,719,32624,84,12.0,51.0,0.0
1783934329.0,719,32624,84,12.0,50.0,0.0
1783934329.6,719,32624,84,13.0,50.0,0.0
1783934330.2,719,32624,84,12.0,50.0,0.0
1783934330.8,719,32624,84,12.0,50.0,0.0
1783934331.4,719,32624,84,12.0,50.0,0.0
1783934332.0,719,32624,84,12.0,50.0,0.0
1783934332.6,719,32624,84,13.0,50.0,0.0
1783934333.2,719,32624,84,12.0,49.0,0.0
1783934333.8,719,32624,84,14.0,49.0,0.0
1783934334.3,719,32624,84,14.0,49.0,0.0
1783934334.9,719,32624,84,13.0,49.0,0.0
1783934335.5,719,32624,84,11.0,49.0,0.0
1783934336.1,719,32624,84,12.0,49.0,0.0
1783934336.7,719,32624,84,11.0,49.0,0.0
1783934337.3,719,32624,84,11.0,49.0,0.0
1783934337.9,719,32624,84,12.0,49.0,0.0
1783934338.5,719,32624,84,12.0,49.0,0.0
1783934339.1,719,32624,84,12.0,48.0,0.0
1783934339.7,719,32624,84,12.0,48.0,0.0
1783934340.3,719,32624,84,13.0,48.0,0.0
1783934340.9,719,32624,84,13.0,48.0,0.0
1783934341.5,719,32624,84,13.0,48.0,0.0
1783934342.1,719,32624,84,12.0,48.0,0.0
1783934342.6,719,32624,84,11.0,48.0,0.0
1783934343.2,719,32624,84,12.0,48.0,0.0
1783934343.8,719,32624,84,12.0,48.0,0.0
1783934344.4,719,32624,84,12.0,48.0,0.0
1783934345.0,719,32624,84,12.0,47.0,0.0
1783934345.6,719,32624,84,12.0,47.0,0.0
1783934346.2,719,32624,84,14.0,47.0,0.0
1783934346.8,715,32624,84,13.0,47.0,0.0
1783934347.4,715,32624,84,13.0,47.0,0.0
1783934348.0,715,32624,84,12.0,47.0,0.0
1783934348.6,715,32624,84,11.0,47.0,0.0
1783934349.2,715,32624,84,11.0,47.0,0.0
1783934349.8,715,32624,84,13.0,47.0,0.0
1783934350.4,715,32624,84,12.0,46.0,0.0
1783934350.9,715,32624,84,11.0,47.0,0.0
1783934351.5,715,32624,84,11.0,47.0,0.0
1783934352.1,715,32624,84,12.0,47.0,0.0
1783934352.7,715,32624,84,12.0,46.0,0.0
1783934353.3,715,32624,84,12.0,46.0,0.0
1783934353.9,715,32624,84,12.0,46.0,0.0
1783934354.5,734,32624,87,29.0,47.0,1537.0
1783934355.1,860,32624,111,31.0,47.0,114.0
1783934355.7,862,32624,87,17.0,46.0,33.0
1783934356.3,862,32624,77,12.0,46.0,0.0
1783934356.9,848,32624,89,13.0,46.0,0.0
1783934357.5,848,32624,89,13.0,46.0,0.0
1783934358.1,846,32624,79,18.0,46.0,63.0
1783934358.7,851,32624,77,11.0,46.0,0.0
1783934359.3,855,32624,77,12.0,46.0,0.0
1783934359.9,825,32624,95,11.0,46.0,0.0
1783934360.5,766,32624,85,30.0,46.0,50.0
1783934361.1,766,32624,85,11.0,46.0,0.0
1783934361.7,764,32624,81,12.0,46.0,0.0
1783934362.3,762,32624,81,27.0,46.0,42.0
1783934362.9,762,32624,83,12.0,46.0,0.0
1783934363.5,762,32624,81,12.0,45.0,0.0
1783934364.1,757,32624,77,12.0,45.0,0.0
1783934364.7,755,32624,77,11.0,46.0,0.0
1783934365.2,750,32624,77,12.0,45.0,0.0
1783934365.8,750,32624,77,11.0,45.0,0.0
1783934366.4,750,32624,77,12.0,45.0,0.0
1783934367.0,749,32624,77,12.0,45.0,0.0
1783934367.6,738,32624,77,12.0,46.0,0.0
1783934368.2,738,32624,77,11.0,45.0,0.0
1783934368.8,726,32624,77,23.0,45.0,0.0
1783934369.4,726,32624,77,12.0,45.0,0.0
1783934370.0,726,32624,77,11.0,45.0,0.0
1783934370.6,726,32624,77,11.0,45.0,0.0
1783934371.2,726,32624,77,12.0,45.0,0.0
1783934371.8,726,32624,77,12.0,45.0,0.0
1783934372.4,726,32624,77,11.0,45.0,0.0
1783934373.0,726,32624,77,12.0,45.0,0.0
1783934373.6,726,32624,77,11.0,45.0,0.0
1783934374.2,726,32624,77,11.0,45.0,0.0
1783934374.8,726,32624,77,23.0,46.0,0.0
1783934375.4,726,32624,77,11.0,45.0,0.0
1783934376.0,726,32624,77,12.0,45.0,0.0
1783934376.6,726,32624,77,11.0,45.0,0.0
1783934377.2,726,32624,77,12.0,45.0,0.0
1783934377.8,726,32624,77,11.0,45.0,0.0
1783934378.4,726,32624,77,12.0,45.0,0.0
1783934379.0,726,32624,77,12.0,45.0,0.0
1783934379.6,726,32624,77,11.0,45.0,0.0
1783934380.2,726,32624,77,12.0,45.0,0.0
1783934380.8,726,32624,77,11.0,45.0,0.0
1783934381.4,726,32624,77,13.0,45.0,0.0
1783934382.0,726,32624,79,11.0,45.0,0.0
1783934382.6,726,32624,79,11.0,45.0,0.0
1783934383.2,726,32624,79,11.0,45.0,0.0
1783934383.8,726,32624,79,11.0,45.0,0.0
1783934384.4,710,32624,75,22.0,45.0,0.0
1783934385.0,710,32624,75,13.0,45.0,0.0
1783934385.6,710,32624,75,12.0,45.0,0.0
1783934386.2,710,32624,75,11.0,45.0,0.0
1783934386.8,710,32624,75,12.0,45.0,0.0
1783934387.3,710,32624,75,11.0,45.0,0.0
1783934387.9,710,32624,75,11.0,45.0,0.0
1783934388.5,710,32624,75,11.0,44.0,0.0
1783934389.1,710,32624,75,11.0,44.0,0.0
1783934389.7,710,32624,75,10.0,44.0,0.0
1783934390.3,710,32624,75,12.0,44.0,0.0
1783934390.9,710,32624,75,12.0,44.0,0.0
1783934391.5,710,32624,75,12.0,44.0,0.0
1783934392.1,710,32624,75,10.0,44.0,0.0
1783934392.7,710,32624,75,12.0,44.0,0.0
1783934393.3,710,32624,75,16.0,44.0,22.0
1783934393.9,710,32624,75,13.0,44.0,0.0
1783934394.5,710,32624,75,17.0,44.0,24.0
1783934395.1,710,32624,75,20.0,44.0,280.0
1783934395.7,710,32624,75,12.0,44.0,0.0
1783934396.3,710,32624,75,11.0,44.0,0.0
1783934396.9,710,32624,75,11.0,44.0,0.0
1783934397.4,710,32624,75,12.0,44.0,0.0
1783934398.0,710,32624,75,11.0,44.0,0.0
1783934398.6,710,32624,75,11.0,44.0,0.0
1783934399.2,710,32624,75,11.0,44.0,0.0
1783934399.8,710,32624,75,12.0,44.0,0.0
1783934400.4,710,32624,75,11.0,44.0,0.0
1783934401.0,710,32624,75,12.0,44.0,0.0
1783934401.6,710,32624,75,12.0,44.0,0.0
1783934402.2,710,32624,75,12.0,44.0,0.0
1783934402.8,710,32624,75,12.0,44.0,0.0
1783934403.4,710,32624,75,12.0,44.0,0.0
1783934404.0,710,32624,75,12.0,44.0,0.0
1783934404.6,710,32624,75,12.0,44.0,0.0
1783934405.2,710,32624,75,12.0,44.0,0.0
1783934405.8,710,32624,75,12.0,44.0,0.0
1783934406.4,710,32624,75,11.0,44.0,0.0
1783934407.0,710,32624,75,11.0,44.0,0.0
1783934407.6,710,32624,75,11.0,44.0,0.0
1783934408.2,710,32624,75,11.0,44.0,0.0
1783934408.7,710,32624,75,12.0,44.0,0.0
1783934409.3,710,32624,75,12.0,44.0,0.0
1783934409.9,710,32624,75,11.0,44.0,0.0
1783934410.5,710,32624,75,12.0,44.0,0.0
1783934411.1,710,32624,75,14.0,44.0,0.0
1783934411.7,710,32624,75,11.0,44.0,0.0
1783934412.3,710,32624,75,11.0,44.0,0.0
1783934412.9,710,32624,75,12.0,44.0,0.0
1783934413.5,722,32624,81,12.0,44.0,0.0
1783934414.1,722,32624,81,11.0,44.0,0.0
1783934414.7,722,32624,81,12.0,43.0,0.0
1783934415.3,722,32624,81,11.0,43.0,0.0
1783934415.9,718,32624,79,11.0,44.0,0.0
1783934416.5,718,32624,79,11.0,44.0,0.0
1783934417.1,718,32624,79,10.0,43.0,0.0
1783934417.7,718,32624,79,11.0,44.0,0.0
1783934418.2,718,32624,79,11.0,43.0,0.0
1783934418.8,718,32624,79,11.0,43.0,0.0
1783934419.4,718,32624,79,12.0,44.0,0.0
1783934420.0,718,32624,79,12.0,43.0,0.0
1783934420.6,718,32624,79,15.0,43.0,0.0
1783934421.2,718,32624,79,11.0,43.0,0.0
1783934421.8,718,32624,79,11.0,43.0,0.0
1783934422.4,718,32624,79,12.0,44.0,0.0
1783934423.0,718,32624,79,11.0,43.0,0.0
1783934423.6,718,32624,79,10.0,43.0,0.0
1783934424.2,718,32624,79,11.0,43.0,0.0
1783934424.8,718,32624,79,11.0,43.0,0.0
1783934425.4,718,32624,79,11.0,43.0,0.0
1783934426.0,718,32624,79,11.0,43.0,0.0
1783934426.6,720,32624,81,11.0,43.0,0.0
1783934427.2,720,32624,81,11.0,43.0,0.0
1783934427.8,720,32624,81,12.0,43.0,0.0
1783934428.4,720,32624,81,11.0,43.0,0.0
1783934429.0,714,32624,79,12.0,43.0,0.0
1783934429.6,714,32624,79,11.0,43.0,0.0
1783934430.2,714,32624,79,11.0,43.0,0.0
1783934430.8,714,32624,79,12.0,43.0,0.0
1783934431.4,714,32624,79,11.0,43.0,0.0
1783934432.0,714,32624,79,11.0,43.0,0.0
1783934432.6,714,32624,79,12.0,43.0,0.0
1783934433.2,714,32624,79,11.0,43.0,0.0
1783934433.8,714,32624,79,12.0,43.0,0.0
1783934434.4,714,32624,79,11.0,43.0,0.0
1783934434.9,714,32624,79,11.0,43.0,0.0
1783934435.5,714,32624,79,10.0,43.0,0.0
1783934436.1,714,32624,79,10.0,42.0,0.0
1783934436.7,714,32624,79,12.0,43.0,0.0
1783934437.3,714,32624,79,12.0,43.0,0.0
1783934437.9,714,32624,79,11.0,43.0,0.0
1783934438.5,714,32624,79,12.0,43.0,0.0
1783934439.1,714,32624,79,10.0,43.0,0.0
1783934439.7,714,32624,79,11.0,43.0,0.0
1783934440.3,714,32624,79,12.0,43.0,0.0
1783934440.9,714,32624,79,11.0,42.0,0.0
1783934441.5,714,32624,79,12.0,42.0,0.0
1783934442.1,714,32624,79,11.0,42.0,0.0
1783934442.7,714,32624,79,12.0,42.0,0.0
1783934443.3,714,32624,79,11.0,42.0,0.0
1783934443.9,714,32624,79,11.0,42.0,0.0
1783934444.5,714,32624,79,11.0,42.0,0.0
1783934445.0,714,32624,79,12.0,42.0,0.0
1783934445.6,714,32624,79,11.0,42.0,0.0
1783934446.2,714,32624,79,12.0,42.0,0.0
1783934446.8,714,32624,79,11.0,42.0,0.0
1783934447.4,714,32624,79,12.0,42.0,0.0
1783934448.0,714,32624,79,11.0,42.0,0.0
1783934448.6,714,32624,79,11.0,42.0,0.0
1783934449.2,714,32624,79,11.0,42.0,0.0
1783934449.8,714,32624,79,11.0,42.0,0.0
1783934450.4,714,32624,79,11.0,42.0,0.0
1783934451.0,714,32624,79,11.0,42.0,0.0
1783934451.6,714,32624,79,11.0,42.0,0.0
1783934452.2,714,32624,79,10.0,42.0,0.0
1783934452.8,714,32624,79,12.0,42.0,0.0
1783934453.4,714,32624,79,12.0,42.0,0.0
1783934454.0,714,32624,79,11.0,42.0,0.0
1783934454.6,714,32624,79,11.0,42.0,0.0
1783934455.2,714,32624,79,11.0,42.0,0.0
1783934455.8,714,32624,79,12.0,42.0,0.0
1783934456.4,714,32624,79,11.0,42.0,0.0
1783934457.0,714,32624,79,11.0,42.0,0.0
1783934457.6,714,32624,79,11.0,42.0,0.0
1783934458.2,714,32624,79,11.0,42.0,0.0
1783934458.8,714,32624,79,13.0,42.0,0.0
1783934459.4,714,32624,79,15.0,42.0,0.0
1783934460.0,714,32624,79,12.0,42.0,0.0
1783934460.6,714,32624,79,12.0,42.0,0.0
1783934461.2,714,32624,79,13.0,42.0,0.0
1783934461.8,714,32624,79,11.0,42.0,0.0
1783934462.4,714,32624,79,11.0,42.0,0.0
1783934463.0,714,32624,79,11.0,42.0,0.0
1783934463.6,714,32624,79,10.0,42.0,0.0
1783934464.2,714,32624,79,11.0,41.0,0.0
1783934464.8,714,32624,79,11.0,42.0,0.0
1783934465.4,714,32624,79,11.0,41.0,0.0
1783934466.0,714,32624,79,11.0,41.0,0.0
1783934466.6,714,32624,79,11.0,41.0,0.0
1783934467.1,714,32624,79,11.0,41.0,0.0
1783934467.7,714,32624,79,12.0,41.0,0.0
1783934468.3,714,32624,79,11.0,41.0,0.0
1783934468.9,714,32624,79,11.0,41.0,0.0
1783934469.5,714,32624,79,13.0,41.0,0.0
1783934470.1,714,32624,79,11.0,41.0,0.0
1783934470.7,714,32624,79,11.0,41.0,0.0
1783934471.3,714,32624,79,11.0,41.0,0.0
1783934471.9,714,32624,79,12.0,41.0,0.0
1783934472.5,714,32624,79,11.0,41.0,0.0
1783934473.1,714,32624,79,11.0,41.0,0.0
1783934473.7,716,32624,79,12.0,41.0,0.0
1783934474.3,716,32624,79,11.0,41.0,0.0
1783934474.9,716,32624,79,11.0,41.0,0.0
1783934475.5,715,32624,77,12.0,42.0,0.0
1783934476.1,715,32624,77,12.0,41.0,0.0
1783934476.7,715,32624,77,12.0,41.0,0.0
1783934477.3,715,32624,77,12.0,41.0,0.0
1783934477.9,715,32624,77,15.0,41.0,6.0
1783934478.5,715,32624,77,14.0,41.0,426.0
1783934479.1,715,32624,77,15.0,41.0,24.0
1783934479.7,715,32624,77,15.0,41.0,48.0
1783934480.3,715,32624,77,19.0,41.0,295.0
1783934480.9,715,32624,77,12.0,41.0,0.0
1783934481.5,715,32624,77,11.0,41.0,0.0
1783934482.1,715,32624,77,11.0,41.0,0.0
1783934482.6,715,32624,77,11.0,41.0,0.0
1783934483.2,715,32624,77,11.0,41.0,0.0
1783934483.8,715,32624,77,12.0,41.0,0.0
1783934484.4,715,32624,77,11.0,41.0,0.0
1783934485.0,715,32624,77,11.0,41.0,0.0
1783934485.6,715,32624,77,11.0,41.0,0.0
1783934486.2,715,32624,77,11.0,41.0,0.0
1783934486.8,715,32624,77,12.0,41.0,0.0
1783934487.4,715,32624,77,11.0,41.0,0.0
1783934488.0,715,32624,77,11.0,41.0,0.0
1783934488.6,715,32624,77,12.0,41.0,0.0
1783934489.2,715,32624,77,11.0,41.0,0.0
1783934489.8,715,32624,77,11.0,41.0,0.0
1783934490.4,715,32624,77,11.0,41.0,0.0
1783934491.0,715,32624,77,11.0,41.0,0.0
1783934491.6,715,32624,77,11.0,41.0,0.0
1783934492.1,715,32624,77,12.0,41.0,0.0
1783934492.7,715,32624,77,11.0,41.0,0.0
1783934493.3,715,32624,77,10.0,41.0,0.0
1783934493.9,715,32624,77,11.0,41.0,0.0
1783934494.5,715,32624,77,11.0,41.0,0.0
1783934495.1,715,32624,77,12.0,41.0,0.0
1783934495.7,715,32624,77,11.0,41.0,0.0
1783934496.3,715,32624,77,12.0,40.0,0.0
1783934496.9,715,32624,77,11.0,41.0,0.0
1783934497.5,715,32624,77,11.0,41.0,0.0
1783934498.1,715,32624,77,12.0,41.0,0.0
1783934498.7,715,32624,77,12.0,41.0,0.0
1783934499.3,715,32624,77,11.0,40.0,0.0
1783934499.9,715,32624,77,12.0,41.0,0.0
1783934500.5,715,32624,77,11.0,40.0,0.0
1783934501.1,715,32624,77,11.0,40.0,0.0
1783934501.7,715,32624,77,12.0,40.0,0.0
1783934502.3,715,32624,77,11.0,41.0,0.0
1783934502.9,715,32624,77,11.0,40.0,0.0
1783934503.5,715,32624,77,11.0,40.0,0.0
1783934504.1,715,32624,77,11.0,40.0,0.0
1783934504.7,715,32624,77,11.0,40.0,0.0
1783934505.3,715,32624,77,11.0,40.0,0.0
1783934505.9,715,32624,77,12.0,40.0,0.0
1783934506.5,715,32624,77,12.0,40.0,0.0
1783934507.1,715,32624,77,11.0,40.0,0.0
1783934507.6,715,32624,77,12.0,40.0,0.0
1783934508.2,715,32624,77,11.0,40.0,0.0
1783934508.8,715,32624,77,12.0,40.0,0.0
1783934509.4,715,32624,77,12.0,40.0,0.0
1783934510.0,715,32624,77,12.0,40.0,0.0
1783934510.6,715,32624,77,10.0,40.0,0.0
1783934511.2,715,32624,77,11.0,40.0,0.0
1783934511.8,715,32624,77,12.0,40.0,0.0
1783934512.4,715,32624,77,12.0,40.0,0.0
1783934513.0,715,32624,77,12.0,40.0,0.0
1783934513.6,715,32624,77,12.0,40.0,0.0
1783934514.2,715,32624,77,12.0,40.0,0.0
1783934514.8,715,32624,77,12.0,40.0,0.0
1783934515.4,715,32624,77,12.0,40.0,0.0
1783934516.0,715,32624,77,11.0,40.0,0.0
1783934516.6,715,32624,77,12.0,40.0,0.0
1783934517.2,715,32624,77,11.0,40.0,0.0
1783934517.7,715,32624,77,11.0,40.0,0.0
1783934518.3,715,32624,77,11.0,40.0,0.0
1783934518.9,715,32624,77,11.0,40.0,0.0
1783934519.5,715,32624,77,12.0,40.0,0.0
1783934520.1,715,32624,77,12.0,40.0,0.0
1783934520.7,715,32624,77,11.0,40.0,0.0
1783934521.3,715,32624,77,11.0,40.0,0.0
1783934521.9,715,32624,77,12.0,39.0,0.0
1783934522.5,715,32624,77,12.0,40.0,0.0
1783934523.1,715,32624,77,12.0,40.0,0.0
1783934523.7,715,32624,77,12.0,40.0,0.0
1783934524.3,715,32624,77,11.0,40.0,0.0
1783934524.9,715,32624,77,11.0,40.0,0.0
1783934525.5,715,32624,77,11.0,40.0,0.0
1783934526.1,715,32624,77,11.0,40.0,0.0
1783934526.7,715,32624,77,11.0,39.0,0.0
1783934527.3,715,32624,77,11.0,39.0,0.0
1783934527.8,715,32624,77,11.0,40.0,0.0
1783934528.4,715,32624,77,11.0,39.0,0.0
1783934529.0,715,32624,77,10.0,40.0,0.0
1783934529.6,715,32624,77,11.0,39.0,0.0
1783934530.2,715,32624,77,11.0,39.0,0.0
1783934530.8,715,32624,77,11.0,39.0,0.0
1783934531.4,715,32624,77,11.0,39.0,0.0
1783934532.0,715,32624,77,11.0,39.0,0.0
1783934532.6,715,32624,77,12.0,39.0,0.0
1783934533.2,715,32624,77,11.0,39.0,0.0
1783934533.8,715,32624,77,11.0,39.0,0.0
1783934534.4,715,32624,77,11.0,39.0,0.0
1783934535.0,715,32624,77,12.0,39.0,0.0
1783934535.6,715,32624,77,11.0,39.0,0.0
1783934536.2,715,32624,77,11.0,39.0,0.0
1783934536.8,715,32624,77,11.0,39.0,0.0
1783934537.4,715,32624,77,11.0,39.0,0.0
1783934538.0,711,32624,77,11.0,39.0,0.0
1783934538.6,711,32624,77,11.0,39.0,0.0
1783934539.1,711,32624,77,11.0,39.0,0.0
1783934539.7,711,32624,77,13.0,39.0,0.0
1783934540.3,711,32624,77,11.0,39.0,0.0
1783934540.9,711,32624,77,11.0,39.0,0.0
1783934541.5,711,32624,77,11.0,39.0,0.0
1783934542.1,711,32624,77,11.0,39.0,0.0
1783934542.7,711,32624,77,11.0,39.0,0.0
1783934543.3,711,32624,77,12.0,39.0,0.0
1783934543.9,711,32624,77,11.0,39.0,0.0
1783934544.5,711,32624,77,12.0,39.0,0.0
1783934545.1,711,32624,77,13.0,39.0,366.0
1783934545.7,711,32624,77,16.0,39.0,20.0
1783934546.3,711,32624,77,19.0,39.0,464.0
1783934546.9,711,32624,77,19.0,39.0,39.0
1783934547.5,711,32624,77,11.0,39.0,0.0
1783934548.1,711,32624,77,11.0,39.0,0.0
1783934548.7,711,32624,77,11.0,39.0,0.0
1783934549.2,711,32624,77,11.0,39.0,0.0
1783934549.8,711,32624,77,12.0,39.0,0.0
1783934550.4,711,32624,77,10.0,39.0,0.0
1783934551.0,711,32624,77,11.0,39.0,0.0
1783934551.6,711,32624,77,11.0,39.0,0.0
1783934552.2,711,32624,77,11.0,39.0,0.0
1783934552.8,711,32624,77,11.0,39.0,0.0
1783934553.4,711,32624,77,11.0,39.0,0.0
1783934554.0,711,32624,77,11.0,39.0,0.0
1783934554.6,711,32624,77,12.0,39.0,0.0
1783934555.2,711,32624,77,11.0,39.0,0.0
1783934555.8,711,32624,77,11.0,39.0,0.0
1783934556.4,711,32624,77,11.0,39.0,0.0
1783934557.0,711,32624,77,11.0,39.0,0.0
1783934557.6,711,32624,77,10.0,39.0,0.0
1783934558.2,711,32624,77,11.0,38.0,0.0
1783934558.7,711,32624,77,11.0,38.0,0.0
1783934559.3,711,32624,77,11.0,38.0,0.0
1783934559.9,711,32624,77,11.0,39.0,0.0
1783934560.5,711,32624,77,10.0,38.0,0.0
1783934561.1,711,32624,77,11.0,39.0,0.0
1783934561.7,711,32624,77,12.0,38.0,0.0
1783934562.3,711,32624,77,11.0,38.0,0.0
1783934562.9,711,32624,77,10.0,39.0,0.0
1783934563.5,711,32624,77,12.0,38.0,0.0
1783934564.1,711,32624,77,11.0,39.0,0.0
1783934564.7,711,32624,77,12.0,38.0,0.0
1783934565.3,711,32624,77,11.0,38.0,0.0
1783934565.9,711,32624,77,11.0,38.0,0.0
1783934566.5,711,32624,77,10.0,38.0,0.0
1783934567.1,711,32624,77,10.0,38.0,0.0
1783934567.7,711,32624,77,11.0,38.0,0.0
1783934568.3,711,32624,77,11.0,38.0,0.0
1783934568.9,711,32624,77,10.0,38.0,0.0
1783934569.5,711,32624,77,11.0,38.0,0.0
1783934570.0,711,32624,77,11.0,38.0,0.0
1783934570.6,711,32624,77,11.0,38.0,0.0
1783934571.2,711,32624,77,11.0,38.0,0.0
1783934571.8,711,32624,77,11.0,38.0,0.0
1783934572.4,711,32624,77,11.0,38.0,0.0
1783934573.0,711,32624,77,10.0,38.0,0.0
1783934573.6,711,32624,77,10.0,38.0,0.0
1783934574.2,711,32624,77,11.0,38.0,0.0
1783934574.8,711,32624,77,11.0,38.0,0.0
1783934575.4,711,32624,77,11.0,38.0,0.0
1783934576.0,711,32624,77,11.0,38.0,0.0
1783934576.6,711,32624,77,10.0,38.0,0.0
1783934577.2,711,32624,77,11.0,38.0,0.0
1783934577.8,711,32624,77,14.0,38.0,0.0
1783934578.4,711,32624,77,11.0,38.0,0.0
1783934579.0,711,32624,77,14.0,38.0,0.0
1783934579.6,711,32624,77,13.0,38.0,0.0
1783934580.2,711,32624,77,11.0,38.0,0.0
1783934580.8,711,32624,77,11.0,38.0,0.0
1783934581.4,711,32624,77,11.0,38.0,0.0
1783934582.0,711,32624,77,11.0,38.0,0.0
1783934582.6,711,32624,77,11.0,38.0,0.0
1783934583.2,711,32624,77,12.0,38.0,0.0
1783934583.7,711,32624,77,11.0,38.0,0.0
1783934584.3,711,32624,77,11.0,38.0,0.0
1783934584.9,711,32624,77,11.0,38.0,0.0
1783934585.5,711,32624,77,11.0,38.0,0.0
1783934586.1,711,32624,77,10.0,38.0,0.0
1783934586.7,711,32624,77,11.0,38.0,0.0
1783934587.3,711,32624,77,11.0,38.0,0.0
1783934587.9,711,32624,77,11.0,38.0,0.0
1783934588.5,711,32624,77,11.0,38.0,0.0
1783934589.1,711,32624,77,11.0,38.0,0.0
1783934589.7,711,32624,77,11.0,38.0,0.0
1783934590.3,711,32624,77,10.0,38.0,0.0
1783934590.9,711,32624,77,11.0,38.0,0.0
1783934591.5,711,32624,77,11.0,38.0,0.0
1783934592.1,711,32624,77,11.0,38.0,0.0
1783934592.7,711,32624,77,11.0,38.0,0.0
1783934593.3,711,32624,77,11.0,38.0,0.0
1783934593.9,711,32624,77,10.0,38.0,0.0
1783934594.5,711,32624,77,12.0,38.0,0.0
1783934595.1,711,32624,77,12.0,38.0,0.0
1783934595.7,711,32624,77,11.0,38.0,0.0
1783934596.3,711,32624,77,12.0,38.0,0.0
1783934596.8,711,32624,77,12.0,38.0,0.0
1783934597.4,711,32624,77,12.0,38.0,0.0
1783934598.0,711,32624,77,11.0,38.0,0.0
1783934598.6,711,32624,77,12.0,38.0,0.0
1783934599.2,711,32624,77,11.0,38.0,0.0
1783934599.8,711,32624,77,11.0,38.0,0.0
1783934600.4,711,32624,77,12.0,38.0,0.0
1783934601.0,711,32624,77,11.0,38.0,0.0
1783934601.6,711,32624,77,12.0,38.0,0.0
1783934602.2,711,32624,77,12.0,38.0,0.0
1783934602.8,711,32624,77,11.0,38.0,0.0
1783934603.4,711,32624,77,10.0,38.0,0.0
1783934604.0,711,32624,77,11.0,38.0,0.0
1783934604.6,711,32624,77,11.0,38.0,0.0
1783934605.2,711,32624,77,12.0,38.0,0.0
1783934605.7,711,32624,77,10.0,38.0,0.0
1783934606.3,711,32624,77,11.0,38.0,0.0
1783934606.9,711,32624,77,10.0,38.0,0.0
1783934607.5,711,32624,77,11.0,37.0,0.0
1783934608.1,711,32624,77,11.0,37.0,0.0
1783934608.7,711,32624,77,12.0,38.0,0.0
1783934609.3,711,32624,77,11.0,38.0,0.0
1783934609.9,711,32624,77,11.0,38.0,0.0
1783934610.5,711,32624,77,13.0,37.0,1.0
1783934611.1,711,32624,77,16.0,37.0,45.0
1783934611.7,711,32624,77,15.0,37.0,59.0
1783934612.3,711,32624,77,12.0,38.0,0.0
1783934612.9,711,32624,77,10.0,37.0,0.0
1783934613.5,711,32624,77,11.0,37.0,0.0
1783934614.0,711,32624,77,12.0,37.0,0.0
1783934614.6,711,32624,77,11.0,37.0,0.0
1783934615.2,711,32624,77,11.0,37.0,0.0
1783934615.8,711,32624,77,12.0,37.0,0.0
1783934616.4,711,32624,77,10.0,37.0,0.0
1783934617.0,711,32624,77,12.0,37.0,0.0
1783934617.6,711,32624,77,12.0,37.0,0.0
1783934618.2,711,32624,77,11.0,37.0,0.0
1783934618.8,711,32624,77,12.0,37.0,0.0
1783934619.4,711,32624,77,11.0,37.0,0.0
1783934620.0,711,32624,77,12.0,37.0,0.0
1783934620.6,711,32624,77,13.0,37.0,0.0
1783934621.2,711,32624,77,11.0,37.0,0.0
1783934621.7,711,32624,77,11.0,37.0,0.0
1783934622.3,711,32624,77,11.0,37.0,0.0
1783934622.9,711,32624,77,11.0,37.0,0.0
1783934623.5,711,32624,77,11.0,37.0,0.0
1783934624.1,711,32624,77,11.0,37.0,0.0
1783934624.7,711,32624,77,10.0,37.0,0.0
1783934625.3,711,32624,77,12.0,37.0,0.0
1783934625.9,711,32624,77,11.0,37.0,0.0
1783934626.5,711,32624,77,11.0,37.0,0.0
1783934627.1,711,32624,77,11.0,37.0,0.0
1783934627.7,711,32624,77,10.0,37.0,0.0
1783934628.3,711,32624,77,12.0,37.0,0.0
1783934628.9,711,32624,77,11.0,37.0,0.0
1783934629.5,711,32624,77,11.0,37.0,0.0
1783934630.0,711,32624,77,11.0,37.0,0.0
1783934630.6,711,32624,77,11.0,37.0,0.0
1783934631.2,711,32624,77,11.0,37.0,0.0
1783934631.8,711,32624,77,12.0,37.0,0.0
1783934632.4,711,32624,77,11.0,37.0,0.0
1783934633.0,711,32624,77,11.0,37.0,0.0
1783934633.6,711,32624,77,10.0,37.0,0.0
1783934634.2,711,32624,77,12.0,37.0,0.0
1783934634.8,711,32624,77,11.0,37.0,0.0
1783934635.4,714,32624,79,11.0,37.0,0.0
1783934636.0,714,32624,79,11.0,37.0,0.0
1783934636.6,714,32624,79,11.0,37.0,0.0
1783934637.2,714,32624,79,11.0,37.0,0.0
1783934637.8,712,32624,77,10.0,37.0,0.0
1783934638.4,712,32624,77,11.0,37.0,0.0
1783934639.0,712,32624,77,11.0,37.0,0.0
1783934639.6,712,32624,77,11.0,37.0,0.0
1783934640.1,712,32624,77,11.0,37.0,0.0
1783934640.7,712,32624,77,11.0,37.0,0.0
1783934641.3,712,32624,77,11.0,37.0,0.0
1783934641.9,712,32624,77,12.0,37.0,0.0
1783934642.5,712,32624,77,12.0,37.0,0.0
1783934643.1,712,32624,77,10.0,37.0,0.0
1783934643.7,712,32624,77,11.0,37.0,0.0
1783934644.3,712,32624,77,12.0,37.0,0.0
1783934644.9,712,32624,77,12.0,37.0,0.0
1783934645.5,712,32624,77,11.0,37.0,0.0
1783934646.1,712,32624,77,12.0,37.0,0.0
1783934646.7,712,32624,77,12.0,37.0,0.0
1783934647.3,712,32624,77,10.0,37.0,0.0
1783934647.9,712,32624,77,12.0,37.0,0.0
1783934648.5,712,32624,77,11.0,37.0,0.0
1783934649.1,712,32624,77,11.0,37.0,0.0
1783934649.7,712,32624,77,11.0,37.0,0.0
1783934650.3,712,32624,77,12.0,37.0,0.0
1783934650.9,712,32624,77,12.0,37.0,0.0
1783934651.5,712,32624,77,11.0,37.0,0.0
1783934652.1,712,32624,77,11.0,37.0,0.0
1783934652.6,712,32624,77,11.0,37.0,0.0
1783934653.2,712,32624,77,11.0,37.0,0.0
1783934653.8,718,32624,81,11.0,37.0,0.0
1783934654.4,718,32624,81,11.0,37.0,0.0
1783934655.0,718,32624,79,11.0,37.0,0.0
1783934655.6,703,32624,79,22.0,37.0,0.0
1783934656.2,703,32624,79,10.0,37.0,0.0
1783934656.8,703,32624,79,11.0,36.0,0.0
1783934657.4,703,32624,79,10.0,37.0,0.0
1783934658.0,703,32624,79,10.0,37.0,0.0
1783934658.6,729,32624,103,25.0,37.0,32.0
1783934659.2,733,32624,81,22.0,37.0,0.0
1783934659.8,733,32624,77,24.0,37.0,313.0
1783934660.4,733,32624,77,22.0,37.0,0.0
1783934661.0,735,32624,79,12.0,37.0,0.0
1783934661.6,733,32624,79,28.0,37.0,95.0
1783934662.2,739,32624,77,12.0,37.0,0.0
1783934662.8,739,32624,77,13.0,37.0,0.0
1783934663.4,739,32624,75,10.0,37.0,0.0
1783934664.0,739,32624,75,9.0,37.0,0.0
1783934664.6,739,32624,75,11.0,37.0,0.0
1783934665.2,739,32624,75,10.0,37.0,0.0
1783934665.8,739,32624,75,9.0,37.0,0.0
1783934666.4,739,32624,75,10.0,37.0,0.0
1783934667.0,739,32624,75,9.0,37.0,0.0
1783934667.6,739,32624,75,10.0,37.0,0.0
1783934668.2,739,32624,75,10.0,37.0,0.0
1783934668.8,739,32624,75,10.0,37.0,0.0
1783934669.3,739,32624,75,10.0,37.0,0.0
1783934669.9,739,32624,75,11.0,37.0,0.0
1783934670.5,739,32624,75,9.0,37.0,0.0
1783934671.1,739,32624,75,9.0,37.0,0.0
1783934671.7,739,32624,75,10.0,37.0,0.0
1783934672.3,739,32624,75,9.0,37.0,0.0
1783934672.9,739,32624,75,9.0,37.0,0.0
1783934673.5,739,32624,75,9.0,37.0,0.0
1783934674.1,739,32624,75,10.0,37.0,0.0
1783934674.7,739,32624,75,11.0,37.0,0.0
1783934675.3,739,32624,75,9.0,37.0,0.0
1783934675.9,739,32624,75,9.0,37.0,0.0
1783934676.5,739,32624,75,9.0,37.0,0.0
1783934677.1,739,32624,75,9.0,37.0,0.0
1783934677.7,739,32624,75,11.0,36.0,0.0
1783934678.3,739,32624,75,11.0,37.0,0.0
1783934678.9,739,32624,75,10.0,37.0,0.0
1783934679.5,739,32624,75,9.0,37.0,0.0
1783934680.0,739,32624,75,10.0,36.0,0.0
1783934680.6,739,32624,75,10.0,37.0,0.0
1783934681.2,739,32624,75,10.0,37.0,0.0
1783934681.8,739,32624,75,10.0,36.0,0.0
1783934682.4,739,32624,75,9.0,36.0,0.0
1783934683.0,739,32624,75,10.0,36.0,0.0
1783934683.6,739,32624,75,10.0,36.0,0.0
1783934684.2,739,32624,75,10.0,36.0,0.0
1783934684.8,739,32624,75,10.0,36.0,0.0
1783934685.4,739,32624,75,9.0,36.0,0.0
1783934686.0,739,32624,75,10.0,36.0,0.0
1783934686.6,739,32624,75,10.0,36.0,0.0
1783934687.1,739,32624,75,10.0,36.0,0.0
1783934687.7,739,32624,75,10.0,36.0,0.0
1783934688.3,739,32624,75,10.0,36.0,0.0
1783934688.9,739,32624,75,11.0,36.0,0.0
1783934689.5,739,32624,75,10.0,36.0,0.0
1783934690.1,739,32624,75,10.0,36.0,0.0
1783934690.7,739,32624,75,9.0,36.0,0.0
1783934691.3,739,32624,75,10.0,36.0,0.0
1783934691.9,739,32624,75,10.0,36.0,0.0
1783934692.5,739,32624,75,10.0,36.0,0.0
1783934693.1,739,32624,75,10.0,36.0,0.0
1783934693.7,739,32624,75,10.0,36.0,0.0
1783934694.3,739,32624,75,9.0,36.0,0.0
1783934694.9,739,32624,75,9.0,36.0,0.0
1783934695.4,731,32624,75,10.0,36.0,0.0
1783934696.0,731,32624,75,9.0,36.0,0.0
1783934696.6,731,32624,75,10.0,36.0,0.0
1783934697.2,731,32624,75,11.0,36.0,0.0
1783934697.8,731,32624,75,10.0,36.0,0.0
1783934698.4,731,32624,75,10.0,36.0,0.0
1783934699.0,731,32624,75,9.0,36.0,0.0
1783934699.6,731,32624,75,10.0,36.0,0.0
1783934700.2,731,32624,75,11.0,36.0,0.0
1783934700.8,731,32624,75,11.0,36.0,0.0
1783934701.4,731,32624,75,9.0,36.0,0.0
1783934701.9,731,32624,75,11.0,36.0,0.0
1783934702.5,731,32624,75,10.0,36.0,0.0
1783934703.1,731,32624,75,10.0,36.0,0.0
1783934703.7,731,32624,75,9.0,36.0,0.0
1783934704.3,731,32624,75,9.0,36.0,0.0
1783934704.9,731,32624,75,10.0,36.0,0.0
1783934705.5,731,32624,75,10.0,36.0,0.0
1783934706.1,731,32624,75,10.0,36.0,0.0
1783934706.7,731,32624,75,10.0,36.0,0.0
1783934707.3,731,32624,75,10.0,36.0,0.0
1783934707.9,731,32624,75,10.0,36.0,0.0
1783934708.5,731,32624,75,8.0,36.0,0.0
1783934709.1,731,32624,75,11.0,36.0,0.0
1783934709.7,731,32624,75,10.0,36.0,0.0
1783934710.2,731,32624,75,9.0,36.0,0.0
1783934710.8,731,32624,75,10.0,36.0,0.0
1783934711.4,731,32624,75,9.0,36.0,0.0
1783934712.0,731,32624,75,10.0,36.0,0.0
1783934712.6,731,32624,75,10.0,36.0,0.0
1783934713.2,731,32624,75,9.0,36.0,0.0
1783934713.8,731,32624,75,10.0,36.0,0.0
1783934714.4,731,32624,75,10.0,36.0,0.0
1783934715.0,731,32624,75,9.0,36.0,0.0
1783934715.6,731,32624,75,10.0,36.0,0.0
1783934716.2,731,32624,75,10.0,35.0,0.0
1783934716.7,731,32624,75,9.0,36.0,0.0
1783934717.3,731,32624,75,10.0,36.0,0.0
1783934717.9,731,32624,75,10.0,36.0,0.0
1783934718.5,731,32624,75,9.0,36.0,0.0
1783934719.1,731,32624,75,9.0,36.0,0.0
1783934719.7,731,32624,75,9.0,36.0,0.0
1783934720.3,731,32624,75,10.0,36.0,0.0
1783934720.9,731,32624,75,10.0,36.0,0.0
1783934721.5,731,32624,75,10.0,36.0,0.0
1783934722.1,731,32624,75,9.0,36.0,0.0
1783934722.7,731,32624,75,10.0,36.0,0.0
1783934723.2,731,32624,75,10.0,35.0,0.0
1783934723.8,731,32624,75,10.0,35.0,0.0
1783934724.4,731,32624,75,10.0,35.0,0.0
1783934725.0,731,32624,75,10.0,35.0,0.0
1783934725.6,731,32624,75,10.0,36.0,0.0
1783934726.2,731,32624,75,11.0,36.0,0.0
1783934726.8,731,32624,75,9.0,35.0,0.0
1783934727.4,731,32624,75,9.0,35.0,0.0
1783934728.0,731,32624,75,9.0,35.0,0.0
1783934728.6,731,32624,75,10.0,36.0,0.0
1783934729.2,731,32624,75,10.0,35.0,0.0
1783934729.8,731,32624,75,10.0,36.0,0.0
1783934730.3,731,32624,75,9.0,35.0,0.0
1783934730.9,731,32624,75,10.0,35.0,0.0
1783934731.5,731,32624,75,10.0,35.0,0.0
1783934732.1,731,32624,75,10.0,36.0,0.0
1783934732.7,731,32624,75,10.0,35.0,0.0
1783934733.3,731,32624,75,10.0,35.0,0.0
1783934733.9,731,32624,75,9.0,35.0,0.0
1783934734.5,731,32624,75,10.0,35.0,0.0
1783934735.1,731,32624,75,10.0,35.0,0.0
1783934735.7,731,32624,75,10.0,35.0,0.0
1783934736.3,731,32624,75,9.0,35.0,0.0
1783934736.9,731,32624,75,9.0,35.0,0.0
1783934737.5,731,32624,75,10.0,35.0,0.0
1783934738.1,731,32624,75,10.0,35.0,0.0
1783934738.7,731,32624,75,10.0,35.0,0.0
1783934739.3,731,32624,75,9.0,35.0,0.0
1783934739.8,731,32624,75,10.0,35.0,0.0
1783934740.4,731,32624,75,9.0,35.0,0.0
1783934741.0,731,32624,75,10.0,35.0,0.0
1783934741.6,731,32624,75,10.0,35.0,0.0
1783934742.2,731,32624,75,10.0,35.0,0.0
1783934742.8,731,32624,75,10.0,35.0,0.0
1783934743.4,731,32624,75,9.0,35.0,0.0
1783934744.0,731,32624,75,9.0,35.0,0.0
1783934744.6,731,32624,75,10.0,35.0,0.0
1783934745.2,731,32624,75,10.0,35.0,0.0
1783934745.8,731,32624,75,10.0,35.0,0.0
1783934746.4,731,32624,75,9.0,35.0,0.0
1783934747.0,731,32624,75,9.0,35.0,0.0
1783934747.5,731,32624,75,10.0,35.0,0.0
1783934748.1,731,32624,75,10.0,35.0,0.0
1783934748.7,731,32624,75,10.0,35.0,0.0
1783934749.3,731,32624,75,10.0,35.0,0.0
1783934749.9,731,32624,75,10.0,35.0,0.0
1783934750.5,731,32624,75,9.0,35.0,0.0
1783934751.1,731,32624,75,10.0,35.0,0.0
1783934751.7,731,32624,75,9.0,35.0,0.0
1783934752.3,731,32624,75,9.0,35.0,0.0
1783934752.9,731,32624,75,10.0,35.0,0.0
1783934753.5,731,32624,75,9.0,35.0,0.0
1783934754.1,731,32624,75,9.0,35.0,0.0
1783934754.7,731,32624,75,10.0,35.0,0.0
1783934755.2,731,32624,75,9.0,35.0,0.0
1783934755.8,731,32624,75,9.0,35.0,0.0
1783934756.4,731,32624,75,10.0,35.0,0.0
1783934757.0,731,32624,75,9.0,35.0,0.0
1783934757.6,731,32624,75,11.0,35.0,0.0
1783934758.2,731,32624,75,11.0,35.0,0.0
1783934758.8,731,32624,75,9.0,35.0,0.0
1783934759.4,731,32624,75,10.0,35.0,0.0
1783934760.0,731,32624,75,9.0,35.0,0.0
1783934760.6,731,32624,75,11.0,35.0,0.0
1783934761.2,731,32624,75,10.0,35.0,0.0
1783934761.8,731,32624,75,9.0,35.0,0.0
1783934762.4,731,32624,75,9.0,35.0,0.0
1783934763.0,731,32624,75,9.0,35.0,0.0
1783934763.6,731,32624,75,9.0,35.0,0.0
1783934764.2,731,32624,75,10.0,35.0,0.0
1783934764.8,731,32624,75,10.0,35.0,0.0
1783934765.3,731,32624,75,10.0,35.0,0.0
1783934765.9,731,32624,75,11.0,35.0,0.0
1783934766.5,731,32624,75,10.0,35.0,0.0
1783934767.1,731,32624,75,8.0,35.0,0.0
1783934767.7,731,32624,75,10.0,35.0,0.0
1783934768.3,731,32624,75,10.0,35.0,0.0
1783934768.9,731,32624,75,10.0,35.0,0.0
1783934769.5,731,32624,75,10.0,35.0,0.0
1783934770.1,731,32624,75,9.0,35.0,0.0
1783934770.7,731,32624,75,10.0,35.0,0.0
1783934771.3,731,32624,75,10.0,35.0,0.0
1783934771.9,731,32624,75,10.0,35.0,0.0
1783934772.5,731,32624,75,10.0,35.0,0.0
1783934773.1,731,32624,75,10.0,35.0,0.0
1783934773.7,731,32624,75,9.0,35.0,0.0
1783934774.3,731,32624,75,10.0,35.0,0.0
1783934774.9,731,32624,75,10.0,35.0,0.0
1783934775.5,731,32624,75,9.0,35.0,0.0
1783934776.1,731,32624,75,10.0,35.0,0.0
1783934776.6,731,32624,75,9.0,35.0,0.0
1783934777.2,731,32624,75,10.0,35.0,0.0
1783934777.8,731,32624,75,9.0,35.0,0.0
1783934778.4,731,32624,75,10.0,35.0,0.0
1783934779.0,742,32624,105,17.0,35.0,115.0
1783934779.6,742,32624,79,26.0,35.0,14.0
1783934780.2,782,32624,109,10.0,35.0,0.0
1783934780.8,809,32624,111,16.0,35.0,1706.0
1783934781.4,809,32624,111,11.0,35.0,0.0
1783934782.0,788,32624,81,22.0,35.0,0.0
1783934782.6,788,32624,81,9.0,35.0,0.0
1783934783.2,788,32624,81,9.0,35.0,0.0
1783934783.8,788,32624,81,9.0,35.0,0.0
1783934784.4,783,32624,81,10.0,35.0,0.0
1783934785.0,783,32624,81,9.0,35.0,0.0
1783934785.6,783,32624,81,10.0,35.0,0.0
1783934786.2,763,32624,81,9.0,35.0,0.0
1783934786.8,763,32624,81,9.0,35.0,0.0
1783934787.4,763,32624,81,10.0,35.0,0.0
1783934788.0,763,32624,81,9.0,35.0,0.0
1783934788.6,763,32624,81,10.0,35.0,0.0
1783934789.2,763,32624,81,10.0,34.0,0.0
1783934789.7,763,32624,81,11.0,35.0,0.0
1783934790.3,763,32624,81,11.0,35.0,0.0
1783934790.9,763,32624,81,10.0,35.0,0.0
1783934791.5,763,32624,81,10.0,34.0,0.0
1783934792.1,763,32624,81,10.0,34.0,0.0
1783934792.7,763,32624,81,9.0,35.0,0.0
1783934793.3,763,32624,81,11.0,34.0,0.0
1783934793.9,763,32624,81,10.0,34.0,0.0
1783934794.5,763,32624,81,10.0,34.0,0.0
1783934795.1,763,32624,81,9.0,35.0,0.0
1783934795.7,763,32624,81,9.0,34.0,0.0
1783934796.3,763,32624,81,10.0,34.0,0.0
1783934796.9,763,32624,81,10.0,34.0,0.0
1783934797.5,763,32624,81,10.0,34.0,0.0
1783934798.1,763,32624,81,10.0,34.0,0.0
1783934798.7,763,32624,81,9.0,35.0,0.0
1783934799.2,763,32624,81,9.0,34.0,0.0
1783934799.8,763,32624,81,9.0,34.0,0.0
1783934800.4,763,32624,81,10.0,34.0,0.0
1783934801.0,763,32624,81,10.0,34.0,0.0
1783934801.6,763,32624,81,10.0,34.0,0.0
1783934802.2,763,32624,81,11.0,34.0,0.0
1783934802.8,763,32624,81,10.0,34.0,0.0
1783934803.4,763,32624,81,10.0,34.0,0.0
1783934804.0,763,32624,81,9.0,34.0,0.0
1783934804.6,763,32624,81,10.0,34.0,0.0
1783934805.2,763,32624,81,9.0,34.0,0.0
1783934805.8,763,32624,81,9.0,34.0,0.0
1783934806.4,763,32624,81,10.0,34.0,0.0
1783934807.0,763,32624,81,10.0,34.0,0.0
1783934807.6,763,32624,81,10.0,34.0,0.0
1783934808.1,763,32624,81,9.0,34.0,0.0
1783934808.7,754,32624,81,10.0,35.0,0.0
1783934809.3,754,32624,81,9.0,34.0,0.0
1783934809.9,754,32624,81,10.0,34.0,0.0
1783934810.5,754,32624,81,9.0,35.0,0.0
1783934811.1,754,32624,81,10.0,34.0,0.0
1783934811.7,754,32624,81,10.0,34.0,0.0
1783934812.3,754,32624,81,9.0,34.0,0.0
1783934812.9,754,32624,81,10.0,34.0,0.0
1783934813.5,754,32624,81,9.0,34.0,0.0
1783934814.1,754,32624,81,10.0,34.0,0.0
1783934814.7,754,32624,81,9.0,34.0,0.0
1783934815.3,754,32624,81,9.0,34.0,0.0
1783934815.9,754,32624,81,9.0,35.0,0.0
1783934816.5,754,32624,81,10.0,34.0,0.0
1783934817.1,754,32624,81,9.0,34.0,0.0
1783934817.7,754,32624,81,10.0,34.0,0.0
1783934818.3,754,32624,81,9.0,34.0,0.0
1783934818.8,754,32624,81,9.0,34.0,0.0
1783934819.4,754,32624,81,9.0,34.0,0.0
1783934820.0,754,32624,81,14.0,34.0,17.0
1783934820.6,754,32624,81,11.0,34.0,0.0
1783934821.2,754,32624,81,10.0,34.0,0.0
1783934821.8,754,32624,81,10.0,34.0,0.0
1783934822.4,754,32624,81,9.0,34.0,0.0
1783934823.0,754,32624,81,10.0,34.0,0.0
1783934823.6,754,32624,81,9.0,34.0,0.0
1783934824.2,754,32624,81,10.0,34.0,0.0
1783934824.8,754,32624,81,9.0,34.0,0.0
1783934825.4,754,32624,81,10.0,34.0,0.0
1783934826.0,754,32624,81,10.0,34.0,0.0
1783934826.6,754,32624,81,10.0,34.0,0.0
1783934827.2,754,32624,81,10.0,34.0,0.0
1783934827.8,754,32624,81,10.0,34.0,0.0
1783934828.3,754,32624,81,10.0,34.0,0.0
1783934828.9,754,32624,81,10.0,34.0,0.0
1783934829.5,754,32624,81,10.0,34.0,0.0
1783934830.1,754,32624,81,10.0,34.0,0.0
1783934830.7,754,32624,81,10.0,34.0,0.0
1783934831.3,754,32624,81,10.0,34.0,0.0
1783934831.9,754,32624,81,10.0,34.0,0.0
1783934832.5,754,32624,81,10.0,34.0,0.0
1783934833.1,754,32624,81,10.0,34.0,0.0
1783934833.7,753,32624,87,11.0,34.0,0.0
1783934834.3,753,32624,87,11.0,34.0,0.0
1783934834.9,753,32624,87,10.0,34.0,0.0
1783934835.5,753,32624,87,9.0,34.0,0.0
1783934836.1,753,32624,87,10.0,34.0,0.0
1783934836.7,753,32624,87,9.0,34.0,0.0
1783934837.2,753,32624,87,9.0,34.0,0.0
1783934837.8,753,32624,87,11.0,34.0,0.0
1783934838.4,753,32624,87,9.0,34.0,0.0
1783934839.0,743,32624,77,10.0,34.0,0.0
1783934839.6,743,32624,77,10.0,34.0,0.0
1783934840.2,743,32624,77,9.0,34.0,0.0
1783934840.8,743,32624,77,10.0,34.0,0.0
1783934841.4,743,32624,77,10.0,34.0,0.0
1783934842.0,743,32624,77,11.0,34.0,0.0
1783934842.6,743,32624,77,10.0,34.0,0.0
1783934843.2,743,32624,77,12.0,34.0,0.0
1783934843.8,743,32624,77,10.0,34.0,0.0
1783934844.4,743,32624,77,10.0,34.0,0.0
1783934845.0,743,32624,77,10.0,34.0,0.0
1783934845.6,743,32624,77,9.0,34.0,0.0
1783934846.2,743,32624,77,9.0,34.0,0.0
1783934846.8,743,32624,77,11.0,34.0,0.0
1783934847.3,743,32624,77,10.0,34.0,0.0
1783934847.9,743,32624,77,12.0,34.0,0.0
1783934848.5,743,32624,77,10.0,34.0,0.0
1783934849.1,743,32624,77,10.0,34.0,0.0
1783934849.7,743,32624,77,9.0,34.0,0.0
1783934850.3,743,32624,77,10.0,34.0,0.0
1783934850.9,743,32624,77,10.0,34.0,0.0
1783934851.5,743,32624,77,10.0,34.0,0.0
1783934852.1,743,32624,77,10.0,34.0,0.0
1783934852.7,743,32624,77,10.0,34.0,0.0
1783934853.3,743,32624,77,11.0,34.0,0.0
1783934853.9,743,32624,77,10.0,34.0,0.0
1783934854.5,743,32624,77,10.0,34.0,0.0
1783934855.1,743,32624,77,10.0,34.0,0.0
1783934855.7,743,32624,77,9.0,34.0,0.0
1783934856.3,743,32624,77,10.0,34.0,0.0
1783934856.9,743,32624,77,11.0,34.0,0.0
1783934857.5,743,32624,77,11.0,34.0,0.0
1783934858.1,743,32624,77,13.0,34.0,0.0
1783934858.7,743,32624,77,13.0,34.0,0.0
1783934859.3,743,32624,77,11.0,34.0,0.0
1783934859.9,743,32624,77,10.0,34.0,0.0
1783934860.5,743,32624,77,10.0,34.0,0.0
1783934861.1,743,32624,77,11.0,34.0,0.0
1783934861.7,743,32624,77,10.0,34.0,0.0
1783934862.3,743,32624,77,10.0,34.0,0.0
1783934862.9,743,32624,77,9.0,34.0,0.0
1783934863.5,743,32624,77,10.0,34.0,0.0
1783934864.1,743,32624,77,9.0,34.0,0.0
1783934864.7,743,32624,77,9.0,34.0,0.0
1783934865.2,743,32624,77,10.0,34.0,0.0
1783934865.8,743,32624,77,9.0,34.0,0.0
1783934866.4,743,32624,77,11.0,34.0,0.0
1783934867.0,743,32624,77,9.0,34.0,0.0
1783934867.6,743,32624,77,10.0,34.0,0.0
1783934868.2,743,32624,77,10.0,34.0,0.0
1783934868.8,743,32624,77,9.0,34.0,0.0
1783934869.4,743,32624,77,9.0,34.0,0.0
1783934870.0,743,32624,77,9.0,34.0,0.0
1783934870.6,743,32624,77,10.0,34.0,0.0
1783934871.2,743,32624,77,9.0,34.0,0.0
1783934871.8,743,32624,77,9.0,34.0,0.0
1783934872.4,743,32624,77,10.0,34.0,0.0
1783934873.0,743,32624,77,10.0,34.0,0.0
1783934873.5,743,32624,77,11.0,34.0,0.0
1783934874.1,743,32624,77,10.0,34.0,0.0
1783934874.7,743,32624,77,10.0,34.0,0.0
1783934875.3,743,32624,77,11.0,34.0,0.0
1783934875.9,743,32624,77,10.0,34.0,0.0
1783934876.5,743,32624,77,10.0,34.0,0.0
1783934877.1,743,32624,77,10.0,34.0,0.0
1783934877.7,743,32624,77,11.0,34.0,0.0
1783934878.3,743,32624,77,11.0,34.0,0.0
1783934878.9,743,32624,77,9.0,34.0,0.0
1783934879.5,743,32624,77,10.0,34.0,0.0
1783934880.1,743,32624,77,11.0,34.0,0.0
1783934880.6,743,32624,77,11.0,33.0,0.0
1783934881.2,743,32624,77,10.0,34.0,0.0
1783934881.8,743,32624,77,10.0,33.0,0.0
1783934882.4,743,32624,77,9.0,34.0,0.0
1783934883.0,743,32624,77,10.0,34.0,0.0
1783934883.6,743,32624,77,11.0,34.0,0.0
1783934884.2,743,32624,77,10.0,34.0,0.0
1783934884.8,743,32624,77,10.0,34.0,0.0
1783934885.4,743,32624,77,12.0,34.0,0.0
1783934886.0,743,32624,77,11.0,34.0,0.0
1783934886.6,743,32624,77,10.0,34.0,0.0
1783934887.2,743,32624,77,10.0,34.0,0.0
1783934887.8,743,32624,77,9.0,34.0,0.0
1783934888.4,743,32624,77,10.0,33.0,0.0
1783934889.0,743,32624,77,10.0,34.0,0.0
1783934889.5,743,32624,77,10.0,34.0,0.0
1783934890.1,743,32624,77,10.0,34.0,0.0
1783934890.7,743,32624,77,10.0,34.0,0.0
1783934891.3,743,32624,81,11.0,34.0,0.0
1783934891.9,743,32624,81,11.0,34.0,0.0
1783934892.5,743,32624,81,10.0,33.0,0.0
1783934893.1,743,32624,81,10.0,34.0,0.0
1783934893.7,745,32624,83,11.0,33.0,0.0
1783934894.3,745,32624,83,11.0,34.0,0.0
1783934894.9,745,32624,83,10.0,34.0,0.0
1783934895.5,741,32624,79,10.0,34.0,0.0
1783934896.1,741,32624,79,10.0,34.0,0.0
1783934896.7,741,32624,79,9.0,34.0,0.0
1783934897.3,741,32624,79,8.0,33.0,0.0
1783934897.8,741,32624,79,10.0,34.0,0.0
1783934898.4,741,32624,79,10.0,33.0,0.0
1783934899.0,741,32624,79,10.0,33.0,0.0
1783934899.6,741,32624,79,10.0,33.0,0.0
1783934900.2,741,32624,79,10.0,34.0,0.0
1783934900.8,741,32624,79,11.0,33.0,0.0
1783934901.4,741,32624,79,10.0,33.0,0.0
1783934902.0,741,32624,79,10.0,34.0,0.0
1783934902.6,741,32624,79,10.0,34.0,0.0
1783934903.2,741,32624,79,10.0,33.0,0.0
1783934903.8,741,32624,79,10.0,34.0,0.0
1783934904.4,741,32624,79,9.0,33.0,0.0
1783934905.0,741,32624,79,10.0,33.0,0.0
1783934905.6,741,32624,79,10.0,33.0,0.0
1783934906.2,741,32624,79,10.0,34.0,0.0
1783934906.7,741,32624,79,8.0,34.0,0.0
1783934907.3,741,32624,79,10.0,33.0,0.0
1783934907.9,741,32624,79,9.0,34.0,0.0
1783934908.5,741,32624,79,10.0,33.0,0.0
1783934909.1,741,32624,79,10.0,33.0,0.0
1783934909.7,741,32624,79,11.0,33.0,0.0
1783934910.3,741,32624,79,9.0,33.0,0.0
1783934910.9,741,32624,79,9.0,33.0,0.0
1783934911.5,741,32624,79,10.0,33.0,0.0
1783934912.1,741,32624,79,10.0,33.0,0.0
1783934912.7,741,32624,79,9.0,33.0,0.0
1783934913.3,741,32624,79,10.0,33.0,0.0
1783934913.9,741,32624,79,9.0,33.0,0.0
1783934914.5,741,32624,79,10.0,33.0,0.0
1783934915.1,741,32624,79,10.0,33.0,0.0
1783934915.7,741,32624,79,10.0,33.0,0.0
1783934916.2,741,32624,79,11.0,33.0,0.0
1783934916.8,741,32624,79,10.0,33.0,0.0
1783934917.4,741,32624,79,9.0,33.0,0.0
1783934918.0,741,32624,79,9.0,33.0,0.0
1783934918.6,741,32624,79,9.0,33.0,0.0
1783934919.2,741,32624,79,10.0,33.0,0.0
1783934919.8,741,32624,79,9.0,33.0,0.0
1783934920.4,741,32624,79,10.0,33.0,0.0
1783934921.0,741,32624,79,9.0,33.0,0.0
1783934921.6,741,32624,79,10.0,33.0,0.0
1783934922.2,741,32624,79,10.0,34.0,0.0
1783934922.8,741,32624,79,10.0,34.0,0.0
1783934923.4,741,32624,79,10.0,33.0,0.0
1783934924.0,741,32624,79,10.0,33.0,0.0
1783934924.6,741,32624,79,9.0,33.0,0.0
1783934925.2,741,32624,79,10.0,33.0,0.0
1783934925.8,741,32624,79,9.0,33.0,0.0
1783934926.4,741,32624,79,9.0,33.0,0.0
1783934927.0,741,32624,79,9.0,33.0,0.0
1783934927.5,741,32624,79,10.0,33.0,0.0
1783934928.1,741,32624,79,10.0,33.0,0.0
1783934928.7,741,32624,79,10.0,33.0,0.0
1783934929.3,741,32624,79,10.0,33.0,0.0
1783934929.9,741,32624,79,9.0,33.0,0.0
1783934930.5,741,32624,79,9.0,33.0,0.0
1783934931.1,741,32624,79,9.0,33.0,0.0
1783934931.7,741,32624,79,10.0,33.0,0.0
1783934932.3,741,32624,79,10.0,33.0,0.0
1783934932.9,741,32624,79,9.0,33.0,0.0
1783934933.5,741,32624,79,10.0,33.0,0.0
1783934934.1,741,32624,79,9.0,33.0,0.0
1783934934.7,741,32624,79,9.0,33.0,0.0
1783934935.3,741,32624,79,9.0,33.0,0.0
1783934935.9,741,32624,79,10.0,33.0,0.0
1783934936.5,741,32624,79,9.0,33.0,0.0
1783934937.1,741,32624,79,9.0,33.0,0.0
1783934937.7,741,32624,79,10.0,33.0,0.0
1783934938.3,741,32624,79,9.0,33.0,0.0
1783934938.9,741,32624,79,9.0,33.0,0.0
1783934939.4,741,32624,79,9.0,33.0,0.0
1783934940.0,741,32624,79,13.0,33.0,241.0
1783934940.6,741,32624,79,11.0,33.0,0.0
1783934941.2,741,32624,79,10.0,33.0,0.0
1783934941.8,741,32624,79,11.0,33.0,0.0
1783934942.4,741,32624,79,10.0,33.0,0.0
1783934943.0,741,32624,79,9.0,33.0,0.0
1783934943.6,741,32624,79,9.0,33.0,0.0
1783934944.2,741,32624,79,9.0,33.0,0.0
1783934944.8,741,32624,79,10.0,33.0,0.0
1783934945.4,741,32624,79,8.0,33.0,0.0
1783934946.0,741,32624,79,10.0,33.0,0.0
1783934946.6,741,32624,79,10.0,33.0,0.0
1783934947.2,741,32624,79,10.0,33.0,0.0
1783934947.8,741,32624,79,9.0,33.0,0.0
1783934948.4,741,32624,79,10.0,33.0,0.0
1783934949.0,741,32624,79,10.0,33.0,0.0
1783934949.5,741,32624,79,9.0,33.0,0.0
1783934950.1,741,32624,79,10.0,33.0,0.0
1783934950.7,741,32624,79,10.0,33.0,0.0
1783934951.3,741,32624,79,10.0,33.0,0.0
1783934951.9,741,32624,79,9.0,33.0,0.0
1783934952.5,741,32624,79,10.0,33.0,0.0
1783934953.1,741,32624,79,10.0,33.0,0.0
1783934953.7,741,32624,79,9.0,33.0,0.0
1783934954.3,741,32624,79,9.0,33.0,0.0
1783934954.9,741,32624,79,9.0,33.0,0.0
1783934955.5,741,32624,79,9.0,33.0,0.0
1783934956.1,741,32624,79,10.0,33.0,0.0
1783934956.7,741,32624,79,10.0,33.0,0.0
1783934957.3,741,32624,79,10.0,33.0,0.0
1783934957.9,741,32624,79,10.0,33.0,0.0
1783934958.5,741,32624,79,10.0,33.0,0.0
1783934959.1,741,32624,79,9.0,33.0,0.0
1783934959.7,741,32624,79,9.0,33.0,0.0
1783934960.2,741,32624,79,10.0,33.0,0.0
1783934960.8,741,32624,79,10.0,33.0,0.0
1783934961.4,741,32624,79,9.0,33.0,0.0
1783934962.0,741,32624,79,9.0,33.0,0.0
1783934962.6,741,32624,79,9.0,33.0,0.0
1783934963.2,741,32624,79,9.0,33.0,0.0
1783934963.8,741,32624,79,9.0,33.0,0.0
1783934964.4,741,32624,79,10.0,33.0,0.0
1783934965.0,741,32624,79,9.0,33.0,0.0
1783934965.6,741,32624,79,9.0,33.0,0.0
1783934966.2,741,32624,79,10.0,33.0,0.0
1783934966.8,741,32624,79,10.0,33.0,0.0
1783934967.4,741,32624,79,10.0,33.0,0.0
1783934968.0,741,32624,79,9.0,33.0,0.0
1783934968.6,741,32624,79,9.0,33.0,0.0
1783934969.2,741,32624,79,10.0,33.0,0.0
1783934969.8,741,32624,79,10.0,33.0,0.0
1783934970.4,741,32624,79,10.0,33.0,0.0
1783934971.0,741,32624,79,10.0,33.0,0.0
1783934971.6,741,32624,79,10.0,33.0,0.0
1783934972.1,741,32624,79,10.0,33.0,0.0
1783934972.7,741,32624,79,10.0,33.0,0.0
1783934973.3,741,32624,79,9.0,33.0,0.0
1783934973.9,741,32624,79,10.0,33.0,0.0
1783934974.5,741,32624,79,10.0,33.0,0.0
1783934975.1,741,32624,79,10.0,33.0,0.0
1783934975.7,741,32624,79,10.0,33.0,0.0
1783934976.3,741,32624,79,10.0,33.0,0.0
1783934976.9,741,32624,79,10.0,33.0,0.0
1783934977.5,741,32624,79,10.0,33.0,0.0
1783934978.1,741,32624,79,9.0,33.0,0.0
1783934978.7,741,32624,79,9.0,33.0,0.0
1783934979.3,741,32624,79,10.0,33.0,0.0
1783934979.9,741,32624,79,10.0,33.0,0.0
1783934980.5,741,32624,79,10.0,33.0,0.0
1783934981.0,741,32624,79,9.0,33.0,0.0
1783934981.6,741,32624,79,10.0,33.0,0.0
1783934982.2,741,32624,79,10.0,33.0,0.0
1783934982.8,741,32624,79,9.0,33.0,0.0
1783934983.4,741,32624,79,9.0,33.0,0.0
1783934984.0,741,32624,79,11.0,33.0,0.0
1783934984.6,741,32624,79,9.0,33.0,0.0
1783934985.2,741,32624,79,10.0,33.0,0.0
1783934985.8,741,32624,79,9.0,33.0,0.0
1783934986.4,741,32624,79,10.0,33.0,0.0
1783934987.0,741,32624,79,10.0,33.0,0.0
1783934987.6,741,32624,79,9.0,33.0,0.0
1783934988.2,741,32624,79,11.0,33.0,0.0
1783934988.8,741,32624,79,11.0,33.0,0.0
1783934989.4,741,32624,79,10.0,33.0,0.0
1783934989.9,741,32624,79,10.0,33.0,0.0
1783934990.5,778,32624,103,25.0,33.0,98.0
1783934991.1,778,32624,79,22.0,33.0,0.0
1783934991.7,778,32624,79,10.0,33.0,0.0
1783934992.3,780,32624,79,22.0,33.0,0.0
1783934992.9,780,32624,79,11.0,33.0,0.0
1783934993.5,780,32624,79,9.0,33.0,0.0
1783934994.1,782,32624,95,11.0,33.0,0.0
1783934994.7,782,32624,95,10.0,33.0,0.0
1783934995.3,782,32624,95,9.0,33.0,0.0
1783934995.9,782,32624,95,10.0,33.0,0.0
1783934996.5,782,32624,95,10.0,33.0,0.0
1783934997.1,782,32624,95,9.0,33.0,0.0
1783934997.7,782,32624,95,10.0,33.0,0.0
1783934998.2,782,32624,95,9.0,33.0,0.0
1783934998.8,782,32624,83,10.0,33.0,0.0
1783934999.4,766,32624,83,9.0,33.0,0.0
1783935000.0,766,32624,83,14.0,33.0,23.0
1783935000.6,766,32624,83,10.0,33.0,0.0
1783935001.2,766,32624,83,9.0,33.0,0.0
1783935001.8,766,32624,83,10.0,33.0,0.0
1783935002.4,766,32624,83,9.0,33.0,0.0
1783935003.0,766,32624,83,10.0,33.0,0.0
1783935003.6,766,32624,83,9.0,33.0,0.0
1783935004.2,766,32624,83,9.0,33.0,0.0
1783935004.8,766,32624,83,10.0,32.0,0.0
1783935005.4,766,32624,83,15.0,33.0,27.0
1783935006.0,766,32624,83,11.0,33.0,0.0
1783935006.6,766,32624,83,9.0,33.0,0.0
1783935007.2,766,32624,83,10.0,33.0,0.0
1783935007.7,766,32624,83,9.0,33.0,0.0
1783935008.3,766,32624,83,10.0,33.0,0.0
1783935008.9,766,32624,83,9.0,33.0,0.0
1783935009.5,766,32624,83,11.0,33.0,0.0
1783935010.1,766,32624,83,10.0,33.0,0.0
1783935010.7,766,32624,83,10.0,33.0,0.0
1783935011.3,766,32624,83,10.0,32.0,0.0
1783935011.9,766,32624,83,10.0,33.0,0.0
1783935012.5,766,32624,83,10.0,33.0,0.0
1783935013.1,766,32624,83,10.0,33.0,0.0
1783935013.7,766,32624,83,12.0,33.0,0.0
1783935014.3,766,32624,83,11.0,33.0,0.0
1783935014.9,766,32624,83,10.0,33.0,0.0
1783935015.5,766,32624,83,10.0,33.0,0.0
1783935016.0,766,32624,83,9.0,33.0,0.0
1783935016.6,766,32624,83,9.0,32.0,0.0
1783935017.2,766,32624,83,9.0,33.0,0.0
1783935017.8,766,32624,83,9.0,33.0,0.0
1783935018.4,766,32624,83,10.0,33.0,0.0
1783935019.0,766,32624,83,10.0,33.0,0.0
1783935019.6,766,32624,83,11.0,33.0,0.0
1783935020.2,766,32624,83,8.0,33.0,0.0
1783935020.8,766,32624,83,10.0,33.0,0.0
1783935021.4,766,32624,83,12.0,33.0,0.0
1783935022.0,766,32624,83,11.0,33.0,0.0
1783935022.6,766,32624,83,9.0,33.0,0.0
1783935023.2,766,32624,83,10.0,33.0,0.0
1783935023.8,766,32624,83,10.0,33.0,0.0
1783935024.3,766,32624,83,10.0,33.0,0.0
1783935024.9,766,32624,83,9.0,33.0,0.0
1783935025.5,766,32624,83,9.0,32.0,0.0
1783935026.1,766,32624,83,9.0,33.0,0.0
1783935026.7,766,32624,83,10.0,33.0,0.0
1783935027.3,766,32624,83,10.0,33.0,0.0
1783935027.9,766,32624,83,10.0,33.0,0.0
1783935028.5,766,32624,83,10.0,33.0,0.0
1783935029.1,766,32624,83,10.0,33.0,0.0
1783935029.7,766,32624,83,9.0,33.0,0.0
1783935030.3,766,32624,83,10.0,33.0,0.0
1783935030.9,766,32624,83,10.0,33.0,0.0
1783935031.5,766,32624,83,9.0,32.0,0.0
1783935032.1,766,32624,83,9.0,33.0,0.0
1783935032.7,766,32624,83,9.0,33.0,0.0
1783935033.2,766,32624,83,9.0,33.0,0.0
1783935033.8,766,32624,83,9.0,33.0,0.0
1783935034.4,766,32624,83,9.0,32.0,0.0
1783935035.0,766,32624,83,10.0,33.0,0.0
1783935035.6,766,32624,83,9.0,32.0,0.0
1783935036.2,766,32624,83,10.0,33.0,0.0
1783935036.8,766,32624,83,10.0,33.0,0.0
1783935037.4,766,32624,83,10.0,32.0,0.0
1783935038.0,766,32624,83,10.0,33.0,0.0
1783935038.6,766,32624,83,10.0,33.0,0.0
1783935039.2,766,32624,83,9.0,33.0,0.0
1783935039.8,766,32624,83,10.0,33.0,0.0
1783935040.4,766,32624,83,9.0,33.0,0.0
1783935041.0,766,32624,83,9.0,33.0,0.0
1783935041.6,766,32624,83,9.0,33.0,0.0
1783935042.1,766,32624,83,10.0,33.0,0.0
1783935042.7,766,32624,83,9.0,33.0,0.0
1783935043.3,766,32624,83,9.0,33.0,0.0
1783935043.9,766,32624,83,10.0,33.0,0.0
1783935044.5,766,32624,83,10.0,32.0,0.0
1783935045.1,766,32624,83,9.0,33.0,0.0
1783935045.7,766,32624,83,9.0,33.0,0.0
1783935046.3,766,32624,83,10.0,33.0,0.0
1783935046.9,766,32624,83,10.0,33.0,0.0
1783935047.5,766,32624,83,10.0,33.0,0.0
1783935048.1,766,32624,83,10.0,33.0,0.0
1783935048.7,766,32624,83,10.0,33.0,0.0
1783935049.3,766,32624,83,9.0,33.0,0.0
1783935049.9,766,32624,83,10.0,33.0,0.0
1783935050.5,764,32624,83,10.0,33.0,0.0
1783935051.0,764,32624,83,10.0,33.0,0.0
1783935051.6,764,32624,83,9.0,33.0,0.0
1783935052.2,764,32624,83,10.0,33.0,0.0
1783935052.8,764,32624,83,10.0,33.0,0.0
1783935053.4,764,32624,83,10.0,33.0,0.0
1783935054.0,764,32624,83,11.0,33.0,0.0
1783935054.6,764,32624,83,9.0,33.0,0.0
1783935055.2,764,32624,83,9.0,33.0,0.0
1783935055.8,764,32624,83,9.0,33.0,0.0
1783935056.4,764,32624,83,10.0,33.0,0.0
1783935057.0,764,32624,83,9.0,33.0,0.0
1783935057.6,764,32624,83,10.0,33.0,0.0
1783935058.2,764,32624,83,10.0,33.0,0.0
1783935058.7,764,32624,83,10.0,33.0,0.0
1783935059.3,764,32624,83,9.0,33.0,0.0
1783935059.9,764,32624,83,9.0,33.0,0.0
1783935060.5,764,32624,83,11.0,33.0,0.0
1783935061.1,764,32624,83,9.0,33.0,0.0
1783935061.7,764,32624,83,11.0,33.0,0.0
1783935062.3,764,32624,83,12.0,33.0,0.0
1783935062.9,764,32624,83,10.0,32.0,0.0
1783935063.5,764,32624,83,10.0,33.0,0.0
1783935064.1,764,32624,83,9.0,33.0,0.0
1783935064.7,764,32624,83,10.0,33.0,0.0
1783935065.3,764,32624,83,10.0,33.0,0.0
1783935065.9,764,32624,83,10.0,33.0,0.0
1783935066.5,764,32624,83,9.0,33.0,0.0
1783935067.0,764,32624,83,11.0,33.0,0.0
1783935067.6,764,32624,83,10.0,33.0,0.0
1783935068.2,764,32624,83,9.0,33.0,0.0
1783935068.8,764,32624,83,10.0,33.0,0.0
1783935069.4,764,32624,83,11.0,33.0,0.0
1783935070.0,764,32624,83,10.0,33.0,0.0
1783935070.6,764,32624,83,9.0,32.0,0.0
1783935071.2,764,32624,83,9.0,32.0,0.0
1783935071.8,764,32624,83,10.0,33.0,0.0
1783935072.4,764,32624,83,9.0,32.0,0.0
1783935073.0,764,32624,83,9.0,33.0,0.0
1783935073.6,754,32624,85,10.0,33.0,0.0
1783935074.2,754,32624,85,10.0,33.0,0.0
1783935074.8,754,32624,85,9.0,33.0,0.0
1783935075.3,754,32624,85,10.0,33.0,0.0
1783935075.9,744,32624,81,10.0,33.0,0.0
1783935076.5,744,32624,81,10.0,33.0,0.0
1783935077.1,744,32624,81,9.0,33.0,0.0
1783935077.7,744,32624,81,9.0,33.0,0.0
1783935078.3,744,32624,81,9.0,32.0,0.0
1783935078.9,744,32624,81,9.0,33.0,0.0
1783935079.5,744,32624,81,10.0,33.0,0.0
1783935080.1,744,32624,81,10.0,33.0,0.0
1783935080.7,744,32624,81,9.0,32.0,0.0
1783935081.3,744,32624,81,22.0,33.0,0.0
1783935081.9,744,32624,81,11.0,33.0,0.0
1783935082.5,744,32624,81,9.0,33.0,0.0
1783935083.1,744,32624,81,10.0,33.0,0.0
1783935083.7,744,32624,81,10.0,33.0,0.0
1783935084.3,744,32624,81,10.0,32.0,0.0
1783935084.9,744,32624,81,9.0,33.0,0.0
1783935085.5,744,32624,81,11.0,33.0,0.0
1783935086.0,744,32624,81,10.0,33.0,0.0
1783935086.6,744,32624,81,10.0,33.0,0.0
1783935087.2,744,32624,81,9.0,32.0,0.0
1783935087.8,744,32624,81,9.0,32.0,0.0
1783935088.4,744,32624,81,9.0,33.0,0.0
1783935089.0,744,32624,81,9.0,33.0,0.0
1783935089.6,744,32624,81,10.0,32.0,0.0
1783935090.2,744,32624,81,9.0,32.0,0.0
1783935090.8,744,32624,81,11.0,33.0,0.0
1783935091.4,744,32624,81,9.0,33.0,0.0
1783935092.0,744,32624,81,10.0,32.0,0.0
1783935092.6,744,32624,81,10.0,32.0,0.0
1783935093.2,744,32624,81,10.0,32.0,0.0
1783935093.8,755,32624,107,26.0,33.0,166.0
1783935094.4,748,32624,99,26.0,33.0,1656.0
1783935095.0,758,32624,95,14.0,33.0,21.0
1783935095.6,758,32624,93,14.0,33.0,37.0
1783935096.2,762,32624,90,26.0,33.0,1024.0
1783935096.7,762,32624,90,11.0,33.0,0.0
1783935097.3,762,32624,90,11.0,33.0,0.0
1783935097.9,762,32624,90,11.0,33.0,0.0
1783935098.5,762,32624,90,12.0,33.0,0.0
1783935099.1,762,32624,90,11.0,33.0,0.0
1783935099.7,762,32624,90,12.0,33.0,0.0
1783935100.3,762,32624,84,10.0,33.0,0.0
1783935100.9,762,32624,84,11.0,32.0,0.0
1783935101.5,747,32624,84,11.0,33.0,0.0
1783935102.1,747,32624,84,11.0,33.0,0.0
1783935102.7,747,32624,84,10.0,33.0,0.0
1783935103.3,747,32624,84,14.0,32.0,293.0
1783935103.9,747,32624,84,15.0,33.0,6.0
1783935104.5,745,32624,88,15.0,32.0,49.0
1783935105.1,745,32624,88,17.0,33.0,201.0
1783935105.7,745,32624,88,11.0,33.0,0.0
1783935106.3,745,32624,86,10.0,33.0,0.0
1783935106.9,745,32624,81,10.0,33.0,0.0
1783935107.4,745,32624,81,9.0,33.0,0.0
1783935108.0,745,32624,88,11.0,33.0,0.0
1783935108.6,745,32624,88,11.0,33.0,0.0
1783935109.2,725,32624,84,10.0,33.0,0.0
1783935109.8,725,32624,84,11.0,32.0,0.0
1783935110.4,725,32624,84,11.0,33.0,0.0
1783935111.0,725,32624,84,10.0,32.0,0.0
1783935111.6,725,32624,84,11.0,33.0,0.0
1783935112.2,725,32624,79,11.0,33.0,0.0
1783935112.8,725,32624,79,11.0,33.0,0.0
1783935113.4,725,32624,86,11.0,33.0,0.0
1783935114.0,725,32624,86,10.0,33.0,0.0
1783935114.6,725,32624,86,11.0,32.0,0.0
1783935115.2,725,32624,86,11.0,33.0,0.0
1783935115.8,725,32624,86,11.0,33.0,0.0
1783935116.4,725,32624,86,11.0,33.0,0.0
1783935117.0,725,32624,86,11.0,32.0,0.0
1783935117.6,725,32624,86,11.0,33.0,0.0
1783935118.1,725,32624,86,11.0,33.0,0.0
1783935118.7,725,32624,86,11.0,32.0,0.0
1783935119.3,725,32624,86,12.0,33.0,0.0
1783935119.9,725,32624,86,12.0,33.0,0.0
1783935120.5,725,32624,86,10.0,32.0,0.0
1783935121.1,725,32624,86,11.0,33.0,0.0
1783935121.7,725,32624,86,20.0,33.0,196.0
1783935122.3,725,32624,86,11.0,33.0,0.0
1783935122.9,725,32624,86,12.0,33.0,0.0
1783935123.5,725,32624,86,15.0,33.0,81.0
1783935124.1,721,32624,86,11.0,33.0,0.0
1783935124.7,721,32624,86,12.0,33.0,0.0
1783935125.3,721,32624,86,11.0,33.0,0.0
1783935125.9,721,32624,86,15.0,33.0,9.0
1783935126.5,721,32624,86,10.0,33.0,0.0
1783935127.0,721,32624,86,12.0,33.0,253.0
1783935127.6,721,32624,86,11.0,33.0,0.0
1783935128.2,721,32624,86,13.0,33.0,300.0
1783935128.8,721,32624,86,12.0,33.0,0.0
1783935129.4,721,32624,86,10.0,33.0,0.0
1783935130.0,721,32624,86,12.0,33.0,0.0
1783935130.6,721,32624,86,19.0,33.0,323.0
1783935131.2,721,32624,86,14.0,33.0,5.0
1783935131.8,721,32624,86,11.0,33.0,0.0
1783935132.4,721,32624,86,11.0,33.0,0.0
1783935133.0,721,32624,86,11.0,32.0,0.0
1783935133.6,724,32624,90,24.0,33.0,220.0
1783935134.2,726,32624,86,11.0,33.0,0.0
1783935134.8,726,32624,86,16.0,33.0,93.0
1783935135.4,739,32624,92,28.0,33.0,726.0
1783935136.0,739,32624,92,15.0,33.0,10.0
1783935136.6,739,32624,92,11.0,33.0,0.0
1783935137.2,739,32624,86,17.0,32.0,68.0
1783935137.8,739,32624,86,12.0,33.0,472.0
1783935138.4,739,32624,86,10.0,33.0,0.0
1783935139.0,739,32624,90,21.0,33.0,909.0
1783935139.6,750,32624,100,12.0,33.0,128.0
1783935140.2,750,32624,98,10.0,33.0,0.0
1783935140.7,750,32624,98,10.0,33.0,0.0
1783935141.4,750,32624,82,18.0,33.0,1496.0
1783935141.9,750,32624,82,11.0,33.0,0.0
1783935142.5,750,32624,84,16.0,33.0,109.0
1783935143.1,750,32624,93,24.0,33.0,538.0
1783935143.7,750,32624,98,22.0,33.0,0.0
1783935144.3,750,32624,98,22.0,33.0,0.0
1783935144.9,750,32624,83,11.0,33.0,0.0
1783935145.5,750,32624,83,11.0,32.0,0.0
1783935146.1,750,32624,86,22.0,33.0,0.0
1783935146.7,750,32624,83,22.0,33.0,0.0
1783935147.3,750,32624,83,11.0,33.0,0.0
1783935147.9,750,32624,83,11.0,33.0,0.0
1783935148.5,750,32624,83,11.0,33.0,0.0
1783935149.1,750,32624,83,11.0,33.0,0.0
1783935149.7,741,32624,83,10.0,33.0,0.0
1783935150.3,741,32624,83,10.0,33.0,0.0
1783935150.9,741,32624,83,14.0,33.0,294.0
1783935151.5,741,32624,83,11.0,33.0,0.0
1783935152.1,741,32624,83,22.0,33.0,0.0
1783935152.7,741,32624,83,16.0,33.0,21.0
1783935153.3,741,32624,83,13.0,33.0,313.0
1783935153.9,741,32624,83,11.0,33.0,0.0
1783935154.5,741,32624,83,18.0,33.0,118.0
1783935155.1,741,32624,83,25.0,33.0,4.0
1783935155.7,741,32624,83,11.0,33.0,0.0
1783935156.3,741,32624,114,25.0,33.0,28.0
1783935156.9,741,32624,107,26.0,33.0,1475.0
1783935157.5,741,32624,103,23.0,33.0,126.0
1783935158.1,741,32624,89,11.0,33.0,0.0
1783935158.7,741,32624,92,27.0,33.0,6.0
1783935159.3,741,32624,92,22.0,33.0,0.0
1783935159.9,741,32624,92,24.0,33.0,457.0
1783935160.5,741,32624,92,11.0,33.0,0.0
1783935161.1,741,32624,83,23.0,33.0,0.0
1783935161.7,741,32624,83,11.0,33.0,0.0
1783935162.3,741,32624,83,11.0,33.0,0.0
1783935162.9,741,32624,83,11.0,33.0,0.0
1783935163.5,741,32624,83,11.0,33.0,0.0
1783935164.1,741,32624,85,22.0,33.0,0.0
1783935164.7,741,32624,85,12.0,33.0,0.0
1783935165.3,741,32624,96,25.0,33.0,136.0
1783935165.9,741,32624,83,26.0,33.0,6.0
1783935166.5,741,32624,84,22.0,34.0,0.0
1783935167.1,741,32624,98,11.0,34.0,0.0
1783935167.7,741,32624,83,26.0,33.0,42.0
1783935168.2,741,32624,83,22.0,34.0,0.0
1783935168.8,741,32624,83,22.0,33.0,0.0
1783935169.4,741,32624,83,11.0,33.0,0.0
1783935170.0,741,32624,83,23.0,33.0,0.0
1783935170.6,741,32624,83,11.0,33.0,0.0
1783935171.2,741,32624,94,29.0,33.0,1294.0
1783935171.8,741,32624,85,25.0,33.0,284.0
1783935172.4,741,32624,85,26.0,34.0,1027.0
1783935173.0,741,32624,85,22.0,34.0,0.0
1783935173.6,741,32624,83,11.0,34.0,0.0
1783935174.2,741,32624,85,26.0,33.0,35.0
1783935174.8,741,32624,85,25.0,33.0,500.0
1783935175.4,741,32624,85,22.0,34.0,0.0
1783935176.0,741,32624,85,11.0,33.0,0.0
1783935176.6,741,32624,85,11.0,33.0,0.0
1783935177.2,741,32624,85,22.0,34.0,0.0
1783935177.8,741,32624,105,26.0,34.0,69.0
1783935178.4,741,32624,112,22.0,34.0,0.0
1783935179.0,741,32624,119,22.0,34.0,0.0
1783935179.5,741,32624,108,27.0,34.0,1098.0
1783935180.1,741,32624,110,11.0,33.0,0.0
1783935180.7,741,32624,88,11.0,34.0,0.0
1783935181.3,741,32624,88,22.0,33.0,0.0
1783935181.9,741,32624,88,12.0,34.0,0.0
1783935182.5,741,32624,88,11.0,33.0,0.0
1783935183.1,741,32624,88,22.0,34.0,0.0
1783935183.7,741,32624,88,22.0,34.0,0.0
1783935184.3,741,32624,88,10.0,33.0,0.0
1783935184.9,741,32624,103,11.0,34.0,0.0
1783935185.5,741,32624,88,11.0,33.0,0.0
1783935186.1,741,32624,88,12.0,33.0,0.0
1783935186.7,741,32624,127,29.0,34.0,326.0
1783935187.3,741,32624,123,26.0,34.0,12.0
1783935187.9,741,32624,113,26.0,34.0,64.0
1783935188.5,741,32624,113,25.0,34.0,24.0
1783935189.1,741,32624,113,22.0,34.0,0.0
1783935189.6,741,32624,90,27.0,34.0,78.0
1783935190.2,741,32624,90,15.0,34.0,17.0
1783935190.8,741,32624,90,12.0,34.0,0.0
1783935191.4,741,32624,90,11.0,33.0,0.0
1783935192.0,741,32624,99,31.0,33.0,99.0
1783935192.6,741,32624,99,21.0,34.0,0.0
1783935193.2,741,32624,90,22.0,34.0,0.0
1783935193.8,751,32624,120,26.0,34.0,59.0
1783935194.4,751,32624,120,17.0,34.0,59.0
1783935195.0,751,32624,120,11.0,33.0,0.0
1783935195.6,747,32624,100,10.0,34.0,0.0
1783935196.2,747,32624,100,24.0,34.0,111.0
1783935196.8,747,32624,100,26.0,34.0,20.0
1783935197.4,747,32624,100,22.0,34.0,0.0
1783935198.0,747,32624,100,11.0,34.0,0.0
1783935198.6,739,32624,100,25.0,34.0,28.0
1783935199.2,739,32624,109,22.0,34.0,0.0
1783935199.8,739,32624,100,28.0,34.0,1296.0
1783935200.4,739,32624,100,14.0,34.0,317.0
1783935201.0,739,32624,100,11.0,34.0,0.0
1783935201.6,739,32624,100,22.0,34.0,0.0
1783935202.2,739,32624,109,29.0,34.0,500.0
1783935202.8,739,32624,109,22.0,34.0,0.0
1783935203.3,739,32624,109,11.0,34.0,0.0
1783935203.9,739,32624,100,15.0,34.0,12.0
1783935204.5,739,32624,104,23.0,34.0,0.0
1783935205.1,739,32624,104,25.0,34.0,650.0
1783935205.7,739,32624,115,22.0,34.0,0.0
1783935206.3,739,32624,115,22.0,34.0,0.0
1783935206.9,739,32624,115,29.0,34.0,0.0
1783935207.5,739,32624,102,26.0,34.0,257.0
1783935208.1,739,32624,113,26.0,34.0,38.0
1783935208.7,739,32624,115,22.0,34.0,0.0
1783935209.3,739,32624,100,30.0,34.0,60.0
1783935209.9,739,32624,115,22.0,34.0,0.0
1783935210.5,739,32624,100,10.0,34.0,0.0
1783935211.1,739,32624,102,23.0,34.0,0.0
1783935211.7,739,32624,102,22.0,34.0,0.0
1783935212.3,739,32624,100,17.0,34.0,127.0
1783935212.9,739,32624,102,23.0,34.0,0.0
1783935213.5,739,32624,102,11.0,34.0,0.0
1783935214.1,739,32624,102,11.0,34.0,0.0
1783935214.7,739,32624,102,11.0,34.0,0.0
1783935215.3,739,32624,102,10.0,34.0,0.0
1783935215.9,739,32624,102,29.0,34.0,1267.0
1783935216.5,739,32624,102,12.0,34.0,0.0
1783935217.1,739,32624,102,11.0,34.0,0.0
1783935217.7,739,32624,102,11.0,34.0,0.0
1783935218.3,739,32624,102,11.0,34.0,0.0
1783935218.9,739,32624,116,22.0,34.0,0.0
1783935219.5,739,32624,115,22.0,34.0,0.0
1783935220.1,739,32624,113,11.0,34.0,0.0
1783935220.7,739,32624,100,23.0,34.0,0.0
1783935221.2,739,32624,100,22.0,34.0,0.0
1783935221.8,739,32624,100,12.0,34.0,0.0
1783935222.4,739,32624,100,22.0,34.0,0.0
1783935223.0,739,32624,100,11.0,34.0,0.0
1783935223.6,724,32624,100,12.0,34.0,0.0
1783935224.2,724,32624,115,11.0,34.0,0.0
1783935224.8,724,32624,100,15.0,34.0,21.0
1783935225.4,724,32624,100,11.0,34.0,0.0
1783935226.0,724,32624,114,22.0,34.0,0.0
1783935226.6,724,32624,106,11.0,34.0,0.0
1783935227.2,724,32624,106,10.0,34.0,0.0
1783935227.8,724,32624,106,9.0,34.0,0.0
1783935228.4,724,32624,105,11.0,34.0,0.0
1783935229.0,724,32624,87,11.0,34.0,0.0
1783935229.6,724,32624,103,11.0,34.0,0.0
1783935230.2,724,32624,110,28.0,34.0,1120.0
1783935230.8,724,32624,104,17.0,34.0,169.0
1783935231.4,724,32624,94,22.0,34.0,0.0
1783935232.0,724,32624,92,12.0,34.0,0.0
1783935232.6,724,32624,92,17.0,34.0,17.0
1783935233.1,724,32624,92,11.0,34.0,0.0
1783935233.7,724,32624,92,11.0,34.0,0.0
1783935234.3,724,32624,92,12.0,34.0,0.0
1783935234.9,724,32624,92,11.0,34.0,0.0
1783935235.5,724,32624,99,22.0,34.0,0.0
1783935236.1,724,32624,91,11.0,34.0,0.0
1783935236.7,724,32624,91,11.0,34.0,0.0
1783935237.3,724,32624,91,11.0,34.0,0.0
1783935237.9,724,32624,91,11.0,34.0,0.0
1783935238.5,724,32624,85,11.0,34.0,0.0
1783935239.1,724,32624,85,11.0,34.0,0.0
1783935239.7,724,32624,85,11.0,34.0,0.0
1783935240.3,724,32624,85,10.0,34.0,0.0
1783935240.9,724,32624,89,11.0,34.0,0.0
1783935241.4,724,32624,89,12.0,34.0,0.0
1783935242.0,724,32624,89,12.0,34.0,0.0
1783935242.6,724,32624,89,10.0,34.0,0.0
1783935243.2,724,32624,89,10.0,34.0,0.0
1783935243.8,724,32624,89,11.0,34.0,0.0
1783935244.4,724,32624,95,11.0,34.0,0.0
1783935245.0,724,32624,95,12.0,34.0,0.0
1783935245.6,724,32624,97,11.0,34.0,0.0
1783935246.2,724,32624,95,11.0,33.0,0.0
1783935246.8,724,32624,95,11.0,34.0,0.0
1783935247.4,724,32624,95,11.0,34.0,0.0
1783935248.0,724,32624,95,10.0,34.0,0.0
1783935248.6,724,32624,95,11.0,34.0,0.0
1783935249.2,724,32624,95,12.0,34.0,0.0
1783935249.8,724,32624,95,11.0,33.0,0.0
1783935250.3,724,32624,108,22.0,34.0,0.0
1783935250.9,724,32624,95,17.0,34.0,0.0
1783935251.5,724,32624,95,11.0,34.0,0.0
1783935252.1,724,32624,89,11.0,34.0,0.0
1783935252.7,724,32624,89,12.0,34.0,0.0
1783935253.3,724,32624,89,11.0,34.0,0.0
1783935253.9,724,32624,89,11.0,34.0,0.0
1783935254.5,724,32624,89,17.0,34.0,632.0
1783935255.1,724,32624,89,11.0,34.0,0.0
1783935255.7,724,32624,89,11.0,34.0,0.0
1783935256.3,724,32624,89,11.0,34.0,0.0
1783935256.9,724,32624,89,11.0,34.0,0.0
1783935257.5,724,32624,89,11.0,33.0,0.0
1783935258.0,724,32624,89,11.0,33.0,0.0
1783935258.6,724,32624,89,12.0,34.0,0.0
1783935259.2,724,32624,89,11.0,34.0,0.0
1783935259.8,724,32624,89,12.0,34.0,0.0
1783935260.4,724,32624,97,19.0,34.0,500.0
1783935261.0,724,32624,103,11.0,34.0,0.0
1783935261.6,724,32624,103,12.0,34.0,0.0
1783935262.2,724,32624,95,14.0,33.0,34.0
1783935262.8,724,32624,95,10.0,34.0,0.0
1783935263.4,724,32624,95,11.0,34.0,0.0
1783935264.0,724,32624,95,10.0,34.0,0.0
1783935264.6,724,32624,95,11.0,34.0,0.0
1783935265.2,724,32624,97,10.0,34.0,0.0
1783935265.8,724,32624,97,10.0,34.0,0.0
1783935266.4,724,32624,89,11.0,34.0,0.0
1783935266.9,724,32624,89,12.0,34.0,0.0
1783935267.5,724,32624,89,12.0,33.0,0.0
1783935268.1,724,32624,89,18.0,33.0,1517.0
1783935268.7,724,32624,89,11.0,33.0,0.0
1783935269.3,724,32624,89,11.0,34.0,0.0
1783935269.9,724,32624,89,11.0,33.0,0.0
1783935270.5,724,32624,89,10.0,33.0,0.0
1783935271.1,724,32624,89,11.0,34.0,0.0
1783935271.7,724,32624,89,11.0,33.0,0.0
1783935272.3,724,32624,89,11.0,34.0,0.0
1783935272.9,724,32624,89,11.0,34.0,0.0
1783935273.5,724,32624,89,17.0,33.0,1390.0
1783935274.1,724,32624,89,11.0,34.0,0.0
1783935274.7,724,32624,89,11.0,33.0,0.0
1783935275.2,724,32624,89,16.0,34.0,1195.0
1783935275.8,724,32624,103,11.0,34.0,0.0
1783935276.4,724,32624,95,12.0,34.0,0.0
1783935277.0,724,32624,95,11.0,34.0,0.0
1783935277.6,724,32624,95,10.0,34.0,0.0
1783935278.2,724,32624,95,12.0,34.0,0.0
1783935278.8,724,32624,95,11.0,34.0,0.0
1783935279.4,724,32624,95,11.0,34.0,0.0
1783935280.0,724,32624,103,22.0,33.0,0.0
1783935280.6,724,32624,103,22.0,34.0,0.0
1783935281.2,724,32624,103,11.0,34.0,0.0
1783935281.8,724,32624,103,11.0,33.0,0.0
1783935282.4,724,32624,93,12.0,33.0,0.0
1783935283.0,724,32624,93,12.0,33.0,0.0
1783935283.6,724,32624,93,11.0,33.0,0.0
1783935284.2,724,32624,93,12.0,33.0,0.0
1783935284.8,724,32624,93,11.0,33.0,0.0
1783935285.3,724,32624,87,10.0,33.0,0.0
1783935285.9,724,32624,87,11.0,33.0,0.0
1783935286.5,724,32624,89,11.0,33.0,0.0
1783935287.1,724,32624,89,12.0,33.0,0.0
1783935287.7,724,32624,89,15.0,33.0,44.0
1783935288.3,724,32624,89,15.0,33.0,7.0
1783935288.9,724,32624,89,10.0,33.0,0.0
1783935289.5,724,32624,89,12.0,33.0,0.0
1783935290.1,724,32624,89,15.0,33.0,61.0
1783935290.7,724,32624,95,11.0,33.0,0.0
1783935291.3,724,32624,89,11.0,33.0,0.0
1783935291.9,724,32624,89,11.0,33.0,0.0
1783935292.5,724,32624,89,11.0,33.0,0.0
1783935293.1,724,32624,89,11.0,33.0,0.0
1783935293.7,724,32624,89,10.0,33.0,0.0
1783935294.3,724,32624,89,12.0,33.0,0.0
1783935294.9,724,32624,91,11.0,33.0,0.0
1783935295.5,724,32624,106,17.0,33.0,72.0
1783935296.0,724,32624,93,11.0,33.0,0.0
1783935296.6,724,32624,93,11.0,33.0,0.0
1783935297.2,724,32624,93,11.0,33.0,0.0
1783935297.8,724,32624,93,17.0,33.0,1337.0
1783935298.4,724,32624,93,10.0,33.0,0.0
1783935299.0,724,32624,93,11.0,33.0,0.0
1783935299.6,724,32624,93,11.0,33.0,0.0
1783935300.2,724,32624,93,11.0,33.0,0.0
1783935300.8,724,32624,93,12.0,33.0,0.0
1783935301.4,724,32624,93,10.0,33.0,0.0
1783935302.0,724,32624,93,11.0,33.0,0.0
1783935302.6,724,32624,93,11.0,33.0,0.0
1783935303.2,724,32624,89,11.0,33.0,0.0
1783935303.8,724,32624,89,13.0,33.0,6.0
1783935304.4,724,32624,89,12.0,33.0,6.0
1783935305.0,724,32624,89,12.0,33.0,0.0
1783935305.6,724,32624,103,23.0,34.0,0.0
1783935306.2,724,32624,95,12.0,33.0,0.0
1783935306.8,724,32624,95,12.0,33.0,0.0
1783935307.4,724,32624,95,12.0,33.0,0.0
1783935307.9,724,32624,95,11.0,33.0,0.0
1783935308.5,724,32624,95,11.0,33.0,0.0
1783935309.1,724,32624,95,11.0,33.0,0.0
1783935309.7,724,32624,95,11.0,33.0,0.0
1783935310.3,724,32624,109,11.0,33.0,0.0
1783935310.9,724,32624,95,11.0,33.0,0.0
1783935311.5,724,32624,95,11.0,33.0,0.0
1783935312.1,724,32624,95,12.0,33.0,0.0
1783935312.7,724,32624,95,11.0,33.0,0.0
1783935313.3,724,32624,89,10.0,33.0,0.0
1783935313.9,728,32624,91,11.0,33.0,0.0
1783935314.5,728,32624,91,11.0,33.0,0.0
1783935315.1,728,32624,91,13.0,33.0,33.0
1783935315.7,718,32624,83,11.0,33.0,0.0
1783935316.3,718,32624,83,11.0,33.0,0.0
1783935316.9,718,32624,83,11.0,33.0,0.0
1783935317.5,718,32624,83,11.0,33.0,0.0
1783935318.1,718,32624,83,11.0,33.0,0.0
1783935318.7,718,32624,83,11.0,33.0,0.0
1783935319.3,718,32624,83,11.0,33.0,0.0
1783935319.9,718,32624,83,12.0,33.0,0.0
1783935320.5,718,32624,97,11.0,33.0,0.0
1783935321.1,718,32624,97,11.0,33.0,0.0
1783935321.7,718,32624,97,12.0,33.0,0.0
1783935322.3,718,32624,97,11.0,33.0,0.0
1783935322.9,718,32624,97,12.0,33.0,0.0
1783935323.4,718,32624,97,11.0,33.0,0.0
1783935324.0,718,32624,97,10.0,33.0,0.0
1783935324.6,718,32624,97,11.0,33.0,0.0
1783935325.2,718,32624,97,10.0,33.0,0.0
1783935325.8,718,32624,97,11.0,33.0,0.0
1783935326.4,718,32624,83,10.0,33.0,0.0
1783935327.0,718,32624,83,11.0,33.0,0.0
1783935327.6,718,32624,83,11.0,33.0,0.0
1783935328.2,718,32624,83,11.0,33.0,0.0
1783935328.8,718,32624,83,11.0,33.0,0.0
1783935329.4,718,32624,83,11.0,33.0,0.0
1783935330.0,718,32624,83,11.0,33.0,0.0
1783935330.6,718,32624,83,11.0,33.0,0.0
1783935331.2,718,32624,83,12.0,33.0,0.0
1783935331.8,718,32624,83,11.0,33.0,0.0
1783935332.4,718,32624,83,11.0,33.0,0.0
1783935333.0,718,32624,83,10.0,33.0,0.0
1783935333.5,718,32624,83,12.0,33.0,0.0
1783935334.1,718,32624,83,11.0,33.0,0.0
1783935334.7,718,32624,83,11.0,33.0,0.0
1783935335.4,718,32624,95,16.0,33.0,1563.0
1783935336.0,718,32624,95,16.0,33.0,53.0
1783935336.5,718,32624,89,11.0,33.0,0.0
1783935337.1,718,32624,89,11.0,33.0,0.0
1783935337.7,718,32624,89,10.0,33.0,0.0
1783935338.3,718,32624,89,10.0,33.0,0.0
1783935338.9,718,32624,89,11.0,33.0,0.0
1783935339.5,718,32624,89,12.0,33.0,329.0
1783935340.1,718,32624,103,22.0,33.0,0.0
1783935340.7,718,32624,103,11.0,33.0,0.0
1783935341.3,718,32624,83,12.0,33.0,0.0
1783935341.9,718,32624,86,10.0,33.0,0.0
1783935342.5,718,32624,86,11.0,33.0,0.0
1783935343.1,718,32624,86,11.0,33.0,0.0
1783935343.7,718,32624,86,10.0,33.0,0.0
1783935344.3,718,32624,86,10.0,33.0,0.0
1783935344.9,718,32624,86,11.0,33.0,0.0
1783935345.5,718,32624,86,11.0,33.0,0.0
1783935346.1,718,32624,86,9.0,33.0,0.0
1783935346.7,718,32624,86,10.0,33.0,0.0
1783935347.3,718,32624,86,10.0,33.0,0.0
1783935347.9,718,32624,86,10.0,33.0,0.0
1783935348.4,718,32624,86,11.0,33.0,0.0
1783935349.0,718,32624,86,10.0,33.0,0.0
1783935349.6,718,32624,86,10.0,33.0,0.0
1783935350.2,718,32624,86,10.0,33.0,0.0
1783935350.8,718,32624,91,11.0,33.0,0.0
1783935351.4,718,32624,83,11.0,33.0,0.0
1783935352.0,718,32624,83,12.0,33.0,0.0
1783935352.6,718,32624,83,13.0,33.0,0.0
1783935353.2,718,32624,83,12.0,33.0,0.0
1783935353.8,718,32624,79,10.0,33.0,0.0
1783935354.4,718,32624,79,12.0,33.0,0.0
1783935355.0,718,32624,91,10.0,33.0,0.0
1783935355.6,718,32624,93,11.0,33.0,0.0
1783935356.2,718,32624,93,11.0,33.0,0.0
1783935356.8,718,32624,85,11.0,33.0,0.0
1783935357.4,718,32624,85,11.0,33.0,0.0
1783935358.0,718,32624,85,11.0,33.0,0.0
1783935358.6,718,32624,85,12.0,33.0,0.0
1783935359.2,718,32624,85,11.0,33.0,0.0
1783935359.8,718,32624,85,11.0,33.0,0.0
1783935360.4,718,32624,85,12.0,33.0,0.0
1783935361.0,718,32624,85,17.0,33.0,23.0
1783935361.6,718,32624,79,18.0,33.0,219.0
1783935362.2,718,32624,85,11.0,33.0,0.0
1783935362.8,718,32624,83,11.0,33.0,0.0
1783935363.3,718,32624,83,11.0,33.0,0.0
1783935363.9,718,32624,83,10.0,33.0,0.0
1783935364.5,718,32624,83,11.0,33.0,0.0
1783935365.1,718,32624,83,14.0,33.0,20.0
1783935365.7,718,32624,95,11.0,33.0,0.0
1783935366.3,718,32624,87,10.0,33.0,0.0
1783935366.9,718,32624,87,14.0,33.0,0.0
1783935367.5,718,32624,87,11.0,33.0,0.0
1783935368.1,718,32624,87,11.0,33.0,0.0
1783935368.7,718,32624,87,11.0,33.0,0.0
1783935369.3,718,32624,87,12.0,33.0,0.0
1783935369.9,718,32624,87,10.0,33.0,0.0
1783935370.5,718,32624,101,14.0,33.0,0.0
1783935371.1,718,32624,87,12.0,33.0,0.0
1783935371.7,718,32624,87,11.0,33.0,0.0
1783935372.3,718,32624,87,11.0,33.0,0.0
1783935372.9,718,32624,87,15.0,33.0,6.0
1783935373.5,718,32624,87,12.0,33.0,0.0
1783935374.1,718,32624,87,11.0,33.0,0.0
1783935374.7,718,32624,87,12.0,33.0,0.0
1783935375.3,718,32624,87,11.0,33.0,0.0
1783935375.9,718,32624,85,11.0,33.0,0.0
1783935376.5,718,32624,85,12.0,33.0,0.0
1783935377.1,718,32624,86,18.0,33.0,794.0
1783935377.7,718,32624,86,11.0,33.0,0.0
1783935378.3,718,32624,86,13.0,33.0,266.0
1783935378.9,718,32624,86,10.0,33.0,0.0
1783935379.5,718,32624,86,10.0,33.0,0.0
1783935380.1,718,32624,86,9.0,33.0,0.0
1783935380.7,718,32624,91,11.0,33.0,0.0
1783935381.3,718,32624,91,10.0,33.0,0.0
1783935381.9,718,32624,91,11.0,33.0,0.0
1783935382.5,718,32624,91,9.0,33.0,0.0
1783935383.1,718,32624,91,10.0,32.0,0.0
1783935383.6,718,32624,91,9.0,33.0,0.0
1783935384.2,718,32624,91,11.0,33.0,0.0
1783935384.8,718,32624,91,12.0,33.0,0.0
1783935385.5,718,32624,97,26.0,33.0,101.0
1783935386.1,718,32624,97,11.0,33.0,0.0
1783935386.6,718,32624,97,11.0,33.0,0.0
1783935387.2,718,32624,97,9.0,32.0,0.0
1783935387.8,718,32624,97,10.0,32.0,0.0
1783935388.5,718,32624,97,13.0,33.0,0.0
1783935389.0,718,32624,84,10.0,33.0,0.0
1783935389.6,718,32624,84,12.0,33.0,0.0
1783935390.2,718,32624,84,10.0,33.0,0.0
1783935390.8,718,32624,84,10.0,32.0,0.0
1783935391.4,718,32624,84,10.0,33.0,0.0
1783935392.0,718,32624,84,10.0,32.0,0.0
1783935392.6,718,32624,84,10.0,33.0,0.0
1783935393.2,718,32624,84,10.0,32.0,0.0
1783935393.8,718,32624,84,9.0,32.0,0.0
1783935394.4,718,32624,84,10.0,33.0,0.0
1783935395.0,718,32624,84,12.0,33.0,0.0
1783935395.6,718,32624,95,13.0,33.0,0.0
1783935396.2,718,32624,95,11.0,33.0,0.0
1783935396.8,718,32624,95,10.0,33.0,0.0
1783935397.4,718,32624,86,11.0,33.0,0.0
1783935398.0,718,32624,86,17.0,33.0,247.0
1783935398.6,718,32624,86,17.0,33.0,1504.0
1783935399.2,718,32624,86,11.0,33.0,0.0
1783935399.8,718,32624,86,11.0,33.0,0.0
1783935400.4,718,32624,99,11.0,33.0,0.0
1783935401.0,718,32624,99,12.0,33.0,0.0
1783935401.6,718,32624,86,10.0,33.0,0.0
1783935402.2,718,32624,86,12.0,33.0,0.0
1783935402.8,718,32624,86,17.0,33.0,1283.0
1783935403.4,718,32624,86,11.0,33.0,0.0
1783935403.9,718,32624,86,11.0,33.0,0.0
1783935404.5,718,32624,86,9.0,33.0,0.0
1783935405.1,718,32624,86,10.0,33.0,0.0
1783935405.7,718,32624,86,10.0,33.0,0.0
1783935406.3,718,32624,86,12.0,33.0,0.0
1783935406.9,718,32624,79,11.0,33.0,0.0
1783935407.5,718,32624,79,12.0,33.0,0.0
1783935408.1,718,32624,79,11.0,33.0,0.0
1783935408.7,718,32624,79,10.0,33.0,0.0
1783935409.3,718,32624,79,10.0,33.0,0.0
1783935409.9,718,32624,79,11.0,33.0,0.0
1783935410.5,718,32624,91,12.0,33.0,0.0
1783935411.1,718,32624,89,10.0,33.0,0.0
1783935411.7,718,32624,89,17.0,33.0,37.0
1783935412.3,718,32624,89,16.0,33.0,1639.0
1783935412.9,718,32624,89,11.0,33.0,0.0
1783935413.5,718,32624,89,11.0,33.0,0.0
1783935414.0,718,32624,89,11.0,33.0,0.0
1783935414.6,718,32624,89,12.0,33.0,0.0
1783935415.2,718,32624,103,22.0,33.0,0.0
1783935415.8,718,32624,89,18.0,33.0,1592.0
1783935416.4,718,32624,89,16.0,33.0,1160.0
1783935417.0,718,32624,89,10.0,33.0,0.0
1783935417.6,718,32624,89,15.0,33.0,17.0
1783935418.2,718,32624,89,10.0,33.0,0.0
1783935418.8,718,32624,89,11.0,33.0,0.0
1783935419.4,718,32624,89,15.0,33.0,23.0
1783935420.0,718,32624,89,11.0,33.0,0.0
1783935420.6,718,32624,83,11.0,33.0,0.0
1783935421.2,718,32624,83,11.0,33.0,0.0
1783935421.8,718,32624,83,10.0,33.0,0.0
1783935422.4,718,32624,83,11.0,33.0,0.0
1783935423.0,718,32624,83,11.0,33.0,0.0
1783935423.6,718,32624,83,11.0,33.0,0.0
1783935424.2,718,32624,83,11.0,33.0,0.0
1783935424.7,718,32624,83,11.0,33.0,0.0
1783935425.4,718,32624,91,16.0,33.0,811.0
1783935426.0,718,32624,97,12.0,33.0,0.0
1783935426.5,718,32624,95,11.0,33.0,0.0
1783935427.1,718,32624,95,11.0,33.0,0.0
1783935427.7,718,32624,89,11.0,32.0,0.0
1783935428.3,718,32624,89,11.0,32.0,0.0
1783935428.9,718,32624,89,10.0,33.0,0.0
1783935429.5,718,32624,83,11.0,33.0,0.0
1783935430.1,718,32624,93,21.0,33.0,0.0
1783935430.7,718,32624,85,11.0,33.0,0.0
1783935431.3,718,32624,85,11.0,33.0,0.0
1783935431.9,718,32624,85,11.0,33.0,0.0
1783935432.5,718,32624,85,11.0,33.0,0.0
1783935433.1,718,32624,85,15.0,33.0,17.0
1783935433.7,718,32624,85,14.0,33.0,35.0
1783935434.3,718,32624,85,16.0,33.0,438.0
1783935434.9,718,32624,85,10.0,33.0,0.0
1783935435.5,718,32624,85,10.0,33.0,0.0
1783935436.1,718,32624,85,11.0,33.0,0.0
1783935436.7,718,32624,85,12.0,33.0,0.0
1783935437.3,718,32624,85,10.0,33.0,0.0
1783935437.8,718,32624,83,12.0,33.0,0.0
1783935438.4,718,32624,83,11.0,33.0,0.0
1783935439.0,718,32624,83,18.0,33.0,403.0
1783935439.6,718,32624,83,10.0,33.0,0.0
1783935440.2,718,32624,83,12.0,33.0,0.0
1783935440.8,718,32624,97,11.0,33.0,0.0
1783935441.4,718,32624,97,10.0,33.0,0.0
1783935442.0,718,32624,87,11.0,33.0,0.0
1783935442.6,718,32624,87,10.0,33.0,0.0
1783935443.2,718,32624,87,11.0,33.0,0.0
1783935443.8,718,32624,87,11.0,33.0,0.0
1783935444.4,718,32624,87,12.0,33.0,0.0
1783935445.0,718,32624,87,11.0,33.0,0.0
1783935445.6,718,32624,95,10.0,33.0,0.0
1783935446.2,718,32624,81,12.0,33.0,0.0
1783935446.8,718,32624,81,16.0,32.0,25.0
1783935447.4,718,32624,81,14.0,32.0,532.0
1783935447.9,718,32624,81,10.0,33.0,0.0
1783935448.5,718,32624,81,11.0,33.0,0.0
1783935449.1,718,32624,81,11.0,33.0,0.0
1783935449.7,718,32624,81,11.0,32.0,0.0
1783935450.3,718,32624,83,10.0,32.0,0.0
1783935450.9,718,32624,83,10.0,32.0,0.0
1783935451.5,718,32624,84,10.0,33.0,0.0
1783935452.1,718,32624,86,11.0,32.0,0.0
1783935452.7,718,32624,86,11.0,33.0,0.0
1783935453.3,718,32624,86,11.0,33.0,0.0
1783935453.9,718,32624,86,11.0,33.0,0.0
1783935454.5,718,32624,94,14.0,33.0,24.0
1783935455.1,718,32624,94,22.0,33.0,0.0
1783935455.7,718,32624,98,22.0,33.0,0.0
1783935456.3,718,32624,90,15.0,33.0,41.0
1783935456.9,718,32624,88,12.0,33.0,0.0
1783935457.5,718,32624,88,25.0,33.0,9.0
1783935458.1,718,32624,92,23.0,33.0,0.0
1783935458.7,718,32624,92,11.0,33.0,0.0
1783935459.3,718,32624,92,11.0,33.0,0.0
1783935459.9,718,32624,92,11.0,33.0,0.0
1783935460.5,718,32624,93,12.0,33.0,0.0
1783935461.1,718,32624,93,11.0,33.0,0.0
1783935461.7,718,32624,86,14.0,33.0,19.0
1783935462.3,718,32624,86,11.0,33.0,0.0
1783935462.9,718,32624,86,11.0,33.0,0.0
1783935463.5,718,32624,86,11.0,33.0,0.0
1783935464.1,718,32624,86,11.0,33.0,0.0
1783935464.7,718,32624,86,10.0,33.0,0.0
1783935465.3,718,32624,79,10.0,33.0,0.0
1783935465.9,718,32624,84,13.0,33.0,34.0
1783935466.4,718,32624,84,11.0,33.0,0.0
1783935467.0,718,32624,84,10.0,33.0,0.0
1783935467.6,718,32624,84,18.0,32.0,21.0
1783935468.2,718,32624,84,11.0,33.0,0.0
1783935468.8,718,32624,84,12.0,33.0,0.0
1783935469.4,718,32624,84,20.0,33.0,372.0
1783935470.0,718,32624,84,10.0,33.0,0.0
1783935470.6,718,32624,97,21.0,33.0,0.0
1783935471.2,718,32624,86,11.0,33.0,0.0
1783935471.8,718,32624,86,11.0,33.0,0.0
1783935472.4,718,32624,86,10.0,33.0,0.0
1783935473.0,718,32624,86,17.0,33.0,45.0
1783935473.6,718,32624,86,12.0,33.0,0.0
1783935474.2,718,32624,86,12.0,33.0,0.0
1783935474.8,718,32624,86,13.0,33.0,0.0
1783935475.4,718,32624,101,10.0,33.0,0.0
1783935476.0,718,32624,88,11.0,33.0,0.0
1783935476.6,718,32624,88,10.0,33.0,0.0
1783935477.2,718,32624,88,10.0,33.0,0.0
1783935477.8,718,32624,88,11.0,33.0,0.0
1783935478.4,718,32624,81,11.0,32.0,0.0
1783935479.0,718,32624,81,11.0,33.0,0.0
1783935479.6,718,32624,81,11.0,33.0,0.0
1783935480.2,718,32624,81,11.0,33.0,0.0
1783935480.8,718,32624,81,12.0,33.0,0.0
1783935481.3,718,32624,81,10.0,33.0,0.0
1783935481.9,718,32624,79,13.0,32.0,0.0
1783935482.5,718,32624,79,12.0,32.0,0.0
1783935483.1,718,32624,85,20.0,33.0,650.0
1783935483.7,718,32624,85,10.0,32.0,0.0
1783935484.3,718,32624,85,14.0,32.0,41.0
1783935484.9,718,32624,85,11.0,33.0,0.0
1783935485.6,718,32624,95,11.0,33.0,0.0
1783935486.2,718,32624,95,11.0,33.0,0.0
1783935486.8,718,32624,85,10.0,33.0,0.0
1783935487.4,718,32624,85,19.0,32.0,813.0
1783935488.0,718,32624,85,11.0,32.0,0.0
1783935488.6,718,32624,79,11.0,32.0,0.0
1783935489.2,718,32624,79,11.0,33.0,0.0
1783935489.8,718,32624,79,11.0,33.0,0.0
1783935490.4,718,32624,93,11.0,33.0,0.0
1783935491.0,718,32624,93,11.0,33.0,0.0
1783935491.6,718,32624,93,14.0,33.0,0.0
1783935492.1,718,32624,93,12.0,33.0,0.0
1783935492.8,718,32624,93,12.0,32.0,0.0
1783935493.4,718,32624,93,12.0,32.0,0.0
1783935494.0,720,32624,95,12.0,32.0,0.0
1783935494.6,720,32624,81,11.0,33.0,0.0
1783935495.2,720,32624,81,11.0,33.0,0.0
1783935495.8,720,32624,81,10.0,33.0,0.0
1783935496.3,713,32624,81,27.0,33.0,0.0
1783935496.9,713,32624,81,11.0,33.0,0.0
1783935497.5,713,32624,81,9.0,32.0,0.0
1783935498.1,713,32624,81,11.0,33.0,0.0
1783935498.7,713,32624,81,12.0,33.0,0.0
1783935499.3,713,32624,85,10.0,32.0,0.0
1783935499.9,713,32624,85,11.0,33.0,0.0
1783935500.5,713,32624,97,11.0,33.0,0.0
1783935501.1,713,32624,91,11.0,32.0,0.0
1783935501.7,713,32624,87,11.0,33.0,0.0
1783935502.3,713,32624,87,10.0,33.0,0.0
1783935502.9,713,32624,87,11.0,32.0,0.0
1783935503.5,713,32624,87,10.0,32.0,0.0
1783935504.1,713,32624,88,11.0,32.0,0.0
1783935504.7,713,32624,88,10.0,33.0,0.0
1783935505.3,713,32624,95,12.0,33.0,0.0
1783935505.9,713,32624,95,10.0,32.0,0.0
1783935506.5,713,32624,95,11.0,32.0,0.0
1783935507.1,713,32624,87,10.0,32.0,0.0
1783935507.7,713,32624,87,12.0,32.0,0.0
1783935508.3,713,32624,87,11.0,32.0,0.0
1783935508.9,713,32624,87,11.0,32.0,0.0
1783935509.5,713,32624,87,11.0,32.0,0.0
1783935510.1,713,32624,88,11.0,32.0,0.0
1783935510.7,713,32624,88,10.0,33.0,0.0
1783935511.3,713,32624,88,9.0,33.0,0.0
1783935511.9,713,32624,81,10.0,32.0,0.0
1783935512.5,713,32624,81,10.0,32.0,0.0
1783935513.1,713,32624,81,11.0,32.0,0.0
1783935513.7,713,32624,81,11.0,33.0,0.0
1783935514.3,713,32624,81,12.0,33.0,0.0
1783935514.9,713,32624,81,11.0,32.0,0.0
1783935515.5,713,32624,106,24.0,33.0,304.0
1783935516.1,713,32624,106,10.0,33.0,0.0
1783935516.7,713,32624,106,11.0,33.0,0.0
1783935517.3,713,32624,86,10.0,33.0,0.0
1783935517.9,713,32624,86,11.0,33.0,0.0
1783935518.5,713,32624,86,11.0,32.0,0.0
1783935519.1,713,32624,86,12.0,33.0,0.0
1783935519.6,713,32624,86,12.0,33.0,0.0
1783935520.2,713,32624,93,11.0,33.0,0.0
1783935520.8,713,32624,79,12.0,32.0,0.0
1783935521.4,713,32624,81,11.0,33.0,0.0
1783935522.0,713,32624,81,10.0,33.0,0.0
1783935522.6,713,32624,81,11.0,33.0,0.0
1783935523.2,713,32624,81,11.0,33.0,0.0
1783935523.8,713,32624,81,10.0,33.0,0.0
1783935524.4,713,32624,81,11.0,33.0,0.0
1783935525.0,713,32624,81,11.0,32.0,0.0
1783935525.6,713,32624,81,11.0,33.0,0.0
1783935526.2,713,32624,81,15.0,32.0,19.0
1783935526.8,713,32624,81,11.0,33.0,0.0
1783935527.4,713,32624,81,11.0,33.0,0.0
1783935528.0,713,32624,81,11.0,33.0,0.0
1783935528.6,713,32624,83,16.0,33.0,1196.0
1783935529.2,713,32624,83,11.0,33.0,0.0
1783935529.8,713,32624,83,10.0,32.0,0.0
1783935530.4,713,32624,102,18.0,33.0,315.0
1783935531.0,713,32624,102,11.0,33.0,0.0
1783935531.6,713,32624,85,14.0,33.0,1354.0
1783935532.2,713,32624,85,26.0,33.0,986.0
1783935532.7,713,32624,85,15.0,33.0,46.0
1783935533.3,713,32624,85,11.0,32.0,0.0
1783935533.9,713,32624,85,11.0,32.0,0.0
1783935534.5,713,32624,85,11.0,33.0,0.0
1783935535.1,713,32624,93,22.0,33.0,0.0
1783935535.7,713,32624,93,11.0,32.0,0.0
1783935536.3,713,32624,93,11.0,33.0,0.0
1783935536.9,713,32624,93,11.0,33.0,0.0
1783935537.5,713,32624,79,17.0,33.0,1139.0
1783935538.1,713,32624,83,21.0,33.0,0.0
1783935538.7,713,32624,109,23.0,33.0,110.0
1783935539.3,713,32624,100,22.0,33.0,0.0
1783935539.9,713,32624,97,21.0,33.0,0.0
1783935540.5,713,32624,97,11.0,33.0,0.0
1783935541.1,713,32624,106,11.0,33.0,0.0
1783935541.7,713,32624,93,12.0,33.0,0.0
1783935542.3,713,32624,88,11.0,33.0,0.0
1783935542.9,713,32624,88,11.0,32.0,0.0
1783935543.5,713,32624,86,11.0,33.0,0.0
1783935544.1,713,32624,86,13.0,33.0,0.0
1783935544.7,713,32624,86,11.0,33.0,0.0
1783935545.3,713,32624,86,12.0,33.0,0.0
1783935545.9,713,32624,86,16.0,33.0,54.0
1783935546.5,713,32624,86,22.0,33.0,0.0
1783935547.0,713,32624,86,10.0,32.0,0.0
1783935547.6,713,32624,89,11.0,33.0,0.0
1783935548.2,713,32624,86,12.0,33.0,0.0
1783935548.9,713,32624,86,10.0,33.0,0.0
1783935549.5,713,32624,86,11.0,33.0,0.0
1783935550.1,713,32624,84,11.0,33.0,0.0
1783935550.7,713,32624,84,11.0,33.0,0.0
1783935551.3,713,32624,84,14.0,33.0,0.0
1783935551.9,713,32624,84,11.0,33.0,0.0
1783935552.5,713,32624,84,14.0,33.0,6.0
1783935553.1,713,32624,84,11.0,32.0,0.0
1783935553.7,713,32624,84,10.0,33.0,0.0
1783935554.3,713,32624,84,11.0,33.0,0.0
1783935554.9,713,32624,84,13.0,33.0,500.0
1783935555.5,713,32624,84,13.0,33.0,0.0
1783935556.1,713,32624,105,25.0,33.0,11.0
1783935556.7,713,32624,86,11.0,33.0,0.0
1783935557.3,713,32624,86,11.0,33.0,0.0
1783935557.9,713,32624,86,16.0,33.0,14.0
1783935558.5,713,32624,86,12.0,33.0,0.0
1783935559.0,713,32624,86,10.0,33.0,0.0
1783935559.6,713,32624,86,16.0,33.0,120.0
1783935560.2,713,32624,86,14.0,33.0,17.0
1783935560.8,713,32624,86,11.0,33.0,0.0
1783935561.4,713,32624,86,16.0,33.0,126.0
1783935562.0,713,32624,86,11.0,33.0,0.0
1783935562.6,713,32624,86,11.0,32.0,0.0
1783935563.2,713,32624,86,11.0,33.0,0.0
1783935563.8,713,32624,86,11.0,33.0,0.0
1783935564.4,713,32624,86,10.0,32.0,0.0
1783935565.0,713,32624,86,16.0,32.0,38.0
1783935565.6,713,32624,86,10.0,32.0,0.0
1783935566.2,713,32624,86,11.0,33.0,0.0
1783935566.8,713,32624,86,11.0,33.0,0.0
1783935567.4,713,32624,86,13.0,32.0,0.0
1783935568.0,713,32624,86,10.0,32.0,0.0
1783935568.6,713,32624,84,11.0,32.0,0.0
1783935569.2,713,32624,84,11.0,32.0,0.0
1783935569.8,713,32624,84,11.0,32.0,0.0
1783935570.4,713,32624,84,11.0,33.0,0.0
1783935571.0,713,32624,100,23.0,33.0,148.0
1783935571.5,713,32624,87,11.0,33.0,0.0
1783935572.1,713,32624,87,17.0,33.0,67.0
1783935572.7,713,32624,87,11.0,33.0,0.0
1783935573.3,713,32624,87,11.0,33.0,0.0
1783935573.9,713,32624,87,12.0,33.0,0.0
1783935574.5,713,32624,87,11.0,33.0,0.0
1783935575.1,713,32624,87,11.0,33.0,0.0
1783935575.7,713,32624,87,11.0,33.0,0.0
1783935576.3,713,32624,100,11.0,33.0,0.0
1783935576.9,713,32624,87,11.0,33.0,0.0
1783935577.5,713,32624,87,11.0,33.0,0.0
1783935578.1,713,32624,87,12.0,33.0,0.0
1783935578.7,713,32624,87,21.0,33.0,41.0
1783935579.3,713,32624,87,11.0,33.0,0.0
1783935579.9,713,32624,84,15.0,33.0,25.0
1783935580.5,713,32624,84,14.0,33.0,6.0
1783935581.1,713,32624,84,11.0,33.0,0.0
1783935581.7,719,32624,96,26.0,33.0,1226.0
1783935582.3,745,32624,88,22.0,33.0,1521.0
1783935582.9,745,32624,88,26.0,33.0,31.0
1783935583.5,743,32624,86,16.0,33.0,74.0
1783935584.1,741,32624,86,12.0,33.0,0.0
1783935584.7,739,32624,84,11.0,33.0,0.0
1783935585.2,739,32624,84,10.0,33.0,0.0
1783935585.8,739,32624,102,26.0,33.0,95.0
1783935586.4,739,32624,105,22.0,33.0,0.0
1783935587.0,739,32624,105,22.0,33.0,0.0
1783935587.6,739,32624,105,23.0,33.0,0.0
1783935588.2,739,32624,89,11.0,33.0,0.0
1783935588.8,739,32624,105,22.0,33.0,0.0
1783935589.4,739,32624,89,11.0,33.0,0.0
1783935590.0,739,32624,91,10.0,33.0,0.0
1783935590.6,739,32624,102,10.0,33.0,0.0
1783935591.2,739,32624,105,22.0,33.0,0.0
1783935591.8,739,32624,86,29.0,33.0,244.0
1783935592.4,739,32624,86,11.0,33.0,0.0
1783935593.0,739,32624,86,11.0,33.0,0.0
1783935593.6,739,32624,86,12.0,33.0,0.0
1783935594.2,739,32624,105,22.0,33.0,0.0
1783935594.8,739,32624,105,22.0,33.0,0.0
1783935595.4,739,32624,105,23.0,33.0,0.0
1783935596.0,739,32624,105,22.0,33.0,0.0
1783935596.5,739,32624,103,22.0,33.0,0.0
1783935597.1,739,32624,103,22.0,33.0,0.0
1783935597.7,739,32624,103,22.0,33.0,0.0
1783935598.3,739,32624,103,22.0,33.0,0.0
1783935598.9,739,32624,87,11.0,33.0,0.0
1783935599.5,739,32624,87,14.0,33.0,6.0
1783935600.1,739,32624,87,11.0,33.0,0.0
1783935600.7,739,32624,103,22.0,33.0,0.0
1783935601.3,739,32624,87,22.0,33.0,0.0
1783935601.9,739,32624,87,11.0,33.0,0.0
1783935602.5,739,32624,87,11.0,33.0,0.0
1783935603.1,739,32624,87,10.0,33.0,0.0
1783935603.7,739,32624,87,14.0,33.0,6.0
1783935604.3,739,32624,87,11.0,33.0,0.0
1783935604.9,739,32624,87,11.0,33.0,0.0
1783935605.5,739,32624,87,12.0,33.0,0.0
1783935606.1,739,32624,87,11.0,33.0,0.0
1783935606.7,739,32624,87,13.0,33.0,0.0
1783935607.3,739,32624,87,13.0,33.0,327.0
1783935607.8,739,32624,105,22.0,33.0,0.0
1783935608.4,739,32624,87,11.0,33.0,0.0
1783935609.0,739,32624,87,12.0,33.0,0.0
1783935609.6,739,32624,114,22.0,33.0,0.0
1783935610.2,739,32624,100,26.0,33.0,58.0
1783935610.8,739,32624,87,11.0,33.0,0.0
1783935611.4,739,32624,87,12.0,33.0,0.0
1783935612.0,739,32624,87,12.0,33.0,0.0
1783935612.6,739,32624,89,11.0,33.0,0.0
1783935613.2,739,32624,87,11.0,33.0,0.0
1783935613.8,739,32624,87,11.0,33.0,0.0
1783935614.4,739,32624,87,10.0,33.0,0.0
1783935615.0,739,32624,89,11.0,33.0,0.0
1783935615.6,739,32624,100,22.0,33.0,0.0
1783935616.2,739,32624,87,12.0,33.0,0.0
1783935616.8,739,32624,102,29.0,33.0,393.0
1783935617.4,739,32624,87,11.0,33.0,0.0
1783935617.9,739,32624,87,11.0,33.0,0.0
1783935618.5,739,32624,105,13.0,33.0,0.0
1783935619.1,739,32624,103,25.0,33.0,580.0
1783935619.7,739,32624,100,23.0,33.0,0.0
1783935620.3,739,32624,88,22.0,33.0,0.0
1783935620.9,739,32624,113,11.0,33.0,0.0
1783935621.5,739,32624,113,22.0,33.0,0.0
1783935622.1,739,32624,110,12.0,33.0,438.0
1783935622.7,739,32624,91,11.0,33.0,0.0
1783935623.3,739,32624,104,22.0,33.0,0.0
1783935623.9,741,32624,96,10.0,33.0,0.0
1783935624.5,741,32624,95,11.0,33.0,0.0
1783935625.1,741,32624,99,10.0,34.0,0.0
1783935625.7,741,32624,99,26.0,34.0,55.0
1783935626.3,741,32624,95,15.0,33.0,20.0
1783935626.9,741,32624,101,25.0,33.0,6.0
1783935627.5,741,32624,104,26.0,33.0,581.0
1783935628.1,741,32624,88,27.0,34.0,9.0
1783935628.7,739,32624,106,22.0,34.0,0.0
1783935629.3,739,32624,90,26.0,33.0,82.0
1783935629.9,739,32624,104,29.0,34.0,31.0
1783935630.5,739,32624,106,29.0,33.0,1408.0
1783935631.1,739,32624,99,13.0,33.0,449.0
1783935631.7,739,32624,89,11.0,33.0,0.0
1783935632.3,739,32624,89,11.0,33.0,0.0
1783935632.9,739,32624,89,10.0,33.0,0.0
1783935633.4,739,32624,89,11.0,33.0,0.0
1783935634.0,739,32624,89,12.0,33.0,0.0
1783935634.6,739,32624,89,11.0,33.0,0.0
1783935635.2,739,32624,89,16.0,33.0,539.0
1783935635.8,739,32624,100,11.0,33.0,0.0
1783935636.4,739,32624,87,11.0,33.0,0.0
1783935637.0,739,32624,87,16.0,33.0,151.0
1783935637.6,739,32624,87,12.0,33.0,0.0
1783935638.2,739,32624,87,11.0,33.0,0.0
1783935638.8,739,32624,87,11.0,33.0,0.0
1783935639.4,739,32624,87,10.0,33.0,0.0
1783935640.0,739,32624,87,11.0,33.0,0.0
1783935640.6,739,32624,87,10.0,33.0,0.0
1783935641.2,739,32624,84,21.0,33.0,102.0
1783935641.8,739,32624,84,10.0,33.0,0.0
1783935642.4,739,32624,84,11.0,33.0,0.0
1783935643.0,739,32624,84,15.0,33.0,21.0
1783935643.6,739,32624,84,11.0,33.0,0.0
1783935644.2,739,32624,84,11.0,33.0,0.0
1783935644.8,739,32624,84,12.0,33.0,0.0
1783935645.4,739,32624,99,25.0,33.0,34.0
1783935646.0,739,32624,86,10.0,33.0,0.0
1783935646.6,739,32624,86,12.0,33.0,0.0
1783935647.2,739,32624,86,10.0,33.0,0.0
1783935647.8,739,32624,86,10.0,33.0,0.0
1783935648.4,739,32624,101,27.0,33.0,205.0
1783935649.0,739,32624,101,11.0,33.0,0.0
1783935649.6,739,32624,98,11.0,33.0,0.0
1783935650.2,739,32624,114,26.0,33.0,92.0
1783935650.8,739,32624,104,11.0,33.0,0.0
1783935651.4,739,32624,104,22.0,33.0,0.0
1783935652.0,739,32624,88,22.0,34.0,0.0
1783935652.6,739,32624,88,10.0,33.0,0.0
1783935653.2,739,32624,88,12.0,33.0,315.0
1783935653.8,739,32624,93,22.0,33.0,0.0
1783935654.4,739,32624,102,22.0,34.0,0.0
1783935655.0,739,32624,96,26.0,34.0,1315.0
1783935655.6,739,32624,96,27.0,34.0,62.0
1783935656.2,739,32624,96,22.0,34.0,0.0
1783935656.8,739,32624,88,22.0,34.0,0.0
1783935657.4,739,32624,91,27.0,34.0,876.0
1783935658.0,739,32624,87,23.0,34.0,247.0
1783935658.6,739,32624,84,22.0,34.0,0.0
1783935659.2,739,32624,102,22.0,34.0,0.0
1783935659.8,739,32624,89,13.0,33.0,327.0
1783935660.4,739,32624,89,11.0,33.0,0.0
1783935661.0,739,32624,89,11.0,33.0,0.0
1783935661.6,739,32624,89,12.0,33.0,0.0
1783935662.2,739,32624,89,11.0,33.0,0.0
1783935662.8,739,32624,91,26.0,34.0,1164.0
1783935663.4,739,32624,94,12.0,33.0,0.0
1783935664.0,739,32624,89,11.0,33.0,0.0
1783935664.5,739,32624,104,22.0,34.0,0.0
1783935665.1,739,32624,104,11.0,34.0,0.0
1783935665.7,739,32624,91,23.0,33.0,146.0
1783935666.3,739,32624,102,11.0,33.0,0.0
1783935666.9,739,32624,89,11.0,33.0,0.0
1783935667.5,739,32624,105,25.0,34.0,25.0
1783935668.1,739,32624,102,11.0,34.0,0.0
1783935668.7,739,32624,89,12.0,33.0,0.0
1783935669.3,739,32624,89,10.0,33.0,0.0
1783935669.9,739,32624,89,11.0,33.0,0.0
1783935670.5,739,32624,89,11.0,33.0,0.0
1783935671.1,739,32624,105,11.0,34.0,0.0
1783935671.7,739,32624,89,23.0,34.0,0.0
1783935672.3,739,32624,91,23.0,33.0,0.0
1783935672.9,739,32624,89,11.0,33.0,0.0
1783935673.5,743,32624,91,11.0,33.0,0.0
1783935674.1,744,32624,91,10.0,33.0,0.0
1783935674.7,744,32624,91,9.0,33.0,0.0
1783935675.3,744,32624,91,11.0,33.0,0.0
1783935675.9,742,32624,89,15.0,33.0,8.0
1783935676.5,742,32624,89,22.0,34.0,0.0
1783935677.1,742,32624,89,11.0,33.0,0.0
1783935677.7,742,32624,82,11.0,34.0,0.0
1783935678.3,742,32624,98,10.0,33.0,0.0
1783935678.9,742,32624,100,22.0,34.0,0.0
1783935679.5,742,32624,98,26.0,33.0,97.0
1783935680.1,742,32624,100,11.0,33.0,0.0
1783935680.7,742,32624,84,11.0,34.0,0.0
1783935681.3,742,32624,84,15.0,33.0,23.0
1783935681.9,742,32624,87,24.0,33.0,280.0
1783935682.5,742,32624,98,22.0,34.0,0.0
1783935683.1,742,32624,100,23.0,34.0,0.0
1783935683.7,742,32624,98,22.0,34.0,0.0
1783935684.3,742,32624,100,22.0,34.0,0.0
1783935684.9,742,32624,98,22.0,34.0,0.0
1783935685.5,744,32624,93,12.0,34.0,0.0
1783935686.0,744,32624,86,11.0,34.0,0.0
1783935686.6,744,32624,105,25.0,34.0,0.0
1783935687.2,742,32624,91,22.0,34.0,0.0
1783935687.8,744,32624,109,22.0,34.0,0.0
1783935688.4,744,32624,100,27.0,34.0,397.0
1783935689.0,744,32624,98,27.0,34.0,11.0
1783935689.6,742,32624,107,22.0,34.0,0.0
1783935690.2,742,32624,89,11.0,34.0,0.0
1783935690.8,742,32624,89,22.0,34.0,0.0
1783935691.4,742,32624,109,23.0,34.0,0.0
1783935692.0,742,32624,122,23.0,34.0,0.0
1783935692.6,742,32624,95,15.0,34.0,647.0
1783935693.2,742,32624,89,12.0,34.0,0.0
1783935693.8,742,32624,87,16.0,33.0,1564.0
1783935694.4,742,32624,87,11.0,33.0,0.0
1783935695.0,742,32624,87,11.0,33.0,0.0
1783935695.6,742,32624,87,22.0,34.0,114.0
1783935696.2,742,32624,87,11.0,34.0,0.0
1783935696.8,744,32624,89,11.0,34.0,0.0
1783935697.4,744,32624,102,22.0,34.0,0.0
1783935698.0,744,32624,89,12.0,34.0,396.0
1783935698.6,744,32624,89,11.0,33.0,0.0
1783935699.2,744,32624,89,10.0,33.0,0.0
1783935699.8,744,32624,89,16.0,34.0,100.0
1783935700.4,744,32624,89,12.0,33.0,0.0
1783935701.0,744,32624,84,11.0,34.0,0.0
1783935701.6,744,32624,82,12.0,33.0,0.0
1783935702.2,744,32624,84,11.0,34.0,0.0
1783935702.7,744,32624,84,10.0,34.0,0.0
1783935703.3,744,32624,84,14.0,33.0,20.0
1783935703.9,744,32624,84,10.0,33.0,0.0
1783935704.5,744,32624,84,11.0,33.0,0.0
1783935705.1,744,32624,82,14.0,33.0,6.0
1783935705.7,744,32624,82,11.0,33.0,0.0
1783935706.3,744,32624,82,17.0,33.0,0.0
1783935706.9,744,32624,84,12.0,33.0,0.0
1783935707.5,744,32624,98,22.0,34.0,0.0
1783935708.1,744,32624,84,11.0,33.0,0.0
1783935708.7,744,32624,84,13.0,33.0,317.0
1783935709.3,744,32624,84,11.0,33.0,0.0
1783935709.9,744,32624,84,11.0,33.0,0.0
1783935710.5,744,32624,84,11.0,33.0,0.0
1783935711.1,744,32624,84,10.0,33.0,0.0
1783935711.7,744,32624,84,11.0,33.0,0.0
1783935712.3,744,32624,98,14.0,33.0,41.0
1783935712.9,744,32624,82,11.0,33.0,0.0
1783935713.5,744,32624,82,11.0,33.0,0.0
1783935714.1,744,32624,82,11.0,33.0,0.0
1783935714.7,744,32624,82,10.0,33.0,0.0
1783935715.3,744,32624,82,11.0,33.0,0.0
1783935715.9,744,32624,82,11.0,33.0,0.0
1783935716.5,744,32624,82,16.0,33.0,26.0
1783935717.0,744,32624,82,11.0,33.0,0.0
1783935717.6,744,32624,82,10.0,33.0,0.0
1783935718.2,744,32624,82,11.0,33.0,0.0
1783935718.8,744,32624,82,11.0,33.0,0.0
1783935719.4,744,32624,82,10.0,33.0,0.0
1783935720.0,744,32624,82,17.0,33.0,500.0
1783935720.6,744,32624,82,12.0,33.0,0.0
1783935721.2,744,32624,82,12.0,33.0,0.0
1783935721.8,744,32624,82,11.0,33.0,0.0
1783935722.4,744,32624,96,22.0,33.0,0.0
1783935723.0,744,32624,82,11.0,33.0,0.0
1783935723.6,744,32624,82,11.0,33.0,0.0
1783935724.2,744,32624,82,11.0,33.0,0.0
1783935724.8,744,32624,82,10.0,33.0,0.0
1783935725.4,744,32624,82,14.0,33.0,21.0
1783935726.0,744,32624,82,14.0,33.0,6.0
1783935726.6,744,32624,82,11.0,33.0,0.0
1783935727.2,744,32624,82,18.0,33.0,853.0
1783935727.8,744,32624,96,16.0,33.0,47.0
1783935728.3,744,32624,82,12.0,33.0,0.0
1783935728.9,744,32624,82,10.0,33.0,0.0
1783935729.5,744,32624,82,12.0,33.0,0.0
1783935730.1,744,32624,82,10.0,33.0,0.0
1783935730.7,744,32624,82,10.0,33.0,0.0
1783935731.3,744,32624,82,15.0,33.0,0.0
1783935731.9,744,32624,82,15.0,33.0,6.0
1783935732.5,744,32624,82,11.0,33.0,0.0
1783935733.1,744,32624,82,10.0,33.0,0.0
1783935733.7,744,32624,82,12.0,33.0,0.0
1783935734.3,744,32624,82,12.0,33.0,0.0
1783935734.9,768,32624,106,14.0,33.0,21.0
1783935735.5,768,32624,84,11.0,33.0,378.0
1783935736.1,768,32624,84,11.0,33.0,0.0
1783935736.7,768,32624,84,11.0,33.0,0.0
1783935737.3,768,32624,98,26.0,33.0,828.0
1783935737.9,768,32624,84,12.0,33.0,0.0
1783935738.5,768,32624,84,12.0,33.0,0.0
1783935739.1,768,32624,84,11.0,33.0,0.0
1783935739.7,768,32624,84,11.0,33.0,0.0
1783935740.3,768,32624,80,12.0,33.0,0.0
1783935740.8,768,32624,80,10.0,33.0,0.0
1783935741.4,768,32624,80,11.0,33.0,0.0
1783935742.0,768,32624,80,16.0,33.0,876.0
1783935742.6,768,32624,97,20.0,33.0,75.0
1783935743.2,768,32624,84,12.0,33.0,0.0
1783935743.8,768,32624,84,11.0,33.0,0.0
1783935744.4,768,32624,84,13.0,33.0,0.0
1783935745.0,768,32624,84,11.0,33.0,25.0
1783935745.6,768,32624,84,11.0,33.0,0.0
1783935746.2,768,32624,80,10.0,33.0,0.0
1783935746.8,768,32624,80,18.0,33.0,58.0
1783935747.4,768,32624,80,11.0,33.0,0.0
1783935748.0,768,32624,80,11.0,33.0,0.0
1783935748.6,768,32624,80,11.0,33.0,0.0
1783935749.2,768,32624,80,11.0,33.0,0.0
1783935749.8,768,32624,80,11.0,33.0,0.0
1783935750.4,768,32624,80,10.0,33.0,0.0
1783935751.0,768,32624,80,11.0,33.0,0.0
1783935751.6,768,32624,80,11.0,33.0,0.0
1783935752.1,768,32624,80,11.0,33.0,0.0
1783935752.7,768,32624,94,22.0,33.0,0.0
1783935753.3,768,32624,80,10.0,33.0,0.0
1783935753.9,768,32624,80,11.0,33.0,0.0
1783935754.5,768,32624,80,17.0,33.0,48.0
1783935755.1,768,32624,80,11.0,33.0,0.0
1783935755.7,768,32624,80,11.0,33.0,0.0
1783935756.3,768,32624,80,11.0,33.0,0.0
1783935756.9,764,32624,80,11.0,33.0,0.0
1783935757.5,764,32624,94,22.0,33.0,0.0
1783935758.1,764,32624,94,11.0,33.0,0.0
1783935758.7,764,32624,80,10.0,33.0,0.0
1783935759.3,764,32624,80,11.0,33.0,0.0
1783935759.9,764,32624,80,11.0,33.0,0.0
1783935760.5,764,32624,80,13.0,33.0,37.0
1783935761.1,764,32624,80,11.0,33.0,0.0
1783935761.7,764,32624,80,11.0,33.0,0.0
1783935762.3,764,32624,80,12.0,33.0,0.0
1783935762.9,764,32624,80,11.0,33.0,0.0
1783935763.5,764,32624,80,12.0,33.0,0.0
1783935764.1,764,32624,80,12.0,33.0,0.0
1783935764.6,764,32624,80,11.0,33.0,0.0
1783935765.2,764,32624,80,11.0,33.0,0.0
1783935765.8,764,32624,80,16.0,33.0,189.0
1783935766.4,764,32624,80,11.0,33.0,0.0
1783935767.0,764,32624,80,21.0,33.0,72.0
1783935767.6,764,32624,94,29.0,33.0,37.0
1783935768.2,764,32624,80,11.0,33.0,0.0
1783935768.8,764,32624,80,11.0,33.0,0.0
1783935769.4,764,32624,80,11.0,33.0,0.0
1783935770.0,764,32624,80,10.0,33.0,0.0
1783935770.6,764,32624,80,11.0,33.0,0.0
1783935771.2,764,32624,80,14.0,33.0,6.0
1783935771.8,764,32624,80,11.0,33.0,0.0
1783935772.4,764,32624,96,23.0,33.0,291.0
1783935773.0,764,32624,82,11.0,33.0,0.0
1783935773.6,764,32624,82,11.0,33.0,0.0
1783935774.2,764,32624,82,13.0,33.0,431.0
1783935774.8,764,32624,82,11.0,33.0,0.0
1783935775.4,764,32624,82,12.0,33.0,0.0
1783935776.0,764,32624,82,11.0,33.0,0.0
1783935776.6,764,32624,82,11.0,33.0,0.0
1783935777.2,764,32624,82,12.0,33.0,0.0
1783935777.8,764,32624,82,11.0,33.0,0.0
1783935778.3,764,32624,82,10.0,33.0,0.0
1783935778.9,764,32624,82,13.0,33.0,252.0
1783935779.5,764,32624,82,11.0,33.0,0.0
1783935780.1,764,32624,82,10.0,33.0,0.0
1783935780.7,764,32624,82,12.0,33.0,0.0
1783935781.3,764,32624,82,12.0,33.0,0.0
1783935781.9,764,32624,82,11.0,33.0,0.0
1783935782.5,764,32624,129,22.0,33.0,0.0
1783935783.1,764,32624,82,11.0,33.0,0.0
1783935783.7,764,32624,82,11.0,33.0,0.0
1783935784.3,764,32624,82,12.0,33.0,0.0
1783935784.9,764,32624,82,11.0,33.0,0.0
1783935785.5,764,32624,82,11.0,33.0,0.0
1783935786.1,764,32624,82,15.0,33.0,18.0
1783935786.7,764,32624,82,11.0,33.0,0.0
1783935787.3,764,32624,82,10.0,33.0,0.0
1783935787.8,764,32624,96,11.0,33.0,0.0
1783935788.4,764,32624,82,11.0,33.0,0.0
1783935789.0,764,32624,82,10.0,33.0,0.0
1783935789.6,764,32624,82,15.0,33.0,105.0
1783935790.2,764,32624,82,11.0,33.0,0.0
1783935790.8,764,32624,82,11.0,33.0,0.0
1783935791.4,764,32624,82,16.0,33.0,103.0
1783935792.0,764,32624,82,11.0,33.0,0.0
1783935792.6,764,32624,82,11.0,33.0,0.0
1783935793.2,764,32624,82,11.0,33.0,0.0
1783935793.8,764,32624,82,10.0,33.0,0.0
1783935794.4,764,32624,82,11.0,33.0,0.0
1783935795.0,764,32624,82,14.0,33.0,17.0
1783935795.6,764,32624,82,11.0,33.0,0.0
1783935796.1,764,32624,82,10.0,33.0,0.0
1783935796.7,764,32624,82,14.0,33.0,41.0
1783935797.3,764,32624,96,23.0,33.0,0.0
1783935797.9,764,32624,85,10.0,33.0,0.0
1783935798.5,764,32624,82,11.0,33.0,0.0
1783935799.1,764,32624,82,11.0,33.0,0.0
1783935799.7,764,32624,82,11.0,33.0,0.0
1783935800.3,764,32624,82,15.0,33.0,189.0
1783935800.9,764,32624,80,12.0,33.0,0.0
1783935801.5,764,32624,80,11.0,33.0,0.0
1783935802.1,764,32624,80,14.0,33.0,540.0
1783935802.7,764,32624,94,12.0,33.0,0.0
1783935803.3,764,32624,80,11.0,33.0,0.0
1783935803.9,764,32624,80,12.0,33.0,0.0
1783935804.5,764,32624,80,12.0,33.0,0.0
1783935805.1,764,32624,80,12.0,33.0,0.0
1783935805.7,764,32624,80,16.0,33.0,18.0
1783935806.3,764,32624,80,11.0,33.0,0.0
1783935806.8,764,32624,80,12.0,33.0,0.0
1783935807.4,764,32624,80,16.0,33.0,52.0
1783935808.0,764,32624,80,11.0,33.0,0.0
1783935808.6,764,32624,80,11.0,33.0,0.0
1783935809.2,764,32624,80,11.0,33.0,0.0
1783935809.8,764,32624,80,11.0,33.0,0.0
1783935810.4,764,32624,80,12.0,33.0,0.0
1783935811.0,764,32624,80,21.0,33.0,100.0
1783935811.6,764,32624,80,11.0,33.0,0.0
1783935812.2,764,32624,96,22.0,33.0,0.0
1783935812.8,764,32624,85,10.0,33.0,0.0
1783935813.4,764,32624,82,11.0,33.0,0.0
1783935814.0,764,32624,82,15.0,33.0,37.0
1783935814.6,764,32624,82,12.0,33.0,0.0
1783935815.2,764,32624,82,10.0,33.0,0.0
1783935815.8,764,32624,82,13.0,33.0,312.0
1783935816.4,764,32624,82,10.0,33.0,0.0
1783935817.0,764,32624,82,12.0,33.0,0.0
1783935817.6,764,32624,96,25.0,33.0,27.0
1783935818.2,764,32624,82,11.0,33.0,0.0
1783935818.8,764,32624,82,11.0,33.0,0.0
1783935819.4,764,32624,82,14.0,33.0,533.0
1783935820.0,764,32624,82,11.0,33.0,0.0
1783935820.6,764,32624,82,11.0,33.0,0.0
1783935821.1,764,32624,82,16.0,33.0,197.0
1783935821.7,764,32624,82,10.0,33.0,0.0
1783935822.3,764,32624,82,13.0,33.0,0.0
1783935822.9,764,32624,82,12.0,33.0,0.0
1783935823.5,764,32624,82,10.0,33.0,0.0
1783935824.1,764,32624,82,11.0,33.0,0.0
1783935824.7,764,32624,82,17.0,33.0,14.0
1783935825.3,764,32624,82,22.0,33.0,88.0
1783935825.9,764,32624,82,11.0,33.0,0.0
1783935826.5,764,32624,82,17.0,33.0,87.0
1783935827.1,764,32624,82,11.0,33.0,0.0
1783935827.7,764,32624,98,22.0,33.0,0.0
1783935828.3,764,32624,82,14.0,32.0,18.0
1783935828.9,764,32624,82,11.0,33.0,0.0
1783935829.5,764,32624,82,10.0,32.0,0.0
1783935830.1,764,32624,82,11.0,33.0,0.0
1783935830.7,764,32624,82,11.0,33.0,0.0
1783935831.3,764,32624,82,10.0,32.0,0.0
1783935831.9,764,32624,82,10.0,33.0,0.0
1783935832.5,764,32624,96,21.0,33.0,0.0
1783935833.1,764,32624,96,11.0,33.0,0.0
1783935833.6,764,32624,82,11.0,33.0,0.0
1783935834.2,764,32624,82,12.0,32.0,0.0
1783935834.8,764,32624,82,11.0,33.0,0.0
1783935835.4,764,32624,82,11.0,32.0,0.0
1783935836.0,764,32624,82,11.0,32.0,0.0
1783935836.6,764,32624,82,12.0,33.0,0.0
1783935837.2,764,32624,82,11.0,32.0,0.0
1783935837.8,764,32624,82,10.0,33.0,0.0
1783935838.4,764,32624,82,10.0,33.0,0.0
1783935839.0,764,32624,82,11.0,33.0,0.0
1783935839.6,764,32624,82,16.0,33.0,95.0
1783935840.2,764,32624,82,11.0,33.0,0.0
1783935840.7,764,32624,80,11.0,33.0,0.0
1783935841.3,764,32624,80,14.0,33.0,0.0
1783935841.9,764,32624,80,10.0,33.0,0.0
1783935842.5,764,32624,94,12.0,33.0,0.0
1783935843.1,764,32624,94,11.0,33.0,0.0
1783935843.7,764,32624,80,12.0,33.0,0.0
1783935844.3,764,32624,80,11.0,33.0,0.0
1783935844.9,764,32624,80,10.0,33.0,0.0
1783935845.5,764,32624,80,12.0,33.0,0.0
1783935846.1,764,32624,80,11.0,33.0,0.0
1783935846.7,764,32624,80,11.0,32.0,0.0
1783935847.3,764,32624,87,11.0,33.0,0.0
1783935847.9,764,32624,93,11.0,33.0,0.0
1783935848.5,764,32624,79,23.0,33.0,0.0
1783935849.1,764,32624,79,11.0,33.0,0.0
1783935849.7,764,32624,79,11.0,33.0,0.0
1783935850.3,764,32624,79,11.0,32.0,0.0
1783935850.9,764,32624,79,11.0,33.0,0.0
1783935851.5,764,32624,80,13.0,33.0,0.0
1783935852.1,764,32624,80,11.0,33.0,0.0
1783935852.7,764,32624,80,11.0,33.0,0.0
1783935853.3,764,32624,80,11.0,33.0,0.0
1783935853.9,755,32624,88,11.0,32.0,0.0
1783935854.5,755,32624,88,11.0,33.0,0.0
1783935855.1,755,32624,88,11.0,33.0,0.0
1783935855.7,745,32624,84,12.0,33.0,0.0
1783935856.2,745,32624,84,11.0,33.0,0.0
1783935856.8,745,32624,84,11.0,33.0,0.0
1783935857.4,745,32624,97,22.0,33.0,0.0
1783935858.0,745,32624,97,11.0,33.0,0.0
1783935858.6,745,32624,83,11.0,33.0,0.0
1783935859.2,745,32624,83,12.0,32.0,0.0
1783935859.8,745,32624,84,11.0,33.0,0.0
1783935860.4,745,32624,84,11.0,32.0,0.0
1783935861.0,745,32624,84,12.0,33.0,0.0
1783935861.6,745,32624,84,11.0,33.0,0.0
1783935862.2,745,32624,84,11.0,33.0,0.0
1783935862.8,745,32624,97,11.0,33.0,0.0
1783935863.4,745,32624,83,26.0,32.0,325.0
1783935864.0,745,32624,83,11.0,32.0,0.0
1783935864.6,745,32624,84,11.0,33.0,0.0
1783935865.1,745,32624,84,11.0,32.0,0.0
1783935865.7,745,32624,84,12.0,33.0,141.0
1783935866.3,745,32624,84,11.0,33.0,0.0
1783935866.9,745,32624,84,11.0,33.0,0.0
1783935867.5,745,32624,84,11.0,32.0,0.0
1783935868.1,745,32624,84,11.0,33.0,0.0
1783935868.7,745,32624,84,11.0,33.0,0.0
1783935869.3,745,32624,84,10.0,33.0,0.0
1783935869.9,745,32624,84,10.0,32.0,0.0
1783935870.5,745,32624,84,11.0,33.0,0.0
1783935871.1,745,32624,84,10.0,33.0,0.0
1783935871.7,745,32624,84,11.0,32.0,0.0
1783935872.3,745,32624,93,20.0,33.0,821.0
1783935872.9,745,32624,104,11.0,33.0,0.0
1783935873.5,745,32624,86,11.0,33.0,0.0
1783935874.1,745,32624,86,10.0,33.0,0.0
1783935874.7,745,32624,86,11.0,33.0,0.0
1783935875.3,745,32624,86,16.0,32.0,29.0
1783935875.8,745,32624,86,12.0,32.0,0.0
1783935876.4,745,32624,86,11.0,33.0,0.0
1783935877.0,745,32624,86,11.0,33.0,0.0
1783935877.6,745,32624,99,10.0,33.0,0.0
1783935878.2,745,32624,99,10.0,33.0,0.0
1783935878.8,745,32624,86,11.0,33.0,0.0
1783935879.4,745,32624,86,22.0,33.0,0.0
1783935880.0,745,32624,86,11.0,33.0,0.0
1783935880.6,745,32624,86,12.0,33.0,0.0
1783935881.2,745,32624,86,11.0,33.0,0.0
1783935881.8,745,32624,86,11.0,32.0,0.0
1783935882.4,745,32624,86,10.0,33.0,0.0
1783935883.0,745,32624,86,11.0,33.0,0.0
1783935883.6,745,32624,86,11.0,32.0,0.0
1783935884.2,745,32624,86,12.0,32.0,0.0
1783935884.7,745,32624,86,10.0,33.0,0.0
1783935885.3,745,32624,86,11.0,32.0,0.0
1783935885.9,745,32624,86,11.0,32.0,0.0
1783935886.5,745,32624,86,11.0,33.0,0.0
1783935887.1,745,32624,86,11.0,33.0,0.0
1783935887.7,745,32624,99,10.0,33.0,0.0
1783935888.3,745,32624,99,11.0,33.0,0.0
1783935888.9,745,32624,91,11.0,33.0,0.0
1783935889.5,745,32624,85,11.0,33.0,0.0
1783935890.1,745,32624,85,11.0,33.0,0.0
1783935890.7,745,32624,85,11.0,32.0,0.0
1783935891.3,745,32624,85,12.0,33.0,0.0
1783935891.8,745,32624,85,11.0,32.0,0.0
1783935892.4,745,32624,99,22.0,33.0,0.0
1783935893.0,745,32624,99,10.0,33.0,0.0
1783935893.6,745,32624,85,11.0,33.0,0.0
1783935894.2,745,32624,85,11.0,32.0,0.0
1783935894.8,745,32624,85,10.0,33.0,0.0
1783935895.4,745,32624,85,16.0,33.0,44.0
1783935896.0,745,32624,85,11.0,32.0,0.0
1783935896.6,745,32624,85,10.0,32.0,0.0
1783935897.2,745,32624,85,12.0,33.0,0.0
1783935897.8,745,32624,85,11.0,32.0,0.0
1783935898.3,745,32624,85,12.0,32.0,0.0
1783935898.9,745,32624,91,12.0,32.0,0.0
1783935899.5,745,32624,91,12.0,33.0,0.0
1783935900.1,745,32624,91,11.0,33.0,0.0
1783935900.7,745,32624,85,11.0,32.0,0.0
1783935901.3,745,32624,85,11.0,33.0,0.0
1783935901.9,745,32624,85,10.0,33.0,0.0
1783935902.5,745,32624,102,24.0,33.0,368.0
1783935903.1,745,32624,101,11.0,33.0,0.0
1783935903.7,745,32624,86,12.0,33.0,0.0
1783935904.3,745,32624,86,11.0,33.0,0.0
1783935904.9,745,32624,86,11.0,33.0,0.0
1783935905.5,745,32624,86,12.0,33.0,0.0
1783935906.1,745,32624,86,11.0,33.0,0.0
1783935906.7,745,32624,86,10.0,33.0,0.0
1783935907.2,745,32624,86,11.0,32.0,0.0
1783935907.8,745,32624,99,10.0,33.0,0.0
1783935908.4,745,32624,86,22.0,33.0,0.0
1783935909.0,745,32624,92,11.0,33.0,0.0
1783935909.6,745,32624,86,11.0,33.0,0.0
1783935910.2,745,32624,86,11.0,33.0,0.0
1783935910.8,745,32624,86,11.0,33.0,0.0
1783935911.4,745,32624,86,12.0,33.0,240.0
1783935912.0,745,32624,86,11.0,33.0,0.0
1783935912.6,745,32624,86,10.0,33.0,0.0
1783935913.2,745,32624,86,12.0,33.0,0.0
1783935913.8,747,32624,88,11.0,33.0,0.0
1783935914.4,747,32624,88,11.0,33.0,0.0
1783935915.0,747,32624,88,11.0,33.0,0.0
1783935915.6,747,32624,88,11.0,33.0,0.0
1783935916.1,747,32624,88,11.0,33.0,0.0
1783935916.7,747,32624,88,11.0,33.0,0.0
1783935917.3,747,32624,97,22.0,33.0,0.0
1783935917.9,747,32624,105,11.0,33.0,0.0
1783935918.5,747,32624,88,12.0,33.0,0.0
1783935919.1,747,32624,88,11.0,33.0,0.0
1783935919.7,747,32624,88,11.0,32.0,0.0
1783935920.3,747,32624,88,12.0,33.0,0.0
1783935920.9,747,32624,88,14.0,32.0,1568.0
1783935921.5,747,32624,88,11.0,33.0,0.0
1783935922.1,747,32624,88,12.0,33.0,0.0
1783935922.7,747,32624,102,12.0,33.0,0.0
1783935923.3,747,32624,88,12.0,33.0,0.0
1783935923.9,747,32624,88,11.0,33.0,0.0
1783935924.5,747,32624,88,10.0,33.0,0.0
1783935925.1,747,32624,88,11.0,33.0,0.0
1783935925.7,747,32624,88,11.0,32.0,0.0
1783935926.3,747,32624,88,11.0,33.0,0.0
1783935926.8,747,32624,88,11.0,33.0,0.0
1783935927.4,747,32624,88,15.0,33.0,20.0
1783935928.0,747,32624,88,12.0,33.0,0.0
1783935928.6,747,32624,88,11.0,33.0,0.0
1783935929.2,747,32624,88,11.0,33.0,0.0
1783935929.8,747,32624,88,11.0,33.0,0.0
1783935930.4,747,32624,88,11.0,33.0,0.0
1783935931.0,747,32624,88,12.0,32.0,0.0
1783935931.6,747,32624,88,10.0,33.0,0.0
1783935932.2,747,32624,83,19.0,32.0,384.0
1783935932.8,747,32624,105,12.0,32.0,0.0
1783935933.4,747,32624,88,11.0,33.0,0.0
1783935934.0,747,32624,94,12.0,33.0,0.0
1783935934.6,747,32624,88,11.0,32.0,0.0
1783935935.2,747,32624,88,10.0,32.0,0.0
1783935935.8,747,32624,88,11.0,33.0,0.0
1783935936.4,747,32624,88,10.0,33.0,0.0
1783935937.0,747,32624,88,12.0,33.0,0.0
1783935937.6,747,32624,101,22.0,33.0,0.0
1783935938.1,747,32624,101,11.0,32.0,0.0
1783935938.7,747,32624,88,11.0,33.0,0.0
1783935939.3,747,32624,88,11.0,32.0,0.0
1783935939.9,747,32624,88,11.0,33.0,0.0
1783935940.5,747,32624,88,11.0,33.0,0.0
1783935941.1,747,32624,88,11.0,33.0,0.0
1783935941.7,747,32624,88,11.0,32.0,0.0
1783935942.3,747,32624,88,11.0,32.0,0.0
1783935942.9,747,32624,88,12.0,32.0,0.0
1783935943.5,747,32624,88,11.0,32.0,0.0
1783935944.1,747,32624,88,11.0,33.0,0.0
1783935944.7,747,32624,88,15.0,32.0,24.0
1783935945.3,747,32624,88,11.0,32.0,0.0
1783935945.9,747,32624,88,11.0,33.0,0.0
1783935946.5,747,32624,88,17.0,32.0,44.0
1783935947.1,747,32624,88,10.0,32.0,0.0
1783935947.7,747,32624,111,22.0,33.0,0.0
1783935948.2,747,32624,111,11.0,33.0,0.0
1783935948.8,747,32624,88,11.0,33.0,0.0
1783935949.4,747,32624,88,18.0,32.0,38.0
1783935950.0,747,32624,88,11.0,33.0,0.0
1783935950.6,747,32624,88,11.0,32.0,0.0
1783935951.2,747,32624,88,15.0,33.0,26.0
1783935951.8,747,32624,88,11.0,32.0,0.0
1783935952.4,747,32624,102,22.0,33.0,0.0
1783935953.0,747,32624,102,11.0,32.0,0.0
1783935953.6,747,32624,88,11.0,32.0,0.0
1783935954.2,747,32624,88,12.0,32.0,0.0
1783935954.8,747,32624,88,10.0,33.0,0.0
1783935955.4,747,32624,88,14.0,32.0,530.0
1783935956.0,747,32624,88,11.0,33.0,0.0
1783935956.6,747,32624,88,13.0,32.0,0.0
1783935957.2,747,32624,88,11.0,32.0,0.0
1783935957.8,747,32624,88,11.0,33.0,0.0
1783935958.4,747,32624,88,11.0,33.0,0.0
1783935959.0,747,32624,88,12.0,33.0,0.0
1783935959.6,747,32624,88,11.0,32.0,0.0
1783935960.2,747,32624,88,11.0,33.0,0.0
1783935960.8,747,32624,88,19.0,33.0,572.0
1783935961.4,747,32624,88,11.0,32.0,0.0
1783935962.0,747,32624,88,11.0,33.0,0.0
1783935962.6,747,32624,105,25.0,33.0,29.0
1783935963.2,747,32624,94,11.0,33.0,0.0
1783935963.8,747,32624,88,13.0,32.0,277.0
1783935964.4,747,32624,88,13.0,32.0,0.0
1783935965.0,747,32624,94,14.0,33.0,0.0
1783935965.6,747,32624,94,11.0,32.0,0.0
1783935966.2,747,32624,94,11.0,32.0,0.0
1783935966.8,747,32624,88,10.0,32.0,0.0
1783935967.4,747,32624,102,24.0,32.0,0.0
1783935968.0,747,32624,102,11.0,33.0,0.0
1783935968.6,747,32624,102,11.0,32.0,0.0
1783935969.2,747,32624,88,11.0,33.0,0.0
1783935969.7,747,32624,88,12.0,32.0,0.0
1783935970.3,747,32624,88,10.0,33.0,0.0
1783935970.9,747,32624,88,11.0,33.0,0.0
1783935971.5,747,32624,88,10.0,33.0,0.0
1783935972.1,747,32624,88,10.0,33.0,0.0
1783935972.7,747,32624,88,10.0,32.0,0.0
1783935973.3,747,32624,85,11.0,32.0,0.0
1783935973.9,747,32624,85,11.0,32.0,0.0
1783935974.5,747,32624,91,11.0,32.0,0.0
1783935975.1,747,32624,91,11.0,33.0,0.0
1783935975.7,747,32624,86,11.0,33.0,0.0
1783935976.3,747,32624,81,11.0,32.0,0.0
1783935976.9,747,32624,88,11.0,33.0,0.0
1783935977.5,747,32624,118,22.0,33.0,0.0
1783935978.1,747,32624,96,10.0,33.0,0.0
1783935978.7,747,32624,96,12.0,33.0,0.0
1783935979.3,747,32624,96,12.0,33.0,0.0
1783935979.9,747,32624,81,12.0,33.0,0.0
1783935980.5,747,32624,81,12.0,33.0,0.0
1783935981.0,747,32624,81,11.0,33.0,0.0
1783935981.6,747,32624,81,11.0,33.0,0.0
1783935982.2,747,32624,81,11.0,33.0,0.0
1783935982.8,747,32624,95,11.0,33.0,0.0
1783935983.4,747,32624,81,11.0,33.0,0.0
1783935984.0,747,32624,81,11.0,33.0,0.0
1783935984.6,747,32624,81,12.0,33.0,0.0
1783935985.2,747,32624,81,10.0,33.0,0.0
1783935985.8,747,32624,81,12.0,33.0,0.0
1783935986.4,747,32624,81,12.0,33.0,0.0
1783935987.0,747,32624,86,11.0,32.0,0.0
1783935987.6,747,32624,86,11.0,33.0,0.0
1783935988.2,747,32624,86,10.0,33.0,0.0
1783935988.8,747,32624,86,11.0,33.0,0.0
1783935989.4,747,32624,86,11.0,33.0,0.0
1783935989.9,747,32624,86,11.0,32.0,0.0
1783935990.5,747,32624,86,11.0,32.0,0.0
1783935991.1,747,32624,86,10.0,32.0,0.0
1783935991.7,747,32624,86,10.0,32.0,0.0
1783935992.3,747,32624,95,25.0,33.0,11.0
1783935992.9,747,32624,97,11.0,32.0,0.0
1783935993.5,747,32624,97,12.0,33.0,0.0
1783935994.1,747,32624,97,10.0,32.0,0.0
1783935994.7,747,32624,97,10.0,32.0,0.0
1783935995.3,747,32624,88,12.0,33.0,0.0
1783935995.9,747,32624,88,11.0,32.0,0.0
1783935996.5,747,32624,88,9.0,32.0,0.0
1783935997.1,747,32624,88,9.0,32.0,0.0
1783935997.7,747,32624,95,11.0,32.0,0.0
1783935998.2,747,32624,95,12.0,32.0,0.0
1783935998.8,747,32624,95,11.0,32.0,0.0
1783935999.4,747,32624,91,21.0,32.0,261.0
1783936000.0,747,32624,91,10.0,32.0,0.0
1783936000.6,747,32624,91,10.0,32.0,0.0
1783936001.2,747,32624,91,11.0,32.0,0.0
1783936001.8,747,32624,104,29.0,33.0,49.0
1783936002.4,747,32624,108,22.0,33.0,0.0
1783936003.0,747,32624,112,11.0,33.0,0.0
1783936003.6,747,32624,108,11.0,33.0,0.0
1783936004.2,747,32624,90,22.0,33.0,0.0
1783936004.8,747,32624,90,11.0,33.0,0.0
1783936005.4,747,32624,90,22.0,33.0,0.0
1783936006.0,747,32624,94,14.0,33.0,52.0
1783936006.6,747,32624,88,12.0,33.0,0.0
1783936007.2,747,32624,88,11.0,33.0,0.0
1783936007.8,747,32624,88,10.0,33.0,0.0
1783936008.4,747,32624,107,25.0,33.0,500.0
1783936009.0,747,32624,120,11.0,33.0,0.0
1783936009.6,747,32624,81,22.0,33.0,0.0
1783936010.2,747,32624,104,22.0,33.0,0.0
1783936010.8,747,32624,112,22.0,33.0,0.0
1783936011.4,747,32624,111,11.0,33.0,0.0
1783936012.0,747,32624,111,11.0,33.0,0.0
1783936012.6,747,32624,111,10.0,33.0,0.0
1783936013.2,747,32624,87,14.0,33.0,44.0
1783936013.8,747,32624,87,11.0,33.0,0.0
1783936014.4,747,32624,87,13.0,33.0,528.0
1783936015.0,747,32624,110,10.0,33.0,0.0
1783936015.6,747,32624,110,11.0,33.0,0.0
1783936016.2,747,32624,87,10.0,33.0,0.0
1783936016.8,747,32624,100,22.0,33.0,0.0
1783936017.4,747,32624,100,11.0,33.0,0.0
1783936018.0,747,32624,100,10.0,33.0,0.0
1783936018.6,747,32624,85,25.0,33.0,46.0
1783936019.2,747,32624,108,11.0,33.0,0.0
1783936019.8,747,32624,86,25.0,33.0,34.0
1783936020.4,747,32624,86,11.0,32.0,0.0
1783936021.0,747,32624,86,10.0,33.0,0.0
1783936021.5,747,32624,86,11.0,33.0,0.0
1783936022.2,747,32624,86,11.0,33.0,0.0
1783936022.7,747,32624,86,11.0,33.0,0.0
1783936023.3,747,32624,86,11.0,33.0,0.0
1783936023.9,747,32624,104,11.0,33.0,0.0
1783936024.5,747,32624,104,12.0,33.0,0.0
1783936025.1,747,32624,85,12.0,32.0,0.0
1783936025.7,747,32624,98,11.0,33.0,0.0
1783936026.3,747,32624,98,10.0,33.0,0.0
1783936026.9,747,32624,87,18.0,33.0,1306.0
1783936027.5,747,32624,93,27.0,33.0,55.0
1783936028.1,747,32624,87,10.0,33.0,0.0
1783936028.7,747,32624,87,11.0,33.0,0.0
1783936029.3,747,32624,85,16.0,33.0,1250.0
1783936029.9,747,32624,87,16.0,33.0,32.0
1783936030.5,747,32624,87,16.0,33.0,18.0
1783936031.1,747,32624,87,11.0,33.0,0.0
1783936031.7,747,32624,84,10.0,33.0,0.0
1783936032.3,747,32624,96,22.0,33.0,0.0
1783936032.9,747,32624,98,26.0,33.0,1333.0
1783936033.5,747,32624,98,11.0,33.0,0.0
1783936034.1,747,32624,98,12.0,33.0,0.0
1783936034.7,747,32624,111,17.0,33.0,1185.0
1783936035.3,747,32624,102,26.0,33.0,45.0
1783936035.9,747,32624,104,23.0,33.0,0.0
1783936036.5,747,32624,104,10.0,33.0,0.0
1783936037.1,747,32624,88,11.0,33.0,0.0
1783936037.6,747,32624,88,12.0,33.0,0.0
1783936038.3,747,32624,86,11.0,32.0,0.0
1783936038.8,747,32624,89,10.0,33.0,0.0
1783936039.4,747,32624,89,24.0,33.0,654.0
1783936040.0,747,32624,89,12.0,33.0,0.0
1783936040.6,747,32624,95,23.0,33.0,0.0
1783936041.2,747,32624,95,11.0,33.0,0.0
1783936041.8,747,32624,90,10.0,33.0,0.0
1783936042.4,747,32624,90,10.0,33.0,0.0
1783936043.0,747,32624,90,9.0,33.0,0.0
1783936043.6,747,32624,90,9.0,33.0,0.0
1783936044.2,747,32624,123,15.0,33.0,1211.0
1783936044.8,747,32624,102,25.0,33.0,6.0
1783936045.4,747,32624,85,11.0,33.0,0.0
1783936046.0,747,32624,111,11.0,33.0,0.0
1783936046.6,747,32624,96,22.0,33.0,0.0
1783936047.2,747,32624,106,27.0,33.0,1511.0
1783936047.8,747,32624,110,10.0,33.0,0.0
1783936048.4,747,32624,110,12.0,33.0,0.0
1783936049.0,747,32624,91,16.0,33.0,1323.0
1783936049.6,747,32624,104,11.0,33.0,0.0
1783936050.2,747,32624,96,23.0,33.0,195.0
1783936050.8,747,32624,108,14.0,33.0,594.0
1783936051.4,747,32624,85,15.0,32.0,1577.0
1783936052.0,747,32624,85,15.0,33.0,1453.0
1783936052.6,747,32624,85,15.0,33.0,1425.0
1783936053.2,747,32624,91,11.0,33.0,0.0
1783936053.8,747,32624,89,16.0,33.0,1203.0
1783936054.4,747,32624,89,11.0,32.0,0.0
1783936055.0,747,32624,89,10.0,33.0,0.0
1783936055.6,747,32624,103,20.0,33.0,307.0
1783936056.2,747,32624,88,12.0,33.0,2.0
1783936056.8,747,32624,121,23.0,33.0,130.0
1783936057.4,747,32624,104,25.0,33.0,55.0
1783936058.0,747,32624,98,12.0,33.0,0.0
1783936058.6,747,32624,98,11.0,33.0,0.0
1783936059.2,747,32624,98,11.0,33.0,0.0
1783936059.8,747,32624,98,10.0,33.0,0.0
1783936060.4,747,32624,98,10.0,33.0,0.0
1783936061.0,747,32624,98,10.0,33.0,0.0
1783936061.6,747,32624,98,11.0,33.0,0.0
1783936062.2,747,32624,98,10.0,33.0,0.0
1783936062.7,747,32624,98,10.0,32.0,0.0
1783936063.3,747,32624,98,11.0,33.0,0.0
1783936063.9,747,32624,98,10.0,32.0,0.0
1783936064.5,747,32624,102,25.0,33.0,543.0
1783936065.1,747,32624,104,21.0,33.0,76.0
1783936065.7,747,32624,104,11.0,33.0,0.0
1783936066.3,747,32624,88,10.0,32.0,0.0
1783936066.9,747,32624,88,11.0,33.0,0.0
1783936067.5,747,32624,90,16.0,32.0,1323.0
1783936068.1,747,32624,90,11.0,33.0,0.0
1783936068.7,747,32624,90,16.0,33.0,1434.0
1783936069.3,747,32624,130,25.0,33.0,1866.0
1783936069.9,747,32624,90,20.0,33.0,117.0
1783936070.5,747,32624,128,11.0,33.0,0.0
1783936071.1,747,32624,111,24.0,33.0,0.0
1783936071.7,747,32624,97,12.0,33.0,0.0
1783936072.3,747,32624,97,10.0,33.0,0.0
1783936072.9,747,32624,92,10.0,33.0,0.0
1783936073.5,747,32624,92,11.0,32.0,0.0
1783936074.1,747,32624,92,10.0,33.0,0.0
1783936074.7,747,32624,83,11.0,33.0,0.0
1783936075.3,747,32624,100,26.0,33.0,1395.0
1783936075.9,747,32624,88,20.0,33.0,639.0
1783936076.5,747,32624,88,11.0,33.0,0.0
1783936077.1,747,32624,101,17.0,32.0,26.0
1783936077.7,747,32624,104,12.0,33.0,0.0
1783936078.3,747,32624,102,27.0,33.0,96.0
1783936078.9,747,32624,88,17.0,33.0,1518.0
1783936079.5,747,32624,93,15.0,33.0,6.0
1783936080.1,747,32624,91,20.0,33.0,353.0
1783936080.7,747,32624,85,11.0,33.0,0.0
1783936081.3,747,32624,101,21.0,33.0,0.0
1783936081.9,747,32624,96,30.0,33.0,792.0
1783936082.5,747,32624,102,25.0,33.0,45.0
1783936083.1,747,32624,102,10.0,33.0,0.0
1783936083.7,747,32624,110,11.0,33.0,0.0
1783936084.3,747,32624,94,13.0,33.0,6.0
1783936084.9,747,32624,93,12.0,33.0,0.0
1783936085.5,747,32624,88,20.0,33.0,423.0
1783936086.1,747,32624,90,17.0,33.0,120.0
1783936086.7,747,32624,90,11.0,33.0,0.0
1783936087.3,747,32624,117,23.0,33.0,1017.0
1783936087.9,747,32624,104,24.0,33.0,89.0
1783936088.5,747,32624,104,13.0,33.0,0.0
1783936089.1,747,32624,85,22.0,33.0,0.0
1783936089.7,747,32624,108,26.0,33.0,1631.0
1783936090.3,747,32624,94,16.0,32.0,44.0
1783936090.9,747,32624,86,12.0,33.0,554.0
1783936091.5,747,32624,90,11.0,33.0,0.0
1783936092.1,747,32624,100,10.0,33.0,0.0
1783936092.7,747,32624,100,12.0,33.0,0.0
1783936093.3,747,32624,98,11.0,33.0,0.0
1783936093.9,752,32624,98,11.0,33.0,0.0
1783936094.5,752,32624,88,10.0,33.0,0.0
1783936095.1,752,32624,88,11.0,33.0,0.0
1783936095.7,752,32624,88,11.0,33.0,0.0
1783936096.3,752,32624,88,11.0,33.0,0.0
1783936096.9,752,32624,88,11.0,33.0,0.0
1783936097.5,752,32624,88,11.0,33.0,0.0
1783936098.1,752,32624,88,12.0,33.0,0.0
1783936098.7,752,32624,97,11.0,33.0,0.0
1783936099.3,752,32624,81,25.0,33.0,135.0
1783936099.9,752,32624,103,11.0,33.0,0.0
1783936100.5,752,32624,100,22.0,33.0,0.0
1783936101.1,752,32624,98,11.0,33.0,0.0
1783936101.7,752,32624,100,11.0,33.0,0.0
1783936102.3,752,32624,104,10.0,33.0,0.0
1783936102.9,752,32624,104,10.0,33.0,0.0
1783936103.5,752,32624,99,11.0,33.0,0.0
1783936104.1,752,32624,95,22.0,34.0,0.0
1783936104.7,752,32624,102,11.0,33.0,0.0
1783936105.2,752,32624,100,22.0,33.0,0.0
1783936105.8,752,32624,98,11.0,33.0,0.0
1783936106.4,752,32624,101,20.0,33.0,500.0
1783936107.0,752,32624,101,11.0,33.0,0.0
1783936107.6,752,32624,101,11.0,33.0,0.0
1783936108.2,752,32624,101,12.0,33.0,0.0
1783936108.8,752,32624,99,11.0,33.0,0.0
1783936109.4,752,32624,102,11.0,33.0,0.0
1783936110.0,752,32624,107,23.0,33.0,2.0
1783936110.6,752,32624,107,11.0,33.0,0.0
1783936111.2,752,32624,104,10.0,33.0,0.0
1783936111.8,752,32624,104,11.0,33.0,0.0
1783936112.4,752,32624,100,11.0,33.0,0.0
1783936113.0,752,32624,98,23.0,33.0,0.0
1783936113.6,752,32624,103,22.0,33.0,0.0
1783936114.2,752,32624,87,11.0,33.0,0.0
1783936114.8,752,32624,87,11.0,33.0,0.0
1783936115.4,752,32624,86,13.0,33.0,467.0
1783936116.0,752,32624,86,11.0,33.0,0.0
1783936116.6,752,32624,86,19.0,33.0,268.0
1783936117.2,752,32624,88,16.0,33.0,1683.0
1783936117.8,752,32624,84,15.0,33.0,18.0
1783936118.4,752,32624,91,16.0,33.0,1666.0
1783936119.0,752,32624,89,17.0,33.0,1557.0
1783936119.6,752,32624,89,16.0,33.0,1518.0
1783936120.2,752,32624,89,16.0,33.0,1715.0
1783936120.8,752,32624,91,11.0,33.0,0.0
1783936121.4,752,32624,101,23.0,33.0,0.0
1783936122.0,752,32624,114,11.0,33.0,0.0
1783936122.6,752,32624,98,11.0,33.0,0.0
1783936123.2,752,32624,98,12.0,33.0,0.0
1783936123.8,752,32624,98,10.0,33.0,0.0
1783936124.4,752,32624,98,9.0,33.0,0.0
1783936125.0,752,32624,85,12.0,33.0,0.0
1783936125.6,752,32624,98,21.0,33.0,0.0
1783936126.2,752,32624,98,11.0,33.0,0.0
1783936126.8,752,32624,98,10.0,33.0,0.0
1783936127.4,752,32624,85,22.0,33.0,0.0
1783936128.0,752,32624,98,11.0,33.0,0.0
1783936128.6,752,32624,98,10.0,33.0,0.0
1783936129.2,752,32624,98,10.0,33.0,0.0
1783936129.7,752,32624,98,10.0,33.0,0.0
1783936130.3,752,32624,98,10.0,33.0,0.0
1783936130.9,752,32624,85,12.0,33.0,0.0
1783936131.5,752,32624,98,11.0,33.0,0.0
1783936132.1,752,32624,98,10.0,33.0,0.0
1783936132.7,752,32624,98,11.0,33.0,0.0
1783936133.3,752,32624,98,11.0,33.0,0.0
1783936133.9,752,32624,91,22.0,33.0,0.0
1783936134.5,752,32624,104,11.0,33.0,0.0
1783936135.1,752,32624,104,10.0,33.0,0.0
1783936135.7,752,32624,88,12.0,33.0,0.0
1783936136.3,752,32624,99,22.0,33.0,0.0
1783936136.9,752,32624,99,25.0,33.0,6.0
1783936137.5,752,32624,99,11.0,33.0,0.0
1783936138.0,754,32624,98,11.0,33.0,0.0
1783936138.6,754,32624,100,11.0,33.0,0.0
1783936139.2,752,32624,100,17.0,33.0,68.0
1783936139.8,752,32624,100,10.0,33.0,0.0
1783936140.4,752,32624,104,12.0,33.0,0.0
1783936141.0,752,32624,104,11.0,33.0,0.0
1783936141.6,752,32624,104,11.0,33.0,0.0
1783936142.2,752,32624,100,26.0,33.0,65.0
1783936142.8,752,32624,100,23.0,33.0,0.0
1783936143.4,752,32624,100,12.0,33.0,0.0
1783936144.0,752,32624,100,11.0,33.0,0.0
1783936144.6,752,32624,102,22.0,33.0,0.0
1783936145.2,754,32624,111,22.0,33.0,0.0
1783936145.7,754,32624,100,22.0,33.0,0.0
1783936146.3,754,32624,100,11.0,33.0,0.0
1783936146.9,752,32624,84,20.0,33.0,158.0
1783936147.5,752,32624,98,22.0,33.0,0.0
1783936148.1,752,32624,98,11.0,33.0,0.0
1783936148.7,752,32624,98,10.0,33.0,0.0
1783936149.3,752,32624,98,10.0,33.0,0.0
1783936149.9,752,32624,98,12.0,33.0,0.0
1783936150.5,752,32624,98,22.0,33.0,0.0
1783936151.1,752,32624,95,22.0,33.0,0.0
1783936151.7,752,32624,100,22.0,33.0,0.0
1783936152.3,752,32624,100,11.0,33.0,0.0
1783936152.9,757,32624,113,10.0,33.0,0.0
1783936153.5,753,32624,104,22.0,33.0,0.0
1783936154.1,758,32624,85,10.0,33.0,0.0
1783936154.7,758,32624,112,24.0,33.0,361.0
1783936155.3,758,32624,125,22.0,33.0,0.0
1783936156.0,758,32624,110,28.0,33.0,578.0
1783936156.7,758,32624,87,15.0,33.0,14.0
1783936157.5,758,32624,103,15.0,33.0,41.0
1783936158.1,758,32624,107,26.0,33.0,1665.0
1783936158.8,758,32624,100,11.0,33.0,0.0
1783936159.5,758,32624,85,11.0,33.0,0.0
1783936160.1,758,32624,89,15.0,33.0,29.0
1783936160.8,758,32624,113,23.0,33.0,0.0
1783936161.5,758,32624,117,18.0,34.0,3.0
1783936162.2,758,32624,104,22.0,33.0,0.0
1783936163.0,758,32624,117,17.0,33.0,500.0
1783936163.8,758,32624,91,15.0,33.0,115.0
1783936164.5,758,32624,93,12.0,33.0,0.0
1783936165.2,758,32624,85,11.0,33.0,0.0
1783936165.9,758,32624,93,11.0,33.0,0.0
1783936166.7,758,32624,85,11.0,33.0,0.0
1783936167.4,758,32624,83,16.0,33.0,241.0
1783936168.1,758,32624,102,12.0,33.0,120.0
1783936168.8,758,32624,83,12.0,33.0,0.0
1783936169.4,758,32624,85,15.0,33.0,52.0
1783936170.1,758,32624,89,15.0,33.0,1324.0
1783936170.8,758,32624,89,10.0,33.0,0.0
1783936171.5,758,32624,88,12.0,33.0,0.0
1783936172.1,758,32624,88,11.0,33.0,0.0
1783936172.8,758,32624,82,15.0,33.0,82.0
1783936173.6,758,32624,88,10.0,33.0,0.0
1783936174.4,758,32624,84,11.0,33.0,0.0
1783936175.0,758,32624,104,25.0,33.0,33.0
1783936175.7,755,32624,106,11.0,33.0,0.0
1783936176.6,755,32624,89,16.0,33.0,1400.0
1783936177.3,755,32624,85,11.0,33.0,0.0
1783936178.0,755,32624,82,14.0,33.0,23.0
1783936178.8,755,32624,82,15.0,33.0,34.0
1783936179.5,755,32624,79,14.0,33.0,0.0
1783936180.2,755,32624,95,27.0,33.0,61.0
1783936180.9,755,32624,110,10.0,33.0,0.0
1783936181.6,755,32624,103,24.0,33.0,345.0
1783936182.3,755,32624,81,15.0,33.0,562.0
1783936183.0,755,32624,108,11.0,33.0,0.0
1783936183.7,755,32624,108,12.0,33.0,194.0
1783936184.5,755,32624,95,11.0,33.0,0.0
1783936185.1,755,32624,83,26.0,33.0,1283.0
1783936185.8,755,32624,98,13.0,33.0,0.0
1783936186.5,755,32624,93,10.0,33.0,0.0
1783936187.3,755,32624,93,11.0,33.0,0.0
1783936188.0,755,32624,79,12.0,33.0,0.0
1783936188.8,755,32624,107,27.0,34.0,14.0
1783936189.6,755,32624,93,16.0,33.0,6.0
1783936190.2,755,32624,102,26.0,34.0,62.0
1783936190.8,755,32624,94,11.0,33.0,0.0
1783936191.4,755,32624,84,11.0,33.0,0.0
1783936192.0,755,32624,84,12.0,34.0,0.0
1783936192.6,755,32624,84,26.0,33.0,1584.0
1783936193.2,755,32624,74,23.0,34.0,0.0
1783936193.8,672,32624,62,26.0,33.0,0.0
1783936194.4,660,32624,60,10.0,33.0,0.0
1783936195.0,660,32624,60,11.0,33.0,0.0
1783936195.6,660,32624,60,11.0,33.0,0.0
1783936196.2,660,32624,61,11.0,33.0,0.0
1783936196.8,660,32624,61,11.0,33.0,0.0
1783936197.3,660,32624,61,11.0,33.0,0.0
1783936197.9,660,32624,60,10.0,33.0,0.0
1783936198.5,660,32624,57,15.0,33.0,18.0
1783936199.1,660,32624,57,11.0,33.0,0.0
1783936199.7,660,32624,57,11.0,33.0,0.0
1783936200.3,660,32624,57,11.0,33.0,0.0
1783936200.9,660,32624,57,11.0,33.0,0.0
1783936201.5,660,32624,57,11.0,33.0,0.0
1783936202.1,633,32624,57,25.0,33.0,0.0
1783936202.7,633,32624,57,12.0,33.0,0.0
1783936203.3,633,32624,57,11.0,33.0,0.0
1783936203.9,633,32624,57,11.0,33.0,0.0
1783936204.5,633,32624,57,11.0,33.0,0.0
1783936205.1,633,32624,57,11.0,33.0,0.0
1783936205.7,633,32624,57,11.0,33.0,0.0
1783936206.3,633,32624,57,16.0,33.0,131.0
1783936206.9,633,32624,57,10.0,33.0,0.0
1783936207.5,633,32624,57,15.0,33.0,390.0
1783936208.0,633,32624,57,10.0,33.0,0.0
1783936208.6,633,32624,57,10.0,33.0,0.0
1783936209.2,633,32624,57,11.0,33.0,0.0
1783936209.8,633,32624,57,11.0,33.0,0.0
1783936210.4,633,32624,57,18.0,33.0,740.0
1783936211.0,633,32624,57,17.0,33.0,924.0
1783936211.6,633,32624,60,11.0,33.0,0.0
1783936212.2,656,32624,86,15.0,33.0,1707.0
1783936212.8,656,32624,92,11.0,33.0,0.0
1783936213.4,656,32624,88,22.0,33.0,0.0
1783936214.0,656,32624,88,12.0,33.0,0.0
1783936214.6,656,32624,88,11.0,33.0,0.0
1783936215.2,656,32624,76,11.0,33.0,0.0
1783936215.8,656,32624,76,11.0,33.0,0.0
1783936216.4,656,32624,76,11.0,33.0,0.0
1783936217.0,656,32624,76,11.0,33.0,0.0
1783936217.6,656,32624,76,11.0,33.0,0.0
1783936218.2,656,32624,86,10.0,33.0,0.0
1783936218.8,656,32624,86,11.0,33.0,0.0
1783936219.4,656,32624,86,11.0,33.0,0.0
1783936220.0,656,32624,78,11.0,33.0,0.0
1783936220.6,652,32624,78,11.0,33.0,0.0
1783936221.1,652,32624,78,11.0,33.0,0.0
1783936221.7,652,32624,78,11.0,33.0,0.0
1783936222.3,652,32624,78,11.0,33.0,0.0
1783936222.9,652,32624,78,11.0,33.0,0.0
1783936223.5,652,32624,78,11.0,33.0,0.0
1783936224.1,652,32624,78,10.0,33.0,0.0
1783936224.7,652,32624,78,11.0,33.0,0.0
1783936225.3,652,32624,78,11.0,33.0,0.0
1783936225.9,652,32624,78,11.0,33.0,0.0
1783936226.5,652,32624,78,11.0,33.0,0.0
1783936227.1,652,32624,78,10.0,33.0,0.0
1783936227.7,652,32624,78,11.0,33.0,0.0
1783936228.3,652,32624,78,11.0,33.0,0.0
1783936228.9,652,32624,78,10.0,33.0,0.0
1783936229.4,652,32624,78,11.0,33.0,0.0
1783936230.0,652,32624,78,12.0,33.0,0.0
1783936230.6,652,32624,78,10.0,33.0,0.0
1783936231.2,652,32624,78,9.0,33.0,0.0
1783936231.8,652,32624,78,9.0,33.0,0.0
1783936232.4,652,32624,78,14.0,33.0,53.0
1783936233.0,652,32624,78,12.0,33.0,0.0
1783936233.6,652,32624,78,11.0,33.0,0.0
1783936234.2,652,32624,78,10.0,33.0,0.0
1783936234.8,652,32624,78,11.0,33.0,0.0
1783936235.4,652,32624,78,11.0,33.0,0.0
1783936236.0,652,32624,78,12.0,33.0,0.0
1783936236.5,652,32624,78,11.0,33.0,0.0
1783936237.1,652,32624,78,10.0,33.0,0.0
1783936237.7,652,32624,78,12.0,33.0,0.0
1783936238.3,652,32624,78,12.0,33.0,0.0
1783936238.9,652,32624,78,11.0,33.0,0.0
1783936239.5,652,32624,78,10.0,33.0,0.0
1783936240.1,652,32624,78,11.0,33.0,0.0
1783936240.7,652,32624,78,9.0,33.0,0.0
1783936241.3,652,32624,78,10.0,33.0,0.0
1783936241.9,652,32624,78,11.0,33.0,0.0
1783936242.5,641,32624,78,11.0,33.0,0.0
1783936243.0,641,32624,78,11.0,33.0,0.0
1783936243.6,641,32624,78,11.0,33.0,0.0
1783936244.2,641,32624,78,11.0,33.0,0.0
1783936244.8,641,32624,78,11.0,33.0,0.0
1783936245.4,641,32624,78,14.0,33.0,38.0
1783936246.0,641,32624,78,11.0,33.0,0.0
1783936246.6,641,32624,78,11.0,33.0,0.0
1783936247.2,641,32624,78,12.0,33.0,0.0
1783936247.8,641,32624,78,12.0,33.0,0.0
1783936248.4,641,32624,78,11.0,33.0,0.0
1783936249.0,641,32624,78,11.0,33.0,0.0
1783936249.6,641,32624,78,15.0,33.0,734.0
1783936250.2,641,32624,76,14.0,33.0,28.0
1783936250.7,641,32624,76,11.0,33.0,0.0
1783936251.3,641,32624,76,10.0,33.0,0.0
1783936251.9,641,32624,76,16.0,33.0,74.0
1783936252.5,641,32624,76,10.0,33.0,0.0
1783936253.1,641,32624,76,12.0,33.0,0.0
1783936253.7,641,32624,76,11.0,33.0,0.0
1783936254.3,641,32624,76,11.0,33.0,0.0
1783936254.9,641,32624,76,10.0,33.0,0.0
1783936255.5,641,32624,76,11.0,33.0,0.0
1783936256.1,641,32624,76,12.0,33.0,0.0
1783936256.7,641,32624,76,12.0,33.0,0.0
1783936257.3,641,32624,76,12.0,33.0,0.0
1783936257.9,641,32624,76,14.0,33.0,6.0
1783936258.5,641,32624,76,11.0,33.0,0.0
1783936259.0,641,32624,76,12.0,33.0,0.0
1783936259.6,656,32624,78,26.0,33.0,32.0
1783936260.2,656,32624,78,15.0,33.0,16.0
1783936260.8,656,32624,76,26.0,33.0,68.0
1783936261.4,656,32624,76,26.0,33.0,786.0
1783936262.0,656,32624,87,25.0,33.0,1815.0
1783936262.6,663,32624,81,26.0,33.0,1539.0
1783936263.2,663,32624,79,28.0,33.0,29.0
1783936263.9,663,32624,79,11.0,33.0,0.0
1783936264.5,676,32624,73,27.0,33.0,109.0
1783936265.1,676,32624,67,23.0,33.0,500.0
1783936265.8,703,32624,94,27.0,33.0,1648.0
1783936266.4,701,32624,70,27.0,33.0,162.0
1783936267.0,701,32624,69,22.0,33.0,0.0
1783936267.7,697,32624,69,22.0,33.0,0.0
1783936268.3,697,32624,75,18.0,33.0,277.0
1783936268.9,697,32624,77,22.0,33.0,0.0
1783936269.6,709,32624,79,25.0,34.0,20.0
1783936270.2,701,32624,83,22.0,34.0,0.0
1783936270.9,738,32624,100,26.0,33.0,37.0
1783936271.5,721,32624,98,24.0,33.0,12.0
1783936272.2,718,32624,94,22.0,34.0,0.0
1783936272.8,717,32624,94,26.0,33.0,6.0
1783936273.4,717,32624,91,22.0,33.0,0.0
1783936274.0,717,32624,78,11.0,33.0,0.0
1783936274.7,717,32624,78,13.0,33.0,467.0
1783936275.3,717,32624,91,11.0,34.0,0.0
1783936275.9,717,32624,89,10.0,34.0,0.0
1783936276.5,717,32624,89,15.0,33.0,33.0
1783936277.1,717,32624,73,10.0,33.0,0.0
1783936277.7,717,32624,75,22.0,34.0,0.0
1783936278.3,717,32624,73,13.0,33.0,49.0
1783936278.9,717,32624,75,10.0,33.0,0.0
1783936279.5,717,32624,75,14.0,33.0,74.0
1783936280.1,717,32624,72,10.0,33.0,0.0
1783936280.7,717,32624,72,11.0,33.0,0.0
1783936281.3,717,32624,72,11.0,33.0,0.0
1783936281.9,717,32624,72,11.0,33.0,0.0
1783936282.5,717,32624,72,11.0,33.0,0.0
1783936283.1,717,32624,72,11.0,33.0,0.0
1783936283.7,717,32624,72,12.0,33.0,0.0
1783936284.2,717,32624,72,11.0,33.0,0.0
1783936284.8,717,32624,72,15.0,33.0,0.0
1783936285.4,717,32624,72,11.0,33.0,0.0
1783936286.0,717,32624,72,10.0,33.0,0.0
1783936286.6,717,32624,72,11.0,33.0,0.0
1783936287.2,717,32624,72,11.0,33.0,0.0
1783936287.8,717,32624,72,21.0,33.0,0.0
1783936288.4,717,32624,72,19.0,33.0,84.0
1783936289.0,717,32624,72,11.0,33.0,0.0
1783936289.6,717,32624,72,11.0,33.0,0.0
1783936290.2,717,32624,72,12.0,33.0,0.0
1783936290.8,717,32624,72,11.0,33.0,0.0
1783936291.4,717,32624,72,10.0,33.0,0.0
1783936292.0,717,32624,72,11.0,33.0,0.0
1783936292.6,717,32624,72,10.0,33.0,0.0
1783936293.2,717,32624,72,12.0,33.0,0.0
1783936293.8,717,32624,74,24.0,33.0,0.0
1783936294.4,717,32624,72,12.0,33.0,0.0
1783936295.0,717,32624,72,11.0,33.0,0.0
1783936295.6,717,32624,72,11.0,33.0,0.0
1783936296.2,717,32624,74,11.0,33.0,0.0
1783936296.8,717,32624,74,25.0,33.0,1531.0
1783936297.4,717,32624,88,15.0,33.0,6.0
1783936298.0,717,32624,72,22.0,33.0,0.0
1783936298.6,717,32624,72,11.0,33.0,0.0
1783936299.2,717,32624,88,26.0,33.0,41.0
1783936299.8,717,32624,74,11.0,33.0,0.0
1783936300.4,717,32624,74,11.0,33.0,0.0
1783936301.0,717,32624,72,12.0,33.0,0.0
1783936301.6,717,32624,72,10.0,33.0,0.0
1783936302.2,717,32624,88,12.0,33.0,0.0
1783936302.8,717,32624,72,13.0,33.0,18.0
1783936303.4,717,32624,72,10.0,33.0,0.0
1783936304.0,717,32624,72,11.0,33.0,0.0
1783936304.6,717,32624,72,14.0,33.0,6.0
1783936305.2,717,32624,72,10.0,33.0,0.0
1783936305.8,717,32624,72,11.0,33.0,0.0
1783936306.3,717,32624,72,22.0,33.0,0.0
1783936306.9,717,32624,72,10.0,33.0,0.0
1783936307.5,717,32624,72,11.0,33.0,0.0
1783936308.1,717,32624,72,11.0,33.0,0.0
1783936308.7,717,32624,72,11.0,33.0,0.0
1783936309.3,717,32624,78,11.0,33.0,0.0
1783936309.9,717,32624,78,11.0,33.0,0.0
1783936310.5,717,32624,74,22.0,33.0,0.0
1783936311.1,717,32624,106,22.0,34.0,0.0
1783936311.7,717,32624,91,10.0,33.0,0.0
1783936312.3,717,32624,77,10.0,33.0,0.0
1783936312.9,717,32624,97,22.0,33.0,0.0
1783936313.5,717,32624,94,10.0,34.0,0.0
1783936314.1,717,32624,75,11.0,33.0,0.0
1783936314.7,717,32624,73,12.0,33.0,0.0
1783936315.3,717,32624,73,11.0,33.0,0.0
1783936315.9,717,32624,75,25.0,33.0,7.0
1783936316.5,717,32624,72,11.0,33.0,0.0
1783936317.1,717,32624,72,10.0,33.0,0.0
1783936317.7,717,32624,72,17.0,33.0,205.0
1783936318.3,717,32624,74,11.0,33.0,0.0
1783936318.9,728,32624,105,10.0,34.0,0.0
1783936319.5,765,32624,125,28.0,34.0,65.0
1783936320.1,765,32624,125,31.0,34.0,882.0
1783936320.8,765,32624,123,24.0,34.0,402.0
1783936321.4,765,32624,109,11.0,34.0,0.0
1783936322.0,765,32624,107,22.0,34.0,0.0
1783936322.6,765,32624,94,22.0,34.0,0.0
1783936323.2,765,32624,94,25.0,34.0,20.0
1783936323.8,765,32624,81,22.0,34.0,0.0
1783936324.4,765,32624,81,14.0,34.0,20.0
1783936324.9,765,32624,88,22.0,34.0,0.0
1783936325.5,765,32624,78,11.0,33.0,0.0
1783936326.1,765,32624,109,22.0,34.0,0.0
1783936326.7,765,32624,81,22.0,34.0,0.0
1783936327.3,765,32624,81,17.0,34.0,63.0
1783936327.9,765,32624,81,11.0,33.0,0.0
1783936328.5,765,32624,81,12.0,33.0,0.0
1783936329.1,765,32624,81,22.0,34.0,0.0
1783936329.7,765,32624,99,23.0,34.0,0.0
1783936330.3,765,32624,79,11.0,34.0,0.0
1783936330.9,765,32624,79,11.0,33.0,0.0
1783936331.5,765,32624,79,22.0,34.0,0.0
1783936332.1,765,32624,79,11.0,33.0,0.0
1783936332.7,765,32624,79,16.0,34.0,329.0
1783936333.3,765,32624,84,22.0,34.0,0.0
1783936333.9,769,32624,100,22.0,34.0,0.0
1783936334.5,776,32624,112,11.0,34.0,0.0
1783936335.1,814,32624,124,25.0,34.0,5.0
1783936335.7,803,32624,119,31.0,34.0,670.0
1783936336.3,799,32624,98,30.0,34.0,500.0
1783936336.9,799,32624,98,11.0,34.0,0.0
1783936337.5,799,32624,75,12.0,34.0,0.0
1783936338.1,799,32624,94,25.0,34.0,29.0
1783936338.7,799,32624,98,22.0,34.0,0.0
1783936339.3,799,32624,91,26.0,34.0,119.0
1783936339.9,799,32624,78,11.0,34.0,0.0
1783936340.4,799,32624,78,11.0,33.0,0.0
1783936341.0,799,32624,78,11.0,33.0,0.0
1783936341.6,799,32624,88,23.0,34.0,0.0
1783936342.2,799,32624,78,22.0,34.0,0.0
1783936342.8,799,32624,78,22.0,34.0,0.0
1783936343.4,799,32624,78,15.0,33.0,29.0
1783936344.0,795,32624,111,26.0,34.0,24.0
1783936344.6,795,32624,77,11.0,34.0,0.0
1783936345.2,795,32624,74,11.0,34.0,0.0
1783936345.8,795,32624,74,12.0,34.0,0.0
1783936346.4,795,32624,85,22.0,34.0,0.0
1783936347.0,795,32624,105,11.0,34.0,0.0
1783936347.6,795,32624,89,22.0,34.0,0.0
1783936348.2,795,32624,75,11.0,34.0,0.0
1783936348.8,797,32624,103,28.0,34.0,308.0
1783936349.4,797,32624,101,22.0,34.0,0.0
1783936350.0,797,32624,93,11.0,34.0,95.0
1783936350.6,797,32624,74,12.0,34.0,260.0
1783936351.2,797,32624,74,11.0,34.0,0.0
1783936351.8,797,32624,74,11.0,33.0,0.0
1783936352.4,797,32624,103,22.0,34.0,0.0
1783936353.0,795,32624,104,14.0,34.0,500.0
1783936353.6,795,32624,91,16.0,34.0,31.0
1783936354.2,795,32624,77,16.0,34.0,41.0
1783936354.8,795,32624,77,13.0,34.0,306.0
1783936355.4,800,32624,110,22.0,34.0,0.0
1783936356.0,816,32624,134,22.0,34.0,0.0
1783936356.6,805,32624,124,26.0,34.0,19.0
1783936357.2,805,32624,124,22.0,34.0,0.0
1783936357.8,805,32624,100,12.0,34.0,0.0
1783936358.4,805,32624,110,10.0,34.0,0.0
1783936359.0,805,32624,81,11.0,34.0,0.0
1783936359.6,805,32624,81,11.0,34.0,0.0
1783936360.2,805,32624,81,25.0,34.0,20.0
1783936360.8,805,32624,73,22.0,34.0,0.0
1783936361.4,805,32624,99,25.0,34.0,470.0
1783936362.0,805,32624,83,26.0,34.0,787.0
1783936362.6,805,32624,73,11.0,34.0,0.0
1783936363.2,805,32624,73,11.0,34.0,0.0
1783936363.7,805,32624,83,21.0,34.0,0.0
1783936364.3,805,32624,73,10.0,34.0,0.0
1783936364.9,805,32624,73,11.0,34.0,0.0
1783936365.5,805,32624,99,11.0,34.0,0.0
1783936366.1,805,32624,84,22.0,34.0,0.0
1783936366.7,805,32624,74,13.0,34.0,13.0
1783936367.3,805,32624,97,26.0,34.0,1383.0
1783936368.0,805,32624,104,22.0,34.0,0.0
1783936368.5,805,32624,94,25.0,34.0,47.0
1783936369.1,805,32624,71,11.0,34.0,0.0
1783936369.7,805,32624,71,11.0,34.0,0.0
1783936370.3,805,32624,71,12.0,34.0,0.0
1783936370.9,805,32624,75,14.0,34.0,8.0
1783936371.5,805,32624,71,16.0,34.0,976.0
1783936372.1,805,32624,71,12.0,34.0,0.0
1783936372.7,805,32624,80,22.0,34.0,0.0
1783936373.3,805,32624,76,13.0,34.0,256.0
1783936373.9,805,32624,81,21.0,34.0,0.0
1783936374.5,805,32624,81,25.0,34.0,42.0
1783936375.2,811,32624,114,22.0,34.0,0.0
1783936375.8,800,32624,105,28.0,34.0,50.0
1783936376.4,800,32624,105,22.0,34.0,0.0
1783936377.0,787,32624,96,11.0,34.0,0.0
1783936377.6,787,32624,82,10.0,34.0,0.0
1783936378.2,787,32624,73,11.0,34.0,0.0
1783936378.8,787,32624,73,19.0,34.0,192.0
1783936379.4,787,32624,73,11.0,34.0,0.0
1783936380.0,787,32624,73,11.0,34.0,0.0
1783936380.6,787,32624,73,15.0,34.0,22.0
1783936381.2,787,32624,73,11.0,34.0,0.0
1783936381.8,787,32624,73,12.0,34.0,0.0
1783936382.4,787,32624,73,11.0,34.0,0.0
1783936383.0,787,32624,73,10.0,34.0,0.0
1783936383.6,787,32624,73,11.0,33.0,0.0
1783936384.2,787,32624,73,12.0,34.0,0.0
1783936384.8,787,32624,97,22.0,34.0,0.0
1783936385.4,793,32624,109,22.0,34.0,0.0
1783936386.0,797,32624,107,24.0,34.0,500.0
1783936386.6,797,32624,107,23.0,34.0,0.0
1783936387.2,786,32624,98,22.0,34.0,0.0
1783936387.8,786,32624,84,11.0,34.0,0.0
1783936388.4,786,32624,75,11.0,34.0,0.0
1783936389.0,786,32624,75,15.0,34.0,48.0
1783936389.6,786,32624,75,11.0,34.0,0.0
1783936390.2,786,32624,75,11.0,34.0,0.0
1783936390.8,786,32624,75,23.0,34.0,85.0
1783936391.4,786,32624,75,11.0,34.0,0.0
1783936392.0,786,32624,75,10.0,34.0,0.0
1783936392.6,786,32624,75,15.0,34.0,32.0
1783936393.2,786,32624,75,12.0,34.0,0.0
1783936393.8,786,32624,75,11.0,34.0,0.0
1783936394.4,786,32624,75,12.0,33.0,0.0
1783936395.0,786,32624,75,11.0,34.0,0.0
1783936395.6,786,32624,75,11.0,34.0,0.0
1783936396.2,786,32624,75,11.0,34.0,0.0
1783936396.8,786,32624,75,12.0,34.0,0.0
1783936397.4,786,32624,75,11.0,33.0,0.0
1783936398.0,792,32624,116,27.0,34.0,210.0
1783936398.6,796,32624,112,22.0,34.0,0.0
1783936399.2,796,32624,107,23.0,34.0,0.0
1783936399.8,786,32624,98,22.0,34.0,0.0
1783936400.4,786,32624,98,22.0,34.0,0.0
1783936400.9,786,32624,75,11.0,34.0,0.0
1783936401.5,786,32624,75,11.0,33.0,0.0
1783936402.1,786,32624,75,11.0,33.0,0.0
1783936402.7,786,32624,75,18.0,34.0,1213.0
1783936403.3,786,32624,75,15.0,34.0,130.0
1783936403.9,786,32624,75,10.0,34.0,0.0
1783936404.5,786,32624,75,11.0,33.0,0.0
1783936405.1,786,32624,75,11.0,33.0,0.0
1783936405.7,786,32624,75,14.0,34.0,19.0
1783936406.3,786,32624,75,11.0,33.0,0.0
1783936406.9,786,32624,75,11.0,34.0,0.0
1783936407.5,786,32624,75,11.0,34.0,0.0
1783936408.1,786,32624,75,11.0,34.0,0.0
1783936408.7,786,32624,75,11.0,34.0,0.0
1783936409.3,786,32624,75,10.0,33.0,0.0
1783936409.9,786,32624,75,11.0,34.0,0.0
1783936410.5,792,32624,101,25.0,34.0,34.0
1783936411.1,796,32624,107,26.0,34.0,27.0
1783936411.7,796,32624,107,26.0,34.0,47.0
1783936412.3,796,32624,107,27.0,34.0,43.0
1783936412.9,786,32624,91,10.0,34.0,0.0
1783936413.5,786,32624,75,11.0,34.0,0.0
1783936414.0,786,32624,75,11.0,34.0,0.0
1783936414.6,786,32624,75,10.0,34.0,0.0
1783936415.2,786,32624,75,11.0,34.0,0.0
1783936415.8,786,32624,75,11.0,34.0,0.0
1783936416.4,786,32624,75,11.0,33.0,0.0
1783936417.0,786,32624,75,12.0,33.0,0.0
1783936417.6,786,32624,75,11.0,33.0,0.0
1783936418.2,786,32624,75,10.0,34.0,0.0
1783936418.8,786,32624,75,11.0,33.0,0.0
1783936419.4,786,32624,75,12.0,34.0,0.0
1783936420.0,786,32624,75,11.0,34.0,0.0
1783936420.6,786,32624,75,12.0,34.0,0.0
1783936421.2,786,32624,75,11.0,33.0,0.0
1783936421.8,786,32624,75,12.0,34.0,0.0
1783936422.3,786,32624,75,12.0,34.0,0.0
1783936422.9,786,32624,75,11.0,34.0,0.0
1783936423.5,786,32624,75,10.0,34.0,0.0
1783936424.1,786,32624,75,11.0,34.0,0.0
1783936424.7,786,32624,75,10.0,34.0,0.0
1783936425.3,786,32624,75,11.0,33.0,0.0
1783936425.9,786,32624,75,11.0,33.0,0.0
1783936426.5,786,32624,75,11.0,33.0,0.0
1783936427.1,786,32624,75,12.0,33.0,0.0
1783936427.7,786,32624,75,10.0,34.0,0.0
1783936428.3,786,32624,75,12.0,33.0,0.0
1783936428.9,786,32624,75,10.0,33.0,0.0
1783936429.5,786,32624,75,12.0,33.0,0.0
1783936430.1,786,32624,75,11.0,33.0,0.0
1783936430.7,786,32624,75,11.0,33.0,0.0
1783936431.2,786,32624,75,10.0,33.0,0.0
1783936431.8,786,32624,75,11.0,33.0,0.0
1783936432.4,786,32624,81,12.0,33.0,0.0
1783936433.0,786,32624,81,11.0,33.0,0.0
1783936433.6,786,32624,81,10.0,33.0,0.0
1783936434.2,786,32624,81,10.0,33.0,0.0
1783936434.8,786,32624,81,10.0,33.0,0.0
1783936435.4,786,32624,81,10.0,33.0,0.0
1783936436.0,786,32624,81,9.0,33.0,0.0
1783936436.6,786,32624,81,9.0,33.0,0.0
1783936437.2,786,32624,81,9.0,33.0,0.0
1783936437.8,786,32624,81,10.0,33.0,0.0
1783936438.4,786,32624,81,10.0,33.0,0.0
1783936439.0,786,32624,81,10.0,33.0,0.0
1783936439.6,786,32624,81,9.0,33.0,0.0
1783936440.2,792,32624,94,11.0,33.0,0.0
1783936440.8,804,32624,118,26.0,34.0,41.0
1783936441.4,804,32624,118,27.0,34.0,15.0
1783936442.0,794,32624,108,22.0,34.0,0.0
1783936442.5,794,32624,108,12.0,34.0,0.0
1783936443.1,794,32624,99,9.0,33.0,0.0
1783936443.7,794,32624,99,10.0,33.0,0.0
1783936444.3,794,32624,99,9.0,33.0,0.0
1783936444.9,794,32624,99,11.0,33.0,0.0
1783936445.5,794,32624,99,10.0,33.0,0.0
1783936446.1,794,32624,99,10.0,33.0,0.0
1783936446.7,794,32624,99,9.0,33.0,0.0
1783936447.3,794,32624,99,10.0,33.0,0.0
1783936447.9,794,32624,99,11.0,33.0,0.0
1783936448.5,794,32624,99,9.0,33.0,0.0
1783936449.1,794,32624,99,10.0,33.0,0.0
1783936449.6,794,32624,99,9.0,33.0,0.0
1783936450.2,794,32624,99,10.0,33.0,0.0
1783936450.8,794,32624,99,10.0,33.0,0.0
1783936451.4,794,32624,99,9.0,33.0,0.0
1783936452.0,794,32624,99,11.0,33.0,0.0
1783936452.6,794,32624,99,8.0,33.0,0.0
1783936453.2,794,32624,99,9.0,33.0,0.0
1783936453.8,794,32624,99,11.0,33.0,0.0
1783936454.4,794,32624,99,10.0,33.0,0.0
1783936455.0,794,32624,99,9.0,33.0,0.0
1783936455.6,794,32624,99,10.0,33.0,0.0
1783936456.1,794,32624,99,10.0,33.0,0.0
1783936456.7,794,32624,99,9.0,33.0,0.0
1783936457.3,794,32624,99,9.0,33.0,0.0
1783936457.9,794,32624,99,11.0,33.0,0.0
1783936458.5,794,32624,99,10.0,33.0,0.0
1783936459.1,796,32624,111,11.0,33.0,0.0
1783936459.7,818,32624,118,22.0,33.0,0.0
1783936460.3,818,32624,118,26.0,34.0,108.0
1783936460.9,816,32624,131,22.0,34.0,0.0
1783936461.5,816,32624,131,21.0,34.0,0.0
1783936462.1,816,32624,121,11.0,33.0,0.0
1783936462.7,816,32624,121,9.0,33.0,0.0
1783936463.3,816,32624,121,9.0,33.0,0.0
1783936463.9,816,32624,121,11.0,33.0,0.0
1783936464.5,816,32624,121,11.0,33.0,0.0
1783936465.1,816,32624,121,9.0,33.0,0.0
1783936465.7,816,32624,121,9.0,33.0,0.0
1783936466.2,814,32624,119,9.0,33.0,0.0
1783936466.8,814,32624,119,9.0,33.0,0.0
1783936467.4,814,32624,119,10.0,33.0,0.0
1783936468.0,814,32624,119,10.0,33.0,0.0
1783936468.6,814,32624,119,10.0,33.0,0.0
1783936469.2,814,32624,119,9.0,33.0,0.0
1783936469.8,814,32624,119,10.0,33.0,0.0
1783936470.4,814,32624,119,9.0,33.0,0.0
1783936471.0,814,32624,119,9.0,33.0,0.0
1783936471.6,814,32624,119,10.0,33.0,0.0
1783936472.2,814,32624,119,9.0,33.0,0.0
1783936472.8,814,32624,119,10.0,33.0,0.0
1783936473.4,814,32624,119,9.0,33.0,0.0
1783936474.0,814,32624,119,9.0,33.0,0.0
1783936474.6,814,32624,119,10.0,33.0,0.0
1783936475.2,814,32624,119,10.0,32.0,0.0
1783936475.8,814,32624,119,10.0,33.0,0.0
1783936476.4,814,32624,119,10.0,33.0,0.0
1783936477.0,814,32624,119,10.0,33.0,0.0
1783936477.5,814,32624,119,11.0,33.0,0.0
1783936478.1,814,32624,119,10.0,33.0,0.0
1783936478.7,814,32624,119,9.0,33.0,0.0
1783936479.3,814,32624,119,10.0,33.0,0.0
1783936479.9,814,32624,119,10.0,33.0,0.0
1783936480.5,814,32624,119,10.0,33.0,0.0
1783936481.1,814,32624,119,10.0,33.0,0.0
1783936481.7,814,32624,119,9.0,33.0,0.0
1783936482.3,814,32624,119,10.0,33.0,0.0
1783936482.9,814,32624,119,9.0,33.0,0.0
1783936483.5,814,32624,119,9.0,33.0,0.0
1783936484.1,814,32624,119,11.0,33.0,0.0
1783936484.7,814,32624,119,9.0,33.0,0.0
1783936485.3,814,32624,119,9.0,33.0,0.0
1783936485.9,814,32624,119,9.0,33.0,0.0
1783936486.5,814,32624,119,10.0,33.0,0.0
1783936487.1,814,32624,119,10.0,33.0,0.0
1783936487.7,814,32624,119,11.0,33.0,0.0
1783936488.3,814,32624,119,9.0,33.0,0.0
1783936488.9,814,32624,119,11.0,33.0,0.0
1783936489.5,797,32624,109,22.0,33.0,0.0
1783936490.1,823,32624,127,22.0,33.0,0.0
1783936490.7,819,32624,127,22.0,33.0,0.0
1783936491.3,819,32624,127,22.0,33.0,0.0
1783936491.9,799,32624,117,11.0,33.0,0.0
1783936492.5,799,32624,108,11.0,33.0,0.0
1783936493.1,799,32624,108,10.0,33.0,0.0
1783936493.7,799,32624,108,11.0,33.0,0.0
1783936494.3,799,32624,108,12.0,33.0,0.0
1783936494.9,799,32624,108,11.0,33.0,0.0
1783936495.5,799,32624,108,10.0,33.0,0.0
1783936496.1,799,32624,108,9.0,33.0,0.0
1783936496.7,799,32624,108,8.0,33.0,0.0
1783936497.3,799,32624,108,10.0,33.0,0.0
1783936497.8,799,32624,108,10.0,33.0,0.0
1783936498.4,799,32624,108,10.0,33.0,0.0
1783936499.0,799,32624,108,9.0,33.0,0.0
1783936499.6,799,32624,108,10.0,33.0,0.0
1783936500.2,799,32624,108,10.0,33.0,0.0
1783936500.8,799,32624,108,11.0,33.0,0.0
1783936501.4,799,32624,104,23.0,33.0,0.0
1783936502.0,799,32624,104,11.0,33.0,0.0
1783936502.6,799,32624,104,9.0,32.0,0.0
1783936503.2,799,32624,104,10.0,32.0,0.0
1783936503.8,799,32624,104,10.0,33.0,0.0
1783936504.4,799,32624,104,11.0,33.0,0.0
1783936505.0,799,32624,104,9.0,33.0,0.0
1783936505.6,799,32624,104,11.0,33.0,0.0
1783936506.2,799,32624,104,10.0,33.0,0.0
1783936506.8,799,32624,104,10.0,33.0,0.0
1783936507.4,799,32624,104,10.0,33.0,0.0
1783936508.0,799,32624,104,10.0,33.0,0.0
1783936508.6,799,32624,104,10.0,33.0,0.0
1783936509.2,799,32624,104,9.0,33.0,0.0
1783936509.8,799,32624,104,10.0,32.0,0.0
1783936510.4,799,32624,104,10.0,33.0,0.0
1783936511.0,799,32624,104,9.0,32.0,0.0
1783936511.6,799,32624,104,10.0,32.0,0.0
1783936512.2,799,32624,104,22.0,32.0,0.0
1783936512.8,799,32624,104,10.0,32.0,0.0
1783936513.4,799,32624,104,10.0,33.0,0.0
1783936514.0,799,32624,106,12.0,32.0,0.0
1783936514.6,799,32624,106,10.0,32.0,0.0
1783936515.2,799,32624,106,10.0,32.0,0.0
1783936515.8,796,32624,78,9.0,32.0,0.0
1783936516.4,796,32624,78,9.0,32.0,0.0
1783936517.0,796,32624,78,11.0,32.0,0.0
1783936517.5,796,32624,78,10.0,33.0,0.0
1783936518.1,796,32624,78,11.0,33.0,0.0
1783936518.7,796,32624,78,9.0,33.0,0.0
1783936519.3,796,32624,78,11.0,33.0,0.0
1783936519.9,796,32624,78,11.0,33.0,0.0
1783936520.5,796,32624,78,10.0,33.0,0.0
1783936521.1,796,32624,78,11.0,32.0,0.0
1783936521.7,796,32624,78,9.0,32.0,0.0
1783936522.3,796,32624,78,11.0,32.0,0.0
1783936522.9,796,32624,78,22.0,32.0,0.0
1783936523.5,796,32624,78,11.0,33.0,0.0
1783936524.1,796,32624,78,9.0,33.0,0.0
1783936524.7,796,32624,78,10.0,33.0,0.0
1783936525.3,796,32624,78,11.0,33.0,0.0
1783936525.9,796,32624,78,10.0,33.0,0.0
1783936526.5,796,32624,78,10.0,33.0,0.0
1783936527.1,796,32624,78,11.0,33.0,0.0
1783936527.6,796,32624,78,10.0,33.0,0.0
1783936528.2,796,32624,78,10.0,32.0,0.0
1783936528.8,796,32624,78,11.0,32.0,0.0
1783936529.4,796,32624,78,10.0,33.0,0.0
1783936530.0,796,32624,78,11.0,32.0,0.0
1783936530.6,796,32624,78,9.0,32.0,0.0
1783936531.2,796,32624,78,9.0,32.0,0.0
1783936531.8,796,32624,78,9.0,32.0,0.0
1783936532.4,796,32624,78,10.0,32.0,0.0
1783936533.0,796,32624,78,10.0,32.0,0.0
1783936533.6,796,32624,78,9.0,32.0,0.0
1783936534.2,796,32624,78,9.0,32.0,0.0
1783936534.8,796,32624,78,11.0,32.0,0.0
1783936535.4,796,32624,78,10.0,32.0,0.0
1783936536.0,796,32624,78,10.0,32.0,0.0
1783936536.6,796,32624,78,9.0,32.0,0.0
1783936537.2,796,32624,78,11.0,32.0,0.0
1783936537.8,796,32624,78,10.0,32.0,0.0
1783936538.4,796,32624,78,8.0,32.0,0.0
1783936539.0,796,32624,78,10.0,32.0,0.0
1783936539.6,796,32624,78,10.0,32.0,0.0
1783936540.2,796,32624,78,10.0,32.0,0.0
1783936540.8,796,32624,78,9.0,32.0,0.0
1783936541.4,796,32624,78,13.0,32.0,50.0
1783936542.0,796,32624,78,9.0,32.0,0.0
1783936542.6,798,32624,96,22.0,33.0,0.0
1783936543.2,793,32624,101,30.0,33.0,196.0
1783936543.8,793,32624,101,22.0,33.0,0.0
1783936544.4,793,32624,101,22.0,33.0,0.0
1783936545.0,783,32624,89,13.0,32.0,0.0
1783936545.6,783,32624,80,9.0,32.0,0.0
1783936546.2,783,32624,80,10.0,32.0,0.0
1783936546.8,783,32624,80,10.0,32.0,0.0
1783936547.4,783,32624,80,10.0,32.0,0.0
1783936548.0,783,32624,80,11.0,32.0,0.0
1783936548.5,783,32624,80,10.0,32.0,0.0
1783936549.1,783,32624,80,10.0,32.0,0.0
1783936549.7,783,32624,80,12.0,32.0,0.0
1783936550.3,783,32624,80,11.0,33.0,0.0
1783936550.9,783,32624,80,9.0,32.0,0.0
1783936551.5,783,32624,80,9.0,32.0,0.0
1783936552.1,783,32624,80,9.0,32.0,0.0
1783936552.7,783,32624,80,10.0,32.0,0.0
1783936553.3,783,32624,80,10.0,32.0,0.0
1783936553.9,783,32624,80,10.0,32.0,0.0
1783936554.5,783,32624,80,9.0,32.0,0.0
1783936555.1,783,32624,80,9.0,32.0,0.0
1783936555.7,783,32624,80,10.0,32.0,0.0
1783936556.3,783,32624,67,11.0,32.0,0.0
1783936556.9,789,32624,93,22.0,33.0,0.0
1783936557.5,805,32624,99,29.0,33.0,123.0
1783936558.1,805,32624,99,25.0,33.0,6.0
1783936558.7,795,32624,89,11.0,33.0,0.0
1783936559.3,795,32624,89,11.0,33.0,0.0
1783936559.9,795,32624,80,12.0,32.0,0.0
1783936560.5,795,32624,80,10.0,32.0,0.0
1783936561.1,795,32624,80,10.0,32.0,0.0
1783936561.7,795,32624,80,22.0,32.0,403.0
1783936562.3,795,32624,80,10.0,32.0,0.0
1783936562.9,795,32624,80,9.0,32.0,0.0
1783936563.5,795,32624,80,9.0,32.0,0.0
1783936564.1,795,32624,80,9.0,32.0,0.0
1783936564.7,795,32624,80,9.0,32.0,0.0
1783936565.3,795,32624,72,22.0,32.0,0.0
1783936565.9,795,32624,80,22.0,32.0,0.0
1783936566.5,795,32624,80,12.0,32.0,0.0
1783936567.1,795,32624,80,11.0,32.0,0.0
1783936567.7,795,32624,83,10.0,33.0,0.0
1783936568.3,795,32624,83,11.0,32.0,0.0
1783936568.9,795,32624,82,18.0,32.0,350.0
1783936569.5,795,32624,82,12.0,32.0,0.0
1783936570.1,795,32624,82,12.0,32.0,0.0
1783936570.7,795,32624,82,10.0,32.0,0.0
1783936571.3,795,32624,82,12.0,32.0,0.0
1783936571.9,795,32624,82,10.0,32.0,0.0
1783936572.5,795,32624,80,24.0,33.0,0.0
1783936573.1,797,32624,89,23.0,33.0,41.0
1783936573.7,797,32624,80,11.0,33.0,0.0
1783936574.3,797,32624,80,11.0,33.0,0.0
1783936574.9,797,32624,80,10.0,32.0,0.0
1783936575.5,797,32624,80,11.0,32.0,0.0
1783936576.1,797,32624,79,12.0,33.0,0.0
1783936576.7,797,32624,92,16.0,33.0,534.0
1783936577.3,795,32624,82,10.0,32.0,0.0
1783936577.9,795,32624,82,12.0,32.0,0.0
1783936578.5,795,32624,82,10.0,33.0,0.0
1783936579.1,795,32624,69,11.0,32.0,0.0
1783936579.7,795,32624,69,14.0,32.0,0.0
1783936580.3,795,32624,69,10.0,32.0,0.0
1783936580.9,795,32624,69,10.0,32.0,0.0
1783936581.5,795,32624,69,22.0,32.0,0.0
1783936582.1,795,32624,69,11.0,32.0,0.0
1783936582.7,795,32624,69,9.0,32.0,0.0
1783936583.3,795,32624,69,10.0,33.0,0.0
1783936583.9,795,32624,69,10.0,32.0,0.0
1783936584.5,795,32624,69,12.0,33.0,0.0
1783936585.1,795,32624,82,11.0,33.0,0.0
1783936585.7,795,32624,82,11.0,33.0,0.0
1783936586.3,795,32624,69,22.0,33.0,0.0
1783936586.9,795,32624,82,11.0,32.0,0.0
1783936587.5,795,32624,82,9.0,32.0,0.0
1783936588.1,795,32624,82,9.0,32.0,0.0
1783936588.7,795,32624,82,9.0,32.0,0.0
1783936589.3,795,32624,82,9.0,33.0,0.0
1783936589.9,795,32624,82,9.0,32.0,0.0
1783936590.5,795,32624,82,10.0,33.0,0.0
1783936591.1,795,32624,82,9.0,32.0,0.0
1783936591.7,795,32624,69,10.0,33.0,0.0
1783936592.3,795,32624,82,10.0,32.0,0.0
1783936592.9,795,32624,79,26.0,33.0,227.0
1783936593.5,795,32624,87,25.0,33.0,57.0
1783936594.1,795,32624,107,11.0,33.0,0.0
1783936594.7,795,32624,90,11.0,33.0,0.0
1783936595.3,795,32624,68,12.0,33.0,0.0
1783936595.9,798,32624,109,26.0,33.0,1010.0
1783936596.5,824,32624,133,26.0,33.0,1037.0
1783936597.1,824,32624,133,26.0,33.0,6.0
1783936597.7,804,32624,102,22.0,33.0,0.0
1783936598.3,804,32624,102,12.0,33.0,0.0
1783936598.9,804,32624,92,10.0,33.0,0.0
1783936599.5,804,32624,92,10.0,33.0,0.0
1783936600.1,804,32624,82,23.0,33.0,0.0
1783936600.7,804,32624,82,11.0,33.0,0.0
1783936601.3,804,32624,82,11.0,33.0,0.0
1783936601.9,804,32624,82,10.0,33.0,0.0
1783936602.5,804,32624,82,9.0,33.0,0.0
1783936603.1,804,32624,82,12.0,32.0,0.0
1783936603.7,804,32624,102,27.0,33.0,145.0
1783936604.3,797,32624,100,26.0,33.0,6.0
1783936604.9,800,32624,100,11.0,33.0,0.0
1783936605.5,800,32624,100,28.0,33.0,760.0
1783936606.1,803,32624,100,10.0,33.0,0.0
1783936606.7,803,32624,100,11.0,33.0,0.0
1783936607.3,803,32624,100,11.0,33.0,0.0
1783936607.9,803,32624,90,10.0,33.0,0.0
1783936608.5,803,32624,80,15.0,33.0,725.0
1783936609.1,803,32624,80,10.0,32.0,0.0
1783936609.7,799,32624,100,22.0,33.0,0.0
1783936610.2,799,32624,100,11.0,33.0,0.0
1783936610.9,799,32624,100,10.0,33.0,0.0
1783936611.5,799,32624,88,11.0,33.0,0.0
1783936612.1,799,32624,88,9.0,32.0,0.0
1783936612.7,799,32624,88,10.0,33.0,0.0
1783936613.3,799,32624,88,10.0,33.0,0.0
1783936613.9,799,32624,88,11.0,33.0,0.0
1783936614.4,799,32624,88,10.0,32.0,0.0
1783936615.0,799,32624,88,12.0,32.0,0.0
1783936615.6,799,32624,88,11.0,33.0,0.0
1783936616.2,799,32624,88,9.0,32.0,0.0
1783936616.8,799,32624,88,11.0,33.0,0.0
1783936617.4,799,32624,88,10.0,33.0,0.0
1783936618.0,799,32624,88,10.0,33.0,0.0
1783936618.6,799,32624,88,10.0,33.0,0.0
1783936619.2,799,32624,88,9.0,33.0,0.0
1783936619.8,799,32624,88,10.0,33.0,0.0
1783936620.4,799,32624,88,11.0,33.0,0.0
1783936621.0,799,32624,88,11.0,33.0,0.0
1783936621.6,799,32624,88,11.0,33.0,0.0
1783936622.2,799,32624,88,11.0,33.0,0.0
1783936622.8,799,32624,88,10.0,33.0,0.0
1783936623.4,799,32624,88,11.0,33.0,0.0
1783936624.0,799,32624,88,10.0,33.0,0.0
1783936624.6,799,32624,88,9.0,32.0,0.0
1783936625.2,799,32624,88,9.0,32.0,0.0
1783936625.8,799,32624,88,10.0,32.0,0.0
1783936626.4,799,32624,88,22.0,32.0,0.0
1783936627.0,799,32624,88,10.0,32.0,0.0
1783936627.6,799,32624,88,10.0,32.0,0.0
1783936628.1,799,32624,88,9.0,32.0,0.0
1783936628.7,799,32624,88,10.0,32.0,0.0
1783936629.3,799,32624,88,9.0,32.0,0.0
1783936629.9,799,32624,88,12.0,32.0,0.0
1783936630.5,799,32624,88,11.0,32.0,0.0
1783936631.1,799,32624,88,9.0,32.0,0.0
1783936631.7,799,32624,88,9.0,32.0,0.0
1783936632.3,799,32624,88,11.0,32.0,0.0
1783936632.9,799,32624,88,10.0,32.0,0.0
1783936633.5,799,32624,88,10.0,32.0,0.0
1783936634.1,799,32624,88,10.0,32.0,0.0
1783936634.7,799,32624,88,9.0,32.0,0.0
1783936635.3,799,32624,88,9.0,32.0,0.0
1783936635.9,799,32624,88,12.0,32.0,0.0
1783936636.5,799,32624,88,10.0,32.0,0.0
1783936637.1,799,32624,88,10.0,32.0,0.0
1783936637.6,799,32624,88,11.0,32.0,0.0
1783936638.2,799,32624,88,11.0,32.0,0.0
1783936638.8,799,32624,88,10.0,32.0,0.0
1783936639.4,799,32624,88,21.0,32.0,0.0
1783936640.0,799,32624,88,10.0,32.0,0.0
1783936640.6,799,32624,88,9.0,32.0,0.0
1783936641.2,799,32624,88,9.0,32.0,0.0
1783936641.8,799,32624,88,10.0,32.0,0.0
1783936642.4,799,32624,88,10.0,32.0,0.0
1783936643.0,799,32624,88,11.0,32.0,0.0
1783936643.6,799,32624,88,11.0,32.0,0.0
1783936644.2,799,32624,88,11.0,32.0,0.0
1783936644.7,799,32624,88,9.0,32.0,0.0
1783936645.3,799,32624,88,10.0,32.0,0.0
1783936645.9,799,32624,88,10.0,32.0,0.0
1783936646.5,799,32624,88,10.0,32.0,0.0
1783936647.1,799,32624,88,10.0,32.0,0.0
1783936647.7,799,32624,88,9.0,32.0,0.0
1783936648.3,799,32624,88,11.0,32.0,0.0
1783936648.9,799,32624,88,9.0,32.0,0.0
1783936649.5,799,32624,88,9.0,32.0,0.0
1783936650.1,799,32624,88,10.0,32.0,0.0
1783936650.7,799,32624,88,9.0,32.0,0.0
1783936651.2,799,32624,88,10.0,32.0,0.0
1783936651.8,799,32624,88,10.0,32.0,0.0
1783936652.4,799,32624,88,10.0,32.0,0.0
1783936653.0,799,32624,88,10.0,32.0,0.0
1783936653.6,799,32624,88,10.0,32.0,0.0
1783936654.2,799,32624,88,25.0,32.0,33.0
1783936654.8,799,32624,88,10.0,32.0,0.0
1783936655.4,799,32624,88,11.0,32.0,0.0
1783936656.0,799,32624,88,10.0,32.0,0.0
1783936656.6,799,32624,88,10.0,32.0,0.0
1783936657.2,799,32624,88,9.0,32.0,0.0
1783936657.8,799,32624,88,9.0,32.0,0.0
1783936658.4,799,32624,88,9.0,32.0,0.0
1783936659.0,799,32624,88,10.0,32.0,0.0
1783936659.5,799,32624,88,10.0,32.0,0.0
1783936660.1,799,32624,88,10.0,32.0,0.0
1783936660.7,799,32624,88,9.0,32.0,0.0
1783936661.3,799,32624,88,10.0,32.0,0.0
1783936661.9,799,32624,88,11.0,32.0,0.0
1783936662.5,799,32624,88,10.0,32.0,0.0
1783936663.1,799,32624,88,10.0,32.0,0.0
1783936663.7,799,32624,88,10.0,32.0,0.0
1783936664.3,799,32624,88,22.0,32.0,0.0
1783936664.9,799,32624,88,11.0,32.0,0.0
1783936665.5,799,32624,88,9.0,32.0,0.0
1783936666.0,799,32624,88,10.0,32.0,0.0
1783936666.6,799,32624,88,9.0,32.0,0.0
1783936667.2,799,32624,88,10.0,32.0,0.0
1783936667.8,799,32624,88,11.0,32.0,0.0
1783936668.4,799,32624,88,11.0,32.0,0.0
1783936669.0,799,32624,88,10.0,32.0,0.0
1783936669.6,799,32624,88,9.0,32.0,0.0
1783936670.2,799,32624,88,9.0,32.0,0.0
1783936670.8,799,32624,88,10.0,32.0,0.0
1783936671.4,799,32624,88,10.0,32.0,0.0
1783936672.0,799,32624,88,8.0,32.0,0.0
1783936672.6,799,32624,88,10.0,32.0,0.0
1783936673.2,799,32624,88,10.0,32.0,0.0
1783936673.8,799,32624,88,9.0,32.0,0.0
1783936674.4,799,32624,88,10.0,32.0,0.0
1783936675.0,799,32624,88,22.0,32.0,0.0
1783936675.6,799,32624,88,11.0,32.0,0.0
1783936676.2,799,32624,88,9.0,32.0,0.0
1783936676.8,799,32624,88,10.0,32.0,0.0
1783936677.3,799,32624,88,9.0,32.0,0.0
1783936677.9,799,32624,88,11.0,32.0,0.0
1783936678.5,799,32624,88,9.0,32.0,0.0
1783936679.1,799,32624,88,10.0,32.0,0.0
1783936679.7,799,32624,88,10.0,32.0,0.0
1783936680.3,799,32624,88,11.0,32.0,0.0
1783936680.9,799,32624,88,11.0,32.0,0.0
1783936681.5,799,32624,88,10.0,32.0,0.0
1783936682.1,799,32624,88,9.0,32.0,0.0
1783936682.7,799,32624,88,10.0,32.0,0.0
1783936683.3,799,32624,88,9.0,32.0,0.0
1783936683.9,799,32624,88,10.0,32.0,0.0
1783936684.5,799,32624,88,9.0,32.0,0.0
1783936685.1,799,32624,88,11.0,32.0,0.0
1783936685.7,799,32624,88,11.0,32.0,0.0
1783936686.3,799,32624,88,10.0,32.0,0.0
1783936686.9,799,32624,88,9.0,32.0,0.0
1783936687.5,799,32624,88,9.0,32.0,0.0
1783936688.1,799,32624,88,8.0,32.0,0.0
1783936688.7,799,32624,88,10.0,32.0,0.0
1783936689.3,799,32624,88,10.0,32.0,0.0
1783936689.9,799,32624,88,8.0,32.0,0.0
1783936690.5,799,32624,88,9.0,32.0,0.0
1783936691.1,799,32624,88,10.0,32.0,0.0
1783936691.7,799,32624,88,10.0,32.0,0.0
1783936692.3,799,32624,88,10.0,32.0,0.0
1783936692.9,799,32624,88,9.0,32.0,0.0
1783936693.5,804,32624,92,26.0,32.0,75.0
1783936694.1,804,32624,92,10.0,32.0,0.0
1783936694.7,804,32624,92,10.0,32.0,0.0
1783936695.3,804,32624,92,9.0,32.0,0.0
1783936695.9,804,32624,90,10.0,32.0,0.0
1783936696.5,804,32624,90,9.0,32.0,0.0
1783936697.1,804,32624,90,10.0,32.0,0.0
1783936697.7,804,32624,90,11.0,32.0,0.0
1783936698.3,804,32624,90,10.0,32.0,0.0
1783936698.9,804,32624,90,9.0,32.0,0.0
1783936699.5,804,32624,90,10.0,32.0,0.0
1783936700.1,804,32624,90,11.0,32.0,0.0
1783936700.7,804,32624,90,10.0,32.0,0.0
1783936701.3,804,32624,90,18.0,32.0,638.0
1783936701.9,804,32624,100,15.0,32.0,0.0
1783936702.5,804,32624,100,10.0,33.0,0.0
1783936703.1,804,32624,100,23.0,32.0,0.0
1783936703.7,804,32624,102,27.0,32.0,427.0
1783936704.3,804,32624,102,11.0,32.0,0.0
1783936704.9,804,32624,97,10.0,32.0,0.0
1783936705.5,804,32624,88,22.0,32.0,0.0
1783936706.1,804,32624,88,10.0,32.0,0.0
1783936706.7,804,32624,88,10.0,32.0,0.0
1783936707.3,811,32624,99,22.0,33.0,0.0
1783936707.9,816,32624,103,23.0,32.0,0.0
1783936708.5,816,32624,101,22.0,33.0,0.0
1783936709.1,816,32624,101,12.0,32.0,0.0
1783936709.7,819,32624,101,12.0,33.0,0.0
1783936710.3,819,32624,92,10.0,32.0,0.0
1783936710.9,819,32624,101,26.0,33.0,25.0
1783936711.5,819,32624,101,11.0,32.0,0.0
1783936712.1,819,32624,101,9.0,32.0,0.0
1783936712.7,819,32624,101,9.0,32.0,0.0
1783936713.3,830,32624,105,22.0,33.0,0.0
1783936713.9,830,32624,105,11.0,32.0,0.0
1783936714.5,830,32624,105,11.0,32.0,0.0
1783936715.0,830,32624,96,9.0,32.0,0.0
1783936715.6,830,32624,96,10.0,32.0,0.0
1783936716.2,830,32624,96,10.0,33.0,0.0
1783936716.8,830,32624,96,10.0,32.0,0.0
1783936717.4,830,32624,96,9.0,32.0,0.0
1783936718.0,830,32624,96,10.0,32.0,0.0
1783936718.6,830,32624,96,10.0,32.0,0.0
1783936719.2,830,32624,96,10.0,32.0,0.0
1783936719.8,830,32624,96,9.0,32.0,0.0
1783936720.4,832,32624,98,22.0,32.0,0.0
1783936721.0,832,32624,98,10.0,32.0,0.0
1783936721.6,832,32624,98,10.0,32.0,0.0
1783936722.2,832,32624,98,10.0,32.0,0.0
1783936722.8,832,32624,98,9.0,32.0,0.0
1783936723.4,832,32624,98,10.0,32.0,0.0
1783936723.9,832,32624,98,10.0,32.0,0.0
1783936724.5,832,32624,98,9.0,32.0,0.0
1783936725.1,832,32624,98,10.0,32.0,0.0
1783936725.7,832,32624,96,12.0,32.0,0.0
1783936726.3,832,32624,96,10.0,32.0,0.0
1783936726.9,832,32624,96,10.0,32.0,0.0
1783936727.5,832,32624,96,9.0,32.0,0.0
1783936728.1,832,32624,96,10.0,32.0,0.0
1783936728.7,832,32624,96,10.0,32.0,0.0
1783936729.3,832,32624,96,9.0,32.0,0.0
1783936729.9,832,32624,96,22.0,32.0,0.0
1783936730.5,832,32624,96,12.0,32.0,0.0
1783936731.1,832,32624,96,10.0,32.0,0.0
1783936731.7,832,32624,96,10.0,32.0,0.0
1783936732.3,832,32624,96,10.0,32.0,0.0
1783936732.9,832,32624,96,10.0,32.0,0.0
1783936733.5,832,32624,96,22.0,32.0,0.0
1783936734.1,832,32624,96,11.0,32.0,0.0
1783936734.7,832,32624,96,10.0,32.0,0.0
1783936735.3,832,32624,96,10.0,32.0,0.0
1783936735.8,832,32624,96,9.0,32.0,0.0
1783936736.4,832,32624,96,12.0,32.0,0.0
1783936737.0,832,32624,96,10.0,32.0,0.0
1783936737.6,832,32624,96,10.0,32.0,0.0
1783936738.2,832,32624,96,9.0,32.0,0.0
1783936738.8,832,32624,96,10.0,32.0,0.0
1783936739.4,832,32624,96,10.0,32.0,0.0
1783936740.0,832,32624,96,15.0,32.0,105.0
1783936740.6,832,32624,96,12.0,32.0,0.0
1783936741.2,828,32624,96,22.0,32.0,0.0
1783936741.8,828,32624,96,11.0,32.0,0.0
1783936742.4,828,32624,96,10.0,32.0,0.0
1783936743.0,828,32624,88,16.0,33.0,251.0
1783936743.6,830,32624,111,22.0,33.0,0.0
1783936744.2,830,32624,108,11.0,33.0,0.0
1783936744.8,830,32624,99,22.0,33.0,0.0
1783936745.4,830,32624,99,11.0,32.0,0.0
1783936746.0,830,32624,89,11.0,32.0,0.0
1783936746.6,830,32624,89,11.0,32.0,0.0
1783936747.2,830,32624,89,10.0,32.0,0.0
1783936747.8,830,32624,89,9.0,32.0,0.0
1783936748.4,830,32624,89,10.0,32.0,0.0
1783936749.0,830,32624,89,9.0,32.0,0.0
1783936749.6,830,32624,89,11.0,32.0,0.0
1783936750.2,830,32624,89,12.0,32.0,0.0
1783936750.8,830,32624,89,10.0,32.0,0.0
1783936751.4,830,32624,89,10.0,32.0,0.0
1783936752.0,830,32624,89,10.0,32.0,0.0
1783936752.6,830,32624,89,12.0,32.0,0.0
1783936753.2,830,32624,89,9.0,32.0,0.0
1783936753.8,830,32624,89,10.0,32.0,0.0
1783936754.4,830,32624,89,24.0,32.0,319.0
1783936755.0,830,32624,91,14.0,32.0,50.0
1783936755.6,830,32624,91,11.0,32.0,0.0
1783936756.1,830,32624,91,9.0,32.0,0.0
1783936756.7,830,32624,89,10.0,32.0,0.0
1783936757.3,830,32624,89,10.0,32.0,0.0
1783936757.9,830,32624,79,10.0,32.0,0.0
1783936758.5,830,32624,79,10.0,32.0,0.0
1783936759.1,830,32624,79,9.0,32.0,0.0
1783936759.7,830,32624,79,10.0,32.0,0.0
1783936760.3,830,32624,79,10.0,32.0,0.0
1783936760.9,830,32624,79,9.0,32.0,0.0
1783936761.5,830,32624,79,9.0,32.0,0.0
1783936762.1,830,32624,79,11.0,32.0,0.0
1783936762.7,830,32624,79,10.0,32.0,0.0
1783936763.3,830,32624,79,11.0,32.0,0.0
1783936763.9,830,32624,79,10.0,32.0,0.0
1783936764.4,830,32624,79,10.0,32.0,0.0
1783936765.0,830,32624,79,10.0,32.0,0.0
1783936765.6,830,32624,79,11.0,32.0,0.0
1783936766.2,830,32624,79,11.0,32.0,0.0
1783936766.8,830,32624,79,10.0,32.0,0.0
1783936767.4,826,32624,79,10.0,32.0,0.0
1783936768.0,826,32624,79,10.0,32.0,0.0
1783936768.6,826,32624,79,10.0,32.0,0.0
1783936769.2,826,32624,79,10.0,32.0,0.0
1783936769.8,826,32624,79,9.0,32.0,0.0
1783936770.4,826,32624,79,10.0,32.0,0.0
1783936771.0,826,32624,79,11.0,32.0,0.0
1783936771.6,826,32624,79,9.0,32.0,0.0
1783936772.1,826,32624,79,10.0,32.0,0.0
1783936772.7,826,32624,79,10.0,32.0,0.0
1783936773.3,826,32624,79,9.0,32.0,0.0
1783936773.9,826,32624,79,10.0,32.0,0.0
1783936774.5,826,32624,79,11.0,32.0,0.0
1783936775.1,826,32624,79,9.0,32.0,0.0
1783936775.7,826,32624,79,11.0,32.0,0.0
1783936776.3,826,32624,79,12.0,32.0,0.0
1783936776.9,826,32624,79,10.0,32.0,0.0
1783936777.5,826,32624,79,12.0,32.0,0.0
1783936778.1,826,32624,79,10.0,32.0,0.0
1783936778.7,826,32624,79,10.0,32.0,0.0
1783936779.3,826,32624,79,10.0,32.0,0.0
1783936779.8,826,32624,79,10.0,32.0,0.0
1783936780.4,826,32624,79,10.0,32.0,0.0
1783936781.0,826,32624,79,10.0,32.0,0.0
1783936781.6,826,32624,79,10.0,32.0,0.0
1783936782.2,826,32624,79,10.0,32.0,0.0
1783936782.8,826,32624,79,9.0,32.0,0.0
1783936783.4,826,32624,79,10.0,32.0,0.0
1783936784.0,826,32624,79,10.0,32.0,0.0
1783936784.6,826,32624,79,11.0,32.0,0.0
1783936785.2,826,32624,79,9.0,32.0,0.0
1783936785.8,826,32624,79,10.0,32.0,0.0
1783936786.4,826,32624,79,9.0,32.0,0.0
1783936787.0,826,32624,79,10.0,32.0,0.0
1783936787.5,826,32624,79,10.0,32.0,0.0
1783936788.1,826,32624,79,10.0,32.0,0.0
1783936788.7,826,32624,79,11.0,32.0,0.0
1783936789.3,826,32624,79,10.0,32.0,0.0
1783936789.9,826,32624,79,11.0,32.0,0.0
1783936790.5,826,32624,79,10.0,32.0,0.0
1783936791.1,826,32624,79,10.0,32.0,0.0
1783936791.7,826,32624,79,10.0,32.0,0.0
1783936792.3,826,32624,79,10.0,32.0,0.0
1783936792.9,826,32624,79,9.0,32.0,0.0
1783936793.5,826,32624,79,9.0,32.0,0.0
1783936794.1,826,32624,79,11.0,32.0,0.0
1783936794.7,826,32624,79,10.0,32.0,0.0
1783936795.2,826,32624,79,9.0,32.0,0.0
1783936795.8,826,32624,79,10.0,32.0,0.0
1783936796.4,826,32624,79,22.0,32.0,0.0
1783936797.0,826,32624,79,12.0,32.0,0.0
1783936797.6,826,32624,79,11.0,32.0,0.0
1783936798.2,826,32624,79,11.0,32.0,0.0
1783936798.8,826,32624,79,9.0,32.0,0.0
1783936799.4,826,32624,79,10.0,32.0,0.0
1783936800.0,826,32624,79,12.0,32.0,0.0
1783936800.6,826,32624,79,11.0,32.0,0.0
1783936801.2,826,32624,79,10.0,32.0,0.0
1783936801.8,826,32624,79,10.0,32.0,0.0
1783936802.4,826,32624,79,10.0,32.0,0.0
1783936803.0,826,32624,79,10.0,32.0,0.0
1783936803.6,826,32624,79,9.0,32.0,0.0
1783936804.2,826,32624,79,10.0,32.0,0.0
1783936804.8,826,32624,79,10.0,32.0,0.0
1783936805.4,826,32624,79,22.0,32.0,0.0
1783936806.0,826,32624,79,10.0,32.0,0.0
1783936806.6,826,32624,79,11.0,32.0,0.0
1783936807.2,826,32624,79,10.0,32.0,0.0
1783936807.8,826,32624,79,9.0,32.0,0.0
1783936808.4,826,32624,79,10.0,32.0,0.0
1783936809.0,826,32624,79,10.0,32.0,0.0
1783936809.6,826,32624,79,10.0,32.0,0.0
1783936810.2,826,32624,79,10.0,32.0,0.0
1783936810.8,826,32624,79,10.0,32.0,0.0
1783936811.4,826,32624,79,10.0,32.0,0.0
1783936812.0,826,32624,79,10.0,32.0,0.0
1783936812.6,822,32624,99,25.0,32.0,192.0
1783936813.2,822,32624,99,11.0,32.0,0.0
1783936813.8,822,32624,99,11.0,32.0,0.0
1783936814.4,822,32624,89,10.0,32.0,41.0
1783936815.0,822,32624,89,9.0,32.0,0.0
1783936815.6,822,32624,89,9.0,32.0,0.0
1783936816.2,822,32624,89,8.0,32.0,0.0
1783936816.7,822,32624,89,9.0,32.0,0.0
1783936817.3,822,32624,89,9.0,32.0,0.0
1783936817.9,822,32624,89,9.0,32.0,0.0
1783936818.5,822,32624,89,9.0,32.0,0.0
1783936819.1,822,32624,89,10.0,32.0,0.0
1783936819.7,822,32624,89,9.0,32.0,0.0
1783936820.3,822,32624,89,10.0,32.0,0.0
1783936820.9,822,32624,89,10.0,32.0,0.0
1783936821.5,822,32624,89,22.0,32.0,0.0
1783936822.1,822,32624,89,11.0,32.0,0.0
1783936822.7,822,32624,89,10.0,32.0,0.0
1783936823.3,822,32624,89,10.0,32.0,0.0
1783936823.9,822,32624,89,9.0,32.0,0.0
1783936824.5,822,32624,89,9.0,32.0,0.0
1783936825.1,822,32624,89,12.0,32.0,0.0
1783936825.7,822,32624,89,10.0,32.0,0.0
1783936826.3,822,32624,89,9.0,32.0,0.0
1783936826.9,822,32624,89,11.0,32.0,0.0
1783936827.5,822,32624,89,9.0,32.0,0.0
1783936828.1,822,32624,89,10.0,32.0,0.0
1783936828.7,822,32624,89,10.0,32.0,0.0
1783936829.3,829,32624,101,10.0,32.0,0.0
1783936829.9,829,32624,101,11.0,32.0,0.0
1783936830.5,829,32624,101,11.0,32.0,0.0
1783936831.1,829,32624,91,10.0,32.0,0.0
1783936831.7,829,32624,91,9.0,32.0,0.0
1783936832.3,829,32624,81,9.0,32.0,0.0
1783936832.9,829,32624,81,11.0,32.0,0.0
1783936833.5,829,32624,81,10.0,32.0,0.0
1783936834.1,829,32624,81,9.0,32.0,0.0
1783936834.7,829,32624,81,9.0,32.0,0.0
1783936835.3,829,32624,81,9.0,32.0,0.0
1783936835.9,829,32624,81,9.0,32.0,0.0
1783936836.5,829,32624,91,10.0,32.0,0.0
1783936837.1,829,32624,91,22.0,32.0,0.0
1783936837.7,829,32624,91,10.0,32.0,0.0
1783936838.2,829,32624,89,12.0,32.0,0.0
1783936838.8,829,32624,89,11.0,32.0,0.0
1783936839.4,829,32624,89,10.0,32.0,0.0
1783936840.0,829,32624,89,22.0,32.0,0.0
1783936840.6,829,32624,89,10.0,32.0,0.0
1783936841.2,829,32624,79,10.0,32.0,0.0
1783936841.8,829,32624,79,10.0,32.0,0.0
1783936842.4,829,32624,79,10.0,32.0,0.0
1783936843.0,829,32624,79,9.0,32.0,0.0
1783936843.6,829,32624,79,11.0,32.0,0.0
1783936844.2,829,32624,89,23.0,32.0,0.0
1783936844.8,829,32624,89,10.0,32.0,0.0
1783936845.4,829,32624,89,12.0,32.0,0.0
1783936846.0,829,32624,89,11.0,32.0,0.0
1783936846.6,829,32624,89,23.0,32.0,0.0
1783936847.2,829,32624,89,17.0,32.0,0.0
1783936847.8,829,32624,99,10.0,32.0,0.0
1783936848.4,829,32624,89,20.0,32.0,225.0
1783936849.0,829,32624,101,10.0,32.0,0.0
1783936849.6,829,32624,101,11.0,32.0,0.0
1783936850.2,829,32624,101,29.0,32.0,346.0
1783936850.8,832,32624,103,28.0,33.0,634.0
1783936851.4,842,32624,103,11.0,33.0,0.0
1783936852.0,842,32624,101,21.0,33.0,0.0
1783936852.6,842,32624,101,10.0,32.0,0.0
1783936853.2,842,32624,91,12.0,32.0,312.0
1783936853.8,842,32624,91,11.0,32.0,0.0
1783936854.3,842,32624,91,11.0,32.0,0.0
1783936854.9,842,32624,91,11.0,32.0,0.0
1783936855.5,842,32624,91,11.0,32.0,0.0
1783936856.1,842,32624,91,9.0,32.0,0.0
1783936856.7,842,32624,91,10.0,32.0,0.0
1783936857.3,842,32624,91,9.0,32.0,0.0
1783936857.9,842,32624,91,10.0,32.0,0.0
1783936858.5,842,32624,91,10.0,32.0,0.0
1783936859.1,842,32624,91,10.0,32.0,0.0
1783936859.7,842,32624,91,10.0,32.0,0.0
1783936860.3,842,32624,91,11.0,32.0,0.0
1783936860.9,842,32624,91,11.0,32.0,0.0
1783936861.5,842,32624,91,21.0,32.0,0.0
1783936862.1,842,32624,91,10.0,32.0,0.0
1783936862.7,842,32624,91,11.0,32.0,0.0
1783936863.3,842,32624,91,10.0,32.0,0.0
1783936863.9,842,32624,91,10.0,32.0,0.0
1783936864.5,842,32624,91,9.0,32.0,0.0
1783936865.1,842,32624,91,9.0,32.0,0.0
1783936865.7,846,32624,101,12.0,33.0,0.0
1783936866.3,836,32624,89,27.0,32.0,1192.0
1783936866.9,836,32624,99,26.0,32.0,633.0
1783936867.5,836,32624,99,25.0,33.0,0.0
1783936868.1,836,32624,99,11.0,32.0,0.0
1783936868.7,836,32624,89,26.0,32.0,41.0
1783936869.3,836,32624,99,11.0,32.0,0.0
1783936869.9,836,32624,99,10.0,32.0,0.0
1783936870.5,836,32624,89,9.0,32.0,0.0
1783936871.1,836,32624,89,9.0,32.0,0.0
1783936871.7,836,32624,79,9.0,32.0,0.0
1783936872.3,836,32624,79,9.0,32.0,0.0
1783936872.9,836,32624,79,10.0,32.0,0.0
1783936873.5,843,32624,81,14.0,32.0,0.0
1783936874.1,843,32624,81,10.0,32.0,0.0
1783936874.7,843,32624,81,10.0,32.0,0.0
1783936875.3,843,32624,81,9.0,32.0,0.0
1783936875.9,843,32624,81,10.0,32.0,0.0
1783936876.5,843,32624,81,9.0,32.0,0.0
1783936877.1,843,32624,81,10.0,32.0,0.0
1783936877.7,843,32624,81,10.0,32.0,0.0
1783936878.3,843,32624,81,10.0,32.0,0.0
1783936878.9,843,32624,81,11.0,32.0,0.0
1783936879.5,843,32624,81,11.0,32.0,0.0
1783936880.1,843,32624,81,11.0,32.0,0.0
1783936880.7,843,32624,101,22.0,33.0,0.0
1783936881.3,843,32624,101,14.0,32.0,0.0
1783936881.9,861,32624,101,26.0,32.0,24.0
1783936882.5,861,32624,101,25.0,32.0,1807.0
1783936883.1,861,32624,101,12.0,32.0,0.0
1783936883.7,861,32624,101,11.0,32.0,0.0
1783936884.3,861,32624,101,10.0,32.0,0.0
1783936884.9,861,32624,91,10.0,32.0,0.0
1783936885.5,859,32624,81,11.0,32.0,0.0
1783936886.1,859,32624,81,9.0,32.0,0.0
1783936886.7,859,32624,81,10.0,32.0,0.0
1783936887.3,859,32624,81,9.0,32.0,0.0
1783936887.9,845,32624,81,10.0,32.0,0.0
1783936888.5,845,32624,81,9.0,32.0,0.0
1783936889.1,845,32624,81,10.0,32.0,0.0
1783936889.7,845,32624,81,11.0,32.0,0.0
1783936890.3,845,32624,81,10.0,32.0,0.0
1783936890.9,845,32624,81,9.0,32.0,0.0
1783936891.5,845,32624,81,9.0,32.0,0.0
1783936892.1,845,32624,81,10.0,32.0,0.0
1783936892.7,845,32624,81,11.0,32.0,0.0
1783936893.3,845,32624,81,10.0,32.0,0.0
1783936893.9,845,32624,81,10.0,32.0,0.0
1783936894.5,845,32624,81,10.0,32.0,0.0
1783936895.1,845,32624,81,9.0,32.0,0.0
1783936895.7,845,32624,81,11.0,32.0,0.0
1783936896.2,845,32624,81,10.0,32.0,0.0
1783936896.8,845,32624,81,11.0,32.0,0.0
1783936897.4,845,32624,81,11.0,32.0,0.0
1783936898.0,845,32624,81,11.0,32.0,0.0
1783936898.6,845,32624,81,12.0,32.0,0.0
1783936899.2,845,32624,81,10.0,32.0,0.0
1783936899.8,845,32624,81,9.0,32.0,0.0
1783936900.4,845,32624,81,9.0,32.0,0.0
1783936901.0,845,32624,81,11.0,32.0,0.0
1783936901.6,845,32624,81,11.0,32.0,0.0
1783936902.2,845,32624,81,11.0,32.0,0.0
1783936902.8,845,32624,81,11.0,32.0,0.0
1783936903.4,845,32624,81,10.0,32.0,0.0
1783936904.0,845,32624,81,11.0,32.0,0.0
1783936904.6,845,32624,81,10.0,32.0,0.0
1783936905.2,845,32624,81,10.0,32.0,0.0
1783936905.8,845,32624,81,11.0,32.0,0.0
1783936906.4,845,32624,81,9.0,32.0,0.0
1783936907.0,845,32624,81,11.0,32.0,0.0
1783936907.6,845,32624,81,10.0,32.0,0.0
1783936908.2,845,32624,81,10.0,32.0,0.0
1783936908.8,845,32624,81,11.0,32.0,0.0
1783936909.4,845,32624,81,11.0,32.0,0.0
1783936910.0,845,32624,81,10.0,32.0,0.0
1783936910.6,845,32624,81,11.0,32.0,0.0
1783936911.2,845,32624,81,9.0,32.0,0.0
1783936911.7,845,32624,81,9.0,32.0,0.0
1783936912.3,845,32624,81,9.0,32.0,0.0
1783936912.9,845,32624,81,9.0,32.0,0.0
1783936913.5,845,32624,81,9.0,32.0,0.0
1783936914.1,845,32624,81,10.0,31.0,0.0
1783936914.7,845,32624,81,9.0,32.0,0.0
1783936915.3,845,32624,81,10.0,32.0,0.0
1783936915.9,849,32624,101,25.0,32.0,31.0
1783936916.5,843,32624,101,11.0,32.0,0.0
1783936917.1,843,32624,101,12.0,32.0,0.0
1783936917.7,843,32624,101,13.0,32.0,0.0
1783936918.3,843,32624,99,23.0,33.0,0.0
1783936918.9,843,32624,99,10.0,32.0,0.0
1783936919.5,843,32624,99,10.0,32.0,0.0
1783936920.1,843,32624,99,22.0,32.0,0.0
1783936920.7,843,32624,77,10.0,32.0,0.0
1783936921.3,843,32624,77,10.0,32.0,0.0
1783936921.9,843,32624,77,9.0,32.0,0.0
1783936922.5,843,32624,77,10.0,32.0,0.0
1783936923.1,843,32624,77,9.0,32.0,0.0
1783936923.7,843,32624,77,9.0,32.0,0.0
1783936924.3,843,32624,77,11.0,32.0,0.0
1783936924.9,843,32624,77,11.0,32.0,0.0
1783936925.5,843,32624,77,10.0,32.0,0.0
1783936926.1,843,32624,77,11.0,32.0,0.0
1783936926.7,843,32624,77,10.0,32.0,0.0
1783936927.3,843,32624,77,8.0,32.0,0.0
1783936927.9,843,32624,77,12.0,32.0,0.0
1783936928.5,843,32624,77,13.0,32.0,0.0
1783936929.1,843,32624,77,11.0,32.0,0.0
1783936929.7,843,32624,77,11.0,31.0,0.0
1783936930.3,843,32624,77,11.0,32.0,0.0
1783936930.9,843,32624,77,9.0,32.0,0.0
1783936931.5,843,32624,77,9.0,32.0,0.0
1783936932.1,843,32624,77,9.0,32.0,0.0
1783936932.7,843,32624,77,9.0,32.0,0.0
1783936933.3,843,32624,77,10.0,32.0,0.0
1783936933.9,837,32624,75,11.0,32.0,0.0
1783936934.5,837,32624,75,10.0,32.0,0.0
1783936935.1,837,32624,75,9.0,32.0,0.0
1783936935.7,837,32624,75,11.0,32.0,0.0
1783936936.3,837,32624,75,11.0,32.0,0.0
1783936936.9,837,32624,75,11.0,32.0,0.0
1783936937.5,837,32624,95,25.0,33.0,6.0
1783936938.1,837,32624,97,24.0,33.0,500.0
1783936938.7,835,32624,97,28.0,32.0,1437.0
1783936939.3,835,32624,97,11.0,32.0,0.0
1783936939.9,835,32624,97,26.0,32.0,24.0
1783936940.5,835,32624,97,27.0,33.0,54.0
1783936941.0,835,32624,97,10.0,33.0,0.0
1783936941.6,835,32624,97,26.0,33.0,43.0
1783936942.2,835,32624,97,26.0,33.0,58.0
1783936942.8,835,32624,97,22.0,33.0,0.0
1783936943.4,835,32624,99,29.0,33.0,200.0
1783936944.0,835,32624,99,29.0,33.0,1234.0
1783936944.6,835,32624,99,25.0,33.0,37.0
1783936945.2,835,32624,99,25.0,33.0,61.0
1783936945.8,850,32624,97,34.0,33.0,125.0
1783936946.4,850,32624,97,22.0,33.0,0.0
1783936947.0,850,32624,97,22.0,33.0,0.0
1783936947.6,850,32624,97,11.0,32.0,0.0
1783936948.2,850,32624,85,9.0,32.0,0.0
1783936948.8,850,32624,85,9.0,32.0,0.0
1783936949.4,850,32624,75,11.0,32.0,0.0
1783936950.0,850,32624,66,10.0,32.0,0.0
1783936950.6,850,32624,66,12.0,32.0,0.0
1783936951.2,850,32624,66,10.0,32.0,0.0
1783936951.8,850,32624,66,15.0,32.0,68.0
1783936952.4,846,32624,89,28.0,33.0,1808.0
1783936953.0,846,32624,89,12.0,32.0,0.0
1783936953.6,846,32624,67,12.0,32.0,0.0
1783936954.2,846,32624,70,12.0,32.0,0.0
1783936954.8,846,32624,70,10.0,32.0,0.0
1783936955.4,846,32624,64,11.0,32.0,0.0
1783936956.0,846,32624,76,12.0,32.0,0.0
1783936956.6,846,32624,72,11.0,32.0,0.0
1783936957.2,846,32624,72,11.0,32.0,0.0
1783936957.8,846,32624,79,11.0,33.0,0.0
1783936958.4,846,32624,79,11.0,32.0,0.0
1783936959.0,846,32624,71,12.0,32.0,0.0
1783936959.6,846,32624,71,19.0,32.0,91.0
1783936960.1,846,32624,71,11.0,32.0,0.0
1783936960.7,846,32624,71,10.0,32.0,0.0
1783936961.3,846,32624,71,12.0,32.0,0.0
1783936961.9,846,32624,71,12.0,32.0,0.0
1783936962.5,846,32624,66,14.0,32.0,24.0
1783936963.1,846,32624,67,15.0,32.0,16.0
1783936963.7,846,32624,67,11.0,32.0,0.0
1783936964.3,846,32624,67,12.0,32.0,0.0
1783936964.9,846,32624,67,11.0,32.0,0.0
1783936965.5,846,32624,67,11.0,32.0,0.0
1783936966.1,846,32624,67,15.0,32.0,22.0
1783936966.7,846,32624,67,10.0,32.0,0.0
1783936967.2,846,32624,67,11.0,32.0,0.0
1783936967.8,846,32624,64,13.0,32.0,0.0
1783936968.4,846,32624,64,11.0,32.0,0.0
1783936969.0,846,32624,67,10.0,32.0,0.0
1783936969.6,846,32624,67,11.0,32.0,0.0
1783936970.2,846,32624,67,11.0,32.0,0.0
1783936970.8,846,32624,67,11.0,32.0,0.0
1783936971.4,846,32624,67,11.0,32.0,0.0
1783936972.0,846,32624,67,11.0,32.0,0.0
1783936972.6,846,32624,81,23.0,33.0,0.0
1783936973.2,846,32624,68,12.0,32.0,0.0
1783936973.7,846,32624,68,11.0,32.0,0.0
1783936974.3,846,32624,66,11.0,32.0,0.0
1783936974.9,846,32624,82,11.0,33.0,0.0
1783936975.5,846,32624,82,10.0,32.0,0.0
1783936976.1,846,32624,66,12.0,32.0,0.0
1783936976.7,846,32624,66,11.0,32.0,0.0
1783936977.3,846,32624,91,25.0,33.0,48.0
1783936977.9,846,32624,114,26.0,33.0,36.0
1783936978.5,846,32624,131,26.0,33.0,20.0
1783936979.2,846,32624,108,25.0,33.0,16.0
1783936979.8,846,32624,102,24.0,33.0,43.0
1783936980.4,846,32624,102,11.0,33.0,0.0
1783936981.0,846,32624,102,11.0,32.0,0.0
1783936981.6,846,32624,102,11.0,32.0,0.0
1783936982.2,846,32624,102,10.0,32.0,0.0
1783936982.8,846,32624,79,22.0,33.0,0.0
1783936983.4,846,32624,66,10.0,32.0,0.0
1783936984.0,846,32624,66,11.0,33.0,0.0
1783936984.6,846,32624,66,10.0,33.0,0.0
1783936985.1,846,32624,66,9.0,32.0,0.0
1783936985.7,846,32624,66,10.0,32.0,0.0
1783936986.3,846,32624,66,9.0,32.0,0.0
1783936986.9,846,32624,66,10.0,32.0,0.0
1783936987.5,846,32624,83,26.0,33.0,1196.0
1783936988.1,846,32624,89,25.0,33.0,1440.0
1783936988.7,846,32624,89,11.0,33.0,0.0
1783936989.3,846,32624,89,11.0,32.0,0.0
1783936989.9,846,32624,89,12.0,33.0,0.0
1783936990.5,846,32624,71,11.0,32.0,0.0
1783936991.1,846,32624,71,11.0,33.0,0.0
1783936991.7,846,32624,71,14.0,33.0,2.0
1783936992.3,846,32624,71,10.0,33.0,0.0
1783936992.9,846,32624,85,22.0,33.0,0.0
1783936993.5,846,32624,71,17.0,33.0,55.0
1783936994.1,846,32624,71,10.0,33.0,0.0
1783936994.7,846,32624,71,11.0,33.0,0.0
1783936995.3,846,32624,70,11.0,33.0,0.0
1783936995.9,846,32624,67,11.0,33.0,0.0
1783936996.5,846,32624,74,11.0,32.0,0.0
1783936997.1,846,32624,68,15.0,33.0,6.0
1783936997.6,846,32624,68,17.0,32.0,294.0
1783936998.2,846,32624,68,11.0,32.0,0.0
1783936998.8,846,32624,68,12.0,32.0,0.0
1783936999.4,846,32624,68,11.0,32.0,0.0
1783937000.0,846,32624,68,11.0,32.0,0.0
1783937000.6,846,32624,68,11.0,32.0,0.0
1783937001.2,846,32624,68,11.0,32.0,0.0
1783937001.8,846,32624,68,11.0,33.0,0.0
1783937002.4,846,32624,68,11.0,32.0,0.0
1783937003.0,846,32624,66,12.0,33.0,0.0
1783937003.6,846,32624,79,11.0,33.0,0.0
1783937004.2,846,32624,79,11.0,32.0,0.0
1783937004.8,846,32624,79,11.0,32.0,0.0
1783937005.4,846,32624,91,30.0,32.0,1769.0
1783937006.0,846,32624,94,22.0,33.0,0.0
1783937006.6,846,32624,87,26.0,33.0,23.0
1783937007.2,846,32624,86,16.0,33.0,109.0
1783937007.8,846,32624,103,26.0,33.0,1415.0
1783937008.4,846,32624,76,11.0,33.0,0.0
1783937009.0,846,32624,76,11.0,33.0,0.0
1783937009.6,846,32624,74,11.0,33.0,0.0
1783937010.2,846,32624,74,11.0,32.0,0.0
1783937010.8,846,32624,74,11.0,33.0,0.0
1783937011.3,846,32624,74,11.0,33.0,0.0
1783937011.9,846,32624,67,11.0,32.0,0.0
1783937012.5,846,32624,67,12.0,33.0,0.0
1783937013.1,846,32624,75,11.0,33.0,0.0
1783937013.7,846,32624,75,12.0,33.0,0.0
1783937014.3,846,32624,75,11.0,32.0,0.0
1783937014.9,846,32624,67,12.0,33.0,0.0
1783937015.5,846,32624,67,11.0,32.0,0.0
