unix_ts,vram_used_mib,vram_total_mib,gtt_used_mib,power_w,temp_c,sclk_mhz
1783929528.9,18679,32624,295,117.0,65.0,1709.0
1783929529.5,18685,32624,298,222.0,67.0,2812.0
1783929530.1,18685,32624,298,305.0,68.0,3253.0
1783929530.7,18685,32624,298,315.0,69.0,3238.0
1783929531.3,18685,32624,305,321.0,69.0,3286.0
1783929531.9,18685,32624,305,312.0,69.0,3224.0
1783929532.5,18685,32624,305,296.0,69.0,3250.0
1783929533.1,18685,32624,305,292.0,69.0,3239.0
1783929533.7,18685,32624,305,289.0,69.0,3230.0
1783929534.2,18685,32624,305,318.0,69.0,3283.0
1783929534.8,18685,32624,305,300.0,69.0,3235.0
1783929535.4,18685,32624,305,311.0,69.0,3262.0
1783929536.0,18685,32624,305,305.0,69.0,3253.0
1783929536.6,18685,32624,305,318.0,70.0,3231.0
1783929537.2,18685,32624,305,298.0,70.0,3233.0
1783929537.8,18685,32624,305,295.0,70.0,3237.0
1783929538.4,18685,32624,305,309.0,70.0,3258.0
1783929539.0,18685,32624,305,292.0,70.0,3248.0
1783929539.6,18685,32624,305,301.0,70.0,3224.0
1783929540.2,18685,32624,305,295.0,70.0,3222.0
1783929540.8,18685,32624,305,287.0,70.0,3238.0
1783929541.4,18685,32624,305,311.0,70.0,3230.0
1783929542.0,18685,32624,305,311.0,70.0,3249.0
1783929542.5,18685,32624,294,302.0,70.0,3238.0
1783929543.1,18685,32624,294,292.0,70.0,3231.0
1783929543.7,18685,32624,294,296.0,71.0,3200.0
1783929544.3,18685,32624,294,307.0,71.0,3233.0
1783929544.9,18685,32624,294,303.0,71.0,3230.0
1783929545.5,18685,32624,294,305.0,71.0,3251.0
1783929546.1,18685,32624,294,309.0,71.0,3214.0
1783929546.7,18685,32624,305,320.0,71.0,3258.0
1783929547.3,18685,32624,305,303.0,71.0,3238.0
1783929547.9,18685,32624,305,292.0,71.0,3217.0
1783929548.5,18685,32624,305,301.0,71.0,3231.0
1783929549.0,18685,32624,305,301.0,71.0,3227.0
1783929549.6,18685,32624,305,328.0,71.0,3224.0
1783929550.2,18685,32624,305,301.0,71.0,3237.0
1783929550.8,18685,32624,305,297.0,71.0,3242.0
1783929551.4,18685,32624,305,279.0,71.0,3184.0
1783929552.0,18685,32624,305,294.0,71.0,3235.0
1783929552.6,18685,32624,305,298.0,71.0,3231.0
1783929553.2,18685,32624,305,302.0,71.0,3239.0
1783929553.8,18685,32624,305,311.0,71.0,3240.0
1783929554.4,18685,32624,305,297.0,71.0,3249.0
1783929555.0,18685,32624,305,316.0,71.0,3235.0
1783929555.5,18685,32624,305,267.0,71.0,3198.0
1783929556.1,18685,32624,305,297.0,71.0,3229.0
1783929556.7,18685,32624,305,303.0,71.0,3250.0
1783929557.3,18685,32624,294,295.0,71.0,3235.0
1783929557.9,18685,32624,294,275.0,71.0,3199.0
1783929558.5,18685,32624,294,300.0,72.0,3219.0
1783929559.1,18685,32624,294,289.0,72.0,3195.0
1783929559.7,18685,32624,294,280.0,72.0,3206.0
1783929560.3,18685,32624,294,293.0,72.0,3237.0
1783929560.9,18685,32624,302,297.0,72.0,3231.0
1783929561.5,18685,32624,313,298.0,72.0,3207.0
1783929562.0,18685,32624,313,308.0,72.0,3216.0
1783929562.6,18685,32624,313,299.0,72.0,3214.0
1783929563.2,18685,32624,311,313.0,72.0,3241.0
1783929563.8,18685,32624,311,303.0,72.0,3237.0
1783929564.4,18685,32624,311,312.0,72.0,3255.0
1783929565.0,18685,32624,311,288.0,72.0,3214.0
1783929565.6,18685,32624,311,300.0,72.0,3210.0
1783929566.2,18685,32624,311,304.0,72.0,3232.0
1783929566.8,18685,32624,311,301.0,72.0,3227.0
1783929567.4,18685,32624,311,311.0,72.0,3233.0
1783929568.0,18685,32624,311,317.0,72.0,3230.0
1783929568.5,18685,32624,311,300.0,72.0,3227.0
1783929569.1,18686,32624,311,312.0,72.0,3229.0
1783929569.7,18686,32624,311,305.0,72.0,3215.0
1783929570.3,18686,32624,311,302.0,72.0,3221.0
1783929570.9,18686,32624,311,300.0,72.0,3223.0
1783929571.5,18686,32624,311,310.0,72.0,3202.0
1783929572.1,18686,32624,300,308.0,72.0,3256.0
1783929572.7,18686,32624,300,304.0,72.0,3244.0
1783929573.3,18686,32624,300,295.0,72.0,3192.0
1783929573.9,18686,32624,300,307.0,72.0,3233.0
1783929574.5,18686,32624,300,312.0,72.0,3219.0
1783929575.0,18686,32624,300,306.0,72.0,3242.0
1783929575.6,18686,32624,300,282.0,72.0,3181.0
1783929576.2,18686,32624,300,301.0,72.0,3261.0
1783929576.8,18686,32624,312,296.0,72.0,3241.0
1783929577.4,18686,32624,312,312.0,72.0,3229.0
1783929578.0,18686,32624,312,288.0,72.0,3190.0
1783929578.6,18686,32624,312,305.0,72.0,3227.0
1783929579.2,18686,32624,312,308.0,72.0,3236.0
1783929579.8,18686,32624,312,297.0,72.0,3211.0
1783929580.4,18686,32624,312,308.0,72.0,3206.0
1783929581.0,18686,32624,312,301.0,72.0,3251.0
1783929581.6,18686,32624,312,289.0,72.0,3195.0
1783929582.1,18686,32624,312,311.0,72.0,3224.0
1783929582.7,18686,32624,312,307.0,72.0,3223.0
1783929583.3,18686,32624,312,306.0,72.0,3232.0
1783929583.9,18686,32624,312,309.0,72.0,3232.0
1783929584.5,18686,32624,312,296.0,72.0,3197.0
1783929585.1,18686,32624,312,270.0,72.0,3214.0
1783929585.7,18686,32624,312,298.0,72.0,3205.0
1783929586.3,18686,32624,312,299.0,72.0,3214.0
1783929586.9,18686,32624,312,301.0,72.0,3224.0
1783929587.5,18686,32624,300,307.0,72.0,3222.0
1783929588.1,18686,32624,300,310.0,72.0,3203.0
1783929588.6,18686,32624,300,310.0,72.0,3215.0
1783929589.2,18686,32624,300,300.0,72.0,3203.0
1783929589.8,18686,32624,300,307.0,72.0,3213.0
1783929590.4,18686,32624,300,286.0,72.0,3196.0
1783929591.0,18686,32624,300,301.0,72.0,3232.0
1783929591.6,18686,32624,312,295.0,72.0,3212.0
1783929592.2,18686,32624,312,304.0,72.0,3238.0
1783929592.8,18686,32624,312,328.0,72.0,3216.0
1783929593.4,18686,32624,312,322.0,72.0,3251.0
1783929593.9,18686,32624,312,291.0,72.0,3180.0
1783929594.5,18686,32624,312,292.0,72.0,3219.0
1783929595.1,18686,32624,312,300.0,72.0,3223.0
1783929595.7,18686,32624,312,269.0,72.0,3213.0
1783929596.3,18686,32624,312,302.0,72.0,3207.0
1783929596.9,18686,32624,312,300.0,72.0,3213.0
1783929597.5,18686,32624,312,306.0,72.0,3208.0
1783929598.1,18686,32624,312,270.0,72.0,3212.0
1783929598.7,18686,32624,312,303.0,72.0,3214.0
1783929599.3,18686,32624,312,304.0,72.0,3209.0
1783929599.9,18686,32624,312,293.0,72.0,3220.0
1783929600.5,18686,32624,312,323.0,72.0,3223.0
1783929601.0,18686,32624,312,311.0,72.0,3238.0
1783929601.6,18686,32624,312,299.0,72.0,3220.0
1783929602.2,18686,32624,300,291.0,72.0,3207.0
1783929602.8,18686,32624,300,300.0,72.0,3194.0
1783929603.4,18686,32624,300,317.0,72.0,3225.0
1783929604.0,18686,32624,300,306.0,72.0,3231.0
1783929604.6,18686,32624,300,304.0,72.0,3261.0
1783929605.2,18686,32624,300,304.0,72.0,3211.0
1783929605.8,18686,32624,300,299.0,72.0,3198.0
1783929606.4,18686,32624,311,320.0,72.0,3215.0
1783929607.0,18686,32624,311,277.0,72.0,3204.0
1783929607.5,18686,32624,311,301.0,72.0,3235.0
1783929608.1,18686,32624,311,310.0,73.0,3235.0
1783929608.7,18686,32624,311,295.0,72.0,3235.0
1783929609.3,18686,32624,311,292.0,72.0,3185.0
1783929609.9,18686,32624,311,299.0,73.0,3223.0
1783929610.5,18686,32624,311,315.0,72.0,3248.0
1783929611.1,18686,32624,311,302.0,72.0,3218.0
1783929611.7,18686,32624,311,300.0,73.0,3209.0
1783929612.3,18686,32624,311,322.0,73.0,3208.0
1783929612.9,18686,32624,311,314.0,73.0,3205.0
1783929613.5,18686,32624,311,303.0,73.0,3240.0
1783929614.1,18686,32624,311,295.0,73.0,3182.0
1783929614.6,18686,32624,311,303.0,73.0,3230.0
1783929615.2,18686,32624,311,308.0,73.0,3229.0
1783929615.8,18686,32624,311,267.0,73.0,3210.0
1783929616.4,18686,32624,311,302.0,73.0,3204.0
1783929617.0,18686,32624,300,312.0,73.0,3254.0
1783929617.6,18686,32624,300,304.0,73.0,3205.0
1783929618.2,18686,32624,300,288.0,73.0,3179.0
1783929618.8,18686,32624,300,305.0,73.0,3218.0
1783929619.4,18686,32624,300,301.0,73.0,3224.0
1783929620.0,18686,32624,300,306.0,73.0,3229.0
1783929620.5,18686,32624,300,306.0,73.0,3222.0
1783929621.1,18686,32624,300,301.0,73.0,3234.0
1783929621.7,18686,32624,312,282.0,73.0,3185.0
1783929622.3,18686,32624,312,298.0,73.0,3205.0
1783929622.9,18686,32624,312,302.0,73.0,3225.0
1783929623.5,18686,32624,312,307.0,73.0,3222.0
1783929624.1,18686,32624,312,293.0,73.0,3211.0
1783929624.7,18686,32624,312,288.0,73.0,3190.0
1783929625.3,18686,32624,312,303.0,73.0,3208.0
1783929625.9,18686,32624,312,304.0,73.0,3238.0
1783929626.5,18686,32624,312,305.0,73.0,3238.0
1783929627.0,18686,32624,312,304.0,73.0,3222.0
1783929627.6,18686,32624,312,298.0,72.0,3211.0
1783929628.2,18686,32624,312,313.0,73.0,3212.0
1783929628.8,18686,32624,312,269.0,73.0,3183.0
1783929629.4,18686,32624,312,295.0,73.0,3205.0
1783929630.0,18686,32624,312,310.0,73.0,3249.0
1783929630.6,18686,32624,312,297.0,73.0,3227.0
1783929631.2,18686,32624,312,305.0,73.0,3215.0
1783929631.8,18686,32624,312,309.0,73.0,3205.0
1783929632.4,18686,32624,300,289.0,73.0,3191.0
1783929632.9,18686,32624,300,299.0,73.0,3216.0
1783929633.5,18686,32624,300,302.0,73.0,3219.0
1783929634.1,18686,32624,300,306.0,73.0,3227.0
1783929634.7,18686,32624,300,291.0,73.0,3216.0
1783929635.3,18686,32624,300,298.0,73.0,3204.0
1783929635.9,18686,32624,300,309.0,73.0,3238.0
1783929636.5,18686,32624,312,305.0,73.0,3214.0
1783929637.1,18686,32624,312,287.0,73.0,3194.0
1783929637.7,18686,32624,312,313.0,73.0,3236.0
1783929638.3,18686,32624,312,308.0,73.0,3230.0
1783929638.8,18686,32624,312,306.0,73.0,3227.0
1783929639.4,18686,32624,312,305.0,73.0,3237.0
1783929640.0,18686,32624,312,305.0,73.0,3228.0
1783929640.6,18686,32624,312,309.0,73.0,3208.0
1783929641.2,18686,32624,312,301.0,73.0,3181.0
1783929641.8,18686,32624,312,293.0,73.0,3200.0
1783929642.4,18686,32624,312,301.0,73.0,3222.0
1783929643.0,18686,32624,312,312.0,73.0,3254.0
1783929643.6,18686,32624,312,321.0,73.0,3278.0
1783929644.2,18686,32624,312,288.0,73.0,3224.0
1783929644.7,18686,32624,312,307.0,73.0,3222.0
1783929645.3,18686,32624,312,307.0,73.0,3236.0
1783929645.9,18686,32624,312,313.0,73.0,3229.0
1783929646.5,18686,32624,312,299.0,73.0,3210.0
1783929647.1,18686,32624,300,300.0,73.0,3221.0
1783929647.7,18686,32624,300,301.0,73.0,3224.0
1783929648.3,18686,32624,300,300.0,73.0,3228.0
1783929648.9,18686,32624,300,297.0,73.0,3195.0
1783929649.5,18686,32624,300,297.0,73.0,3198.0
1783929650.1,18686,32624,300,300.0,73.0,3218.0
1783929650.7,18686,32624,300,298.0,73.0,3217.0
1783929651.2,18686,32624,300,283.0,73.0,3192.0
1783929651.8,18686,32624,312,302.0,73.0,3204.0
1783929652.4,18686,32624,312,307.0,73.0,3235.0
1783929653.0,18686,32624,312,314.0,73.0,3242.0
1783929653.6,18686,32624,312,299.0,73.0,3223.0
1783929654.2,18686,32624,312,304.0,73.0,3230.0
1783929654.8,18686,32624,312,295.0,73.0,3221.0
1783929655.4,18686,32624,312,301.0,73.0,3212.0
1783929656.0,18686,32624,312,310.0,73.0,3228.0
1783929656.6,18686,32624,312,266.0,73.0,3200.0
1783929657.1,18686,32624,312,271.0,73.0,3206.0
1783929657.7,18686,32624,312,308.0,73.0,3220.0
1783929658.3,18686,32624,312,294.0,73.0,3193.0
1783929658.9,18686,32624,312,307.0,73.0,3219.0
1783929659.5,18686,32624,304,44.0,72.0,0.0
1783929660.1,18691,32624,309,226.0,71.0,2835.0
1783929660.7,18691,32624,309,302.0,72.0,3228.0
1783929661.3,18691,32624,309,315.0,72.0,3261.0
1783929661.9,18691,32624,309,295.0,72.0,3229.0
1783929662.5,18691,32624,305,294.0,73.0,3200.0
1783929663.1,18691,32624,305,307.0,73.0,3217.0
1783929663.6,18691,32624,305,301.0,73.0,3211.0
1783929664.2,18691,32624,305,294.0,73.0,3218.0
1783929664.8,18691,32624,305,316.0,73.0,3220.0
1783929665.4,18691,32624,305,301.0,73.0,3236.0
1783929666.0,18691,32624,305,305.0,72.0,3205.0
1783929666.6,18691,32624,316,312.0,73.0,3210.0
1783929667.2,18691,32624,316,313.0,73.0,3225.0
1783929667.8,18691,32624,316,313.0,73.0,3233.0
1783929668.4,18691,32624,316,294.0,73.0,3212.0
1783929669.0,18691,32624,316,272.0,73.0,3214.0
1783929669.5,18691,32624,316,312.0,73.0,3237.0
1783929670.1,18691,32624,316,296.0,72.0,3222.0
1783929670.7,18691,32624,316,314.0,73.0,3196.0
1783929671.3,18691,32624,316,294.0,73.0,3212.0
1783929671.9,18691,32624,316,294.0,73.0,3227.0
1783929672.5,18691,32624,316,305.0,73.0,3203.0
1783929673.1,18691,32624,316,305.0,73.0,3234.0
1783929673.7,18694,32624,320,290.0,73.0,3184.0
1783929674.3,18694,32624,320,301.0,73.0,3210.0
1783929674.9,18694,32624,320,300.0,73.0,3213.0
1783929675.4,18694,32624,320,316.0,73.0,3214.0
1783929676.0,18694,32624,320,312.0,72.0,3239.0
1783929676.6,18694,32624,320,299.0,73.0,3218.0
1783929677.2,18694,32624,309,287.0,73.0,3185.0
1783929677.8,18694,32624,309,304.0,73.0,3237.0
1783929678.4,18694,32624,309,305.0,73.0,3222.0
1783929679.0,18694,32624,309,302.0,73.0,3230.0
1783929679.6,18694,32624,309,265.0,73.0,3206.0
1783929680.2,18694,32624,309,310.0,73.0,3241.0
1783929680.8,18694,32624,309,286.0,73.0,3191.0
1783929681.3,18694,32624,320,310.0,73.0,3209.0
1783929681.9,18694,32624,320,301.0,73.0,3203.0
1783929682.5,18694,32624,320,303.0,73.0,3198.0
1783929683.1,18694,32624,320,297.0,73.0,3204.0
1783929683.7,18694,32624,320,300.0,73.0,3225.0
1783929684.3,18694,32624,320,305.0,73.0,3230.0
1783929684.9,18694,32624,320,298.0,73.0,3238.0
1783929685.5,18694,32624,320,317.0,73.0,3208.0
1783929686.1,18694,32624,320,313.0,73.0,3228.0
1783929686.7,18694,32624,320,305.0,73.0,3236.0
1783929687.2,18694,32624,320,295.0,73.0,3194.0
1783929687.8,18694,32624,320,301.0,73.0,3229.0
1783929688.4,18694,32624,320,301.0,73.0,3205.0
1783929689.0,18694,32624,320,300.0,73.0,3218.0
1783929689.6,18694,32624,320,275.0,73.0,3198.0
1783929690.2,18694,32624,320,314.0,73.0,3240.0
1783929690.8,18694,32624,320,314.0,73.0,3232.0
1783929691.4,18694,32624,320,307.0,73.0,3219.0
1783929692.0,18694,32624,320,328.0,73.0,3196.0
1783929692.5,18694,32624,309,310.0,73.0,3208.0
1783929693.1,18694,32624,309,295.0,73.0,3229.0
1783929693.7,18694,32624,309,307.0,73.0,3236.0
1783929694.3,18694,32624,309,274.0,73.0,3220.0
1783929694.9,18694,32624,309,309.0,73.0,3218.0
1783929695.5,18694,32624,309,302.0,73.0,3236.0
1783929696.1,18694,32624,309,304.0,73.0,3199.0
1783929696.7,18694,32624,320,303.0,73.0,3225.0
1783929697.3,18694,32624,320,291.0,73.0,3194.0
1783929697.9,18694,32624,320,304.0,73.0,3202.0
1783929698.5,18694,32624,320,280.0,73.0,3171.0
1783929699.0,18694,32624,320,306.0,73.0,3240.0
1783929699.6,18694,32624,320,310.0,73.0,3241.0
1783929700.2,18694,32624,320,313.0,73.0,3237.0
1783929700.8,18694,32624,320,306.0,73.0,3197.0
1783929701.4,18694,32624,320,295.0,73.0,3212.0
1783929702.0,18694,32624,320,301.0,73.0,3207.0
1783929702.6,18694,32624,320,307.0,73.0,3207.0
1783929703.2,18694,32624,320,307.0,73.0,3237.0
1783929703.8,18694,32624,320,294.0,73.0,3210.0
1783929704.4,18694,32624,320,291.0,73.0,3210.0
1783929704.9,18694,32624,320,288.0,73.0,3196.0
1783929705.5,18694,32624,320,302.0,73.0,3212.0
1783929706.1,18694,32624,320,304.0,73.0,3223.0
1783929706.7,18694,32624,320,295.0,73.0,3215.0
1783929707.3,18694,32624,309,299.0,73.0,3207.0
1783929707.9,18694,32624,309,298.0,73.0,3212.0
1783929708.5,18694,32624,309,296.0,73.0,3219.0
1783929709.1,18694,32624,309,299.0,73.0,3184.0
1783929709.7,18694,32624,309,297.0,73.0,3202.0
1783929710.3,18694,32624,309,269.0,73.0,3214.0
1783929710.9,18694,32624,309,296.0,73.0,3218.0
1783929711.4,18694,32624,320,301.0,73.0,3225.0
1783929712.0,18694,32624,320,298.0,73.0,3228.0
1783929712.6,18694,32624,320,253.0,73.0,3219.0
1783929713.2,18694,32624,320,301.0,73.0,3233.0
1783929713.8,18694,32624,320,307.0,73.0,3225.0
1783929714.4,18694,32624,320,309.0,73.0,3227.0
1783929715.0,18694,32624,320,258.0,73.0,3192.0
1783929715.6,18694,32624,320,296.0,73.0,3205.0
1783929716.2,18694,32624,320,304.0,73.0,3227.0
1783929716.8,18694,32624,320,299.0,73.0,3213.0
1783929717.4,18694,32624,320,289.0,73.0,3194.0
1783929717.9,18694,32624,320,313.0,73.0,3247.0
1783929718.5,18694,32624,320,299.0,73.0,3214.0
1783929719.1,18694,32624,320,304.0,73.0,3230.0
1783929719.7,18694,32624,320,309.0,73.0,3222.0
1783929720.3,18694,32624,320,270.0,73.0,3187.0
1783929720.9,18694,32624,320,308.0,73.0,3223.0
1783929721.5,18694,32624,320,305.0,73.0,3247.0
1783929722.1,18694,32624,309,313.0,73.0,3218.0
1783929722.7,18694,32624,309,300.0,73.0,3191.0
1783929723.3,18694,32624,309,306.0,73.0,3235.0
1783929723.9,18694,32624,309,314.0,73.0,3239.0
1783929724.4,18694,32624,309,291.0,73.0,3191.0
1783929725.0,18694,32624,309,278.0,73.0,3179.0
1783929725.6,18694,32624,309,295.0,73.0,3211.0
1783929726.2,18694,32624,309,304.0,73.0,3239.0
1783929726.8,18694,32624,320,304.0,73.0,3232.0
1783929727.4,18694,32624,320,303.0,73.0,3232.0
1783929728.0,18694,32624,320,267.0,73.0,3225.0
1783929728.6,18694,32624,320,301.0,73.0,3227.0
1783929729.2,18694,32624,320,300.0,73.0,3231.0
1783929729.8,18694,32624,320,304.0,73.0,3214.0
1783929730.3,18694,32624,320,313.0,73.0,3215.0
1783929730.9,18694,32624,320,275.0,73.0,3204.0
1783929731.5,18694,32624,320,302.0,73.0,3215.0
1783929732.1,18694,32624,320,294.0,73.0,3208.0
1783929732.7,18694,32624,320,299.0,73.0,3183.0
1783929733.3,18694,32624,320,297.0,73.0,3207.0
1783929733.9,18694,32624,320,324.0,73.0,3214.0
1783929734.5,18694,32624,320,306.0,73.0,3217.0
1783929735.1,18694,32624,320,304.0,73.0,3210.0
1783929735.7,18694,32624,320,305.0,73.0,3187.0
1783929736.2,18694,32624,320,307.0,73.0,3221.0
1783929736.8,18694,32624,320,325.0,73.0,3213.0
1783929737.4,18694,32624,309,285.0,73.0,3214.0
1783929738.0,18694,32624,309,300.0,73.0,3199.0
1783929738.6,18694,32624,309,303.0,73.0,3235.0
1783929739.2,18694,32624,309,298.0,73.0,3207.0
1783929739.8,18694,32624,309,298.0,73.0,3203.0
1783929740.4,18685,32624,307,306.0,73.0,3225.0
1783929741.0,18685,32624,307,294.0,73.0,3222.0
1783929741.6,18685,32624,318,305.0,73.0,3227.0
1783929742.2,18685,32624,318,295.0,73.0,3208.0
1783929742.7,18685,32624,318,303.0,73.0,3212.0
1783929743.3,18685,32624,318,308.0,73.0,3211.0
1783929743.9,18685,32624,318,273.0,73.0,3194.0
1783929744.5,18685,32624,318,303.0,73.0,3224.0
1783929745.1,18685,32624,318,301.0,73.0,3222.0
1783929745.7,18685,32624,318,303.0,73.0,3223.0
1783929746.3,18685,32624,318,308.0,73.0,3206.0
1783929746.9,18685,32624,318,307.0,73.0,3202.0
1783929747.5,18685,32624,318,311.0,73.0,3217.0
1783929748.1,18685,32624,318,309.0,73.0,3223.0
1783929748.7,18685,32624,318,295.0,73.0,3206.0
1783929749.2,18685,32624,318,294.0,73.0,3203.0
1783929749.8,18685,32624,318,296.0,73.0,3205.0
1783929750.4,18685,32624,318,315.0,73.0,3231.0
1783929751.0,18685,32624,318,289.0,73.0,3194.0
1783929751.6,18685,32624,318,277.0,73.0,3237.0
1783929752.2,18685,32624,307,301.0,73.0,3235.0
1783929752.8,18685,32624,307,298.0,73.0,3231.0
1783929753.4,18685,32624,307,295.0,73.0,3200.0
1783929754.0,18685,32624,307,311.0,73.0,3223.0
1783929754.6,18685,32624,307,283.0,73.0,3200.0
1783929755.2,18685,32624,307,299.0,73.0,3212.0
1783929755.7,18685,32624,307,306.0,73.0,3227.0
1783929756.3,18685,32624,318,304.0,73.0,3230.0
1783929756.9,18685,32624,318,299.0,73.0,3203.0
1783929757.5,18685,32624,318,303.0,73.0,3214.0
1783929758.1,18685,32624,318,308.0,73.0,3225.0
1783929758.7,18685,32624,318,327.0,73.0,3216.0
1783929759.3,18685,32624,318,278.0,73.0,3202.0
1783929759.9,18685,32624,318,298.0,73.0,3212.0
1783929760.5,18685,32624,318,291.0,73.0,3199.0
1783929761.1,18685,32624,318,302.0,73.0,3231.0
1783929761.6,18685,32624,318,293.0,73.0,3207.0
1783929762.2,18685,32624,318,301.0,73.0,3222.0
1783929762.8,18685,32624,318,303.0,73.0,3219.0
1783929763.4,18685,32624,318,291.0,73.0,3200.0
1783929764.0,18685,32624,318,286.0,73.0,3189.0
1783929764.6,18685,32624,318,303.0,73.0,3230.0
1783929765.2,18685,32624,318,305.0,73.0,3220.0
1783929765.8,18685,32624,318,312.0,73.0,3258.0
1783929766.4,18685,32624,318,302.0,73.0,3223.0
1783929767.0,18685,32624,318,300.0,73.0,3206.0
1783929767.5,18685,32624,307,295.0,73.0,3206.0
1783929768.1,18685,32624,307,302.0,73.0,3212.0
1783929768.7,18685,32624,307,312.0,73.0,3230.0
1783929769.3,18685,32624,307,306.0,73.0,3202.0
1783929769.9,18685,32624,307,312.0,73.0,3213.0
1783929770.5,18677,32624,305,293.0,73.0,3192.0
1783929771.1,18677,32624,305,302.0,73.0,3231.0
1783929771.7,18677,32624,316,292.0,73.0,3205.0
1783929772.3,18677,32624,316,280.0,73.0,3207.0
1783929772.9,18677,32624,316,300.0,73.0,3204.0
1783929773.4,18677,32624,316,295.0,73.0,3195.0
1783929774.0,18677,32624,316,300.0,73.0,3217.0
1783929774.6,18677,32624,316,298.0,73.0,3222.0
1783929775.2,18677,32624,316,298.0,73.0,3215.0
1783929775.8,18677,32624,316,291.0,73.0,3178.0
1783929776.4,18677,32624,316,331.0,73.0,3222.0
1783929777.0,18677,32624,316,286.0,73.0,3200.0
1783929777.6,18677,32624,316,295.0,73.0,3221.0
1783929778.2,18677,32624,316,303.0,73.0,3218.0
1783929778.8,18677,32624,316,302.0,73.0,3218.0
1783929779.4,18677,32624,316,302.0,73.0,3240.0
1783929779.9,18677,32624,316,302.0,73.0,3215.0
1783929780.5,18677,32624,316,298.0,73.0,3208.0
1783929781.1,18677,32624,316,306.0,73.0,3226.0
1783929781.7,18677,32624,316,311.0,73.0,3211.0
1783929782.3,18677,32624,305,316.0,73.0,3227.0
1783929782.9,18677,32624,305,307.0,73.0,3211.0
1783929783.5,18677,32624,305,312.0,73.0,3221.0
1783929784.1,18677,32624,305,280.0,73.0,3199.0
1783929784.7,18677,32624,305,271.0,73.0,3191.0
1783929785.2,18677,32624,305,301.0,73.0,3196.0
1783929785.8,18677,32624,305,299.0,73.0,3227.0
1783929786.4,18677,32624,316,300.0,73.0,3224.0
1783929787.0,18677,32624,316,300.0,73.0,3220.0
1783929787.6,18677,32624,316,302.0,73.0,3214.0
1783929788.2,18677,32624,316,290.0,73.0,3211.0
1783929788.8,18677,32624,316,298.0,73.0,3225.0
1783929789.4,18677,32624,316,298.0,73.0,3210.0
1783929790.0,18677,32624,316,313.0,73.0,3213.0
1783929790.6,18677,32624,316,307.0,73.0,3224.0
1783929791.1,18677,32624,316,320.0,73.0,3223.0
1783929791.7,18677,32624,316,275.0,73.0,3201.0
1783929792.3,18677,32624,316,284.0,73.0,3194.0
1783929792.9,18677,32624,316,281.0,73.0,3197.0
1783929793.5,18677,32624,316,305.0,73.0,3228.0
1783929794.1,18677,32624,316,298.0,73.0,3209.0
1783929794.7,18677,32624,316,300.0,73.0,3234.0
1783929795.3,18677,32624,316,298.0,73.0,3194.0
1783929795.9,18677,32624,316,300.0,73.0,3223.0
1783929796.5,18677,32624,316,298.0,73.0,3220.0
1783929797.0,18677,32624,305,301.0,73.0,3235.0
1783929797.6,18677,32624,305,302.0,73.0,3209.0
1783929798.2,18677,32624,305,313.0,73.0,3233.0
1783929798.8,18677,32624,305,309.0,73.0,3176.0
1783929799.4,18677,32624,305,305.0,73.0,3210.0
1783929800.0,18677,32624,305,308.0,73.0,3224.0
1783929800.6,18677,32624,305,312.0,73.0,3199.0
1783929801.2,18677,32624,305,293.0,73.0,3190.0
1783929801.8,18677,32624,316,313.0,73.0,3235.0
1783929802.4,18677,32624,316,303.0,73.0,3233.0
1783929802.9,18677,32624,316,294.0,73.0,3225.0
1783929803.5,18677,32624,316,303.0,73.0,3209.0
1783929804.1,18677,32624,316,294.0,73.0,3238.0
1783929804.7,18677,32624,316,302.0,73.0,3234.0
1783929805.3,18677,32624,316,309.0,73.0,3222.0
1783929805.9,18677,32624,316,309.0,73.0,3210.0
1783929806.5,18677,32624,316,302.0,73.0,3206.0
1783929807.1,18677,32624,316,298.0,73.0,3230.0
1783929807.7,18677,32624,316,305.0,73.0,3210.0
1783929808.3,18677,32624,316,297.0,73.0,3216.0
1783929808.8,18677,32624,316,287.0,73.0,3202.0
1783929809.4,18677,32624,316,285.0,73.0,3205.0
1783929810.0,18677,32624,316,297.0,73.0,3221.0
1783929810.6,18677,32624,316,302.0,73.0,3223.0
1783929811.2,18677,32624,316,330.0,73.0,3215.0
1783929811.8,18677,32624,316,224.0,73.0,3251.0
1783929812.4,18677,32624,305,302.0,73.0,3219.0
1783929813.0,18677,32624,305,273.0,73.0,3202.0
1783929813.6,18677,32624,305,291.0,73.0,3215.0
1783929814.2,18677,32624,305,296.0,73.0,3207.0
1783929814.8,18677,32624,305,305.0,73.0,3213.0
1783929815.3,18677,32624,305,308.0,73.0,3234.0
1783929815.9,18677,32624,305,306.0,73.0,3255.0
1783929816.5,18677,32624,316,301.0,73.0,3227.0
1783929817.1,18677,32624,316,306.0,73.0,3227.0
1783929817.7,18677,32624,316,308.0,73.0,3221.0
1783929818.3,18677,32624,316,307.0,73.0,3234.0
1783929818.9,18677,32624,316,303.0,73.0,3222.0
1783929819.5,18677,32624,316,295.0,73.0,3204.0
1783929820.1,18677,32624,316,302.0,73.0,3224.0
1783929820.7,18677,32624,316,302.0,73.0,3211.0
1783929821.2,18677,32624,316,309.0,73.0,3225.0
1783929821.8,18677,32624,316,302.0,73.0,3210.0
1783929822.4,18677,32624,316,306.0,73.0,3223.0
1783929823.0,18677,32624,316,302.0,73.0,3224.0
1783929823.6,18677,32624,316,300.0,73.0,3214.0
1783929824.2,18677,32624,316,305.0,73.0,3221.0
1783929824.8,18677,32624,316,303.0,73.0,3217.0
1783929825.4,18677,32624,316,296.0,73.0,3196.0
1783929826.0,18677,32624,316,308.0,73.0,3221.0
1783929826.6,18677,32624,316,305.0,73.0,3221.0
1783929827.1,18677,32624,305,293.0,73.0,3186.0
1783929827.7,18677,32624,305,312.0,73.0,3226.0
1783929828.3,18677,32624,305,306.0,73.0,3173.0
1783929828.9,18677,32624,305,292.0,73.0,3194.0
1783929829.5,18677,32624,305,270.0,73.0,3212.0
1783929830.1,18677,32624,305,312.0,73.0,3247.0
1783929830.7,18677,32624,305,313.0,73.0,3230.0
1783929831.3,18677,32624,316,312.0,73.0,3245.0
1783929831.9,18677,32624,316,312.0,73.0,3234.0
1783929832.5,18677,32624,316,316.0,73.0,3255.0
1783929833.1,18677,32624,316,291.0,73.0,3191.0
1783929833.7,18677,32624,316,299.0,73.0,3221.0
1783929834.2,18677,32624,316,311.0,73.0,3229.0
1783929834.8,18677,32624,316,306.0,73.0,3234.0
1783929835.4,18677,32624,316,307.0,73.0,3227.0
1783929836.0,18677,32624,316,319.0,73.0,3243.0
1783929836.6,18677,32624,316,288.0,73.0,3205.0
1783929837.2,18677,32624,316,307.0,73.0,3218.0
1783929837.8,18677,32624,316,297.0,73.0,3221.0
1783929838.4,18677,32624,316,298.0,73.0,3236.0
1783929839.0,18677,32624,316,307.0,73.0,3228.0
1783929839.6,18677,32624,316,303.0,73.0,3241.0
1783929840.1,18677,32624,316,280.0,73.0,3205.0
1783929840.7,18677,32624,316,284.0,73.0,3197.0
1783929841.3,18677,32624,316,275.0,73.0,3195.0
1783929841.9,18677,32624,316,286.0,73.0,3209.0
1783929842.5,18677,32624,305,324.0,73.0,3204.0
1783929843.1,18677,32624,305,290.0,73.0,3204.0
1783929843.7,18677,32624,305,292.0,73.0,3205.0
1783929844.3,18677,32624,305,295.0,73.0,3216.0
1783929844.9,18677,32624,305,271.0,73.0,3204.0
1783929845.4,18677,32624,305,282.0,73.0,3205.0
1783929846.0,18677,32624,305,294.0,73.0,3191.0
1783929846.6,18677,32624,316,309.0,73.0,3207.0
1783929847.2,18677,32624,316,278.0,73.0,3192.0
1783929847.8,18677,32624,316,283.0,73.0,3211.0
1783929848.4,18677,32624,316,281.0,73.0,3204.0
1783929849.0,18677,32624,316,294.0,73.0,3198.0
1783929849.6,18677,32624,316,325.0,73.0,3197.0
1783929850.2,18677,32624,316,313.0,73.0,3209.0
1783929850.8,18677,32624,316,318.0,73.0,3198.0
1783929851.4,18677,32624,316,334.0,73.0,3198.0
1783929851.9,18677,32624,316,311.0,73.0,3225.0
1783929852.5,18677,32624,316,301.0,73.0,3223.0
1783929853.1,18677,32624,316,291.0,73.0,3189.0
1783929853.7,18684,32624,318,295.0,73.0,3199.0
1783929854.3,18684,32624,318,303.0,73.0,3234.0
1783929854.9,18684,32624,318,306.0,73.0,3243.0
1783929855.5,18681,32624,310,293.0,73.0,3213.0
1783929856.1,18681,32624,310,303.0,73.0,3239.0
1783929856.7,18681,32624,310,299.0,73.0,3220.0
1783929857.3,18681,32624,299,301.0,73.0,3228.0
1783929857.9,18681,32624,299,301.0,73.0,3220.0
1783929858.4,18681,32624,299,310.0,73.0,3243.0
1783929859.0,18681,32624,299,294.0,73.0,3214.0
1783929859.6,18681,32624,299,292.0,73.0,3196.0
1783929860.2,18681,32624,299,304.0,73.0,3228.0
1783929860.8,18681,32624,299,278.0,73.0,3187.0
1783929861.4,18681,32624,310,301.0,73.0,3236.0
1783929862.0,18681,32624,310,308.0,73.0,3214.0
1783929862.6,18681,32624,310,307.0,73.0,3236.0
1783929863.2,18681,32624,310,305.0,73.0,3227.0
1783929863.8,18681,32624,310,307.0,73.0,3216.0
1783929864.3,18681,32624,310,296.0,73.0,3224.0
1783929864.9,18681,32624,310,282.0,73.0,3191.0
1783929865.5,18681,32624,310,301.0,73.0,3204.0
1783929866.1,18681,32624,310,313.0,73.0,3217.0
1783929866.7,18681,32624,310,288.0,73.0,3197.0
1783929867.3,18681,32624,310,310.0,73.0,3219.0
1783929867.9,18681,32624,310,302.0,73.0,3225.0
1783929868.5,18681,32624,310,301.0,73.0,3224.0
1783929869.1,18681,32624,310,291.0,73.0,3211.0
1783929869.7,18681,32624,310,311.0,73.0,3233.0
1783929870.2,18681,32624,310,298.0,73.0,3225.0
1783929870.8,18681,32624,310,296.0,73.0,3199.0
1783929871.4,18681,32624,310,281.0,73.0,3176.0
1783929872.0,18681,32624,310,274.0,73.0,3182.0
1783929872.6,18681,32624,299,304.0,73.0,3211.0
1783929873.2,18681,32624,299,303.0,73.0,3218.0
1783929873.8,18681,32624,299,297.0,73.0,3208.0
1783929874.4,18681,32624,299,311.0,73.0,3223.0
1783929875.0,18681,32624,299,307.0,73.0,3230.0
1783929875.6,18681,32624,299,315.0,73.0,3233.0
1783929876.1,18681,32624,299,305.0,73.0,3225.0
1783929876.7,18681,32624,310,291.0,73.0,3196.0
1783929877.3,18681,32624,310,305.0,73.0,3218.0
1783929877.9,18681,32624,310,284.0,73.0,3206.0
1783929878.5,18687,32624,320,316.0,73.0,3200.0
1783929879.1,18687,32624,320,325.0,73.0,3206.0
1783929879.7,18687,32624,320,318.0,73.0,3238.0
1783929880.3,18687,32624,320,313.0,73.0,3234.0
1783929880.9,18687,32624,316,295.0,73.0,3207.0
1783929881.5,18687,32624,316,304.0,73.0,3236.0
1783929882.0,18687,32624,316,298.0,73.0,3232.0
1783929882.6,18687,32624,316,300.0,73.0,3236.0
1783929883.2,18687,32624,316,312.0,73.0,3250.0
1783929883.8,18687,32624,316,296.0,73.0,3222.0
1783929884.4,18687,32624,316,303.0,73.0,3220.0
1783929885.0,18687,32624,316,301.0,73.0,3224.0
1783929885.6,18687,32624,316,286.0,73.0,3204.0
1783929886.2,18687,32624,316,310.0,73.0,3193.0
1783929886.8,18687,32624,316,291.0,73.0,3206.0
1783929887.4,18687,32624,305,283.0,73.0,3188.0
1783929887.9,18687,32624,305,301.0,73.0,3224.0
1783929888.5,18687,32624,305,295.0,73.0,3219.0
1783929889.1,18687,32624,305,294.0,73.0,3207.0
1783929889.7,18687,32624,305,309.0,73.0,3237.0
1783929890.3,18687,32624,305,310.0,73.0,3238.0
1783929890.9,18687,32624,305,316.0,73.0,3238.0
1783929891.5,18687,32624,316,295.0,73.0,3206.0
1783929892.1,18687,32624,316,293.0,73.0,3201.0
1783929892.7,18687,32624,316,290.0,73.0,3209.0
1783929893.3,18687,32624,316,297.0,73.0,3236.0
1783929893.9,18687,32624,316,303.0,73.0,3239.0
1783929894.4,18687,32624,316,297.0,73.0,3232.0
1783929895.0,18687,32624,316,285.0,73.0,3208.0
1783929895.6,18687,32624,316,320.0,73.0,3230.0
1783929896.2,18687,32624,316,286.0,73.0,3226.0
1783929896.8,18687,32624,316,316.0,73.0,3204.0
1783929897.4,18687,32624,316,303.0,73.0,3207.0
1783929898.0,18687,32624,316,294.0,73.0,3211.0
1783929898.6,18687,32624,316,294.0,73.0,3218.0
1783929899.2,18687,32624,316,296.0,73.0,3230.0
1783929899.8,18687,32624,316,294.0,73.0,3230.0
1783929900.4,18687,32624,316,305.0,73.0,3237.0
1783929900.9,18687,32624,316,308.0,73.0,3238.0
1783929901.5,18687,32624,316,288.0,73.0,3192.0
1783929902.1,18687,32624,305,313.0,73.0,3233.0
1783929902.7,18687,32624,305,279.0,73.0,3214.0
1783929903.3,18687,32624,305,295.0,73.0,3218.0
1783929903.9,18687,32624,305,288.0,73.0,3195.0
1783929904.5,18687,32624,305,310.0,73.0,3188.0
1783929905.1,18687,32624,305,302.0,73.0,3201.0
1783929905.7,18687,32624,305,293.0,73.0,3232.0
1783929906.3,18687,32624,316,303.0,73.0,3237.0
1783929906.9,18687,32624,316,318.0,73.0,3226.0
1783929907.5,18687,32624,316,270.0,73.0,3197.0
1783929908.0,18687,32624,316,300.0,73.0,3217.0
1783929908.6,18687,32624,316,293.0,73.0,3210.0
1783929909.2,18687,32624,316,292.0,73.0,3179.0
1783929909.8,18687,32624,316,291.0,73.0,3177.0
1783929910.4,18687,32624,316,269.0,73.0,3229.0
1783929911.0,18687,32624,316,316.0,73.0,3204.0
1783929911.6,18687,32624,316,295.0,73.0,3208.0
1783929912.2,18687,32624,316,299.0,73.0,3242.0
1783929912.8,18687,32624,316,305.0,73.0,3266.0
1783929913.4,18687,32624,316,294.0,73.0,3231.0
1783929913.9,18687,32624,316,307.0,73.0,3170.0
1783929914.5,18687,32624,316,279.0,73.0,3136.0
1783929915.1,18687,32624,316,325.0,73.0,3210.0
1783929915.7,18687,32624,316,300.0,73.0,3203.0
1783929916.3,18687,32624,316,317.0,73.0,3244.0
1783929916.9,18687,32624,316,300.0,73.0,3206.0
1783929917.5,18687,32624,305,288.0,73.0,3187.0
1783929918.1,18687,32624,305,270.0,73.0,3200.0
1783929918.7,18687,32624,305,276.0,73.0,3143.0
1783929919.3,18687,32624,309,36.0,72.0,0.0
1783929919.8,18696,32624,317,242.0,71.0,2910.0
1783929920.4,18696,32624,317,303.0,72.0,3222.0
1783929921.0,18696,32624,317,300.0,72.0,3201.0
1783929921.6,18696,32624,324,305.0,72.0,3256.0
1783929922.2,18696,32624,324,302.0,72.0,3205.0
1783929922.8,18696,32624,324,295.0,72.0,3201.0
1783929923.4,18696,32624,324,305.0,72.0,3260.0
1783929924.0,18696,32624,324,302.0,72.0,3237.0
1783929924.6,18696,32624,324,300.0,72.0,3228.0
1783929925.2,18696,32624,324,283.0,73.0,3203.0
1783929925.7,18696,32624,324,301.0,73.0,3217.0
1783929926.3,18696,32624,324,307.0,73.0,3226.0
1783929926.9,18696,32624,324,302.0,72.0,3213.0
1783929927.5,18696,32624,324,312.0,73.0,3243.0
1783929928.1,18696,32624,324,302.0,73.0,3219.0
1783929928.7,18696,32624,324,300.0,73.0,3211.0
1783929929.3,18696,32624,324,272.0,72.0,3197.0
1783929929.9,18696,32624,324,310.0,73.0,3232.0
1783929930.5,18696,32624,324,291.0,73.0,3222.0
1783929931.0,18696,32624,324,300.0,73.0,3209.0
1783929931.6,18696,32624,324,279.0,73.0,3194.0
1783929932.2,18696,32624,312,295.0,73.0,3220.0
1783929932.8,18696,32624,312,295.0,73.0,3212.0
1783929933.4,18696,32624,312,280.0,73.0,3197.0
1783929934.0,18696,32624,312,316.0,73.0,3241.0
1783929934.6,18696,32624,312,299.0,73.0,3241.0
1783929935.2,18696,32624,312,306.0,73.0,3208.0
1783929935.8,18696,32624,312,317.0,73.0,3224.0
1783929936.4,18696,32624,322,308.0,73.0,3242.0
1783929937.0,18696,32624,322,300.0,73.0,3213.0
1783929937.5,18696,32624,322,297.0,73.0,3190.0
1783929938.1,18696,32624,322,307.0,73.0,3232.0
1783929938.7,18696,32624,322,303.0,73.0,3223.0
1783929939.3,18696,32624,315,257.0,72.0,3003.0
1783929939.9,18696,32624,315,301.0,72.0,3219.0
1783929940.5,18696,32624,315,293.0,73.0,3190.0
1783929941.1,18696,32624,315,287.0,73.0,3189.0
1783929941.7,18696,32624,315,303.0,72.0,3234.0
1783929942.3,18696,32624,315,306.0,73.0,3208.0
1783929942.8,18696,32624,315,303.0,73.0,3187.0
1783929943.4,18696,32624,315,308.0,73.0,3255.0
1783929944.0,18696,32624,315,308.0,73.0,3229.0
1783929944.6,18696,32624,315,296.0,73.0,3173.0
1783929945.2,18696,32624,315,305.0,73.0,3231.0
1783929945.8,18696,32624,315,321.0,73.0,3209.0
1783929946.4,18696,32624,315,256.0,73.0,3215.0
1783929947.0,18696,32624,315,287.0,73.0,3207.0
1783929947.6,18696,32624,310,294.0,73.0,3200.0
1783929948.2,18696,32624,310,326.0,73.0,3191.0
1783929948.7,18696,32624,310,311.0,73.0,3217.0
1783929949.3,18696,32624,310,285.0,73.0,3186.0
1783929949.9,18696,32624,310,301.0,73.0,3223.0
1783929950.5,18696,32624,310,296.0,73.0,3205.0
1783929951.1,18696,32624,310,310.0,73.0,3224.0
1783929951.7,18696,32624,324,304.0,73.0,3206.0
1783929952.3,18694,32624,316,299.0,73.0,3192.0
1783929952.9,18694,32624,316,303.0,73.0,3173.0
1783929953.5,18694,32624,316,294.0,73.0,3192.0
1783929954.1,18694,32624,316,301.0,73.0,3216.0
1783929954.6,18694,32624,316,299.0,73.0,3180.0
1783929955.2,18694,32624,303,308.0,73.0,3231.0
1783929955.8,18694,32624,303,303.0,73.0,3223.0
1783929956.4,18694,32624,303,301.0,73.0,3200.0
1783929957.0,18694,32624,303,289.0,73.0,3175.0
1783929957.6,18694,32624,303,303.0,73.0,3226.0
1783929958.2,18694,32624,303,298.0,73.0,3201.0
1783929958.8,18694,32624,303,266.0,73.0,3202.0
1783929959.4,18694,32624,303,306.0,73.0,3216.0
1783929960.0,18694,32624,303,310.0,73.0,3210.0
1783929960.5,18694,32624,303,304.0,73.0,3175.0
1783929961.1,18694,32624,303,307.0,73.0,3231.0
1783929961.7,18694,32624,303,303.0,73.0,3218.0
1783929962.3,18694,32624,304,306.0,73.0,3223.0
1783929962.9,18694,32624,304,296.0,73.0,3203.0
1783929963.5,18694,32624,304,307.0,73.0,3211.0
1783929964.1,18694,32624,304,297.0,73.0,3202.0
1783929964.7,18694,32624,304,305.0,73.0,3221.0
1783929965.3,18694,32624,304,295.0,73.0,3180.0
1783929965.8,18694,32624,304,314.0,73.0,3217.0
1783929966.4,18694,32624,316,297.0,73.0,3213.0
1783929967.0,18694,32624,316,297.0,73.0,3204.0
1783929967.6,18694,32624,316,280.0,73.0,3181.0
1783929968.2,18694,32624,316,302.0,73.0,3200.0
1783929968.8,18694,32624,316,283.0,73.0,3174.0
1783929969.4,18694,32624,316,296.0,73.0,3185.0
1783929970.0,18694,32624,316,294.0,73.0,3198.0
1783929970.6,18694,32624,316,300.0,73.0,3221.0
1783929971.2,18694,32624,316,297.0,73.0,3221.0
1783929971.8,18694,32624,316,276.0,73.0,3201.0
1783929972.3,18694,32624,316,291.0,73.0,3196.0
1783929972.9,18694,32624,316,307.0,73.0,3208.0
1783929973.5,18694,32624,316,299.0,73.0,3228.0
1783929974.1,18694,32624,316,278.0,72.0,3195.0
1783929974.7,18694,32624,316,296.0,73.0,3199.0
1783929975.3,18694,32624,316,294.0,73.0,3210.0
1783929975.9,18694,32624,316,290.0,73.0,3185.0
1783929976.5,18694,32624,316,270.0,73.0,3205.0
1783929977.1,18694,32624,316,303.0,73.0,3211.0
1783929977.6,18694,32624,304,300.0,73.0,3206.0
1783929978.2,18694,32624,304,287.0,73.0,3177.0
1783929978.8,18694,32624,304,282.0,73.0,3198.0
1783929979.4,18694,32624,304,306.0,73.0,3222.0
1783929980.0,18694,32624,304,301.0,73.0,3231.0
1783929980.6,18694,32624,304,305.0,73.0,3226.0
1783929981.2,18694,32624,304,317.0,73.0,3224.0
1783929981.8,18694,32624,316,264.0,73.0,3212.0
1783929982.4,18694,32624,316,301.0,73.0,3223.0
1783929983.0,18694,32624,316,312.0,73.0,3223.0
1783929983.6,18694,32624,316,305.0,73.0,3212.0
1783929984.2,18694,32624,324,301.0,73.0,3209.0
1783929984.7,18694,32624,324,306.0,73.0,3232.0
1783929985.3,18694,32624,324,308.0,73.0,3211.0
1783929985.9,18694,32624,324,308.0,73.0,3220.0
1783929986.5,18694,32624,324,302.0,73.0,3220.0
1783929987.1,18694,32624,324,300.0,73.0,3217.0
1783929987.7,18694,32624,324,311.0,73.0,3220.0
1783929988.3,18694,32624,324,299.0,73.0,3210.0
1783929988.9,18694,32624,317,86.0,72.0,3181.0
1783929989.5,18694,32624,317,305.0,72.0,3260.0
1783929990.1,18694,32624,317,294.0,72.0,3176.0
1783929990.6,18694,32624,317,291.0,73.0,3218.0
1783929991.2,18694,32624,317,310.0,72.0,3252.0
1783929991.8,18694,32624,317,310.0,73.0,3203.0
1783929992.4,18694,32624,312,284.0,72.0,3183.0
1783929993.0,18694,32624,312,293.0,73.0,3195.0
1783929993.6,18694,32624,312,302.0,73.0,3204.0
1783929994.2,18694,32624,312,287.0,73.0,3201.0
1783929994.8,18694,32624,312,302.0,73.0,3226.0
1783929995.4,18694,32624,312,304.0,73.0,3223.0
1783929996.0,18694,32624,312,295.0,73.0,3209.0
1783929996.5,18694,32624,324,280.0,73.0,3190.0
1783929997.1,18694,32624,324,303.0,73.0,3215.0
1783929997.7,18694,32624,324,301.0,73.0,3226.0
1783929998.3,18694,32624,324,286.0,73.0,3209.0
1783929998.9,18694,32624,324,305.0,73.0,3203.0
1783929999.5,18694,32624,324,304.0,73.0,3219.0
1783930000.1,18694,32624,324,316.0,73.0,3208.0
1783930000.7,18694,32624,324,312.0,73.0,3218.0
1783930001.3,18694,32624,324,312.0,73.0,3259.0
1783930001.9,18694,32624,324,293.0,73.0,3185.0
1783930002.4,18694,32624,324,285.0,73.0,3179.0
1783930003.0,18694,32624,324,300.0,73.0,3218.0
1783930003.6,18694,32624,324,304.0,73.0,3216.0
1783930004.2,18694,32624,324,273.0,73.0,3190.0
1783930004.8,18694,32624,324,314.0,73.0,3245.0
1783930005.4,18694,32624,324,305.0,73.0,3235.0
1783930006.0,18694,32624,324,290.0,73.0,3219.0
1783930006.6,18694,32624,324,277.0,73.0,3192.0
1783930007.2,18694,32624,312,307.0,73.0,3211.0
1783930007.8,18694,32624,312,307.0,73.0,3232.0
1783930008.4,18694,32624,312,312.0,73.0,3226.0
1783930008.9,18694,32624,312,275.0,73.0,3197.0
1783930009.5,18694,32624,312,297.0,73.0,3223.0
1783930010.1,18694,32624,312,282.0,73.0,3215.0
1783930010.7,18694,32624,312,305.0,73.0,3197.0
1783930011.3,18694,32624,324,311.0,73.0,3240.0
1783930011.9,18694,32624,324,310.0,73.0,3219.0
1783930012.5,18694,32624,324,296.0,73.0,3215.0
1783930013.1,18694,32624,324,269.0,73.0,3203.0
1783930013.7,18694,32624,324,289.0,73.0,3171.0
1783930014.3,18694,32624,324,291.0,73.0,3197.0
1783930014.8,18694,32624,324,308.0,73.0,3207.0
1783930015.4,18694,32624,324,323.0,73.0,3230.0
1783930016.0,18694,32624,324,306.0,73.0,3210.0
1783930016.6,18694,32624,324,296.0,73.0,3229.0
1783930017.2,18694,32624,324,320.0,73.0,3189.0
1783930017.8,18694,32624,324,305.0,73.0,3211.0
1783930018.4,18694,32624,324,296.0,73.0,3196.0
1783930019.0,18694,32624,324,314.0,73.0,3228.0
1783930019.6,18694,32624,324,312.0,73.0,3212.0
1783930020.2,18694,32624,324,303.0,73.0,3209.0
1783930020.7,18694,32624,324,301.0,73.0,3194.0
1783930021.3,18694,32624,324,300.0,73.0,3194.0
1783930021.9,18694,32624,324,291.0,73.0,3186.0
1783930022.5,18694,32624,312,290.0,73.0,3206.0
1783930023.1,18694,32624,312,290.0,73.0,3187.0
1783930023.7,18694,32624,312,286.0,73.0,3197.0
1783930024.3,18694,32624,312,279.0,73.0,3190.0
1783930024.9,18694,32624,312,312.0,73.0,3241.0
1783930025.5,18694,32624,312,315.0,73.0,3239.0
1783930026.1,18694,32624,312,294.0,73.0,3157.0
1783930026.6,18694,32624,324,287.0,73.0,3152.0
1783930027.2,18694,32624,324,302.0,73.0,3216.0
1783930027.8,18694,32624,324,300.0,73.0,3213.0
1783930028.4,18694,32624,324,307.0,73.0,3228.0
1783930029.0,18694,32624,324,317.0,73.0,3167.0
1783930029.6,18694,32624,324,291.0,73.0,3198.0
1783930030.2,18694,32624,324,303.0,73.0,3210.0
1783930030.8,18694,32624,324,290.0,73.0,3180.0
1783930031.4,18694,32624,324,301.0,73.0,3228.0
1783930031.9,18694,32624,324,306.0,73.0,3196.0
1783930032.5,18694,32624,324,297.0,73.0,3212.0
1783930033.1,18694,32624,324,301.0,73.0,3212.0
1783930033.7,18699,32624,328,304.0,73.0,3223.0
1783930034.3,18699,32624,328,315.0,73.0,3212.0
1783930034.9,18699,32624,328,302.0,73.0,3218.0
1783930035.5,18695,32624,318,288.0,73.0,3194.0
1783930036.1,18695,32624,318,299.0,73.0,3231.0
1783930036.7,18695,32624,318,303.0,73.0,3218.0
1783930037.3,18695,32624,306,310.0,73.0,3225.0
1783930037.8,18695,32624,306,299.0,73.0,3201.0
1783930038.4,18695,32624,306,294.0,73.0,3210.0
1783930039.0,18695,32624,306,297.0,73.0,3209.0
1783930039.6,18695,32624,306,309.0,73.0,3220.0
1783930040.2,18695,32624,306,276.0,73.0,3199.0
1783930040.8,18695,32624,306,299.0,73.0,3225.0
1783930041.4,18695,32624,318,296.0,73.0,3215.0
1783930042.0,18695,32624,318,305.0,73.0,3215.0
1783930042.6,18695,32624,318,277.0,73.0,3157.0
1783930043.2,18695,32624,318,308.0,73.0,3235.0
1783930043.7,18695,32624,318,306.0,73.0,3230.0
1783930044.3,18695,32624,318,302.0,73.0,3208.0
1783930044.9,18695,32624,318,296.0,73.0,3206.0
1783930045.5,18695,32624,318,309.0,73.0,3253.0
1783930046.1,18695,32624,318,305.0,73.0,3213.0
1783930046.7,18695,32624,318,300.0,73.0,3216.0
1783930047.3,18695,32624,318,304.0,73.0,3211.0
1783930047.9,18695,32624,318,278.0,73.0,3193.0
1783930048.5,18695,32624,318,300.0,73.0,3202.0
1783930049.1,18695,32624,318,298.0,73.0,3221.0
1783930049.6,18695,32624,318,307.0,73.0,3242.0
1783930050.2,18695,32624,318,299.0,73.0,3215.0
1783930050.8,18695,32624,318,318.0,73.0,3224.0
1783930051.4,18695,32624,318,315.0,73.0,3223.0
1783930052.0,18695,32624,318,301.0,73.0,3208.0
1783930052.6,18695,32624,306,309.0,73.0,3229.0
1783930053.2,18695,32624,306,283.0,73.0,3184.0
1783930053.8,18695,32624,306,283.0,73.0,3179.0
1783930054.4,18695,32624,311,226.0,71.0,2789.0
1783930055.0,18695,32624,311,306.0,72.0,3250.0
1783930055.5,18695,32624,311,299.0,73.0,3227.0
1783930056.1,18695,32624,311,292.0,73.0,3205.0
1783930056.7,18695,32624,318,302.0,73.0,3205.0
1783930057.3,18695,32624,318,313.0,73.0,3232.0
1783930057.9,18695,32624,318,289.0,73.0,3182.0
1783930058.5,18695,32624,318,299.0,73.0,3202.0
1783930059.1,18695,32624,318,296.0,73.0,3192.0
1783930059.7,18695,32624,318,308.0,73.0,3234.0
1783930060.3,18695,32624,318,315.0,73.0,3212.0
1783930060.9,18695,32624,318,299.0,73.0,3186.0
1783930061.4,18695,32624,318,301.0,73.0,3235.0
1783930062.0,18695,32624,318,307.0,73.0,3218.0
1783930062.6,18695,32624,318,261.0,73.0,3207.0
1783930063.2,18695,32624,318,300.0,73.0,3224.0
1783930063.8,18695,32624,318,309.0,73.0,3217.0
1783930064.4,18695,32624,318,314.0,73.0,3200.0
1783930065.0,18695,32624,318,302.0,73.0,3193.0
1783930065.6,18695,32624,318,292.0,73.0,3175.0
1783930066.2,18695,32624,318,301.0,73.0,3225.0
1783930066.7,18695,32624,318,315.0,73.0,3240.0
1783930067.3,18695,32624,306,299.0,73.0,3245.0
1783930067.9,18695,32624,306,319.0,73.0,3201.0
1783930068.5,18695,32624,306,304.0,73.0,3197.0
1783930069.1,18695,32624,306,308.0,73.0,3220.0
1783930069.7,18695,32624,306,300.0,73.0,3192.0
1783930070.3,18695,32624,306,305.0,73.0,3207.0
1783930070.9,18695,32624,306,309.0,73.0,3235.0
1783930071.5,18695,32624,318,290.0,73.0,3200.0
1783930072.1,18695,32624,318,302.0,73.0,3209.0
1783930072.7,18695,32624,318,292.0,73.0,3208.0
1783930073.3,18695,32624,318,306.0,73.0,3239.0
1783930073.8,18695,32624,318,300.0,73.0,3217.0
1783930074.4,18695,32624,318,279.0,73.0,3184.0
1783930075.0,18695,32624,318,309.0,73.0,3238.0
1783930075.6,18695,32624,318,307.0,73.0,3207.0
1783930076.2,18695,32624,318,323.0,73.0,3216.0
1783930076.8,18695,32624,318,303.0,73.0,3207.0
1783930077.4,18695,32624,318,296.0,73.0,3196.0
1783930078.0,18695,32624,318,294.0,73.0,3221.0
1783930078.6,18695,32624,318,273.0,73.0,3176.0
1783930079.2,18695,32624,318,309.0,73.0,3224.0
1783930079.8,18695,32624,318,304.0,73.0,3211.0
1783930080.3,18695,32624,318,292.0,73.0,3206.0
1783930080.9,18695,32624,318,304.0,73.0,3223.0
1783930081.5,18695,32624,318,306.0,73.0,3208.0
1783930082.1,18695,32624,318,288.0,73.0,3180.0
1783930082.7,18695,32624,306,294.0,73.0,3188.0
1783930083.3,18695,32624,306,315.0,73.0,3242.0
1783930083.9,18695,32624,306,297.0,73.0,3199.0
1783930084.5,18695,32624,306,287.0,73.0,3187.0
1783930085.1,18695,32624,311,211.0,71.0,2721.0
1783930085.7,18695,32624,311,309.0,72.0,3253.0
1783930086.2,18695,32624,311,302.0,72.0,3209.0
1783930086.8,18695,32624,318,287.0,73.0,3179.0
1783930087.4,18695,32624,318,286.0,72.0,3195.0
1783930088.0,18695,32624,318,305.0,72.0,3203.0
1783930088.6,18695,32624,318,296.0,73.0,3212.0
1783930089.2,18695,32624,318,276.0,72.0,3204.0
1783930089.8,18695,32624,318,313.0,72.0,3231.0
1783930090.4,18695,32624,318,300.0,73.0,3207.0
1783930091.0,18695,32624,318,289.0,73.0,3201.0
1783930091.5,18695,32624,318,300.0,73.0,3215.0
1783930092.1,18695,32624,305,283.0,73.0,3168.0
1783930092.7,18695,32624,305,322.0,73.0,3218.0
1783930093.3,18695,32624,305,296.0,73.0,3180.0
1783930093.9,18695,32624,305,293.0,73.0,3218.0
1783930094.5,18695,32624,305,290.0,73.0,3200.0
1783930095.1,18695,32624,305,284.0,73.0,3186.0
1783930095.7,18695,32624,305,304.0,73.0,3201.0
1783930096.3,18695,32624,305,290.0,73.0,3182.0
1783930096.9,18695,32624,305,308.0,73.0,3211.0
1783930097.5,18695,32624,305,322.0,73.0,3231.0
1783930098.0,18695,32624,305,301.0,73.0,3216.0
1783930098.6,18695,32624,309,257.0,71.0,2995.0
1783930099.2,18695,32624,309,292.0,72.0,3217.0
1783930099.8,18695,32624,309,311.0,72.0,3215.0
1783930100.4,18695,32624,309,294.0,72.0,3193.0
1783930101.0,18695,32624,309,300.0,72.0,3208.0
1783930101.6,18695,32624,318,292.0,73.0,3206.0
1783930102.2,18695,32624,318,280.0,73.0,3196.0
1783930102.8,18695,32624,318,299.0,73.0,3240.0
1783930103.3,18695,32624,318,300.0,72.0,3214.0
1783930103.9,18695,32624,318,298.0,73.0,3200.0
1783930104.5,18695,32624,318,288.0,73.0,3225.0
1783930105.1,18695,32624,318,308.0,73.0,3259.0
1783930105.7,18695,32624,318,297.0,73.0,3201.0
1783930106.3,18695,32624,318,311.0,73.0,3172.0
1783930106.9,18695,32624,318,305.0,73.0,3219.0
1783930107.5,18695,32624,318,305.0,73.0,3224.0
1783930108.1,18695,32624,318,308.0,73.0,3223.0
1783930108.6,18695,32624,318,285.0,73.0,3189.0
1783930109.2,18695,32624,318,297.0,73.0,3185.0
1783930109.8,18695,32624,318,299.0,73.0,3186.0
1783930110.4,18695,32624,318,285.0,73.0,3189.0
1783930111.0,18695,32624,318,289.0,73.0,3208.0
1783930111.6,18695,32624,318,297.0,73.0,3232.0
1783930112.2,18695,32624,306,296.0,73.0,3193.0
1783930112.8,18695,32624,306,316.0,73.0,3256.0
1783930113.4,18695,32624,306,304.0,73.0,3241.0
1783930114.0,18695,32624,306,298.0,73.0,3200.0
1783930114.6,18695,32624,306,275.0,73.0,3204.0
1783930115.1,18695,32624,306,305.0,73.0,3227.0
1783930115.7,18695,32624,306,297.0,73.0,3224.0
1783930116.3,18695,32624,318,274.0,73.0,3227.0
1783930116.9,18695,32624,318,310.0,73.0,3227.0
1783930117.5,18695,32624,318,313.0,73.0,3222.0
1783930118.1,18695,32624,318,299.0,73.0,3228.0
1783930118.7,18695,32624,318,302.0,73.0,3217.0
1783930119.3,18695,32624,318,297.0,73.0,3227.0
1783930119.9,18695,32624,318,300.0,73.0,3229.0
1783930120.5,18695,32624,318,294.0,73.0,3203.0
1783930121.0,18695,32624,318,327.0,73.0,3270.0
1783930121.6,18695,32624,318,309.0,73.0,3231.0
1783930122.2,18695,32624,318,297.0,73.0,3227.0
1783930122.8,18695,32624,318,278.0,73.0,3205.0
1783930123.4,18695,32624,318,304.0,73.0,3209.0
1783930124.0,18695,32624,318,297.0,73.0,3228.0
1783930124.6,18695,32624,318,303.0,73.0,3220.0
1783930125.2,18695,32624,318,302.0,73.0,3219.0
1783930125.8,18695,32624,318,297.0,73.0,3202.0
1783930126.4,18695,32624,318,292.0,73.0,3217.0
1783930127.0,18695,32624,318,281.0,73.0,3199.0
1783930127.5,18695,32624,306,297.0,73.0,3212.0
1783930128.1,18695,32624,306,299.0,73.0,3206.0
1783930128.7,18695,32624,306,298.0,73.0,3223.0
1783930129.3,18695,32624,306,342.0,73.0,3266.0
1783930129.9,18695,32624,306,309.0,73.0,3230.0
1783930130.5,18695,32624,306,305.0,73.0,3243.0
1783930131.1,18695,32624,306,291.0,73.0,3207.0
1783930131.7,18695,32624,318,313.0,73.0,3218.0
1783930132.3,18695,32624,318,314.0,73.0,3223.0
1783930132.9,18695,32624,318,288.0,73.0,3196.0
1783930133.5,18695,32624,318,305.0,73.0,3223.0
1783930134.0,18695,32624,318,271.0,73.0,3229.0
1783930134.6,18695,32624,318,309.0,73.0,3216.0
1783930135.2,18695,32624,318,295.0,73.0,3190.0
1783930135.8,18695,32624,318,304.0,73.0,3187.0
1783930136.4,18695,32624,318,303.0,73.0,3209.0
1783930137.0,18695,32624,318,302.0,73.0,3195.0
1783930137.6,18695,32624,318,308.0,73.0,3253.0
1783930138.2,18695,32624,318,299.0,73.0,3203.0
1783930138.8,18695,32624,318,305.0,73.0,3215.0
1783930139.4,18695,32624,318,306.0,73.0,3214.0
1783930140.0,18695,32624,318,302.0,73.0,3212.0
1783930140.5,18695,32624,318,299.0,73.0,3224.0
1783930141.1,18695,32624,318,262.0,73.0,3202.0
1783930141.7,18695,32624,318,295.0,73.0,3197.0
1783930142.3,18695,32624,306,313.0,73.0,3251.0
1783930142.9,18695,32624,306,296.0,73.0,3199.0
1783930143.5,18695,32624,306,288.0,73.0,3195.0
1783930144.1,18695,32624,306,304.0,73.0,3213.0
1783930144.7,18695,32624,306,292.0,73.0,3197.0
1783930145.3,18695,32624,306,299.0,73.0,3222.0
1783930145.9,18695,32624,306,302.0,73.0,3190.0
1783930146.4,18695,32624,318,294.0,73.0,3205.0
1783930147.0,18695,32624,318,301.0,73.0,3210.0
1783930147.6,18695,32624,318,303.0,73.0,3248.0
1783930148.2,18695,32624,318,298.0,73.0,3183.0
1783930148.8,18695,32624,318,283.0,73.0,3198.0
1783930149.4,18695,32624,318,306.0,73.0,3234.0
1783930150.0,18695,32624,318,299.0,73.0,3207.0
1783930150.6,18695,32624,318,298.0,73.0,3193.0
1783930151.2,18695,32624,318,303.0,73.0,3192.0
1783930151.8,18695,32624,318,303.0,73.0,3236.0
1783930152.4,18695,32624,318,298.0,73.0,3215.0
1783930152.9,18695,32624,318,303.0,73.0,3197.0
1783930153.5,18695,32624,318,299.0,73.0,3195.0
1783930154.1,18695,32624,318,321.0,73.0,3220.0
1783930154.7,18695,32624,318,262.0,73.0,3198.0
1783930155.3,18695,32624,318,298.0,73.0,3208.0
1783930155.9,18695,32624,318,297.0,73.0,3209.0
1783930156.5,18695,32624,318,305.0,73.0,3211.0
1783930157.1,18695,32624,318,306.0,73.0,3192.0
1783930157.7,18695,32624,306,318.0,73.0,3200.0
1783930158.3,18695,32624,306,309.0,73.0,3219.0
1783930158.8,18695,32624,306,299.0,73.0,3210.0
1783930159.4,18695,32624,306,300.0,73.0,3204.0
1783930160.0,18695,32624,306,303.0,73.0,3210.0
1783930160.6,18695,32624,306,280.0,73.0,3207.0
1783930161.2,18695,32624,306,299.0,73.0,3223.0
1783930161.8,18695,32624,318,295.0,73.0,3198.0
1783930162.4,18695,32624,318,300.0,73.0,3208.0
1783930163.0,18695,32624,318,298.0,73.0,3221.0
1783930163.6,18695,32624,318,297.0,73.0,3220.0
1783930164.2,18695,32624,318,316.0,73.0,3189.0
1783930164.7,18695,32624,318,298.0,73.0,3214.0
1783930165.3,18695,32624,318,297.0,73.0,3225.0
1783930165.9,18695,32624,318,304.0,73.0,3227.0
1783930166.5,18695,32624,311,44.0,73.0,0.0
1783930167.1,18702,32624,311,253.0,72.0,2928.0
1783930167.7,18702,32624,311,289.0,73.0,3202.0
1783930168.3,18702,32624,311,301.0,73.0,3224.0
1783930168.9,18702,32624,311,301.0,73.0,3218.0
1783930169.5,18702,32624,311,281.0,73.0,3179.0
1783930170.1,18702,32624,311,304.0,73.0,3235.0
1783930170.6,18702,32624,311,308.0,73.0,3244.0
1783930171.2,18702,32624,311,302.0,73.0,3216.0
1783930171.8,18702,32624,311,291.0,73.0,3190.0
1783930172.4,18702,32624,306,294.0,73.0,3203.0
1783930173.0,18702,32624,306,305.0,73.0,3235.0
1783930173.6,18702,32624,306,303.0,73.0,3188.0
1783930174.2,18702,32624,306,304.0,73.0,3218.0
1783930174.8,18702,32624,306,305.0,73.0,3210.0
1783930175.4,18702,32624,306,300.0,73.0,3202.0
1783930176.0,18702,32624,306,251.0,73.0,3225.0
1783930176.5,18702,32624,318,320.0,73.0,3256.0
1783930177.1,18702,32624,318,311.0,73.0,3233.0
1783930177.7,18702,32624,318,314.0,73.0,3204.0
1783930178.3,18702,32624,318,306.0,73.0,3236.0
1783930178.9,18702,32624,318,295.0,73.0,3203.0
1783930179.5,18702,32624,318,306.0,73.0,3219.0
1783930180.1,18702,32624,318,277.0,73.0,3190.0
1783930180.7,18702,32624,318,303.0,73.0,3205.0
1783930181.3,18702,32624,318,302.0,73.0,3199.0
1783930181.9,18702,32624,318,300.0,73.0,3189.0
1783930182.4,18702,32624,318,270.0,73.0,3198.0
1783930183.0,18702,32624,318,305.0,73.0,3214.0
1783930183.6,18702,32624,318,304.0,73.0,3219.0
1783930184.2,18702,32624,318,307.0,73.0,3229.0
1783930184.8,18702,32624,318,295.0,73.0,3200.0
1783930185.4,18702,32624,318,305.0,73.0,3214.0
1783930186.0,18702,32624,318,312.0,73.0,3233.0
1783930186.6,18702,32624,318,323.0,73.0,3209.0
1783930187.2,18702,32624,306,292.0,73.0,3220.0
1783930187.8,18702,32624,312,294.0,73.0,3206.0
1783930188.4,18702,32624,312,294.0,73.0,3216.0
1783930188.9,18702,32624,312,313.0,73.0,3206.0
1783930189.5,18702,32624,312,311.0,73.0,3248.0
1783930190.1,18702,32624,312,307.0,73.0,3240.0
1783930190.7,18702,32624,312,298.0,73.0,3205.0
1783930191.3,18702,32624,318,322.0,73.0,3268.0
1783930191.9,18702,32624,318,300.0,73.0,3239.0
1783930192.5,18702,32624,318,304.0,73.0,3217.0
1783930193.1,18702,32624,318,279.0,73.0,3187.0
1783930193.7,18702,32624,318,307.0,73.0,3220.0
1783930194.3,18702,32624,318,306.0,73.0,3227.0
1783930194.9,18702,32624,318,312.0,73.0,3216.0
1783930195.4,18702,32624,318,299.0,73.0,3215.0
1783930196.0,18702,32624,318,303.0,73.0,3186.0
1783930196.6,18702,32624,318,306.0,73.0,3226.0
1783930197.2,18702,32624,318,300.0,73.0,3214.0
1783930197.8,18702,32624,318,289.0,73.0,3208.0
1783930198.4,18702,32624,318,302.0,73.0,3177.0
1783930199.0,18702,32624,318,297.0,73.0,3236.0
1783930199.6,18702,32624,318,294.0,73.0,3194.0
1783930200.2,18702,32624,318,318.0,73.0,3186.0
1783930200.8,18702,32624,318,307.0,73.0,3195.0
1783930201.3,18702,32624,318,289.0,73.0,3175.0
1783930201.9,18702,32624,318,298.0,73.0,3190.0
1783930202.5,18702,32624,306,309.0,73.0,3202.0
1783930203.1,18702,32624,311,84.0,72.0,3079.0
1783930203.7,18702,32624,311,270.0,72.0,3196.0
1783930204.3,18702,32624,311,304.0,73.0,3208.0
1783930204.9,18702,32624,311,302.0,73.0,3217.0
1783930205.5,18702,32624,311,276.0,73.0,3211.0
1783930206.1,18702,32624,311,295.0,73.0,3222.0
1783930206.7,18702,32624,318,307.0,73.0,3216.0
1783930207.2,18702,32624,318,311.0,73.0,3208.0
1783930207.8,18702,32624,318,300.0,73.0,3192.0
1783930208.4,18702,32624,318,301.0,73.0,3216.0
1783930209.0,18702,32624,318,286.0,73.0,3186.0
1783930209.6,18702,32624,318,307.0,73.0,3194.0
1783930210.2,18702,32624,318,311.0,73.0,3221.0
1783930210.8,18702,32624,318,313.0,73.0,3237.0
1783930211.4,18702,32624,318,308.0,73.0,3233.0
1783930212.0,18702,32624,318,301.0,73.0,3166.0
1783930212.6,18702,32624,318,312.0,73.0,3246.0
1783930213.2,18702,32624,318,300.0,73.0,3216.0
1783930213.7,18702,32624,318,322.0,73.0,3202.0
1783930214.3,18702,32624,318,290.0,73.0,3194.0
1783930214.9,18702,32624,318,293.0,73.0,3206.0
1783930215.5,18702,32624,318,293.0,73.0,3232.0
1783930216.1,18702,32624,318,292.0,73.0,3212.0
1783930216.7,18702,32624,318,302.0,73.0,3209.0
1783930217.3,18702,32624,306,316.0,73.0,3235.0
1783930217.9,18702,32624,306,282.0,73.0,3192.0
1783930218.5,18702,32624,306,300.0,73.0,3196.0
1783930219.0,18702,32624,306,306.0,73.0,3222.0
1783930219.6,18702,32624,306,284.0,73.0,3188.0
1783930220.2,18702,32624,306,308.0,73.0,3204.0
1783930220.8,18702,32624,306,297.0,73.0,3212.0
1783930221.4,18702,32624,318,294.0,73.0,3209.0
1783930222.0,18702,32624,318,299.0,73.0,3220.0
1783930222.6,18702,32624,311,248.0,71.0,2792.0
1783930223.2,18702,32624,311,299.0,72.0,3210.0
1783930223.8,18702,32624,311,300.0,72.0,3239.0
1783930224.4,18702,32624,311,298.0,73.0,3215.0
1783930224.9,18702,32624,311,301.0,73.0,3206.0
1783930225.5,18702,32624,311,295.0,73.0,3203.0
1783930226.1,18702,32624,311,294.0,73.0,3192.0
1783930226.7,18702,32624,311,303.0,73.0,3198.0
1783930227.3,18702,32624,311,307.0,73.0,3250.0
1783930227.9,18702,32624,311,290.0,73.0,3194.0
1783930228.5,18702,32624,311,293.0,73.0,3208.0
1783930229.1,18702,32624,311,307.0,73.0,3236.0
1783930229.7,18702,32624,311,295.0,73.0,3227.0
1783930230.2,18702,32624,311,310.0,73.0,3227.0
1783930230.8,18702,32624,311,290.0,73.0,3154.0
1783930231.4,18702,32624,311,298.0,73.0,3195.0
1783930232.0,18702,32624,311,311.0,73.0,3211.0
1783930232.6,18702,32624,306,302.0,73.0,3227.0
1783930233.2,18702,32624,306,314.0,73.0,3207.0
1783930233.8,18702,32624,306,301.0,73.0,3227.0
1783930234.4,18702,32624,306,292.0,73.0,3200.0
1783930235.0,18702,32624,306,301.0,73.0,3200.0
1783930235.6,18702,32624,306,306.0,73.0,3192.0
1783930236.1,18702,32624,306,296.0,73.0,3180.0
1783930236.7,18702,32624,318,298.0,73.0,3215.0
1783930237.3,18702,32624,318,318.0,73.0,3197.0
1783930237.9,18702,32624,318,314.0,73.0,3248.0
1783930238.5,18702,32624,318,303.0,73.0,3242.0
1783930239.1,18702,32624,318,314.0,73.0,3210.0
1783930239.7,18702,32624,318,305.0,73.0,3205.0
1783930240.3,18702,32624,318,305.0,73.0,3237.0
1783930240.9,18702,32624,311,229.0,71.0,2754.0
1783930241.5,18702,32624,311,302.0,72.0,3246.0
1783930242.0,18702,32624,311,304.0,72.0,3239.0
1783930242.6,18702,32624,311,308.0,73.0,3222.0
1783930243.2,18702,32624,311,297.0,73.0,3212.0
1783930243.8,18702,32624,311,303.0,73.0,3197.0
1783930244.4,18702,32624,311,301.0,73.0,3208.0
1783930245.0,18702,32624,311,269.0,73.0,3192.0
1783930245.6,18702,32624,311,301.0,73.0,3216.0
1783930246.2,18702,32624,311,299.0,73.0,3217.0
1783930246.8,18702,32624,311,298.0,73.0,3186.0
1783930247.4,18702,32624,306,301.0,73.0,3207.0
1783930247.9,18702,32624,306,306.0,73.0,3223.0
1783930248.5,18702,32624,306,303.0,73.0,3222.0
1783930249.1,18702,32624,306,292.0,73.0,3214.0
1783930249.7,18702,32624,306,310.0,73.0,3218.0
1783930250.3,18702,32624,306,313.0,73.0,3228.0
1783930250.9,18702,32624,306,313.0,73.0,3221.0
1783930251.5,18702,32624,318,305.0,73.0,3222.0
1783930252.1,18702,32624,318,294.0,73.0,3202.0
1783930252.7,18702,32624,318,299.0,73.0,3212.0
1783930253.3,18702,32624,318,303.0,73.0,3225.0
1783930253.8,18702,32624,318,303.0,73.0,3207.0
1783930254.4,18702,32624,318,249.0,73.0,3270.0
1783930255.0,18702,32624,318,299.0,73.0,3189.0
1783930255.6,18702,32624,318,284.0,73.0,3198.0
1783930256.2,18702,32624,318,303.0,73.0,3191.0
1783930256.8,18702,32624,318,278.0,73.0,3204.0
1783930257.4,18702,32624,318,307.0,73.0,3237.0
1783930258.0,18702,32624,318,291.0,73.0,3211.0
1783930258.6,18702,32624,318,311.0,73.0,3210.0
1783930259.2,18702,32624,318,300.0,73.0,3237.0
1783930259.7,18702,32624,318,308.0,73.0,3224.0
1783930260.3,18702,32624,318,298.0,73.0,3204.0
1783930260.9,18702,32624,318,290.0,73.0,3176.0
1783930261.5,18702,32624,318,298.0,73.0,3198.0
1783930262.1,18702,32624,318,290.0,73.0,3212.0
1783930262.7,18702,32624,305,307.0,73.0,3222.0
1783930263.3,18702,32624,305,288.0,73.0,3271.0
1783930263.9,18702,32624,305,297.0,73.0,3192.0
1783930264.5,18702,32624,305,305.0,73.0,3220.0
1783930265.1,18702,32624,305,310.0,73.0,3202.0
1783930265.6,18702,32624,305,300.0,73.0,3218.0
1783930266.2,18702,32624,305,299.0,73.0,3211.0
1783930266.8,18702,32624,316,297.0,73.0,3213.0
1783930267.4,18702,32624,316,318.0,73.0,3191.0
1783930268.0,18702,32624,316,313.0,73.0,3198.0
1783930268.6,18702,32624,316,309.0,73.0,3251.0
1783930269.2,18702,32624,316,304.0,73.0,3208.0
1783930269.8,18702,32624,316,310.0,73.0,3216.0
1783930270.4,18702,32624,316,286.0,73.0,3212.0
1783930271.0,18702,32624,316,292.0,73.0,3209.0
1783930271.5,18702,32624,316,296.0,73.0,3206.0
1783930272.1,18702,32624,316,290.0,73.0,3206.0
1783930272.7,18702,32624,316,299.0,73.0,3207.0
1783930273.3,18702,32624,316,302.0,73.0,3200.0
1783930273.9,18702,32624,316,305.0,73.0,3213.0
1783930274.5,18702,32624,316,301.0,73.0,3223.0
1783930275.1,18702,32624,316,316.0,73.0,3212.0
1783930275.7,18702,32624,316,310.0,73.0,3219.0
1783930276.3,18702,32624,316,300.0,73.0,3211.0
1783930276.9,18702,32624,316,305.0,73.0,3201.0
1783930277.5,18702,32624,304,285.0,73.0,3199.0
1783930278.0,18702,32624,304,304.0,73.0,3213.0
1783930278.6,18702,32624,304,305.0,73.0,3212.0
1783930279.2,18702,32624,304,302.0,73.0,3209.0
1783930279.8,18702,32624,304,270.0,73.0,3172.0
1783930280.4,18702,32624,304,301.0,73.0,3208.0
1783930281.0,18702,32624,304,310.0,73.0,3264.0
1783930281.6,18702,32624,316,299.0,73.0,3221.0
1783930282.2,18702,32624,316,309.0,73.0,3221.0
1783930282.8,18702,32624,316,271.0,73.0,3182.0
1783930283.3,18702,32624,316,302.0,73.0,3208.0
1783930283.9,18702,32624,316,304.0,73.0,3215.0
1783930284.5,18702,32624,316,307.0,73.0,3216.0
1783930285.1,18702,32624,316,313.0,73.0,3194.0
1783930285.7,18702,32624,316,299.0,73.0,3223.0
1783930286.3,18702,32624,316,292.0,73.0,3201.0
1783930286.9,18702,32624,316,287.0,73.0,3179.0
1783930287.5,18702,32624,316,303.0,73.0,3196.0
1783930288.1,18702,32624,316,274.0,73.0,3186.0
1783930288.7,18702,32624,316,300.0,73.0,3200.0
1783930289.2,18702,32624,316,298.0,73.0,3215.0
1783930289.8,18702,32624,316,299.0,73.0,3216.0
1783930290.4,18702,32624,316,310.0,73.0,3212.0
1783930291.0,18702,32624,316,287.0,73.0,3197.0
1783930291.6,18702,32624,316,300.0,73.0,3216.0
1783930292.2,18702,32624,304,303.0,73.0,3233.0
1783930292.8,18702,32624,304,313.0,73.0,3225.0
1783930293.4,18702,32624,304,275.0,73.0,3226.0
1783930294.0,18702,32624,304,303.0,73.0,3218.0
1783930294.6,18702,32624,304,318.0,73.0,3256.0
1783930295.2,18702,32624,304,299.0,73.0,3219.0
1783930295.7,18702,32624,304,286.0,73.0,3194.0
1783930296.3,18702,32624,316,307.0,73.0,3236.0
1783930296.9,18702,32624,316,307.0,73.0,3210.0
1783930297.5,18702,32624,316,316.0,73.0,3255.0
1783930298.1,18702,32624,316,294.0,73.0,3185.0
1783930298.7,18702,32624,316,282.0,73.0,3215.0
1783930299.3,18702,32624,316,306.0,73.0,3224.0
1783930299.9,18702,32624,316,300.0,73.0,3222.0
1783930300.5,18702,32624,316,304.0,73.0,3218.0
1783930301.1,18702,32624,316,298.0,73.0,3219.0
1783930301.6,18702,32624,316,294.0,73.0,3191.0
1783930302.2,18702,32624,316,302.0,73.0,3207.0
1783930302.8,18702,32624,316,302.0,73.0,3228.0
1783930303.4,18702,32624,316,301.0,73.0,3189.0
1783930304.0,18702,32624,316,295.0,73.0,3182.0
1783930304.6,18702,32624,316,300.0,73.0,3210.0
1783930305.2,18702,32624,316,291.0,73.0,3197.0
1783930305.8,18702,32624,316,309.0,73.0,3235.0
1783930306.4,18702,32624,309,219.0,71.0,2799.0
1783930307.0,18702,32624,309,311.0,72.0,3256.0
1783930307.5,18702,32624,304,286.0,73.0,3191.0
1783930308.1,18702,32624,304,305.0,73.0,3211.0
1783930308.7,18702,32624,304,314.0,73.0,3223.0
1783930309.3,18702,32624,304,303.0,73.0,3245.0
1783930309.9,18702,32624,304,301.0,73.0,3213.0
1783930310.5,18702,32624,304,287.0,73.0,3191.0
1783930311.1,18702,32624,304,306.0,73.0,3209.0
1783930311.7,18702,32624,316,301.0,73.0,3204.0
1783930312.3,18702,32624,316,275.0,73.0,3258.0
1783930312.9,18702,32624,316,286.0,73.0,3183.0
1783930313.4,18702,32624,316,290.0,73.0,3208.0
1783930314.0,18702,32624,316,300.0,73.0,3200.0
1783930314.6,18702,32624,316,293.0,73.0,3182.0
1783930315.2,18702,32624,316,298.0,73.0,3227.0
1783930315.8,18708,32624,326,292.0,73.0,3220.0
1783930316.4,18708,32624,326,300.0,73.0,3217.0
1783930317.0,18708,32624,326,295.0,73.0,3179.0
1783930317.6,18708,32624,326,310.0,73.0,3236.0
1783930318.2,18708,32624,324,263.0,73.0,3170.0
1783930318.7,18708,32624,324,297.0,73.0,3209.0
1783930319.3,18708,32624,324,307.0,73.0,3225.0
1783930319.9,18708,32624,324,298.0,73.0,3212.0
1783930320.5,18708,32624,324,286.0,73.0,3241.0
1783930321.1,18708,32624,324,303.0,73.0,3213.0
1783930321.7,18708,32624,324,300.0,73.0,3217.0
1783930322.3,18708,32624,312,298.0,73.0,3218.0
1783930322.9,18708,32624,312,299.0,73.0,3206.0
1783930323.5,18708,32624,312,293.0,73.0,3200.0
1783930324.1,18708,32624,312,300.0,73.0,3203.0
1783930324.7,18708,32624,312,269.0,73.0,3191.0
1783930325.2,18708,32624,312,296.0,73.0,3200.0
1783930325.8,18708,32624,312,301.0,73.0,3220.0
1783930326.4,18708,32624,324,298.0,73.0,3216.0
1783930327.0,18708,32624,324,304.0,73.0,3197.0
1783930327.6,18708,32624,324,297.0,73.0,3203.0
1783930328.2,18708,32624,324,300.0,73.0,3212.0
1783930328.8,18708,32624,324,307.0,73.0,3264.0
1783930329.4,18708,32624,324,320.0,73.0,3196.0
1783930330.0,18708,32624,324,312.0,73.0,3243.0
1783930330.5,18708,32624,324,306.0,73.0,3231.0
1783930331.1,18708,32624,324,300.0,73.0,3221.0
1783930331.7,18708,32624,324,313.0,73.0,3209.0
1783930332.3,18708,32624,324,318.0,73.0,3252.0
1783930332.9,18708,32624,324,316.0,73.0,3216.0
1783930333.5,18711,32624,326,307.0,73.0,3222.0
1783930334.1,18711,32624,326,314.0,73.0,3211.0
1783930334.7,18711,32624,326,296.0,73.0,3214.0
1783930335.3,18711,32624,326,306.0,73.0,3238.0
1783930335.9,18707,32624,314,299.0,73.0,3212.0
1783930336.4,18707,32624,314,279.0,73.0,3201.0
1783930337.0,18707,32624,314,321.0,73.0,3265.0
1783930337.6,18707,32624,302,301.0,73.0,3232.0
1783930338.2,18707,32624,302,307.0,73.0,3226.0
1783930338.8,18707,32624,302,305.0,73.0,3216.0
1783930339.4,18707,32624,302,290.0,73.0,3195.0
1783930340.0,18707,32624,302,298.0,73.0,3202.0
1783930340.6,18707,32624,302,303.0,73.0,3230.0
1783930341.2,18707,32624,302,310.0,73.0,3224.0
1783930341.7,18707,32624,314,304.0,73.0,3182.0
1783930342.3,18707,32624,314,289.0,73.0,3205.0
1783930342.9,18707,32624,314,307.0,73.0,3233.0
1783930343.5,18707,32624,314,301.0,73.0,3207.0
1783930344.1,18707,32624,314,330.0,73.0,3188.0
1783930344.7,18707,32624,314,311.0,73.0,3234.0
1783930345.3,18707,32624,314,303.0,73.0,3212.0
1783930345.9,18707,32624,314,302.0,73.0,3190.0
1783930346.5,18707,32624,314,296.0,73.0,3190.0
1783930347.0,18707,32624,314,323.0,73.0,3194.0
1783930347.6,18707,32624,314,305.0,73.0,3198.0
1783930348.2,18707,32624,314,295.0,73.0,3208.0
1783930348.8,18707,32624,314,303.0,73.0,3210.0
1783930349.4,18707,32624,314,331.0,73.0,3196.0
1783930350.0,18707,32624,314,305.0,73.0,3217.0
1783930350.6,18707,32624,314,304.0,73.0,3235.0
1783930351.2,18707,32624,314,293.0,73.0,3210.0
1783930351.8,18707,32624,314,317.0,73.0,3192.0
1783930352.4,18707,32624,302,314.0,73.0,3247.0
1783930353.0,18707,32624,302,289.0,73.0,3180.0
1783930353.5,18707,32624,302,291.0,73.0,3193.0
1783930354.1,18707,32624,302,305.0,73.0,3187.0
1783930354.7,18707,32624,302,300.0,73.0,3221.0
1783930355.3,18707,32624,302,301.0,73.0,3236.0
1783930355.9,18707,32624,302,307.0,73.0,3220.0
1783930356.5,18707,32624,314,306.0,73.0,3223.0
1783930357.1,18707,32624,314,303.0,73.0,3207.0
1783930357.7,18707,32624,314,269.0,73.0,3177.0
1783930358.3,18707,32624,314,292.0,73.0,3206.0
1783930358.8,18707,32624,314,309.0,73.0,3231.0
1783930359.4,18707,32624,314,308.0,73.0,3215.0
1783930360.0,18707,32624,314,323.0,73.0,3203.0
1783930360.6,18707,32624,314,319.0,73.0,3219.0
1783930361.2,18707,32624,314,296.0,73.0,3215.0
1783930361.8,18707,32624,314,303.0,73.0,3205.0
1783930362.4,18707,32624,314,299.0,73.0,3197.0
1783930363.0,18707,32624,314,287.0,73.0,3191.0
1783930363.6,18707,32624,314,307.0,73.0,3208.0
1783930364.2,18707,32624,314,300.0,73.0,3220.0
1783930364.7,18707,32624,314,292.0,73.0,3207.0
1783930365.3,18707,32624,314,308.0,73.0,3233.0
1783930365.9,18707,32624,314,277.0,73.0,3193.0
1783930366.5,18707,32624,314,317.0,73.0,3234.0
1783930367.1,18707,32624,314,310.0,73.0,3259.0
1783930367.7,18707,32624,302,300.0,73.0,3192.0
1783930368.3,18707,32624,302,300.0,73.0,3197.0
1783930368.9,18707,32624,302,306.0,73.0,3229.0
1783930369.5,18707,32624,302,306.0,73.0,3227.0
1783930370.1,18707,32624,302,299.0,73.0,3225.0
1783930370.7,18707,32624,302,298.0,73.0,3204.0
1783930371.2,18707,32624,302,310.0,73.0,3227.0
1783930371.8,18707,32624,314,317.0,73.0,3209.0
1783930372.4,18707,32624,314,264.0,73.0,3205.0
1783930373.0,18707,32624,314,293.0,73.0,3208.0
1783930373.6,18707,32624,314,307.0,73.0,3219.0
1783930374.2,18707,32624,314,287.0,73.0,3198.0
1783930374.8,18707,32624,314,299.0,73.0,3217.0
1783930375.4,18707,32624,314,311.0,73.0,3234.0
1783930376.0,18707,32624,314,308.0,73.0,3207.0
1783930376.6,18707,32624,314,300.0,73.0,3230.0
1783930377.1,18707,32624,314,312.0,73.0,3238.0
1783930377.7,18707,32624,314,297.0,73.0,3206.0
1783930378.3,18707,32624,314,312.0,73.0,3218.0
1783930378.9,18707,32624,314,299.0,73.0,3194.0
1783930379.5,18707,32624,314,310.0,73.0,3230.0
1783930380.1,18707,32624,314,302.0,73.0,3213.0
1783930380.7,18707,32624,314,295.0,73.0,3218.0
1783930381.3,18707,32624,314,308.0,73.0,3217.0
1783930381.9,18707,32624,314,311.0,73.0,3206.0
1783930382.5,18707,32624,302,288.0,73.0,3214.0
1783930383.1,18707,32624,302,299.0,73.0,3234.0
1783930383.6,18707,32624,302,313.0,73.0,3233.0
1783930384.2,18707,32624,302,301.0,73.0,3200.0
1783930384.8,18707,32624,302,311.0,73.0,3226.0
1783930385.4,18707,32624,302,307.0,73.0,3208.0
1783930386.0,18707,32624,302,285.0,73.0,3194.0
1783930386.6,18707,32624,314,259.0,73.0,3182.0
1783930387.2,18707,32624,314,281.0,73.0,3196.0
1783930387.8,18707,32624,314,299.0,73.0,3229.0
1783930388.4,18707,32624,314,304.0,73.0,3231.0
1783930388.9,18707,32624,314,303.0,73.0,3213.0
1783930389.5,18707,32624,314,294.0,73.0,3219.0
1783930390.1,18707,32624,314,305.0,73.0,3223.0
1783930390.7,18707,32624,314,277.0,73.0,3192.0
1783930391.3,18707,32624,314,307.0,73.0,3229.0
1783930391.9,18707,32624,314,305.0,73.0,3212.0
1783930392.5,18707,32624,314,302.0,73.0,3220.0
1783930393.1,18707,32624,314,302.0,73.0,3208.0
1783930393.7,18703,32624,314,312.0,73.0,3225.0
1783930394.3,18703,32624,314,295.0,73.0,3202.0
1783930394.8,18703,32624,314,317.0,73.0,3235.0
1783930395.4,18703,32624,314,302.0,73.0,3206.0
1783930396.0,18703,32624,314,299.0,73.0,3214.0
1783930396.6,18703,32624,314,298.0,73.0,3226.0
1783930397.2,18703,32624,302,298.0,73.0,3232.0
1783930397.8,18703,32624,302,298.0,73.0,3214.0
1783930398.4,18703,32624,302,317.0,73.0,3212.0
1783930399.0,18703,32624,302,268.0,73.0,3199.0
1783930399.6,18703,32624,302,307.0,73.0,3208.0
1783930400.2,18703,32624,302,296.0,73.0,3201.0
1783930400.8,18703,32624,302,307.0,73.0,3231.0
1783930401.4,18703,32624,314,303.0,73.0,3237.0
1783930401.9,18703,32624,314,304.0,73.0,3229.0
1783930402.5,18703,32624,314,282.0,73.0,3199.0
1783930403.1,18703,32624,314,301.0,73.0,3211.0
1783930403.7,18703,32624,314,298.0,73.0,3209.0
1783930404.3,18703,32624,314,308.0,73.0,3228.0
1783930404.9,18703,32624,314,304.0,73.0,3237.0
1783930405.5,18703,32624,314,300.0,73.0,3209.0
1783930406.1,18703,32624,314,310.0,73.0,3222.0
1783930406.7,18703,32624,314,303.0,73.0,3205.0
1783930407.3,18703,32624,314,311.0,73.0,3229.0
1783930407.9,18703,32624,314,288.0,73.0,3203.0
1783930408.4,18703,32624,314,302.0,73.0,3225.0
1783930409.0,18703,32624,314,301.0,73.0,3215.0
1783930409.6,18703,32624,314,302.0,73.0,3238.0
1783930410.2,18703,32624,314,307.0,73.0,3229.0
1783930410.8,18703,32624,314,302.0,73.0,3233.0
1783930411.4,18703,32624,314,311.0,73.0,3243.0
1783930412.0,18703,32624,314,304.0,73.0,3212.0
1783930412.6,18703,32624,302,301.0,73.0,3222.0
1783930413.2,18703,32624,302,299.0,73.0,3196.0
1783930413.8,18703,32624,302,269.0,73.0,3185.0
1783930414.4,18703,32624,302,305.0,73.0,3220.0
1783930414.9,18703,32624,302,308.0,73.0,3232.0
1783930415.5,18703,32624,302,290.0,73.0,3198.0
1783930416.1,18703,32624,302,300.0,73.0,3219.0
1783930416.7,18703,32624,314,302.0,73.0,3228.0
1783930417.3,18703,32624,314,301.0,73.0,3222.0
1783930417.9,18703,32624,314,300.0,73.0,3217.0
1783930418.5,18703,32624,314,300.0,73.0,3205.0
1783930419.1,18703,32624,314,324.0,73.0,3208.0
1783930419.7,18703,32624,314,263.0,73.0,3228.0
1783930420.3,18703,32624,314,283.0,73.0,3240.0
1783930420.8,18703,32624,314,298.0,73.0,3210.0
1783930421.4,18703,32624,314,304.0,73.0,3232.0
1783930422.0,18703,32624,314,302.0,73.0,3244.0
1783930422.6,18703,32624,314,309.0,73.0,3224.0
1783930423.2,18703,32624,314,301.0,73.0,3195.0
1783930423.8,18703,32624,314,306.0,73.0,3202.0
1783930424.4,18703,32624,314,297.0,73.0,3208.0
1783930425.0,18703,32624,314,302.0,73.0,3219.0
1783930425.6,18703,32624,314,305.0,73.0,3184.0
1783930426.2,18703,32624,314,274.0,73.0,3194.0
1783930426.7,18703,32624,314,267.0,73.0,3199.0
1783930427.3,18703,32624,302,301.0,73.0,3231.0
1783930427.9,18703,32624,302,305.0,73.0,3220.0
1783930428.5,18703,32624,302,304.0,73.0,3218.0
1783930429.1,18703,32624,302,302.0,73.0,3229.0
1783930429.7,18703,32624,302,309.0,73.0,3218.0
1783930430.3,18703,32624,302,298.0,73.0,3202.0
1783930430.9,18703,32624,302,316.0,73.0,3235.0
1783930431.5,18703,32624,314,303.0,73.0,3229.0
1783930432.1,18703,32624,314,299.0,73.0,3226.0
1783930432.6,18703,32624,314,302.0,73.0,3211.0
1783930433.2,18703,32624,314,312.0,73.0,3205.0
1783930433.8,18703,32624,314,316.0,73.0,3214.0
1783930434.4,18703,32624,314,286.0,73.0,3172.0
1783930435.0,18703,32624,314,269.0,73.0,3187.0
1783930435.6,18703,32624,314,285.0,73.0,3197.0
1783930436.2,18703,32624,314,300.0,73.0,3203.0
1783930436.8,18703,32624,314,301.0,73.0,3198.0
1783930437.4,18703,32624,314,309.0,73.0,3226.0
1783930437.9,18703,32624,314,306.0,73.0,3212.0
1783930438.5,18703,32624,314,299.0,73.0,3212.0
1783930439.1,18703,32624,314,308.0,73.0,3229.0
1783930439.7,18703,32624,314,292.0,73.0,3197.0
1783930440.3,18703,32624,314,307.0,73.0,3216.0
1783930440.9,18703,32624,314,299.0,73.0,3220.0
1783930441.5,18703,32624,314,305.0,73.0,3208.0
1783930442.1,18703,32624,314,300.0,73.0,3181.0
1783930442.7,18703,32624,302,296.0,73.0,3183.0
1783930443.3,18703,32624,302,304.0,73.0,3202.0
1783930443.9,18703,32624,302,315.0,73.0,3222.0
1783930444.4,18703,32624,302,297.0,73.0,3202.0
1783930445.0,18703,32624,302,273.0,73.0,3211.0
1783930445.6,18703,32624,302,272.0,73.0,3186.0
1783930446.2,18703,32624,302,310.0,73.0,3226.0
1783930446.8,18703,32624,314,303.0,73.0,3228.0
1783930447.4,18703,32624,314,295.0,73.0,3215.0
1783930448.0,18703,32624,314,316.0,73.0,3253.0
1783930448.6,18703,32624,314,290.0,73.0,3227.0
1783930449.2,18703,32624,314,311.0,73.0,3225.0
1783930449.8,18703,32624,314,298.0,73.0,3207.0
1783930450.4,18703,32624,314,311.0,73.0,3238.0
1783930451.0,18703,32624,314,292.0,73.0,3203.0
1783930451.5,18703,32624,314,300.0,73.0,3212.0
1783930452.1,18703,32624,314,294.0,73.0,3202.0
1783930452.7,18703,32624,314,304.0,73.0,3220.0
1783930453.3,18703,32624,314,308.0,73.0,3228.0
1783930453.9,18703,32624,314,311.0,73.0,3200.0
1783930454.5,18703,32624,314,333.0,73.0,3212.0
1783930455.1,18703,32624,314,312.0,73.0,3211.0
1783930455.7,18703,32624,314,331.0,73.0,3220.0
1783930456.3,18703,32624,314,290.0,73.0,3193.0
1783930456.9,18703,32624,314,290.0,73.0,3210.0
1783930457.5,18703,32624,302,307.0,73.0,3218.0
1783930458.0,18703,32624,302,307.0,73.0,3229.0
1783930458.6,18703,32624,302,310.0,73.0,3240.0
1783930459.2,18703,32624,302,311.0,73.0,3227.0
1783930459.8,18703,32624,302,306.0,73.0,3258.0
1783930460.4,18704,32624,307,215.0,71.0,2529.0
1783930461.0,18704,32624,307,297.0,72.0,3222.0
1783930461.6,18704,32624,314,308.0,73.0,3221.0
1783930462.2,18704,32624,314,303.0,73.0,3250.0
1783930462.8,18704,32624,314,304.0,73.0,3212.0
1783930463.4,18704,32624,314,315.0,73.0,3209.0
1783930464.0,18704,32624,314,276.0,73.0,3215.0
1783930464.5,18704,32624,314,308.0,73.0,3243.0
1783930465.1,18704,32624,314,301.0,73.0,3220.0
1783930465.7,18704,32624,314,277.0,73.0,3200.0
1783930466.3,18704,32624,314,291.0,73.0,3211.0
1783930466.9,18704,32624,314,291.0,73.0,3218.0
1783930467.5,18704,32624,314,289.0,73.0,3208.0
1783930468.1,18704,32624,314,286.0,73.0,3195.0
1783930468.7,18704,32624,314,332.0,73.0,3200.0
1783930469.3,18704,32624,314,310.0,73.0,3215.0
1783930469.9,18704,32624,314,305.0,73.0,3215.0
1783930470.5,18704,32624,314,307.0,73.0,3167.0
1783930471.1,18704,32624,314,298.0,73.0,3202.0
1783930471.7,18704,32624,314,293.0,73.0,3210.0
1783930472.3,18704,32624,302,312.0,73.0,3225.0
1783930472.8,18704,32624,302,316.0,73.0,3228.0
1783930473.4,18704,32624,302,306.0,73.0,3224.0
1783930474.0,18704,32624,302,303.0,73.0,3224.0
1783930474.6,18704,32624,302,244.0,73.0,3184.0
1783930475.2,18704,32624,302,283.0,73.0,3198.0
1783930475.8,18704,32624,302,302.0,73.0,3214.0
1783930476.4,18704,32624,314,307.0,73.0,3211.0
1783930477.0,18704,32624,314,276.0,73.0,3181.0
1783930477.6,18704,32624,314,306.0,73.0,3234.0
1783930478.2,18704,32624,314,302.0,73.0,3230.0
1783930478.7,18704,32624,314,300.0,73.0,3206.0
1783930479.3,18704,32624,314,296.0,73.0,3194.0
1783930479.9,18704,32624,314,306.0,73.0,3239.0
1783930480.5,18704,32624,314,304.0,73.0,3224.0
1783930481.1,18704,32624,314,300.0,73.0,3197.0
1783930481.7,18704,32624,314,314.0,73.0,3240.0
1783930482.3,18704,32624,314,311.0,73.0,3234.0
1783930482.9,18704,32624,314,298.0,73.0,3207.0
1783930483.5,18704,32624,314,275.0,73.0,3177.0
1783930484.1,18704,32624,314,302.0,73.0,3231.0
1783930484.7,18704,32624,314,308.0,73.0,3224.0
1783930485.3,18704,32624,314,300.0,73.0,3203.0
1783930485.8,18704,32624,314,313.0,73.0,3232.0
1783930486.4,18704,32624,314,287.0,73.0,3181.0
1783930487.0,18704,32624,314,283.0,73.0,3196.0
1783930487.6,18704,32624,302,295.0,73.0,3223.0
1783930488.2,18704,32624,302,298.0,73.0,3228.0
1783930488.8,18704,32624,302,307.0,73.0,3220.0
1783930489.4,18704,32624,302,306.0,73.0,3222.0
1783930490.0,18704,32624,302,313.0,73.0,3214.0
1783930490.6,18704,32624,302,311.0,73.0,3237.0
1783930491.2,18704,32624,302,305.0,73.0,3215.0
1783930491.8,18704,32624,314,304.0,73.0,3180.0
1783930492.3,18704,32624,314,308.0,73.0,3240.0
1783930492.9,18704,32624,314,297.0,73.0,3230.0
1783930493.5,18704,32624,314,304.0,73.0,3206.0
1783930494.1,18704,32624,314,311.0,73.0,3255.0
1783930494.7,18704,32624,314,304.0,73.0,3230.0
1783930495.3,18704,32624,314,294.0,73.0,3223.0
1783930495.9,18704,32624,314,283.0,73.0,3199.0
1783930496.5,18704,32624,314,304.0,73.0,3231.0
1783930497.1,18704,32624,314,294.0,73.0,3192.0
1783930497.7,18704,32624,314,303.0,73.0,3218.0
1783930498.3,18704,32624,314,293.0,73.0,3172.0
1783930498.8,18704,32624,314,305.0,73.0,3205.0
1783930499.4,18704,32624,314,315.0,73.0,3242.0
1783930500.0,18704,32624,314,305.0,73.0,3211.0
1783930500.6,18704,32624,314,304.0,73.0,3210.0
1783930501.2,18704,32624,314,273.0,73.0,3194.0
1783930501.8,18704,32624,314,295.0,73.0,3193.0
1783930502.4,18704,32624,302,307.0,73.0,3232.0
1783930503.0,18704,32624,302,329.0,73.0,3203.0
1783930503.6,18704,32624,302,294.0,73.0,3207.0
1783930504.2,18704,32624,302,306.0,73.0,3244.0
1783930504.8,18704,32624,302,304.0,73.0,3220.0
1783930505.4,18704,32624,302,290.0,73.0,3198.0
1783930505.9,18704,32624,302,298.0,73.0,3229.0
1783930506.5,18704,32624,314,299.0,73.0,3193.0
1783930507.1,18704,32624,314,297.0,73.0,3191.0
1783930507.7,18704,32624,314,284.0,73.0,3209.0
1783930508.3,18704,32624,314,292.0,73.0,3190.0
1783930508.9,18704,32624,314,305.0,73.0,3230.0
1783930509.5,18704,32624,314,304.0,73.0,3214.0
1783930510.1,18704,32624,314,326.0,73.0,3212.0
1783930510.7,18704,32624,314,309.0,73.0,3239.0
1783930511.3,18704,32624,314,301.0,73.0,3228.0
1783930511.9,18704,32624,314,301.0,73.0,3229.0
1783930512.5,18704,32624,314,293.0,73.0,3190.0
1783930513.1,18704,32624,314,299.0,73.0,3231.0
1783930513.6,18705,32624,318,302.0,73.0,3226.0
1783930514.2,18705,32624,318,309.0,73.0,3229.0
1783930514.8,18705,32624,318,300.0,73.0,3207.0
1783930515.4,18705,32624,318,316.0,73.0,3218.0
1783930516.0,18705,32624,318,290.0,73.0,3182.0
1783930516.6,18705,32624,318,307.0,73.0,3229.0
1783930517.2,18705,32624,318,303.0,73.0,3212.0
1783930517.8,18705,32624,306,293.0,73.0,3205.0
1783930518.4,18705,32624,306,313.0,73.0,3190.0
1783930519.0,18705,32624,306,309.0,73.0,3207.0
1783930519.5,18705,32624,306,302.0,73.0,3212.0
1783930520.1,18705,32624,306,298.0,73.0,3194.0
1783930520.7,18705,32624,306,299.0,73.0,3201.0
1783930521.3,18705,32624,318,256.0,73.0,3187.0
1783930521.9,18705,32624,318,279.0,73.0,3184.0
1783930522.5,18705,32624,318,298.0,73.0,3209.0
1783930523.1,18705,32624,318,301.0,73.0,3217.0
1783930523.7,18705,32624,318,295.0,73.0,3200.0
1783930524.3,18705,32624,318,298.0,73.0,3194.0
1783930524.9,18705,32624,318,318.0,73.0,3209.0
1783930525.5,18705,32624,318,295.0,73.0,3210.0
1783930526.0,18705,32624,318,285.0,73.0,3194.0
1783930526.6,18705,32624,318,296.0,73.0,3201.0
1783930527.2,18705,32624,318,309.0,73.0,3224.0
1783930527.8,18705,32624,318,303.0,73.0,3211.0
1783930528.4,18705,32624,318,302.0,73.0,3220.0
1783930529.0,18705,32624,318,292.0,73.0,3238.0
1783930529.6,18705,32624,318,303.0,73.0,3203.0
1783930530.2,18705,32624,318,301.0,73.0,3190.0
1783930530.8,18705,32624,318,304.0,73.0,3225.0
1783930531.4,18705,32624,318,276.0,73.0,3182.0
1783930531.9,18705,32624,318,297.0,73.0,3226.0
1783930532.5,18705,32624,306,305.0,73.0,3251.0
1783930533.1,18705,32624,306,291.0,73.0,3215.0
1783930533.7,18705,32624,306,308.0,73.0,3239.0
1783930534.3,18705,32624,306,306.0,73.0,3205.0
1783930534.9,18705,32624,306,320.0,73.0,3205.0
1783930535.5,18705,32624,306,273.0,73.0,3185.0
1783930536.1,18705,32624,306,297.0,73.0,3211.0
1783930536.7,18705,32624,318,297.0,73.0,3221.0
1783930537.3,18705,32624,318,303.0,73.0,3253.0
1783930537.8,18705,32624,318,308.0,73.0,3244.0
1783930538.4,18705,32624,318,294.0,73.0,3189.0
1783930539.0,18705,32624,318,293.0,73.0,3215.0
1783930539.6,18705,32624,318,307.0,73.0,3219.0
1783930540.2,18705,32624,318,286.0,73.0,3208.0
1783930540.8,18705,32624,318,307.0,73.0,3230.0
1783930541.4,18705,32624,318,312.0,73.0,3221.0
1783930542.0,18705,32624,318,306.0,73.0,3214.0
1783930542.6,18705,32624,318,304.0,73.0,3219.0
1783930543.1,18705,32624,318,303.0,73.0,3216.0
1783930543.7,721,32624,102,44.0,71.0,0.0
1783930544.3,708,32624,86,18.0,70.0,0.0
1783930544.9,708,32624,86,18.0,69.0,0.0
1783930545.5,708,32624,86,17.0,69.0,0.0
1783930546.1,719,32624,86,17.0,68.0,0.0
1783930546.7,719,32624,86,16.0,68.0,0.0
1783930547.3,719,32624,84,39.0,67.0,95.0
1783930547.9,719,32624,84,16.0,67.0,0.0
1783930548.5,719,32624,84,16.0,66.0,0.0
1783930549.1,719,32624,84,16.0,66.0,0.0
1783930549.7,719,32624,84,16.0,66.0,0.0
1783930550.3,719,32624,84,17.0,65.0,0.0
1783930550.9,719,32624,84,16.0,65.0,0.0
1783930551.4,719,32624,95,18.0,64.0,0.0
1783930552.0,719,32624,95,16.0,64.0,0.0
1783930552.6,719,32624,95,16.0,64.0,0.0
1783930553.2,719,32624,95,16.0,63.0,0.0
1783930553.8,719,32624,95,15.0,63.0,0.0
1783930554.4,719,32624,95,15.0,63.0,0.0
1783930555.0,719,32624,95,15.0,62.0,0.0
1783930555.6,719,32624,95,15.0,62.0,0.0
1783930556.2,719,32624,95,14.0,62.0,0.0
1783930556.8,719,32624,95,15.0,62.0,0.0
1783930557.4,719,32624,95,16.0,61.0,0.0
1783930558.0,719,32624,95,17.0,61.0,0.0
1783930558.6,719,32624,95,16.0,61.0,0.0
1783930559.2,719,32624,95,14.0,60.0,0.0
1783930559.8,719,32624,95,14.0,60.0,0.0
1783930560.3,719,32624,95,15.0,60.0,0.0
1783930560.9,719,32624,95,15.0,60.0,0.0
1783930561.5,719,32624,95,14.0,59.0,0.0
1783930562.1,719,32624,95,14.0,59.0,0.0
1783930562.7,719,32624,84,15.0,59.0,0.0
1783930563.3,719,32624,84,15.0,59.0,0.0
1783930563.9,719,32624,84,14.0,58.0,0.0
1783930564.5,719,32624,84,13.0,58.0,0.0
1783930565.1,719,32624,84,13.0,58.0,0.0
1783930565.7,719,32624,84,14.0,58.0,0.0
1783930566.3,719,32624,84,13.0,57.0,0.0
1783930566.9,719,32624,95,15.0,57.0,0.0
1783930567.5,719,32624,95,13.0,57.0,0.0
1783930568.1,719,32624,95,13.0,57.0,0.0
1783930568.6,719,32624,95,13.0,57.0,0.0
1783930569.2,719,32624,95,13.0,56.0,0.0
1783930569.8,719,32624,95,13.0,56.0,0.0
1783930570.4,719,32624,95,14.0,56.0,0.0
1783930571.0,719,32624,95,13.0,56.0,0.0
1783930571.6,719,32624,95,14.0,56.0,0.0
1783930572.2,719,32624,95,14.0,56.0,0.0
1783930572.8,719,32624,95,13.0,55.0,0.0
1783930573.4,719,32624,95,16.0,55.0,0.0
1783930574.0,719,32624,95,14.0,55.0,0.0
1783930574.6,719,32624,95,13.0,55.0,0.0
1783930575.2,719,32624,95,12.0,55.0,0.0
1783930575.8,719,32624,95,13.0,54.0,0.0
1783930576.3,719,32624,95,13.0,54.0,0.0
1783930576.9,719,32624,95,13.0,54.0,0.0
1783930577.5,16341,32624,84,29.0,54.0,0.0
1783930578.1,16341,32624,84,29.0,55.0,0.0
1783930578.7,16341,32624,84,28.0,54.0,0.0
1783930579.3,16341,32624,84,27.0,54.0,0.0
1783930579.9,16341,32624,84,27.0,54.0,0.0
1783930580.5,16341,32624,84,12.0,54.0,0.0
1783930581.1,20306,32624,505,30.0,54.0,0.0
1783930581.7,20306,32624,516,15.0,53.0,0.0
1783930582.3,20314,32624,592,54.0,55.0,1852.0
1783930582.9,20315,32624,595,177.0,56.0,1795.0
1783930583.5,20315,32624,595,244.0,56.0,2749.0
1783930584.0,20315,32624,595,302.0,58.0,2785.0
1783930584.6,20315,32624,595,357.0,58.0,3000.0
1783930585.2,20315,32624,595,300.0,59.0,2802.0
1783930585.8,20316,32624,595,169.0,59.0,2799.0
1783930586.4,20316,32624,595,309.0,59.0,2874.0
1783930587.0,20316,32624,595,310.0,59.0,2776.0
1783930587.6,20316,32624,595,323.0,60.0,2919.0
1783930588.2,20316,32624,595,289.0,60.0,2762.0
1783930588.8,20316,32624,595,308.0,60.0,2971.0
1783930589.4,20316,32624,595,317.0,61.0,2872.0
1783930590.0,20316,32624,595,195.0,61.0,2779.0
1783930590.6,20316,32624,595,325.0,61.0,2932.0
1783930591.1,20316,32624,595,291.0,61.0,2794.0
1783930591.7,20316,32624,595,353.0,61.0,2965.0
1783930592.3,20316,32624,590,308.0,62.0,2820.0
1783930592.9,20316,32624,590,188.0,62.0,2785.0
1783930593.5,20316,32624,590,314.0,62.0,2889.0
1783930594.1,20316,32624,590,302.0,62.0,2780.0
1783930594.7,20316,32624,590,302.0,62.0,3023.0
1783930595.3,20316,32624,590,311.0,63.0,2791.0
1783930595.9,20316,32624,590,316.0,63.0,2766.0
1783930596.5,20316,32624,602,286.0,63.0,2950.0
1783930597.1,20316,32624,602,312.0,63.0,2834.0
1783930597.6,20316,32624,602,271.0,63.0,2726.0
1783930598.2,20316,32624,602,317.0,64.0,2875.0
1783930598.8,20316,32624,602,301.0,64.0,2809.0
1783930599.4,20313,32624,610,234.0,64.0,2800.0
1783930600.0,20313,32624,610,321.0,64.0,2840.0
1783930600.6,20313,32624,610,300.0,64.0,2799.0
1783930601.2,20313,32624,610,333.0,64.0,2972.0
1783930601.8,20313,32624,608,316.0,64.0,2837.0
1783930602.4,20313,32624,608,281.0,65.0,2701.0
1783930603.0,20313,32624,608,267.0,65.0,2930.0
1783930603.6,20313,32624,608,308.0,65.0,2855.0
1783930604.2,20313,32624,608,300.0,65.0,2735.0
1783930604.7,20313,32624,608,201.0,65.0,2848.0
1783930605.3,20313,32624,608,336.0,65.0,2953.0
1783930605.9,20313,32624,608,311.0,66.0,2823.0
1783930606.5,20313,32624,608,307.0,66.0,2706.0
1783930607.1,20313,32624,608,323.0,66.0,2931.0
1783930607.7,20313,32624,596,317.0,66.0,2838.0
1783930608.3,20313,32624,596,297.0,66.0,2764.0
1783930608.9,20313,32624,596,262.0,66.0,2879.0
1783930609.5,20313,32624,596,327.0,66.0,2885.0
1783930610.1,20313,32624,596,295.0,66.0,2750.0
1783930610.7,20313,32624,596,240.0,66.0,2802.0
1783930611.3,20313,32624,596,305.0,67.0,2846.0
1783930611.8,20313,32624,608,299.0,67.0,2764.0
1783930612.4,20313,32624,608,319.0,67.0,2686.0
1783930613.0,20313,32624,608,279.0,67.0,2977.0
1783930613.6,20313,32624,608,316.0,67.0,2850.0
1783930614.2,20313,32624,608,295.0,67.0,2753.0
1783930614.8,20313,32624,608,168.0,67.0,2741.0
1783930615.4,20313,32624,608,321.0,67.0,2834.0
1783930616.0,20313,32624,608,306.0,67.0,2833.0
1783930616.6,20313,32624,608,305.0,67.0,2770.0
1783930617.2,20313,32624,603,214.0,65.0,2706.0
1783930617.8,20313,32624,603,347.0,67.0,2836.0
1783930618.3,20313,32624,603,300.0,67.0,2769.0
1783930618.9,20313,32624,603,277.0,67.0,2940.0
1783930619.5,20313,32624,603,324.0,68.0,2859.0
1783930620.1,20313,32624,603,311.0,68.0,2791.0
1783930620.7,20313,32624,603,308.0,68.0,2958.0
1783930621.3,20313,32624,603,316.0,68.0,2821.0
1783930621.9,20313,32624,603,233.0,68.0,2874.0
1783930622.5,20313,32624,599,325.0,68.0,2871.0
1783930623.1,20313,32624,599,325.0,68.0,2765.0
1783930623.7,20313,32624,599,286.0,68.0,2908.0
1783930624.3,20313,32624,599,326.0,68.0,2849.0
1783930624.8,20313,32624,599,306.0,68.0,2777.0
1783930625.4,20313,32624,599,280.0,68.0,2859.0
1783930626.0,20313,32624,599,307.0,69.0,2768.0
1783930626.6,20313,32624,610,309.0,69.0,2767.0
1783930627.2,20313,32624,610,273.0,69.0,3036.0
1783930627.8,20313,32624,610,334.0,69.0,2917.0
1783930628.4,20313,32624,610,305.0,69.0,2773.0
1783930629.0,20313,32624,610,246.0,69.0,2813.0
1783930629.6,20313,32624,610,359.0,69.0,3066.0
1783930630.2,20313,32624,610,303.0,69.0,2781.0
1783930630.8,20313,32624,610,337.0,69.0,2724.0
1783930631.3,20313,32624,610,330.0,69.0,2889.0
1783930631.9,20313,32624,610,301.0,69.0,2777.0
1783930632.5,20313,32624,610,316.0,69.0,2749.0
1783930633.1,20313,32624,610,295.0,69.0,2929.0
1783930633.7,20313,32624,610,332.0,69.0,2918.0
1783930634.3,20313,32624,610,305.0,69.0,2746.0
1783930634.9,20313,32624,610,212.0,70.0,2731.0
1783930635.5,20313,32624,610,333.0,70.0,2847.0
1783930636.1,20313,32624,610,331.0,69.0,2851.0
1783930636.7,20313,32624,610,309.0,70.0,2738.0
1783930637.2,20313,32624,610,266.0,70.0,2830.0
1783930637.8,20313,32624,599,312.0,70.0,2810.0
1783930638.4,20313,32624,599,292.0,70.0,2726.0
1783930639.0,20313,32624,599,220.0,70.0,2773.0
1783930639.6,20313,32624,599,310.0,70.0,2819.0
1783930640.2,20313,32624,599,296.0,70.0,2697.0
1783930640.8,20313,32624,599,256.0,70.0,2636.0
1783930641.4,20313,32624,610,328.0,70.0,2886.0
1783930642.0,20313,32624,610,322.0,70.0,2812.0
1783930642.6,20313,32624,610,214.0,70.0,2702.0
1783930643.2,20313,32624,610,365.0,70.0,3049.0
1783930643.8,20313,32624,610,304.0,70.0,2781.0
1783930644.4,20313,32624,610,346.0,70.0,2762.0
1783930644.9,20313,32624,610,284.0,70.0,2901.0
1783930645.5,20313,32624,610,310.0,70.0,2781.0
1783930646.1,20313,32624,610,310.0,70.0,2757.0
1783930646.7,20313,32624,610,238.0,70.0,2640.0
1783930647.3,20313,32624,610,335.0,70.0,2920.0
1783930647.9,20313,32624,610,308.0,70.0,2819.0
1783930648.5,20313,32624,610,305.0,70.0,2776.0
1783930649.1,20313,32624,610,325.0,71.0,2646.0
1783930649.7,20313,32624,610,185.0,70.0,2960.0
1783930650.3,20313,32624,610,327.0,71.0,2822.0
1783930650.9,20313,32624,610,302.0,71.0,2763.0
1783930651.4,20313,32624,610,296.0,71.0,2762.0
1783930652.0,20313,32624,610,198.0,71.0,2707.0
1783930652.6,20313,32624,599,317.0,71.0,2938.0
1783930653.2,20313,32624,599,341.0,71.0,2882.0
1783930653.8,20313,32624,599,314.0,71.0,2799.0
1783930654.4,20313,32624,599,294.0,71.0,2737.0
1783930655.0,20313,32624,599,225.0,71.0,2839.0
1783930655.6,20313,32624,604,224.0,69.0,2801.0
1783930656.2,20313,32624,604,313.0,70.0,2772.0
1783930656.8,20313,32624,611,265.0,71.0,2655.0
1783930657.4,20313,32624,611,304.0,71.0,2823.0
1783930657.9,20313,32624,611,308.0,71.0,2750.0
1783930658.5,20313,32624,611,188.0,71.0,2675.0
1783930659.1,20313,32624,611,318.0,71.0,2788.0
1783930659.7,20313,32624,611,286.0,71.0,2730.0
1783930660.3,20313,32624,611,274.0,71.0,2891.0
1783930660.9,20313,32624,611,319.0,71.0,2765.0
1783930661.5,20313,32624,611,299.0,71.0,2728.0
1783930662.1,20313,32624,611,273.0,71.0,2863.0
1783930662.7,20313,32624,611,305.0,71.0,2830.0
1783930663.3,20313,32624,611,353.0,71.0,2741.0
1783930663.9,20313,32624,611,343.0,71.0,2902.0
1783930664.4,20313,32624,611,313.0,71.0,2788.0
1783930665.0,20313,32624,611,334.0,71.0,2728.0
1783930665.6,20313,32624,611,261.0,71.0,2824.0
1783930666.2,20313,32624,611,318.0,71.0,2794.0
1783930666.8,20313,32624,611,314.0,71.0,2703.0
1783930667.4,20313,32624,599,311.0,71.0,2945.0
1783930668.0,20313,32624,599,308.0,71.0,2770.0
1783930668.6,20313,32624,599,308.0,71.0,2713.0
1783930669.2,20313,32624,599,285.0,71.0,2880.0
1783930669.8,20313,32624,599,331.0,71.0,2914.0
1783930670.4,20313,32624,599,300.0,71.0,2736.0
1783930671.0,20313,32624,599,175.0,71.0,2736.0
1783930671.6,20313,32624,611,330.0,71.0,2852.0
1783930672.1,20313,32624,611,317.0,71.0,2811.0
1783930672.7,20313,32624,611,314.0,71.0,2717.0
1783930673.3,20313,32624,611,267.0,71.0,2931.0
1783930673.9,20313,32624,611,308.0,71.0,2790.0
1783930674.5,20313,32624,611,300.0,71.0,2753.0
1783930675.1,20313,32624,611,230.0,71.0,2671.0
1783930675.7,20313,32624,604,93.0,72.0,2635.0
1783930676.3,20313,32624,604,296.0,70.0,2741.0
1783930676.9,20313,32624,604,296.0,71.0,2876.0
1783930677.5,20313,32624,604,303.0,71.0,2808.0
1783930678.0,20313,32624,604,319.0,71.0,2670.0
1783930678.6,20313,32624,604,350.0,71.0,2934.0
1783930679.2,20313,32624,604,295.0,71.0,2683.0
1783930679.8,20313,32624,604,261.0,71.0,2760.0
1783930680.4,20313,32624,604,328.0,71.0,2815.0
1783930681.0,20313,32624,604,315.0,71.0,2732.0
1783930681.6,20313,32624,604,336.0,71.0,2870.0
1783930682.2,20313,32624,604,311.0,71.0,2773.0
1783930682.8,20313,32624,599,254.0,71.0,2635.0
1783930683.4,20313,32624,599,295.0,71.0,2889.0
1783930684.0,20313,32624,599,307.0,71.0,2768.0
1783930684.6,20313,32624,599,305.0,71.0,2712.0
1783930685.1,20313,32624,599,309.0,71.0,2811.0
1783930685.7,20313,32624,599,310.0,71.0,2751.0
1783930686.3,20313,32624,599,305.0,72.0,2766.0
1783930686.9,20313,32624,611,272.0,72.0,2894.0
1783930687.5,20313,32624,611,313.0,72.0,2793.0
1783930688.1,20313,32624,611,289.0,72.0,2719.0
1783930688.7,20313,32624,611,311.0,72.0,2949.0
1783930689.3,20313,32624,611,316.0,72.0,2771.0
1783930689.9,20313,32624,611,318.0,72.0,2786.0
1783930690.5,20313,32624,611,280.0,72.0,2905.0
1783930691.1,20313,32624,611,312.0,72.0,2809.0
1783930691.7,20313,32624,611,305.0,72.0,2734.0
1783930692.2,20313,32624,611,290.0,72.0,2859.0
1783930692.8,20313,32624,611,325.0,72.0,2863.0
1783930693.4,20315,32624,613,302.0,72.0,2762.0
1783930694.0,20315,32624,613,176.0,72.0,2736.0
1783930694.6,20315,32624,613,357.0,72.0,2853.0
1783930695.2,20315,32624,613,321.0,72.0,2796.0
1783930695.8,20309,32624,601,175.0,72.0,2699.0
1783930696.4,20309,32624,601,333.0,72.0,2904.0
1783930697.0,20309,32624,601,307.0,72.0,2758.0
1783930697.6,20309,32624,589,333.0,72.0,2729.0
1783930698.2,20309,32624,589,241.0,72.0,2931.0
1783930698.8,20309,32624,589,337.0,72.0,2865.0
1783930699.4,20309,32624,589,315.0,72.0,2776.0
1783930700.0,20309,32624,589,212.0,72.0,2606.0
1783930700.5,20309,32624,589,293.0,72.0,2928.0
1783930701.1,20309,32624,589,314.0,72.0,2789.0
1783930701.7,20309,32624,601,301.0,72.0,2737.0
1783930702.3,20309,32624,601,179.0,72.0,2626.0
1783930702.9,20309,32624,601,345.0,72.0,2951.0
1783930703.5,20309,32624,601,322.0,72.0,2826.0
1783930704.1,20309,32624,601,333.0,72.0,2728.0
1783930704.7,20309,32624,601,284.0,72.0,2886.0
1783930705.3,20309,32624,601,325.0,72.0,2820.0
1783930705.9,20309,32624,601,319.0,72.0,2750.0
1783930706.5,20309,32624,601,336.0,72.0,2731.0
1783930707.1,20309,32624,601,221.0,72.0,2774.0
1783930707.6,20309,32624,601,315.0,72.0,2781.0
1783930708.2,20309,32624,601,305.0,72.0,2726.0
1783930708.8,20309,32624,601,295.0,72.0,2758.0
1783930709.4,20309,32624,601,247.0,72.0,2604.0
1783930710.0,20309,32624,601,299.0,72.0,2906.0
1783930710.6,20309,32624,601,321.0,72.0,2793.0
1783930711.2,20309,32624,601,313.0,72.0,2777.0
1783930711.8,20309,32624,594,43.0,71.0,0.0
1783930712.4,20309,32624,589,332.0,71.0,2879.0
1783930713.0,20309,32624,589,224.0,72.0,2581.0
1783930713.6,20309,32624,589,328.0,72.0,2837.0
1783930714.2,20309,32624,589,300.0,72.0,2743.0
1783930714.7,20309,32624,589,215.0,72.0,2641.0
1783930715.3,20309,32624,589,364.0,72.0,2950.0
1783930715.9,20309,32624,589,319.0,72.0,2783.0
1783930716.5,20309,32624,601,327.0,72.0,2737.0
1783930717.1,20309,32624,601,352.0,72.0,2845.0
1783930717.7,20309,32624,601,303.0,72.0,2724.0
1783930718.3,20309,32624,601,212.0,72.0,2764.0
1783930718.9,20309,32624,601,345.0,72.0,2887.0
1783930719.5,20309,32624,601,304.0,72.0,2744.0
1783930720.1,20309,32624,601,229.0,72.0,2735.0
1783930720.7,20309,32624,601,335.0,72.0,2879.0
1783930721.3,20309,32624,601,307.0,72.0,2758.0
1783930721.8,20309,32624,601,239.0,72.0,2751.0
1783930722.4,20309,32624,601,325.0,72.0,2816.0
1783930723.0,20309,32624,601,303.0,72.0,2749.0
1783930723.6,20309,32624,601,260.0,72.0,2825.0
1783930724.2,20309,32624,601,297.0,72.0,2761.0
1783930724.8,20309,32624,601,299.0,72.0,2749.0
1783930725.4,20309,32624,601,198.0,72.0,2770.0
1783930726.0,20309,32624,601,325.0,72.0,2836.0
1783930726.6,20309,32624,601,307.0,72.0,2759.0
1783930727.2,20309,32624,601,321.0,72.0,2676.0
1783930727.8,20309,32624,589,274.0,72.0,2946.0
1783930728.4,20309,32624,589,318.0,72.0,2789.0
1783930728.9,20309,32624,589,285.0,72.0,2699.0
1783930729.5,20309,32624,589,239.0,72.0,2857.0
1783930730.1,20309,32624,589,324.0,72.0,2806.0
1783930730.7,20309,32624,589,327.0,72.0,2720.0
1783930731.3,20309,32624,589,310.0,72.0,2853.0
1783930731.9,20309,32624,601,309.0,72.0,2783.0
1783930732.5,20309,32624,601,302.0,72.0,2757.0
1783930733.1,20309,32624,601,203.0,72.0,2611.0
1783930733.7,20309,32624,601,307.0,72.0,2802.0
1783930734.3,20309,32624,601,306.0,72.0,2750.0
1783930734.9,20309,32624,601,336.0,72.0,2690.0
1783930735.5,20309,32624,601,350.0,72.0,2943.0
1783930736.0,20309,32624,601,294.0,72.0,2729.0
1783930736.6,20309,32624,601,290.0,72.0,2698.0
1783930737.2,20309,32624,601,221.0,72.0,2647.0
1783930737.8,20309,32624,601,310.0,72.0,2828.0
1783930738.4,20309,32624,601,321.0,72.0,2803.0
1783930739.0,20309,32624,601,333.0,72.0,2698.0
1783930739.6,20309,32624,601,299.0,72.0,2852.0
1783930740.2,20309,32624,601,340.0,72.0,2866.0
1783930740.8,20309,32624,601,316.0,72.0,2776.0
1783930741.4,20309,32624,601,269.0,72.0,2713.0
1783930742.0,20309,32624,601,302.0,72.0,2930.0
1783930742.5,20309,32624,589,323.0,72.0,2802.0
1783930743.1,20309,32624,588,187.0,72.0,2644.0
1783930743.7,20309,32624,588,347.0,72.0,2922.0
1783930744.3,20309,32624,588,319.0,72.0,2778.0
1783930744.9,20309,32624,588,316.0,72.0,2762.0
1783930745.5,20309,32624,588,210.0,72.0,2778.0
1783930746.1,20309,32624,588,333.0,73.0,2856.0
1783930746.7,20309,32624,601,326.0,72.0,2797.0
1783930747.3,20309,32624,601,312.0,72.0,2738.0
1783930747.9,20309,32624,601,224.0,72.0,2605.0
1783930748.5,20309,32624,594,211.0,70.0,2760.0
1783930749.1,20309,32624,594,231.0,72.0,2903.0
1783930749.7,20309,32624,594,329.0,72.0,2875.0
1783930750.3,20309,32624,594,292.0,72.0,2706.0
1783930750.8,20309,32624,594,284.0,72.0,2943.0
1783930751.4,20309,32624,594,317.0,72.0,2771.0
1783930752.0,20309,32624,594,254.0,72.0,2662.0
1783930752.6,20309,32624,594,304.0,72.0,2772.0
1783930753.2,20309,32624,594,325.0,72.0,2740.0
1783930753.8,20309,32624,594,325.0,72.0,2846.0
1783930754.4,20309,32624,594,311.0,72.0,2757.0
1783930755.0,20309,32624,594,273.0,72.0,2654.0
1783930755.6,20309,32624,594,336.0,72.0,2887.0
1783930756.2,20309,32624,594,298.0,72.0,2739.0
1783930756.8,20309,32624,594,248.0,72.0,2776.0
1783930757.4,20309,32624,589,336.0,72.0,2895.0
1783930757.9,20309,32624,589,295.0,72.0,2736.0
1783930758.5,20309,32624,589,300.0,72.0,2609.0
1783930759.1,20309,32624,589,327.0,72.0,2855.0
1783930759.7,20309,32624,589,294.0,72.0,2702.0
1783930760.3,20309,32624,589,284.0,72.0,2922.0
1783930760.9,20309,32624,589,317.0,72.0,2774.0
1783930761.5,20309,32624,601,308.0,72.0,2720.0
1783930762.1,20309,32624,601,267.0,72.0,2835.0
1783930762.7,20309,32624,601,309.0,72.0,2760.0
1783930763.3,20309,32624,601,289.0,72.0,2714.0
1783930763.9,20309,32624,601,323.0,72.0,2848.0
1783930764.4,20309,32624,601,321.0,72.0,2764.0
1783930765.0,20309,32624,601,291.0,72.0,2599.0
1783930765.6,20309,32624,601,309.0,72.0,2857.0
1783930766.2,20309,32624,601,315.0,72.0,2752.0
1783930766.8,20309,32624,601,295.0,72.0,2688.0
1783930767.4,20309,32624,601,287.0,72.0,2868.0
1783930768.0,20309,32624,601,320.0,72.0,2779.0
1783930768.6,20309,32624,594,71.0,71.0,3007.0
1783930769.2,20309,32624,594,348.0,71.0,2870.0
1783930769.8,20309,32624,594,248.0,72.0,2790.0
1783930770.4,20309,32624,594,310.0,72.0,2815.0
1783930771.0,20309,32624,594,328.0,72.0,2745.0
1783930771.5,20309,32624,594,318.0,72.0,2867.0
1783930772.1,20309,32624,594,294.0,72.0,2734.0
1783930772.7,20309,32624,589,304.0,72.0,2723.0
1783930773.3,20309,32624,589,272.0,72.0,2884.0
1783930773.9,20309,32624,589,303.0,72.0,2785.0
1783930774.5,20309,32624,589,303.0,72.0,2665.0
1783930775.1,20309,32624,589,290.0,72.0,2892.0
1783930775.7,20309,32624,589,313.0,72.0,2759.0
1783930776.3,20309,32624,589,197.0,72.0,2553.0
1783930776.9,20309,32624,601,336.0,72.0,2863.0
1783930777.5,20309,32624,601,319.0,72.0,2785.0
1783930778.0,20309,32624,601,322.0,72.0,2724.0
1783930778.6,20309,32624,601,272.0,72.0,2861.0
1783930779.2,20309,32624,601,325.0,72.0,2854.0
1783930779.8,20309,32624,601,329.0,72.0,2727.0
1783930780.4,20309,32624,601,348.0,72.0,2910.0
1783930781.0,20309,32624,601,315.0,72.0,2771.0
1783930781.6,20309,32624,601,235.0,72.0,2627.0
1783930782.2,20309,32624,601,322.0,72.0,2842.0
1783930782.8,20309,32624,601,307.0,72.0,2756.0
1783930783.4,20309,32624,601,259.0,72.0,2811.0
1783930784.0,20309,32624,601,327.0,72.0,2833.0
1783930784.5,20309,32624,601,294.0,72.0,2676.0
1783930785.1,20309,32624,601,195.0,72.0,2770.0
1783930785.7,20309,32624,601,321.0,72.0,2874.0
1783930786.3,20309,32624,601,300.0,72.0,2747.0
1783930786.9,20309,32624,601,246.0,72.0,2761.0
1783930787.5,20309,32624,589,313.0,73.0,2766.0
1783930788.1,20309,32624,589,287.0,72.0,2709.0
1783930788.7,20309,32624,589,335.0,73.0,2655.0
1783930789.3,20309,32624,589,324.0,72.0,2842.0
1783930789.9,20309,32624,589,325.0,73.0,2826.0
1783930790.5,20309,32624,589,304.0,73.0,2732.0
1783930791.0,20309,32624,589,274.0,73.0,2647.0
1783930791.6,20309,32624,601,305.0,73.0,2882.0
1783930792.2,20309,32624,601,330.0,73.0,2816.0
1783930792.8,20309,32624,601,312.0,73.0,2724.0
1783930793.4,20309,32624,601,156.0,73.0,2937.0
1783930794.0,20309,32624,601,309.0,73.0,2796.0
1783930794.6,20309,32624,601,310.0,73.0,2745.0
1783930795.2,20309,32624,601,190.0,73.0,2703.0
1783930795.8,20309,32624,601,323.0,73.0,2812.0
1783930796.4,20309,32624,601,300.0,73.0,2698.0
1783930797.0,20309,32624,601,293.0,72.0,2747.0
1783930797.5,20309,32624,601,261.0,73.0,2834.0
1783930798.1,20309,32624,601,321.0,73.0,2851.0
1783930798.7,20309,32624,601,311.0,73.0,2774.0
1783930799.3,20309,32624,594,46.0,73.0,0.0
1783930799.9,20309,32624,594,225.0,71.0,2679.0
1783930800.5,20309,32624,594,322.0,72.0,2820.0
1783930801.1,20309,32624,594,315.0,72.0,2747.0
1783930801.7,20309,32624,594,325.0,72.0,2721.0
1783930802.3,20309,32624,594,330.0,72.0,2857.0
1783930802.9,20309,32624,589,308.0,72.0,2776.0
1783930803.5,20309,32624,589,172.0,72.0,2658.0
1783930804.0,20309,32624,589,308.0,72.0,2753.0
1783930804.6,20309,32624,589,317.0,72.0,2672.0
1783930805.2,20309,32624,589,347.0,72.0,2877.0
1783930805.8,20309,32624,589,312.0,73.0,2775.0
1783930806.4,20309,32624,601,300.0,73.0,2672.0
1783930807.0,20309,32624,601,338.0,73.0,2835.0
1783930807.6,20309,32624,601,285.0,73.0,2686.0
1783930808.2,20309,32624,601,279.0,73.0,2924.0
1783930808.8,20309,32624,601,319.0,73.0,2773.0
1783930809.4,20309,32624,601,333.0,72.0,2718.0
1783930810.0,20309,32624,601,278.0,72.0,2874.0
1783930810.5,20309,32624,601,312.0,72.0,2793.0
1783930811.1,20309,32624,601,311.0,73.0,2695.0
1783930811.7,20309,32624,601,303.0,72.0,2890.0
1783930812.3,20309,32624,601,305.0,72.0,2749.0
1783930812.9,20309,32624,601,313.0,72.0,2697.0
1783930813.5,20309,32624,601,284.0,73.0,2952.0
1783930814.1,20309,32624,601,311.0,72.0,2792.0
1783930814.7,20309,32624,601,308.0,73.0,2743.0
1783930815.3,20309,32624,601,222.0,73.0,2565.0
1783930815.9,20309,32624,601,326.0,72.0,2874.0
1783930816.5,20309,32624,601,306.0,73.0,2753.0
1783930817.1,20309,32624,601,295.0,73.0,2705.0
1783930817.6,20309,32624,589,225.0,73.0,2898.0
1783930818.2,20309,32624,589,306.0,73.0,2777.0
1783930818.8,20309,32624,589,313.0,73.0,2774.0
1783930819.4,20309,32624,589,197.0,73.0,2773.0
1783930820.0,20309,32624,589,335.0,72.0,2899.0
1783930820.6,20309,32624,589,316.0,73.0,2784.0
1783930821.2,20309,32624,589,304.0,73.0,2736.0
1783930821.8,20309,32624,601,195.0,73.0,2748.0
1783930822.4,20309,32624,601,303.0,73.0,2810.0
1783930823.0,20309,32624,601,311.0,73.0,2775.0
1783930823.6,20309,32624,601,213.0,73.0,2617.0
1783930824.2,20309,32624,601,325.0,73.0,2789.0
1783930824.7,20309,32624,601,317.0,73.0,2763.0
1783930825.3,20309,32624,601,309.0,73.0,2744.0
1783930825.9,20309,32624,601,182.0,73.0,2622.0
1783930826.5,20309,32624,601,329.0,73.0,2841.0
1783930827.1,20309,32624,594,46.0,73.0,0.0
1783930827.7,20315,32624,594,64.0,72.0,102.0
1783930828.3,20315,32624,594,305.0,72.0,2746.0
1783930828.9,20315,32624,594,271.0,72.0,2853.0
1783930829.5,20315,32624,594,300.0,72.0,2773.0
1783930830.1,20315,32624,594,306.0,72.0,2754.0
1783930830.7,20315,32624,594,287.0,72.0,2895.0
1783930831.2,20315,32624,594,314.0,72.0,2765.0
1783930831.8,20315,32624,594,294.0,72.0,2714.0
1783930832.4,20315,32624,589,323.0,72.0,2888.0
1783930833.0,20315,32624,589,317.0,72.0,2821.0
1783930833.6,20315,32624,589,346.0,72.0,2717.0
1783930834.2,20315,32624,589,310.0,72.0,2793.0
1783930834.8,20315,32624,589,311.0,72.0,2743.0
1783930835.4,20315,32624,589,287.0,72.0,2928.0
1783930836.0,20315,32624,589,310.0,72.0,2772.0
1783930836.6,20315,32624,601,305.0,72.0,2689.0
1783930837.1,20315,32624,601,263.0,72.0,2852.0
1783930837.7,20315,32624,601,335.0,72.0,2853.0
1783930838.3,20315,32624,601,304.0,72.0,2741.0
1783930838.9,20315,32624,601,210.0,72.0,2855.0
1783930839.5,20315,32624,601,334.0,72.0,2888.0
1783930840.1,20315,32624,601,297.0,72.0,2765.0
1783930840.7,20315,32624,601,194.0,73.0,2735.0
1783930841.3,20315,32624,601,327.0,72.0,2802.0
1783930841.9,20315,32624,601,299.0,72.0,2721.0
1783930842.5,20315,32624,601,278.0,72.0,2674.0
1783930843.1,20315,32624,601,321.0,73.0,2878.0
1783930843.6,20315,32624,601,306.0,73.0,2757.0
1783930844.2,20315,32624,601,309.0,73.0,2746.0
1783930844.8,20315,32624,601,256.0,73.0,2819.0
1783930845.4,20315,32624,601,307.0,72.0,2797.0
1783930846.0,20315,32624,601,314.0,72.0,2770.0
1783930846.6,20315,32624,601,228.0,73.0,2768.0
1783930847.2,20315,32624,601,313.0,73.0,2769.0
1783930847.8,20315,32624,589,303.0,72.0,2737.0
1783930848.4,20315,32624,589,297.0,72.0,2733.0
1783930849.0,20315,32624,589,246.0,73.0,2758.0
1783930849.6,20315,32624,589,320.0,73.0,2795.0
1783930850.1,20315,32624,589,312.0,72.0,2770.0
1783930850.7,20315,32624,589,296.0,72.0,2662.0
1783930851.3,20315,32624,589,290.0,73.0,2861.0
1783930851.9,20315,32624,601,312.0,72.0,2754.0
1783930852.5,20315,32624,601,300.0,72.0,2753.0
1783930853.1,20315,32624,601,268.0,73.0,2768.0
1783930853.7,20315,32624,601,291.0,73.0,2724.0
1783930854.3,20315,32624,601,315.0,72.0,2727.0
1783930854.9,20315,32624,601,207.0,73.0,2689.0
1783930855.5,20315,32624,601,355.0,72.0,2908.0
1783930856.1,20315,32624,601,305.0,72.0,2808.0
1783930856.6,20315,32624,601,303.0,73.0,2678.0
1783930857.2,20315,32624,601,264.0,73.0,2671.0
1783930857.8,20315,32624,601,356.0,73.0,2923.0
1783930858.4,20315,32624,601,309.0,73.0,2742.0
1783930859.0,20315,32624,594,65.0,71.0,123.0
1783930859.6,20315,32624,594,311.0,72.0,2744.0
1783930860.2,20315,32624,594,330.0,72.0,2713.0
1783930860.8,20315,32624,594,341.0,72.0,2902.0
1783930861.4,20315,32624,594,313.0,72.0,2780.0
1783930862.0,20315,32624,594,313.0,72.0,2663.0
1783930862.6,20315,32624,589,311.0,72.0,2793.0
1783930863.1,20315,32624,589,302.0,72.0,2728.0
1783930863.7,20315,32624,589,284.0,72.0,2877.0
1783930864.3,20315,32624,589,313.0,72.0,2777.0
1783930864.9,20315,32624,589,210.0,72.0,2674.0
1783930865.5,20315,32624,589,355.0,72.0,3013.0
1783930866.1,20315,32624,589,318.0,72.0,2738.0
1783930866.7,20315,32624,601,261.0,72.0,2821.0
1783930867.3,20315,32624,601,320.0,73.0,2827.0
1783930867.9,20315,32624,601,312.0,72.0,2727.0
1783930868.5,20315,32624,601,271.0,72.0,2862.0
1783930869.1,20315,32624,601,310.0,72.0,2769.0
1783930869.7,20315,32624,601,306.0,72.0,2734.0
1783930870.3,20315,32624,601,292.0,72.0,2909.0
1783930870.8,20315,32624,601,300.0,72.0,2701.0
1783930871.4,20315,32624,601,253.0,72.0,2684.0
1783930872.0,20315,32624,601,313.0,72.0,2806.0
1783930872.6,20315,32624,601,311.0,72.0,2790.0
1783930873.2,20315,32624,601,158.0,73.0,2613.0
1783930873.8,20319,32624,605,292.0,73.0,2892.0
1783930874.4,20319,32624,605,313.0,73.0,2792.0
1783930875.0,20319,32624,605,312.0,73.0,2751.0
1783930875.6,20319,32624,603,275.0,73.0,2803.0
1783930876.2,20319,32624,603,308.0,73.0,2808.0
1783930876.8,20319,32624,603,317.0,73.0,2797.0
1783930877.3,20319,32624,603,340.0,73.0,2689.0
1783930877.9,20319,32624,590,350.0,73.0,2888.0
1783930878.5,20319,32624,590,310.0,73.0,2780.0
1783930879.1,20319,32624,590,233.0,73.0,2576.0
1783930879.7,20319,32624,590,334.0,73.0,2904.0
1783930880.3,20319,32624,590,304.0,73.0,2751.0
1783930880.9,20319,32624,590,310.0,73.0,2718.0
1783930881.5,20319,32624,601,308.0,73.0,2818.0
1783930882.1,20319,32624,601,305.0,73.0,2730.0
1783930882.7,20319,32624,601,301.0,73.0,2738.0
1783930883.3,20319,32624,601,207.0,73.0,2804.0
1783930883.8,20319,32624,601,312.0,73.0,2828.0
1783930884.4,20319,32624,601,317.0,73.0,2801.0
1783930885.0,20319,32624,601,299.0,73.0,2726.0
1783930885.6,20319,32624,601,217.0,73.0,2612.0
1783930886.2,20319,32624,601,333.0,73.0,2820.0
1783930886.8,20319,32624,601,320.0,73.0,2802.0
1783930887.4,20319,32624,601,312.0,73.0,2753.0
1783930888.0,20319,32624,594,46.0,73.0,0.0
1783930888.6,20319,32624,594,197.0,71.0,2002.0
1783930889.2,20319,32624,594,317.0,72.0,2773.0
1783930889.7,20319,32624,594,301.0,72.0,2732.0
1783930890.3,20319,32624,594,264.0,72.0,2850.0
1783930890.9,20319,32624,594,314.0,72.0,2782.0
1783930891.5,20319,32624,594,330.0,72.0,2734.0
1783930892.1,20319,32624,594,348.0,73.0,2867.0
1783930892.7,20319,32624,589,305.0,72.0,2742.0
1783930893.3,20319,32624,589,262.0,72.0,2814.0
1783930893.9,20319,32624,589,313.0,72.0,2761.0
1783930894.5,20319,32624,589,312.0,72.0,2753.0
1783930895.1,20319,32624,589,276.0,72.0,2849.0
1783930895.6,20319,32624,589,309.0,72.0,2727.0
1783930896.2,20319,32624,589,278.0,72.0,2676.0
1783930896.8,20319,32624,601,342.0,72.0,2857.0
1783930897.4,20319,32624,601,315.0,72.0,2764.0
1783930898.0,20319,32624,601,297.0,73.0,2650.0
1783930898.6,20319,32624,601,343.0,73.0,2859.0
1783930899.2,20319,32624,601,324.0,73.0,2752.0
1783930899.8,20319,32624,601,323.0,73.0,2698.0
1783930900.4,20319,32624,601,340.0,73.0,2930.0
1783930901.0,20319,32624,601,307.0,72.0,2787.0
1783930901.5,20319,32624,601,330.0,73.0,2710.0
1783930902.1,20319,32624,601,271.0,73.0,2878.0
1783930902.7,20319,32624,601,318.0,72.0,2766.0
1783930903.3,20319,32624,601,306.0,72.0,2727.0
1783930903.9,20319,32624,601,259.0,73.0,2837.0
1783930904.5,20319,32624,601,310.0,73.0,2778.0
1783930905.1,20319,32624,601,320.0,72.0,2742.0
1783930905.7,20319,32624,601,196.0,73.0,2630.0
1783930906.3,20319,32624,601,319.0,73.0,2824.0
1783930906.9,20319,32624,601,314.0,73.0,2731.0
1783930907.5,20319,32624,589,167.0,73.0,2764.0
1783930908.1,20319,32624,589,321.0,73.0,2802.0
1783930908.6,20319,32624,589,306.0,73.0,2746.0
1783930909.2,20319,32624,589,225.0,73.0,2793.0
1783930909.8,20319,32624,589,319.0,73.0,2824.0
1783930910.4,20319,32624,589,297.0,73.0,2727.0
1783930911.0,20319,32624,589,342.0,73.0,2742.0
1783930911.6,20319,32624,601,263.0,73.0,2892.0
1783930912.2,20319,32624,601,314.0,73.0,2763.0
1783930912.8,20319,32624,601,295.0,73.0,2721.0
1783930913.4,20319,32624,601,227.0,73.0,2841.0
1783930914.0,20319,32624,594,220.0,71.0,2705.0
1783930914.6,20319,32624,594,276.0,72.0,2663.0
1783930915.1,20319,32624,594,101.0,72.0,2811.0
1783930915.7,20319,32624,594,333.0,72.0,2850.0
1783930916.3,20319,32624,594,313.0,72.0,2713.0
1783930916.9,20319,32624,594,254.0,72.0,2798.0
1783930917.5,20319,32624,594,301.0,72.0,2774.0
1783930918.1,20319,32624,594,346.0,72.0,2742.0
1783930918.7,20319,32624,594,343.0,72.0,2859.0
1783930919.3,20319,32624,594,299.0,72.0,2709.0
1783930919.9,20319,32624,594,199.0,72.0,2788.0
1783930920.5,20319,32624,594,322.0,73.0,2760.0
1783930921.1,20319,32624,594,285.0,72.0,2713.0
1783930921.6,20319,32624,594,300.0,72.0,2859.0
1783930922.2,20319,32624,594,313.0,73.0,2784.0
1783930922.8,20319,32624,589,197.0,73.0,2670.0
1783930923.4,20319,32624,589,321.0,73.0,2842.0
1783930924.0,20319,32624,589,298.0,73.0,2734.0
1783930924.6,20319,32624,589,256.0,73.0,2748.0
1783930925.2,20319,32624,589,314.0,72.0,2797.0
1783930925.8,20319,32624,589,308.0,73.0,2758.0
1783930926.4,20319,32624,601,278.0,73.0,2947.0
1783930927.0,20319,32624,601,321.0,73.0,2836.0
1783930927.6,20319,32624,601,300.0,73.0,2722.0
1783930928.1,20319,32624,601,250.0,73.0,2657.0
1783930928.7,20319,32624,601,320.0,73.0,2803.0
1783930929.3,20319,32624,601,326.0,73.0,2796.0
1783930929.9,20323,32624,603,273.0,73.0,2628.0
1783930930.5,20323,32624,603,324.0,73.0,2826.0
1783930931.1,20323,32624,603,285.0,73.0,2691.0
1783930931.7,20323,32624,603,195.0,73.0,2743.0
1783930932.3,20323,32624,603,319.0,73.0,2794.0
1783930932.9,20323,32624,603,304.0,73.0,2725.0
1783930933.5,20323,32624,603,268.0,72.0,2749.0
1783930934.1,20323,32624,603,326.0,73.0,2843.0
1783930934.7,20323,32624,603,294.0,73.0,2724.0
1783930935.3,20323,32624,601,273.0,73.0,2838.0
1783930935.8,20323,32624,601,327.0,73.0,2864.0
1783930936.4,20323,32624,601,299.0,73.0,2709.0
1783930937.0,20323,32624,601,233.0,73.0,2712.0
1783930937.6,20323,32624,589,327.0,73.0,2989.0
1783930938.2,20323,32624,589,306.0,73.0,2769.0
1783930938.8,20323,32624,589,291.0,73.0,2690.0
1783930939.4,20323,32624,589,271.0,73.0,2875.0
1783930940.0,20323,32624,589,306.0,73.0,2763.0
1783930940.6,20323,32624,589,309.0,73.0,2731.0
1783930941.2,20323,32624,589,294.0,73.0,3018.0
1783930941.8,20323,32624,603,315.0,73.0,2797.0
1783930942.3,20323,32624,603,309.0,73.0,2756.0
1783930942.9,20323,32624,603,308.0,73.0,2696.0
1783930943.5,20323,32624,603,293.0,73.0,2769.0
1783930944.1,20323,32624,603,307.0,73.0,2728.0
1783930944.7,20323,32624,603,317.0,73.0,2716.0
1783930945.3,20323,32624,603,252.0,73.0,2721.0
1783930945.9,20323,32624,603,319.0,73.0,2759.0
1783930946.5,20323,32624,603,257.0,73.0,2708.0
1783930947.1,20323,32624,603,265.0,73.0,2804.0
1783930947.7,20323,32624,603,299.0,73.0,2769.0
1783930948.3,20323,32624,603,306.0,73.0,2736.0
1783930948.8,20323,32624,603,158.0,73.0,2629.0
1783930949.4,20323,32624,603,321.0,73.0,2917.0
1783930950.0,20323,32624,603,309.0,73.0,2753.0
1783930950.6,20323,32624,603,322.0,73.0,2751.0
1783930951.2,20323,32624,603,274.0,73.0,2830.0
1783930951.8,20323,32624,603,323.0,73.0,2845.0
1783930952.4,20323,32624,591,309.0,73.0,2751.0
1783930953.0,20323,32624,591,334.0,73.0,2665.0
1783930953.6,20323,32624,591,357.0,73.0,2855.0
1783930954.2,20323,32624,591,312.0,73.0,2727.0
1783930954.7,20323,32624,591,301.0,73.0,2723.0
1783930955.3,20323,32624,591,197.0,73.0,2639.0
1783930955.9,20323,32624,591,312.0,73.0,2790.0
1783930956.5,20323,32624,603,307.0,73.0,2746.0
1783930957.1,20323,32624,603,311.0,73.0,2749.0
1783930957.7,20323,32624,603,313.0,73.0,2738.0
1783930958.3,20323,32624,603,283.0,73.0,2916.0
1783930958.9,20323,32624,603,326.0,73.0,2837.0
1783930959.5,20323,32624,603,315.0,73.0,2800.0
1783930960.1,20323,32624,603,311.0,73.0,2686.0
1783930960.7,20323,32624,603,215.0,73.0,2794.0
1783930961.2,20323,32624,603,335.0,73.0,2906.0
1783930961.8,20323,32624,603,319.0,73.0,2811.0
1783930962.4,20323,32624,603,313.0,73.0,2764.0
1783930963.0,20323,32624,603,348.0,73.0,2709.0
1783930963.6,20323,32624,603,298.0,73.0,2953.0
1783930964.2,20323,32624,603,336.0,73.0,2824.0
1783930964.8,20323,32624,596,236.0,71.0,2853.0
1783930965.4,20323,32624,596,298.0,72.0,2713.0
1783930966.0,20323,32624,596,268.0,72.0,2811.0
1783930966.6,20323,32624,596,307.0,72.0,2793.0
1783930967.2,20323,32624,596,311.0,73.0,2746.0
1783930967.7,20323,32624,592,181.0,73.0,2771.0
1783930968.3,20323,32624,592,321.0,73.0,2804.0
1783930968.9,20323,32624,592,311.0,73.0,2739.0
1783930969.5,20323,32624,592,284.0,73.0,2865.0
1783930970.1,20323,32624,592,311.0,73.0,2743.0
1783930970.7,20323,32624,592,282.0,73.0,2666.0
1783930971.3,20323,32624,592,318.0,73.0,2779.0
1783930971.9,20323,32624,603,318.0,73.0,2649.0
1783930972.5,20323,32624,603,329.0,73.0,2873.0
1783930973.1,20323,32624,603,304.0,73.0,2721.0
1783930973.7,20323,32624,603,258.0,73.0,2842.0
1783930974.3,20323,32624,603,315.0,73.0,2798.0
1783930974.9,20323,32624,603,230.0,73.0,2834.0
1783930975.4,20323,32624,603,321.0,73.0,2831.0
1783930976.0,20323,32624,603,281.0,73.0,2718.0
1783930976.6,20323,32624,603,315.0,73.0,2819.0
1783930977.2,20323,32624,603,314.0,73.0,2766.0
1783930977.8,20323,32624,603,263.0,73.0,2899.0
1783930978.4,20323,32624,603,325.0,73.0,2810.0
1783930979.0,20323,32624,603,316.0,73.0,2667.0
1783930979.6,20323,32624,603,316.0,73.0,2823.0
1783930980.2,20323,32624,603,305.0,73.0,2747.0
1783930980.8,20323,32624,603,295.0,73.0,2824.0
1783930981.4,20323,32624,603,313.0,73.0,2776.0
1783930981.9,20323,32624,603,293.0,73.0,2681.0
1783930982.5,20323,32624,592,326.0,73.0,2896.0
1783930983.1,20323,32624,592,306.0,73.0,2760.0
1783930983.7,20323,32624,592,286.0,73.0,2730.0
1783930984.3,20323,32624,592,294.0,73.0,2922.0
1783930984.9,20323,32624,592,318.0,73.0,2780.0
1783930985.5,20323,32624,592,293.0,73.0,2701.0
1783930986.1,20323,32624,592,251.0,73.0,2812.0
1783930986.7,20323,32624,603,313.0,73.0,2762.0
1783930987.3,20323,32624,603,279.0,73.0,2694.0
1783930987.9,20323,32624,603,338.0,73.0,2875.0
1783930988.5,20323,32624,603,308.0,73.0,2771.0
1783930989.1,20323,32624,603,271.0,73.0,2841.0
1783930989.6,20323,32624,603,317.0,73.0,2770.0
1783930990.2,20323,32624,603,282.0,73.0,2681.0
1783930990.8,20323,32624,603,309.0,73.0,2794.0
1783930991.4,20323,32624,603,309.0,73.0,2709.0
1783930992.0,20323,32624,603,369.0,73.0,2754.0
1783930992.6,20323,32624,603,307.0,73.0,2913.0
1783930993.2,20323,32624,603,307.0,73.0,2766.0
1783930993.8,20323,32624,603,306.0,73.0,2738.0
1783930994.4,20323,32624,603,275.0,73.0,2852.0
1783930995.0,20323,32624,603,321.0,73.0,2829.0
1783930995.6,20323,32624,603,310.0,73.0,2729.0
1783930996.1,20323,32624,603,185.0,73.0,2619.0
1783930996.7,20323,32624,603,350.0,73.0,2900.0
1783930997.3,20323,32624,603,307.0,73.0,2738.0
1783930997.9,20323,32624,592,277.0,73.0,2656.0
1783930998.5,20323,32624,592,338.0,73.0,2882.0
1783930999.1,20323,32624,592,300.0,73.0,2708.0
1783930999.7,20323,32624,592,266.0,73.0,2650.0
1783931000.3,20323,32624,592,336.0,73.0,2820.0
1783931000.9,20323,32624,592,304.0,73.0,2740.0
1783931001.5,20323,32624,603,244.0,73.0,2547.0
1783931002.1,20323,32624,603,355.0,73.0,2888.0
1783931002.6,20323,32624,603,295.0,73.0,2726.0
1783931003.2,20323,32624,603,360.0,73.0,2677.0
1783931003.8,20323,32624,603,268.0,73.0,2845.0
1783931004.4,20323,32624,603,311.0,73.0,2737.0
1783931005.0,20323,32624,603,299.0,73.0,2722.0
1783931005.6,20323,32624,603,284.0,73.0,2843.0
1783931006.2,20323,32624,603,304.0,73.0,2757.0
1783931006.8,20323,32624,603,310.0,73.0,2757.0
1783931007.4,20323,32624,603,260.0,73.0,2716.0
1783931008.0,20323,32624,603,308.0,73.0,2698.0
1783931008.6,20323,32624,603,328.0,73.0,2851.0
1783931009.1,20323,32624,603,298.0,73.0,2763.0
1783931009.7,20323,32624,603,334.0,73.0,2822.0
1783931010.3,20323,32624,603,326.0,73.0,2770.0
1783931010.9,20323,32624,603,315.0,73.0,2715.0
1783931011.5,20323,32624,603,256.0,73.0,2809.0
1783931012.1,20323,32624,603,314.0,73.0,2830.0
1783931012.7,20323,32624,592,304.0,73.0,2793.0
1783931013.3,20323,32624,592,315.0,73.0,2771.0
1783931013.9,20323,32624,592,272.0,73.0,2707.0
1783931014.5,20323,32624,592,280.0,73.0,3001.0
1783931015.1,20323,32624,592,317.0,73.0,2797.0
1783931015.7,20323,32624,592,318.0,73.0,2768.0
1783931016.3,20323,32624,592,333.0,73.0,2722.0
1783931016.8,20323,32624,603,357.0,73.0,2720.0
1783931017.4,20323,32624,603,263.0,73.0,2842.0
1783931018.0,20323,32624,603,320.0,73.0,2820.0
1783931018.6,20323,32624,603,299.0,73.0,2775.0
1783931019.2,20323,32624,603,279.0,73.0,2699.0
1783931019.8,20323,32624,603,269.0,73.0,2811.0
1783931020.4,20323,32624,603,336.0,73.0,2935.0
1783931021.0,20323,32624,603,301.0,73.0,2738.0
1783931021.6,20324,32624,596,240.0,71.0,2643.0
1783931022.2,20324,32624,596,332.0,72.0,2914.0
1783931022.8,20324,32624,596,308.0,72.0,2793.0
1783931023.4,20324,32624,596,344.0,72.0,2637.0
1783931023.9,20324,32624,596,317.0,72.0,2844.0
1783931024.5,20324,32624,596,314.0,72.0,2747.0
1783931025.1,20324,32624,596,287.0,72.0,2877.0
1783931025.7,20324,32624,596,298.0,72.0,2713.0
1783931026.3,20324,32624,596,258.0,73.0,2669.0
1783931026.9,20324,32624,596,350.0,72.0,2918.0
1783931027.5,20324,32624,592,319.0,72.0,2784.0
1783931028.1,20324,32624,592,338.0,73.0,2648.0
1783931028.7,20324,32624,592,293.0,73.0,2829.0
1783931029.3,20324,32624,592,308.0,73.0,2784.0
1783931029.8,20324,32624,592,305.0,72.0,2737.0
1783931030.4,20324,32624,592,263.0,73.0,2787.0
1783931031.0,20324,32624,592,317.0,72.0,2799.0
1783931031.6,20324,32624,604,305.0,73.0,2725.0
1783931032.2,20324,32624,604,271.0,72.0,2739.0
1783931032.8,20324,32624,604,314.0,73.0,2789.0
1783931033.4,20324,32624,604,300.0,72.0,2761.0
1783931034.0,20324,32624,604,254.0,72.0,2826.0
1783931034.6,20324,32624,604,316.0,73.0,2814.0
1783931035.2,20324,32624,604,306.0,73.0,2751.0
1783931035.7,20324,32624,604,261.0,73.0,2886.0
1783931036.3,20324,32624,604,316.0,73.0,2784.0
1783931036.9,20324,32624,604,321.0,73.0,2700.0
1783931037.5,20324,32624,604,283.0,73.0,2889.0
1783931038.1,20324,32624,604,319.0,73.0,2779.0
1783931038.7,20324,32624,604,305.0,73.0,2729.0
1783931039.3,20324,32624,604,195.0,72.0,2660.0
1783931039.9,20324,32624,604,336.0,73.0,2858.0
1783931040.5,20324,32624,604,295.0,73.0,2715.0
1783931041.1,20324,32624,604,252.0,73.0,2715.0
1783931041.6,20324,32624,604,316.0,72.0,2833.0
1783931042.2,20324,32624,604,319.0,73.0,2775.0
1783931042.8,20324,32624,592,308.0,73.0,2754.0
1783931043.4,20324,32624,592,257.0,73.0,2788.0
1783931044.0,20324,32624,592,323.0,73.0,2794.0
1783931044.6,20324,32624,592,306.0,73.0,2700.0
1783931045.2,20326,32624,600,254.0,73.0,2601.0
1783931045.8,20326,32624,600,289.0,73.0,2797.0
1783931046.4,20326,32624,600,316.0,73.0,2840.0
1783931047.0,20326,32624,612,317.0,73.0,2734.0
1783931047.6,20324,32624,612,235.0,72.0,2678.0
1783931048.2,20324,32624,612,306.0,73.0,2706.0
1783931048.7,20324,32624,612,301.0,73.0,2729.0
1783931049.3,20324,32624,612,261.0,73.0,2787.0
1783931049.9,20324,32624,612,330.0,72.0,2796.0
1783931050.5,20324,32624,612,305.0,72.0,2774.0
1783931051.1,20324,32624,612,202.0,73.0,2783.0
1783931051.7,20324,32624,612,287.0,72.0,2978.0
1783931052.3,20324,32624,612,338.0,73.0,2929.0
1783931052.9,20324,32624,612,298.0,73.0,2710.0
1783931053.5,20329,32624,614,279.0,73.0,2899.0
1783931054.1,20329,32624,614,320.0,73.0,2880.0
1783931054.7,20329,32624,614,302.0,73.0,2756.0
1783931055.3,20329,32624,614,298.0,73.0,2634.0
1783931055.8,20329,32624,614,202.0,73.0,2638.0
1783931056.4,20329,32624,614,323.0,73.0,2886.0
1783931057.0,20329,32624,614,317.0,73.0,2795.0
1783931057.6,20329,32624,602,336.0,73.0,2695.0
1783931058.2,20329,32624,602,193.0,73.0,2668.0
1783931058.8,20329,32624,602,345.0,73.0,2879.0
1783931059.4,20329,32624,602,307.0,73.0,2749.0
1783931060.0,20329,32624,602,304.0,73.0,2762.0
1783931060.6,20329,32624,602,234.0,73.0,2615.0
1783931061.2,20329,32624,602,314.0,73.0,2839.0
1783931061.8,20329,32624,614,357.0,73.0,2966.0
1783931062.3,20329,32624,614,313.0,73.0,2773.0
1783931062.9,20329,32624,614,242.0,73.0,2604.0
1783931063.5,20329,32624,614,321.0,73.0,2814.0
1783931064.1,20329,32624,614,312.0,73.0,2730.0
1783931064.7,20329,32624,614,304.0,73.0,2748.0
1783931065.3,20329,32624,614,283.0,73.0,2636.0
1783931065.9,20329,32624,614,334.0,73.0,2829.0
1783931066.5,20329,32624,614,319.0,73.0,2801.0
1783931067.1,20329,32624,606,45.0,73.0,0.0
1783931067.7,728,32624,103,33.0,70.0,0.0
1783931068.3,715,32624,96,37.0,69.0,38.0
1783931068.8,715,32624,96,17.0,69.0,0.0
1783931069.4,715,32624,96,17.0,68.0,0.0
1783931070.0,726,32624,96,34.0,68.0,0.0
1783931070.6,726,32624,96,17.0,67.0,0.0
1783931071.2,726,32624,96,15.0,67.0,0.0
1783931071.8,726,32624,96,15.0,66.0,0.0
1783931072.4,726,32624,96,15.0,66.0,0.0
1783931073.0,726,32624,92,17.0,66.0,0.0
1783931073.6,16348,32624,92,33.0,65.0,0.0
1783931074.2,16348,32624,92,30.0,65.0,0.0
1783931074.8,16348,32624,92,30.0,65.0,0.0
1783931075.4,16339,32624,82,30.0,65.0,0.0
1783931076.0,16339,32624,82,30.0,64.0,0.0
1783931076.5,16339,32624,91,32.0,64.0,0.0
1783931077.1,20822,32624,510,56.0,64.0,0.0
1783931077.7,20310,32624,585,117.0,64.0,1706.0
1783931078.3,20312,32624,591,169.0,65.0,1681.0
1783931078.9,20312,32624,591,231.0,65.0,2580.0
1783931079.5,20312,32624,591,299.0,66.0,2786.0
1783931080.1,20312,32624,591,248.0,67.0,2813.0
1783931080.7,20312,32624,591,312.0,67.0,2824.0
1783931081.3,20312,32624,591,305.0,67.0,2778.0
1783931081.9,20312,32624,591,210.0,67.0,2829.0
1783931082.5,20312,32624,591,330.0,67.0,2834.0
1783931083.0,20312,32624,591,316.0,68.0,2770.0
1783931083.6,20312,32624,591,336.0,68.0,2905.0
1783931084.2,20312,32624,591,301.0,68.0,2777.0
1783931084.8,20312,32624,591,264.0,68.0,2719.0
1783931085.4,20312,32624,591,335.0,68.0,2951.0
1783931086.0,20312,32624,591,318.0,68.0,2804.0
1783931086.6,20312,32624,591,306.0,68.0,2717.0
1783931087.2,20312,32624,591,324.0,68.0,2833.0
1783931087.8,20312,32624,586,298.0,69.0,2744.0
1783931088.4,20312,32624,586,186.0,69.0,2785.0
1783931089.0,20312,32624,586,329.0,69.0,2862.0
1783931089.6,20312,32624,586,304.0,69.0,2786.0
1783931090.2,20312,32624,586,226.0,69.0,2820.0
1783931090.7,20312,32624,586,322.0,69.0,2895.0
1783931091.3,20312,32624,586,338.0,69.0,2892.0
1783931091.9,20312,32624,598,279.0,69.0,2709.0
1783931092.5,20312,32624,598,299.0,69.0,2964.0
1783931093.1,20312,32624,598,305.0,69.0,2745.0
1783931093.7,20312,32624,598,332.0,70.0,2772.0
1783931094.3,20312,32624,598,267.0,70.0,2854.0
1783931094.9,20312,32624,598,333.0,70.0,2836.0
1783931095.5,20312,32624,598,313.0,70.0,2800.0
1783931096.1,20312,32624,598,298.0,70.0,2746.0
1783931096.6,20312,32624,598,281.0,70.0,2871.0
1783931097.2,20312,32624,598,321.0,70.0,2815.0
1783931097.8,20312,32624,598,315.0,70.0,2723.0
1783931098.4,20312,32624,598,196.0,70.0,2735.0
1783931099.0,20312,32624,598,322.0,70.0,2846.0
1783931099.6,20312,32624,598,307.0,70.0,2767.0
1783931100.2,20312,32624,598,293.0,70.0,2765.0
1783931100.8,20313,32624,591,71.0,69.0,2713.0
1783931101.4,20313,32624,591,317.0,70.0,2927.0
1783931102.0,20313,32624,591,327.0,70.0,2786.0
1783931102.6,20313,32624,587,323.0,70.0,2726.0
1783931103.1,20313,32624,587,323.0,70.0,2945.0
1783931103.7,20313,32624,587,320.0,70.0,2803.0
1783931104.3,20313,32624,587,322.0,70.0,2738.0
1783931104.9,20313,32624,587,341.0,70.0,2913.0
1783931105.5,20313,32624,587,310.0,70.0,2783.0
1783931106.1,20313,32624,587,199.0,70.0,2749.0
1783931106.7,20313,32624,599,328.0,70.0,2905.0
1783931107.3,20313,32624,599,306.0,70.0,2776.0
1783931107.9,20313,32624,599,306.0,71.0,2714.0
1783931108.5,20313,32624,599,347.0,71.0,2868.0
1783931109.1,20313,32624,599,321.0,71.0,2800.0
1783931109.6,20313,32624,599,291.0,71.0,2679.0
1783931110.2,20313,32624,599,320.0,71.0,2947.0
1783931110.8,20313,32624,599,316.0,71.0,2777.0
1783931111.4,20313,32624,599,302.0,71.0,2748.0
1783931112.0,20313,32624,599,284.0,71.0,2855.0
1783931112.6,20313,32624,599,314.0,71.0,2821.0
1783931113.2,20313,32624,599,320.0,71.0,2798.0
1783931113.8,20313,32624,599,306.0,71.0,2757.0
1783931114.4,20313,32624,599,291.0,71.0,2900.0
1783931115.0,20313,32624,599,312.0,71.0,2834.0
1783931115.6,20313,32624,599,314.0,71.0,2738.0
1783931116.2,20313,32624,599,262.0,71.0,2702.0
1783931116.7,20313,32624,599,305.0,71.0,2893.0
1783931117.3,20313,32624,599,325.0,71.0,2846.0
1783931117.9,20313,32624,587,300.0,71.0,2757.0
1783931118.5,20313,32624,587,311.0,71.0,2728.0
1783931119.1,20313,32624,587,286.0,71.0,2914.0
1783931119.7,20313,32624,587,331.0,71.0,2874.0
1783931120.3,20313,32624,587,306.0,71.0,2759.0
1783931120.9,20313,32624,587,356.0,71.0,2704.0
1783931121.5,20313,32624,599,271.0,71.0,2938.0
1783931122.1,20313,32624,599,336.0,71.0,2889.0
1783931122.7,20313,32624,599,332.0,71.0,2890.0
1783931123.3,20313,32624,599,302.0,71.0,2747.0
1783931123.9,20313,32624,599,233.0,72.0,2584.0
1783931124.5,20313,32624,599,311.0,72.0,2858.0
1783931125.0,20313,32624,599,314.0,72.0,2773.0
1783931125.6,20313,32624,592,75.0,70.0,3114.0
1783931126.2,20313,32624,592,317.0,71.0,2804.0
1783931126.8,20313,32624,592,297.0,71.0,2889.0
1783931127.4,20313,32624,592,313.0,71.0,2752.0
1783931128.0,20313,32624,592,319.0,71.0,2736.0
1783931128.6,20313,32624,592,321.0,71.0,2916.0
1783931129.2,20313,32624,592,313.0,71.0,2758.0
1783931129.8,20313,32624,592,305.0,71.0,2700.0
1783931130.4,20313,32624,592,340.0,71.0,2824.0
1783931131.0,20313,32624,592,301.0,71.0,2734.0
1783931131.5,20313,32624,592,237.0,72.0,2768.0
1783931132.1,20313,32624,592,315.0,71.0,2803.0
1783931132.7,20313,32624,587,303.0,72.0,2751.0
1783931133.3,20313,32624,587,273.0,72.0,2876.0
1783931133.9,20313,32624,587,311.0,72.0,2803.0
1783931134.5,20313,32624,587,305.0,71.0,2739.0
1783931135.1,20313,32624,587,265.0,72.0,2830.0
1783931135.7,20313,32624,587,318.0,72.0,2808.0
1783931136.3,20313,32624,587,306.0,72.0,2737.0
1783931136.9,20313,32624,599,238.0,72.0,2845.0
1783931137.5,20313,32624,599,312.0,72.0,2750.0
1783931138.1,20313,32624,599,300.0,72.0,2742.0
1783931138.6,20313,32624,599,289.0,72.0,2886.0
1783931139.2,20313,32624,599,338.0,72.0,2850.0
1783931139.8,20313,32624,599,327.0,72.0,2795.0
1783931140.4,20313,32624,599,330.0,72.0,2661.0
1783931141.0,20313,32624,599,353.0,72.0,2875.0
1783931141.6,20313,32624,599,321.0,72.0,2773.0
1783931142.2,20313,32624,592,61.0,71.0,2931.0
1783931142.8,20313,32624,592,322.0,71.0,2819.0
1783931143.4,20313,32624,592,344.0,72.0,2875.0
1783931144.0,20313,32624,592,307.0,72.0,2769.0
1783931144.6,20313,32624,592,236.0,72.0,2683.0
1783931145.2,20313,32624,592,299.0,72.0,2755.0
1783931145.7,20313,32624,592,304.0,72.0,2741.0
1783931146.3,20313,32624,592,289.0,72.0,2865.0
1783931146.9,20313,32624,592,302.0,72.0,2748.0
1783931147.5,20313,32624,587,185.0,72.0,2718.0
1783931148.1,20313,32624,587,324.0,72.0,2821.0
1783931148.7,20313,32624,587,300.0,72.0,2749.0
1783931149.3,20313,32624,587,167.0,72.0,2631.0
1783931149.9,20313,32624,587,332.0,72.0,2827.0
1783931150.5,20313,32624,587,306.0,72.0,2732.0
1783931151.1,20313,32624,587,282.0,72.0,2650.0
1783931151.7,20313,32624,599,334.0,72.0,2925.0
1783931152.2,20313,32624,599,294.0,72.0,2694.0
1783931152.8,20313,32624,599,345.0,72.0,2742.0
1783931153.4,20313,32624,599,343.0,72.0,2965.0
1783931154.0,20313,32624,599,311.0,72.0,2758.0
1783931154.6,20313,32624,599,355.0,72.0,2726.0
1783931155.2,20313,32624,599,324.0,72.0,2846.0
1783931155.8,20313,32624,599,301.0,72.0,2739.0
1783931156.4,20313,32624,599,346.0,72.0,2719.0
1783931157.0,20313,32624,599,354.0,72.0,2900.0
1783931157.6,20313,32624,599,299.0,72.0,2740.0
1783931158.2,20313,32624,599,342.0,72.0,2701.0
1783931158.8,20313,32624,599,350.0,72.0,2885.0
1783931159.3,20313,32624,599,312.0,72.0,2788.0
1783931159.9,20313,32624,599,318.0,72.0,2769.0
1783931160.5,20313,32624,599,264.0,72.0,2670.0
1783931161.1,20313,32624,599,322.0,72.0,2869.0
1783931161.7,20313,32624,599,315.0,72.0,2768.0
1783931162.3,20313,32624,599,327.0,72.0,2727.0
1783931162.9,20313,32624,587,181.0,72.0,2687.0
1783931163.5,20313,32624,587,335.0,72.0,2888.0
1783931164.1,20313,32624,592,251.0,70.0,2400.0
1783931164.7,20313,32624,592,264.0,72.0,2783.0
1783931165.3,20313,32624,592,324.0,72.0,2767.0
1783931165.8,20313,32624,592,295.0,72.0,2733.0
1783931166.4,20313,32624,599,222.0,72.0,2925.0
1783931167.0,20313,32624,599,311.0,72.0,2755.0
1783931167.6,20313,32624,599,288.0,72.0,2741.0
1783931168.2,20313,32624,599,380.0,72.0,2981.0
1783931168.8,20313,32624,599,304.0,72.0,2737.0
1783931169.4,20313,32624,599,192.0,72.0,2672.0
1783931170.0,20313,32624,599,305.0,72.0,2781.0
1783931170.6,20313,32624,599,294.0,72.0,2727.0
1783931171.2,20313,32624,599,276.0,72.0,2821.0
1783931171.8,20313,32624,599,329.0,72.0,2837.0
1783931172.3,20313,32624,599,297.0,72.0,2711.0
1783931172.9,20313,32624,599,215.0,72.0,2641.0
1783931173.5,20313,32624,599,318.0,72.0,2805.0
1783931174.1,20313,32624,599,296.0,72.0,2732.0
1783931174.7,20313,32624,599,226.0,72.0,2802.0
1783931175.3,20313,32624,599,303.0,72.0,2773.0
1783931175.9,20313,32624,599,310.0,72.0,2733.0
1783931176.5,20313,32624,599,261.0,72.0,2772.0
1783931177.1,20313,32624,599,327.0,72.0,2835.0
1783931177.7,20313,32624,587,324.0,72.0,2806.0
1783931178.3,20313,32624,587,305.0,72.0,2724.0
1783931178.8,20313,32624,587,269.0,72.0,2799.0
1783931179.4,20313,32624,587,306.0,72.0,2778.0
1783931180.0,20313,32624,587,314.0,72.0,2725.0
1783931180.6,20313,32624,587,205.0,72.0,2720.0
1783931181.2,20313,32624,587,310.0,72.0,2837.0
1783931181.8,20313,32624,599,322.0,72.0,2779.0
1783931182.4,20313,32624,599,298.0,72.0,2722.0
1783931183.0,20313,32624,599,282.0,72.0,2885.0
1783931183.6,20313,32624,599,325.0,72.0,2808.0
1783931184.2,20313,32624,599,325.0,72.0,2736.0
1783931184.8,20313,32624,599,246.0,72.0,2685.0
1783931185.3,20313,32624,599,322.0,72.0,2818.0
1783931185.9,20313,32624,599,297.0,72.0,2714.0
1783931186.5,20313,32624,599,277.0,72.0,2719.0
1783931187.1,20313,32624,592,194.0,71.0,2631.0
1783931187.7,20313,32624,592,350.0,72.0,2884.0
1783931188.3,20313,32624,592,312.0,72.0,2754.0
1783931188.9,20313,32624,592,356.0,72.0,2912.0
1783931189.5,20313,32624,592,314.0,72.0,2746.0
1783931190.1,20313,32624,592,190.0,72.0,2721.0
1783931190.7,20313,32624,592,325.0,72.0,2859.0
1783931191.3,20313,32624,592,312.0,72.0,2757.0
1783931191.8,20313,32624,592,301.0,72.0,2901.0
1783931192.4,20313,32624,592,304.0,72.0,2759.0
1783931193.0,20313,32624,587,274.0,72.0,2919.0
1783931193.6,20313,32624,587,321.0,72.0,2808.0
1783931194.2,20313,32624,587,332.0,72.0,2758.0
1783931194.8,20313,32624,587,319.0,72.0,2940.0
1783931195.4,20313,32624,587,305.0,72.0,2728.0
1783931196.0,20313,32624,587,215.0,72.0,2786.0
1783931196.6,20313,32624,599,327.0,72.0,2860.0
1783931197.2,20313,32624,599,312.0,72.0,2770.0
1783931197.8,20313,32624,599,277.0,72.0,2742.0
1783931198.4,20313,32624,599,330.0,72.0,2796.0
1783931199.0,20313,32624,599,315.0,72.0,2774.0
1783931199.6,20313,32624,599,266.0,72.0,2670.0
1783931200.1,20313,32624,599,322.0,72.0,2802.0
1783931200.7,20313,32624,599,323.0,72.0,2838.0
1783931201.3,20313,32624,599,201.0,72.0,2572.0
1783931201.9,20313,32624,599,329.0,72.0,2811.0
1783931202.5,20313,32624,599,315.0,72.0,2745.0
1783931203.1,20313,32624,599,173.0,72.0,2596.0
1783931203.7,20313,32624,599,336.0,72.0,2860.0
1783931204.3,20313,32624,599,309.0,72.0,2775.0
1783931204.9,20313,32624,599,319.0,72.0,2760.0
1783931205.5,20313,32624,599,261.0,72.0,2769.0
1783931206.1,20313,32624,592,139.0,71.0,322.0
1783931206.7,20313,32624,592,358.0,72.0,3048.0
1783931207.3,20313,32624,592,313.0,72.0,2749.0
1783931207.8,20313,32624,587,300.0,72.0,2748.0
1783931208.4,20313,32624,587,306.0,72.0,2907.0
1783931209.0,20313,32624,587,315.0,72.0,2770.0
1783931209.6,20313,32624,587,236.0,72.0,2638.0
1783931210.2,20313,32624,587,336.0,72.0,2890.0
1783931210.8,20313,32624,587,305.0,72.0,2755.0
1783931211.4,20313,32624,599,284.0,72.0,2843.0
1783931212.0,20313,32624,599,316.0,72.0,2818.0
1783931212.6,20313,32624,599,312.0,72.0,2772.0
1783931213.2,20313,32624,599,204.0,72.0,2635.0
1783931213.8,20313,32624,599,316.0,72.0,2829.0
1783931214.4,20313,32624,599,306.0,72.0,2730.0
1783931215.0,20313,32624,599,210.0,72.0,2744.0
1783931215.5,20313,32624,599,337.0,72.0,2863.0
1783931216.1,20313,32624,599,320.0,72.0,2753.0
1783931216.7,20313,32624,599,310.0,72.0,2726.0
1783931217.3,20313,32624,599,345.0,72.0,2916.0
1783931217.9,20313,32624,599,308.0,72.0,2760.0
1783931218.5,20313,32624,599,192.0,72.0,2664.0
1783931219.1,20313,32624,599,310.0,72.0,2768.0
1783931219.7,20313,32624,599,310.0,72.0,2744.0
1783931220.3,20313,32624,599,316.0,72.0,2928.0
1783931220.9,20313,32624,599,305.0,72.0,2723.0
1783931221.5,20313,32624,599,225.0,72.0,2600.0
1783931222.1,20313,32624,599,335.0,72.0,2892.0
1783931222.6,20313,32624,593,46.0,72.0,0.0
1783931223.2,20313,32624,593,305.0,71.0,2727.0
1783931223.8,20313,32624,593,306.0,72.0,2714.0
1783931224.4,20313,32624,593,309.0,72.0,2924.0
1783931225.0,20313,32624,593,305.0,72.0,2771.0
1783931225.6,20313,32624,593,293.0,72.0,2681.0
1783931226.2,20313,32624,593,334.0,72.0,2923.0
1783931226.8,20313,32624,599,320.0,72.0,2801.0
1783931227.4,20313,32624,599,208.0,72.0,2644.0
1783931228.0,20313,32624,599,319.0,72.0,2800.0
1783931228.6,20313,32624,599,317.0,72.0,2741.0
1783931229.1,20313,32624,599,268.0,72.0,2840.0
1783931229.7,20313,32624,599,307.0,72.0,2777.0
1783931230.3,20313,32624,599,304.0,72.0,2764.0
1783931230.9,20313,32624,599,211.0,72.0,2654.0
1783931231.5,20313,32624,599,327.0,72.0,2867.0
1783931232.1,20313,32624,599,317.0,72.0,2739.0
1783931232.7,20313,32624,599,247.0,72.0,2587.0
1783931233.3,20313,32624,599,336.0,72.0,2890.0
1783931233.9,20313,32624,599,314.0,72.0,2781.0
1783931234.5,20313,32624,599,292.0,72.0,2662.0
1783931235.1,20313,32624,599,341.0,72.0,2837.0
1783931235.6,20313,32624,599,305.0,72.0,2701.0
1783931236.2,20313,32624,599,320.0,72.0,2697.0
1783931236.8,20313,32624,599,323.0,72.0,2888.0
1783931237.4,20313,32624,599,311.0,72.0,2760.0
1783931238.0,20313,32624,587,314.0,72.0,2773.0
1783931238.6,20313,32624,587,249.0,72.0,2790.0
1783931239.2,20313,32624,587,339.0,72.0,2910.0
1783931239.8,20313,32624,587,326.0,72.0,2784.0
1783931240.4,20318,32624,592,146.0,71.0,2944.0
1783931241.0,20318,32624,592,331.0,72.0,2851.0
1783931241.5,20318,32624,599,313.0,72.0,2784.0
1783931242.1,20318,32624,599,346.0,72.0,2720.0
1783931242.7,20318,32624,599,319.0,72.0,2796.0
1783931243.3,20318,32624,599,311.0,72.0,2773.0
1783931243.9,20318,32624,599,192.0,72.0,2722.0
1783931244.5,20318,32624,599,319.0,72.0,2826.0
1783931245.1,20318,32624,599,294.0,72.0,2675.0
1783931245.7,20318,32624,599,229.0,72.0,2740.0
1783931246.3,20318,32624,599,313.0,72.0,2825.0
1783931246.9,20318,32624,599,298.0,72.0,2748.0
1783931247.5,20318,32624,599,319.0,72.0,2890.0
1783931248.0,20318,32624,599,299.0,72.0,2738.0
1783931248.6,20318,32624,599,211.0,72.0,2705.0
1783931249.2,20318,32624,599,318.0,72.0,2783.0
1783931249.8,20318,32624,599,291.0,72.0,2758.0
1783931250.4,20318,32624,599,220.0,72.0,2704.0
1783931251.0,20318,32624,599,325.0,72.0,2864.0
1783931251.6,20318,32624,599,308.0,72.0,2787.0
1783931252.2,20318,32624,599,308.0,72.0,2678.0
1783931252.8,20318,32624,587,297.0,72.0,2809.0
1783931253.4,20318,32624,587,314.0,72.0,2771.0
1783931254.0,20318,32624,587,306.0,72.0,2695.0
1783931254.5,20318,32624,587,171.0,72.0,2563.0
1783931255.1,20318,32624,587,343.0,72.0,2889.0
1783931255.7,20318,32624,587,298.0,72.0,2728.0
1783931256.3,20318,32624,587,264.0,72.0,2653.0
1783931256.9,20318,32624,605,83.0,71.0,3157.0
1783931257.5,20318,32624,605,193.0,72.0,2793.0
1783931258.1,20318,32624,605,333.0,72.0,2904.0
1783931258.7,20318,32624,605,287.0,72.0,2707.0
1783931259.3,20318,32624,605,245.0,72.0,2773.0
1783931259.9,20318,32624,605,308.0,72.0,2784.0
1783931260.5,20318,32624,605,299.0,72.0,2742.0
1783931261.0,20318,32624,605,260.0,72.0,2841.0
1783931261.6,20318,32624,605,320.0,72.0,2799.0
1783931262.2,20318,32624,605,325.0,72.0,2743.0
1783931262.8,20318,32624,605,302.0,72.0,2869.0
1783931263.4,20318,32624,605,326.0,72.0,2850.0
1783931264.0,20318,32624,605,290.0,72.0,2721.0
1783931264.6,20318,32624,605,313.0,72.0,2780.0
1783931265.2,20318,32624,605,302.0,72.0,2704.0
1783931265.8,20318,32624,605,217.0,72.0,2688.0
1783931266.4,20318,32624,605,307.0,72.0,2816.0
1783931267.0,20318,32624,605,293.0,72.0,2725.0
1783931267.6,20318,32624,587,273.0,72.0,2790.0
1783931268.1,20318,32624,587,324.0,72.0,2774.0
1783931268.7,20318,32624,587,328.0,72.0,2742.0
1783931269.3,20318,32624,587,267.0,73.0,2860.0
1783931269.9,20318,32624,587,317.0,73.0,2817.0
1783931270.5,20318,32624,587,335.0,72.0,2759.0
1783931271.1,20318,32624,587,282.0,72.0,2888.0
1783931271.7,20318,32624,601,337.0,73.0,2882.0
1783931272.3,20318,32624,601,306.0,73.0,2720.0
1783931272.9,20318,32624,594,43.0,71.0,22.0
1783931273.5,20318,32624,594,329.0,72.0,2762.0
1783931274.1,20318,32624,594,293.0,72.0,2905.0
1783931274.7,20318,32624,594,331.0,72.0,2822.0
1783931275.2,20318,32624,594,298.0,72.0,2727.0
1783931275.8,20318,32624,594,274.0,72.0,2867.0
1783931276.4,20318,32624,594,312.0,73.0,2755.0
1783931277.0,20318,32624,594,210.0,72.0,2673.0
1783931277.6,20318,32624,594,317.0,73.0,2787.0
1783931278.2,20318,32624,594,299.0,73.0,2752.0
1783931278.8,20318,32624,594,279.0,72.0,2972.0
1783931279.4,20318,32624,594,314.0,73.0,2758.0
1783931280.0,20318,32624,594,291.0,72.0,2625.0
1783931280.6,20318,32624,594,300.0,72.0,2903.0
1783931281.2,20318,32624,594,309.0,73.0,2769.0
1783931281.7,20318,32624,594,277.0,73.0,2552.0
1783931282.3,20318,32624,594,335.0,73.0,2897.0
1783931282.9,20318,32624,589,312.0,72.0,2733.0
1783931283.5,20318,32624,589,208.0,73.0,2743.0
1783931284.1,20318,32624,589,327.0,73.0,2835.0
1783931284.7,20318,32624,589,306.0,73.0,2718.0
1783931285.3,20318,32624,589,168.0,72.0,2680.0
1783931285.9,20318,32624,589,314.0,73.0,2800.0
1783931286.5,20318,32624,601,312.0,73.0,2766.0
1783931287.1,20318,32624,601,313.0,73.0,2712.0
1783931287.7,20318,32624,601,295.0,73.0,2876.0
1783931288.3,20318,32624,601,320.0,73.0,2795.0
1783931288.8,20318,32624,601,308.0,73.0,2740.0
1783931289.4,20318,32624,594,44.0,72.0,0.0
1783931290.0,20318,32624,594,297.0,72.0,2715.0
1783931290.6,20318,32624,594,335.0,72.0,2867.0
1783931291.2,20318,32624,594,300.0,72.0,2713.0
1783931291.8,20318,32624,594,240.0,72.0,2663.0
1783931292.4,20318,32624,594,332.0,72.0,2875.0
1783931293.0,20318,32624,594,304.0,72.0,2712.0
1783931293.6,20318,32624,594,307.0,72.0,2863.0
1783931294.2,20318,32624,594,304.0,72.0,2704.0
1783931294.8,20318,32624,594,207.0,72.0,2783.0
1783931295.3,20318,32624,594,310.0,72.0,2825.0
1783931295.9,20318,32624,594,298.0,72.0,2746.0
1783931296.5,20318,32624,594,263.0,72.0,2878.0
1783931297.1,20318,32624,594,315.0,72.0,2803.0
1783931297.7,20318,32624,595,311.0,72.0,2677.0
1783931298.3,20318,32624,595,315.0,72.0,2774.0
1783931298.9,20318,32624,595,303.0,72.0,2721.0
1783931299.5,20318,32624,595,273.0,72.0,2807.0
1783931300.1,20318,32624,595,303.0,72.0,2743.0
1783931300.7,20318,32624,595,303.0,72.0,2715.0
1783931301.2,20318,32624,595,222.0,72.0,2822.0
1783931301.8,20318,32624,601,300.0,72.0,2785.0
1783931302.4,20318,32624,601,338.0,72.0,2740.0
1783931303.0,20318,32624,601,314.0,72.0,2865.0
1783931303.6,20318,32624,601,311.0,72.0,2745.0
1783931304.2,20318,32624,601,301.0,73.0,2588.0
1783931304.8,20318,32624,601,323.0,73.0,2876.0
1783931305.4,20318,32624,601,297.0,73.0,2733.0
1783931306.0,20318,32624,601,340.0,73.0,2733.0
1783931306.6,20318,32624,601,316.0,73.0,2892.0
1783931307.2,20318,32624,601,311.0,73.0,2775.0
1783931307.7,20318,32624,601,301.0,73.0,2741.0
1783931308.3,20318,32624,601,317.0,73.0,2854.0
1783931308.9,20318,32624,601,295.0,73.0,2733.0
1783931309.5,20318,32624,601,308.0,72.0,2742.0
1783931310.1,20318,32624,601,281.0,73.0,2876.0
1783931310.7,20318,32624,601,302.0,73.0,2734.0
1783931311.3,20318,32624,601,303.0,73.0,2718.0
1783931311.9,20318,32624,601,266.0,73.0,2794.0
1783931312.5,20318,32624,601,318.0,73.0,2772.0
1783931313.1,20318,32624,589,306.0,73.0,2708.0
1783931313.7,20318,32624,589,262.0,73.0,2851.0
1783931314.2,20318,32624,589,305.0,73.0,2750.0
1783931314.8,20318,32624,589,314.0,73.0,2756.0
1783931315.4,20318,32624,589,285.0,73.0,2854.0
1783931316.0,20318,32624,589,319.0,73.0,2813.0
1783931316.6,20318,32624,601,317.0,73.0,2772.0
1783931317.2,20318,32624,601,317.0,73.0,2725.0
1783931317.8,20318,32624,601,260.0,73.0,2767.0
1783931318.4,20318,32624,601,338.0,73.0,2866.0
1783931319.0,20318,32624,601,309.0,73.0,2771.0
1783931319.6,20318,32624,601,299.0,73.0,2650.0
1783931320.2,20318,32624,601,348.0,73.0,2809.0
1783931320.7,20318,32624,601,305.0,73.0,2764.0
1783931321.3,20318,32624,601,306.0,73.0,2703.0
1783931321.9,20318,32624,601,232.0,72.0,2648.0
1783931322.5,20318,32624,601,324.0,72.0,2793.0
1783931323.1,20318,32624,601,318.0,73.0,2755.0
1783931323.7,20318,32624,601,369.0,73.0,2733.0
1783931324.3,20318,32624,601,229.0,73.0,2845.0
1783931324.9,20318,32624,594,44.0,72.0,0.0
1783931325.5,20318,32624,594,296.0,71.0,2693.0
1783931326.1,20318,32624,594,307.0,72.0,2659.0
1783931326.7,20318,32624,594,333.0,72.0,2883.0
1783931327.3,20318,32624,594,309.0,72.0,2749.0
1783931327.8,20318,32624,590,232.0,72.0,2747.0
1783931328.4,20318,32624,590,321.0,72.0,2835.0
1783931329.0,20318,32624,590,312.0,72.0,2713.0
1783931329.6,20318,32624,590,320.0,72.0,2903.0
1783931330.2,20318,32624,590,316.0,72.0,2781.0
1783931330.8,20318,32624,590,228.0,72.0,2852.0
1783931331.4,20318,32624,590,322.0,72.0,2780.0
1783931332.0,20318,32624,602,256.0,72.0,2634.0
1783931332.6,20318,32624,602,315.0,73.0,2795.0
1783931333.2,20318,32624,602,291.0,72.0,2738.0
1783931333.8,20318,32624,602,362.0,72.0,2904.0
1783931334.4,20318,32624,602,298.0,72.0,2738.0
1783931334.9,20318,32624,602,304.0,73.0,2911.0
1783931335.5,20318,32624,602,304.0,73.0,2748.0
1783931336.1,20318,32624,602,301.0,73.0,2875.0
1783931336.7,20318,32624,602,311.0,72.0,2773.0
1783931337.3,20318,32624,602,206.0,73.0,2617.0
1783931337.9,20318,32624,602,351.0,73.0,2985.0
1783931338.5,20318,32624,602,337.0,73.0,2674.0
1783931339.1,20318,32624,602,312.0,73.0,2822.0
1783931339.7,20318,32624,602,294.0,73.0,2714.0
1783931340.3,20318,32624,602,262.0,73.0,2840.0
1783931340.9,20318,32624,602,317.0,72.0,2756.0
1783931341.4,20318,32624,602,342.0,73.0,2724.0
1783931342.0,20318,32624,602,354.0,73.0,2881.0
1783931342.6,20318,32624,590,324.0,73.0,2819.0
1783931343.2,20318,32624,590,242.0,73.0,2821.0
1783931343.8,20318,32624,590,311.0,73.0,2780.0
1783931344.4,20318,32624,590,284.0,73.0,2665.0
1783931345.0,20318,32624,590,280.0,73.0,2802.0
1783931345.6,20318,32624,590,332.0,73.0,2899.0
1783931346.2,20318,32624,590,307.0,73.0,2717.0
1783931346.8,20318,32624,601,261.0,73.0,2742.0
1783931347.4,20318,32624,601,324.0,73.0,2813.0
1783931348.0,20318,32624,601,309.0,73.0,2725.0
1783931348.6,20318,32624,601,253.0,72.0,2777.0
1783931349.1,20318,32624,601,332.0,72.0,2862.0
1783931349.7,20318,32624,588,297.0,73.0,2735.0
1783931350.3,20318,32624,594,270.0,73.0,2857.0
1783931350.9,20318,32624,594,333.0,73.0,2841.0
1783931351.5,20318,32624,601,312.0,73.0,2720.0
1783931352.1,20318,32624,601,277.0,73.0,2807.0
1783931352.7,20318,32624,601,313.0,73.0,2815.0
1783931353.3,20318,32624,601,297.0,73.0,2719.0
1783931353.9,20321,32624,603,368.0,73.0,2717.0
1783931354.5,20321,32624,603,289.0,73.0,2915.0
1783931355.1,20321,32624,603,301.0,73.0,2764.0
1783931355.7,20319,32624,599,316.0,73.0,2778.0
1783931356.3,20319,32624,599,239.0,73.0,2601.0
1783931356.8,20319,32624,599,315.0,73.0,2953.0
1783931357.4,20319,32624,586,317.0,73.0,2793.0
1783931358.0,20319,32624,586,290.0,73.0,2672.0
1783931358.6,20319,32624,586,309.0,72.0,2725.0
1783931359.2,20319,32624,586,212.0,73.0,2725.0
1783931359.8,20319,32624,586,310.0,73.0,2777.0
1783931360.4,20319,32624,586,305.0,73.0,2752.0
1783931361.0,20319,32624,586,254.0,73.0,2670.0
1783931361.6,20319,32624,604,273.0,71.0,2755.0
1783931362.2,20320,32624,604,300.0,72.0,2787.0
1783931362.7,20320,32624,604,305.0,72.0,2766.0
1783931363.3,20320,32624,604,241.0,73.0,2819.0
1783931363.9,20320,32624,604,328.0,73.0,2824.0
1783931364.5,20320,32624,604,296.0,73.0,2722.0
1783931365.1,20320,32624,604,288.0,73.0,2891.0
1783931365.7,20320,32624,604,323.0,73.0,2812.0
1783931366.3,20320,32624,604,272.0,73.0,2679.0
1783931366.9,20320,32624,604,351.0,73.0,2930.0
1783931367.5,20320,32624,604,312.0,73.0,2737.0
1783931368.1,20320,32624,604,205.0,73.0,2879.0
1783931368.7,20320,32624,604,317.0,73.0,2768.0
1783931369.3,20320,32624,604,278.0,73.0,2711.0
1783931369.8,20320,32624,604,323.0,73.0,2878.0
1783931370.4,20320,32624,604,306.0,73.0,2766.0
1783931371.0,20320,32624,604,288.0,73.0,2684.0
1783931371.6,20320,32624,604,322.0,73.0,2873.0
1783931372.2,20320,32624,604,310.0,73.0,2741.0
1783931372.8,20320,32624,586,223.0,73.0,2783.0
1783931373.4,20320,32624,586,315.0,73.0,2785.0
1783931374.0,20320,32624,586,305.0,73.0,2743.0
1783931374.6,20320,32624,586,190.0,73.0,2820.0
1783931375.2,20320,32624,586,306.0,73.0,2798.0
1783931375.8,20320,32624,586,338.0,73.0,2761.0
1783931376.3,20320,32624,586,288.0,73.0,2891.0
1783931376.9,20320,32624,598,303.0,73.0,2763.0
1783931377.5,20320,32624,598,311.0,73.0,2759.0
1783931378.1,20320,32624,598,265.0,73.0,2816.0
1783931378.7,20320,32624,598,325.0,73.0,2856.0
1783931379.3,20320,32624,598,303.0,73.0,2694.0
1783931379.9,20320,32624,598,353.0,73.0,2684.0
1783931380.5,20320,32624,598,317.0,73.0,2778.0
1783931381.1,20320,32624,598,304.0,73.0,2749.0
1783931381.7,20320,32624,598,181.0,73.0,2700.0
1783931382.2,20320,32624,598,344.0,73.0,2859.0
1783931382.8,20320,32624,598,303.0,73.0,2732.0
1783931383.4,20320,32624,598,315.0,73.0,2715.0
1783931384.0,20320,32624,598,292.0,73.0,2822.0
1783931384.6,20320,32624,598,321.0,73.0,2766.0
1783931385.2,20320,32624,598,307.0,73.0,2752.0
1783931385.8,20320,32624,598,240.0,73.0,2694.0
1783931386.4,20320,32624,598,370.0,73.0,3050.0
1783931387.0,20320,32624,598,317.0,73.0,2791.0
1783931387.6,20320,32624,586,261.0,73.0,2780.0
1783931388.2,20320,32624,586,325.0,73.0,2866.0
1783931388.8,20320,32624,586,303.0,73.0,2747.0
1783931389.3,20320,32624,586,261.0,73.0,2712.0
1783931389.9,20320,32624,586,333.0,73.0,2845.0
1783931390.5,20320,32624,586,315.0,73.0,2778.0
1783931391.1,4267,32624,86,123.0,71.0,3295.0
1783931391.7,706,32624,91,44.0,70.0,222.0
1783931392.3,706,32624,84,18.0,69.0,0.0
1783931392.9,706,32624,84,16.0,68.0,0.0
1783931393.5,717,32624,84,33.0,68.0,0.0
1783931394.1,717,32624,84,17.0,68.0,0.0
1783931394.7,717,32624,84,17.0,67.0,0.0
1783931395.3,16339,32624,84,32.0,67.0,0.0
1783931395.9,16339,32624,84,33.0,67.0,0.0
1783931396.5,16339,32624,84,33.0,67.0,0.0
1783931397.0,16339,32624,84,32.0,66.0,0.0
1783931397.6,16339,32624,78,32.0,66.0,0.0
1783931398.2,18986,32624,79,50.0,65.0,629.0
1783931398.8,20304,32624,501,34.0,65.0,0.0
1783931399.4,20312,32624,587,169.0,66.0,1665.0
1783931400.0,20312,32624,587,200.0,67.0,2004.0
1783931400.6,20312,32624,587,309.0,67.0,2787.0
1783931401.2,20312,32624,587,304.0,68.0,2927.0
1783931401.8,20312,32624,587,307.0,68.0,2787.0
1783931402.4,20313,32624,587,314.0,68.0,2800.0
1783931403.0,20313,32624,586,280.0,68.0,2940.0
1783931403.6,20313,32624,586,311.0,69.0,2803.0
1783931404.1,20313,32624,586,344.0,68.0,2725.0
1783931404.7,20313,32624,586,345.0,69.0,2856.0
1783931405.3,20313,32624,586,306.0,69.0,2799.0
1783931405.9,20313,32624,586,300.0,69.0,2711.0
1783931406.5,20313,32624,598,302.0,69.0,2790.0
1783931407.1,20313,32624,598,298.0,69.0,2773.0
1783931407.7,20313,32624,598,282.0,69.0,2888.0
1783931408.3,20313,32624,598,307.0,69.0,2788.0
1783931408.9,20313,32624,598,312.0,69.0,2773.0
1783931409.5,20313,32624,598,190.0,69.0,2659.0
1783931410.1,20313,32624,598,312.0,69.0,2819.0
1783931410.6,20313,32624,598,316.0,70.0,2809.0
1783931411.2,20313,32624,598,304.0,70.0,2712.0
1783931411.8,20313,32624,598,306.0,70.0,2865.0
1783931412.4,20313,32624,598,321.0,70.0,2800.0
1783931413.0,20313,32624,598,305.0,70.0,2752.0
1783931413.6,20313,32624,598,255.0,70.0,2862.0
1783931414.2,20313,32624,598,297.0,70.0,2766.0
1783931414.8,20313,32624,598,316.0,70.0,2769.0
1783931415.4,20313,32624,598,230.0,70.0,2834.0
1783931416.0,20313,32624,598,342.0,70.0,2906.0
1783931416.6,20313,32624,598,316.0,70.0,2790.0
1783931417.2,20313,32624,598,267.0,70.0,2716.0
1783931417.7,20313,32624,585,328.0,70.0,2928.0
1783931418.3,20313,32624,585,314.0,70.0,2787.0
1783931418.9,20313,32624,585,291.0,70.0,2712.0
1783931419.5,20313,32624,585,359.0,71.0,2728.0
1783931420.1,20313,32624,585,267.0,71.0,2936.0
1783931420.7,20317,32624,593,291.0,71.0,2728.0
1783931421.3,20317,32624,593,301.0,71.0,2750.0
1783931421.9,20317,32624,604,302.0,71.0,2775.0
1783931422.5,20317,32624,604,256.0,71.0,2830.0
1783931423.1,20317,32624,597,45.0,71.0,0.0
1783931423.7,20317,32624,597,312.0,69.0,2770.0
1783931424.2,20317,32624,597,310.0,71.0,2777.0
1783931424.8,20317,32624,597,298.0,71.0,2874.0
1783931425.4,20317,32624,597,322.0,71.0,2777.0
1783931426.0,20317,32624,597,312.0,71.0,2719.0
1783931426.6,20317,32624,597,274.0,71.0,2890.0
1783931427.2,20317,32624,597,321.0,71.0,2807.0
1783931427.8,20317,32624,597,288.0,71.0,2729.0
1783931428.4,20317,32624,597,313.0,71.0,2903.0
1783931429.0,20317,32624,597,303.0,71.0,2764.0
1783931429.6,20317,32624,591,337.0,71.0,2719.0
1783931430.2,20317,32624,591,307.0,71.0,2915.0
1783931430.8,20317,32624,591,310.0,71.0,2746.0
1783931431.3,20317,32624,591,331.0,71.0,2768.0
1783931431.9,20317,32624,591,276.0,71.0,2849.0
1783931432.5,20317,32624,591,320.0,71.0,2786.0
1783931433.1,20317,32624,593,303.0,71.0,2715.0
1783931433.7,20317,32624,593,256.0,71.0,2710.0
1783931434.3,20317,32624,593,343.0,71.0,2944.0
1783931434.9,20317,32624,593,320.0,71.0,2828.0
1783931435.5,20317,32624,593,356.0,71.0,2752.0
1783931436.1,20317,32624,593,294.0,71.0,2920.0
1783931436.7,20317,32624,605,318.0,71.0,2825.0
1783931437.2,20317,32624,605,315.0,71.0,2789.0
1783931437.8,20317,32624,605,300.0,71.0,2721.0
1783931438.4,20317,32624,605,269.0,72.0,2797.0
1783931439.0,20317,32624,605,319.0,71.0,2823.0
1783931439.6,20317,32624,605,326.0,72.0,2782.0
1783931440.2,20317,32624,605,286.0,71.0,2740.0
1783931440.8,20317,32624,605,302.0,71.0,2901.0
1783931441.4,20317,32624,605,302.0,72.0,2780.0
1783931442.0,20317,32624,597,45.0,72.0,0.0
1783931442.6,20317,32624,597,293.0,70.0,2670.0
1783931443.2,20317,32624,597,311.0,71.0,2810.0
1783931443.7,20317,32624,597,224.0,71.0,2721.0
1783931444.3,20317,32624,597,344.0,71.0,2838.0
1783931444.9,20317,32624,597,302.0,72.0,2697.0
1783931445.5,20317,32624,597,324.0,72.0,2729.0
1783931446.1,20317,32624,597,349.0,71.0,2947.0
1783931446.7,20317,32624,591,317.0,72.0,2775.0
1783931447.3,20317,32624,591,294.0,72.0,2712.0
1783931447.9,20317,32624,593,294.0,72.0,2926.0
1783931448.5,20317,32624,593,315.0,72.0,2764.0
1783931449.1,20317,32624,593,298.0,72.0,2725.0
1783931449.7,20317,32624,593,256.0,72.0,2777.0
1783931450.3,20311,32624,591,318.0,72.0,2814.0
1783931450.9,20311,32624,591,297.0,72.0,2732.0
1783931451.4,20311,32624,603,252.0,72.0,2888.0
1783931452.0,20311,32624,603,326.0,72.0,2840.0
1783931452.6,20311,32624,603,325.0,72.0,2790.0
1783931453.2,20311,32624,595,38.0,71.0,250.0
1783931453.8,20311,32624,589,373.0,71.0,2992.0
1783931454.4,20311,32624,589,303.0,72.0,2903.0
1783931455.0,20311,32624,589,314.0,72.0,2756.0
1783931455.6,20311,32624,589,319.0,72.0,2675.0
1783931456.2,20311,32624,589,348.0,72.0,2856.0
1783931456.8,20311,32624,589,307.0,72.0,2754.0
1783931457.4,20311,32624,589,212.0,72.0,2742.0
1783931458.0,20311,32624,589,312.0,72.0,2843.0
1783931458.6,20311,32624,589,302.0,72.0,2727.0
1783931459.1,20311,32624,589,266.0,72.0,2846.0
1783931459.7,20311,32624,589,308.0,72.0,2775.0
1783931460.3,20311,32624,589,309.0,72.0,2745.0
1783931460.9,20311,32624,589,203.0,72.0,2731.0
1783931461.5,20311,32624,589,306.0,72.0,2769.0
1783931462.1,20311,32624,589,299.0,72.0,2732.0
1783931462.7,20311,32624,591,268.0,72.0,2845.0
1783931463.3,20311,32624,591,295.0,72.0,2754.0
1783931463.9,20311,32624,591,300.0,72.0,2732.0
1783931464.5,20311,32624,591,203.0,72.0,2715.0
1783931465.1,20311,32624,591,306.0,72.0,2742.0
1783931465.7,20311,32624,591,311.0,72.0,2751.0
1783931466.2,20311,32624,591,212.0,72.0,2719.0
1783931466.8,20311,32624,604,345.0,72.0,2919.0
1783931467.4,20311,32624,597,210.0,71.0,2747.0
1783931468.0,20311,32624,597,299.0,71.0,2670.0
1783931468.6,20311,32624,597,259.0,72.0,2830.0
1783931469.2,20311,32624,597,314.0,72.0,2828.0
1783931469.8,20311,32624,597,306.0,72.0,2728.0
1783931470.4,20311,32624,597,269.0,72.0,2864.0
1783931471.0,20311,32624,597,322.0,72.0,2766.0
1783931471.6,20311,32624,597,298.0,72.0,2711.0
1783931472.2,20311,32624,597,189.0,72.0,2797.0
1783931472.8,20311,32624,597,328.0,72.0,2866.0
1783931473.3,20311,32624,591,341.0,72.0,2767.0
1783931473.9,20311,32624,591,342.0,72.0,2902.0
1783931474.5,20311,32624,591,309.0,72.0,2792.0
1783931475.1,20311,32624,591,293.0,72.0,2693.0
1783931475.7,20311,32624,591,343.0,72.0,2857.0
1783931476.3,20311,32624,591,310.0,72.0,2776.0
1783931476.9,20311,32624,591,223.0,72.0,2682.0
1783931477.5,20311,32624,591,321.0,72.0,2845.0
1783931478.1,20311,32624,591,330.0,72.0,2790.0
1783931478.7,20311,32624,591,326.0,72.0,2725.0
1783931479.3,20311,32624,591,323.0,72.0,2941.0
1783931479.8,20311,32624,591,304.0,72.0,2773.0
1783931480.4,20311,32624,591,302.0,72.0,2776.0
1783931481.0,20311,32624,591,263.0,72.0,2817.0
1783931481.6,20311,32624,602,319.0,72.0,2898.0
1783931482.2,20311,32624,602,323.0,72.0,2787.0
1783931482.8,20311,32624,602,298.0,72.0,2714.0
1783931483.4,20311,32624,602,250.0,72.0,2641.0
1783931484.0,20311,32624,602,329.0,72.0,2886.0
1783931484.6,20311,32624,595,79.0,71.0,2984.0
1783931485.2,20311,32624,595,302.0,71.0,2821.0
1783931485.7,20311,32624,595,303.0,72.0,2723.0
1783931486.3,20311,32624,595,275.0,72.0,2826.0
1783931486.9,20311,32624,595,325.0,72.0,2768.0
1783931487.5,20311,32624,595,305.0,72.0,2743.0
1783931488.1,20311,32624,595,185.0,72.0,2609.0
1783931488.7,20311,32624,595,337.0,72.0,2909.0
1783931489.3,20311,32624,595,298.0,72.0,2705.0
1783931489.9,20311,32624,589,276.0,72.0,2852.0
1783931490.5,20311,32624,589,320.0,72.0,2775.0
1783931491.1,20311,32624,589,325.0,72.0,2802.0
1783931491.6,20311,32624,589,243.0,72.0,2673.0
1783931492.2,20311,32624,589,312.0,72.0,2816.0
1783931492.8,20311,32624,591,300.0,72.0,2769.0
1783931493.4,20311,32624,591,228.0,72.0,2584.0
1783931494.0,20311,32624,591,331.0,72.0,2852.0
1783931494.6,20311,32624,591,302.0,72.0,2729.0
1783931495.2,20311,32624,591,286.0,72.0,2707.0
1783931495.8,20311,32624,595,80.0,71.0,3055.0
1783931496.4,20311,32624,595,336.0,71.0,2860.0
1783931497.0,20311,32624,602,302.0,72.0,2715.0
1783931497.6,20311,32624,602,327.0,72.0,2794.0
1783931498.2,20311,32624,602,293.0,72.0,2680.0
1783931498.7,20311,32624,602,287.0,72.0,2822.0
1783931499.3,20311,32624,602,318.0,72.0,2830.0
1783931499.9,20311,32624,602,308.0,72.0,2762.0
1783931500.5,20311,32624,602,276.0,72.0,2869.0
1783931501.1,20311,32624,602,317.0,72.0,2802.0
1783931501.7,20311,32624,602,314.0,72.0,2748.0
1783931502.3,20311,32624,589,230.0,72.0,2742.0
1783931502.9,20311,32624,589,312.0,72.0,2807.0
1783931503.5,20311,32624,589,310.0,72.0,2739.0
1783931504.1,20311,32624,589,235.0,72.0,2774.0
1783931504.7,20311,32624,589,321.0,72.0,2808.0
1783931505.2,20311,32624,593,43.0,71.0,0.0
1783931505.8,20311,32624,593,339.0,72.0,2904.0
1783931506.4,20311,32624,593,296.0,72.0,2784.0
1783931507.0,20311,32624,593,308.0,72.0,2683.0
1783931507.6,20311,32624,591,333.0,72.0,2843.0
1783931508.2,20311,32624,591,315.0,72.0,2770.0
1783931508.8,20311,32624,591,269.0,72.0,2884.0
1783931509.4,20311,32624,591,319.0,72.0,2805.0
1783931510.0,20311,32624,591,350.0,72.0,2671.0
1783931510.6,20311,32624,591,318.0,72.0,2830.0
1783931511.2,20311,32624,591,302.0,72.0,2719.0
1783931511.8,20311,32624,603,261.0,72.0,2741.0
1783931512.3,20311,32624,603,340.0,72.0,2857.0
1783931512.9,20311,32624,603,306.0,72.0,2756.0
1783931513.5,20311,32624,603,259.0,72.0,2669.0
1783931514.1,20311,32624,603,354.0,72.0,2860.0
1783931514.7,20311,32624,603,321.0,72.0,2773.0
1783931515.3,20316,32624,595,48.0,71.0,397.0
1783931515.9,20316,32624,595,301.0,72.0,2744.0
1783931516.5,20316,32624,595,309.0,72.0,2653.0
1783931517.1,20316,32624,595,352.0,72.0,2883.0
1783931517.7,20316,32624,595,310.0,72.0,2716.0
1783931518.2,20316,32624,595,302.0,72.0,2714.0
1783931518.8,20316,32624,595,274.0,72.0,2913.0
1783931519.4,20316,32624,595,313.0,72.0,2773.0
1783931520.0,20316,32624,595,292.0,72.0,2700.0
1783931520.6,20316,32624,595,309.0,72.0,2939.0
1783931521.2,20316,32624,589,318.0,72.0,2761.0
1783931521.8,20316,32624,589,312.0,72.0,2690.0
1783931522.4,20316,32624,589,314.0,72.0,2824.0
1783931523.0,20316,32624,591,309.0,72.0,2768.0
1783931523.6,20316,32624,591,277.0,72.0,2735.0
1783931524.2,20316,32624,591,327.0,72.0,2938.0
1783931524.7,20316,32624,595,45.0,71.0,0.0
1783931525.3,20316,32624,595,323.0,72.0,2692.0
1783931525.9,20316,32624,595,285.0,72.0,2933.0
1783931526.5,20316,32624,604,302.0,72.0,2794.0
1783931527.1,20316,32624,604,311.0,72.0,2773.0
1783931527.7,20316,32624,604,279.0,72.0,2807.0
1783931528.3,20316,32624,604,308.0,72.0,2740.0
1783931528.9,20316,32624,604,277.0,72.0,2677.0
1783931529.5,20316,32624,604,322.0,72.0,2811.0
1783931530.1,20316,32624,604,306.0,72.0,2721.0
1783931530.7,20316,32624,604,253.0,72.0,2847.0
1783931531.2,20316,32624,604,313.0,72.0,2789.0
1783931531.8,20316,32624,604,279.0,72.0,2704.0
1783931532.4,20316,32624,604,277.0,72.0,2885.0
1783931533.0,20316,32624,597,71.0,71.0,774.0
1783931533.6,20323,32624,601,333.0,71.0,2827.0
1783931534.2,20323,32624,601,263.0,72.0,2804.0
1783931534.8,20323,32624,601,322.0,72.0,2831.0
1783931535.4,20323,32624,601,306.0,72.0,2744.0
1783931536.0,20323,32624,601,208.0,72.0,2642.0
1783931536.6,20323,32624,601,340.0,72.0,2894.0
1783931537.2,20323,32624,601,300.0,72.0,2727.0
1783931537.7,20323,32624,597,278.0,72.0,2638.0
1783931538.3,20323,32624,597,328.0,72.0,2851.0
1783931538.9,20323,32624,595,307.0,72.0,2772.0
1783931539.5,20323,32624,595,307.0,72.0,2674.0
1783931540.1,20323,32624,595,333.0,72.0,2855.0
1783931540.7,20323,32624,595,312.0,72.0,2758.0
1783931541.3,20323,32624,595,246.0,72.0,2997.0
1783931541.9,20323,32624,606,326.0,72.0,2805.0
1783931542.5,20323,32624,606,299.0,72.0,2740.0
1783931543.1,20323,32624,606,281.0,72.0,2648.0
1783931543.7,20323,32624,606,337.0,73.0,2895.0
1783931544.3,20323,32624,599,43.0,72.0,0.0
1783931544.9,20323,32624,599,307.0,72.0,2820.0
1783931545.4,20323,32624,599,188.0,72.0,2607.0
1783931546.0,20323,32624,599,323.0,72.0,2816.0
1783931546.6,20323,32624,599,310.0,72.0,2812.0
1783931547.2,20323,32624,599,258.0,72.0,2726.0
1783931547.8,20323,32624,593,309.0,72.0,2793.0
1783931548.4,20323,32624,593,305.0,72.0,2741.0
1783931549.0,20323,32624,593,275.0,72.0,2947.0
1783931549.6,20323,32624,593,303.0,72.0,2719.0
1783931550.2,20323,32624,593,277.0,72.0,2589.0
1783931550.8,20323,32624,593,336.0,72.0,2837.0
1783931551.4,20323,32624,593,325.0,72.0,2784.0
1783931552.0,20323,32624,593,187.0,72.0,2702.0
1783931552.5,20323,32624,593,331.0,72.0,2865.0
1783931553.1,20323,32624,595,300.0,72.0,2750.0
1783931553.7,20323,32624,595,300.0,72.0,2904.0
1783931554.3,20323,32624,595,320.0,72.0,2789.0
1783931554.9,20323,32624,595,292.0,72.0,2651.0
1783931555.5,20323,32624,595,323.0,72.0,2794.0
1783931556.1,20323,32624,595,290.0,72.0,2749.0
1783931556.7,20323,32624,606,235.0,72.0,2704.0
1783931557.3,20323,32624,606,321.0,72.0,2833.0
1783931557.9,20323,32624,606,309.0,73.0,2745.0
1783931558.5,20323,32624,606,283.0,73.0,2892.0
1783931559.1,20323,32624,606,320.0,72.0,2816.0
1783931559.7,20323,32624,606,312.0,73.0,2582.0
1783931560.2,20323,32624,606,312.0,73.0,2794.0
1783931560.8,20323,32624,606,316.0,72.0,2738.0
1783931561.4,20323,32624,606,197.0,73.0,2611.0
1783931562.0,20323,32624,606,311.0,73.0,2768.0
1783931562.6,20323,32624,606,318.0,73.0,2748.0
1783931563.2,20323,32624,606,206.0,73.0,2686.0
1783931563.8,20323,32624,606,315.0,73.0,2771.0
1783931564.4,20323,32624,606,303.0,72.0,2619.0
1783931565.0,20323,32624,606,320.0,72.0,2817.0
1783931565.6,20323,32624,606,318.0,73.0,2800.0
1783931566.2,20323,32624,606,220.0,73.0,2623.0
1783931566.8,20323,32624,606,318.0,73.0,2858.0
1783931567.4,20323,32624,606,301.0,72.0,2726.0
1783931567.9,20323,32624,595,284.0,73.0,2657.0
1783931568.5,20323,32624,595,312.0,73.0,2759.0
1783931569.1,20323,32624,595,353.0,73.0,2940.0
1783931569.7,20323,32624,595,305.0,72.0,2703.0
1783931570.3,20323,32624,595,236.0,73.0,2725.0
1783931570.9,20323,32624,595,317.0,73.0,2827.0
1783931571.5,20323,32624,607,298.0,73.0,2710.0
1783931572.1,20323,32624,607,249.0,73.0,2752.0
1783931572.7,20323,32624,607,309.0,73.0,2763.0
1783931573.3,20323,32624,607,317.0,73.0,2750.0
1783931573.9,20323,32624,607,358.0,73.0,2728.0
1783931574.4,20323,32624,599,68.0,73.0,175.0
1783931575.0,20323,32624,599,287.0,71.0,2693.0
1783931575.6,20323,32624,599,270.0,72.0,2882.0
1783931576.2,20323,32624,599,327.0,72.0,2757.0
1783931576.8,20323,32624,599,216.0,72.0,2631.0
1783931577.4,20323,32624,599,316.0,72.0,2819.0
1783931578.0,20323,32624,599,290.0,72.0,2744.0
1783931578.6,20323,32624,599,221.0,72.0,2668.0
1783931579.2,20323,32624,599,309.0,73.0,2746.0
1783931579.8,20323,32624,599,311.0,72.0,2727.0
1783931580.4,20323,32624,599,347.0,73.0,2908.0
1783931580.9,20323,32624,593,314.0,72.0,2765.0
1783931581.5,20323,32624,593,305.0,72.0,2949.0
1783931582.1,20323,32624,593,316.0,73.0,2759.0
1783931582.7,20323,32624,595,331.0,73.0,2680.0
1783931583.3,20323,32624,595,292.0,73.0,2872.0
1783931583.9,20323,32624,595,310.0,73.0,2789.0
1783931584.5,20323,32624,595,278.0,73.0,2730.0
1783931585.1,20323,32624,595,322.0,73.0,2827.0
1783931585.7,20323,32624,595,309.0,73.0,2736.0
1783931586.3,20323,32624,595,281.0,73.0,2876.0
1783931586.9,20323,32624,607,300.0,73.0,2746.0
1783931587.5,20323,32624,607,311.0,73.0,2743.0
1783931588.1,20323,32624,607,270.0,73.0,2838.0
1783931588.6,20323,32624,607,317.0,73.0,2756.0
1783931589.2,20323,32624,607,256.0,73.0,2725.0
1783931589.8,20323,32624,607,333.0,73.0,2806.0
1783931590.4,20323,32624,607,318.0,73.0,2791.0
1783931591.0,20323,32624,607,219.0,73.0,2703.0
1783931591.6,20323,32624,607,303.0,73.0,2803.0
1783931592.2,20323,32624,607,315.0,73.0,2724.0
1783931592.8,20323,32624,607,308.0,73.0,2600.0
1783931593.4,20323,32624,607,315.0,73.0,2814.0
1783931594.0,20323,32624,607,315.0,73.0,2754.0
1783931594.6,20323,32624,607,233.0,73.0,2810.0
1783931595.2,20323,32624,607,305.0,73.0,2760.0
1783931595.8,20323,32624,607,291.0,73.0,2712.0
1783931596.3,20323,32624,607,200.0,73.0,2790.0
1783931596.9,20323,32624,607,328.0,73.0,2869.0
1783931597.5,20323,32624,607,312.0,73.0,2750.0
1783931598.1,20323,32624,595,330.0,73.0,2729.0
1783931598.7,20323,32624,595,373.0,73.0,2941.0
1783931599.3,20323,32624,595,314.0,73.0,2780.0
1783931599.9,20323,32624,595,306.0,73.0,2728.0
1783931600.5,20323,32624,595,270.0,73.0,2827.0
1783931601.1,20323,32624,595,322.0,73.0,2852.0
1783931601.7,20323,32624,606,305.0,73.0,2741.0
1783931602.3,20323,32624,606,300.0,73.0,2739.0
1783931602.9,20323,32624,606,306.0,73.0,2786.0
1783931603.4,20323,32624,606,306.0,73.0,2758.0
1783931604.0,20323,32624,606,302.0,73.0,2739.0
1783931604.6,20323,32624,606,186.0,73.0,2696.0
1783931605.2,20323,32624,606,333.0,73.0,2862.0
1783931605.8,20323,32624,606,319.0,73.0,2750.0
1783931606.4,20323,32624,606,345.0,72.0,2657.0
1783931607.0,20323,32624,606,316.0,73.0,2892.0
1783931607.6,20323,32624,606,338.0,73.0,2901.0
1783931608.2,20323,32624,606,311.0,73.0,2741.0
1783931608.8,20323,32624,600,195.0,71.0,2414.0
1783931609.3,20324,32624,600,309.0,72.0,2774.0
1783931609.9,20324,32624,600,218.0,72.0,2853.0
1783931610.5,20324,32624,600,326.0,72.0,2864.0
1783931611.1,20324,32624,600,310.0,72.0,2744.0
1783931611.7,20324,32624,594,233.0,72.0,2628.0
1783931612.3,20324,32624,594,298.0,72.0,2747.0
1783931612.9,20324,32624,596,300.0,73.0,2747.0
1783931613.5,20324,32624,596,277.0,72.0,2856.0
1783931614.1,20324,32624,596,317.0,72.0,2723.0
1783931614.7,20324,32624,596,320.0,73.0,2737.0
1783931615.3,20324,32624,596,302.0,73.0,2893.0
1783931615.9,20324,32624,596,308.0,72.0,2789.0
1783931616.5,20324,32624,607,261.0,73.0,2685.0
1783931617.0,20324,32624,607,330.0,73.0,2837.0
1783931617.6,20324,32624,607,307.0,73.0,2710.0
1783931618.2,20324,32624,594,309.0,73.0,2681.0
1783931618.8,20324,32624,594,350.0,73.0,2855.0
1783931619.4,20324,32624,594,317.0,73.0,2782.0
1783931620.0,20324,32624,594,346.0,73.0,2671.0
1783931620.6,20324,32624,594,327.0,73.0,2875.0
1783931621.2,20324,32624,594,326.0,73.0,2792.0
1783931621.8,20324,32624,594,359.0,73.0,2714.0
1783931622.4,20324,32624,594,348.0,73.0,2862.0
1783931623.0,20324,32624,594,305.0,73.0,2754.0
1783931623.5,20324,32624,594,329.0,73.0,2632.0
1783931624.1,20324,32624,594,319.0,73.0,2808.0
1783931624.7,20324,32624,594,316.0,73.0,2772.0
1783931625.3,20324,32624,594,337.0,73.0,2646.0
1783931625.9,20324,32624,594,267.0,73.0,2906.0
1783931626.5,20324,32624,594,306.0,73.0,2746.0
1783931627.1,20324,32624,594,312.0,73.0,2667.0
1783931627.7,20324,32624,596,328.0,73.0,2853.0
1783931628.3,20324,32624,596,315.0,73.0,2744.0
1783931628.9,20324,32624,596,202.0,73.0,3019.0
1783931629.5,20324,32624,596,320.0,73.0,2821.0
1783931630.1,20324,32624,596,310.0,73.0,2744.0
1783931630.7,20324,32624,596,163.0,73.0,2614.0
1783931631.2,20324,32624,596,313.0,73.0,2816.0
1783931631.8,724,32624,110,52.0,71.0,42.0
1783931632.4,711,32624,106,28.0,70.0,0.0
1783931633.0,711,32624,92,17.0,69.0,0.0
1783931633.6,711,32624,92,17.0,68.0,0.0
1783931634.2,722,32624,92,28.0,68.0,0.0
1783931634.8,722,32624,92,16.0,67.0,0.0
1783931635.4,16344,32624,92,32.0,67.0,0.0
1783931636.0,16344,32624,92,33.0,67.0,0.0
1783931636.6,16344,32624,92,33.0,67.0,0.0
1783931637.1,16344,32624,92,31.0,66.0,0.0
1783931637.7,16344,32624,86,32.0,66.0,0.0
1783931638.3,16344,32624,86,32.0,66.0,0.0
1783931638.9,20307,32624,504,51.0,66.0,55.0
1783931639.5,20312,32624,591,120.0,65.0,1723.0
1783931640.1,20317,32624,597,155.0,66.0,1750.0
1783931640.7,20317,32624,597,205.0,66.0,2190.0
1783931641.3,20317,32624,597,337.0,67.0,3091.0
1783931641.9,20317,32624,597,206.0,68.0,2854.0
1783931642.5,20317,32624,597,323.0,68.0,2853.0
1783931643.1,20317,32624,596,292.0,68.0,2970.0
1783931643.7,20318,32624,596,304.0,68.0,2828.0
1783931644.3,20318,32624,596,313.0,68.0,2696.0
1783931644.9,20315,32624,598,279.0,69.0,2913.0
1783931645.4,20315,32624,598,199.0,69.0,2688.0
1783931646.0,20315,32624,598,315.0,69.0,2824.0
1783931646.6,20315,32624,610,310.0,69.0,2788.0
1783931647.2,20315,32624,608,320.0,69.0,2739.0
1783931647.8,20315,32624,608,273.0,69.0,2912.0
1783931648.4,20315,32624,608,319.0,69.0,2810.0
1783931649.0,20315,32624,608,334.0,69.0,2747.0
1783931649.6,20315,32624,608,286.0,69.0,2956.0
1783931650.2,20315,32624,608,365.0,69.0,3042.0
1783931650.8,20315,32624,608,310.0,70.0,2793.0
1783931651.4,20315,32624,608,291.0,70.0,2947.0
1783931652.0,20315,32624,608,307.0,70.0,2744.0
1783931652.5,20315,32624,608,340.0,70.0,2708.0
1783931653.1,20315,32624,608,325.0,70.0,2810.0
1783931653.7,20315,32624,608,302.0,70.0,3278.0
1783931654.3,20315,32624,608,362.0,70.0,3024.0
1783931654.9,20315,32624,608,214.0,70.0,3202.0
1783931655.5,20315,32624,608,319.0,70.0,2813.0
1783931656.1,20315,32624,608,298.0,70.0,2681.0
1783931656.7,20315,32624,608,240.0,70.0,2825.0
1783931657.3,20315,32624,608,315.0,70.0,2867.0
1783931657.9,20315,32624,596,333.0,70.0,2902.0
1783931658.5,20315,32624,596,310.0,70.0,2693.0
1783931659.1,20315,32624,596,277.0,70.0,2812.0
1783931659.7,20315,32624,596,325.0,70.0,2818.0
1783931660.3,20315,32624,596,306.0,70.0,2743.0
1783931660.8,20315,32624,596,223.0,70.0,2684.0
1783931661.4,20315,32624,608,365.0,71.0,3134.0
1783931662.0,20315,32624,608,311.0,71.0,2812.0
1783931662.6,20315,32624,608,294.0,71.0,2754.0
1783931663.2,20315,32624,608,313.0,71.0,2745.0
1783931663.8,20315,32624,608,324.0,71.0,2830.0
1783931664.4,20315,32624,608,307.0,71.0,2789.0
1783931665.0,20315,32624,608,297.0,71.0,2741.0
1783931665.6,20315,32624,608,299.0,71.0,2722.0
1783931666.2,20315,32624,608,179.0,71.0,2616.0
1783931666.8,20315,32624,608,333.0,71.0,2922.0
1783931667.4,20315,32624,608,310.0,71.0,2793.0
1783931667.9,20315,32624,608,315.0,71.0,2827.0
1783931668.5,20315,32624,608,329.0,71.0,2850.0
1783931669.1,20315,32624,608,199.0,71.0,2681.0
1783931669.7,20315,32624,608,270.0,71.0,3076.0
1783931670.3,20315,32624,608,314.0,71.0,2758.0
1783931670.9,20315,32624,608,316.0,71.0,2814.0
1783931671.5,20315,32624,608,345.0,71.0,2695.0
1783931672.1,20315,32624,608,200.0,71.0,2706.0
1783931672.7,20315,32624,596,347.0,71.0,2987.0
1783931673.3,20315,32624,596,305.0,71.0,2929.0
1783931673.9,20315,32624,596,263.0,71.0,2814.0
1783931674.5,20315,32624,596,296.0,71.0,2907.0
1783931675.1,20315,32624,596,300.0,71.0,2858.0
1783931675.6,20315,32624,596,309.0,71.0,2838.0
1783931676.2,20315,32624,596,308.0,72.0,2748.0
1783931676.8,20315,32624,608,326.0,72.0,2792.0
1783931677.4,20315,32624,608,316.0,72.0,2988.0
1783931678.0,20315,32624,608,191.0,72.0,2535.0
1783931678.6,20315,32624,608,345.0,72.0,2904.0
1783931679.2,20315,32624,608,336.0,72.0,2862.0
1783931679.8,20315,32624,608,305.0,72.0,2752.0
1783931680.4,20315,32624,608,314.0,72.0,2813.0
1783931681.0,20315,32624,608,304.0,72.0,2753.0
1783931681.6,20315,32624,608,198.0,72.0,2632.0
1783931682.2,20315,32624,608,306.0,72.0,2991.0
1783931682.8,20315,32624,608,374.0,72.0,3237.0
1783931683.3,20315,32624,608,302.0,72.0,2784.0
1783931683.9,20315,32624,608,308.0,72.0,2764.0
1783931684.5,20315,32624,608,308.0,72.0,2741.0
1783931685.1,20315,32624,608,225.0,72.0,2834.0
1783931685.7,20315,32624,608,236.0,72.0,2869.0
1783931686.3,20315,32624,608,307.0,72.0,2779.0
1783931686.9,20315,32624,608,249.0,72.0,2884.0
1783931687.5,20315,32624,608,314.0,72.0,2838.0
1783931688.1,20315,32624,596,326.0,72.0,2874.0
1783931688.7,20315,32624,596,258.0,72.0,2879.0
1783931689.3,20315,32624,596,334.0,72.0,2870.0
1783931689.9,20315,32624,596,319.0,72.0,2810.0
1783931690.5,20315,32624,596,357.0,72.0,3088.0
1783931691.1,20315,32624,596,288.0,72.0,2732.0
1783931691.7,20315,32624,608,296.0,72.0,2684.0
1783931692.2,20315,32624,608,332.0,72.0,2771.0
1783931692.8,20315,32624,608,309.0,72.0,3243.0
1783931693.4,20315,32624,608,340.0,72.0,2733.0
1783931694.0,20315,32624,608,255.0,72.0,2622.0
1783931694.6,20315,32624,608,329.0,72.0,2889.0
1783931695.2,20315,32624,608,304.0,72.0,2747.0
1783931695.8,20315,32624,608,335.0,72.0,2854.0
1783931696.4,20315,32624,608,288.0,72.0,2753.0
1783931697.0,20315,32624,608,270.0,72.0,2564.0
1783931697.6,20315,32624,608,278.0,72.0,2724.0
1783931698.2,20315,32624,608,302.0,72.0,2922.0
1783931698.8,20315,32624,608,280.0,72.0,3162.0
1783931699.3,20315,32624,608,331.0,72.0,2921.0
1783931699.9,20315,32624,608,328.0,72.0,2812.0
1783931700.5,20315,32624,608,314.0,72.0,3244.0
1783931701.1,20315,32624,608,287.0,72.0,2709.0
1783931701.7,20315,32624,608,292.0,72.0,2589.0
1783931702.3,20315,32624,608,270.0,72.0,2861.0
1783931702.9,20315,32624,596,305.0,72.0,2935.0
1783931703.5,20315,32624,596,337.0,72.0,2900.0
1783931704.1,20315,32624,596,307.0,72.0,2739.0
1783931704.7,20315,32624,596,363.0,72.0,2975.0
1783931705.3,20315,32624,596,329.0,72.0,2815.0
1783931705.9,20315,32624,596,291.0,72.0,3163.0
1783931706.4,20315,32624,608,337.0,72.0,2891.0
1783931707.0,20315,32624,608,359.0,72.0,2748.0
1783931707.6,20315,32624,608,235.0,72.0,2529.0
1783931708.2,20315,32624,608,293.0,72.0,2923.0
1783931708.8,20315,32624,608,321.0,72.0,2823.0
1783931709.4,20315,32624,608,329.0,72.0,2828.0
1783931710.0,20315,32624,608,306.0,72.0,2638.0
1783931710.6,20315,32624,608,226.0,72.0,2959.0
1783931711.2,20315,32624,608,282.0,72.0,2710.0
1783931711.8,20315,32624,608,348.0,72.0,2676.0
1783931712.4,20315,32624,608,239.0,72.0,2544.0
1783931713.0,20315,32624,608,324.0,73.0,2827.0
1783931713.6,20318,32624,610,324.0,72.0,2884.0
1783931714.1,20318,32624,610,363.0,72.0,3103.0
1783931714.7,20318,32624,610,306.0,72.0,2726.0
1783931715.3,20318,32624,610,255.0,72.0,2773.0
1783931715.9,20312,32624,598,338.0,72.0,2842.0
1783931716.5,20312,32624,598,306.0,72.0,2696.0
1783931717.1,20312,32624,598,346.0,72.0,2878.0
1783931717.7,20312,32624,586,361.0,72.0,2748.0
1783931718.3,20312,32624,586,332.0,72.0,2740.0
1783931718.9,20312,32624,586,306.0,72.0,2782.0
1783931719.5,20312,32624,586,288.0,72.0,2898.0
1783931720.1,20312,32624,586,163.0,72.0,2878.0
1783931720.6,20312,32624,586,272.0,72.0,2805.0
1783931721.2,20312,32624,586,321.0,72.0,2931.0
1783931721.8,20312,32624,598,271.0,72.0,2885.0
1783931722.4,20312,32624,598,310.0,73.0,2966.0
1783931723.0,20312,32624,598,286.0,73.0,2714.0
1783931723.6,20312,32624,598,342.0,72.0,2912.0
1783931724.2,20312,32624,598,288.0,72.0,2948.0
1783931724.8,20312,32624,598,330.0,72.0,3218.0
1783931725.4,20312,32624,598,296.0,73.0,3221.0
1783931726.0,20312,32624,598,294.0,72.0,2606.0
1783931726.6,20312,32624,598,331.0,73.0,3150.0
1783931727.2,20312,32624,598,305.0,73.0,2787.0
1783931727.8,20316,32624,600,332.0,72.0,2816.0
1783931728.3,20316,32624,600,307.0,73.0,2733.0
1783931728.9,20316,32624,600,322.0,73.0,2784.0
1783931729.5,20316,32624,600,317.0,73.0,2784.0
1783931730.1,20316,32624,600,312.0,73.0,2750.0
1783931730.7,20316,32624,600,317.0,73.0,3049.0
1783931731.3,20316,32624,600,193.0,73.0,2695.0
1783931731.9,20316,32624,600,288.0,73.0,2710.0
1783931732.5,20316,32624,600,191.0,72.0,2599.0
1783931733.1,20316,32624,586,284.0,73.0,2857.0
1783931733.7,20316,32624,586,334.0,72.0,3018.0
1783931734.3,20316,32624,586,354.0,73.0,2895.0
1783931734.9,20316,32624,586,308.0,73.0,2806.0
1783931735.5,20316,32624,586,300.0,73.0,2781.0
1783931736.1,20316,32624,586,322.0,73.0,2806.0
1783931736.6,20316,32624,598,363.0,73.0,3133.0
1783931737.2,20316,32624,598,337.0,73.0,2814.0
1783931737.8,20316,32624,598,323.0,72.0,2869.0
1783931738.4,20316,32624,598,337.0,73.0,2896.0
1783931739.0,20316,32624,598,309.0,73.0,2700.0
1783931739.6,20316,32624,598,309.0,73.0,2741.0
1783931740.2,20316,32624,598,324.0,73.0,3224.0
1783931740.8,20316,32624,598,289.0,73.0,2965.0
1783931741.4,20316,32624,598,401.0,73.0,3152.0
1783931742.0,20316,32624,598,327.0,73.0,2943.0
1783931742.6,20316,32624,598,314.0,73.0,3246.0
1783931743.2,20316,32624,598,294.0,73.0,2745.0
1783931743.8,20316,32624,598,310.0,73.0,3262.0
1783931744.3,20316,32624,598,293.0,73.0,2759.0
1783931744.9,20316,32624,598,301.0,73.0,2704.0
1783931745.5,20316,32624,598,316.0,73.0,2766.0
1783931746.1,20316,32624,598,314.0,73.0,2782.0
1783931746.7,20316,32624,598,354.0,73.0,2979.0
1783931747.3,20316,32624,598,370.0,73.0,3011.0
1783931747.9,20316,32624,586,315.0,72.0,2852.0
1783931748.5,20316,32624,586,288.0,73.0,3105.0
1783931749.1,20316,32624,586,313.0,73.0,2774.0
1783931749.7,20316,32624,586,364.0,73.0,2978.0
1783931750.3,20316,32624,586,354.0,73.0,2903.0
1783931750.9,20316,32624,586,128.0,73.0,2908.0
1783931751.4,20316,32624,598,193.0,73.0,2818.0
1783931752.0,20316,32624,598,314.0,73.0,2674.0
1783931752.6,20316,32624,598,296.0,72.0,2757.0
1783931753.2,20316,32624,598,311.0,73.0,2908.0
1783931753.8,20316,32624,598,329.0,73.0,2805.0
1783931754.4,20316,32624,598,309.0,73.0,3075.0
1783931755.0,20316,32624,598,296.0,73.0,2754.0
1783931755.6,20316,32624,598,325.0,73.0,2757.0
1783931756.2,20316,32624,598,331.0,73.0,2868.0
1783931756.8,20316,32624,598,311.0,73.0,2827.0
1783931757.4,20316,32624,598,286.0,73.0,2891.0
1783931757.9,20316,32624,598,287.0,73.0,2938.0
1783931758.5,20316,32624,591,36.0,71.0,0.0
1783931759.1,20316,32624,604,287.0,71.0,2516.0
1783931759.7,20316,32624,604,331.0,72.0,2939.0
1783931760.3,20316,32624,604,322.0,72.0,2803.0
1783931760.9,20316,32624,604,311.0,72.0,2704.0
1783931761.5,20316,32624,604,267.0,72.0,2832.0
1783931762.1,20316,32624,604,298.0,72.0,3213.0
1783931762.7,20316,32624,600,323.0,72.0,2731.0
1783931763.3,20316,32624,600,321.0,72.0,2857.0
1783931763.9,20316,32624,600,316.0,72.0,2775.0
1783931764.5,20316,32624,598,321.0,72.0,2732.0
1783931765.1,20316,32624,598,268.0,72.0,2829.0
1783931765.6,20316,32624,598,329.0,72.0,2843.0
1783931766.2,20316,32624,598,301.0,72.0,2765.0
1783931766.8,20316,32624,607,325.0,72.0,2746.0
1783931767.4,20316,32624,607,183.0,72.0,2694.0
1783931768.0,20316,32624,607,345.0,72.0,3128.0
1783931768.6,20316,32624,607,324.0,72.0,2806.0
1783931769.2,20316,32624,607,300.0,72.0,2748.0
1783931769.8,20316,32624,607,353.0,72.0,2690.0
1783931770.4,20316,32624,607,329.0,72.0,2936.0
1783931771.0,20316,32624,607,314.0,72.0,2791.0
1783931771.6,20316,32624,607,300.0,72.0,2781.0
1783931772.2,20316,32624,607,300.0,72.0,2643.0
1783931772.7,20316,32624,607,167.0,72.0,2903.0
1783931773.3,20316,32624,607,310.0,72.0,2751.0
1783931773.9,20316,32624,607,333.0,72.0,2702.0
1783931774.5,20316,32624,607,275.0,73.0,2849.0
1783931775.1,20316,32624,607,326.0,72.0,2839.0
1783931775.7,20316,32624,607,307.0,73.0,3239.0
1783931776.3,20316,32624,607,275.0,73.0,2655.0
1783931776.9,20316,32624,607,305.0,72.0,2770.0
1783931777.5,20316,32624,607,334.0,72.0,2742.0
1783931778.1,20316,32624,598,332.0,73.0,3221.0
1783931778.7,20316,32624,598,321.0,73.0,2852.0
1783931779.2,20316,32624,598,297.0,72.0,2751.0
1783931779.8,20316,32624,598,314.0,73.0,2774.0
1783931780.4,20316,32624,598,296.0,73.0,2737.0
1783931781.0,20316,32624,598,317.0,73.0,3175.0
1783931781.6,20316,32624,609,397.0,73.0,3210.0
1783931782.2,20316,32624,609,366.0,73.0,3009.0
1783931782.8,20316,32624,609,316.0,73.0,2751.0
1783931783.4,20316,32624,609,304.0,73.0,2675.0
1783931784.0,20316,32624,609,274.0,73.0,2843.0
1783931784.6,20316,32624,609,329.0,73.0,2898.0
1783931785.2,20316,32624,609,316.0,72.0,2771.0
1783931785.7,20316,32624,609,336.0,73.0,2865.0
1783931786.3,20316,32624,609,303.0,73.0,3254.0
1783931786.9,20316,32624,609,236.0,72.0,2765.0
1783931787.5,20316,32624,609,336.0,73.0,2902.0
1783931788.1,20316,32624,609,301.0,73.0,2743.0
1783931788.7,20316,32624,609,324.0,73.0,2964.0
1783931789.3,20316,32624,609,180.0,73.0,2601.0
1783931789.9,20316,32624,609,319.0,73.0,2901.0
1783931790.5,20316,32624,609,320.0,73.0,2788.0
1783931791.1,20316,32624,609,315.0,73.0,2811.0
1783931791.7,20316,32624,609,303.0,73.0,2759.0
1783931792.3,20316,32624,609,299.0,73.0,2695.0
1783931792.9,20316,32624,598,357.0,73.0,2881.0
1783931793.4,20316,32624,598,316.0,73.0,2815.0
1783931794.0,20316,32624,598,304.0,73.0,2881.0
1783931794.6,20316,32624,598,209.0,73.0,2670.0
1783931795.2,20316,32624,598,350.0,73.0,2892.0
1783931795.8,20316,32624,598,358.0,73.0,2964.0
1783931796.4,20316,32624,598,287.0,73.0,3232.0
1783931797.0,20316,32624,609,303.0,73.0,3202.0
1783931797.6,20316,32624,609,305.0,73.0,2792.0
1783931798.2,20316,32624,609,287.0,73.0,2870.0
1783931798.8,20316,32624,609,313.0,73.0,2783.0
1783931799.4,20316,32624,609,321.0,73.0,2795.0
1783931799.9,20316,32624,609,303.0,73.0,3247.0
1783931800.5,20316,32624,609,269.0,73.0,2747.0
1783931801.1,20316,32624,609,297.0,73.0,2972.0
1783931801.7,20316,32624,609,143.0,73.0,2815.0
1783931802.3,20316,32624,609,319.0,73.0,2824.0
1783931802.9,20316,32624,609,300.0,73.0,2778.0
1783931803.5,20316,32624,609,330.0,73.0,2780.0
1783931804.1,20316,32624,609,310.0,73.0,2681.0
1783931804.7,20316,32624,609,162.0,73.0,2532.0
1783931805.3,20316,32624,609,354.0,73.0,2934.0
1783931805.9,20316,32624,609,321.0,73.0,2846.0
1783931806.4,20316,32624,609,306.0,73.0,2760.0
1783931807.0,20316,32624,609,301.0,73.0,2775.0
1783931807.6,20316,32624,609,281.0,73.0,2909.0
1783931808.2,20316,32624,598,300.0,73.0,2695.0
1783931808.8,20316,32624,598,314.0,73.0,2729.0
1783931809.4,20316,32624,598,203.0,73.0,2712.0
1783931810.0,20316,32624,598,409.0,73.0,3195.0
1783931810.6,20316,32624,598,316.0,73.0,3277.0
1783931811.2,20316,32624,598,323.0,73.0,2778.0
1783931811.8,20316,32624,611,288.0,73.0,3245.0
1783931812.4,20316,32624,611,235.0,73.0,2619.0
1783931813.0,20316,32624,611,282.0,73.0,2979.0
1783931813.5,20316,32624,611,280.0,73.0,2876.0
1783931814.1,20316,32624,611,321.0,73.0,2886.0
1783931814.7,20316,32624,611,292.0,73.0,2721.0
1783931815.3,20316,32624,611,263.0,73.0,2830.0
1783931815.9,20316,32624,611,406.0,73.0,3122.0
1783931816.5,20316,32624,611,344.0,73.0,2888.0
1783931817.1,20316,32624,611,319.0,73.0,2771.0
1783931817.7,20316,32624,611,249.0,73.0,2748.0
1783931818.3,20316,32624,611,272.0,73.0,2830.0
1783931818.9,20316,32624,611,289.0,73.0,3141.0
1783931819.5,20316,32624,611,336.0,73.0,2858.0
1783931820.1,20316,32624,611,323.0,73.0,2839.0
1783931820.7,20316,32624,611,308.0,73.0,2741.0
1783931821.2,20316,32624,611,313.0,73.0,2832.0
1783931821.8,20316,32624,611,306.0,73.0,2720.0
1783931822.4,20316,32624,611,306.0,73.0,2785.0
1783931823.0,20316,32624,600,293.0,73.0,2778.0
1783931823.6,20316,32624,600,299.0,73.0,2743.0
1783931824.2,20316,32624,600,269.0,73.0,2724.0
1783931824.8,20316,32624,600,394.0,73.0,3153.0
1783931825.4,20316,32624,600,321.0,73.0,3173.0
1783931826.0,20316,32624,600,339.0,73.0,2856.0
1783931826.6,20316,32624,611,333.0,73.0,2837.0
1783931827.2,20316,32624,611,333.0,73.0,2819.0
1783931827.8,20316,32624,611,294.0,73.0,2695.0
1783931828.3,20316,32624,611,302.0,73.0,2749.0
1783931828.9,20316,32624,611,300.0,73.0,2723.0
1783931829.5,20316,32624,611,300.0,73.0,2778.0
1783931830.1,20316,32624,611,303.0,73.0,2730.0
1783931830.7,20316,32624,611,286.0,73.0,2657.0
1783931831.3,20316,32624,611,297.0,73.0,2750.0
1783931831.9,20316,32624,611,301.0,73.0,2738.0
1783931832.5,20316,32624,611,343.0,73.0,3260.0
1783931833.1,20316,32624,611,335.0,73.0,2852.0
1783931833.7,20316,32624,611,319.0,73.0,2826.0
1783931834.3,20316,32624,611,217.0,73.0,2842.0
1783931834.8,20316,32624,611,325.0,73.0,2652.0
1783931835.4,20316,32624,611,299.0,73.0,2885.0
1783931836.0,20316,32624,611,356.0,73.0,2888.0
1783931836.6,20316,32624,611,306.0,73.0,2732.0
1783931837.2,20316,32624,611,324.0,73.0,2733.0
1783931837.8,20316,32624,600,259.0,73.0,2864.0
1783931838.4,20316,32624,600,303.0,73.0,3061.0
1783931839.0,20316,32624,600,311.0,73.0,2872.0
1783931839.6,20316,32624,600,285.0,73.0,2916.0
1783931840.2,20316,32624,600,336.0,73.0,2918.0
1783931840.8,20316,32624,600,301.0,73.0,2750.0
1783931841.4,20316,32624,600,294.0,73.0,2668.0
1783931842.0,20316,32624,611,345.0,73.0,2723.0
1783931842.6,20316,32624,611,302.0,73.0,2723.0
1783931843.2,20316,32624,611,323.0,73.0,2694.0
1783931843.8,20316,32624,611,298.0,73.0,2664.0
1783931844.4,20316,32624,611,203.0,73.0,2795.0
1783931845.0,20316,32624,611,173.0,72.0,2648.0
1783931845.6,20316,32624,611,199.0,73.0,2704.0
1783931846.1,20316,32624,611,352.0,73.0,2923.0
1783931846.7,20316,32624,611,218.0,73.0,2813.0
1783931847.3,20316,32624,611,339.0,73.0,2864.0
1783931847.9,20316,32624,611,324.0,72.0,3097.0
1783931848.5,20316,32624,611,308.0,73.0,2765.0
1783931849.1,20316,32624,611,310.0,73.0,2773.0
1783931849.7,20316,32624,611,303.0,73.0,2774.0
1783931850.3,20316,32624,611,293.0,73.0,2742.0
1783931850.9,20316,32624,611,324.0,73.0,2779.0
1783931851.5,20316,32624,611,285.0,73.0,2697.0
1783931852.1,20316,32624,611,230.0,73.0,2701.0
1783931852.7,20316,32624,600,111.0,73.0,3001.0
1783931853.3,20316,32624,600,299.0,73.0,2917.0
1783931853.9,20316,32624,600,345.0,73.0,2849.0
1783931854.5,20316,32624,600,267.0,73.0,3024.0
1783931855.1,20316,32624,600,256.0,73.0,2809.0
1783931855.7,20316,32624,600,332.0,73.0,2887.0
1783931856.3,20316,32624,600,294.0,73.0,2742.0
1783931856.9,20316,32624,611,340.0,73.0,2833.0
1783931857.5,20316,32624,611,326.0,73.0,2808.0
1783931858.0,20316,32624,611,331.0,73.0,2823.0
1783931858.6,20316,32624,611,348.0,73.0,2869.0
1783931859.2,20316,32624,611,321.0,73.0,2882.0
1783931859.8,20316,32624,611,304.0,73.0,2813.0
1783931860.4,20316,32624,611,335.0,73.0,2874.0
1783931861.0,20316,32624,611,332.0,72.0,2828.0
1783931861.6,20316,32624,611,329.0,73.0,2896.0
1783931862.2,20316,32624,611,339.0,73.0,2898.0
1783931862.8,20316,32624,611,341.0,73.0,2891.0
1783931863.4,20316,32624,611,314.0,73.0,2917.0
1783931864.0,20316,32624,611,269.0,73.0,2942.0
1783931864.6,20316,32624,611,224.0,73.0,2824.0
1783931865.2,20316,32624,611,175.0,73.0,2640.0
1783931865.7,20316,32624,611,310.0,73.0,2885.0
1783931866.3,20316,32624,611,272.0,73.0,2932.0
1783931866.9,20316,32624,604,38.0,71.0,7.0
1783931867.5,20316,32624,604,323.0,71.0,2797.0
1783931868.1,20316,32624,600,271.0,72.0,2782.0
1783931868.7,20316,32624,600,338.0,72.0,3099.0
1783931869.3,20316,32624,600,305.0,72.0,2754.0
1783931869.9,20316,32624,600,202.0,72.0,2591.0
1783931870.5,20316,32624,600,326.0,72.0,2858.0
1783931871.1,20316,32624,600,318.0,72.0,2953.0
1783931871.7,20316,32624,611,304.0,72.0,3044.0
1783931872.3,20316,32624,611,270.0,72.0,2905.0
1783931872.9,20316,32624,598,307.0,72.0,3000.0
1783931873.4,20316,32624,598,318.0,72.0,2754.0
1783931874.0,20316,32624,598,282.0,72.0,3245.0
1783931874.6,20316,32624,598,336.0,73.0,2831.0
1783931875.2,20316,32624,598,386.0,73.0,3067.0
1783931875.8,20316,32624,598,309.0,73.0,2744.0
1783931876.4,20316,32624,598,287.0,72.0,2694.0
1783931877.0,20316,32624,598,264.0,72.0,2862.0
1783931877.6,20316,32624,598,323.0,73.0,2813.0
1783931878.2,20316,32624,598,190.0,73.0,2683.0
1783931878.8,20316,32624,598,338.0,73.0,2908.0
1783931879.4,20316,32624,598,306.0,73.0,2653.0
1783931880.0,20316,32624,598,292.0,72.0,2830.0
1783931880.6,20316,32624,598,308.0,73.0,2779.0
1783931881.2,20318,32624,606,210.0,73.0,2644.0
1783931881.7,20318,32624,606,328.0,72.0,2885.0
1783931882.3,20318,32624,606,340.0,72.0,2884.0
1783931882.9,20316,32624,606,309.0,72.0,2735.0
1783931883.5,20316,32624,606,171.0,72.0,2759.0
1783931884.1,20316,32624,606,347.0,72.0,2914.0
1783931884.7,20316,32624,606,295.0,72.0,2754.0
1783931885.3,20316,32624,606,318.0,72.0,3247.0
1783931885.9,20316,32624,606,267.0,73.0,2877.0
1783931886.5,20316,32624,617,373.0,72.0,2956.0
1783931887.1,20316,32624,623,242.0,71.0,2835.0
1783931887.7,20316,32624,623,316.0,72.0,2783.0
1783931888.3,20316,32624,623,305.0,72.0,2740.0
1783931888.9,20316,32624,623,271.0,72.0,2657.0
1783931889.5,20316,32624,623,314.0,72.0,2767.0
1783931890.1,20316,32624,623,312.0,72.0,2679.0
1783931890.7,20316,32624,623,314.0,72.0,2784.0
1783931891.3,20316,32624,623,225.0,72.0,2710.0
1783931891.8,20316,32624,623,335.0,72.0,2851.0
1783931892.4,20316,32624,623,299.0,72.0,2727.0
1783931893.0,20316,32624,604,364.0,73.0,2989.0
1783931893.6,20321,32624,606,301.0,72.0,2687.0
1783931894.2,20321,32624,606,323.0,73.0,2786.0
1783931894.8,20321,32624,606,326.0,73.0,2757.0
1783931895.4,20321,32624,606,233.0,73.0,2828.0
1783931896.0,20317,32624,596,389.0,72.0,3082.0
1783931896.6,20321,32624,598,303.0,72.0,2754.0
1783931897.2,20321,32624,598,294.0,72.0,2647.0
1783931897.8,20321,32624,600,303.0,73.0,2720.0
1783931898.4,20321,32624,600,329.0,73.0,2818.0
1783931899.0,20321,32624,600,278.0,73.0,2722.0
1783931899.6,20321,32624,600,271.0,73.0,3046.0
1783931900.2,20321,32624,600,314.0,73.0,2748.0
1783931900.8,20321,32624,600,309.0,73.0,2947.0
1783931901.4,20321,32624,598,305.0,73.0,2737.0
1783931901.9,20321,32624,609,293.0,73.0,2999.0
1783931902.5,20321,32624,609,334.0,73.0,2838.0
1783931903.1,20321,32624,609,315.0,73.0,2788.0
1783931903.7,20321,32624,609,314.0,72.0,2705.0
1783931904.3,20321,32624,609,330.0,73.0,2856.0
1783931904.9,20321,32624,609,321.0,73.0,2801.0
1783931905.5,20321,32624,609,303.0,73.0,2691.0
1783931906.1,20321,32624,609,270.0,73.0,2794.0
1783931906.7,20321,32624,609,378.0,73.0,3079.0
1783931907.3,20321,32624,609,297.0,73.0,2705.0
1783931907.9,20321,32624,609,336.0,73.0,2866.0
1783931908.5,20321,32624,609,298.0,73.0,3068.0
1783931909.1,20321,32624,609,198.0,73.0,2702.0
1783931909.7,20321,32624,609,336.0,73.0,2882.0
1783931910.3,20321,32624,609,239.0,73.0,2680.0
1783931910.9,20321,32624,609,330.0,73.0,2828.0
1783931911.5,20321,32624,609,308.0,73.0,3058.0
1783931912.0,20321,32624,609,308.0,73.0,2801.0
1783931912.6,20321,32624,609,312.0,73.0,2687.0
1783931913.2,20321,32624,598,247.0,73.0,2798.0
1783931913.8,20321,32624,598,322.0,73.0,2798.0
1783931914.4,20321,32624,598,307.0,73.0,2732.0
1783931915.0,20321,32624,598,353.0,73.0,2901.0
1783931915.6,20321,32624,598,334.0,73.0,3229.0
1783931916.2,20321,32624,598,307.0,73.0,2701.0
1783931916.8,20321,32624,609,235.0,72.0,2759.0
1783931917.4,20321,32624,609,329.0,72.0,2856.0
1783931918.0,20321,32624,609,224.0,72.0,2817.0
1783931918.6,20321,32624,609,324.0,72.0,2819.0
1783931919.2,20321,32624,609,312.0,72.0,2726.0
1783931919.8,20321,32624,609,320.0,72.0,3260.0
1783931920.4,20321,32624,609,318.0,72.0,2738.0
1783931921.0,20321,32624,609,306.0,72.0,2952.0
1783931921.6,20321,32624,609,296.0,72.0,2718.0
1783931922.2,20321,32624,609,344.0,72.0,2873.0
1783931922.7,20321,32624,609,364.0,72.0,2995.0
1783931923.3,20321,32624,609,344.0,72.0,2919.0
1783931923.9,20321,32624,609,314.0,73.0,2822.0
1783931924.5,20321,32624,609,298.0,73.0,2724.0
1783931925.1,20321,32624,609,344.0,72.0,3217.0
1783931925.7,20321,32624,609,317.0,72.0,2825.0
1783931926.3,20321,32624,609,248.0,72.0,2708.0
1783931926.9,20321,32624,609,340.0,72.0,2897.0
1783931927.5,20321,32624,609,314.0,72.0,2941.0
1783931928.1,20321,32624,598,281.0,72.0,3058.0
1783931928.7,20321,32624,598,317.0,72.0,2917.0
1783931929.3,20321,32624,598,311.0,72.0,2997.0
1783931929.9,20321,32624,598,223.0,73.0,2819.0
1783931930.5,20321,32624,598,266.0,72.0,2913.0
1783931931.1,20321,32624,598,343.0,72.0,2925.0
1783931931.7,20321,32624,611,326.0,72.0,2854.0
1783931932.2,20321,32624,611,300.0,72.0,3085.0
1783931932.8,20321,32624,611,314.0,72.0,3108.0
1783931933.4,20321,32624,611,323.0,72.0,2811.0
1783931934.0,20321,32624,611,277.0,72.0,2688.0
1783931934.6,20321,32624,611,312.0,72.0,3099.0
1783931935.2,20321,32624,611,384.0,72.0,3126.0
1783931935.8,20321,32624,611,330.0,72.0,2826.0
1783931936.4,20321,32624,611,333.0,72.0,2898.0
1783931937.0,20321,32624,611,309.0,72.0,2764.0
1783931937.6,20321,32624,611,291.0,72.0,2907.0
1783931938.2,20321,32624,611,296.0,72.0,3212.0
1783931938.8,20321,32624,611,287.0,72.0,2682.0
1783931939.4,20321,32624,611,303.0,72.0,2729.0
1783931940.0,20321,32624,611,327.0,72.0,2619.0
1783931940.5,20321,32624,611,192.0,72.0,2668.0
1783931941.1,20321,32624,611,321.0,72.0,2856.0
1783931941.7,20321,32624,611,309.0,72.0,2758.0
1783931942.3,20321,32624,611,238.0,72.0,3036.0
1783931942.9,20321,32624,600,296.0,72.0,3238.0
1783931943.5,20321,32624,600,311.0,72.0,3134.0
1783931944.1,20321,32624,600,340.0,72.0,2963.0
1783931944.7,20321,32624,600,306.0,72.0,2766.0
1783931945.3,20321,32624,600,299.0,72.0,2774.0
1783931945.9,20321,32624,600,277.0,72.0,2691.0
1783931946.5,20321,32624,611,333.0,72.0,2889.0
1783931947.1,20321,32624,611,347.0,72.0,3154.0
1783931947.7,20321,32624,611,304.0,72.0,2901.0
1783931948.3,20321,32624,611,276.0,72.0,2718.0
1783931948.9,20321,32624,611,317.0,72.0,2693.0
1783931949.4,20321,32624,611,247.0,72.0,2603.0
1783931950.0,20321,32624,611,292.0,72.0,2598.0
1783931950.6,20321,32624,611,271.0,72.0,2867.0
1783931951.2,20321,32624,611,265.0,72.0,2869.0
1783931951.8,20321,32624,611,303.0,72.0,2850.0
1783931952.4,20321,32624,611,311.0,72.0,2737.0
1783931953.0,20321,32624,611,313.0,72.0,2685.0
1783931953.6,20321,32624,611,302.0,72.0,2749.0
1783931954.2,20321,32624,611,367.0,72.0,2696.0
1783931954.8,20321,32624,611,299.0,72.0,2582.0
1783931955.4,20321,32624,611,227.0,72.0,2862.0
1783931956.0,20321,32624,611,350.0,72.0,2878.0
1783931956.6,20321,32624,604,68.0,70.0,2984.0
1783931957.2,20321,32624,604,213.0,71.0,2534.0
1783931957.8,20321,32624,600,366.0,71.0,3056.0
1783931958.4,20321,32624,600,308.0,72.0,2677.0
1783931958.9,20321,32624,600,342.0,72.0,2873.0
1783931959.5,20321,32624,600,325.0,72.0,2816.0
1783931960.1,20321,32624,600,93.0,72.0,3243.0
1783931960.7,20321,32624,600,297.0,72.0,2722.0
1783931961.3,20321,32624,600,289.0,72.0,2909.0
1783931961.9,20321,32624,611,309.0,72.0,2773.0
1783931962.5,20321,32624,598,383.0,72.0,3111.0
1783931963.1,20321,32624,598,312.0,72.0,2786.0
1783931963.7,20321,32624,598,315.0,72.0,2802.0
1783931964.3,20321,32624,598,267.0,72.0,3073.0
1783931964.9,20321,32624,598,312.0,72.0,2768.0
1783931965.5,20321,32624,598,315.0,72.0,2731.0
1783931966.1,20321,32624,598,151.0,72.0,3083.0
1783931966.6,20321,32624,598,315.0,72.0,2786.0
1783931967.2,20321,32624,598,319.0,72.0,2804.0
1783931967.8,20321,32624,598,309.0,72.0,3273.0
1783931968.4,20321,32624,598,256.0,72.0,2859.0
1783931969.0,20321,32624,598,316.0,72.0,2800.0
1783931969.6,20321,32624,598,289.0,72.0,2734.0
1783931970.2,20321,32624,598,233.0,72.0,2896.0
1783931970.8,20321,32624,598,319.0,72.0,2890.0
1783931971.4,20321,32624,598,318.0,72.0,2826.0
1783931972.0,20321,32624,598,313.0,72.0,2755.0
1783931972.6,20321,32624,598,304.0,72.0,3220.0
1783931973.2,20321,32624,598,346.0,72.0,2936.0
1783931973.8,20321,32624,598,301.0,72.0,2923.0
1783931974.3,20321,32624,598,342.0,72.0,2710.0
1783931974.9,20321,32624,598,269.0,72.0,2844.0
1783931975.5,20321,32624,598,246.0,72.0,2609.0
1783931976.1,20321,32624,598,205.0,72.0,2807.0
1783931976.7,20321,32624,609,323.0,72.0,2924.0
1783931977.3,20321,32624,609,315.0,72.0,2783.0
1783931977.9,20321,32624,609,307.0,72.0,2684.0
1783931978.5,20321,32624,609,323.0,72.0,2828.0
1783931979.1,20321,32624,609,308.0,72.0,2783.0
1783931979.7,20321,32624,609,183.0,72.0,2652.0
1783931980.3,20321,32624,609,318.0,72.0,2809.0
1783931980.9,20321,32624,609,192.0,72.0,2838.0
1783931981.5,20321,32624,609,319.0,72.0,2927.0
1783931982.1,20321,32624,609,318.0,72.0,2794.0
1783931982.7,20321,32624,609,109.0,72.0,3248.0
1783931983.2,20321,32624,609,311.0,72.0,2785.0
1783931983.8,20321,32624,609,196.0,72.0,2663.0
1783931984.4,20321,32624,609,306.0,72.0,2798.0
1783931985.0,20321,32624,609,417.0,72.0,3147.0
1783931985.6,20321,32624,609,313.0,72.0,2788.0
1783931986.2,20321,32624,609,315.0,72.0,2647.0
1783931986.8,20321,32624,609,249.0,72.0,3170.0
1783931987.4,20321,32624,609,297.0,72.0,2712.0
1783931988.0,20321,32624,604,422.0,72.0,3125.0
1783931988.6,20321,32624,604,375.0,72.0,3043.0
1783931989.2,20321,32624,604,313.0,72.0,2763.0
1783931989.8,20321,32624,604,158.0,72.0,2824.0
1783931990.4,20321,32624,604,303.0,72.0,2744.0
1783931991.0,20321,32624,604,314.0,72.0,2812.0
1783931991.6,20321,32624,609,313.0,72.0,2717.0
1783931992.2,20321,32624,609,271.0,72.0,2854.0
1783931992.8,20321,32624,609,352.0,72.0,3182.0
1783931993.4,20321,32624,609,349.0,72.0,2700.0
1783931994.0,20321,32624,609,315.0,72.0,2906.0
1783931994.6,20321,32624,609,362.0,72.0,3135.0
1783931995.2,20321,32624,609,320.0,72.0,3045.0
1783931995.8,20321,32624,609,251.0,72.0,2700.0
1783931996.4,20321,32624,609,373.0,72.0,3067.0
1783931996.9,20321,32624,609,299.0,72.0,2741.0
1783931997.5,20321,32624,609,313.0,72.0,2766.0
1783931998.1,20321,32624,609,164.0,72.0,2666.0
1783931998.7,20321,32624,598,326.0,72.0,2819.0
1783931999.3,20321,32624,598,313.0,72.0,2728.0
1783931999.9,20321,32624,598,322.0,72.0,2954.0
1783932000.5,20321,32624,598,389.0,72.0,3138.0
1783932001.1,20321,32624,598,291.0,72.0,2764.0
1783932001.7,20321,32624,598,276.0,72.0,2744.0
1783932002.3,20321,32624,598,138.0,72.0,2674.0
1783932002.9,20321,32624,606,328.0,72.0,3197.0
1783932003.5,20321,32624,606,338.0,72.0,2736.0
1783932004.1,20321,32624,604,320.0,72.0,3255.0
1783932004.7,20321,32624,604,328.0,72.0,2849.0
1783932005.3,20321,32624,604,325.0,72.0,2999.0
1783932005.9,20321,32624,604,300.0,72.0,2749.0
1783932006.4,20321,32624,604,315.0,72.0,2938.0
1783932007.0,20321,32624,617,300.0,72.0,2771.0
1783932007.6,20321,32624,604,315.0,72.0,2748.0
1783932008.2,20321,32624,604,320.0,72.0,2723.0
1783932008.8,20321,32624,604,215.0,72.0,2617.0
1783932009.4,20321,32624,604,213.0,72.0,2899.0
1783932010.0,20321,32624,604,308.0,72.0,2722.0
1783932010.6,20321,32624,604,298.0,72.0,2719.0
1783932011.2,20321,32624,604,291.0,72.0,3236.0
1783932011.8,20321,32624,604,242.0,72.0,2806.0
1783932012.4,20321,32624,604,286.0,72.0,2975.0
1783932013.0,20321,32624,604,325.0,72.0,2852.0
1783932013.6,20321,32624,604,343.0,72.0,2933.0
1783932014.2,20321,32624,604,333.0,72.0,2830.0
1783932014.7,20321,32624,604,326.0,72.0,2894.0
1783932015.3,20321,32624,604,308.0,72.0,2764.0
1783932015.9,20321,32624,604,308.0,72.0,2678.0
1783932016.5,20321,32624,604,257.0,72.0,2788.0
1783932017.1,20321,32624,604,312.0,72.0,2973.0
1783932017.7,20321,32624,600,328.0,72.0,2840.0
1783932018.3,20321,32624,600,311.0,72.0,2780.0
1783932018.9,20321,32624,600,309.0,72.0,2697.0
1783932019.5,20321,32624,600,269.0,72.0,2707.0
1783932020.1,20321,32624,600,279.0,72.0,2924.0
1783932020.7,20321,32624,600,377.0,71.0,3118.0
1783932021.3,20321,32624,604,44.0,70.0,0.0
1783932021.9,20321,32624,617,315.0,70.0,2790.0
1783932022.5,20321,32624,617,296.0,71.0,2700.0
1783932023.1,20321,32624,617,333.0,72.0,2926.0
1783932023.7,20321,32624,617,265.0,72.0,2800.0
1783932024.3,20321,32624,617,316.0,72.0,2975.0
1783932024.8,20321,32624,617,304.0,72.0,2735.0
1783932025.4,20321,32624,617,293.0,72.0,2867.0
1783932026.0,20321,32624,617,316.0,72.0,2959.0
1783932026.6,20321,32624,617,310.0,72.0,2759.0
1783932027.2,20321,32624,617,321.0,72.0,3144.0
1783932027.8,20321,32624,617,308.0,72.0,2735.0
1783932028.4,20321,32624,617,194.0,72.0,2737.0
1783932029.0,20321,32624,617,343.0,71.0,3214.0
1783932029.6,20321,32624,617,273.0,72.0,2680.0
1783932030.2,20321,32624,617,322.0,71.0,2843.0
1783932030.8,20321,32624,617,313.0,72.0,2773.0
1783932031.4,20321,32624,617,265.0,72.0,2849.0
1783932032.0,20321,32624,617,340.0,72.0,2906.0
1783932032.6,20321,32624,617,321.0,72.0,2818.0
1783932033.2,20321,32624,600,301.0,72.0,2726.0
1783932033.7,20321,32624,600,218.0,72.0,3044.0
1783932034.3,20321,32624,600,330.0,72.0,2898.0
1783932034.9,20321,32624,600,308.0,72.0,2966.0
1783932035.5,20321,32624,600,271.0,72.0,2734.0
1783932036.1,20321,32624,600,321.0,72.0,2290.0
1783932036.7,20321,32624,617,354.0,72.0,2975.0
1783932037.3,20321,32624,617,261.0,72.0,2932.0
1783932037.9,20321,32624,617,341.0,72.0,2690.0
1783932038.5,20321,32624,617,329.0,72.0,2875.0
1783932039.1,20321,32624,617,305.0,72.0,2757.0
1783932039.7,20321,32624,617,237.0,72.0,2820.0
1783932040.3,20321,32624,617,313.0,72.0,2779.0
1783932040.9,20321,32624,617,306.0,72.0,2749.0
1783932041.4,20321,32624,617,263.0,72.0,2642.0
1783932042.0,20321,32624,617,295.0,72.0,2934.0
1783932042.6,20321,32624,617,316.0,72.0,2825.0
1783932043.2,20321,32624,617,315.0,72.0,2754.0
1783932043.8,20321,32624,617,207.0,72.0,2699.0
1783932044.4,20321,32624,617,324.0,72.0,2838.0
1783932045.0,20321,32624,617,325.0,72.0,2788.0
1783932045.6,20321,32624,617,296.0,72.0,2704.0
1783932046.2,20321,32624,602,45.0,71.0,0.0
1783932046.8,20321,32624,602,326.0,71.0,2852.0
1783932047.4,20321,32624,602,320.0,72.0,2988.0
1783932048.0,20321,32624,598,167.0,72.0,2680.0
1783932048.5,20321,32624,598,306.0,72.0,2693.0
1783932049.1,20321,32624,598,315.0,72.0,2627.0
1783932049.7,20321,32624,598,327.0,72.0,2825.0
1783932050.3,20321,32624,598,267.0,72.0,3099.0
1783932050.9,20321,32624,598,322.0,72.0,2842.0
1783932051.5,20321,32624,615,304.0,72.0,2731.0
1783932052.1,20321,32624,615,307.0,72.0,2674.0
1783932052.7,20321,32624,615,320.0,72.0,2961.0
1783932053.3,20321,32624,615,309.0,72.0,2768.0
1783932053.9,20321,32624,615,332.0,72.0,2699.0
1783932054.5,20321,32624,602,203.0,72.0,2781.0
1783932055.1,20321,32624,602,332.0,72.0,2865.0
1783932055.7,20321,32624,602,302.0,72.0,2725.0
1783932056.3,20321,32624,602,283.0,72.0,2626.0
1783932056.8,20321,32624,602,160.0,72.0,2898.0
1783932057.4,20321,32624,602,306.0,72.0,2764.0
1783932058.0,20321,32624,602,296.0,72.0,2731.0
1783932058.6,20321,32624,602,307.0,72.0,2880.0
1783932059.2,20321,32624,602,338.0,72.0,3203.0
1783932059.8,20321,32624,602,309.0,72.0,2780.0
1783932060.4,20321,32624,602,302.0,72.0,3081.0
1783932061.0,20321,32624,602,328.0,72.0,3203.0
1783932061.6,20321,32624,602,239.0,72.0,2652.0
1783932062.2,20321,32624,602,346.0,72.0,2966.0
1783932062.8,20321,32624,598,316.0,72.0,2921.0
1783932063.4,20321,32624,598,307.0,72.0,2769.0
1783932064.0,20321,32624,602,281.0,72.0,2770.0
1783932064.5,20321,32624,602,329.0,72.0,3260.0
1783932065.1,20321,32624,602,311.0,72.0,2786.0
1783932065.7,20321,32624,602,303.0,72.0,2681.0
1783932066.3,20321,32624,602,295.0,72.0,2899.0
1783932066.9,20321,32624,611,310.0,72.0,2779.0
1783932067.5,20321,32624,611,302.0,72.0,2774.0
1783932068.1,20321,32624,611,147.0,72.0,3016.0
1783932068.7,20321,32624,611,301.0,72.0,3223.0
1783932069.3,20321,32624,611,223.0,72.0,3143.0
1783932069.9,20321,32624,598,321.0,72.0,2850.0
1783932070.5,20321,32624,598,316.0,72.0,2733.0
1783932071.1,20334,32624,610,291.0,72.0,2952.0
1783932071.7,20339,32624,622,339.0,72.0,2883.0
1783932072.3,20372,32624,612,322.0,72.0,2837.0
1783932072.9,20390,32624,616,220.0,72.0,2916.0
1783932073.5,20456,32624,614,115.0,72.0,3173.0
1783932074.1,20468,32624,618,323.0,72.0,2731.0
1783932074.7,20468,32624,618,334.0,72.0,2684.0
1783932075.3,20446,32624,606,167.0,72.0,2707.0
1783932075.9,20423,32624,598,265.0,72.0,2897.0
1783932076.5,20423,32624,600,305.0,72.0,2752.0
1783932077.1,20419,32624,602,299.0,72.0,2703.0
1783932077.7,20436,32624,600,279.0,72.0,2715.0
1783932078.3,20422,32624,604,52.0,70.0,1184.0
1783932078.9,20422,32624,610,124.0,70.0,1744.0
1783932079.5,20414,32624,604,230.0,70.0,2270.0
1783932080.1,20414,32624,604,326.0,71.0,2809.0
1783932080.6,20397,32624,596,262.0,71.0,2871.0
1783932081.2,20397,32624,596,315.0,71.0,2785.0
1783932081.8,20383,32624,594,277.0,71.0,2888.0
1783932082.4,20383,32624,594,331.0,71.0,2735.0
1783932083.0,20361,32624,594,363.0,71.0,3062.0
1783932083.6,20357,32624,594,310.0,71.0,2774.0
1783932084.2,20357,32624,594,152.0,71.0,3024.0
1783932084.8,20357,32624,594,313.0,71.0,2831.0
1783932085.4,20357,32624,594,274.0,71.0,2690.0
1783932086.0,20353,32624,594,282.0,71.0,2953.0
1783932086.6,20353,32624,594,310.0,71.0,2754.0
1783932087.2,20353,32624,594,298.0,71.0,2715.0
1783932087.8,20353,32624,594,327.0,71.0,3090.0
1783932088.4,20353,32624,594,322.0,72.0,2842.0
1783932089.0,20353,32624,594,305.0,71.0,3259.0
1783932089.6,20353,32624,594,282.0,71.0,3015.0
1783932090.2,20353,32624,594,201.0,72.0,3056.0
1783932090.8,20353,32624,594,301.0,71.0,2741.0
1783932091.4,20353,32624,594,299.0,71.0,2938.0
1783932092.0,20353,32624,594,359.0,72.0,3154.0
1783932092.6,20354,32624,594,334.0,72.0,2868.0
1783932093.1,20354,32624,594,208.0,71.0,3212.0
1783932093.8,20360,32624,594,297.0,72.0,2683.0
1783932094.4,20360,32624,594,358.0,72.0,2963.0
1783932095.0,20362,32624,594,301.0,71.0,2778.0
1783932095.6,20399,32624,604,274.0,72.0,2914.0
1783932096.2,20396,32624,594,317.0,72.0,2804.0
1783932096.8,20395,32624,596,320.0,72.0,2746.0
1783932097.4,20402,32624,596,287.0,72.0,2903.0
1783932098.0,20400,32624,596,323.0,72.0,2815.0
1783932098.5,20402,32624,596,322.0,72.0,2817.0
1783932099.1,20411,32624,596,322.0,72.0,2810.0
1783932099.7,20409,32624,596,317.0,72.0,3126.0
1783932100.3,20409,32624,596,281.0,72.0,2749.0
1783932100.9,20407,32624,596,299.0,72.0,3281.0
1783932101.5,20421,32624,596,402.0,72.0,3108.0
1783932102.1,20419,32624,596,309.0,72.0,2794.0
1783932102.7,20419,32624,600,288.0,72.0,2723.0
1783932103.3,20420,32624,602,271.0,72.0,2813.0
1783932103.9,20420,32624,602,324.0,72.0,2839.0
1783932104.5,20420,32624,596,328.0,72.0,2798.0
1783932105.1,20416,32624,600,310.0,72.0,2782.0
1783932105.7,20414,32624,600,275.0,71.0,2880.0
1783932106.3,20406,32624,600,363.0,71.0,3000.0
1783932106.9,20401,32624,600,327.0,72.0,2901.0
1783932107.5,20392,32624,600,214.0,71.0,2760.0
1783932108.1,20392,32624,600,337.0,71.0,2864.0
1783932108.7,20410,32624,600,315.0,72.0,2808.0
1783932109.3,20414,32624,600,44.0,71.0,0.0
1783932109.9,20420,32624,600,43.0,71.0,0.0
1783932110.5,20416,32624,592,314.0,71.0,2683.0
1783932111.1,20423,32624,596,299.0,71.0,2942.0
1783932111.7,20423,32624,596,282.0,71.0,2888.0
1783932112.3,20423,32624,596,316.0,71.0,3109.0
1783932112.9,20423,32624,596,350.0,71.0,2934.0
1783932113.5,20423,32624,596,310.0,71.0,2789.0
1783932114.1,20414,32624,596,310.0,71.0,3267.0
1783932114.7,20407,32624,596,243.0,71.0,2688.0
1783932115.3,20396,32624,594,362.0,71.0,3003.0
1783932115.8,20388,32624,592,300.0,71.0,2693.0
1783932116.4,20388,32624,592,369.0,72.0,3225.0
1783932117.0,20388,32624,592,322.0,71.0,3028.0
1783932117.6,20388,32624,592,337.0,71.0,2666.0
1783932118.2,20388,32624,592,329.0,71.0,2968.0
1783932118.8,20388,32624,592,322.0,71.0,2917.0
1783932119.4,20388,32624,592,264.0,71.0,2890.0
1783932120.0,20388,32624,592,314.0,71.0,2755.0
1783932120.6,20388,32624,592,303.0,71.0,2733.0
1783932121.2,20384,32624,592,309.0,71.0,2807.0
1783932121.8,20384,32624,592,315.0,71.0,2749.0
1783932122.4,20388,32624,594,250.0,71.0,2855.0
1783932123.0,20388,32624,594,335.0,71.0,2979.0
1783932123.6,20388,32624,594,250.0,71.0,2776.0
1783932124.2,20388,32624,594,319.0,71.0,2775.0
1783932124.8,20388,32624,594,317.0,71.0,2764.0
1783932125.3,20388,32624,594,212.0,71.0,3249.0
1783932125.9,20388,32624,594,334.0,71.0,3252.0
1783932126.5,20388,32624,594,271.0,71.0,2862.0
1783932127.1,20388,32624,594,326.0,71.0,3233.0
1783932127.7,20381,32624,592,263.0,71.0,2909.0
1783932128.3,20381,32624,592,311.0,72.0,3219.0
1783932128.9,20381,32624,592,311.0,71.0,2759.0
1783932129.5,20381,32624,592,290.0,71.0,3016.0
1783932130.1,20392,32624,592,379.0,71.0,2896.0
1783932130.7,20392,32624,592,253.0,71.0,2815.0
1783932131.3,20392,32624,592,387.0,71.0,3116.0
1783932131.9,20411,32624,594,310.0,71.0,2775.0
1783932132.5,20411,32624,594,275.0,71.0,2689.0
1783932133.1,20411,32624,594,299.0,71.0,2862.0
1783932133.7,20411,32624,594,307.0,71.0,2730.0
1783932134.3,20411,32624,594,320.0,71.0,2743.0
1783932134.9,20411,32624,594,256.0,71.0,2797.0
1783932135.5,20411,32624,594,313.0,71.0,2778.0
1783932136.1,20411,32624,594,355.0,71.0,2734.0
1783932136.7,20411,32624,594,308.0,72.0,3272.0
1783932137.3,20415,32624,594,294.0,72.0,2885.0
1783932137.9,20415,32624,594,181.0,71.0,2757.0
1783932138.5,20415,32624,594,327.0,71.0,2781.0
1783932139.1,20415,32624,594,321.0,71.0,2956.0
1783932139.7,20415,32624,594,301.0,72.0,2738.0
1783932140.2,20415,32624,594,284.0,72.0,2617.0
1783932140.8,20415,32624,594,315.0,71.0,2780.0
1783932141.4,20415,32624,594,314.0,71.0,2749.0
1783932142.0,20398,32624,592,372.0,71.0,3197.0
1783932142.6,20398,32624,592,311.0,71.0,3260.0
1783932143.2,20398,32624,592,243.0,72.0,2927.0
1783932143.8,20398,32624,592,308.0,71.0,2727.0
1783932144.4,20398,32624,592,258.0,72.0,2843.0
1783932145.0,20398,32624,592,329.0,72.0,3220.0
1783932145.6,20398,32624,592,326.0,72.0,2999.0
1783932146.2,20390,32624,592,179.0,72.0,2662.0
1783932146.8,20394,32624,596,335.0,71.0,2876.0
1783932147.4,20392,32624,598,321.0,71.0,2754.0
1783932148.0,20403,32624,598,304.0,71.0,2708.0
1783932148.6,20403,32624,598,385.0,71.0,3145.0
1783932149.2,20403,32624,598,358.0,72.0,3149.0
1783932149.8,20403,32624,598,280.0,72.0,2882.0
1783932150.4,20403,32624,598,308.0,72.0,2748.0
1783932151.0,20403,32624,598,213.0,72.0,3059.0
1783932151.6,20403,32624,598,304.0,72.0,2741.0
1783932152.2,20403,32624,596,371.0,72.0,3203.0
1783932152.8,20397,32624,596,325.0,72.0,2867.0
1783932153.4,20389,32624,594,181.0,72.0,3285.0
1783932153.9,20378,32624,594,305.0,71.0,2749.0
1783932154.5,20378,32624,594,359.0,71.0,2742.0
1783932155.1,20378,32624,594,198.0,72.0,3037.0
1783932155.7,20378,32624,594,337.0,71.0,2826.0
1783932156.3,20425,32624,600,344.0,72.0,2924.0
1783932157.0,20427,32624,596,317.0,72.0,2811.0
1783932157.6,20427,32624,596,301.0,72.0,2921.0
1783932158.1,20429,32624,602,275.0,72.0,3121.0
1783932158.7,20429,32624,596,310.0,72.0,3171.0
1783932159.3,20429,32624,598,185.0,72.0,3274.0
1783932159.9,20433,32624,600,324.0,72.0,3153.0
1783932160.5,20433,32624,600,347.0,71.0,2733.0
1783932161.1,20434,32624,602,250.0,71.0,3252.0
1783932161.7,20422,32624,602,352.0,71.0,2578.0
1783932162.3,20422,32624,600,246.0,71.0,2862.0
1783932162.9,20422,32624,600,261.0,71.0,2792.0
1783932163.5,20422,32624,600,342.0,71.0,2914.0
1783932164.1,20422,32624,600,307.0,72.0,3246.0
1783932164.7,20421,32624,596,178.0,71.0,2690.0
1783932165.3,20421,32624,596,251.0,72.0,2889.0
1783932165.9,20436,32624,594,381.0,72.0,3087.0
1783932166.5,20433,32624,596,307.0,72.0,2794.0
1783932167.1,20431,32624,598,298.0,72.0,2745.0
1783932167.7,20431,32624,598,298.0,72.0,2922.0
1783932168.3,20431,32624,598,299.0,72.0,3267.0
1783932168.9,20431,32624,598,134.0,72.0,2746.0
1783932169.5,20428,32624,600,256.0,72.0,2853.0
1783932170.1,20428,32624,600,365.0,72.0,2942.0
1783932170.7,20428,32624,600,297.0,72.0,3056.0
1783932171.3,20428,32624,600,346.0,72.0,3237.0
1783932171.8,20428,32624,594,314.0,72.0,2911.0
1783932172.4,20413,32624,594,335.0,72.0,3196.0
1783932173.0,20413,32624,594,309.0,72.0,3242.0
1783932173.6,20413,32624,594,310.0,72.0,3073.0
1783932174.2,20413,32624,594,186.0,72.0,2754.0
1783932174.8,20413,32624,594,340.0,72.0,2908.0
1783932175.4,20391,32624,594,325.0,72.0,3019.0
1783932176.0,20391,32624,594,306.0,72.0,2754.0
1783932176.6,20391,32624,594,247.0,72.0,2575.0
1783932177.2,20387,32624,594,317.0,72.0,2987.0
1783932177.8,20387,32624,594,313.0,72.0,2747.0
1783932178.4,20387,32624,594,297.0,72.0,3257.0
1783932179.0,20387,32624,594,315.0,72.0,3075.0
1783932179.6,20381,32624,594,320.0,72.0,2773.0
1783932180.1,20381,32624,594,143.0,72.0,2947.0
1783932180.7,20381,32624,594,266.0,72.0,2829.0
1783932181.3,20381,32624,594,360.0,72.0,2921.0
1783932181.9,20379,32624,594,316.0,72.0,2786.0
1783932182.5,20379,32624,594,302.0,72.0,3104.0
1783932183.1,20379,32624,594,251.0,71.0,2812.0
1783932183.7,20379,32624,594,317.0,72.0,2807.0
1783932184.3,20379,32624,594,305.0,71.0,2778.0
1783932184.9,20379,32624,594,302.0,72.0,2711.0
1783932185.5,20379,32624,594,316.0,71.0,3032.0
1783932186.1,20379,32624,594,325.0,72.0,2948.0
1783932186.7,20379,32624,594,285.0,72.0,2697.0
1783932187.3,20379,32624,594,272.0,72.0,2678.0
1783932187.9,20379,32624,594,296.0,72.0,2765.0
1783932188.5,20379,32624,594,305.0,71.0,2783.0
1783932189.0,20379,32624,594,158.0,71.0,2652.0
1783932189.6,20379,32624,594,247.0,72.0,2957.0
1783932190.2,20400,32624,610,262.0,72.0,2829.0
1783932190.8,20400,32624,610,216.0,72.0,2774.0
1783932191.4,20400,32624,610,352.0,71.0,2937.0
1783932192.0,20400,32624,610,302.0,72.0,2832.0
1783932192.6,20411,32624,604,320.0,72.0,2876.0
1783932193.2,20411,32624,604,270.0,72.0,2680.0
1783932193.8,20411,32624,604,320.0,72.0,2791.0
1783932194.4,20411,32624,604,305.0,72.0,3222.0
1783932195.0,20403,32624,592,375.0,72.0,3226.0
1783932195.6,20403,32624,592,184.0,72.0,3102.0
1783932196.2,20403,32624,592,334.0,72.0,3227.0
1783932196.8,20403,32624,592,138.0,72.0,2817.0
1783932197.4,20403,32624,592,326.0,72.0,2770.0
1783932198.0,20398,32624,594,300.0,72.0,2756.0
1783932198.6,20398,32624,594,320.0,72.0,2841.0
1783932199.1,20398,32624,594,308.0,72.0,2796.0
1783932199.7,20398,32624,594,317.0,72.0,3115.0
1783932200.3,20398,32624,594,280.0,72.0,2861.0
1783932200.9,20398,32624,594,371.0,72.0,3053.0
1783932201.5,20398,32624,594,252.0,72.0,3129.0
1783932202.1,20398,32624,594,283.0,72.0,2871.0
1783932202.7,20398,32624,594,377.0,72.0,3079.0
1783932203.3,20394,32624,594,303.0,72.0,2750.0
1783932203.9,20394,32624,594,304.0,72.0,2718.0
1783932204.5,20394,32624,594,326.0,72.0,2731.0
1783932205.1,20394,32624,594,324.0,72.0,2779.0
1783932205.7,20394,32624,594,321.0,72.0,3090.0
1783932206.3,20394,32624,594,287.0,71.0,2743.0
1783932206.9,20394,32624,594,278.0,72.0,2699.0
1783932207.5,20390,32624,594,284.0,72.0,2741.0
1783932208.1,20390,32624,594,288.0,72.0,2735.0
1783932208.7,20390,32624,594,285.0,72.0,3211.0
1783932209.2,20390,32624,594,291.0,72.0,2926.0
1783932209.8,20390,32624,594,300.0,72.0,2924.0
1783932210.4,20390,32624,594,45.0,72.0,0.0
1783932211.0,20390,32624,594,245.0,70.0,2847.0
1783932211.6,20390,32624,594,326.0,71.0,2923.0
1783932212.2,20390,32624,594,320.0,71.0,2855.0
1783932212.8,20390,32624,594,281.0,71.0,2957.0
1783932213.4,20390,32624,594,334.0,71.0,3001.0
1783932214.0,20390,32624,594,155.0,71.0,2847.0
1783932214.6,20390,32624,594,315.0,71.0,2732.0
1783932215.2,20387,32624,594,323.0,71.0,2764.0
1783932215.8,20387,32624,594,294.0,71.0,2684.0
1783932216.4,20387,32624,594,362.0,71.0,3031.0
1783932217.0,20387,32624,594,326.0,71.0,2979.0
1783932217.6,20387,32624,594,159.0,71.0,2895.0
1783932218.2,20387,32624,594,324.0,71.0,2769.0
1783932218.8,20387,32624,594,223.0,71.0,2644.0
1783932219.4,20387,32624,594,379.0,71.0,3216.0
1783932220.0,20387,32624,594,297.0,71.0,2710.0
1783932220.6,20395,32624,594,255.0,71.0,2820.0
1783932221.2,20398,32624,596,317.0,71.0,2782.0
1783932221.8,20398,32624,596,313.0,71.0,2711.0
1783932222.4,20398,32624,596,417.0,71.0,3186.0
1783932223.0,20398,32624,596,316.0,71.0,2813.0
1783932223.6,20398,32624,596,329.0,71.0,2869.0
1783932224.1,20398,32624,596,302.0,71.0,3121.0
1783932224.7,20389,32624,594,225.0,71.0,2901.0
1783932225.3,20389,32624,594,327.0,71.0,2888.0
1783932225.9,20389,32624,594,313.0,71.0,2805.0
1783932226.5,20389,32624,594,334.0,71.0,2709.0
1783932227.1,20389,32624,594,347.0,71.0,2874.0
1783932227.7,20389,32624,594,312.0,71.0,2739.0
1783932228.3,20378,32624,594,388.0,71.0,3109.0
1783932228.9,20378,32624,594,330.0,71.0,2886.0
1783932229.5,20378,32624,594,227.0,71.0,2866.0
1783932230.1,20378,32624,594,368.0,71.0,2041.0
1783932230.7,20378,32624,594,316.0,71.0,2802.0
1783932231.3,20378,32624,594,220.0,71.0,2733.0
1783932231.9,20378,32624,594,284.0,71.0,3202.0
1783932232.5,20378,32624,594,319.0,71.0,3003.0
1783932233.1,20378,32624,594,233.0,71.0,2860.0
1783932233.7,20378,32624,594,323.0,71.0,2862.0
1783932234.3,20378,32624,594,308.0,71.0,2748.0
1783932234.8,20378,32624,594,235.0,71.0,3039.0
1783932235.4,20405,32624,596,345.0,71.0,2913.0
1783932236.0,20405,32624,596,43.0,71.0,0.0
1783932236.6,20405,32624,596,308.0,70.0,2749.0
1783932237.2,20405,32624,596,278.0,71.0,2932.0
1783932237.9,20405,32624,596,194.0,71.0,2686.0
1783932238.5,20405,32624,594,191.0,71.0,3073.0
1783932239.0,20405,32624,594,301.0,71.0,2737.0
1783932239.6,20405,32624,594,229.0,71.0,3274.0
1783932240.2,20397,32624,594,311.0,71.0,3115.0
1783932240.8,20397,32624,594,436.0,71.0,3201.0
1783932241.4,20378,32624,594,340.0,71.0,2956.0
1783932242.0,20382,32624,596,267.0,71.0,2671.0
1783932242.6,20382,32624,596,314.0,71.0,2931.0
1783932243.2,20380,32624,596,318.0,71.0,3076.0
1783932243.8,20380,32624,596,337.0,71.0,2900.0
1783932244.4,20380,32624,596,325.0,72.0,2892.0
1783932245.0,20380,32624,596,327.0,72.0,2845.0
1783932245.6,20380,32624,596,308.0,72.0,2741.0
1783932246.2,20380,32624,596,274.0,71.0,2678.0
1783932246.8,20380,32624,594,317.0,72.0,3110.0
1783932247.4,20380,32624,594,306.0,71.0,2747.0
1783932248.0,20380,32624,594,174.0,72.0,2896.0
1783932248.6,20380,32624,594,367.0,71.0,3166.0
1783932249.1,20380,32624,594,299.0,72.0,2741.0
1783932249.7,20378,32624,594,309.0,72.0,2763.0
1783932250.3,20378,32624,594,311.0,72.0,2814.0
1783932250.9,20378,32624,594,357.0,72.0,3185.0
1783932251.5,20378,32624,594,292.0,72.0,2901.0
1783932252.1,20378,32624,594,367.0,72.0,3037.0
1783932252.7,20376,32624,594,125.0,72.0,2874.0
1783932253.3,20376,32624,594,289.0,72.0,2701.0
1783932253.9,20396,32624,594,313.0,72.0,2764.0
1783932254.5,20396,32624,594,243.0,72.0,3272.0
1783932255.1,20396,32624,594,303.0,72.0,2762.0
1783932255.7,20396,32624,594,227.0,72.0,2609.0
1783932256.3,20396,32624,594,392.0,72.0,3168.0
1783932256.9,20394,32624,594,322.0,72.0,2804.0
1783932257.5,20394,32624,594,382.0,72.0,3113.0
1783932258.1,20394,32624,594,315.0,72.0,2761.0
1783932258.6,20394,32624,594,233.0,72.0,2805.0
1783932259.2,20394,32624,594,363.0,72.0,2953.0
1783932259.8,20376,32624,594,319.0,72.0,3276.0
1783932260.4,20376,32624,594,341.0,72.0,2654.0
1783932261.0,20376,32624,594,358.0,72.0,3131.0
1783932261.6,20376,32624,594,311.0,72.0,2768.0
1783932262.2,20376,32624,594,363.0,72.0,3223.0
1783932262.8,20376,32624,594,304.0,72.0,2829.0
1783932263.4,20376,32624,594,323.0,72.0,3253.0
1783932264.0,20376,32624,594,307.0,72.0,2803.0
1783932264.6,20376,32624,594,322.0,72.0,2856.0
1783932265.2,20376,32624,594,282.0,72.0,2737.0
1783932265.8,20376,32624,594,333.0,72.0,3222.0
1783932266.4,20376,32624,594,324.0,72.0,2824.0
1783932267.0,20376,32624,594,292.0,72.0,2693.0
1783932267.6,20413,32624,606,332.0,72.0,2865.0
1783932268.2,20417,32624,606,314.0,72.0,2762.0
1783932268.8,20429,32624,596,179.0,72.0,2745.0
1783932269.4,20429,32624,598,175.0,72.0,2912.0
1783932270.0,20429,32624,598,310.0,72.0,2790.0
1783932270.6,20429,32624,594,317.0,72.0,2748.0
1783932271.2,20425,32624,594,118.0,70.0,1718.0
1783932271.8,20425,32624,594,191.0,70.0,1680.0
1783932272.4,20428,32624,592,221.0,70.0,2376.0
1783932273.0,20424,32624,594,291.0,71.0,2711.0
1783932273.6,20397,32624,594,321.0,71.0,2886.0
1783932274.2,20397,32624,594,316.0,71.0,2961.0
1783932274.8,20402,32624,594,211.0,71.0,2971.0
1783932275.4,20402,32624,594,294.0,71.0,3264.0
1783932276.0,20402,32624,594,413.0,71.0,3173.0
1783932276.6,20402,32624,594,237.0,71.0,2810.0
1783932277.2,20402,32624,598,337.0,71.0,2721.0
1783932277.8,20400,32624,596,299.0,71.0,3044.0
1783932278.4,20400,32624,596,259.0,71.0,2669.0
1783932278.9,20400,32624,596,308.0,71.0,2892.0
1783932279.5,20391,32624,596,316.0,71.0,3164.0
1783932280.1,20391,32624,592,342.0,71.0,2967.0
1783932280.7,20391,32624,594,301.0,71.0,2767.0
1783932281.3,20390,32624,594,304.0,71.0,2801.0
1783932281.9,20390,32624,594,257.0,71.0,2764.0
1783932282.5,20390,32624,594,317.0,72.0,2773.0
1783932283.1,20390,32624,598,212.0,71.0,2957.0
1783932283.7,20390,32624,598,294.0,71.0,2903.0
1783932284.3,20386,32624,596,253.0,71.0,2808.0
1783932284.9,20386,32624,596,309.0,71.0,2771.0
1783932285.5,20386,32624,596,386.0,71.0,3223.0
1783932286.1,20386,32624,596,322.0,71.0,3106.0
1783932286.7,20386,32624,596,319.0,71.0,2965.0
1783932287.3,20393,32624,594,278.0,71.0,2676.0
1783932287.9,20393,32624,594,182.0,71.0,3173.0
1783932288.5,20391,32624,594,315.0,71.0,3112.0
1783932289.1,20388,32624,594,321.0,71.0,3286.0
1783932289.6,20388,32624,594,292.0,71.0,3255.0
1783932290.3,20388,32624,594,328.0,71.0,2914.0
1783932290.9,20388,32624,594,329.0,71.0,3234.0
1783932291.4,20388,32624,594,324.0,71.0,2971.0
1783932292.0,20388,32624,594,375.0,71.0,3102.0
1783932292.6,20380,32624,594,292.0,71.0,3246.0
1783932293.2,20377,32624,594,342.0,72.0,2723.0
1783932293.8,20377,32624,594,332.0,71.0,3226.0
1783932294.4,20377,32624,594,316.0,71.0,2788.0
1783932295.0,20377,32624,594,209.0,71.0,3275.0
1783932295.6,20377,32624,594,328.0,71.0,2812.0
1783932296.2,20377,32624,594,313.0,71.0,3260.0
1783932296.8,20377,32624,594,303.0,72.0,3107.0
1783932297.4,20377,32624,594,157.0,72.0,2981.0
1783932298.0,20377,32624,594,273.0,71.0,3257.0
1783932298.6,20372,32624,592,302.0,72.0,2777.0
1783932299.2,20372,32624,592,298.0,71.0,2726.0
1783932299.8,20372,32624,594,323.0,71.0,3123.0
1783932300.4,20372,32624,594,298.0,71.0,3273.0
1783932301.0,20372,32624,594,297.0,71.0,3089.0
1783932301.6,20379,32624,596,322.0,72.0,2791.0
1783932302.2,20379,32624,596,305.0,71.0,2953.0
1783932302.8,20379,32624,596,303.0,72.0,3097.0
1783932303.4,20379,32624,596,315.0,71.0,2920.0
1783932304.0,20379,32624,596,273.0,71.0,2604.0
1783932304.6,20379,32624,596,228.0,71.0,2836.0
1783932305.2,20379,32624,596,302.0,72.0,3092.0
1783932305.8,20379,32624,596,314.0,72.0,3268.0
1783932306.4,20379,32624,596,326.0,71.0,2846.0
1783932306.9,20379,32624,596,273.0,71.0,2553.0
1783932307.5,20379,32624,594,329.0,71.0,2866.0
1783932308.1,20391,32624,596,287.0,72.0,3257.0
1783932308.7,20391,32624,596,306.0,71.0,2954.0
1783932309.3,20391,32624,596,275.0,71.0,2937.0
1783932309.9,20391,32624,596,323.0,72.0,3177.0
1783932310.5,20391,32624,596,314.0,71.0,2761.0
1783932311.1,20391,32624,596,287.0,71.0,2720.0
1783932311.7,20391,32624,596,416.0,72.0,3141.0
1783932312.3,20391,32624,596,252.0,72.0,3128.0
1783932312.9,20388,32624,594,365.0,71.0,2717.0
1783932313.5,20388,32624,594,132.0,71.0,2926.0
1783932314.1,20388,32624,594,345.0,71.0,2943.0
1783932314.7,20388,32624,594,224.0,72.0,2887.0
1783932315.3,20388,32624,594,300.0,71.0,2758.0
1783932315.9,20380,32624,598,307.0,71.0,2799.0
1783932316.5,20380,32624,598,242.0,71.0,2688.0
1783932317.1,20380,32624,598,256.0,71.0,2733.0
1783932317.7,20380,32624,598,322.0,72.0,3109.0
1783932318.3,20380,32624,598,299.0,72.0,2930.0
1783932318.9,20380,32624,594,196.0,71.0,2769.0
1783932319.4,20380,32624,594,319.0,72.0,2797.0
1783932320.1,20380,32624,594,301.0,71.0,2762.0
1783932320.7,20380,32624,594,163.0,71.0,2659.0
1783932321.2,20378,32624,594,340.0,72.0,2881.0
1783932321.8,20383,32624,594,313.0,72.0,3104.0
1783932322.4,20387,32624,594,299.0,71.0,2751.0
1783932323.0,20391,32624,594,276.0,71.0,2859.0
1783932323.6,20391,32624,594,321.0,72.0,2992.0
1783932324.2,20391,32624,594,323.0,71.0,2817.0
1783932324.8,20403,32624,600,350.0,72.0,2940.0
1783932325.4,20433,32624,604,343.0,71.0,2931.0
1783932326.0,20416,32624,602,295.0,71.0,2816.0
1783932326.6,20416,32624,600,252.0,72.0,3137.0
1783932327.2,20416,32624,600,311.0,71.0,2806.0
1783932327.8,20438,32624,600,291.0,71.0,2783.0
1783932328.4,20434,32624,600,330.0,71.0,2836.0
1783932329.0,20434,32624,600,345.0,71.0,2845.0
1783932329.6,20434,32624,600,282.0,71.0,2933.0
1783932330.2,20434,32624,598,303.0,71.0,2807.0
1783932330.8,20424,32624,600,173.0,71.0,2766.0
1783932331.4,20452,32624,618,311.0,71.0,2790.0
1783932332.0,20436,32624,618,319.0,71.0,2862.0
1783932332.6,20438,32624,600,173.0,72.0,2950.0
1783932333.3,20444,32624,610,202.0,71.0,3215.0
1783932333.9,20446,32624,604,219.0,71.0,2767.0
1783932334.5,20458,32624,604,246.0,71.0,3252.0
1783932335.1,20458,32624,604,274.0,72.0,3243.0
1783932335.7,20458,32624,604,324.0,71.0,3278.0
1783932336.3,20458,32624,598,331.0,72.0,3173.0
1783932336.9,20454,32624,596,211.0,72.0,3249.0
1783932337.5,20454,32624,596,197.0,69.0,2684.0
1783932338.1,20451,32624,596,324.0,71.0,2881.0
1783932338.7,20451,32624,596,289.0,71.0,2750.0
1783932339.3,20438,32624,594,368.0,71.0,3036.0
1783932339.9,20424,32624,596,149.0,71.0,2694.0
1783932340.5,20424,32624,596,364.0,71.0,3039.0
1783932341.1,20424,32624,594,324.0,71.0,2853.0
1783932341.7,20424,32624,594,259.0,71.0,2714.0
1783932342.3,20439,32624,600,166.0,71.0,2730.0
1783932342.9,20439,32624,598,270.0,71.0,2850.0
1783932343.5,20439,32624,598,307.0,71.0,2779.0
1783932344.0,20439,32624,596,317.0,71.0,2806.0
1783932344.6,20439,32624,596,318.0,71.0,2761.0
1783932345.2,20437,32624,594,320.0,71.0,2842.0
1783932345.8,20437,32624,594,332.0,71.0,2889.0
1783932346.4,20437,32624,594,124.0,71.0,2996.0
1783932347.0,20434,32624,594,293.0,71.0,3041.0
1783932347.6,20405,32624,594,194.0,71.0,2743.0
1783932348.2,20405,32624,594,326.0,71.0,3165.0
1783932348.8,20405,32624,594,365.0,72.0,3108.0
1783932349.4,20401,32624,594,295.0,71.0,2727.0
1783932350.0,20401,32624,594,317.0,72.0,2720.0
1783932350.6,20401,32624,594,329.0,71.0,3211.0
1783932351.2,20401,32624,594,145.0,72.0,2971.0
1783932351.8,20423,32624,598,357.0,71.0,2696.0
1783932352.4,20423,32624,598,276.0,72.0,2868.0
1783932353.0,20425,32624,596,314.0,71.0,2911.0
1783932353.6,20425,32624,596,309.0,71.0,2780.0
1783932354.2,20425,32624,596,192.0,71.0,2765.0
1783932354.8,20425,32624,596,335.0,71.0,3232.0
1783932355.4,20425,32624,596,318.0,72.0,3261.0
1783932356.0,20422,32624,596,298.0,72.0,3139.0
1783932356.6,20422,32624,596,175.0,71.0,2923.0
1783932357.1,20422,32624,596,199.0,71.0,3020.0
1783932357.7,20422,32624,596,357.0,71.0,2995.0
1783932358.3,20418,32624,596,283.0,71.0,3189.0
1783932358.9,20418,32624,596,296.0,71.0,3264.0
1783932359.5,20418,32624,596,357.0,71.0,3098.0
1783932360.1,20415,32624,594,259.0,71.0,3148.0
1783932360.7,20415,32624,594,319.0,72.0,3133.0
1783932361.3,20415,32624,594,320.0,71.0,3264.0
1783932361.9,20415,32624,594,278.0,72.0,2911.0
1783932362.5,20415,32624,594,160.0,71.0,2944.0
1783932363.1,20415,32624,594,310.0,72.0,3215.0
1783932363.7,20409,32624,594,316.0,71.0,3274.0
1783932364.3,20409,32624,594,311.0,72.0,3112.0
1783932364.9,20405,32624,594,360.0,71.0,3007.0
1783932365.5,20405,32624,594,310.0,71.0,3263.0
1783932366.1,20405,32624,594,360.0,71.0,3181.0
1783932366.7,20436,32624,608,312.0,71.0,2910.0
1783932367.3,20436,32624,608,369.0,72.0,3078.0
1783932367.9,20436,32624,608,330.0,71.0,2691.0
1783932368.5,20436,32624,608,295.0,71.0,2930.0
1783932369.1,20436,32624,596,237.0,71.0,2745.0
1783932369.7,20436,32624,596,314.0,72.0,2776.0
1783932370.3,20438,32624,606,336.0,71.0,3166.0
1783932370.9,20438,32624,606,316.0,71.0,2782.0
1783932371.5,20438,32624,606,263.0,71.0,2890.0
1783932372.1,20434,32624,604,292.0,71.0,3218.0
1783932372.7,20434,32624,600,388.0,71.0,3132.0
1783932373.3,20388,32624,596,331.0,72.0,3255.0
1783932373.9,20392,32624,600,313.0,71.0,2959.0
1783932374.5,20392,32624,600,212.0,71.0,2706.0
1783932375.1,20392,32624,598,226.0,71.0,2651.0
1783932375.7,20392,32624,598,278.0,72.0,2857.0
1783932376.3,20392,32624,596,307.0,71.0,2984.0
1783932376.8,20390,32624,602,320.0,72.0,2894.0
1783932377.4,20390,32624,602,211.0,72.0,3194.0
1783932378.0,20387,32624,596,311.0,71.0,3268.0
1783932378.6,20387,32624,596,253.0,72.0,2976.0
1783932379.2,20387,32624,596,256.0,72.0,3030.0
1783932379.8,20387,32624,596,301.0,71.0,2708.0
1783932380.4,20387,32624,596,298.0,72.0,3193.0
1783932381.0,20387,32624,596,303.0,71.0,3269.0
1783932381.6,20387,32624,596,313.0,71.0,2803.0
1783932382.2,20387,32624,596,259.0,72.0,2882.0
1783932382.8,20377,32624,596,316.0,72.0,2852.0
1783932383.4,20377,32624,596,313.0,71.0,2772.0
1783932384.0,20377,32624,596,333.0,71.0,2869.0
1783932384.6,20365,32624,596,195.0,71.0,3291.0
1783932385.2,20365,32624,596,248.0,71.0,2717.0
1783932385.8,20365,32624,596,325.0,72.0,3011.0
1783932386.4,20370,32624,596,166.0,72.0,3149.0
1783932387.0,20370,32624,596,294.0,71.0,3267.0
1783932387.6,20424,32624,604,333.0,72.0,3195.0
1783932388.2,20439,32624,604,294.0,72.0,2738.0
1783932388.7,20439,32624,604,313.0,72.0,2592.0
1783932389.3,20439,32624,604,319.0,72.0,3169.0
1783932389.9,20439,32624,604,401.0,72.0,3128.0
1783932390.5,20429,32624,596,328.0,72.0,3081.0
1783932391.1,20426,32624,596,321.0,72.0,3272.0
1783932391.7,20418,32624,598,310.0,72.0,2791.0
1783932392.3,20418,32624,598,312.0,71.0,3136.0
1783932392.9,20424,32624,598,317.0,72.0,2824.0
1783932393.5,20415,32624,598,282.0,72.0,2922.0
1783932394.1,20415,32624,598,334.0,72.0,2922.0
1783932394.7,20408,32624,596,326.0,71.0,2909.0
1783932395.3,20408,32624,598,326.0,72.0,2889.0
1783932395.9,20424,32624,600,225.0,72.0,2698.0
1783932396.5,20444,32624,618,341.0,72.0,2910.0
1783932397.1,20458,32624,616,313.0,71.0,2777.0
1783932397.7,20470,32624,598,277.0,71.0,2877.0
1783932398.4,20462,32624,606,252.0,71.0,2785.0
1783932399.0,20468,32624,604,324.0,71.0,3276.0
1783932399.6,20471,32624,612,275.0,71.0,3258.0
1783932400.2,20471,32624,612,282.0,72.0,2987.0
1783932400.8,20471,32624,612,208.0,72.0,2787.0
1783932401.3,20471,32624,612,292.0,72.0,3228.0
1783932401.9,20471,32624,592,93.0,72.0,2277.0
1783932402.5,20471,32624,598,109.0,72.0,3273.0
1783932403.1,20467,32624,598,402.0,72.0,3148.0
1783932403.7,20462,32624,596,326.0,71.0,2791.0
1783932404.3,20474,32624,610,163.0,72.0,3206.0
1783932404.9,20449,32624,600,299.0,72.0,3240.0
1783932405.5,20449,32624,600,349.0,71.0,3197.0
1783932406.1,20449,32624,600,312.0,72.0,2942.0
1783932406.7,20449,32624,600,304.0,72.0,2789.0
1783932407.3,20449,32624,600,319.0,72.0,3041.0
1783932407.9,20447,32624,596,321.0,72.0,3110.0
1783932408.5,20447,32624,600,303.0,71.0,3248.0
1783932409.1,20447,32624,600,406.0,72.0,3225.0
1783932409.7,20447,32624,600,341.0,71.0,2858.0
1783932410.3,20426,32624,596,414.0,72.0,2721.0
1783932410.9,20426,32624,596,348.0,72.0,3101.0
1783932411.5,20426,32624,596,341.0,71.0,2866.0
1783932412.1,20426,32624,596,308.0,71.0,2981.0
1783932412.7,20418,32624,596,283.0,71.0,2977.0
1783932413.3,20418,32624,596,324.0,71.0,2954.0
1783932413.9,20429,32624,610,309.0,71.0,3272.0
1783932414.5,20429,32624,610,175.0,72.0,2993.0
1783932415.1,20502,32624,602,341.0,73.0,3235.0
1783932415.7,20514,32624,612,340.0,72.0,3245.0
1783932416.3,20514,32624,604,144.0,71.0,3109.0
1783932416.9,20514,32624,598,322.0,72.0,2987.0
1783932417.5,20509,32624,600,301.0,72.0,3083.0
1783932418.1,20509,32624,600,419.0,72.0,3166.0
1783932418.7,20509,32624,600,342.0,72.0,3061.0
1783932419.3,20509,32624,600,270.0,71.0,2917.0
1783932419.9,20509,32624,600,300.0,71.0,2628.0
1783932420.5,20475,32624,600,322.0,71.0,3004.0
1783932421.1,20475,32624,600,303.0,72.0,2774.0
1783932421.7,20475,32624,600,316.0,71.0,2853.0
1783932422.3,20475,32624,600,219.0,71.0,3070.0
1783932422.9,20475,32624,600,316.0,71.0,2950.0
1783932423.5,20471,32624,598,334.0,72.0,3040.0
1783932424.1,20471,32624,598,148.0,71.0,2724.0
1783932424.7,20471,32624,598,365.0,71.0,3047.0
1783932425.3,20471,32624,598,318.0,71.0,3134.0
1783932425.8,20471,32624,598,229.0,72.0,3147.0
1783932426.4,20471,32624,598,308.0,72.0,3120.0
1783932427.0,20471,32624,598,289.0,72.0,2971.0
1783932427.6,20471,32624,598,316.0,71.0,3056.0
1783932428.2,20471,32624,598,93.0,71.0,3029.0
1783932428.8,20471,32624,598,319.0,72.0,2879.0
1783932429.4,20463,32624,598,313.0,71.0,3128.0
1783932430.0,20463,32624,598,358.0,71.0,2783.0
1783932430.6,20463,32624,598,316.0,72.0,3282.0
1783932431.2,20463,32624,598,308.0,72.0,2746.0
1783932431.8,20463,32624,598,262.0,72.0,2920.0
1783932432.4,20463,32624,598,343.0,72.0,2917.0
1783932433.0,20460,32624,598,407.0,71.0,3188.0
1783932433.6,20465,32624,600,321.0,71.0,2874.0
1783932434.2,20465,32624,600,299.0,71.0,2794.0
1783932434.8,20465,32624,600,295.0,71.0,2705.0
1783932435.4,20465,32624,600,366.0,71.0,3045.0
1783932436.0,20465,32624,600,335.0,71.0,2919.0
1783932436.6,20465,32624,600,262.0,71.0,2823.0
1783932437.2,20465,32624,600,430.0,71.0,3194.0
1783932437.8,20465,32624,600,381.0,71.0,3128.0
1783932438.4,20465,32624,600,309.0,71.0,3226.0
1783932438.9,20460,32624,598,208.0,71.0,3016.0
1783932439.5,20460,32624,598,394.0,71.0,3158.0
1783932440.1,20460,32624,598,326.0,71.0,2759.0
1783932440.7,20460,32624,598,315.0,72.0,2823.0
1783932441.3,20460,32624,598,305.0,71.0,2892.0
1783932441.9,20460,32624,598,341.0,71.0,3229.0
1783932442.5,20460,32624,598,200.0,71.0,3016.0
1783932443.1,20460,32624,598,317.0,72.0,3126.0
1783932443.7,20460,32624,598,303.0,71.0,2734.0
1783932444.3,20460,32624,598,101.0,72.0,3255.0
1783932444.9,20456,32624,600,329.0,72.0,2865.0
1783932445.5,20454,32624,600,367.0,72.0,3059.0
1783932446.1,20454,32624,600,295.0,71.0,3271.0
1783932446.7,20455,32624,602,205.0,72.0,2627.0
1783932447.3,20465,32624,604,256.0,71.0,3103.0
1783932447.9,20465,32624,606,312.0,71.0,3246.0
1783932448.5,20465,32624,598,373.0,71.0,3057.0
1783932449.1,20466,32624,602,275.0,72.0,2964.0
1783932449.7,20466,32624,602,308.0,72.0,3260.0
1783932450.3,20466,32624,602,307.0,71.0,3284.0
1783932450.9,20466,32624,598,331.0,71.0,2843.0
1783932451.5,20466,32624,598,328.0,71.0,2840.0
1783932452.1,20466,32624,598,300.0,71.0,2785.0
1783932452.7,20474,32624,602,314.0,71.0,2742.0
1783932453.3,20478,32624,606,285.0,71.0,3076.0
1783932453.9,20474,32624,604,310.0,71.0,2777.0
1783932454.5,20474,32624,600,125.0,71.0,2653.0
1783932455.1,20470,32624,600,276.0,72.0,2828.0
1783932455.7,20470,32624,600,312.0,72.0,3273.0
1783932456.3,20470,32624,600,320.0,71.0,2777.0
1783932456.9,20470,32624,600,303.0,71.0,2866.0
1783932457.5,20466,32624,598,321.0,71.0,2775.0
1783932458.0,20466,32624,598,304.0,71.0,2802.0
1783932458.6,20457,32624,598,310.0,71.0,2734.0
1783932459.2,20468,32624,604,291.0,71.0,2748.0
1783932459.8,20468,32624,602,344.0,71.0,2875.0
1783932460.4,20468,32624,598,327.0,71.0,2793.0
1783932461.0,20464,32624,600,320.0,71.0,2745.0
1783932461.6,20464,32624,600,307.0,71.0,2773.0
1783932462.2,20462,32624,600,89.0,71.0,3031.0
1783932462.8,20462,32624,598,394.0,71.0,3173.0
1783932463.4,20462,32624,602,343.0,71.0,2997.0
1783932464.0,20462,32624,600,291.0,71.0,2740.0
1783932464.6,20455,32624,598,293.0,71.0,2774.0
1783932465.2,20458,32624,602,377.0,71.0,2952.0
1783932465.8,20458,32624,602,355.0,72.0,2916.0
1783932466.4,20458,32624,602,318.0,72.0,3111.0
1783932467.0,20458,32624,600,219.0,71.0,3273.0
1783932467.6,20458,32624,600,312.0,71.0,2868.0
1783932468.2,20458,32624,600,213.0,71.0,3258.0
1783932468.8,20458,32624,600,348.0,71.0,2607.0
1783932469.4,20458,32624,600,332.0,71.0,2850.0
1783932470.0,20458,32624,598,298.0,71.0,2914.0
1783932470.6,20466,32624,602,228.0,71.0,2649.0
1783932471.2,20466,32624,600,307.0,71.0,2774.0
1783932471.8,20462,32624,596,360.0,71.0,2901.0
1783932472.4,20462,32624,596,326.0,71.0,3116.0
1783932473.0,20461,32624,596,242.0,71.0,2832.0
1783932473.6,20453,32624,596,360.0,71.0,3023.0
1783932474.2,20453,32624,596,332.0,71.0,3200.0
1783932474.8,20461,32624,602,300.0,71.0,2716.0
1783932475.4,20461,32624,602,334.0,71.0,2932.0
1783932476.0,20461,32624,600,284.0,71.0,2935.0
1783932476.6,20461,32624,600,309.0,71.0,2703.0
1783932477.2,20461,32624,600,217.0,71.0,2685.0
1783932477.8,20461,32624,600,200.0,71.0,3183.0
1783932478.4,20462,32624,598,320.0,71.0,2862.0
1783932478.9,20460,32624,598,327.0,72.0,3027.0
1783932479.5,20462,32624,598,319.0,71.0,2697.0
1783932480.1,20462,32624,598,299.0,72.0,3272.0
1783932480.7,20451,32624,598,380.0,71.0,3061.0
1783932481.3,20447,32624,598,310.0,71.0,2710.0
1783932481.9,20447,32624,598,316.0,71.0,2747.0
1783932482.5,20460,32624,604,318.0,71.0,3126.0
1783932483.1,20460,32624,604,307.0,71.0,2736.0
1783932483.7,20460,32624,604,335.0,71.0,2858.0
1783932484.3,20460,32624,604,307.0,71.0,3284.0
1783932484.9,20468,32624,606,372.0,71.0,3044.0
1783932485.5,20466,32624,602,352.0,71.0,3025.0
1783932486.1,20466,32624,602,309.0,71.0,2715.0
1783932486.7,20466,32624,602,311.0,71.0,2780.0
1783932487.3,20466,32624,602,69.0,69.0,2956.0
1783932487.9,20485,32624,598,312.0,70.0,2719.0
1783932488.5,20485,32624,598,303.0,71.0,2751.0
1783932489.1,20485,32624,598,317.0,71.0,3147.0
1783932489.7,20485,32624,598,310.0,71.0,2788.0
1783932490.2,20485,32624,598,314.0,71.0,2774.0
1783932490.8,20477,32624,598,358.0,71.0,2710.0
1783932491.4,20477,32624,598,321.0,71.0,2836.0
1783932492.0,20477,32624,598,229.0,71.0,2685.0
1783932492.6,20477,32624,598,313.0,71.0,3088.0
1783932493.2,20477,32624,598,278.0,71.0,2846.0
1783932493.8,20477,32624,598,318.0,71.0,2801.0
1783932494.4,20477,32624,598,361.0,71.0,3265.0
1783932495.0,20477,32624,598,371.0,71.0,3070.0
1783932495.6,20477,32624,598,161.0,71.0,2852.0
1783932496.2,20477,32624,598,297.0,71.0,2755.0
1783932496.8,20477,32624,598,349.0,71.0,2709.0
1783932497.4,20477,32624,598,261.0,71.0,2871.0
1783932498.0,20486,32624,602,322.0,71.0,2826.0
1783932498.6,20486,32624,600,258.0,71.0,2639.0
1783932499.1,20487,32624,600,373.0,71.0,3092.0
1783932499.7,20487,32624,600,329.0,71.0,3043.0
1783932500.3,20483,32624,600,364.0,71.0,3206.0
1783932500.9,20483,32624,602,121.0,71.0,2959.0
1783932501.5,20481,32624,602,303.0,71.0,2737.0
1783932502.1,20481,32624,604,321.0,71.0,2679.0
1783932502.7,20481,32624,600,301.0,71.0,2911.0
1783932503.3,20474,32624,602,324.0,71.0,3146.0
1783932503.9,20476,32624,602,164.0,71.0,3264.0
1783932504.5,20484,32624,604,318.0,71.0,2796.0
1783932505.1,20484,32624,604,163.0,71.0,3286.0
1783932505.7,20484,32624,600,197.0,71.0,2792.0
1783932506.3,20484,32624,602,327.0,71.0,2855.0
1783932506.9,20478,32624,602,312.0,71.0,3012.0
1783932507.5,20478,32624,602,300.0,71.0,2898.0
1783932508.1,20478,32624,602,311.0,71.0,3080.0
1783932508.7,20484,32624,604,356.0,71.0,3228.0
1783932509.3,20484,32624,604,339.0,71.0,2891.0
1783932509.9,20482,32624,604,255.0,71.0,3285.0
1783932510.5,20482,32624,604,221.0,71.0,2761.0
1783932511.1,20482,32624,604,307.0,71.0,2770.0
1783932511.7,20482,32624,600,281.0,71.0,2932.0
1783932512.3,20482,32624,600,324.0,71.0,3212.0
1783932512.9,20482,32624,600,277.0,71.0,2710.0
1783932513.5,20482,32624,600,303.0,71.0,2879.0
1783932514.1,20482,32624,600,308.0,71.0,2728.0
1783932514.7,20474,32624,600,280.0,71.0,2762.0
1783932515.2,20474,32624,600,177.0,71.0,2659.0
1783932515.8,20474,32624,600,283.0,71.0,2702.0
1783932516.4,20474,32624,600,326.0,71.0,2889.0
1783932517.0,20474,32624,600,280.0,71.0,2623.0
1783932517.6,20470,32624,602,242.0,71.0,2806.0
1783932518.2,20470,32624,602,327.0,71.0,3212.0
1783932518.8,20470,32624,602,298.0,71.0,2859.0
1783932519.4,20470,32624,602,344.0,71.0,2944.0
1783932520.0,20470,32624,602,254.0,72.0,2960.0
1783932520.6,20470,32624,602,290.0,71.0,3265.0
1783932521.2,20470,32624,602,316.0,71.0,2773.0
1783932521.8,20470,32624,602,407.0,71.0,3158.0
1783932522.4,20470,32624,602,331.0,71.0,2763.0
1783932523.0,20464,32624,602,313.0,71.0,2770.0
1783932523.6,20464,32624,602,147.0,71.0,2703.0
1783932524.2,20464,32624,602,323.0,71.0,3105.0
1783932524.7,20464,32624,602,317.0,71.0,2761.0
1783932525.3,20464,32624,602,334.0,71.0,2919.0
1783932525.9,20464,32624,602,321.0,71.0,3166.0
1783932526.5,20464,32624,602,294.0,71.0,2732.0
1783932527.1,20464,32624,602,238.0,71.0,3027.0
1783932527.7,20464,32624,602,341.0,71.0,2757.0
1783932528.3,20464,32624,602,293.0,71.0,3224.0
1783932528.9,20488,32624,606,338.0,71.0,2909.0
1783932529.5,20488,32624,604,342.0,71.0,3024.0
1783932530.1,20490,32624,602,327.0,71.0,2878.0
1783932530.7,20494,32624,618,208.0,71.0,2809.0
1783932531.3,20494,32624,606,408.0,71.0,3143.0
1783932531.9,20494,32624,606,320.0,71.0,3133.0
1783932532.5,20490,32624,606,298.0,71.0,3216.0
1783932533.1,20490,32624,604,336.0,71.0,2944.0
1783932533.7,20490,32624,602,178.0,71.0,2809.0
1783932534.3,20488,32624,602,387.0,71.0,2928.0
1783932534.9,20488,32624,602,349.0,71.0,2913.0
1783932535.5,20488,32624,602,340.0,71.0,2901.0
1783932536.1,20488,32624,602,301.0,71.0,2798.0
1783932536.7,20488,32624,602,306.0,71.0,2706.0
1783932537.3,20488,32624,604,180.0,71.0,2521.0
1783932537.9,20484,32624,604,316.0,71.0,2967.0
1783932538.4,20484,32624,604,375.0,71.0,3187.0
1783932539.0,20484,32624,600,314.0,71.0,3277.0
1783932539.6,20483,32624,600,261.0,71.0,3151.0
1783932540.2,20483,32624,600,304.0,71.0,2861.0
1783932540.8,20475,32624,600,358.0,71.0,2741.0
1783932541.4,20475,32624,600,356.0,71.0,2999.0
1783932542.0,20475,32624,600,311.0,71.0,3026.0
1783932542.6,20475,32624,600,363.0,71.0,3030.0
1783932543.2,857,32624,96,34.0,69.0,0.0
1783932543.8,844,32624,80,30.0,68.0,254.0
1783932544.4,844,32624,80,18.0,67.0,0.0
1783932545.0,844,32624,80,16.0,67.0,0.0
1783932545.6,844,32624,80,15.0,66.0,0.0
1783932546.2,844,32624,80,15.0,66.0,0.0
1783932546.8,855,32624,80,28.0,66.0,0.0
1783932547.4,855,32624,80,15.0,65.0,0.0
1783932548.0,864,32624,94,28.0,65.0,0.0
1783932548.6,866,32624,86,27.0,64.0,0.0
1783932549.2,868,32624,84,27.0,64.0,1562.0
1783932549.7,868,32624,84,17.0,63.0,0.0
1783932550.3,868,32624,84,16.0,63.0,0.0
1783932550.9,868,32624,84,14.0,63.0,0.0
1783932551.5,868,32624,84,15.0,62.0,0.0
1783932552.1,891,32624,98,36.0,62.0,1756.0
1783932552.7,889,32624,94,25.0,62.0,1449.0
1783932553.3,893,32624,106,39.0,62.0,1416.0
1783932553.9,896,32624,106,35.0,61.0,1464.0
1783932554.5,919,32624,98,36.0,61.0,1373.0
1783932555.1,921,32624,94,15.0,60.0,0.0
1783932555.7,921,32624,94,16.0,60.0,0.0
1783932556.3,921,32624,82,14.0,60.0,0.0
1783932556.9,909,32624,86,40.0,60.0,1747.0
1783932557.5,909,32624,86,16.0,59.0,0.0
1783932558.2,907,32624,86,24.0,59.0,87.0
1783932558.8,908,32624,82,34.0,59.0,36.0
1783932559.4,917,32624,80,16.0,59.0,0.0
1783932560.0,919,32624,82,21.0,58.0,33.0
1783932560.6,920,32624,82,14.0,58.0,0.0
1783932561.1,920,32624,82,15.0,58.0,0.0
1783932561.7,918,32624,82,15.0,58.0,0.0
1783932562.3,918,32624,82,15.0,57.0,0.0
1783932562.9,918,32624,82,15.0,57.0,0.0
1783932563.5,918,32624,82,13.0,57.0,0.0
1783932564.1,916,32624,82,15.0,56.0,0.0
1783932564.7,912,32624,82,34.0,57.0,1454.0
1783932565.3,923,32624,84,34.0,56.0,1361.0
1783932565.9,926,32624,88,25.0,56.0,0.0
1783932566.5,926,32624,80,14.0,55.0,0.0
1783932567.1,16546,32624,80,38.0,56.0,99.0
1783932567.7,16539,32624,80,29.0,55.0,0.0
1783932568.3,16503,32624,88,40.0,56.0,51.0
1783932568.9,16481,32624,98,36.0,55.0,71.0
1783932569.5,16486,32624,94,35.0,55.0,85.0
1783932570.1,16497,32624,84,35.0,55.0,50.0
1783932570.7,16486,32624,76,29.0,54.0,0.0
1783932571.3,19147,32624,91,46.0,54.0,564.0
1783932571.9,20464,32624,511,30.0,54.0,0.0
1783932572.5,20473,32624,591,116.0,55.0,1701.0
1783932573.1,20475,32624,583,165.0,56.0,1643.0
1783932573.7,20475,32624,587,204.0,57.0,2421.0
1783932574.3,20437,32624,603,205.0,57.0,2784.0
1783932574.9,20450,32624,595,213.0,58.0,3274.0
1783932575.5,20441,32624,601,204.0,58.0,2917.0
1783932576.1,20450,32624,599,318.0,59.0,2862.0
1783932576.7,20441,32624,607,332.0,59.0,2773.0
1783932577.3,20441,32624,607,331.0,59.0,3070.0
1783932577.9,20441,32624,607,215.0,60.0,3015.0
1783932578.5,20443,32624,591,388.0,60.0,3171.0
1783932579.1,20441,32624,589,315.0,60.0,2826.0
1783932579.7,20444,32624,585,259.0,60.0,2957.0
1783932580.3,20444,32624,587,310.0,61.0,2851.0
1783932580.9,20449,32624,585,339.0,61.0,3129.0
1783932581.5,20428,32624,583,223.0,61.0,2762.0
1783932582.1,20418,32624,585,312.0,61.0,2862.0
1783932582.7,20418,32624,585,317.0,62.0,2982.0
1783932583.3,20418,32624,581,345.0,62.0,2849.0
1783932583.9,20418,32624,581,250.0,62.0,2868.0
1783932584.5,20424,32624,585,324.0,62.0,3214.0
1783932585.0,20424,32624,585,323.0,62.0,2886.0
1783932585.6,20415,32624,585,230.0,62.0,2986.0
1783932586.2,20415,32624,585,292.0,63.0,3255.0
1783932586.8,20415,32624,585,361.0,63.0,3071.0
1783932587.4,20411,32624,585,329.0,63.0,2884.0
1783932588.0,20411,32624,585,307.0,63.0,2783.0
1783932588.6,20411,32624,585,305.0,63.0,3206.0
1783932589.2,20408,32624,585,298.0,64.0,3265.0
1783932589.8,20407,32624,585,327.0,64.0,2901.0
1783932590.4,20407,32624,585,373.0,64.0,2788.0
1783932591.0,20422,32624,607,326.0,64.0,3245.0
1783932591.6,20417,32624,607,323.0,64.0,2920.0
1783932592.2,20417,32624,583,320.0,64.0,3191.0
1783932592.8,20411,32624,587,248.0,64.0,2947.0
1783932593.4,20411,32624,587,334.0,64.0,3252.0
1783932594.0,20411,32624,587,321.0,65.0,2830.0
1783932594.6,20411,32624,587,307.0,65.0,2793.0
1783932595.2,20411,32624,587,283.0,65.0,2739.0
1783932595.8,20411,32624,587,320.0,65.0,2858.0
1783932596.4,20411,32624,583,310.0,65.0,2796.0
1783932597.0,20375,32624,583,379.0,65.0,3178.0
1783932597.6,20375,32624,583,321.0,65.0,2776.0
1783932598.2,20375,32624,583,324.0,65.0,2830.0
1783932598.8,20375,32624,583,318.0,66.0,2826.0
1783932599.4,20375,32624,583,338.0,66.0,3253.0
1783932600.0,20375,32624,583,376.0,66.0,3235.0
1783932600.6,20375,32624,583,302.0,66.0,2782.0
1783932601.2,20375,32624,583,173.0,66.0,2761.0
1783932601.7,20375,32624,583,386.0,66.0,3131.0
1783932602.3,20375,32624,583,320.0,66.0,2853.0
1783932602.9,20371,32624,583,301.0,66.0,2953.0
1783932603.5,20371,32624,583,367.0,66.0,2842.0
1783932604.1,20371,32624,583,411.0,66.0,3170.0
1783932604.7,20371,32624,583,334.0,66.0,2851.0
1783932605.3,20376,32624,583,258.0,66.0,2828.0
1783932605.9,20382,32624,583,179.0,67.0,3001.0
1783932606.5,20382,32624,583,119.0,66.0,2758.0
1783932607.1,20385,32624,583,208.0,66.0,2799.0
1783932607.7,20395,32624,585,355.0,67.0,2926.0
1783932608.3,20395,32624,585,314.0,67.0,3188.0
1783932608.9,20459,32624,625,338.0,67.0,2951.0
1783932609.5,20442,32624,619,128.0,67.0,3315.0
1783932610.1,20444,32624,603,286.0,67.0,3269.0
1783932610.7,20444,32624,593,318.0,67.0,2973.0
1783932611.3,20445,32624,593,142.0,67.0,3088.0
1783932611.9,20445,32624,593,314.0,67.0,2878.0
1783932612.5,20437,32624,593,307.0,67.0,2811.0
1783932613.1,20437,32624,593,303.0,67.0,2752.0
1783932613.7,20437,32624,593,294.0,67.0,2709.0
1783932614.3,20437,32624,593,309.0,68.0,3289.0
1783932614.9,20426,32624,581,214.0,68.0,3013.0
1783932615.5,20422,32624,589,326.0,68.0,2937.0
1783932616.0,20422,32624,589,328.0,68.0,3215.0
1783932616.6,20422,32624,585,293.0,68.0,3286.0
1783932617.2,20422,32624,585,310.0,68.0,3138.0
1783932617.8,20422,32624,593,355.0,68.0,3161.0
1783932618.4,20422,32624,593,309.0,68.0,2809.0
1783932619.0,20424,32624,593,167.0,68.0,3299.0
1783932619.6,20424,32624,593,405.0,68.0,3174.0
1783932620.2,20424,32624,593,323.0,68.0,3133.0
1783932620.8,20424,32624,583,310.0,68.0,3258.0
1783932621.4,20424,32624,583,341.0,68.0,2925.0
1783932622.0,20424,32624,583,317.0,68.0,2842.0
1783932622.6,20424,32624,583,330.0,68.0,2811.0
1783932623.2,20424,32624,583,313.0,68.0,3143.0
1783932623.8,20424,32624,587,310.0,68.0,2857.0
1783932624.4,20459,32624,605,308.0,68.0,2797.0
1783932625.0,20463,32624,605,313.0,68.0,3283.0
1783932625.6,20442,32624,591,342.0,69.0,3225.0
1783932626.2,20442,32624,591,343.0,68.0,3234.0
1783932626.8,20442,32624,589,245.0,69.0,2773.0
1783932627.4,20442,32624,589,317.0,69.0,3152.0
1783932628.0,20442,32624,589,266.0,69.0,2923.0
1783932628.6,20436,32624,607,330.0,69.0,2865.0
1783932629.2,20425,32624,585,304.0,69.0,3263.0
1783932629.8,20425,32624,585,279.0,69.0,3181.0
1783932630.4,20425,32624,595,216.0,69.0,3252.0
1783932631.0,20426,32624,585,302.0,69.0,3269.0
1783932631.5,20424,32624,583,372.0,69.0,3222.0
1783932632.1,20424,32624,583,294.0,69.0,2981.0
1783932632.7,20428,32624,597,192.0,69.0,2760.0
1783932633.3,20428,32624,597,335.0,69.0,3080.0
1783932633.9,20430,32624,583,315.0,69.0,2766.0
1783932634.5,20430,32624,583,304.0,69.0,2758.0
1783932635.1,20430,32624,583,345.0,69.0,2763.0
1783932635.7,20406,32624,585,290.0,70.0,3095.0
1783932636.3,20406,32624,585,298.0,69.0,3278.0
1783932636.9,20406,32624,585,270.0,69.0,2677.0
1783932637.5,20406,32624,585,320.0,69.0,2828.0
1783932638.1,20406,32624,585,300.0,69.0,2734.0
1783932638.7,20406,32624,585,297.0,69.0,2799.0
1783932639.3,20406,32624,585,296.0,69.0,3015.0
1783932639.9,20406,32624,585,301.0,69.0,3261.0
1783932640.5,20406,32624,585,313.0,69.0,3281.0
1783932641.1,20406,32624,585,288.0,69.0,2982.0
1783932641.7,20406,32624,585,334.0,69.0,2883.0
1783932642.3,20401,32624,581,309.0,69.0,2749.0
1783932642.9,20401,32624,581,227.0,69.0,3087.0
1783932643.5,20397,32624,581,346.0,69.0,3112.0
1783932644.1,20397,32624,581,359.0,69.0,3147.0
1783932644.7,20397,32624,581,316.0,69.0,2842.0
1783932645.2,20397,32624,581,327.0,69.0,2824.0
1783932645.9,20389,32624,581,420.0,70.0,3187.0
1783932646.4,20398,32624,581,385.0,69.0,3130.0
1783932647.1,20400,32624,581,309.0,69.0,2793.0
1783932647.6,20400,32624,581,349.0,69.0,2751.0
1783932648.2,20400,32624,581,299.0,69.0,2721.0
1783932648.8,20400,32624,581,307.0,69.0,2737.0
1783932649.4,20400,32624,581,351.0,69.0,3096.0
1783932650.0,20400,32624,581,311.0,69.0,2778.0
1783932650.6,20400,32624,581,345.0,70.0,2935.0
1783932651.2,20400,32624,581,296.0,70.0,3282.0
1783932651.8,20400,32624,581,307.0,70.0,3276.0
1783932652.4,20399,32624,581,271.0,70.0,2610.0
1783932653.0,20399,32624,581,371.0,70.0,3090.0
1783932653.6,20399,32624,581,189.0,70.0,2720.0
1783932654.2,20399,32624,581,333.0,70.0,3228.0
1783932654.8,20399,32624,581,300.0,70.0,3275.0
1783932655.4,20399,32624,581,327.0,70.0,2832.0
1783932656.0,20399,32624,581,313.0,70.0,2771.0
1783932656.6,20399,32624,581,297.0,70.0,2642.0
1783932657.2,20393,32624,581,269.0,70.0,2996.0
1783932657.8,20393,32624,581,379.0,70.0,3081.0
1783932658.3,20393,32624,581,356.0,70.0,2960.0
1783932658.9,20393,32624,581,319.0,70.0,3191.0
1783932659.5,20388,32624,581,390.0,70.0,3141.0
1783932660.1,20399,32624,583,319.0,70.0,3158.0
1783932660.7,20399,32624,583,330.0,70.0,3255.0
1783932661.3,20399,32624,583,287.0,70.0,3072.0
1783932661.9,20399,32624,583,326.0,70.0,2861.0
1783932662.5,20399,32624,583,378.0,70.0,3060.0
1783932663.1,20405,32624,583,45.0,70.0,0.0
1783932663.7,20405,32624,591,45.0,68.0,0.0
1783932664.3,20405,32624,593,251.0,69.0,2799.0
1783932664.9,20405,32624,591,192.0,69.0,2744.0
1783932665.5,20405,32624,591,308.0,69.0,3129.0
1783932666.1,20405,32624,591,328.0,69.0,2843.0
1783932666.7,20405,32624,591,321.0,69.0,2832.0
1783932667.3,20401,32624,589,246.0,69.0,2948.0
1783932667.9,20401,32624,589,300.0,69.0,3277.0
1783932668.5,20398,32624,589,420.0,70.0,3180.0
1783932669.1,20401,32624,589,338.0,70.0,2899.0
1783932669.7,20401,32624,589,332.0,70.0,3199.0
1783932670.3,20401,32624,589,321.0,70.0,2806.0
1783932670.9,20411,32624,593,139.0,70.0,2728.0
1783932671.5,20415,32624,593,331.0,70.0,3057.0
1783932672.1,20442,32624,619,323.0,70.0,2835.0
1783932672.7,20442,32624,619,319.0,70.0,2953.0
1783932673.3,20462,32624,621,308.0,70.0,2780.0
1783932673.9,20462,32624,621,291.0,70.0,2734.0
1783932674.4,20423,32624,611,234.0,70.0,2795.0
1783932675.0,20423,32624,611,334.0,70.0,2889.0
1783932675.6,20421,32624,601,315.0,70.0,2817.0
1783932676.2,20421,32624,601,264.0,70.0,2845.0
1783932676.8,20413,32624,601,343.0,70.0,2943.0
1783932677.4,20413,32624,601,313.0,70.0,2771.0
1783932678.0,20437,32624,623,267.0,70.0,2900.0
1783932678.6,20418,32624,607,317.0,70.0,3194.0
1783932679.2,20450,32624,631,284.0,70.0,2702.0
1783932679.8,20466,32624,625,195.0,70.0,2983.0
1783932680.4,20428,32624,601,298.0,70.0,2898.0
1783932681.0,20428,32624,589,229.0,70.0,2900.0
1783932681.6,20428,32624,589,336.0,70.0,2921.0
1783932682.2,20413,32624,589,317.0,70.0,2805.0
1783932682.8,20425,32624,597,248.0,70.0,3159.0
1783932683.4,20417,32624,597,248.0,70.0,2872.0
1783932684.0,20409,32624,595,297.0,70.0,3229.0
1783932684.6,20468,32624,629,365.0,70.0,3207.0
1783932685.2,20468,32624,604,286.0,70.0,3259.0
1783932685.8,20473,32624,601,347.0,70.0,3162.0
1783932686.4,20473,32624,599,297.0,70.0,2984.0
1783932687.0,20444,32624,599,344.0,70.0,2949.0
1783932687.6,20412,32624,591,329.0,70.0,3049.0
1783932688.2,20412,32624,591,291.0,70.0,2873.0
1783932688.8,20428,32624,599,292.0,70.0,2751.0
1783932689.4,20424,32624,597,363.0,70.0,3181.0
1783932690.0,20424,32624,591,271.0,70.0,3139.0
1783932690.6,20409,32624,593,305.0,70.0,2750.0
1783932691.2,20413,32624,593,340.0,70.0,2581.0
1783932691.8,20413,32624,593,216.0,70.0,2852.0
1783932692.4,20413,32624,593,286.0,70.0,3009.0
1783932693.0,20402,32624,591,237.0,70.0,2931.0
1783932693.6,20394,32624,593,282.0,70.0,3210.0
1783932694.2,20394,32624,593,289.0,70.0,3038.0
1783932694.8,20389,32624,591,287.0,70.0,2731.0
1783932695.4,20388,32624,591,274.0,70.0,2919.0
1783932696.0,20388,32624,591,214.0,70.0,2695.0
1783932696.6,20390,32624,591,240.0,70.0,3232.0
1783932697.2,20390,32624,591,339.0,70.0,2650.0
1783932697.8,20390,32624,591,268.0,70.0,2808.0
1783932698.3,20392,32624,591,291.0,70.0,3280.0
1783932698.9,20392,32624,591,295.0,70.0,2739.0
1783932699.5,20392,32624,591,316.0,70.0,2776.0
1783932700.1,20392,32624,591,306.0,70.0,3094.0
1783932700.7,20392,32624,591,383.0,70.0,3110.0
1783932701.3,20389,32624,591,315.0,70.0,3079.0
1783932701.9,20389,32624,591,367.0,70.0,3057.0
1783932702.5,20414,32624,599,297.0,70.0,2739.0
1783932703.1,20470,32624,611,267.0,70.0,2949.0
1783932703.7,20472,32624,609,312.0,70.0,3252.0
1783932704.3,20492,32624,609,322.0,71.0,2849.0
1783932704.9,20492,32624,607,172.0,70.0,2730.0
1783932705.5,20460,32624,603,296.0,71.0,2676.0
1783932706.1,20457,32624,603,295.0,70.0,2743.0
1783932706.7,20457,32624,603,285.0,70.0,2651.0
1783932707.3,20457,32624,603,314.0,70.0,3250.0
1783932707.9,20455,32624,597,325.0,70.0,2851.0
1783932708.5,20451,32624,599,260.0,71.0,2750.0
1783932709.1,20451,32624,599,322.0,70.0,2826.0
1783932709.7,20417,32624,599,309.0,71.0,2799.0
1783932710.3,20417,32624,599,313.0,71.0,2790.0
1783932710.9,20417,32624,599,339.0,70.0,2920.0
1783932711.5,20406,32624,599,271.0,71.0,2677.0
1783932712.1,20406,32624,599,341.0,71.0,2682.0
1783932712.7,20412,32624,607,296.0,70.0,2961.0
1783932713.3,20412,32624,607,323.0,71.0,2790.0
1783932713.9,20412,32624,603,242.0,71.0,3241.0
1783932714.5,20412,32624,605,271.0,71.0,3058.0
1783932715.1,20412,32624,605,256.0,71.0,3001.0
1783932715.6,20410,32624,605,325.0,71.0,2890.0
1783932716.2,20410,32624,605,303.0,71.0,2801.0
1783932716.8,20410,32624,595,265.0,71.0,2840.0
1783932717.4,20415,32624,601,343.0,71.0,2929.0
1783932718.0,20415,32624,601,310.0,71.0,3267.0
1783932718.6,20395,32624,601,306.0,71.0,2915.0
1783932719.2,20395,32624,601,300.0,70.0,2758.0
1783932719.8,20395,32624,597,321.0,71.0,2866.0
1783932720.4,20411,32624,609,340.0,71.0,2944.0
1783932721.0,20411,32624,609,288.0,71.0,2730.0
1783932721.6,20411,32624,609,313.0,71.0,2743.0
1783932722.2,20415,32624,607,301.0,71.0,2760.0
1783932722.8,20415,32624,607,323.0,71.0,2890.0
1783932723.4,20415,32624,601,328.0,71.0,2873.0
1783932724.0,20415,32624,601,268.0,71.0,3060.0
1783932724.6,20415,32624,601,319.0,71.0,2919.0
1783932725.2,20446,32624,607,318.0,71.0,2802.0
1783932725.7,20446,32624,607,294.0,71.0,2739.0
1783932726.3,20448,32624,607,297.0,71.0,3274.0
1783932726.9,20448,32624,607,308.0,71.0,2971.0
1783932727.5,20448,32624,599,309.0,71.0,2711.0
1783932728.1,20431,32624,601,302.0,71.0,2768.0
1783932728.7,20424,32624,603,363.0,71.0,3196.0
1783932729.3,20442,32624,603,328.0,71.0,2834.0
1783932729.9,20442,32624,601,313.0,71.0,2813.0
1783932730.5,20442,32624,597,316.0,71.0,2914.0
1783932731.1,20442,32624,595,322.0,71.0,2989.0
1783932731.7,20442,32624,595,275.0,71.0,2667.0
1783932732.3,20421,32624,595,255.0,71.0,3042.0
1783932732.9,20421,32624,595,294.0,71.0,2745.0
1783932733.5,20421,32624,595,260.0,71.0,2836.0
1783932734.1,20410,32624,605,175.0,71.0,2683.0
1783932734.7,20410,32624,605,357.0,71.0,3008.0
1783932735.3,20406,32624,595,312.0,71.0,3127.0
1783932735.9,20406,32624,595,277.0,71.0,2917.0
1783932736.5,20416,32624,597,309.0,71.0,2808.0
1783932737.1,20416,32624,589,276.0,71.0,2859.0
1783932737.7,20416,32624,589,293.0,71.0,3179.0
1783932738.3,20429,32624,601,295.0,71.0,3266.0
1783932738.9,20437,32624,603,307.0,71.0,3250.0
1783932739.5,20437,32624,599,193.0,71.0,2586.0
1783932740.1,20437,32624,597,289.0,71.0,2870.0
1783932740.7,20437,32624,597,330.0,71.0,2723.0
1783932741.2,20435,32624,597,330.0,71.0,2745.0
1783932741.8,20435,32624,597,291.0,71.0,2644.0
1783932742.4,20425,32624,597,176.0,71.0,2563.0
1783932743.0,20402,32624,597,244.0,71.0,2654.0
1783932743.6,20401,32624,599,214.0,71.0,2618.0
1783932744.2,20401,32624,599,200.0,71.0,2722.0
1783932744.8,20401,32624,599,253.0,71.0,2863.0
1783932745.4,20401,32624,597,259.0,71.0,2859.0
1783932746.0,20401,32624,597,275.0,71.0,2821.0
1783932746.6,20401,32624,597,215.0,71.0,2855.0
1783932747.2,20392,32624,593,317.0,71.0,3140.0
1783932747.8,20392,32624,593,237.0,71.0,2724.0
1783932748.4,20405,32624,599,243.0,71.0,2916.0
1783932749.0,20407,32624,597,267.0,71.0,2816.0
1783932749.6,20407,32624,597,152.0,71.0,3048.0
1783932750.2,20407,32624,597,283.0,71.0,3169.0
1783932750.7,20407,32624,597,356.0,71.0,2985.0
1783932751.3,20407,32624,595,303.0,71.0,2762.0
1783932751.9,20408,32624,597,319.0,71.0,2878.0
1783932752.5,20416,32624,599,334.0,71.0,2873.0
1783932753.1,20416,32624,599,286.0,71.0,3272.0
1783932753.7,20418,32624,599,309.0,71.0,2704.0
1783932754.3,20418,32624,595,326.0,71.0,2844.0
1783932754.9,20405,32624,595,318.0,71.0,3116.0
1783932755.5,20412,32624,599,331.0,71.0,3210.0
1783932756.1,20412,32624,595,322.0,71.0,2879.0
1783932756.7,20410,32624,595,311.0,71.0,2845.0
1783932757.3,20410,32624,595,297.0,71.0,2763.0
1783932757.9,20414,32624,595,294.0,71.0,3170.0
1783932758.5,20414,32624,595,141.0,71.0,3013.0
1783932759.0,20414,32624,595,298.0,71.0,2754.0
1783932759.6,20408,32624,597,285.0,71.0,2931.0
1783932760.2,20408,32624,593,268.0,71.0,2878.0
1783932760.8,20408,32624,595,293.0,71.0,2999.0
1783932761.4,20408,32624,595,230.0,71.0,2825.0
1783932762.0,20415,32624,597,208.0,71.0,2923.0
1783932762.6,20415,32624,597,281.0,71.0,2884.0
1783932763.2,20415,32624,597,321.0,71.0,2812.0
1783932763.8,20433,32624,607,336.0,71.0,3216.0
1783932764.4,20433,32624,595,318.0,71.0,3272.0
1783932765.0,20472,32624,611,332.0,71.0,3177.0
1783932765.6,20483,32624,605,311.0,71.0,3080.0
1783932766.2,20483,32624,605,306.0,71.0,3250.0
1783932766.8,20477,32624,599,314.0,71.0,2775.0
1783932767.4,20477,32624,599,309.0,71.0,2781.0
1783932768.0,20477,32624,599,311.0,71.0,2733.0
1783932768.5,20438,32624,599,337.0,71.0,3234.0
1783932769.1,20438,32624,599,282.0,71.0,2963.0
1783932769.7,20376,32624,589,325.0,71.0,2956.0
1783932770.4,20418,32624,605,293.0,71.0,2724.0
1783932770.9,20425,32624,607,329.0,71.0,2933.0
1783932771.5,20425,32624,607,286.0,71.0,3004.0
1783932772.1,20425,32624,607,349.0,71.0,2984.0
1783932772.7,20425,32624,599,307.0,71.0,2930.0
1783932773.3,20418,32624,599,302.0,71.0,2780.0
1783932773.9,20418,32624,599,283.0,71.0,2703.0
1783932774.5,20399,32624,599,168.0,71.0,2646.0
1783932775.1,20399,32624,599,281.0,71.0,2862.0
1783932775.7,20399,32624,599,293.0,71.0,3270.0
1783932776.3,20389,32624,593,326.0,71.0,2776.0
1783932776.9,20389,32624,593,304.0,71.0,2773.0
1783932777.5,20373,32624,595,329.0,71.0,2771.0
1783932778.1,20386,32624,595,352.0,71.0,2810.0
1783932778.6,20386,32624,595,300.0,71.0,2782.0
1783932779.3,20403,32624,599,312.0,71.0,2787.0
1783932779.9,20426,32624,609,304.0,71.0,2739.0
1783932780.5,20426,32624,601,321.0,71.0,2839.0
1783932781.1,20424,32624,597,336.0,71.0,2873.0
1783932781.7,20424,32624,597,360.0,71.0,2899.0
1783932782.2,20475,32624,617,345.0,71.0,2956.0
1783932782.8,20472,32624,617,344.0,71.0,2831.0
1783932783.5,20425,32624,597,45.0,69.0,2292.0
1783932784.1,20450,32624,637,313.0,70.0,2787.0
1783932784.7,20454,32624,637,272.0,70.0,3251.0
1783932785.3,20488,32624,624,305.0,70.0,3271.0
1783932785.8,20488,32624,618,332.0,70.0,2679.0
1783932786.4,20453,32624,615,289.0,71.0,3081.0
1783932787.0,20453,32624,615,298.0,70.0,2756.0
1783932787.6,20473,32624,621,353.0,70.0,3207.0
1783932788.2,20473,32624,621,290.0,70.0,2919.0
1783932788.8,20434,32624,613,324.0,71.0,2830.0
1783932789.4,20422,32624,599,323.0,71.0,2816.0
1783932790.0,20427,32624,595,267.0,71.0,2993.0
1783932790.6,20389,32624,595,308.0,71.0,3279.0
1783932791.2,20390,32624,597,322.0,71.0,2824.0
1783932791.8,20390,32624,597,321.0,71.0,3026.0
1783932792.4,20390,32624,597,232.0,71.0,2722.0
1783932793.0,20390,32624,597,316.0,71.0,2992.0
1783932793.6,20384,32624,597,316.0,71.0,3059.0
1783932794.2,20384,32624,597,315.0,71.0,2829.0
1783932794.8,20370,32624,597,324.0,71.0,2974.0
1783932795.3,20370,32624,597,291.0,71.0,2699.0
1783932795.9,20370,32624,597,194.0,71.0,2744.0
1783932796.5,20370,32624,597,311.0,71.0,3093.0
1783932797.1,20384,32624,601,176.0,71.0,3015.0
1783932797.7,20384,32624,601,322.0,71.0,2795.0
1783932798.3,20380,32624,595,348.0,71.0,3103.0
1783932798.9,20380,32624,595,312.0,71.0,2807.0
1783932799.5,20380,32624,595,319.0,71.0,2716.0
1783932800.1,20380,32624,595,317.0,71.0,2811.0
1783932800.7,20375,32624,595,318.0,71.0,2844.0
1783932801.3,20375,32624,595,312.0,71.0,2747.0
1783932801.9,20361,32624,595,309.0,71.0,3123.0
1783932802.5,20360,32624,595,267.0,71.0,2846.0
1783932803.1,20360,32624,595,366.0,71.0,3153.0
1783932803.6,20360,32624,595,253.0,71.0,2669.0
1783932804.2,20360,32624,595,327.0,71.0,2829.0
1783932804.8,20356,32624,595,227.0,69.0,2791.0
1783932805.4,20356,32624,595,297.0,70.0,2764.0
1783932806.0,20356,32624,595,310.0,70.0,3269.0
1783932806.6,20356,32624,595,309.0,71.0,3272.0
1783932807.2,20356,32624,595,313.0,71.0,2778.0
1783932807.8,20356,32624,595,350.0,71.0,2924.0
1783932808.4,20356,32624,595,308.0,71.0,2768.0
1783932809.0,20356,32624,595,323.0,71.0,2800.0
1783932809.6,20356,32624,595,285.0,71.0,2898.0
1783932810.2,20375,32624,599,332.0,71.0,3235.0
1783932810.7,20379,32624,599,312.0,71.0,3267.0
1783932811.3,20379,32624,599,300.0,71.0,2735.0
1783932811.9,20379,32624,595,302.0,71.0,3059.0
1783932812.5,20366,32624,597,318.0,71.0,3280.0
1783932813.1,20377,32624,599,332.0,71.0,3257.0
1783932813.7,20377,32624,599,321.0,71.0,3237.0
1783932814.3,20377,32624,599,307.0,71.0,2773.0
1783932814.9,20385,32624,597,314.0,71.0,2791.0
1783932815.5,20385,32624,597,309.0,71.0,2723.0
1783932816.1,20385,32624,597,326.0,71.0,2826.0
1783932816.7,20375,32624,597,295.0,71.0,2869.0
1783932817.3,20375,32624,597,320.0,71.0,2793.0
1783932817.9,20351,32624,593,350.0,71.0,3083.0
1783932818.5,20351,32624,593,295.0,71.0,2904.0
1783932819.1,20351,32624,593,327.0,71.0,2833.0
1783932819.7,20363,32624,595,347.0,71.0,2904.0
1783932820.3,20408,32624,613,313.0,71.0,2755.0
1783932820.9,20410,32624,613,320.0,71.0,3009.0
1783932821.5,20410,32624,615,323.0,71.0,2814.0
1783932822.1,20410,32624,613,315.0,71.0,3269.0
1783932822.7,20410,32624,607,330.0,71.0,3155.0
1783932823.3,20410,32624,607,283.0,71.0,3243.0
1783932823.9,20408,32624,605,296.0,71.0,2730.0
1783932824.5,20408,32624,605,374.0,71.0,3203.0
1783932825.1,20408,32624,605,345.0,71.0,2915.0
1783932825.7,20406,32624,605,338.0,71.0,2946.0
1783932826.3,20390,32624,605,301.0,71.0,3265.0
1783932826.9,20390,32624,605,339.0,71.0,2834.0
1783932827.5,20378,32624,609,313.0,71.0,3263.0
1783932828.1,20378,32624,609,341.0,71.0,2812.0
1783932828.6,20378,32624,601,177.0,71.0,3211.0
1783932829.2,20378,32624,597,228.0,71.0,2791.0
1783932829.8,20378,32624,597,210.0,71.0,3234.0
1783932830.4,20379,32624,607,168.0,71.0,2632.0
1783932831.0,20375,32624,607,301.0,71.0,2769.0
1783932831.6,20389,32624,609,338.0,71.0,3233.0
1783932832.2,20391,32624,609,317.0,71.0,2737.0
1783932832.8,20391,32624,609,333.0,71.0,3260.0
1783932833.4,20391,32624,605,356.0,71.0,2957.0
1783932834.0,20375,32624,597,259.0,71.0,3239.0
1783932834.6,20375,32624,597,249.0,71.0,3091.0
1783932835.2,20375,32624,597,302.0,71.0,2737.0
1783932835.8,20375,32624,597,296.0,71.0,2952.0
1783932836.4,20346,32624,595,327.0,71.0,2857.0
1783932837.0,20346,32624,595,180.0,71.0,3275.0
1783932837.6,20346,32624,595,251.0,71.0,2760.0
1783932838.2,20370,32624,605,355.0,71.0,3152.0
1783932838.8,20374,32624,605,328.0,71.0,3120.0
1783932839.4,20374,32624,605,288.0,71.0,3055.0
1783932840.0,20370,32624,597,348.0,71.0,2963.0
1783932840.6,20391,32624,605,301.0,71.0,2713.0
1783932841.2,20391,32624,605,188.0,71.0,2787.0
1783932841.8,20391,32624,605,234.0,69.0,2808.0
1783932842.4,20427,32624,621,224.0,70.0,2317.0
1783932843.0,20409,32624,609,264.0,70.0,2664.0
1783932843.6,20409,32624,609,300.0,71.0,2736.0
1783932844.2,20412,32624,611,214.0,71.0,3079.0
1783932844.8,20412,32624,611,315.0,71.0,3148.0
1783932845.4,20393,32624,599,195.0,71.0,2668.0
1783932846.0,20393,32624,599,352.0,71.0,3174.0
1783932846.6,20393,32624,597,270.0,71.0,2685.0
1783932847.1,20393,32624,597,313.0,71.0,3280.0
1783932847.7,20355,32624,595,251.0,71.0,2909.0
1783932848.4,20377,32624,605,331.0,71.0,3199.0
1783932849.0,20378,32624,601,288.0,71.0,3275.0
1783932849.5,20378,32624,601,286.0,71.0,2829.0
1783932850.2,20378,32624,597,266.0,71.0,2913.0
1783932850.8,20391,32624,611,328.0,71.0,2736.0
1783932851.4,20391,32624,611,311.0,71.0,3271.0
1783932852.0,20388,32624,603,280.0,71.0,2898.0
1783932852.6,20388,32624,601,151.0,71.0,2677.0
1783932853.2,20384,32624,601,357.0,71.0,3036.0
1783932853.8,20384,32624,595,288.0,71.0,3257.0
1783932854.4,20384,32624,595,329.0,71.0,2733.0
1783932855.0,20382,32624,613,221.0,71.0,2968.0
1783932855.6,20395,32624,615,299.0,71.0,2719.0
1783932856.2,20391,32624,603,170.0,71.0,2737.0
1783932856.7,20391,32624,603,307.0,71.0,3265.0
1783932857.4,20391,32624,603,237.0,71.0,3154.0
1783932858.0,20387,32624,599,329.0,71.0,2847.0
1783932858.5,20383,32624,597,345.0,71.0,2993.0
1783932859.1,20383,32624,597,175.0,71.0,2971.0
1783932859.7,20383,32624,597,313.0,71.0,2761.0
1783932860.3,20378,32624,597,323.0,71.0,3061.0
1783932860.9,20378,32624,597,242.0,71.0,2867.0
1783932861.5,20366,32624,597,332.0,71.0,2893.0
1783932862.1,20366,32624,597,341.0,71.0,2668.0
1783932862.7,20357,32624,597,312.0,71.0,2811.0
1783932863.3,20357,32624,597,281.0,71.0,3202.0
1783932863.9,20357,32624,597,304.0,71.0,3283.0
1783932864.5,20350,32624,597,337.0,71.0,3223.0
1783932865.1,20350,32624,597,290.0,71.0,3285.0
1783932865.7,20350,32624,599,327.0,71.0,3036.0
1783932866.3,20387,32624,613,325.0,71.0,2845.0
1783932866.9,20390,32624,613,384.0,71.0,3127.0
1783932867.5,20399,32624,603,347.0,71.0,2721.0
1783932868.1,20383,32624,599,303.0,71.0,3115.0
1783932868.7,20383,32624,595,306.0,71.0,2810.0
1783932869.3,20383,32624,597,270.0,71.0,2854.0
1783932869.9,20383,32624,597,391.0,71.0,3124.0
1783932870.5,20383,32624,597,302.0,71.0,3227.0
1783932871.1,20383,32624,597,320.0,71.0,2733.0
1783932871.7,20383,32624,597,268.0,71.0,2816.0
1783932872.3,20378,32624,593,299.0,71.0,3266.0
1783932872.9,20368,32624,595,406.0,71.0,3175.0
1783932873.5,20368,32624,595,306.0,71.0,2754.0
1783932874.1,20368,32624,595,362.0,71.0,3124.0
1783932874.7,20342,32624,593,411.0,71.0,3148.0
1783932875.3,20342,32624,593,300.0,71.0,3234.0
1783932875.8,20334,32624,593,294.0,71.0,2885.0
1783932876.4,20334,32624,593,307.0,71.0,3151.0
1783932877.0,20334,32624,593,270.0,71.0,2968.0
1783932877.6,20334,32624,593,320.0,71.0,2842.0
1783932878.2,20334,32624,593,318.0,71.0,2760.0
1783932878.8,20336,32624,593,154.0,71.0,2771.0
1783932879.4,20340,32624,593,285.0,71.0,3184.0
1783932880.0,20340,32624,593,307.0,71.0,3130.0
1783932880.6,20340,32624,593,275.0,71.0,3246.0
1783932881.2,20340,32624,593,341.0,71.0,2948.0
1783932881.8,20340,32624,593,303.0,71.0,3251.0
1783932882.4,20340,32624,593,317.0,71.0,2824.0
1783932883.0,20340,32624,593,335.0,71.0,2748.0
1783932883.6,20336,32624,593,193.0,71.0,2939.0
1783932884.2,20352,32624,593,325.0,71.0,2826.0
1783932884.8,20352,32624,593,312.0,71.0,2744.0
1783932885.4,20352,32624,593,215.0,71.0,3141.0
1783932886.0,20352,32624,593,326.0,71.0,2981.0
1783932886.6,20352,32624,593,320.0,71.0,3196.0
1783932887.2,20352,32624,593,319.0,71.0,3263.0
1783932887.7,20352,32624,593,222.0,71.0,3228.0
1783932888.3,20352,32624,593,126.0,71.0,2786.0
1783932888.9,20348,32624,593,187.0,71.0,2911.0
1783932889.5,20348,32624,593,325.0,71.0,3262.0
1783932890.1,20348,32624,593,297.0,71.0,2722.0
1783932890.7,20348,32624,593,334.0,71.0,3153.0
1783932891.3,20348,32624,593,235.0,71.0,3260.0
1783932891.9,20348,32624,593,320.0,71.0,2960.0
1783932892.5,20348,32624,593,174.0,71.0,3118.0
1783932893.1,20348,32624,593,274.0,71.0,3249.0
1783932893.7,20348,32624,593,305.0,71.0,2801.0
1783932894.3,20348,32624,593,326.0,71.0,2968.0
1783932894.9,20348,32624,593,305.0,71.0,3275.0
1783932895.5,20352,32624,593,289.0,71.0,3247.0
1783932896.1,20352,32624,593,318.0,71.0,2775.0
1783932896.7,20356,32624,593,311.0,71.0,2688.0
1783932897.2,20356,32624,593,347.0,71.0,2683.0
1783932897.8,20356,32624,593,334.0,71.0,3072.0
1783932898.4,20356,32624,593,372.0,71.0,3099.0
1783932899.0,20356,32624,593,340.0,71.0,2886.0
1783932899.6,20365,32624,597,252.0,71.0,2914.0
1783932900.2,20365,32624,597,305.0,71.0,3202.0
1783932900.8,20365,32624,597,349.0,71.0,2747.0
1783932901.4,20365,32624,597,198.0,71.0,3151.0
1783932902.0,20369,32624,605,309.0,71.0,3269.0
1783932902.6,20369,32624,605,301.0,71.0,2749.0
1783932903.2,20369,32624,605,226.0,71.0,3009.0
1783932903.8,20369,32624,595,304.0,71.0,2732.0
1783932904.4,20365,32624,595,172.0,71.0,2602.0
1783932905.0,20377,32624,599,296.0,71.0,3053.0
1783932905.6,20377,32624,599,337.0,71.0,3272.0
1783932906.2,20373,32624,595,159.0,71.0,2950.0
1783932906.8,20373,32624,597,317.0,71.0,3263.0
1783932907.3,20373,32624,597,352.0,71.0,2724.0
1783932907.9,20373,32624,597,304.0,71.0,3116.0
1783932908.5,20381,32624,609,318.0,71.0,2826.0
1783932909.1,20381,32624,609,282.0,71.0,3159.0
1783932909.7,20381,32624,609,298.0,71.0,3071.0
1783932910.3,20381,32624,599,302.0,71.0,3260.0
1783932910.9,20381,32624,601,344.0,71.0,3115.0
1783932911.5,20375,32624,601,330.0,71.0,3152.0
1783932912.1,20375,32624,601,286.0,71.0,3263.0
1783932912.7,20375,32624,601,341.0,71.0,3077.0
1783932913.3,20375,32624,601,342.0,71.0,3133.0
1783932913.9,20375,32624,601,385.0,71.0,3120.0
1783932914.5,20375,32624,601,306.0,71.0,3279.0
1783932915.1,20375,32624,597,356.0,71.0,2990.0
1783932915.7,20381,32624,607,323.0,71.0,2799.0
1783932916.3,20383,32624,607,281.0,71.0,2716.0
1783932916.9,20387,32624,601,336.0,71.0,2876.0
1783932917.5,20387,32624,599,258.0,71.0,2925.0
1783932918.1,20386,32624,599,156.0,71.0,3041.0
1783932918.7,20386,32624,599,296.0,71.0,3263.0
1783932919.2,20386,32624,599,195.0,71.0,2739.0
1783932919.8,20365,32624,593,298.0,71.0,2787.0
1783932920.5,20378,32624,617,317.0,71.0,2898.0
1783932921.0,20378,32624,617,320.0,71.0,2824.0
1783932921.6,20370,32624,603,321.0,71.0,2778.0
1783932922.2,20369,32624,603,298.0,71.0,3271.0
1783932922.8,20371,32624,597,322.0,71.0,3225.0
1783932923.4,20385,32624,615,347.0,71.0,2976.0
1783932924.0,20387,32624,615,339.0,71.0,3081.0
1783932924.7,20387,32624,605,341.0,71.0,3263.0
1783932925.2,20387,32624,605,314.0,71.0,2849.0
1783932925.8,20385,32624,601,325.0,71.0,2819.0
1783932926.4,20385,32624,601,318.0,71.0,2935.0
1783932927.0,20385,32624,617,369.0,71.0,3089.0
1783932927.6,20405,32624,615,316.0,71.0,3278.0
1783932928.2,20405,32624,615,55.0,71.0,44.0
1783932928.8,20406,32624,605,99.0,69.0,1674.0
1783932929.4,20392,32624,599,169.0,69.0,1669.0
1783932930.0,20392,32624,599,279.0,69.0,2580.0
1783932930.6,20387,32624,595,340.0,70.0,2863.0
1783932931.2,20392,32624,619,316.0,70.0,2777.0
1783932931.8,20392,32624,619,217.0,70.0,2832.0
1783932932.4,20381,32624,599,298.0,70.0,3235.0
1783932933.0,20377,32624,597,223.0,70.0,2746.0
1783932933.6,20376,32624,613,294.0,70.0,3206.0
1783932934.2,20377,32624,613,344.0,71.0,3236.0
1783932934.8,20369,32624,599,305.0,70.0,3235.0
1783932935.4,20373,32624,597,302.0,70.0,2790.0
1783932936.0,20373,32624,597,315.0,71.0,2678.0
1783932936.6,20373,32624,597,329.0,71.0,3242.0
1783932937.2,20373,32624,595,351.0,71.0,3105.0
1783932937.8,20373,32624,595,356.0,71.0,3005.0
1783932938.4,20364,32624,595,284.0,71.0,3202.0
1783932939.0,20364,32624,599,296.0,71.0,3085.0
1783932939.6,20346,32624,599,248.0,71.0,2603.0
1783932940.2,20342,32624,595,412.0,71.0,3162.0
1783932940.8,20342,32624,595,328.0,71.0,2735.0
1783932941.4,20376,32624,611,381.0,71.0,3125.0
1783932942.0,20381,32624,613,281.0,71.0,3255.0
1783932942.6,20381,32624,613,184.0,71.0,2912.0
1783932943.2,20390,32624,615,266.0,71.0,3159.0
1783932943.8,20388,32624,601,335.0,71.0,3239.0
1783932944.4,20388,32624,601,282.0,71.0,3260.0
1783932945.0,20387,32624,601,183.0,71.0,2847.0
1783932945.5,20387,32624,601,320.0,71.0,3106.0
1783932946.1,20379,32624,601,316.0,71.0,3279.0
1783932946.7,20379,32624,601,350.0,71.0,2708.0
1783932947.3,20379,32624,601,306.0,71.0,2782.0
1783932947.9,20373,32624,595,318.0,71.0,3177.0
1783932948.5,20373,32624,595,303.0,71.0,3222.0
1783932949.1,20348,32624,593,193.0,71.0,3073.0
1783932949.7,20348,32624,593,381.0,71.0,3057.0
1783932950.3,20349,32624,593,312.0,71.0,2980.0
1783932950.9,20349,32624,593,312.0,71.0,2800.0
1783932951.5,20349,32624,593,368.0,71.0,3206.0
1783932952.1,20349,32624,593,317.0,71.0,3102.0
1783932952.7,20349,32624,593,332.0,71.0,2912.0
1783932953.3,20347,32624,595,323.0,71.0,2860.0
1783932953.9,20351,32624,595,234.0,71.0,2854.0
1783932954.5,20351,32624,595,302.0,71.0,3277.0
1783932955.1,20374,32624,601,307.0,71.0,2785.0
1783932955.7,20459,32624,636,334.0,71.0,3012.0
1783932956.3,20461,32624,597,300.0,71.0,3218.0
1783932956.9,20461,32624,597,301.0,71.0,3090.0
1783932957.5,20461,32624,591,321.0,71.0,3152.0
1783932958.1,20461,32624,591,344.0,71.0,2732.0
1783932958.7,20380,32624,597,315.0,71.0,3152.0
1783932959.2,20380,32624,597,304.0,71.0,2786.0
1783932959.8,20380,32624,597,261.0,71.0,3035.0
1783932960.4,20368,32624,597,346.0,71.0,2898.0
1783932961.0,20368,32624,597,329.0,71.0,3003.0
1783932961.6,20355,32624,595,225.0,69.0,2770.0
1783932962.2,20355,32624,595,305.0,70.0,2793.0
1783932962.8,20336,32624,595,290.0,70.0,2902.0
1783932963.4,20336,32624,595,360.0,71.0,2915.0
1783932964.0,20336,32624,595,343.0,71.0,2702.0
1783932964.6,20336,32624,595,331.0,71.0,2962.0
1783932965.2,20336,32624,595,291.0,71.0,3238.0
1783932965.8,20336,32624,595,319.0,71.0,2698.0
1783932966.4,20336,32624,595,341.0,71.0,3216.0
1783932967.0,20336,32624,595,304.0,71.0,2733.0
1783932967.6,20336,32624,595,412.0,71.0,3122.0
1783932968.2,20336,32624,595,326.0,71.0,2745.0
1783932968.8,20336,32624,595,330.0,71.0,3225.0
1783932969.4,20336,32624,595,272.0,71.0,2889.0
1783932970.0,20336,32624,595,294.0,71.0,3228.0
1783932970.6,20336,32624,595,295.0,71.0,2742.0
1783932971.2,20336,32624,595,202.0,71.0,3065.0
1783932971.8,20336,32624,595,346.0,71.0,2914.0
1783932972.3,20336,32624,595,333.0,71.0,3198.0
1783932972.9,20336,32624,595,329.0,71.0,2772.0
1783932973.5,20336,32624,595,316.0,71.0,2808.0
1783932974.1,20336,32624,595,286.0,71.0,2899.0
1783932974.7,20336,32624,595,320.0,71.0,3240.0
1783932975.3,20334,32624,595,382.0,71.0,3071.0
1783932975.9,20463,32624,615,180.0,71.0,2539.0
1783932976.5,20463,32624,615,162.0,71.0,2754.0
1783932977.1,20466,32624,595,376.0,71.0,2845.0
1783932977.7,20466,32624,595,303.0,71.0,2731.0
1783932978.3,20479,32624,609,308.0,71.0,2747.0
1783932978.9,20479,32624,609,297.0,71.0,3015.0
1783932979.5,20479,32624,609,363.0,71.0,3047.0
1783932980.1,20465,32624,605,200.0,71.0,3281.0
1783932980.7,20465,32624,603,306.0,71.0,2907.0
1783932981.3,20447,32624,603,334.0,71.0,2740.0
1783932981.9,20437,32624,603,265.0,71.0,2894.0
1783932982.5,20442,32624,597,277.0,71.0,3257.0
1783932983.1,20442,32624,597,283.0,71.0,3149.0
1783932983.7,20442,32624,593,318.0,71.0,2768.0
1783932984.3,20408,32624,595,150.0,71.0,2720.0
1783932984.9,20408,32624,595,295.0,71.0,2880.0
1783932985.5,20401,32624,593,306.0,71.0,3277.0
1783932986.0,20406,32624,593,267.0,71.0,3156.0
1783932986.6,20406,32624,593,216.0,71.0,3111.0
1783932987.2,20406,32624,593,350.0,71.0,2874.0
1783932987.8,20402,32624,593,316.0,71.0,2799.0
1783932988.4,20406,32624,595,282.0,71.0,2942.0
1783932989.0,20406,32624,597,335.0,71.0,2890.0
1783932989.6,20414,32624,595,309.0,71.0,2797.0
1783932990.2,20425,32624,603,296.0,71.0,3265.0
1783932990.8,20430,32624,605,317.0,71.0,3128.0
1783932991.4,20432,32624,597,160.0,71.0,2761.0
1783932992.0,20432,32624,597,332.0,71.0,2933.0
1783932992.8,20402,32624,601,59.0,69.0,2816.0
1783932993.4,20400,32624,601,195.0,70.0,1996.0
1783932994.0,20400,32624,601,232.0,70.0,2766.0
1783932994.6,20401,32624,601,322.0,71.0,2993.0
1783932995.1,20401,32624,593,158.0,70.0,2896.0
1783932995.7,20399,32624,595,331.0,71.0,3036.0
1783932996.3,20444,32624,613,330.0,71.0,2913.0
1783932996.9,20442,32624,613,315.0,71.0,2740.0
1783932997.5,20478,32624,628,296.0,71.0,2658.0
1783932998.1,20477,32624,628,310.0,71.0,3173.0
1783932998.7,20467,32624,597,338.0,71.0,3222.0
1783932999.3,20409,32624,597,349.0,71.0,3144.0
1783932999.9,20409,32624,597,349.0,71.0,3015.0
1783933000.5,20409,32624,597,271.0,71.0,2958.0
1783933001.1,20393,32624,597,320.0,71.0,3075.0
1783933001.7,20393,32624,597,299.0,71.0,3259.0
1783933002.3,20362,32624,601,296.0,71.0,2703.0
1783933002.9,20362,32624,601,270.0,71.0,3251.0
1783933003.5,20362,32624,601,206.0,71.0,2806.0
1783933004.1,20360,32624,593,316.0,71.0,2982.0
1783933004.7,20360,32624,593,275.0,71.0,2926.0
1783933005.3,20356,32624,593,309.0,71.0,2806.0
1783933005.9,20356,32624,593,322.0,71.0,2707.0
1783933006.5,20399,32624,603,332.0,71.0,2859.0
1783933007.1,20399,32624,603,310.0,70.0,3112.0
1783933007.7,20400,32624,599,329.0,71.0,3222.0
1783933008.3,20400,32624,599,311.0,71.0,3283.0
1783933008.9,20396,32624,597,322.0,71.0,3279.0
1783933009.5,20376,32624,597,304.0,71.0,2746.0
1783933010.1,20380,32624,599,314.0,71.0,3257.0
1783933010.7,20380,32624,595,302.0,71.0,3064.0
1783933011.3,20384,32624,595,314.0,71.0,3110.0
1783933011.9,20384,32624,601,334.0,71.0,3226.0
1783933012.5,20376,32624,599,315.0,71.0,3273.0
1783933013.1,20376,32624,599,196.0,71.0,3152.0
1783933013.7,20376,32624,599,218.0,71.0,2627.0
1783933014.3,20376,32624,599,287.0,71.0,3038.0
1783933014.9,20376,32624,599,301.0,71.0,2763.0
1783933015.5,20364,32624,601,315.0,71.0,3207.0
1783933016.1,20366,32624,601,307.0,71.0,2747.0
1783933016.6,20422,32624,626,159.0,71.0,3057.0
1783933017.2,20422,32624,626,306.0,71.0,2755.0
1783933017.8,20445,32624,623,330.0,71.0,2847.0
1783933018.4,20408,32624,601,323.0,71.0,2921.0
1783933019.0,20429,32624,625,274.0,71.0,3214.0
1783933019.6,20505,32624,631,166.0,71.0,3135.0
1783933020.2,20517,32624,631,295.0,71.0,2751.0
1783933020.8,20600,32624,625,300.0,71.0,2751.0
1783933021.4,20600,32624,625,301.0,71.0,2760.0
1783933022.0,20600,32624,625,217.0,71.0,2577.0
1783933022.6,20548,32624,617,320.0,71.0,3071.0
1783933023.2,20558,32624,623,232.0,71.0,3020.0
1783933023.8,20558,32624,623,347.0,71.0,3094.0
1783933024.4,20477,32624,597,393.0,71.0,3134.0
1783933025.0,20477,32624,597,250.0,71.0,3234.0
1783933025.6,20469,32624,595,309.0,71.0,3283.0
1783933026.2,20469,32624,595,317.0,71.0,3281.0
1783933026.8,20465,32624,595,343.0,71.0,2901.0
1783933027.4,20465,32624,595,322.0,71.0,2737.0
1783933028.0,20465,32624,595,229.0,71.0,2870.0
1783933028.6,20430,32624,595,379.0,71.0,3077.0
1783933029.2,20430,32624,595,338.0,71.0,3226.0
1783933029.8,20430,32624,595,367.0,71.0,3068.0
1783933030.4,20437,32624,593,270.0,71.0,2721.0
1783933031.0,20437,32624,593,362.0,71.0,2942.0
1783933031.6,20437,32624,593,314.0,71.0,2777.0
1783933032.2,20437,32624,593,323.0,71.0,2793.0
1783933032.7,20438,32624,593,133.0,69.0,1934.0
1783933033.3,20442,32624,593,168.0,70.0,2234.0
1783933033.9,20442,32624,593,279.0,70.0,2917.0
1783933034.5,20440,32624,593,304.0,70.0,2742.0
1783933035.1,20440,32624,593,324.0,71.0,3198.0
1783933035.7,20440,32624,593,326.0,71.0,2983.0
1783933036.3,20440,32624,593,311.0,71.0,3108.0
1783933036.9,20433,32624,593,313.0,71.0,3131.0
1783933037.5,20433,32624,593,307.0,71.0,2722.0
1783933038.1,20433,32624,593,302.0,71.0,3286.0
1783933038.7,20433,32624,593,204.0,71.0,2785.0
1783933039.3,20440,32624,593,328.0,71.0,2830.0
1783933039.9,20441,32624,597,201.0,71.0,2822.0
1783933040.5,20453,32624,599,306.0,71.0,3138.0
1783933041.1,20453,32624,599,287.0,71.0,3237.0
1783933041.7,20453,32624,599,324.0,71.0,3076.0
1783933042.2,20453,32624,595,322.0,71.0,2832.0
1783933042.8,20453,32624,595,192.0,71.0,2811.0
1783933043.4,20453,32624,595,312.0,71.0,3263.0
1783933044.0,20446,32624,595,216.0,71.0,2755.0
1783933044.6,20446,32624,595,323.0,71.0,2978.0
1783933045.2,20452,32624,601,305.0,71.0,3126.0
1783933045.8,20452,32624,601,330.0,71.0,3267.0
1783933046.4,20452,32624,601,175.0,71.0,2679.0
1783933047.0,20452,32624,599,307.0,71.0,2753.0
1783933047.6,20452,32624,599,331.0,71.0,3189.0
1783933048.2,20452,32624,599,220.0,71.0,2871.0
1783933048.8,20452,32624,599,351.0,71.0,3259.0
1783933049.4,20452,32624,595,342.0,71.0,3263.0
1783933050.0,20452,32624,595,327.0,71.0,3142.0
1783933050.6,20452,32624,595,308.0,71.0,3259.0
1783933051.2,20452,32624,595,297.0,71.0,2745.0
1783933051.8,20452,32624,595,282.0,71.0,3257.0
1783933052.4,20452,32624,597,308.0,71.0,3027.0
1783933053.0,20452,32624,597,296.0,71.0,3048.0
1783933053.6,20465,32624,599,338.0,71.0,3111.0
1783933054.1,20465,32624,599,300.0,71.0,2875.0
1783933054.7,20465,32624,595,278.0,71.0,2839.0
1783933055.3,20465,32624,595,327.0,71.0,3219.0
1783933055.9,20465,32624,595,304.0,71.0,2881.0
1783933056.5,20465,32624,593,140.0,71.0,3039.0
1783933057.1,20465,32624,593,317.0,71.0,3271.0
1783933057.7,20465,32624,593,317.0,71.0,3264.0
1783933058.3,20465,32624,593,161.0,71.0,2723.0
1783933058.9,20456,32624,595,345.0,71.0,3262.0
1783933059.5,20459,32624,599,333.0,71.0,2945.0
1783933060.1,20455,32624,599,228.0,71.0,2662.0
1783933060.7,20455,32624,599,368.0,71.0,3033.0
1783933061.3,20455,32624,599,319.0,71.0,2819.0
1783933061.9,20455,32624,599,270.0,71.0,3274.0
1783933062.5,20455,32624,599,303.0,71.0,2850.0
1783933063.1,20455,32624,597,225.0,71.0,3205.0
1783933063.6,20455,32624,599,318.0,71.0,2823.0
1783933064.2,20455,32624,599,309.0,71.0,2763.0
1783933064.8,20455,32624,599,313.0,71.0,2965.0
1783933065.4,20455,32624,595,264.0,71.0,2883.0
1783933066.0,20455,32624,595,320.0,71.0,2768.0
1783933066.6,20451,32624,593,290.0,71.0,3206.0
1783933067.2,20451,32624,593,361.0,71.0,3230.0
1783933067.8,20451,32624,593,312.0,71.0,3271.0
1783933068.4,20449,32624,591,309.0,71.0,3279.0
1783933069.0,20449,32624,591,349.0,71.0,3228.0
1783933069.6,20449,32624,591,332.0,71.0,3150.0
1783933070.2,20437,32624,593,340.0,71.0,3239.0
1783933070.8,20437,32624,591,185.0,71.0,3095.0
1783933071.4,20437,32624,591,319.0,71.0,2811.0
1783933072.0,20437,32624,591,289.0,71.0,3049.0
1783933072.6,20437,32624,591,310.0,71.0,2781.0
1783933073.2,20462,32624,603,398.0,71.0,3159.0
1783933073.8,20462,32624,607,311.0,71.0,2806.0
1783933074.4,20462,32624,607,309.0,71.0,2747.0
1783933075.0,20462,32624,607,263.0,71.0,2857.0
1783933075.6,20462,32624,595,325.0,71.0,2735.0
1783933076.2,20462,32624,595,190.0,71.0,2932.0
1783933076.8,20462,32624,595,296.0,71.0,2725.0
1783933077.4,20462,32624,595,310.0,71.0,3279.0
1783933078.0,20455,32624,595,308.0,72.0,3262.0
1783933078.6,20455,32624,595,313.0,71.0,3276.0
1783933079.2,20459,32624,595,326.0,71.0,3253.0
1783933079.8,20445,32624,593,290.0,71.0,3035.0
1783933080.4,20445,32624,593,381.0,71.0,3201.0
1783933081.0,20445,32624,593,310.0,71.0,3272.0
1783933081.6,20445,32624,593,264.0,71.0,3298.0
1783933082.2,20445,32624,593,327.0,71.0,2871.0
1783933082.8,20449,32624,593,333.0,71.0,2870.0
1783933083.4,20450,32624,605,274.0,71.0,3244.0
1783933084.0,20452,32624,597,331.0,71.0,3238.0
1783933084.6,20452,32624,599,377.0,71.0,3038.0
1783933085.2,20452,32624,599,68.0,71.0,2914.0
1783933085.8,20452,32624,599,314.0,71.0,3190.0
1783933086.4,20452,32624,597,343.0,71.0,3231.0
1783933087.0,20452,32624,597,380.0,71.0,3142.0
1783933087.6,20452,32624,597,321.0,71.0,2757.0
1783933088.2,20450,32624,597,300.0,71.0,2702.0
1783933088.7,20450,32624,597,284.0,71.0,3005.0
1783933089.3,20450,32624,597,253.0,71.0,2722.0
1783933089.9,20448,32624,601,341.0,71.0,3213.0
1783933090.5,20448,32624,593,321.0,71.0,3248.0
1783933091.1,20448,32624,593,334.0,71.0,3109.0
1783933091.7,20446,32624,593,272.0,71.0,2973.0
1783933092.3,20446,32624,593,292.0,71.0,2992.0
1783933092.9,20439,32624,593,301.0,71.0,3273.0
1783933093.5,20439,32624,593,287.0,71.0,3279.0
1783933094.1,20439,32624,593,312.0,71.0,2914.0
1783933094.7,20439,32624,593,332.0,71.0,3180.0
1783933095.3,20446,32624,593,338.0,71.0,3244.0
1783933095.9,20446,32624,593,361.0,71.0,3238.0
1783933096.5,20446,32624,593,326.0,71.0,3172.0
1783933097.1,20443,32624,593,310.0,71.0,3224.0
1783933097.7,20443,32624,593,311.0,71.0,2844.0
1783933098.3,20443,32624,593,290.0,71.0,2737.0
1783933098.9,20443,32624,593,320.0,71.0,2970.0
1783933099.5,20443,32624,593,273.0,71.0,2915.0
1783933100.1,20435,32624,593,359.0,71.0,3008.0
1783933100.7,20435,32624,593,316.0,71.0,3282.0
1783933101.3,20439,32624,595,326.0,71.0,3197.0
1783933101.9,20439,32624,595,301.0,71.0,2691.0
1783933102.4,20439,32624,595,324.0,71.0,3196.0
1783933103.0,20439,32624,595,333.0,71.0,2857.0
1783933103.6,20433,32624,595,329.0,71.0,2815.0
1783933104.2,20441,32624,593,315.0,71.0,2825.0
1783933104.8,20441,32624,593,367.0,71.0,3197.0
1783933105.4,20440,32624,593,300.0,71.0,3267.0
1783933106.0,20440,32624,593,357.0,71.0,3154.0
1783933106.6,20440,32624,593,165.0,71.0,3207.0
1783933107.2,20452,32624,601,355.0,71.0,3155.0
1783933107.8,20452,32624,601,303.0,71.0,3092.0
1783933108.4,20452,32624,601,354.0,71.0,3129.0
1783933109.0,20452,32624,601,335.0,71.0,3237.0
1783933109.6,20452,32624,601,328.0,71.0,3081.0
1783933110.2,20452,32624,601,318.0,71.0,2800.0
1783933110.8,20452,32624,595,167.0,71.0,3290.0
1783933111.4,20452,32624,595,322.0,71.0,2852.0
1783933112.0,20452,32624,597,330.0,71.0,2859.0
1783933112.6,20452,32624,597,327.0,71.0,2987.0
1783933113.2,20452,32624,593,121.0,71.0,3171.0
1783933113.8,20452,32624,593,289.0,71.0,3221.0
1783933114.4,20452,32624,593,298.0,71.0,3236.0
1783933115.0,20452,32624,593,318.0,71.0,2985.0
1783933115.6,20452,32624,593,305.0,71.0,3224.0
1783933116.2,20445,32624,593,303.0,71.0,3228.0
1783933116.8,20451,32624,601,290.0,71.0,2997.0
1783933117.4,20548,32624,623,357.0,71.0,2921.0
1783933118.0,20547,32624,597,286.0,71.0,2739.0
1783933118.6,20552,32624,597,316.0,71.0,2782.0
1783933119.2,20545,32624,607,303.0,72.0,3251.0
1783933119.8,20547,32624,609,344.0,71.0,3001.0
1783933120.4,20547,32624,609,329.0,72.0,3265.0
1783933121.0,20547,32624,609,294.0,71.0,3271.0
1783933121.6,20547,32624,609,326.0,71.0,3133.0
1783933122.2,20537,32624,597,240.0,71.0,3227.0
1783933122.8,20537,32624,597,301.0,71.0,2900.0
1783933123.4,20512,32624,597,248.0,71.0,2110.0
1783933124.0,20512,32624,597,307.0,71.0,3262.0
1783933124.6,20508,32624,597,309.0,71.0,2897.0
1783933125.1,20488,32624,593,332.0,71.0,2909.0
1783933125.7,20476,32624,595,307.0,71.0,2772.0
1783933126.3,20470,32624,593,305.0,71.0,2848.0
1783933126.9,20476,32624,593,352.0,71.0,3172.0
1783933127.5,20476,32624,593,315.0,71.0,3131.0
1783933128.1,20476,32624,593,301.0,71.0,3100.0
1783933128.7,20476,32624,593,330.0,71.0,2801.0
1783933129.3,20473,32624,593,298.0,71.0,2739.0
1783933129.9,20472,32624,593,362.0,71.0,2947.0
1783933130.5,20472,32624,593,352.0,71.0,2943.0
1783933131.1,20472,32624,593,311.0,71.0,2852.0
1783933131.7,20472,32624,595,315.0,71.0,2834.0
1783933132.3,20472,32624,595,302.0,71.0,2795.0
1783933132.9,20472,32624,595,314.0,71.0,2784.0
1783933133.5,20472,32624,595,301.0,71.0,2759.0
1783933134.1,20472,32624,595,312.0,71.0,2742.0
1783933134.7,20472,32624,595,304.0,71.0,3117.0
1783933135.3,20472,32624,595,294.0,71.0,3237.0
1783933135.9,20472,32624,595,307.0,71.0,3259.0
1783933136.4,20472,32624,595,320.0,71.0,2842.0
1783933137.0,20472,32624,595,309.0,71.0,2754.0
1783933137.6,20472,32624,595,287.0,71.0,2986.0
1783933138.2,20464,32624,593,286.0,71.0,3169.0
1783933138.8,20464,32624,593,200.0,71.0,2622.0
1783933139.4,20464,32624,593,308.0,71.0,3249.0
1783933140.0,20464,32624,593,319.0,71.0,3280.0
1783933140.6,20464,32624,593,307.0,71.0,3289.0
1783933141.2,20464,32624,593,290.0,71.0,3231.0
1783933141.8,20464,32624,593,340.0,71.0,2774.0
1783933142.4,20464,32624,593,319.0,71.0,2942.0
1783933142.9,20464,32624,593,275.0,71.0,2868.0
1783933143.5,20464,32624,593,367.0,71.0,3019.0
1783933144.1,20464,32624,593,394.0,71.0,3216.0
1783933144.7,20464,32624,593,349.0,71.0,3105.0
1783933145.3,20464,32624,593,322.0,71.0,3148.0
1783933145.9,20464,32624,593,309.0,71.0,2783.0
1783933146.5,20464,32624,593,274.0,71.0,2905.0
1783933147.1,20464,32624,593,298.0,71.0,3238.0
1783933147.7,20464,32624,593,296.0,71.0,2752.0
1783933148.3,20464,32624,593,316.0,71.0,2766.0
1783933148.9,20464,32624,593,281.0,71.0,3243.0
1783933149.5,20464,32624,593,325.0,71.0,2995.0
1783933150.1,20464,32624,593,350.0,71.0,3157.0
1783933150.6,20464,32624,593,328.0,71.0,2720.0
1783933151.2,20464,32624,593,330.0,71.0,2762.0
1783933151.8,20464,32624,593,298.0,71.0,2705.0
1783933152.4,20464,32624,593,280.0,71.0,3248.0
1783933153.0,20464,32624,593,327.0,71.0,2851.0
1783933153.6,20464,32624,593,376.0,71.0,3035.0
1783933154.2,20464,32624,593,324.0,71.0,3169.0
1783933154.8,20464,32624,593,189.0,71.0,3108.0
1783933155.4,20460,32624,593,292.0,71.0,3164.0
1783933156.0,20460,32624,593,293.0,71.0,3050.0
1783933156.6,20458,32624,593,381.0,71.0,3145.0
1783933157.2,20458,32624,593,309.0,71.0,2770.0
1783933157.7,20458,32624,593,283.0,71.0,3141.0
1783933158.3,20482,32624,597,275.0,71.0,3067.0
1783933158.9,20484,32624,597,283.0,71.0,3259.0
1783933159.5,20501,32624,607,310.0,71.0,2856.0
1783933160.1,20505,32624,616,300.0,71.0,3266.0
1783933160.7,20499,32624,599,379.0,71.0,3095.0
1783933161.3,20499,32624,605,275.0,71.0,2984.0
1783933161.9,20499,32624,605,297.0,71.0,3262.0
1783933162.5,20499,32624,601,212.0,71.0,3216.0
1783933163.1,20499,32624,601,324.0,71.0,3207.0
1783933163.7,20499,32624,601,317.0,71.0,2992.0
1783933164.3,20499,32624,601,292.0,71.0,3258.0
1783933164.9,20499,32624,601,304.0,71.0,2758.0
1783933165.5,20497,32624,603,333.0,71.0,2869.0
1783933166.1,20497,32624,603,386.0,71.0,3207.0
1783933166.7,20491,32624,603,317.0,71.0,3266.0
1783933167.2,20491,32624,603,269.0,71.0,2797.0
1783933167.8,20491,32624,597,311.0,71.0,3275.0
1783933168.4,20472,32624,597,248.0,71.0,2882.0
1783933169.0,20472,32624,597,334.0,71.0,3057.0
1783933169.6,20472,32624,597,353.0,71.0,3132.0
1783933170.2,20472,32624,601,320.0,71.0,3193.0
1783933170.8,20472,32624,601,306.0,71.0,2729.0
1783933171.4,20472,32624,601,300.0,71.0,2760.0
1783933172.0,20472,32624,601,381.0,71.0,3171.0
1783933172.6,20472,32624,601,279.0,71.0,2876.0
1783933173.2,20472,32624,601,373.0,71.0,2987.0
1783933173.8,20464,32624,601,317.0,71.0,3054.0
1783933174.4,20464,32624,601,315.0,71.0,2974.0
1783933175.0,20464,32624,601,193.0,71.0,2923.0
1783933175.5,20464,32624,601,317.0,71.0,2986.0
1783933176.1,20464,32624,601,311.0,71.0,2797.0
1783933176.7,20464,32624,601,306.0,71.0,3244.0
1783933177.3,20464,32624,601,281.0,71.0,2863.0
1783933177.9,20464,32624,601,45.0,71.0,0.0
1783933178.5,20464,32624,602,210.0,69.0,2720.0
1783933179.1,20464,32624,602,268.0,70.0,2958.0
1783933179.7,20464,32624,600,324.0,71.0,2852.0
1783933180.3,20469,32624,600,291.0,71.0,2717.0
1783933180.9,20469,32624,600,270.0,71.0,2845.0
1783933181.5,20469,32624,598,322.0,71.0,2835.0
1783933182.1,20469,32624,598,330.0,71.0,2811.0
1783933182.7,20469,32624,598,306.0,71.0,3240.0
1783933183.3,20469,32624,598,347.0,71.0,3250.0
1783933183.8,20469,32624,598,305.0,71.0,3233.0
1783933184.4,20469,32624,598,291.0,71.0,3042.0
1783933185.0,20465,32624,594,283.0,71.0,3090.0
1783933185.6,20467,32624,600,295.0,71.0,3282.0
1783933186.2,20467,32624,600,301.0,71.0,2731.0
1783933186.8,20467,32624,600,362.0,71.0,3036.0
1783933187.4,20467,32624,600,335.0,71.0,2889.0
1783933188.0,20467,32624,600,294.0,71.0,2731.0
1783933188.6,20467,32624,600,319.0,71.0,2815.0
1783933189.2,20467,32624,600,299.0,71.0,2753.0
1783933189.8,20467,32624,600,294.0,71.0,2708.0
1783933190.4,20467,32624,600,322.0,71.0,2842.0
1783933190.9,20467,32624,600,180.0,71.0,2697.0
1783933191.5,20467,32624,600,329.0,71.0,2931.0
1783933192.1,20470,32624,600,164.0,71.0,3272.0
1783933192.8,20471,32624,600,315.0,71.0,2870.0
1783933193.3,20471,32624,600,340.0,71.0,3241.0
1783933194.0,20471,32624,598,333.0,71.0,2872.0
1783933194.6,20471,32624,598,337.0,71.0,3063.0
1783933195.1,20471,32624,598,177.0,71.0,3157.0
1783933195.8,20541,32624,625,327.0,71.0,2853.0
1783933196.4,20516,32624,621,171.0,71.0,2789.0
1783933196.9,20540,32624,613,301.0,71.0,2754.0
1783933197.5,20540,32624,613,318.0,71.0,3202.0
1783933198.1,20530,32624,602,333.0,71.0,3066.0
1783933198.7,20530,32624,602,319.0,71.0,3272.0
1783933199.3,20503,32624,600,265.0,71.0,3131.0
1783933199.9,20503,32624,600,286.0,71.0,3268.0
1783933200.5,20503,32624,600,316.0,71.0,3216.0
1783933201.1,20503,32624,600,314.0,71.0,3251.0
1783933201.7,20491,32624,596,309.0,71.0,2716.0
1783933202.3,20491,32624,596,204.0,71.0,2703.0
1783933202.9,20491,32624,596,315.0,71.0,3101.0
1783933203.5,20469,32624,596,338.0,71.0,3243.0
1783933204.0,20469,32624,596,189.0,71.0,2995.0
1783933204.6,20469,32624,596,297.0,71.0,2751.0
1783933205.2,20469,32624,596,333.0,71.0,2861.0
1783933205.8,20469,32624,596,309.0,71.0,2757.0
1783933206.4,20469,32624,596,306.0,71.0,2949.0
1783933207.0,20472,32624,596,310.0,71.0,3255.0
1783933207.6,20472,32624,596,292.0,71.0,3262.0
1783933208.2,20472,32624,596,331.0,71.0,2892.0
1783933208.8,20472,32624,596,215.0,69.0,2723.0
1783933209.4,20472,32624,596,318.0,71.0,2833.0
1783933210.0,20472,32624,596,295.0,71.0,2679.0
1783933210.6,20472,32624,596,337.0,71.0,3237.0
1783933211.2,20472,32624,596,438.0,71.0,3189.0
1783933211.7,20468,32624,594,307.0,71.0,2799.0
1783933212.3,20468,32624,594,271.0,71.0,3245.0
1783933212.9,20468,32624,594,319.0,71.0,3220.0
1783933213.5,20468,32624,594,359.0,71.0,3162.0
1783933214.1,20468,32624,594,145.0,71.0,3088.0
1783933214.7,20468,32624,594,206.0,71.0,2705.0
1783933215.3,20468,32624,594,331.0,71.0,2833.0
1783933215.9,20468,32624,594,290.0,71.0,3233.0
1783933216.5,20468,32624,594,314.0,71.0,3242.0
1783933217.1,20464,32624,594,327.0,71.0,3164.0
1783933217.7,20464,32624,594,320.0,71.0,3210.0
1783933218.3,20464,32624,594,338.0,71.0,3230.0
1783933218.8,20464,32624,594,242.0,71.0,3026.0
1783933219.4,20464,32624,594,306.0,71.0,2747.0
1783933220.0,20464,32624,594,299.0,71.0,3085.0
1783933220.6,20464,32624,594,293.0,71.0,2983.0
1783933221.2,20468,32624,594,389.0,71.0,3110.0
1783933221.8,20468,32624,594,315.0,71.0,2908.0
1783933222.4,20468,32624,594,317.0,71.0,3139.0
1783933223.0,20468,32624,594,326.0,71.0,2881.0
1783933223.6,20468,32624,594,315.0,71.0,2794.0
1783933224.2,20468,32624,594,340.0,71.0,3222.0
1783933224.8,20468,32624,594,251.0,71.0,2944.0
1783933225.4,20468,32624,594,308.0,71.0,2790.0
1783933226.0,20468,32624,594,338.0,71.0,2932.0
1783933226.6,20468,32624,594,222.0,71.0,3280.0
1783933227.2,20468,32624,594,296.0,71.0,2756.0
1783933227.7,20468,32624,594,290.0,71.0,3249.0
1783933228.3,20468,32624,594,328.0,71.0,2908.0
1783933228.9,20468,32624,594,309.0,71.0,3122.0
1783933229.5,20468,32624,594,278.0,71.0,2896.0
1783933230.1,20468,32624,594,304.0,71.0,2741.0
1783933230.7,20468,32624,594,344.0,71.0,2928.0
1783933231.3,20468,32624,594,311.0,71.0,2777.0
1783933231.9,20468,32624,594,243.0,71.0,2875.0
1783933232.5,20468,32624,594,248.0,71.0,2673.0
1783933233.1,20468,32624,594,328.0,71.0,2904.0
1783933233.7,20468,32624,594,319.0,71.0,3283.0
1783933234.3,20468,32624,594,331.0,71.0,3096.0
1783933234.9,20468,32624,594,314.0,71.0,2804.0
1783933235.4,20468,32624,594,308.0,71.0,3275.0
1783933236.0,20468,32624,594,315.0,71.0,2703.0
1783933236.6,20468,32624,594,383.0,71.0,3135.0
1783933237.2,20468,32624,594,309.0,71.0,2823.0
1783933237.8,20468,32624,594,384.0,71.0,3118.0
1783933238.4,20468,32624,594,167.0,71.0,2630.0
1783933239.0,20468,32624,594,214.0,71.0,2678.0
1783933239.6,20473,32624,598,252.0,71.0,3035.0
1783933240.2,20473,32624,598,168.0,71.0,2606.0
1783933240.8,20473,32624,598,304.0,71.0,2973.0
1783933241.4,20473,32624,598,200.0,71.0,2641.0
1783933242.0,20473,32624,598,223.0,71.0,2905.0
1783933242.6,20473,32624,598,330.0,71.0,3081.0
1783933243.2,20473,32624,598,289.0,71.0,3267.0
1783933243.7,20473,32624,598,253.0,71.0,3038.0
1783933244.3,20477,32624,598,321.0,71.0,2873.0
1783933244.9,20477,32624,598,234.0,71.0,2751.0
1783933245.5,20477,32624,598,318.0,71.0,3104.0
1783933246.1,20477,32624,598,349.0,71.0,3246.0
1783933246.7,20477,32624,598,367.0,71.0,3162.0
1783933247.3,20477,32624,598,293.0,71.0,2981.0
1783933247.9,20478,32624,598,339.0,71.0,2898.0
1783933248.5,20478,32624,598,53.0,71.0,462.0
1783933249.1,20478,32624,598,71.0,70.0,2919.0
1783933249.7,20478,32624,598,357.0,71.0,3006.0
1783933250.3,20478,32624,598,342.0,71.0,2720.0
1783933250.9,20478,32624,598,326.0,71.0,2898.0
1783933251.4,20478,32624,598,310.0,71.0,3240.0
1783933252.0,20478,32624,598,329.0,71.0,3232.0
1783933252.6,20478,32624,598,302.0,71.0,3266.0
1783933253.2,20478,32624,598,207.0,71.0,2821.0
1783933253.8,20478,32624,598,201.0,71.0,3276.0
1783933254.4,20478,32624,598,304.0,71.0,2833.0
1783933255.0,20478,32624,598,264.0,71.0,2868.0
1783933255.6,20513,32624,612,299.0,71.0,3060.0
1783933256.2,20513,32624,612,323.0,71.0,3137.0
1783933256.8,20513,32624,612,311.0,71.0,2747.0
1783933257.4,20513,32624,594,187.0,71.0,3270.0
1783933258.0,20513,32624,594,338.0,71.0,3232.0
1783933258.6,20513,32624,594,371.0,71.0,3080.0
1783933259.2,20513,32624,594,317.0,71.0,3259.0
1783933259.8,20513,32624,594,306.0,71.0,3278.0
1783933260.3,20513,32624,594,325.0,71.0,2866.0
1783933260.9,20509,32624,594,397.0,71.0,3141.0
1783933261.5,20509,32624,594,388.0,71.0,3103.0
1783933262.1,20509,32624,594,344.0,71.0,3028.0
1783933262.7,20509,32624,594,357.0,71.0,3059.0
1783933263.3,20505,32624,596,248.0,71.0,3166.0
1783933263.9,20505,32624,596,316.0,71.0,3241.0
1783933264.5,20491,32624,604,352.0,71.0,3202.0
1783933265.1,20491,32624,604,226.0,71.0,2897.0
1783933265.7,20494,32624,600,339.0,71.0,3242.0
1783933266.3,20494,32624,600,274.0,71.0,3017.0
1783933266.9,20494,32624,600,211.0,71.0,2856.0
1783933267.5,20494,32624,600,341.0,71.0,3106.0
1783933268.1,20494,32624,600,332.0,71.0,3261.0
1783933268.7,20494,32624,600,198.0,71.0,3219.0
1783933269.3,20494,32624,596,335.0,71.0,2861.0
1783933269.9,20494,32624,596,318.0,71.0,2960.0
1783933270.5,20486,32624,596,344.0,71.0,3085.0
1783933271.1,20486,32624,596,314.0,71.0,2758.0
1783933271.7,20486,32624,596,303.0,71.0,3267.0
1783933272.3,20486,32624,596,408.0,71.0,3154.0
1783933272.9,20486,32624,596,342.0,71.0,3029.0
1783933273.5,20486,32624,596,300.0,71.0,3237.0
1783933274.0,20486,32624,596,301.0,71.0,3031.0
1783933274.6,20486,32624,596,311.0,71.0,3255.0
1783933275.2,20486,32624,596,311.0,71.0,2739.0
1783933275.8,20475,32624,606,363.0,71.0,3151.0
1783933276.4,20475,32624,606,297.0,71.0,3186.0
1783933277.0,20475,32624,606,370.0,71.0,3026.0
1783933277.6,20475,32624,594,391.0,71.0,3159.0
1783933278.2,20475,32624,594,275.0,71.0,2906.0
1783933278.8,20475,32624,594,322.0,71.0,3246.0
1783933279.4,20475,32624,594,299.0,71.0,2751.0
1783933280.0,20475,32624,594,326.0,71.0,2708.0
1783933280.6,20475,32624,594,306.0,71.0,3249.0
1783933281.2,20475,32624,594,289.0,71.0,3273.0
1783933281.8,20475,32624,594,312.0,71.0,3280.0
1783933282.3,20475,32624,594,324.0,71.0,3111.0
1783933282.9,20475,32624,594,321.0,71.0,3009.0
1783933283.5,20475,32624,594,288.0,71.0,2878.0
1783933284.1,20475,32624,594,313.0,71.0,3264.0
1783933284.7,20475,32624,594,218.0,71.0,2667.0
1783933285.3,20475,32624,594,156.0,71.0,2966.0
1783933285.9,20475,32624,594,337.0,71.0,2929.0
1783933286.5,20475,32624,594,319.0,71.0,3245.0
1783933287.1,20475,32624,594,308.0,71.0,3251.0
1783933287.7,20475,32624,594,369.0,71.0,3019.0
1783933288.3,20475,32624,594,356.0,71.0,3238.0
1783933288.9,20475,32624,594,351.0,71.0,3233.0
1783933289.5,20475,32624,594,362.0,71.0,3034.0
1783933290.1,20475,32624,594,321.0,71.0,3142.0
1783933290.7,20475,32624,594,314.0,71.0,2803.0
1783933291.3,20475,32624,594,339.0,71.0,3220.0
1783933291.9,20475,32624,594,296.0,71.0,3041.0
1783933292.5,20475,32624,594,184.0,71.0,3020.0
1783933293.0,20475,32624,594,312.0,71.0,3277.0
1783933293.6,20475,32624,594,315.0,71.0,3089.0
1783933294.2,20475,32624,594,157.0,71.0,2549.0
1783933294.8,20475,32624,594,344.0,71.0,2938.0
1783933295.4,20471,32624,594,317.0,71.0,2777.0
1783933296.0,20471,32624,594,299.0,71.0,3277.0
1783933296.6,20471,32624,594,244.0,71.0,3063.0
1783933297.2,20471,32624,594,321.0,71.0,3273.0
1783933297.8,20471,32624,594,308.0,71.0,2780.0
1783933298.4,20471,32624,594,275.0,71.0,3231.0
1783933299.0,20471,32624,594,305.0,71.0,3277.0
1783933299.6,20471,32624,594,309.0,71.0,3253.0
1783933300.2,20471,32624,594,310.0,71.0,2719.0
1783933300.8,20471,32624,594,286.0,71.0,3120.0
1783933301.4,20471,32624,594,288.0,71.0,3233.0
1783933302.0,20471,32624,594,328.0,71.0,3136.0
1783933302.5,20471,32624,594,316.0,71.0,3262.0
1783933303.1,20471,32624,594,273.0,71.0,3270.0
1783933303.7,20471,32624,594,302.0,71.0,2695.0
1783933304.3,20471,32624,594,300.0,71.0,3085.0
1783933304.9,20471,32624,594,164.0,71.0,2723.0
1783933305.5,20471,32624,594,313.0,71.0,2781.0
1783933306.1,20471,32624,594,305.0,71.0,2884.0
1783933306.7,20471,32624,594,322.0,71.0,3244.0
1783933307.3,20471,32624,594,298.0,71.0,2940.0
1783933307.9,20471,32624,594,317.0,71.0,2922.0
1783933308.5,20471,32624,594,270.0,71.0,2735.0
1783933309.1,20471,32624,594,290.0,71.0,2758.0
1783933309.7,20454,32624,596,359.0,71.0,3023.0
1783933310.3,20454,32624,596,245.0,71.0,3264.0
1783933310.8,20465,32624,602,336.0,71.0,3227.0
1783933311.4,20465,32624,602,237.0,71.0,3188.0
1783933312.0,20465,32624,602,328.0,72.0,2920.0
1783933312.6,20465,32624,602,211.0,71.0,3241.0
1783933313.2,20465,32624,602,276.0,71.0,2874.0
1783933313.8,20465,32624,602,331.0,71.0,2866.0
1783933314.4,20465,32624,602,416.0,71.0,3157.0
1783933315.0,20465,32624,600,271.0,71.0,3229.0
1783933315.6,20465,32624,600,403.0,71.0,3150.0
1783933316.2,20465,32624,600,295.0,71.0,2676.0
1783933316.8,20465,32624,600,322.0,71.0,2969.0
1783933317.4,20465,32624,600,308.0,71.0,3089.0
1783933318.0,20465,32624,600,355.0,71.0,2743.0
1783933318.6,20465,32624,600,385.0,71.0,3114.0
1783933319.2,20465,32624,600,339.0,71.0,3230.0
1783933319.7,20465,32624,600,309.0,71.0,3257.0
1783933320.3,20465,32624,600,198.0,71.0,3273.0
1783933320.9,20463,32624,594,334.0,71.0,3068.0
1783933321.5,20457,32624,594,314.0,71.0,3261.0
1783933322.1,20457,32624,594,313.0,71.0,3267.0
1783933322.7,20457,32624,594,313.0,71.0,2812.0
1783933323.3,20457,32624,594,312.0,71.0,2909.0
1783933323.9,20457,32624,594,293.0,71.0,3031.0
1783933324.5,20457,32624,594,349.0,71.0,3158.0
1783933325.1,20457,32624,594,363.0,71.0,3045.0
1783933325.7,20457,32624,594,214.0,71.0,2861.0
1783933326.3,20457,32624,594,138.0,71.0,2638.0
1783933326.9,20467,32624,602,327.0,71.0,2931.0
1783933327.5,20467,32624,602,318.0,71.0,2892.0
1783933328.1,20467,32624,600,362.0,71.0,3209.0
1783933328.7,20469,32624,594,293.0,71.0,3253.0
1783933329.3,20469,32624,596,406.0,71.0,3173.0
1783933329.9,20467,32624,596,325.0,71.0,3124.0
1783933330.5,20467,32624,596,319.0,71.0,3273.0
1783933331.1,20467,32624,596,148.0,71.0,3052.0
1783933331.7,20467,32624,596,315.0,71.0,2825.0
1783933332.3,20467,32624,596,264.0,71.0,3003.0
1783933332.9,20467,32624,596,281.0,71.0,3215.0
1783933333.5,20469,32624,596,287.0,71.0,3186.0
1783933334.1,20510,32624,620,328.0,71.0,3268.0
1783933334.7,20561,32624,621,364.0,71.0,3034.0
1783933335.3,20561,32624,621,304.0,71.0,2879.0
1783933335.9,20562,32624,604,323.0,71.0,2791.0
1783933336.5,20562,32624,604,288.0,71.0,2761.0
1783933337.1,20562,32624,600,243.0,69.0,2800.0
1783933337.7,20562,32624,600,205.0,70.0,2754.0
1783933338.2,20562,32624,600,329.0,71.0,2777.0
1783933338.8,20562,32624,600,295.0,71.0,3105.0
1783933339.4,20547,32624,600,312.0,71.0,2995.0
1783933340.0,20542,32624,602,315.0,71.0,3071.0
1783933340.6,20512,32624,600,295.0,71.0,3195.0
1783933341.2,20512,32624,600,308.0,71.0,3250.0
1783933341.8,20499,32624,596,239.0,71.0,2902.0
1783933342.4,20499,32624,596,312.0,71.0,3133.0
1783933343.0,20499,32624,596,326.0,71.0,2831.0
1783933343.6,20495,32624,596,205.0,71.0,3119.0
1783933344.2,20495,32624,596,301.0,71.0,2962.0
1783933344.8,20502,32624,596,179.0,71.0,3231.0
1783933345.4,20502,32624,596,255.0,71.0,3072.0
1783933346.0,20502,32624,596,167.0,71.0,2951.0
1783933346.6,20502,32624,596,320.0,71.0,2922.0
1783933347.1,20527,32624,596,312.0,71.0,3228.0
1783933347.7,20527,32624,596,361.0,71.0,2712.0
1783933348.3,20527,32624,596,328.0,71.0,2879.0
1783933348.9,20527,32624,596,296.0,71.0,3246.0
1783933349.5,20521,32624,594,338.0,71.0,3154.0
1783933350.1,20521,32624,594,322.0,71.0,2752.0
1783933350.7,20521,32624,596,297.0,71.0,3233.0
1783933351.3,20521,32624,596,361.0,71.0,3042.0
1783933351.9,20525,32624,598,194.0,71.0,3264.0
1783933352.5,20525,32624,598,353.0,71.0,2984.0
1783933353.1,20525,32624,598,290.0,71.0,3264.0
1783933353.7,20525,32624,598,298.0,71.0,3236.0
1783933354.2,20525,32624,598,318.0,71.0,3249.0
1783933354.8,20511,32624,598,326.0,71.0,3215.0
1783933355.4,20511,32624,598,326.0,71.0,3077.0
1783933356.0,20511,32624,598,346.0,71.0,3116.0
1783933356.6,20511,32624,598,287.0,71.0,3225.0
1783933357.2,20511,32624,598,339.0,71.0,2732.0
1783933357.8,20507,32624,598,308.0,71.0,3230.0
1783933358.4,20507,32624,598,316.0,71.0,3223.0
1783933359.0,20507,32624,598,301.0,71.0,3205.0
1783933359.6,20507,32624,598,199.0,71.0,3016.0
1783933360.2,20507,32624,598,173.0,71.0,3145.0
1783933360.8,20531,32624,602,293.0,71.0,3205.0
1783933361.4,20520,32624,602,211.0,71.0,3123.0
1783933361.9,20536,32624,602,296.0,71.0,3259.0
1783933362.5,20538,32624,604,324.0,71.0,2831.0
1783933363.1,20538,32624,604,311.0,71.0,3028.0
1783933363.7,20536,32624,596,177.0,71.0,3166.0
1783933364.3,20566,32624,614,277.0,71.0,2901.0
1783933364.9,20562,32624,612,306.0,71.0,3125.0
1783933365.5,20540,32624,596,328.0,71.0,3222.0
1783933366.1,20595,32624,612,311.0,71.0,3260.0
1783933366.7,20595,32624,612,232.0,71.0,3239.0
1783933367.3,20595,32624,612,300.0,71.0,3086.0
1783933367.9,20514,32624,606,317.0,71.0,3078.0
1783933368.5,20514,32624,606,214.0,71.0,2732.0
1783933369.1,20514,32624,606,200.0,71.0,3127.0
1783933369.7,20514,32624,606,325.0,71.0,2882.0
1783933370.3,20514,32624,606,250.0,71.0,2758.0
1783933370.9,20514,32624,606,172.0,71.0,2980.0
1783933371.4,20473,32624,606,312.0,71.0,3243.0
1783933372.0,20473,32624,606,230.0,71.0,3077.0
1783933372.6,20465,32624,608,355.0,71.0,3109.0
1783933373.2,20449,32624,602,310.0,71.0,3279.0
1783933373.8,20544,32624,639,302.0,71.0,3082.0
1783933374.4,20544,32624,635,350.0,71.0,3259.0
1783933375.0,20521,32624,610,293.0,71.0,3208.0
1783933375.6,20517,32624,612,300.0,71.0,3279.0
1783933376.2,20538,32624,616,336.0,71.0,3210.0
1783933376.8,20502,32624,616,308.0,71.0,3276.0
1783933377.4,20529,32624,624,340.0,71.0,3074.0
1783933378.0,20495,32624,608,292.0,71.0,2763.0
1783933378.6,20479,32624,618,320.0,71.0,2787.0
1783933379.2,20479,32624,618,338.0,71.0,3173.0
1783933379.8,20479,32624,598,298.0,71.0,2751.0
1783933380.4,20463,32624,604,312.0,71.0,3188.0
1783933381.0,20463,32624,604,322.0,71.0,2881.0
1783933381.6,20459,32624,616,304.0,71.0,3230.0
1783933382.2,20459,32624,616,307.0,71.0,3242.0
1783933382.8,20459,32624,616,319.0,71.0,3281.0
1783933383.4,20452,32624,616,302.0,71.0,3271.0
1783933383.9,20454,32624,618,186.0,71.0,2678.0
1783933384.5,20444,32624,596,294.0,71.0,2919.0
1783933385.1,20454,32624,604,348.0,71.0,3129.0
1783933385.7,20424,32624,602,307.0,71.0,3269.0
1783933386.3,20424,32624,602,330.0,71.0,3264.0
1783933386.9,20421,32624,602,290.0,71.0,3030.0
1783933387.5,20433,32624,606,305.0,71.0,3254.0
1783933388.1,20450,32624,618,340.0,71.0,3238.0
1783933388.7,20450,32624,618,204.0,71.0,3235.0
1783933389.3,20450,32624,604,305.0,71.0,3265.0
1783933389.9,20448,32624,620,312.0,71.0,3054.0
1783933390.5,20448,32624,618,309.0,71.0,3283.0
1783933391.1,20441,32624,618,318.0,71.0,3200.0
1783933391.7,20433,32624,618,370.0,71.0,3047.0
1783933392.3,20435,32624,606,309.0,71.0,3094.0
1783933392.9,20437,32624,600,256.0,71.0,3255.0
1783933393.5,20437,32624,598,345.0,71.0,3232.0
1783933394.1,20433,32624,596,340.0,71.0,2985.0
1783933394.7,20433,32624,596,242.0,71.0,3048.0
1783933395.3,20426,32624,596,325.0,71.0,3231.0
1783933395.9,20419,32624,596,298.0,71.0,3242.0
1783933396.5,20419,32624,596,394.0,71.0,3130.0
1783933397.1,20403,32624,594,338.0,71.0,3229.0
1783933397.7,20403,32624,594,332.0,71.0,3209.0
1783933398.3,20400,32624,594,317.0,71.0,3285.0
1783933398.9,20396,32624,594,293.0,71.0,2720.0
1783933399.5,20396,32624,594,265.0,71.0,3214.0
1783933400.1,20390,32624,594,315.0,71.0,3151.0
1783933400.7,20390,32624,594,316.0,71.0,3270.0
1783933401.3,20390,32624,594,308.0,71.0,3245.0
1783933401.9,20390,32624,594,303.0,71.0,3267.0
1783933402.5,20390,32624,594,298.0,71.0,3276.0
1783933403.1,20390,32624,594,302.0,71.0,3234.0
1783933403.7,20390,32624,594,313.0,71.0,3256.0
1783933404.2,20390,32624,594,309.0,71.0,3271.0
1783933404.9,20407,32624,606,181.0,71.0,3279.0
1783933405.4,20407,32624,606,300.0,71.0,3266.0
1783933406.0,20438,32624,610,356.0,71.0,3250.0
1783933406.7,20450,32624,616,205.0,71.0,2862.0
1783933407.3,20472,32624,614,326.0,71.0,2759.0
1783933407.9,20488,32624,612,318.0,71.0,3249.0
1783933408.4,20500,32624,602,300.0,71.0,3226.0
1783933409.0,20500,32624,602,384.0,71.0,3150.0
1783933409.6,20479,32624,598,288.0,71.0,3231.0
1783933410.2,20436,32624,598,337.0,71.0,3225.0
1783933410.8,20444,32624,598,146.0,72.0,2876.0
1783933411.4,20440,32624,598,312.0,71.0,3080.0
1783933412.0,20440,32624,592,415.0,71.0,3166.0
1783933412.6,20428,32624,592,296.0,71.0,3246.0
1783933413.2,20494,32624,610,259.0,71.0,2845.0
1783933413.8,20498,32624,598,329.0,71.0,3214.0
1783933414.4,20498,32624,600,337.0,71.0,3250.0
1783933415.0,20498,32624,596,316.0,71.0,3266.0
1783933415.6,20478,32624,594,265.0,71.0,2735.0
1783933416.2,20493,32624,606,235.0,71.0,3140.0
1783933416.8,20493,32624,600,302.0,71.0,3275.0
1783933417.4,20493,32624,602,299.0,71.0,3261.0
1783933418.0,20497,32624,602,299.0,71.0,2900.0
1783933418.6,20497,32624,600,303.0,71.0,2916.0
1783933419.2,20497,32624,600,296.0,71.0,3249.0
1783933419.8,20497,32624,600,310.0,71.0,3057.0
1783933420.4,20493,32624,600,304.0,71.0,3266.0
1783933421.0,20497,32624,600,293.0,71.0,3266.0
1783933421.6,20501,32624,602,313.0,71.0,3135.0
1783933422.2,20501,32624,598,184.0,71.0,2707.0
1783933422.8,20506,32624,604,314.0,72.0,3268.0
1783933423.4,20509,32624,598,304.0,71.0,3271.0
1783933424.0,20522,32624,604,305.0,71.0,3149.0
1783933424.6,20501,32624,602,335.0,71.0,3224.0
1783933425.2,20501,32624,602,263.0,71.0,3279.0
1783933425.8,20489,32624,592,339.0,71.0,3227.0
1783933426.4,20489,32624,592,319.0,71.0,3142.0
1783933427.0,20468,32624,592,285.0,71.0,3253.0
1783933427.6,20448,32624,592,293.0,71.0,3198.0
1783933428.2,20448,32624,592,300.0,71.0,3277.0
1783933428.8,20448,32624,592,322.0,71.0,3280.0
1783933429.4,20426,32624,592,359.0,71.0,3204.0
1783933430.0,20426,32624,592,251.0,71.0,2908.0
1783933430.6,20426,32624,592,157.0,71.0,3285.0
1783933431.2,20426,32624,592,332.0,71.0,3173.0
1783933431.7,20426,32624,592,131.0,71.0,3047.0
1783933432.3,20426,32624,592,287.0,71.0,3272.0
1783933432.9,20426,32624,592,308.0,71.0,3141.0
1783933433.5,20426,32624,592,317.0,71.0,3243.0
1783933434.1,20425,32624,592,288.0,71.0,2683.0
1783933434.7,20425,32624,592,307.0,71.0,3240.0
1783933435.3,20425,32624,592,286.0,71.0,2919.0
1783933435.9,20425,32624,592,379.0,71.0,3131.0
1783933436.5,20425,32624,592,324.0,71.0,2747.0
1783933437.1,20425,32624,592,312.0,71.0,3126.0
1783933437.7,20425,32624,592,302.0,71.0,2910.0
1783933438.3,20425,32624,592,244.0,71.0,3281.0
1783933438.9,20425,32624,592,305.0,71.0,3262.0
1783933439.5,20425,32624,592,318.0,71.0,3090.0
1783933440.1,20425,32624,592,322.0,71.0,3183.0
1783933440.7,20453,32624,600,314.0,71.0,3271.0
1783933441.3,20453,32624,600,379.0,71.0,3116.0
1783933441.9,20453,32624,592,296.0,71.0,3269.0
1783933442.5,20460,32624,594,314.0,71.0,3072.0
1783933443.1,20460,32624,594,341.0,71.0,2954.0
1783933443.7,20460,32624,594,296.0,71.0,3060.0
1783933444.3,20460,32624,594,302.0,71.0,3255.0
1783933444.9,20460,32624,594,315.0,71.0,3238.0
1783933445.4,20460,32624,594,311.0,71.0,2939.0
1783933446.0,20422,32624,594,307.0,71.0,3261.0
1783933446.6,20422,32624,594,366.0,71.0,3023.0
1783933447.2,20422,32624,594,294.0,71.0,3251.0
1783933447.8,20422,32624,594,408.0,71.0,3160.0
1783933448.4,20422,32624,594,307.0,71.0,3091.0
1783933449.0,20422,32624,594,351.0,71.0,3246.0
1783933449.6,20422,32624,594,136.0,72.0,2849.0
1783933450.2,20422,32624,594,221.0,71.0,2921.0
1783933450.8,20422,32624,594,324.0,71.0,3007.0
1783933451.4,20422,32624,594,318.0,71.0,3126.0
1783933452.0,20422,32624,594,251.0,71.0,2732.0
1783933452.6,20422,32624,594,323.0,71.0,2837.0
1783933453.2,20422,32624,594,316.0,71.0,3272.0
1783933453.7,20422,32624,594,297.0,71.0,3273.0
1783933454.3,20422,32624,594,315.0,71.0,3262.0
1783933454.9,20422,32624,594,323.0,71.0,3171.0
1783933455.5,20422,32624,594,291.0,71.0,3171.0
1783933456.1,20422,32624,594,352.0,71.0,3237.0
1783933456.7,20422,32624,594,313.0,71.0,2822.0
1783933457.3,20422,32624,594,387.0,71.0,3193.0
1783933457.9,20422,32624,594,307.0,71.0,3106.0
1783933458.5,20422,32624,594,283.0,71.0,2676.0
1783933459.1,20422,32624,594,340.0,71.0,2889.0
1783933459.7,20422,32624,594,290.0,71.0,2668.0
1783933460.3,20422,32624,594,306.0,71.0,3251.0
1783933460.9,20422,32624,594,277.0,71.0,3252.0
1783933461.5,20423,32624,594,324.0,71.0,2880.0
1783933462.0,20423,32624,594,306.0,71.0,3264.0
1783933462.6,20423,32624,594,315.0,71.0,3093.0
1783933463.2,20423,32624,594,316.0,71.0,3270.0
1783933463.8,20423,32624,594,285.0,71.0,3208.0
1783933464.4,20423,32624,594,348.0,71.0,2967.0
1783933465.0,20423,32624,594,260.0,71.0,3100.0
1783933465.6,20423,32624,594,325.0,71.0,2974.0
1783933466.2,20430,32624,594,276.0,71.0,3202.0
1783933466.8,20430,32624,594,286.0,71.0,3235.0
1783933467.4,20430,32624,594,322.0,71.0,2701.0
1783933468.0,20457,32624,596,141.0,71.0,3040.0
1783933468.6,20457,32624,596,332.0,71.0,3174.0
1783933469.2,20457,32624,596,319.0,71.0,2803.0
1783933469.8,20457,32624,596,275.0,71.0,3259.0
1783933470.4,20457,32624,596,296.0,72.0,2721.0
1783933471.0,20457,32624,596,198.0,71.0,3054.0
1783933471.5,20457,32624,596,276.0,71.0,2931.0
1783933472.1,20457,32624,596,315.0,71.0,3072.0
1783933472.7,20457,32624,596,302.0,71.0,3271.0
1783933473.3,20457,32624,594,257.0,71.0,3018.0
1783933473.9,20457,32624,594,321.0,71.0,3255.0
1783933474.5,20457,32624,594,254.0,71.0,3043.0
1783933475.1,20457,32624,594,302.0,71.0,3246.0
1783933475.7,20453,32624,594,377.0,71.0,3125.0
1783933476.3,20453,32624,594,293.0,72.0,3252.0
1783933476.9,20453,32624,594,302.0,71.0,3266.0
1783933477.5,20453,32624,594,268.0,71.0,2934.0
1783933478.1,20453,32624,594,313.0,71.0,3253.0
1783933478.7,20453,32624,594,357.0,71.0,3183.0
1783933479.2,20453,32624,594,301.0,71.0,3264.0
1783933479.8,20453,32624,594,185.0,71.0,3213.0
1783933480.4,20453,32624,594,310.0,71.0,3283.0
1783933481.0,20453,32624,594,304.0,71.0,2893.0
1783933481.6,20453,32624,594,327.0,71.0,3019.0
1783933482.2,20453,32624,594,305.0,71.0,3056.0
1783933482.8,20453,32624,594,287.0,71.0,3257.0
1783933483.4,20453,32624,594,330.0,71.0,2777.0
1783933484.0,20453,32624,594,337.0,71.0,2834.0
1783933484.6,20453,32624,594,315.0,71.0,3235.0
1783933485.2,20453,32624,594,308.0,71.0,2742.0
1783933485.8,20453,32624,594,154.0,71.0,3103.0
1783933486.4,20453,32624,594,297.0,71.0,3123.0
1783933487.0,20453,32624,594,302.0,71.0,3268.0
1783933487.6,20453,32624,594,316.0,71.0,2809.0
1783933488.1,20453,32624,594,304.0,71.0,3277.0
1783933488.7,20453,32624,594,305.0,71.0,3063.0
1783933489.3,20453,32624,594,305.0,71.0,3271.0
1783933489.9,20453,32624,594,301.0,71.0,3240.0
1783933490.5,20453,32624,594,308.0,71.0,3258.0
1783933491.1,20453,32624,594,162.0,71.0,3183.0
1783933491.7,20453,32624,594,397.0,71.0,3116.0
1783933492.3,20453,32624,594,288.0,71.0,3213.0
1783933492.9,20453,32624,594,325.0,71.0,3055.0
1783933493.5,20453,32624,594,154.0,72.0,2847.0
1783933494.1,20453,32624,594,305.0,71.0,3266.0
1783933494.7,20453,32624,594,305.0,71.0,3276.0
1783933495.3,20453,32624,594,378.0,71.0,3117.0
1783933495.9,20453,32624,594,310.0,71.0,3070.0
1783933496.5,20453,32624,594,318.0,71.0,3121.0
1783933497.0,20453,32624,594,318.0,71.0,3279.0
1783933497.6,20453,32624,594,294.0,71.0,3255.0
1783933498.2,20453,32624,594,300.0,71.0,3246.0
1783933498.8,20453,32624,594,349.0,71.0,2954.0
1783933499.4,20453,32624,594,319.0,71.0,2935.0
1783933500.0,20453,32624,594,290.0,71.0,2661.0
1783933500.6,20414,32624,600,319.0,71.0,3213.0
1783933501.2,20414,32624,600,325.0,71.0,3282.0
1783933501.8,20414,32624,600,348.0,71.0,2945.0
1783933502.4,20414,32624,600,332.0,71.0,3036.0
1783933503.0,20377,32624,600,248.0,71.0,3042.0
1783933503.6,20377,32624,600,268.0,71.0,2908.0
1783933504.2,20377,32624,600,327.0,71.0,3239.0
1783933504.7,20377,32624,600,310.0,71.0,3261.0
1783933505.3,20377,32624,600,298.0,71.0,3239.0
1783933505.9,20377,32624,600,304.0,71.0,2770.0
1783933506.5,20377,32624,600,291.0,71.0,3241.0
1783933507.1,20377,32624,600,335.0,71.0,3177.0
1783933507.7,20377,32624,600,314.0,71.0,2784.0
1783933508.3,20377,32624,600,234.0,71.0,2929.0
1783933508.9,20377,32624,600,280.0,71.0,2844.0
1783933509.5,20377,32624,600,364.0,71.0,3066.0
1783933510.1,20377,32624,600,322.0,71.0,2875.0
1783933510.7,20377,32624,600,324.0,71.0,3262.0
1783933511.3,20377,32624,600,132.0,71.0,3091.0
1783933511.9,20377,32624,600,85.0,69.0,3263.0
1783933512.5,20390,32624,600,314.0,70.0,2767.0
1783933513.0,20390,32624,600,309.0,71.0,2768.0
1783933513.6,20390,32624,600,289.0,71.0,2730.0
1783933514.2,20390,32624,600,272.0,71.0,2901.0
1783933514.8,20390,32624,600,407.0,71.0,3154.0
1783933515.4,20390,32624,600,183.0,71.0,3149.0
1783933516.0,20390,32624,600,337.0,71.0,3230.0
1783933516.6,20390,32624,600,270.0,71.0,2923.0
1783933517.2,20390,32624,600,362.0,71.0,2994.0
1783933517.8,20390,32624,600,301.0,71.0,2776.0
1783933518.4,20390,32624,600,265.0,71.0,2616.0
1783933519.0,20390,32624,600,295.0,71.0,2752.0
1783933519.6,20390,32624,600,312.0,71.0,2773.0
1783933520.2,20390,32624,600,425.0,71.0,3137.0
1783933520.8,20390,32624,600,319.0,71.0,3271.0
1783933521.4,20390,32624,600,318.0,71.0,3087.0
1783933522.0,20390,32624,600,340.0,71.0,2669.0
1783933522.6,20390,32624,600,313.0,71.0,2728.0
1783933523.2,20390,32624,600,340.0,71.0,3113.0
1783933523.8,20390,32624,600,364.0,71.0,3196.0
1783933524.4,20390,32624,600,330.0,71.0,2849.0
1783933524.9,20390,32624,600,318.0,71.0,2736.0
1783933525.5,20390,32624,600,303.0,71.0,3044.0
1783933526.1,20390,32624,600,188.0,71.0,3004.0
1783933526.7,20390,32624,600,326.0,71.0,2748.0
1783933527.3,20390,32624,600,288.0,71.0,2685.0
1783933527.9,20390,32624,600,354.0,71.0,3086.0
1783933528.5,20390,32624,600,169.0,71.0,3240.0
1783933529.1,20390,32624,600,313.0,71.0,3258.0
1783933529.7,20390,32624,600,346.0,71.0,3237.0
1783933530.3,20390,32624,600,279.0,71.0,2872.0
1783933530.9,20390,32624,600,192.0,71.0,2640.0
1783933531.5,20390,32624,600,326.0,71.0,3226.0
1783933532.1,20390,32624,600,300.0,71.0,3091.0
1783933532.7,20390,32624,600,347.0,71.0,3057.0
1783933533.3,20390,32624,600,297.0,71.0,3256.0
1783933533.9,20390,32624,600,292.0,71.0,3288.0
1783933534.4,20390,32624,600,328.0,71.0,3222.0
1783933535.0,20390,32624,600,338.0,71.0,3237.0
1783933535.6,20390,32624,600,256.0,71.0,2619.0
1783933536.2,20390,32624,600,368.0,71.0,3036.0
1783933536.8,20390,32624,600,294.0,71.0,3195.0
1783933537.4,20390,32624,600,315.0,71.0,3218.0
1783933538.0,20390,32624,600,312.0,71.0,3271.0
1783933538.6,20390,32624,600,308.0,71.0,2767.0
1783933539.2,20390,32624,600,314.0,71.0,3225.0
1783933539.8,20390,32624,600,359.0,71.0,3117.0
1783933540.4,20390,32624,600,320.0,71.0,3007.0
1783933541.0,20390,32624,600,400.0,71.0,3142.0
1783933541.6,20390,32624,600,304.0,71.0,3251.0
1783933542.2,20390,32624,600,332.0,71.0,2925.0
1783933542.7,20390,32624,600,312.0,71.0,3092.0
1783933543.3,20390,32624,600,314.0,71.0,3265.0
1783933543.9,20390,32624,600,322.0,71.0,3237.0
1783933544.5,20390,32624,600,303.0,71.0,3265.0
1783933545.1,20390,32624,600,308.0,71.0,2942.0
1783933545.7,20390,32624,600,304.0,71.0,3224.0
1783933546.3,20390,32624,600,302.0,71.0,2937.0
1783933546.9,20390,32624,600,366.0,71.0,3021.0
1783933547.5,20390,32624,600,324.0,71.0,3164.0
1783933548.1,20390,32624,600,286.0,71.0,3130.0
1783933548.7,20390,32624,600,317.0,71.0,2774.0
1783933549.3,20390,32624,600,287.0,71.0,2767.0
1783933549.9,20390,32624,600,322.0,71.0,2774.0
1783933550.5,20390,32624,600,340.0,71.0,3117.0
1783933551.0,20390,32624,600,303.0,71.0,3274.0
1783933551.6,20390,32624,600,307.0,71.0,2751.0
1783933552.2,20390,32624,600,331.0,71.0,3145.0
1783933552.8,20390,32624,600,317.0,71.0,2698.0
1783933553.4,20390,32624,600,365.0,71.0,3179.0
1783933554.0,20390,32624,600,322.0,71.0,3181.0
1783933554.6,20390,32624,600,299.0,71.0,3181.0
1783933555.2,20390,32624,600,233.0,71.0,2739.0
1783933555.8,20390,32624,600,301.0,71.0,2756.0
1783933556.4,20390,32624,600,292.0,71.0,2781.0
1783933557.0,20390,32624,600,318.0,71.0,2841.0
1783933557.6,20390,32624,600,334.0,71.0,3156.0
1783933558.2,20390,32624,600,308.0,71.0,3281.0
1783933558.8,20390,32624,600,331.0,71.0,3004.0
1783933559.4,20390,32624,600,289.0,71.0,2754.0
1783933560.0,20386,32624,600,299.0,71.0,3064.0
1783933560.6,20386,32624,600,315.0,71.0,2748.0
1783933561.2,20367,32624,596,367.0,71.0,2688.0
1783933561.7,20367,32624,596,330.0,71.0,2905.0
1783933562.3,20367,32624,596,318.0,71.0,2765.0
1783933562.9,20367,32624,596,309.0,71.0,2799.0
1783933563.5,20367,32624,596,310.0,71.0,2758.0
1783933564.1,20367,32624,596,313.0,71.0,3091.0
1783933564.7,20367,32624,596,322.0,71.0,2721.0
1783933565.3,20367,32624,596,238.0,71.0,3066.0
1783933565.9,20367,32624,596,330.0,71.0,2877.0
1783933566.5,20367,32624,596,194.0,71.0,2997.0
1783933567.1,20367,32624,596,412.0,71.0,3157.0
1783933567.7,20367,32624,596,331.0,71.0,3185.0
1783933568.2,20367,32624,596,320.0,71.0,3267.0
1783933568.8,20367,32624,596,303.0,71.0,2706.0
1783933569.4,20367,32624,596,321.0,71.0,3191.0
1783933570.0,20367,32624,596,309.0,71.0,3077.0
1783933570.6,20367,32624,596,324.0,71.0,2849.0
1783933571.2,20367,32624,596,311.0,71.0,2755.0
1783933571.8,20367,32624,596,307.0,71.0,2823.0
1783933572.4,20367,32624,596,336.0,71.0,3261.0
1783933573.0,20367,32624,596,316.0,71.0,3125.0
1783933573.6,20367,32624,596,307.0,71.0,2919.0
1783933574.2,20367,32624,596,328.0,71.0,3281.0
1783933574.8,20367,32624,596,301.0,71.0,3093.0
1783933575.4,20367,32624,596,301.0,71.0,3237.0
1783933575.9,20367,32624,596,211.0,71.0,2821.0
1783933576.5,20367,32624,596,46.0,72.0,0.0
1783933577.1,755,32624,92,34.0,69.0,0.0
1783933577.7,742,32624,76,15.0,68.0,0.0
1783933578.3,742,32624,76,15.0,67.0,0.0
1783933578.9,742,32624,76,14.0,67.0,0.0
1783933579.5,742,32624,76,15.0,66.0,0.0
1783933580.1,742,32624,76,16.0,66.0,0.0
1783933580.7,753,32624,76,28.0,66.0,0.0
1783933581.3,753,32624,76,16.0,65.0,0.0
1783933581.9,753,32624,76,16.0,65.0,0.0
1783933582.5,753,32624,76,14.0,64.0,0.0
1783933583.1,753,32624,76,14.0,64.0,0.0
1783933583.6,753,32624,76,16.0,63.0,0.0
1783933584.2,753,32624,76,15.0,63.0,0.0
1783933584.8,753,32624,76,14.0,63.0,0.0
1783933585.4,753,32624,76,14.0,62.0,0.0
1783933586.0,753,32624,76,14.0,62.0,0.0
1783933586.6,753,32624,76,14.0,62.0,0.0
1783933587.2,753,32624,76,15.0,61.0,0.0
1783933587.8,753,32624,76,13.0,61.0,0.0
1783933588.4,753,32624,76,14.0,60.0,0.0
1783933589.0,753,32624,76,14.0,60.0,0.0
1783933589.6,753,32624,76,16.0,60.0,0.0
1783933590.2,753,32624,76,15.0,60.0,0.0
1783933590.8,753,32624,76,15.0,59.0,0.0
1783933591.4,753,32624,76,14.0,59.0,0.0
1783933591.9,753,32624,76,14.0,59.0,0.0
1783933592.5,753,32624,76,14.0,58.0,0.0
1783933593.1,753,32624,76,14.0,58.0,0.0
1783933593.7,753,32624,76,14.0,58.0,0.0
1783933594.3,753,32624,76,13.0,58.0,0.0
1783933594.9,753,32624,76,12.0,57.0,0.0
1783933595.5,753,32624,76,14.0,57.0,0.0
1783933596.1,753,32624,76,14.0,57.0,0.0
1783933596.7,753,32624,76,15.0,57.0,0.0
1783933597.3,753,32624,76,13.0,56.0,0.0
1783933597.9,753,32624,76,15.0,56.0,0.0
1783933598.5,753,32624,76,13.0,56.0,0.0
1783933599.1,753,32624,76,13.0,56.0,0.0
1783933599.7,16375,32624,76,19.0,56.0,0.0
1783933600.3,16375,32624,76,19.0,55.0,0.0
1783933600.9,16375,32624,76,19.0,55.0,0.0
1783933601.5,16375,32624,76,19.0,55.0,0.0
1783933602.1,16375,32624,76,19.0,55.0,0.0
1783933602.7,16375,32624,76,19.0,55.0,0.0
1783933603.3,16375,32624,76,19.0,55.0,0.0
1783933603.9,16375,32624,76,13.0,54.0,0.0
1783933604.4,20639,32624,497,40.0,55.0,0.0
1783933605.0,20639,32624,497,16.0,54.0,0.0
1783933605.6,20647,32624,585,41.0,55.0,0.0
1783933606.2,20648,32624,585,186.0,56.0,1786.0
1783933606.8,20648,32624,585,302.0,57.0,2600.0
1783933607.4,20648,32624,585,351.0,58.0,2950.0
1783933608.0,20648,32624,585,312.0,58.0,2699.0
1783933608.6,20648,32624,585,399.0,59.0,2931.0
1783933609.2,20648,32624,585,271.0,59.0,2899.0
1783933609.8,20648,32624,585,323.0,59.0,2598.0
1783933610.4,20648,32624,585,301.0,60.0,2644.0
1783933611.0,20648,32624,585,280.0,60.0,2578.0
1783933611.6,20648,32624,585,321.0,60.0,2695.0
1783933612.2,20648,32624,585,303.0,60.0,2741.0
1783933612.7,20648,32624,585,350.0,61.0,2957.0
1783933613.3,20648,32624,585,261.0,61.0,2961.0
1783933613.9,20648,32624,585,151.0,61.0,2607.0
1783933614.5,20648,32624,585,303.0,61.0,2639.0
1783933615.1,20648,32624,585,285.0,61.0,2624.0
1783933615.7,20648,32624,585,323.0,62.0,2571.0
1783933616.3,20648,32624,585,333.0,62.0,2694.0
1783933616.9,20648,32624,585,382.0,62.0,2875.0
1783933617.5,20648,32624,585,255.0,62.0,2857.0
1783933618.1,20648,32624,585,227.0,62.0,2586.0
1783933618.7,20648,32624,585,306.0,63.0,2606.0
1783933619.3,20648,32624,585,310.0,63.0,2690.0
1783933619.9,20648,32624,585,335.0,63.0,2761.0
1783933620.4,20648,32624,585,246.0,63.0,2861.0
1783933621.0,20648,32624,585,194.0,63.0,2544.0
1783933621.6,20648,32624,585,282.0,63.0,2648.0
1783933622.2,20648,32624,585,342.0,64.0,2721.0
1783933622.8,20648,32624,585,370.0,64.0,2855.0
1783933623.4,20648,32624,585,280.0,64.0,2908.0
1783933624.0,20648,32624,585,232.0,64.0,2568.0
1783933624.6,20648,32624,585,300.0,64.0,2596.0
1783933625.2,20648,32624,585,317.0,64.0,2740.0
1783933625.8,20648,32624,585,320.0,64.0,2860.0
1783933626.4,20648,32624,585,190.0,64.0,2576.0
1783933627.0,20648,32624,585,314.0,64.0,2642.0
1783933627.6,20648,32624,585,314.0,65.0,2666.0
1783933628.2,20648,32624,585,358.0,65.0,2805.0
1783933628.8,20648,32624,585,179.0,65.0,2728.0
1783933629.3,20648,32624,585,282.0,65.0,2621.0
1783933629.9,20643,32624,589,276.0,65.0,2606.0
1783933630.5,20643,32624,589,364.0,66.0,2818.0
1783933631.1,20643,32624,589,202.0,65.0,2620.0
1783933631.7,20643,32624,589,308.0,66.0,2650.0
1783933632.3,20643,32624,589,302.0,66.0,2660.0
1783933632.9,20643,32624,589,357.0,66.0,2756.0
1783933633.5,20643,32624,589,247.0,66.0,2745.0
1783933634.1,20643,32624,589,258.0,66.0,2481.0
1783933634.7,20643,32624,589,297.0,66.0,2602.0
1783933635.3,20643,32624,589,335.0,66.0,2671.0
1783933635.9,20643,32624,589,247.0,66.0,2826.0
1783933636.5,20643,32624,589,231.0,66.0,2503.0
1783933637.1,20643,32624,589,321.0,66.0,2634.0
1783933637.7,20643,32624,589,303.0,66.0,2668.0
1783933638.3,20643,32624,589,385.0,67.0,2883.0
1783933638.8,20643,32624,589,276.0,67.0,2566.0
1783933639.4,20643,32624,589,291.0,67.0,2605.0
1783933640.0,20643,32624,589,286.0,67.0,2550.0
1783933640.6,20643,32624,589,344.0,67.0,2790.0
1783933641.2,20643,32624,589,273.0,67.0,2840.0
1783933641.8,20643,32624,589,289.0,67.0,2605.0
1783933642.4,20643,32624,589,353.0,67.0,2818.0
1783933643.0,20643,32624,589,251.0,67.0,2760.0
1783933643.6,20643,32624,589,307.0,67.0,2640.0
1783933644.2,20643,32624,589,344.0,67.0,2674.0
1783933644.8,20643,32624,589,262.0,67.0,2865.0
1783933645.4,20643,32624,589,317.0,67.0,2576.0
1783933646.0,20643,32624,589,323.0,67.0,2664.0
1783933646.6,20643,32624,589,298.0,68.0,2932.0
1783933647.2,20643,32624,589,152.0,67.0,2518.0
1783933647.8,20643,32624,589,304.0,68.0,2562.0
1783933648.3,20643,32624,589,355.0,68.0,2763.0
1783933648.9,20643,32624,589,220.0,68.0,2653.0
1783933649.5,20643,32624,589,283.0,68.0,2632.0
1783933650.1,20643,32624,589,348.0,68.0,2811.0
1783933650.7,20643,32624,589,177.0,68.0,2721.0
1783933651.3,20643,32624,589,325.0,68.0,2656.0
1783933651.9,20643,32624,589,378.0,68.0,2894.0
1783933652.5,20643,32624,589,324.0,68.0,2575.0
1783933653.1,20643,32624,589,321.0,68.0,2641.0
1783933653.7,20643,32624,589,229.0,68.0,2683.0
1783933654.3,20643,32624,589,325.0,68.0,2659.0
1783933654.9,20643,32624,589,368.0,69.0,2826.0
1783933655.5,20643,32624,589,325.0,68.0,2569.0
1783933656.0,20643,32624,589,315.0,68.0,2640.0
1783933656.6,20643,32624,589,367.0,69.0,2848.0
1783933657.2,20643,32624,589,267.0,68.0,2502.0
1783933657.8,20643,32624,589,295.0,69.0,2576.0
1783933658.4,20643,32624,589,270.0,69.0,2872.0
1783933659.0,20643,32624,589,287.0,69.0,2564.0
1783933659.6,20643,32624,589,364.0,69.0,2842.0
1783933660.2,20643,32624,589,241.0,69.0,2494.0
1783933660.8,20643,32624,589,308.0,69.0,2598.0
1783933661.4,20643,32624,589,289.0,69.0,3014.0
1783933662.0,20643,32624,589,301.0,69.0,2581.0
1783933662.6,20643,32624,589,332.0,69.0,2691.0
1783933663.1,20643,32624,589,243.0,69.0,2463.0
1783933663.7,20643,32624,589,320.0,69.0,2669.0
1783933664.3,20643,32624,589,221.0,69.0,3013.0
1783933664.9,20643,32624,589,304.0,69.0,2568.0
1783933665.5,20643,32624,589,375.0,69.0,2820.0
1783933666.1,20643,32624,589,245.0,69.0,2350.0
1783933666.7,20643,32624,589,303.0,69.0,2644.0
1783933667.3,20643,32624,589,276.0,69.0,2834.0
1783933667.9,20643,32624,589,308.0,69.0,2592.0
1783933668.5,20643,32624,589,325.0,69.0,2729.0
1783933669.1,20643,32624,589,169.0,69.0,2581.0
1783933669.7,20643,32624,589,310.0,69.0,2625.0
1783933670.3,20643,32624,589,347.0,69.0,2783.0
1783933670.8,20643,32624,589,282.0,69.0,2471.0
1783933671.4,20643,32624,589,350.0,69.0,2813.0
1783933672.0,20643,32624,589,313.0,69.0,2542.0
1783933672.6,20643,32624,589,330.0,69.0,2646.0
1783933673.2,20643,32624,589,203.0,69.0,2578.0
1783933673.8,20643,32624,589,342.0,69.0,2669.0
1783933674.4,20643,32624,589,266.0,69.0,2865.0
1783933675.0,20643,32624,589,299.0,69.0,2527.0
1783933675.6,20643,32624,589,325.0,69.0,2972.0
1783933676.2,20643,32624,589,320.0,69.0,2625.0
1783933676.8,20643,32624,589,338.0,70.0,2736.0
1783933677.4,20643,32624,589,268.0,70.0,2550.0
1783933678.0,20643,32624,589,327.0,69.0,2681.0
1783933678.6,20643,32624,589,255.0,69.0,2842.0
1783933679.2,20643,32624,589,336.0,69.0,2689.0
1783933679.7,20643,32624,589,274.0,70.0,2828.0
1783933680.3,20643,32624,589,332.0,70.0,2638.0
1783933680.9,20643,32624,589,286.0,70.0,2958.0
1783933681.5,20643,32624,589,295.0,70.0,2582.0
1783933682.1,20643,32624,589,378.0,70.0,2864.0
1783933682.7,20643,32624,589,292.0,70.0,2583.0
1783933683.3,20643,32624,589,359.0,70.0,2777.0
1783933683.9,20643,32624,589,319.0,70.0,2530.0
1783933684.5,20643,32624,589,310.0,70.0,2657.0
1783933685.1,20643,32624,589,233.0,70.0,2477.0
1783933685.7,20643,32624,589,332.0,70.0,2662.0
1783933686.3,20643,32624,589,189.0,70.0,2682.0
1783933686.8,20643,32624,589,348.0,70.0,2680.0
1783933687.4,20643,32624,589,305.0,70.0,2509.0
1783933688.0,20643,32624,589,330.0,70.0,2721.0
1783933688.6,20643,32624,589,289.0,70.0,2612.0
1783933689.2,20643,32624,598,72.0,68.0,3142.0
1783933689.8,20643,32624,598,341.0,69.0,2727.0
1783933690.4,20643,32624,598,371.0,69.0,2832.0
1783933691.0,20643,32624,598,278.0,69.0,2872.0
1783933691.6,20643,32624,598,156.0,70.0,2580.0
1783933692.2,20643,32624,598,304.0,70.0,2544.0
1783933692.8,20643,32624,598,338.0,69.0,2634.0
1783933693.4,20643,32624,598,332.0,70.0,2675.0
1783933694.0,20643,32624,598,364.0,70.0,2965.0
1783933694.6,20643,32624,598,190.0,70.0,2655.0
1783933695.2,20643,32624,598,299.0,70.0,2566.0
1783933695.8,20643,32624,598,316.0,70.0,2647.0
1783933696.3,20643,32624,598,334.0,70.0,2897.0
1783933696.9,20643,32624,598,217.0,70.0,2473.0
1783933697.5,20643,32624,598,297.0,70.0,2584.0
1783933698.1,20643,32624,598,369.0,70.0,2812.0
1783933698.7,20643,32624,598,269.0,70.0,2847.0
1783933699.3,20643,32624,598,295.0,70.0,2575.0
1783933699.9,20643,32624,598,297.0,70.0,2614.0
1783933700.5,20643,32624,598,338.0,70.0,2700.0
1783933701.1,20643,32624,598,280.0,70.0,2772.0
1783933701.7,20643,32624,598,383.0,70.0,2533.0
1783933702.3,20643,32624,598,299.0,70.0,2555.0
1783933702.9,20643,32624,598,306.0,70.0,2651.0
1783933703.5,20643,32624,598,223.0,70.0,2894.0
1783933704.1,20643,32624,598,333.0,70.0,2539.0
1783933704.6,20643,32624,598,323.0,70.0,2607.0
1783933705.2,20643,32624,598,350.0,70.0,2821.0
1783933705.8,20643,32624,598,261.0,70.0,2818.0
1783933706.4,20643,32624,598,318.0,70.0,2591.0
1783933707.0,20643,32624,598,291.0,70.0,2617.0
1783933707.6,20643,32624,598,374.0,70.0,2832.0
1783933708.2,20643,32624,598,265.0,70.0,2752.0
1783933708.8,20643,32624,598,318.0,70.0,2576.0
1783933709.4,20643,32624,598,344.0,70.0,2695.0
1783933710.0,20643,32624,598,274.0,70.0,2877.0
1783933710.6,20643,32624,598,318.0,70.0,2579.0
1783933711.2,20643,32624,598,310.0,70.0,2574.0
1783933711.8,20643,32624,598,329.0,70.0,2637.0
1783933712.4,20643,32624,598,347.0,70.0,2755.0
1783933713.0,20643,32624,598,292.0,70.0,2861.0
1783933713.6,20643,32624,598,332.0,70.0,2541.0
1783933714.1,20643,32624,598,314.0,71.0,2654.0
1783933714.7,20643,32624,598,356.0,70.0,2815.0
1783933715.3,20643,32624,598,306.0,70.0,2878.0
1783933715.9,20643,32624,598,305.0,70.0,2419.0
1783933716.5,20643,32624,598,273.0,70.0,2590.0
1783933717.1,20643,32624,598,352.0,71.0,2786.0
1783933717.7,20643,32624,598,249.0,70.0,2741.0
1783933718.3,20643,32624,598,307.0,71.0,2585.0
1783933718.9,20643,32624,598,302.0,70.0,2630.0
1783933719.5,20643,32624,598,374.0,71.0,2804.0
1783933720.1,20643,32624,598,254.0,70.0,2717.0
1783933720.7,20643,32624,598,307.0,70.0,2635.0
1783933721.3,20643,32624,598,368.0,70.0,2775.0
1783933721.9,20643,32624,598,261.0,70.0,2842.0
1783933722.5,20643,32624,598,315.0,71.0,2572.0
1783933723.1,20643,32624,598,271.0,71.0,2513.0
1783933723.7,20644,32624,598,294.0,71.0,2626.0
1783933724.3,20644,32624,598,266.0,71.0,2851.0
1783933724.8,20644,32624,598,335.0,71.0,2563.0
1783933725.4,20644,32624,594,307.0,71.0,2666.0
1783933726.0,20644,32624,594,266.0,71.0,2896.0
1783933726.6,20644,32624,594,266.0,71.0,2528.0
1783933727.2,20644,32624,594,336.0,70.0,2660.0
1783933727.8,20644,32624,594,299.0,71.0,2924.0
1783933728.4,20644,32624,594,260.0,70.0,2513.0
1783933729.0,20644,32624,594,318.0,71.0,2610.0
1783933729.6,20644,32624,594,369.0,71.0,2807.0
1783933730.2,20644,32624,594,271.0,71.0,2644.0
1783933730.8,20644,32624,594,356.0,70.0,2784.0
1783933731.4,20644,32624,594,374.0,71.0,2862.0
1783933732.0,20644,32624,594,298.0,71.0,2471.0
1783933732.6,20644,32624,594,318.0,71.0,2669.0
1783933733.2,20644,32624,594,290.0,71.0,2943.0
1783933733.8,20644,32624,594,288.0,71.0,2533.0
1783933734.3,20644,32624,594,362.0,71.0,2811.0
1783933734.9,20644,32624,594,186.0,71.0,2663.0
1783933735.5,20644,32624,594,318.0,71.0,2663.0
1783933736.1,20644,32624,594,361.0,71.0,2781.0
1783933736.7,20644,32624,594,243.0,71.0,2565.0
1783933737.3,20644,32624,594,290.0,71.0,2529.0
1783933737.9,20644,32624,594,262.0,71.0,2834.0
1783933738.5,20644,32624,594,307.0,71.0,2590.0
1783933739.1,20644,32624,594,341.0,71.0,2684.0
1783933739.7,20644,32624,594,275.0,71.0,2859.0
1783933740.3,20644,32624,594,261.0,71.0,2531.0
1783933740.9,20644,32624,594,350.0,71.0,2780.0
1783933741.5,20644,32624,594,287.0,71.0,2516.0
1783933742.1,20644,32624,594,338.0,71.0,2731.0
1783933742.6,20644,32624,594,258.0,71.0,2722.0
1783933743.2,20644,32624,594,305.0,71.0,2579.0
1783933743.8,20644,32624,594,356.0,71.0,2944.0
1783933744.4,20644,32624,594,344.0,71.0,2625.0
1783933745.0,20644,32624,594,359.0,71.0,2768.0
1783933745.6,20644,32624,594,252.0,71.0,2799.0
1783933746.2,20644,32624,594,314.0,71.0,2606.0
1783933746.8,20645,32624,598,262.0,71.0,2754.0
1783933747.4,20645,32624,598,294.0,71.0,2615.0
1783933748.0,20645,32624,598,234.0,71.0,2674.0
1783933748.6,20645,32624,598,295.0,71.0,2495.0
1783933749.2,20645,32624,598,293.0,71.0,2924.0
1783933749.8,20645,32624,598,302.0,71.0,2550.0
1783933750.4,20645,32624,598,368.0,71.0,2839.0
1783933751.0,20645,32624,598,128.0,71.0,2574.0
1783933751.6,20645,32624,598,316.0,71.0,2617.0
1783933752.2,20645,32624,598,316.0,71.0,2862.0
1783933752.8,20641,32624,598,318.0,71.0,2542.0
1783933753.4,20641,32624,598,326.0,71.0,2681.0
1783933753.9,20641,32624,598,202.0,71.0,2567.0
1783933754.5,20641,32624,598,307.0,71.0,2610.0
1783933755.1,20641,32624,598,189.0,71.0,2556.0
1783933755.7,20641,32624,598,309.0,71.0,2572.0
1783933756.3,20641,32624,598,267.0,71.0,2808.0
1783933756.9,20641,32624,598,286.0,71.0,2592.0
1783933757.5,20641,32624,598,251.0,71.0,2753.0
1783933758.1,20641,32624,598,319.0,71.0,2620.0
1783933758.7,20641,32624,598,272.0,71.0,2910.0
1783933759.3,20641,32624,598,298.0,71.0,2607.0
1783933759.9,20641,32624,598,343.0,71.0,2766.0
1783933760.4,20641,32624,598,317.0,71.0,2587.0
1783933761.0,20641,32624,598,365.0,71.0,2789.0
1783933761.6,20641,32624,598,312.0,71.0,2611.0
1783933762.2,20641,32624,598,346.0,71.0,2881.0
1783933762.8,20641,32624,598,288.0,71.0,2523.0
1783933763.4,20641,32624,598,366.0,71.0,2798.0
1783933764.0,20641,32624,598,292.0,71.0,2554.0
1783933764.6,20641,32624,598,352.0,71.0,2764.0
1783933765.2,20641,32624,598,338.0,71.0,2562.0
1783933765.8,20641,32624,598,315.0,71.0,2627.0
1783933766.4,20641,32624,598,257.0,71.0,2745.0
1783933766.9,20641,32624,598,305.0,71.0,2613.0
1783933767.5,20641,32624,598,268.0,71.0,2817.0
1783933768.1,20641,32624,598,309.0,71.0,2552.0
1783933768.7,20641,32624,598,340.0,71.0,2887.0
1783933769.3,20641,32624,598,315.0,71.0,2590.0
1783933769.9,20641,32624,598,332.0,71.0,2716.0
1783933770.5,20641,32624,598,325.0,71.0,2494.0
1783933771.1,20641,32624,598,316.0,71.0,2628.0
1783933771.7,20641,32624,598,291.0,71.0,2531.0
1783933772.3,20641,32624,598,320.0,71.0,2604.0
1783933772.9,20641,32624,598,194.0,71.0,2640.0
1783933773.5,20641,32624,598,308.0,71.0,2576.0
1783933774.1,20641,32624,598,215.0,71.0,2478.0
1783933774.6,20641,32624,598,328.0,71.0,2674.0
1783933775.2,20641,32624,598,207.0,71.0,2512.0
1783933775.8,20641,32624,598,304.0,71.0,2665.0
1783933776.4,20641,32624,598,328.0,71.0,2589.0
1783933777.0,20641,32624,598,361.0,71.0,2780.0
1783933777.6,20641,32624,598,297.0,71.0,2563.0
1783933778.2,20641,32624,598,338.0,71.0,2754.0
1783933778.8,20641,32624,598,324.0,71.0,2551.0
1783933779.4,20641,32624,598,379.0,71.0,2849.0
1783933780.0,20641,32624,598,305.0,71.0,2577.0
1783933780.6,20641,32624,598,361.0,71.0,2815.0
1783933781.2,20641,32624,598,317.0,71.0,2516.0
1783933781.7,20641,32624,598,277.0,71.0,2878.0
1783933782.3,20641,32624,598,305.0,71.0,2634.0
1783933782.9,20641,32624,598,215.0,71.0,2752.0
1783933783.5,20641,32624,598,308.0,71.0,2620.0
1783933784.1,20641,32624,598,317.0,71.0,2554.0
1783933784.7,20641,32624,598,362.0,71.0,2763.0
1783933785.3,20641,32624,598,305.0,71.0,2561.0
1783933785.9,20641,32624,598,324.0,71.0,2910.0
1783933786.5,20641,32624,598,327.0,71.0,2642.0
1783933787.1,20641,32624,598,203.0,71.0,2635.0
1783933787.6,20641,32624,598,281.0,71.0,2578.0
1783933788.2,20641,32624,598,313.0,71.0,2544.0
1783933788.8,20641,32624,598,271.0,71.0,2894.0
1783933789.4,20641,32624,598,334.0,71.0,2652.0
1783933790.0,20641,32624,598,203.0,71.0,2561.0
1783933790.6,20641,32624,598,348.0,71.0,2749.0
1783933791.2,20641,32624,598,274.0,71.0,2483.0
1783933791.8,20641,32624,598,270.0,71.0,2881.0
1783933792.4,20641,32624,598,333.0,71.0,2702.0
1783933793.0,20641,32624,598,311.0,71.0,2527.0
1783933793.6,20641,32624,598,255.0,71.0,2940.0
1783933794.2,20641,32624,598,328.0,71.0,2647.0
1783933794.7,20641,32624,598,323.0,71.0,2546.0
1783933795.3,20641,32624,598,243.0,71.0,2905.0
1783933795.9,20641,32624,598,35.0,69.0,0.0
1783933796.5,20641,32624,602,208.0,69.0,2350.0
1783933797.1,20641,32624,602,330.0,70.0,2473.0
1783933797.7,20641,32624,602,337.0,71.0,2605.0
1783933798.3,20641,32624,602,313.0,71.0,2678.0
1783933798.9,20641,32624,602,322.0,71.0,2835.0
1783933799.5,20641,32624,602,175.0,71.0,2590.0
1783933800.1,20641,32624,602,276.0,71.0,2511.0
1783933800.7,20641,32624,602,297.0,71.0,2613.0
1783933801.3,20641,32624,602,363.0,71.0,2809.0
1783933801.9,20641,32624,602,260.0,71.0,2835.0
1783933802.4,20641,32624,602,284.0,71.0,2589.0
1783933803.0,20641,32624,602,315.0,71.0,2626.0
1783933803.6,20641,32624,602,383.0,71.0,2796.0
1783933804.2,20641,32624,602,259.0,71.0,2770.0
1783933804.8,20641,32624,602,265.0,71.0,2514.0
1783933805.4,20641,32624,602,289.0,71.0,2506.0
1783933806.0,20641,32624,602,341.0,71.0,2727.0
1783933806.6,20641,32624,602,297.0,71.0,2973.0
1783933807.2,20641,32624,602,318.0,71.0,2493.0
1783933807.8,20641,32624,602,279.0,71.0,2554.0
1783933808.4,20641,32624,602,357.0,71.0,2698.0
1783933808.9,20641,32624,602,260.0,71.0,2789.0
1783933809.5,20641,32624,602,306.0,71.0,2617.0
1783933810.1,20641,32624,602,327.0,71.0,2649.0
1783933810.7,20641,32624,602,344.0,71.0,2851.0
1783933811.3,20641,32624,602,236.0,71.0,2533.0
1783933811.9,20641,32624,602,326.0,71.0,2649.0
1783933812.5,20641,32624,602,317.0,71.0,2777.0
1783933813.1,20641,32624,602,152.0,71.0,2595.0
1783933813.7,20641,32624,602,328.0,71.0,2602.0
1783933814.3,20641,32624,602,227.0,69.0,2770.0
1783933814.9,20641,32624,602,274.0,71.0,2471.0
1783933815.4,20641,32624,602,329.0,71.0,2574.0
1783933816.0,20641,32624,602,289.0,71.0,2628.0
1783933816.6,20641,32624,602,296.0,71.0,2938.0
1783933817.2,20641,32624,602,304.0,71.0,2511.0
1783933817.8,20641,32624,602,317.0,71.0,2527.0
1783933818.4,20641,32624,602,313.0,71.0,2574.0
1783933819.0,20641,32624,602,353.0,71.0,2752.0
1783933819.6,20641,32624,602,271.0,71.0,2809.0
1783933820.2,20641,32624,602,313.0,71.0,2463.0
1783933820.8,20641,32624,602,335.0,71.0,2596.0
1783933821.4,20641,32624,602,333.0,71.0,2698.0
1783933822.0,20641,32624,602,285.0,71.0,2850.0
1783933822.5,20641,32624,602,174.0,71.0,2564.0
1783933823.1,20641,32624,602,313.0,71.0,2584.0
1783933823.7,20641,32624,602,286.0,71.0,2579.0
1783933824.3,20641,32624,602,332.0,71.0,2638.0
1783933824.9,20641,32624,602,370.0,71.0,2781.0
1783933825.5,20641,32624,602,268.0,71.0,2813.0
1783933826.1,20641,32624,602,260.0,71.0,2449.0
1783933826.7,20641,32624,602,277.0,71.0,2519.0
1783933827.3,20641,32624,602,314.0,71.0,2629.0
1783933827.9,20641,32624,602,357.0,71.0,2744.0
1783933828.5,20641,32624,602,278.0,71.0,2892.0
1783933829.1,20641,32624,602,271.0,71.0,2420.0
1783933829.7,20641,32624,602,314.0,71.0,2634.0
1783933830.2,20641,32624,602,297.0,71.0,2608.0
1783933830.8,20641,32624,602,376.0,71.0,2798.0
1783933831.4,20641,32624,602,252.0,71.0,2668.0
1783933832.0,20641,32624,602,309.0,71.0,2519.0
1783933832.6,20641,32624,602,319.0,71.0,2664.0
1783933833.2,20641,32624,602,346.0,71.0,2751.0
1783933833.8,20641,32624,602,276.0,71.0,2830.0
1783933834.4,20641,32624,602,277.0,71.0,2530.0
1783933835.0,20641,32624,602,330.0,71.0,2620.0
1783933835.6,20641,32624,602,356.0,71.0,2787.0
1783933836.2,20641,32624,602,250.0,71.0,2717.0
1783933836.8,20641,32624,602,319.0,71.0,2539.0
1783933837.4,20641,32624,602,313.0,71.0,2624.0
1783933837.9,20641,32624,602,293.0,71.0,2906.0
1783933838.5,20641,32624,602,290.0,71.0,2593.0
1783933839.1,20641,32624,602,351.0,71.0,2776.0
1783933839.7,20641,32624,602,270.0,71.0,2878.0
1783933840.3,20641,32624,602,274.0,71.0,2570.0
1783933840.9,20645,32624,602,338.0,71.0,2688.0
1783933841.5,20645,32624,602,232.0,70.0,2828.0
1783933842.1,20645,32624,602,333.0,71.0,2727.0
1783933842.7,20645,32624,602,291.0,71.0,2889.0
1783933843.3,20645,32624,602,195.0,71.0,2577.0
1783933843.9,20645,32624,602,284.0,71.0,2483.0
1783933844.5,20645,32624,602,315.0,71.0,2643.0
1783933845.1,20645,32624,602,307.0,71.0,2710.0
1783933845.7,20645,32624,602,298.0,71.0,2873.0
1783933846.3,20645,32624,602,125.0,71.0,2546.0
1783933846.8,20645,32624,602,305.0,71.0,2573.0
1783933847.4,20645,32624,602,340.0,71.0,2601.0
1783933848.0,20645,32624,602,317.0,71.0,2629.0
1783933848.6,20645,32624,602,271.0,71.0,2916.0
1783933849.2,20645,32624,602,289.0,71.0,2476.0
1783933849.8,20645,32624,602,276.0,71.0,2545.0
1783933850.4,20645,32624,602,317.0,71.0,2658.0
1783933851.0,20645,32624,602,372.0,71.0,2821.0
1783933851.6,20645,32624,602,271.0,71.0,2865.0
1783933852.2,20645,32624,602,325.0,71.0,2593.0
1783933852.8,20645,32624,602,343.0,71.0,2663.0
1783933853.4,20645,32624,602,347.0,71.0,2735.0
1783933854.0,20645,32624,602,272.0,71.0,2872.0
1783933854.6,20645,32624,602,300.0,71.0,2493.0
1783933855.2,20645,32624,602,305.0,71.0,2611.0
1783933855.7,20645,32624,602,353.0,71.0,2761.0
1783933856.3,20645,32624,602,307.0,71.0,3022.0
1783933856.9,20645,32624,602,310.0,71.0,2539.0
1783933857.5,20645,32624,602,309.0,71.0,2565.0
1783933858.1,20645,32624,602,354.0,71.0,2902.0
1783933858.7,20645,32624,602,193.0,71.0,2560.0
1783933859.3,20645,32624,602,299.0,71.0,2536.0
1783933859.9,20645,32624,602,284.0,71.0,2645.0
1783933860.5,20645,32624,602,381.0,71.0,2944.0
1783933861.1,20645,32624,602,269.0,71.0,2524.0
1783933861.7,20645,32624,602,310.0,71.0,2557.0
1783933862.3,20645,32624,602,331.0,71.0,2686.0
1783933862.9,20645,32624,602,330.0,71.0,2840.0
1783933863.5,20645,32624,602,137.0,71.0,2481.0
1783933864.1,20645,32624,602,307.0,71.0,2636.0
1783933864.7,20645,32624,602,325.0,71.0,2609.0
1783933865.2,20645,32624,602,269.0,71.0,2861.0
1783933865.8,20645,32624,602,203.0,71.0,2707.0
1783933866.4,20645,32624,602,300.0,71.0,2553.0
1783933867.0,20645,32624,602,337.0,71.0,2646.0
1783933867.6,20645,32624,602,392.0,71.0,2861.0
1783933868.2,20645,32624,602,269.0,71.0,2870.0
1783933868.8,20645,32624,602,258.0,71.0,2493.0
1783933869.4,20645,32624,602,302.0,71.0,2650.0
1783933870.0,20645,32624,602,355.0,71.0,2745.0
1783933870.6,20645,32624,602,252.0,71.0,2750.0
1783933871.2,20645,32624,602,298.0,71.0,2554.0
1783933871.8,20645,32624,602,324.0,71.0,2667.0
1783933872.4,20645,32624,602,268.0,71.0,2876.0
1783933873.0,20645,32624,602,281.0,71.0,2528.0
1783933873.6,20645,32624,602,297.0,71.0,2606.0
1783933874.1,20645,32624,602,337.0,71.0,2757.0
1783933874.7,20645,32624,602,275.0,71.0,2822.0
1783933875.3,20645,32624,602,344.0,71.0,2578.0
1783933875.9,20645,32624,602,308.0,71.0,2693.0
1783933876.5,20645,32624,602,280.0,72.0,2889.0
1783933877.1,20645,32624,602,317.0,71.0,2569.0
1783933877.7,20645,32624,602,314.0,71.0,2657.0
1783933878.3,20645,32624,602,383.0,72.0,2893.0
1783933878.9,20645,32624,602,178.0,72.0,2683.0
1783933879.5,20645,32624,602,300.0,71.0,2581.0
1783933880.1,20645,32624,602,386.0,71.0,2876.0
1783933880.7,20645,32624,602,310.0,71.0,2469.0
1783933881.3,20645,32624,602,318.0,71.0,2605.0
1783933881.9,20645,32624,602,298.0,71.0,2916.0
1783933882.5,20645,32624,602,325.0,71.0,2616.0
1783933883.1,20645,32624,602,346.0,71.0,2699.0
1783933883.6,20645,32624,602,266.0,72.0,2732.0
1783933884.2,20645,32624,602,310.0,71.0,2594.0
1783933884.8,20645,32624,602,304.0,71.0,2730.0
1783933885.4,20645,32624,602,266.0,71.0,2827.0
1783933886.0,20645,32624,602,321.0,71.0,2599.0
1783933886.6,20645,32624,602,372.0,71.0,2815.0
1783933887.2,20645,32624,602,294.0,71.0,2535.0
1783933887.8,20645,32624,602,273.0,71.0,2507.0
1783933888.4,20645,32624,602,375.0,71.0,2788.0
1783933889.0,20645,32624,602,193.0,71.0,2493.0
1783933889.6,20645,32624,602,299.0,71.0,2583.0
1783933890.2,20645,32624,602,352.0,71.0,2826.0
1783933890.8,20645,32624,602,317.0,71.0,2460.0
1783933891.3,20645,32624,602,309.0,71.0,2630.0
1783933891.9,20645,32624,602,357.0,71.0,2780.0
1783933892.5,20645,32624,602,151.0,71.0,2439.0
1783933893.1,20645,32624,602,294.0,71.0,2529.0
1783933893.7,20645,32624,602,332.0,71.0,2905.0
1783933894.3,20645,32624,602,284.0,71.0,2526.0
1783933894.9,20645,32624,602,355.0,71.0,2789.0
1783933895.5,20645,32624,602,247.0,71.0,2680.0
1783933896.1,20645,32624,602,303.0,71.0,2564.0
1783933896.7,20645,32624,602,420.0,71.0,2994.0
1783933897.3,20645,32624,602,275.0,71.0,2526.0
1783933897.9,20645,32624,602,328.0,71.0,2676.0
1783933898.5,20645,32624,602,263.0,71.0,2828.0
1783933899.0,20645,32624,602,309.0,71.0,2535.0
1783933899.6,20645,32624,602,272.0,71.0,2899.0
1783933900.2,20645,32624,602,315.0,71.0,2641.0
1783933900.8,20645,32624,602,324.0,71.0,2893.0
1783933901.4,20645,32624,602,298.0,71.0,2598.0
1783933902.0,20645,32624,602,365.0,71.0,2783.0
1783933902.6,20645,32624,602,151.0,71.0,2641.0
1783933903.2,20645,32624,602,323.0,71.0,2626.0
1783933903.8,20645,32624,602,34.0,70.0,0.0
1783933904.4,20645,32624,602,340.0,70.0,2730.0
1783933905.0,20645,32624,602,346.0,71.0,2775.0
1783933905.6,20645,32624,602,275.0,71.0,2818.0
1783933906.2,20645,32624,602,192.0,71.0,2510.0
1783933906.8,20645,32624,602,299.0,71.0,2552.0
1783933907.3,20645,32624,602,332.0,71.0,2614.0
1783933907.9,20645,32624,602,333.0,71.0,2841.0
1783933908.5,20645,32624,602,231.0,71.0,2558.0
1783933909.1,20645,32624,602,285.0,71.0,2506.0
1783933909.7,20645,32624,602,326.0,71.0,2655.0
1783933910.3,20645,32624,602,319.0,71.0,2833.0
1783933910.9,20645,32624,602,175.0,71.0,2579.0
1783933911.5,20645,32624,602,269.0,71.0,2507.0
1783933912.1,20645,32624,602,316.0,71.0,2629.0
1783933912.7,20645,32624,602,240.0,71.0,2999.0
1783933913.3,20645,32624,602,249.0,71.0,2644.0
1783933913.9,20645,32624,602,313.0,71.0,2598.0
1783933914.4,20645,32624,602,294.0,71.0,2586.0
1783933915.0,20645,32624,602,319.0,71.0,2587.0
1783933915.6,20645,32624,602,322.0,71.0,2698.0
1783933916.2,20645,32624,602,308.0,71.0,2899.0
1783933916.8,20645,32624,602,229.0,71.0,2462.0
1783933917.4,20645,32624,602,296.0,71.0,2635.0
1783933918.0,20645,32624,602,328.0,71.0,2550.0
1783933918.6,20645,32624,602,347.0,71.0,2761.0
1783933919.2,20645,32624,602,261.0,71.0,2755.0
1783933919.8,20645,32624,602,307.0,71.0,2531.0
1783933920.4,20645,32624,602,332.0,71.0,2666.0
1783933921.0,20645,32624,602,344.0,71.0,2731.0
1783933921.6,20645,32624,602,273.0,71.0,2826.0
1783933922.2,20645,32624,602,160.0,71.0,2555.0
1783933922.8,20645,32624,602,294.0,71.0,2578.0
1783933923.4,20645,32624,602,329.0,71.0,2631.0
1783933924.0,20645,32624,602,386.0,71.0,2814.0
1783933924.6,20645,32624,602,295.0,71.0,3023.0
1783933925.2,20645,32624,602,336.0,71.0,2560.0
1783933925.8,20645,32624,602,311.0,71.0,2612.0
1783933926.4,20645,32624,602,300.0,71.0,2780.0
1783933927.0,20645,32624,602,273.0,71.0,2890.0
1783933927.5,20645,32624,602,305.0,71.0,2556.0
1783933928.1,20645,32624,602,339.0,71.0,2685.0
1783933928.7,20645,32624,602,281.0,71.0,2929.0
1783933929.3,20645,32624,602,303.0,71.0,2579.0
1783933929.9,20645,32624,602,296.0,71.0,2637.0
1783933930.5,20645,32624,602,370.0,71.0,2859.0
1783933931.1,20645,32624,602,268.0,71.0,2570.0
1783933931.7,20645,32624,602,326.0,71.0,2652.0
1783933932.3,20645,32624,602,293.0,71.0,2904.0
1783933932.9,20645,32624,602,43.0,71.0,0.0
1783933933.5,20645,32624,602,304.0,70.0,2649.0
1783933934.1,20645,32624,602,339.0,71.0,2602.0
1783933934.7,20645,32624,602,363.0,71.0,2765.0
1783933935.3,20645,32624,602,287.0,71.0,2907.0
1783933935.9,20645,32624,602,256.0,71.0,2488.0
1783933936.4,20645,32624,602,297.0,71.0,2506.0
1783933937.0,20645,32624,602,305.0,71.0,2623.0
1783933937.6,20645,32624,602,314.0,71.0,2618.0
1783933938.2,20645,32624,602,378.0,71.0,2836.0
1783933938.8,20645,32624,602,301.0,71.0,2895.0
1783933939.4,20645,32624,602,239.0,71.0,2663.0
1783933940.0,20645,32624,602,309.0,71.0,2545.0
1783933940.6,20645,32624,602,344.0,71.0,2576.0
1783933941.2,20645,32624,602,291.0,71.0,2583.0
1783933941.8,20645,32624,602,370.0,71.0,2631.0
1783933942.4,20645,32624,602,377.0,71.0,2820.0
1783933943.0,20645,32624,602,148.0,71.0,2573.0
1783933943.6,20645,32624,602,322.0,71.0,2626.0
1783933944.2,20645,32624,602,346.0,71.0,2605.0
1783933944.8,20645,32624,602,234.0,71.0,3034.0
1783933945.3,20645,32624,602,200.0,71.0,2522.0
1783933945.9,20645,32624,602,329.0,71.0,2547.0
1783933946.5,20645,32624,602,290.0,71.0,2566.0
1783933947.1,20645,32624,602,326.0,71.0,2657.0
1783933947.7,20645,32624,602,373.0,71.0,2787.0
1783933948.3,20645,32624,602,253.0,71.0,2718.0
1783933948.9,20645,32624,602,270.0,71.0,2519.0
1783933949.5,20645,32624,602,316.0,71.0,2573.0
1783933950.1,20645,32624,602,327.0,71.0,2883.0
1783933950.7,20645,32624,602,221.0,71.0,2494.0
1783933951.3,20645,32624,602,311.0,71.0,2614.0
1783933951.9,20645,32624,602,292.0,71.0,2645.0
1783933952.5,20645,32624,602,388.0,71.0,2826.0
1783933953.0,20645,32624,602,256.0,72.0,2767.0
1783933953.6,20645,32624,602,345.0,71.0,2614.0
1783933954.2,20645,32624,602,297.0,71.0,2638.0
1783933954.8,20645,32624,602,288.0,71.0,2874.0
1783933955.4,20645,32624,602,314.0,71.0,2603.0
1783933956.0,20645,32624,602,298.0,71.0,2594.0
1783933956.6,20645,32624,602,366.0,71.0,2804.0
1783933957.2,20645,32624,602,274.0,71.0,2813.0
1783933957.8,20645,32624,602,334.0,71.0,2570.0
1783933958.4,20645,32624,602,332.0,72.0,2623.0
1783933959.0,20645,32624,602,329.0,72.0,2868.0
1783933959.6,20645,32624,602,323.0,71.0,2506.0
1783933960.2,20645,32624,602,69.0,70.0,2683.0
1783933960.8,20645,32624,602,350.0,71.0,2697.0
1783933961.4,20645,32624,602,328.0,71.0,2694.0
1783933961.9,20645,32624,602,267.0,71.0,2819.0
1783933962.5,20645,32624,602,268.0,71.0,2568.0
1783933963.1,20645,32624,602,292.0,71.0,2535.0
1783933963.7,20645,32624,602,335.0,71.0,2642.0
1783933964.3,20645,32624,602,342.0,71.0,2694.0
1783933964.9,20645,32624,602,358.0,71.0,2789.0
1783933965.5,20645,32624,602,261.0,71.0,2722.0
1783933966.1,20645,32624,602,302.0,71.0,2544.0
1783933966.7,20645,32624,602,281.0,71.0,2465.0
1783933967.3,20645,32624,602,343.0,71.0,2676.0
1783933967.9,20645,32624,602,292.0,71.0,2873.0
1783933968.5,20645,32624,602,199.0,71.0,2526.0
1783933969.1,20645,32624,602,326.0,71.0,2593.0
1783933969.6,20645,32624,602,333.0,71.0,2637.0
1783933970.2,20645,32624,602,350.0,71.0,2856.0
1783933970.8,20645,32624,602,273.0,71.0,2754.0
1783933971.4,20645,32624,602,314.0,71.0,2559.0
1783933972.0,20645,32624,602,280.0,71.0,2517.0
1783933972.6,20645,32624,602,304.0,71.0,2623.0
1783933973.2,20645,32624,602,374.0,71.0,2793.0
1783933973.8,20645,32624,602,265.0,71.0,2789.0
1783933974.4,20645,32624,602,315.0,71.0,2522.0
1783933975.0,20645,32624,602,317.0,71.0,2551.0
1783933975.6,20645,32624,602,333.0,71.0,2861.0
1783933976.2,20645,32624,602,268.0,71.0,2521.0
1783933976.8,20645,32624,602,308.0,71.0,2588.0
1783933977.3,20645,32624,602,345.0,71.0,2762.0
1783933977.9,20645,32624,602,260.0,71.0,2841.0
1783933978.5,20645,32624,602,171.0,71.0,2533.0
1783933979.1,20645,32624,602,319.0,71.0,2604.0
1783933979.7,20645,32624,602,299.0,71.0,2586.0
1783933980.3,20645,32624,602,324.0,71.0,2888.0
1783933980.9,20645,32624,602,298.0,71.0,2564.0
1783933981.5,20645,32624,602,289.0,71.0,2543.0
1783933982.1,20645,32624,602,321.0,71.0,2702.0
1783933982.7,20645,32624,602,243.0,71.0,2713.0
1783933983.3,20645,32624,602,282.0,71.0,2567.0
1783933983.9,20645,32624,602,311.0,71.0,2629.0
1783933984.5,20645,32624,602,353.0,72.0,2737.0
1783933985.0,20645,32624,602,163.0,71.0,2512.0
1783933985.6,20645,32624,602,311.0,72.0,2528.0
1783933986.2,20645,32624,602,351.0,72.0,2769.0
1783933986.8,20645,32624,602,187.0,71.0,2510.0
1783933987.4,20645,32624,602,294.0,71.0,2518.0
1783933988.0,20645,32624,602,372.0,72.0,2827.0
1783933988.6,20645,32624,602,302.0,72.0,2471.0
1783933989.2,20645,32624,602,318.0,71.0,2666.0
1783933989.8,20645,32624,602,366.0,72.0,2764.0
1783933990.4,20645,32624,602,195.0,72.0,2716.0
1783933991.0,20645,32624,602,292.0,71.0,2523.0
1783933991.6,20645,32624,602,324.0,71.0,2722.0
1783933992.1,20645,32624,602,189.0,71.0,2653.0
1783933992.7,20645,32624,602,313.0,72.0,2592.0
1783933993.3,20645,32624,602,330.0,71.0,2885.0
1783933993.9,20645,32624,602,288.0,72.0,2601.0
1783933994.5,20645,32624,602,353.0,72.0,2759.0
1783933995.1,20645,32624,602,265.0,72.0,2820.0
1783933995.7,20617,32624,600,64.0,70.0,2766.0
1783933996.3,20620,32624,600,319.0,71.0,2533.0
1783933996.9,20620,32624,600,340.0,71.0,2656.0
1783933997.5,20620,32624,600,383.0,71.0,2830.0
1783933998.1,20620,32624,600,315.0,71.0,2927.0
1783933998.7,20620,32624,600,274.0,71.0,2892.0
1783933999.3,20620,32624,600,310.0,71.0,2545.0
1783933999.9,20620,32624,600,284.0,71.0,2499.0
1783934000.5,20620,32624,600,313.0,71.0,2553.0
1783934001.0,20620,32624,600,317.0,71.0,2624.0
1783934001.6,20620,32624,600,323.0,71.0,2943.0
1783934002.2,20620,32624,600,236.0,71.0,2538.0
1783934002.8,20616,32624,600,293.0,71.0,2563.0
1783934003.4,20616,32624,600,347.0,71.0,2740.0
1783934004.0,20616,32624,600,268.0,71.0,2831.0
1783934004.6,20616,32624,600,338.0,71.0,2543.0
1783934005.2,20616,32624,600,327.0,71.0,2630.0
1783934005.8,20616,32624,600,327.0,71.0,2731.0
1783934006.4,20616,32624,600,244.0,71.0,2646.0
1783934007.0,20616,32624,600,301.0,71.0,2508.0
1783934007.6,20616,32624,600,293.0,71.0,2534.0
1783934008.1,20616,32624,600,341.0,71.0,2665.0
1783934008.7,20616,32624,600,292.0,71.0,2878.0
1783934009.3,20616,32624,600,163.0,71.0,2601.0
1783934009.9,20616,32624,600,317.0,71.0,2632.0
1783934010.5,20616,32624,600,318.0,72.0,2615.0
1783934011.1,20616,32624,600,388.0,71.0,2847.0
1783934011.7,20616,32624,600,281.0,72.0,2820.0
1783934012.3,20616,32624,600,291.0,72.0,2531.0
1783934012.9,20616,32624,600,333.0,72.0,2683.0
1783934013.5,20616,32624,600,375.0,72.0,2829.0
1783934014.1,20616,32624,600,261.0,72.0,2746.0
1783934014.7,20616,32624,600,333.0,71.0,2535.0
1783934015.2,20616,32624,600,326.0,71.0,2672.0
1783934015.8,20616,32624,600,287.0,72.0,2916.0
1783934016.4,20616,32624,600,342.0,72.0,2576.0
1783934017.0,20616,32624,600,303.0,71.0,2621.0
1783934017.6,20616,32624,600,319.0,72.0,2651.0
1783934018.2,20616,32624,600,270.0,71.0,2833.0
1783934018.8,20616,32624,600,295.0,72.0,2506.0
1783934019.4,20616,32624,600,340.0,71.0,2747.0
1783934020.0,20616,32624,600,328.0,72.0,2740.0
1783934020.6,20616,32624,600,256.0,72.0,2721.0
1783934021.2,20616,32624,600,309.0,72.0,2533.0
1783934021.8,20616,32624,600,330.0,71.0,2669.0
1783934022.3,20616,32624,600,344.0,71.0,2760.0
1783934022.9,20616,32624,600,274.0,72.0,2787.0
1783934023.5,20616,32624,600,299.0,72.0,2605.0
1783934024.1,20616,32624,600,317.0,72.0,2702.0
1783934024.7,20616,32624,600,342.0,71.0,2897.0
1783934025.3,20616,32624,600,242.0,72.0,2554.0
1783934025.9,20616,32624,600,281.0,72.0,2576.0
1783934026.5,20616,32624,600,387.0,72.0,2769.0
1783934027.1,20616,32624,600,273.0,72.0,2801.0
1783934027.7,20616,32624,600,328.0,72.0,2547.0
1783934028.3,20616,32624,600,318.0,71.0,2605.0
1783934028.9,20616,32624,600,263.0,71.0,2795.0
1783934029.5,20616,32624,600,282.0,71.0,2530.0
1783934030.0,20616,32624,600,351.0,72.0,2674.0
1783934030.6,20616,32624,600,278.0,71.0,2821.0
1783934031.2,20616,32624,600,278.0,71.0,2527.0
1783934031.8,20616,32624,600,295.0,72.0,2504.0
1783934032.4,20616,32624,600,333.0,71.0,2662.0
1783934033.0,20616,32624,600,271.0,72.0,2731.0
1783934033.6,20616,32624,600,70.0,70.0,3028.0
1783934034.2,20616,32624,600,347.0,71.0,2725.0
1783934034.8,20616,32624,600,359.0,71.0,2799.0
1783934035.4,20616,32624,600,279.0,71.0,2836.0
1783934036.0,20616,32624,600,256.0,71.0,2697.0
1783934036.6,20616,32624,600,161.0,71.0,2516.0
1783934037.2,20616,32624,600,337.0,71.0,2526.0
1783934037.8,20616,32624,600,239.0,71.0,2504.0
1783934038.4,20610,32624,598,278.0,71.0,2514.0
1783934039.0,20610,32624,598,308.0,71.0,2628.0
1783934039.6,20610,32624,598,274.0,71.0,2580.0
1783934040.1,20610,32624,598,317.0,71.0,2649.0
1783934040.7,20610,32624,598,365.0,71.0,2808.0
1783934041.3,20610,32624,598,260.0,71.0,2769.0
1783934041.9,20610,32624,598,312.0,71.0,2582.0
1783934042.5,20610,32624,598,335.0,71.0,2605.0
1783934043.1,20610,32624,598,315.0,72.0,2650.0
1783934043.7,20610,32624,598,376.0,72.0,2832.0
1783934044.3,20610,32624,598,273.0,72.0,2812.0
1783934044.9,20610,32624,598,362.0,71.0,2613.0
1783934045.5,20610,32624,598,295.0,71.0,2600.0
1783934046.1,20610,32624,598,333.0,71.0,2678.0
1783934046.7,20610,32624,598,366.0,71.0,2921.0
1783934047.3,20610,32624,598,197.0,71.0,2674.0
1783934047.9,20610,32624,598,276.0,71.0,2444.0
1783934048.5,20610,32624,598,284.0,71.0,2595.0
1783934049.0,20610,32624,598,344.0,71.0,2671.0
1783934049.6,20610,32624,598,261.0,72.0,2802.0
1783934050.2,20610,32624,598,334.0,72.0,2532.0
1783934050.8,20610,32624,598,275.0,72.0,2503.0
1783934051.4,20610,32624,598,312.0,72.0,2621.0
1783934052.0,20610,32624,598,269.0,72.0,2770.0
1783934052.6,20610,32624,598,189.0,71.0,2574.0
1783934053.2,20610,32624,598,301.0,72.0,2568.0
1783934053.8,20623,32624,600,346.0,72.0,2764.0
1783934054.4,20623,32624,600,278.0,72.0,2801.0
1783934055.0,20623,32624,600,292.0,72.0,2558.0
1783934055.6,20623,32624,600,294.0,72.0,2632.0
1783934056.2,20623,32624,600,362.0,72.0,2769.0
1783934056.8,20623,32624,600,256.0,72.0,2889.0
1783934057.3,20623,32624,600,254.0,71.0,2407.0
1783934057.9,20623,32624,600,298.0,72.0,2590.0
1783934058.5,20623,32624,600,315.0,72.0,2679.0
1783934059.1,20623,32624,600,266.0,72.0,2846.0
1783934059.7,20623,32624,600,137.0,72.0,2498.0
1783934060.3,20623,32624,600,236.0,70.0,2758.0
1783934060.9,20623,32624,600,270.0,71.0,2733.0
1783934061.5,20623,32624,600,306.0,71.0,2553.0
1783934062.1,20623,32624,600,316.0,72.0,2629.0
1783934062.7,20623,32624,600,311.0,71.0,2651.0
1783934063.3,20623,32624,600,385.0,71.0,2835.0
1783934063.9,20623,32624,600,287.0,71.0,2843.0
1783934064.5,20623,32624,600,265.0,71.0,2785.0
1783934065.1,20623,32624,600,235.0,71.0,2677.0
1783934065.7,20623,32624,600,321.0,71.0,2529.0
1783934066.3,20623,32624,600,270.0,71.0,2474.0
1783934066.9,20623,32624,600,335.0,71.0,2631.0
1783934067.5,20623,32624,600,367.0,71.0,2816.0
1783934068.0,20623,32624,600,280.0,71.0,2913.0
1783934068.6,20623,32624,600,154.0,71.0,2553.0
1783934069.2,20623,32624,600,318.0,72.0,2487.0
1783934069.8,20623,32624,600,280.0,71.0,2500.0
1783934070.4,20623,32624,600,309.0,71.0,2668.0
1783934071.0,20623,32624,600,288.0,71.0,2839.0
1783934071.6,20623,32624,600,262.0,72.0,2791.0
1783934072.2,20623,32624,600,305.0,71.0,2559.0
1783934072.8,20623,32624,600,339.0,71.0,2654.0
1783934073.4,20623,32624,600,356.0,71.0,2739.0
1783934074.0,20623,32624,600,261.0,72.0,2750.0
1783934074.6,20623,32624,600,283.0,72.0,2931.0
1783934075.2,20623,32624,600,319.0,72.0,2537.0
1783934075.8,20623,32624,600,281.0,72.0,2501.0
1783934076.4,20623,32624,600,43.0,71.0,0.0
1783934077.0,20623,32624,600,279.0,71.0,2874.0
1783934077.6,20623,32624,600,327.0,71.0,2558.0
1783934078.2,20623,32624,600,343.0,71.0,2654.0
1783934078.8,20623,32624,600,275.0,71.0,2842.0
1783934079.4,20623,32624,600,238.0,71.0,2556.0
1783934080.0,20623,32624,600,293.0,71.0,2425.0
1783934080.5,20623,32624,600,317.0,71.0,2626.0
1783934081.1,20623,32624,600,339.0,71.0,2591.0
1783934081.7,20623,32624,600,327.0,71.0,2657.0
1783934082.3,20623,32624,600,361.0,71.0,2791.0
1783934082.9,20623,32624,600,285.0,71.0,2905.0
1783934083.5,20623,32624,600,283.0,71.0,2521.0
1783934084.1,20623,32624,600,316.0,71.0,2631.0
1783934084.7,20623,32624,600,338.0,71.0,2659.0
1783934085.3,20623,32624,600,374.0,71.0,2823.0
1783934085.9,20623,32624,600,267.0,72.0,2796.0
1783934086.5,20623,32624,600,219.0,71.0,2611.0
1783934087.1,20623,32624,600,320.0,71.0,2516.0
1783934087.7,20623,32624,600,313.0,72.0,2550.0
1783934088.3,20623,32624,600,309.0,71.0,2658.0
1783934088.8,20623,32624,600,276.0,71.0,2805.0
1783934089.4,20623,32624,600,318.0,72.0,2518.0
1783934090.0,20623,32624,600,350.0,71.0,2657.0
1783934090.6,20623,32624,600,277.0,71.0,2635.0
1783934091.2,20623,32624,600,293.0,72.0,2668.0
1783934091.8,20623,32624,600,254.0,71.0,2775.0
1783934092.4,20623,32624,600,256.0,71.0,2473.0
1783934093.0,20623,32624,600,329.0,71.0,2630.0
1783934093.6,20623,32624,600,344.0,71.0,2628.0
1783934094.2,20623,32624,600,334.0,71.0,2815.0
1783934094.8,20623,32624,600,242.0,71.0,2699.0
1783934095.4,20623,32624,600,351.0,71.0,2495.0
1783934096.0,20623,32624,600,330.0,71.0,2550.0
1783934096.6,20623,32624,600,317.0,71.0,2557.0
1783934097.2,20623,32624,600,312.0,72.0,2677.0
1783934097.8,20623,32624,600,344.0,72.0,2761.0
1783934098.3,20619,32624,600,140.0,71.0,2558.0
1783934098.9,20619,32624,600,306.0,71.0,2537.0
1783934099.5,20619,32624,600,331.0,71.0,2675.0
1783934100.1,20619,32624,600,348.0,71.0,2841.0
1783934100.7,20619,32624,600,235.0,71.0,2673.0
1783934101.3,20619,32624,600,318.0,71.0,2551.0
1783934101.9,20619,32624,600,320.0,71.0,2556.0
1783934102.5,20619,32624,600,289.0,72.0,2514.0
1783934103.1,20619,32624,600,300.0,72.0,3081.0
1783934103.7,20619,32624,600,228.0,72.0,2521.0
1783934104.3,20619,32624,600,323.0,72.0,2535.0
1783934104.9,20619,32624,600,313.0,72.0,2662.0
1783934105.5,20619,32624,600,310.0,72.0,2924.0
1783934106.1,20619,32624,600,175.0,72.0,2592.0
1783934106.7,20619,32624,600,292.0,72.0,2539.0
1783934107.2,20619,32624,600,316.0,72.0,2597.0
1783934107.8,20619,32624,600,362.0,72.0,2767.0
1783934108.4,20619,32624,600,238.0,71.0,2745.0
1783934109.0,20619,32624,600,312.0,71.0,2470.0
1783934109.6,20619,32624,600,322.0,72.0,2632.0
1783934110.2,20619,32624,600,371.0,72.0,2822.0
1783934110.8,20619,32624,600,265.0,72.0,2512.0
1783934111.4,20619,32624,600,302.0,71.0,2520.0
1783934112.0,20619,32624,600,329.0,72.0,2719.0
1783934112.6,20619,32624,600,341.0,72.0,2862.0
1783934113.2,20619,32624,600,248.0,72.0,2696.0
1783934113.8,20619,32624,600,303.0,72.0,2531.0
1783934114.4,20619,32624,600,338.0,72.0,2696.0
1783934115.0,20619,32624,600,251.0,71.0,2726.0
1783934115.6,20619,32624,600,290.0,71.0,2550.0
1783934116.1,20619,32624,600,404.0,72.0,2911.0
1783934116.7,20619,32624,600,251.0,71.0,2769.0
1783934117.3,20619,32624,600,280.0,72.0,2497.0
1783934117.9,20619,32624,600,372.0,72.0,2803.0
1783934118.5,20619,32624,600,265.0,72.0,2832.0
1783934119.1,20619,32624,600,334.0,72.0,2569.0
1783934119.7,20630,32624,604,335.0,72.0,2595.0
1783934120.3,20630,32624,604,267.0,72.0,2969.0
1783934120.9,20652,32624,621,310.0,72.0,2565.0
1783934121.5,20652,32624,620,307.0,72.0,2657.0
1783934122.1,20650,32624,608,304.0,72.0,2945.0
1783934122.7,20649,32624,600,228.0,72.0,2534.0
1783934123.3,20649,32624,600,318.0,71.0,2588.0
1783934123.9,20649,32624,600,276.0,72.0,2840.0
1783934124.5,20649,32624,600,337.0,72.0,2611.0
1783934125.1,20649,32624,600,335.0,72.0,2702.0
1783934125.7,20645,32624,600,269.0,71.0,2834.0
1783934126.3,20645,32624,600,300.0,71.0,2549.0
1783934126.9,20645,32624,600,353.0,72.0,2767.0
1783934127.5,20645,32624,600,199.0,71.0,2590.0
1783934128.0,20637,32624,600,311.0,71.0,2607.0
1783934128.6,20637,32624,600,353.0,71.0,2800.0
1783934129.2,20637,32624,600,171.0,72.0,2399.0
1783934129.8,20637,32624,600,310.0,72.0,2625.0
1783934130.4,20637,32624,600,347.0,72.0,2949.0
1783934131.0,20637,32624,600,270.0,72.0,2582.0
1783934131.6,20637,32624,600,288.0,71.0,2570.0
1783934132.2,20637,32624,600,380.0,72.0,2848.0
1783934132.8,20637,32624,600,254.0,72.0,2746.0
1783934133.4,20637,32624,600,302.0,71.0,2573.0
1783934134.0,20637,32624,600,72.0,70.0,3177.0
1783934134.6,20637,32624,600,267.0,70.0,2955.0
1783934135.2,20637,32624,600,247.0,71.0,2659.0
1783934135.8,20637,32624,600,333.0,71.0,2605.0
1783934136.4,20637,32624,600,326.0,71.0,2635.0
1783934137.0,20637,32624,600,362.0,71.0,2761.0
1783934137.6,20637,32624,600,370.0,72.0,2830.0
1783934138.2,20637,32624,600,301.0,71.0,2870.0
1783934138.8,20637,32624,600,200.0,71.0,2603.0
1783934139.4,20637,32624,600,376.0,71.0,2603.0
1783934140.0,20637,32624,600,342.0,71.0,2622.0
1783934140.5,20637,32624,600,339.0,71.0,2640.0
1783934141.1,20637,32624,600,355.0,71.0,2617.0
1783934141.7,20637,32624,600,297.0,71.0,2560.0
1783934142.3,20637,32624,600,358.0,71.0,2770.0
1783934142.9,20637,32624,600,163.0,71.0,2724.0
1783934143.5,20637,32624,600,314.0,71.0,2558.0
1783934144.1,20637,32624,600,326.0,72.0,2617.0
1783934144.7,20637,32624,600,296.0,71.0,2548.0
1783934145.3,20637,32624,600,290.0,71.0,2583.0
1783934145.9,20637,32624,600,318.0,71.0,2638.0
1783934146.5,20637,32624,600,364.0,71.0,2776.0
1783934147.1,20637,32624,600,268.0,71.0,2830.0
1783934147.7,20637,32624,600,123.0,71.0,2612.0
1783934148.3,20637,32624,600,331.0,71.0,2610.0
1783934148.9,20637,32624,600,341.0,71.0,2689.0
1783934149.5,20637,32624,600,343.0,71.0,2622.0
1783934150.1,20637,32624,600,341.0,71.0,2768.0
1783934150.6,20637,32624,600,370.0,71.0,2784.0
1783934151.2,20637,32624,600,289.0,71.0,2804.0
1783934151.8,20637,32624,600,248.0,71.0,2790.0
1783934152.4,20637,32624,600,226.0,71.0,2628.0
1783934153.0,20637,32624,600,255.0,71.0,2513.0
1783934153.6,20637,32624,600,277.0,71.0,2555.0
1783934154.2,20637,32624,600,312.0,71.0,2613.0
1783934154.8,20637,32624,600,322.0,71.0,2618.0
1783934155.4,20637,32624,600,318.0,71.0,2644.0
1783934156.0,20637,32624,600,365.0,71.0,2755.0
1783934156.6,20637,32624,600,261.0,71.0,2809.0
1783934157.2,20637,32624,600,265.0,71.0,2446.0
1783934157.8,20637,32624,600,282.0,71.0,2514.0
1783934158.4,20637,32624,600,329.0,72.0,2615.0
1783934159.0,20637,32624,600,327.0,71.0,2673.0
1783934159.6,20637,32624,600,366.0,71.0,2802.0
1783934160.2,20637,32624,600,275.0,71.0,2907.0
1783934160.8,20637,32624,600,223.0,71.0,2621.0
1783934161.4,20637,32624,600,328.0,72.0,2616.0
1783934161.9,20637,32624,600,290.0,71.0,2602.0
1783934162.5,20637,32624,600,317.0,71.0,2619.0
1783934163.1,20637,32624,600,328.0,71.0,2621.0
1783934163.7,20637,32624,600,328.0,71.0,2683.0
1783934164.3,20637,32624,600,368.0,72.0,2788.0
1783934164.9,20637,32624,600,216.0,71.0,2599.0
1783934165.5,20637,32624,600,289.0,71.0,2482.0
1783934166.1,20637,32624,600,304.0,72.0,2581.0
1783934166.7,20637,32624,600,310.0,71.0,2655.0
1783934167.3,20637,32624,600,333.0,72.0,2756.0
1783934167.9,20637,32624,600,266.0,72.0,2844.0
1783934168.5,20637,32624,600,194.0,72.0,2483.0
1783934169.1,20637,32624,600,351.0,71.0,2627.0
1783934169.7,20637,32624,600,348.0,72.0,2763.0
1783934170.3,20637,32624,600,159.0,72.0,2583.0
1783934170.9,20637,32624,600,305.0,72.0,2542.0
1783934171.5,20637,32624,600,315.0,72.0,2629.0
1783934172.1,20637,32624,600,305.0,72.0,2682.0
1783934172.7,20637,32624,600,254.0,72.0,2774.0
1783934173.3,20637,32624,600,339.0,72.0,2540.0
1783934173.9,20637,32624,600,283.0,71.0,2514.0
1783934174.5,20637,32624,600,319.0,72.0,2703.0
1783934175.1,20637,32624,600,289.0,72.0,2917.0
1783934175.6,20637,32624,600,323.0,71.0,2598.0
1783934176.2,20637,32624,600,316.0,72.0,2608.0
1783934176.8,20637,32624,600,356.0,72.0,2812.0
1783934177.4,20637,32624,600,252.0,72.0,2720.0
1783934178.0,20637,32624,600,165.0,71.0,2631.0
1783934178.6,20637,32624,600,322.0,71.0,2548.0
1783934179.2,20637,32624,600,350.0,71.0,2618.0
1783934179.8,20637,32624,600,344.0,72.0,2710.0
1783934180.4,20637,32624,600,285.0,72.0,2861.0
1783934181.0,20637,32624,600,336.0,72.0,2475.0
1783934181.6,20637,32624,600,353.0,71.0,2640.0
1783934182.2,20637,32624,600,366.0,72.0,2816.0
1783934182.8,20637,32624,600,164.0,72.0,2477.0
1783934183.4,20637,32624,600,290.0,72.0,2523.0
1783934184.0,20637,32624,600,329.0,72.0,2673.0
1783934184.6,20637,32624,600,322.0,72.0,2768.0
1783934185.2,20637,32624,600,248.0,72.0,2743.0
1783934185.8,20637,32624,600,329.0,71.0,2484.0
1783934186.4,20632,32624,602,356.0,71.0,2684.0
1783934187.0,20632,32624,602,358.0,71.0,2787.0
1783934187.6,20632,32624,602,217.0,71.0,2539.0
1783934188.2,20632,32624,602,295.0,71.0,2631.0
1783934188.8,20632,32624,602,273.0,72.0,2862.0
1783934189.4,20632,32624,602,161.0,71.0,2463.0
1783934189.9,20632,32624,602,327.0,71.0,2641.0
1783934190.5,20632,32624,602,355.0,71.0,2784.0
1783934191.1,20632,32624,602,179.0,71.0,2569.0
1783934191.7,20632,32624,602,284.0,71.0,2528.0
1783934192.3,20632,32624,602,331.0,71.0,2676.0
1783934192.9,20632,32624,602,261.0,72.0,2767.0
1783934193.5,20632,32624,602,282.0,72.0,2534.0
1783934194.1,20632,32624,602,362.0,71.0,2764.0
1783934194.7,20632,32624,602,154.0,71.0,2637.0
1783934195.3,20632,32624,602,299.0,71.0,2578.0
1783934195.9,20632,32624,602,375.0,71.0,2854.0
1783934196.5,20632,32624,602,297.0,72.0,2514.0
1783934197.1,20632,32624,602,310.0,71.0,2633.0
1783934197.7,20632,32624,602,269.0,72.0,2812.0
1783934198.3,20632,32624,602,329.0,71.0,2586.0
1783934198.8,20632,32624,602,338.0,71.0,2649.0
1783934199.4,20632,32624,602,245.0,72.0,2681.0
1783934200.0,20632,32624,602,297.0,71.0,2507.0
1783934200.6,20632,32624,602,317.0,71.0,2595.0
1783934201.2,20632,32624,602,335.0,72.0,2908.0
1783934201.8,20632,32624,602,316.0,72.0,2522.0
1783934202.4,20632,32624,602,297.0,71.0,2546.0
1783934203.0,20632,32624,602,368.0,72.0,2854.0
1783934203.6,20632,32624,602,156.0,72.0,2488.0
1783934204.2,20632,32624,602,292.0,72.0,2630.0
1783934204.8,20632,32624,602,362.0,72.0,2816.0
1783934205.4,20632,32624,602,180.0,72.0,2562.0
1783934206.0,20632,32624,602,307.0,72.0,2581.0
1783934206.6,20632,32624,602,369.0,72.0,2801.0
1783934207.1,20632,32624,602,187.0,72.0,2645.0
1783934207.7,20632,32624,602,283.0,72.0,2543.0
1783934208.3,20632,32624,602,309.0,72.0,2628.0
1783934208.9,20632,32624,602,274.0,72.0,2862.0
1783934209.5,20632,32624,602,309.0,72.0,2545.0
1783934210.1,20632,32624,602,336.0,72.0,2711.0
1783934210.7,20632,32624,602,278.0,72.0,2845.0
1783934211.3,20632,32624,602,288.0,71.0,2505.0
1783934211.9,20632,32624,602,369.0,71.0,2808.0
1783934212.5,20632,32624,602,275.0,72.0,2530.0
1783934213.1,20632,32624,602,318.0,72.0,2615.0
1783934213.7,20632,32624,602,262.0,72.0,2905.0
1783934214.3,20632,32624,602,332.0,72.0,2656.0
1783934214.9,20632,32624,602,361.0,71.0,2727.0
1783934215.5,20632,32624,602,289.0,72.0,2550.0
1783934216.1,20632,32624,602,373.0,72.0,2792.0
1783934216.7,20632,32624,602,275.0,72.0,2520.0
1783934217.3,20632,32624,602,328.0,72.0,2648.0
1783934217.8,20632,32624,602,255.0,72.0,2744.0
1783934218.4,20632,32624,602,312.0,72.0,2522.0
1783934219.0,20632,32624,602,347.0,72.0,2852.0
1783934219.6,20632,32624,602,275.0,72.0,2509.0
1783934220.2,20632,32624,602,327.0,72.0,2604.0
1783934220.8,20632,32624,602,300.0,71.0,2867.0
1783934221.4,20632,32624,602,313.0,72.0,2505.0
1783934222.0,20632,32624,602,327.0,72.0,2650.0
1783934222.6,20632,32624,602,141.0,72.0,2581.0
1783934223.2,20632,32624,602,290.0,72.0,2548.0
1783934223.8,20632,32624,602,243.0,72.0,2683.0
1783934224.4,20632,32624,602,284.0,71.0,2529.0
1783934225.0,20632,32624,602,353.0,72.0,2847.0
1783934225.6,20632,32624,602,295.0,72.0,2517.0
1783934226.2,20632,32624,602,367.0,72.0,2825.0
1783934226.7,20632,32624,602,314.0,72.0,2521.0
1783934227.3,20632,32624,602,381.0,72.0,2811.0
1783934227.9,20632,32624,602,298.0,72.0,2487.0
1783934228.5,20632,32624,602,382.0,72.0,2961.0
1783934229.1,20632,32624,602,296.0,72.0,2504.0
1783934229.7,20632,32624,602,324.0,71.0,2919.0
1783934230.3,20632,32624,602,312.0,72.0,2524.0
1783934230.9,20632,32624,602,352.0,72.0,2800.0
1783934231.5,20632,32624,602,309.0,72.0,2563.0
1783934232.1,20632,32624,602,359.0,71.0,2738.0
1783934232.7,20632,32624,602,264.0,72.0,2678.0
1783934233.3,20632,32624,602,280.0,72.0,2505.0
1783934233.9,20633,32624,606,341.0,72.0,2840.0
1783934234.5,20633,32624,606,289.0,72.0,2551.0
1783934235.1,20633,32624,606,76.0,70.0,3293.0
1783934235.6,20628,32624,604,242.0,70.0,2691.0
1783934236.2,20628,32624,604,301.0,71.0,2547.0
1783934236.8,20628,32624,604,327.0,71.0,2660.0
1783934237.4,20628,32624,604,262.0,71.0,2871.0
1783934238.0,20628,32624,604,183.0,71.0,2525.0
1783934238.6,20628,32624,604,314.0,71.0,2495.0
1783934239.2,20628,32624,604,325.0,71.0,2542.0
1783934239.8,20628,32624,604,304.0,71.0,2649.0
1783934240.4,20628,32624,604,365.0,72.0,2776.0
1783934241.0,20628,32624,604,247.0,72.0,2775.0
1783934241.6,20628,32624,604,376.0,71.0,2611.0
1783934242.2,20628,32624,604,261.0,71.0,2559.0
1783934242.8,20628,32624,604,330.0,71.0,2604.0
1783934243.4,20628,32624,604,330.0,72.0,2647.0
1783934244.0,20628,32624,604,368.0,72.0,2800.0
1783934244.5,20628,32624,604,192.0,72.0,2718.0
1783934245.1,20628,32624,604,301.0,71.0,2513.0
1783934245.7,20628,32624,604,298.0,71.0,2530.0
1783934246.3,20628,32624,604,340.0,71.0,2637.0
1783934246.9,20628,32624,604,374.0,71.0,2835.0
1783934247.5,20628,32624,604,295.0,72.0,2824.0
1783934248.1,20628,32624,604,202.0,72.0,2664.0
1783934248.7,20628,32624,604,304.0,71.0,2527.0
1783934249.3,20628,32624,604,302.0,71.0,2605.0
1783934249.9,20628,32624,604,372.0,72.0,2792.0
1783934250.5,20628,32624,604,283.0,72.0,2880.0
1783934251.1,20628,32624,604,183.0,72.0,2516.0
1783934251.7,20628,32624,604,303.0,72.0,2578.0
1783934252.3,20628,32624,604,282.0,71.0,2605.0
1783934252.9,20628,32624,604,334.0,72.0,2617.0
1783934253.5,20628,32624,604,361.0,72.0,2789.0
1783934254.1,20628,32624,604,266.0,72.0,2871.0
1783934254.7,20628,32624,604,268.0,72.0,2486.0
1783934255.3,20628,32624,604,280.0,71.0,2517.0
1783934255.9,20628,32624,604,320.0,72.0,2627.0
1783934256.5,20630,32624,606,349.0,72.0,2812.0
1783934257.1,20630,32624,606,269.0,72.0,2487.0
1783934257.6,20630,32624,606,330.0,72.0,2568.0
1783934258.2,20630,32624,606,319.0,72.0,2886.0
1783934258.8,20630,32624,606,238.0,72.0,2564.0
1783934259.4,20630,32624,606,278.0,72.0,2508.0
1783934260.0,20630,32624,606,323.0,72.0,2710.0
1783934260.6,20630,32624,606,260.0,72.0,2872.0
1783934261.2,20630,32624,606,129.0,72.0,2477.0
1783934261.8,20630,32624,606,302.0,72.0,2559.0
1783934262.4,20630,32624,606,369.0,71.0,2809.0
1783934263.0,20630,32624,606,131.0,72.0,2547.0
1783934263.6,20630,32624,606,303.0,72.0,2547.0
1783934264.2,20630,32624,606,353.0,72.0,2730.0
1783934264.8,20630,32624,606,147.0,72.0,2775.0
1783934265.4,20630,32624,606,294.0,72.0,2604.0
1783934266.0,20630,32624,606,305.0,72.0,2630.0
1783934266.5,20630,32624,606,343.0,72.0,2685.0
1783934267.1,20630,32624,606,257.0,72.0,2773.0
1783934267.7,20630,32624,606,321.0,72.0,2486.0
1783934268.3,20630,32624,606,302.0,72.0,2531.0
1783934268.9,20630,32624,606,349.0,72.0,2774.0
1783934269.5,20630,32624,606,247.0,72.0,2662.0
1783934270.1,20630,32624,606,270.0,72.0,2495.0
1783934270.7,20630,32624,606,360.0,72.0,2822.0
1783934271.3,20630,32624,606,158.0,72.0,2627.0
1783934271.9,20630,32624,606,319.0,71.0,2523.0
1783934272.5,20630,32624,606,339.0,71.0,2753.0
1783934273.1,20630,32624,606,204.0,71.0,2509.0
1783934273.7,20630,32624,606,298.0,71.0,2543.0
1783934274.3,20630,32624,606,350.0,72.0,2659.0
1783934274.8,20630,32624,606,255.0,72.0,2741.0
1783934275.4,20630,32624,606,292.0,72.0,2619.0
1783934276.0,20630,32624,606,289.0,72.0,2543.0
1783934276.6,20630,32624,606,254.0,72.0,2736.0
1783934277.2,20630,32624,606,305.0,72.0,2582.0
1783934277.8,20630,32624,606,340.0,72.0,2739.0
1783934278.4,20630,32624,606,241.0,72.0,2657.0
1783934279.0,20630,32624,606,301.0,72.0,2533.0
1783934279.6,20630,32624,606,369.0,72.0,2839.0
1783934280.2,20630,32624,606,186.0,72.0,2482.0
1783934280.8,20630,32624,606,337.0,72.0,2689.0
1783934281.4,20630,32624,606,266.0,72.0,2815.0
1783934281.9,20630,32624,606,299.0,72.0,2546.0
1783934282.5,20630,32624,606,386.0,72.0,2852.0
1783934283.1,20630,32624,606,180.0,72.0,2707.0
1783934283.7,20630,32624,606,302.0,72.0,2580.0
1783934284.3,20630,32624,606,383.0,72.0,2811.0
1783934284.9,20630,32624,606,188.0,72.0,2498.0
1783934285.5,20630,32624,606,346.0,72.0,2623.0
1783934286.1,20630,32624,606,45.0,72.0,0.0
1783934286.7,732,32624,100,33.0,70.0,0.0
1783934287.3,719,32624,84,15.0,68.0,0.0
1783934287.9,719,32624,84,15.0,68.0,0.0
1783934288.5,719,32624,84,16.0,67.0,0.0
1783934289.1,719,32624,84,16.0,67.0,0.0
1783934289.6,719,32624,84,16.0,66.0,0.0
1783934290.2,719,32624,84,15.0,66.0,0.0
1783934290.8,719,32624,84,15.0,65.0,0.0
1783934291.4,719,32624,84,15.0,65.0,0.0
1783934292.0,719,32624,84,14.0,65.0,0.0
1783934292.6,719,32624,84,15.0,64.0,0.0
1783934293.2,719,32624,84,15.0,64.0,0.0
1783934293.8,719,32624,84,15.0,64.0,0.0
1783934294.4,719,32624,84,15.0,63.0,0.0
1783934295.0,719,32624,84,15.0,63.0,0.0
1783934295.6,719,32624,84,14.0,63.0,0.0
1783934296.2,719,32624,84,14.0,62.0,0.0
1783934296.8,719,32624,84,14.0,62.0,0.0
1783934297.4,719,32624,84,15.0,61.0,0.0
1783934298.0,719,32624,84,14.0,61.0,0.0
1783934298.6,719,32624,84,14.0,61.0,0.0
1783934299.1,719,32624,84,14.0,61.0,0.0
1783934299.7,719,32624,84,14.0,60.0,0.0
1783934300.3,719,32624,84,14.0,60.0,0.0
1783934300.9,719,32624,84,13.0,60.0,0.0
1783934301.5,719,32624,84,14.0,59.0,0.0
1783934302.1,719,32624,84,13.0,59.0,0.0
1783934302.7,719,32624,84,13.0,59.0,0.0
1783934303.3,719,32624,84,14.0,59.0,0.0
1783934303.9,719,32624,84,14.0,58.0,0.0
1783934304.5,719,32624,84,14.0,58.0,0.0
1783934305.1,719,32624,84,12.0,58.0,0.0
1783934305.7,719,32624,84,12.0,58.0,0.0
1783934306.3,719,32624,84,13.0,57.0,0.0
1783934306.9,719,32624,84,12.0,57.0,0.0
1783934307.5,719,32624,84,14.0,57.0,0.0
1783934308.1,719,32624,84,13.0,57.0,0.0
1783934308.6,719,32624,84,14.0,56.0,0.0
1783934309.2,719,32624,84,14.0,56.0,0.0
1783934309.8,719,32624,84,15.0,56.0,0.0
1783934310.4,719,32624,84,13.0,56.0,0.0
1783934311.0,719,32624,84,13.0,55.0,0.0
1783934311.6,719,32624,84,13.0,55.0,0.0
1783934312.2,719,32624,84,13.0,55.0,0.0
1783934312.8,719,32624,84,12.0,55.0,0.0
1783934313.4,719,32624,84,13.0,55.0,0.0
1783934314.0,719,32624,84,13.0,55.0,0.0
1783934314.6,719,32624,84,13.0,54.0,0.0
1783934315.2,719,32624,84,12.0,54.0,0.0
1783934315.8,719,32624,84,12.0,54.0,0.0
1783934316.4,719,32624,84,13.0,54.0,0.0
1783934316.9,719,32624,84,12.0,54.0,0.0
1783934317.5,719,32624,84,14.0,53.0,0.0
1783934318.1,719,32624,84,14.0,53.0,0.0
1783934318.7,719,32624,84,11.0,53.0,0.0
1783934319.3,719,32624,84,11.0,53.0,0.0
1783934319.9,719,32624,84,12.0,53.0,0.0
1783934320.5,719,32624,84,13.0,52.0,0.0
1783934321.1,719,32624,84,12.0,52.0,0.0
1783934321.7,719,32624,84,12.0,52.0,0.0
1783934322.3,719,32624,84,12.0,52.0,0.0
1783934322.9,719,32624,84,12.0,52.0,0.0
1783934323.5,719,32624,84,11.0,52.0,0.0
1783934324.1,719,32624,84,11.0,52.0,0.0
1783934324.6,719,32624,84,12.0,52.0,0.0
1783934325.2,719,32624,84,12.0,51.0,0.0
1783934325.8,719,32624,84,14.0,51.0,0.0
1783934326.4,719,32624,84,13.0,51.0,0.0
1783934327.0,719,32624,84,13.0,51.0,0.0
1783934327.6,719,32624,84,12.0,51.0,0.0
1783934328.2,719,32624,84,11.0,51.0,0.0
1783934328.8,719,32624,84,12.0,50.0,0.0
1783934329.4,719,32624,84,11.0,50.0,0.0
1783934330.0,719,32624,84,12.0,50.0,0.0
1783934330.6,719,32624,84,12.0,50.0,0.0
1783934331.2,719,32624,84,11.0,50.0,0.0
1783934331.8,719,32624,84,12.0,50.0,0.0
1783934332.4,719,32624,84,12.0,50.0,0.0
1783934333.0,719,32624,84,11.0,49.0,0.0
1783934333.6,719,32624,84,13.0,49.0,0.0
1783934334.2,719,32624,84,13.0,49.0,0.0
1783934334.7,719,32624,84,12.0,49.0,0.0
1783934335.3,719,32624,84,11.0,49.0,0.0
1783934335.9,719,32624,84,11.0,49.0,0.0
1783934336.5,719,32624,84,11.0,49.0,0.0
1783934337.1,719,32624,84,11.0,49.0,0.0
1783934337.7,719,32624,84,12.0,49.0,0.0
1783934338.3,719,32624,84,11.0,49.0,0.0
1783934338.9,719,32624,84,13.0,48.0,0.0
1783934339.5,719,32624,84,11.0,48.0,0.0
1783934340.1,719,32624,84,12.0,48.0,0.0
1783934340.7,719,32624,84,12.0,48.0,0.0
1783934341.3,719,32624,84,11.0,48.0,0.0
1783934341.9,719,32624,84,13.0,48.0,0.0
1783934342.5,719,32624,84,12.0,48.0,0.0
1783934343.1,719,32624,84,11.0,48.0,0.0
1783934343.6,719,32624,84,12.0,48.0,0.0
1783934344.2,719,32624,84,10.0,48.0,0.0
1783934344.8,719,32624,84,11.0,48.0,0.0
1783934345.4,719,32624,84,20.0,47.0,1249.0
1783934346.0,719,32624,84,12.0,47.0,0.0
1783934346.6,715,32624,84,12.0,47.0,0.0
1783934347.2,715,32624,84,14.0,47.0,0.0
1783934347.8,715,32624,84,11.0,47.0,0.0
1783934348.4,715,32624,84,12.0,47.0,0.0
1783934349.0,715,32624,84,11.0,47.0,0.0
1783934349.6,715,32624,84,13.0,47.0,0.0
1783934350.2,715,32624,84,12.0,47.0,0.0
1783934350.8,715,32624,84,12.0,47.0,0.0
1783934351.4,715,32624,84,11.0,47.0,0.0
1783934352.0,715,32624,84,12.0,46.0,0.0
1783934352.5,715,32624,84,11.0,46.0,0.0
1783934353.1,715,32624,84,10.0,46.0,0.0
1783934353.7,715,32624,84,12.0,46.0,0.0
1783934354.3,734,32624,87,32.0,47.0,1446.0
1783934355.0,860,32624,111,28.0,47.0,6.0
1783934355.5,860,32624,87,28.0,47.0,6.0
1783934356.1,862,32624,77,11.0,46.0,0.0
1783934356.7,848,32624,89,22.0,46.0,0.0
1783934357.3,848,32624,89,18.0,46.0,1484.0
1783934357.9,846,32624,79,12.0,46.0,0.0
1783934358.5,851,32624,77,11.0,46.0,0.0
1783934359.1,855,32624,77,11.0,46.0,0.0
1783934359.7,825,32624,95,23.0,46.0,0.0
1783934360.4,766,32624,85,35.0,46.0,28.0
1783934361.0,766,32624,85,13.0,46.0,0.0
1783934361.6,764,32624,81,19.0,46.0,1810.0
1783934362.2,764,32624,81,12.0,46.0,0.0
1783934362.8,762,32624,83,23.0,46.0,0.0
1783934363.4,762,32624,81,11.0,45.0,0.0
1783934364.0,757,32624,77,11.0,46.0,0.0
1783934364.6,755,32624,77,22.0,46.0,0.0
1783934365.2,750,32624,77,12.0,45.0,0.0
1783934365.7,750,32624,77,10.0,45.0,0.0
1783934366.3,750,32624,77,11.0,45.0,0.0
1783934366.9,749,32624,77,12.0,45.0,0.0
1783934367.5,738,32624,77,22.0,46.0,0.0
1783934368.1,738,32624,77,13.0,45.0,0.0
1783934368.7,726,32624,77,22.0,45.0,0.0
1783934369.3,726,32624,77,12.0,45.0,0.0
1783934369.9,726,32624,77,11.0,45.0,0.0
1783934370.5,726,32624,77,11.0,45.0,0.0
1783934371.1,726,32624,77,11.0,45.0,0.0
1783934371.7,726,32624,77,12.0,45.0,0.0
1783934372.3,726,32624,77,12.0,45.0,0.0
1783934372.9,726,32624,77,14.0,45.0,277.0
1783934373.5,726,32624,77,11.0,45.0,0.0
1783934374.1,726,32624,77,11.0,45.0,0.0
1783934374.7,726,32624,77,23.0,45.0,0.0
1783934375.3,726,32624,77,11.0,45.0,0.0
1783934375.9,726,32624,77,12.0,45.0,0.0
1783934376.5,726,32624,77,11.0,45.0,0.0
1783934377.1,726,32624,77,11.0,45.0,0.0
1783934377.7,726,32624,77,11.0,45.0,0.0
1783934378.3,726,32624,77,11.0,45.0,0.0
1783934378.9,726,32624,77,11.0,45.0,0.0
1783934379.5,726,32624,77,13.0,45.0,0.0
1783934380.1,726,32624,77,12.0,45.0,0.0
1783934380.7,726,32624,77,11.0,45.0,0.0
1783934381.3,726,32624,77,12.0,45.0,0.0
1783934381.9,726,32624,79,17.0,45.0,1637.0
1783934382.5,726,32624,79,14.0,45.0,258.0
1783934383.1,726,32624,79,17.0,45.0,235.0
1783934383.7,726,32624,79,16.0,45.0,41.0
1783934384.3,710,32624,75,26.0,45.0,326.0
1783934384.9,710,32624,75,11.0,45.0,0.0
1783934385.5,710,32624,75,12.0,45.0,0.0
1783934386.0,710,32624,75,11.0,45.0,0.0
1783934386.6,710,32624,75,11.0,44.0,0.0
1783934387.2,710,32624,75,11.0,45.0,0.0
1783934387.8,710,32624,75,12.0,45.0,0.0
1783934388.4,710,32624,75,11.0,45.0,0.0
1783934389.0,710,32624,75,11.0,44.0,0.0
1783934389.6,710,32624,75,12.0,44.0,0.0
1783934390.2,710,32624,75,11.0,44.0,0.0
1783934390.8,710,32624,75,11.0,44.0,0.0
1783934391.4,710,32624,75,12.0,44.0,0.0
1783934392.0,710,32624,75,11.0,44.0,0.0
1783934392.6,710,32624,75,11.0,44.0,0.0
1783934393.2,710,32624,75,11.0,44.0,0.0
1783934393.8,710,32624,75,11.0,44.0,0.0
1783934394.4,710,32624,75,11.0,44.0,0.0
1783934394.9,710,32624,75,11.0,44.0,0.0
1783934395.5,710,32624,75,11.0,44.0,0.0
1783934396.1,710,32624,75,12.0,44.0,0.0
1783934396.7,710,32624,75,12.0,44.0,0.0
1783934397.3,710,32624,75,11.0,44.0,0.0
1783934397.9,710,32624,75,12.0,44.0,0.0
1783934398.5,710,32624,75,11.0,44.0,0.0
1783934399.1,710,32624,75,11.0,44.0,0.0
1783934399.7,710,32624,75,11.0,44.0,0.0
1783934400.3,710,32624,75,11.0,44.0,0.0
1783934400.9,710,32624,75,11.0,44.0,0.0
1783934401.5,710,32624,75,12.0,44.0,0.0
1783934402.1,710,32624,75,12.0,44.0,0.0
1783934402.7,710,32624,75,11.0,44.0,0.0
1783934403.3,710,32624,75,11.0,44.0,0.0
1783934403.8,710,32624,75,11.0,44.0,0.0
1783934404.4,710,32624,75,13.0,44.0,0.0
1783934405.0,710,32624,75,10.0,44.0,0.0
1783934405.6,710,32624,75,12.0,44.0,0.0
1783934406.2,710,32624,75,13.0,44.0,0.0
1783934406.8,710,32624,75,12.0,44.0,0.0
1783934407.4,710,32624,75,11.0,44.0,0.0
1783934408.0,710,32624,75,12.0,44.0,0.0
1783934408.6,710,32624,75,11.0,44.0,0.0
1783934409.2,710,32624,75,11.0,44.0,0.0
1783934409.8,710,32624,75,11.0,44.0,0.0
1783934410.4,710,32624,75,13.0,44.0,0.0
1783934411.0,710,32624,75,11.0,44.0,0.0
1783934411.6,710,32624,75,10.0,44.0,0.0
1783934412.2,710,32624,75,11.0,44.0,0.0
1783934412.8,710,32624,75,12.0,44.0,0.0
1783934413.4,710,32624,75,12.0,44.0,0.0
1783934414.0,722,32624,81,11.0,44.0,0.0
1783934414.5,722,32624,81,12.0,44.0,0.0
1783934415.1,722,32624,81,11.0,44.0,0.0
1783934415.7,718,32624,79,12.0,44.0,0.0
1783934416.3,718,32624,79,13.0,43.0,0.0
1783934416.9,718,32624,79,11.0,43.0,0.0
1783934417.5,718,32624,79,12.0,43.0,0.0
1783934418.1,718,32624,79,11.0,43.0,0.0
1783934418.7,718,32624,79,11.0,43.0,0.0
1783934419.3,718,32624,79,11.0,44.0,0.0
1783934419.9,718,32624,79,11.0,44.0,0.0
1783934420.5,718,32624,79,11.0,44.0,0.0
1783934421.1,718,32624,79,11.0,44.0,0.0
1783934421.7,718,32624,79,10.0,43.0,0.0
1783934422.3,718,32624,79,11.0,43.0,0.0
1783934422.9,718,32624,79,12.0,43.0,0.0
1783934423.5,718,32624,79,10.0,44.0,0.0
1783934424.1,718,32624,79,11.0,44.0,0.0
1783934424.7,718,32624,79,11.0,43.0,0.0
1783934425.3,718,32624,79,12.0,43.0,0.0
1783934425.9,718,32624,79,11.0,43.0,0.0
1783934426.5,720,32624,81,11.0,43.0,0.0
1783934427.1,720,32624,81,11.0,43.0,0.0
1783934427.7,720,32624,81,13.0,43.0,0.0
1783934428.3,720,32624,81,11.0,43.0,0.0
1783934428.8,714,32624,79,10.0,43.0,0.0
1783934429.4,714,32624,79,11.0,43.0,0.0
1783934430.0,714,32624,79,12.0,43.0,0.0
1783934430.6,714,32624,79,11.0,43.0,0.0
1783934431.2,714,32624,79,11.0,43.0,0.0
1783934431.8,714,32624,79,11.0,43.0,0.0
1783934432.4,714,32624,79,11.0,43.0,0.0
1783934433.0,714,32624,79,11.0,43.0,0.0
1783934433.6,714,32624,79,11.0,43.0,0.0
1783934434.2,714,32624,79,11.0,43.0,0.0
1783934434.8,714,32624,79,12.0,43.0,0.0
1783934435.4,714,32624,79,11.0,43.0,0.0
1783934436.0,714,32624,79,11.0,43.0,0.0
1783934436.6,714,32624,79,11.0,43.0,0.0
1783934437.2,714,32624,79,12.0,43.0,0.0
1783934437.8,714,32624,79,13.0,43.0,0.0
1783934438.4,714,32624,79,13.0,43.0,0.0
1783934439.0,714,32624,79,12.0,43.0,0.0
1783934439.6,714,32624,79,11.0,42.0,0.0
1783934440.2,714,32624,79,12.0,42.0,0.0
1783934440.7,714,32624,79,11.0,42.0,0.0
1783934441.3,714,32624,79,11.0,42.0,0.0
1783934441.9,714,32624,79,10.0,43.0,0.0
1783934442.5,714,32624,79,11.0,42.0,0.0
1783934443.1,714,32624,79,11.0,42.0,0.0
1783934443.7,714,32624,79,11.0,43.0,0.0
1783934444.3,714,32624,79,12.0,42.0,0.0
1783934444.9,714,32624,79,11.0,42.0,0.0
1783934445.5,714,32624,79,12.0,42.0,0.0
1783934446.1,714,32624,79,11.0,42.0,0.0
1783934446.7,714,32624,79,15.0,42.0,540.0
1783934447.3,714,32624,79,16.0,42.0,22.0
1783934447.9,714,32624,79,17.0,42.0,101.0
1783934448.5,714,32624,79,16.0,42.0,24.0
1783934449.1,714,32624,79,20.0,42.0,181.0
1783934449.7,714,32624,79,19.0,42.0,594.0
1783934450.3,714,32624,79,20.0,42.0,41.0
1783934450.9,714,32624,79,11.0,42.0,0.0
1783934451.5,714,32624,79,12.0,42.0,0.0
1783934452.0,714,32624,79,11.0,42.0,0.0
1783934452.6,714,32624,79,11.0,42.0,0.0
1783934453.2,714,32624,79,12.0,42.0,0.0
1783934453.8,714,32624,79,11.0,42.0,0.0
1783934454.4,714,32624,79,11.0,42.0,0.0
1783934455.0,714,32624,79,10.0,42.0,0.0
1783934455.6,714,32624,79,11.0,42.0,0.0
1783934456.2,714,32624,79,11.0,42.0,0.0
1783934456.8,714,32624,79,12.0,42.0,0.0
1783934457.4,714,32624,79,11.0,42.0,0.0
1783934458.0,714,32624,79,11.0,42.0,0.0
1783934458.6,714,32624,79,11.0,42.0,0.0
1783934459.2,714,32624,79,11.0,42.0,0.0
1783934459.8,714,32624,79,12.0,42.0,0.0
1783934460.4,714,32624,79,16.0,42.0,0.0
1783934461.0,714,32624,79,13.0,42.0,0.0
1783934461.6,714,32624,79,14.0,42.0,0.0
1783934462.2,714,32624,79,10.0,42.0,0.0
1783934462.8,714,32624,79,12.0,42.0,0.0
1783934463.4,714,32624,79,11.0,42.0,0.0
1783934464.0,714,32624,79,11.0,42.0,0.0
1783934464.6,714,32624,79,11.0,42.0,0.0
1783934465.1,714,32624,79,11.0,42.0,0.0
1783934465.7,714,32624,79,11.0,41.0,0.0
1783934466.3,714,32624,79,11.0,41.0,0.0
1783934466.9,714,32624,79,12.0,42.0,0.0
1783934467.5,714,32624,79,11.0,41.0,0.0
1783934468.1,714,32624,79,11.0,41.0,0.0
1783934468.7,714,32624,79,11.0,42.0,0.0
1783934469.3,714,32624,79,11.0,42.0,0.0
1783934469.9,714,32624,79,11.0,41.0,0.0
1783934470.5,714,32624,79,11.0,41.0,0.0
1783934471.1,714,32624,79,11.0,41.0,0.0
1783934471.7,714,32624,79,12.0,41.0,0.0
1783934472.3,714,32624,79,10.0,41.0,0.0
1783934472.9,714,32624,79,11.0,42.0,0.0
1783934473.5,716,32624,79,12.0,41.0,264.0
1783934474.1,716,32624,79,12.0,42.0,0.0
1783934474.7,716,32624,79,11.0,41.0,0.0
1783934475.3,716,32624,79,12.0,41.0,0.0
1783934475.9,715,32624,77,14.0,41.0,0.0
1783934476.5,715,32624,77,12.0,41.0,0.0
1783934477.1,715,32624,77,11.0,41.0,0.0
1783934477.7,715,32624,77,11.0,41.0,0.0
1783934478.3,715,32624,77,12.0,41.0,0.0
1783934478.9,715,32624,77,10.0,41.0,0.0
1783934479.5,715,32624,77,11.0,41.0,0.0
1783934480.0,715,32624,77,14.0,41.0,0.0
1783934480.6,715,32624,77,11.0,41.0,0.0
1783934481.2,715,32624,77,12.0,41.0,0.0
1783934481.8,715,32624,77,12.0,41.0,0.0
1783934482.4,715,32624,77,10.0,41.0,0.0
1783934483.0,715,32624,77,10.0,41.0,0.0
1783934483.6,715,32624,77,12.0,41.0,0.0
1783934484.2,715,32624,77,11.0,41.0,0.0
1783934484.8,715,32624,77,11.0,41.0,0.0
1783934485.4,715,32624,77,11.0,41.0,0.0
1783934486.0,715,32624,77,11.0,41.0,0.0
1783934486.6,715,32624,77,11.0,41.0,0.0
1783934487.2,715,32624,77,10.0,41.0,0.0
1783934487.8,715,32624,77,11.0,41.0,0.0
1783934488.4,715,32624,77,11.0,41.0,0.0
1783934489.0,715,32624,77,11.0,41.0,0.0
1783934489.6,715,32624,77,12.0,41.0,0.0
1783934490.2,715,32624,77,11.0,41.0,0.0
1783934490.8,715,32624,77,11.0,41.0,0.0
1783934491.4,715,32624,77,12.0,41.0,0.0
1783934491.9,715,32624,77,11.0,41.0,0.0
1783934492.5,715,32624,77,11.0,41.0,0.0
1783934493.1,715,32624,77,12.0,41.0,0.0
1783934493.7,715,32624,77,11.0,40.0,0.0
1783934494.3,715,32624,77,11.0,41.0,0.0
1783934494.9,715,32624,77,11.0,41.0,0.0
1783934495.5,715,32624,77,11.0,41.0,0.0
1783934496.1,715,32624,77,12.0,41.0,0.0
1783934496.7,715,32624,77,11.0,41.0,0.0
1783934497.3,715,32624,77,11.0,41.0,0.0
1783934497.9,715,32624,77,13.0,41.0,0.0
1783934498.5,715,32624,77,11.0,41.0,0.0
1783934499.1,715,32624,77,11.0,40.0,0.0
1783934499.7,715,32624,77,11.0,40.0,0.0
1783934500.3,715,32624,77,11.0,40.0,0.0
1783934500.9,715,32624,77,12.0,41.0,0.0
1783934501.5,715,32624,77,11.0,41.0,0.0
1783934502.1,715,32624,77,11.0,40.0,0.0
1783934502.7,715,32624,77,11.0,40.0,0.0
1783934503.3,715,32624,77,11.0,40.0,0.0
1783934503.8,715,32624,77,10.0,40.0,0.0
1783934504.4,715,32624,77,11.0,40.0,0.0
1783934505.0,715,32624,77,10.0,40.0,0.0
1783934505.6,715,32624,77,11.0,40.0,0.0
1783934506.2,715,32624,77,11.0,40.0,0.0
1783934506.8,715,32624,77,11.0,40.0,0.0
1783934507.4,715,32624,77,11.0,40.0,0.0
1783934508.0,715,32624,77,11.0,40.0,0.0
1783934508.6,715,32624,77,12.0,40.0,0.0
1783934509.2,715,32624,77,11.0,40.0,0.0
1783934509.8,715,32624,77,11.0,40.0,0.0
1783934510.4,715,32624,77,11.0,40.0,0.0
1783934511.0,715,32624,77,11.0,40.0,0.0
1783934511.6,715,32624,77,10.0,40.0,0.0
1783934512.2,715,32624,77,11.0,40.0,0.0
1783934512.7,715,32624,77,12.0,40.0,0.0
1783934513.3,715,32624,77,12.0,40.0,0.0
1783934513.9,715,32624,77,11.0,40.0,0.0
1783934514.5,715,32624,77,10.0,40.0,0.0
1783934515.1,715,32624,77,11.0,40.0,0.0
1783934515.7,715,32624,77,12.0,40.0,0.0
1783934516.3,715,32624,77,11.0,40.0,0.0
1783934516.9,715,32624,77,11.0,40.0,0.0
1783934517.5,715,32624,77,14.0,40.0,550.0
1783934518.1,715,32624,77,12.0,40.0,0.0
1783934518.7,715,32624,77,11.0,40.0,0.0
1783934519.3,715,32624,77,12.0,40.0,0.0
1783934519.9,715,32624,77,15.0,40.0,44.0
1783934520.5,715,32624,77,18.0,40.0,32.0
1783934521.1,715,32624,77,12.0,40.0,0.0
1783934521.7,715,32624,77,12.0,39.0,0.0
1783934522.3,715,32624,77,12.0,40.0,0.0
1783934522.9,715,32624,77,11.0,40.0,0.0
1783934523.5,715,32624,77,12.0,40.0,0.0
1783934524.0,715,32624,77,11.0,40.0,0.0
1783934524.6,715,32624,77,11.0,40.0,0.0
1783934525.2,715,32624,77,11.0,39.0,0.0
1783934525.8,715,32624,77,11.0,40.0,0.0
1783934526.4,715,32624,77,10.0,39.0,0.0
1783934527.0,715,32624,77,11.0,39.0,0.0
1783934527.6,715,32624,77,11.0,40.0,0.0
1783934528.2,715,32624,77,10.0,39.0,0.0
1783934528.8,715,32624,77,11.0,40.0,0.0
1783934529.4,715,32624,77,11.0,40.0,0.0
1783934530.0,715,32624,77,11.0,39.0,0.0
1783934530.6,715,32624,77,12.0,39.0,0.0
1783934531.2,715,32624,77,10.0,39.0,0.0
1783934531.8,715,32624,77,11.0,39.0,0.0
1783934532.4,715,32624,77,11.0,40.0,0.0
1783934533.0,715,32624,77,11.0,39.0,0.0
1783934533.6,715,32624,77,11.0,39.0,0.0
1783934534.2,715,32624,77,12.0,39.0,0.0
1783934534.8,715,32624,77,10.0,39.0,0.0
1783934535.4,715,32624,77,10.0,39.0,0.0
1783934536.0,715,32624,77,10.0,39.0,0.0
1783934536.6,715,32624,77,11.0,39.0,0.0
1783934537.2,715,32624,77,11.0,39.0,0.0
1783934537.8,715,32624,77,12.0,39.0,0.0
1783934538.3,711,32624,77,12.0,39.0,0.0
1783934538.9,711,32624,77,11.0,39.0,0.0
1783934539.5,711,32624,77,12.0,39.0,0.0
1783934540.1,711,32624,77,11.0,39.0,0.0
1783934540.7,711,32624,77,11.0,39.0,0.0
1783934541.3,711,32624,77,11.0,39.0,0.0
1783934541.9,711,32624,77,11.0,39.0,0.0
1783934542.5,711,32624,77,11.0,39.0,0.0
1783934543.1,711,32624,77,11.0,39.0,0.0
1783934543.7,711,32624,77,11.0,39.0,0.0
1783934544.3,711,32624,77,11.0,39.0,0.0
1783934544.9,711,32624,77,11.0,39.0,0.0
1783934545.5,711,32624,77,13.0,39.0,0.0
1783934546.1,711,32624,77,11.0,39.0,0.0
1783934546.7,711,32624,77,11.0,39.0,0.0
1783934547.3,711,32624,77,11.0,39.0,0.0
1783934547.9,711,32624,77,11.0,39.0,0.0
1783934548.5,711,32624,77,11.0,39.0,0.0
1783934549.1,711,32624,77,11.0,39.0,0.0
1783934549.7,711,32624,77,10.0,39.0,0.0
1783934550.3,711,32624,77,11.0,39.0,0.0
1783934550.9,711,32624,77,12.0,39.0,0.0
1783934551.5,711,32624,77,11.0,39.0,0.0
1783934552.1,711,32624,77,11.0,39.0,0.0
1783934552.6,711,32624,77,12.0,39.0,0.0
1783934553.3,711,32624,77,11.0,39.0,0.0
1783934553.9,711,32624,77,12.0,39.0,0.0
1783934554.5,711,32624,77,11.0,39.0,0.0
1783934555.1,711,32624,77,11.0,39.0,0.0
1783934555.6,711,32624,77,11.0,39.0,0.0
1783934556.2,711,32624,77,11.0,39.0,0.0
1783934556.8,711,32624,77,12.0,39.0,0.0
1783934557.4,711,32624,77,11.0,39.0,0.0
1783934558.0,711,32624,77,11.0,39.0,0.0
1783934558.6,711,32624,77,11.0,38.0,0.0
1783934559.2,711,32624,77,12.0,38.0,0.0
1783934559.8,711,32624,77,11.0,39.0,0.0
1783934560.4,711,32624,77,11.0,39.0,0.0
1783934561.0,711,32624,77,12.0,39.0,0.0
1783934561.6,711,32624,77,11.0,39.0,0.0
1783934562.2,711,32624,77,13.0,39.0,0.0
1783934562.8,711,32624,77,11.0,38.0,0.0
1783934563.4,711,32624,77,10.0,38.0,0.0
1783934564.0,711,32624,77,11.0,38.0,0.0
1783934564.6,711,32624,77,12.0,38.0,0.0
1783934565.1,711,32624,77,10.0,38.0,0.0
1783934565.7,711,32624,77,11.0,38.0,0.0
1783934566.3,711,32624,77,11.0,38.0,0.0
1783934566.9,711,32624,77,12.0,38.0,0.0
1783934567.5,711,32624,77,10.0,38.0,0.0
1783934568.1,711,32624,77,10.0,38.0,0.0
1783934568.7,711,32624,77,11.0,38.0,0.0
1783934569.3,711,32624,77,12.0,38.0,0.0
1783934569.9,711,32624,77,12.0,38.0,0.0
1783934570.5,711,32624,77,11.0,38.0,0.0
1783934571.1,711,32624,77,12.0,38.0,0.0
1783934571.7,711,32624,77,11.0,38.0,0.0
1783934572.3,711,32624,77,12.0,38.0,0.0
1783934572.9,711,32624,77,12.0,38.0,0.0
1783934573.4,711,32624,77,10.0,38.0,0.0
1783934574.0,711,32624,77,12.0,38.0,0.0
1783934574.6,711,32624,77,11.0,38.0,0.0
1783934575.2,711,32624,77,11.0,38.0,0.0
1783934575.8,711,32624,77,12.0,38.0,0.0
1783934576.4,711,32624,77,11.0,38.0,0.0
1783934577.0,711,32624,77,12.0,38.0,0.0
1783934577.6,711,32624,77,11.0,38.0,0.0
1783934578.2,711,32624,77,12.0,38.0,0.0
1783934578.8,711,32624,77,11.0,38.0,0.0
1783934579.4,711,32624,77,11.0,38.0,0.0
1783934580.0,711,32624,77,12.0,38.0,0.0
1783934580.6,711,32624,77,11.0,38.0,0.0
1783934581.1,711,32624,77,11.0,38.0,0.0
1783934581.7,711,32624,77,11.0,38.0,0.0
1783934582.3,711,32624,77,11.0,38.0,0.0
1783934582.9,711,32624,77,11.0,38.0,0.0
1783934583.5,711,32624,77,11.0,38.0,0.0
1783934584.1,711,32624,77,11.0,38.0,0.0
1783934584.7,711,32624,77,12.0,38.0,0.0
1783934585.3,711,32624,77,11.0,38.0,0.0
1783934585.9,711,32624,77,11.0,38.0,0.0
1783934586.5,711,32624,77,16.0,38.0,987.0
1783934587.1,711,32624,77,21.0,38.0,355.0
1783934587.7,711,32624,77,11.0,38.0,0.0
1783934588.3,711,32624,77,12.0,38.0,0.0
1783934588.9,711,32624,77,11.0,38.0,0.0
1783934589.4,711,32624,77,12.0,38.0,0.0
1783934590.0,711,32624,77,11.0,38.0,0.0
1783934590.6,711,32624,77,11.0,38.0,0.0
1783934591.2,711,32624,77,11.0,38.0,0.0
1783934591.8,711,32624,77,11.0,38.0,0.0
1783934592.4,711,32624,77,11.0,38.0,0.0
1783934593.0,711,32624,77,11.0,38.0,0.0
1783934593.6,711,32624,77,10.0,38.0,0.0
1783934594.2,711,32624,77,11.0,38.0,0.0
1783934594.8,711,32624,77,11.0,38.0,0.0
1783934595.4,711,32624,77,11.0,38.0,0.0
1783934596.0,711,32624,77,11.0,38.0,0.0
1783934596.6,711,32624,77,11.0,38.0,0.0
1783934597.1,711,32624,77,11.0,38.0,0.0
1783934597.7,711,32624,77,11.0,38.0,0.0
1783934598.3,711,32624,77,11.0,38.0,0.0
1783934598.9,711,32624,77,11.0,38.0,0.0
1783934599.5,711,32624,77,10.0,38.0,0.0
1783934600.1,711,32624,77,11.0,38.0,0.0
1783934600.7,711,32624,77,11.0,38.0,0.0
1783934601.3,711,32624,77,12.0,38.0,0.0
1783934601.9,711,32624,77,11.0,38.0,0.0
1783934602.5,711,32624,77,12.0,38.0,0.0
1783934603.1,711,32624,77,11.0,38.0,0.0
1783934603.6,711,32624,77,10.0,38.0,0.0
1783934604.2,711,32624,77,11.0,38.0,0.0
1783934604.8,711,32624,77,11.0,38.0,0.0
1783934605.4,711,32624,77,10.0,38.0,0.0
1783934606.0,711,32624,77,12.0,38.0,0.0
1783934606.6,711,32624,77,12.0,38.0,0.0
1783934607.2,711,32624,77,10.0,38.0,0.0
1783934607.8,711,32624,77,12.0,38.0,0.0
1783934608.4,711,32624,77,11.0,37.0,0.0
1783934609.0,711,32624,77,11.0,37.0,0.0
1783934609.6,711,32624,77,11.0,38.0,0.0
1783934610.2,711,32624,77,11.0,37.0,0.0
1783934610.7,711,32624,77,11.0,38.0,0.0
1783934611.3,711,32624,77,10.0,37.0,0.0
1783934611.9,711,32624,77,12.0,37.0,0.0
1783934612.5,711,32624,77,12.0,37.0,0.0
1783934613.1,711,32624,77,11.0,37.0,0.0
1783934613.7,711,32624,77,11.0,37.0,0.0
1783934614.3,711,32624,77,11.0,37.0,0.0
1783934614.9,711,32624,77,10.0,37.0,0.0
1783934615.5,711,32624,77,10.0,37.0,0.0
1783934616.1,711,32624,77,11.0,37.0,0.0
1783934616.7,711,32624,77,12.0,37.0,0.0
1783934617.3,711,32624,77,11.0,37.0,0.0
1783934617.9,711,32624,77,11.0,37.0,0.0
1783934618.4,711,32624,77,11.0,37.0,0.0
1783934619.0,711,32624,77,12.0,37.0,0.0
1783934619.6,711,32624,77,11.0,37.0,0.0
1783934620.2,711,32624,77,11.0,37.0,0.0
1783934620.8,711,32624,77,11.0,37.0,0.0
1783934621.4,711,32624,77,11.0,37.0,0.0
1783934622.0,711,32624,77,10.0,37.0,0.0
1783934622.6,711,32624,77,12.0,37.0,0.0
1783934623.2,711,32624,77,11.0,38.0,0.0
1783934623.8,711,32624,77,11.0,37.0,0.0
1783934624.4,711,32624,77,11.0,37.0,0.0
1783934625.0,711,32624,77,11.0,37.0,0.0
1783934625.6,711,32624,77,12.0,37.0,0.0
1783934626.2,711,32624,77,12.0,37.0,0.0
1783934626.7,711,32624,77,11.0,37.0,0.0
1783934627.3,711,32624,77,10.0,37.0,0.0
1783934627.9,711,32624,77,10.0,37.0,0.0
1783934628.5,711,32624,77,11.0,37.0,0.0
1783934629.1,711,32624,77,11.0,37.0,0.0
1783934629.7,711,32624,77,11.0,37.0,0.0
1783934630.3,711,32624,77,11.0,37.0,0.0
1783934630.9,711,32624,77,11.0,37.0,0.0
1783934631.5,711,32624,77,15.0,37.0,6.0
1783934632.1,711,32624,77,16.0,37.0,6.0
1783934632.7,711,32624,77,15.0,37.0,65.0
1783934633.3,711,32624,77,21.0,37.0,70.0
1783934633.9,711,32624,77,12.0,37.0,0.0
1783934634.5,711,32624,77,12.0,37.0,0.0
1783934635.0,714,32624,79,11.0,37.0,0.0
1783934635.6,714,32624,79,12.0,37.0,0.0
1783934636.2,714,32624,79,10.0,37.0,0.0
1783934636.8,714,32624,79,11.0,37.0,0.0
1783934637.4,714,32624,79,11.0,37.0,0.0
1783934638.0,712,32624,77,11.0,37.0,0.0
1783934638.6,712,32624,77,11.0,37.0,0.0
1783934639.2,712,32624,77,11.0,37.0,0.0
1783934639.8,712,32624,77,11.0,37.0,0.0
1783934640.4,712,32624,77,12.0,37.0,0.0
1783934641.0,712,32624,77,11.0,37.0,0.0
1783934641.6,712,32624,77,11.0,37.0,0.0
1783934642.2,712,32624,77,12.0,37.0,0.0
1783934642.8,712,32624,77,11.0,37.0,0.0
1783934643.3,712,32624,77,10.0,37.0,0.0
1783934643.9,712,32624,77,11.0,37.0,0.0
1783934644.5,712,32624,77,12.0,37.0,0.0
1783934645.1,712,32624,77,11.0,37.0,0.0
1783934645.7,712,32624,77,14.0,37.0,0.0
1783934646.3,712,32624,77,10.0,37.0,0.0
1783934646.9,712,32624,77,12.0,37.0,0.0
1783934647.5,712,32624,77,11.0,37.0,0.0
1783934648.1,712,32624,77,11.0,37.0,0.0
1783934648.7,712,32624,77,11.0,37.0,0.0
1783934649.3,712,32624,77,13.0,37.0,0.0
1783934649.9,712,32624,77,11.0,37.0,0.0
1783934650.5,712,32624,77,11.0,37.0,0.0
1783934651.1,712,32624,77,11.0,37.0,0.0
1783934651.7,712,32624,77,11.0,37.0,0.0
1783934652.3,712,32624,77,12.0,37.0,0.0
1783934652.8,712,32624,77,11.0,37.0,0.0
1783934653.4,717,32624,79,19.0,37.0,749.0
1783934654.0,718,32624,81,10.0,37.0,0.0
1783934654.6,718,32624,81,11.0,37.0,0.0
1783934655.2,718,32624,79,11.0,37.0,0.0
1783934655.8,703,32624,79,11.0,37.0,0.0
1783934656.4,703,32624,79,11.0,37.0,0.0
1783934657.0,703,32624,79,11.0,37.0,0.0
1783934657.6,703,32624,79,11.0,37.0,0.0
1783934658.2,729,32624,103,27.0,37.0,75.0
1783934658.8,729,32624,79,22.0,37.0,0.0
1783934659.4,733,32624,81,22.0,38.0,0.0
1783934660.0,733,32624,77,22.0,37.0,0.0
1783934660.6,733,32624,77,11.0,37.0,0.0
1783934661.2,733,32624,79,18.0,37.0,1840.0
1783934661.8,737,32624,79,17.0,37.0,380.0
1783934662.4,739,32624,77,10.0,37.0,0.0
1783934663.0,739,32624,77,10.0,37.0,0.0
1783934663.6,739,32624,75,10.0,37.0,0.0
1783934664.2,739,32624,75,9.0,37.0,0.0
1783934664.8,739,32624,75,9.0,37.0,0.0
1783934665.4,739,32624,75,11.0,37.0,0.0
1783934666.0,739,32624,75,9.0,37.0,0.0
1783934666.6,739,32624,75,11.0,37.0,0.0
1783934667.2,739,32624,75,11.0,37.0,0.0
1783934667.8,739,32624,75,9.0,36.0,0.0
1783934668.4,739,32624,75,12.0,37.0,0.0
1783934669.0,739,32624,75,10.0,37.0,0.0
1783934669.6,739,32624,75,10.0,37.0,0.0
1783934670.1,739,32624,75,11.0,37.0,0.0
1783934670.7,739,32624,75,9.0,37.0,0.0
1783934671.3,739,32624,75,9.0,37.0,0.0
1783934671.9,739,32624,75,10.0,37.0,0.0
1783934672.5,739,32624,75,10.0,37.0,0.0
1783934673.1,739,32624,75,10.0,37.0,0.0
1783934673.7,739,32624,75,10.0,37.0,0.0
1783934674.3,739,32624,75,9.0,37.0,0.0
1783934674.9,739,32624,75,10.0,37.0,0.0
1783934675.5,739,32624,75,9.0,37.0,0.0
1783934676.1,739,32624,75,10.0,37.0,0.0
1783934676.7,739,32624,75,9.0,37.0,0.0
1783934677.2,739,32624,75,10.0,37.0,0.0
1783934677.8,739,32624,75,11.0,37.0,0.0
1783934678.4,739,32624,75,10.0,37.0,0.0
1783934679.0,739,32624,75,10.0,37.0,0.0
1783934679.6,739,32624,75,10.0,37.0,0.0
1783934680.2,739,32624,75,10.0,37.0,0.0
1783934680.8,739,32624,75,10.0,36.0,0.0
1783934681.4,739,32624,75,10.0,36.0,0.0
1783934682.0,739,32624,75,11.0,36.0,0.0
1783934682.6,739,32624,75,9.0,36.0,0.0
1783934683.2,739,32624,75,9.0,36.0,0.0
1783934683.8,739,32624,75,9.0,36.0,0.0
1783934684.4,739,32624,75,11.0,36.0,0.0
1783934685.0,739,32624,75,10.0,36.0,0.0
1783934685.5,739,32624,75,10.0,36.0,0.0
1783934686.1,739,32624,75,10.0,36.0,0.0
1783934686.7,739,32624,75,10.0,36.0,0.0
1783934687.3,739,32624,75,10.0,36.0,0.0
1783934687.9,739,32624,75,10.0,36.0,0.0
1783934688.5,739,32624,75,10.0,36.0,0.0
1783934689.1,739,32624,75,10.0,36.0,0.0
1783934689.7,739,32624,75,9.0,36.0,0.0
1783934690.3,739,32624,75,9.0,36.0,0.0
1783934690.9,739,32624,75,10.0,36.0,0.0
1783934691.5,739,32624,75,10.0,36.0,0.0
1783934692.0,739,32624,75,10.0,36.0,0.0
1783934692.6,739,32624,75,9.0,36.0,0.0
1783934693.2,739,32624,75,10.0,36.0,0.0
1783934693.8,739,32624,75,10.0,36.0,0.0
1783934694.4,739,32624,75,10.0,36.0,0.0
1783934695.0,731,32624,75,10.0,36.0,0.0
1783934695.6,731,32624,75,10.0,36.0,0.0
1783934696.2,731,32624,75,10.0,36.0,0.0
1783934696.8,731,32624,75,9.0,36.0,0.0
1783934697.4,731,32624,75,10.0,36.0,0.0
1783934698.0,731,32624,75,10.0,36.0,0.0
1783934698.6,731,32624,75,10.0,36.0,0.0
1783934699.2,731,32624,75,10.0,36.0,0.0
1783934699.8,731,32624,75,10.0,36.0,0.0
1783934700.3,731,32624,75,11.0,36.0,0.0
1783934700.9,731,32624,75,10.0,36.0,0.0
1783934701.5,731,32624,75,11.0,36.0,0.0
1783934702.1,731,32624,75,11.0,36.0,0.0
1783934702.7,731,32624,75,10.0,36.0,0.0
1783934703.3,731,32624,75,11.0,36.0,0.0
1783934703.9,731,32624,75,10.0,36.0,0.0
1783934704.5,731,32624,75,10.0,36.0,0.0
1783934705.1,731,32624,75,9.0,36.0,0.0
1783934705.7,731,32624,75,10.0,36.0,0.0
1783934706.3,731,32624,75,10.0,36.0,0.0
1783934706.9,731,32624,75,10.0,36.0,0.0
1783934707.4,731,32624,75,10.0,36.0,0.0
1783934708.0,731,32624,75,10.0,36.0,0.0
1783934708.6,731,32624,75,10.0,36.0,0.0
1783934709.2,731,32624,75,10.0,36.0,0.0
1783934709.8,731,32624,75,9.0,36.0,0.0
1783934710.4,731,32624,75,10.0,36.0,0.0
1783934711.0,731,32624,75,9.0,36.0,0.0
1783934711.6,731,32624,75,9.0,36.0,0.0
1783934712.2,731,32624,75,10.0,36.0,0.0
1783934712.8,731,32624,75,10.0,36.0,0.0
1783934713.4,731,32624,75,9.0,36.0,0.0
1783934714.0,731,32624,75,10.0,36.0,0.0
1783934714.6,731,32624,75,10.0,36.0,0.0
1783934715.2,731,32624,75,10.0,36.0,0.0
1783934715.7,731,32624,75,9.0,36.0,0.0
1783934716.3,731,32624,75,9.0,36.0,0.0
1783934716.9,731,32624,75,10.0,36.0,0.0
1783934717.5,731,32624,75,11.0,36.0,0.0
1783934718.1,731,32624,75,11.0,36.0,0.0
1783934718.7,731,32624,75,9.0,36.0,0.0
1783934719.3,731,32624,75,10.0,36.0,0.0
1783934719.9,731,32624,75,10.0,36.0,0.0
1783934720.5,731,32624,75,10.0,36.0,0.0
1783934721.1,731,32624,75,10.0,36.0,0.0
1783934721.7,731,32624,75,9.0,36.0,0.0
1783934722.3,731,32624,75,10.0,36.0,0.0
1783934722.8,731,32624,75,10.0,36.0,0.0
1783934723.4,731,32624,75,10.0,36.0,0.0
1783934724.0,731,32624,75,10.0,35.0,0.0
1783934724.6,731,32624,75,10.0,35.0,0.0
1783934725.2,731,32624,75,10.0,35.0,0.0
1783934725.8,731,32624,75,9.0,35.0,0.0
1783934726.4,731,32624,75,10.0,36.0,0.0
1783934727.0,731,32624,75,10.0,35.0,0.0
1783934727.6,731,32624,75,10.0,35.0,0.0
1783934728.2,731,32624,75,10.0,35.0,0.0
1783934728.8,731,32624,75,10.0,35.0,0.0
1783934729.4,731,32624,75,10.0,36.0,0.0
1783934730.0,731,32624,75,10.0,35.0,0.0
1783934730.5,731,32624,75,10.0,35.0,0.0
1783934731.1,731,32624,75,10.0,35.0,0.0
1783934731.7,731,32624,75,9.0,35.0,0.0
1783934732.3,731,32624,75,10.0,35.0,0.0
1783934732.9,731,32624,75,11.0,35.0,0.0
1783934733.5,731,32624,75,10.0,35.0,0.0
1783934734.1,731,32624,75,10.0,35.0,0.0
1783934734.7,731,32624,75,10.0,35.0,0.0
1783934735.3,731,32624,75,11.0,35.0,0.0
1783934735.9,731,32624,75,9.0,35.0,0.0
1783934736.5,731,32624,75,10.0,35.0,0.0
1783934737.1,731,32624,75,10.0,35.0,0.0
1783934737.7,731,32624,75,10.0,35.0,0.0
1783934738.3,731,32624,75,11.0,35.0,0.0
1783934738.9,731,32624,75,10.0,35.0,0.0
1783934739.4,731,32624,75,10.0,35.0,0.0
1783934740.0,731,32624,75,10.0,35.0,0.0
1783934740.6,731,32624,75,10.0,35.0,0.0
1783934741.2,731,32624,75,10.0,35.0,0.0
1783934741.8,731,32624,75,9.0,35.0,0.0
1783934742.4,731,32624,75,9.0,35.0,0.0
1783934743.0,731,32624,75,10.0,35.0,0.0
1783934743.6,731,32624,75,10.0,35.0,0.0
1783934744.2,731,32624,75,10.0,35.0,0.0
1783934744.8,731,32624,75,10.0,35.0,0.0
1783934745.4,731,32624,75,9.0,35.0,0.0
1783934746.0,731,32624,75,10.0,35.0,0.0
1783934746.6,731,32624,75,11.0,35.0,0.0
1783934747.2,731,32624,75,9.0,35.0,0.0
1783934747.7,731,32624,75,9.0,35.0,0.0
1783934748.3,731,32624,75,10.0,35.0,0.0
1783934748.9,731,32624,75,9.0,35.0,0.0
1783934749.5,731,32624,75,10.0,35.0,0.0
1783934750.1,731,32624,75,10.0,35.0,0.0
1783934750.7,731,32624,75,9.0,35.0,0.0
1783934751.3,731,32624,75,10.0,35.0,0.0
1783934751.9,731,32624,75,9.0,35.0,0.0
1783934752.5,731,32624,75,9.0,35.0,0.0
1783934753.1,731,32624,75,9.0,35.0,0.0
1783934753.7,731,32624,75,9.0,35.0,0.0
1783934754.3,731,32624,75,10.0,35.0,0.0
1783934754.9,731,32624,75,9.0,35.0,0.0
1783934755.4,731,32624,75,9.0,35.0,0.0
1783934756.0,731,32624,75,9.0,35.0,0.0
1783934756.6,731,32624,75,10.0,35.0,0.0
1783934757.2,731,32624,75,10.0,35.0,0.0
1783934757.8,731,32624,75,11.0,35.0,0.0
1783934758.4,731,32624,75,10.0,35.0,0.0
1783934759.0,731,32624,75,10.0,35.0,0.0
1783934759.6,731,32624,75,9.0,35.0,0.0
1783934760.2,731,32624,75,11.0,35.0,0.0
1783934760.8,731,32624,75,10.0,35.0,0.0
1783934761.4,731,32624,75,10.0,35.0,0.0
1783934762.0,731,32624,75,9.0,35.0,0.0
1783934762.6,731,32624,75,10.0,35.0,0.0
1783934763.2,731,32624,75,10.0,35.0,0.0
1783934763.7,731,32624,75,10.0,35.0,0.0
1783934764.3,731,32624,75,9.0,35.0,0.0
1783934764.9,731,32624,75,10.0,35.0,0.0
1783934765.5,731,32624,75,10.0,35.0,0.0
1783934766.1,731,32624,75,9.0,35.0,0.0
1783934766.7,731,32624,75,10.0,35.0,0.0
1783934767.3,731,32624,75,9.0,35.0,0.0
1783934767.9,731,32624,75,10.0,35.0,0.0
1783934768.5,731,32624,75,9.0,35.0,0.0
1783934769.1,731,32624,75,10.0,35.0,0.0
1783934769.7,731,32624,75,9.0,35.0,0.0
1783934770.3,731,32624,75,10.0,35.0,0.0
1783934770.9,731,32624,75,10.0,35.0,0.0
1783934771.5,731,32624,75,10.0,35.0,0.0
1783934772.1,731,32624,75,10.0,35.0,0.0
1783934772.6,731,32624,75,9.0,35.0,0.0
1783934773.2,731,32624,75,10.0,35.0,0.0
1783934773.8,731,32624,75,10.0,35.0,0.0
1783934774.4,731,32624,75,10.0,35.0,0.0
1783934775.0,731,32624,75,9.0,35.0,0.0
1783934775.6,731,32624,75,10.0,35.0,0.0
1783934776.2,731,32624,75,10.0,35.0,0.0
1783934776.8,731,32624,75,10.0,35.0,0.0
1783934777.4,731,32624,75,9.0,35.0,0.0
1783934778.0,731,32624,75,9.0,35.0,0.0
1783934778.6,738,32624,103,26.0,35.0,41.0
1783934779.2,742,32624,105,11.0,35.0,0.0
1783934779.8,770,32624,105,29.0,35.0,1192.0
1783934780.4,782,32624,109,11.0,35.0,0.0
1783934781.0,809,32624,111,17.0,35.0,1561.0
1783934781.6,809,32624,111,11.0,35.0,0.0
1783934782.2,788,32624,81,11.0,35.0,0.0
1783934782.7,788,32624,81,10.0,35.0,0.0
1783934783.3,788,32624,81,10.0,35.0,0.0
1783934783.9,788,32624,81,10.0,35.0,0.0
1783934784.5,783,32624,81,10.0,35.0,0.0
1783934785.1,783,32624,81,9.0,35.0,0.0
1783934785.7,783,32624,81,9.0,35.0,0.0
1783934786.3,763,32624,81,11.0,35.0,0.0
1783934786.9,763,32624,81,9.0,35.0,0.0
1783934787.5,763,32624,81,10.0,35.0,0.0
1783934788.1,763,32624,81,9.0,35.0,0.0
1783934788.7,763,32624,81,10.0,35.0,0.0
1783934789.3,763,32624,81,10.0,35.0,0.0
1783934789.9,763,32624,81,11.0,35.0,0.0
1783934790.5,763,32624,81,10.0,35.0,0.0
1783934791.1,763,32624,81,9.0,35.0,0.0
1783934791.7,763,32624,81,10.0,35.0,0.0
1783934792.2,763,32624,81,10.0,35.0,0.0
1783934792.8,763,32624,81,11.0,35.0,0.0
1783934793.4,763,32624,81,9.0,35.0,0.0
1783934794.0,763,32624,81,10.0,34.0,0.0
1783934794.6,763,32624,81,11.0,35.0,0.0
1783934795.2,763,32624,81,10.0,35.0,0.0
1783934795.8,763,32624,81,10.0,34.0,0.0
1783934796.4,763,32624,81,10.0,34.0,0.0
1783934797.0,763,32624,81,10.0,34.0,0.0
1783934797.6,763,32624,81,10.0,35.0,0.0
1783934798.2,763,32624,81,9.0,34.0,0.0
1783934798.8,763,32624,81,10.0,34.0,0.0
1783934799.4,763,32624,81,10.0,34.0,0.0
1783934800.0,763,32624,81,10.0,34.0,0.0
1783934800.6,763,32624,81,8.0,34.0,0.0
1783934801.2,763,32624,81,10.0,34.0,0.0
1783934801.8,763,32624,81,9.0,34.0,0.0
1783934802.4,763,32624,81,9.0,34.0,0.0
1783934803.0,763,32624,81,10.0,34.0,0.0
1783934803.6,763,32624,81,9.0,34.0,0.0
1783934804.1,763,32624,81,10.0,34.0,0.0
1783934804.7,763,32624,81,9.0,34.0,0.0
1783934805.3,763,32624,81,10.0,34.0,0.0
1783934805.9,763,32624,81,10.0,34.0,0.0
1783934806.5,763,32624,81,10.0,34.0,0.0
1783934807.1,763,32624,81,9.0,34.0,0.0
1783934807.7,763,32624,81,10.0,34.0,0.0
1783934808.3,763,32624,81,10.0,34.0,0.0
1783934808.9,754,32624,81,10.0,34.0,0.0
1783934809.5,754,32624,81,10.0,34.0,0.0
1783934810.1,754,32624,81,9.0,34.0,0.0
1783934810.7,754,32624,81,10.0,34.0,0.0
1783934811.3,754,32624,81,10.0,34.0,0.0
1783934811.9,754,32624,81,10.0,34.0,0.0
1783934812.5,754,32624,81,10.0,34.0,0.0
1783934813.0,754,32624,81,10.0,34.0,0.0
1783934813.6,754,32624,81,9.0,34.0,0.0
1783934814.2,754,32624,81,10.0,34.0,0.0
1783934814.8,754,32624,81,9.0,34.0,0.0
1783934815.4,754,32624,81,9.0,34.0,0.0
1783934816.0,754,32624,81,9.0,34.0,0.0
1783934816.6,754,32624,81,9.0,34.0,0.0
1783934817.2,754,32624,81,9.0,34.0,0.0
1783934817.8,754,32624,81,9.0,34.0,0.0
1783934818.4,754,32624,81,9.0,34.0,0.0
1783934819.0,754,32624,81,9.0,34.0,0.0
1783934819.6,754,32624,81,11.0,34.0,0.0
1783934820.2,754,32624,81,11.0,34.0,0.0
1783934820.7,754,32624,81,11.0,34.0,0.0
1783934821.3,754,32624,81,9.0,34.0,0.0
1783934821.9,754,32624,81,10.0,34.0,0.0
1783934822.5,754,32624,81,10.0,34.0,0.0
1783934823.1,754,32624,81,10.0,34.0,0.0
1783934823.7,754,32624,81,10.0,34.0,0.0
1783934824.3,754,32624,81,10.0,34.0,0.0
1783934824.9,754,32624,81,9.0,34.0,0.0
1783934825.5,754,32624,81,10.0,34.0,0.0
1783934826.1,754,32624,81,10.0,34.0,0.0
1783934826.7,754,32624,81,9.0,34.0,0.0
1783934827.3,754,32624,81,9.0,34.0,0.0
1783934827.9,754,32624,81,9.0,34.0,0.0
1783934828.5,754,32624,81,9.0,34.0,0.0
1783934829.0,754,32624,81,10.0,34.0,0.0
1783934829.6,754,32624,81,10.0,34.0,0.0
1783934830.2,754,32624,81,9.0,34.0,0.0
1783934830.8,754,32624,81,9.0,34.0,0.0
1783934831.4,754,32624,81,10.0,34.0,0.0
1783934832.0,754,32624,81,10.0,34.0,0.0
1783934832.6,754,32624,81,10.0,34.0,0.0
1783934833.2,754,32624,81,9.0,34.0,0.0
1783934833.8,753,32624,87,12.0,34.0,0.0
1783934834.4,753,32624,87,11.0,34.0,0.0
1783934835.0,753,32624,87,9.0,34.0,0.0
1783934835.6,753,32624,87,10.0,34.0,0.0
1783934836.2,753,32624,87,9.0,34.0,0.0
1783934836.8,753,32624,87,10.0,34.0,0.0
1783934837.4,753,32624,87,9.0,34.0,0.0
1783934837.9,753,32624,87,9.0,34.0,0.0
1783934838.5,743,32624,77,9.0,34.0,0.0
1783934839.1,743,32624,77,10.0,34.0,0.0
1783934839.7,743,32624,77,10.0,34.0,0.0
1783934840.3,743,32624,77,10.0,34.0,0.0
1783934840.9,743,32624,77,10.0,34.0,0.0
1783934841.5,743,32624,77,10.0,34.0,0.0
1783934842.1,743,32624,77,10.0,34.0,0.0
1783934842.7,743,32624,77,10.0,34.0,0.0
1783934843.3,743,32624,77,10.0,34.0,0.0
1783934843.9,743,32624,77,11.0,34.0,0.0
1783934844.5,743,32624,77,9.0,34.0,0.0
1783934845.1,743,32624,77,9.0,34.0,0.0
1783934845.7,743,32624,77,9.0,34.0,0.0
1783934846.3,743,32624,77,9.0,34.0,0.0
1783934846.9,743,32624,77,10.0,34.0,0.0
1783934847.4,743,32624,77,10.0,34.0,0.0
1783934848.0,743,32624,77,10.0,34.0,0.0
1783934848.6,743,32624,77,9.0,34.0,0.0
1783934849.2,743,32624,77,10.0,34.0,0.0
1783934849.8,743,32624,77,10.0,34.0,0.0
1783934850.4,743,32624,77,9.0,34.0,0.0
1783934851.0,743,32624,77,9.0,34.0,0.0
1783934851.6,743,32624,77,10.0,34.0,0.0
1783934852.2,743,32624,77,10.0,34.0,0.0
1783934852.8,743,32624,77,11.0,34.0,0.0
1783934853.4,743,32624,77,11.0,34.0,0.0
1783934854.0,743,32624,77,10.0,34.0,0.0
1783934854.6,743,32624,77,8.0,34.0,0.0
1783934855.2,743,32624,77,9.0,34.0,0.0
1783934855.8,743,32624,77,9.0,34.0,0.0
1783934856.4,743,32624,77,9.0,34.0,0.0
1783934857.0,743,32624,77,10.0,34.0,0.0
1783934857.6,743,32624,77,11.0,34.0,0.0
1783934858.2,743,32624,77,10.0,34.0,0.0
1783934858.7,743,32624,77,9.0,34.0,0.0
1783934859.3,743,32624,77,10.0,34.0,0.0
1783934859.9,743,32624,77,9.0,34.0,0.0
1783934860.5,743,32624,77,10.0,34.0,0.0
1783934861.1,743,32624,77,10.0,34.0,0.0
1783934861.7,743,32624,77,11.0,34.0,0.0
1783934862.3,743,32624,77,11.0,34.0,0.0
1783934862.9,743,32624,77,8.0,34.0,0.0
1783934863.5,743,32624,77,9.0,34.0,0.0
1783934864.1,743,32624,77,8.0,34.0,0.0
1783934864.7,743,32624,77,10.0,34.0,0.0
1783934865.3,743,32624,77,9.0,34.0,0.0
1783934865.9,743,32624,77,9.0,34.0,0.0
1783934866.5,743,32624,77,10.0,34.0,0.0
1783934867.1,743,32624,77,10.0,34.0,0.0
1783934867.7,743,32624,77,10.0,34.0,0.0
1783934868.3,743,32624,77,9.0,34.0,0.0
1783934868.9,743,32624,77,9.0,34.0,0.0
1783934869.5,743,32624,77,9.0,34.0,0.0
1783934870.1,743,32624,77,10.0,34.0,0.0
1783934870.6,743,32624,77,10.0,34.0,0.0
1783934871.2,743,32624,77,10.0,33.0,0.0
1783934871.8,743,32624,77,10.0,34.0,0.0
1783934872.4,743,32624,77,9.0,34.0,0.0
1783934873.0,743,32624,77,9.0,34.0,0.0
1783934873.6,743,32624,77,10.0,34.0,0.0
1783934874.2,743,32624,77,10.0,34.0,0.0
1783934874.8,743,32624,77,10.0,34.0,0.0
1783934875.4,743,32624,77,10.0,34.0,0.0
1783934876.0,743,32624,77,11.0,34.0,0.0
1783934876.6,743,32624,77,9.0,34.0,0.0
1783934877.2,743,32624,77,10.0,34.0,0.0
1783934877.8,743,32624,77,11.0,34.0,0.0
1783934878.4,743,32624,77,10.0,34.0,0.0
1783934879.0,743,32624,77,9.0,34.0,0.0
1783934879.6,743,32624,77,9.0,34.0,0.0
1783934880.1,743,32624,77,10.0,34.0,0.0
1783934880.7,743,32624,77,11.0,33.0,0.0
1783934881.3,743,32624,77,10.0,34.0,0.0
1783934881.9,743,32624,77,9.0,33.0,0.0
1783934882.5,743,32624,77,10.0,34.0,0.0
1783934883.1,743,32624,77,10.0,34.0,0.0
1783934883.7,743,32624,77,10.0,34.0,0.0
1783934884.3,743,32624,77,10.0,34.0,0.0
1783934884.9,743,32624,77,9.0,34.0,0.0
1783934885.5,743,32624,77,11.0,34.0,0.0
1783934886.1,743,32624,77,10.0,34.0,0.0
1783934886.7,743,32624,77,10.0,34.0,0.0
1783934887.3,743,32624,77,12.0,34.0,0.0
1783934887.9,743,32624,77,9.0,34.0,0.0
1783934888.5,743,32624,77,9.0,34.0,0.0
1783934889.1,743,32624,77,12.0,34.0,0.0
1783934889.7,743,32624,77,10.0,33.0,0.0
1783934890.3,743,32624,77,10.0,34.0,0.0
1783934890.9,743,32624,77,13.0,33.0,0.0
1783934891.5,743,32624,81,12.0,33.0,0.0
1783934892.1,743,32624,81,10.0,34.0,0.0
1783934892.7,743,32624,81,11.0,33.0,0.0
1783934893.2,743,32624,79,13.0,33.0,582.0
1783934893.8,745,32624,83,11.0,34.0,0.0
1783934894.4,745,32624,83,11.0,34.0,0.0
1783934895.0,745,32624,83,10.0,34.0,0.0
1783934895.6,741,32624,79,10.0,33.0,0.0
1783934896.2,741,32624,79,10.0,34.0,0.0
1783934896.8,741,32624,79,8.0,34.0,0.0
1783934897.4,741,32624,79,9.0,34.0,0.0
1783934898.0,741,32624,79,10.0,33.0,0.0
1783934898.6,741,32624,79,10.0,33.0,0.0
1783934899.2,741,32624,79,9.0,33.0,0.0
1783934899.8,741,32624,79,10.0,33.0,0.0
1783934900.4,741,32624,79,11.0,33.0,0.0
1783934901.0,741,32624,79,10.0,33.0,0.0
1783934901.6,741,32624,79,10.0,34.0,0.0
1783934902.2,741,32624,79,10.0,33.0,0.0
1783934902.8,741,32624,79,9.0,34.0,0.0
1783934903.4,741,32624,79,9.0,34.0,0.0
1783934904.0,741,32624,79,11.0,33.0,0.0
1783934904.6,741,32624,79,10.0,33.0,0.0
1783934905.2,741,32624,79,10.0,33.0,0.0
1783934905.8,741,32624,79,10.0,34.0,0.0
1783934906.4,741,32624,79,10.0,33.0,0.0
1783934907.0,741,32624,79,9.0,33.0,0.0
1783934907.6,741,32624,79,11.0,33.0,0.0
1783934908.2,741,32624,79,10.0,33.0,0.0
1783934908.8,741,32624,79,11.0,33.0,0.0
1783934909.4,741,32624,79,10.0,33.0,0.0
1783934910.0,741,32624,79,10.0,33.0,0.0
1783934910.6,741,32624,79,9.0,33.0,0.0
1783934911.2,741,32624,79,10.0,33.0,0.0
1783934911.8,741,32624,79,10.0,33.0,0.0
1783934912.3,741,32624,79,9.0,33.0,0.0
1783934912.9,741,32624,79,9.0,33.0,0.0
1783934913.5,741,32624,79,10.0,34.0,0.0
1783934914.1,741,32624,79,9.0,33.0,0.0
1783934914.7,741,32624,79,10.0,33.0,0.0
1783934915.3,741,32624,79,9.0,33.0,0.0
1783934915.9,741,32624,79,9.0,33.0,0.0
1783934916.5,741,32624,79,10.0,33.0,0.0
1783934917.1,741,32624,79,9.0,33.0,0.0
1783934917.7,741,32624,79,10.0,33.0,0.0
1783934918.3,741,32624,79,9.0,33.0,0.0
1783934918.9,741,32624,79,10.0,33.0,0.0
1783934919.5,741,32624,79,9.0,34.0,0.0
1783934920.1,741,32624,79,10.0,33.0,0.0
1783934920.7,741,32624,79,10.0,33.0,0.0
1783934921.3,741,32624,79,9.0,33.0,0.0
1783934921.9,741,32624,79,11.0,33.0,0.0
1783934922.4,741,32624,79,10.0,33.0,0.0
1783934923.0,741,32624,79,8.0,33.0,0.0
1783934923.6,741,32624,79,9.0,33.0,0.0
1783934924.2,741,32624,79,8.0,33.0,0.0
1783934924.8,741,32624,79,10.0,34.0,0.0
1783934925.4,741,32624,79,10.0,33.0,0.0
1783934926.0,741,32624,79,9.0,33.0,0.0
1783934926.6,741,32624,79,10.0,33.0,0.0
1783934927.2,741,32624,79,10.0,33.0,0.0
1783934927.8,741,32624,79,9.0,33.0,0.0
1783934928.4,741,32624,79,11.0,33.0,0.0
1783934929.0,741,32624,79,9.0,33.0,0.0
1783934929.6,741,32624,79,10.0,33.0,0.0
1783934930.2,741,32624,79,10.0,33.0,0.0
1783934930.7,741,32624,79,10.0,33.0,0.0
1783934931.3,741,32624,79,10.0,33.0,0.0
1783934931.9,741,32624,79,10.0,33.0,0.0
1783934932.5,741,32624,79,10.0,33.0,0.0
1783934933.1,741,32624,79,10.0,33.0,0.0
1783934933.7,741,32624,79,9.0,33.0,0.0
1783934934.3,741,32624,79,9.0,33.0,0.0
1783934934.9,741,32624,79,9.0,33.0,0.0
1783934935.5,741,32624,79,10.0,33.0,0.0
1783934936.1,741,32624,79,9.0,33.0,0.0
1783934936.7,741,32624,79,10.0,33.0,0.0
1783934937.3,741,32624,79,10.0,33.0,0.0
1783934937.9,741,32624,79,9.0,33.0,0.0
1783934938.4,741,32624,79,10.0,33.0,0.0
1783934939.0,741,32624,79,9.0,33.0,0.0
1783934939.6,741,32624,79,10.0,33.0,0.0
1783934940.2,741,32624,79,12.0,33.0,0.0
1783934940.8,741,32624,79,11.0,33.0,0.0
1783934941.4,741,32624,79,11.0,33.0,0.0
1783934942.0,741,32624,79,10.0,33.0,0.0
1783934942.6,741,32624,79,9.0,33.0,0.0
1783934943.2,741,32624,79,9.0,33.0,0.0
1783934943.8,741,32624,79,9.0,33.0,0.0
1783934944.4,741,32624,79,9.0,33.0,0.0
1783934945.0,741,32624,79,9.0,33.0,0.0
1783934945.6,741,32624,79,9.0,33.0,0.0
1783934946.2,741,32624,79,9.0,33.0,0.0
1783934946.7,741,32624,79,9.0,33.0,0.0
1783934947.3,741,32624,79,10.0,33.0,0.0
1783934947.9,741,32624,79,9.0,33.0,0.0
1783934948.5,741,32624,79,11.0,33.0,0.0
1783934949.1,741,32624,79,10.0,33.0,0.0
1783934949.7,741,32624,79,9.0,33.0,0.0
1783934950.3,741,32624,79,10.0,33.0,0.0
1783934950.9,741,32624,79,9.0,33.0,0.0
1783934951.5,741,32624,79,9.0,33.0,0.0
1783934952.1,741,32624,79,9.0,33.0,0.0
1783934952.7,741,32624,79,9.0,33.0,0.0
1783934953.3,741,32624,79,10.0,33.0,0.0
1783934953.9,741,32624,79,10.0,33.0,0.0
1783934954.5,741,32624,79,9.0,33.0,0.0
1783934955.1,741,32624,79,9.0,33.0,0.0
1783934955.6,741,32624,79,9.0,33.0,0.0
1783934956.3,741,32624,79,10.0,33.0,0.0
1783934956.9,741,32624,79,10.0,33.0,0.0
1783934957.4,741,32624,79,10.0,33.0,0.0
1783934958.0,741,32624,79,9.0,33.0,0.0
1783934958.6,741,32624,79,9.0,33.0,0.0
1783934959.2,741,32624,79,10.0,33.0,0.0
1783934959.8,741,32624,79,10.0,33.0,0.0
1783934960.4,741,32624,79,10.0,33.0,0.0
1783934961.0,741,32624,79,9.0,33.0,0.0
1783934961.6,741,32624,79,10.0,33.0,0.0
1783934962.2,741,32624,79,9.0,33.0,0.0
1783934962.8,741,32624,79,9.0,33.0,0.0
1783934963.4,741,32624,79,9.0,33.0,0.0
1783934964.0,741,32624,79,10.0,33.0,0.0
1783934964.6,741,32624,79,9.0,33.0,0.0
1783934965.2,741,32624,79,10.0,33.0,0.0
1783934965.8,741,32624,79,10.0,33.0,0.0
1783934966.4,741,32624,79,9.0,33.0,0.0
1783934967.0,741,32624,79,10.0,33.0,0.0
1783934967.6,741,32624,79,9.0,33.0,0.0
1783934968.1,741,32624,79,9.0,33.0,0.0
1783934968.7,741,32624,79,9.0,33.0,0.0
1783934969.3,741,32624,79,10.0,33.0,0.0
1783934969.9,741,32624,79,8.0,33.0,0.0
1783934970.5,741,32624,79,10.0,33.0,0.0
1783934971.1,741,32624,79,9.0,33.0,0.0
1783934971.7,741,32624,79,10.0,33.0,0.0
1783934972.3,741,32624,79,10.0,33.0,0.0
1783934972.9,741,32624,79,10.0,33.0,0.0
1783934973.5,741,32624,79,10.0,33.0,0.0
1783934974.1,741,32624,79,10.0,33.0,0.0
1783934974.7,741,32624,79,10.0,33.0,0.0
1783934975.3,741,32624,79,10.0,33.0,0.0
1783934975.9,741,32624,79,9.0,33.0,0.0
1783934976.5,741,32624,79,10.0,33.0,0.0
1783934977.1,741,32624,79,9.0,33.0,0.0
1783934977.6,741,32624,79,9.0,33.0,0.0
1783934978.2,741,32624,79,9.0,33.0,0.0
1783934978.8,741,32624,79,9.0,33.0,0.0
1783934979.4,741,32624,79,9.0,33.0,0.0
1783934980.0,741,32624,79,10.0,33.0,0.0
1783934980.6,741,32624,79,9.0,33.0,0.0
1783934981.2,741,32624,79,9.0,33.0,0.0
1783934981.8,741,32624,79,10.0,33.0,0.0
1783934982.4,741,32624,79,9.0,33.0,0.0
1783934983.0,741,32624,79,11.0,33.0,0.0
1783934983.6,741,32624,79,9.0,33.0,0.0
1783934984.2,741,32624,79,9.0,33.0,0.0
1783934984.8,741,32624,79,9.0,33.0,0.0
1783934985.4,741,32624,79,10.0,33.0,0.0
1783934986.0,741,32624,79,10.0,33.0,0.0
1783934986.5,741,32624,79,9.0,33.0,0.0
1783934987.1,741,32624,79,11.0,33.0,0.0
1783934987.7,741,32624,79,10.0,33.0,0.0
1783934988.3,741,32624,79,9.0,33.0,0.0
1783934988.9,741,32624,79,10.0,33.0,0.0
1783934989.5,741,32624,79,8.0,33.0,0.0
1783934990.1,741,32624,79,10.0,33.0,0.0
1783934990.7,778,32624,103,22.0,33.0,0.0
1783934991.3,778,32624,79,11.0,33.0,0.0
1783934991.9,778,32624,79,11.0,33.0,0.0
1783934992.5,780,32624,79,11.0,33.0,0.0
1783934993.1,780,32624,79,11.0,33.0,0.0
1783934993.7,780,32624,79,22.0,33.0,0.0
1783934994.3,782,32624,95,10.0,33.0,0.0
1783934994.9,782,32624,95,11.0,33.0,0.0
1783934995.4,782,32624,95,10.0,33.0,0.0
1783934996.0,782,32624,95,10.0,33.0,0.0
1783934996.6,782,32624,95,9.0,33.0,0.0
1783934997.2,782,32624,95,10.0,33.0,0.0
1783934997.8,782,32624,95,10.0,33.0,0.0
1783934998.4,782,32624,83,12.0,33.0,0.0
1783934999.0,766,32624,83,9.0,33.0,0.0
1783934999.6,766,32624,83,9.0,33.0,0.0
1783935000.2,766,32624,83,11.0,33.0,0.0
1783935000.8,766,32624,83,11.0,33.0,0.0
1783935001.4,766,32624,83,10.0,33.0,0.0
1783935002.0,766,32624,83,10.0,33.0,0.0
1783935002.6,766,32624,83,10.0,33.0,0.0
1783935003.2,766,32624,83,10.0,33.0,0.0
1783935003.8,766,32624,83,9.0,33.0,0.0
1783935004.4,766,32624,83,10.0,33.0,0.0
1783935005.0,766,32624,83,10.0,33.0,0.0
1783935005.6,766,32624,83,11.0,33.0,0.0
1783935006.2,766,32624,83,11.0,33.0,0.0
1783935006.8,766,32624,83,9.0,33.0,0.0
1783935007.4,766,32624,83,9.0,33.0,0.0
1783935008.0,766,32624,83,10.0,33.0,0.0
1783935008.6,766,32624,83,9.0,33.0,0.0
1783935009.2,766,32624,83,9.0,33.0,0.0
1783935009.8,766,32624,83,10.0,33.0,0.0
1783935010.3,766,32624,83,9.0,33.0,0.0
1783935010.9,766,32624,83,10.0,33.0,0.0
1783935011.5,766,32624,83,10.0,33.0,0.0
1783935012.1,766,32624,83,10.0,32.0,0.0
1783935012.7,766,32624,83,9.0,33.0,0.0
1783935013.3,766,32624,83,9.0,33.0,0.0
1783935013.9,766,32624,83,10.0,33.0,0.0
1783935014.5,766,32624,83,10.0,33.0,0.0
1783935015.1,766,32624,83,9.0,33.0,0.0
1783935015.7,766,32624,83,9.0,33.0,0.0
1783935016.3,766,32624,83,9.0,33.0,0.0
1783935016.9,766,32624,83,9.0,33.0,0.0
1783935017.5,766,32624,83,10.0,33.0,0.0
1783935018.1,766,32624,83,9.0,33.0,0.0
1783935018.7,766,32624,83,10.0,32.0,0.0
1783935019.3,766,32624,83,10.0,33.0,0.0
1783935019.9,766,32624,83,10.0,33.0,0.0
1783935020.4,766,32624,83,10.0,33.0,0.0
1783935021.0,766,32624,83,10.0,33.0,0.0
1783935021.6,766,32624,83,11.0,33.0,0.0
1783935022.2,766,32624,83,11.0,33.0,0.0
1783935022.8,766,32624,83,9.0,33.0,0.0
1783935023.4,766,32624,83,10.0,33.0,0.0
1783935024.0,766,32624,83,10.0,33.0,0.0
1783935024.6,766,32624,83,9.0,33.0,0.0
1783935025.2,766,32624,83,10.0,33.0,0.0
1783935025.8,766,32624,83,10.0,33.0,0.0
1783935026.4,766,32624,83,10.0,33.0,0.0
1783935027.0,766,32624,83,9.0,33.0,0.0
1783935027.6,766,32624,83,10.0,33.0,0.0
1783935028.2,766,32624,83,10.0,33.0,0.0
1783935028.8,766,32624,83,9.0,33.0,0.0
1783935029.4,766,32624,83,10.0,33.0,0.0
1783935030.0,766,32624,83,10.0,33.0,0.0
1783935030.6,766,32624,83,10.0,33.0,0.0
1783935031.2,766,32624,83,10.0,33.0,0.0
1783935031.8,766,32624,83,9.0,33.0,0.0
1783935032.4,766,32624,83,9.0,33.0,0.0
1783935033.0,766,32624,83,9.0,33.0,0.0
1783935033.5,766,32624,83,11.0,33.0,0.0
1783935034.1,766,32624,83,9.0,33.0,0.0
1783935034.7,766,32624,83,10.0,33.0,0.0
1783935035.3,766,32624,83,9.0,33.0,0.0
1783935035.9,766,32624,83,10.0,33.0,0.0
1783935036.5,766,32624,83,9.0,33.0,0.0
1783935037.1,766,32624,83,9.0,33.0,0.0
1783935037.7,766,32624,83,9.0,33.0,0.0
1783935038.3,766,32624,83,10.0,33.0,0.0
1783935038.9,766,32624,83,10.0,33.0,0.0
1783935039.5,766,32624,83,10.0,33.0,0.0
1783935040.1,766,32624,83,10.0,33.0,0.0
1783935040.7,766,32624,83,9.0,33.0,0.0
1783935041.3,766,32624,83,10.0,33.0,0.0
1783935041.9,766,32624,83,9.0,33.0,0.0
1783935042.5,766,32624,83,10.0,32.0,0.0
1783935043.1,766,32624,83,10.0,33.0,0.0
1783935043.6,766,32624,83,10.0,32.0,0.0
1783935044.2,766,32624,83,10.0,33.0,0.0
1783935044.8,766,32624,83,10.0,33.0,0.0
1783935045.4,766,32624,83,10.0,32.0,0.0
1783935046.0,766,32624,83,10.0,33.0,0.0
1783935046.6,766,32624,83,10.0,33.0,0.0
1783935047.2,766,32624,83,9.0,33.0,0.0
1783935047.8,766,32624,83,10.0,33.0,0.0
1783935048.4,766,32624,83,10.0,33.0,0.0
1783935049.0,766,32624,83,9.0,33.0,0.0
1783935049.6,766,32624,83,9.0,33.0,0.0
1783935050.2,766,32624,83,10.0,33.0,0.0
1783935050.8,764,32624,83,10.0,33.0,0.0
1783935051.4,764,32624,83,10.0,33.0,0.0
1783935051.9,764,32624,83,10.0,33.0,0.0
1783935052.5,764,32624,83,10.0,33.0,0.0
1783935053.1,764,32624,83,9.0,33.0,0.0
1783935053.7,764,32624,83,10.0,33.0,0.0
1783935054.3,764,32624,83,10.0,33.0,0.0
1783935054.9,764,32624,83,10.0,33.0,0.0
1783935055.5,764,32624,83,10.0,33.0,0.0
1783935056.1,764,32624,83,10.0,32.0,0.0
1783935056.7,764,32624,83,10.0,33.0,0.0
1783935057.3,764,32624,83,10.0,33.0,0.0
1783935057.9,764,32624,83,9.0,33.0,0.0
1783935058.5,764,32624,83,10.0,33.0,0.0
1783935059.1,764,32624,83,10.0,33.0,0.0
1783935059.7,764,32624,83,9.0,33.0,0.0
1783935060.3,764,32624,83,11.0,33.0,0.0
1783935060.8,764,32624,83,11.0,33.0,0.0
1783935061.4,764,32624,83,10.0,33.0,0.0
1783935062.0,764,32624,83,11.0,33.0,0.0
1783935062.6,764,32624,83,10.0,33.0,0.0
1783935063.2,764,32624,83,10.0,33.0,0.0
1783935063.8,764,32624,83,10.0,33.0,0.0
1783935064.4,764,32624,83,10.0,33.0,0.0
1783935065.0,764,32624,83,9.0,33.0,0.0
1783935065.6,764,32624,83,9.0,33.0,0.0
1783935066.2,764,32624,83,10.0,33.0,0.0
1783935066.8,764,32624,83,10.0,33.0,0.0
1783935067.4,764,32624,83,10.0,32.0,0.0
1783935068.0,764,32624,83,10.0,32.0,0.0
1783935068.6,764,32624,83,10.0,33.0,0.0
1783935069.2,764,32624,83,10.0,33.0,0.0
1783935069.7,764,32624,83,12.0,33.0,0.0
1783935070.3,764,32624,83,11.0,33.0,0.0
1783935070.9,764,32624,83,10.0,33.0,0.0
1783935071.5,764,32624,83,10.0,33.0,0.0
1783935072.1,764,32624,83,9.0,32.0,0.0
1783935072.7,764,32624,83,9.0,33.0,0.0
1783935073.3,764,32624,83,10.0,33.0,0.0
1783935073.9,754,32624,85,11.0,33.0,0.0
1783935074.5,754,32624,85,11.0,33.0,0.0
1783935075.1,754,32624,85,9.0,33.0,0.0
1783935075.7,744,32624,81,10.0,33.0,0.0
1783935076.3,744,32624,81,9.0,33.0,0.0
1783935076.9,744,32624,81,10.0,32.0,0.0
1783935077.5,744,32624,81,10.0,33.0,0.0
1783935078.0,744,32624,81,9.0,33.0,0.0
1783935078.7,744,32624,81,10.0,33.0,0.0
1783935079.2,744,32624,81,9.0,33.0,0.0
1783935079.8,744,32624,81,10.0,33.0,0.0
1783935080.4,744,32624,81,10.0,33.0,0.0
1783935081.0,744,32624,81,29.0,33.0,20.0
1783935081.6,744,32624,81,11.0,33.0,0.0
1783935082.2,744,32624,81,9.0,33.0,0.0
1783935082.8,744,32624,81,10.0,32.0,0.0
1783935083.4,744,32624,81,9.0,33.0,0.0
1783935084.0,744,32624,81,10.0,33.0,0.0
1783935084.6,744,32624,81,10.0,32.0,0.0
1783935085.2,744,32624,81,10.0,33.0,0.0
1783935085.8,744,32624,81,10.0,33.0,0.0
1783935086.4,744,32624,81,10.0,33.0,0.0
1783935087.0,744,32624,81,10.0,33.0,0.0
1783935087.6,744,32624,81,8.0,33.0,0.0
1783935088.2,744,32624,81,9.0,32.0,0.0
1783935088.8,744,32624,81,9.0,33.0,0.0
1783935089.4,744,32624,81,9.0,32.0,0.0
1783935090.0,744,32624,81,9.0,32.0,0.0
1783935090.6,744,32624,81,9.0,33.0,0.0
1783935091.1,744,32624,81,10.0,32.0,0.0
1783935091.7,744,32624,81,10.0,33.0,0.0
1783935092.3,744,32624,81,10.0,33.0,0.0
1783935092.9,744,32624,81,9.0,32.0,0.0
1783935093.5,744,32624,81,10.0,32.0,0.0
1783935094.1,755,32624,107,11.0,32.0,0.0
1783935094.7,758,32624,95,14.0,33.0,109.0
1783935095.3,758,32624,93,14.0,33.0,0.0
1783935095.9,758,32624,91,15.0,33.0,1353.0
1783935096.5,762,32624,90,29.0,33.0,1809.0
1783935097.1,762,32624,90,13.0,32.0,0.0
1783935097.7,762,32624,90,11.0,33.0,0.0
1783935098.3,762,32624,90,17.0,33.0,1334.0
1783935098.9,762,32624,90,20.0,32.0,202.0
1783935099.5,762,32624,90,11.0,33.0,0.0
1783935100.1,762,32624,84,11.0,33.0,0.0
1783935100.7,762,32624,84,11.0,33.0,0.0
1783935101.3,747,32624,84,10.0,33.0,0.0
1783935101.9,747,32624,84,11.0,32.0,0.0
1783935102.5,747,32624,84,10.0,33.0,0.0
1783935103.1,747,32624,84,11.0,32.0,0.0
1783935103.7,747,32624,84,10.0,33.0,0.0
1783935104.3,745,32624,88,12.0,32.0,0.0
1783935104.9,745,32624,88,11.0,32.0,0.0
1783935105.5,745,32624,88,18.0,33.0,399.0
1783935106.1,745,32624,86,11.0,33.0,0.0
1783935106.7,745,32624,81,11.0,33.0,0.0
1783935107.3,745,32624,81,9.0,33.0,0.0
1783935107.9,745,32624,88,12.0,33.0,0.0
1783935108.5,745,32624,88,10.0,33.0,0.0
1783935109.0,725,32624,84,22.0,33.0,0.0
1783935109.6,725,32624,84,11.0,33.0,0.0
1783935110.2,725,32624,84,10.0,32.0,0.0
1783935110.8,725,32624,84,11.0,33.0,0.0
1783935111.4,725,32624,84,11.0,32.0,0.0
1783935112.0,725,32624,79,11.0,33.0,0.0
1783935112.6,725,32624,79,11.0,33.0,0.0
1783935113.2,725,32624,86,11.0,33.0,0.0
1783935113.8,725,32624,86,11.0,33.0,0.0
1783935114.4,725,32624,86,10.0,32.0,0.0
1783935115.0,725,32624,86,12.0,33.0,0.0
1783935115.6,725,32624,86,11.0,33.0,0.0
1783935116.2,725,32624,86,11.0,32.0,0.0
1783935116.8,725,32624,86,11.0,33.0,0.0
1783935117.4,725,32624,86,16.0,32.0,47.0
1783935118.0,725,32624,86,12.0,33.0,0.0
1783935118.6,725,32624,86,11.0,33.0,0.0
1783935119.1,725,32624,82,13.0,33.0,6.0
1783935119.7,725,32624,86,11.0,33.0,0.0
1783935120.3,725,32624,86,11.0,32.0,0.0
1783935120.9,725,32624,86,10.0,32.0,0.0
1783935121.5,725,32624,86,11.0,33.0,0.0
1783935122.1,725,32624,86,11.0,33.0,0.0
1783935122.7,725,32624,86,10.0,32.0,0.0
1783935123.3,725,32624,86,12.0,33.0,0.0
1783935123.9,721,32624,86,11.0,33.0,0.0
1783935124.5,721,32624,86,12.0,33.0,0.0
1783935125.1,721,32624,86,11.0,33.0,0.0
1783935125.7,721,32624,86,11.0,33.0,0.0
1783935126.3,721,32624,86,11.0,32.0,0.0
1783935126.9,721,32624,86,14.0,33.0,40.0
1783935127.5,721,32624,86,12.0,33.0,0.0
1783935128.1,721,32624,86,11.0,33.0,0.0
1783935128.7,721,32624,86,19.0,33.0,309.0
1783935129.3,721,32624,86,11.0,33.0,0.0
1783935129.9,721,32624,86,11.0,33.0,0.0
1783935130.5,721,32624,86,20.0,33.0,261.0
1783935131.1,721,32624,86,22.0,33.0,0.0
1783935131.6,721,32624,86,18.0,33.0,332.0
1783935132.2,721,32624,86,12.0,33.0,0.0
1783935132.9,721,32624,86,13.0,32.0,430.0
1783935133.5,719,32624,90,22.0,33.0,0.0
1783935134.0,726,32624,90,11.0,32.0,0.0
1783935134.6,726,32624,86,11.0,32.0,0.0
1783935135.2,739,32624,92,22.0,33.0,0.0
1783935135.8,739,32624,92,13.0,33.0,0.0
1783935136.4,739,32624,92,11.0,33.0,0.0
1783935137.0,739,32624,92,12.0,32.0,0.0
1783935137.6,739,32624,86,15.0,32.0,927.0
1783935138.2,739,32624,86,11.0,33.0,0.0
1783935138.8,739,32624,86,10.0,32.0,0.0
1783935139.4,750,32624,100,27.0,33.0,1390.0
1783935140.0,750,32624,98,11.0,33.0,0.0
1783935140.6,750,32624,98,11.0,33.0,0.0
1783935141.2,750,32624,82,11.0,33.0,0.0
1783935141.8,750,32624,82,17.0,33.0,1480.0
1783935142.4,750,32624,84,17.0,33.0,1228.0
1783935143.0,750,32624,84,16.0,33.0,46.0
1783935143.6,750,32624,112,22.0,33.0,0.0
1783935144.2,750,32624,98,26.0,33.0,20.0
1783935144.8,750,32624,96,11.0,33.0,0.0
1783935145.4,750,32624,83,12.0,33.0,0.0
1783935146.0,750,32624,86,22.0,33.0,0.0
1783935146.6,750,32624,83,22.0,33.0,0.0
1783935147.2,750,32624,83,11.0,33.0,0.0
1783935147.8,750,32624,83,12.0,33.0,0.0
1783935148.3,750,32624,83,11.0,33.0,0.0
1783935148.9,750,32624,83,11.0,33.0,0.0
1783935149.5,741,32624,83,11.0,33.0,0.0
1783935150.1,741,32624,83,11.0,33.0,0.0
1783935150.7,741,32624,83,12.0,33.0,0.0
1783935151.3,741,32624,83,12.0,33.0,0.0
1783935151.9,741,32624,83,12.0,33.0,0.0
1783935152.5,741,32624,83,22.0,33.0,0.0
1783935153.1,741,32624,83,18.0,33.0,715.0
1783935153.7,741,32624,83,10.0,33.0,0.0
1783935154.3,741,32624,83,11.0,33.0,0.0
1783935154.9,741,32624,83,27.0,33.0,14.0
1783935155.5,741,32624,83,14.0,33.0,16.0
1783935156.1,741,32624,95,11.0,33.0,0.0
1783935156.7,741,32624,119,23.0,33.0,0.0
1783935157.3,741,32624,107,22.0,33.0,0.0
1783935157.9,741,32624,89,22.0,33.0,0.0
1783935158.5,741,32624,92,28.0,33.0,307.0
1783935159.1,741,32624,92,26.0,33.0,52.0
1783935159.7,741,32624,83,27.0,33.0,47.0
1783935160.3,741,32624,92,11.0,33.0,0.0
1783935160.9,741,32624,83,25.0,33.0,19.0
1783935161.5,741,32624,83,12.0,33.0,0.0
1783935162.1,741,32624,83,18.0,33.0,738.0
1783935162.7,741,32624,83,11.0,33.0,0.0
1783935163.3,741,32624,83,23.0,33.0,0.0
1783935163.9,741,32624,85,22.0,33.0,0.0
1783935164.5,741,32624,85,11.0,33.0,0.0
1783935165.1,741,32624,85,11.0,33.0,0.0
1783935165.7,741,32624,96,27.0,33.0,151.0
1783935166.2,741,32624,83,22.0,34.0,0.0
1783935166.8,741,32624,98,22.0,34.0,0.0
1783935167.4,741,32624,83,22.0,33.0,0.0
1783935168.0,741,32624,83,26.0,34.0,20.0
1783935168.6,741,32624,83,13.0,33.0,0.0
1783935169.2,741,32624,83,12.0,33.0,0.0
1783935169.8,741,32624,83,23.0,33.0,0.0
1783935170.4,741,32624,83,22.0,34.0,0.0
1783935171.0,741,32624,85,25.0,33.0,500.0
1783935171.6,741,32624,94,11.0,33.0,0.0
1783935172.2,741,32624,85,26.0,33.0,25.0
1783935172.8,741,32624,85,25.0,34.0,58.0
1783935173.4,741,32624,83,26.0,34.0,63.0
1783935174.0,741,32624,85,11.0,34.0,0.0
1783935174.6,741,32624,85,13.0,33.0,0.0
1783935175.2,741,32624,85,22.0,34.0,0.0
1783935175.7,741,32624,85,10.0,33.0,0.0
1783935176.4,741,32624,85,13.0,33.0,237.0
1783935177.0,741,32624,85,22.0,34.0,0.0
1783935177.5,741,32624,89,16.0,34.0,110.0
1783935178.1,741,32624,103,28.0,34.0,46.0
1783935178.7,741,32624,119,25.0,34.0,20.0
1783935179.4,741,32624,119,23.0,34.0,0.0
1783935179.9,741,32624,110,22.0,34.0,0.0
1783935180.5,741,32624,101,25.0,34.0,6.0
1783935181.1,741,32624,88,11.0,34.0,0.0
1783935181.7,741,32624,88,11.0,33.0,0.0
1783935182.3,741,32624,88,12.0,34.0,0.0
1783935182.9,741,32624,88,11.0,33.0,0.0
1783935183.5,741,32624,88,26.0,34.0,75.0
1783935184.1,741,32624,88,14.0,33.0,44.0
1783935184.7,741,32624,103,22.0,34.0,0.0
1783935185.3,741,32624,88,11.0,33.0,0.0
1783935185.9,741,32624,88,12.0,33.0,0.0
1783935186.5,741,32624,112,22.0,34.0,0.0
1783935187.1,741,32624,127,14.0,34.0,27.0
1783935187.7,741,32624,115,26.0,34.0,28.0
1783935188.3,741,32624,113,22.0,34.0,0.0
1783935188.9,741,32624,113,21.0,34.0,220.0
1783935189.5,741,32624,90,25.0,34.0,64.0
1783935190.1,741,32624,90,12.0,34.0,0.0
1783935190.7,741,32624,90,10.0,34.0,0.0
1783935191.3,741,32624,90,11.0,34.0,0.0
1783935191.8,741,32624,90,16.0,33.0,6.0
1783935192.4,741,32624,99,22.0,34.0,0.0
1783935193.0,741,32624,90,27.0,34.0,90.0
1783935193.6,751,32624,120,22.0,34.0,0.0
1783935194.2,751,32624,120,22.0,34.0,0.0
1783935194.8,751,32624,120,11.0,33.0,0.0
1783935195.4,751,32624,120,11.0,33.0,0.0
1783935196.0,747,32624,100,11.0,34.0,0.0
1783935196.6,747,32624,100,22.0,34.0,0.0
1783935197.2,747,32624,100,29.0,34.0,500.0
1783935197.8,747,32624,100,15.0,34.0,257.0
1783935198.4,747,32624,100,14.0,34.0,607.0
1783935199.0,739,32624,109,29.0,34.0,870.0
1783935199.6,739,32624,109,11.0,34.0,0.0
1783935200.2,739,32624,100,11.0,34.0,0.0
1783935200.8,739,32624,100,11.0,34.0,0.0
1783935201.4,739,32624,100,27.0,34.0,38.0
1783935202.0,739,32624,100,26.0,34.0,36.0
1783935202.6,739,32624,109,22.0,34.0,0.0
1783935203.2,739,32624,109,22.0,34.0,0.0
1783935203.8,739,32624,100,28.0,34.0,1156.0
1783935204.4,739,32624,104,12.0,34.0,0.0
1783935204.9,739,32624,104,29.0,34.0,500.0
1783935205.5,739,32624,104,15.0,34.0,32.0
1783935206.1,739,32624,115,11.0,34.0,0.0
1783935206.7,739,32624,115,22.0,34.0,0.0
1783935207.3,739,32624,102,26.0,34.0,31.0
1783935207.9,739,32624,113,24.0,34.0,2.0
1783935208.5,739,32624,101,22.0,34.0,0.0
1783935209.1,739,32624,113,21.0,34.0,0.0
1783935209.7,739,32624,115,22.0,34.0,0.0
1783935210.3,739,32624,100,22.0,34.0,0.0
1783935210.9,739,32624,102,22.0,34.0,0.0
1783935211.5,739,32624,102,23.0,34.0,0.0
1783935212.1,739,32624,100,12.0,34.0,0.0
1783935212.7,739,32624,100,26.0,34.0,8.0
1783935213.3,739,32624,102,11.0,34.0,0.0
1783935213.9,739,32624,102,15.0,34.0,6.0
1783935214.5,739,32624,102,11.0,34.0,0.0
1783935215.1,739,32624,102,12.0,34.0,0.0
1783935215.7,739,32624,102,23.0,34.0,0.0
1783935216.3,739,32624,102,11.0,34.0,0.0
1783935216.9,739,32624,102,17.0,34.0,119.0
1783935217.4,739,32624,102,11.0,34.0,0.0
1783935218.0,739,32624,102,10.0,34.0,0.0
1783935218.6,739,32624,103,22.0,34.0,0.0
1783935219.2,739,32624,115,25.0,34.0,6.0
1783935219.8,739,32624,113,27.0,34.0,41.0
1783935220.4,739,32624,100,11.0,34.0,0.0
1783935221.0,739,32624,100,22.0,34.0,0.0
1783935221.6,739,32624,100,22.0,34.0,0.0
1783935222.2,739,32624,100,12.0,34.0,0.0
1783935222.8,739,32624,100,14.0,34.0,49.0
1783935223.4,724,32624,100,26.0,34.0,93.0
1783935224.0,724,32624,101,22.0,34.0,0.0
1783935224.6,724,32624,113,23.0,34.0,0.0
1783935225.2,724,32624,100,22.0,34.0,152.0
1783935225.8,724,32624,114,23.0,34.0,0.0
1783935226.4,724,32624,106,11.0,34.0,0.0
1783935227.0,724,32624,106,11.0,34.0,0.0
1783935227.6,724,32624,106,10.0,34.0,0.0
1783935228.2,724,32624,91,26.0,34.0,36.0
1783935228.8,724,32624,87,16.0,34.0,49.0
1783935229.4,724,32624,103,25.0,34.0,262.0
1783935230.0,724,32624,110,26.0,34.0,144.0
1783935230.6,724,32624,101,15.0,34.0,1813.0
1783935231.2,724,32624,104,11.0,34.0,0.0
1783935231.8,724,32624,92,11.0,34.0,0.0
1783935232.4,724,32624,92,11.0,34.0,0.0
1783935232.9,724,32624,92,10.0,34.0,0.0
1783935233.5,724,32624,92,13.0,34.0,0.0
1783935234.1,724,32624,92,12.0,34.0,0.0
1783935234.7,724,32624,92,11.0,34.0,0.0
1783935235.3,724,32624,99,22.0,34.0,0.0
1783935235.9,724,32624,99,11.0,34.0,0.0
1783935236.5,724,32624,91,10.0,34.0,0.0
1783935237.1,724,32624,91,12.0,34.0,0.0
1783935237.7,724,32624,91,10.0,34.0,0.0
1783935238.3,724,32624,85,11.0,34.0,0.0
1783935238.9,724,32624,85,12.0,34.0,0.0
1783935239.5,724,32624,85,12.0,34.0,0.0
1783935240.1,724,32624,85,12.0,34.0,0.0
1783935240.7,724,32624,85,15.0,34.0,116.0
1783935241.3,724,32624,89,11.0,34.0,0.0
1783935241.8,724,32624,89,12.0,34.0,0.0
1783935242.4,724,32624,89,11.0,34.0,0.0
1783935243.0,724,32624,89,11.0,34.0,0.0
1783935243.6,724,32624,89,11.0,34.0,0.0
1783935244.2,724,32624,95,11.0,34.0,0.0
1783935244.8,724,32624,95,11.0,34.0,0.0
1783935245.4,724,32624,97,17.0,33.0,301.0
1783935246.0,724,32624,97,11.0,34.0,0.0
1783935246.6,724,32624,95,11.0,34.0,0.0
1783935247.2,724,32624,95,11.0,34.0,0.0
1783935247.8,724,32624,95,13.0,34.0,0.0
1783935248.4,724,32624,95,12.0,33.0,0.0
1783935249.0,724,32624,95,14.0,34.0,24.0
1783935249.6,724,32624,95,11.0,33.0,0.0
1783935250.2,724,32624,108,11.0,34.0,0.0
1783935250.8,724,32624,95,11.0,34.0,0.0
1783935251.4,724,32624,95,10.0,34.0,0.0
1783935252.0,724,32624,89,11.0,33.0,0.0
1783935252.6,724,32624,89,11.0,34.0,0.0
1783935253.2,724,32624,89,11.0,34.0,0.0
1783935253.8,724,32624,89,11.0,34.0,0.0
1783935254.3,724,32624,89,10.0,34.0,0.0
1783935254.9,724,32624,89,11.0,34.0,0.0
1783935255.5,724,32624,89,12.0,33.0,0.0
1783935256.1,724,32624,89,10.0,34.0,0.0
1783935256.7,724,32624,89,11.0,33.0,0.0
1783935257.3,724,32624,89,10.0,34.0,0.0
1783935257.9,724,32624,89,11.0,34.0,0.0
1783935258.5,724,32624,89,11.0,34.0,0.0
1783935259.1,724,32624,89,15.0,33.0,44.0
1783935259.7,724,32624,89,11.0,33.0,0.0
1783935260.3,724,32624,95,16.0,34.0,1402.0
1783935260.9,724,32624,103,22.0,34.0,0.0
1783935261.5,724,32624,103,11.0,33.0,0.0
1783935262.1,724,32624,95,12.0,34.0,0.0
1783935262.7,724,32624,95,11.0,34.0,0.0
1783935263.3,724,32624,95,11.0,34.0,0.0
1783935263.9,724,32624,95,13.0,34.0,209.0
1783935264.5,724,32624,95,10.0,34.0,0.0
1783935265.1,724,32624,97,11.0,34.0,0.0
1783935265.7,724,32624,97,11.0,34.0,0.0
1783935266.3,724,32624,89,11.0,34.0,0.0
1783935266.8,724,32624,89,11.0,34.0,0.0
1783935267.4,724,32624,89,12.0,33.0,0.0
1783935268.0,724,32624,89,11.0,33.0,0.0
1783935268.6,724,32624,89,11.0,33.0,0.0
1783935269.2,724,32624,89,11.0,33.0,0.0
1783935269.8,724,32624,89,11.0,34.0,0.0
1783935270.4,724,32624,89,11.0,33.0,0.0
1783935271.0,724,32624,89,11.0,34.0,0.0
1783935271.6,724,32624,89,11.0,34.0,0.0
1783935272.2,724,32624,89,11.0,34.0,0.0
1783935272.8,724,32624,89,11.0,33.0,0.0
1783935273.4,724,32624,89,10.0,33.0,0.0
1783935274.0,724,32624,89,11.0,33.0,0.0
1783935274.6,724,32624,89,11.0,34.0,0.0
1783935275.2,724,32624,89,10.0,34.0,0.0
1783935275.7,724,32624,103,11.0,34.0,0.0
1783935276.3,724,32624,95,13.0,34.0,0.0
1783935276.9,724,32624,95,12.0,34.0,0.0
1783935277.5,724,32624,95,11.0,33.0,0.0
1783935278.1,724,32624,95,11.0,34.0,0.0
1783935278.7,724,32624,95,11.0,34.0,0.0
1783935279.3,724,32624,95,11.0,33.0,0.0
1783935279.9,724,32624,95,10.0,33.0,0.0
1783935280.5,724,32624,103,22.0,33.0,0.0
1783935281.1,724,32624,103,11.0,34.0,0.0
1783935281.7,724,32624,103,12.0,33.0,0.0
1783935282.3,724,32624,93,11.0,34.0,0.0
1783935282.9,724,32624,93,13.0,33.0,190.0
1783935283.5,724,32624,93,15.0,33.0,41.0
1783935284.1,724,32624,93,11.0,33.0,0.0
1783935284.7,724,32624,93,12.0,33.0,0.0
1783935285.3,724,32624,87,11.0,33.0,0.0
1783935285.9,724,32624,87,11.0,33.0,0.0
1783935286.4,724,32624,89,11.0,33.0,0.0
1783935287.0,724,32624,89,11.0,33.0,0.0
1783935287.6,724,32624,89,11.0,33.0,0.0
1783935288.2,724,32624,89,11.0,33.0,0.0
1783935288.8,724,32624,89,11.0,33.0,0.0
1783935289.4,724,32624,89,11.0,33.0,0.0
1783935290.0,724,32624,89,11.0,33.0,0.0
1783935290.6,724,32624,95,12.0,33.0,0.0
1783935291.2,724,32624,89,11.0,33.0,0.0
1783935291.8,724,32624,89,11.0,33.0,0.0
1783935292.4,724,32624,89,10.0,33.0,0.0
1783935293.0,724,32624,89,11.0,33.0,0.0
1783935293.6,724,32624,89,10.0,33.0,0.0
1783935294.2,724,32624,89,11.0,33.0,0.0
1783935294.8,724,32624,91,11.0,33.0,0.0
1783935295.4,724,32624,106,15.0,33.0,6.0
1783935295.9,724,32624,93,11.0,33.0,0.0
1783935296.5,724,32624,93,11.0,33.0,0.0
1783935297.1,724,32624,93,10.0,33.0,0.0
1783935297.7,724,32624,93,11.0,33.0,0.0
1783935298.3,724,32624,93,12.0,33.0,0.0
1783935298.9,724,32624,93,10.0,33.0,0.0
1783935299.5,724,32624,93,12.0,33.0,0.0
1783935300.1,724,32624,93,15.0,33.0,500.0
1783935300.7,724,32624,93,11.0,33.0,0.0
1783935301.3,724,32624,93,11.0,33.0,0.0
1783935301.9,724,32624,87,17.0,33.0,325.0
1783935302.5,724,32624,93,10.0,33.0,0.0
1783935303.1,724,32624,89,10.0,33.0,0.0
1783935303.7,724,32624,89,11.0,33.0,0.0
1783935304.3,724,32624,89,12.0,33.0,0.0
1783935304.9,724,32624,89,11.0,33.0,0.0
1783935305.5,724,32624,103,22.0,33.0,131.0
1783935306.0,724,32624,95,18.0,33.0,55.0
1783935306.6,724,32624,95,11.0,33.0,0.0
1783935307.2,724,32624,95,11.0,33.0,0.0
1783935307.8,724,32624,95,11.0,33.0,0.0
1783935308.4,724,32624,95,11.0,33.0,0.0
1783935309.0,724,32624,95,11.0,33.0,0.0
1783935309.6,724,32624,95,11.0,33.0,0.0
1783935310.2,724,32624,109,22.0,33.0,0.0
1783935310.8,724,32624,95,11.0,33.0,0.0
1783935311.4,724,32624,95,11.0,33.0,0.0
1783935312.0,724,32624,95,11.0,33.0,0.0
1783935312.6,724,32624,89,11.0,33.0,0.0
1783935313.2,724,32624,89,12.0,33.0,0.0
1783935313.8,728,32624,91,13.0,33.0,249.0
1783935314.4,728,32624,91,11.0,33.0,0.0
1783935315.0,728,32624,91,10.0,33.0,0.0
1783935315.6,718,32624,83,26.0,33.0,185.0
1783935316.1,718,32624,83,14.0,33.0,0.0
1783935316.7,718,32624,83,12.0,33.0,0.0
1783935317.3,718,32624,83,11.0,33.0,0.0
1783935317.9,718,32624,83,11.0,33.0,0.0
1783935318.5,718,32624,83,11.0,33.0,0.0
1783935319.1,718,32624,83,11.0,33.0,0.0
1783935319.7,718,32624,83,12.0,33.0,0.0
1783935320.3,718,32624,95,14.0,33.0,41.0
1783935320.9,718,32624,97,12.0,33.0,0.0
1783935321.5,718,32624,97,13.0,33.0,0.0
1783935322.1,718,32624,97,10.0,33.0,0.0
1783935322.7,718,32624,97,11.0,33.0,0.0
1783935323.3,718,32624,97,11.0,33.0,0.0
1783935323.9,718,32624,97,12.0,33.0,0.0
1783935324.5,718,32624,97,12.0,33.0,0.0
1783935325.1,718,32624,97,22.0,33.0,0.0
1783935325.7,718,32624,97,11.0,33.0,0.0
1783935326.3,718,32624,83,10.0,33.0,0.0
1783935326.9,718,32624,83,10.0,33.0,0.0
1783935327.5,718,32624,83,11.0,33.0,0.0
1783935328.1,718,32624,83,11.0,33.0,0.0
1783935328.7,718,32624,83,11.0,33.0,0.0
1783935329.3,718,32624,83,12.0,33.0,0.0
1783935329.8,718,32624,83,11.0,33.0,0.0
1783935330.4,718,32624,83,11.0,33.0,0.0
1783935331.0,718,32624,83,11.0,33.0,0.0
1783935331.6,718,32624,83,11.0,33.0,0.0
1783935332.2,718,32624,83,11.0,33.0,0.0
1783935332.8,718,32624,83,10.0,33.0,0.0
1783935333.4,718,32624,83,11.0,33.0,0.0
1783935334.0,718,32624,83,13.0,33.0,285.0
1783935334.6,718,32624,83,11.0,33.0,0.0
1783935335.2,718,32624,83,10.0,33.0,0.0
1783935335.8,718,32624,95,14.0,33.0,0.0
1783935336.4,718,32624,89,10.0,33.0,0.0
1783935337.0,718,32624,89,11.0,33.0,0.0
1783935337.6,718,32624,89,12.0,33.0,0.0
1783935338.2,718,32624,89,10.0,33.0,0.0
1783935338.8,718,32624,89,10.0,33.0,0.0
1783935339.4,718,32624,89,11.0,33.0,0.0
1783935340.0,718,32624,95,12.0,33.0,0.0
1783935340.6,718,32624,103,13.0,33.0,0.0
1783935341.2,718,32624,83,22.0,33.0,0.0
1783935341.8,718,32624,86,11.0,33.0,0.0
1783935342.4,718,32624,86,17.0,33.0,23.0
1783935343.0,718,32624,86,11.0,33.0,0.0
1783935343.6,718,32624,86,9.0,33.0,0.0
1783935344.2,718,32624,86,11.0,33.0,0.0
1783935344.8,718,32624,86,11.0,33.0,0.0
1783935345.4,718,32624,86,12.0,33.0,0.0
1783935346.0,718,32624,86,9.0,33.0,0.0
1783935346.5,718,32624,86,10.0,33.0,0.0
1783935347.1,718,32624,86,9.0,33.0,0.0
1783935347.7,718,32624,86,10.0,33.0,0.0
1783935348.3,718,32624,86,10.0,33.0,0.0
1783935348.9,718,32624,86,11.0,33.0,0.0
1783935349.5,718,32624,86,10.0,33.0,0.0
1783935350.1,718,32624,86,10.0,33.0,0.0
1783935350.7,718,32624,91,11.0,33.0,0.0
1783935351.3,718,32624,83,11.0,33.0,0.0
1783935351.9,718,32624,83,12.0,33.0,0.0
1783935352.5,718,32624,83,13.0,33.0,0.0
1783935353.1,718,32624,83,11.0,33.0,0.0
1783935353.7,718,32624,79,12.0,33.0,439.0
1783935354.3,718,32624,79,11.0,33.0,0.0
1783935354.9,718,32624,79,10.0,33.0,0.0
1783935355.5,718,32624,93,11.0,33.0,0.0
1783935356.1,718,32624,93,11.0,33.0,0.0
1783935356.7,718,32624,85,15.0,33.0,62.0
1783935357.3,718,32624,85,11.0,33.0,0.0
1783935357.9,718,32624,85,18.0,33.0,85.0
1783935358.5,718,32624,85,11.0,33.0,0.0
1783935359.1,718,32624,85,10.0,32.0,0.0
1783935359.7,718,32624,85,11.0,33.0,0.0
1783935360.3,718,32624,85,10.0,33.0,0.0
1783935360.9,718,32624,85,11.0,33.0,0.0
1783935361.5,718,32624,85,12.0,33.0,0.0
1783935362.1,718,32624,85,13.0,33.0,0.0
1783935362.7,718,32624,83,11.0,33.0,0.0
1783935363.3,718,32624,83,11.0,33.0,0.0
1783935363.9,718,32624,83,12.0,33.0,0.0
1783935364.5,718,32624,83,12.0,33.0,0.0
1783935365.0,718,32624,83,11.0,33.0,0.0
1783935365.6,718,32624,95,12.0,33.0,0.0
1783935366.2,718,32624,87,12.0,33.0,0.0
1783935366.8,718,32624,87,11.0,33.0,0.0
1783935367.4,718,32624,87,11.0,33.0,0.0
1783935368.0,718,32624,87,12.0,33.0,0.0
1783935368.6,718,32624,87,10.0,33.0,0.0
1783935369.2,718,32624,87,11.0,33.0,0.0
1783935369.8,718,32624,87,11.0,33.0,0.0
1783935370.4,718,32624,101,12.0,33.0,0.0
1783935371.0,718,32624,87,11.0,33.0,0.0
1783935371.6,718,32624,87,12.0,33.0,0.0
1783935372.2,718,32624,87,12.0,33.0,0.0
1783935372.8,718,32624,87,11.0,33.0,0.0
1783935373.4,718,32624,87,17.0,33.0,254.0
1783935374.0,718,32624,87,11.0,33.0,0.0
1783935374.6,718,32624,87,11.0,33.0,0.0
1783935375.2,718,32624,87,12.0,33.0,0.0
1783935375.8,718,32624,85,11.0,33.0,0.0
1783935376.4,718,32624,85,10.0,33.0,0.0
1783935377.0,718,32624,79,11.0,33.0,0.0
1783935377.6,718,32624,86,10.0,33.0,0.0
1783935378.2,718,32624,86,12.0,33.0,0.0
1783935378.8,718,32624,86,11.0,33.0,0.0
1783935379.4,718,32624,86,10.0,33.0,0.0
1783935379.9,718,32624,86,10.0,32.0,0.0
1783935380.6,718,32624,91,12.0,32.0,0.0
1783935381.2,718,32624,91,11.0,33.0,0.0
1783935381.8,718,32624,91,12.0,33.0,0.0
1783935382.4,718,32624,91,12.0,33.0,0.0
1783935382.9,718,32624,91,11.0,33.0,0.0
1783935383.6,718,32624,91,10.0,33.0,0.0
1783935384.2,718,32624,91,12.0,33.0,0.0
1783935384.8,718,32624,91,11.0,33.0,0.0
1783935385.4,718,32624,97,10.0,33.0,0.0
1783935386.0,718,32624,97,11.0,33.0,0.0
1783935386.6,718,32624,97,11.0,32.0,0.0
1783935387.2,718,32624,97,9.0,33.0,0.0
1783935387.8,718,32624,97,12.0,33.0,0.0
1783935388.3,718,32624,97,11.0,33.0,0.0
1783935388.9,718,32624,84,10.0,33.0,0.0
1783935389.5,718,32624,84,11.0,33.0,0.0
1783935390.1,718,32624,84,11.0,33.0,0.0
1783935390.7,718,32624,84,10.0,33.0,0.0
1783935391.3,718,32624,84,11.0,33.0,0.0
1783935391.9,718,32624,84,10.0,32.0,0.0
1783935392.5,718,32624,84,9.0,33.0,0.0
1783935393.1,718,32624,84,10.0,33.0,0.0
1783935393.7,718,32624,84,10.0,32.0,0.0
1783935394.3,718,32624,84,9.0,33.0,0.0
1783935394.9,718,32624,84,11.0,33.0,0.0
1783935395.5,718,32624,95,12.0,33.0,0.0
1783935396.1,718,32624,95,11.0,33.0,0.0
1783935396.7,718,32624,95,9.0,33.0,0.0
1783935397.3,718,32624,86,13.0,33.0,312.0
1783935397.9,718,32624,86,17.0,33.0,298.0
1783935398.5,718,32624,86,10.0,33.0,0.0
1783935399.1,718,32624,86,11.0,33.0,0.0
1783935399.7,718,32624,86,11.0,33.0,0.0
1783935400.3,718,32624,99,12.0,33.0,0.0
1783935400.9,718,32624,99,12.0,33.0,0.0
1783935401.5,718,32624,86,11.0,33.0,0.0
1783935402.1,718,32624,86,18.0,33.0,6.0
1783935402.7,718,32624,86,10.0,33.0,0.0
1783935403.3,718,32624,86,11.0,33.0,0.0
1783935403.9,718,32624,86,10.0,33.0,0.0
1783935404.5,718,32624,86,10.0,33.0,0.0
1783935405.1,718,32624,86,9.0,33.0,0.0
1783935405.7,718,32624,86,10.0,33.0,0.0
1783935406.3,718,32624,86,11.0,33.0,0.0
1783935406.9,718,32624,79,12.0,33.0,0.0
1783935407.5,718,32624,79,11.0,33.0,0.0
1783935408.0,718,32624,79,12.0,33.0,0.0
1783935408.6,718,32624,79,12.0,33.0,0.0
1783935409.2,718,32624,79,11.0,33.0,0.0
1783935409.8,718,32624,79,11.0,33.0,0.0
1783935410.4,718,32624,91,15.0,33.0,57.0
1783935411.0,718,32624,89,14.0,33.0,6.0
1783935411.6,718,32624,89,12.0,33.0,0.0
1783935412.2,718,32624,89,11.0,33.0,0.0
1783935412.8,718,32624,89,11.0,33.0,0.0
1783935413.4,718,32624,89,11.0,33.0,0.0
1783935414.0,718,32624,89,11.0,33.0,0.0
1783935414.6,718,32624,89,12.0,33.0,0.0
1783935415.2,718,32624,103,28.0,33.0,1065.0
1783935415.8,718,32624,89,10.0,33.0,0.0
1783935416.4,718,32624,89,10.0,33.0,0.0
1783935417.0,718,32624,89,11.0,33.0,0.0
1783935417.6,718,32624,89,10.0,33.0,0.0
1783935418.2,718,32624,89,18.0,33.0,208.0
1783935418.8,718,32624,89,11.0,33.0,0.0
1783935419.4,718,32624,89,11.0,33.0,0.0
1783935420.0,718,32624,89,12.0,33.0,0.0
1783935420.6,718,32624,83,11.0,33.0,0.0
1783935421.2,718,32624,83,12.0,33.0,0.0
1783935421.8,718,32624,83,12.0,33.0,0.0
1783935422.4,718,32624,83,12.0,33.0,0.0
1783935422.9,718,32624,83,12.0,33.0,0.0
1783935423.5,718,32624,83,11.0,33.0,0.0
1783935424.1,718,32624,83,11.0,33.0,0.0
1783935424.7,718,32624,83,10.0,33.0,0.0
1783935425.3,718,32624,89,17.0,33.0,1146.0
1783935425.9,718,32624,97,10.0,33.0,0.0
1783935426.5,718,32624,95,11.0,33.0,0.0
1783935427.1,718,32624,95,11.0,33.0,0.0
1783935427.7,718,32624,89,11.0,33.0,0.0
1783935428.3,718,32624,89,11.0,33.0,0.0
1783935428.9,718,32624,89,11.0,32.0,0.0
1783935429.5,718,32624,83,11.0,33.0,0.0
1783935430.1,718,32624,93,22.0,33.0,0.0
1783935430.7,718,32624,85,11.0,33.0,0.0
1783935431.3,718,32624,85,11.0,33.0,0.0
1783935431.9,718,32624,85,11.0,33.0,0.0
1783935432.5,718,32624,85,12.0,33.0,0.0
1783935433.1,718,32624,85,11.0,33.0,0.0
1783935433.6,718,32624,85,11.0,33.0,0.0
1783935434.2,718,32624,85,12.0,33.0,0.0
1783935434.8,718,32624,85,12.0,33.0,0.0
1783935435.4,718,32624,85,11.0,32.0,0.0
1783935436.0,718,32624,85,12.0,33.0,0.0
1783935436.6,718,32624,85,15.0,33.0,25.0
1783935437.2,718,32624,85,11.0,33.0,0.0
1783935437.8,718,32624,83,11.0,33.0,0.0
1783935438.4,718,32624,83,11.0,33.0,0.0
1783935439.0,718,32624,83,12.0,33.0,0.0
1783935439.6,718,32624,83,11.0,33.0,0.0
1783935440.2,718,32624,83,10.0,33.0,0.0
1783935440.8,718,32624,97,11.0,33.0,0.0
1783935441.4,718,32624,97,11.0,33.0,0.0
1783935442.0,718,32624,87,11.0,32.0,0.0
1783935442.6,718,32624,87,10.0,33.0,0.0
1783935443.2,718,32624,87,11.0,33.0,0.0
1783935443.8,718,32624,87,10.0,33.0,0.0
1783935444.4,718,32624,87,11.0,33.0,0.0
1783935444.9,718,32624,87,15.0,33.0,19.0
1783935445.5,718,32624,95,17.0,33.0,18.0
1783935446.1,718,32624,81,10.0,33.0,0.0
1783935446.7,718,32624,81,11.0,33.0,0.0
1783935447.3,718,32624,81,11.0,33.0,0.0
1783935447.9,718,32624,81,12.0,33.0,0.0
1783935448.5,718,32624,81,12.0,32.0,0.0
1783935449.1,718,32624,81,11.0,33.0,0.0
1783935449.7,718,32624,81,11.0,33.0,0.0
1783935450.3,718,32624,83,10.0,32.0,0.0
1783935450.9,718,32624,83,10.0,33.0,0.0
1783935451.5,718,32624,84,12.0,33.0,0.0
1783935452.1,718,32624,86,11.0,32.0,0.0
1783935452.7,718,32624,86,12.0,33.0,0.0
1783935453.3,718,32624,86,10.0,33.0,0.0
1783935453.9,718,32624,86,11.0,33.0,0.0
1783935454.5,718,32624,94,26.0,33.0,61.0
1783935455.1,718,32624,94,13.0,33.0,0.0
1783935455.7,718,32624,98,22.0,33.0,0.0
1783935456.3,718,32624,90,19.0,32.0,74.0
1783935456.9,718,32624,88,11.0,33.0,0.0
1783935457.5,718,32624,88,25.0,33.0,48.0
1783935458.1,718,32624,92,26.0,33.0,24.0
1783935458.7,718,32624,92,13.0,33.0,0.0
1783935459.3,718,32624,92,11.0,33.0,0.0
1783935459.9,718,32624,92,11.0,33.0,0.0
1783935460.5,718,32624,93,12.0,33.0,0.0
1783935461.1,718,32624,93,11.0,33.0,0.0
1783935461.7,718,32624,93,11.0,33.0,0.0
1783935462.3,718,32624,86,11.0,33.0,0.0
1783935462.9,718,32624,86,12.0,33.0,0.0
1783935463.5,718,32624,86,11.0,33.0,0.0
1783935464.1,718,32624,86,11.0,33.0,0.0
1783935464.7,718,32624,86,11.0,33.0,0.0
1783935465.2,718,32624,79,11.0,33.0,0.0
1783935465.8,718,32624,84,16.0,33.0,0.0
1783935466.4,718,32624,84,11.0,33.0,0.0
1783935467.0,718,32624,84,10.0,33.0,0.0
1783935467.6,718,32624,84,18.0,33.0,21.0
1783935468.2,718,32624,84,11.0,33.0,0.0
1783935468.8,718,32624,84,12.0,32.0,0.0
1783935469.4,718,32624,84,14.0,33.0,41.0
1783935470.0,718,32624,84,10.0,32.0,0.0
1783935470.6,718,32624,97,22.0,33.0,0.0
1783935471.2,718,32624,86,11.0,32.0,0.0
1783935471.8,718,32624,86,11.0,33.0,0.0
1783935472.4,718,32624,86,10.0,32.0,0.0
1783935473.0,718,32624,86,14.0,32.0,500.0
1783935473.6,718,32624,86,11.0,33.0,0.0
1783935474.2,718,32624,86,12.0,33.0,0.0
1783935474.8,718,32624,86,10.0,33.0,0.0
1783935475.4,718,32624,101,13.0,33.0,0.0
1783935476.0,718,32624,88,11.0,33.0,0.0
1783935476.6,718,32624,88,11.0,33.0,0.0
1783935477.2,718,32624,88,9.0,32.0,0.0
1783935477.8,718,32624,88,10.0,33.0,0.0
1783935478.4,718,32624,81,11.0,32.0,0.0
1783935479.0,718,32624,81,11.0,33.0,0.0
1783935479.6,718,32624,81,11.0,33.0,0.0
1783935480.2,718,32624,81,11.0,33.0,0.0
1783935480.8,718,32624,81,11.0,33.0,0.0
1783935481.3,718,32624,81,10.0,33.0,0.0
1783935481.9,718,32624,79,13.0,33.0,0.0
1783935482.5,718,32624,79,12.0,33.0,0.0
1783935483.1,718,32624,85,24.0,33.0,127.0
1783935483.7,718,32624,85,11.0,33.0,0.0
1783935484.3,718,32624,85,15.0,33.0,25.0
1783935484.9,718,32624,85,11.0,33.0,0.0
1783935485.6,718,32624,95,10.0,32.0,0.0
1783935486.2,718,32624,95,13.0,32.0,0.0
1783935486.8,718,32624,85,10.0,33.0,0.0
1783935487.4,718,32624,85,18.0,32.0,302.0
1783935488.0,718,32624,85,11.0,33.0,0.0
1783935488.6,718,32624,79,11.0,33.0,0.0
1783935489.2,718,32624,79,11.0,32.0,0.0
1783935489.8,718,32624,79,12.0,33.0,0.0
1783935490.4,718,32624,93,12.0,33.0,0.0
1783935490.9,718,32624,93,11.0,33.0,0.0
1783935491.5,718,32624,93,10.0,33.0,0.0
1783935492.1,718,32624,93,14.0,33.0,0.0
1783935492.7,718,32624,93,11.0,33.0,0.0
1783935493.3,718,32624,93,10.0,33.0,0.0
1783935493.9,720,32624,95,11.0,33.0,0.0
1783935494.5,720,32624,81,11.0,33.0,0.0
1783935495.1,720,32624,81,11.0,33.0,0.0
1783935495.7,720,32624,81,10.0,33.0,0.0
1783935496.3,713,32624,81,26.0,33.0,0.0
1783935496.9,713,32624,81,12.0,33.0,0.0
1783935497.5,713,32624,81,11.0,33.0,0.0
1783935498.1,713,32624,81,11.0,33.0,0.0
1783935498.7,713,32624,81,15.0,33.0,0.0
1783935499.3,713,32624,85,14.0,33.0,6.0
1783935499.9,713,32624,85,11.0,32.0,0.0
1783935500.5,713,32624,97,15.0,32.0,1475.0
1783935501.1,713,32624,91,12.0,33.0,0.0
1783935501.7,713,32624,87,12.0,32.0,352.0
1783935502.3,713,32624,87,11.0,33.0,0.0
1783935502.9,713,32624,87,11.0,33.0,0.0
1783935503.5,713,32624,87,11.0,33.0,0.0
1783935504.1,713,32624,88,11.0,33.0,0.0
1783935504.7,713,32624,88,11.0,33.0,0.0
1783935505.3,713,32624,95,12.0,33.0,0.0
1783935505.9,713,32624,95,12.0,33.0,0.0
1783935506.5,713,32624,95,12.0,32.0,0.0
1783935507.1,713,32624,87,14.0,32.0,20.0
1783935507.6,713,32624,87,15.0,32.0,64.0
1783935508.2,713,32624,87,11.0,32.0,0.0
1783935508.8,713,32624,87,11.0,33.0,0.0
1783935509.4,713,32624,87,11.0,32.0,0.0
1783935510.0,713,32624,88,11.0,32.0,0.0
1783935510.6,713,32624,88,12.0,33.0,0.0
1783935511.2,713,32624,88,11.0,33.0,0.0
1783935511.8,713,32624,81,11.0,32.0,0.0
1783935512.4,713,32624,81,11.0,33.0,0.0
1783935513.0,713,32624,81,11.0,32.0,0.0
1783935513.6,713,32624,81,11.0,32.0,0.0
1783935514.2,713,32624,81,11.0,32.0,0.0
1783935514.8,713,32624,81,11.0,33.0,0.0
1783935515.4,713,32624,106,25.0,33.0,28.0
1783935516.0,713,32624,106,11.0,33.0,0.0
1783935516.6,713,32624,106,11.0,33.0,0.0
1783935517.2,713,32624,86,11.0,33.0,0.0
1783935517.8,713,32624,86,10.0,33.0,0.0
1783935518.4,713,32624,86,11.0,33.0,0.0
1783935519.0,713,32624,86,11.0,33.0,0.0
1783935519.6,713,32624,86,11.0,33.0,0.0
1783935520.2,713,32624,93,22.0,33.0,0.0
1783935520.7,713,32624,79,17.0,33.0,149.0
1783935521.3,713,32624,81,12.0,33.0,0.0
1783935521.9,713,32624,81,11.0,33.0,0.0
1783935522.5,713,32624,81,12.0,33.0,0.0
1783935523.1,713,32624,81,11.0,33.0,0.0
1783935523.7,713,32624,81,11.0,33.0,0.0
1783935524.3,713,32624,81,12.0,33.0,0.0
1783935524.9,713,32624,81,10.0,33.0,0.0
1783935525.5,713,32624,81,10.0,33.0,0.0
1783935526.1,713,32624,81,14.0,33.0,126.0
1783935526.7,713,32624,81,10.0,33.0,0.0
1783935527.3,713,32624,81,11.0,33.0,0.0
1783935527.9,713,32624,81,25.0,33.0,22.0
1783935528.5,713,32624,83,11.0,33.0,0.0
1783935529.0,713,32624,83,11.0,33.0,0.0
1783935529.6,713,32624,83,11.0,33.0,0.0
1783935530.2,713,32624,101,22.0,33.0,0.0
1783935530.8,713,32624,102,11.0,33.0,0.0
1783935531.4,713,32624,102,19.0,33.0,266.0
1783935532.0,713,32624,85,15.0,33.0,18.0
1783935532.6,713,32624,85,15.0,33.0,70.0
1783935533.2,713,32624,85,12.0,33.0,0.0
1783935533.8,713,32624,85,11.0,33.0,0.0
1783935534.4,713,32624,85,11.0,33.0,0.0
1783935535.0,713,32624,93,23.0,33.0,1571.0
1783935535.6,713,32624,93,11.0,33.0,0.0
1783935536.2,713,32624,93,12.0,33.0,0.0
1783935536.8,713,32624,93,10.0,33.0,0.0
1783935537.4,713,32624,93,11.0,33.0,0.0
1783935538.0,713,32624,83,27.0,33.0,312.0
1783935538.6,713,32624,109,26.0,33.0,1452.0
1783935539.2,713,32624,109,11.0,33.0,0.0
1783935539.8,713,32624,95,26.0,33.0,73.0
1783935540.4,713,32624,97,22.0,33.0,0.0
1783935541.0,713,32624,106,27.0,33.0,69.0
1783935541.6,713,32624,93,11.0,33.0,0.0
1783935542.1,713,32624,88,11.0,33.0,0.0
1783935542.7,713,32624,88,11.0,33.0,0.0
1783935543.3,713,32624,86,11.0,33.0,0.0
1783935543.9,713,32624,86,11.0,33.0,0.0
1783935544.5,713,32624,86,16.0,33.0,874.0
1783935545.1,713,32624,86,11.0,33.0,0.0
1783935545.7,713,32624,86,11.0,33.0,0.0
1783935546.3,713,32624,100,22.0,33.0,0.0
1783935546.9,713,32624,86,11.0,33.0,0.0
1783935547.5,713,32624,89,15.0,33.0,22.0
1783935548.1,713,32624,89,11.0,33.0,0.0
1783935548.7,713,32624,86,14.0,33.0,251.0
1783935549.3,713,32624,86,12.0,33.0,0.0
1783935549.9,713,32624,84,12.0,33.0,0.0
1783935550.5,713,32624,84,11.0,33.0,0.0
1783935551.0,713,32624,84,11.0,33.0,0.0
1783935551.6,713,32624,84,11.0,33.0,0.0
1783935552.2,713,32624,84,11.0,33.0,0.0
1783935552.8,713,32624,84,10.0,33.0,0.0
1783935553.4,713,32624,84,12.0,33.0,0.0
1783935554.0,713,32624,84,11.0,33.0,0.0
1783935554.6,713,32624,84,10.0,32.0,0.0
1783935555.2,713,32624,84,14.0,33.0,8.0
1783935555.8,713,32624,89,11.0,33.0,0.0
1783935556.4,713,32624,89,15.0,33.0,285.0
1783935557.0,713,32624,86,18.0,33.0,402.0
1783935557.6,713,32624,86,11.0,33.0,0.0
1783935558.2,713,32624,86,20.0,33.0,556.0
1783935558.8,713,32624,86,11.0,33.0,0.0
1783935559.4,713,32624,86,11.0,33.0,0.0
1783935560.0,713,32624,86,11.0,33.0,0.0
1783935560.5,713,32624,86,12.0,33.0,0.0
1783935561.1,713,32624,100,22.0,33.0,0.0
1783935561.7,713,32624,86,11.0,33.0,0.0
1783935562.3,713,32624,86,16.0,33.0,219.0
1783935562.9,713,32624,86,12.0,33.0,0.0
1783935563.5,713,32624,86,11.0,33.0,0.0
1783935564.1,713,32624,86,11.0,33.0,0.0
1783935564.7,713,32624,86,11.0,33.0,0.0
1783935565.3,713,32624,86,12.0,33.0,0.0
1783935565.9,713,32624,86,11.0,32.0,0.0
1783935566.5,713,32624,86,15.0,33.0,34.0
1783935567.1,713,32624,86,11.0,33.0,0.0
1783935567.7,713,32624,86,12.0,32.0,0.0
1783935568.3,713,32624,84,18.0,33.0,341.0
1783935568.8,713,32624,84,11.0,33.0,0.0
1783935569.4,713,32624,84,11.0,33.0,0.0
1783935570.0,713,32624,84,11.0,33.0,0.0
1783935570.6,713,32624,84,11.0,33.0,0.0
1783935571.2,713,32624,103,11.0,33.0,0.0
1783935571.8,713,32624,87,22.0,33.0,0.0
1783935572.4,713,32624,87,14.0,33.0,44.0
1783935573.0,713,32624,87,12.0,33.0,0.0
1783935573.6,713,32624,87,12.0,33.0,0.0
1783935574.2,713,32624,87,12.0,33.0,0.0
1783935574.8,713,32624,87,19.0,33.0,86.0
1783935575.4,713,32624,87,11.0,33.0,0.0
1783935576.0,713,32624,100,22.0,33.0,0.0
1783935576.5,713,32624,87,18.0,33.0,864.0
1783935577.1,713,32624,87,11.0,33.0,0.0
1783935577.7,713,32624,87,11.0,33.0,0.0
1783935578.3,713,32624,87,11.0,33.0,0.0
1783935578.9,713,32624,87,12.0,33.0,0.0
1783935579.5,713,32624,84,11.0,33.0,0.0
1783935580.1,713,32624,84,12.0,33.0,0.0
1783935580.7,713,32624,84,17.0,33.0,658.0
1783935581.3,713,32624,84,10.0,33.0,0.0
1783935581.9,745,32624,96,26.0,33.0,1256.0
1783935582.5,743,32624,86,25.0,33.0,1514.0
1783935583.1,745,32624,88,17.0,33.0,66.0
1783935583.7,741,32624,86,15.0,33.0,1277.0
1783935584.2,741,32624,86,23.0,33.0,0.0
1783935584.8,739,32624,84,22.0,33.0,276.0
1783935585.4,739,32624,84,11.0,33.0,0.0
1783935586.0,739,32624,105,22.0,33.0,0.0
1783935586.6,739,32624,105,22.0,33.0,0.0
1783935587.2,739,32624,91,25.0,33.0,38.0
1783935587.8,739,32624,105,22.0,33.0,0.0
1783935588.4,739,32624,89,11.0,33.0,0.0
1783935589.0,739,32624,105,11.0,33.0,0.0
1783935589.6,739,32624,89,11.0,33.0,0.0
1783935590.2,739,32624,105,22.0,33.0,0.0
1783935590.8,739,32624,89,11.0,33.0,0.0
1783935591.4,739,32624,105,10.0,33.0,0.0
1783935592.0,739,32624,86,11.0,33.0,0.0
1783935592.6,739,32624,86,24.0,33.0,566.0
1783935593.2,739,32624,86,11.0,33.0,0.0
1783935593.8,739,32624,91,25.0,33.0,6.0
1783935594.4,739,32624,105,27.0,33.0,45.0
1783935595.0,739,32624,105,22.0,33.0,0.0
1783935595.5,739,32624,105,21.0,33.0,0.0
1783935596.2,739,32624,103,22.0,33.0,0.0
1783935596.8,739,32624,100,22.0,33.0,0.0
1783935597.3,739,32624,103,22.0,33.0,0.0
1783935597.9,739,32624,103,26.0,33.0,25.0
1783935598.5,739,32624,100,22.0,33.0,0.0
1783935599.1,739,32624,87,11.0,33.0,0.0
1783935599.7,739,32624,87,10.0,33.0,0.0
1783935600.3,739,32624,89,22.0,33.0,0.0
1783935600.9,739,32624,103,23.0,33.0,0.0
1783935601.5,739,32624,87,12.0,33.0,0.0
1783935602.1,739,32624,87,10.0,33.0,0.0
1783935602.7,739,32624,87,12.0,33.0,0.0
1783935603.3,739,32624,87,11.0,33.0,0.0
1783935603.9,739,32624,87,11.0,33.0,0.0
1783935604.5,739,32624,87,10.0,33.0,0.0
1783935605.1,739,32624,87,10.0,33.0,0.0
1783935605.7,739,32624,87,22.0,33.0,0.0
1783935606.3,739,32624,87,10.0,33.0,0.0
1783935606.9,739,32624,87,12.0,33.0,0.0
1783935607.5,739,32624,92,22.0,33.0,0.0
1783935608.1,739,32624,105,11.0,33.0,0.0
1783935608.7,739,32624,87,15.0,33.0,655.0
1783935609.3,739,32624,87,11.0,33.0,0.0
1783935609.9,739,32624,113,23.0,33.0,0.0
1783935610.5,739,32624,100,12.0,33.0,0.0
1783935611.1,739,32624,87,10.0,33.0,0.0
1783935611.7,739,32624,87,22.0,33.0,0.0
1783935612.3,739,32624,87,10.0,33.0,0.0
1783935612.9,739,32624,89,22.0,33.0,0.0
1783935613.5,739,32624,87,11.0,33.0,0.0
1783935614.1,739,32624,87,10.0,33.0,0.0
1783935614.7,739,32624,87,11.0,33.0,0.0
1783935615.3,739,32624,103,22.0,33.0,0.0
1783935615.9,739,32624,87,12.0,33.0,0.0
1783935616.5,739,32624,91,22.0,33.0,0.0
1783935617.1,739,32624,102,10.0,33.0,0.0
1783935617.7,739,32624,87,11.0,33.0,0.0
1783935618.3,739,32624,105,22.0,33.0,0.0
1783935618.8,739,32624,103,11.0,33.0,0.0
1783935619.4,739,32624,103,22.0,33.0,0.0
1783935620.0,739,32624,100,12.0,33.0,0.0
1783935620.6,739,32624,114,25.0,33.0,6.0
1783935621.2,739,32624,113,26.0,33.0,609.0
1783935621.8,739,32624,114,11.0,33.0,0.0
1783935622.4,739,32624,110,22.0,33.0,0.0
1783935623.1,739,32624,91,10.0,33.0,0.0
1783935623.6,741,32624,109,22.0,33.0,0.0
1783935624.2,741,32624,95,26.0,33.0,73.0
1783935624.8,741,32624,99,28.0,33.0,51.0
1783935625.4,741,32624,93,22.0,34.0,0.0
1783935626.0,741,32624,95,10.0,34.0,0.0
1783935626.6,741,32624,95,10.0,33.0,0.0
1783935627.2,741,32624,115,23.0,33.0,0.0
1783935627.8,741,32624,90,22.0,33.0,0.0
1783935628.4,741,32624,102,24.0,34.0,207.0
1783935629.0,739,32624,106,22.0,34.0,0.0
1783935629.6,739,32624,90,16.0,33.0,1225.0
1783935630.2,739,32624,106,26.0,34.0,1521.0
1783935630.8,739,32624,99,10.0,33.0,0.0
1783935631.4,739,32624,89,11.0,33.0,0.0
1783935632.0,739,32624,89,11.0,33.0,0.0
1783935632.6,739,32624,89,11.0,33.0,0.0
1783935633.2,739,32624,89,11.0,33.0,0.0
1783935633.8,739,32624,89,15.0,33.0,44.0
1783935634.4,739,32624,89,11.0,33.0,0.0
1783935635.0,739,32624,89,16.0,33.0,77.0
1783935635.6,739,32624,102,32.0,33.0,581.0
1783935636.2,739,32624,87,15.0,33.0,674.0
1783935636.8,739,32624,87,11.0,33.0,0.0
1783935637.4,739,32624,87,11.0,33.0,0.0
1783935637.9,739,32624,87,11.0,33.0,0.0
1783935638.5,739,32624,87,11.0,33.0,0.0
1783935639.1,739,32624,87,11.0,33.0,0.0
1783935639.7,739,32624,87,14.0,33.0,574.0
1783935640.3,739,32624,87,10.0,33.0,0.0
1783935640.9,739,32624,84,11.0,33.0,0.0
1783935641.5,739,32624,84,14.0,33.0,645.0
1783935642.1,739,32624,84,11.0,33.0,0.0
1783935642.7,739,32624,84,11.0,33.0,0.0
1783935643.3,739,32624,84,16.0,33.0,3.0
1783935643.9,739,32624,84,11.0,33.0,0.0
1783935644.5,739,32624,84,11.0,33.0,0.0
1783935645.1,739,32624,84,10.0,33.0,0.0
1783935645.7,739,32624,99,21.0,33.0,0.0
1783935646.3,739,32624,86,11.0,33.0,0.0
1783935646.8,739,32624,86,11.0,33.0,0.0
1783935647.4,739,32624,86,10.0,33.0,0.0
1783935648.0,739,32624,86,11.0,33.0,0.0
1783935648.6,739,32624,101,22.0,33.0,0.0
1783935649.2,739,32624,98,12.0,33.0,0.0
1783935649.8,739,32624,98,11.0,33.0,0.0
1783935650.4,739,32624,114,23.0,33.0,0.0
1783935651.0,739,32624,102,22.0,33.0,0.0
1783935651.6,739,32624,102,22.0,33.0,0.0
1783935652.2,739,32624,88,11.0,33.0,0.0
1783935652.8,739,32624,88,11.0,33.0,0.0
1783935653.4,739,32624,88,16.0,33.0,28.0
1783935654.0,739,32624,107,23.0,33.0,0.0
1783935654.6,739,32624,93,26.0,34.0,66.0
1783935655.2,739,32624,96,27.0,34.0,126.0
1783935655.8,739,32624,96,29.0,34.0,1275.0
1783935656.4,739,32624,96,10.0,33.0,0.0
1783935657.0,739,32624,88,22.0,34.0,0.0
1783935657.6,739,32624,91,27.0,34.0,1494.0
1783935658.2,739,32624,87,11.0,33.0,0.0
1783935658.8,739,32624,87,26.0,34.0,52.0
1783935659.4,739,32624,102,22.0,34.0,0.0
1783935659.9,739,32624,89,11.0,33.0,0.0
1783935660.5,739,32624,89,23.0,33.0,196.0
1783935661.1,739,32624,89,11.0,33.0,0.0
1783935661.7,739,32624,89,10.0,33.0,0.0
1783935662.3,739,32624,89,11.0,33.0,0.0
1783935662.9,739,32624,91,27.0,34.0,464.0
1783935663.5,739,32624,89,12.0,33.0,0.0
1783935664.1,739,32624,89,11.0,33.0,0.0
1783935664.7,739,32624,104,23.0,34.0,0.0
1783935665.3,739,32624,104,12.0,33.0,0.0
1783935665.9,739,32624,104,27.0,33.0,0.0
1783935666.5,739,32624,89,11.0,33.0,0.0
1783935667.1,739,32624,89,10.0,33.0,0.0
1783935667.7,739,32624,105,22.0,34.0,0.0
1783935668.3,739,32624,102,12.0,33.0,0.0
1783935668.9,739,32624,89,10.0,33.0,0.0
1783935669.5,739,32624,89,11.0,33.0,0.0
1783935670.1,739,32624,89,11.0,33.0,0.0
1783935670.7,739,32624,89,13.0,33.0,455.0
1783935671.2,739,32624,105,11.0,33.0,0.0
1783935671.8,739,32624,91,27.0,34.0,34.0
1783935672.4,739,32624,91,24.0,33.0,158.0
1783935673.0,739,32624,89,10.0,33.0,0.0
1783935673.6,744,32624,91,10.0,33.0,0.0
1783935674.2,744,32624,91,13.0,33.0,540.0
1783935674.8,744,32624,91,11.0,33.0,0.0
1783935675.4,742,32624,87,19.0,33.0,210.0
1783935676.0,742,32624,89,11.0,33.0,0.0
1783935676.6,742,32624,89,22.0,34.0,0.0
1783935677.2,742,32624,89,10.0,33.0,0.0
1783935677.8,742,32624,82,17.0,33.0,46.0
1783935678.4,742,32624,96,22.0,33.0,0.0
1783935679.0,742,32624,100,22.0,33.0,0.0
1783935679.6,742,32624,98,24.0,33.0,0.0
1783935680.2,742,32624,100,11.0,33.0,0.0
1783935680.8,742,32624,84,11.0,33.0,0.0
1783935681.4,742,32624,84,11.0,33.0,0.0
1783935682.0,742,32624,100,22.0,34.0,0.0
1783935682.6,742,32624,98,22.0,33.0,0.0
1783935683.1,742,32624,100,11.0,34.0,0.0
1783935683.7,742,32624,98,22.0,34.0,0.0
1783935684.3,742,32624,100,21.0,33.0,0.0
1783935684.9,742,32624,98,11.0,34.0,0.0
1783935685.5,744,32624,93,12.0,34.0,0.0
1783935686.1,744,32624,86,13.0,34.0,0.0
1783935686.7,744,32624,105,22.0,34.0,0.0
1783935687.3,742,32624,91,22.0,34.0,0.0
1783935687.9,744,32624,109,22.0,34.0,0.0
1783935688.5,744,32624,100,22.0,34.0,0.0
1783935689.1,744,32624,98,25.0,34.0,11.0
1783935689.7,742,32624,107,22.0,34.0,0.0
1783935690.3,742,32624,89,11.0,34.0,0.0
1783935690.9,742,32624,89,22.0,34.0,0.0
1783935691.5,742,32624,95,14.0,34.0,62.0
1783935692.1,742,32624,118,30.0,34.0,1686.0
1783935692.7,742,32624,95,22.0,34.0,0.0
1783935693.3,742,32624,87,12.0,33.0,0.0
1783935693.9,742,32624,87,11.0,33.0,0.0
1783935694.5,742,32624,87,11.0,33.0,0.0
1783935695.1,742,32624,87,11.0,33.0,0.0
1783935695.7,742,32624,87,15.0,33.0,33.0
1783935696.3,742,32624,87,10.0,33.0,0.0
1783935696.9,744,32624,89,14.0,34.0,0.0
1783935697.5,744,32624,102,22.0,34.0,0.0
1783935698.1,744,32624,89,10.0,34.0,0.0
1783935698.7,744,32624,89,10.0,33.0,0.0
1783935699.3,744,32624,89,11.0,33.0,0.0
1783935699.9,744,32624,89,10.0,33.0,0.0
1783935700.5,744,32624,89,11.0,33.0,0.0
1783935701.1,744,32624,84,12.0,33.0,0.0
1783935701.7,744,32624,82,10.0,33.0,0.0
1783935702.3,744,32624,84,11.0,33.0,0.0
1783935702.9,744,32624,84,10.0,33.0,0.0
1783935703.5,744,32624,84,11.0,33.0,0.0
1783935704.1,744,32624,84,11.0,34.0,0.0
1783935704.7,744,32624,84,15.0,33.0,6.0
1783935705.3,744,32624,82,14.0,34.0,25.0
1783935705.9,744,32624,82,11.0,33.0,0.0
1783935706.5,744,32624,82,11.0,33.0,0.0
1783935707.1,744,32624,84,14.0,33.0,6.0
1783935707.7,744,32624,98,11.0,34.0,0.0
1783935708.3,744,32624,84,13.0,33.0,0.0
1783935708.9,744,32624,84,10.0,33.0,0.0
1783935709.5,744,32624,84,11.0,33.0,0.0
1783935710.1,744,32624,84,11.0,33.0,0.0
1783935710.7,744,32624,84,11.0,33.0,0.0
1783935711.2,744,32624,84,11.0,33.0,0.0
1783935711.8,744,32624,84,18.0,33.0,689.0
1783935712.4,744,32624,98,11.0,33.0,0.0
1783935713.0,744,32624,82,10.0,33.0,0.0
1783935713.6,744,32624,82,16.0,33.0,13.0
1783935714.2,744,32624,82,11.0,33.0,0.0
1783935714.8,744,32624,82,11.0,33.0,0.0
1783935715.4,744,32624,82,12.0,33.0,0.0
1783935716.0,744,32624,82,11.0,33.0,0.0
1783935716.6,744,32624,82,12.0,33.0,0.0
1783935717.2,744,32624,82,11.0,33.0,0.0
1783935717.8,744,32624,82,15.0,33.0,500.0
1783935718.4,744,32624,82,10.0,33.0,0.0
1783935719.0,744,32624,82,16.0,33.0,64.0
1783935719.6,744,32624,82,10.0,33.0,0.0
1783935720.2,744,32624,82,11.0,33.0,0.0
1783935720.8,744,32624,82,12.0,33.0,0.0
1783935721.4,744,32624,82,19.0,33.0,529.0
1783935722.0,744,32624,82,12.0,33.0,0.0
1783935722.6,744,32624,96,22.0,33.0,0.0
1783935723.1,744,32624,82,17.0,33.0,121.0
1783935723.7,744,32624,82,10.0,33.0,0.0
1783935724.3,744,32624,82,15.0,33.0,97.0
1783935724.9,744,32624,82,14.0,33.0,41.0
1783935725.5,744,32624,82,12.0,33.0,0.0
1783935726.1,744,32624,82,12.0,33.0,0.0
1783935726.7,744,32624,82,12.0,33.0,0.0
1783935727.3,744,32624,96,24.0,33.0,565.0
1783935727.9,744,32624,82,15.0,33.0,64.0
1783935728.5,744,32624,82,22.0,33.0,111.0
1783935729.1,744,32624,82,19.0,33.0,251.0
1783935729.7,744,32624,82,11.0,33.0,0.0
1783935730.3,744,32624,82,11.0,33.0,0.0
1783935730.9,744,32624,82,10.0,33.0,0.0
1783935731.5,744,32624,82,13.0,33.0,33.0
1783935732.1,744,32624,82,12.0,33.0,0.0
1783935732.6,744,32624,82,11.0,33.0,0.0
1783935733.2,744,32624,82,18.0,33.0,32.0
1783935733.8,744,32624,82,11.0,33.0,0.0
1783935734.4,768,32624,106,26.0,33.0,13.0
1783935735.0,768,32624,106,32.0,33.0,294.0
1783935735.6,768,32624,84,11.0,33.0,0.0
1783935736.2,768,32624,84,11.0,33.0,0.0
1783935736.8,768,32624,84,12.0,33.0,0.0
1783935737.4,768,32624,98,25.0,33.0,389.0
1783935738.0,768,32624,84,15.0,33.0,17.0
1783935738.6,768,32624,84,21.0,33.0,500.0
1783935739.2,768,32624,84,13.0,33.0,11.0
1783935739.8,768,32624,84,10.0,33.0,0.0
1783935740.4,768,32624,80,11.0,33.0,0.0
1783935740.9,768,32624,80,10.0,33.0,0.0
1783935741.5,768,32624,80,11.0,33.0,0.0
1783935742.1,768,32624,80,11.0,33.0,0.0
1783935742.7,768,32624,97,11.0,33.0,0.0
1783935743.3,768,32624,84,20.0,33.0,238.0
1783935743.9,768,32624,84,11.0,33.0,0.0
1783935744.5,768,32624,84,14.0,33.0,20.0
1783935745.1,768,32624,84,14.0,33.0,32.0
1783935745.7,768,32624,84,11.0,33.0,0.0
1783935746.3,768,32624,80,18.0,33.0,57.0
1783935746.9,768,32624,80,13.0,33.0,201.0
1783935747.5,768,32624,80,17.0,33.0,35.0
1783935748.1,768,32624,80,15.0,33.0,986.0
1783935748.7,768,32624,80,12.0,33.0,0.0
1783935749.2,768,32624,80,11.0,33.0,0.0
1783935749.8,768,32624,80,11.0,33.0,0.0
1783935750.4,768,32624,80,11.0,33.0,0.0
1783935751.0,768,32624,80,12.0,33.0,0.0
1783935751.6,768,32624,80,14.0,33.0,27.0
1783935752.2,768,32624,80,18.0,33.0,1217.0
1783935752.8,768,32624,94,12.0,33.0,0.0
1783935753.4,768,32624,80,18.0,33.0,60.0
1783935754.0,768,32624,80,11.0,33.0,0.0
1783935754.6,768,32624,80,11.0,33.0,0.0
1783935755.2,768,32624,80,11.0,33.0,0.0
1783935755.8,768,32624,80,10.0,33.0,0.0
1783935756.4,768,32624,80,12.0,33.0,0.0
1783935757.0,764,32624,80,11.0,33.0,0.0
1783935757.6,764,32624,94,26.0,33.0,33.0
1783935758.2,764,32624,94,11.0,33.0,0.0
1783935758.7,764,32624,80,12.0,33.0,0.0
1783935759.3,764,32624,80,15.0,33.0,6.0
1783935759.9,764,32624,80,10.0,33.0,0.0
1783935760.5,764,32624,80,17.0,33.0,1192.0
1783935761.1,764,32624,80,18.0,33.0,271.0
1783935761.7,764,32624,80,11.0,33.0,0.0
1783935762.3,764,32624,80,10.0,33.0,0.0
1783935762.9,764,32624,80,12.0,33.0,0.0
1783935763.5,764,32624,80,15.0,33.0,66.0
1783935764.1,764,32624,80,13.0,33.0,6.0
1783935764.7,764,32624,80,11.0,33.0,0.0
1783935765.3,764,32624,80,14.0,33.0,6.0
1783935765.9,764,32624,80,11.0,33.0,0.0
1783935766.5,764,32624,80,11.0,33.0,0.0
1783935767.1,764,32624,80,15.0,33.0,47.0
1783935767.7,764,32624,94,11.0,33.0,0.0
1783935768.3,764,32624,80,11.0,33.0,0.0
1783935768.8,764,32624,80,11.0,33.0,0.0
1783935769.4,764,32624,80,11.0,33.0,0.0
1783935770.0,764,32624,80,11.0,33.0,0.0
1783935770.6,764,32624,80,11.0,33.0,0.0
1783935771.2,764,32624,80,15.0,33.0,22.0
1783935771.8,764,32624,80,10.0,33.0,0.0
1783935772.4,764,32624,96,22.0,33.0,0.0
1783935773.0,764,32624,82,11.0,33.0,0.0
1783935773.6,764,32624,82,14.0,33.0,18.0
1783935774.2,764,32624,82,10.0,33.0,0.0
1783935774.8,764,32624,82,11.0,33.0,0.0
1783935775.4,764,32624,82,14.0,33.0,538.0
1783935776.0,764,32624,82,11.0,33.0,0.0
1783935776.6,764,32624,82,12.0,33.0,0.0
1783935777.2,764,32624,82,12.0,33.0,0.0
1783935777.8,764,32624,82,11.0,33.0,0.0
1783935778.3,764,32624,82,10.0,33.0,0.0
1783935779.0,764,32624,82,12.0,33.0,0.0
1783935779.6,764,32624,82,10.0,33.0,0.0
1783935780.2,764,32624,82,12.0,33.0,0.0
1783935780.8,764,32624,82,11.0,33.0,0.0
1783935781.4,764,32624,82,15.0,33.0,35.0
1783935782.0,764,32624,82,11.0,33.0,0.0
1783935782.6,764,32624,129,22.0,33.0,0.0
1783935783.2,764,32624,82,10.0,33.0,0.0
1783935783.8,764,32624,82,11.0,33.0,0.0
1783935784.4,764,32624,82,15.0,33.0,44.0
1783935784.9,764,32624,82,11.0,33.0,0.0
1783935785.5,764,32624,82,12.0,33.0,0.0
1783935786.1,764,32624,82,18.0,33.0,0.0
1783935786.7,764,32624,82,11.0,33.0,0.0
1783935787.3,764,32624,96,22.0,33.0,0.0
1783935787.9,764,32624,82,17.0,33.0,121.0
1783935788.5,764,32624,82,11.0,33.0,0.0
1783935789.1,764,32624,82,11.0,33.0,0.0
1783935789.7,764,32624,82,18.0,33.0,669.0
1783935790.3,764,32624,82,11.0,33.0,0.0
1783935790.9,764,32624,82,11.0,33.0,0.0
1783935791.5,764,32624,82,14.0,33.0,39.0
1783935792.1,764,32624,82,11.0,33.0,0.0
1783935792.7,764,32624,82,10.0,33.0,0.0
1783935793.3,764,32624,82,12.0,33.0,2.0
1783935793.9,764,32624,82,10.0,33.0,0.0
1783935794.5,764,32624,82,11.0,33.0,0.0
1783935795.0,764,32624,82,15.0,33.0,6.0
1783935795.6,764,32624,82,10.0,33.0,0.0
1783935796.2,764,32624,82,11.0,33.0,0.0
1783935796.8,764,32624,82,15.0,33.0,21.0
1783935797.4,764,32624,96,22.0,33.0,0.0
1783935798.0,764,32624,82,10.0,33.0,0.0
1783935798.6,764,32624,82,11.0,33.0,0.0
1783935799.2,764,32624,82,11.0,33.0,0.0
1783935799.8,764,32624,82,11.0,33.0,0.0
1783935800.4,764,32624,82,11.0,33.0,0.0
1783935801.0,764,32624,80,12.0,33.0,0.0
1783935801.6,764,32624,80,14.0,33.0,53.0
1783935802.2,764,32624,80,11.0,33.0,0.0
1783935802.8,764,32624,94,15.0,33.0,6.0
1783935803.4,764,32624,80,10.0,33.0,0.0
1783935804.0,764,32624,80,10.0,33.0,0.0
1783935804.6,764,32624,80,11.0,33.0,0.0
1783935805.2,764,32624,80,15.0,33.0,27.0
1783935805.8,764,32624,80,10.0,33.0,0.0
1783935806.4,764,32624,80,11.0,33.0,0.0
1783935807.0,764,32624,80,14.0,33.0,468.0
1783935807.6,764,32624,80,12.0,33.0,0.0
1783935808.1,764,32624,80,10.0,33.0,0.0
1783935808.7,764,32624,80,11.0,33.0,0.0
1783935809.3,764,32624,80,11.0,33.0,0.0
1783935809.9,764,32624,80,10.0,32.0,0.0
1783935810.5,764,32624,80,11.0,33.0,0.0
1783935811.1,764,32624,80,11.0,33.0,0.0
1783935811.7,764,32624,80,11.0,33.0,0.0
1783935812.3,764,32624,112,29.0,33.0,712.0
1783935812.9,764,32624,85,12.0,33.0,0.0
1783935813.5,764,32624,82,11.0,33.0,0.0
1783935814.1,764,32624,82,12.0,33.0,0.0
1783935814.7,764,32624,82,10.0,33.0,0.0
1783935815.3,764,32624,82,18.0,33.0,76.0
1783935815.9,764,32624,82,10.0,33.0,0.0
1783935816.5,764,32624,82,11.0,33.0,0.0
1783935817.1,764,32624,82,17.0,33.0,274.0
1783935817.7,764,32624,96,22.0,33.0,0.0
1783935818.3,764,32624,82,11.0,33.0,0.0
1783935818.9,764,32624,82,14.0,33.0,40.0
1783935819.5,764,32624,82,11.0,33.0,0.0
1783935820.1,764,32624,82,11.0,33.0,0.0
1783935820.7,764,32624,82,15.0,33.0,35.0
1783935821.3,764,32624,82,11.0,33.0,0.0
1783935821.9,764,32624,82,10.0,33.0,0.0
1783935822.5,764,32624,82,17.0,33.0,541.0
1783935823.0,764,32624,82,10.0,33.0,0.0
1783935823.6,764,32624,82,11.0,33.0,0.0
1783935824.2,764,32624,82,17.0,33.0,975.0
1783935824.8,764,32624,82,12.0,33.0,0.0
1783935825.4,764,32624,82,11.0,33.0,0.0
1783935826.0,764,32624,82,11.0,33.0,0.0
1783935826.6,764,32624,82,11.0,33.0,0.0
1783935827.2,764,32624,82,10.0,33.0,0.0
1783935827.8,764,32624,85,24.0,33.0,358.0
1783935828.4,764,32624,82,11.0,33.0,0.0
1783935829.0,764,32624,82,10.0,33.0,0.0
1783935829.6,764,32624,82,9.0,33.0,0.0
1783935830.2,764,32624,82,11.0,33.0,0.0
1783935830.8,764,32624,82,12.0,33.0,0.0
1783935831.4,764,32624,82,12.0,33.0,0.0
1783935832.0,764,32624,82,11.0,33.0,0.0
1783935832.6,764,32624,96,10.0,33.0,0.0
1783935833.2,764,32624,96,10.0,32.0,0.0
1783935833.8,764,32624,82,11.0,33.0,0.0
1783935834.3,764,32624,82,15.0,33.0,28.0
1783935834.9,764,32624,82,11.0,33.0,0.0
1783935835.5,764,32624,82,11.0,33.0,0.0
1783935836.1,764,32624,82,11.0,33.0,0.0
1783935836.7,764,32624,82,12.0,33.0,0.0
1783935837.3,764,32624,82,11.0,32.0,0.0
1783935837.9,764,32624,82,11.0,33.0,0.0
1783935838.5,764,32624,82,11.0,33.0,0.0
1783935839.1,764,32624,82,10.0,33.0,0.0
1783935839.7,764,32624,82,11.0,32.0,0.0
1783935840.3,764,32624,82,12.0,33.0,0.0
1783935840.9,764,32624,80,12.0,33.0,0.0
1783935841.5,764,32624,80,11.0,33.0,0.0
1783935842.1,764,32624,80,11.0,33.0,0.0
1783935842.7,764,32624,94,11.0,33.0,0.0
1783935843.3,764,32624,94,11.0,33.0,0.0
1783935843.9,764,32624,80,10.0,33.0,0.0
1783935844.5,764,32624,80,22.0,33.0,0.0
1783935845.0,764,32624,80,12.0,33.0,0.0
1783935845.6,764,32624,80,10.0,33.0,0.0
1783935846.2,764,32624,80,11.0,33.0,0.0
1783935846.8,764,32624,80,12.0,32.0,0.0
1783935847.4,764,32624,93,22.0,33.0,0.0
1783935848.0,764,32624,93,11.0,33.0,0.0
1783935848.6,764,32624,79,10.0,33.0,0.0
1783935849.2,764,32624,79,10.0,33.0,0.0
1783935849.8,764,32624,79,10.0,33.0,0.0
1783935850.4,764,32624,79,11.0,32.0,0.0
1783935851.0,764,32624,79,12.0,33.0,0.0
1783935851.6,764,32624,80,10.0,33.0,0.0
1783935852.2,764,32624,80,11.0,33.0,0.0
1783935852.8,764,32624,80,11.0,33.0,0.0
1783935853.4,764,32624,80,10.0,32.0,0.0
1783935853.9,755,32624,88,11.0,33.0,0.0
1783935854.5,755,32624,88,11.0,33.0,0.0
1783935855.1,755,32624,88,11.0,33.0,0.0
1783935855.7,745,32624,84,11.0,33.0,0.0
1783935856.3,745,32624,84,11.0,33.0,0.0
1783935856.9,745,32624,84,11.0,33.0,0.0
1783935857.5,745,32624,97,22.0,33.0,0.0
1783935858.1,745,32624,97,10.0,33.0,0.0
1783935858.7,745,32624,83,11.0,33.0,0.0
1783935859.3,745,32624,83,11.0,33.0,0.0
1783935859.9,745,32624,84,11.0,33.0,0.0
1783935860.5,745,32624,84,11.0,33.0,0.0
1783935861.1,745,32624,84,11.0,33.0,0.0
1783935861.7,745,32624,84,11.0,32.0,0.0
1783935862.3,745,32624,84,11.0,33.0,0.0
1783935862.9,745,32624,97,11.0,33.0,0.0
1783935863.4,745,32624,83,22.0,33.0,0.0
1783935864.0,745,32624,83,11.0,32.0,0.0
1783935864.6,745,32624,84,11.0,32.0,0.0
1783935865.2,745,32624,84,11.0,32.0,0.0
1783935865.8,745,32624,84,11.0,33.0,0.0
1783935866.4,745,32624,84,11.0,32.0,0.0
1783935867.0,745,32624,84,11.0,33.0,0.0
1783935867.6,745,32624,84,11.0,33.0,0.0
1783935868.2,745,32624,84,11.0,33.0,0.0
1783935868.8,745,32624,84,11.0,33.0,0.0
1783935869.4,745,32624,84,14.0,33.0,8.0
1783935870.0,745,32624,84,11.0,33.0,0.0
1783935870.6,745,32624,84,11.0,33.0,0.0
1783935871.2,745,32624,84,11.0,33.0,0.0
1783935871.8,745,32624,84,15.0,32.0,17.0
1783935872.4,745,32624,93,22.0,33.0,0.0
1783935872.9,745,32624,104,10.0,32.0,0.0
1783935873.5,745,32624,86,12.0,33.0,0.0
1783935874.1,745,32624,86,10.0,33.0,0.0
1783935874.7,745,32624,86,10.0,32.0,0.0
1783935875.3,745,32624,86,12.0,33.0,0.0
1783935875.9,745,32624,86,11.0,32.0,0.0
1783935876.5,745,32624,86,12.0,33.0,0.0
1783935877.1,745,32624,86,11.0,33.0,0.0
1783935877.7,745,32624,99,11.0,33.0,0.0
1783935878.3,745,32624,99,12.0,33.0,0.0
1783935878.9,745,32624,86,11.0,32.0,0.0
1783935879.5,745,32624,86,22.0,33.0,0.0
1783935880.1,745,32624,86,11.0,32.0,0.0
1783935880.7,745,32624,86,11.0,33.0,0.0
1783935881.3,745,32624,86,11.0,32.0,0.0
1783935881.8,745,32624,86,11.0,32.0,0.0
1783935882.4,745,32624,86,11.0,32.0,0.0
1783935883.0,745,32624,86,11.0,33.0,0.0
1783935883.6,745,32624,86,11.0,33.0,0.0
1783935884.2,745,32624,86,11.0,33.0,0.0
1783935884.8,745,32624,86,11.0,33.0,0.0
1783935885.4,745,32624,86,11.0,33.0,0.0
1783935886.0,745,32624,86,11.0,32.0,0.0
1783935886.6,745,32624,86,11.0,33.0,0.0
1783935887.2,745,32624,86,11.0,33.0,0.0
1783935887.8,745,32624,99,11.0,33.0,0.0
1783935888.4,745,32624,85,16.0,33.0,1082.0
1783935889.0,745,32624,91,11.0,33.0,0.0
1783935889.6,745,32624,85,11.0,33.0,0.0
1783935890.2,745,32624,85,11.0,32.0,0.0
1783935890.8,745,32624,85,12.0,32.0,0.0
1783935891.4,745,32624,85,11.0,32.0,0.0
1783935891.9,745,32624,85,11.0,32.0,0.0
1783935892.5,745,32624,99,22.0,33.0,0.0
1783935893.1,745,32624,99,11.0,33.0,0.0
1783935893.7,745,32624,85,12.0,33.0,0.0
1783935894.3,745,32624,85,11.0,32.0,0.0
1783935894.9,745,32624,85,10.0,33.0,0.0
1783935895.5,745,32624,85,11.0,32.0,0.0
1783935896.1,745,32624,85,11.0,32.0,0.0
1783935896.7,745,32624,85,12.0,32.0,0.0
1783935897.3,745,32624,85,11.0,32.0,0.0
1783935897.9,745,32624,85,11.0,32.0,0.0
1783935898.5,745,32624,85,11.0,32.0,0.0
1783935899.1,745,32624,91,11.0,32.0,0.0
1783935899.7,745,32624,91,12.0,33.0,0.0
1783935900.3,745,32624,91,10.0,32.0,0.0
1783935900.9,745,32624,85,11.0,33.0,0.0
1783935901.4,745,32624,85,11.0,33.0,0.0
1783935902.0,745,32624,85,11.0,33.0,0.0
1783935902.6,745,32624,102,22.0,33.0,0.0
1783935903.2,745,32624,101,10.0,33.0,0.0
1783935903.8,745,32624,86,10.0,33.0,0.0
1783935904.4,745,32624,86,22.0,33.0,0.0
1783935905.0,745,32624,86,12.0,33.0,0.0
1783935905.6,745,32624,86,11.0,33.0,0.0
1783935906.2,745,32624,86,13.0,32.0,0.0
1783935906.8,745,32624,86,12.0,33.0,0.0
1783935907.4,745,32624,93,22.0,33.0,0.0
1783935908.0,745,32624,99,11.0,32.0,0.0
1783935908.6,745,32624,86,11.0,33.0,0.0
1783935909.2,745,32624,92,11.0,33.0,0.0
1783935909.8,745,32624,86,11.0,33.0,0.0
1783935910.4,745,32624,86,10.0,33.0,0.0
1783935910.9,745,32624,86,10.0,33.0,0.0
1783935911.5,745,32624,86,12.0,33.0,0.0
1783935912.1,745,32624,86,11.0,33.0,0.0
1783935912.7,745,32624,86,11.0,33.0,0.0
1783935913.3,745,32624,86,12.0,33.0,0.0
1783935913.9,747,32624,88,10.0,33.0,0.0
1783935914.5,747,32624,88,12.0,33.0,0.0
1783935915.1,747,32624,88,10.0,33.0,0.0
1783935915.7,747,32624,88,11.0,33.0,0.0
1783935916.3,747,32624,88,10.0,33.0,0.0
1783935916.9,747,32624,88,11.0,33.0,0.0
1783935917.5,747,32624,103,22.0,33.0,0.0
1783935918.1,747,32624,105,11.0,33.0,0.0
1783935918.7,747,32624,88,10.0,33.0,0.0
1783935919.3,747,32624,88,11.0,33.0,0.0
1783935919.9,747,32624,88,11.0,33.0,0.0
1783935920.5,747,32624,88,11.0,33.0,0.0
1783935921.0,747,32624,88,11.0,32.0,0.0
1783935921.6,747,32624,88,11.0,33.0,0.0
1783935922.2,747,32624,88,11.0,33.0,0.0
1783935922.8,747,32624,102,12.0,33.0,0.0
1783935923.4,747,32624,88,15.0,33.0,6.0
1783935924.0,747,32624,88,11.0,33.0,0.0
1783935924.6,747,32624,88,11.0,33.0,0.0
1783935925.2,747,32624,88,12.0,33.0,0.0
1783935925.8,747,32624,88,11.0,33.0,0.0
1783935926.4,747,32624,88,10.0,33.0,0.0
1783935927.0,747,32624,88,11.0,33.0,0.0
1783935927.6,747,32624,88,11.0,33.0,0.0
1783935928.2,747,32624,88,12.0,33.0,0.0
1783935928.8,747,32624,88,11.0,33.0,0.0
1783935929.4,747,32624,88,10.0,33.0,0.0
1783935930.0,747,32624,88,11.0,33.0,0.0
1783935930.5,747,32624,88,10.0,33.0,0.0
1783935931.1,747,32624,88,11.0,33.0,0.0
1783935931.7,747,32624,88,11.0,33.0,0.0
1783935932.3,747,32624,97,11.0,33.0,0.0
1783935932.9,747,32624,105,11.0,33.0,0.0
1783935933.5,747,32624,94,11.0,33.0,0.0
1783935934.1,747,32624,94,12.0,33.0,0.0
1783935934.7,747,32624,88,12.0,33.0,0.0
1783935935.3,747,32624,88,11.0,33.0,0.0
1783935935.9,747,32624,88,11.0,33.0,0.0
1783935936.5,747,32624,88,11.0,33.0,0.0
1783935937.1,747,32624,88,11.0,33.0,0.0
1783935937.7,747,32624,101,11.0,33.0,0.0
1783935938.3,747,32624,101,11.0,33.0,0.0
1783935938.9,747,32624,88,11.0,32.0,0.0
1783935939.4,747,32624,88,22.0,33.0,155.0
1783935940.0,747,32624,88,11.0,33.0,0.0
1783935940.6,747,32624,88,11.0,32.0,0.0
1783935941.2,747,32624,88,11.0,32.0,0.0
1783935941.8,747,32624,88,10.0,32.0,0.0
1783935942.4,747,32624,88,12.0,32.0,0.0
1783935943.0,747,32624,88,11.0,32.0,0.0
1783935943.6,747,32624,88,11.0,33.0,0.0
1783935944.2,747,32624,88,11.0,32.0,0.0
1783935944.8,747,32624,88,11.0,33.0,0.0
1783935945.4,747,32624,88,12.0,33.0,0.0
1783935946.0,747,32624,88,11.0,33.0,0.0
1783935946.6,747,32624,88,12.0,33.0,0.0
1783935947.2,747,32624,88,11.0,32.0,0.0
1783935947.8,747,32624,111,12.0,33.0,0.0
1783935948.4,747,32624,111,11.0,33.0,0.0
1783935948.9,747,32624,88,11.0,33.0,0.0
1783935949.5,747,32624,88,18.0,32.0,25.0
1783935950.1,747,32624,88,11.0,32.0,0.0
1783935950.7,747,32624,88,11.0,33.0,0.0
1783935951.3,747,32624,88,11.0,33.0,0.0
1783935951.9,747,32624,88,12.0,32.0,0.0
1783935952.5,747,32624,102,27.0,33.0,1421.0
1783935953.1,747,32624,102,12.0,32.0,0.0
1783935953.7,747,32624,88,10.0,32.0,0.0
1783935954.3,747,32624,88,11.0,32.0,0.0
1783935954.9,747,32624,88,12.0,33.0,0.0
1783935955.5,747,32624,88,11.0,32.0,0.0
1783935956.1,747,32624,88,11.0,33.0,0.0
1783935956.7,747,32624,88,11.0,33.0,0.0
1783935957.2,747,32624,88,11.0,33.0,0.0
1783935957.8,747,32624,88,11.0,33.0,0.0
1783935958.4,747,32624,88,11.0,32.0,0.0
1783935959.0,747,32624,88,11.0,33.0,0.0
1783935959.6,747,32624,88,12.0,33.0,0.0
1783935960.2,747,32624,88,10.0,33.0,0.0
1783935960.8,747,32624,88,11.0,33.0,0.0
1783935961.4,747,32624,88,11.0,33.0,0.0
1783935962.0,747,32624,88,11.0,33.0,0.0
1783935962.6,747,32624,105,22.0,33.0,0.0
1783935963.2,747,32624,94,11.0,33.0,0.0
1783935963.8,747,32624,88,10.0,33.0,0.0
1783935964.4,747,32624,88,12.0,33.0,0.0
1783935965.0,747,32624,94,11.0,33.0,0.0
1783935965.6,747,32624,94,11.0,33.0,0.0
1783935966.2,747,32624,94,11.0,33.0,0.0
1783935966.8,747,32624,88,11.0,33.0,0.0
1783935967.4,747,32624,102,22.0,33.0,0.0
1783935968.0,747,32624,102,11.0,33.0,0.0
1783935968.6,747,32624,102,10.0,32.0,0.0
1783935969.2,747,32624,88,11.0,33.0,0.0
1783935969.8,747,32624,88,10.0,32.0,0.0
1783935970.4,747,32624,88,11.0,33.0,0.0
1783935971.0,747,32624,88,10.0,33.0,0.0
1783935971.6,747,32624,88,12.0,33.0,0.0
1783935972.2,747,32624,88,11.0,33.0,0.0
1783935972.8,747,32624,88,11.0,33.0,0.0
1783935973.4,747,32624,85,11.0,33.0,0.0
1783935973.9,747,32624,85,11.0,33.0,0.0
1783935974.5,747,32624,91,11.0,33.0,0.0
1783935975.1,747,32624,91,12.0,32.0,0.0
1783935975.7,747,32624,86,11.0,32.0,0.0
1783935976.3,747,32624,81,11.0,32.0,0.0
1783935976.9,747,32624,88,13.0,32.0,0.0
1783935977.5,747,32624,118,22.0,33.0,0.0
1783935978.1,747,32624,96,11.0,33.0,0.0
1783935978.7,747,32624,96,11.0,33.0,0.0
1783935979.3,747,32624,96,10.0,32.0,0.0
1783935979.9,747,32624,81,11.0,33.0,0.0
1783935980.5,747,32624,81,11.0,33.0,0.0
1783935981.1,747,32624,81,10.0,32.0,0.0
1783935981.7,747,32624,81,10.0,32.0,0.0
1783935982.3,747,32624,81,12.0,32.0,0.0
1783935982.9,747,32624,95,25.0,33.0,6.0
1783935983.5,747,32624,81,10.0,33.0,0.0
1783935984.1,747,32624,81,10.0,32.0,0.0
1783935984.7,747,32624,81,11.0,33.0,0.0
1783935985.3,747,32624,81,11.0,33.0,0.0
1783935985.9,747,32624,81,11.0,32.0,0.0
1783935986.5,747,32624,81,11.0,32.0,0.0
1783935987.1,747,32624,86,11.0,33.0,0.0
1783935987.7,747,32624,86,11.0,32.0,0.0
1783935988.3,747,32624,86,11.0,33.0,0.0
1783935988.9,747,32624,86,10.0,33.0,0.0
1783935989.5,747,32624,86,10.0,33.0,0.0
1783935990.1,747,32624,86,13.0,32.0,0.0
1783935990.7,747,32624,86,11.0,33.0,0.0
1783935991.3,747,32624,86,9.0,32.0,0.0
1783935991.9,747,32624,86,11.0,32.0,0.0
1783935992.4,747,32624,95,22.0,33.0,0.0
1783935993.0,747,32624,97,11.0,33.0,0.0
1783935993.6,747,32624,97,9.0,33.0,0.0
1783935994.2,747,32624,97,12.0,33.0,0.0
1783935994.8,747,32624,88,23.0,33.0,0.0
1783935995.4,747,32624,88,12.0,33.0,0.0
1783935996.0,747,32624,88,11.0,33.0,0.0
1783935996.6,747,32624,88,10.0,32.0,0.0
1783935997.2,747,32624,88,12.0,32.0,0.0
1783935997.8,747,32624,95,11.0,33.0,0.0
1783935998.4,747,32624,95,13.0,32.0,0.0
1783935999.0,747,32624,95,10.0,32.0,0.0
1783935999.6,747,32624,91,10.0,32.0,0.0
1783936000.2,747,32624,91,11.0,33.0,0.0
1783936000.8,747,32624,91,9.0,32.0,0.0
1783936001.4,747,32624,91,9.0,33.0,0.0
1783936002.0,747,32624,108,25.0,33.0,77.0
1783936002.6,747,32624,108,17.0,33.0,54.0
1783936003.2,747,32624,112,11.0,32.0,0.0
1783936003.8,747,32624,108,12.0,33.0,0.0
1783936004.4,747,32624,90,10.0,33.0,0.0
1783936005.0,747,32624,90,12.0,33.0,0.0
1783936005.6,747,32624,94,26.0,33.0,112.0
1783936006.3,747,32624,94,10.0,33.0,0.0
1783936006.9,747,32624,88,11.0,32.0,0.0
1783936007.5,747,32624,88,10.0,33.0,0.0
1783936008.1,747,32624,92,22.0,33.0,0.0
1783936008.7,747,32624,107,11.0,33.0,0.0
1783936009.2,747,32624,120,11.0,33.0,0.0
1783936009.9,747,32624,81,11.0,33.0,0.0
1783936010.5,747,32624,120,25.0,33.0,13.0
1783936011.1,747,32624,111,22.0,33.0,0.0
1783936011.7,747,32624,111,11.0,33.0,0.0
1783936012.3,747,32624,111,11.0,33.0,0.0
1783936012.9,747,32624,111,11.0,33.0,0.0
1783936013.5,747,32624,87,11.0,33.0,0.0
1783936014.1,747,32624,87,11.0,33.0,0.0
1783936014.7,747,32624,96,22.0,33.0,0.0
1783936015.3,747,32624,110,11.0,33.0,0.0
1783936015.9,747,32624,110,10.0,33.0,0.0
1783936016.4,747,32624,100,22.0,33.0,0.0
1783936017.0,747,32624,100,10.0,33.0,0.0
1783936017.6,747,32624,100,11.0,33.0,0.0
1783936018.2,747,32624,100,9.0,33.0,0.0
1783936018.8,747,32624,108,22.0,33.0,0.0
1783936019.4,747,32624,108,11.0,33.0,0.0
1783936020.0,747,32624,86,11.0,33.0,0.0
1783936020.6,747,32624,86,10.0,33.0,0.0
1783936021.2,747,32624,86,11.0,33.0,0.0
1783936021.8,747,32624,86,12.0,33.0,0.0
1783936022.4,747,32624,86,12.0,33.0,0.0
1783936023.0,747,32624,86,11.0,33.0,0.0
1783936023.6,747,32624,91,11.0,33.0,0.0
1783936024.2,747,32624,104,10.0,33.0,0.0
1783936024.8,747,32624,85,27.0,33.0,105.0
1783936025.4,747,32624,98,22.0,33.0,0.0
1783936026.0,747,32624,98,11.0,33.0,0.0
1783936026.6,747,32624,98,9.0,33.0,0.0
1783936027.2,747,32624,87,15.0,33.0,1528.0
1783936027.8,747,32624,93,14.0,33.0,14.0
1783936028.4,747,32624,87,11.0,33.0,0.0
1783936029.0,747,32624,87,11.0,33.0,0.0
1783936029.6,747,32624,87,17.0,33.0,1216.0
1783936030.2,747,32624,87,12.0,33.0,0.0
1783936030.8,747,32624,87,11.0,33.0,0.0
1783936031.4,747,32624,87,12.0,33.0,0.0
1783936031.9,747,32624,84,11.0,33.0,0.0
1783936032.5,747,32624,98,26.0,33.0,638.0
1783936033.1,747,32624,98,11.0,33.0,0.0
1783936033.7,747,32624,98,11.0,33.0,0.0
1783936034.3,747,32624,111,25.0,33.0,58.0
1783936034.9,747,32624,104,22.0,33.0,0.0
1783936035.5,747,32624,95,23.0,33.0,0.0
1783936036.1,747,32624,104,10.0,33.0,0.0
1783936036.7,747,32624,88,22.0,33.0,0.0
1783936037.3,747,32624,88,10.0,33.0,0.0
1783936037.9,747,32624,88,10.0,33.0,0.0
1783936038.5,747,32624,86,11.0,33.0,0.0
1783936039.1,747,32624,89,11.0,33.0,0.0
1783936039.7,747,32624,89,10.0,33.0,0.0
1783936040.3,747,32624,89,17.0,33.0,141.0
1783936040.9,747,32624,95,12.0,33.0,0.0
1783936041.5,747,32624,90,13.0,33.0,34.0
1783936042.1,747,32624,90,11.0,32.0,0.0
1783936042.7,747,32624,90,9.0,32.0,0.0
1783936043.3,747,32624,90,9.0,32.0,0.0
1783936043.9,747,32624,131,25.0,33.0,1124.0
1783936044.5,747,32624,116,22.0,33.0,0.0
1783936045.1,747,32624,99,11.0,33.0,0.0
1783936045.7,747,32624,81,18.0,33.0,393.0
1783936046.3,747,32624,111,11.0,33.0,0.0
1783936046.9,747,32624,104,22.0,33.0,0.0
1783936047.5,747,32624,110,28.0,33.0,635.0
1783936048.1,747,32624,110,11.0,33.0,0.0
1783936048.7,747,32624,110,11.0,33.0,0.0
1783936049.3,747,32624,91,14.0,33.0,43.0
1783936049.9,747,32624,104,21.0,33.0,0.0
1783936050.5,747,32624,104,10.0,33.0,0.0
1783936051.0,747,32624,108,10.0,33.0,0.0
1783936051.6,747,32624,85,11.0,33.0,0.0
1783936052.2,747,32624,85,12.0,33.0,0.0
1783936052.8,747,32624,91,12.0,33.0,0.0
1783936053.4,747,32624,89,15.0,33.0,1559.0
1783936054.0,747,32624,89,11.0,33.0,0.0
1783936054.6,747,32624,89,11.0,33.0,0.0
1783936055.2,747,32624,103,29.0,33.0,355.0
1783936055.8,747,32624,97,12.0,33.0,0.0
1783936056.4,747,32624,86,12.0,33.0,0.0
1783936057.0,747,32624,124,25.0,33.0,469.0
1783936057.6,747,32624,98,15.0,33.0,23.0
1783936058.2,747,32624,98,11.0,32.0,0.0
1783936058.8,747,32624,98,9.0,33.0,0.0
1783936059.4,747,32624,98,9.0,33.0,0.0
1783936060.0,747,32624,98,9.0,33.0,0.0
1783936060.6,747,32624,98,9.0,33.0,0.0
1783936061.1,747,32624,98,9.0,32.0,0.0
1783936061.7,747,32624,98,11.0,33.0,0.0
1783936062.3,747,32624,98,11.0,33.0,0.0
1783936062.9,747,32624,98,9.0,32.0,0.0
1783936063.5,747,32624,98,10.0,33.0,0.0
1783936064.1,747,32624,98,10.0,33.0,0.0
1783936064.7,747,32624,102,11.0,33.0,0.0
1783936065.3,747,32624,104,11.0,33.0,0.0
1783936065.9,747,32624,88,16.0,33.0,0.0
1783936066.5,747,32624,88,12.0,33.0,0.0
1783936067.1,747,32624,88,10.0,32.0,0.0
1783936067.7,747,32624,90,16.0,33.0,75.0
1783936068.3,747,32624,90,10.0,32.0,0.0
1783936068.9,747,32624,117,28.0,33.0,1295.0
1783936069.5,747,32624,104,25.0,33.0,45.0
1783936070.1,747,32624,109,25.0,33.0,40.0
1783936070.7,747,32624,128,11.0,33.0,0.0
1783936071.3,747,32624,115,27.0,33.0,1491.0
1783936071.9,747,32624,97,11.0,33.0,0.0
1783936072.5,747,32624,92,23.0,33.0,1191.0
1783936073.1,747,32624,92,14.0,33.0,528.0
1783936073.6,747,32624,92,10.0,33.0,0.0
1783936074.2,747,32624,92,11.0,32.0,0.0
1783936074.8,747,32624,99,25.0,33.0,500.0
1783936075.4,747,32624,100,22.0,33.0,0.0
1783936076.0,747,32624,88,11.0,33.0,0.0
1783936076.6,747,32624,88,22.0,33.0,0.0
1783936077.2,747,32624,101,22.0,33.0,0.0
1783936077.8,747,32624,104,24.0,33.0,50.0
1783936078.4,747,32624,102,11.0,33.0,0.0
1783936079.0,747,32624,88,16.0,33.0,1475.0
1783936079.6,747,32624,91,15.0,33.0,71.0
1783936080.2,747,32624,91,11.0,33.0,0.0
1783936080.8,747,32624,99,19.0,33.0,297.0
1783936081.4,747,32624,101,22.0,33.0,0.0
1783936082.0,747,32624,98,26.0,33.0,41.0
1783936082.6,747,32624,102,22.0,33.0,0.0
1783936083.2,747,32624,100,27.0,33.0,61.0
1783936083.8,747,32624,110,16.0,33.0,44.0
1783936084.4,747,32624,94,11.0,33.0,0.0
1783936085.0,747,32624,93,10.0,33.0,0.0
1783936085.6,747,32624,90,15.0,33.0,65.0
1783936086.2,747,32624,90,15.0,33.0,85.0
1783936086.8,747,32624,84,15.0,33.0,46.0
1783936087.4,747,32624,117,22.0,33.0,0.0
1783936088.0,747,32624,104,27.0,33.0,622.0
1783936088.6,747,32624,104,11.0,33.0,0.0
1783936089.2,747,32624,85,22.0,33.0,0.0
1783936089.8,747,32624,108,11.0,33.0,0.0
1783936090.4,747,32624,94,16.0,33.0,668.0
1783936091.0,747,32624,86,13.0,33.0,56.0
1783936091.6,747,32624,90,13.0,33.0,105.0
1783936092.2,747,32624,100,11.0,33.0,0.0
1783936092.8,747,32624,100,10.0,33.0,0.0
1783936093.4,747,32624,98,19.0,33.0,169.0
1783936094.0,752,32624,98,12.0,33.0,0.0
1783936094.6,752,32624,88,17.0,33.0,13.0
1783936095.2,752,32624,88,11.0,33.0,0.0
1783936095.8,752,32624,88,10.0,33.0,0.0
1783936096.4,752,32624,88,11.0,33.0,0.0
1783936096.9,752,32624,88,10.0,33.0,0.0
1783936097.5,752,32624,88,11.0,33.0,0.0
1783936098.1,752,32624,88,11.0,33.0,0.0
1783936098.7,752,32624,97,9.0,33.0,0.0
1783936099.3,752,32624,95,27.0,33.0,42.0
1783936099.9,752,32624,103,11.0,33.0,0.0
1783936100.5,752,32624,100,22.0,33.0,0.0
1783936101.1,752,32624,98,11.0,33.0,0.0
1783936101.7,752,32624,100,11.0,33.0,0.0
1783936102.3,752,32624,104,12.0,33.0,0.0
1783936102.9,752,32624,104,11.0,33.0,0.0
1783936103.5,752,32624,99,11.0,33.0,0.0
1783936104.1,752,32624,95,25.0,33.0,575.0
1783936104.7,752,32624,102,11.0,33.0,0.0
1783936105.3,752,32624,100,11.0,33.0,0.0
1783936105.9,752,32624,98,22.0,33.0,0.0
1783936106.5,752,32624,101,22.0,33.0,0.0
1783936107.1,752,32624,101,11.0,33.0,0.0
1783936107.7,752,32624,101,10.0,33.0,0.0
1783936108.3,752,32624,101,11.0,33.0,0.0
1783936108.9,752,32624,99,23.0,33.0,0.0
1783936109.5,752,32624,102,22.0,33.0,0.0
1783936110.1,752,32624,107,22.0,33.0,0.0
1783936110.7,752,32624,100,25.0,33.0,23.0
1783936111.3,752,32624,104,10.0,33.0,0.0
1783936111.9,752,32624,104,11.0,33.0,0.0
1783936112.5,752,32624,100,11.0,33.0,0.0
1783936113.1,752,32624,98,22.0,33.0,0.0
1783936113.7,752,32624,103,25.0,33.0,27.0
1783936114.3,752,32624,87,10.0,33.0,0.0
1783936114.9,752,32624,87,11.0,33.0,0.0
1783936115.5,752,32624,86,13.0,33.0,0.0
1783936116.1,752,32624,86,12.0,33.0,0.0
1783936116.7,752,32624,86,18.0,33.0,51.0
1783936117.3,752,32624,88,14.0,33.0,231.0
1783936117.9,752,32624,84,11.0,33.0,0.0
1783936118.5,752,32624,91,14.0,33.0,72.0
1783936119.1,752,32624,89,15.0,33.0,1333.0
1783936119.7,752,32624,89,17.0,33.0,1483.0
1783936120.3,752,32624,89,16.0,33.0,1638.0
1783936120.9,752,32624,91,11.0,33.0,0.0
1783936121.5,752,32624,101,23.0,33.0,0.0
1783936122.0,752,32624,85,22.0,33.0,0.0
1783936122.6,752,32624,98,11.0,33.0,0.0
1783936123.2,752,32624,98,11.0,33.0,0.0
1783936123.8,752,32624,98,9.0,33.0,0.0
1783936124.4,752,32624,98,10.0,33.0,0.0
1783936125.0,752,32624,98,22.0,33.0,0.0
1783936125.6,752,32624,98,23.0,33.0,0.0
1783936126.2,752,32624,98,11.0,33.0,0.0
1783936126.8,752,32624,98,11.0,33.0,0.0
1783936127.4,752,32624,85,12.0,33.0,0.0
1783936128.0,752,32624,98,12.0,33.0,0.0
1783936128.6,752,32624,98,10.0,33.0,0.0
1783936129.2,752,32624,98,10.0,33.0,0.0
1783936129.8,752,32624,98,9.0,33.0,0.0
1783936130.4,752,32624,98,10.0,33.0,0.0
1783936131.0,752,32624,98,21.0,33.0,836.0
1783936131.6,752,32624,98,12.0,33.0,0.0
1783936132.2,752,32624,98,10.0,33.0,0.0
1783936132.8,752,32624,98,10.0,33.0,0.0
1783936133.4,752,32624,98,12.0,33.0,0.0
1783936134.0,752,32624,91,10.0,33.0,0.0
1783936134.6,752,32624,104,11.0,33.0,0.0
1783936135.2,752,32624,104,10.0,33.0,0.0
1783936135.8,752,32624,88,12.0,33.0,0.0
1783936136.4,752,32624,99,14.0,33.0,48.0
1783936137.0,752,32624,99,16.0,33.0,75.0
1783936137.6,752,32624,99,11.0,33.0,0.0
1783936138.2,754,32624,100,27.0,33.0,1285.0
1783936138.8,752,32624,100,22.0,33.0,0.0
1783936139.4,752,32624,100,11.0,33.0,0.0
1783936140.0,752,32624,104,22.0,33.0,0.0
1783936140.6,752,32624,104,11.0,33.0,0.0
1783936141.2,752,32624,104,11.0,33.0,0.0
1783936141.8,752,32624,104,11.0,33.0,0.0
1783936142.4,752,32624,100,11.0,33.0,0.0
1783936143.0,752,32624,100,14.0,33.0,45.0
1783936143.6,752,32624,100,11.0,33.0,0.0
1783936144.2,752,32624,100,11.0,33.0,0.0
1783936144.8,752,32624,102,22.0,33.0,0.0
1783936145.4,754,32624,100,24.0,33.0,226.0
1783936146.0,754,32624,100,22.0,33.0,0.0
1783936146.6,754,32624,100,10.0,33.0,0.0
1783936147.2,752,32624,98,11.0,33.0,0.0
1783936147.8,752,32624,98,10.0,33.0,0.0
1783936148.4,752,32624,98,11.0,33.0,0.0
1783936149.0,752,32624,98,11.0,33.0,0.0
1783936149.6,752,32624,98,12.0,33.0,0.0
1783936150.1,752,32624,98,11.0,33.0,0.0
1783936150.7,752,32624,98,11.0,33.0,0.0
1783936151.3,752,32624,97,22.0,33.0,0.0
1783936151.9,752,32624,100,12.0,33.0,0.0
1783936152.5,752,32624,100,11.0,33.0,0.0
1783936153.1,757,32624,113,26.0,33.0,28.0
1783936153.7,758,32624,104,23.0,33.0,0.0
1783936154.3,758,32624,102,27.0,33.0,1230.0
1783936154.9,758,32624,125,26.0,33.0,82.0
1783936155.5,758,32624,111,22.0,33.0,0.0
1783936156.2,758,32624,110,12.0,33.0,0.0
1783936156.8,758,32624,87,19.0,33.0,76.0
1783936157.6,756,32624,103,10.0,33.0,0.0
1783936158.3,758,32624,109,10.0,33.0,0.0
1783936159.1,758,32624,98,26.0,33.0,72.0
1783936159.8,758,32624,98,23.0,33.0,0.0
1783936160.7,758,32624,113,26.0,33.0,94.0
1783936161.4,758,32624,119,26.0,33.0,38.0
1783936162.1,758,32624,91,11.0,33.0,0.0
1783936162.8,758,32624,117,25.0,33.0,72.0
1783936163.5,758,32624,104,11.0,33.0,0.0
1783936164.2,758,32624,93,22.0,33.0,0.0
1783936164.9,758,32624,85,18.0,33.0,229.0
1783936165.5,758,32624,93,28.0,33.0,546.0
1783936166.2,758,32624,102,22.0,33.0,0.0
1783936166.9,758,32624,85,12.0,33.0,0.0
1783936167.6,762,32624,95,16.0,33.0,91.0
1783936168.3,758,32624,89,11.0,33.0,0.0
1783936169.1,758,32624,83,13.0,33.0,52.0
1783936169.8,758,32624,85,16.0,33.0,6.0
1783936170.5,758,32624,89,10.0,33.0,0.0
1783936171.2,758,32624,82,11.0,33.0,0.0
1783936172.0,758,32624,88,11.0,33.0,0.0
1783936172.7,758,32624,82,14.0,33.0,23.0
1783936173.5,758,32624,88,18.0,33.0,34.0
1783936174.2,758,32624,88,16.0,33.0,203.0
1783936174.9,758,32624,84,26.0,33.0,533.0
1783936175.6,755,32624,106,24.0,33.0,189.0
1783936176.4,755,32624,98,11.0,33.0,0.0
1783936177.1,755,32624,85,11.0,33.0,0.0
1783936177.7,755,32624,82,11.0,33.0,0.0
1783936178.5,755,32624,82,12.0,33.0,0.0
1783936179.2,755,32624,82,15.0,33.0,85.0
1783936179.9,755,32624,81,15.0,33.0,37.0
1783936180.6,755,32624,110,25.0,34.0,128.0
1783936181.3,755,32624,106,12.0,34.0,170.0
1783936182.2,755,32624,103,19.0,33.0,310.0
1783936182.9,755,32624,108,11.0,34.0,0.0
1783936183.6,755,32624,108,11.0,33.0,0.0
1783936184.3,755,32624,95,11.0,33.0,1.0
1783936185.0,755,32624,83,10.0,33.0,0.0
1783936185.7,755,32624,98,11.0,34.0,0.0
1783936186.4,755,32624,93,14.0,33.0,0.0
1783936187.1,755,32624,93,11.0,33.0,0.0
1783936187.9,755,32624,79,12.0,33.0,0.0
1783936188.7,755,32624,93,28.0,33.0,118.0
1783936189.5,755,32624,93,11.0,33.0,0.0
1783936190.1,755,32624,100,26.0,34.0,1207.0
1783936190.7,755,32624,94,18.0,33.0,323.0
1783936191.3,755,32624,84,10.0,33.0,0.0
1783936191.9,755,32624,84,11.0,33.0,0.0
1783936192.5,755,32624,84,12.0,33.0,0.0
1783936193.1,755,32624,74,25.0,34.0,45.0
1783936193.7,755,32624,74,16.0,33.0,28.0
1783936194.3,660,32624,60,12.0,34.0,0.0
1783936194.9,660,32624,60,12.0,33.0,0.0
1783936195.4,660,32624,60,11.0,33.0,0.0
1783936196.0,660,32624,61,10.0,33.0,0.0
1783936196.6,660,32624,61,11.0,33.0,0.0
1783936197.2,660,32624,61,11.0,33.0,0.0
1783936197.8,660,32624,54,10.0,33.0,0.0
1783936198.4,660,32624,57,11.0,33.0,0.0
1783936199.0,660,32624,57,12.0,33.0,0.0
1783936199.6,660,32624,57,10.0,33.0,0.0
1783936200.2,660,32624,57,16.0,33.0,1071.0
1783936200.8,660,32624,57,12.0,33.0,0.0
1783936201.4,660,32624,57,10.0,33.0,0.0
1783936202.0,660,32624,57,11.0,33.0,0.0
1783936202.5,633,32624,57,12.0,33.0,0.0
1783936203.1,633,32624,57,13.0,33.0,6.0
1783936203.7,633,32624,57,14.0,33.0,246.0
1783936204.3,633,32624,57,11.0,33.0,0.0
1783936204.9,633,32624,57,14.0,33.0,46.0
1783936205.5,633,32624,57,12.0,33.0,0.0
1783936206.1,633,32624,57,10.0,33.0,0.0
1783936206.7,633,32624,57,11.0,33.0,0.0
1783936207.3,633,32624,57,12.0,33.0,0.0
1783936207.9,633,32624,57,11.0,33.0,0.0
1783936208.5,633,32624,57,10.0,33.0,0.0
1783936209.0,633,32624,57,11.0,33.0,0.0
1783936209.6,633,32624,57,14.0,33.0,27.0
1783936210.2,633,32624,57,11.0,33.0,0.0
1783936210.8,633,32624,57,16.0,33.0,18.0
1783936211.4,633,32624,63,12.0,33.0,0.0
1783936212.0,656,32624,86,28.0,33.0,1575.0
