unix_ts,vram_used_mib,vram_total_mib,gtt_used_mib,power_w,temp_c,sclk_mhz
1783933605.1,20639,32624,577,22.0,54.0,18.0
1783933605.7,20647,32624,585,41.0,55.0,0.0
1783933606.3,20648,32624,585,187.0,56.0,1760.0
1783933606.9,20648,32624,585,268.0,57.0,2573.0
1783933607.5,20648,32624,585,303.0,58.0,2637.0
1783933608.1,20648,32624,585,266.0,58.0,3052.0
1783933608.7,20648,32624,585,290.0,59.0,2605.0
1783933609.3,20648,32624,585,303.0,59.0,2604.0
1783933609.9,20648,32624,585,313.0,59.0,2681.0
1783933610.5,20648,32624,585,340.0,59.0,2696.0
1783933611.1,20648,32624,585,334.0,60.0,2814.0
1783933611.7,20648,32624,585,183.0,60.0,2987.0
1783933612.3,20648,32624,585,254.0,60.0,2852.0
1783933612.8,20648,32624,585,275.0,61.0,2589.0
1783933613.4,20648,32624,585,316.0,61.0,2639.0
1783933614.0,20648,32624,585,314.0,61.0,2618.0
1783933614.6,20648,32624,585,316.0,61.0,2696.0
1783933615.2,20648,32624,585,385.0,61.0,2863.0
1783933615.8,20648,32624,585,266.0,62.0,2900.0
1783933616.4,20648,32624,585,241.0,62.0,2781.0
1783933617.0,20648,32624,585,328.0,62.0,2631.0
1783933617.6,20648,32624,585,319.0,62.0,2558.0
1783933618.2,20648,32624,585,291.0,62.0,2642.0
1783933618.8,20648,32624,585,357.0,63.0,2772.0
1783933619.4,20648,32624,585,286.0,63.0,2973.0
1783933620.0,20648,32624,585,144.0,63.0,2601.0
1783933620.5,20648,32624,585,279.0,63.0,2559.0
1783933621.1,20648,32624,585,303.0,63.0,2648.0
1783933621.7,20648,32624,585,353.0,64.0,2840.0
1783933622.3,20648,32624,585,266.0,64.0,2949.0
1783933622.9,20648,32624,585,269.0,64.0,2468.0
1783933623.5,20648,32624,585,316.0,64.0,2654.0
1783933624.1,20648,32624,585,338.0,64.0,2666.0
1783933624.7,20648,32624,585,286.0,64.0,2935.0
1783933625.3,20648,32624,585,228.0,64.0,2563.0
1783933625.9,20648,32624,585,319.0,64.0,2585.0
1783933626.5,20648,32624,585,314.0,64.0,2672.0
1783933627.1,20648,32624,585,370.0,65.0,2837.0
1783933627.7,20648,32624,585,150.0,65.0,2590.0
1783933628.2,20648,32624,585,287.0,65.0,2532.0
1783933628.8,20648,32624,585,326.0,65.0,2742.0
1783933629.4,20643,32624,589,342.0,65.0,2878.0
1783933630.0,20643,32624,589,264.0,65.0,2857.0
1783933630.6,20643,32624,589,315.0,65.0,2543.0
1783933631.2,20643,32624,589,319.0,66.0,2650.0
1783933631.8,20643,32624,589,347.0,66.0,2937.0
1783933632.4,20643,32624,589,172.0,66.0,2574.0
1783933633.0,20643,32624,589,299.0,66.0,2536.0
1783933633.6,20643,32624,589,301.0,66.0,2633.0
1783933634.2,20643,32624,589,347.0,66.0,2807.0
1783933634.8,20643,32624,589,281.0,66.0,2880.0
1783933635.4,20643,32624,589,327.0,66.0,2617.0
1783933636.0,20643,32624,589,316.0,66.0,2611.0
1783933636.6,20643,32624,589,356.0,66.0,2817.0
1783933637.1,20643,32624,589,252.0,66.0,2812.0
1783933637.7,20643,32624,589,286.0,66.0,2557.0
1783933638.3,20643,32624,589,323.0,66.0,2649.0
1783933638.9,20643,32624,589,327.0,67.0,2972.0
1783933639.5,20643,32624,589,261.0,67.0,2770.0
1783933640.1,20643,32624,589,323.0,67.0,2581.0
1783933640.7,20643,32624,589,315.0,67.0,2638.0
1783933641.3,20643,32624,589,360.0,67.0,2762.0
1783933641.9,20643,32624,589,321.0,67.0,2553.0
1783933642.5,20643,32624,589,322.0,67.0,2627.0
1783933643.1,20643,32624,589,349.0,67.0,2774.0
1783933643.7,20643,32624,589,274.0,67.0,2878.0
1783933644.3,20643,32624,589,334.0,67.0,2658.0
1783933644.9,20643,32624,589,343.0,67.0,2665.0
1783933645.5,20643,32624,589,250.0,68.0,2775.0
1783933646.1,20643,32624,589,217.0,67.0,2588.0
1783933646.6,20643,32624,589,317.0,67.0,2655.0
1783933647.2,20643,32624,589,369.0,68.0,2818.0
1783933647.8,20643,32624,589,205.0,68.0,2560.0
1783933648.4,20643,32624,589,312.0,68.0,2640.0
1783933649.0,20643,32624,589,354.0,68.0,2791.0
1783933649.6,20643,32624,589,241.0,68.0,2873.0
1783933650.2,20643,32624,589,324.0,68.0,2583.0
1783933650.8,20643,32624,589,377.0,68.0,2796.0
1783933651.4,20643,32624,589,328.0,68.0,2591.0
1783933652.0,20643,32624,589,330.0,68.0,2644.0
1783933652.6,20643,32624,589,282.0,68.0,2922.0
1783933653.2,20643,32624,589,319.0,68.0,2484.0
1783933653.8,20643,32624,589,320.0,68.0,2666.0
1783933654.4,20643,32624,589,281.0,68.0,2818.0
1783933655.0,20643,32624,589,310.0,68.0,2620.0
1783933655.5,20643,32624,589,346.0,68.0,2678.0
1783933656.1,20643,32624,589,264.0,68.0,2803.0
1783933656.7,20643,32624,589,267.0,68.0,2582.0
1783933657.3,20643,32624,589,360.0,69.0,2827.0
1783933657.9,20643,32624,589,224.0,68.0,2662.0
1783933658.5,20643,32624,589,335.0,69.0,2672.0
1783933659.1,20643,32624,589,407.0,69.0,2908.0
1783933659.7,20643,32624,589,338.0,69.0,2540.0
1783933660.3,20643,32624,589,309.0,69.0,2647.0
1783933660.9,20643,32624,589,280.0,69.0,2955.0
1783933661.5,20643,32624,589,326.0,69.0,2609.0
1783933662.1,20643,32624,589,342.0,69.0,2743.0
1783933662.7,20643,32624,589,121.0,69.0,2534.0
1783933663.2,20643,32624,589,311.0,69.0,2625.0
1783933663.8,20643,32624,589,261.0,69.0,2841.0
1783933664.4,20643,32624,589,294.0,69.0,2566.0
1783933665.0,20643,32624,589,334.0,69.0,2740.0
1783933665.6,20643,32624,589,230.0,69.0,2522.0
1783933666.2,20643,32624,589,305.0,69.0,2601.0
1783933666.8,20643,32624,589,341.0,69.0,2838.0
1783933667.4,20643,32624,589,348.0,69.0,2544.0
1783933668.0,20643,32624,589,324.0,69.0,2670.0
1783933668.6,20643,32624,589,246.0,69.0,2754.0
1783933669.2,20643,32624,589,279.0,69.0,2557.0
1783933669.8,20643,32624,589,379.0,69.0,2846.0
1783933670.3,20643,32624,589,316.0,69.0,2569.0
1783933670.9,20643,32624,589,345.0,69.0,2722.0
1783933671.5,20643,32624,589,176.0,69.0,2673.0
1783933672.1,20643,32624,589,333.0,69.0,2603.0
1783933672.7,20643,32624,589,381.0,69.0,2820.0
1783933673.3,20643,32624,589,314.0,69.0,2539.0
1783933673.9,20643,32624,589,303.0,69.0,2696.0
1783933674.5,20643,32624,589,160.0,69.0,2506.0
1783933675.1,20643,32624,589,319.0,69.0,2615.0
1783933675.7,20643,32624,589,141.0,69.0,2599.0
1783933676.3,20643,32624,589,327.0,70.0,2650.0
1783933676.9,20643,32624,589,282.0,69.0,2933.0
1783933677.5,20643,32624,589,305.0,70.0,2614.0
1783933678.1,20643,32624,589,393.0,69.0,2838.0
1783933678.7,20643,32624,589,295.0,69.0,2443.0
1783933679.3,20643,32624,589,342.0,70.0,2799.0
1783933679.9,20643,32624,589,337.0,69.0,2563.0
1783933680.4,20643,32624,589,317.0,69.0,2668.0
1783933681.0,20643,32624,589,258.0,70.0,2744.0
1783933681.6,20643,32624,589,308.0,70.0,2561.0
1783933682.2,20643,32624,589,252.0,70.0,2884.0
1783933682.8,20643,32624,589,310.0,70.0,2587.0
1783933683.4,20643,32624,589,389.0,70.0,2884.0
1783933684.0,20643,32624,589,320.0,70.0,2643.0
1783933684.6,20643,32624,589,374.0,70.0,2795.0
1783933685.2,20643,32624,589,295.0,70.0,2579.0
1783933685.8,20643,32624,589,286.0,70.0,2621.0
1783933686.4,20643,32624,589,306.0,70.0,2610.0
1783933687.0,20643,32624,589,403.0,70.0,2861.0
1783933687.6,20643,32624,589,301.0,70.0,2565.0
1783933688.2,20643,32624,589,368.0,70.0,2879.0
1783933688.8,20643,32624,589,285.0,70.0,2580.0
1783933689.3,20643,32624,598,232.0,68.0,2745.0
1783933689.9,20643,32624,598,309.0,69.0,2613.0
1783933690.5,20643,32624,598,359.0,69.0,2837.0
1783933691.1,20643,32624,598,283.0,70.0,2889.0
1783933691.7,20643,32624,598,237.0,70.0,2814.0
1783933692.3,20643,32624,598,285.0,70.0,2578.0
1783933692.9,20643,32624,598,316.0,70.0,2520.0
1783933693.5,20643,32624,598,316.0,70.0,2653.0
1783933694.1,20643,32624,598,346.0,70.0,2789.0
1783933694.7,20643,32624,598,285.0,70.0,2891.0
1783933695.3,20643,32624,598,310.0,70.0,2578.0
1783933695.9,20643,32624,598,319.0,70.0,2610.0
1783933696.5,20643,32624,598,318.0,70.0,2653.0
1783933697.1,20643,32624,598,253.0,70.0,2749.0
1783933697.7,20643,32624,598,315.0,70.0,2545.0
1783933698.3,20643,32624,598,354.0,70.0,2761.0
1783933698.9,20643,32624,598,362.0,70.0,2810.0
1783933699.4,20643,32624,598,250.0,70.0,2711.0
1783933700.0,20643,32624,598,314.0,70.0,2505.0
1783933700.6,20643,32624,598,302.0,70.0,2631.0
1783933701.2,20643,32624,598,343.0,70.0,2791.0
1783933701.8,20643,32624,598,276.0,70.0,2850.0
1783933702.4,20643,32624,598,312.0,70.0,2604.0
1783933703.0,20643,32624,598,322.0,70.0,2599.0
1783933703.6,20643,32624,598,351.0,70.0,2797.0
1783933704.2,20643,32624,598,264.0,70.0,2858.0
1783933704.8,20643,32624,598,259.0,70.0,2507.0
1783933705.4,20643,32624,598,333.0,70.0,2629.0
1783933706.0,20643,32624,598,332.0,70.0,2662.0
1783933706.6,20643,32624,598,300.0,70.0,2876.0
1783933707.2,20643,32624,598,135.0,70.0,2592.0
1783933707.8,20643,32624,598,290.0,70.0,2526.0
1783933708.3,20643,32624,598,331.0,70.0,2717.0
1783933709.0,20643,32624,598,386.0,70.0,2822.0
1783933709.5,20643,32624,598,170.0,70.0,2582.0
1783933710.1,20643,32624,598,280.0,70.0,2500.0
1783933710.7,20643,32624,598,323.0,70.0,2680.0
1783933711.3,20643,32624,598,327.0,70.0,2863.0
1783933711.9,20643,32624,598,229.0,70.0,2627.0
1783933712.5,20643,32624,598,320.0,70.0,2594.0
1783933713.1,20643,32624,598,300.0,70.0,2567.0
1783933713.7,20643,32624,598,350.0,70.0,2792.0
1783933714.3,20643,32624,598,282.0,70.0,2845.0
1783933714.9,20643,32624,598,324.0,70.0,2578.0
1783933715.5,20643,32624,598,310.0,71.0,2564.0
1783933716.1,20643,32624,598,329.0,70.0,2703.0
1783933716.7,20643,32624,598,279.0,70.0,2979.0
1783933717.3,20643,32624,598,301.0,70.0,2585.0
1783933717.9,20643,32624,598,307.0,70.0,2631.0
1783933718.5,20643,32624,598,328.0,71.0,2819.0
1783933719.0,20643,32624,598,199.0,70.0,2560.0
1783933719.6,20643,32624,598,282.0,70.0,2495.0
1783933720.2,20643,32624,598,326.0,70.0,2702.0
1783933720.8,20643,32624,598,273.0,70.0,2803.0
1783933721.4,20643,32624,598,310.0,71.0,2632.0
1783933722.0,20643,32624,598,328.0,70.0,2627.0
1783933722.6,20643,32624,598,287.0,71.0,2960.0
1783933723.2,20643,32624,598,293.0,70.0,2563.0
1783933723.8,20644,32624,598,277.0,71.0,2508.0
1783933724.4,20644,32624,598,401.0,70.0,2894.0
1783933725.0,20644,32624,598,218.0,71.0,2547.0
1783933725.6,20644,32624,594,320.0,70.0,2576.0
1783933726.2,20644,32624,594,272.0,71.0,2862.0
1783933726.8,20644,32624,594,298.0,71.0,2547.0
1783933727.4,20644,32624,594,286.0,70.0,2545.0
1783933727.9,20644,32624,594,350.0,71.0,2802.0
1783933728.5,20644,32624,594,233.0,71.0,2691.0
1783933729.1,20644,32624,594,293.0,71.0,2567.0
1783933729.7,20644,32624,594,300.0,71.0,2651.0
1783933730.3,20644,32624,594,120.0,71.0,2587.0
1783933730.9,20644,32624,594,334.0,70.0,2676.0
1783933731.5,20644,32624,594,269.0,71.0,2903.0
1783933732.1,20644,32624,594,320.0,71.0,2544.0
1783933732.7,20644,32624,594,334.0,70.0,2613.0
1783933733.3,20644,32624,594,256.0,71.0,2806.0
1783933733.9,20644,32624,594,299.0,71.0,2555.0
1783933734.5,20644,32624,594,348.0,71.0,2704.0
1783933735.1,20644,32624,594,255.0,71.0,2759.0
1783933735.7,20644,32624,594,298.0,71.0,2554.0
1783933736.3,20644,32624,594,339.0,71.0,2684.0
1783933736.8,20644,32624,594,267.0,71.0,2773.0
1783933737.4,20644,32624,594,300.0,71.0,2566.0
1783933738.0,20644,32624,594,283.0,71.0,2857.0
1783933738.6,20644,32624,594,285.0,71.0,2561.0
1783933739.2,20644,32624,594,324.0,71.0,2667.0
1783933739.8,20644,32624,594,273.0,71.0,2821.0
1783933740.4,20644,32624,594,292.0,71.0,2560.0
1783933741.0,20644,32624,594,342.0,71.0,2578.0
1783933741.6,20644,32624,594,327.0,71.0,2520.0
1783933742.2,20644,32624,594,352.0,71.0,2704.0
1783933742.8,20644,32624,594,180.0,71.0,2681.0
1783933743.4,20644,32624,594,301.0,71.0,2623.0
1783933744.0,20644,32624,594,367.0,71.0,2809.0
1783933744.6,20644,32624,594,335.0,71.0,2531.0
1783933745.2,20644,32624,594,340.0,71.0,2721.0
1783933745.7,20644,32624,594,173.0,71.0,2605.0
1783933746.3,20644,32624,594,324.0,71.0,2645.0
1783933746.9,20645,32624,598,377.0,71.0,2939.0
1783933747.5,20645,32624,598,319.0,71.0,2650.0
1783933748.1,20645,32624,598,356.0,71.0,2730.0
1783933748.7,20645,32624,598,190.0,71.0,2533.0
1783933749.3,20645,32624,598,306.0,71.0,2617.0
1783933749.9,20645,32624,598,170.0,71.0,2646.0
1783933750.5,20645,32624,598,309.0,71.0,2647.0
1783933751.1,20645,32624,598,277.0,71.0,2929.0
1783933751.7,20645,32624,598,272.0,71.0,2537.0
1783933752.3,20641,32624,598,304.0,71.0,2756.0
1783933752.9,20641,32624,598,288.0,71.0,2527.0
1783933753.5,20641,32624,598,341.0,71.0,2642.0
1783933754.1,20641,32624,598,327.0,71.0,2592.0
1783933754.7,20641,32624,598,293.0,71.0,2592.0
1783933755.2,20641,32624,598,301.0,71.0,2589.0
1783933755.8,20641,32624,598,317.0,71.0,2644.0
1783933756.4,20641,32624,598,261.0,71.0,2811.0
1783933757.0,20641,32624,598,327.0,71.0,2587.0
1783933757.6,20641,32624,598,293.0,71.0,2849.0
1783933758.2,20641,32624,598,313.0,71.0,2592.0
1783933758.8,20641,32624,598,376.0,71.0,2815.0
1783933759.4,20641,32624,598,310.0,71.0,2583.0
1783933760.0,20641,32624,598,314.0,71.0,2660.0
1783933760.6,20641,32624,598,205.0,71.0,2585.0
1783933761.2,20641,32624,598,322.0,71.0,2689.0
1783933761.8,20641,32624,598,197.0,71.0,2524.0
1783933762.4,20641,32624,598,348.0,71.0,2664.0
1783933762.9,20641,32624,598,193.0,71.0,2576.0
1783933763.5,20641,32624,598,300.0,71.0,2618.0
1783933764.1,20641,32624,598,172.0,71.0,2654.0
1783933764.7,20641,32624,598,342.0,71.0,2636.0
1783933765.3,20641,32624,598,271.0,71.0,2871.0
1783933765.9,20641,32624,598,309.0,71.0,2610.0
1783933766.5,20641,32624,598,356.0,71.0,2811.0
1783933767.1,20641,32624,598,320.0,71.0,2569.0
1783933767.7,20641,32624,598,345.0,71.0,2729.0
1783933768.3,20641,32624,598,320.0,71.0,2563.0
1783933768.9,20641,32624,598,314.0,71.0,2681.0
1783933769.5,20641,32624,598,195.0,71.0,2652.0
1783933770.0,20641,32624,598,299.0,71.0,2613.0
1783933770.6,20641,32624,598,297.0,71.0,2952.0
1783933771.2,20641,32624,598,285.0,71.0,2540.0
1783933771.8,20641,32624,598,334.0,71.0,2775.0
1783933772.4,20641,32624,598,258.0,71.0,2412.0
1783933773.0,20641,32624,598,355.0,71.0,2815.0
1783933773.6,20641,32624,598,299.0,71.0,2545.0
1783933774.2,20641,32624,598,340.0,71.0,2906.0
1783933774.8,20641,32624,598,302.0,71.0,2564.0
1783933775.4,20641,32624,598,353.0,71.0,2792.0
1783933776.0,20641,32624,598,323.0,71.0,2571.0
1783933776.6,20641,32624,598,334.0,71.0,2900.0
1783933777.2,20641,32624,598,312.0,71.0,2524.0
1783933777.8,20641,32624,598,374.0,71.0,2818.0
1783933778.3,20641,32624,598,280.0,71.0,2554.0
1783933778.9,20641,32624,598,313.0,71.0,3079.0
1783933779.5,20641,32624,598,287.0,71.0,2484.0
1783933780.1,20641,32624,598,273.0,71.0,2975.0
1783933780.7,20641,32624,598,311.0,71.0,2555.0
1783933781.3,20641,32624,598,235.0,71.0,2925.0
1783933781.9,20641,32624,598,316.0,71.0,2618.0
1783933782.5,20641,32624,598,268.0,71.0,2801.0
1783933783.1,20641,32624,598,294.0,71.0,2644.0
1783933783.7,20641,32624,598,319.0,71.0,2592.0
1783933784.3,20641,32624,598,357.0,71.0,2787.0
1783933784.8,20641,32624,598,311.0,71.0,2559.0
1783933785.4,20641,32624,598,397.0,71.0,2865.0
1783933786.0,20641,32624,598,301.0,71.0,2498.0
1783933786.6,20641,32624,598,270.0,71.0,2804.0
1783933787.2,20641,32624,598,334.0,71.0,2677.0
1783933787.8,20641,32624,598,299.0,71.0,2468.0
1783933788.4,20641,32624,598,323.0,71.0,2706.0
1783933789.0,20641,32624,598,269.0,71.0,2566.0
1783933789.6,20641,32624,598,259.0,71.0,2794.0
1783933790.2,20641,32624,598,332.0,71.0,2564.0
1783933790.8,20641,32624,598,140.0,71.0,2547.0
1783933791.4,20641,32624,598,352.0,72.0,2769.0
1783933792.0,20641,32624,598,311.0,71.0,2637.0
1783933792.5,20641,32624,598,247.0,71.0,2846.0
1783933793.1,20641,32624,598,317.0,71.0,2667.0
1783933793.7,20641,32624,598,280.0,71.0,2493.0
1783933794.3,20641,32624,598,269.0,71.0,2834.0
1783933794.9,20641,32624,598,326.0,71.0,2722.0
1783933795.5,20641,32624,598,43.0,70.0,0.0
1783933796.1,20641,32624,602,54.0,69.0,2509.0
1783933796.7,20641,32624,602,394.0,70.0,2756.0
1783933797.3,20641,32624,602,295.0,70.0,2608.0
1783933797.9,20641,32624,602,313.0,71.0,2651.0
1783933798.5,20641,32624,602,324.0,71.0,2694.0
1783933799.1,20641,32624,602,291.0,71.0,2926.0
1783933799.7,20641,32624,602,187.0,71.0,2628.0
1783933800.3,20641,32624,602,314.0,71.0,2523.0
1783933800.8,20641,32624,602,340.0,71.0,2635.0
1783933801.4,20641,32624,602,358.0,71.0,2842.0
1783933802.0,20641,32624,602,197.0,71.0,2436.0
1783933802.6,20641,32624,602,324.0,71.0,2640.0
1783933803.2,20641,32624,602,339.0,71.0,2606.0
1783933803.8,20641,32624,602,334.0,71.0,2902.0
1783933804.4,20641,32624,602,237.0,71.0,2646.0
1783933805.0,20641,32624,602,326.0,71.0,2568.0
1783933805.6,20641,32624,602,286.0,71.0,2497.0
1783933806.2,20641,32624,602,350.0,71.0,2768.0
1783933806.8,20641,32624,602,286.0,71.0,2944.0
1783933807.4,20641,32624,602,220.0,71.0,2550.0
1783933808.0,20641,32624,602,303.0,71.0,2608.0
1783933808.5,20641,32624,602,373.0,71.0,2832.0
1783933809.1,20641,32624,602,287.0,71.0,2909.0
1783933809.7,20641,32624,602,205.0,71.0,2530.0
1783933810.3,20641,32624,602,294.0,71.0,2532.0
1783933810.9,20641,32624,602,322.0,71.0,2602.0
1783933811.5,20641,32624,602,283.0,71.0,2940.0
1783933812.1,20641,32624,602,287.0,71.0,2547.0
1783933812.7,20641,32624,602,312.0,71.0,2629.0
1783933813.3,20641,32624,602,360.0,71.0,2735.0
1783933813.9,20641,32624,602,157.0,71.0,2608.0
1783933814.5,20641,32624,602,296.0,70.0,2629.0
1783933815.1,20641,32624,602,270.0,71.0,2829.0
1783933815.6,20641,32624,602,301.0,71.0,2551.0
1783933816.2,20641,32624,602,319.0,71.0,2629.0
1783933816.8,20641,32624,602,307.0,71.0,2640.0
1783933817.4,20641,32624,602,368.0,71.0,2821.0
1783933818.0,20641,32624,602,271.0,71.0,2807.0
1783933818.6,20641,32624,602,317.0,71.0,2513.0
1783933819.2,20641,32624,602,291.0,71.0,2575.0
1783933819.8,20641,32624,602,330.0,71.0,2619.0
1783933820.4,20641,32624,602,343.0,71.0,2794.0
1783933821.0,20641,32624,602,274.0,71.0,2873.0
1783933821.6,20641,32624,602,314.0,71.0,2518.0
1783933822.2,20641,32624,602,300.0,71.0,2625.0
1783933822.8,20641,32624,602,322.0,71.0,2655.0
1783933823.3,20641,32624,602,351.0,71.0,2752.0
1783933823.9,20641,32624,602,253.0,71.0,2832.0
1783933824.5,20641,32624,602,249.0,71.0,2449.0
1783933825.1,20641,32624,602,318.0,71.0,2561.0
1783933825.7,20641,32624,602,298.0,71.0,2596.0
1783933826.3,20641,32624,602,341.0,71.0,2711.0
1783933826.9,20641,32624,602,321.0,71.0,2811.0
1783933827.5,20641,32624,602,189.0,71.0,2696.0
1783933828.1,20641,32624,602,289.0,71.0,2569.0
1783933828.7,20641,32624,602,290.0,71.0,2508.0
1783933829.3,20641,32624,602,332.0,71.0,2710.0
1783933829.9,20641,32624,602,262.0,71.0,2830.0
1783933830.5,20641,32624,602,301.0,71.0,2453.0
1783933831.0,20641,32624,602,293.0,71.0,2546.0
1783933831.6,20641,32624,602,311.0,71.0,2667.0
1783933832.2,20641,32624,602,342.0,71.0,2898.0
1783933832.8,20641,32624,602,246.0,71.0,2419.0
1783933833.4,20641,32624,602,289.0,71.0,2618.0
1783933834.0,20641,32624,602,281.0,71.0,2534.0
1783933834.6,20641,32624,602,354.0,71.0,2732.0
1783933835.2,20641,32624,602,283.0,71.0,2897.0
1783933835.8,20641,32624,602,317.0,71.0,2570.0
1783933836.4,20641,32624,602,302.0,71.0,2659.0
1783933837.0,20641,32624,602,290.0,71.0,2851.0
1783933837.6,20641,32624,602,317.0,71.0,2585.0
1783933838.1,20641,32624,602,335.0,71.0,2691.0
1783933838.7,20641,32624,602,271.0,71.0,2820.0
1783933839.3,20641,32624,602,298.0,71.0,2605.0
1783933839.9,20641,32624,602,331.0,71.0,2707.0
1783933840.5,20645,32624,602,276.0,71.0,2939.0
1783933841.1,20645,32624,602,325.0,71.0,2550.0
1783933841.7,20645,32624,602,70.0,70.0,795.0
1783933842.3,20645,32624,602,312.0,71.0,2649.0
1783933842.9,20645,32624,602,389.0,71.0,2880.0
1783933843.5,20645,32624,602,259.0,71.0,2766.0
1783933844.1,20645,32624,602,302.0,71.0,2531.0
1783933844.7,20645,32624,602,290.0,71.0,2620.0
1783933845.2,20645,32624,602,379.0,71.0,2810.0
1783933845.8,20645,32624,602,277.0,71.0,2897.0
1783933846.4,20645,32624,602,202.0,71.0,2602.0
1783933847.0,20645,32624,602,283.0,71.0,2531.0
1783933847.6,20645,32624,602,332.0,71.0,2662.0
1783933848.2,20645,32624,602,344.0,71.0,2745.0
1783933848.8,20645,32624,602,272.0,71.0,2873.0
1783933849.4,20645,32624,602,261.0,71.0,2508.0
1783933850.0,20645,32624,602,342.0,71.0,2613.0
1783933850.6,20645,32624,602,307.0,71.0,2647.0
1783933851.2,20645,32624,602,315.0,71.0,2897.0
1783933851.8,20645,32624,602,220.0,71.0,2530.0
1783933852.4,20645,32624,602,286.0,71.0,2525.0
1783933853.0,20645,32624,602,334.0,71.0,2630.0
1783933853.5,20645,32624,602,333.0,71.0,2813.0
1783933854.1,20645,32624,602,257.0,71.0,2692.0
1783933854.7,20645,32624,602,317.0,71.0,2575.0
1783933855.3,20645,32624,602,304.0,71.0,2652.0
1783933855.9,20645,32624,602,272.0,71.0,2878.0
1783933856.5,20645,32624,602,246.0,71.0,2552.0
1783933857.1,20645,32624,602,312.0,71.0,2594.0
1783933857.7,20645,32624,602,438.0,71.0,3069.0
1783933858.3,20645,32624,602,187.0,71.0,2565.0
1783933858.9,20645,32624,602,283.0,71.0,2518.0
1783933859.5,20645,32624,602,354.0,71.0,2761.0
1783933860.1,20645,32624,602,265.0,71.0,2845.0
1783933860.7,20645,32624,602,320.0,71.0,2622.0
1783933861.2,20645,32624,602,313.0,71.0,2666.0
1783933861.8,20645,32624,602,397.0,71.0,2894.0
1783933862.4,20645,32624,602,170.0,71.0,2559.0
1783933863.0,20645,32624,602,301.0,71.0,2611.0
1783933863.6,20645,32624,602,330.0,71.0,2659.0
1783933864.2,20645,32624,602,291.0,71.0,2894.0
1783933864.8,20645,32624,602,337.0,71.0,2533.0
1783933865.4,20645,32624,602,320.0,71.0,2601.0
1783933866.0,20645,32624,602,351.0,71.0,2739.0
1783933866.6,20645,32624,602,239.0,71.0,2796.0
1783933867.2,20645,32624,602,327.0,71.0,2600.0
1783933867.8,20645,32624,602,320.0,71.0,2593.0
1783933868.4,20645,32624,602,363.0,71.0,2762.0
1783933868.9,20645,32624,602,145.0,71.0,2480.0
1783933869.5,20645,32624,602,292.0,71.0,2547.0
1783933870.1,20645,32624,602,349.0,71.0,2754.0
1783933870.7,20645,32624,602,266.0,71.0,2789.0
1783933871.3,20645,32624,602,300.0,71.0,2536.0
1783933871.9,20645,32624,602,329.0,71.0,2667.0
1783933872.5,20645,32624,602,266.0,71.0,2860.0
1783933873.1,20645,32624,602,348.0,71.0,2542.0
1783933873.7,20645,32624,602,343.0,71.0,2642.0
1783933874.3,20645,32624,602,376.0,71.0,2848.0
1783933874.9,20645,32624,602,262.0,71.0,2732.0
1783933875.5,20645,32624,602,325.0,71.0,2584.0
1783933876.0,20645,32624,602,354.0,71.0,2791.0
1783933876.6,20645,32624,602,263.0,71.0,2804.0
1783933877.2,20645,32624,602,286.0,71.0,2497.0
1783933877.8,20645,32624,602,341.0,71.0,2683.0
1783933878.4,20645,32624,602,266.0,71.0,2861.0
1783933879.0,20645,32624,602,295.0,71.0,2444.0
1783933879.6,20645,32624,602,312.0,71.0,2631.0
1783933880.2,20645,32624,602,252.0,71.0,2754.0
1783933880.8,20645,32624,602,288.0,71.0,2535.0
1783933881.4,20645,32624,602,319.0,71.0,2676.0
1783933882.0,20645,32624,602,277.0,71.0,2859.0
1783933882.6,20645,32624,602,307.0,71.0,2618.0
1783933883.2,20645,32624,602,317.0,72.0,2722.0
1783933883.8,20645,32624,602,272.0,71.0,2853.0
1783933884.4,20645,32624,602,297.0,71.0,2528.0
1783933885.0,20645,32624,602,338.0,71.0,2635.0
1783933885.5,20645,32624,602,272.0,72.0,2716.0
1783933886.1,20645,32624,602,269.0,71.0,2514.0
1783933886.7,20645,32624,602,362.0,71.0,2839.0
1783933887.3,20645,32624,602,294.0,71.0,2528.0
1783933887.9,20645,32624,602,326.0,71.0,2579.0
1783933888.5,20645,32624,602,377.0,71.0,2859.0
1783933889.1,20645,32624,602,182.0,71.0,2444.0
1783933889.7,20645,32624,602,262.0,71.0,2507.0
1783933890.3,20645,32624,602,391.0,71.0,2800.0
1783933890.9,20645,32624,602,271.0,71.0,2738.0
1783933891.5,20645,32624,602,291.0,71.0,2523.0
1783933892.1,20645,32624,602,314.0,71.0,2615.0
1783933892.7,20645,32624,602,370.0,71.0,2879.0
1783933893.3,20645,32624,602,326.0,71.0,2602.0
1783933893.9,20645,32624,602,327.0,71.0,2657.0
1783933894.4,20645,32624,602,258.0,71.0,2807.0
1783933895.0,20645,32624,602,305.0,71.0,2603.0
1783933895.6,20645,32624,602,337.0,71.0,2744.0
1783933896.2,20645,32624,602,192.0,72.0,2643.0
1783933896.8,20645,32624,602,306.0,71.0,2599.0
1783933897.4,20645,32624,602,270.0,71.0,2865.0
1783933898.0,20645,32624,602,299.0,71.0,2557.0
1783933898.6,20645,32624,602,317.0,71.0,2624.0
1783933899.2,20645,32624,602,285.0,72.0,2918.0
1783933899.8,20645,32624,602,316.0,71.0,2599.0
1783933900.4,20645,32624,602,260.0,71.0,2838.0
1783933901.0,20645,32624,602,290.0,71.0,2550.0
1783933901.6,20645,32624,602,375.0,71.0,2887.0
1783933902.2,20645,32624,602,294.0,71.0,2555.0
1783933902.8,20645,32624,602,374.0,71.0,2802.0
1783933903.4,20645,32624,602,218.0,71.0,2460.0
1783933904.0,20645,32624,602,158.0,69.0,2492.0
1783933904.5,20645,32624,602,407.0,70.0,2933.0
1783933905.1,20645,32624,602,259.0,71.0,2727.0
1783933905.7,20645,32624,602,267.0,71.0,2498.0
1783933906.3,20645,32624,602,317.0,71.0,2619.0
1783933906.9,20645,32624,602,321.0,71.0,2668.0
1783933907.5,20645,32624,602,341.0,71.0,2855.0
1783933908.1,20645,32624,602,225.0,71.0,2745.0
1783933908.7,20645,32624,602,305.0,71.0,2567.0
1783933909.3,20645,32624,602,306.0,71.0,2543.0
1783933909.9,20645,32624,602,341.0,71.0,2717.0
1783933910.5,20645,32624,602,284.0,71.0,2872.0
1783933911.1,20645,32624,602,354.0,71.0,2571.0
1783933911.7,20645,32624,602,320.0,71.0,2573.0
1783933912.3,20645,32624,602,316.0,71.0,2598.0
1783933912.9,20645,32624,602,279.0,71.0,2921.0
1783933913.4,20645,32624,602,218.0,71.0,2516.0
1783933914.0,20645,32624,602,318.0,71.0,2526.0
1783933914.6,20645,32624,602,285.0,71.0,2523.0
1783933915.2,20645,32624,602,329.0,71.0,2794.0
1783933915.8,20645,32624,602,237.0,71.0,2754.0
1783933916.4,20645,32624,602,235.0,71.0,2700.0
1783933917.0,20645,32624,602,266.0,71.0,2490.0
1783933917.6,20645,32624,602,342.0,71.0,2756.0
1783933918.2,20645,32624,602,294.0,71.0,2908.0
1783933918.8,20645,32624,602,260.0,71.0,2507.0
1783933919.4,20645,32624,602,298.0,71.0,2593.0
1783933920.0,20645,32624,602,342.0,71.0,2724.0
1783933920.5,20645,32624,602,276.0,71.0,2851.0
1783933921.1,20645,32624,602,342.0,71.0,2571.0
1783933921.7,20645,32624,602,313.0,71.0,2544.0
1783933922.3,20645,32624,602,348.0,71.0,2671.0
1783933922.9,20645,32624,602,352.0,71.0,2901.0
1783933923.5,20645,32624,602,321.0,71.0,2498.0
1783933924.1,20645,32624,602,296.0,71.0,2603.0
1783933924.7,20645,32624,602,384.0,71.0,2818.0
1783933925.3,20645,32624,602,263.0,71.0,2789.0
1783933925.9,20645,32624,602,281.0,71.0,2533.0
1783933926.5,20645,32624,602,324.0,71.0,2647.0
1783933927.1,20645,32624,602,354.0,71.0,2794.0
1783933927.7,20645,32624,602,271.0,71.0,2788.0
1783933928.3,20645,32624,602,235.0,71.0,2418.0
1783933928.9,20645,32624,602,288.0,71.0,2506.0
1783933929.5,20645,32624,602,333.0,71.0,2759.0
1783933930.1,20645,32624,602,280.0,71.0,2704.0
1783933930.7,20645,32624,602,315.0,71.0,2500.0
1783933931.3,20645,32624,602,352.0,71.0,2822.0
1783933931.9,20645,32624,602,71.0,71.0,2620.0
1783933932.4,20645,32624,602,270.0,71.0,2522.0
1783933933.0,20645,32624,602,192.0,69.0,2662.0
1783933933.6,20645,32624,602,403.0,71.0,3024.0
1783933934.2,20645,32624,602,255.0,71.0,2688.0
1783933934.8,20645,32624,602,339.0,71.0,2562.0
1783933935.4,20645,32624,602,322.0,71.0,2623.0
1783933936.0,20645,32624,602,320.0,71.0,2659.0
1783933936.6,20645,32624,602,344.0,71.0,2671.0
1783933937.2,20645,32624,602,378.0,71.0,2845.0
1783933937.8,20645,32624,602,288.0,71.0,2933.0
1783933938.4,20645,32624,602,265.0,71.0,2694.0
1783933939.0,20645,32624,602,131.0,71.0,2419.0
1783933939.6,20645,32624,602,332.0,71.0,2600.0
1783933940.2,20645,32624,602,163.0,71.0,2596.0
1783933940.8,20645,32624,602,317.0,71.0,2555.0
1783933941.4,20645,32624,602,283.0,71.0,2504.0
1783933942.0,20645,32624,602,338.0,71.0,2675.0
1783933942.6,20645,32624,602,372.0,71.0,2843.0
1783933943.2,20645,32624,602,183.0,71.0,2673.0
1783933943.8,20645,32624,602,330.0,71.0,2572.0
1783933944.3,20645,32624,602,340.0,71.0,2609.0
1783933944.9,20645,32624,602,306.0,71.0,2846.0
1783933945.5,20645,32624,602,262.0,71.0,2783.0
1783933946.2,20645,32624,602,353.0,71.0,2615.0
1783933946.7,20645,32624,602,342.0,71.0,2742.0
1783933947.3,20645,32624,602,241.0,71.0,2686.0
1783933947.9,20645,32624,602,308.0,71.0,2552.0
1783933948.5,20645,32624,602,284.0,71.0,2592.0
1783933949.1,20645,32624,602,316.0,71.0,2667.0
1783933949.7,20645,32624,602,274.0,71.0,2908.0
1783933950.3,20645,32624,602,312.0,71.0,2522.0
1783933950.9,20645,32624,602,333.0,71.0,2575.0
1783933951.5,20645,32624,602,367.0,71.0,2825.0
1783933952.1,20645,32624,602,268.0,72.0,2885.0
1783933952.7,20645,32624,602,326.0,71.0,2462.0
1783933953.3,20645,32624,602,304.0,71.0,2551.0
1783933953.9,20645,32624,602,301.0,71.0,2618.0
1783933954.5,20645,32624,602,288.0,71.0,2831.0
1783933955.1,20645,32624,602,334.0,71.0,2455.0
1783933955.6,20645,32624,602,324.0,71.0,2526.0
1783933956.2,20645,32624,602,361.0,71.0,2773.0
1783933956.8,20645,32624,602,265.0,71.0,2805.0
1783933957.4,20645,32624,602,332.0,71.0,2512.0
1783933958.0,20645,32624,602,289.0,71.0,2550.0
1783933958.6,20645,32624,602,328.0,71.0,2703.0
1783933959.2,20645,32624,602,236.0,72.0,2747.0
1783933959.8,20645,32624,602,69.0,70.0,2691.0
1783933960.4,20645,32624,602,364.0,70.0,2753.0
1783933961.0,20645,32624,602,341.0,71.0,2725.0
1783933961.6,20645,32624,602,389.0,71.0,2820.0
1783933962.2,20645,32624,602,266.0,71.0,2762.0
1783933962.8,20645,32624,602,237.0,71.0,2484.0
1783933963.4,20645,32624,602,304.0,71.0,2556.0
1783933964.0,20645,32624,602,327.0,71.0,2640.0
1783933964.6,20645,32624,602,319.0,71.0,2615.0
1783933965.2,20645,32624,602,329.0,71.0,2713.0
1783933965.7,20645,32624,602,312.0,71.0,2765.0
1783933966.3,20645,32624,602,191.0,72.0,2637.0
1783933966.9,20645,32624,602,303.0,71.0,2539.0
1783933967.5,20645,32624,602,326.0,71.0,2583.0
1783933968.1,20645,32624,602,347.0,71.0,2879.0
1783933968.7,20645,32624,602,182.0,72.0,2620.0
1783933969.3,20645,32624,602,316.0,71.0,2515.0
1783933969.9,20645,32624,602,283.0,71.0,2565.0
1783933970.5,20645,32624,602,367.0,71.0,2770.0
1783933971.1,20645,32624,602,249.0,72.0,2659.0
1783933971.7,20645,32624,602,307.0,71.0,2582.0
1783933972.3,20645,32624,602,331.0,71.0,2612.0
1783933972.8,20645,32624,602,324.0,71.0,2598.0
1783933973.4,20645,32624,602,370.0,71.0,2783.0
1783933974.0,20645,32624,602,261.0,71.0,2693.0
1783933974.6,20645,32624,602,307.0,71.0,2520.0
1783933975.2,20645,32624,602,296.0,71.0,2609.0
1783933975.8,20645,32624,602,373.0,71.0,2826.0
1783933976.4,20645,32624,602,239.0,71.0,2748.0
1783933977.0,20645,32624,602,298.0,71.0,2575.0
1783933977.6,20645,32624,602,324.0,71.0,2556.0
1783933978.2,20645,32624,602,342.0,71.0,2729.0
1783933978.8,20645,32624,602,259.0,71.0,2827.0
1783933979.4,20645,32624,602,247.0,71.0,2514.0
1783933980.0,20645,32624,602,294.0,71.0,2553.0
1783933980.6,20645,32624,602,367.0,71.0,2779.0
1783933981.1,20645,32624,602,271.0,71.0,2829.0
1783933981.7,20645,32624,602,311.0,72.0,2544.0
1783933982.3,20645,32624,602,301.0,71.0,2574.0
1783933982.9,20645,32624,602,237.0,71.0,2825.0
1783933983.5,20645,32624,602,311.0,71.0,2574.0
1783933984.1,20645,32624,602,263.0,71.0,2484.0
1783933984.7,20645,32624,602,359.0,71.0,2758.0
1783933985.3,20645,32624,602,268.0,71.0,2817.0
1783933985.9,20645,32624,602,337.0,72.0,2601.0
1783933986.5,20645,32624,602,296.0,72.0,2622.0
1783933987.1,20645,32624,602,246.0,71.0,2698.0
1783933987.7,20645,32624,602,327.0,71.0,2579.0
1783933988.3,20645,32624,602,353.0,71.0,2769.0
1783933988.8,20645,32624,602,294.0,72.0,2579.0
1783933989.4,20645,32624,602,363.0,71.0,2661.0
1783933990.0,20645,32624,602,368.0,71.0,2751.0
1783933990.6,20645,32624,602,286.0,72.0,2985.0
1783933991.2,20645,32624,602,285.0,71.0,2625.0
1783933991.8,20645,32624,602,355.0,71.0,2704.0
1783933992.4,20645,32624,602,218.0,72.0,2748.0
1783933993.0,20645,32624,602,276.0,72.0,2484.0
1783933993.6,20645,32624,602,347.0,72.0,2806.0
1783933994.2,20645,32624,602,333.0,72.0,2529.0
1783933994.8,20645,32624,602,305.0,72.0,2680.0
1783933995.3,20645,32624,602,263.0,72.0,2685.0
1783933995.9,20618,32624,600,269.0,70.0,2671.0
1783933996.5,20620,32624,600,281.0,71.0,2485.0
1783933997.1,20620,32624,600,372.0,71.0,2763.0
1783933997.7,20620,32624,600,279.0,71.0,2870.0
1783933998.3,20620,32624,600,198.0,71.0,2569.0
1783933998.9,20620,32624,600,298.0,71.0,2514.0
1783933999.5,20620,32624,600,320.0,71.0,2615.0
1783934000.1,20620,32624,600,319.0,71.0,2651.0
1783934000.7,20620,32624,600,322.0,71.0,2642.0
1783934001.3,20620,32624,600,373.0,71.0,2818.0
1783934001.9,20620,32624,600,243.0,71.0,2646.0
1783934002.5,20620,32624,600,313.0,71.0,2560.0
1783934003.1,20616,32624,600,291.0,71.0,2530.0
1783934003.6,20616,32624,600,384.0,71.0,2806.0
1783934004.2,20616,32624,600,263.0,71.0,2729.0
1783934004.8,20616,32624,600,311.0,71.0,2507.0
1783934005.4,20616,32624,600,335.0,71.0,2653.0
1783934006.0,20616,32624,600,317.0,71.0,2941.0
1783934006.6,20616,32624,600,165.0,71.0,2557.0
1783934007.2,20616,32624,600,293.0,71.0,2515.0
1783934007.8,20616,32624,600,333.0,71.0,2576.0
1783934008.4,20616,32624,600,363.0,71.0,2789.0
1783934009.0,20616,32624,600,251.0,71.0,2791.0
1783934009.6,20616,32624,600,289.0,71.0,2476.0
1783934010.2,20616,32624,600,299.0,71.0,2602.0
1783934010.8,20616,32624,600,347.0,71.0,2726.0
1783934011.3,20616,32624,600,274.0,71.0,2866.0
1783934011.9,20616,32624,600,145.0,71.0,2612.0
1783934012.5,20616,32624,600,306.0,71.0,2560.0
1783934013.1,20616,32624,600,314.0,71.0,2681.0
1783934013.7,20616,32624,600,356.0,72.0,2845.0
1783934014.3,20616,32624,600,231.0,72.0,2685.0
1783934014.9,20616,32624,600,328.0,71.0,2590.0
1783934015.5,20616,32624,600,304.0,72.0,2651.0
1783934016.1,20616,32624,600,266.0,72.0,2731.0
1783934016.7,20616,32624,600,324.0,71.0,2458.0
1783934017.3,20616,32624,600,292.0,71.0,2557.0
1783934017.9,20616,32624,600,325.0,72.0,2626.0
1783934018.5,20616,32624,600,300.0,72.0,2905.0
1783934019.0,20616,32624,600,165.0,71.0,2520.0
1783934019.6,20616,32624,600,292.0,71.0,2491.0
1783934020.2,20616,32624,600,337.0,72.0,2689.0
1783934020.8,20616,32624,600,296.0,72.0,2829.0
1783934021.4,20616,32624,600,237.0,72.0,2390.0
1783934022.0,20616,32624,600,286.0,72.0,2548.0
1783934022.6,20616,32624,600,320.0,72.0,2565.0
1783934023.2,20616,32624,600,342.0,72.0,2724.0
1783934023.8,20616,32624,600,270.0,72.0,2748.0
1783934024.4,20616,32624,600,313.0,72.0,2602.0
1783934025.0,20616,32624,600,293.0,72.0,2546.0
1783934025.6,20616,32624,600,340.0,72.0,2758.0
1783934026.2,20616,32624,600,250.0,72.0,2718.0
1783934026.8,20616,32624,600,330.0,72.0,2651.0
1783934027.4,20616,32624,600,301.0,72.0,2647.0
1783934028.0,20616,32624,600,357.0,72.0,2768.0
1783934028.5,20616,32624,600,203.0,72.0,2602.0
1783934029.1,20616,32624,600,300.0,71.0,2543.0
1783934029.7,20616,32624,600,347.0,72.0,2762.0
1783934030.3,20616,32624,600,261.0,72.0,2707.0
1783934030.9,20616,32624,600,333.0,71.0,2549.0
1783934031.5,20616,32624,600,340.0,71.0,2627.0
1783934032.1,20616,32624,600,355.0,72.0,2792.0
1783934032.7,20616,32624,600,257.0,71.0,2570.0
1783934033.3,20616,32624,600,312.0,72.0,2577.0
1783934033.9,20616,32624,600,45.0,71.0,0.0
1783934034.5,20616,32624,600,371.0,71.0,2818.0
1783934035.1,20616,32624,600,268.0,71.0,2869.0
1783934035.7,20616,32624,600,169.0,71.0,2566.0
1783934036.3,20616,32624,600,325.0,71.0,2627.0
1783934036.9,20616,32624,600,317.0,71.0,2615.0
1783934037.5,20616,32624,600,318.0,71.0,2615.0
1783934038.1,20610,32624,598,336.0,71.0,2662.0
1783934038.6,20610,32624,598,314.0,71.0,2680.0
1783934039.2,20610,32624,598,401.0,71.0,2902.0
1783934039.8,20610,32624,598,270.0,71.0,2844.0
1783934040.4,20610,32624,598,287.0,71.0,2870.0
1783934041.0,20610,32624,598,341.0,71.0,2555.0
1783934041.6,20610,32624,598,324.0,71.0,2621.0
1783934042.2,20610,32624,598,333.0,71.0,2638.0
1783934042.8,20610,32624,598,370.0,71.0,2777.0
1783934043.4,20610,32624,598,325.0,71.0,2695.0
1783934044.0,20610,32624,598,292.0,71.0,2900.0
1783934044.6,20610,32624,598,200.0,72.0,2350.0
1783934045.2,20610,32624,598,312.0,71.0,2558.0
1783934045.8,20610,32624,598,328.0,71.0,2570.0
1783934046.4,20610,32624,598,389.0,71.0,2808.0
1783934047.0,20610,32624,598,206.0,71.0,2809.0
1783934047.6,20610,32624,598,321.0,71.0,2550.0
1783934048.2,20610,32624,598,323.0,71.0,2513.0
1783934048.8,20610,32624,598,300.0,71.0,2529.0
1783934049.3,20610,32624,598,364.0,71.0,2808.0
1783934049.9,20610,32624,598,277.0,72.0,2866.0
1783934050.5,20610,32624,598,326.0,72.0,2495.0
1783934051.1,20610,32624,598,300.0,72.0,2520.0
1783934051.7,20610,32624,598,429.0,72.0,2985.0
1783934052.3,20610,32624,598,261.0,72.0,2823.0
1783934052.9,20610,32624,598,339.0,72.0,2571.0
1783934053.5,20623,32624,600,288.0,72.0,2589.0
1783934054.1,20623,32624,600,338.0,71.0,2695.0
1783934054.7,20623,32624,600,297.0,72.0,2907.0
1783934055.3,20623,32624,600,244.0,72.0,2540.0
1783934055.9,20623,32624,600,274.0,72.0,2567.0
1783934056.5,20623,32624,600,315.0,72.0,2628.0
1783934057.1,20623,32624,600,360.0,72.0,2759.0
1783934057.7,20623,32624,600,245.0,72.0,2790.0
1783934058.3,20623,32624,600,318.0,72.0,2577.0
1783934058.9,20623,32624,600,329.0,72.0,2618.0
1783934059.4,20623,32624,600,370.0,71.0,2801.0
1783934060.0,20623,32624,600,44.0,71.0,0.0
1783934060.6,20623,32624,600,349.0,70.0,2725.0
1783934061.2,20623,32624,600,261.0,71.0,2966.0
1783934061.8,20623,32624,600,283.0,71.0,2887.0
1783934062.4,20623,32624,600,137.0,71.0,2552.0
1783934063.0,20623,32624,600,313.0,71.0,2569.0
1783934063.6,20623,32624,600,286.0,71.0,2585.0
1783934064.2,20623,32624,600,313.0,71.0,2593.0
1783934064.8,20623,32624,600,322.0,71.0,2661.0
1783934065.4,20623,32624,600,351.0,71.0,2736.0
1783934066.0,20623,32624,600,334.0,71.0,2844.0
1783934066.6,20623,32624,600,265.0,71.0,2810.0
1783934067.2,20623,32624,600,318.0,71.0,2500.0
1783934067.8,20623,32624,600,331.0,71.0,2548.0
1783934068.4,20623,32624,600,335.0,72.0,2670.0
1783934069.0,20623,32624,600,333.0,72.0,2648.0
1783934069.6,20623,32624,600,344.0,72.0,2758.0
1783934070.2,20623,32624,600,259.0,72.0,2810.0
1783934070.7,20623,32624,600,245.0,71.0,2520.0
1783934071.3,20623,32624,600,287.0,71.0,2609.0
1783934071.9,20623,32624,600,313.0,71.0,2670.0
1783934072.5,20623,32624,600,228.0,72.0,2989.0
1783934073.1,20623,32624,600,208.0,72.0,2493.0
1783934073.7,20623,32624,600,281.0,71.0,2554.0
1783934074.3,20623,32624,600,257.0,72.0,2459.0
1783934074.9,20623,32624,600,335.0,71.0,2739.0
1783934075.5,20623,32624,600,279.0,72.0,2990.0
1783934076.1,20623,32624,600,75.0,72.0,2740.0
1783934076.7,20623,32624,600,55.0,71.0,46.0
1783934077.3,20623,32624,600,322.0,71.0,2607.0
1783934077.9,20623,32624,600,355.0,71.0,2758.0
1783934078.5,20623,32624,600,262.0,71.0,2855.0
1783934079.1,20623,32624,600,280.0,71.0,2544.0
1783934079.7,20623,32624,600,319.0,71.0,2676.0
1783934080.3,20623,32624,600,332.0,71.0,2743.0
1783934080.9,20623,32624,600,272.0,71.0,2820.0
1783934081.5,20623,32624,600,197.0,71.0,2569.0
1783934082.1,20623,32624,600,321.0,71.0,2486.0
1783934082.7,20623,32624,600,283.0,71.0,2519.0
1783934083.3,20623,32624,600,282.0,71.0,2558.0
1783934083.8,20623,32624,600,346.0,71.0,2778.0
1783934084.4,20623,32624,600,365.0,71.0,2753.0
1783934085.0,20623,32624,600,250.0,71.0,2700.0
1783934085.6,20623,32624,600,231.0,71.0,2530.0
1783934086.2,20623,32624,600,322.0,71.0,2610.0
1783934086.8,20623,32624,600,304.0,72.0,2644.0
1783934087.4,20623,32624,600,360.0,71.0,2769.0
1783934088.0,20623,32624,600,321.0,72.0,2891.0
1783934088.6,20623,32624,600,252.0,72.0,2727.0
1783934089.2,20623,32624,600,307.0,71.0,2578.0
1783934089.8,20623,32624,600,283.0,71.0,2609.0
1783934090.4,20623,32624,600,319.0,72.0,2563.0
1783934091.0,20623,32624,600,319.0,71.0,2661.0
1783934091.6,20623,32624,600,342.0,71.0,3080.0
1783934092.2,20623,32624,600,294.0,72.0,2906.0
1783934092.8,20623,32624,600,251.0,71.0,2524.0
1783934093.4,20623,32624,600,285.0,72.0,2482.0
1783934094.0,20623,32624,600,315.0,71.0,2665.0
1783934094.6,20623,32624,600,305.0,71.0,2659.0
1783934095.2,20623,32624,600,354.0,71.0,2771.0
1783934095.7,20623,32624,600,350.0,71.0,2827.0
1783934096.3,20623,32624,600,253.0,71.0,2669.0
1783934096.9,20623,32624,600,309.0,72.0,2496.0
1783934097.5,20623,32624,600,315.0,72.0,2573.0
1783934098.1,20619,32624,600,302.0,71.0,2661.0
1783934098.7,20619,32624,600,338.0,71.0,3050.0
1783934099.3,20619,32624,600,182.0,71.0,2562.0
1783934099.9,20619,32624,600,304.0,71.0,2542.0
1783934100.5,20619,32624,600,279.0,71.0,2498.0
1783934101.1,20619,32624,600,303.0,71.0,2632.0
1783934101.7,20619,32624,600,366.0,71.0,2830.0
1783934102.3,20619,32624,600,278.0,72.0,2864.0
1783934102.9,20619,32624,600,273.0,72.0,2515.0
1783934103.5,20619,32624,600,299.0,72.0,2502.0
1783934104.1,20619,32624,600,307.0,71.0,2672.0
1783934104.7,20619,32624,600,415.0,71.0,2787.0
1783934105.3,20619,32624,600,262.0,72.0,2779.0
1783934105.9,20619,32624,600,329.0,72.0,2508.0
1783934106.5,20619,32624,600,311.0,72.0,2523.0
1783934107.1,20619,32624,600,316.0,72.0,2688.0
1783934107.7,20619,32624,600,326.0,72.0,2873.0
1783934108.3,20619,32624,600,237.0,72.0,2813.0
1783934108.9,20619,32624,600,313.0,71.0,2604.0
1783934109.4,20619,32624,600,298.0,72.0,2535.0
1783934110.0,20619,32624,600,307.0,71.0,2642.0
1783934110.6,20619,32624,600,215.0,72.0,2794.0
1783934111.2,20619,32624,600,267.0,72.0,2547.0
1783934111.8,20619,32624,600,356.0,72.0,2644.0
1783934112.4,20619,32624,600,303.0,72.0,2674.0
1783934113.0,20619,32624,600,270.0,72.0,2922.0
1783934113.6,20619,32624,600,196.0,72.0,2493.0
1783934114.2,20619,32624,600,322.0,72.0,2647.0
1783934114.8,20619,32624,600,343.0,71.0,2752.0
1783934115.4,20619,32624,600,276.0,72.0,2917.0
1783934116.0,20619,32624,600,314.0,72.0,2571.0
1783934116.6,20619,32624,600,344.0,71.0,2706.0
1783934117.2,20619,32624,600,295.0,72.0,2939.0
1783934117.8,20619,32624,600,339.0,72.0,2558.0
1783934118.4,20619,32624,600,329.0,72.0,2663.0
1783934119.0,20619,32624,600,364.0,72.0,2897.0
1783934119.6,20630,32624,604,257.0,71.0,2737.0
1783934120.2,20630,32624,604,301.0,72.0,2569.0
1783934120.8,20652,32624,621,362.0,72.0,2754.0
1783934121.4,20652,32624,620,255.0,72.0,2506.0
1783934121.9,20650,32624,608,338.0,72.0,2654.0
1783934122.5,20649,32624,600,308.0,72.0,2967.0
1783934123.1,20649,32624,600,251.0,72.0,2519.0
1783934123.7,20649,32624,600,368.0,72.0,2799.0
1783934124.3,20649,32624,600,256.0,72.0,2869.0
1783934124.9,20649,32624,600,327.0,72.0,2568.0
1783934125.5,20649,32624,600,360.0,72.0,2742.0
1783934126.1,20645,32624,600,265.0,71.0,2814.0
1783934126.7,20645,32624,600,309.0,72.0,2565.0
1783934127.3,20645,32624,600,364.0,71.0,2800.0
1783934127.9,20645,32624,600,287.0,71.0,2480.0
1783934128.5,20637,32624,600,345.0,72.0,2751.0
1783934129.1,20637,32624,600,220.0,71.0,2804.0
1783934129.6,20637,32624,600,307.0,72.0,2527.0
1783934130.2,20637,32624,600,360.0,72.0,2745.0
1783934130.8,20637,32624,600,353.0,71.0,2572.0
1783934131.4,20637,32624,600,304.0,72.0,2605.0
1783934132.0,20637,32624,600,277.0,72.0,2863.0
1783934132.6,20637,32624,600,325.0,72.0,2533.0
1783934133.2,20637,32624,600,334.0,72.0,2625.0
1783934133.8,20637,32624,600,45.0,72.0,0.0
1783934134.4,20637,32624,600,185.0,70.0,2741.0
1783934135.0,20637,32624,600,270.0,71.0,2891.0
1783934135.6,20637,32624,600,352.0,71.0,2706.0
1783934136.2,20637,32624,600,285.0,71.0,2575.0
1783934136.7,20637,32624,600,342.0,71.0,2707.0
1783934137.3,20637,32624,600,285.0,71.0,2835.0
1783934137.9,20637,32624,600,241.0,71.0,2668.0
1783934138.5,20637,32624,600,289.0,71.0,2530.0
1783934139.1,20637,32624,600,289.0,71.0,2523.0
1783934139.7,20637,32624,600,296.0,71.0,2631.0
1783934140.3,20637,32624,600,360.0,71.0,2777.0
1783934140.9,20637,32624,600,342.0,71.0,2736.0
1783934141.5,20637,32624,600,255.0,71.0,2801.0
1783934142.1,20637,32624,600,178.0,71.0,2683.0
1783934142.7,20637,32624,600,309.0,71.0,2499.0
1783934143.2,20637,32624,600,347.0,71.0,2787.0
1783934143.8,20637,32624,600,326.0,71.0,2900.0
1783934144.4,20637,32624,600,271.0,71.0,2805.0
1783934145.0,20637,32624,600,141.0,71.0,2568.0
1783934145.6,20637,32624,600,324.0,71.0,2622.0
1783934146.2,20637,32624,600,286.0,71.0,2466.0
1783934146.8,20637,32624,600,295.0,71.0,2585.0
1783934147.4,20637,32624,600,321.0,71.0,2801.0
1783934148.0,20637,32624,600,272.0,71.0,2835.0
1783934148.6,20637,32624,600,311.0,71.0,2525.0
1783934149.2,20637,32624,600,295.0,71.0,2562.0
1783934149.8,20637,32624,600,354.0,71.0,2707.0
1783934150.3,20637,32624,600,341.0,71.0,2702.0
1783934150.9,20637,32624,600,295.0,71.0,2929.0
1783934151.5,20637,32624,600,194.0,71.0,2621.0
1783934152.1,20637,32624,600,310.0,71.0,2575.0
1783934152.7,20637,32624,600,312.0,71.0,2549.0
1783934153.3,20637,32624,600,317.0,71.0,2639.0
1783934153.9,20637,32624,600,336.0,71.0,2710.0
1783934154.5,20637,32624,600,261.0,71.0,2704.0
1783934155.1,20637,32624,600,293.0,71.0,2554.0
1783934155.7,20637,32624,600,334.0,71.0,2629.0
1783934156.3,20637,32624,600,333.0,71.0,2658.0
1783934156.8,20637,32624,600,385.0,71.0,2820.0
1783934157.4,20637,32624,600,292.0,71.0,2435.0
1783934158.0,20637,32624,600,310.0,71.0,2550.0
1783934158.6,20637,32624,600,313.0,71.0,2635.0
1783934159.2,20637,32624,600,344.0,71.0,2688.0
1783934159.8,20637,32624,600,194.0,71.0,2662.0
1783934160.4,20637,32624,600,282.0,71.0,2454.0
1783934161.0,20637,32624,600,290.0,71.0,2616.0
1783934161.6,20637,32624,600,320.0,71.0,2686.0
1783934162.2,20637,32624,600,334.0,72.0,2910.0
1783934162.7,20637,32624,600,211.0,71.0,2489.0
1783934163.3,20637,32624,600,314.0,71.0,2580.0
1783934163.9,20637,32624,600,325.0,71.0,2601.0
1783934164.5,20637,32624,600,318.0,71.0,2674.0
1783934165.1,20637,32624,600,263.0,72.0,2813.0
1783934165.7,20637,32624,600,307.0,71.0,2580.0
1783934166.3,20637,32624,600,321.0,72.0,2556.0
1783934166.9,20637,32624,600,362.0,72.0,2737.0
1783934167.5,20637,32624,600,262.0,72.0,2700.0
1783934168.1,20637,32624,600,342.0,72.0,2524.0
1783934168.7,20637,32624,600,308.0,72.0,2576.0
1783934169.3,20637,32624,600,252.0,72.0,2769.0
1783934169.8,20637,32624,600,297.0,71.0,2576.0
1783934170.4,20637,32624,600,332.0,72.0,2678.0
1783934171.0,20637,32624,600,269.0,72.0,2873.0
1783934171.6,20637,32624,600,285.0,72.0,2568.0
1783934172.2,20637,32624,600,317.0,72.0,2652.0
1783934172.8,20637,32624,600,295.0,72.0,2898.0
1783934173.4,20637,32624,600,219.0,72.0,2482.0
1783934174.0,20637,32624,600,305.0,72.0,2522.0
1783934174.6,20637,32624,600,282.0,72.0,2597.0
1783934175.2,20637,32624,600,267.0,72.0,2841.0
1783934175.8,20637,32624,600,334.0,72.0,2547.0
1783934176.4,20637,32624,600,300.0,72.0,2637.0
1783934177.0,20637,32624,600,331.0,72.0,2840.0
1783934177.5,20637,32624,600,307.0,72.0,2564.0
1783934178.1,20637,32624,600,327.0,71.0,2610.0
1783934178.7,20637,32624,600,345.0,71.0,2776.0
1783934179.3,20637,32624,600,252.0,71.0,2766.0
1783934179.9,20637,32624,600,329.0,71.0,2497.0
1783934180.5,20637,32624,600,301.0,71.0,2537.0
1783934181.1,20637,32624,600,352.0,71.0,2797.0
1783934181.7,20637,32624,600,286.0,72.0,2898.0
1783934182.3,20637,32624,600,314.0,71.0,2610.0
1783934182.9,20637,32624,600,379.0,72.0,2818.0
1783934183.5,20637,32624,600,264.0,72.0,2803.0
1783934184.1,20637,32624,600,308.0,72.0,2546.0
1783934184.7,20637,32624,600,314.0,72.0,2555.0
1783934185.3,20637,32624,600,325.0,72.0,2600.0
1783934185.8,20637,32624,600,257.0,72.0,2751.0
1783934186.4,20632,32624,602,319.0,71.0,2591.0
1783934187.0,20632,32624,602,344.0,71.0,2769.0
1783934187.6,20632,32624,602,266.0,72.0,2810.0
1783934188.2,20632,32624,602,314.0,72.0,2553.0
1783934188.8,20632,32624,602,383.0,72.0,2797.0
1783934189.4,20632,32624,602,228.0,71.0,2500.0
1783934190.0,20632,32624,602,292.0,71.0,2557.0
1783934190.6,20632,32624,602,336.0,71.0,2775.0
1783934191.2,20632,32624,602,217.0,71.0,2668.0
1783934191.8,20632,32624,602,315.0,72.0,2601.0
1783934192.4,20632,32624,602,356.0,72.0,2769.0
1783934193.0,20632,32624,602,247.0,72.0,2647.0
1783934193.6,20632,32624,602,289.0,71.0,2531.0
1783934194.2,20632,32624,602,319.0,71.0,2807.0
1783934194.8,20632,32624,602,277.0,71.0,2500.0
1783934195.3,20632,32624,602,321.0,72.0,2615.0
1783934195.9,20632,32624,602,307.0,72.0,2903.0
1783934196.5,20632,32624,602,299.0,72.0,2536.0
1783934197.1,20632,32624,602,347.0,71.0,2793.0
1783934197.7,20632,32624,602,285.0,72.0,2964.0
1783934198.3,20632,32624,602,288.0,71.0,2551.0
1783934198.9,20632,32624,602,332.0,71.0,2629.0
1783934199.5,20632,32624,602,266.0,72.0,2749.0
1783934200.1,20632,32624,602,309.0,72.0,2557.0
1783934200.7,20632,32624,602,314.0,71.0,2645.0
1783934201.3,20632,32624,602,351.0,72.0,2813.0
1783934201.9,20632,32624,602,306.0,72.0,2498.0
1783934202.5,20632,32624,602,296.0,72.0,2649.0
1783934203.1,20632,32624,602,345.0,71.0,2758.0
1783934203.6,20632,32624,602,190.0,72.0,2526.0
1783934204.2,20632,32624,602,297.0,72.0,2569.0
1783934204.8,20632,32624,602,299.0,72.0,2859.0
1783934205.4,20632,32624,602,329.0,72.0,2539.0
1783934206.0,20632,32624,602,355.0,72.0,2704.0
1783934206.6,20632,32624,602,265.0,72.0,2855.0
1783934207.2,20632,32624,602,327.0,72.0,2533.0
1783934207.8,20632,32624,602,310.0,72.0,2622.0
1783934208.4,20632,32624,602,252.0,72.0,2821.0
1783934209.0,20632,32624,602,292.0,71.0,2445.0
1783934209.6,20632,32624,602,322.0,72.0,2570.0
1783934210.2,20632,32624,602,273.0,72.0,2852.0
1783934210.8,20632,32624,602,315.0,72.0,2570.0
1783934211.4,20632,32624,602,352.0,72.0,2774.0
1783934212.0,20632,32624,602,257.0,72.0,2746.0
1783934212.6,20632,32624,602,299.0,72.0,2564.0
1783934213.2,20632,32624,602,373.0,72.0,2795.0
1783934213.7,20632,32624,602,208.0,72.0,2526.0
1783934214.3,20632,32624,602,333.0,72.0,2616.0
1783934214.9,20632,32624,602,278.0,72.0,2842.0
1783934215.5,20632,32624,602,321.0,72.0,2518.0
1783934216.1,20632,32624,602,247.0,72.0,2916.0
1783934216.7,20632,32624,602,311.0,72.0,2596.0
1783934217.3,20632,32624,602,353.0,72.0,2825.0
1783934217.9,20632,32624,602,252.0,72.0,2525.0
1783934218.5,20632,32624,602,307.0,72.0,2658.0
1783934219.1,20632,32624,602,354.0,72.0,2727.0
1783934219.7,20632,32624,602,283.0,71.0,2412.0
1783934220.3,20632,32624,602,310.0,72.0,2596.0
1783934220.9,20632,32624,602,271.0,72.0,2759.0
1783934221.5,20632,32624,602,287.0,71.0,2514.0
1783934222.1,20632,32624,602,316.0,72.0,2636.0
1783934222.7,20632,32624,602,146.0,72.0,2589.0
1783934223.3,20632,32624,602,306.0,72.0,2633.0
1783934223.8,20632,32624,602,266.0,72.0,2802.0
1783934224.4,20632,32624,602,309.0,71.0,2523.0
1783934225.0,20632,32624,602,350.0,72.0,2777.0
1783934225.6,20632,32624,602,318.0,72.0,2459.0
1783934226.2,20632,32624,602,340.0,72.0,2770.0
1783934226.8,20632,32624,602,330.0,72.0,2554.0
1783934227.4,20632,32624,602,350.0,72.0,2736.0
1783934228.0,20632,32624,602,315.0,71.0,2516.0
1783934228.6,20632,32624,602,355.0,72.0,2774.0
1783934229.2,20632,32624,602,284.0,72.0,2555.0
1783934229.8,20632,32624,602,357.0,71.0,2775.0
1783934230.4,20632,32624,602,314.0,71.0,2549.0
1783934231.0,20632,32624,602,352.0,72.0,2797.0
1783934231.6,20632,32624,602,334.0,72.0,2548.0
1783934232.1,20632,32624,602,309.0,71.0,2640.0
1783934232.7,20632,32624,602,226.0,71.0,2581.0
1783934233.3,20632,32624,602,321.0,72.0,2529.0
1783934233.9,20633,32624,606,274.0,72.0,2864.0
1783934234.5,20633,32624,606,325.0,72.0,2602.0
1783934235.1,20633,32624,606,64.0,70.0,2996.0
1783934235.7,20628,32624,604,262.0,71.0,2887.0
1783934236.3,20628,32624,604,339.0,71.0,2582.0
1783934236.9,20628,32624,604,295.0,71.0,2609.0
1783934237.5,20628,32624,604,316.0,71.0,2669.0
1783934238.1,20628,32624,604,330.0,72.0,2834.0
1783934238.7,20628,32624,604,215.0,71.0,2697.0
1783934239.3,20628,32624,604,286.0,71.0,2502.0
1783934239.9,20628,32624,604,303.0,71.0,2565.0
1783934240.5,20628,32624,604,309.0,71.0,2621.0
1783934241.1,20628,32624,604,345.0,71.0,2733.0
1783934241.7,20628,32624,604,248.0,72.0,2751.0
1783934242.2,20628,32624,604,309.0,71.0,2460.0
1783934242.8,20628,32624,604,325.0,72.0,2589.0
1783934243.4,20628,32624,604,310.0,72.0,2519.0
1783934244.0,20628,32624,604,315.0,71.0,2516.0
1783934244.6,20628,32624,604,341.0,71.0,2716.0
1783934245.2,20628,32624,604,260.0,72.0,2789.0
1783934245.8,20628,32624,604,339.0,72.0,2505.0
1783934246.4,20628,32624,604,283.0,71.0,2455.0
1783934247.0,20628,32624,604,305.0,71.0,2581.0
1783934247.6,20628,32624,604,356.0,72.0,2763.0
1783934248.2,20628,32624,604,262.0,71.0,2902.0
1783934248.8,20628,32624,604,318.0,71.0,2544.0
1783934249.4,20628,32624,604,330.0,72.0,2591.0
1783934250.0,20628,32624,604,344.0,72.0,2723.0
1783934250.6,20628,32624,604,315.0,71.0,2850.0
1783934251.2,20628,32624,604,250.0,72.0,2715.0
1783934251.7,20628,32624,604,275.0,72.0,2538.0
1783934252.3,20628,32624,604,323.0,72.0,2540.0
1783934252.9,20628,32624,604,341.0,71.0,2724.0
1783934253.5,20628,32624,604,308.0,71.0,2657.0
1783934254.1,20628,32624,604,268.0,72.0,2968.0
1783934254.7,20628,32624,604,317.0,72.0,2567.0
1783934255.3,20628,32624,604,286.0,72.0,2514.0
1783934255.9,20628,32624,604,309.0,72.0,2551.0
1783934256.5,20630,32624,606,311.0,72.0,2909.0
1783934257.1,20630,32624,606,194.0,71.0,2674.0
1783934257.7,20630,32624,606,332.0,71.0,2730.0
1783934258.3,20630,32624,606,229.0,72.0,2869.0
1783934258.9,20630,32624,606,263.0,72.0,2540.0
1783934259.5,20630,32624,606,335.0,72.0,2584.0
1783934260.1,20630,32624,606,361.0,71.0,2772.0
1783934260.7,20630,32624,606,264.0,72.0,2765.0
1783934261.3,20630,32624,606,331.0,72.0,2572.0
1783934261.9,20630,32624,606,337.0,72.0,2655.0
1783934262.5,20630,32624,606,362.0,72.0,2947.0
1783934263.0,20630,32624,606,252.0,72.0,2448.0
1783934263.6,20630,32624,606,320.0,71.0,2554.0
1783934264.2,20630,32624,606,335.0,72.0,2760.0
1783934264.8,20630,32624,606,350.0,72.0,2468.0
1783934265.4,20630,32624,606,333.0,72.0,2600.0
1783934266.0,20630,32624,606,320.0,72.0,2577.0
1783934266.6,20630,32624,606,321.0,72.0,2596.0
1783934267.2,20630,32624,606,305.0,72.0,2683.0
1783934267.8,20630,32624,606,278.0,72.0,2811.0
1783934268.4,20630,32624,606,242.0,72.0,2761.0
1783934269.0,20630,32624,606,282.0,71.0,2425.0
1783934269.6,20630,32624,606,327.0,72.0,2575.0
1783934270.2,20630,32624,606,385.0,71.0,2854.0
1783934270.8,20630,32624,606,301.0,72.0,2538.0
1783934271.4,20630,32624,606,333.0,72.0,2664.0
1783934272.0,20630,32624,606,349.0,72.0,2876.0
1783934272.6,20630,32624,606,245.0,72.0,2526.0
1783934273.2,20630,32624,606,343.0,72.0,2648.0
1783934273.8,20630,32624,606,331.0,72.0,2720.0
1783934274.4,20630,32624,606,259.0,72.0,2733.0
1783934274.9,20630,32624,606,330.0,72.0,2551.0
1783934275.5,20630,32624,606,302.0,71.0,2627.0
1783934276.1,20630,32624,606,275.0,72.0,2898.0
1783934276.7,20630,32624,606,290.0,72.0,2548.0
1783934277.3,20630,32624,606,347.0,71.0,2680.0
1783934277.9,20630,32624,606,294.0,72.0,2929.0
1783934278.5,20630,32624,606,278.0,72.0,2559.0
1783934279.1,20630,32624,606,322.0,72.0,2707.0
1783934279.7,20630,32624,606,270.0,72.0,2843.0
1783934280.3,20630,32624,606,306.0,72.0,2605.0
1783934280.9,20630,32624,606,316.0,72.0,2900.0
1783934281.5,20630,32624,606,329.0,72.0,2583.0
1783934282.1,20630,32624,606,329.0,72.0,2667.0
1783934282.6,20630,32624,606,298.0,72.0,2889.0
1783934283.2,20630,32624,606,323.0,72.0,2544.0
1783934283.8,20630,32624,606,326.0,72.0,2694.0
1783934284.4,20630,32624,606,265.0,72.0,2828.0
1783934285.0,20630,32624,606,313.0,72.0,2528.0
1783934285.6,20630,32624,606,396.0,72.0,2877.0
1783934286.2,18402,32624,100,107.0,70.0,3049.0
1783934286.8,732,32624,100,29.0,69.0,0.0
1783934287.4,719,32624,84,14.0,68.0,0.0
1783934288.0,719,32624,84,15.0,67.0,0.0
1783934288.6,719,32624,84,15.0,67.0,0.0
1783934289.2,719,32624,84,15.0,66.0,0.0
1783934289.8,719,32624,84,16.0,66.0,0.0
1783934290.3,719,32624,84,15.0,66.0,0.0
1783934290.9,719,32624,84,16.0,65.0,0.0
1783934291.5,719,32624,84,15.0,65.0,0.0
1783934292.1,719,32624,84,14.0,64.0,0.0
1783934292.7,719,32624,84,15.0,64.0,0.0
1783934293.3,719,32624,84,15.0,64.0,0.0
1783934293.9,719,32624,84,15.0,64.0,0.0
1783934294.5,719,32624,84,15.0,63.0,0.0
1783934295.1,719,32624,84,14.0,63.0,0.0
1783934295.7,719,32624,84,14.0,62.0,0.0
1783934296.3,719,32624,84,14.0,62.0,0.0
1783934296.9,719,32624,84,16.0,62.0,0.0
1783934297.5,719,32624,84,14.0,61.0,0.0
1783934298.0,719,32624,84,15.0,61.0,0.0
1783934298.6,719,32624,84,14.0,61.0,0.0
1783934299.2,719,32624,84,13.0,60.0,0.0
1783934299.8,719,32624,84,15.0,60.0,0.0
1783934300.4,719,32624,84,15.0,60.0,0.0
1783934301.0,719,32624,84,14.0,60.0,0.0
1783934301.6,719,32624,84,14.0,59.0,0.0
1783934302.2,719,32624,84,14.0,59.0,0.0
1783934302.8,719,32624,84,14.0,59.0,0.0
1783934303.4,719,32624,84,13.0,59.0,0.0
1783934304.0,719,32624,84,14.0,58.0,0.0
1783934304.6,719,32624,84,13.0,58.0,0.0
1783934305.2,719,32624,84,13.0,58.0,0.0
1783934305.8,719,32624,84,14.0,58.0,0.0
1783934306.3,719,32624,84,13.0,57.0,0.0
1783934306.9,719,32624,84,13.0,57.0,0.0
1783934307.5,719,32624,84,13.0,57.0,0.0
1783934308.1,719,32624,84,14.0,57.0,0.0
1783934308.7,719,32624,84,13.0,56.0,0.0
1783934309.3,719,32624,84,13.0,56.0,0.0
1783934309.9,719,32624,84,15.0,56.0,0.0
1783934310.5,719,32624,84,13.0,56.0,0.0
1783934311.1,719,32624,84,14.0,55.0,0.0
1783934311.7,719,32624,84,13.0,55.0,0.0
1783934312.3,719,32624,84,13.0,55.0,0.0
1783934312.9,719,32624,84,13.0,55.0,0.0
1783934313.5,719,32624,84,13.0,55.0,0.0
1783934314.1,719,32624,84,11.0,55.0,0.0
1783934314.7,719,32624,84,12.0,54.0,0.0
1783934315.3,719,32624,84,14.0,54.0,0.0
1783934315.9,719,32624,84,13.0,54.0,0.0
1783934316.5,719,32624,84,11.0,54.0,0.0
1783934317.0,719,32624,84,12.0,54.0,0.0
1783934317.6,719,32624,84,12.0,53.0,0.0
1783934318.2,719,32624,84,13.0,53.0,0.0
1783934318.8,719,32624,84,12.0,53.0,0.0
1783934319.4,719,32624,84,11.0,53.0,0.0
1783934320.0,719,32624,84,13.0,53.0,0.0
1783934320.6,719,32624,84,12.0,53.0,0.0
1783934321.2,719,32624,84,11.0,52.0,0.0
1783934321.8,719,32624,84,14.0,52.0,0.0
1783934322.4,719,32624,84,13.0,52.0,0.0
1783934323.0,719,32624,84,12.0,52.0,0.0
1783934323.6,719,32624,84,12.0,52.0,0.0
1783934324.2,719,32624,84,13.0,52.0,0.0
1783934324.7,719,32624,84,12.0,52.0,0.0
1783934325.3,719,32624,84,13.0,51.0,0.0
1783934325.9,719,32624,84,13.0,51.0,0.0
1783934326.5,719,32624,84,13.0,51.0,0.0
1783934327.1,719,32624,84,13.0,51.0,0.0
1783934327.7,719,32624,84,11.0,51.0,0.0
1783934328.3,719,32624,84,12.0,51.0,0.0
1783934328.9,719,32624,84,12.0,50.0,0.0
1783934329.5,719,32624,84,11.0,50.0,0.0
1783934330.1,719,32624,84,12.0,50.0,0.0
1783934330.7,719,32624,84,13.0,50.0,0.0
1783934331.3,719,32624,84,11.0,50.0,0.0
1783934331.9,719,32624,84,11.0,50.0,0.0
1783934332.5,719,32624,84,12.0,50.0,0.0
1783934333.0,719,32624,84,12.0,49.0,0.0
1783934333.6,719,32624,84,12.0,49.0,0.0
1783934334.2,719,32624,84,13.0,49.0,0.0
1783934334.8,719,32624,84,12.0,49.0,0.0
1783934335.4,719,32624,84,13.0,49.0,0.0
1783934336.0,719,32624,84,11.0,49.0,0.0
1783934336.6,719,32624,84,12.0,49.0,0.0
1783934337.2,719,32624,84,12.0,49.0,0.0
1783934337.8,719,32624,84,11.0,49.0,0.0
1783934338.4,719,32624,84,11.0,49.0,0.0
1783934339.0,719,32624,84,11.0,48.0,0.0
1783934339.6,719,32624,84,12.0,48.0,0.0
1783934340.2,719,32624,84,13.0,48.0,0.0
1783934340.8,719,32624,84,12.0,48.0,0.0
1783934341.3,719,32624,84,12.0,48.0,0.0
1783934341.9,719,32624,84,13.0,48.0,0.0
1783934342.5,719,32624,84,12.0,48.0,0.0
1783934343.1,719,32624,84,11.0,48.0,0.0
1783934343.7,719,32624,84,11.0,48.0,0.0
1783934344.3,719,32624,84,11.0,48.0,0.0
1783934344.9,719,32624,84,12.0,47.0,0.0
1783934345.5,719,32624,84,13.0,47.0,0.0
1783934346.1,719,32624,84,13.0,47.0,0.0
1783934346.7,715,32624,84,14.0,47.0,0.0
1783934347.3,715,32624,84,13.0,47.0,0.0
1783934347.9,715,32624,84,11.0,47.0,0.0
1783934348.5,715,32624,84,11.0,47.0,0.0
1783934349.1,715,32624,84,11.0,47.0,0.0
1783934349.7,715,32624,84,12.0,47.0,0.0
1783934350.2,715,32624,84,13.0,47.0,0.0
1783934350.8,715,32624,84,11.0,47.0,0.0
1783934351.4,715,32624,84,10.0,47.0,0.0
1783934352.0,715,32624,84,11.0,47.0,0.0
1783934352.6,715,32624,84,11.0,46.0,0.0
1783934353.2,715,32624,84,12.0,46.0,0.0
1783934353.8,715,32624,84,11.0,46.0,0.0
1783934354.4,734,32624,87,29.0,46.0,1615.0
1783934355.0,860,32624,111,23.0,47.0,0.0
1783934355.6,860,32624,87,23.0,46.0,0.0
1783934356.2,862,32624,77,12.0,46.0,0.0
1783934356.8,848,32624,89,29.0,46.0,42.0
1783934357.4,848,32624,89,17.0,46.0,1192.0
1783934358.0,846,32624,79,12.0,46.0,0.0
1783934358.6,851,32624,77,13.0,46.0,0.0
1783934359.2,855,32624,77,11.0,46.0,0.0
1783934359.8,825,32624,95,23.0,46.0,0.0
1783934360.4,766,32624,85,32.0,46.0,1270.0
1783934361.0,766,32624,85,13.0,45.0,0.0
1783934361.6,764,32624,81,17.0,46.0,63.0
1783934362.2,764,32624,81,12.0,45.0,0.0
1783934362.8,762,32624,83,23.0,46.0,0.0
1783934363.4,762,32624,81,12.0,45.0,0.0
1783934364.0,757,32624,77,11.0,45.0,0.0
1783934364.6,755,32624,77,23.0,46.0,0.0
1783934365.2,750,32624,77,12.0,45.0,0.0
1783934365.8,750,32624,77,12.0,45.0,0.0
1783934366.4,750,32624,77,11.0,45.0,0.0
1783934367.0,749,32624,77,12.0,45.0,0.0
1783934367.6,738,32624,77,23.0,45.0,0.0
1783934368.2,738,32624,77,13.0,45.0,0.0
1783934368.8,726,32624,77,23.0,45.0,0.0
1783934369.3,726,32624,77,12.0,45.0,0.0
1783934369.9,726,32624,77,11.0,45.0,0.0
1783934370.5,726,32624,77,11.0,45.0,0.0
1783934371.1,726,32624,77,12.0,45.0,0.0
1783934371.7,726,32624,77,11.0,45.0,0.0
1783934372.3,726,32624,77,11.0,45.0,0.0
1783934372.9,726,32624,77,11.0,45.0,0.0
1783934373.5,726,32624,77,11.0,45.0,0.0
1783934374.2,726,32624,77,11.0,45.0,0.0
1783934374.8,726,32624,77,22.0,45.0,0.0
1783934375.4,726,32624,77,12.0,45.0,0.0
1783934376.0,726,32624,77,12.0,45.0,0.0
1783934376.6,726,32624,77,13.0,45.0,0.0
1783934377.2,726,32624,77,12.0,45.0,0.0
1783934377.8,726,32624,77,11.0,45.0,0.0
1783934378.4,726,32624,77,13.0,45.0,0.0
1783934379.0,726,32624,77,11.0,45.0,0.0
1783934379.6,726,32624,77,11.0,45.0,0.0
1783934380.2,726,32624,77,12.0,45.0,0.0
1783934380.8,726,32624,77,11.0,45.0,0.0
1783934381.4,726,32624,77,13.0,45.0,0.0
1783934382.0,726,32624,79,12.0,45.0,0.0
1783934382.6,726,32624,79,11.0,45.0,0.0
1783934383.2,726,32624,79,13.0,45.0,0.0
1783934383.8,726,32624,79,12.0,45.0,0.0
1783934384.4,710,32624,75,23.0,45.0,0.0
1783934385.0,710,32624,75,12.0,45.0,0.0
1783934385.6,710,32624,75,12.0,45.0,0.0
1783934386.2,710,32624,75,15.0,45.0,0.0
1783934386.8,710,32624,75,12.0,45.0,0.0
1783934387.3,710,32624,75,11.0,45.0,0.0
1783934387.9,710,32624,75,11.0,45.0,0.0
1783934388.5,710,32624,75,12.0,44.0,0.0
1783934389.1,710,32624,75,11.0,44.0,0.0
1783934389.7,710,32624,75,11.0,45.0,0.0
1783934390.3,710,32624,75,12.0,44.0,0.0
1783934390.9,710,32624,75,12.0,44.0,0.0
1783934391.5,710,32624,75,12.0,45.0,0.0
1783934392.1,710,32624,75,11.0,45.0,0.0
1783934392.7,710,32624,75,11.0,44.0,0.0
1783934393.3,710,32624,75,11.0,44.0,0.0
1783934393.9,710,32624,75,12.0,44.0,0.0
1783934394.5,710,32624,75,17.0,44.0,6.0
1783934395.1,710,32624,75,16.0,44.0,20.0
1783934395.7,710,32624,75,11.0,44.0,0.0
1783934396.3,710,32624,75,11.0,44.0,0.0
1783934396.9,710,32624,75,11.0,44.0,0.0
1783934397.4,710,32624,75,12.0,44.0,0.0
1783934398.0,710,32624,75,11.0,44.0,0.0
1783934398.6,710,32624,75,11.0,44.0,0.0
1783934399.2,710,32624,75,11.0,44.0,0.0
1783934399.8,710,32624,75,12.0,44.0,0.0
1783934400.4,710,32624,75,11.0,44.0,0.0
1783934401.0,710,32624,75,12.0,44.0,0.0
1783934401.6,710,32624,75,12.0,44.0,0.0
1783934402.2,710,32624,75,12.0,44.0,0.0
1783934402.8,710,32624,75,12.0,44.0,0.0
1783934403.4,710,32624,75,12.0,44.0,0.0
1783934404.0,710,32624,75,12.0,44.0,0.0
1783934404.6,710,32624,75,12.0,44.0,0.0
1783934405.2,710,32624,75,12.0,44.0,0.0
1783934405.8,710,32624,75,12.0,44.0,0.0
1783934406.4,710,32624,75,11.0,44.0,0.0
1783934407.0,710,32624,75,11.0,44.0,0.0
1783934407.5,710,32624,75,12.0,44.0,0.0
1783934408.1,710,32624,75,11.0,44.0,0.0
1783934408.7,710,32624,75,12.0,44.0,0.0
1783934409.3,710,32624,75,12.0,44.0,0.0
1783934409.9,710,32624,75,12.0,44.0,0.0
1783934410.5,710,32624,75,10.0,44.0,0.0
1783934411.1,710,32624,75,14.0,44.0,0.0
1783934411.7,710,32624,75,11.0,44.0,0.0
1783934412.3,710,32624,75,11.0,44.0,0.0
1783934412.9,710,32624,75,15.0,44.0,0.0
1783934413.5,722,32624,81,17.0,43.0,21.0
1783934414.1,722,32624,81,11.0,44.0,0.0
1783934414.7,722,32624,81,11.0,44.0,0.0
1783934415.3,722,32624,81,11.0,43.0,0.0
1783934415.9,718,32624,79,11.0,44.0,0.0
1783934416.5,718,32624,79,11.0,43.0,0.0
1783934417.0,718,32624,79,12.0,43.0,0.0
1783934417.6,718,32624,79,12.0,43.0,0.0
1783934418.2,718,32624,79,11.0,43.0,0.0
1783934418.8,718,32624,79,10.0,43.0,0.0
1783934419.4,718,32624,79,12.0,43.0,0.0
1783934420.0,718,32624,79,11.0,43.0,0.0
1783934420.6,718,32624,79,10.0,43.0,0.0
1783934421.2,718,32624,79,11.0,43.0,0.0
1783934421.8,718,32624,79,13.0,43.0,0.0
1783934422.4,718,32624,79,11.0,43.0,0.0
1783934423.0,718,32624,79,13.0,43.0,0.0
1783934423.6,718,32624,79,12.0,43.0,0.0
1783934424.2,718,32624,79,11.0,43.0,0.0
1783934424.8,718,32624,79,12.0,43.0,0.0
1783934425.4,718,32624,79,11.0,43.0,0.0
1783934426.0,718,32624,79,12.0,43.0,0.0
1783934426.6,720,32624,81,12.0,43.0,0.0
1783934427.2,720,32624,81,12.0,43.0,0.0
1783934427.8,720,32624,81,12.0,43.0,0.0
1783934428.4,720,32624,81,11.0,43.0,0.0
1783934429.0,714,32624,79,11.0,43.0,0.0
1783934429.6,714,32624,79,11.0,43.0,0.0
1783934430.1,714,32624,79,11.0,43.0,0.0
1783934430.7,714,32624,79,11.0,43.0,0.0
1783934431.3,714,32624,79,11.0,43.0,0.0
1783934431.9,714,32624,79,12.0,43.0,0.0
1783934432.5,714,32624,79,11.0,43.0,0.0
1783934433.1,714,32624,79,11.0,43.0,0.0
1783934433.7,714,32624,79,11.0,43.0,0.0
1783934434.3,714,32624,79,12.0,43.0,0.0
1783934434.9,714,32624,79,11.0,43.0,0.0
1783934435.5,714,32624,79,12.0,43.0,0.0
1783934436.1,714,32624,79,10.0,43.0,0.0
1783934436.7,714,32624,79,11.0,43.0,0.0
1783934437.3,714,32624,79,11.0,43.0,0.0
1783934437.9,714,32624,79,10.0,43.0,0.0
1783934438.5,714,32624,79,12.0,43.0,0.0
1783934439.1,714,32624,79,11.0,43.0,0.0
1783934439.7,714,32624,79,11.0,43.0,0.0
1783934440.3,714,32624,79,11.0,43.0,0.0
1783934440.8,714,32624,79,12.0,42.0,0.0
1783934441.4,714,32624,79,11.0,42.0,0.0
1783934442.0,714,32624,79,10.0,42.0,0.0
1783934442.6,714,32624,79,12.0,42.0,0.0
1783934443.2,714,32624,79,11.0,42.0,0.0
1783934443.8,714,32624,79,11.0,42.0,0.0
1783934444.4,714,32624,79,12.0,42.0,0.0
1783934445.0,714,32624,79,11.0,42.0,0.0
1783934445.6,714,32624,79,12.0,42.0,0.0
1783934446.2,714,32624,79,11.0,42.0,0.0
1783934446.8,714,32624,79,11.0,42.0,0.0
1783934447.4,714,32624,79,12.0,42.0,0.0
1783934448.0,714,32624,79,11.0,42.0,0.0
1783934448.6,714,32624,79,11.0,42.0,0.0
1783934449.2,714,32624,79,12.0,42.0,0.0
1783934449.7,714,32624,79,10.0,42.0,0.0
1783934450.3,714,32624,79,11.0,42.0,0.0
1783934450.9,714,32624,79,12.0,42.0,0.0
1783934451.5,714,32624,79,11.0,42.0,0.0
1783934452.1,714,32624,79,11.0,42.0,0.0
1783934452.7,714,32624,79,12.0,42.0,0.0
1783934453.3,714,32624,79,11.0,42.0,0.0
1783934453.9,714,32624,79,12.0,42.0,0.0
1783934454.5,714,32624,79,11.0,42.0,0.0
1783934455.1,714,32624,79,15.0,42.0,500.0
1783934455.7,714,32624,79,15.0,42.0,6.0
1783934456.3,714,32624,79,21.0,42.0,38.0
1783934456.9,714,32624,79,19.0,42.0,6.0
1783934457.5,714,32624,79,11.0,42.0,0.0
1783934458.1,714,32624,79,11.0,42.0,0.0
1783934458.7,714,32624,79,11.0,42.0,0.0
1783934459.2,714,32624,79,12.0,42.0,0.0
1783934459.8,714,32624,79,11.0,42.0,0.0
1783934460.4,714,32624,79,12.0,41.0,0.0
1783934461.0,714,32624,79,10.0,41.0,0.0
1783934461.6,714,32624,79,11.0,42.0,0.0
1783934462.2,714,32624,79,11.0,42.0,0.0
1783934462.8,714,32624,79,12.0,42.0,0.0
1783934463.4,714,32624,79,11.0,41.0,0.0
1783934464.0,714,32624,79,12.0,42.0,0.0
1783934464.6,714,32624,79,12.0,42.0,0.0
1783934465.2,714,32624,79,11.0,42.0,0.0
1783934465.8,714,32624,79,11.0,41.0,0.0
1783934466.4,714,32624,79,11.0,41.0,0.0
1783934467.0,714,32624,79,11.0,42.0,0.0
1783934467.6,714,32624,79,11.0,41.0,0.0
1783934468.1,714,32624,79,11.0,41.0,0.0
1783934468.7,714,32624,79,11.0,41.0,0.0
1783934469.3,714,32624,79,11.0,42.0,0.0
1783934469.9,714,32624,79,11.0,41.0,0.0
1783934470.5,714,32624,79,12.0,41.0,0.0
1783934471.1,714,32624,79,11.0,41.0,0.0
1783934471.7,714,32624,79,11.0,41.0,0.0
1783934472.3,714,32624,79,11.0,42.0,0.0
1783934472.9,714,32624,79,11.0,41.0,0.0
1783934473.5,716,32624,79,11.0,42.0,0.0
1783934474.1,716,32624,79,11.0,41.0,0.0
1783934474.7,716,32624,79,12.0,41.0,0.0
1783934475.3,716,32624,79,12.0,41.0,0.0
1783934475.9,715,32624,77,10.0,41.0,0.0
1783934476.5,715,32624,77,12.0,41.0,0.0
1783934477.1,715,32624,77,11.0,41.0,0.0
1783934477.7,715,32624,77,11.0,41.0,0.0
1783934478.3,715,32624,77,12.0,41.0,0.0
1783934478.9,715,32624,77,11.0,41.0,0.0
1783934479.5,715,32624,77,11.0,41.0,0.0
1783934480.0,715,32624,77,11.0,41.0,0.0
1783934480.6,715,32624,77,11.0,42.0,0.0
1783934481.2,715,32624,77,12.0,41.0,0.0
1783934481.8,715,32624,77,12.0,41.0,0.0
1783934482.4,715,32624,77,12.0,41.0,0.0
1783934483.0,715,32624,77,10.0,41.0,0.0
1783934483.6,715,32624,77,11.0,41.0,0.0
1783934484.2,715,32624,77,11.0,41.0,0.0
1783934484.8,715,32624,77,11.0,41.0,0.0
1783934485.4,715,32624,77,11.0,41.0,0.0
1783934486.0,715,32624,77,11.0,41.0,0.0
1783934486.6,715,32624,77,10.0,41.0,0.0
1783934487.2,715,32624,77,11.0,41.0,0.0
1783934487.8,715,32624,77,11.0,41.0,0.0
1783934488.4,715,32624,77,11.0,41.0,0.0
1783934489.0,715,32624,77,11.0,41.0,0.0
1783934489.6,715,32624,77,11.0,41.0,0.0
1783934490.1,715,32624,77,11.0,41.0,0.0
1783934490.7,715,32624,77,12.0,41.0,0.0
1783934491.3,715,32624,77,12.0,41.0,0.0
1783934491.9,715,32624,77,11.0,41.0,0.0
1783934492.5,715,32624,77,11.0,41.0,0.0
1783934493.1,715,32624,77,12.0,41.0,0.0
1783934493.7,715,32624,77,12.0,41.0,0.0
1783934494.3,715,32624,77,11.0,40.0,0.0
1783934494.9,715,32624,77,12.0,41.0,0.0
1783934495.5,715,32624,77,11.0,41.0,0.0
1783934496.1,715,32624,77,12.0,41.0,0.0
1783934496.7,715,32624,77,11.0,41.0,0.0
1783934497.3,715,32624,77,11.0,41.0,0.0
1783934497.9,715,32624,77,11.0,41.0,0.0
1783934498.5,715,32624,77,11.0,41.0,0.0
1783934499.1,715,32624,77,12.0,40.0,0.0
1783934499.7,715,32624,77,11.0,41.0,0.0
1783934500.2,715,32624,77,12.0,40.0,0.0
1783934500.8,715,32624,77,11.0,41.0,0.0
1783934501.4,715,32624,77,12.0,41.0,0.0
1783934502.0,715,32624,77,12.0,40.0,0.0
1783934502.6,715,32624,77,11.0,40.0,0.0
1783934503.2,715,32624,77,11.0,40.0,0.0
1783934503.8,715,32624,77,11.0,40.0,0.0
1783934504.4,715,32624,77,10.0,40.0,0.0
1783934505.0,715,32624,77,12.0,40.0,0.0
1783934505.6,715,32624,77,12.0,40.0,0.0
1783934506.2,715,32624,77,12.0,40.0,0.0
1783934506.8,715,32624,77,12.0,40.0,0.0
1783934507.4,715,32624,77,11.0,40.0,0.0
1783934507.9,715,32624,77,12.0,40.0,0.0
1783934508.5,715,32624,77,11.0,40.0,0.0
1783934509.1,715,32624,77,12.0,40.0,0.0
1783934509.7,715,32624,77,11.0,40.0,0.0
1783934510.3,715,32624,77,11.0,40.0,0.0
1783934510.9,715,32624,77,11.0,40.0,0.0
1783934511.5,715,32624,77,11.0,40.0,0.0
1783934512.1,715,32624,77,11.0,40.0,0.0
1783934512.7,715,32624,77,11.0,40.0,0.0
1783934513.3,715,32624,77,13.0,40.0,240.0
1783934513.9,715,32624,77,17.0,40.0,6.0
1783934514.5,715,32624,77,18.0,40.0,78.0
1783934515.1,715,32624,77,12.0,40.0,0.0
1783934515.7,715,32624,77,10.0,40.0,0.0
1783934516.3,715,32624,77,11.0,40.0,0.0
1783934516.8,715,32624,77,11.0,40.0,0.0
1783934517.4,715,32624,77,12.0,40.0,0.0
1783934518.0,715,32624,77,12.0,40.0,0.0
1783934518.6,715,32624,77,12.0,40.0,0.0
1783934519.2,715,32624,77,11.0,40.0,0.0
1783934519.8,715,32624,77,11.0,40.0,0.0
1783934520.4,715,32624,77,11.0,40.0,0.0
1783934521.0,715,32624,77,11.0,40.0,0.0
1783934521.6,715,32624,77,11.0,39.0,0.0
1783934522.2,715,32624,77,12.0,40.0,0.0
1783934522.8,715,32624,77,11.0,40.0,0.0
1783934523.4,715,32624,77,11.0,40.0,0.0
1783934524.0,715,32624,77,12.0,40.0,0.0
1783934524.5,715,32624,77,11.0,40.0,0.0
1783934525.1,715,32624,77,11.0,39.0,0.0
1783934525.7,715,32624,77,11.0,40.0,0.0
1783934526.3,715,32624,77,12.0,39.0,0.0
1783934526.9,715,32624,77,12.0,39.0,0.0
1783934527.5,715,32624,77,12.0,39.0,0.0
1783934528.1,715,32624,77,11.0,39.0,0.0
1783934528.7,715,32624,77,11.0,40.0,0.0
1783934529.3,715,32624,77,10.0,39.0,0.0
1783934529.9,715,32624,77,12.0,39.0,0.0
1783934530.5,715,32624,77,11.0,39.0,0.0
1783934531.1,715,32624,77,11.0,39.0,0.0
1783934531.7,715,32624,77,11.0,39.0,0.0
1783934532.3,715,32624,77,11.0,39.0,0.0
1783934532.8,715,32624,77,11.0,39.0,0.0
1783934533.4,715,32624,77,12.0,39.0,0.0
1783934534.0,715,32624,77,11.0,39.0,0.0
1783934534.6,715,32624,77,12.0,39.0,0.0
1783934535.2,715,32624,77,10.0,39.0,0.0
1783934535.8,715,32624,77,11.0,39.0,0.0
1783934536.4,715,32624,77,10.0,39.0,0.0
1783934537.0,715,32624,77,11.0,40.0,0.0
1783934537.6,715,32624,77,11.0,39.0,0.0
1783934538.2,711,32624,77,11.0,39.0,0.0
1783934538.8,711,32624,77,11.0,39.0,0.0
1783934539.4,711,32624,77,11.0,39.0,0.0
1783934540.0,711,32624,77,12.0,39.0,0.0
1783934540.6,711,32624,77,12.0,39.0,0.0
1783934541.2,711,32624,77,11.0,39.0,0.0
1783934541.8,711,32624,77,11.0,39.0,0.0
1783934542.4,711,32624,77,11.0,39.0,0.0
1783934542.9,711,32624,77,11.0,39.0,0.0
1783934543.5,711,32624,77,11.0,39.0,0.0
1783934544.1,711,32624,77,12.0,39.0,0.0
1783934544.7,711,32624,77,12.0,39.0,0.0
1783934545.3,711,32624,77,11.0,39.0,0.0
1783934545.9,711,32624,77,11.0,39.0,0.0
1783934546.5,711,32624,77,11.0,39.0,0.0
1783934547.1,711,32624,77,12.0,39.0,0.0
1783934547.7,711,32624,77,12.0,39.0,0.0
1783934548.3,711,32624,77,11.0,39.0,0.0
1783934548.9,711,32624,77,10.0,39.0,0.0
1783934549.5,711,32624,77,10.0,39.0,0.0
1783934550.1,711,32624,77,12.0,39.0,0.0
1783934550.7,711,32624,77,11.0,39.0,0.0
1783934551.3,711,32624,77,11.0,39.0,0.0
1783934551.8,711,32624,77,11.0,39.0,0.0
1783934552.4,711,32624,77,11.0,39.0,0.0
1783934553.0,711,32624,77,11.0,39.0,0.0
1783934553.6,711,32624,77,11.0,39.0,0.0
1783934554.2,711,32624,77,11.0,39.0,0.0
1783934554.8,711,32624,77,11.0,39.0,0.0
1783934555.4,711,32624,77,11.0,39.0,0.0
1783934556.0,711,32624,77,12.0,39.0,0.0
1783934556.6,711,32624,77,12.0,39.0,0.0
1783934557.2,711,32624,77,11.0,39.0,0.0
1783934557.8,711,32624,77,11.0,39.0,0.0
1783934558.4,711,32624,77,12.0,38.0,0.0
1783934559.0,711,32624,77,12.0,39.0,0.0
1783934559.6,711,32624,77,11.0,39.0,0.0
1783934560.2,711,32624,77,11.0,39.0,0.0
1783934560.8,711,32624,77,11.0,38.0,0.0
1783934561.4,711,32624,77,12.0,39.0,0.0
1783934561.9,711,32624,77,11.0,38.0,0.0
1783934562.6,711,32624,77,12.0,38.0,0.0
1783934563.2,711,32624,77,11.0,38.0,0.0
1783934563.7,711,32624,77,11.0,38.0,0.0
1783934564.3,711,32624,77,12.0,38.0,0.0
1783934564.9,711,32624,77,10.0,38.0,0.0
1783934565.5,711,32624,77,11.0,38.0,0.0
1783934566.1,711,32624,77,12.0,38.0,0.0
1783934566.7,711,32624,77,11.0,38.0,0.0
1783934567.3,711,32624,77,12.0,38.0,0.0
1783934567.9,711,32624,77,16.0,38.0,6.0
1783934568.5,711,32624,77,15.0,38.0,47.0
1783934569.1,711,32624,77,16.0,38.0,32.0
1783934569.7,711,32624,77,12.0,38.0,0.0
1783934570.3,711,32624,77,11.0,38.0,0.0
1783934570.9,711,32624,77,11.0,38.0,0.0
1783934571.4,711,32624,77,11.0,38.0,0.0
1783934572.0,711,32624,77,11.0,38.0,0.0
1783934572.6,711,32624,77,11.0,38.0,0.0
1783934573.2,711,32624,77,12.0,38.0,0.0
1783934573.8,711,32624,77,11.0,38.0,0.0
1783934574.4,711,32624,77,10.0,38.0,0.0
1783934575.0,711,32624,77,10.0,38.0,0.0
1783934575.6,711,32624,77,11.0,38.0,0.0
1783934576.2,711,32624,77,11.0,38.0,0.0
1783934576.8,711,32624,77,11.0,38.0,0.0
1783934577.4,711,32624,77,12.0,38.0,0.0
1783934578.0,711,32624,77,11.0,38.0,0.0
1783934578.6,711,32624,77,11.0,38.0,0.0
1783934579.2,711,32624,77,10.0,38.0,0.0
1783934579.7,711,32624,77,11.0,38.0,0.0
1783934580.3,711,32624,77,11.0,38.0,0.0
1783934580.9,711,32624,77,12.0,38.0,0.0
1783934581.5,711,32624,77,12.0,38.0,0.0
1783934582.1,711,32624,77,11.0,38.0,0.0
1783934582.7,711,32624,77,12.0,38.0,0.0
1783934583.3,711,32624,77,11.0,38.0,0.0
1783934583.9,711,32624,77,11.0,38.0,0.0
1783934584.5,711,32624,77,11.0,38.0,0.0
1783934585.1,711,32624,77,11.0,38.0,0.0
1783934585.7,711,32624,77,11.0,38.0,0.0
1783934586.3,711,32624,77,11.0,38.0,0.0
1783934586.9,711,32624,77,11.0,38.0,0.0
1783934587.4,711,32624,77,12.0,38.0,0.0
1783934588.0,711,32624,77,11.0,38.0,0.0
1783934588.6,711,32624,77,11.0,38.0,0.0
1783934589.2,711,32624,77,11.0,38.0,0.0
1783934589.8,711,32624,77,10.0,38.0,0.0
1783934590.4,711,32624,77,11.0,38.0,0.0
1783934591.0,711,32624,77,12.0,38.0,0.0
1783934591.6,711,32624,77,11.0,38.0,0.0
1783934592.2,711,32624,77,11.0,38.0,0.0
1783934592.8,711,32624,77,10.0,38.0,0.0
1783934593.4,711,32624,77,11.0,38.0,0.0
1783934594.0,711,32624,77,11.0,38.0,0.0
1783934594.6,711,32624,77,11.0,38.0,0.0
1783934595.2,711,32624,77,10.0,38.0,0.0
1783934595.8,711,32624,77,11.0,38.0,0.0
1783934596.4,711,32624,77,12.0,38.0,0.0
1783934596.9,711,32624,77,11.0,38.0,0.0
1783934597.5,711,32624,77,11.0,38.0,0.0
1783934598.1,711,32624,77,11.0,38.0,0.0
1783934598.7,711,32624,77,14.0,38.0,0.0
1783934599.3,711,32624,77,10.0,38.0,0.0
1783934599.9,711,32624,77,12.0,38.0,0.0
1783934600.5,711,32624,77,11.0,38.0,0.0
1783934601.1,711,32624,77,12.0,38.0,0.0
1783934601.7,711,32624,77,10.0,37.0,0.0
1783934602.3,711,32624,77,11.0,38.0,0.0
1783934602.9,711,32624,77,11.0,38.0,0.0
1783934603.5,711,32624,77,10.0,38.0,0.0
1783934604.1,711,32624,77,10.0,38.0,0.0
1783934604.7,711,32624,77,11.0,38.0,0.0
1783934605.3,711,32624,77,11.0,38.0,0.0
1783934605.9,711,32624,77,11.0,38.0,0.0
1783934606.5,711,32624,77,11.0,38.0,0.0
1783934607.1,711,32624,77,10.0,38.0,0.0
1783934607.6,711,32624,77,10.0,38.0,0.0
1783934608.2,711,32624,77,11.0,37.0,0.0
1783934608.8,711,32624,77,11.0,38.0,0.0
1783934609.4,711,32624,77,11.0,38.0,0.0
1783934610.0,711,32624,77,10.0,38.0,0.0
1783934610.6,711,32624,77,11.0,38.0,0.0
1783934611.2,711,32624,77,12.0,38.0,0.0
1783934611.8,711,32624,77,12.0,37.0,0.0
1783934612.4,711,32624,77,11.0,37.0,0.0
1783934613.0,711,32624,77,11.0,37.0,0.0
1783934613.6,711,32624,77,12.0,37.0,0.0
1783934614.2,711,32624,77,10.0,37.0,0.0
1783934614.8,711,32624,77,12.0,37.0,0.0
1783934615.4,711,32624,77,11.0,37.0,0.0
1783934616.0,711,32624,77,11.0,37.0,0.0
1783934616.6,711,32624,77,11.0,37.0,0.0
1783934617.2,711,32624,77,11.0,37.0,0.0
1783934617.8,711,32624,77,11.0,37.0,0.0
1783934618.4,711,32624,77,11.0,37.0,0.0
1783934619.0,711,32624,77,11.0,38.0,0.0
1783934619.5,711,32624,77,12.0,37.0,0.0
1783934620.1,711,32624,77,11.0,37.0,0.0
1783934620.7,711,32624,77,11.0,38.0,0.0
1783934621.3,711,32624,77,11.0,38.0,0.0
1783934621.9,711,32624,77,11.0,38.0,0.0
1783934622.5,711,32624,77,10.0,37.0,0.0
1783934623.1,711,32624,77,11.0,38.0,0.0
1783934623.7,711,32624,77,10.0,37.0,0.0
1783934624.3,711,32624,77,10.0,37.0,0.0
1783934624.9,711,32624,77,10.0,37.0,0.0
1783934625.5,711,32624,77,11.0,38.0,0.0
1783934626.1,711,32624,77,12.0,37.0,0.0
1783934626.7,711,32624,77,11.0,37.0,0.0
1783934627.3,711,32624,77,15.0,37.0,15.0
1783934627.9,711,32624,77,20.0,37.0,103.0
1783934628.5,711,32624,77,11.0,37.0,0.0
1783934629.1,711,32624,77,11.0,37.0,0.0
1783934629.7,711,32624,77,11.0,37.0,0.0
1783934630.3,711,32624,77,11.0,37.0,0.0
1783934630.8,711,32624,77,11.0,37.0,0.0
1783934631.4,711,32624,77,10.0,37.0,0.0
1783934632.0,711,32624,77,11.0,37.0,0.0
1783934632.6,711,32624,77,11.0,37.0,0.0
1783934633.2,711,32624,77,11.0,37.0,0.0
1783934633.8,711,32624,77,11.0,37.0,0.0
1783934634.4,711,32624,77,10.0,37.0,0.0
1783934635.0,714,32624,79,11.0,37.0,0.0
1783934635.6,714,32624,79,10.0,37.0,0.0
1783934636.2,714,32624,79,11.0,37.0,0.0
1783934636.8,714,32624,79,10.0,37.0,0.0
1783934637.4,714,32624,79,11.0,37.0,0.0
1783934638.0,712,32624,77,11.0,37.0,0.0
1783934638.6,712,32624,77,11.0,37.0,0.0
1783934639.2,712,32624,77,11.0,37.0,0.0
1783934639.8,712,32624,77,11.0,37.0,0.0
1783934640.4,712,32624,77,11.0,37.0,0.0
1783934641.0,712,32624,77,12.0,37.0,0.0
1783934641.6,712,32624,77,11.0,37.0,0.0
1783934642.1,712,32624,77,10.0,37.0,0.0
1783934642.7,712,32624,77,10.0,37.0,0.0
1783934643.3,712,32624,77,11.0,37.0,0.0
1783934643.9,712,32624,77,13.0,37.0,0.0
1783934644.5,712,32624,77,11.0,37.0,0.0
1783934645.1,712,32624,77,12.0,37.0,0.0
1783934645.7,712,32624,77,11.0,37.0,0.0
1783934646.3,712,32624,77,10.0,37.0,0.0
1783934646.9,712,32624,77,12.0,37.0,0.0
1783934647.5,712,32624,77,11.0,37.0,0.0
1783934648.1,712,32624,77,11.0,37.0,0.0
1783934648.7,712,32624,77,11.0,37.0,0.0
1783934649.3,712,32624,77,11.0,37.0,0.0
1783934649.9,712,32624,77,11.0,37.0,0.0
1783934650.5,712,32624,77,12.0,37.0,0.0
1783934651.1,712,32624,77,11.0,37.0,0.0
1783934651.7,712,32624,77,11.0,37.0,0.0
1783934652.3,712,32624,77,11.0,37.0,0.0
1783934652.9,712,32624,77,11.0,37.0,0.0
1783934653.4,717,32624,79,19.0,37.0,749.0
1783934654.0,718,32624,81,10.0,37.0,0.0
1783934654.6,718,32624,81,12.0,37.0,0.0
1783934655.2,718,32624,79,11.0,37.0,0.0
1783934655.8,703,32624,79,11.0,37.0,0.0
1783934656.4,703,32624,79,11.0,37.0,0.0
1783934657.0,703,32624,79,12.0,37.0,0.0
1783934657.6,703,32624,79,11.0,37.0,0.0
1783934658.2,729,32624,103,27.0,37.0,75.0
1783934658.8,729,32624,79,22.0,37.0,0.0
1783934659.4,733,32624,81,22.0,38.0,0.0
1783934660.0,733,32624,77,22.0,37.0,0.0
1783934660.6,733,32624,77,10.0,37.0,0.0
1783934661.2,733,32624,79,19.0,37.0,14.0
1783934661.8,737,32624,79,17.0,37.0,189.0
1783934662.4,739,32624,77,11.0,37.0,0.0
1783934663.0,739,32624,77,10.0,37.0,0.0
1783934663.6,739,32624,75,10.0,37.0,0.0
1783934664.2,739,32624,75,9.0,37.0,0.0
1783934664.8,739,32624,75,9.0,37.0,0.0
1783934665.4,739,32624,75,9.0,37.0,0.0
1783934666.0,739,32624,75,9.0,37.0,0.0
1783934666.6,739,32624,75,11.0,37.0,0.0
1783934667.2,739,32624,75,10.0,37.0,0.0
1783934667.8,739,32624,75,9.0,37.0,0.0
1783934668.4,739,32624,75,10.0,37.0,0.0
1783934669.0,739,32624,75,10.0,37.0,0.0
1783934669.6,739,32624,75,10.0,37.0,0.0
1783934670.2,739,32624,75,11.0,37.0,0.0
1783934670.8,739,32624,75,10.0,37.0,0.0
1783934671.3,739,32624,75,10.0,37.0,0.0
1783934671.9,739,32624,75,10.0,37.0,0.0
1783934672.5,739,32624,75,10.0,37.0,0.0
1783934673.1,739,32624,75,10.0,37.0,0.0
1783934673.7,739,32624,75,9.0,37.0,0.0
1783934674.3,739,32624,75,9.0,37.0,0.0
1783934674.9,739,32624,75,9.0,37.0,0.0
1783934675.5,739,32624,75,10.0,37.0,0.0
1783934676.1,739,32624,75,9.0,37.0,0.0
1783934676.7,739,32624,75,10.0,37.0,0.0
1783934677.3,739,32624,75,9.0,37.0,0.0
1783934677.9,739,32624,75,11.0,36.0,0.0
1783934678.5,739,32624,75,9.0,37.0,0.0
1783934679.1,739,32624,75,10.0,36.0,0.0
1783934679.7,739,32624,75,10.0,36.0,0.0
1783934680.3,739,32624,75,10.0,37.0,0.0
1783934680.9,739,32624,75,9.0,36.0,0.0
1783934681.5,739,32624,75,9.0,36.0,0.0
1783934682.1,739,32624,75,10.0,36.0,0.0
1783934682.7,739,32624,75,10.0,36.0,0.0
1783934683.3,739,32624,75,10.0,36.0,0.0
1783934683.8,739,32624,75,10.0,36.0,0.0
1783934684.4,739,32624,75,10.0,36.0,0.0
1783934685.0,739,32624,75,10.0,36.0,0.0
1783934685.6,739,32624,75,9.0,36.0,0.0
1783934686.2,739,32624,75,10.0,36.0,0.0
1783934686.8,739,32624,75,9.0,36.0,0.0
1783934687.4,739,32624,75,10.0,36.0,0.0
1783934688.0,739,32624,75,10.0,36.0,0.0
1783934688.6,739,32624,75,10.0,36.0,0.0
1783934689.2,739,32624,75,10.0,36.0,0.0
1783934689.8,739,32624,75,10.0,36.0,0.0
1783934690.4,739,32624,75,9.0,36.0,0.0
1783934691.0,739,32624,75,9.0,36.0,0.0
1783934691.6,739,32624,75,10.0,36.0,0.0
1783934692.2,739,32624,75,10.0,36.0,0.0
1783934692.8,739,32624,75,10.0,36.0,0.0
1783934693.4,739,32624,75,9.0,36.0,0.0
1783934694.0,739,32624,75,9.0,36.0,0.0
1783934694.5,739,32624,75,10.0,36.0,0.0
1783934695.1,731,32624,75,9.0,36.0,0.0
1783934695.7,731,32624,75,9.0,36.0,0.0
1783934696.3,731,32624,75,9.0,36.0,0.0
1783934696.9,731,32624,75,9.0,36.0,0.0
1783934697.5,731,32624,75,10.0,36.0,0.0
1783934698.1,731,32624,75,10.0,36.0,0.0
1783934698.7,731,32624,75,10.0,36.0,0.0
1783934699.3,731,32624,75,9.0,36.0,0.0
1783934699.9,731,32624,75,9.0,36.0,0.0
1783934700.5,731,32624,75,11.0,36.0,0.0
1783934701.1,731,32624,75,10.0,36.0,0.0
1783934701.7,731,32624,75,11.0,36.0,0.0
1783934702.3,731,32624,75,11.0,36.0,0.0
1783934702.9,731,32624,75,9.0,36.0,0.0
1783934703.5,731,32624,75,10.0,36.0,0.0
1783934704.0,731,32624,75,10.0,36.0,0.0
1783934704.6,731,32624,75,9.0,36.0,0.0
1783934705.2,731,32624,75,9.0,36.0,0.0
1783934705.8,731,32624,75,10.0,36.0,0.0
1783934706.4,731,32624,75,9.0,36.0,0.0
1783934707.0,731,32624,75,10.0,36.0,0.0
1783934707.6,731,32624,75,9.0,36.0,0.0
1783934708.2,731,32624,75,10.0,36.0,0.0
1783934708.8,731,32624,75,10.0,36.0,0.0
1783934709.4,731,32624,75,10.0,36.0,0.0
1783934710.0,731,32624,75,9.0,36.0,0.0
1783934710.6,731,32624,75,10.0,36.0,0.0
1783934711.2,731,32624,75,10.0,36.0,0.0
1783934711.8,731,32624,75,10.0,36.0,0.0
1783934712.4,731,32624,75,10.0,36.0,0.0
1783934712.9,731,32624,75,9.0,36.0,0.0
1783934713.5,731,32624,75,10.0,36.0,0.0
1783934714.1,731,32624,75,10.0,36.0,0.0
1783934714.7,731,32624,75,10.0,36.0,0.0
1783934715.3,731,32624,75,9.0,36.0,0.0
1783934715.9,731,32624,75,9.0,36.0,0.0
1783934716.5,731,32624,75,10.0,36.0,0.0
1783934717.1,731,32624,75,9.0,36.0,0.0
1783934717.7,731,32624,75,11.0,36.0,0.0
1783934718.3,731,32624,75,11.0,36.0,0.0
1783934718.9,731,32624,75,10.0,36.0,0.0
1783934719.5,731,32624,75,10.0,36.0,0.0
1783934720.1,731,32624,75,10.0,36.0,0.0
1783934720.7,731,32624,75,9.0,36.0,0.0
1783934721.3,731,32624,75,9.0,36.0,0.0
1783934721.9,731,32624,75,9.0,36.0,0.0
1783934722.5,731,32624,75,10.0,35.0,0.0
1783934723.0,731,32624,75,10.0,35.0,0.0
1783934723.6,731,32624,75,10.0,35.0,0.0
1783934724.2,731,32624,75,10.0,35.0,0.0
1783934724.8,731,32624,75,10.0,35.0,0.0
1783934725.4,731,32624,75,10.0,35.0,0.0
1783934726.0,731,32624,75,9.0,35.0,0.0
1783934726.6,731,32624,75,10.0,36.0,0.0
1783934727.2,731,32624,75,10.0,35.0,0.0
1783934727.8,731,32624,75,9.0,35.0,0.0
1783934728.4,731,32624,75,10.0,35.0,0.0
1783934729.0,731,32624,75,10.0,35.0,0.0
1783934729.6,731,32624,75,10.0,35.0,0.0
1783934730.2,731,32624,75,10.0,35.0,0.0
1783934730.8,731,32624,75,9.0,35.0,0.0
1783934731.4,731,32624,75,9.0,35.0,0.0
1783934732.0,731,32624,75,11.0,35.0,0.0
1783934732.6,731,32624,75,9.0,35.0,0.0
1783934733.1,731,32624,75,10.0,35.0,0.0
1783934733.7,731,32624,75,10.0,35.0,0.0
1783934734.3,731,32624,75,10.0,35.0,0.0
1783934734.9,731,32624,75,9.0,35.0,0.0
1783934735.5,731,32624,75,9.0,35.0,0.0
1783934736.1,731,32624,75,10.0,35.0,0.0
1783934736.7,731,32624,75,11.0,35.0,0.0
1783934737.3,731,32624,75,9.0,35.0,0.0
1783934737.9,731,32624,75,9.0,35.0,0.0
1783934738.5,731,32624,75,9.0,35.0,0.0
1783934739.1,731,32624,75,10.0,35.0,0.0
1783934739.7,731,32624,75,10.0,35.0,0.0
1783934740.3,731,32624,75,9.0,35.0,0.0
1783934740.9,731,32624,75,10.0,35.0,0.0
1783934741.5,731,32624,75,9.0,35.0,0.0
1783934742.0,731,32624,75,10.0,35.0,0.0
1783934742.6,731,32624,75,11.0,35.0,0.0
1783934743.2,731,32624,75,9.0,35.0,0.0
1783934743.8,731,32624,75,10.0,35.0,0.0
1783934744.4,731,32624,75,9.0,35.0,0.0
1783934745.0,731,32624,75,10.0,35.0,0.0
1783934745.6,731,32624,75,10.0,35.0,0.0
1783934746.2,731,32624,75,11.0,35.0,0.0
1783934746.8,731,32624,75,10.0,35.0,0.0
1783934747.4,731,32624,75,10.0,35.0,0.0
1783934748.0,731,32624,75,9.0,35.0,0.0
1783934748.6,731,32624,75,11.0,35.0,0.0
1783934749.2,731,32624,75,9.0,35.0,0.0
1783934749.8,731,32624,75,9.0,35.0,0.0
1783934750.3,731,32624,75,9.0,35.0,0.0
1783934750.9,731,32624,75,9.0,35.0,0.0
1783934751.5,731,32624,75,9.0,35.0,0.0
1783934752.1,731,32624,75,10.0,35.0,0.0
1783934752.7,731,32624,75,9.0,35.0,0.0
1783934753.3,731,32624,75,10.0,35.0,0.0
1783934753.9,731,32624,75,9.0,35.0,0.0
1783934754.5,731,32624,75,10.0,35.0,0.0
1783934755.1,731,32624,75,10.0,35.0,0.0
1783934755.7,731,32624,75,9.0,35.0,0.0
1783934756.3,731,32624,75,10.0,35.0,0.0
1783934756.9,731,32624,75,10.0,35.0,0.0
1783934757.5,731,32624,75,10.0,35.0,0.0
1783934758.1,731,32624,75,11.0,35.0,0.0
1783934758.7,731,32624,75,9.0,35.0,0.0
1783934759.2,731,32624,75,10.0,35.0,0.0
1783934759.8,731,32624,75,10.0,35.0,0.0
1783934760.4,731,32624,75,11.0,35.0,0.0
1783934761.0,731,32624,75,11.0,36.0,0.0
1783934761.6,731,32624,75,10.0,35.0,0.0
1783934762.2,731,32624,75,10.0,35.0,0.0
1783934762.8,731,32624,75,10.0,35.0,0.0
1783934763.4,731,32624,75,10.0,35.0,0.0
1783934764.0,731,32624,75,10.0,35.0,0.0
1783934764.6,731,32624,75,10.0,35.0,0.0
1783934765.2,731,32624,75,10.0,35.0,0.0
1783934765.8,731,32624,75,10.0,35.0,0.0
1783934766.4,731,32624,75,10.0,35.0,0.0
1783934767.0,731,32624,75,10.0,35.0,0.0
1783934767.6,731,32624,75,10.0,35.0,0.0
1783934768.2,731,32624,75,10.0,35.0,0.0
1783934768.7,731,32624,75,10.0,35.0,0.0
1783934769.3,731,32624,75,10.0,35.0,0.0
1783934769.9,731,32624,75,9.0,34.0,0.0
1783934770.5,731,32624,75,9.0,35.0,0.0
1783934771.1,731,32624,75,9.0,35.0,0.0
1783934771.7,731,32624,75,9.0,35.0,0.0
1783934772.3,731,32624,75,9.0,35.0,0.0
1783934772.9,731,32624,75,9.0,35.0,0.0
1783934773.5,731,32624,75,10.0,35.0,0.0
1783934774.1,731,32624,75,9.0,35.0,0.0
1783934774.7,731,32624,75,9.0,35.0,0.0
1783934775.3,731,32624,75,9.0,35.0,0.0
1783934775.9,731,32624,75,10.0,35.0,0.0
1783934776.5,731,32624,75,9.0,35.0,0.0
1783934777.1,731,32624,75,9.0,35.0,0.0
1783934777.7,731,32624,75,10.0,35.0,0.0
1783934778.2,731,32624,75,9.0,35.0,0.0
1783934778.8,742,32624,105,27.0,35.0,133.0
1783934779.4,742,32624,105,11.0,35.0,0.0
1783934780.0,782,32624,109,11.0,35.0,0.0
1783934780.6,809,32624,111,26.0,35.0,77.0
1783934781.2,809,32624,111,10.0,35.0,0.0
1783934781.8,788,32624,81,30.0,35.0,137.0
1783934782.4,788,32624,81,10.0,35.0,0.0
1783934783.0,788,32624,81,10.0,35.0,0.0
1783934783.6,788,32624,81,10.0,35.0,0.0
1783934784.2,783,32624,81,10.0,35.0,0.0
1783934784.8,783,32624,81,10.0,35.0,0.0
1783934785.4,783,32624,81,10.0,35.0,0.0
1783934786.0,763,32624,81,10.0,35.0,0.0
1783934786.6,763,32624,81,11.0,35.0,0.0
1783934787.2,763,32624,81,10.0,35.0,0.0
1783934787.8,763,32624,81,9.0,35.0,0.0
1783934788.3,763,32624,81,9.0,35.0,0.0
1783934788.9,763,32624,81,11.0,35.0,0.0
1783934789.5,763,32624,81,11.0,35.0,0.0
1783934790.1,763,32624,81,11.0,35.0,0.0
1783934790.7,763,32624,81,10.0,35.0,0.0
1783934791.3,763,32624,81,10.0,35.0,0.0
1783934791.9,763,32624,81,10.0,35.0,0.0
1783934792.5,763,32624,81,10.0,34.0,0.0
1783934793.1,763,32624,81,10.0,34.0,0.0
1783934793.7,763,32624,81,9.0,35.0,0.0
1783934794.3,763,32624,81,9.0,34.0,0.0
1783934794.9,763,32624,81,9.0,34.0,0.0
1783934795.5,763,32624,81,9.0,34.0,0.0
1783934796.1,763,32624,81,10.0,34.0,0.0
1783934796.7,763,32624,81,9.0,34.0,0.0
1783934797.3,763,32624,81,10.0,34.0,0.0
1783934797.9,763,32624,81,10.0,34.0,0.0
1783934798.4,763,32624,81,10.0,34.0,0.0
1783934799.0,763,32624,81,9.0,34.0,0.0
1783934799.6,763,32624,81,10.0,34.0,0.0
1783934800.2,763,32624,81,9.0,34.0,0.0
1783934800.8,763,32624,81,10.0,34.0,0.0
1783934801.4,763,32624,81,9.0,34.0,0.0
1783934802.0,763,32624,81,10.0,34.0,0.0
1783934802.6,763,32624,81,9.0,34.0,0.0
1783934803.2,763,32624,81,9.0,34.0,0.0
1783934803.8,763,32624,81,9.0,34.0,0.0
1783934804.4,763,32624,81,9.0,34.0,0.0
1783934805.0,763,32624,81,11.0,34.0,0.0
1783934805.5,763,32624,81,9.0,34.0,0.0
1783934806.1,763,32624,81,9.0,34.0,0.0
1783934806.7,763,32624,81,9.0,34.0,0.0
1783934807.3,763,32624,81,10.0,34.0,0.0
1783934807.9,763,32624,81,10.0,34.0,0.0
1783934808.5,754,32624,81,10.0,34.0,0.0
1783934809.1,754,32624,81,9.0,34.0,0.0
1783934809.7,754,32624,81,10.0,34.0,0.0
1783934810.3,754,32624,81,10.0,34.0,0.0
1783934810.9,754,32624,81,10.0,34.0,0.0
1783934811.5,754,32624,81,10.0,34.0,0.0
1783934812.1,754,32624,81,10.0,34.0,0.0
1783934812.6,754,32624,81,10.0,34.0,0.0
1783934813.2,754,32624,81,10.0,34.0,0.0
1783934813.8,754,32624,81,10.0,34.0,0.0
1783934814.4,754,32624,81,10.0,34.0,0.0
1783934815.0,754,32624,81,10.0,34.0,0.0
1783934815.6,754,32624,81,10.0,34.0,0.0
1783934816.2,754,32624,81,10.0,34.0,0.0
1783934816.8,754,32624,81,11.0,34.0,0.0
1783934817.4,754,32624,81,9.0,34.0,0.0
1783934818.0,754,32624,81,9.0,34.0,0.0
1783934818.5,754,32624,81,9.0,34.0,0.0
1783934819.1,754,32624,81,9.0,34.0,0.0
1783934819.7,754,32624,81,9.0,34.0,0.0
1783934820.3,754,32624,81,11.0,34.0,0.0
1783934820.9,754,32624,81,11.0,34.0,0.0
1783934821.5,754,32624,81,10.0,34.0,0.0
1783934822.1,754,32624,81,10.0,34.0,0.0
1783934822.7,754,32624,81,10.0,34.0,0.0
1783934823.3,754,32624,81,10.0,34.0,0.0
1783934823.9,754,32624,81,10.0,34.0,0.0
1783934824.5,754,32624,81,9.0,34.0,0.0
1783934825.0,754,32624,81,9.0,34.0,0.0
1783934825.6,754,32624,81,10.0,34.0,0.0
1783934826.2,754,32624,81,10.0,34.0,0.0
1783934826.8,754,32624,81,9.0,34.0,0.0
1783934827.4,754,32624,81,10.0,34.0,0.0
1783934828.0,754,32624,81,10.0,34.0,0.0
1783934828.6,754,32624,81,9.0,34.0,0.0
1783934829.2,754,32624,81,10.0,34.0,0.0
1783934829.8,754,32624,81,10.0,34.0,0.0
1783934830.4,754,32624,81,10.0,34.0,0.0
1783934831.0,754,32624,81,9.0,34.0,0.0
1783934831.5,754,32624,81,10.0,34.0,0.0
1783934832.1,754,32624,81,9.0,34.0,0.0
1783934832.7,754,32624,81,9.0,34.0,0.0
1783934833.3,754,32624,81,10.0,34.0,0.0
1783934833.9,753,32624,87,11.0,34.0,0.0
1783934834.5,753,32624,87,9.0,34.0,0.0
1783934835.1,753,32624,87,10.0,34.0,0.0
1783934835.7,753,32624,87,10.0,34.0,0.0
1783934836.3,753,32624,87,10.0,34.0,0.0
1783934836.9,753,32624,87,11.0,34.0,0.0
1783934837.5,753,32624,87,10.0,34.0,0.0
1783934838.1,753,32624,87,10.0,34.0,0.0
1783934838.6,743,32624,77,10.0,34.0,0.0
1783934839.2,743,32624,77,10.0,34.0,0.0
1783934839.8,743,32624,77,10.0,34.0,0.0
1783934840.4,743,32624,77,10.0,34.0,0.0
1783934841.0,743,32624,77,9.0,34.0,0.0
1783934841.6,743,32624,77,10.0,34.0,0.0
1783934842.2,743,32624,77,10.0,34.0,0.0
1783934842.8,743,32624,77,10.0,34.0,0.0
1783934843.4,743,32624,77,10.0,34.0,0.0
1783934844.0,743,32624,77,9.0,34.0,0.0
1783934844.6,743,32624,77,10.0,34.0,0.0
1783934845.2,743,32624,77,10.0,34.0,0.0
1783934845.7,743,32624,77,10.0,34.0,0.0
1783934846.3,743,32624,77,10.0,34.0,0.0
1783934846.9,743,32624,77,11.0,34.0,0.0
1783934847.5,743,32624,77,10.0,34.0,0.0
1783934848.1,743,32624,77,10.0,34.0,0.0
1783934848.7,743,32624,77,10.0,34.0,0.0
1783934849.3,743,32624,77,9.0,34.0,0.0
1783934849.9,743,32624,77,10.0,34.0,0.0
1783934850.5,743,32624,77,10.0,34.0,0.0
1783934851.1,743,32624,77,9.0,34.0,0.0
1783934851.7,743,32624,77,10.0,34.0,0.0
1783934852.3,743,32624,77,10.0,34.0,0.0
1783934852.8,743,32624,77,9.0,34.0,0.0
1783934853.4,743,32624,77,10.0,34.0,0.0
1783934854.0,743,32624,77,11.0,34.0,0.0
1783934854.6,743,32624,77,10.0,34.0,0.0
1783934855.2,743,32624,77,10.0,34.0,0.0
1783934855.8,743,32624,77,10.0,34.0,0.0
1783934856.4,743,32624,77,10.0,34.0,0.0
1783934857.0,743,32624,77,10.0,34.0,0.0
1783934857.6,743,32624,77,10.0,34.0,0.0
1783934858.2,743,32624,77,10.0,34.0,0.0
1783934858.8,743,32624,77,10.0,34.0,0.0
1783934859.4,743,32624,77,10.0,34.0,0.0
1783934860.0,743,32624,77,10.0,34.0,0.0
1783934860.5,743,32624,77,10.0,34.0,0.0
1783934861.1,743,32624,77,10.0,34.0,0.0
1783934861.7,743,32624,77,11.0,34.0,0.0
1783934862.3,743,32624,77,10.0,34.0,0.0
1783934862.9,743,32624,77,10.0,34.0,0.0
1783934863.5,743,32624,77,9.0,34.0,0.0
1783934864.1,743,32624,77,8.0,34.0,0.0
1783934864.7,743,32624,77,10.0,34.0,0.0
1783934865.3,743,32624,77,9.0,34.0,0.0
1783934865.9,743,32624,77,10.0,34.0,0.0
1783934866.5,743,32624,77,10.0,34.0,0.0
1783934867.1,743,32624,77,9.0,34.0,0.0
1783934867.7,743,32624,77,9.0,34.0,0.0
1783934868.3,743,32624,77,9.0,34.0,0.0
1783934868.9,743,32624,77,9.0,34.0,0.0
1783934869.5,743,32624,77,10.0,34.0,0.0
1783934870.1,743,32624,77,9.0,34.0,0.0
1783934870.7,743,32624,77,10.0,33.0,0.0
1783934871.3,743,32624,77,9.0,34.0,0.0
1783934871.9,743,32624,77,10.0,34.0,0.0
1783934872.5,743,32624,77,9.0,34.0,0.0
1783934873.0,743,32624,77,9.0,34.0,0.0
1783934873.6,743,32624,77,9.0,34.0,0.0
1783934874.2,743,32624,77,10.0,34.0,0.0
1783934874.8,743,32624,77,10.0,34.0,0.0
1783934875.4,743,32624,77,10.0,34.0,0.0
1783934876.0,743,32624,77,9.0,34.0,0.0
1783934876.6,743,32624,77,10.0,34.0,0.0
1783934877.2,743,32624,77,9.0,34.0,0.0
1783934877.8,743,32624,77,11.0,34.0,0.0
1783934878.4,743,32624,77,10.0,34.0,0.0
1783934879.0,743,32624,77,9.0,34.0,0.0
1783934879.6,743,32624,77,10.0,34.0,0.0
1783934880.2,743,32624,77,11.0,34.0,0.0
1783934880.8,743,32624,77,11.0,33.0,0.0
1783934881.4,743,32624,77,10.0,34.0,0.0
1783934882.0,743,32624,77,11.0,34.0,0.0
1783934882.5,743,32624,77,10.0,34.0,0.0
1783934883.1,743,32624,77,10.0,34.0,0.0
1783934883.7,743,32624,77,10.0,34.0,0.0
1783934884.3,743,32624,77,9.0,34.0,0.0
1783934884.9,743,32624,77,10.0,34.0,0.0
1783934885.5,743,32624,77,11.0,34.0,0.0
1783934886.1,743,32624,77,11.0,34.0,0.0
1783934886.7,743,32624,77,10.0,33.0,0.0
1783934887.3,743,32624,77,10.0,34.0,0.0
1783934887.9,743,32624,77,10.0,33.0,0.0
1783934888.5,743,32624,77,9.0,34.0,0.0
1783934889.1,743,32624,77,12.0,34.0,0.0
1783934889.7,743,32624,77,9.0,33.0,0.0
1783934890.3,743,32624,77,9.0,34.0,0.0
1783934890.9,743,32624,77,9.0,33.0,0.0
1783934891.5,743,32624,81,11.0,33.0,0.0
1783934892.1,743,32624,81,10.0,34.0,0.0
1783934892.7,743,32624,81,11.0,33.0,0.0
1783934893.2,743,32624,79,13.0,33.0,582.0
1783934893.8,745,32624,83,11.0,34.0,0.0
1783934894.4,745,32624,83,11.0,34.0,0.0
1783934895.0,745,32624,83,11.0,33.0,0.0
1783934895.6,741,32624,79,11.0,33.0,0.0
1783934896.2,741,32624,79,12.0,34.0,0.0
1783934896.8,741,32624,79,8.0,34.0,0.0
1783934897.4,741,32624,79,9.0,34.0,0.0
1783934898.0,741,32624,79,10.0,33.0,0.0
1783934898.6,741,32624,79,10.0,33.0,0.0
1783934899.2,741,32624,79,9.0,33.0,0.0
1783934899.8,741,32624,79,10.0,33.0,0.0
1783934900.4,741,32624,79,11.0,33.0,0.0
1783934901.0,741,32624,79,10.0,33.0,0.0
1783934901.6,741,32624,79,10.0,34.0,0.0
1783934902.2,741,32624,79,10.0,34.0,0.0
1783934902.8,741,32624,79,9.0,34.0,0.0
1783934903.4,741,32624,79,9.0,34.0,0.0
1783934904.0,741,32624,79,11.0,33.0,0.0
1783934904.6,741,32624,79,10.0,33.0,0.0
1783934905.2,741,32624,79,11.0,34.0,0.0
1783934905.8,741,32624,79,9.0,33.0,0.0
1783934906.4,741,32624,79,11.0,33.0,0.0
1783934907.0,741,32624,79,10.0,34.0,0.0
1783934907.6,741,32624,79,9.0,33.0,0.0
1783934908.2,741,32624,79,10.0,34.0,0.0
1783934908.8,741,32624,79,11.0,33.0,0.0
1783934909.4,741,32624,79,10.0,33.0,0.0
1783934910.0,741,32624,79,10.0,33.0,0.0
1783934910.6,741,32624,79,9.0,33.0,0.0
1783934911.2,741,32624,79,10.0,33.0,0.0
1783934911.8,741,32624,79,10.0,33.0,0.0
1783934912.3,741,32624,79,9.0,33.0,0.0
1783934912.9,741,32624,79,9.0,34.0,0.0
1783934913.5,741,32624,79,10.0,34.0,0.0
1783934914.1,741,32624,79,9.0,33.0,0.0
1783934914.7,741,32624,79,10.0,33.0,0.0
1783934915.3,741,32624,79,9.0,33.0,0.0
1783934915.9,741,32624,79,9.0,33.0,0.0
1783934916.5,741,32624,79,10.0,33.0,0.0
1783934917.1,741,32624,79,9.0,33.0,0.0
1783934917.7,741,32624,79,10.0,33.0,0.0
1783934918.3,741,32624,79,9.0,33.0,0.0
1783934918.9,741,32624,79,10.0,33.0,0.0
1783934919.5,741,32624,79,9.0,33.0,0.0
1783934920.1,741,32624,79,10.0,33.0,0.0
1783934920.7,741,32624,79,10.0,33.0,0.0
1783934921.3,741,32624,79,9.0,33.0,0.0
1783934921.9,741,32624,79,11.0,34.0,0.0
1783934922.4,741,32624,79,10.0,33.0,0.0
1783934923.0,741,32624,79,10.0,33.0,0.0
1783934923.6,741,32624,79,9.0,33.0,0.0
1783934924.2,741,32624,79,8.0,33.0,0.0
1783934924.8,741,32624,79,10.0,33.0,0.0
1783934925.4,741,32624,79,10.0,33.0,0.0
1783934926.0,741,32624,79,9.0,33.0,0.0
1783934926.6,741,32624,79,10.0,33.0,0.0
1783934927.2,741,32624,79,10.0,33.0,0.0
1783934927.8,741,32624,79,9.0,33.0,0.0
1783934928.4,741,32624,79,11.0,33.0,0.0
1783934929.0,741,32624,79,9.0,33.0,0.0
1783934929.6,741,32624,79,10.0,33.0,0.0
1783934930.2,741,32624,79,10.0,33.0,0.0
1783934930.7,741,32624,79,10.0,33.0,0.0
1783934931.3,741,32624,79,10.0,33.0,0.0
1783934931.9,741,32624,79,10.0,33.0,0.0
1783934932.5,741,32624,79,10.0,33.0,0.0
1783934933.1,741,32624,79,10.0,33.0,0.0
1783934933.7,741,32624,79,9.0,33.0,0.0
1783934934.3,741,32624,79,8.0,33.0,0.0
1783934934.9,741,32624,79,9.0,33.0,0.0
1783934935.5,741,32624,79,10.0,33.0,0.0
1783934936.1,741,32624,79,9.0,33.0,0.0
1783934936.7,741,32624,79,10.0,33.0,0.0
1783934937.3,741,32624,79,10.0,33.0,0.0
1783934937.9,741,32624,79,9.0,33.0,0.0
1783934938.4,741,32624,79,10.0,33.0,0.0
1783934939.0,741,32624,79,9.0,33.0,0.0
1783934939.6,741,32624,79,10.0,33.0,0.0
1783934940.2,741,32624,79,12.0,33.0,0.0
1783934940.8,741,32624,79,11.0,33.0,0.0
1783934941.4,741,32624,79,11.0,33.0,0.0
1783934942.0,741,32624,79,10.0,33.0,0.0
1783934942.6,741,32624,79,9.0,33.0,0.0
1783934943.2,741,32624,79,9.0,33.0,0.0
1783934943.8,741,32624,79,9.0,33.0,0.0
1783934944.4,741,32624,79,9.0,33.0,0.0
1783934945.0,741,32624,79,9.0,33.0,0.0
1783934945.6,741,32624,79,9.0,33.0,0.0
1783934946.2,741,32624,79,9.0,33.0,0.0
1783934946.7,741,32624,79,9.0,33.0,0.0
1783934947.3,741,32624,79,10.0,33.0,0.0
1783934947.9,741,32624,79,9.0,33.0,0.0
1783934948.5,741,32624,79,11.0,33.0,0.0
1783934949.1,741,32624,79,10.0,33.0,0.0
1783934949.7,741,32624,79,9.0,33.0,0.0
1783934950.3,741,32624,79,10.0,33.0,0.0
1783934950.9,741,32624,79,9.0,33.0,0.0
1783934951.5,741,32624,79,9.0,33.0,0.0
1783934952.1,741,32624,79,9.0,33.0,0.0
1783934952.7,741,32624,79,9.0,33.0,0.0
1783934953.3,741,32624,79,10.0,33.0,0.0
1783934953.9,741,32624,79,10.0,33.0,0.0
1783934954.5,741,32624,79,9.0,33.0,0.0
1783934955.1,741,32624,79,9.0,33.0,0.0
1783934955.6,741,32624,79,9.0,33.0,0.0
1783934956.3,741,32624,79,10.0,33.0,0.0
1783934956.9,741,32624,79,10.0,33.0,0.0
1783934957.4,741,32624,79,10.0,33.0,0.0
1783934958.0,741,32624,79,9.0,33.0,0.0
1783934958.6,741,32624,79,9.0,33.0,0.0
1783934959.2,741,32624,79,10.0,33.0,0.0
1783934959.8,741,32624,79,10.0,33.0,0.0
1783934960.4,741,32624,79,10.0,33.0,0.0
1783934961.0,741,32624,79,9.0,33.0,0.0
1783934961.6,741,32624,79,10.0,33.0,0.0
1783934962.2,741,32624,79,9.0,33.0,0.0
1783934962.8,741,32624,79,9.0,33.0,0.0
1783934963.4,741,32624,79,9.0,33.0,0.0
1783934964.0,741,32624,79,10.0,33.0,0.0
1783934964.6,741,32624,79,9.0,33.0,0.0
1783934965.2,741,32624,79,10.0,33.0,0.0
1783934965.8,741,32624,79,10.0,33.0,0.0
1783934966.4,741,32624,79,9.0,33.0,0.0
1783934967.0,741,32624,79,10.0,33.0,0.0
1783934967.6,741,32624,79,9.0,33.0,0.0
1783934968.1,741,32624,79,9.0,33.0,0.0
1783934968.7,741,32624,79,9.0,33.0,0.0
1783934969.3,741,32624,79,10.0,33.0,0.0
1783934969.9,741,32624,79,8.0,33.0,0.0
1783934970.5,741,32624,79,10.0,33.0,0.0
1783934971.1,741,32624,79,9.0,33.0,0.0
1783934971.7,741,32624,79,10.0,33.0,0.0
1783934972.3,741,32624,79,10.0,33.0,0.0
1783934972.9,741,32624,79,10.0,33.0,0.0
1783934973.5,741,32624,79,10.0,33.0,0.0
1783934974.1,741,32624,79,10.0,33.0,0.0
1783934974.7,741,32624,79,10.0,33.0,0.0
1783934975.3,741,32624,79,10.0,33.0,0.0
1783934975.9,741,32624,79,9.0,33.0,0.0
1783934976.5,741,32624,79,10.0,33.0,0.0
1783934977.1,741,32624,79,9.0,33.0,0.0
1783934977.6,741,32624,79,9.0,33.0,0.0
1783934978.2,741,32624,79,9.0,33.0,0.0
1783934978.8,741,32624,79,9.0,33.0,0.0
1783934979.4,741,32624,79,9.0,33.0,0.0
1783934980.0,741,32624,79,10.0,33.0,0.0
1783934980.6,741,32624,79,9.0,33.0,0.0
1783934981.2,741,32624,79,9.0,33.0,0.0
1783934981.8,741,32624,79,10.0,33.0,0.0
1783934982.4,741,32624,79,9.0,33.0,0.0
1783934983.0,741,32624,79,11.0,33.0,0.0
1783934983.6,741,32624,79,9.0,33.0,0.0
1783934984.2,741,32624,79,9.0,33.0,0.0
1783934984.8,741,32624,79,9.0,33.0,0.0
1783934985.4,741,32624,79,10.0,33.0,0.0
1783934986.0,741,32624,79,10.0,33.0,0.0
1783934986.5,741,32624,79,9.0,33.0,0.0
1783934987.1,741,32624,79,11.0,33.0,0.0
1783934987.7,741,32624,79,10.0,33.0,0.0
1783934988.3,741,32624,79,9.0,33.0,0.0
1783934988.9,741,32624,79,9.0,33.0,0.0
1783934989.5,741,32624,79,8.0,33.0,0.0
1783934990.1,741,32624,79,10.0,33.0,0.0
1783934990.7,778,32624,103,22.0,33.0,0.0
1783934991.3,778,32624,79,11.0,33.0,0.0
1783934991.9,778,32624,79,11.0,33.0,0.0
1783934992.5,780,32624,79,11.0,33.0,0.0
1783934993.1,780,32624,79,12.0,33.0,0.0
1783934993.7,780,32624,79,22.0,33.0,0.0
1783934994.3,782,32624,95,11.0,33.0,0.0
1783934994.9,782,32624,95,12.0,33.0,0.0
1783934995.5,782,32624,95,9.0,33.0,0.0
1783934996.1,782,32624,95,10.0,33.0,0.0
1783934996.6,782,32624,95,9.0,33.0,0.0
1783934997.2,782,32624,95,9.0,33.0,0.0
1783934997.8,782,32624,95,10.0,33.0,0.0
1783934998.4,782,32624,83,8.0,33.0,0.0
1783934999.0,766,32624,83,9.0,33.0,0.0
1783934999.6,766,32624,83,9.0,33.0,0.0
1783935000.2,766,32624,83,11.0,32.0,0.0
1783935000.8,766,32624,83,11.0,33.0,0.0
1783935001.4,766,32624,83,10.0,33.0,0.0
1783935002.0,766,32624,83,10.0,33.0,0.0
1783935002.6,766,32624,83,10.0,33.0,0.0
1783935003.2,766,32624,83,10.0,33.0,0.0
1783935003.8,766,32624,83,9.0,33.0,0.0
1783935004.4,766,32624,83,11.0,33.0,0.0
1783935005.0,766,32624,83,10.0,33.0,0.0
1783935005.6,766,32624,83,11.0,33.0,0.0
1783935006.2,766,32624,83,11.0,33.0,0.0
1783935006.8,766,32624,83,9.0,33.0,0.0
1783935007.4,766,32624,83,9.0,33.0,0.0
1783935008.0,766,32624,83,10.0,33.0,0.0
1783935008.6,766,32624,83,9.0,33.0,0.0
1783935009.2,766,32624,83,9.0,33.0,0.0
1783935009.8,766,32624,83,10.0,33.0,0.0
1783935010.3,766,32624,83,9.0,33.0,0.0
1783935010.9,766,32624,83,10.0,33.0,0.0
1783935011.5,766,32624,83,10.0,33.0,0.0
1783935012.1,766,32624,83,10.0,33.0,0.0
1783935012.7,766,32624,83,9.0,33.0,0.0
1783935013.3,766,32624,83,9.0,33.0,0.0
1783935013.9,766,32624,83,10.0,33.0,0.0
1783935014.5,766,32624,83,10.0,33.0,0.0
1783935015.1,766,32624,83,9.0,33.0,0.0
1783935015.7,766,32624,83,9.0,33.0,0.0
1783935016.3,766,32624,83,9.0,33.0,0.0
1783935016.9,766,32624,83,9.0,33.0,0.0
1783935017.5,766,32624,83,10.0,33.0,0.0
1783935018.1,766,32624,83,9.0,33.0,0.0
1783935018.7,766,32624,83,10.0,33.0,0.0
1783935019.3,766,32624,83,10.0,33.0,0.0
1783935019.9,766,32624,83,10.0,33.0,0.0
1783935020.4,766,32624,83,10.0,33.0,0.0
1783935021.0,766,32624,83,10.0,33.0,0.0
1783935021.6,766,32624,83,11.0,33.0,0.0
1783935022.2,766,32624,83,11.0,33.0,0.0
1783935022.8,766,32624,83,9.0,33.0,0.0
1783935023.4,766,32624,83,10.0,33.0,0.0
1783935024.0,766,32624,83,10.0,33.0,0.0
1783935024.6,766,32624,83,9.0,33.0,0.0
1783935025.2,766,32624,83,10.0,33.0,0.0
1783935025.8,766,32624,83,10.0,33.0,0.0
1783935026.4,766,32624,83,10.0,33.0,0.0
1783935027.0,766,32624,83,9.0,33.0,0.0
1783935027.6,766,32624,83,10.0,33.0,0.0
1783935028.2,766,32624,83,10.0,33.0,0.0
1783935028.8,766,32624,83,9.0,33.0,0.0
1783935029.4,766,32624,83,10.0,33.0,0.0
1783935030.0,766,32624,83,10.0,33.0,0.0
1783935030.6,766,32624,83,10.0,33.0,0.0
1783935031.2,766,32624,83,10.0,32.0,0.0
1783935031.8,766,32624,83,9.0,33.0,0.0
1783935032.4,766,32624,83,9.0,33.0,0.0
1783935033.0,766,32624,83,9.0,32.0,0.0
1783935033.5,766,32624,83,11.0,33.0,0.0
1783935034.1,766,32624,83,9.0,32.0,0.0
1783935034.7,766,32624,83,10.0,33.0,0.0
1783935035.3,766,32624,83,9.0,32.0,0.0
1783935035.9,766,32624,83,10.0,33.0,0.0
1783935036.5,766,32624,83,9.0,33.0,0.0
1783935037.1,766,32624,83,9.0,33.0,0.0
1783935037.7,766,32624,83,9.0,32.0,0.0
1783935038.3,766,32624,83,10.0,33.0,0.0
1783935038.9,766,32624,83,10.0,33.0,0.0
1783935039.5,766,32624,83,10.0,33.0,0.0
1783935040.1,766,32624,83,10.0,32.0,0.0
1783935040.7,766,32624,83,10.0,33.0,0.0
1783935041.3,766,32624,83,10.0,33.0,0.0
1783935041.9,766,32624,83,13.0,33.0,0.0
1783935042.5,766,32624,83,9.0,33.0,0.0
1783935043.1,766,32624,83,11.0,33.0,0.0
1783935043.6,766,32624,83,9.0,33.0,0.0
1783935044.2,766,32624,83,10.0,33.0,0.0
1783935044.8,766,32624,83,10.0,33.0,0.0
1783935045.4,766,32624,83,10.0,32.0,0.0
1783935046.0,766,32624,83,10.0,33.0,0.0
1783935046.6,766,32624,83,10.0,33.0,0.0
1783935047.2,766,32624,83,9.0,32.0,0.0
1783935047.8,766,32624,83,10.0,33.0,0.0
1783935048.4,766,32624,83,10.0,33.0,0.0
1783935049.0,766,32624,83,9.0,33.0,0.0
1783935049.6,766,32624,83,9.0,33.0,0.0
1783935050.2,766,32624,83,10.0,33.0,0.0
1783935050.8,764,32624,83,10.0,33.0,0.0
1783935051.4,764,32624,83,10.0,33.0,0.0
1783935051.9,764,32624,83,10.0,33.0,0.0
1783935052.5,764,32624,83,10.0,33.0,0.0
1783935053.1,764,32624,83,9.0,33.0,0.0
1783935053.7,764,32624,83,10.0,33.0,0.0
1783935054.3,764,32624,83,10.0,33.0,0.0
1783935054.9,764,32624,83,10.0,33.0,0.0
1783935055.5,764,32624,83,10.0,33.0,0.0
1783935056.1,764,32624,83,10.0,33.0,0.0
1783935056.7,764,32624,83,10.0,33.0,0.0
1783935057.3,764,32624,83,10.0,33.0,0.0
1783935057.9,764,32624,83,9.0,33.0,0.0
1783935058.5,764,32624,83,10.0,32.0,0.0
1783935059.1,764,32624,83,10.0,32.0,0.0
1783935059.7,764,32624,83,9.0,32.0,0.0
1783935060.3,764,32624,83,11.0,33.0,0.0
1783935060.8,764,32624,83,11.0,33.0,0.0
1783935061.4,764,32624,83,10.0,33.0,0.0
1783935062.0,764,32624,83,11.0,33.0,0.0
1783935062.6,764,32624,83,10.0,33.0,0.0
1783935063.2,764,32624,83,10.0,33.0,0.0
1783935063.8,764,32624,83,10.0,33.0,0.0
1783935064.4,764,32624,83,10.0,33.0,0.0
1783935065.0,764,32624,83,9.0,32.0,0.0
1783935065.6,764,32624,83,9.0,32.0,0.0
1783935066.2,764,32624,83,10.0,33.0,0.0
1783935066.8,764,32624,83,10.0,33.0,0.0
1783935067.4,764,32624,83,10.0,33.0,0.0
1783935068.0,764,32624,83,10.0,33.0,0.0
1783935068.6,764,32624,83,10.0,33.0,0.0
1783935069.2,764,32624,83,10.0,33.0,0.0
1783935069.7,764,32624,83,12.0,33.0,0.0
1783935070.3,764,32624,83,11.0,33.0,0.0
1783935070.9,764,32624,83,10.0,33.0,0.0
1783935071.5,764,32624,83,10.0,33.0,0.0
1783935072.1,764,32624,83,9.0,32.0,0.0
1783935072.7,764,32624,83,9.0,33.0,0.0
1783935073.3,764,32624,83,10.0,33.0,0.0
1783935073.9,754,32624,85,11.0,33.0,0.0
1783935074.5,754,32624,85,11.0,33.0,0.0
1783935075.1,754,32624,85,9.0,33.0,0.0
1783935075.7,744,32624,81,10.0,33.0,0.0
1783935076.3,744,32624,81,9.0,33.0,0.0
1783935076.9,744,32624,81,10.0,33.0,0.0
1783935077.5,744,32624,81,10.0,33.0,0.0
1783935078.0,744,32624,81,9.0,33.0,0.0
1783935078.7,744,32624,81,10.0,32.0,0.0
1783935079.2,744,32624,81,9.0,33.0,0.0
1783935079.8,744,32624,81,10.0,33.0,0.0
1783935080.4,744,32624,81,10.0,33.0,0.0
1783935081.0,744,32624,81,29.0,33.0,20.0
1783935081.6,744,32624,81,11.0,33.0,0.0
1783935082.2,744,32624,81,9.0,33.0,0.0
1783935082.8,744,32624,81,10.0,33.0,0.0
1783935083.4,744,32624,81,9.0,33.0,0.0
1783935084.0,744,32624,81,10.0,33.0,0.0
1783935084.6,744,32624,81,10.0,32.0,0.0
1783935085.2,744,32624,81,10.0,33.0,0.0
1783935085.8,744,32624,81,10.0,33.0,0.0
1783935086.4,744,32624,81,10.0,33.0,0.0
1783935087.0,744,32624,81,10.0,33.0,0.0
1783935087.6,744,32624,81,8.0,32.0,0.0
1783935088.2,744,32624,81,9.0,32.0,0.0
1783935088.8,744,32624,81,9.0,33.0,0.0
1783935089.4,744,32624,81,9.0,32.0,0.0
1783935090.0,744,32624,81,9.0,32.0,0.0
1783935090.6,744,32624,81,9.0,33.0,0.0
1783935091.1,744,32624,81,10.0,33.0,0.0
1783935091.7,744,32624,81,10.0,33.0,0.0
1783935092.3,744,32624,81,10.0,32.0,0.0
1783935092.9,744,32624,81,9.0,32.0,0.0
1783935093.5,744,32624,81,11.0,32.0,0.0
1783935094.1,755,32624,107,11.0,33.0,0.0
1783935094.7,758,32624,95,14.0,33.0,109.0
1783935095.3,758,32624,93,14.0,33.0,0.0
1783935095.9,758,32624,91,15.0,33.0,36.0
1783935096.5,762,32624,90,19.0,33.0,1366.0
1783935097.1,762,32624,90,12.0,33.0,0.0
1783935097.7,762,32624,90,11.0,33.0,0.0
1783935098.3,762,32624,90,14.0,33.0,51.0
1783935098.9,762,32624,90,12.0,33.0,0.0
1783935099.5,762,32624,90,11.0,33.0,0.0
1783935100.1,762,32624,84,10.0,33.0,0.0
1783935100.7,762,32624,84,11.0,33.0,0.0
1783935101.3,747,32624,84,11.0,33.0,0.0
1783935101.9,747,32624,84,11.0,32.0,0.0
1783935102.4,747,32624,84,12.0,33.0,0.0
1783935103.0,747,32624,84,11.0,33.0,0.0
1783935103.6,747,32624,84,11.0,33.0,0.0
1783935104.2,745,32624,88,11.0,32.0,0.0
1783935104.8,745,32624,88,22.0,33.0,0.0
1783935105.4,745,32624,88,12.0,33.0,0.0
1783935106.0,745,32624,86,11.0,33.0,0.0
1783935106.6,745,32624,81,11.0,33.0,0.0
1783935107.2,745,32624,81,10.0,33.0,0.0
1783935107.8,745,32624,88,10.0,33.0,0.0
1783935108.4,745,32624,88,11.0,33.0,0.0
1783935109.0,745,32624,88,13.0,33.0,0.0
1783935109.6,725,32624,84,10.0,32.0,0.0
1783935110.2,725,32624,84,12.0,33.0,0.0
1783935110.8,725,32624,84,11.0,33.0,0.0
1783935111.3,725,32624,84,11.0,32.0,0.0
1783935111.9,725,32624,79,11.0,32.0,0.0
1783935112.5,725,32624,79,10.0,33.0,0.0
1783935113.1,725,32624,86,11.0,33.0,0.0
1783935113.7,725,32624,86,10.0,33.0,0.0
1783935114.3,725,32624,86,11.0,32.0,0.0
1783935114.9,725,32624,86,11.0,32.0,0.0
1783935115.5,725,32624,86,10.0,33.0,0.0
1783935116.1,725,32624,86,11.0,33.0,0.0
1783935116.7,725,32624,86,10.0,33.0,0.0
1783935117.3,725,32624,86,10.0,32.0,0.0
1783935117.9,725,32624,86,11.0,33.0,0.0
1783935118.4,725,32624,86,11.0,33.0,0.0
1783935119.0,725,32624,86,11.0,33.0,0.0
1783935119.6,725,32624,86,15.0,33.0,41.0
1783935120.2,725,32624,86,15.0,32.0,32.0
1783935120.8,725,32624,86,11.0,33.0,0.0
1783935121.4,725,32624,86,11.0,33.0,0.0
1783935122.0,725,32624,86,18.0,33.0,52.0
1783935122.6,725,32624,86,11.0,33.0,0.0
1783935123.2,725,32624,86,21.0,33.0,30.0
1783935123.8,721,32624,86,11.0,33.0,0.0
1783935124.4,721,32624,86,15.0,33.0,187.0
1783935125.0,721,32624,86,11.0,33.0,0.0
1783935125.6,721,32624,86,11.0,33.0,0.0
1783935126.2,721,32624,86,12.0,33.0,0.0
1783935126.8,721,32624,86,12.0,33.0,0.0
1783935127.3,721,32624,86,11.0,33.0,0.0
1783935127.9,721,32624,86,10.0,33.0,0.0
1783935128.5,721,32624,86,17.0,33.0,1493.0
1783935129.1,721,32624,86,11.0,33.0,0.0
1783935129.7,721,32624,86,11.0,33.0,0.0
1783935130.3,721,32624,86,11.0,33.0,0.0
1783935130.9,721,32624,86,15.0,33.0,18.0
1783935131.5,721,32624,86,11.0,33.0,0.0
1783935132.1,721,32624,86,12.0,33.0,0.0
1783935132.7,721,32624,86,15.0,33.0,6.0
1783935133.3,721,32624,86,10.0,33.0,0.0
1783935133.9,726,32624,90,11.0,33.0,0.0
1783935134.5,726,32624,86,11.0,33.0,0.0
1783935135.1,722,32624,90,12.0,32.0,0.0
1783935135.7,739,32624,92,11.0,33.0,0.0
1783935136.3,739,32624,92,11.0,33.0,0.0
1783935136.9,739,32624,92,10.0,33.0,0.0
1783935137.5,739,32624,86,12.0,33.0,0.0
1783935138.1,739,32624,86,12.0,33.0,0.0
1783935138.7,739,32624,86,11.0,33.0,0.0
1783935139.3,750,32624,100,26.0,33.0,1401.0
1783935139.9,750,32624,98,18.0,33.0,787.0
1783935140.5,750,32624,98,11.0,33.0,0.0
1783935141.0,750,32624,98,11.0,33.0,0.0
1783935141.6,750,32624,82,11.0,33.0,0.0
1783935142.2,750,32624,80,14.0,33.0,302.0
1783935142.8,750,32624,84,15.0,33.0,52.0
1783935143.4,750,32624,112,26.0,33.0,121.0
1783935144.0,750,32624,98,23.0,33.0,2.0
1783935144.6,750,32624,96,22.0,33.0,0.0
1783935145.2,750,32624,83,10.0,33.0,0.0
1783935145.8,750,32624,83,21.0,33.0,0.0
1783935146.4,750,32624,83,22.0,33.0,0.0
1783935147.0,750,32624,83,11.0,33.0,0.0
1783935147.6,750,32624,83,13.0,33.0,382.0
1783935148.2,750,32624,83,11.0,33.0,0.0
1783935148.8,750,32624,83,11.0,33.0,0.0
1783935149.4,741,32624,83,18.0,33.0,206.0
1783935150.0,741,32624,83,23.0,33.0,0.0
1783935150.6,741,32624,83,11.0,33.0,0.0
1783935151.2,741,32624,83,12.0,33.0,0.0
1783935151.8,741,32624,83,20.0,33.0,89.0
1783935152.4,741,32624,83,22.0,33.0,0.0
1783935153.0,741,32624,83,11.0,33.0,0.0
1783935153.6,741,32624,83,11.0,33.0,0.0
1783935154.2,741,32624,83,11.0,33.0,0.0
1783935154.8,741,32624,83,10.0,33.0,0.0
1783935155.4,741,32624,83,20.0,33.0,140.0
1783935156.0,741,32624,95,22.0,33.0,0.0
1783935156.6,741,32624,119,21.0,33.0,0.0
1783935157.2,741,32624,107,25.0,33.0,92.0
1783935157.8,741,32624,89,25.0,33.0,106.0
1783935158.4,741,32624,89,16.0,33.0,24.0
1783935159.0,741,32624,92,34.0,33.0,16.0
1783935159.6,741,32624,92,28.0,33.0,1502.0
1783935160.2,741,32624,92,12.0,33.0,0.0
1783935160.8,741,32624,83,25.0,33.0,49.0
1783935161.4,741,32624,83,22.0,34.0,0.0
1783935161.9,741,32624,83,19.0,33.0,211.0
1783935162.5,741,32624,83,12.0,33.0,0.0
1783935163.1,741,32624,83,22.0,33.0,0.0
1783935163.7,741,32624,85,11.0,33.0,0.0
1783935164.3,741,32624,85,20.0,33.0,145.0
1783935164.9,741,32624,85,23.0,33.0,0.0
1783935165.5,741,32624,96,22.0,33.0,0.0
1783935166.1,741,32624,83,25.0,33.0,406.0
1783935166.7,741,32624,98,27.0,34.0,70.0
1783935167.3,741,32624,83,11.0,33.0,0.0
1783935167.9,741,32624,83,22.0,34.0,0.0
1783935168.5,741,32624,83,22.0,34.0,0.0
1783935169.1,741,32624,83,10.0,33.0,0.0
1783935169.7,741,32624,83,11.0,33.0,0.0
1783935170.3,741,32624,83,22.0,33.0,0.0
1783935170.9,741,32624,85,12.0,33.0,0.0
1783935171.5,741,32624,94,22.0,33.0,0.0
1783935172.1,741,32624,85,10.0,34.0,0.0
1783935172.7,741,32624,85,26.0,34.0,644.0
1783935173.2,741,32624,83,22.0,34.0,0.0
1783935173.8,741,32624,85,24.0,34.0,541.0
1783935174.4,741,32624,85,15.0,33.0,8.0
1783935175.0,741,32624,85,22.0,34.0,0.0
1783935175.6,741,32624,85,11.0,34.0,0.0
1783935176.2,741,32624,85,10.0,33.0,0.0
1783935176.8,741,32624,85,22.0,34.0,0.0
1783935177.4,741,32624,85,22.0,34.0,0.0
1783935178.0,741,32624,105,12.0,34.0,0.0
1783935178.6,741,32624,112,22.0,34.0,0.0
1783935179.2,741,32624,119,22.0,34.0,0.0
1783935179.8,741,32624,110,24.0,34.0,357.0
1783935180.4,741,32624,101,22.0,34.0,0.0
1783935181.0,741,32624,88,12.0,33.0,0.0
1783935181.6,741,32624,88,11.0,33.0,0.0
1783935182.2,741,32624,88,11.0,33.0,0.0
1783935182.8,741,32624,88,10.0,33.0,0.0
1783935183.4,741,32624,88,27.0,34.0,118.0
1783935184.0,741,32624,88,17.0,34.0,674.0
1783935184.6,741,32624,89,22.0,34.0,0.0
1783935185.2,741,32624,88,11.0,33.0,0.0
1783935185.8,741,32624,88,11.0,33.0,0.0
1783935186.4,741,32624,112,27.0,34.0,268.0
1783935187.0,741,32624,127,26.0,34.0,8.0
1783935187.6,741,32624,117,30.0,34.0,72.0
1783935188.2,741,32624,113,27.0,34.0,60.0
1783935188.8,741,32624,113,26.0,34.0,6.0
1783935189.4,741,32624,90,26.0,34.0,378.0
1783935189.9,741,32624,90,23.0,34.0,273.0
1783935190.5,741,32624,90,12.0,33.0,0.0
1783935191.1,741,32624,90,11.0,33.0,0.0
1783935191.7,741,32624,90,15.0,33.0,18.0
1783935192.3,741,32624,99,27.0,34.0,35.0
1783935192.9,741,32624,90,26.0,34.0,122.0
1783935193.5,747,32624,120,29.0,34.0,832.0
1783935194.1,751,32624,120,23.0,34.0,0.0
1783935194.7,751,32624,120,11.0,34.0,0.0
1783935195.3,751,32624,120,11.0,33.0,0.0
1783935195.9,747,32624,100,11.0,34.0,0.0
1783935196.5,747,32624,100,22.0,34.0,0.0
1783935197.1,747,32624,100,22.0,34.0,0.0
1783935197.7,747,32624,100,22.0,34.0,0.0
1783935198.3,747,32624,100,11.0,34.0,0.0
1783935198.9,739,32624,109,33.0,34.0,8.0
1783935199.5,739,32624,109,27.0,34.0,675.0
1783935200.1,739,32624,100,11.0,34.0,0.0
1783935200.7,739,32624,100,11.0,34.0,0.0
1783935201.3,739,32624,100,22.0,34.0,0.0
1783935201.8,739,32624,100,11.0,34.0,0.0
1783935202.4,739,32624,109,22.0,34.0,0.0
1783935203.1,739,32624,109,26.0,34.0,41.0
1783935203.7,739,32624,100,22.0,34.0,0.0
1783935204.3,739,32624,100,16.0,34.0,85.0
1783935204.9,739,32624,104,22.0,34.0,0.0
1783935205.5,739,32624,104,11.0,34.0,0.0
1783935206.1,739,32624,115,25.0,34.0,500.0
1783935206.6,739,32624,115,21.0,34.0,0.0
1783935207.2,739,32624,102,10.0,34.0,0.0
1783935207.8,739,32624,113,22.0,34.0,0.0
1783935208.4,739,32624,100,22.0,34.0,0.0
1783935209.0,739,32624,115,22.0,34.0,0.0
1783935209.6,739,32624,101,25.0,34.0,36.0
1783935210.2,739,32624,100,26.0,34.0,41.0
1783935210.8,739,32624,102,22.0,34.0,0.0
1783935211.4,739,32624,102,26.0,34.0,150.0
1783935212.0,739,32624,100,12.0,34.0,0.0
1783935212.6,739,32624,100,22.0,34.0,0.0
1783935213.2,739,32624,102,21.0,34.0,20.0
1783935213.8,739,32624,102,26.0,34.0,24.0
1783935214.4,739,32624,102,11.0,34.0,0.0
1783935215.0,739,32624,102,11.0,34.0,0.0
1783935215.6,739,32624,102,10.0,34.0,0.0
1783935216.2,739,32624,102,11.0,34.0,0.0
1783935216.8,739,32624,102,14.0,34.0,0.0
1783935217.4,739,32624,102,20.0,34.0,163.0
1783935218.0,739,32624,102,12.0,34.0,0.0
1783935218.6,739,32624,103,22.0,34.0,0.0
1783935219.2,739,32624,115,25.0,34.0,6.0
1783935219.8,739,32624,126,21.0,34.0,0.0
1783935220.4,739,32624,100,10.0,34.0,0.0
1783935220.9,739,32624,100,22.0,34.0,0.0
1783935221.5,739,32624,100,25.0,34.0,437.0
1783935222.1,739,32624,100,11.0,34.0,0.0
1783935222.7,739,32624,100,12.0,34.0,0.0
1783935223.3,739,32624,100,11.0,34.0,0.0
1783935223.9,724,32624,101,26.0,34.0,14.0
1783935224.5,724,32624,113,22.0,34.0,0.0
1783935225.1,724,32624,100,11.0,34.0,0.0
1783935225.7,724,32624,114,23.0,34.0,272.0
1783935226.3,724,32624,106,22.0,34.0,0.0
1783935226.9,724,32624,106,11.0,34.0,0.0
1783935227.5,724,32624,106,10.0,34.0,0.0
1783935228.1,724,32624,91,25.0,34.0,1520.0
1783935228.7,724,32624,105,26.0,34.0,71.0
1783935229.3,724,32624,103,25.0,34.0,23.0
1783935229.9,724,32624,101,25.0,34.0,500.0
1783935230.5,724,32624,110,11.0,34.0,0.0
1783935231.1,724,32624,104,11.0,34.0,0.0
1783935231.7,724,32624,92,12.0,34.0,0.0
1783935232.3,724,32624,92,16.0,34.0,1435.0
1783935232.9,724,32624,92,11.0,34.0,0.0
1783935233.5,724,32624,92,12.0,34.0,0.0
1783935234.0,724,32624,92,11.0,34.0,0.0
1783935234.6,724,32624,92,10.0,34.0,0.0
1783935235.2,724,32624,99,22.0,34.0,0.0
1783935235.8,724,32624,99,11.0,34.0,0.0
1783935236.4,724,32624,91,11.0,34.0,0.0
1783935237.0,724,32624,91,10.0,34.0,0.0
1783935237.6,724,32624,91,11.0,34.0,0.0
1783935238.2,724,32624,91,11.0,34.0,0.0
1783935238.8,724,32624,85,11.0,34.0,0.0
1783935239.4,724,32624,85,11.0,34.0,0.0
1783935240.0,724,32624,85,11.0,34.0,0.0
1783935240.6,724,32624,85,10.0,34.0,0.0
1783935241.2,724,32624,89,11.0,34.0,0.0
1783935241.8,724,32624,89,11.0,34.0,0.0
1783935242.4,724,32624,89,12.0,34.0,0.0
1783935243.0,724,32624,89,11.0,34.0,0.0
1783935243.6,724,32624,89,11.0,34.0,0.0
1783935244.1,724,32624,95,12.0,34.0,0.0
1783935244.7,724,32624,95,12.0,34.0,0.0
1783935245.4,724,32624,97,11.0,33.0,0.0
1783935246.0,724,32624,97,11.0,34.0,0.0
1783935246.6,724,32624,95,14.0,34.0,19.0
1783935247.2,724,32624,95,18.0,34.0,59.0
1783935247.7,724,32624,95,10.0,34.0,0.0
1783935248.3,724,32624,95,11.0,34.0,0.0
1783935248.9,724,32624,95,11.0,34.0,0.0
1783935249.5,724,32624,95,11.0,34.0,0.0
1783935250.1,724,32624,108,15.0,34.0,41.0
1783935250.7,724,32624,108,10.0,34.0,0.0
1783935251.3,724,32624,95,11.0,34.0,0.0
1783935251.9,724,32624,89,11.0,34.0,0.0
1783935252.5,724,32624,89,11.0,34.0,0.0
1783935253.1,724,32624,89,11.0,34.0,0.0
1783935253.7,724,32624,89,11.0,34.0,0.0
1783935254.3,724,32624,89,10.0,34.0,0.0
1783935254.9,724,32624,89,11.0,34.0,0.0
1783935255.5,724,32624,89,11.0,34.0,0.0
1783935256.1,724,32624,89,10.0,34.0,0.0
1783935256.6,724,32624,89,11.0,33.0,0.0
1783935257.2,724,32624,89,19.0,33.0,1087.0
1783935257.8,724,32624,89,11.0,34.0,0.0
1783935258.4,724,32624,89,13.0,34.0,382.0
1783935259.0,724,32624,89,11.0,34.0,0.0
1783935259.6,724,32624,89,12.0,33.0,0.0
1783935260.2,724,32624,89,10.0,34.0,0.0
1783935260.8,724,32624,103,10.0,34.0,0.0
1783935261.4,724,32624,103,11.0,34.0,0.0
1783935262.0,724,32624,95,11.0,34.0,0.0
1783935262.6,724,32624,95,11.0,33.0,0.0
1783935263.2,724,32624,95,11.0,34.0,0.0
1783935263.8,724,32624,95,11.0,34.0,0.0
1783935264.4,724,32624,95,14.0,34.0,20.0
1783935264.9,724,32624,95,17.0,34.0,27.0
1783935265.5,724,32624,97,15.0,34.0,132.0
1783935266.1,724,32624,97,11.0,34.0,0.0
1783935266.7,724,32624,89,11.0,33.0,0.0
1783935267.3,724,32624,89,11.0,34.0,0.0
1783935267.9,724,32624,89,10.0,34.0,0.0
1783935268.5,724,32624,89,11.0,33.0,0.0
1783935269.1,724,32624,89,12.0,34.0,0.0
1783935269.7,724,32624,89,11.0,34.0,0.0
1783935270.3,724,32624,89,16.0,33.0,202.0
1783935270.9,724,32624,89,11.0,33.0,0.0
1783935271.5,724,32624,89,11.0,34.0,0.0
1783935272.1,724,32624,89,11.0,34.0,0.0
1783935272.7,724,32624,89,11.0,33.0,0.0
1783935273.2,724,32624,89,11.0,33.0,0.0
1783935273.8,724,32624,89,10.0,33.0,0.0
1783935274.4,724,32624,89,17.0,34.0,1307.0
1783935275.0,724,32624,89,13.0,33.0,0.0
1783935275.6,724,32624,103,22.0,34.0,0.0
1783935276.2,724,32624,95,11.0,34.0,0.0
1783935276.8,724,32624,95,10.0,33.0,0.0
1783935277.4,724,32624,95,12.0,34.0,0.0
1783935278.0,724,32624,95,12.0,34.0,0.0
1783935278.6,724,32624,95,11.0,34.0,0.0
1783935279.2,724,32624,95,11.0,33.0,0.0
1783935279.8,724,32624,95,11.0,33.0,0.0
1783935280.4,724,32624,103,11.0,34.0,0.0
1783935280.9,724,32624,103,11.0,34.0,0.0
1783935281.5,724,32624,103,11.0,33.0,0.0
1783935282.1,724,32624,93,11.0,34.0,0.0
1783935282.7,724,32624,93,10.0,33.0,0.0
1783935283.3,724,32624,93,11.0,33.0,0.0
1783935283.9,724,32624,93,11.0,33.0,0.0
1783935284.5,724,32624,93,11.0,33.0,0.0
1783935285.1,724,32624,87,11.0,33.0,0.0
1783935285.7,724,32624,87,11.0,33.0,0.0
1783935286.3,724,32624,89,11.0,33.0,0.0
1783935286.9,724,32624,89,11.0,33.0,0.0
1783935287.5,724,32624,89,11.0,34.0,0.0
1783935288.1,724,32624,89,11.0,33.0,0.0
1783935288.7,724,32624,89,11.0,33.0,0.0
1783935289.2,724,32624,89,11.0,33.0,0.0
1783935289.8,724,32624,89,11.0,33.0,0.0
1783935290.4,724,32624,95,16.0,33.0,138.0
1783935291.0,724,32624,95,10.0,33.0,0.0
1783935291.6,724,32624,89,11.0,33.0,0.0
1783935292.2,724,32624,89,11.0,33.0,0.0
1783935292.8,724,32624,89,12.0,33.0,0.0
1783935293.4,724,32624,89,11.0,33.0,0.0
1783935294.0,724,32624,89,11.0,33.0,0.0
1783935294.6,724,32624,91,11.0,33.0,0.0
1783935295.2,724,32624,106,11.0,33.0,0.0
1783935295.8,724,32624,93,11.0,33.0,0.0
1783935296.4,724,32624,93,15.0,33.0,540.0
1783935297.0,724,32624,93,11.0,33.0,0.0
1783935297.6,724,32624,93,13.0,33.0,290.0
1783935298.2,724,32624,93,11.0,33.0,0.0
1783935298.8,724,32624,93,10.0,33.0,0.0
1783935299.3,724,32624,93,12.0,33.0,0.0
1783935299.9,724,32624,93,14.0,33.0,23.0
1783935300.5,724,32624,93,14.0,33.0,6.0
1783935301.1,724,32624,93,11.0,33.0,0.0
1783935301.7,724,32624,93,10.0,33.0,0.0
1783935302.3,724,32624,93,10.0,33.0,0.0
1783935302.9,724,32624,89,12.0,33.0,0.0
1783935303.5,724,32624,89,11.0,33.0,0.0
1783935304.1,724,32624,89,10.0,33.0,0.0
1783935304.7,724,32624,89,12.0,33.0,0.0
1783935305.3,724,32624,97,17.0,33.0,460.0
1783935305.9,724,32624,103,10.0,33.0,0.0
1783935306.5,724,32624,95,11.0,33.0,0.0
1783935307.1,724,32624,95,11.0,33.0,0.0
1783935307.7,724,32624,95,11.0,33.0,0.0
1783935308.3,724,32624,95,11.0,33.0,0.0
1783935308.8,724,32624,95,11.0,33.0,0.0
1783935309.4,724,32624,95,11.0,33.0,0.0
1783935310.0,724,32624,109,23.0,33.0,1546.0
1783935310.6,724,32624,95,11.0,33.0,0.0
1783935311.2,724,32624,95,11.0,33.0,0.0
1783935311.8,724,32624,95,11.0,33.0,0.0
1783935312.4,724,32624,95,11.0,33.0,0.0
1783935313.0,724,32624,95,11.0,33.0,0.0
1783935313.6,728,32624,91,10.0,33.0,0.0
1783935314.2,728,32624,91,11.0,33.0,0.0
1783935314.8,728,32624,91,11.0,33.0,0.0
1783935315.4,728,32624,91,11.0,33.0,0.0
1783935316.0,718,32624,83,17.0,33.0,166.0
1783935316.6,718,32624,83,11.0,33.0,0.0
1783935317.2,718,32624,83,11.0,33.0,0.0
1783935317.8,718,32624,83,10.0,33.0,0.0
1783935318.4,718,32624,83,11.0,33.0,0.0
1783935319.0,718,32624,83,12.0,33.0,0.0
1783935319.6,718,32624,83,14.0,33.0,6.0
1783935320.1,718,32624,83,11.0,33.0,0.0
1783935320.7,718,32624,97,10.0,33.0,0.0
1783935321.3,718,32624,97,11.0,33.0,0.0
1783935321.9,718,32624,97,12.0,33.0,0.0
1783935322.5,718,32624,97,11.0,33.0,0.0
1783935323.1,718,32624,97,10.0,33.0,0.0
1783935323.7,718,32624,97,11.0,33.0,0.0
1783935324.3,718,32624,97,12.0,33.0,0.0
1783935324.9,718,32624,97,10.0,33.0,0.0
1783935325.5,718,32624,97,12.0,33.0,0.0
1783935326.1,718,32624,97,11.0,33.0,0.0
1783935326.7,718,32624,83,11.0,33.0,0.0
1783935327.3,718,32624,83,11.0,33.0,0.0
1783935327.9,718,32624,83,11.0,33.0,0.0
1783935328.5,718,32624,83,11.0,33.0,0.0
1783935329.0,718,32624,83,11.0,33.0,0.0
1783935329.6,718,32624,83,11.0,33.0,0.0
1783935330.2,718,32624,83,10.0,33.0,0.0
1783935330.8,718,32624,83,10.0,33.0,0.0
1783935331.4,718,32624,83,11.0,33.0,0.0
1783935332.0,718,32624,83,12.0,33.0,0.0
1783935332.6,718,32624,83,11.0,33.0,0.0
1783935333.2,718,32624,83,11.0,33.0,0.0
1783935333.8,718,32624,83,11.0,33.0,0.0
1783935334.4,718,32624,83,10.0,33.0,0.0
1783935335.0,718,32624,83,12.0,33.0,0.0
1783935335.6,718,32624,95,12.0,33.0,0.0
1783935336.2,718,32624,89,11.0,33.0,0.0
1783935336.8,718,32624,89,10.0,33.0,0.0
1783935337.4,718,32624,89,11.0,33.0,0.0
1783935338.0,718,32624,89,12.0,33.0,0.0
1783935338.5,718,32624,89,10.0,33.0,0.0
1783935339.1,718,32624,89,11.0,33.0,0.0
1783935339.7,718,32624,89,12.0,33.0,0.0
1783935340.3,718,32624,103,12.0,33.0,0.0
1783935340.9,718,32624,103,10.0,33.0,0.0
1783935341.5,718,32624,90,11.0,33.0,0.0
1783935342.1,718,32624,86,12.0,33.0,0.0
1783935342.7,718,32624,86,11.0,33.0,0.0
1783935343.3,718,32624,86,11.0,33.0,0.0
1783935343.9,718,32624,86,10.0,33.0,0.0
1783935344.5,718,32624,86,11.0,32.0,0.0
1783935345.1,718,32624,86,11.0,33.0,0.0
1783935345.6,718,32624,86,9.0,33.0,0.0
1783935346.2,718,32624,86,10.0,33.0,0.0
1783935346.8,718,32624,86,10.0,33.0,0.0
1783935347.4,718,32624,86,10.0,33.0,0.0
1783935348.0,718,32624,86,11.0,33.0,0.0
1783935348.6,718,32624,86,12.0,33.0,0.0
1783935349.2,718,32624,86,11.0,33.0,0.0
1783935349.8,718,32624,86,11.0,33.0,0.0
1783935350.4,718,32624,91,16.0,33.0,1306.0
1783935351.0,718,32624,91,12.0,33.0,0.0
1783935351.6,718,32624,83,10.0,33.0,0.0
1783935352.2,718,32624,83,10.0,33.0,0.0
1783935352.8,718,32624,83,12.0,33.0,0.0
1783935353.4,718,32624,79,13.0,33.0,0.0
1783935354.0,718,32624,79,12.0,33.0,0.0
1783935354.6,718,32624,79,18.0,33.0,246.0
1783935355.2,718,32624,93,11.0,33.0,0.0
1783935355.8,718,32624,93,10.0,33.0,0.0
1783935356.4,718,32624,93,12.0,33.0,0.0
1783935357.0,718,32624,85,10.0,33.0,0.0
1783935357.5,718,32624,85,12.0,32.0,0.0
1783935358.1,718,32624,85,11.0,33.0,0.0
1783935358.7,718,32624,85,11.0,33.0,0.0
1783935359.3,718,32624,85,12.0,33.0,0.0
1783935359.9,718,32624,85,10.0,33.0,0.0
1783935360.5,718,32624,85,11.0,33.0,0.0
1783935361.1,718,32624,85,11.0,33.0,0.0
1783935361.7,718,32624,79,11.0,33.0,0.0
1783935362.3,718,32624,83,10.0,33.0,0.0
1783935362.9,718,32624,83,11.0,33.0,0.0
1783935363.5,718,32624,83,11.0,33.0,0.0
1783935364.1,718,32624,83,12.0,33.0,0.0
1783935364.7,718,32624,83,10.0,33.0,0.0
1783935365.3,718,32624,83,10.0,33.0,0.0
1783935365.9,718,32624,95,10.0,33.0,0.0
1783935366.5,718,32624,87,15.0,33.0,18.0
1783935367.1,718,32624,87,12.0,33.0,0.0
1783935367.6,718,32624,87,15.0,33.0,41.0
1783935368.2,718,32624,87,12.0,33.0,0.0
1783935368.8,718,32624,87,12.0,33.0,0.0
1783935369.4,718,32624,87,11.0,33.0,0.0
1783935370.0,718,32624,101,22.0,33.0,0.0
1783935370.6,718,32624,87,22.0,33.0,0.0
1783935371.2,718,32624,87,11.0,33.0,0.0
1783935371.8,718,32624,87,11.0,33.0,0.0
1783935372.4,718,32624,87,10.0,33.0,0.0
1783935373.0,718,32624,87,11.0,33.0,0.0
1783935373.6,718,32624,87,10.0,33.0,0.0
1783935374.2,718,32624,87,12.0,33.0,0.0
1783935374.8,718,32624,87,11.0,33.0,0.0
1783935375.4,718,32624,87,10.0,33.0,0.0
1783935376.0,718,32624,85,15.0,33.0,19.0
1783935376.6,718,32624,85,12.0,33.0,0.0
1783935377.2,718,32624,86,11.0,33.0,0.0
1783935377.7,718,32624,86,11.0,33.0,0.0
1783935378.3,718,32624,86,10.0,33.0,0.0
1783935378.9,718,32624,86,12.0,33.0,0.0
1783935379.5,718,32624,86,10.0,33.0,0.0
1783935380.1,718,32624,86,9.0,33.0,0.0
1783935380.7,718,32624,91,11.0,33.0,0.0
1783935381.3,718,32624,91,11.0,33.0,0.0
1783935381.9,718,32624,91,14.0,33.0,0.0
1783935382.5,718,32624,91,10.0,33.0,0.0
1783935383.1,718,32624,91,11.0,33.0,0.0
1783935383.7,718,32624,91,10.0,33.0,0.0
1783935384.3,718,32624,91,9.0,33.0,0.0
1783935384.9,718,32624,91,10.0,33.0,0.0
1783935385.5,718,32624,97,27.0,33.0,115.0
1783935386.1,718,32624,97,10.0,33.0,0.0
1783935386.7,718,32624,97,10.0,33.0,0.0
1783935387.3,718,32624,97,9.0,33.0,0.0
1783935387.9,718,32624,97,10.0,33.0,0.0
1783935388.5,718,32624,97,10.0,33.0,0.0
1783935389.1,718,32624,84,11.0,33.0,0.0
1783935389.7,718,32624,84,10.0,33.0,0.0
1783935390.3,718,32624,84,10.0,32.0,0.0
1783935390.9,718,32624,84,10.0,33.0,0.0
1783935391.5,718,32624,84,10.0,33.0,0.0
1783935392.1,718,32624,84,10.0,33.0,0.0
1783935392.7,718,32624,84,11.0,33.0,0.0
1783935393.3,718,32624,84,10.0,33.0,0.0
1783935393.9,718,32624,84,13.0,33.0,0.0
1783935394.5,718,32624,84,10.0,33.0,0.0
1783935395.1,718,32624,84,11.0,33.0,0.0
1783935395.7,718,32624,95,11.0,33.0,0.0
1783935396.2,718,32624,95,11.0,33.0,0.0
1783935396.8,718,32624,95,10.0,33.0,0.0
1783935397.4,718,32624,86,11.0,32.0,0.0
1783935398.0,718,32624,86,11.0,33.0,0.0
1783935398.6,718,32624,86,13.0,33.0,334.0
1783935399.2,718,32624,86,10.0,33.0,0.0
1783935399.8,718,32624,86,10.0,33.0,0.0
1783935400.4,718,32624,99,11.0,33.0,0.0
1783935401.0,718,32624,99,11.0,33.0,0.0
1783935401.6,718,32624,86,11.0,33.0,0.0
1783935402.2,718,32624,86,11.0,33.0,0.0
1783935402.8,718,32624,86,12.0,33.0,0.0
1783935403.4,718,32624,86,12.0,33.0,0.0
1783935404.0,718,32624,86,12.0,33.0,0.0
1783935404.6,718,32624,86,13.0,33.0,0.0
1783935405.2,718,32624,86,10.0,32.0,0.0
1783935405.8,718,32624,86,10.0,33.0,0.0
1783935406.4,718,32624,86,12.0,33.0,0.0
1783935407.0,718,32624,79,18.0,33.0,0.0
1783935407.6,718,32624,79,16.0,33.0,41.0
1783935408.2,718,32624,79,11.0,33.0,0.0
1783935408.8,718,32624,79,14.0,32.0,97.0
1783935409.4,718,32624,79,17.0,33.0,42.0
1783935410.0,718,32624,79,11.0,32.0,0.0
1783935410.6,718,32624,91,12.0,33.0,0.0
1783935411.2,718,32624,89,15.0,33.0,41.0
1783935411.8,718,32624,89,11.0,33.0,0.0
1783935412.4,718,32624,89,16.0,33.0,103.0
1783935413.0,718,32624,89,14.0,33.0,53.0
1783935413.6,718,32624,89,11.0,32.0,0.0
1783935414.2,718,32624,89,12.0,33.0,0.0
1783935414.8,718,32624,89,11.0,32.0,0.0
1783935415.4,718,32624,103,16.0,33.0,6.0
1783935416.0,718,32624,89,10.0,33.0,0.0
1783935416.6,718,32624,89,11.0,33.0,0.0
1783935417.2,718,32624,89,17.0,33.0,6.0
1783935417.8,718,32624,89,11.0,33.0,0.0
1783935418.4,718,32624,89,11.0,33.0,0.0
1783935419.0,718,32624,89,10.0,32.0,0.0
1783935419.6,718,32624,89,11.0,32.0,0.0
1783935420.2,718,32624,89,11.0,33.0,0.0
1783935420.8,718,32624,83,12.0,33.0,0.0
1783935421.4,718,32624,83,11.0,33.0,0.0
1783935422.0,718,32624,83,11.0,33.0,0.0
1783935422.6,718,32624,83,12.0,33.0,0.0
1783935423.1,718,32624,83,12.0,33.0,0.0
1783935423.7,718,32624,83,10.0,33.0,0.0
1783935424.3,718,32624,83,12.0,33.0,0.0
1783935424.9,718,32624,83,12.0,33.0,0.0
1783935425.5,718,32624,91,12.0,33.0,0.0
1783935426.1,718,32624,95,22.0,33.0,0.0
1783935426.7,718,32624,95,11.0,33.0,0.0
1783935427.3,718,32624,89,11.0,33.0,0.0
1783935427.9,718,32624,89,16.0,33.0,1434.0
1783935428.5,718,32624,89,11.0,33.0,0.0
1783935429.1,718,32624,89,10.0,33.0,0.0
1783935429.7,718,32624,83,12.0,33.0,0.0
1783935430.3,718,32624,93,11.0,33.0,0.0
1783935430.9,718,32624,85,11.0,33.0,0.0
1783935431.5,718,32624,85,11.0,33.0,226.0
1783935432.1,718,32624,85,12.0,33.0,0.0
1783935432.7,718,32624,85,12.0,33.0,0.0
1783935433.3,718,32624,85,10.0,33.0,0.0
1783935433.9,718,32624,85,11.0,32.0,0.0
1783935434.5,718,32624,85,11.0,32.0,0.0
1783935435.1,718,32624,85,11.0,32.0,0.0
1783935435.7,718,32624,85,11.0,33.0,0.0
1783935436.3,718,32624,85,11.0,33.0,0.0
1783935436.9,718,32624,85,11.0,33.0,0.0
1783935437.5,718,32624,83,11.0,33.0,0.0
1783935438.1,718,32624,83,13.0,33.0,14.0
1783935438.7,718,32624,83,11.0,33.0,0.0
1783935439.2,718,32624,83,11.0,32.0,0.0
1783935439.9,718,32624,83,13.0,33.0,0.0
1783935440.5,718,32624,97,25.0,33.0,26.0
1783935441.1,718,32624,97,10.0,33.0,0.0
1783935441.7,718,32624,97,11.0,33.0,0.0
1783935442.3,718,32624,87,10.0,33.0,0.0
1783935442.8,718,32624,87,12.0,33.0,0.0
1783935443.4,718,32624,87,10.0,33.0,0.0
1783935444.0,718,32624,87,12.0,33.0,0.0
1783935444.6,718,32624,87,12.0,32.0,0.0
1783935445.2,718,32624,95,11.0,33.0,0.0
1783935445.8,718,32624,95,10.0,33.0,0.0
1783935446.4,718,32624,81,11.0,33.0,0.0
1783935447.0,718,32624,81,11.0,33.0,0.0
1783935447.6,718,32624,81,14.0,32.0,16.0
1783935448.2,718,32624,81,10.0,33.0,0.0
1783935448.8,718,32624,81,10.0,33.0,0.0
1783935449.4,718,32624,81,11.0,33.0,0.0
1783935450.0,718,32624,83,11.0,33.0,0.0
1783935450.6,718,32624,83,11.0,33.0,0.0
1783935451.2,718,32624,83,10.0,33.0,0.0
1783935451.8,718,32624,86,15.0,33.0,16.0
1783935452.4,718,32624,86,16.0,33.0,6.0
1783935453.0,718,32624,86,11.0,33.0,0.0
1783935453.5,718,32624,86,10.0,33.0,0.0
1783935454.1,718,32624,86,15.0,33.0,307.0
1783935454.7,718,32624,94,14.0,33.0,26.0
1783935455.4,718,32624,98,25.0,33.0,40.0
1783935456.0,718,32624,98,11.0,33.0,0.0
1783935456.6,718,32624,90,10.0,33.0,0.0
1783935457.2,718,32624,86,10.0,33.0,0.0
1783935457.8,718,32624,92,25.0,33.0,33.0
1783935458.4,718,32624,92,16.0,33.0,63.0
1783935458.9,718,32624,92,13.0,33.0,0.0
1783935459.5,718,32624,92,11.0,33.0,0.0
1783935460.1,718,32624,93,11.0,33.0,0.0
1783935460.7,718,32624,93,12.0,33.0,0.0
1783935461.3,718,32624,93,11.0,33.0,0.0
1783935461.9,718,32624,86,11.0,33.0,0.0
1783935462.5,718,32624,86,11.0,33.0,0.0
1783935463.1,718,32624,86,10.0,33.0,0.0
1783935463.7,718,32624,86,12.0,33.0,0.0
1783935464.3,718,32624,86,12.0,33.0,0.0
1783935464.9,718,32624,79,11.0,33.0,0.0
1783935465.5,718,32624,79,11.0,33.0,0.0
1783935466.1,718,32624,84,10.0,33.0,0.0
1783935466.7,718,32624,84,11.0,33.0,0.0
1783935467.3,718,32624,84,10.0,33.0,0.0
1783935467.9,718,32624,84,11.0,33.0,0.0
1783935468.5,718,32624,84,11.0,33.0,0.0
1783935469.1,718,32624,84,11.0,33.0,0.0
1783935469.7,718,32624,84,15.0,33.0,78.0
1783935470.3,718,32624,84,12.0,33.0,0.0
1783935470.9,718,32624,97,11.0,33.0,0.0
1783935471.5,718,32624,86,10.0,33.0,0.0
1783935472.1,718,32624,86,10.0,33.0,0.0
1783935472.7,718,32624,86,10.0,33.0,0.0
1783935473.3,718,32624,86,11.0,33.0,0.0
1783935473.9,718,32624,86,10.0,33.0,0.0
1783935474.5,718,32624,86,12.0,33.0,0.0
1783935475.1,718,32624,101,22.0,33.0,0.0
1783935475.6,718,32624,88,11.0,33.0,0.0
1783935476.2,718,32624,88,11.0,33.0,0.0
1783935476.8,718,32624,88,11.0,33.0,0.0
1783935477.4,718,32624,88,10.0,33.0,0.0
1783935478.0,718,32624,81,17.0,33.0,149.0
1783935478.6,718,32624,81,11.0,33.0,0.0
1783935479.2,718,32624,81,11.0,33.0,0.0
1783935479.8,718,32624,81,10.0,33.0,0.0
1783935480.4,718,32624,81,11.0,33.0,0.0
1783935481.0,718,32624,81,11.0,33.0,0.0
1783935481.6,718,32624,81,11.0,33.0,0.0
1783935482.2,718,32624,79,11.0,33.0,0.0
1783935482.8,718,32624,79,12.0,33.0,0.0
1783935483.4,718,32624,85,10.0,32.0,0.0
1783935484.0,718,32624,85,12.0,32.0,0.0
1783935484.6,718,32624,85,10.0,32.0,0.0
1783935485.2,718,32624,85,11.0,32.0,0.0
1783935485.8,718,32624,95,10.0,33.0,0.0
1783935486.4,718,32624,85,22.0,33.0,0.0
1783935487.0,718,32624,85,11.0,33.0,0.0
1783935487.6,718,32624,85,10.0,33.0,0.0
1783935488.2,718,32624,85,12.0,33.0,0.0
1783935488.8,718,32624,79,11.0,33.0,0.0
1783935489.4,718,32624,79,13.0,33.0,0.0
1783935490.0,718,32624,79,12.0,33.0,0.0
1783935490.6,718,32624,93,10.0,32.0,0.0
1783935491.1,718,32624,93,10.0,32.0,0.0
1783935491.7,718,32624,93,11.0,33.0,0.0
1783935492.3,718,32624,93,11.0,33.0,0.0
1783935492.9,718,32624,93,14.0,33.0,27.0
1783935493.5,720,32624,95,12.0,33.0,262.0
1783935494.1,720,32624,81,16.0,32.0,17.0
1783935494.7,720,32624,81,16.0,33.0,42.0
1783935495.3,720,32624,81,16.0,33.0,9.0
1783935495.9,720,32624,81,14.0,33.0,13.0
1783935496.5,713,32624,81,25.0,33.0,36.0
1783935497.1,713,32624,81,10.0,32.0,0.0
1783935497.7,713,32624,81,11.0,33.0,0.0
1783935498.3,713,32624,81,12.0,32.0,0.0
1783935498.9,713,32624,81,10.0,33.0,0.0
1783935499.5,713,32624,85,12.0,33.0,0.0
1783935500.1,713,32624,85,11.0,32.0,0.0
1783935500.7,713,32624,97,11.0,32.0,0.0
1783935501.3,713,32624,89,10.0,32.0,0.0
1783935501.9,713,32624,87,12.0,33.0,0.0
1783935502.5,713,32624,87,11.0,33.0,0.0
1783935503.1,713,32624,87,11.0,33.0,0.0
1783935503.7,713,32624,87,11.0,33.0,0.0
1783935504.3,713,32624,88,10.0,33.0,0.0
1783935504.9,713,32624,88,12.0,33.0,0.0
1783935505.5,713,32624,95,12.0,33.0,0.0
1783935506.1,713,32624,95,12.0,33.0,0.0
1783935506.7,713,32624,95,11.0,33.0,0.0
1783935507.2,713,32624,87,14.0,33.0,11.0
1783935507.8,713,32624,87,11.0,33.0,0.0
1783935508.4,713,32624,87,11.0,32.0,0.0
1783935509.0,713,32624,87,11.0,33.0,0.0
1783935509.6,713,32624,87,11.0,33.0,0.0
1783935510.2,713,32624,88,10.0,33.0,0.0
1783935510.8,713,32624,88,11.0,33.0,0.0
1783935511.4,713,32624,88,10.0,32.0,0.0
1783935512.0,713,32624,81,11.0,32.0,0.0
1783935512.6,713,32624,81,12.0,33.0,0.0
1783935513.2,713,32624,81,11.0,33.0,0.0
1783935513.8,713,32624,81,11.0,33.0,0.0
1783935514.4,713,32624,81,10.0,33.0,0.0
1783935515.0,713,32624,81,11.0,33.0,0.0
1783935515.6,713,32624,106,22.0,33.0,0.0
1783935516.2,713,32624,106,11.0,33.0,0.0
1783935516.8,713,32624,86,13.0,33.0,144.0
1783935517.4,713,32624,86,12.0,33.0,0.0
1783935517.9,713,32624,86,11.0,33.0,0.0
1783935518.5,713,32624,86,11.0,33.0,0.0
1783935519.1,713,32624,86,16.0,33.0,23.0
1783935519.7,713,32624,86,12.0,33.0,0.0
1783935520.3,713,32624,93,14.0,33.0,6.0
1783935520.9,713,32624,81,17.0,33.0,339.0
1783935521.5,713,32624,81,14.0,33.0,56.0
1783935522.1,713,32624,81,16.0,33.0,230.0
1783935522.7,713,32624,81,11.0,33.0,0.0
1783935523.3,713,32624,81,10.0,33.0,0.0
1783935523.9,713,32624,81,11.0,33.0,0.0
1783935524.5,713,32624,81,10.0,33.0,0.0
1783935525.1,713,32624,81,11.0,33.0,0.0
1783935525.7,713,32624,81,12.0,33.0,0.0
1783935526.3,713,32624,81,12.0,33.0,0.0
1783935526.9,713,32624,81,12.0,33.0,0.0
1783935527.5,713,32624,81,11.0,33.0,0.0
1783935528.1,713,32624,81,11.0,33.0,0.0
1783935528.6,713,32624,83,15.0,33.0,940.0
1783935529.2,713,32624,83,11.0,33.0,0.0
1783935529.8,713,32624,83,11.0,33.0,0.0
1783935530.4,713,32624,102,11.0,33.0,0.0
1783935531.0,713,32624,102,11.0,33.0,0.0
1783935531.6,713,32624,85,14.0,33.0,71.0
1783935532.2,713,32624,85,17.0,33.0,6.0
1783935532.8,713,32624,85,16.0,33.0,97.0
1783935533.4,713,32624,85,22.0,33.0,0.0
1783935534.0,713,32624,85,12.0,33.0,0.0
1783935534.6,713,32624,85,10.0,33.0,0.0
1783935535.2,713,32624,93,12.0,33.0,0.0
1783935535.8,713,32624,93,12.0,33.0,0.0
1783935536.4,713,32624,93,11.0,33.0,0.0
1783935537.0,713,32624,93,13.0,33.0,0.0
1783935537.6,713,32624,79,16.0,33.0,48.0
1783935538.1,713,32624,83,22.0,33.0,0.0
1783935538.7,713,32624,109,22.0,33.0,0.0
1783935539.3,713,32624,100,22.0,33.0,0.0
1783935539.9,713,32624,97,25.0,33.0,42.0
1783935540.5,713,32624,97,18.0,33.0,938.0
1783935541.1,713,32624,106,25.0,33.0,49.0
1783935541.7,713,32624,93,11.0,33.0,0.0
1783935542.3,713,32624,88,12.0,33.0,0.0
1783935542.9,713,32624,88,12.0,33.0,0.0
1783935543.5,713,32624,86,14.0,33.0,0.0
1783935544.1,713,32624,86,12.0,33.0,0.0
1783935544.7,713,32624,86,11.0,33.0,0.0
1783935545.3,713,32624,86,11.0,33.0,0.0
1783935545.9,713,32624,100,15.0,33.0,25.0
1783935546.5,713,32624,86,22.0,33.0,0.0
1783935547.1,713,32624,86,11.0,33.0,0.0
1783935547.7,713,32624,89,13.0,33.0,34.0
1783935548.3,713,32624,86,12.0,33.0,0.0
1783935548.9,713,32624,86,10.0,32.0,0.0
1783935549.5,713,32624,86,12.0,33.0,0.0
1783935550.1,713,32624,84,11.0,33.0,0.0
1783935550.7,713,32624,84,12.0,33.0,0.0
1783935551.3,713,32624,84,14.0,33.0,0.0
1783935551.9,713,32624,84,11.0,33.0,0.0
1783935552.5,713,32624,84,17.0,33.0,77.0
1783935553.1,713,32624,84,13.0,33.0,0.0
1783935553.7,713,32624,84,10.0,32.0,0.0
1783935554.3,713,32624,84,11.0,32.0,0.0
1783935554.9,713,32624,84,13.0,33.0,500.0
1783935555.5,713,32624,84,10.0,33.0,0.0
1783935556.1,713,32624,105,24.0,33.0,150.0
1783935556.7,713,32624,86,11.0,33.0,0.0
1783935557.3,713,32624,86,11.0,33.0,0.0
1783935557.9,713,32624,86,13.0,32.0,42.0
1783935558.5,713,32624,86,14.0,33.0,0.0
1783935559.1,713,32624,86,11.0,32.0,0.0
1783935559.7,713,32624,86,12.0,32.0,269.0
1783935560.3,713,32624,86,11.0,32.0,0.0
1783935560.9,713,32624,86,13.0,33.0,0.0
1783935561.5,713,32624,86,11.0,33.0,0.0
1783935562.1,713,32624,86,11.0,33.0,0.0
1783935562.6,713,32624,86,11.0,33.0,0.0
1783935563.2,713,32624,86,10.0,33.0,0.0
1783935563.8,713,32624,86,11.0,33.0,0.0
1783935564.4,713,32624,86,11.0,33.0,0.0
1783935565.0,713,32624,86,14.0,32.0,6.0
1783935565.6,713,32624,86,11.0,33.0,0.0
1783935566.2,713,32624,86,12.0,33.0,0.0
1783935566.8,713,32624,86,15.0,32.0,26.0
1783935567.4,713,32624,86,11.0,33.0,0.0
1783935568.0,713,32624,86,11.0,33.0,0.0
1783935568.6,713,32624,84,11.0,32.0,0.0
1783935569.2,713,32624,84,12.0,33.0,0.0
1783935569.8,713,32624,84,14.0,33.0,19.0
1783935570.4,713,32624,84,17.0,33.0,0.0
1783935571.0,713,32624,100,22.0,33.0,0.0
1783935571.6,713,32624,87,11.0,33.0,0.0
1783935572.2,713,32624,87,10.0,33.0,0.0
1783935572.8,713,32624,87,11.0,33.0,0.0
1783935573.4,713,32624,87,17.0,33.0,32.0
1783935574.0,713,32624,87,11.0,33.0,0.0
1783935574.6,713,32624,87,11.0,33.0,0.0
1783935575.1,713,32624,87,11.0,33.0,0.0
1783935575.7,713,32624,87,17.0,33.0,185.0
1783935576.3,713,32624,100,14.0,33.0,300.0
1783935576.9,713,32624,87,11.0,33.0,0.0
1783935577.5,713,32624,87,13.0,33.0,209.0
1783935578.1,713,32624,87,14.0,33.0,83.0
1783935578.7,713,32624,87,10.0,33.0,0.0
1783935579.3,713,32624,87,11.0,33.0,0.0
1783935579.9,713,32624,84,19.0,33.0,583.0
1783935580.5,713,32624,84,11.0,33.0,0.0
1783935581.1,713,32624,84,11.0,33.0,0.0
1783935581.7,719,32624,96,25.0,33.0,1641.0
1783935582.3,745,32624,88,27.0,33.0,1030.0
1783935582.9,745,32624,88,26.0,33.0,90.0
1783935583.5,743,32624,86,15.0,33.0,1498.0
1783935584.1,741,32624,86,12.0,32.0,0.0
1783935584.7,739,32624,84,11.0,33.0,0.0
1783935585.3,739,32624,84,12.0,33.0,0.0
1783935585.9,739,32624,102,26.0,33.0,1476.0
1783935586.5,739,32624,105,22.0,33.0,0.0
1783935587.1,739,32624,105,26.0,33.0,675.0
1783935587.7,739,32624,105,22.0,33.0,0.0
1783935588.3,739,32624,89,11.0,33.0,0.0
1783935588.9,739,32624,105,21.0,33.0,0.0
1783935589.5,739,32624,89,11.0,33.0,0.0
1783935590.0,739,32624,91,11.0,33.0,0.0
1783935590.6,739,32624,102,10.0,33.0,0.0
1783935591.2,739,32624,105,11.0,33.0,0.0
1783935591.8,739,32624,86,11.0,33.0,0.0
1783935592.4,739,32624,86,11.0,33.0,0.0
1783935593.0,739,32624,86,11.0,33.0,0.0
1783935593.6,739,32624,86,11.0,33.0,0.0
1783935594.2,739,32624,105,22.0,33.0,0.0
1783935594.8,739,32624,105,27.0,33.0,117.0
1783935595.4,739,32624,105,23.0,33.0,0.0
1783935596.0,739,32624,105,12.0,33.0,0.0
1783935596.6,739,32624,100,22.0,33.0,0.0
1783935597.2,739,32624,103,25.0,33.0,39.0
1783935597.8,739,32624,103,22.0,33.0,0.0
1783935598.4,739,32624,103,11.0,33.0,0.0
1783935599.0,739,32624,87,11.0,33.0,0.0
1783935599.6,739,32624,87,12.0,33.0,0.0
1783935600.2,739,32624,87,12.0,33.0,0.0
1783935600.8,739,32624,103,22.0,33.0,0.0
1783935601.3,739,32624,87,12.0,33.0,0.0
1783935601.9,739,32624,87,11.0,33.0,0.0
1783935602.5,739,32624,87,11.0,33.0,0.0
1783935603.1,739,32624,87,10.0,33.0,0.0
1783935603.7,739,32624,87,11.0,33.0,0.0
1783935604.3,739,32624,87,11.0,33.0,0.0
1783935604.9,739,32624,87,10.0,33.0,0.0
1783935605.5,739,32624,87,11.0,33.0,0.0
1783935606.1,739,32624,87,12.0,33.0,0.0
1783935606.7,739,32624,87,14.0,33.0,16.0
1783935607.3,739,32624,87,12.0,33.0,0.0
1783935607.9,739,32624,105,23.0,33.0,0.0
1783935608.5,739,32624,87,12.0,33.0,0.0
1783935609.1,739,32624,87,12.0,33.0,0.0
1783935609.7,739,32624,114,22.0,33.0,0.0
1783935610.3,739,32624,100,26.0,33.0,1600.0
1783935610.9,739,32624,87,11.0,33.0,0.0
1783935611.5,739,32624,87,11.0,33.0,0.0
1783935612.1,739,32624,87,11.0,33.0,0.0
1783935612.7,739,32624,89,12.0,33.0,0.0
1783935613.3,739,32624,87,12.0,33.0,0.0
1783935613.8,739,32624,87,19.0,33.0,500.0
1783935614.4,739,32624,87,11.0,33.0,0.0
1783935615.0,739,32624,89,11.0,33.0,0.0
1783935615.6,739,32624,100,12.0,33.0,0.0
1783935616.2,739,32624,91,28.0,33.0,634.0
1783935616.8,739,32624,102,22.0,33.0,0.0
1783935617.4,739,32624,87,11.0,33.0,0.0
1783935618.0,739,32624,87,12.0,33.0,0.0
1783935618.6,739,32624,103,11.0,33.0,0.0
1783935619.2,739,32624,103,23.0,33.0,0.0
1783935619.8,739,32624,100,23.0,33.0,0.0
1783935620.4,739,32624,101,25.0,33.0,240.0
1783935621.0,739,32624,113,11.0,33.0,0.0
1783935621.6,739,32624,113,23.0,33.0,0.0
1783935622.2,739,32624,110,10.0,33.0,0.0
1783935622.8,739,32624,91,16.0,33.0,116.0
1783935623.4,741,32624,109,25.0,33.0,56.0
1783935624.0,741,32624,96,10.0,33.0,0.0
1783935624.6,741,32624,95,14.0,33.0,175.0
1783935625.2,741,32624,99,11.0,33.0,0.0
1783935625.8,741,32624,99,22.0,34.0,0.0
1783935626.4,741,32624,95,26.0,33.0,500.0
1783935627.0,741,32624,101,22.0,34.0,0.0
1783935627.6,741,32624,104,22.0,33.0,0.0
1783935628.2,741,32624,102,25.0,34.0,41.0
1783935628.8,739,32624,106,22.0,34.0,0.0
1783935629.4,739,32624,90,26.0,34.0,1481.0
1783935630.0,739,32624,117,16.0,34.0,48.0
1783935630.6,739,32624,110,25.0,34.0,1.0
1783935631.2,739,32624,99,11.0,33.0,0.0
1783935631.8,739,32624,89,12.0,33.0,0.0
1783935632.4,739,32624,89,11.0,33.0,0.0
1783935633.0,739,32624,89,10.0,33.0,0.0
1783935633.6,739,32624,89,12.0,33.0,0.0
1783935634.2,739,32624,89,11.0,33.0,0.0
1783935634.8,739,32624,89,11.0,33.0,0.0
1783935635.4,739,32624,102,22.0,33.0,0.0
1783935636.0,739,32624,87,12.0,33.0,0.0
1783935636.6,739,32624,87,12.0,33.0,0.0
1783935637.2,739,32624,87,13.0,33.0,238.0
1783935637.8,739,32624,87,11.0,33.0,0.0
1783935638.3,739,32624,87,10.0,33.0,0.0
1783935638.9,739,32624,87,10.0,33.0,0.0
1783935639.5,739,32624,87,10.0,33.0,0.0
1783935640.1,739,32624,87,11.0,33.0,0.0
1783935640.7,739,32624,87,16.0,33.0,16.0
1783935641.3,739,32624,84,15.0,33.0,76.0
1783935641.9,739,32624,84,11.0,33.0,0.0
1783935642.5,739,32624,84,22.0,33.0,326.0
1783935643.1,739,32624,84,11.0,33.0,0.0
1783935643.7,739,32624,84,12.0,33.0,0.0
1783935644.3,739,32624,84,11.0,33.0,0.0
1783935644.9,739,32624,84,11.0,33.0,0.0
1783935645.5,739,32624,99,14.0,33.0,0.0
1783935646.1,739,32624,86,11.0,33.0,0.0
1783935646.7,739,32624,86,10.0,33.0,0.0
1783935647.3,739,32624,86,11.0,33.0,0.0
1783935647.9,739,32624,86,11.0,33.0,0.0
1783935648.5,739,32624,101,26.0,33.0,1316.0
1783935649.1,739,32624,101,13.0,33.0,0.0
1783935649.7,739,32624,98,11.0,33.0,0.0
1783935650.3,739,32624,114,26.0,33.0,133.0
1783935650.9,739,32624,102,11.0,33.0,0.0
1783935651.5,739,32624,104,22.0,33.0,0.0
1783935652.1,739,32624,88,22.0,33.0,0.0
1783935652.7,739,32624,88,12.0,33.0,0.0
1783935653.3,739,32624,88,11.0,33.0,0.0
1783935653.8,739,32624,93,25.0,33.0,20.0
1783935654.4,739,32624,91,27.0,34.0,1484.0
1783935655.0,739,32624,96,26.0,34.0,6.0
1783935655.6,739,32624,96,27.0,34.0,1401.0
1783935656.2,739,32624,96,11.0,33.0,0.0
1783935656.8,739,32624,88,22.0,33.0,0.0
1783935657.4,739,32624,91,27.0,34.0,18.0
1783935658.0,739,32624,87,22.0,34.0,0.0
1783935658.6,739,32624,84,22.0,34.0,0.0
1783935659.2,739,32624,102,26.0,34.0,21.0
1783935659.8,739,32624,89,11.0,33.0,0.0
1783935660.4,739,32624,89,11.0,33.0,0.0
1783935661.0,739,32624,89,12.0,33.0,0.0
1783935661.6,739,32624,89,11.0,33.0,0.0
1783935662.2,739,32624,89,11.0,33.0,0.0
1783935662.8,739,32624,91,26.0,34.0,1370.0
1783935663.4,739,32624,94,11.0,33.0,0.0
1783935664.0,739,32624,89,11.0,33.0,0.0
1783935664.6,739,32624,104,22.0,34.0,0.0
1783935665.2,739,32624,104,12.0,33.0,0.0
1783935665.8,739,32624,91,22.0,34.0,0.0
1783935666.4,739,32624,102,15.0,33.0,6.0
1783935667.0,739,32624,89,11.0,33.0,0.0
1783935667.6,739,32624,105,22.0,34.0,0.0
1783935668.2,739,32624,102,13.0,33.0,0.0
1783935668.8,739,32624,89,11.0,33.0,0.0
1783935669.4,739,32624,89,11.0,33.0,0.0
1783935670.0,739,32624,89,11.0,33.0,0.0
1783935670.5,739,32624,89,10.0,33.0,0.0
1783935671.1,739,32624,105,11.0,34.0,0.0
1783935671.7,739,32624,89,12.0,33.0,0.0
1783935672.3,739,32624,91,21.0,33.0,0.0
1783935672.9,739,32624,89,11.0,33.0,0.0
1783935673.5,744,32624,91,15.0,33.0,43.0
1783935674.1,744,32624,91,10.0,33.0,0.0
1783935674.7,744,32624,91,10.0,33.0,0.0
1783935675.3,744,32624,91,14.0,33.0,0.0
1783935675.9,742,32624,89,15.0,33.0,1056.0
1783935676.5,742,32624,89,11.0,34.0,0.0
1783935677.1,742,32624,89,10.0,33.0,0.0
1783935677.7,742,32624,82,12.0,33.0,0.0
1783935678.3,742,32624,98,10.0,33.0,0.0
1783935678.9,742,32624,100,22.0,33.0,0.0
1783935679.5,742,32624,98,22.0,33.0,0.0
1783935680.1,742,32624,100,12.0,33.0,0.0
1783935680.7,742,32624,84,11.0,33.0,0.0
1783935681.3,742,32624,84,11.0,33.0,0.0
1783935681.9,742,32624,87,22.0,33.0,0.0
1783935682.5,742,32624,98,22.0,34.0,0.0
1783935683.1,742,32624,100,11.0,34.0,0.0
1783935683.7,742,32624,98,22.0,34.0,0.0
1783935684.3,742,32624,100,22.0,34.0,0.0
1783935684.9,742,32624,98,22.0,34.0,0.0
1783935685.5,744,32624,93,11.0,34.0,0.0
1783935686.1,744,32624,86,10.0,34.0,0.0
1783935686.7,744,32624,105,22.0,34.0,0.0
1783935687.3,742,32624,91,22.0,34.0,0.0
1783935687.9,744,32624,109,23.0,34.0,0.0
1783935688.5,744,32624,100,22.0,34.0,0.0
1783935689.1,744,32624,98,26.0,34.0,1332.0
1783935689.7,742,32624,107,22.0,34.0,0.0
1783935690.3,742,32624,89,10.0,34.0,0.0
1783935690.9,742,32624,89,22.0,34.0,0.0
1783935691.5,742,32624,95,14.0,34.0,20.0
1783935692.1,742,32624,118,30.0,34.0,1214.0
1783935692.7,742,32624,95,22.0,34.0,0.0
1783935693.3,742,32624,87,11.0,34.0,0.0
1783935693.9,742,32624,87,11.0,33.0,0.0
1783935694.5,742,32624,87,11.0,34.0,0.0
1783935695.1,742,32624,87,11.0,33.0,0.0
1783935695.7,742,32624,87,11.0,33.0,0.0
1783935696.3,742,32624,87,12.0,33.0,0.0
1783935696.9,744,32624,89,14.0,33.0,0.0
1783935697.5,744,32624,102,28.0,34.0,553.0
1783935698.1,744,32624,89,11.0,33.0,0.0
1783935698.7,744,32624,89,10.0,33.0,0.0
1783935699.3,744,32624,89,11.0,33.0,0.0
1783935699.9,744,32624,89,10.0,33.0,0.0
1783935700.5,744,32624,89,11.0,33.0,0.0
1783935701.1,744,32624,84,12.0,33.0,0.0
1783935701.7,744,32624,82,11.0,33.0,0.0
1783935702.3,744,32624,84,11.0,33.0,0.0
1783935702.9,744,32624,84,10.0,34.0,0.0
1783935703.5,744,32624,84,11.0,33.0,396.0
1783935704.1,744,32624,84,10.0,33.0,0.0
1783935704.7,744,32624,84,18.0,33.0,99.0
1783935705.3,744,32624,82,14.0,33.0,25.0
1783935705.9,744,32624,82,12.0,33.0,0.0
1783935706.5,744,32624,82,11.0,33.0,0.0
1783935707.1,744,32624,84,14.0,33.0,315.0
1783935707.7,744,32624,98,11.0,34.0,0.0
1783935708.3,744,32624,84,20.0,33.0,215.0
1783935708.9,744,32624,84,14.0,33.0,0.0
1783935709.5,744,32624,84,14.0,33.0,0.0
1783935710.1,744,32624,84,11.0,33.0,0.0
1783935710.7,744,32624,84,11.0,33.0,0.0
1783935711.3,744,32624,84,11.0,33.0,0.0
1783935711.9,744,32624,84,11.0,33.0,0.0
1783935712.5,744,32624,98,11.0,33.0,0.0
1783935713.1,744,32624,82,11.0,33.0,0.0
1783935713.7,744,32624,82,11.0,33.0,0.0
1783935714.3,744,32624,82,11.0,33.0,0.0
1783935714.9,744,32624,82,12.0,33.0,0.0
1783935715.5,744,32624,82,15.0,33.0,369.0
1783935716.1,744,32624,82,10.0,33.0,0.0
1783935716.7,744,32624,82,11.0,33.0,0.0
1783935717.2,744,32624,82,10.0,33.0,0.0
1783935717.8,744,32624,82,11.0,33.0,0.0
1783935718.4,744,32624,82,11.0,33.0,0.0
1783935719.0,744,32624,82,10.0,33.0,0.0
1783935719.6,744,32624,82,10.0,33.0,0.0
1783935720.2,744,32624,82,11.0,33.0,0.0
1783935720.8,744,32624,82,17.0,33.0,325.0
1783935721.4,744,32624,82,16.0,33.0,199.0
1783935722.0,744,32624,82,20.0,33.0,13.0
1783935722.6,744,32624,96,22.0,33.0,0.0
1783935723.2,744,32624,82,12.0,33.0,0.0
1783935723.8,744,32624,82,14.0,33.0,56.0
1783935724.4,744,32624,82,12.0,33.0,0.0
1783935725.0,744,32624,82,10.0,33.0,0.0
1783935725.6,744,32624,82,11.0,33.0,0.0
1783935726.2,744,32624,82,15.0,33.0,194.0
1783935726.8,744,32624,82,11.0,33.0,0.0
1783935727.4,744,32624,96,25.0,33.0,74.0
1783935728.0,744,32624,82,20.0,33.0,443.0
1783935728.6,744,32624,82,11.0,33.0,0.0
1783935729.2,744,32624,82,10.0,33.0,0.0
1783935729.8,744,32624,82,11.0,33.0,0.0
1783935730.4,744,32624,82,11.0,33.0,0.0
1783935731.0,744,32624,82,22.0,33.0,41.0
1783935731.6,744,32624,82,11.0,33.0,0.0
1783935732.2,744,32624,82,11.0,33.0,0.0
1783935732.8,744,32624,82,12.0,33.0,0.0
1783935733.4,744,32624,82,15.0,33.0,6.0
1783935734.0,744,32624,82,12.0,33.0,0.0
1783935734.6,768,32624,106,10.0,33.0,0.0
1783935735.2,768,32624,84,26.0,33.0,1091.0
1783935735.8,768,32624,84,16.0,33.0,168.0
1783935736.4,768,32624,84,11.0,33.0,0.0
1783935737.0,768,32624,84,11.0,33.0,0.0
1783935737.6,768,32624,98,18.0,33.0,500.0
1783935738.2,768,32624,84,16.0,33.0,0.0
1783935738.8,768,32624,84,12.0,33.0,0.0
1783935739.4,768,32624,84,11.0,33.0,0.0
1783935740.0,768,32624,84,12.0,33.0,0.0
1783935740.6,768,32624,80,12.0,33.0,0.0
1783935741.2,768,32624,80,12.0,33.0,0.0
1783935741.8,768,32624,80,11.0,33.0,0.0
1783935742.4,768,32624,97,22.0,33.0,0.0
1783935743.0,768,32624,84,12.0,33.0,0.0
1783935743.6,768,32624,84,11.0,33.0,0.0
1783935744.2,768,32624,84,11.0,33.0,0.0
1783935744.8,768,32624,84,11.0,33.0,0.0
1783935745.4,768,32624,84,11.0,33.0,0.0
1783935746.0,768,32624,80,11.0,33.0,0.0
1783935746.6,768,32624,80,11.0,33.0,0.0
1783935747.2,768,32624,80,11.0,33.0,0.0
1783935747.8,768,32624,80,12.0,33.0,0.0
1783935748.4,768,32624,80,11.0,33.0,0.0
1783935748.9,768,32624,80,11.0,33.0,0.0
1783935749.5,768,32624,80,11.0,33.0,0.0
1783935750.1,768,32624,80,13.0,33.0,0.0
1783935750.7,768,32624,80,11.0,33.0,0.0
1783935751.3,768,32624,80,12.0,33.0,0.0
1783935751.9,768,32624,80,10.0,33.0,0.0
1783935752.5,768,32624,94,21.0,33.0,0.0
1783935753.1,768,32624,80,11.0,33.0,0.0
1783935753.7,768,32624,80,14.0,33.0,87.0
1783935754.3,768,32624,80,11.0,33.0,0.0
1783935754.9,768,32624,80,12.0,33.0,0.0
1783935755.5,768,32624,80,16.0,33.0,26.0
1783935756.1,768,32624,80,10.0,33.0,0.0
1783935756.7,764,32624,80,11.0,33.0,0.0
1783935757.3,764,32624,94,21.0,33.0,0.0
1783935757.9,764,32624,94,15.0,33.0,6.0
1783935758.5,764,32624,80,12.0,33.0,0.0
1783935759.1,764,32624,80,14.0,33.0,52.0
1783935759.7,764,32624,80,12.0,33.0,0.0
1783935760.3,764,32624,80,15.0,33.0,427.0
1783935760.9,764,32624,80,11.0,33.0,0.0
1783935761.5,764,32624,80,11.0,33.0,0.0
1783935762.1,764,32624,80,10.0,33.0,0.0
1783935762.7,764,32624,80,12.0,33.0,0.0
1783935763.3,764,32624,80,11.0,33.0,0.0
1783935763.9,764,32624,80,10.0,33.0,0.0
1783935764.5,764,32624,80,17.0,33.0,759.0
1783935765.1,764,32624,80,11.0,33.0,0.0
1783935765.7,764,32624,80,11.0,33.0,0.0
1783935766.3,764,32624,80,11.0,33.0,0.0
1783935766.9,764,32624,80,11.0,33.0,0.0
1783935767.5,764,32624,94,12.0,33.0,0.0
1783935768.1,764,32624,80,10.0,33.0,0.0
1783935768.7,764,32624,80,10.0,33.0,0.0
1783935769.2,764,32624,80,12.0,33.0,0.0
1783935769.8,764,32624,80,11.0,33.0,0.0
1783935770.4,764,32624,80,12.0,33.0,0.0
1783935771.0,764,32624,80,12.0,33.0,0.0
1783935771.6,764,32624,80,12.0,33.0,0.0
1783935772.2,764,32624,82,15.0,33.0,20.0
1783935772.8,764,32624,96,11.0,33.0,0.0
1783935773.4,764,32624,82,11.0,33.0,0.0
1783935774.0,764,32624,82,15.0,33.0,6.0
1783935774.6,764,32624,82,13.0,33.0,0.0
1783935775.2,764,32624,82,15.0,33.0,24.0
1783935775.8,764,32624,82,15.0,33.0,6.0
1783935776.4,764,32624,82,12.0,33.0,0.0
1783935777.0,764,32624,82,11.0,33.0,0.0
1783935777.6,764,32624,82,15.0,33.0,6.0
1783935778.2,764,32624,82,12.0,33.0,0.0
1783935778.8,764,32624,82,11.0,33.0,0.0
1783935779.4,764,32624,82,12.0,33.0,0.0
1783935780.0,764,32624,82,12.0,33.0,0.0
1783935780.6,764,32624,82,11.0,33.0,0.0
1783935781.1,764,32624,82,11.0,33.0,0.0
1783935781.7,764,32624,82,12.0,33.0,0.0
1783935782.3,764,32624,126,23.0,33.0,0.0
1783935782.9,764,32624,85,11.0,33.0,0.0
1783935783.5,764,32624,82,11.0,33.0,0.0
1783935784.1,764,32624,82,13.0,33.0,246.0
1783935784.7,764,32624,82,12.0,33.0,0.0
1783935785.3,764,32624,82,11.0,33.0,0.0
1783935785.9,764,32624,82,10.0,33.0,0.0
1783935786.5,764,32624,82,14.0,33.0,35.0
1783935787.1,764,32624,82,11.0,33.0,0.0
1783935787.7,764,32624,96,22.0,33.0,0.0
1783935788.3,764,32624,82,11.0,33.0,0.0
1783935788.9,764,32624,82,10.0,33.0,0.0
1783935789.5,764,32624,82,11.0,33.0,0.0
1783935790.1,764,32624,82,11.0,33.0,0.0
1783935790.7,764,32624,82,12.0,33.0,0.0
1783935791.3,764,32624,82,11.0,33.0,0.0
1783935791.8,764,32624,82,10.0,33.0,0.0
1783935792.4,764,32624,82,11.0,33.0,0.0
1783935793.0,764,32624,82,12.0,33.0,0.0
1783935793.6,764,32624,82,11.0,33.0,0.0
1783935794.2,764,32624,82,11.0,33.0,0.0
1783935794.8,764,32624,82,12.0,33.0,0.0
1783935795.4,764,32624,82,12.0,33.0,0.0
1783935796.0,764,32624,82,12.0,33.0,0.0
1783935796.6,764,32624,82,11.0,33.0,0.0
1783935797.2,764,32624,82,10.0,33.0,0.0
1783935797.8,764,32624,98,11.0,33.0,0.0
1783935798.4,764,32624,82,12.0,33.0,0.0
1783935799.0,764,32624,82,11.0,33.0,0.0
1783935799.6,764,32624,82,11.0,33.0,0.0
1783935800.2,764,32624,82,11.0,33.0,0.0
1783935800.8,764,32624,80,11.0,33.0,0.0
1783935801.4,764,32624,80,16.0,33.0,243.0
1783935801.9,764,32624,80,11.0,33.0,0.0
1783935802.5,764,32624,94,11.0,33.0,0.0
1783935803.1,764,32624,80,15.0,33.0,6.0
1783935803.7,764,32624,80,11.0,33.0,0.0
1783935804.3,764,32624,80,11.0,33.0,0.0
1783935804.9,764,32624,80,18.0,33.0,500.0
1783935805.5,764,32624,80,11.0,33.0,0.0
1783935806.1,764,32624,80,10.0,33.0,0.0
1783935806.7,764,32624,80,11.0,33.0,0.0
1783935807.3,764,32624,80,11.0,33.0,0.0
1783935807.9,764,32624,80,11.0,33.0,0.0
1783935808.5,764,32624,80,13.0,33.0,0.0
1783935809.1,764,32624,80,12.0,33.0,0.0
1783935809.7,764,32624,80,11.0,33.0,0.0
1783935810.3,764,32624,80,19.0,33.0,449.0
1783935810.9,764,32624,80,10.0,33.0,0.0
1783935811.5,764,32624,80,11.0,33.0,0.0
1783935812.1,764,32624,80,17.0,33.0,942.0
1783935812.7,764,32624,112,22.0,33.0,0.0
1783935813.3,764,32624,82,11.0,33.0,0.0
1783935813.9,764,32624,82,16.0,33.0,66.0
1783935814.5,764,32624,82,11.0,33.0,0.0
1783935815.0,764,32624,82,11.0,33.0,0.0
1783935815.6,764,32624,82,15.0,33.0,22.0
1783935816.2,764,32624,82,10.0,33.0,0.0
1783935816.8,764,32624,82,10.0,32.0,0.0
1783935817.4,764,32624,96,25.0,33.0,83.0
1783935818.0,764,32624,82,12.0,33.0,0.0
1783935818.6,764,32624,82,11.0,33.0,0.0
1783935819.2,764,32624,82,14.0,33.0,6.0
1783935819.8,764,32624,82,12.0,33.0,0.0
1783935820.4,764,32624,82,13.0,33.0,0.0
1783935821.0,764,32624,82,13.0,33.0,396.0
1783935821.6,764,32624,82,10.0,33.0,0.0
1783935822.2,764,32624,82,11.0,33.0,0.0
1783935822.8,764,32624,82,15.0,33.0,41.0
1783935823.4,764,32624,82,11.0,33.0,0.0
1783935824.0,764,32624,82,11.0,33.0,0.0
1783935824.6,764,32624,82,12.0,33.0,0.0
1783935825.2,764,32624,82,10.0,33.0,0.0
1783935825.8,764,32624,82,12.0,33.0,0.0
1783935826.4,764,32624,82,15.0,33.0,27.0
1783935827.0,764,32624,82,11.0,33.0,0.0
1783935827.6,764,32624,98,23.0,33.0,0.0
1783935828.1,764,32624,82,15.0,33.0,18.0
1783935828.7,764,32624,82,11.0,33.0,0.0
1783935829.3,764,32624,82,11.0,33.0,0.0
1783935829.9,764,32624,82,11.0,33.0,0.0
1783935830.5,764,32624,82,11.0,33.0,0.0
1783935831.1,764,32624,82,11.0,33.0,0.0
1783935831.7,764,32624,82,11.0,33.0,0.0
1783935832.3,764,32624,96,23.0,33.0,0.0
1783935832.9,764,32624,96,11.0,33.0,0.0
1783935833.5,764,32624,82,12.0,33.0,0.0
1783935834.1,764,32624,82,11.0,33.0,0.0
1783935834.7,764,32624,82,11.0,33.0,0.0
1783935835.3,764,32624,82,11.0,33.0,0.0
1783935835.9,764,32624,82,11.0,33.0,0.0
1783935836.5,764,32624,82,11.0,32.0,0.0
1783935837.1,764,32624,82,11.0,33.0,0.0
1783935837.6,764,32624,82,11.0,33.0,0.0
1783935838.2,764,32624,82,11.0,33.0,0.0
1783935838.8,764,32624,82,11.0,33.0,0.0
1783935839.4,764,32624,82,11.0,33.0,0.0
1783935840.0,764,32624,82,12.0,33.0,0.0
1783935840.6,764,32624,80,11.0,33.0,0.0
1783935841.2,764,32624,80,11.0,33.0,0.0
1783935841.8,764,32624,80,11.0,33.0,0.0
1783935842.4,764,32624,94,22.0,33.0,0.0
1783935843.0,764,32624,94,11.0,33.0,0.0
1783935843.6,764,32624,80,11.0,32.0,0.0
1783935844.2,764,32624,80,11.0,33.0,0.0
1783935844.8,764,32624,80,11.0,33.0,0.0
1783935845.4,764,32624,80,20.0,32.0,268.0
1783935845.9,764,32624,80,11.0,33.0,0.0
1783935846.5,764,32624,80,12.0,33.0,0.0
1783935847.1,764,32624,80,10.0,33.0,0.0
1783935847.7,764,32624,93,10.0,33.0,0.0
1783935848.3,764,32624,93,11.0,32.0,0.0
1783935848.9,764,32624,79,11.0,33.0,0.0
1783935849.5,764,32624,79,22.0,33.0,0.0
1783935850.1,764,32624,79,10.0,33.0,0.0
1783935850.7,764,32624,79,11.0,33.0,0.0
1783935851.3,764,32624,80,19.0,33.0,1078.0
1783935851.9,764,32624,80,11.0,33.0,0.0
1783935852.5,764,32624,80,11.0,33.0,0.0
1783935853.1,764,32624,80,11.0,33.0,0.0
1783935853.7,755,32624,88,10.0,33.0,0.0
1783935854.2,755,32624,88,10.0,33.0,0.0
1783935854.8,755,32624,88,11.0,33.0,0.0
1783935855.4,745,32624,84,22.0,33.0,0.0
1783935856.0,745,32624,84,11.0,33.0,0.0
1783935856.6,745,32624,84,10.0,32.0,0.0
1783935857.2,745,32624,84,10.0,33.0,0.0
1783935857.8,745,32624,97,11.0,32.0,0.0
1783935858.4,745,32624,83,10.0,33.0,0.0
1783935859.0,745,32624,83,11.0,33.0,0.0
1783935859.6,745,32624,84,11.0,33.0,0.0
1783935860.2,745,32624,84,10.0,33.0,0.0
1783935860.8,745,32624,84,12.0,33.0,0.0
1783935861.4,745,32624,84,15.0,33.0,0.0
1783935862.0,745,32624,84,12.0,33.0,0.0
1783935862.6,745,32624,97,11.0,33.0,0.0
1783935863.2,745,32624,97,10.0,33.0,0.0
1783935863.7,745,32624,83,10.0,32.0,0.0
1783935864.3,745,32624,84,12.0,33.0,0.0
1783935864.9,745,32624,84,11.0,33.0,0.0
1783935865.5,745,32624,84,11.0,33.0,0.0
1783935866.1,745,32624,84,11.0,33.0,0.0
1783935866.7,745,32624,84,12.0,33.0,0.0
1783935867.3,745,32624,84,10.0,33.0,0.0
1783935867.9,745,32624,84,10.0,33.0,0.0
1783935868.5,745,32624,84,11.0,33.0,0.0
1783935869.1,745,32624,84,11.0,33.0,0.0
1783935869.7,745,32624,84,11.0,32.0,0.0
1783935870.3,745,32624,84,11.0,33.0,0.0
1783935870.9,745,32624,84,11.0,32.0,0.0
1783935871.5,745,32624,84,11.0,32.0,0.0
1783935872.1,745,32624,84,11.0,33.0,0.0
1783935872.7,745,32624,104,11.0,33.0,0.0
1783935873.2,745,32624,86,11.0,33.0,0.0
1783935873.8,745,32624,86,11.0,33.0,0.0
1783935874.4,745,32624,86,12.0,33.0,0.0
1783935875.0,745,32624,86,11.0,32.0,0.0
1783935875.6,745,32624,86,11.0,33.0,0.0
1783935876.2,745,32624,86,11.0,32.0,0.0
1783935876.8,745,32624,86,11.0,33.0,0.0
1783935877.4,745,32624,99,22.0,33.0,0.0
1783935878.0,745,32624,99,11.0,33.0,0.0
1783935878.6,745,32624,86,11.0,33.0,0.0
1783935879.2,745,32624,86,11.0,33.0,0.0
1783935879.8,745,32624,86,11.0,33.0,0.0
1783935880.4,745,32624,86,11.0,33.0,0.0
1783935881.0,745,32624,86,11.0,33.0,0.0
1783935881.6,745,32624,86,11.0,32.0,0.0
1783935882.2,745,32624,86,12.0,33.0,0.0
1783935882.7,745,32624,86,11.0,33.0,0.0
1783935883.3,745,32624,86,10.0,32.0,0.0
1783935883.9,745,32624,86,11.0,33.0,0.0
1783935884.5,745,32624,86,12.0,33.0,0.0
1783935885.1,745,32624,86,12.0,33.0,0.0
1783935885.7,745,32624,86,11.0,33.0,0.0
1783935886.3,745,32624,86,11.0,32.0,0.0
1783935886.9,745,32624,86,12.0,32.0,0.0
1783935887.5,745,32624,99,11.0,33.0,0.0
1783935888.1,745,32624,99,11.0,33.0,0.0
1783935888.7,745,32624,91,22.0,33.0,0.0
1783935889.3,745,32624,91,11.0,33.0,0.0
1783935889.9,745,32624,85,11.0,33.0,0.0
1783935890.5,745,32624,85,11.0,32.0,0.0
1783935891.0,745,32624,85,11.0,32.0,0.0
1783935891.6,745,32624,85,11.0,32.0,0.0
1783935892.2,745,32624,85,11.0,33.0,0.0
1783935892.8,745,32624,99,11.0,33.0,0.0
1783935893.4,745,32624,85,11.0,33.0,0.0
1783935894.0,745,32624,85,11.0,32.0,0.0
1783935894.6,745,32624,85,12.0,33.0,0.0
1783935895.2,745,32624,85,11.0,33.0,0.0
1783935895.8,745,32624,85,11.0,32.0,0.0
1783935896.4,745,32624,85,12.0,32.0,0.0
1783935897.0,745,32624,85,11.0,33.0,0.0
1783935897.6,745,32624,85,12.0,32.0,0.0
1783935898.2,745,32624,85,12.0,32.0,0.0
1783935898.8,745,32624,91,14.0,32.0,26.0
1783935899.4,745,32624,91,11.0,33.0,0.0
1783935900.0,745,32624,91,12.0,32.0,0.0
1783935900.6,745,32624,85,12.0,32.0,0.0
1783935901.2,745,32624,85,11.0,33.0,0.0
1783935901.8,745,32624,85,12.0,33.0,0.0
1783935902.4,745,32624,94,11.0,33.0,0.0
1783935903.0,745,32624,101,22.0,33.0,0.0
1783935903.6,745,32624,86,11.0,33.0,0.0
1783935904.2,745,32624,86,11.0,33.0,0.0
1783935904.8,745,32624,86,11.0,33.0,0.0
1783935905.3,745,32624,86,11.0,33.0,0.0
1783935905.9,745,32624,86,11.0,33.0,0.0
1783935906.5,745,32624,86,11.0,33.0,0.0
1783935907.1,745,32624,86,10.0,33.0,0.0
1783935907.7,745,32624,99,11.0,33.0,0.0
1783935908.3,745,32624,99,10.0,33.0,0.0
1783935908.9,745,32624,92,11.0,33.0,0.0
1783935909.5,745,32624,86,11.0,33.0,0.0
1783935910.1,745,32624,86,11.0,33.0,0.0
1783935910.7,745,32624,86,11.0,33.0,0.0
1783935911.3,745,32624,86,11.0,33.0,0.0
1783935911.9,745,32624,86,11.0,33.0,0.0
1783935912.5,745,32624,86,10.0,33.0,0.0
1783935913.1,745,32624,86,11.0,33.0,0.0
1783935913.7,747,32624,88,11.0,33.0,0.0
1783935914.2,747,32624,88,11.0,33.0,0.0
1783935914.8,747,32624,88,11.0,32.0,0.0
1783935915.4,747,32624,88,12.0,32.0,0.0
1783935916.0,747,32624,88,11.0,33.0,0.0
1783935916.6,747,32624,88,11.0,33.0,0.0
1783935917.2,747,32624,83,20.0,32.0,86.0
1783935917.8,747,32624,105,11.0,33.0,0.0
1783935918.4,747,32624,88,23.0,33.0,416.0
1783935919.0,747,32624,88,11.0,33.0,0.0
1783935919.6,747,32624,88,12.0,32.0,0.0
1783935920.2,747,32624,88,12.0,33.0,0.0
1783935920.8,747,32624,88,11.0,32.0,0.0
1783935921.4,747,32624,88,10.0,33.0,0.0
1783935922.0,747,32624,88,11.0,33.0,0.0
1783935922.6,747,32624,102,12.0,33.0,0.0
1783935923.2,747,32624,88,12.0,33.0,0.0
1783935923.8,747,32624,88,11.0,33.0,0.0
1783935924.4,747,32624,88,10.0,33.0,0.0
1783935925.0,747,32624,88,10.0,33.0,0.0
1783935925.6,747,32624,88,12.0,33.0,0.0
1783935926.2,747,32624,88,11.0,33.0,0.0
1783935926.8,747,32624,88,11.0,33.0,0.0
1783935927.4,747,32624,88,11.0,33.0,0.0
1783935928.0,747,32624,88,11.0,33.0,0.0
1783935928.6,747,32624,88,10.0,33.0,0.0
1783935929.2,747,32624,88,11.0,33.0,0.0
1783935929.8,747,32624,88,11.0,33.0,0.0
1783935930.4,747,32624,88,11.0,33.0,0.0
1783935931.0,747,32624,88,12.0,32.0,0.0
1783935931.5,747,32624,88,11.0,32.0,0.0
1783935932.1,747,32624,88,12.0,32.0,0.0
1783935932.7,747,32624,105,12.0,33.0,0.0
1783935933.3,747,32624,88,15.0,33.0,29.0
1783935933.9,747,32624,94,11.0,32.0,0.0
1783935934.5,747,32624,88,12.0,32.0,0.0
1783935935.1,747,32624,88,11.0,33.0,0.0
1783935935.7,747,32624,88,11.0,32.0,0.0
1783935936.3,747,32624,88,11.0,33.0,0.0
1783935936.9,747,32624,88,11.0,33.0,0.0
1783935937.5,747,32624,101,23.0,33.0,0.0
1783935938.1,747,32624,101,11.0,32.0,0.0
1783935938.7,747,32624,88,11.0,32.0,0.0
1783935939.3,747,32624,88,11.0,33.0,0.0
1783935939.9,747,32624,88,11.0,33.0,0.0
1783935940.5,747,32624,88,14.0,33.0,43.0
1783935941.1,747,32624,88,10.0,33.0,0.0
1783935941.6,747,32624,88,11.0,32.0,0.0
1783935942.2,747,32624,88,12.0,32.0,0.0
1783935942.8,747,32624,88,11.0,32.0,0.0
1783935943.4,747,32624,88,10.0,32.0,0.0
1783935944.0,747,32624,88,11.0,32.0,0.0
1783935944.6,747,32624,88,11.0,32.0,0.0
1783935945.2,747,32624,88,10.0,33.0,0.0
1783935945.8,747,32624,88,11.0,33.0,0.0
1783935946.4,747,32624,88,11.0,33.0,0.0
1783935947.0,747,32624,88,11.0,32.0,0.0
1783935947.6,747,32624,111,23.0,33.0,0.0
1783935948.2,747,32624,111,11.0,32.0,0.0
1783935948.8,747,32624,88,12.0,33.0,0.0
1783935949.4,747,32624,88,11.0,33.0,0.0
1783935950.0,747,32624,88,14.0,33.0,0.0
1783935950.6,747,32624,88,11.0,33.0,0.0
1783935951.2,747,32624,88,19.0,33.0,88.0
1783935951.8,747,32624,88,11.0,32.0,0.0
1783935952.4,747,32624,102,23.0,32.0,0.0
1783935952.9,747,32624,102,11.0,32.0,0.0
1783935953.5,747,32624,88,11.0,32.0,0.0
1783935954.1,747,32624,88,11.0,32.0,0.0
1783935954.7,747,32624,88,11.0,33.0,0.0
1783935955.3,747,32624,88,10.0,33.0,0.0
1783935955.9,747,32624,88,10.0,33.0,0.0
1783935956.5,747,32624,88,11.0,33.0,0.0
1783935957.1,747,32624,88,10.0,33.0,0.0
1783935957.7,747,32624,88,10.0,33.0,0.0
1783935958.3,747,32624,88,12.0,33.0,0.0
1783935958.9,747,32624,88,18.0,32.0,1347.0
1783935959.5,747,32624,88,16.0,32.0,798.0
1783935960.1,747,32624,88,11.0,33.0,0.0
1783935960.7,747,32624,88,11.0,33.0,0.0
1783935961.3,747,32624,88,11.0,33.0,0.0
1783935961.9,747,32624,88,11.0,33.0,0.0
1783935962.5,747,32624,102,15.0,32.0,19.0
1783935963.1,747,32624,110,11.0,33.0,0.0
1783935963.7,747,32624,88,11.0,33.0,0.0
1783935964.3,747,32624,88,11.0,33.0,0.0
1783935964.9,747,32624,94,12.0,32.0,0.0
1783935965.5,747,32624,94,11.0,33.0,0.0
1783935966.1,747,32624,94,10.0,33.0,0.0
1783935966.7,747,32624,88,10.0,32.0,0.0
1783935967.2,747,32624,88,10.0,33.0,0.0
1783935967.8,747,32624,102,11.0,33.0,0.0
1783935968.4,747,32624,102,12.0,33.0,0.0
1783935969.0,747,32624,88,10.0,33.0,0.0
1783935969.6,747,32624,88,11.0,33.0,0.0
1783935970.2,747,32624,88,11.0,33.0,0.0
1783935970.8,747,32624,88,10.0,33.0,0.0
1783935971.4,747,32624,88,11.0,33.0,0.0
1783935972.0,747,32624,88,11.0,33.0,0.0
1783935972.6,747,32624,88,10.0,33.0,0.0
1783935973.2,747,32624,85,11.0,33.0,0.0
1783935973.8,747,32624,85,11.0,33.0,0.0
1783935974.4,747,32624,85,11.0,32.0,0.0
1783935975.0,747,32624,91,11.0,33.0,0.0
1783935975.6,747,32624,86,12.0,32.0,0.0
1783935976.2,747,32624,81,11.0,33.0,0.0
1783935976.8,747,32624,88,11.0,32.0,0.0
1783935977.4,747,32624,113,22.0,33.0,0.0
1783935978.0,747,32624,96,16.0,33.0,1439.0
1783935978.6,747,32624,96,10.0,33.0,0.0
1783935979.2,747,32624,96,13.0,33.0,0.0
1783935979.8,747,32624,81,10.0,33.0,0.0
1783935980.4,747,32624,81,11.0,33.0,0.0
1783935981.0,747,32624,81,10.0,33.0,0.0
1783935981.5,747,32624,81,13.0,32.0,0.0
1783935982.1,747,32624,81,12.0,33.0,0.0
1783935982.7,747,32624,95,11.0,33.0,0.0
1783935983.3,747,32624,81,11.0,32.0,0.0
1783935983.9,747,32624,81,10.0,33.0,0.0
1783935984.5,747,32624,81,11.0,33.0,0.0
1783935985.1,747,32624,81,12.0,32.0,0.0
1783935985.7,747,32624,81,11.0,32.0,0.0
1783935986.3,747,32624,81,10.0,33.0,0.0
1783935986.9,747,32624,86,11.0,33.0,0.0
1783935987.5,747,32624,86,11.0,32.0,0.0
1783935988.1,747,32624,86,11.0,33.0,0.0
1783935988.7,747,32624,86,12.0,33.0,0.0
1783935989.3,747,32624,86,11.0,33.0,0.0
1783935989.9,747,32624,86,11.0,32.0,0.0
1783935990.5,747,32624,86,10.0,32.0,0.0
1783935991.1,747,32624,86,11.0,32.0,0.0
1783935991.7,747,32624,86,10.0,32.0,0.0
1783935992.3,747,32624,86,9.0,32.0,0.0
1783935992.9,747,32624,97,11.0,32.0,0.0
1783935993.5,747,32624,97,11.0,33.0,0.0
1783935994.0,747,32624,97,9.0,32.0,0.0
1783935994.6,747,32624,97,10.0,33.0,0.0
1783935995.2,747,32624,88,12.0,33.0,0.0
1783935995.8,747,32624,88,11.0,33.0,0.0
1783935996.4,747,32624,88,10.0,32.0,0.0
1783935997.0,747,32624,88,9.0,32.0,0.0
1783935997.6,747,32624,95,11.0,33.0,0.0
1783935998.2,747,32624,95,11.0,32.0,0.0
1783935998.8,747,32624,95,9.0,32.0,0.0
1783935999.4,747,32624,91,14.0,32.0,6.0
1783936000.0,747,32624,91,11.0,33.0,0.0
1783936000.6,747,32624,91,10.0,33.0,0.0
1783936001.2,747,32624,91,11.0,32.0,0.0
1783936001.8,747,32624,104,31.0,32.0,1258.0
1783936002.4,747,32624,108,22.0,33.0,0.0
1783936003.0,747,32624,112,11.0,33.0,0.0
1783936003.6,747,32624,108,11.0,32.0,0.0
1783936004.2,747,32624,90,22.0,33.0,0.0
1783936004.8,747,32624,90,12.0,33.0,0.0
1783936005.4,747,32624,90,23.0,33.0,0.0
1783936006.0,747,32624,94,17.0,33.0,532.0
1783936006.6,747,32624,88,11.0,32.0,0.0
1783936007.2,747,32624,88,11.0,33.0,0.0
1783936007.8,747,32624,88,9.0,33.0,0.0
1783936008.4,747,32624,107,23.0,33.0,0.0
1783936009.0,747,32624,120,11.0,33.0,0.0
1783936009.6,747,32624,81,22.0,33.0,0.0
1783936010.2,747,32624,104,22.0,33.0,0.0
1783936010.8,747,32624,112,22.0,33.0,0.0
1783936011.4,747,32624,111,15.0,33.0,66.0
1783936012.0,747,32624,111,11.0,33.0,0.0
1783936012.6,747,32624,111,10.0,33.0,0.0
1783936013.2,747,32624,87,18.0,33.0,820.0
1783936013.8,747,32624,87,12.0,33.0,0.0
1783936014.4,747,32624,87,11.0,33.0,0.0
1783936015.0,747,32624,110,12.0,33.0,0.0
1783936015.6,747,32624,110,11.0,33.0,0.0
1783936016.2,747,32624,87,11.0,33.0,0.0
1783936016.8,747,32624,100,25.0,33.0,831.0
1783936017.4,747,32624,100,11.0,33.0,0.0
1783936017.9,747,32624,100,10.0,33.0,0.0
1783936018.5,747,32624,100,10.0,33.0,0.0
1783936019.1,747,32624,108,11.0,33.0,0.0
1783936019.8,747,32624,86,27.0,33.0,1191.0
1783936020.3,747,32624,86,11.0,33.0,0.0
1783936020.9,747,32624,86,11.0,33.0,0.0
1783936021.5,747,32624,86,12.0,33.0,0.0
1783936022.1,747,32624,86,11.0,33.0,0.0
1783936022.7,747,32624,86,12.0,33.0,0.0
1783936023.3,747,32624,86,11.0,33.0,0.0
1783936023.9,747,32624,104,11.0,33.0,0.0
1783936024.5,747,32624,104,11.0,33.0,0.0
1783936025.1,747,32624,85,11.0,33.0,0.0
1783936025.7,747,32624,98,11.0,33.0,0.0
1783936026.3,747,32624,98,11.0,33.0,0.0
1783936026.9,747,32624,85,17.0,33.0,132.0
1783936027.5,747,32624,93,27.0,33.0,36.0
1783936028.1,747,32624,87,11.0,33.0,0.0
1783936028.7,747,32624,87,10.0,33.0,0.0
1783936029.3,747,32624,85,15.0,33.0,29.0
1783936029.9,747,32624,87,15.0,33.0,1278.0
1783936030.5,747,32624,87,15.0,33.0,1189.0
1783936031.1,747,32624,87,10.0,33.0,0.0
1783936031.7,747,32624,84,11.0,33.0,0.0
1783936032.3,747,32624,96,25.0,33.0,1191.0
1783936032.9,747,32624,98,26.0,33.0,1149.0
1783936033.5,747,32624,98,11.0,33.0,0.0
1783936034.1,747,32624,98,11.0,33.0,0.0
1783936034.7,747,32624,111,16.0,33.0,1431.0
1783936035.3,747,32624,104,12.0,33.0,0.0
1783936035.9,747,32624,104,23.0,33.0,0.0
1783936036.5,747,32624,104,11.0,33.0,0.0
1783936037.0,747,32624,88,10.0,33.0,0.0
1783936037.6,747,32624,88,12.0,33.0,0.0
1783936038.2,747,32624,86,12.0,33.0,0.0
1783936038.8,747,32624,89,10.0,33.0,0.0
1783936039.5,747,32624,89,17.0,33.0,312.0
1783936040.0,747,32624,89,12.0,33.0,0.0
1783936040.6,747,32624,95,28.0,33.0,24.0
1783936041.2,747,32624,95,12.0,33.0,0.0
1783936041.8,747,32624,90,11.0,33.0,0.0
1783936042.4,747,32624,90,10.0,32.0,0.0
1783936043.0,747,32624,90,10.0,33.0,0.0
1783936043.6,747,32624,90,9.0,33.0,0.0
1783936044.2,747,32624,123,14.0,33.0,1121.0
1783936044.8,747,32624,102,26.0,33.0,139.0
1783936045.4,747,32624,85,11.0,33.0,0.0
1783936046.0,747,32624,111,11.0,33.0,0.0
1783936046.6,747,32624,96,21.0,33.0,0.0
1783936047.2,747,32624,106,27.0,33.0,46.0
1783936047.8,747,32624,110,10.0,33.0,0.0
1783936048.4,747,32624,110,12.0,33.0,0.0
1783936049.0,747,32624,91,16.0,33.0,1323.0
1783936049.6,747,32624,104,11.0,33.0,0.0
1783936050.2,747,32624,96,23.0,33.0,195.0
1783936050.8,747,32624,108,14.0,33.0,594.0
1783936051.4,747,32624,85,15.0,33.0,1577.0
1783936052.0,747,32624,85,15.0,33.0,1453.0
1783936052.6,747,32624,85,15.0,33.0,1425.0
1783936053.2,747,32624,91,11.0,33.0,0.0
1783936053.8,747,32624,89,16.0,33.0,1203.0
1783936054.4,747,32624,89,11.0,33.0,0.0
1783936055.0,747,32624,89,10.0,32.0,0.0
1783936055.6,747,32624,103,20.0,33.0,307.0
1783936056.2,747,32624,88,12.0,33.0,2.0
1783936056.8,747,32624,121,25.0,33.0,6.0
1783936057.4,747,32624,104,25.0,33.0,1299.0
1783936058.0,747,32624,98,14.0,33.0,0.0
1783936058.6,747,32624,98,11.0,33.0,0.0
1783936059.2,747,32624,98,11.0,33.0,0.0
1783936059.8,747,32624,98,10.0,33.0,0.0
1783936060.4,747,32624,98,10.0,33.0,0.0
1783936061.0,747,32624,98,10.0,33.0,0.0
1783936061.6,747,32624,98,11.0,33.0,0.0
1783936062.2,747,32624,98,10.0,33.0,0.0
1783936062.7,747,32624,98,10.0,33.0,0.0
1783936063.3,747,32624,98,11.0,33.0,0.0
1783936063.9,747,32624,98,10.0,32.0,0.0
1783936064.5,747,32624,102,25.0,33.0,543.0
1783936065.1,747,32624,104,26.0,33.0,76.0
1783936065.7,747,32624,104,11.0,33.0,0.0
1783936066.3,747,32624,88,12.0,33.0,0.0
1783936066.9,747,32624,88,11.0,33.0,0.0
1783936067.5,747,32624,90,16.0,33.0,1323.0
1783936068.1,747,32624,90,11.0,33.0,0.0
1783936068.7,747,32624,90,16.0,33.0,65.0
1783936069.3,747,32624,130,25.0,33.0,24.0
1783936069.9,747,32624,90,14.0,33.0,34.0
1783936070.5,747,32624,128,11.0,33.0,0.0
1783936071.1,747,32624,111,22.0,33.0,0.0
1783936071.7,747,32624,97,12.0,33.0,0.0
1783936072.3,747,32624,97,10.0,33.0,0.0
1783936072.9,747,32624,92,10.0,33.0,0.0
1783936073.5,747,32624,92,10.0,33.0,0.0
1783936074.1,747,32624,92,10.0,33.0,0.0
1783936074.7,747,32624,83,11.0,33.0,0.0
1783936075.3,747,32624,100,26.0,33.0,1395.0
1783936075.9,747,32624,88,20.0,33.0,639.0
1783936076.5,747,32624,88,11.0,33.0,0.0
1783936077.1,747,32624,101,17.0,33.0,26.0
1783936077.7,747,32624,104,12.0,33.0,0.0
1783936078.3,747,32624,102,27.0,33.0,96.0
1783936078.9,747,32624,88,17.0,33.0,1518.0
1783936079.5,747,32624,93,19.0,33.0,12.0
1783936080.1,747,32624,91,14.0,33.0,52.0
1783936080.7,747,32624,85,11.0,33.0,0.0
1783936081.3,747,32624,101,21.0,33.0,928.0
1783936081.9,747,32624,96,26.0,33.0,54.0
1783936082.5,747,32624,102,26.0,33.0,151.0
1783936083.1,747,32624,102,10.0,33.0,0.0
1783936083.7,747,32624,110,11.0,33.0,0.0
1783936084.3,747,32624,94,14.0,33.0,47.0
1783936084.9,747,32624,93,11.0,33.0,0.0
1783936085.5,747,32624,88,20.0,33.0,423.0
1783936086.1,747,32624,90,17.0,33.0,120.0
1783936086.7,747,32624,90,11.0,33.0,0.0
1783936087.3,747,32624,117,17.0,33.0,118.0
1783936087.9,747,32624,104,24.0,33.0,1630.0
1783936088.5,747,32624,104,13.0,33.0,0.0
1783936089.1,747,32624,85,22.0,33.0,0.0
1783936089.7,747,32624,108,26.0,33.0,1631.0
1783936090.3,747,32624,94,17.0,33.0,41.0
1783936090.9,747,32624,86,12.0,33.0,554.0
1783936091.5,747,32624,90,11.0,33.0,0.0
1783936092.1,747,32624,100,10.0,33.0,0.0
1783936092.7,747,32624,100,11.0,33.0,0.0
1783936093.3,747,32624,98,11.0,33.0,0.0
1783936093.9,752,32624,98,11.0,33.0,0.0
1783936094.5,752,32624,88,10.0,33.0,0.0
1783936095.1,752,32624,88,11.0,33.0,0.0
1783936095.7,752,32624,88,11.0,33.0,0.0
1783936096.3,752,32624,88,11.0,33.0,0.0
1783936096.9,752,32624,88,11.0,33.0,0.0
1783936097.5,752,32624,88,11.0,33.0,0.0
1783936098.1,752,32624,88,11.0,33.0,0.0
1783936098.7,752,32624,97,11.0,33.0,0.0
1783936099.3,752,32624,81,25.0,33.0,566.0
1783936099.9,752,32624,103,11.0,33.0,0.0
1783936100.5,752,32624,100,22.0,33.0,0.0
1783936101.1,752,32624,98,11.0,33.0,0.0
1783936101.7,752,32624,100,11.0,33.0,0.0
1783936102.3,752,32624,104,11.0,33.0,0.0
1783936102.9,752,32624,104,11.0,33.0,0.0
1783936103.5,752,32624,99,12.0,33.0,0.0
1783936104.1,752,32624,95,22.0,33.0,0.0
1783936104.7,752,32624,102,12.0,33.0,0.0
1783936105.3,752,32624,100,11.0,33.0,0.0
1783936105.9,752,32624,98,22.0,33.0,0.0
1783936106.5,752,32624,101,22.0,33.0,0.0
1783936107.1,752,32624,101,12.0,33.0,0.0
1783936107.7,752,32624,101,11.0,33.0,0.0
1783936108.3,752,32624,101,11.0,33.0,0.0
1783936108.9,752,32624,99,25.0,33.0,32.0
1783936109.5,752,32624,102,22.0,33.0,0.0
1783936110.1,752,32624,107,22.0,33.0,0.0
1783936110.7,752,32624,100,25.0,33.0,985.0
1783936111.3,752,32624,104,11.0,33.0,0.0
1783936111.9,752,32624,104,11.0,33.0,0.0
1783936112.5,752,32624,100,11.0,33.0,0.0
1783936113.1,752,32624,98,22.0,33.0,0.0
1783936113.7,752,32624,103,26.0,33.0,1412.0
1783936114.3,752,32624,87,11.0,33.0,0.0
1783936114.9,752,32624,87,11.0,33.0,0.0
1783936115.5,752,32624,86,11.0,33.0,0.0
1783936116.1,752,32624,86,11.0,33.0,0.0
1783936116.7,752,32624,86,18.0,33.0,51.0
1783936117.3,752,32624,88,16.0,33.0,1638.0
1783936117.9,752,32624,84,11.0,33.0,0.0
1783936118.5,752,32624,91,18.0,33.0,183.0
1783936119.1,752,32624,89,17.0,33.0,1541.0
1783936119.7,752,32624,89,16.0,33.0,167.0
1783936120.3,752,32624,89,17.0,33.0,1717.0
1783936120.9,752,32624,91,12.0,33.0,0.0
1783936121.5,752,32624,101,22.0,33.0,0.0
1783936122.1,752,32624,85,21.0,33.0,0.0
1783936122.7,752,32624,98,10.0,33.0,0.0
1783936123.3,752,32624,98,11.0,33.0,0.0
1783936123.9,752,32624,98,9.0,33.0,0.0
1783936124.5,752,32624,98,10.0,33.0,0.0
1783936125.1,752,32624,98,22.0,33.0,0.0
1783936125.6,752,32624,98,22.0,33.0,0.0
1783936126.2,752,32624,98,12.0,33.0,0.0
1783936126.8,752,32624,98,10.0,33.0,0.0
1783936127.4,752,32624,85,12.0,33.0,0.0
1783936128.0,752,32624,98,10.0,33.0,0.0
1783936128.6,752,32624,98,10.0,33.0,0.0
1783936129.2,752,32624,98,10.0,33.0,0.0
1783936129.8,752,32624,98,9.0,33.0,0.0
1783936130.4,752,32624,98,9.0,33.0,0.0
1783936131.0,752,32624,98,10.0,33.0,0.0
1783936131.6,752,32624,98,13.0,33.0,0.0
1783936132.2,752,32624,98,11.0,33.0,0.0
1783936132.8,752,32624,98,10.0,33.0,0.0
1783936133.4,752,32624,98,9.0,33.0,0.0
1783936134.0,752,32624,91,10.0,33.0,0.0
1783936134.6,752,32624,104,11.0,33.0,0.0
1783936135.2,752,32624,104,12.0,33.0,0.0
1783936135.8,752,32624,88,12.0,33.0,0.0
1783936136.4,752,32624,99,18.0,33.0,128.0
1783936137.0,752,32624,99,14.0,33.0,7.0
1783936137.6,752,32624,99,10.0,33.0,0.0
1783936138.2,754,32624,100,27.0,33.0,1285.0
1783936138.8,752,32624,100,22.0,33.0,0.0
1783936139.4,752,32624,100,11.0,33.0,0.0
1783936140.0,752,32624,104,26.0,33.0,33.0
1783936140.6,752,32624,104,11.0,33.0,0.0
1783936141.2,752,32624,104,13.0,33.0,0.0
1783936141.8,752,32624,104,12.0,33.0,0.0
1783936142.4,752,32624,100,11.0,33.0,0.0
1783936143.0,752,32624,100,11.0,33.0,0.0
1783936143.6,752,32624,100,10.0,33.0,0.0
1783936144.2,752,32624,100,11.0,33.0,0.0
1783936144.8,752,32624,102,22.0,33.0,0.0
1783936145.4,754,32624,100,22.0,33.0,0.0
1783936146.0,754,32624,100,22.0,33.0,0.0
1783936146.6,754,32624,100,11.0,33.0,0.0
1783936147.2,752,32624,98,11.0,33.0,0.0
1783936147.8,752,32624,98,11.0,33.0,0.0
1783936148.4,752,32624,98,12.0,33.0,0.0
1783936149.0,752,32624,98,10.0,33.0,0.0
1783936149.6,752,32624,98,12.0,33.0,0.0
1783936150.2,752,32624,98,11.0,33.0,0.0
1783936150.8,752,32624,98,11.0,33.0,0.0
1783936151.4,752,32624,97,11.0,33.0,0.0
1783936152.0,752,32624,100,18.0,33.0,40.0
1783936152.6,757,32624,90,27.0,33.0,1812.0
1783936153.2,757,32624,113,22.0,33.0,0.0
1783936153.8,758,32624,104,11.0,33.0,0.0
1783936154.4,758,32624,102,12.0,33.0,1.0
1783936155.0,758,32624,125,13.0,33.0,320.0
1783936155.7,758,32624,110,11.0,33.0,0.0
1783936156.3,758,32624,83,16.0,33.0,43.0
1783936157.0,758,32624,103,25.0,33.0,31.0
1783936157.7,755,32624,103,22.0,33.0,0.0
1783936158.4,758,32624,109,12.0,33.0,0.0
1783936159.1,758,32624,98,22.0,33.0,0.0
1783936159.9,758,32624,102,17.0,33.0,123.0
1783936160.6,758,32624,98,10.0,33.0,0.0
1783936161.4,758,32624,119,25.0,33.0,38.0
1783936162.1,758,32624,91,11.0,33.0,0.0
1783936162.9,758,32624,117,27.0,33.0,212.0
1783936163.6,758,32624,104,16.0,33.0,1216.0
1783936164.4,758,32624,93,16.0,33.0,0.0
1783936165.1,758,32624,85,14.0,33.0,62.0
1783936165.7,758,32624,93,22.0,34.0,0.0
1783936166.5,758,32624,102,16.0,33.0,322.0
1783936167.2,758,32624,85,13.0,33.0,338.0
1783936168.0,762,32624,109,14.0,33.0,41.0
1783936168.6,758,32624,89,15.0,33.0,35.0
1783936169.3,758,32624,85,16.0,33.0,221.0
1783936170.0,758,32624,85,11.0,33.0,0.0
1783936170.7,758,32624,89,16.0,33.0,1263.0
1783936171.4,758,32624,88,15.0,33.0,16.0
1783936172.0,758,32624,88,11.0,33.0,0.0
1783936172.8,758,32624,82,15.0,33.0,49.0
1783936173.6,758,32624,88,15.0,33.0,1596.0
1783936174.3,758,32624,84,14.0,33.0,47.0
1783936175.0,758,32624,104,25.0,33.0,37.0
1783936175.7,755,32624,106,13.0,33.0,21.0
1783936176.4,755,32624,98,11.0,33.0,0.0
1783936177.2,755,32624,85,14.0,33.0,118.0
1783936177.9,755,32624,82,12.0,33.0,0.0
1783936178.6,755,32624,82,10.0,33.0,0.0
1783936179.4,755,32624,82,11.0,33.0,0.0
1783936180.1,755,32624,95,25.0,33.0,75.0
1783936180.7,755,32624,110,22.0,33.0,0.0
1783936181.4,755,32624,106,15.0,33.0,944.0
1783936182.2,755,32624,103,11.0,33.0,0.0
1783936183.0,755,32624,108,11.0,34.0,0.0
1783936183.7,755,32624,108,11.0,33.0,0.0
1783936184.5,755,32624,95,12.0,33.0,0.0
1783936185.1,755,32624,83,27.0,33.0,79.0
1783936185.8,755,32624,98,10.0,34.0,0.0
1783936186.5,755,32624,93,11.0,33.0,0.0
1783936187.2,755,32624,93,11.0,33.0,0.0
1783936188.0,755,32624,79,11.0,33.0,0.0
1783936188.7,755,32624,93,28.0,33.0,1409.0
1783936189.4,755,32624,93,16.0,33.0,65.0
1783936190.0,755,32624,100,28.0,34.0,1768.0
1783936190.6,755,32624,94,15.0,34.0,352.0
1783936191.2,755,32624,84,10.0,33.0,0.0
1783936191.8,755,32624,84,11.0,33.0,0.0
1783936192.4,755,32624,84,11.0,33.0,0.0
1783936193.0,755,32624,74,11.0,33.0,0.0
1783936193.6,755,32624,74,12.0,33.0,0.0
1783936194.2,660,32624,60,12.0,34.0,0.0
1783936194.8,660,32624,60,11.0,33.0,0.0
1783936195.4,660,32624,60,12.0,33.0,0.0
1783936196.0,660,32624,61,15.0,33.0,20.0
1783936196.6,660,32624,61,11.0,33.0,0.0
1783936197.1,660,32624,61,12.0,33.0,0.0
1783936197.7,660,32624,54,11.0,33.0,0.0
1783936198.3,660,32624,57,12.0,33.0,0.0
1783936198.9,660,32624,57,13.0,33.0,0.0
1783936199.5,660,32624,57,12.0,33.0,0.0
1783936200.1,660,32624,57,11.0,33.0,0.0
1783936200.7,660,32624,57,11.0,33.0,0.0
1783936201.3,660,32624,57,10.0,33.0,0.0
1783936201.9,660,32624,57,10.0,33.0,0.0
1783936202.5,633,32624,57,15.0,33.0,10.0
1783936203.1,633,32624,57,11.0,33.0,0.0
1783936203.7,633,32624,57,10.0,33.0,0.0
1783936204.3,633,32624,57,12.0,33.0,0.0
1783936204.8,633,32624,57,11.0,33.0,0.0
1783936205.4,633,32624,57,11.0,33.0,0.0
1783936206.0,633,32624,57,11.0,33.0,0.0
1783936206.6,633,32624,57,11.0,33.0,0.0
1783936207.2,633,32624,57,12.0,33.0,0.0
1783936207.8,633,32624,57,11.0,33.0,0.0
1783936208.4,633,32624,57,11.0,33.0,0.0
1783936209.0,633,32624,57,12.0,33.0,0.0
1783936209.6,633,32624,57,10.0,33.0,0.0
1783936210.2,633,32624,57,11.0,33.0,0.0
1783936210.8,633,32624,57,10.0,33.0,0.0
1783936211.3,633,32624,63,11.0,33.0,0.0
1783936211.9,656,32624,86,27.0,33.0,43.0
1783936212.5,656,32624,86,16.0,33.0,83.0
