unix_ts,vram_used_mib,vram_total_mib,gtt_used_mib,power_w,temp_c,sclk_mhz
1783931398.9,20304,32624,581,41.0,65.0,144.0
1783931399.5,20312,32624,587,173.0,66.0,1699.0
1783931400.1,20312,32624,587,142.0,66.0,2161.0
1783931400.7,20312,32624,587,326.0,67.0,2963.0
1783931401.3,20312,32624,587,298.0,68.0,2747.0
1783931401.8,20312,32624,587,208.0,68.0,2763.0
1783931402.4,20313,32624,587,364.0,68.0,2910.0
1783931403.0,20313,32624,586,317.0,68.0,2801.0
1783931403.6,20313,32624,586,263.0,69.0,2729.0
1783931404.2,20313,32624,586,314.0,69.0,2850.0
1783931404.8,20313,32624,586,311.0,69.0,2771.0
1783931405.4,20313,32624,586,224.0,69.0,2790.0
1783931406.0,20313,32624,586,345.0,69.0,2873.0
1783931406.6,20313,32624,598,292.0,69.0,2746.0
1783931407.2,20313,32624,598,282.0,69.0,2838.0
1783931407.8,20313,32624,598,321.0,69.0,2790.0
1783931408.4,20313,32624,598,336.0,69.0,2681.0
1783931408.9,20313,32624,598,340.0,69.0,2939.0
1783931409.5,20313,32624,598,323.0,69.0,2829.0
1783931410.1,20313,32624,598,285.0,69.0,2739.0
1783931410.7,20313,32624,598,283.0,70.0,2915.0
1783931411.3,20313,32624,598,319.0,70.0,2842.0
1783931411.9,20313,32624,598,315.0,70.0,2772.0
1783931412.5,20313,32624,598,308.0,70.0,2756.0
1783931413.1,20313,32624,598,340.0,70.0,2923.0
1783931413.7,20313,32624,598,306.0,70.0,2743.0
1783931414.3,20313,32624,598,165.0,70.0,2746.0
1783931414.9,20313,32624,598,347.0,70.0,2938.0
1783931415.5,20313,32624,598,311.0,70.0,2745.0
1783931416.0,20313,32624,598,288.0,70.0,2749.0
1783931416.6,20313,32624,598,312.0,70.0,2959.0
1783931417.2,20313,32624,598,335.0,70.0,2826.0
1783931417.8,20313,32624,585,309.0,70.0,2750.0
1783931418.4,20313,32624,585,281.0,70.0,2886.0
1783931419.0,20313,32624,585,327.0,70.0,2831.0
1783931419.6,20313,32624,585,307.0,71.0,2766.0
1783931420.2,20313,32624,585,300.0,71.0,2741.0
1783931420.8,20317,32624,593,281.0,71.0,2848.0
1783931421.4,20317,32624,593,323.0,71.0,2887.0
1783931422.0,20317,32624,604,313.0,71.0,2777.0
1783931422.6,20317,32624,604,335.0,71.0,2756.0
1783931423.1,20317,32624,597,43.0,70.0,0.0
1783931423.7,20317,32624,597,267.0,70.0,2895.0
1783931424.3,20317,32624,597,315.0,71.0,2782.0
1783931424.9,20317,32624,597,337.0,71.0,2761.0
1783931425.5,20317,32624,597,270.0,71.0,2886.0
1783931426.1,20317,32624,597,350.0,71.0,2990.0
1783931426.7,20317,32624,597,311.0,71.0,2700.0
1783931427.3,20317,32624,597,288.0,71.0,2870.0
1783931427.9,20317,32624,597,312.0,71.0,2804.0
1783931428.5,20317,32624,597,303.0,71.0,2687.0
1783931429.0,20317,32624,591,265.0,71.0,2787.0
1783931429.6,20317,32624,591,322.0,71.0,2877.0
1783931430.2,20317,32624,591,306.0,71.0,2750.0
1783931430.8,20317,32624,591,196.0,71.0,2636.0
1783931431.4,20317,32624,591,340.0,71.0,2934.0
1783931432.0,20317,32624,591,320.0,71.0,2837.0
1783931432.6,20317,32624,593,206.0,71.0,2725.0
1783931433.2,20317,32624,593,327.0,71.0,2867.0
1783931433.8,20317,32624,593,318.0,71.0,2822.0
1783931434.4,20317,32624,593,273.0,71.0,2666.0
1783931435.0,20317,32624,593,333.0,71.0,2884.0
1783931435.6,20317,32624,593,320.0,71.0,2808.0
1783931436.1,20317,32624,593,303.0,71.0,2748.0
1783931436.7,20317,32624,605,176.0,71.0,2604.0
1783931437.3,20317,32624,605,331.0,71.0,2832.0
1783931437.9,20317,32624,605,307.0,72.0,2745.0
1783931438.5,20317,32624,605,296.0,72.0,2700.0
1783931439.1,20317,32624,605,259.0,71.0,2823.0
1783931439.7,20317,32624,605,335.0,72.0,2878.0
1783931440.3,20317,32624,605,306.0,72.0,2748.0
1783931440.9,20317,32624,605,369.0,72.0,2737.0
1783931441.5,20317,32624,605,324.0,72.0,2859.0
1783931442.1,20317,32624,597,43.0,71.0,0.0
1783931442.7,20317,32624,597,257.0,70.0,2858.0
1783931443.3,20317,32624,597,324.0,71.0,2813.0
1783931443.8,20317,32624,597,237.0,71.0,2630.0
1783931444.4,20317,32624,597,318.0,71.0,2820.0
1783931445.0,20317,32624,597,319.0,72.0,2835.0
1783931445.6,20317,32624,597,318.0,71.0,2738.0
1783931446.2,20317,32624,591,307.0,72.0,2807.0
1783931446.8,20317,32624,591,302.0,72.0,2749.0
1783931447.4,20317,32624,591,204.0,72.0,2649.0
1783931448.0,20317,32624,593,324.0,72.0,2805.0
1783931448.6,20317,32624,593,302.0,72.0,2739.0
1783931449.2,20317,32624,593,310.0,72.0,2750.0
1783931449.8,20317,32624,593,280.0,72.0,2931.0
1783931450.4,20311,32624,591,307.0,72.0,2807.0
1783931451.0,20311,32624,591,299.0,72.0,2739.0
1783931451.5,20311,32624,603,219.0,72.0,2738.0
1783931452.1,20311,32624,603,347.0,72.0,2898.0
1783931452.7,20311,32624,603,297.0,72.0,2741.0
1783931453.3,20311,32624,595,204.0,70.0,2610.0
1783931453.9,20311,32624,589,290.0,71.0,2707.0
1783931454.5,20311,32624,589,275.0,72.0,2658.0
1783931455.1,20311,32624,589,332.0,72.0,2837.0
1783931455.7,20311,32624,589,293.0,72.0,2707.0
1783931456.3,20311,32624,589,291.0,72.0,2847.0
1783931456.9,20311,32624,589,298.0,72.0,2793.0
1783931457.5,20311,32624,589,329.0,72.0,2737.0
1783931458.0,20311,32624,589,289.0,72.0,2919.0
1783931458.6,20311,32624,589,306.0,72.0,2733.0
1783931459.2,20311,32624,589,293.0,72.0,2717.0
1783931459.8,20311,32624,589,283.0,72.0,2847.0
1783931460.4,20311,32624,589,309.0,72.0,2810.0
1783931461.0,20311,32624,589,298.0,72.0,2702.0
1783931461.6,20311,32624,589,217.0,72.0,2725.0
1783931462.2,20311,32624,589,329.0,72.0,2839.0
1783931462.8,20311,32624,591,313.0,72.0,2744.0
1783931463.4,20311,32624,591,269.0,72.0,2795.0
1783931464.0,20311,32624,591,321.0,72.0,2843.0
1783931464.5,20311,32624,591,316.0,72.0,2772.0
1783931465.1,20311,32624,591,252.0,72.0,2719.0
1783931465.7,20311,32624,591,320.0,72.0,2770.0
1783931466.3,20311,32624,591,313.0,72.0,2761.0
1783931466.9,20311,32624,604,321.0,72.0,2738.0
1783931467.5,20311,32624,597,235.0,70.0,2807.0
1783931468.1,20311,32624,597,344.0,72.0,2910.0
1783931468.7,20311,32624,597,303.0,72.0,2756.0
1783931469.3,20311,32624,597,322.0,72.0,2690.0
1783931469.9,20311,32624,597,324.0,72.0,2856.0
1783931470.5,20311,32624,597,331.0,72.0,2881.0
1783931471.0,20311,32624,597,306.0,72.0,2699.0
1783931471.6,20311,32624,597,346.0,72.0,2863.0
1783931472.2,20311,32624,597,307.0,72.0,2764.0
1783931472.8,20311,32624,597,327.0,72.0,2747.0
1783931473.4,20311,32624,591,334.0,72.0,2870.0
1783931474.0,20311,32624,591,317.0,72.0,2764.0
1783931474.6,20311,32624,591,210.0,72.0,2721.0
1783931475.2,20311,32624,591,320.0,72.0,2793.0
1783931475.8,20311,32624,591,308.0,72.0,2697.0
1783931476.4,20311,32624,591,268.0,72.0,2879.0
1783931477.0,20311,32624,591,322.0,72.0,2767.0
1783931477.6,20311,32624,591,305.0,72.0,2738.0
1783931478.2,20311,32624,591,278.0,72.0,2913.0
1783931478.7,20311,32624,591,319.0,72.0,2767.0
1783931479.3,20311,32624,591,295.0,72.0,2724.0
1783931479.9,20311,32624,591,305.0,72.0,2896.0
1783931480.5,20311,32624,591,306.0,72.0,2730.0
1783931481.1,20311,32624,591,295.0,72.0,2744.0
1783931481.7,20311,32624,602,233.0,72.0,2764.0
1783931482.3,20311,32624,602,340.0,72.0,2925.0
1783931482.9,20311,32624,602,304.0,72.0,2724.0
1783931483.5,20311,32624,602,346.0,72.0,2685.0
1783931484.1,20311,32624,602,328.0,72.0,2851.0
1783931484.7,20311,32624,595,216.0,71.0,2793.0
1783931485.2,20311,32624,595,298.0,72.0,2680.0
1783931485.8,20311,32624,595,305.0,72.0,2740.0
1783931486.4,20311,32624,595,249.0,72.0,2735.0
1783931487.0,20311,32624,595,318.0,72.0,2768.0
1783931487.6,20311,32624,595,302.0,72.0,2756.0
1783931488.2,20311,32624,595,262.0,72.0,2811.0
1783931488.8,20311,32624,595,297.0,72.0,2781.0
1783931489.4,20311,32624,595,321.0,72.0,2740.0
1783931490.0,20311,32624,589,342.0,72.0,2880.0
1783931490.6,20311,32624,589,307.0,72.0,2752.0
1783931491.2,20311,32624,589,300.0,72.0,2710.0
1783931491.7,20311,32624,589,200.0,72.0,2705.0
1783931492.3,20311,32624,589,327.0,72.0,2859.0
1783931492.9,20311,32624,591,293.0,72.0,2758.0
1783931493.5,20311,32624,591,193.0,72.0,2702.0
1783931494.1,20311,32624,591,318.0,72.0,2842.0
1783931494.7,20311,32624,591,313.0,72.0,2793.0
1783931495.3,20311,32624,591,303.0,72.0,2667.0
1783931495.9,20311,32624,595,204.0,71.0,2718.0
1783931496.5,20311,32624,602,351.0,72.0,2954.0
1783931497.1,20311,32624,602,291.0,72.0,2721.0
1783931497.6,20311,32624,602,200.0,72.0,2699.0
1783931498.2,20311,32624,602,312.0,72.0,2741.0
1783931498.8,20311,32624,602,305.0,72.0,2765.0
1783931499.4,20311,32624,602,222.0,72.0,2754.0
1783931500.0,20311,32624,602,306.0,72.0,2787.0
1783931500.6,20311,32624,602,309.0,72.0,2747.0
1783931501.2,20311,32624,602,268.0,72.0,2778.0
1783931501.8,20311,32624,602,327.0,72.0,2820.0
1783931502.4,20311,32624,589,309.0,72.0,2737.0
1783931503.0,20311,32624,589,259.0,72.0,2875.0
1783931503.6,20311,32624,589,310.0,72.0,2807.0
1783931504.1,20311,32624,589,275.0,72.0,2718.0
1783931504.7,20311,32624,593,83.0,72.0,2425.0
1783931505.3,20311,32624,593,238.0,71.0,2350.0
1783931505.9,20311,32624,593,304.0,72.0,2946.0
1783931506.5,20311,32624,593,328.0,72.0,2830.0
1783931507.1,20311,32624,593,291.0,72.0,2742.0
1783931507.7,20311,32624,591,343.0,72.0,2898.0
1783931508.3,20311,32624,591,315.0,72.0,2801.0
1783931508.9,20311,32624,591,197.0,72.0,2687.0
1783931509.5,20311,32624,591,309.0,72.0,2770.0
1783931510.1,20311,32624,591,310.0,72.0,2748.0
1783931510.7,20311,32624,591,289.0,72.0,2903.0
1783931511.2,20311,32624,591,316.0,72.0,2750.0
1783931511.8,20311,32624,603,299.0,72.0,2767.0
1783931512.4,20311,32624,603,196.0,72.0,2762.0
1783931513.0,20311,32624,603,327.0,72.0,2835.0
1783931513.6,20311,32624,603,304.0,72.0,2708.0
1783931514.2,20311,32624,603,219.0,72.0,2727.0
1783931514.8,20311,32624,595,45.0,72.0,0.0
1783931515.4,20316,32624,595,335.0,72.0,2918.0
1783931516.0,20316,32624,595,315.0,72.0,2753.0
1783931516.6,20316,32624,595,308.0,72.0,2692.0
1783931517.2,20316,32624,595,324.0,72.0,2826.0
1783931517.8,20316,32624,595,323.0,72.0,2780.0
1783931518.4,20316,32624,595,275.0,72.0,2631.0
1783931518.9,20316,32624,595,304.0,72.0,2817.0
1783931519.5,20316,32624,595,315.0,72.0,2774.0
1783931520.1,20316,32624,595,235.0,72.0,2693.0
1783931520.7,20316,32624,595,353.0,72.0,2999.0
1783931521.3,20316,32624,589,300.0,72.0,2733.0
1783931521.9,20316,32624,589,254.0,72.0,2845.0
1783931522.5,20316,32624,589,303.0,72.0,2780.0
1783931523.1,20316,32624,591,315.0,72.0,2741.0
1783931523.7,20316,32624,591,273.0,72.0,2867.0
1783931524.3,20316,32624,591,311.0,72.0,2771.0
1783931524.9,20316,32624,595,311.0,71.0,2757.0
1783931525.4,20316,32624,595,222.0,72.0,2729.0
1783931526.0,20316,32624,595,333.0,72.0,2885.0
1783931526.6,20316,32624,604,314.0,72.0,2790.0
1783931527.2,20316,32624,604,304.0,72.0,2654.0
1783931527.8,20316,32624,604,329.0,72.0,2833.0
1783931528.4,20316,32624,604,294.0,72.0,2717.0
1783931529.0,20316,32624,604,200.0,72.0,2663.0
1783931529.6,20316,32624,604,322.0,72.0,2803.0
1783931530.2,20316,32624,604,304.0,72.0,2751.0
1783931530.8,20316,32624,604,237.0,72.0,2801.0
1783931531.3,20316,32624,604,310.0,72.0,2748.0
1783931531.9,20316,32624,604,300.0,72.0,2739.0
1783931532.5,20316,32624,604,325.0,72.0,2837.0
1783931533.1,20316,32624,597,230.0,71.0,2745.0
1783931533.7,20323,32624,601,339.0,72.0,2892.0
1783931534.3,20323,32624,601,251.0,72.0,2738.0
1783931534.9,20323,32624,601,309.0,72.0,2806.0
1783931535.5,20323,32624,601,312.0,72.0,2752.0
1783931536.1,20323,32624,601,196.0,72.0,2659.0
1783931536.7,20323,32624,601,349.0,72.0,2912.0
1783931537.3,20323,32624,601,295.0,72.0,2750.0
1783931537.8,20323,32624,597,189.0,72.0,2728.0
1783931538.4,20323,32624,597,322.0,72.0,2833.0
1783931539.0,20323,32624,595,309.0,72.0,2696.0
1783931539.6,20323,32624,595,304.0,72.0,2674.0
1783931540.2,20323,32624,595,318.0,72.0,2790.0
1783931540.8,20323,32624,595,309.0,72.0,2781.0
1783931541.4,20323,32624,595,238.0,72.0,2682.0
1783931542.0,20323,32624,606,341.0,72.0,2894.0
1783931542.6,20323,32624,606,318.0,72.0,2742.0
1783931543.2,20323,32624,606,307.0,72.0,2731.0
1783931543.8,20323,32624,606,269.0,72.0,2862.0
1783931544.4,20323,32624,599,236.0,71.0,2734.0
1783931544.9,20323,32624,599,344.0,72.0,2899.0
1783931545.5,20323,32624,599,298.0,72.0,2755.0
1783931546.1,20323,32624,599,289.0,72.0,2889.0
1783931546.7,20323,32624,599,332.0,72.0,2913.0
1783931547.3,20323,32624,599,294.0,72.0,2721.0
1783931547.9,20323,32624,593,289.0,72.0,2799.0
1783931548.5,20323,32624,593,311.0,72.0,2742.0
1783931549.1,20323,32624,593,280.0,72.0,2715.0
1783931549.7,20323,32624,593,334.0,72.0,2886.0
1783931550.3,20323,32624,593,322.0,72.0,2763.0
1783931550.8,20323,32624,593,321.0,72.0,2690.0
1783931551.4,20323,32624,593,338.0,72.0,2852.0
1783931552.0,20323,32624,593,308.0,72.0,2764.0
1783931552.6,20323,32624,595,279.0,72.0,2861.0
1783931553.2,20323,32624,595,308.0,72.0,2800.0
1783931553.8,20323,32624,595,288.0,72.0,2716.0
1783931554.4,20323,32624,595,286.0,72.0,2854.0
1783931555.0,20323,32624,595,310.0,72.0,2762.0
1783931555.6,20323,32624,595,336.0,72.0,2676.0
1783931556.2,20323,32624,595,331.0,72.0,2916.0
1783931556.8,20323,32624,606,309.0,72.0,2756.0
1783931557.4,20323,32624,606,252.0,72.0,2567.0
1783931558.0,20323,32624,606,319.0,73.0,2841.0
1783931558.5,20323,32624,606,296.0,72.0,2701.0
1783931559.1,20323,32624,606,248.0,72.0,2766.0
1783931559.7,20323,32624,606,310.0,73.0,2808.0
1783931560.3,20323,32624,606,302.0,73.0,2622.0
1783931560.9,20323,32624,606,331.0,73.0,2851.0
1783931561.5,20323,32624,606,318.0,73.0,2792.0
1783931562.1,20323,32624,606,351.0,73.0,2670.0
1783931562.7,20323,32624,606,338.0,73.0,2842.0
1783931563.3,20323,32624,606,295.0,73.0,2694.0
1783931563.9,20323,32624,606,252.0,73.0,2692.0
1783931564.5,20323,32624,606,315.0,73.0,2820.0
1783931565.0,20323,32624,606,301.0,73.0,2708.0
1783931565.6,20323,32624,606,356.0,73.0,2710.0
1783931566.2,20323,32624,606,333.0,73.0,2843.0
1783931566.8,20323,32624,606,311.0,73.0,2738.0
1783931567.4,20323,32624,606,339.0,73.0,2714.0
1783931568.0,20323,32624,595,269.0,73.0,2885.0
1783931568.6,20323,32624,595,313.0,73.0,2772.0
1783931569.2,20323,32624,595,311.0,73.0,2785.0
1783931569.8,20323,32624,595,240.0,72.0,2663.0
1783931570.4,20323,32624,595,323.0,73.0,2843.0
1783931571.0,20323,32624,595,299.0,73.0,2761.0
1783931571.5,20323,32624,607,193.0,73.0,2693.0
1783931572.1,20323,32624,607,322.0,73.0,2786.0
1783931572.7,20323,32624,607,319.0,73.0,2792.0
1783931573.3,20323,32624,607,285.0,73.0,2638.0
1783931573.9,20323,32624,607,266.0,73.0,2909.0
1783931574.5,20323,32624,599,46.0,73.0,0.0
1783931575.1,20323,32624,599,252.0,71.0,2617.0
1783931575.7,20323,32624,599,345.0,72.0,2885.0
1783931576.3,20323,32624,599,316.0,72.0,2765.0
1783931576.9,20323,32624,599,262.0,72.0,2859.0
1783931577.5,20323,32624,599,327.0,72.0,2762.0
1783931578.0,20323,32624,599,302.0,72.0,2697.0
1783931578.6,20323,32624,599,331.0,73.0,2936.0
1783931579.2,20323,32624,599,296.0,73.0,2727.0
1783931579.8,20323,32624,599,261.0,73.0,2769.0
1783931580.4,20323,32624,599,311.0,72.0,2774.0
1783931581.0,20323,32624,593,315.0,72.0,2742.0
1783931581.6,20323,32624,593,329.0,72.0,2826.0
1783931582.2,20323,32624,593,306.0,72.0,2737.0
1783931582.8,20323,32624,595,299.0,72.0,2905.0
1783931583.4,20323,32624,595,312.0,73.0,2766.0
1783931584.0,20323,32624,595,295.0,73.0,2695.0
1783931584.6,20323,32624,595,333.0,73.0,2902.0
1783931585.2,20323,32624,595,300.0,73.0,2758.0
1783931585.8,20323,32624,595,266.0,73.0,2776.0
1783931586.3,20323,32624,595,303.0,73.0,2737.0
1783931586.9,20323,32624,607,288.0,73.0,2695.0
1783931587.5,20323,32624,607,263.0,73.0,2859.0
1783931588.1,20323,32624,607,306.0,73.0,2767.0
1783931588.7,20323,32624,607,284.0,73.0,2600.0
1783931589.3,20323,32624,607,339.0,73.0,2889.0
1783931589.9,20323,32624,607,315.0,73.0,2753.0
1783931590.5,20323,32624,607,291.0,73.0,2705.0
1783931591.1,20323,32624,607,301.0,73.0,2922.0
1783931591.7,20323,32624,607,312.0,73.0,2763.0
1783931592.3,20323,32624,607,319.0,73.0,2722.0
1783931592.9,20323,32624,607,260.0,73.0,2764.0
1783931593.4,20323,32624,607,308.0,73.0,2748.0
1783931594.0,20323,32624,607,325.0,73.0,2718.0
1783931594.6,20323,32624,607,323.0,73.0,2890.0
1783931595.2,20323,32624,607,316.0,73.0,2771.0
1783931595.8,20323,32624,607,344.0,73.0,2696.0
1783931596.4,20323,32624,607,274.0,73.0,2760.0
1783931597.0,20323,32624,607,317.0,73.0,2780.0
1783931597.6,20323,32624,595,306.0,73.0,2758.0
1783931598.2,20323,32624,595,225.0,73.0,2622.0
1783931598.8,20323,32624,595,316.0,73.0,2821.0
1783931599.4,20323,32624,595,305.0,73.0,2744.0
1783931600.0,20323,32624,595,310.0,73.0,2729.0
1783931600.5,20323,32624,595,314.0,73.0,2809.0
1783931601.1,20323,32624,595,317.0,73.0,2764.0
1783931601.7,20323,32624,606,306.0,73.0,2745.0
1783931602.3,20323,32624,606,198.0,73.0,2769.0
1783931602.9,20323,32624,606,303.0,73.0,2801.0
1783931603.5,20323,32624,606,287.0,73.0,2664.0
1783931604.1,20323,32624,606,267.0,73.0,2772.0
1783931604.7,20323,32624,606,348.0,73.0,2888.0
1783931605.3,20323,32624,606,300.0,72.0,2715.0
1783931605.9,20323,32624,606,302.0,73.0,2725.0
1783931606.5,20323,32624,606,321.0,73.0,2854.0
1783931607.0,20323,32624,606,323.0,73.0,2792.0
1783931607.6,20323,32624,606,287.0,73.0,2663.0
1783931608.2,20323,32624,606,256.0,73.0,2827.0
1783931608.8,20324,32624,600,226.0,71.0,2561.0
1783931609.4,20324,32624,600,192.0,72.0,2886.0
1783931610.0,20324,32624,600,322.0,72.0,2808.0
1783931610.6,20324,32624,600,306.0,72.0,2709.0
1783931611.2,20324,32624,600,188.0,72.0,2681.0
1783931611.8,20324,32624,594,338.0,72.0,2890.0
1783931612.4,20324,32624,594,293.0,72.0,2740.0
1783931613.0,20324,32624,596,312.0,73.0,2902.0
1783931613.6,20324,32624,596,314.0,72.0,2748.0
1783931614.2,20324,32624,596,212.0,73.0,2618.0
1783931614.7,20324,32624,596,320.0,73.0,2811.0
1783931615.3,20324,32624,596,308.0,72.0,2718.0
1783931615.9,20324,32624,596,208.0,72.0,2774.0
1783931616.5,20324,32624,607,319.0,73.0,2823.0
1783931617.1,20324,32624,607,308.0,72.0,2748.0
1783931617.7,20324,32624,607,276.0,73.0,2884.0
1783931618.3,20324,32624,594,339.0,73.0,2913.0
1783931618.9,20324,32624,594,329.0,73.0,2797.0
1783931619.5,20324,32624,594,274.0,73.0,2652.0
1783931620.1,20324,32624,594,309.0,73.0,2784.0
1783931620.7,20324,32624,594,321.0,73.0,2813.0
1783931621.2,20324,32624,594,367.0,73.0,2736.0
1783931621.8,20324,32624,594,313.0,73.0,2960.0
1783931622.4,20324,32624,594,305.0,73.0,2811.0
1783931623.0,20324,32624,594,327.0,73.0,2718.0
1783931623.6,20324,32624,594,281.0,73.0,2811.0
1783931624.2,20324,32624,594,308.0,73.0,2777.0
1783931624.8,20324,32624,594,305.0,73.0,2711.0
1783931625.4,20324,32624,594,285.0,73.0,2933.0
1783931626.0,20324,32624,594,321.0,73.0,2790.0
1783931626.6,20324,32624,594,291.0,73.0,2732.0
1783931627.2,20324,32624,594,319.0,73.0,2891.0
1783931627.8,20324,32624,596,300.0,73.0,2751.0
1783931628.3,20324,32624,596,343.0,73.0,2671.0
1783931628.9,20324,32624,596,333.0,73.0,2827.0
1783931629.5,20324,32624,596,317.0,73.0,2747.0
1783931630.1,20324,32624,596,300.0,73.0,2716.0
1783931630.7,20324,32624,596,312.0,73.0,2934.0
1783931631.3,20324,32624,596,312.0,73.0,2806.0
1783931631.9,724,32624,110,44.0,71.0,0.0
1783931632.5,711,32624,106,29.0,70.0,0.0
1783931633.1,711,32624,92,17.0,69.0,0.0
1783931633.7,711,32624,92,16.0,68.0,0.0
1783931634.3,722,32624,92,29.0,68.0,0.0
1783931634.9,722,32624,92,17.0,67.0,0.0
1783931635.4,16344,32624,92,32.0,67.0,0.0
1783931636.0,16344,32624,92,32.0,67.0,0.0
1783931636.6,16344,32624,92,32.0,67.0,0.0
1783931637.2,16344,32624,92,33.0,66.0,0.0
1783931637.8,16344,32624,86,32.0,66.0,0.0
1783931638.4,16344,32624,86,32.0,66.0,0.0
1783931639.0,20827,32624,504,44.0,66.0,0.0
1783931639.6,20316,32624,591,123.0,65.0,1704.0
1783931640.2,20317,32624,597,170.0,66.0,1668.0
1783931640.8,20317,32624,597,256.0,66.0,2404.0
1783931641.4,20317,32624,597,322.0,67.0,3158.0
1783931642.0,20317,32624,597,285.0,68.0,3194.0
1783931642.6,20317,32624,597,294.0,68.0,2726.0
1783931643.2,20318,32624,596,197.0,68.0,2676.0
1783931643.8,20318,32624,596,329.0,68.0,2922.0
1783931644.4,20318,32624,596,313.0,68.0,2755.0
1783931645.0,20315,32624,598,281.0,69.0,2916.0
1783931645.5,20315,32624,598,235.0,69.0,2862.0
1783931646.1,20315,32624,598,308.0,69.0,2811.0
1783931646.7,20315,32624,610,290.0,69.0,2732.0
1783931647.3,20315,32624,608,244.0,69.0,2776.0
1783931647.9,20315,32624,608,330.0,69.0,2888.0
1783931648.5,20315,32624,608,303.0,69.0,2723.0
1783931649.1,20315,32624,608,231.0,69.0,2979.0
1783931649.7,20315,32624,608,341.0,70.0,3111.0
1783931650.3,20315,32624,608,313.0,69.0,2774.0
1783931650.9,20315,32624,608,272.0,70.0,2894.0
1783931651.5,20315,32624,608,333.0,70.0,2906.0
1783931652.1,20315,32624,608,380.0,70.0,2775.0
1783931652.7,20315,32624,608,286.0,70.0,2877.0
1783931653.2,20315,32624,608,287.0,70.0,2718.0
1783931653.8,20315,32624,608,177.0,70.0,2633.0
1783931654.4,20315,32624,608,351.0,70.0,2775.0
1783931655.0,20315,32624,608,325.0,70.0,2858.0
1783931655.6,20315,32624,608,295.0,70.0,2696.0
1783931656.2,20315,32624,608,268.0,70.0,2866.0
1783931656.8,20315,32624,608,318.0,70.0,2835.0
1783931657.4,20315,32624,608,301.0,70.0,2774.0
1783931658.0,20315,32624,596,329.0,70.0,2726.0
1783931658.6,20315,32624,596,252.0,70.0,2981.0
1783931659.2,20315,32624,596,310.0,70.0,2781.0
1783931659.8,20315,32624,596,314.0,70.0,2747.0
1783931660.4,20315,32624,596,262.0,71.0,2883.0
1783931661.0,20315,32624,596,319.0,70.0,2860.0
1783931661.6,20315,32624,608,314.0,71.0,2787.0
1783931662.1,20315,32624,608,348.0,71.0,2713.0
1783931662.7,20315,32624,608,331.0,71.0,2948.0
1783931663.3,20315,32624,608,336.0,71.0,2890.0
1783931663.9,20315,32624,608,289.0,71.0,2693.0
1783931664.5,20315,32624,608,275.0,71.0,2688.0
1783931665.1,20315,32624,608,265.0,71.0,2899.0
1783931665.7,20315,32624,608,344.0,71.0,2897.0
1783931666.3,20315,32624,608,299.0,71.0,2748.0
1783931666.9,20315,32624,608,299.0,71.0,2741.0
1783931667.5,20315,32624,608,313.0,71.0,2837.0
1783931668.1,20315,32624,608,373.0,71.0,2704.0
1783931668.7,20315,32624,608,200.0,71.0,2668.0
1783931669.2,20315,32624,608,345.0,71.0,2918.0
1783931669.8,20315,32624,608,324.0,71.0,3154.0
1783931670.4,20315,32624,608,310.0,71.0,2761.0
1783931671.0,20315,32624,608,252.0,71.0,2697.0
1783931671.6,20315,32624,608,316.0,71.0,2997.0
1783931672.2,20315,32624,608,320.0,71.0,3177.0
1783931672.8,20315,32624,596,299.0,71.0,2750.0
1783931673.4,20315,32624,596,261.0,71.0,2941.0
1783931674.0,20315,32624,596,331.0,71.0,2912.0
1783931674.6,20315,32624,596,403.0,71.0,3141.0
1783931675.2,20315,32624,596,327.0,71.0,2866.0
1783931675.8,20315,32624,596,311.0,71.0,2739.0
1783931676.3,20315,32624,596,300.0,72.0,2739.0
1783931676.9,20315,32624,608,265.0,71.0,2745.0
1783931677.5,20315,32624,608,231.0,71.0,2879.0
1783931678.1,20315,32624,608,326.0,72.0,2846.0
1783931678.7,20315,32624,608,325.0,72.0,3001.0
1783931679.3,20315,32624,608,299.0,72.0,2752.0
1783931679.9,20315,32624,608,166.0,72.0,2609.0
1783931680.5,20315,32624,608,275.0,72.0,2875.0
1783931681.1,20315,32624,608,336.0,72.0,2858.0
1783931681.7,20315,32624,608,320.0,72.0,2794.0
1783931682.3,20315,32624,608,350.0,72.0,3110.0
1783931682.9,20315,32624,608,307.0,72.0,2760.0
1783931683.5,20315,32624,608,332.0,72.0,2861.0
1783931684.0,20315,32624,608,338.0,72.0,2750.0
1783931684.6,20315,32624,608,263.0,72.0,2861.0
1783931685.2,20315,32624,608,385.0,72.0,3150.0
1783931685.8,20315,32624,608,393.0,72.0,3151.0
1783931686.4,20315,32624,608,341.0,72.0,3213.0
1783931687.0,20315,32624,608,284.0,72.0,2968.0
1783931687.6,20315,32624,596,383.0,72.0,3101.0
1783931688.2,20315,32624,596,316.0,72.0,2793.0
1783931688.8,20315,32624,596,344.0,72.0,3147.0
1783931689.4,20315,32624,596,306.0,72.0,2765.0
1783931690.0,20315,32624,596,303.0,72.0,2764.0
1783931690.6,20315,32624,596,303.0,72.0,3090.0
1783931691.2,20315,32624,596,352.0,72.0,3023.0
1783931691.8,20315,32624,608,316.0,72.0,2704.0
1783931692.3,20315,32624,608,291.0,72.0,2736.0
1783931692.9,20315,32624,608,354.0,72.0,2663.0
1783931693.5,20315,32624,608,173.0,72.0,2638.0
1783931694.1,20315,32624,608,254.0,72.0,2824.0
1783931694.7,20315,32624,608,330.0,72.0,2808.0
1783931695.3,20315,32624,608,295.0,72.0,2713.0
1783931695.9,20315,32624,608,295.0,72.0,2686.0
1783931696.5,20315,32624,608,323.0,72.0,2789.0
1783931697.1,20315,32624,608,196.0,72.0,2728.0
1783931697.7,20315,32624,608,194.0,72.0,3193.0
1783931698.3,20315,32624,608,321.0,72.0,2887.0
1783931698.8,20315,32624,608,306.0,72.0,2773.0
1783931699.4,20315,32624,608,306.0,72.0,2777.0
1783931700.0,20315,32624,608,333.0,72.0,2838.0
1783931700.6,20315,32624,608,326.0,72.0,2833.0
1783931701.2,20315,32624,608,191.0,72.0,2696.0
1783931701.8,20315,32624,608,274.0,72.0,2875.0
1783931702.4,20315,32624,608,296.0,72.0,2914.0
1783931703.0,20315,32624,596,325.0,72.0,2912.0
1783931703.6,20315,32624,596,329.0,72.0,2813.0
1783931704.2,20315,32624,596,328.0,72.0,2805.0
1783931704.8,20315,32624,596,308.0,72.0,2716.0
1783931705.4,20315,32624,596,313.0,72.0,3111.0
1783931706.0,20315,32624,596,318.0,72.0,2731.0
1783931706.5,20315,32624,608,330.0,72.0,3257.0
1783931707.1,20315,32624,608,175.0,72.0,2556.0
1783931707.7,20315,32624,608,280.0,72.0,2883.0
1783931708.3,20315,32624,608,362.0,72.0,2851.0
1783931708.9,20315,32624,608,393.0,72.0,3099.0
1783931709.5,20315,32624,608,286.0,72.0,2773.0
1783931710.1,20315,32624,608,314.0,72.0,3249.0
1783931710.7,20315,32624,608,368.0,72.0,2993.0
1783931711.3,20315,32624,608,286.0,72.0,2920.0
1783931711.9,20315,32624,608,345.0,72.0,2852.0
1783931712.5,20315,32624,608,341.0,72.0,2911.0
1783931713.1,20315,32624,608,323.0,72.0,3136.0
1783931713.7,20318,32624,610,329.0,72.0,2798.0
1783931714.3,20318,32624,610,297.0,72.0,3046.0
1783931714.8,20318,32624,610,259.0,72.0,2800.0
1783931715.4,20312,32624,598,310.0,72.0,2772.0
1783931716.0,20312,32624,598,309.0,72.0,2733.0
1783931716.6,20312,32624,598,318.0,72.0,3079.0
1783931717.2,20312,32624,598,172.0,72.0,3102.0
1783931717.8,20312,32624,586,301.0,72.0,2962.0
1783931718.4,20312,32624,586,269.0,72.0,2835.0
1783931719.0,20312,32624,586,265.0,72.0,2836.0
1783931719.6,20312,32624,586,293.0,73.0,2725.0
1783931720.2,20312,32624,586,305.0,72.0,3083.0
1783931720.8,20312,32624,586,295.0,72.0,2774.0
1783931721.4,20312,32624,586,319.0,72.0,2811.0
1783931721.9,20312,32624,598,381.0,72.0,3060.0
1783931722.5,20312,32624,598,284.0,72.0,2722.0
1783931723.1,20312,32624,598,220.0,73.0,2797.0
1783931723.7,20312,32624,598,291.0,73.0,2725.0
1783931724.3,20312,32624,598,317.0,72.0,2847.0
1783931724.9,20312,32624,598,323.0,72.0,2844.0
1783931725.5,20312,32624,598,246.0,72.0,2754.0
1783931726.1,20312,32624,598,313.0,72.0,3288.0
1783931726.7,20312,32624,598,299.0,73.0,3208.0
1783931727.3,20312,32624,598,296.0,73.0,2729.0
1783931727.9,20316,32624,600,297.0,72.0,2702.0
1783931728.5,20316,32624,600,305.0,73.0,3080.0
1783931729.1,20316,32624,600,310.0,72.0,2761.0
1783931729.6,20316,32624,600,276.0,73.0,2943.0
1783931730.2,20316,32624,600,198.0,73.0,2542.0
1783931730.8,20316,32624,600,321.0,73.0,2906.0
1783931731.4,20316,32624,600,333.0,73.0,2861.0
1783931732.0,20316,32624,600,355.0,73.0,2896.0
1783931732.6,20316,32624,600,363.0,72.0,2936.0
1783931733.2,20316,32624,586,305.0,73.0,2771.0
1783931733.8,20316,32624,586,318.0,73.0,2749.0
1783931734.4,20316,32624,586,325.0,73.0,2790.0
1783931735.0,20316,32624,586,318.0,73.0,2758.0
1783931735.6,20316,32624,586,307.0,73.0,2799.0
1783931736.2,20316,32624,586,309.0,73.0,2772.0
1783931736.8,20316,32624,598,296.0,73.0,2749.0
1783931737.4,20316,32624,598,309.0,72.0,2764.0
1783931737.9,20316,32624,598,314.0,73.0,2955.0
1783931738.5,20316,32624,598,293.0,73.0,3050.0
1783931739.1,20316,32624,598,213.0,73.0,2753.0
1783931739.7,20316,32624,598,260.0,73.0,2787.0
1783931740.3,20316,32624,598,294.0,73.0,3112.0
1783931740.9,20316,32624,598,304.0,73.0,2734.0
1783931741.5,20316,32624,598,278.0,73.0,3215.0
1783931742.1,20316,32624,598,292.0,73.0,3162.0
1783931742.7,20316,32624,598,297.0,73.0,2689.0
1783931743.3,20316,32624,598,319.0,73.0,2833.0
1783931743.9,20316,32624,598,286.0,73.0,2721.0
1783931744.5,20316,32624,598,318.0,73.0,3123.0
1783931745.0,20316,32624,598,333.0,73.0,2943.0
1783931745.6,20316,32624,598,316.0,73.0,2746.0
1783931746.2,20316,32624,598,312.0,73.0,2713.0
1783931746.8,20316,32624,598,306.0,73.0,2737.0
1783931747.4,20316,32624,598,297.0,73.0,2738.0
1783931748.0,20316,32624,586,341.0,73.0,2799.0
1783931748.6,20316,32624,586,293.0,73.0,2749.0
1783931749.2,20316,32624,586,330.0,72.0,3098.0
1783931749.8,20316,32624,586,282.0,73.0,2733.0
1783931750.4,20316,32624,586,307.0,73.0,2671.0
1783931751.0,20316,32624,586,297.0,73.0,2732.0
1783931751.6,20316,32624,598,314.0,73.0,2782.0
1783931752.2,20316,32624,598,315.0,73.0,2825.0
1783931752.7,20316,32624,598,331.0,73.0,3187.0
1783931753.3,20316,32624,598,375.0,73.0,2895.0
1783931753.9,20316,32624,598,276.0,73.0,2796.0
1783931754.5,20316,32624,598,321.0,73.0,3147.0
1783931755.1,20316,32624,598,268.0,73.0,2962.0
1783931755.7,20316,32624,598,236.0,72.0,2839.0
1783931756.3,20316,32624,598,182.0,73.0,2660.0
1783931756.9,20316,32624,598,309.0,73.0,2694.0
1783931757.5,20316,32624,598,277.0,73.0,2742.0
1783931758.1,20316,32624,598,298.0,73.0,2751.0
1783931758.7,20316,32624,604,67.0,71.0,2951.0
1783931759.3,20316,32624,604,317.0,71.0,2757.0
1783931759.9,20316,32624,604,179.0,72.0,2734.0
1783931760.5,20316,32624,604,321.0,72.0,2774.0
1783931761.0,20316,32624,604,301.0,72.0,2753.0
1783931761.6,20316,32624,604,220.0,72.0,2819.0
1783931762.2,20316,32624,604,289.0,72.0,2707.0
1783931762.8,20316,32624,600,289.0,72.0,2689.0
1783931763.4,20316,32624,600,331.0,72.0,2862.0
1783931764.0,20316,32624,600,304.0,72.0,2752.0
1783931764.6,20316,32624,598,191.0,73.0,2761.0
1783931765.2,20316,32624,598,340.0,72.0,2911.0
1783931765.8,20316,32624,598,310.0,72.0,2733.0
1783931766.4,20316,32624,598,307.0,72.0,2739.0
1783931767.0,20316,32624,607,265.0,72.0,2792.0
1783931767.6,20316,32624,607,344.0,72.0,2944.0
1783931768.2,20316,32624,607,311.0,72.0,2777.0
1783931768.8,20316,32624,607,307.0,72.0,2738.0
1783931769.3,20316,32624,607,227.0,73.0,2836.0
1783931769.9,20316,32624,607,326.0,73.0,2945.0
1783931770.5,20316,32624,607,318.0,72.0,2797.0
1783931771.1,20316,32624,607,301.0,72.0,2689.0
1783931771.7,20316,32624,607,267.0,72.0,2699.0
1783931772.3,20316,32624,607,278.0,72.0,2923.0
1783931772.9,20316,32624,607,289.0,72.0,2697.0
1783931773.5,20316,32624,607,326.0,72.0,2673.0
1783931774.1,20316,32624,607,287.0,73.0,2910.0
1783931774.7,20316,32624,607,317.0,72.0,2764.0
1783931775.3,20316,32624,607,318.0,73.0,2742.0
1783931775.9,20316,32624,607,267.0,73.0,2689.0
1783931776.4,20316,32624,607,334.0,73.0,3173.0
1783931777.0,20316,32624,607,308.0,73.0,2744.0
1783931777.6,20316,32624,598,196.0,73.0,2791.0
1783931778.2,20316,32624,598,328.0,72.0,3104.0
1783931778.8,20316,32624,598,311.0,73.0,2744.0
1783931779.4,20316,32624,598,173.0,73.0,2643.0
1783931780.0,20316,32624,598,260.0,73.0,2799.0
1783931780.6,20316,32624,598,342.0,73.0,3039.0
1783931781.2,20316,32624,598,306.0,73.0,2753.0
1783931781.8,20316,32624,609,285.0,73.0,2749.0
1783931782.4,20316,32624,609,341.0,73.0,3258.0
1783931783.0,20316,32624,609,344.0,73.0,2914.0
1783931783.6,20316,32624,609,339.0,73.0,2881.0
1783931784.1,20316,32624,609,289.0,73.0,2724.0
1783931784.7,20316,32624,609,338.0,73.0,2762.0
1783931785.3,20316,32624,609,169.0,72.0,2641.0
1783931785.9,20316,32624,609,293.0,73.0,2746.0
1783931786.5,20316,32624,609,330.0,72.0,2795.0
1783931787.1,20316,32624,609,288.0,73.0,2713.0
1783931787.7,20316,32624,609,273.0,73.0,2733.0
1783931788.3,20316,32624,609,224.0,72.0,2684.0
1783931788.9,20316,32624,609,308.0,73.0,2888.0
1783931789.5,20316,32624,609,306.0,72.0,2735.0
1783931790.1,20316,32624,609,312.0,73.0,2761.0
1783931790.7,20316,32624,609,395.0,73.0,3132.0
1783931791.3,20316,32624,609,294.0,73.0,2752.0
1783931791.9,20316,32624,609,302.0,73.0,2688.0
1783931792.5,20316,32624,609,244.0,73.0,3204.0
1783931793.1,20316,32624,598,315.0,73.0,2806.0
1783931793.7,20316,32624,598,359.0,73.0,2588.0
1783931794.3,20316,32624,598,315.0,73.0,2797.0
1783931794.8,20316,32624,598,317.0,73.0,2822.0
1783931795.4,20316,32624,598,361.0,73.0,2704.0
1783931796.0,20316,32624,598,281.0,73.0,2888.0
1783931796.6,20316,32624,609,315.0,72.0,2818.0
1783931797.2,20316,32624,609,271.0,72.0,2712.0
1783931797.8,20316,32624,609,394.0,73.0,3148.0
1783931798.4,20316,32624,609,299.0,73.0,2719.0
1783931799.0,20316,32624,609,301.0,73.0,2730.0
1783931799.6,20316,32624,609,339.0,73.0,2753.0
1783931800.2,20316,32624,609,350.0,73.0,2913.0
1783931800.8,20316,32624,609,314.0,73.0,2770.0
1783931801.4,20316,32624,609,226.0,72.0,2867.0
1783931801.9,20316,32624,609,245.0,73.0,2702.0
1783931802.5,20316,32624,609,317.0,73.0,2810.0
1783931803.1,20316,32624,609,314.0,73.0,2781.0
1783931803.7,20316,32624,609,313.0,73.0,2783.0
1783931804.3,20316,32624,609,328.0,73.0,2913.0
1783931804.9,20316,32624,609,323.0,73.0,2836.0
1783931805.5,20316,32624,609,299.0,73.0,2762.0
1783931806.1,20316,32624,609,325.0,73.0,2720.0
1783931806.7,20316,32624,609,252.0,73.0,2752.0
1783931807.3,20316,32624,609,318.0,73.0,2887.0
1783931807.9,20316,32624,598,288.0,73.0,3232.0
1783931808.5,20316,32624,598,308.0,73.0,2938.0
1783931809.1,20316,32624,598,258.0,73.0,2818.0
1783931809.7,20316,32624,598,329.0,73.0,2804.0
1783931810.3,20316,32624,598,297.0,73.0,2731.0
1783931810.9,20316,32624,598,285.0,73.0,2864.0
1783931811.5,20316,32624,611,283.0,73.0,2900.0
1783931812.0,20316,32624,611,369.0,72.0,3047.0
1783931812.6,20316,32624,611,328.0,73.0,2757.0
1783931813.2,20316,32624,611,310.0,73.0,2742.0
1783931813.8,20316,32624,611,306.0,73.0,2744.0
1783931814.4,20316,32624,611,291.0,73.0,3241.0
1783931815.0,20316,32624,611,384.0,73.0,3062.0
1783931815.6,20316,32624,611,314.0,73.0,3261.0
1783931816.2,20316,32624,611,260.0,73.0,2830.0
1783931816.8,20316,32624,611,375.0,73.0,3050.0
1783931817.4,20316,32624,611,310.0,73.0,2812.0
1783931818.0,20316,32624,611,313.0,73.0,3085.0
1783931818.6,20316,32624,611,295.0,73.0,2752.0
1783931819.2,20316,32624,611,330.0,73.0,2786.0
1783931819.7,20316,32624,611,201.0,73.0,2540.0
1783931820.3,20316,32624,611,278.0,73.0,2938.0
1783931820.9,20316,32624,611,347.0,73.0,2900.0
1783931821.5,20316,32624,611,328.0,73.0,2879.0
1783931822.1,20316,32624,611,334.0,73.0,2743.0
1783931822.7,20316,32624,600,319.0,73.0,2736.0
1783931823.3,20316,32624,600,304.0,73.0,2754.0
1783931823.9,20316,32624,600,300.0,73.0,2724.0
1783931824.5,20316,32624,600,332.0,73.0,2729.0
1783931825.1,20316,32624,600,344.0,73.0,2882.0
1783931825.7,20316,32624,600,316.0,73.0,3277.0
1783931826.3,20316,32624,600,316.0,73.0,2758.0
1783931826.9,20316,32624,611,308.0,73.0,2678.0
1783931827.5,20316,32624,611,311.0,73.0,2671.0
1783931828.1,20316,32624,611,329.0,73.0,2699.0
1783931828.6,20316,32624,611,233.0,73.0,2548.0
1783931829.2,20316,32624,611,316.0,73.0,2737.0
1783931829.8,20316,32624,611,352.0,73.0,2766.0
1783931830.4,20316,32624,611,181.0,73.0,2760.0
1783931831.0,20316,32624,611,285.0,73.0,2857.0
1783931831.6,20316,32624,611,330.0,73.0,2947.0
1783931832.2,20316,32624,611,386.0,73.0,2987.0
1783931832.8,20316,32624,611,352.0,73.0,2739.0
1783931833.4,20316,32624,611,174.0,73.0,2651.0
1783931834.0,20316,32624,611,297.0,73.0,2739.0
1783931834.6,20316,32624,611,320.0,73.0,2766.0
1783931835.2,20316,32624,611,342.0,73.0,2910.0
1783931835.8,20316,32624,611,288.0,72.0,2915.0
1783931836.4,20316,32624,611,303.0,73.0,3202.0
1783931837.0,20316,32624,611,283.0,73.0,3158.0
1783931837.6,20316,32624,611,336.0,73.0,2719.0
1783931838.1,20316,32624,600,201.0,73.0,2750.0
1783931838.7,20316,32624,600,318.0,73.0,2846.0
1783931839.3,20316,32624,600,310.0,73.0,2781.0
1783931839.9,20316,32624,600,318.0,73.0,2702.0
1783931840.5,20316,32624,600,219.0,73.0,2642.0
1783931841.1,20316,32624,600,255.0,73.0,2821.0
1783931841.7,20316,32624,611,269.0,73.0,2835.0
1783931842.3,20316,32624,611,339.0,73.0,2978.0
1783931842.9,20316,32624,611,355.0,73.0,2923.0
1783931843.5,20316,32624,611,388.0,73.0,3124.0
1783931844.1,20316,32624,611,358.0,73.0,2980.0
1783931844.7,20316,32624,611,315.0,73.0,2784.0
1783931845.3,20316,32624,611,311.0,73.0,2732.0
1783931845.9,20316,32624,611,326.0,72.0,3179.0
1783931846.5,20316,32624,611,313.0,72.0,2782.0
1783931847.1,20316,32624,611,306.0,73.0,3273.0
1783931847.7,20316,32624,611,294.0,73.0,2762.0
1783931848.3,20316,32624,611,289.0,73.0,2676.0
1783931848.8,20316,32624,611,276.0,73.0,2601.0
1783931849.4,20316,32624,611,271.0,73.0,2655.0
1783931850.0,20316,32624,611,271.0,73.0,2864.0
1783931850.6,20316,32624,611,331.0,73.0,2971.0
1783931851.2,20316,32624,611,343.0,73.0,2977.0
1783931851.8,20316,32624,611,327.0,73.0,2937.0
1783931852.4,20316,32624,611,309.0,73.0,2790.0
1783931853.0,20316,32624,600,330.0,73.0,2921.0
1783931853.6,20316,32624,600,310.0,73.0,3236.0
1783931854.2,20316,32624,600,310.0,73.0,2923.0
1783931854.8,20316,32624,600,268.0,73.0,2954.0
1783931855.4,20316,32624,600,191.0,73.0,3129.0
1783931856.0,20316,32624,600,301.0,73.0,3240.0
1783931856.6,20316,32624,611,304.0,73.0,2735.0
1783931857.2,20316,32624,611,302.0,73.0,2672.0
1783931857.8,20316,32624,611,342.0,73.0,2846.0
1783931858.4,20316,32624,611,300.0,73.0,2693.0
1783931858.9,20316,32624,611,309.0,73.0,2751.0
1783931859.5,20316,32624,611,305.0,73.0,2777.0
1783931860.1,20316,32624,611,300.0,73.0,2725.0
1783931860.7,20316,32624,611,313.0,73.0,2839.0
1783931861.3,20316,32624,611,331.0,73.0,2769.0
1783931861.9,20316,32624,611,315.0,73.0,2793.0
1783931862.5,20316,32624,611,333.0,73.0,2789.0
1783931863.1,20316,32624,611,332.0,73.0,2813.0
1783931863.7,20316,32624,611,310.0,73.0,2782.0
1783931864.3,20316,32624,611,345.0,73.0,2984.0
1783931864.9,20316,32624,611,320.0,73.0,2794.0
1783931865.5,20316,32624,611,308.0,73.0,2786.0
1783931866.1,20316,32624,611,310.0,73.0,2789.0
1783931866.7,20316,32624,604,45.0,71.0,0.0
1783931867.3,20316,32624,604,69.0,71.0,2556.0
1783931867.8,20316,32624,600,320.0,72.0,2860.0
1783931868.4,20316,32624,600,306.0,72.0,2758.0
1783931869.0,20316,32624,600,222.0,72.0,2831.0
1783931869.6,20316,32624,600,329.0,72.0,2868.0
1783931870.2,20316,32624,600,308.0,72.0,2717.0
1783931870.8,20316,32624,600,348.0,72.0,2716.0
1783931871.4,20316,32624,600,328.0,72.0,2911.0
1783931872.0,20316,32624,611,321.0,72.0,2803.0
1783931872.6,20316,32624,598,328.0,72.0,2762.0
1783931873.2,20316,32624,598,327.0,72.0,2782.0
1783931873.8,20316,32624,598,321.0,72.0,2884.0
1783931874.4,20316,32624,598,295.0,72.0,2716.0
1783931875.0,20316,32624,598,219.0,72.0,2808.0
1783931875.5,20316,32624,598,252.0,73.0,2999.0
1783931876.1,20316,32624,598,311.0,72.0,2735.0
1783931876.7,20316,32624,598,263.0,72.0,2695.0
1783931877.3,20316,32624,598,312.0,72.0,2898.0
1783931877.9,20316,32624,598,310.0,72.0,2732.0
1783931878.5,20316,32624,598,172.0,72.0,2632.0
1783931879.1,20316,32624,598,338.0,72.0,2909.0
1783931879.7,20316,32624,598,303.0,72.0,2733.0
1783931880.3,20316,32624,598,210.0,73.0,2651.0
1783931880.9,20318,32624,606,324.0,72.0,2832.0
1783931881.5,20318,32624,606,301.0,73.0,2763.0
1783931882.1,20318,32624,606,276.0,72.0,2632.0
1783931882.7,20318,32624,604,315.0,73.0,3245.0
1783931883.3,20316,32624,606,325.0,72.0,2848.0
1783931883.9,20316,32624,606,341.0,72.0,2871.0
1783931884.4,20316,32624,606,317.0,72.0,2903.0
1783931885.0,20316,32624,606,153.0,72.0,2659.0
1783931885.6,20316,32624,606,333.0,73.0,2876.0
1783931886.2,20316,32624,606,307.0,72.0,2751.0
1783931886.8,20316,32624,623,46.0,72.0,0.0
1783931887.4,20316,32624,623,287.0,71.0,2621.0
1783931888.0,20316,32624,623,365.0,72.0,2696.0
1783931888.6,20316,32624,623,325.0,72.0,2984.0
1783931889.2,20316,32624,623,284.0,72.0,2676.0
1783931889.8,20316,32624,623,284.0,72.0,2934.0
1783931890.4,20316,32624,623,315.0,72.0,3101.0
1783931891.0,20316,32624,623,256.0,72.0,2789.0
1783931891.6,20316,32624,623,296.0,72.0,2724.0
1783931892.2,20316,32624,623,358.0,72.0,2970.0
1783931892.8,20316,32624,623,326.0,72.0,3250.0
1783931893.4,20316,32624,604,344.0,72.0,2898.0
1783931893.9,20321,32624,606,301.0,72.0,2711.0
1783931894.5,20321,32624,606,317.0,72.0,3180.0
1783931895.1,20321,32624,606,321.0,72.0,2808.0
1783931895.7,20317,32624,596,304.0,73.0,2746.0
1783931896.3,20321,32624,598,104.0,72.0,2647.0
1783931896.9,20321,32624,598,330.0,73.0,2883.0
1783931897.5,20321,32624,598,317.0,73.0,2792.0
1783931898.1,20321,32624,600,325.0,73.0,2754.0
1783931898.7,20321,32624,600,282.0,73.0,2871.0
1783931899.3,20321,32624,600,316.0,72.0,2820.0
1783931899.9,20321,32624,600,336.0,73.0,2760.0
1783931900.5,20321,32624,600,280.0,73.0,2860.0
1783931901.1,20321,32624,600,315.0,73.0,2800.0
1783931901.7,20321,32624,609,280.0,73.0,2663.0
1783931902.2,20321,32624,609,345.0,72.0,2891.0
1783931902.8,20321,32624,609,301.0,72.0,2742.0
1783931903.4,20321,32624,609,347.0,73.0,2726.0
1783931904.0,20321,32624,609,267.0,73.0,2830.0
1783931904.6,20321,32624,609,341.0,73.0,2822.0
1783931905.2,20321,32624,609,311.0,73.0,2767.0
1783931905.8,20321,32624,609,314.0,73.0,2756.0
1783931906.4,20321,32624,609,162.0,72.0,2687.0
1783931907.0,20321,32624,609,293.0,73.0,2887.0
1783931907.6,20321,32624,609,340.0,73.0,2828.0
1783931908.2,20321,32624,609,332.0,73.0,2909.0
1783931908.8,20321,32624,609,350.0,73.0,2902.0
1783931909.3,20321,32624,609,320.0,73.0,2764.0
1783931909.9,20321,32624,609,298.0,73.0,2725.0
1783931910.5,20321,32624,609,296.0,73.0,2733.0
1783931911.1,20321,32624,609,266.0,73.0,2831.0
1783931911.7,20321,32624,609,310.0,73.0,2749.0
1783931912.3,20321,32624,609,353.0,73.0,2680.0
1783931912.9,20321,32624,598,355.0,73.0,3095.0
1783931913.5,20321,32624,598,321.0,73.0,2801.0
1783931914.1,20321,32624,598,325.0,73.0,2707.0
1783931914.7,20321,32624,598,201.0,73.0,3271.0
1783931915.3,20321,32624,598,317.0,72.0,2756.0
1783931915.9,20321,32624,598,345.0,73.0,2717.0
1783931916.5,20321,32624,609,362.0,73.0,3168.0
1783931917.1,20321,32624,609,311.0,72.0,2782.0
1783931917.6,20321,32624,609,232.0,72.0,3229.0
1783931918.2,20321,32624,609,309.0,73.0,2748.0
1783931918.8,20321,32624,609,318.0,72.0,2751.0
1783931919.4,20321,32624,609,166.0,72.0,2702.0
1783931920.0,20321,32624,609,288.0,72.0,2678.0
1783931920.6,20321,32624,609,260.0,72.0,2859.0
1783931921.2,20321,32624,609,338.0,72.0,2872.0
1783931921.8,20321,32624,609,321.0,72.0,3278.0
1783931922.4,20321,32624,609,344.0,72.0,3205.0
1783931923.0,20321,32624,609,314.0,72.0,2801.0
1783931923.6,20321,32624,609,300.0,72.0,3046.0
1783931924.2,20321,32624,609,277.0,73.0,2938.0
1783931924.7,20321,32624,609,308.0,72.0,2765.0
1783931925.3,20321,32624,609,299.0,72.0,2750.0
1783931925.9,20321,32624,609,289.0,72.0,3251.0
1783931926.5,20321,32624,609,322.0,72.0,2752.0
1783931927.1,20321,32624,609,275.0,72.0,2719.0
1783931927.7,20321,32624,598,386.0,72.0,3114.0
1783931928.3,20321,32624,598,310.0,72.0,3237.0
1783931928.9,20321,32624,598,311.0,72.0,3247.0
1783931929.5,20321,32624,598,312.0,72.0,3108.0
1783931930.1,20321,32624,598,318.0,72.0,2803.0
1783931930.7,20321,32624,598,343.0,72.0,2708.0
1783931931.3,20321,32624,598,267.0,72.0,2928.0
1783931931.9,20321,32624,611,255.0,72.0,3036.0
1783931932.5,20321,32624,611,304.0,72.0,2797.0
1783931933.1,20321,32624,611,295.0,72.0,2738.0
1783931933.7,20321,32624,611,315.0,72.0,2959.0
1783931934.3,20321,32624,611,336.0,72.0,2697.0
1783931934.9,20321,32624,611,332.0,72.0,3149.0
1783931935.4,20321,32624,611,361.0,72.0,3030.0
1783931936.0,20321,32624,611,313.0,72.0,2724.0
1783931936.6,20321,32624,611,332.0,72.0,2819.0
1783931937.2,20321,32624,611,304.0,72.0,2999.0
1783931937.8,20321,32624,611,323.0,72.0,2881.0
1783931938.4,20321,32624,611,316.0,72.0,2791.0
1783931939.0,20321,32624,611,320.0,72.0,2751.0
1783931939.6,20321,32624,611,314.0,72.0,2802.0
1783931940.2,20321,32624,611,320.0,72.0,2746.0
1783931940.8,20321,32624,611,316.0,72.0,2781.0
1783931941.4,20321,32624,611,273.0,72.0,2629.0
1783931942.0,20321,32624,611,182.0,72.0,2832.0
1783931942.5,20321,32624,611,318.0,72.0,2797.0
1783931943.1,20321,32624,600,320.0,72.0,2987.0
1783931943.7,20321,32624,600,313.0,72.0,2766.0
1783931944.3,20321,32624,600,312.0,72.0,3278.0
1783931944.9,20321,32624,600,230.0,72.0,2877.0
1783931945.5,20321,32624,600,310.0,72.0,2887.0
1783931946.1,20321,32624,600,358.0,72.0,3111.0
1783931946.7,20321,32624,611,330.0,72.0,2817.0
1783931947.3,20321,32624,611,330.0,72.0,2849.0
1783931947.9,20321,32624,611,228.0,72.0,2810.0
1783931948.5,20321,32624,611,339.0,72.0,3016.0
1783931949.1,20321,32624,611,359.0,72.0,2896.0
1783931949.7,20321,32624,611,332.0,72.0,3161.0
1783931950.3,20321,32624,611,373.0,72.0,3021.0
1783931950.8,20321,32624,611,302.0,72.0,2777.0
1783931951.4,20321,32624,611,310.0,72.0,2798.0
1783931952.0,20321,32624,611,353.0,72.0,2922.0
1783931952.6,20321,32624,611,237.0,72.0,2562.0
1783931953.2,20321,32624,611,279.0,72.0,2904.0
1783931953.8,20321,32624,611,270.0,72.0,2841.0
1783931954.4,20321,32624,611,200.0,72.0,3000.0
1783931955.0,20321,32624,611,439.0,72.0,3175.0
1783931955.6,20321,32624,611,323.0,72.0,3111.0
1783931956.2,20321,32624,611,340.0,72.0,2908.0
1783931956.8,20321,32624,604,208.0,70.0,2642.0
1783931957.4,20321,32624,604,226.0,71.0,2950.0
1783931957.9,20321,32624,600,322.0,71.0,2776.0
1783931958.5,20321,32624,600,312.0,72.0,2785.0
1783931959.1,20321,32624,600,278.0,72.0,2908.0
1783931959.7,20321,32624,600,333.0,72.0,2887.0
1783931960.3,20321,32624,600,346.0,72.0,3249.0
1783931960.9,20321,32624,600,307.0,72.0,2768.0
1783931961.5,20321,32624,611,167.0,72.0,3172.0
1783931962.1,20321,32624,611,324.0,72.0,2857.0
1783931962.7,20321,32624,598,357.0,72.0,2942.0
1783931963.3,20321,32624,598,321.0,72.0,2796.0
1783931963.9,20321,32624,598,304.0,72.0,2740.0
1783931964.5,20321,32624,598,307.0,72.0,2860.0
1783931965.1,20321,32624,598,298.0,72.0,2733.0
1783931965.7,20321,32624,598,259.0,72.0,2640.0
1783931966.2,20321,32624,598,328.0,72.0,3229.0
1783931966.8,20321,32624,598,319.0,72.0,2771.0
1783931967.4,20321,32624,598,308.0,72.0,2740.0
1783931968.0,20321,32624,598,322.0,72.0,2728.0
1783931968.6,20321,32624,598,280.0,72.0,2883.0
1783931969.2,20321,32624,598,328.0,72.0,2825.0
1783931969.8,20321,32624,598,321.0,72.0,3097.0
1783931970.4,20321,32624,598,221.0,72.0,2692.0
1783931971.0,20321,32624,598,319.0,72.0,2897.0
1783931971.6,20321,32624,598,311.0,72.0,2790.0
1783931972.2,20321,32624,598,296.0,72.0,2727.0
1783931972.8,20321,32624,598,240.0,72.0,2902.0
1783931973.4,20321,32624,598,326.0,72.0,2830.0
1783931973.9,20321,32624,598,306.0,72.0,2766.0
1783931974.5,20321,32624,598,302.0,72.0,2771.0
1783931975.1,20321,32624,598,356.0,72.0,2689.0
1783931975.7,20321,32624,598,340.0,72.0,2874.0
1783931976.3,20321,32624,598,300.0,72.0,2743.0
1783931976.9,20321,32624,609,295.0,72.0,2751.0
1783931977.5,20321,32624,609,326.0,72.0,3175.0
1783931978.1,20321,32624,609,292.0,72.0,3268.0
1783931978.7,20321,32624,609,305.0,72.0,2895.0
1783931979.3,20321,32624,609,276.0,72.0,2835.0
1783931979.8,20321,32624,609,336.0,72.0,3074.0
1783931980.4,20321,32624,609,315.0,72.0,3274.0
1783931981.0,20321,32624,609,339.0,72.0,2895.0
1783931981.6,20321,32624,609,303.0,72.0,2746.0
1783931982.2,20321,32624,609,324.0,72.0,2795.0
1783931982.8,20321,32624,609,309.0,72.0,3257.0
1783931983.4,20321,32624,609,318.0,72.0,2809.0
1783931984.0,20321,32624,609,285.0,72.0,2639.0
1783931984.6,20321,32624,609,259.0,72.0,2899.0
1783931985.2,20321,32624,609,344.0,72.0,3086.0
1783931985.8,20321,32624,609,120.0,72.0,2978.0
1783931986.3,20321,32624,609,324.0,72.0,2811.0
1783931986.9,20321,32624,609,285.0,72.0,2698.0
1783931987.5,20321,32624,602,259.0,72.0,2834.0
1783931988.1,20321,32624,604,310.0,72.0,2779.0
1783931988.7,20321,32624,604,314.0,72.0,2766.0
1783931989.3,20321,32624,604,314.0,72.0,2722.0
1783931989.9,20321,32624,604,247.0,72.0,3076.0
1783931990.5,20321,32624,604,326.0,72.0,2854.0
1783931991.1,20321,32624,604,318.0,72.0,2796.0
1783931991.7,20321,32624,609,296.0,72.0,2686.0
1783931992.3,20321,32624,609,317.0,72.0,2738.0
1783931992.9,20321,32624,609,173.0,72.0,2740.0
1783931993.5,20321,32624,609,330.0,72.0,2803.0
1783931994.0,20321,32624,609,318.0,72.0,2781.0
1783931994.6,20321,32624,609,321.0,72.0,2798.0
1783931995.2,20321,32624,609,312.0,72.0,3263.0
1783931995.8,20321,32624,609,386.0,72.0,3123.0
1783931996.4,20321,32624,609,328.0,72.0,2828.0
1783931997.0,20321,32624,609,313.0,72.0,2773.0
1783931997.6,20321,32624,609,218.0,72.0,2719.0
1783931998.2,20321,32624,609,372.0,72.0,3088.0
1783931998.8,20321,32624,598,298.0,72.0,3050.0
1783931999.4,20321,32624,598,244.0,72.0,3061.0
1783932000.0,20321,32624,598,324.0,72.0,2831.0
1783932000.6,20321,32624,598,307.0,72.0,2757.0
1783932001.2,20321,32624,598,299.0,72.0,2748.0
1783932001.8,20321,32624,598,257.0,72.0,2675.0
1783932002.3,20321,32624,598,282.0,72.0,2822.0
1783932002.9,20321,32624,606,296.0,72.0,3077.0
1783932003.5,20321,32624,604,233.0,72.0,3121.0
1783932004.1,20321,32624,604,343.0,72.0,2881.0
1783932004.7,20321,32624,604,319.0,72.0,2957.0
1783932005.3,20321,32624,604,295.0,72.0,3265.0
1783932005.9,20321,32624,604,289.0,72.0,2730.0
1783932006.5,20321,32624,611,332.0,72.0,2826.0
1783932007.1,20321,32624,617,274.0,72.0,2725.0
1783932007.7,20321,32624,604,219.0,72.0,2820.0
1783932008.3,20321,32624,604,301.0,72.0,2921.0
1783932008.9,20321,32624,604,351.0,72.0,2900.0
1783932009.5,20321,32624,604,318.0,72.0,2913.0
1783932010.1,20321,32624,604,334.0,72.0,2719.0
1783932010.7,20321,32624,604,222.0,72.0,2599.0
1783932011.2,20321,32624,604,225.0,72.0,2892.0
1783932011.8,20321,32624,604,345.0,72.0,2898.0
1783932012.4,20321,32624,604,309.0,72.0,3107.0
1783932013.0,20321,32624,604,290.0,72.0,2726.0
1783932013.6,20321,32624,604,305.0,72.0,2764.0
1783932014.2,20321,32624,604,313.0,72.0,2752.0
1783932014.8,20321,32624,604,295.0,72.0,2571.0
1783932015.4,20321,32624,604,260.0,72.0,2630.0
1783932016.0,20321,32624,604,209.0,72.0,2694.0
1783932016.6,20321,32624,604,339.0,72.0,2908.0
1783932017.2,20321,32624,604,328.0,72.0,2944.0
1783932017.8,20321,32624,600,331.0,72.0,2810.0
1783932018.4,20321,32624,600,313.0,72.0,2790.0
1783932019.0,20321,32624,600,315.0,72.0,2737.0
1783932019.6,20321,32624,600,312.0,72.0,2711.0
1783932020.1,20321,32624,600,354.0,72.0,2736.0
1783932020.7,20321,32624,600,316.0,72.0,2921.0
1783932021.3,20321,32624,604,34.0,70.0,0.0
1783932021.9,20321,32624,617,321.0,71.0,2815.0
1783932022.5,20321,32624,617,310.0,71.0,2751.0
1783932023.1,20321,32624,617,261.0,72.0,2855.0
1783932023.7,20321,32624,617,292.0,72.0,2751.0
1783932024.3,20321,32624,617,334.0,72.0,3002.0
1783932024.9,20321,32624,617,303.0,72.0,2757.0
1783932025.5,20321,32624,617,209.0,72.0,2762.0
1783932026.1,20321,32624,617,355.0,72.0,3004.0
1783932026.7,20321,32624,617,319.0,72.0,2787.0
1783932027.3,20321,32624,617,282.0,72.0,3228.0
1783932027.8,20321,32624,617,318.0,72.0,2774.0
1783932028.4,20321,32624,617,334.0,72.0,2760.0
1783932029.0,20321,32624,617,413.0,72.0,3194.0
1783932029.6,20321,32624,617,309.0,72.0,2735.0
1783932030.2,20321,32624,617,205.0,72.0,2929.0
1783932030.8,20321,32624,617,329.0,72.0,2852.0
1783932031.4,20321,32624,617,278.0,72.0,2560.0
1783932032.0,20321,32624,617,307.0,72.0,2888.0
1783932032.6,20321,32624,617,309.0,72.0,2780.0
1783932033.2,20321,32624,600,301.0,72.0,2731.0
1783932033.8,20321,32624,600,254.0,72.0,2643.0
1783932034.4,20321,32624,600,265.0,72.0,2842.0
1783932035.0,20321,32624,600,350.0,72.0,2974.0
1783932035.6,20321,32624,600,300.0,72.0,2736.0
1783932036.2,20321,32624,600,334.0,72.0,2862.0
1783932036.8,20321,32624,617,339.0,72.0,3015.0
1783932037.4,20321,32624,617,177.0,72.0,2727.0
1783932037.9,20321,32624,617,300.0,72.0,3229.0
1783932038.5,20321,32624,617,323.0,72.0,2814.0
1783932039.1,20321,32624,617,291.0,72.0,2730.0
1783932039.7,20321,32624,617,246.0,72.0,2822.0
1783932040.3,20321,32624,617,321.0,72.0,2840.0
1783932040.9,20321,32624,617,316.0,72.0,2757.0
1783932041.5,20321,32624,617,307.0,72.0,3057.0
1783932042.1,20321,32624,617,227.0,72.0,2898.0
1783932042.7,20321,32624,617,334.0,72.0,2884.0
1783932043.3,20321,32624,617,309.0,72.0,2769.0
1783932043.9,20321,32624,617,295.0,72.0,2887.0
1783932044.5,20321,32624,617,310.0,72.0,2785.0
1783932045.1,20321,32624,617,302.0,72.0,2762.0
1783932045.7,20321,32624,602,77.0,72.0,2719.0
1783932046.3,20321,32624,602,297.0,70.0,2743.0
1783932046.8,20321,32624,602,356.0,71.0,2721.0
1783932047.4,20321,32624,602,142.0,72.0,2974.0
1783932048.0,20321,32624,598,316.0,72.0,2775.0
1783932048.6,20321,32624,598,318.0,72.0,3138.0
1783932049.2,20321,32624,598,313.0,72.0,3231.0
1783932049.8,20321,32624,598,301.0,72.0,2703.0
1783932050.4,20321,32624,598,325.0,72.0,2825.0
1783932051.0,20321,32624,598,293.0,72.0,2723.0
1783932051.6,20321,32624,615,216.0,72.0,2778.0
1783932052.2,20321,32624,615,335.0,72.0,2870.0
1783932052.8,20321,32624,615,319.0,72.0,2777.0
1783932053.4,20321,32624,615,168.0,72.0,2642.0
1783932054.0,20321,32624,615,343.0,72.0,2872.0
1783932054.5,20321,32624,602,314.0,72.0,2817.0
1783932055.1,20321,32624,602,291.0,72.0,2705.0
1783932055.7,20321,32624,602,218.0,72.0,2776.0
1783932056.3,20321,32624,602,336.0,72.0,2905.0
1783932056.9,20321,32624,602,325.0,72.0,2841.0
1783932057.5,20321,32624,602,208.0,72.0,2789.0
1783932058.1,20321,32624,602,322.0,72.0,2873.0
1783932058.7,20321,32624,602,316.0,72.0,2765.0
1783932059.3,20321,32624,602,298.0,72.0,2915.0
1783932059.9,20321,32624,602,320.0,72.0,2850.0
1783932060.5,20321,32624,602,323.0,72.0,3183.0
1783932061.1,20321,32624,602,197.0,72.0,2881.0
1783932061.7,20321,32624,602,305.0,72.0,3090.0
1783932062.3,20321,32624,602,188.0,72.0,3214.0
1783932062.8,20321,32624,598,343.0,72.0,2691.0
1783932063.4,20321,32624,598,275.0,72.0,2984.0
1783932064.0,20321,32624,602,276.0,72.0,3192.0
1783932064.6,20321,32624,602,270.0,72.0,2861.0
1783932065.2,20321,32624,602,334.0,72.0,2832.0
1783932065.8,20321,32624,602,308.0,72.0,2784.0
1783932066.4,20321,32624,602,356.0,72.0,2754.0
1783932067.0,20321,32624,611,413.0,72.0,3149.0
1783932067.6,20321,32624,611,330.0,72.0,2934.0
1783932068.2,20321,32624,611,360.0,72.0,3253.0
1783932068.8,20321,32624,611,333.0,72.0,2644.0
1783932069.4,20321,32624,611,168.0,72.0,2628.0
1783932070.0,20321,32624,598,336.0,72.0,2938.0
1783932070.6,20321,32624,598,318.0,72.0,2799.0
1783932071.2,20339,32624,622,359.0,72.0,2947.0
1783932071.8,20339,32624,622,316.0,72.0,2792.0
1783932072.4,20378,32624,612,342.0,72.0,2751.0
1783932073.0,20390,32624,616,325.0,72.0,2862.0
1783932073.6,20456,32624,614,305.0,72.0,2803.0
1783932074.2,20468,32624,618,300.0,72.0,2917.0
1783932074.8,20446,32624,614,279.0,72.0,2904.0
1783932075.4,20446,32624,606,355.0,72.0,2938.0
1783932076.0,20423,32624,598,324.0,72.0,2810.0
1783932076.6,20423,32624,600,307.0,72.0,2706.0
1783932077.2,20419,32624,602,340.0,72.0,2888.0
1783932077.8,20432,32624,596,306.0,72.0,2773.0
1783932078.4,20422,32624,604,112.0,70.0,1686.0
1783932079.0,20422,32624,610,149.0,70.0,1732.0
1783932079.6,20414,32624,604,236.0,70.0,2538.0
1783932080.2,20414,32624,604,317.0,71.0,2842.0
1783932080.8,20397,32624,596,263.0,71.0,2714.0
1783932081.4,20397,32624,596,311.0,71.0,3133.0
1783932082.0,20383,32624,594,415.0,71.0,3128.0
1783932082.6,20383,32624,594,326.0,71.0,3015.0
1783932083.2,20361,32624,594,195.0,71.0,3139.0
1783932083.8,20357,32624,594,324.0,71.0,2762.0
1783932084.4,20357,32624,594,316.0,71.0,2687.0
1783932085.0,20357,32624,594,334.0,71.0,2834.0
1783932085.5,20357,32624,594,302.0,72.0,2727.0
1783932086.1,20353,32624,594,318.0,72.0,2689.0
1783932086.7,20353,32624,594,337.0,71.0,2903.0
1783932087.3,20353,32624,594,311.0,71.0,2788.0
1783932087.9,20353,32624,594,300.0,71.0,3256.0
1783932088.5,20353,32624,594,325.0,71.0,2856.0
1783932089.1,20353,32624,594,310.0,71.0,2791.0
1783932089.7,20353,32624,594,295.0,71.0,2884.0
1783932090.3,20353,32624,594,347.0,72.0,2919.0
1783932090.9,20353,32624,594,336.0,72.0,2911.0
1783932091.5,20353,32624,594,315.0,71.0,2761.0
1783932092.1,20353,32624,594,320.0,72.0,2846.0
1783932092.7,20354,32624,594,216.0,72.0,2692.0
1783932093.3,20354,32624,594,326.0,71.0,2818.0
1783932093.9,20360,32624,594,348.0,71.0,3171.0
1783932094.5,20362,32624,594,321.0,71.0,2764.0
1783932095.1,20387,32624,604,307.0,71.0,2780.0
1783932095.7,20399,32624,604,307.0,72.0,2769.0
1783932096.3,20396,32624,594,331.0,71.0,2953.0
1783932096.9,20406,32624,596,315.0,72.0,2833.0
1783932097.5,20402,32624,596,321.0,72.0,2755.0
1783932098.1,20400,32624,596,189.0,72.0,2742.0
1783932098.7,20402,32624,596,352.0,72.0,2915.0
1783932099.3,20409,32624,596,400.0,72.0,3139.0
1783932099.9,20411,32624,596,344.0,72.0,3231.0
1783932100.5,20409,32624,596,321.0,72.0,2738.0
1783932101.1,20412,32624,596,294.0,72.0,3066.0
1783932101.7,20421,32624,596,325.0,72.0,2948.0
1783932102.3,20419,32624,596,289.0,72.0,2961.0
1783932102.9,20418,32624,602,322.0,71.0,2831.0
1783932103.5,20420,32624,602,314.0,72.0,2777.0
1783932104.1,20420,32624,596,298.0,72.0,2658.0
1783932104.7,20416,32624,596,270.0,72.0,2895.0
1783932105.3,20414,32624,600,318.0,72.0,2822.0
1783932105.9,20406,32624,600,310.0,71.0,2727.0
1783932106.5,20401,32624,600,279.0,72.0,2882.0
1783932107.1,20401,32624,600,331.0,71.0,2877.0
1783932107.7,20392,32624,600,332.0,71.0,2869.0
1783932108.3,20392,32624,600,331.0,71.0,2829.0
1783932108.9,20414,32624,600,196.0,72.0,2717.0
1783932109.5,20414,32624,600,57.0,70.0,2534.0
1783932110.1,20416,32624,592,330.0,70.0,2859.0
1783932110.7,20423,32624,596,312.0,71.0,2788.0
1783932111.3,20423,32624,596,326.0,71.0,2733.0
1783932111.9,20423,32624,596,316.0,71.0,2973.0
1783932112.5,20423,32624,596,302.0,71.0,3094.0
1783932113.1,20423,32624,596,292.0,71.0,2754.0
1783932113.7,20423,32624,596,336.0,71.0,3215.0
1783932114.3,20414,32624,596,330.0,71.0,2937.0
1783932114.9,20407,32624,596,306.0,71.0,3101.0
1783932115.5,20396,32624,594,188.0,71.0,2693.0
1783932116.1,20388,32624,592,312.0,71.0,3129.0
1783932116.7,20388,32624,592,144.0,71.0,3029.0
1783932117.3,20388,32624,592,231.0,71.0,2836.0
1783932117.9,20388,32624,592,313.0,71.0,2748.0
1783932118.4,20388,32624,592,394.0,71.0,3141.0
1783932119.1,20388,32624,592,282.0,71.0,2702.0
1783932119.6,20388,32624,592,122.0,71.0,3022.0
1783932120.2,20388,32624,592,330.0,71.0,2884.0
1783932120.8,20384,32624,592,288.0,71.0,2726.0
1783932121.4,20384,32624,592,324.0,71.0,2834.0
1783932122.0,20388,32624,594,279.0,71.0,2607.0
1783932122.6,20388,32624,594,327.0,71.0,3217.0
1783932123.2,20388,32624,594,333.0,71.0,3253.0
1783932123.8,20388,32624,594,341.0,71.0,2912.0
1783932124.4,20388,32624,594,312.0,71.0,2822.0
1783932125.0,20388,32624,594,302.0,71.0,2750.0
1783932125.6,20388,32624,594,308.0,71.0,2774.0
1783932126.2,20388,32624,594,316.0,71.0,3266.0
1783932126.8,20388,32624,594,275.0,72.0,2806.0
1783932127.4,20381,32624,592,372.0,71.0,3012.0
1783932128.0,20381,32624,592,311.0,71.0,2766.0
1783932128.6,20381,32624,592,324.0,71.0,2873.0
1783932129.1,20381,32624,592,276.0,71.0,2867.0
1783932129.7,20381,32624,592,306.0,71.0,3246.0
1783932130.3,20392,32624,592,403.0,71.0,3184.0
1783932130.9,20392,32624,592,317.0,71.0,2805.0
1783932131.5,20392,32624,592,313.0,71.0,2935.0
1783932132.1,20411,32624,594,310.0,71.0,2747.0
1783932132.7,20411,32624,594,294.0,71.0,2946.0
1783932133.3,20411,32624,594,314.0,71.0,2786.0
1783932133.9,20411,32624,594,310.0,71.0,2738.0
1783932134.5,20411,32624,594,166.0,71.0,2751.0
1783932135.1,20411,32624,594,334.0,71.0,2866.0
1783932135.7,20411,32624,594,305.0,71.0,2775.0
1783932136.3,20411,32624,594,306.0,71.0,2798.0
1783932136.9,20415,32624,594,254.0,71.0,2657.0
1783932137.5,20415,32624,594,256.0,71.0,2793.0
1783932138.0,20415,32624,594,296.0,71.0,3035.0
1783932138.6,20415,32624,594,309.0,71.0,3141.0
1783932139.2,20415,32624,594,291.0,72.0,3164.0
1783932139.8,20415,32624,594,315.0,72.0,2850.0
1783932140.4,20415,32624,594,321.0,72.0,2837.0
1783932141.0,20415,32624,594,291.0,72.0,2700.0
1783932141.6,20415,32624,594,305.0,72.0,2705.0
1783932142.2,20398,32624,592,316.0,71.0,3181.0
1783932142.8,20398,32624,592,256.0,71.0,2717.0
1783932143.4,20398,32624,592,318.0,72.0,3281.0
1783932144.0,20398,32624,592,308.0,71.0,2863.0
1783932144.6,20398,32624,592,367.0,72.0,3046.0
1783932145.2,20398,32624,592,327.0,71.0,2966.0
1783932145.8,20398,32624,592,300.0,71.0,2658.0
1783932146.4,20390,32624,592,261.0,71.0,2840.0
1783932146.9,20394,32624,596,341.0,71.0,2908.0
1783932147.5,20392,32624,598,308.0,72.0,2756.0
1783932148.1,20403,32624,598,310.0,71.0,2730.0
1783932148.7,20403,32624,598,332.0,71.0,2880.0
1783932149.3,20403,32624,598,321.0,72.0,2809.0
1783932149.9,20403,32624,598,304.0,71.0,2727.0
1783932150.5,20403,32624,598,339.0,71.0,2904.0
1783932151.1,20403,32624,598,310.0,72.0,2749.0
1783932151.7,20403,32624,596,281.0,72.0,3255.0
1783932152.3,20397,32624,596,313.0,71.0,2780.0
1783932152.9,20389,32624,594,299.0,72.0,3245.0
1783932153.5,20389,32624,594,303.0,72.0,3060.0
1783932154.1,20378,32624,594,297.0,71.0,2678.0
1783932154.7,20378,32624,594,287.0,71.0,2884.0
1783932155.3,20378,32624,594,365.0,72.0,3239.0
1783932155.9,20421,32624,600,295.0,72.0,3246.0
1783932156.5,20425,32624,600,221.0,72.0,2746.0
1783932157.1,20427,32624,596,190.0,72.0,3072.0
1783932157.7,20427,32624,596,368.0,72.0,2991.0
1783932158.3,20429,32624,602,309.0,72.0,2897.0
1783932158.9,20429,32624,596,371.0,72.0,3053.0
1783932159.5,20431,32624,598,241.0,72.0,3030.0
1783932160.1,20433,32624,600,323.0,72.0,2851.0
1783932160.7,20429,32624,602,313.0,71.0,3142.0
1783932161.3,20434,32624,602,315.0,71.0,2909.0
1783932161.8,20422,32624,602,321.0,72.0,2825.0
1783932162.4,20422,32624,600,327.0,72.0,3029.0
1783932163.0,20422,32624,600,339.0,71.0,3111.0
1783932163.6,20422,32624,600,278.0,72.0,2746.0
1783932164.2,20422,32624,600,279.0,72.0,2922.0
1783932164.8,20421,32624,596,307.0,72.0,2806.0
1783932165.4,20421,32624,596,315.0,72.0,2796.0
1783932166.0,20436,32624,594,264.0,72.0,2714.0
1783932166.6,20433,32624,596,205.0,71.0,2788.0
1783932167.2,20431,32624,598,298.0,71.0,2794.0
1783932167.8,20431,32624,598,305.0,72.0,2762.0
1783932168.4,20431,32624,598,292.0,72.0,2703.0
1783932169.0,20431,32624,598,336.0,72.0,2864.0
1783932169.6,20428,32624,600,320.0,72.0,2827.0
1783932170.2,20428,32624,600,309.0,72.0,2762.0
1783932170.8,20428,32624,600,390.0,72.0,3097.0
1783932171.4,20428,32624,594,303.0,72.0,2776.0
1783932172.0,20413,32624,594,317.0,72.0,3260.0
1783932172.6,20413,32624,594,305.0,72.0,2710.0
1783932173.1,20413,32624,594,343.0,72.0,2632.0
1783932173.7,20413,32624,594,253.0,72.0,2722.0
1783932174.3,20413,32624,594,306.0,72.0,3262.0
1783932174.9,20413,32624,594,293.0,72.0,2731.0
1783932175.5,20391,32624,594,297.0,72.0,2738.0
1783932176.1,20391,32624,594,326.0,72.0,2728.0
1783932176.7,20384,32624,594,321.0,72.0,3255.0
1783932177.3,20387,32624,594,312.0,72.0,3265.0
1783932177.9,20387,32624,594,152.0,72.0,2913.0
1783932178.5,20387,32624,594,303.0,72.0,3232.0
1783932179.1,20387,32624,594,219.0,72.0,2714.0
1783932179.7,20381,32624,594,372.0,72.0,2937.0
1783932180.3,20381,32624,594,301.0,72.0,2739.0
1783932180.9,20381,32624,594,299.0,72.0,2767.0
1783932181.5,20381,32624,594,308.0,72.0,2653.0
1783932182.0,20379,32624,594,323.0,72.0,3089.0
1783932182.6,20379,32624,594,294.0,72.0,2743.0
1783932183.2,20379,32624,594,276.0,71.0,2726.0
1783932183.8,20379,32624,594,304.0,72.0,2922.0
1783932184.4,20379,32624,594,316.0,72.0,2837.0
1783932185.0,20379,32624,594,309.0,72.0,2764.0
1783932185.6,20379,32624,594,281.0,72.0,2697.0
1783932186.2,20379,32624,594,277.0,72.0,2635.0
1783932186.8,20379,32624,594,284.0,72.0,2945.0
1783932187.4,20379,32624,594,301.0,72.0,2920.0
1783932188.0,20379,32624,594,273.0,72.0,2858.0
1783932188.6,20379,32624,594,236.0,72.0,3185.0
1783932189.2,20379,32624,594,303.0,72.0,2782.0
1783932189.8,20379,32624,594,319.0,72.0,2773.0
1783932190.4,20400,32624,610,316.0,71.0,2765.0
1783932190.9,20400,32624,610,372.0,72.0,3034.0
1783932191.5,20400,32624,610,322.0,72.0,2761.0
1783932192.1,20400,32624,610,299.0,72.0,2755.0
1783932192.7,20411,32624,604,304.0,72.0,3253.0
1783932193.3,20411,32624,604,349.0,72.0,3241.0
1783932193.9,20411,32624,604,185.0,71.0,2823.0
1783932194.5,20411,32624,604,307.0,72.0,2799.0
1783932195.1,20403,32624,592,288.0,72.0,2721.0
1783932195.7,20403,32624,592,303.0,72.0,3111.0
1783932196.3,20403,32624,592,339.0,72.0,3226.0
1783932196.9,20403,32624,592,297.0,72.0,2855.0
1783932197.5,20403,32624,592,394.0,72.0,3079.0
1783932198.1,20398,32624,594,328.0,72.0,2994.0
1783932198.7,20398,32624,594,315.0,72.0,2870.0
1783932199.3,20398,32624,594,328.0,72.0,2791.0
1783932199.9,20398,32624,594,318.0,72.0,3267.0
1783932200.5,20398,32624,594,334.0,72.0,3075.0
1783932201.1,20398,32624,594,315.0,72.0,3268.0
1783932201.7,20398,32624,594,290.0,72.0,2773.0
1783932202.3,20398,32624,594,226.0,72.0,2647.0
1783932202.9,20398,32624,594,278.0,72.0,2877.0
1783932203.5,20394,32624,594,260.0,72.0,2872.0
1783932204.1,20394,32624,594,306.0,72.0,2781.0
1783932204.6,20394,32624,594,347.0,72.0,2893.0
1783932205.2,20394,32624,594,305.0,72.0,3245.0
1783932205.8,20394,32624,594,306.0,72.0,3258.0
1783932206.5,20394,32624,594,321.0,72.0,2837.0
1783932207.1,20394,32624,594,327.0,72.0,2787.0
1783932207.6,20390,32624,594,315.0,72.0,2787.0
1783932208.2,20390,32624,594,314.0,72.0,2809.0
1783932208.8,20390,32624,594,326.0,72.0,2771.0
1783932209.4,20390,32624,594,291.0,72.0,2660.0
1783932210.0,20390,32624,594,241.0,72.0,2707.0
1783932210.6,20390,32624,594,34.0,70.0,0.0
1783932211.2,20390,32624,594,292.0,70.0,2650.0
1783932211.8,20390,32624,594,272.0,71.0,2839.0
1783932212.4,20390,32624,594,326.0,71.0,2846.0
1783932213.0,20390,32624,594,299.0,71.0,2768.0
1783932213.6,20390,32624,594,176.0,71.0,2744.0
1783932214.2,20390,32624,594,306.0,71.0,2924.0
1783932214.8,20390,32624,594,130.0,71.0,3099.0
1783932215.4,20387,32624,594,243.0,71.0,2755.0
1783932216.0,20387,32624,594,269.0,71.0,2869.0
1783932216.6,20387,32624,594,333.0,71.0,2995.0
1783932217.2,20387,32624,594,259.0,71.0,2848.0
1783932217.8,20387,32624,594,297.0,71.0,2726.0
1783932218.4,20387,32624,594,278.0,72.0,2860.0
1783932219.0,20387,32624,594,305.0,71.0,2755.0
1783932219.6,20387,32624,594,268.0,71.0,2880.0
1783932220.2,20387,32624,594,366.0,71.0,2996.0
1783932220.8,20395,32624,594,209.0,72.0,2759.0
1783932221.4,20398,32624,596,334.0,72.0,2913.0
1783932222.0,20398,32624,596,335.0,71.0,2759.0
1783932222.5,20398,32624,596,236.0,71.0,2719.0
1783932223.1,20398,32624,596,363.0,71.0,3016.0
1783932223.7,20398,32624,596,173.0,71.0,3253.0
1783932224.3,20389,32624,594,310.0,71.0,2737.0
1783932224.9,20389,32624,594,309.0,71.0,2729.0
1783932225.5,20389,32624,594,275.0,71.0,2843.0
1783932226.1,20389,32624,594,315.0,71.0,2833.0
1783932226.7,20389,32624,594,302.0,71.0,2759.0
1783932227.3,20389,32624,594,209.0,71.0,2799.0
1783932227.9,20389,32624,594,310.0,71.0,2955.0
1783932228.5,20378,32624,594,332.0,71.0,2820.0
1783932229.1,20378,32624,594,379.0,71.0,3078.0
1783932229.7,20378,32624,594,329.0,71.0,2748.0
1783932230.3,20378,32624,594,239.0,71.0,2633.0
1783932230.9,20378,32624,594,292.0,71.0,3224.0
1783932231.5,20378,32624,594,324.0,71.0,2734.0
1783932232.1,20378,32624,594,249.0,71.0,2881.0
1783932232.7,20378,32624,594,318.0,72.0,3278.0
1783932233.2,20378,32624,594,311.0,71.0,2772.0
1783932233.8,20378,32624,594,229.0,71.0,3073.0
1783932234.4,20378,32624,594,367.0,71.0,3085.0
1783932235.0,20405,32624,596,300.0,71.0,2773.0
1783932235.6,20405,32624,596,250.0,71.0,2600.0
1783932236.2,20405,32624,596,211.0,70.0,2698.0
1783932236.8,20405,32624,596,340.0,71.0,2915.0
1783932237.4,20405,32624,596,312.0,71.0,2764.0
1783932238.0,20405,32624,596,235.0,71.0,2870.0
1783932238.6,20405,32624,594,249.0,71.0,2794.0
1783932239.2,20405,32624,594,360.0,71.0,3038.0
1783932239.8,20405,32624,594,335.0,71.0,3052.0
1783932240.4,20397,32624,594,307.0,72.0,3057.0
1783932241.0,20397,32624,594,277.0,71.0,2826.0
1783932241.6,20378,32624,594,323.0,71.0,2863.0
1783932242.1,20382,32624,596,305.0,71.0,3086.0
1783932242.7,20382,32624,596,276.0,72.0,2704.0
1783932243.3,20380,32624,596,329.0,71.0,2976.0
1783932243.9,20380,32624,596,195.0,71.0,2798.0
1783932244.5,20380,32624,596,315.0,72.0,2775.0
1783932245.1,20380,32624,596,343.0,72.0,2707.0
1783932245.7,20380,32624,596,331.0,71.0,2863.0
1783932246.3,20380,32624,596,314.0,71.0,2823.0
1783932246.9,20380,32624,594,391.0,72.0,3100.0
1783932247.5,20380,32624,594,305.0,71.0,2715.0
1783932248.1,20380,32624,594,245.0,71.0,2754.0
1783932248.7,20380,32624,594,268.0,71.0,3266.0
1783932249.3,20380,32624,594,315.0,72.0,2769.0
1783932249.9,20378,32624,594,264.0,72.0,2781.0
1783932250.5,20378,32624,594,282.0,72.0,2908.0
1783932251.1,20378,32624,594,307.0,72.0,2792.0
1783932251.7,20378,32624,594,317.0,72.0,2807.0
1783932252.3,20376,32624,594,310.0,72.0,2751.0
1783932252.9,20376,32624,594,352.0,72.0,2913.0
1783932253.5,20376,32624,594,310.0,72.0,2745.0
1783932254.1,20396,32624,594,290.0,72.0,2724.0
1783932254.6,20396,32624,594,309.0,72.0,2777.0
1783932255.2,20396,32624,594,236.0,72.0,2913.0
1783932255.8,20396,32624,594,324.0,72.0,2871.0
1783932256.4,20396,32624,594,313.0,72.0,2759.0
1783932257.0,20394,32624,594,323.0,71.0,2780.0
1783932257.6,20394,32624,594,296.0,72.0,3236.0
1783932258.2,20394,32624,594,264.0,71.0,2676.0
1783932258.8,20394,32624,594,309.0,72.0,2852.0
1783932259.4,20394,32624,594,306.0,72.0,2825.0
1783932260.0,20376,32624,594,212.0,72.0,2748.0
1783932260.6,20376,32624,594,298.0,72.0,3205.0
1783932261.2,20376,32624,594,267.0,72.0,3217.0
1783932261.8,20376,32624,594,363.0,72.0,3224.0
1783932262.4,20376,32624,594,324.0,72.0,3179.0
1783932263.0,20376,32624,594,297.0,72.0,2764.0
1783932263.6,20376,32624,594,303.0,72.0,2734.0
1783932264.2,20376,32624,594,314.0,72.0,3114.0
1783932264.8,20376,32624,594,214.0,72.0,2750.0
1783932265.4,20376,32624,594,308.0,72.0,2788.0
1783932266.0,20376,32624,594,308.0,72.0,3121.0
1783932266.5,20376,32624,594,265.0,72.0,2753.0
1783932267.1,20376,32624,594,306.0,72.0,2956.0
1783932267.7,20417,32624,606,298.0,72.0,2738.0
1783932268.3,20417,32624,606,314.0,72.0,3064.0
1783932268.9,20429,32624,596,338.0,72.0,2746.0
1783932269.5,20429,32624,598,322.0,71.0,3070.0
1783932270.1,20429,32624,598,346.0,72.0,2859.0
1783932270.7,20425,32624,594,76.0,72.0,2756.0
1783932271.3,20425,32624,594,120.0,70.0,1713.0
1783932271.9,20425,32624,594,181.0,70.0,1700.0
1783932272.5,20424,32624,592,281.0,70.0,2655.0
1783932273.1,20424,32624,594,333.0,71.0,2885.0
1783932273.7,20397,32624,594,324.0,71.0,2839.0
1783932274.3,20393,32624,594,289.0,71.0,3255.0
1783932274.9,20402,32624,594,322.0,71.0,2977.0
1783932275.5,20402,32624,594,262.0,71.0,2897.0
1783932276.1,20402,32624,594,317.0,71.0,2835.0
1783932276.7,20402,32624,594,312.0,71.0,2728.0
1783932277.3,20402,32624,598,246.0,71.0,3284.0
1783932277.9,20400,32624,596,295.0,71.0,2721.0
1783932278.5,20400,32624,596,361.0,71.0,3179.0
1783932279.1,20400,32624,596,263.0,71.0,3272.0
1783932279.7,20391,32624,596,318.0,71.0,3064.0
1783932280.3,20391,32624,592,278.0,71.0,3256.0
1783932280.9,20390,32624,594,309.0,71.0,2766.0
1783932281.5,20390,32624,594,306.0,71.0,3042.0
1783932282.1,20390,32624,594,338.0,71.0,2832.0
1783932282.7,20390,32624,594,307.0,71.0,2766.0
1783932283.3,20390,32624,598,291.0,71.0,2975.0
1783932283.9,20386,32624,596,302.0,71.0,3091.0
1783932284.4,20386,32624,596,333.0,71.0,3160.0
1783932285.0,20386,32624,596,349.0,71.0,3101.0
1783932285.6,20386,32624,596,175.0,71.0,2766.0
1783932286.2,20386,32624,596,284.0,71.0,2704.0
1783932286.8,20386,32624,596,306.0,71.0,2769.0
1783932287.4,20393,32624,594,313.0,71.0,3268.0
1783932288.0,20393,32624,594,160.0,71.0,2945.0
1783932288.6,20391,32624,594,290.0,71.0,3252.0
1783932289.2,20388,32624,594,303.0,71.0,3061.0
1783932289.8,20388,32624,594,339.0,72.0,2883.0
1783932290.4,20388,32624,594,285.0,71.0,2800.0
1783932291.0,20388,32624,594,388.0,71.0,3147.0
1783932291.6,20388,32624,594,324.0,71.0,2751.0
1783932292.2,20380,32624,594,327.0,71.0,2788.0
1783932292.8,20377,32624,594,315.0,71.0,3087.0
1783932293.4,20377,32624,594,286.0,72.0,2724.0
1783932294.0,20377,32624,594,310.0,71.0,2787.0
1783932294.6,20377,32624,594,302.0,71.0,2738.0
1783932295.2,20377,32624,594,316.0,72.0,2797.0
1783932295.8,20377,32624,594,290.0,71.0,2718.0
1783932296.4,20377,32624,594,311.0,71.0,3131.0
1783932297.0,20377,32624,594,308.0,72.0,2840.0
1783932297.6,20377,32624,594,337.0,72.0,3085.0
1783932298.2,20372,32624,592,305.0,71.0,2738.0
1783932298.8,20372,32624,592,337.0,71.0,2726.0
1783932299.3,20372,32624,592,269.0,72.0,2855.0
1783932299.9,20372,32624,594,318.0,71.0,2977.0
1783932300.5,20372,32624,594,318.0,71.0,3142.0
1783932301.1,20372,32624,594,330.0,72.0,2960.0
1783932301.7,20379,32624,596,71.0,71.0,2392.0
1783932302.3,20379,32624,596,396.0,72.0,2705.0
1783932303.0,20379,32624,596,327.0,71.0,2878.0
1783932303.5,20379,32624,596,314.0,72.0,2793.0
1783932304.1,20379,32624,596,176.0,71.0,3120.0
1783932304.7,20379,32624,596,331.0,72.0,2854.0
1783932305.3,20379,32624,596,337.0,71.0,2933.0
1783932305.9,20379,32624,596,311.0,71.0,2923.0
1783932306.5,20379,32624,596,331.0,72.0,3220.0
1783932307.1,20379,32624,596,301.0,72.0,2805.0
1783932307.7,20383,32624,594,216.0,72.0,2859.0
1783932308.3,20391,32624,596,294.0,71.0,2712.0
1783932308.9,20391,32624,596,313.0,72.0,2906.0
1783932309.5,20391,32624,596,337.0,71.0,2782.0
1783932310.1,20391,32624,596,208.0,72.0,2673.0
1783932310.7,20391,32624,596,176.0,72.0,2694.0
1783932311.3,20391,32624,596,222.0,72.0,3071.0
1783932311.9,20391,32624,596,304.0,71.0,3160.0
1783932312.5,20391,32624,596,238.0,71.0,2747.0
1783932313.1,20388,32624,594,333.0,71.0,2897.0
1783932313.6,20388,32624,594,321.0,71.0,2787.0
1783932314.2,20388,32624,594,335.0,71.0,3223.0
1783932314.8,20388,32624,594,404.0,71.0,3061.0
1783932315.5,20388,32624,594,364.0,71.0,2675.0
1783932316.0,20380,32624,598,251.0,72.0,3167.0
1783932316.6,20380,32624,598,295.0,71.0,3198.0
1783932317.2,20380,32624,598,394.0,71.0,2999.0
1783932317.8,20380,32624,598,140.0,71.0,2691.0
1783932318.4,20380,32624,598,340.0,72.0,2882.0
1783932319.0,20380,32624,594,295.0,72.0,2778.0
1783932319.6,20380,32624,594,253.0,71.0,2803.0
1783932320.2,20380,32624,594,120.0,72.0,2934.0
1783932320.8,20378,32624,594,315.0,71.0,2806.0
1783932321.4,20378,32624,594,295.0,71.0,2775.0
1783932322.0,20383,32624,594,239.0,71.0,2655.0
1783932322.6,20391,32624,594,162.0,71.0,3153.0
1783932323.2,20391,32624,594,312.0,72.0,2807.0
1783932323.8,20391,32624,594,220.0,71.0,2770.0
1783932324.4,20401,32624,600,246.0,72.0,2851.0
1783932325.0,20403,32624,600,326.0,71.0,2696.0
1783932325.6,20433,32624,604,160.0,71.0,2761.0
1783932326.2,20416,32624,602,300.0,71.0,2764.0
1783932326.8,20416,32624,600,316.0,71.0,3256.0
1783932327.4,20416,32624,600,258.0,71.0,2767.0
1783932328.0,20442,32624,600,331.0,71.0,3050.0
1783932328.6,20434,32624,600,337.0,72.0,2736.0
1783932329.2,20434,32624,600,254.0,72.0,2802.0
1783932329.8,20434,32624,600,310.0,72.0,2886.0
1783932330.4,20434,32624,598,308.0,71.0,2815.0
1783932331.0,20425,32624,600,241.0,71.0,3020.0
1783932331.6,20435,32624,618,332.0,71.0,2892.0
1783932332.2,20436,32624,612,309.0,71.0,2730.0
1783932332.8,20438,32624,600,350.0,72.0,3251.0
1783932333.4,20444,32624,610,317.0,72.0,3274.0
1783932334.0,20458,32624,604,276.0,72.0,2875.0
1783932334.6,20458,32624,604,328.0,71.0,2885.0
1783932335.2,20458,32624,604,374.0,72.0,3040.0
1783932335.8,20458,32624,596,311.0,72.0,3260.0
1783932336.4,20458,32624,598,306.0,72.0,2776.0
1783932337.0,20454,32624,596,301.0,72.0,3234.0
1783932337.6,20454,32624,596,239.0,70.0,2827.0
1783932338.2,20451,32624,596,304.0,71.0,2743.0
1783932338.8,20451,32624,596,254.0,71.0,2827.0
1783932339.4,20438,32624,594,323.0,71.0,2975.0
1783932340.0,20424,32624,596,292.0,71.0,2873.0
1783932340.6,20424,32624,596,325.0,71.0,2839.0
1783932341.2,20424,32624,594,203.0,71.0,2754.0
1783932341.8,20439,32624,600,350.0,71.0,2971.0
1783932342.4,20439,32624,600,317.0,71.0,2839.0
1783932343.0,20439,32624,598,338.0,71.0,3234.0
1783932343.6,20439,32624,598,211.0,71.0,3196.0
1783932344.2,20439,32624,596,218.0,71.0,3070.0
1783932344.8,20439,32624,596,340.0,71.0,3248.0
1783932345.4,20437,32624,594,415.0,71.0,3138.0
1783932345.9,20437,32624,594,226.0,71.0,2652.0
1783932346.5,20437,32624,594,201.0,71.0,2727.0
1783932347.1,20434,32624,594,337.0,71.0,3175.0
1783932347.7,20405,32624,594,309.0,71.0,2774.0
1783932348.3,20405,32624,594,245.0,71.0,3138.0
1783932348.9,20405,32624,594,274.0,71.0,3292.0
1783932349.5,20401,32624,594,357.0,72.0,3080.0
1783932350.1,20401,32624,594,336.0,71.0,3009.0
1783932350.7,20401,32624,594,324.0,71.0,3261.0
1783932351.3,20401,32624,594,339.0,72.0,3180.0
1783932351.9,20423,32624,598,320.0,71.0,2784.0
1783932352.5,20423,32624,598,300.0,72.0,2731.0
1783932353.1,20425,32624,596,330.0,72.0,3154.0
1783932353.7,20425,32624,596,314.0,71.0,2765.0
1783932354.3,20425,32624,596,316.0,71.0,3132.0
1783932354.9,20425,32624,596,334.0,71.0,2705.0
1783932355.5,20425,32624,596,305.0,71.0,2714.0
1783932356.1,20422,32624,596,339.0,71.0,3206.0
1783932356.7,20422,32624,596,340.0,71.0,2939.0
1783932357.3,20422,32624,596,300.0,71.0,3268.0
1783932357.9,20422,32624,596,276.0,71.0,2668.0
1783932358.4,20418,32624,596,312.0,71.0,3281.0
1783932359.0,20418,32624,596,306.0,71.0,3070.0
1783932359.6,20418,32624,596,357.0,71.0,3110.0
1783932360.2,20415,32624,594,142.0,72.0,3065.0
1783932360.8,20415,32624,594,155.0,71.0,2956.0
1783932361.4,20415,32624,594,132.0,71.0,3009.0
1783932362.0,20415,32624,594,78.0,72.0,2944.0
1783932362.6,20415,32624,594,329.0,72.0,3227.0
1783932363.2,20415,32624,594,232.0,71.0,2661.0
1783932363.8,20409,32624,594,307.0,71.0,2784.0
1783932364.4,20409,32624,594,304.0,72.0,3284.0
1783932365.0,20405,32624,594,361.0,71.0,3053.0
1783932365.6,20405,32624,594,309.0,71.0,3089.0
1783932366.2,20436,32624,608,137.0,71.0,2995.0
1783932366.8,20436,32624,608,364.0,72.0,2862.0
1783932367.4,20436,32624,608,318.0,71.0,2981.0
1783932368.0,20436,32624,608,278.0,71.0,3250.0
1783932368.6,20436,32624,608,333.0,71.0,3256.0
1783932369.2,20436,32624,596,336.0,72.0,3123.0
1783932369.8,20436,32624,596,313.0,71.0,2780.0
1783932370.4,20438,32624,606,302.0,71.0,3271.0
1783932371.0,20438,32624,606,405.0,72.0,3189.0
1783932371.6,20438,32624,606,322.0,71.0,2823.0
1783932372.2,20434,32624,604,254.0,71.0,3083.0
1783932372.8,20434,32624,600,215.0,71.0,2955.0
1783932373.4,20388,32624,596,79.0,72.0,144.0
1783932374.0,20392,32624,600,311.0,71.0,2812.0
1783932374.6,20392,32624,600,245.0,72.0,2706.0
1783932375.2,20392,32624,598,282.0,72.0,2862.0
1783932375.8,20392,32624,598,290.0,71.0,2849.0
1783932376.4,20392,32624,596,339.0,72.0,2866.0
1783932377.0,20390,32624,602,331.0,71.0,2805.0
1783932377.5,20390,32624,602,394.0,72.0,3161.0
1783932378.2,20387,32624,596,156.0,72.0,2864.0
1783932378.8,20387,32624,596,343.0,72.0,3162.0
1783932379.3,20387,32624,596,335.0,72.0,2876.0
1783932379.9,20387,32624,596,256.0,71.0,2695.0
1783932380.5,20387,32624,596,291.0,72.0,3260.0
1783932381.1,20387,32624,596,395.0,72.0,3128.0
1783932381.7,20387,32624,596,233.0,72.0,2641.0
1783932382.3,20387,32624,596,269.0,71.0,3129.0
1783932382.9,20377,32624,596,321.0,71.0,2750.0
1783932383.5,20377,32624,596,322.0,71.0,3200.0
1783932384.1,20377,32624,596,405.0,72.0,3157.0
1783932384.7,20365,32624,596,309.0,72.0,2752.0
1783932385.3,20365,32624,596,306.0,72.0,3114.0
1783932385.9,20370,32624,596,224.0,72.0,3020.0
1783932386.5,20370,32624,596,380.0,72.0,3161.0
1783932387.1,20399,32624,604,255.0,72.0,3071.0
1783932387.7,20407,32624,598,325.0,71.0,2838.0
1783932388.3,20439,32624,604,310.0,72.0,2938.0
1783932388.9,20439,32624,604,304.0,71.0,3051.0
1783932389.5,20439,32624,604,310.0,71.0,2996.0
1783932390.1,20439,32624,604,135.0,72.0,2736.0
1783932390.7,20429,32624,596,332.0,72.0,2778.0
1783932391.3,20426,32624,596,370.0,72.0,3199.0
1783932391.9,20418,32624,598,311.0,71.0,3275.0
1783932392.4,20429,32624,598,324.0,72.0,2756.0
1783932393.0,20424,32624,598,313.0,72.0,3228.0
1783932393.6,20415,32624,598,320.0,72.0,2813.0
1783932394.2,20415,32624,598,297.0,71.0,2735.0
1783932394.8,20408,32624,598,224.0,71.0,2707.0
1783932395.4,20408,32624,598,206.0,71.0,2783.0
1783932396.0,20412,32624,600,306.0,72.0,2828.0
1783932396.7,20456,32624,618,317.0,71.0,2775.0
1783932397.3,20458,32624,602,314.0,71.0,2826.0
1783932397.9,20468,32624,598,208.0,72.0,3038.0
1783932398.5,20459,32624,606,387.0,71.0,3170.0
1783932399.1,20469,32624,604,272.0,72.0,3269.0
1783932399.7,20471,32624,612,354.0,72.0,2286.0
1783932400.3,20471,32624,612,354.0,71.0,3142.0
1783932400.9,20471,32624,612,323.0,72.0,2808.0
1783932401.5,20471,32624,612,324.0,72.0,2601.0
1783932402.1,20471,32624,592,313.0,72.0,2704.0
1783932402.7,20467,32624,598,272.0,72.0,3211.0
1783932403.3,20467,32624,598,261.0,71.0,2712.0
1783932403.8,20462,32624,596,318.0,71.0,3282.0
1783932404.4,20475,32624,610,310.0,72.0,2762.0
1783932405.0,20449,32624,600,322.0,71.0,3221.0
1783932405.6,20449,32624,600,345.0,72.0,2828.0
1783932406.2,20449,32624,600,341.0,72.0,2877.0
1783932406.8,20449,32624,600,295.0,71.0,2776.0
1783932407.4,20447,32624,592,307.0,71.0,2749.0
1783932408.0,20447,32624,596,314.0,72.0,3080.0
1783932408.6,20447,32624,600,328.0,72.0,2870.0
1783932409.2,20447,32624,600,339.0,72.0,2883.0
1783932409.8,20447,32624,600,332.0,71.0,2745.0
1783932410.4,20426,32624,596,279.0,72.0,3160.0
1783932411.0,20426,32624,596,308.0,72.0,3265.0
1783932411.6,20426,32624,596,276.0,72.0,3151.0
1783932412.2,20426,32624,596,344.0,72.0,3238.0
1783932412.8,20418,32624,596,354.0,71.0,2950.0
1783932413.4,20418,32624,596,312.0,71.0,2766.0
1783932414.0,20429,32624,610,285.0,71.0,2729.0
1783932414.6,20429,32624,610,300.0,71.0,3142.0
1783932415.2,20512,32624,612,309.0,72.0,2884.0
1783932415.8,20514,32624,612,327.0,72.0,3185.0
1783932416.4,20514,32624,604,228.0,72.0,3229.0
1783932417.0,20514,32624,598,301.0,72.0,3254.0
1783932417.6,20509,32624,600,232.0,72.0,3120.0
1783932418.2,20509,32624,600,342.0,72.0,3232.0
1783932418.8,20509,32624,600,352.0,72.0,2992.0
1783932419.4,20509,32624,600,207.0,72.0,3268.0
1783932420.0,20509,32624,600,217.0,71.0,2751.0
1783932420.6,20475,32624,600,312.0,72.0,3249.0
1783932421.2,20475,32624,600,316.0,72.0,2867.0
1783932421.8,20475,32624,600,328.0,72.0,3152.0
1783932422.4,20475,32624,600,328.0,72.0,3218.0
1783932423.0,20471,32624,598,337.0,72.0,3006.0
1783932423.6,20471,32624,598,295.0,72.0,3275.0
1783932424.2,20471,32624,598,371.0,71.0,3236.0
1783932424.8,20471,32624,598,324.0,72.0,2978.0
1783932425.4,20471,32624,598,323.0,72.0,2654.0
1783932426.0,20471,32624,598,347.0,72.0,2907.0
1783932426.6,20471,32624,598,307.0,71.0,2746.0
1783932427.2,20471,32624,598,342.0,71.0,3239.0
1783932427.8,20471,32624,598,279.0,72.0,3139.0
1783932428.3,20471,32624,598,338.0,72.0,3156.0
1783932428.9,20471,32624,598,345.0,72.0,2904.0
1783932429.5,20463,32624,598,318.0,71.0,2674.0
1783932430.1,20463,32624,598,278.0,71.0,2726.0
1783932430.7,20463,32624,598,311.0,72.0,2774.0
1783932431.3,20463,32624,598,352.0,71.0,2789.0
1783932431.9,20463,32624,598,320.0,72.0,2819.0
1783932432.5,20463,32624,598,327.0,71.0,2782.0
1783932433.1,20460,32624,598,378.0,72.0,3039.0
1783932433.7,20465,32624,600,316.0,71.0,3251.0
1783932434.3,20465,32624,600,184.0,71.0,2819.0
1783932434.9,20465,32624,600,124.0,71.0,261.0
1783932435.5,20465,32624,600,365.0,71.0,3094.0
1783932436.1,20465,32624,600,330.0,71.0,2840.0
1783932436.7,20465,32624,600,330.0,71.0,2920.0
1783932437.3,20465,32624,600,320.0,72.0,2815.0
1783932437.9,20465,32624,600,311.0,71.0,3125.0
1783932438.5,20465,32624,600,292.0,71.0,3169.0
1783932439.1,20460,32624,598,365.0,71.0,3011.0
1783932439.7,20460,32624,598,320.0,71.0,2749.0
1783932440.2,20460,32624,598,148.0,72.0,2754.0
1783932440.8,20460,32624,598,206.0,71.0,2735.0
1783932441.4,20460,32624,598,325.0,71.0,2834.0
1783932442.0,20460,32624,598,226.0,71.0,2794.0
1783932442.6,20460,32624,598,323.0,71.0,2858.0
1783932443.2,20460,32624,598,386.0,72.0,3165.0
1783932443.8,20460,32624,598,326.0,72.0,3134.0
1783932444.4,20460,32624,598,301.0,71.0,2669.0
1783932445.0,20456,32624,600,220.0,72.0,2812.0
1783932445.6,20454,32624,600,259.0,72.0,2878.0
1783932446.2,20454,32624,600,355.0,72.0,3121.0
1783932446.8,20455,32624,602,305.0,72.0,2904.0
1783932447.4,20465,32624,606,174.0,72.0,3282.0
1783932448.0,20465,32624,606,308.0,71.0,3254.0
1783932448.6,20465,32624,598,325.0,71.0,3154.0
1783932449.2,20466,32624,602,335.0,72.0,3007.0
1783932449.8,20466,32624,602,344.0,72.0,3144.0
1783932450.4,20466,32624,600,310.0,71.0,2634.0
1783932451.0,20466,32624,598,357.0,72.0,3120.0
1783932451.6,20466,32624,598,291.0,71.0,3257.0
1783932452.2,20462,32624,598,308.0,72.0,2969.0
1783932452.8,20478,32624,608,317.0,71.0,2729.0
1783932453.4,20474,32624,606,364.0,72.0,3197.0
1783932454.0,20474,32624,604,323.0,72.0,2827.0
1783932454.6,20474,32624,600,265.0,71.0,2828.0
1783932455.2,20470,32624,600,332.0,72.0,2897.0
1783932455.8,20470,32624,600,304.0,71.0,2791.0
1783932456.4,20470,32624,600,327.0,71.0,3136.0
1783932457.0,20470,32624,600,324.0,71.0,2755.0
1783932457.6,20466,32624,598,279.0,71.0,2636.0
1783932458.2,20466,32624,598,333.0,71.0,2777.0
1783932458.7,20457,32624,598,253.0,71.0,3212.0
1783932459.3,20468,32624,604,313.0,71.0,2777.0
1783932459.9,20468,32624,602,305.0,71.0,2791.0
1783932460.5,20468,32624,598,308.0,71.0,2780.0
1783932461.1,20464,32624,600,340.0,71.0,2749.0
1783932461.7,20462,32624,600,203.0,71.0,2662.0
1783932462.3,20462,32624,598,351.0,71.0,2904.0
1783932462.9,20462,32624,598,295.0,71.0,2774.0
1783932463.5,20462,32624,602,301.0,71.0,2697.0
1783932464.1,20462,32624,600,321.0,71.0,2983.0
1783932464.7,20455,32624,598,192.0,71.0,2791.0
1783932465.3,20458,32624,602,272.0,71.0,3263.0
1783932465.9,20458,32624,602,293.0,71.0,2974.0
1783932466.5,20458,32624,600,362.0,71.0,3179.0
1783932467.1,20458,32624,600,254.0,71.0,2771.0
1783932467.7,20458,32624,600,314.0,71.0,2837.0
1783932468.3,20458,32624,600,269.0,71.0,3122.0
1783932468.9,20458,32624,600,373.0,71.0,3082.0
1783932469.5,20458,32624,600,343.0,71.0,3240.0
1783932470.1,20458,32624,598,201.0,71.0,2705.0
1783932470.7,20466,32624,602,259.0,71.0,3213.0
1783932471.3,20462,32624,594,321.0,71.0,3270.0
1783932471.9,20462,32624,596,332.0,71.0,2744.0
1783932472.5,20462,32624,596,302.0,71.0,3225.0
1783932473.0,20461,32624,596,311.0,71.0,2827.0
1783932473.6,20453,32624,596,298.0,71.0,2717.0
1783932474.2,20453,32624,596,305.0,71.0,3276.0
1783932474.8,20461,32624,602,256.0,71.0,3087.0
1783932475.4,20461,32624,602,334.0,71.0,2949.0
1783932476.0,20461,32624,600,312.0,71.0,2818.0
1783932476.6,20461,32624,600,301.0,71.0,2914.0
1783932477.2,20461,32624,600,243.0,71.0,2808.0
1783932477.8,20461,32624,600,167.0,71.0,2703.0
1783932478.4,20462,32624,598,318.0,71.0,2878.0
1783932479.0,20460,32624,598,316.0,71.0,3186.0
1783932479.6,20462,32624,598,321.0,71.0,2770.0
1783932480.2,20462,32624,598,300.0,71.0,3282.0
1783932480.8,20451,32624,598,249.0,71.0,2783.0
1783932481.4,20447,32624,598,302.0,71.0,2822.0
1783932482.0,20447,32624,598,281.0,71.0,2717.0
1783932482.6,20460,32624,604,307.0,71.0,2807.0
1783932483.2,20460,32624,604,317.0,71.0,2783.0
1783932483.8,20460,32624,604,319.0,71.0,2836.0
1783932484.3,20460,32624,604,341.0,71.0,3236.0
1783932484.9,20468,32624,606,331.0,71.0,2824.0
1783932485.5,20466,32624,602,289.0,71.0,3168.0
1783932486.1,20466,32624,602,315.0,71.0,2809.0
1783932486.7,20466,32624,602,328.0,71.0,2861.0
1783932487.3,20466,32624,602,40.0,69.0,2637.0
1783932487.9,20485,32624,598,323.0,70.0,2830.0
1783932488.5,20485,32624,598,313.0,71.0,2827.0
1783932489.1,20485,32624,598,306.0,71.0,2778.0
1783932489.7,20485,32624,598,280.0,71.0,2846.0
1783932490.3,20485,32624,598,307.0,71.0,2817.0
1783932490.9,20477,32624,598,312.0,71.0,2785.0
1783932491.5,20477,32624,598,242.0,71.0,2664.0
1783932492.1,20477,32624,598,322.0,71.0,2796.0
1783932492.6,20477,32624,598,370.0,71.0,3057.0
1783932493.2,20477,32624,598,317.0,71.0,2771.0
1783932493.8,20477,32624,598,281.0,71.0,2832.0
1783932494.4,20477,32624,598,355.0,71.0,2988.0
1783932495.0,20477,32624,598,296.0,71.0,2778.0
1783932495.6,20477,32624,598,301.0,71.0,3097.0
1783932496.2,20477,32624,598,260.0,71.0,2676.0
1783932496.8,20477,32624,598,324.0,71.0,3072.0
1783932497.4,20477,32624,598,301.0,71.0,2729.0
1783932498.0,20486,32624,602,166.0,71.0,2765.0
1783932498.6,20486,32624,600,288.0,71.0,3171.0
1783932499.2,20487,32624,600,183.0,71.0,2704.0
1783932499.8,20487,32624,600,200.0,71.0,3184.0
1783932500.4,20483,32624,600,292.0,71.0,2986.0
1783932501.0,20483,32624,602,345.0,71.0,3115.0
1783932501.6,20481,32624,604,332.0,71.0,2859.0
1783932502.2,20481,32624,604,313.0,71.0,2773.0
1783932502.8,20481,32624,600,298.0,71.0,2758.0
1783932503.4,20474,32624,602,312.0,71.0,3113.0
1783932504.0,20476,32624,602,325.0,71.0,3070.0
1783932504.6,20484,32624,604,316.0,71.0,2918.0
1783932505.1,20484,32624,604,361.0,71.0,3045.0
1783932505.7,20484,32624,600,307.0,71.0,3121.0
1783932506.3,20484,32624,602,332.0,71.0,2739.0
1783932506.9,20478,32624,602,199.0,71.0,2905.0
1783932507.5,20478,32624,602,258.0,71.0,2997.0
1783932508.1,20478,32624,602,309.0,71.0,3036.0
1783932508.7,20484,32624,604,342.0,71.0,2907.0
1783932509.3,20484,32624,604,307.0,71.0,2762.0
1783932509.9,20482,32624,604,338.0,71.0,3246.0
1783932510.5,20482,32624,604,316.0,71.0,2866.0
1783932511.1,20482,32624,604,248.0,71.0,2873.0
1783932511.7,20482,32624,600,329.0,71.0,2907.0
1783932512.3,20482,32624,600,330.0,71.0,3159.0
1783932512.9,20482,32624,600,286.0,71.0,2939.0
1783932513.5,20482,32624,600,312.0,71.0,2788.0
1783932514.1,20482,32624,600,301.0,71.0,2719.0
1783932514.6,20474,32624,600,307.0,71.0,2755.0
1783932515.2,20474,32624,600,177.0,71.0,2659.0
1783932515.8,20474,32624,600,283.0,71.0,2702.0
1783932516.4,20474,32624,600,354.0,71.0,2906.0
1783932517.0,20474,32624,600,243.0,71.0,2752.0
1783932517.6,20470,32624,602,149.0,71.0,2718.0
1783932518.2,20470,32624,602,327.0,71.0,3212.0
1783932518.8,20470,32624,602,298.0,71.0,2859.0
1783932519.4,20470,32624,602,344.0,71.0,2944.0
1783932520.0,20470,32624,602,254.0,71.0,2960.0
1783932520.6,20470,32624,602,290.0,71.0,3265.0
1783932521.2,20470,32624,602,316.0,71.0,2773.0
1783932521.8,20470,32624,602,376.0,71.0,3089.0
1783932522.4,20470,32624,602,331.0,71.0,2763.0
1783932523.0,20464,32624,602,313.0,71.0,2770.0
1783932523.6,20464,32624,602,147.0,71.0,2703.0
1783932524.1,20464,32624,602,323.0,71.0,3105.0
1783932524.7,20464,32624,602,317.0,71.0,2761.0
1783932525.3,20464,32624,602,334.0,71.0,2919.0
1783932525.9,20464,32624,602,321.0,71.0,3166.0
1783932526.5,20464,32624,602,294.0,71.0,2732.0
1783932527.1,20464,32624,602,238.0,71.0,3027.0
1783932527.7,20464,32624,602,341.0,71.0,2757.0
1783932528.3,20464,32624,602,293.0,71.0,3224.0
1783932528.9,20488,32624,606,352.0,71.0,2980.0
1783932529.5,20488,32624,604,342.0,71.0,3024.0
1783932530.1,20490,32624,602,327.0,71.0,2878.0
1783932530.7,20494,32624,618,208.0,71.0,2809.0
1783932531.3,20494,32624,606,408.0,71.0,3143.0
1783932531.9,20494,32624,606,320.0,71.0,3133.0
1783932532.5,20490,32624,606,298.0,71.0,3216.0
1783932533.1,20490,32624,604,318.0,71.0,2843.0
1783932533.7,20490,32624,602,285.0,72.0,2941.0
1783932534.3,20488,32624,602,348.0,71.0,2936.0
1783932534.9,20488,32624,602,326.0,71.0,2892.0
1783932535.5,20488,32624,602,320.0,71.0,2914.0
1783932536.1,20488,32624,602,279.0,71.0,2728.0
1783932536.7,20488,32624,602,306.0,71.0,2706.0
1783932537.3,20488,32624,604,180.0,71.0,2521.0
1783932537.9,20484,32624,604,316.0,71.0,2967.0
1783932538.4,20484,32624,604,375.0,71.0,3187.0
1783932539.0,20484,32624,600,314.0,71.0,3277.0
1783932539.6,20483,32624,600,261.0,71.0,3151.0
1783932540.2,20483,32624,600,304.0,71.0,2861.0
1783932540.8,20475,32624,600,264.0,71.0,2704.0
1783932541.4,20475,32624,600,359.0,71.0,3045.0
1783932542.0,20475,32624,600,302.0,71.0,3076.0
1783932542.6,20475,32624,600,371.0,71.0,3088.0
1783932543.2,857,32624,96,34.0,69.0,0.0
1783932543.8,857,32624,96,15.0,68.0,0.0
1783932544.4,844,32624,80,16.0,67.0,0.0
1783932545.0,844,32624,80,15.0,67.0,0.0
1783932545.6,844,32624,80,15.0,66.0,0.0
1783932546.2,844,32624,80,15.0,66.0,0.0
1783932546.8,855,32624,80,27.0,66.0,0.0
1783932547.4,855,32624,80,16.0,65.0,0.0
1783932548.0,864,32624,94,27.0,65.0,0.0
1783932548.5,866,32624,86,28.0,64.0,0.0
1783932549.1,868,32624,84,26.0,64.0,1464.0
1783932549.7,868,32624,84,17.0,64.0,0.0
1783932550.3,868,32624,84,15.0,63.0,0.0
1783932550.9,868,32624,84,14.0,63.0,0.0
1783932551.5,868,32624,84,15.0,62.0,0.0
1783932552.1,891,32624,98,38.0,62.0,61.0
1783932552.7,889,32624,94,25.0,62.0,1480.0
1783932553.3,893,32624,104,36.0,62.0,1751.0
1783932553.9,896,32624,106,36.0,61.0,1757.0
1783932554.5,919,32624,98,36.0,61.0,1393.0
1783932555.1,921,32624,94,17.0,60.0,0.0
1783932555.7,921,32624,94,16.0,60.0,0.0
1783932556.3,921,32624,82,16.0,60.0,0.0
1783932556.9,909,32624,86,39.0,60.0,1748.0
1783932557.5,909,32624,86,15.0,60.0,0.0
1783932558.1,907,32624,86,24.0,59.0,87.0
1783932558.8,908,32624,82,34.0,59.0,36.0
1783932559.4,917,32624,80,16.0,59.0,0.0
1783932560.0,919,32624,82,21.0,58.0,33.0
1783932560.6,920,32624,82,14.0,58.0,0.0
1783932561.1,920,32624,82,15.0,58.0,0.0
1783932561.7,918,32624,82,15.0,57.0,0.0
1783932562.3,918,32624,82,15.0,57.0,0.0
1783932562.9,918,32624,82,15.0,57.0,0.0
1783932563.5,918,32624,82,13.0,57.0,0.0
1783932564.1,916,32624,82,15.0,56.0,0.0
1783932564.7,912,32624,82,34.0,57.0,1416.0
1783932565.3,923,32624,84,34.0,56.0,1753.0
1783932565.9,926,32624,88,26.0,56.0,0.0
1783932566.5,926,32624,80,18.0,56.0,0.0
1783932567.1,16546,32624,80,38.0,56.0,99.0
1783932567.7,16539,32624,80,29.0,55.0,0.0
1783932568.3,16503,32624,88,30.0,55.0,186.0
1783932568.9,16481,32624,98,36.0,56.0,99.0
1783932569.5,16486,32624,94,36.0,55.0,109.0
1783932570.1,16497,32624,84,35.0,55.0,50.0
1783932570.7,16486,32624,76,28.0,55.0,0.0
1783932571.3,19147,32624,91,51.0,55.0,41.0
1783932571.9,20464,32624,511,31.0,55.0,0.0
1783932572.5,20473,32624,591,112.0,55.0,1707.0
1783932573.1,20475,32624,583,115.0,56.0,1713.0
1783932573.7,20475,32624,587,252.0,56.0,2451.0
1783932574.3,20437,32624,603,236.0,57.0,2864.0
1783932574.9,20450,32624,595,246.0,58.0,3192.0
1783932575.5,20441,32624,601,235.0,58.0,2890.0
1783932576.1,20450,32624,599,318.0,59.0,2862.0
1783932576.7,20441,32624,607,314.0,59.0,2815.0
1783932577.3,20441,32624,607,343.0,60.0,3142.0
1783932577.9,20441,32624,607,314.0,60.0,2959.0
1783932578.5,20443,32624,591,385.0,60.0,3204.0
1783932579.1,20441,32624,589,306.0,60.0,2872.0
1783932579.7,20444,32624,585,242.0,60.0,2870.0
1783932580.3,20444,32624,587,314.0,61.0,2894.0
1783932580.9,20449,32624,585,339.0,61.0,3129.0
1783932581.5,20428,32624,583,223.0,61.0,2762.0
1783932582.1,20418,32624,585,312.0,61.0,2862.0
1783932582.7,20418,32624,585,317.0,62.0,2982.0
1783932583.3,20418,32624,581,345.0,62.0,2849.0
1783932583.9,20418,32624,581,250.0,62.0,2868.0
1783932584.5,20424,32624,585,324.0,62.0,3214.0
1783932585.1,20424,32624,585,329.0,62.0,2885.0
1783932585.6,20415,32624,585,230.0,63.0,2986.0
1783932586.2,20415,32624,585,292.0,63.0,3255.0
1783932586.8,20415,32624,585,361.0,63.0,3071.0
1783932587.4,20411,32624,585,320.0,63.0,2925.0
1783932588.0,20411,32624,585,307.0,63.0,2783.0
1783932588.6,20411,32624,585,305.0,64.0,3206.0
1783932589.2,20408,32624,585,298.0,64.0,3265.0
1783932589.8,20407,32624,585,309.0,64.0,2849.0
1783932590.4,20407,32624,585,172.0,64.0,2784.0
1783932591.0,20422,32624,607,249.0,64.0,3317.0
1783932591.6,20417,32624,607,303.0,64.0,2832.0
1783932592.2,20417,32624,583,253.0,64.0,3112.0
1783932592.8,20411,32624,587,316.0,64.0,3024.0
1783932593.4,20411,32624,587,334.0,64.0,3252.0
1783932594.0,20411,32624,587,321.0,65.0,2830.0
1783932594.6,20411,32624,587,307.0,65.0,2793.0
1783932595.2,20411,32624,587,283.0,65.0,2739.0
1783932595.8,20411,32624,587,320.0,65.0,2858.0
1783932596.4,20411,32624,583,310.0,65.0,2796.0
1783932597.0,20375,32624,583,377.0,65.0,3117.0
1783932597.6,20375,32624,583,321.0,65.0,2776.0
1783932598.2,20375,32624,583,326.0,66.0,2870.0
1783932598.8,20375,32624,583,318.0,66.0,2872.0
1783932599.4,20375,32624,583,338.0,66.0,3253.0
1783932600.0,20375,32624,583,376.0,66.0,3235.0
1783932600.6,20375,32624,583,302.0,66.0,2782.0
1783932601.2,20375,32624,583,173.0,66.0,2761.0
1783932601.7,20375,32624,583,386.0,66.0,3131.0
1783932602.3,20375,32624,583,320.0,66.0,2853.0
1783932602.9,20371,32624,583,275.0,66.0,2967.0
1783932603.5,20371,32624,583,189.0,66.0,2720.0
1783932604.1,20371,32624,583,362.0,66.0,3142.0
1783932604.7,20371,32624,583,293.0,66.0,2828.0
1783932605.3,20376,32624,583,278.0,67.0,2870.0
1783932605.9,20382,32624,583,179.0,67.0,3001.0
1783932606.5,20382,32624,583,286.0,67.0,2653.0
1783932607.1,20385,32624,583,208.0,67.0,2799.0
1783932607.7,20395,32624,585,205.0,67.0,2925.0
1783932608.3,20395,32624,585,309.0,67.0,3167.0
1783932608.9,20459,32624,625,346.0,67.0,2764.0
1783932609.5,20442,32624,619,327.0,67.0,3250.0
1783932610.1,20444,32624,603,79.0,67.0,638.0
1783932610.7,20444,32624,593,185.0,68.0,3028.0
1783932611.3,20445,32624,593,235.0,67.0,3154.0
1783932611.9,20445,32624,593,309.0,67.0,2828.0
1783932612.5,20437,32624,593,320.0,67.0,2797.0
1783932613.1,20437,32624,593,261.0,67.0,2704.0
1783932613.7,20437,32624,593,203.0,68.0,2855.0
1783932614.3,20437,32624,593,291.0,68.0,3272.0
1783932614.9,20426,32624,581,323.0,68.0,3235.0
1783932615.5,20422,32624,589,332.0,67.0,2846.0
1783932616.1,20422,32624,589,312.0,67.0,3165.0
1783932616.7,20422,32624,585,316.0,68.0,3283.0
1783932617.2,20422,32624,585,318.0,68.0,3145.0
1783932617.8,20422,32624,593,335.0,68.0,3009.0
1783932618.4,20422,32624,593,292.0,68.0,2736.0
1783932619.0,20424,32624,593,369.0,68.0,3207.0
1783932619.6,20424,32624,593,340.0,68.0,2977.0
1783932620.2,20424,32624,593,338.0,68.0,2979.0
1783932620.8,20424,32624,583,307.0,68.0,3274.0
1783932621.4,20424,32624,583,322.0,68.0,2770.0
1783932622.0,20424,32624,583,315.0,68.0,2775.0
1783932622.6,20424,32624,583,201.0,68.0,2950.0
1783932623.2,20424,32624,583,303.0,68.0,3092.0
1783932623.8,20424,32624,587,313.0,68.0,2843.0
1783932624.4,20459,32624,605,132.0,68.0,2821.0
1783932625.0,20463,32624,605,311.0,68.0,3284.0
1783932625.6,20442,32624,591,345.0,68.0,3243.0
1783932626.2,20442,32624,591,315.0,69.0,3194.0
1783932626.8,20442,32624,589,253.0,69.0,3129.0
1783932627.4,20442,32624,589,289.0,69.0,3212.0
1783932628.0,20442,32624,589,325.0,69.0,2853.0
1783932628.6,20436,32624,607,355.0,69.0,2746.0
1783932629.2,20425,32624,585,329.0,69.0,3196.0
1783932629.8,20425,32624,585,293.0,69.0,3235.0
1783932630.4,20425,32624,595,338.0,68.0,3266.0
1783932630.9,20426,32624,585,302.0,69.0,3269.0
1783932631.5,20424,32624,583,372.0,69.0,3222.0
1783932632.1,20424,32624,583,278.0,69.0,2915.0
1783932632.7,20428,32624,597,306.0,69.0,2760.0
1783932633.3,20428,32624,597,344.0,69.0,3175.0
1783932633.9,20430,32624,583,326.0,69.0,2808.0
1783932634.5,20430,32624,583,304.0,69.0,2758.0
1783932635.1,20430,32624,583,345.0,69.0,2763.0
1783932635.7,20406,32624,585,290.0,69.0,3095.0
1783932636.3,20406,32624,585,298.0,69.0,3278.0
1783932636.9,20406,32624,585,315.0,69.0,2714.0
1783932637.5,20406,32624,585,320.0,69.0,2828.0
1783932638.1,20406,32624,585,213.0,69.0,2601.0
1783932638.7,20406,32624,585,325.0,69.0,3145.0
1783932639.3,20406,32624,585,341.0,69.0,3114.0
1783932639.9,20406,32624,585,375.0,69.0,3133.0
1783932640.5,20406,32624,585,313.0,69.0,3286.0
1783932641.1,20406,32624,585,344.0,69.0,3072.0
1783932641.7,20406,32624,585,306.0,69.0,2772.0
1783932642.3,20401,32624,581,321.0,69.0,3150.0
1783932642.9,20401,32624,581,353.0,69.0,2981.0
1783932643.5,20397,32624,581,192.0,69.0,2962.0
1783932644.1,20397,32624,581,340.0,69.0,3219.0
1783932644.7,20397,32624,581,354.0,70.0,2920.0
1783932645.3,20397,32624,581,314.0,70.0,2971.0
1783932645.9,20389,32624,581,334.0,69.0,2860.0
1783932646.5,20398,32624,581,359.0,69.0,2772.0
1783932647.1,20400,32624,581,289.0,69.0,2994.0
1783932647.7,20400,32624,581,301.0,70.0,3262.0
1783932648.3,20400,32624,581,348.0,69.0,2993.0
1783932648.9,20400,32624,581,344.0,70.0,3099.0
1783932649.5,20400,32624,581,295.0,69.0,2929.0
1783932650.1,20400,32624,581,314.0,69.0,2821.0
1783932650.7,20400,32624,581,193.0,70.0,3066.0
1783932651.3,20400,32624,581,318.0,70.0,3280.0
1783932651.8,20400,32624,581,354.0,70.0,3248.0
1783932652.4,20399,32624,581,311.0,70.0,2756.0
1783932653.0,20399,32624,581,274.0,70.0,2941.0
1783932653.6,20399,32624,581,313.0,70.0,3099.0
1783932654.2,20399,32624,581,242.0,70.0,3107.0
1783932654.8,20399,32624,581,346.0,70.0,3245.0
1783932655.4,20399,32624,581,302.0,70.0,2836.0
1783932656.0,20399,32624,581,322.0,70.0,3165.0
1783932656.6,20399,32624,581,309.0,70.0,2988.0
1783932657.2,20393,32624,581,342.0,70.0,2907.0
1783932657.8,20393,32624,581,268.0,70.0,2855.0
1783932658.4,20393,32624,581,342.0,70.0,2910.0
1783932659.0,20393,32624,581,297.0,70.0,3259.0
1783932659.6,20399,32624,583,290.0,70.0,2795.0
1783932660.2,20399,32624,583,310.0,70.0,2820.0
1783932660.8,20399,32624,583,257.0,70.0,2832.0
1783932661.4,20399,32624,583,411.0,69.0,3137.0
1783932662.0,20399,32624,583,310.0,70.0,2867.0
1783932662.6,20399,32624,583,331.0,70.0,2849.0
1783932663.2,20405,32624,583,42.0,69.0,0.0
1783932663.8,20405,32624,591,45.0,68.0,0.0
1783932664.4,20405,32624,593,232.0,69.0,2793.0
1783932665.0,20405,32624,591,310.0,69.0,2684.0
1783932665.6,20405,32624,591,302.0,69.0,3269.0
1783932666.2,20405,32624,591,341.0,69.0,2899.0
1783932666.8,20405,32624,591,310.0,69.0,2785.0
1783932667.3,20401,32624,589,236.0,69.0,2880.0
1783932667.9,20401,32624,589,289.0,69.0,3236.0
1783932668.5,20398,32624,589,300.0,70.0,3274.0
1783932669.1,20401,32624,589,360.0,70.0,2922.0
1783932669.7,20401,32624,589,355.0,70.0,3024.0
1783932670.3,20401,32624,589,324.0,70.0,2810.0
1783932670.9,20411,32624,593,146.0,70.0,3018.0
1783932671.5,20415,32624,593,344.0,70.0,2880.0
1783932672.1,20442,32624,619,293.0,70.0,2732.0
1783932672.7,20442,32624,619,251.0,70.0,2922.0
1783932673.3,20462,32624,621,324.0,70.0,2756.0
1783932673.9,20462,32624,621,313.0,70.0,2809.0
1783932674.5,20423,32624,611,245.0,70.0,2741.0
1783932675.1,20423,32624,611,323.0,70.0,2887.0
1783932675.7,20421,32624,601,315.0,70.0,3082.0
1783932676.3,20413,32624,601,274.0,70.0,2865.0
1783932676.9,20413,32624,601,331.0,70.0,2880.0
1783932677.5,20413,32624,601,319.0,70.0,2865.0
1783932678.1,20437,32624,623,322.0,70.0,2786.0
1783932678.7,20418,32624,607,176.0,70.0,3220.0
1783932679.3,20450,32624,631,358.0,70.0,2961.0
1783932679.9,20466,32624,625,329.0,70.0,3230.0
1783932680.5,20428,32624,601,293.0,70.0,2995.0
1783932681.0,20428,32624,589,357.0,70.0,2910.0
1783932681.6,20428,32624,589,320.0,70.0,2808.0
1783932682.2,20413,32624,589,265.0,70.0,2675.0
1783932682.8,20425,32624,597,339.0,70.0,3219.0
1783932683.4,20417,32624,597,353.0,70.0,2943.0
1783932684.1,20417,32624,597,304.0,70.0,2753.0
1783932684.7,20468,32624,616,171.0,70.0,3091.0
1783932685.3,20468,32624,604,327.0,70.0,2850.0
1783932685.9,20473,32624,601,281.0,70.0,3159.0
1783932686.5,20473,32624,599,311.0,70.0,2763.0
1783932687.0,20444,32624,599,303.0,70.0,3268.0
1783932687.7,20412,32624,591,277.0,70.0,2953.0
1783932688.3,20412,32624,591,302.0,70.0,2765.0
1783932688.9,20428,32624,599,172.0,70.0,2750.0
1783932689.4,20424,32624,597,324.0,70.0,2851.0
1783932690.0,20424,32624,591,267.0,70.0,2920.0
1783932690.6,20409,32624,593,307.0,70.0,2763.0
1783932691.2,20413,32624,593,316.0,70.0,2990.0
1783932691.8,20413,32624,593,241.0,70.0,3021.0
1783932692.4,20413,32624,593,210.0,70.0,3112.0
1783932693.0,20402,32624,591,286.0,70.0,2726.0
1783932693.6,20394,32624,593,302.0,70.0,3222.0
1783932694.2,20394,32624,593,289.0,70.0,3037.0
1783932694.8,20389,32624,591,302.0,70.0,2757.0
1783932695.4,20388,32624,591,282.0,70.0,2620.0
1783932696.0,20391,32624,591,225.0,70.0,2765.0
1783932696.6,20390,32624,591,310.0,70.0,2717.0
1783932697.2,20390,32624,591,310.0,70.0,2768.0
1783932697.8,20390,32624,591,225.0,70.0,2884.0
1783932698.4,20392,32624,591,310.0,70.0,2784.0
1783932699.0,20392,32624,591,302.0,70.0,2745.0
1783932699.6,20392,32624,591,290.0,70.0,2742.0
1783932700.2,20392,32624,591,334.0,70.0,2846.0
1783932700.8,20392,32624,591,347.0,70.0,2916.0
1783932701.4,20389,32624,591,310.0,70.0,2760.0
1783932702.0,20389,32624,591,326.0,70.0,3013.0
1783932702.6,20424,32624,601,317.0,71.0,3282.0
1783932703.2,20470,32624,611,231.0,70.0,2836.0
1783932703.8,20484,32624,607,378.0,70.0,3107.0
1783932704.4,20492,32624,609,314.0,71.0,3265.0
1783932705.0,20492,32624,607,188.0,70.0,2969.0
1783932705.6,20460,32624,603,293.0,71.0,3259.0
1783932706.2,20457,32624,603,235.0,70.0,2864.0
1783932706.8,20457,32624,603,316.0,71.0,2935.0
1783932707.4,20457,32624,603,391.0,70.0,3116.0
1783932708.0,20455,32624,597,308.0,70.0,2720.0
1783932708.6,20451,32624,599,349.0,71.0,2936.0
1783932709.2,20451,32624,599,305.0,70.0,2750.0
1783932709.8,20417,32624,599,203.0,70.0,2989.0
1783932710.4,20417,32624,599,244.0,71.0,2911.0
1783932711.0,20417,32624,599,191.0,70.0,3095.0
1783932711.6,20406,32624,599,315.0,70.0,2828.0
1783932712.2,20406,32624,599,328.0,71.0,2861.0
1783932712.8,20412,32624,607,327.0,70.0,2746.0
1783932713.4,20412,32624,607,186.0,70.0,2610.0
1783932713.9,20412,32624,603,319.0,71.0,2785.0
1783932714.5,20412,32624,605,279.0,71.0,3276.0
1783932715.1,20410,32624,605,314.0,71.0,2847.0
1783932715.7,20410,32624,605,229.0,71.0,2818.0
1783932716.3,20410,32624,605,303.0,70.0,2778.0
1783932716.9,20415,32624,601,248.0,70.0,2875.0
1783932717.5,20415,32624,601,288.0,70.0,2977.0
1783932718.1,20415,32624,601,321.0,71.0,2746.0
1783932718.7,20395,32624,601,327.0,71.0,2864.0
1783932719.3,20395,32624,601,324.0,71.0,2810.0
1783932719.9,20395,32624,597,319.0,71.0,2820.0
1783932720.5,20411,32624,609,287.0,71.0,3265.0
1783932721.1,20411,32624,609,312.0,71.0,2959.0
1783932721.7,20411,32624,609,339.0,71.0,3101.0
1783932722.3,20415,32624,607,323.0,71.0,3272.0
1783932722.9,20415,32624,607,287.0,71.0,2996.0
1783932723.5,20415,32624,601,318.0,71.0,3180.0
1783932724.1,20415,32624,601,321.0,71.0,3197.0
1783932724.6,20415,32624,601,331.0,71.0,3178.0
1783932725.2,20446,32624,607,324.0,71.0,3129.0
1783932725.8,20446,32624,607,324.0,71.0,2956.0
1783932726.4,20448,32624,607,333.0,71.0,3228.0
1783932727.0,20448,32624,607,349.0,71.0,3010.0
1783932727.6,20448,32624,599,278.0,71.0,3242.0
1783932728.2,20431,32624,601,308.0,71.0,2784.0
1783932728.8,20442,32624,603,347.0,71.0,3181.0
1783932729.4,20442,32624,601,284.0,71.0,2956.0
1783932730.0,20442,32624,601,312.0,71.0,2937.0
1783932730.6,20442,32624,597,346.0,71.0,3240.0
1783932731.2,20442,32624,595,260.0,71.0,2869.0
1783932731.8,20442,32624,595,333.0,71.0,2871.0
1783932732.4,20421,32624,595,323.0,71.0,2837.0
1783932733.0,20421,32624,595,343.0,71.0,2887.0
1783932733.6,20421,32624,595,310.0,71.0,2832.0
1783932734.2,20410,32624,605,316.0,71.0,2822.0
1783932734.8,20406,32624,595,330.0,71.0,2898.0
1783932735.4,20406,32624,595,284.0,71.0,3203.0
1783932736.0,20410,32624,595,281.0,71.0,2918.0
1783932736.6,20416,32624,597,295.0,71.0,3173.0
1783932737.2,20416,32624,589,324.0,71.0,2754.0
1783932737.8,20416,32624,589,278.0,71.0,2881.0
1783932738.4,20429,32624,601,344.0,71.0,3015.0
1783932739.0,20437,32624,603,314.0,71.0,2820.0
1783932739.6,20437,32624,599,304.0,71.0,2906.0
1783932740.2,20437,32624,597,286.0,71.0,2679.0
1783932740.8,20437,32624,597,313.0,71.0,2709.0
1783932741.4,20435,32624,597,323.0,71.0,2728.0
1783932741.9,20425,32624,597,233.0,71.0,3053.0
1783932742.5,20425,32624,597,186.0,71.0,2621.0
1783932743.1,20411,32624,597,334.0,71.0,2580.0
1783932743.7,20401,32624,599,210.0,71.0,2690.0
1783932744.3,20401,32624,599,276.0,71.0,2829.0
1783932744.9,20401,32624,599,319.0,71.0,2946.0
1783932745.5,20401,32624,597,304.0,71.0,2899.0
1783932746.1,20401,32624,597,299.0,71.0,3240.0
1783932746.7,20401,32624,597,378.0,71.0,3117.0
1783932747.3,20392,32624,593,326.0,71.0,2821.0
1783932747.9,20392,32624,593,314.0,71.0,3282.0
1783932748.5,20405,32624,599,232.0,71.0,2829.0
1783932749.1,20407,32624,597,237.0,71.0,2768.0
1783932749.7,20407,32624,597,232.0,71.0,2747.0
1783932750.2,20407,32624,597,305.0,71.0,2839.0
1783932750.8,20407,32624,597,310.0,71.0,3101.0
1783932751.4,20407,32624,595,339.0,71.0,3205.0
1783932752.0,20416,32624,599,218.0,71.0,2815.0
1783932752.6,20416,32624,599,357.0,71.0,2933.0
1783932753.2,20418,32624,599,278.0,71.0,2720.0
1783932753.8,20418,32624,599,317.0,71.0,2735.0
1783932754.4,20405,32624,595,317.0,71.0,2828.0
1783932755.0,20405,32624,595,303.0,71.0,3061.0
1783932755.6,20412,32624,599,354.0,71.0,2927.0
1783932756.2,20412,32624,595,301.0,71.0,2972.0
1783932756.8,20410,32624,595,337.0,71.0,2900.0
1783932757.3,20410,32624,595,303.0,71.0,2742.0
1783932757.9,20414,32624,595,166.0,71.0,2956.0
1783932758.5,20414,32624,595,223.0,71.0,3253.0
1783932759.1,20414,32624,595,309.0,71.0,2789.0
1783932759.7,20408,32624,597,288.0,71.0,2748.0
1783932760.3,20408,32624,593,281.0,71.0,2738.0
1783932760.9,20408,32624,595,284.0,71.0,2775.0
1783932761.5,20408,32624,595,326.0,71.0,2694.0
1783932762.1,20415,32624,597,316.0,71.0,2970.0
1783932762.7,20415,32624,597,306.0,71.0,2767.0
1783932763.3,20415,32624,597,301.0,71.0,3218.0
1783932763.9,20433,32624,607,314.0,71.0,3266.0
1783932764.5,20472,32624,611,158.0,71.0,3231.0
1783932765.1,20472,32624,611,309.0,71.0,2938.0
1783932765.7,20483,32624,605,308.0,71.0,3272.0
1783932766.2,20483,32624,605,349.0,71.0,2823.0
1783932766.8,20477,32624,599,253.0,71.0,2752.0
1783932767.4,20477,32624,599,203.0,71.0,2689.0
1783932768.0,20477,32624,599,224.0,71.0,2843.0
1783932768.6,20438,32624,599,327.0,71.0,2837.0
1783932769.2,20438,32624,599,324.0,71.0,2999.0
1783932769.8,20376,32624,589,300.0,71.0,3060.0
1783932770.4,20423,32624,605,269.0,71.0,3063.0
1783932771.0,20425,32624,607,304.0,71.0,2695.0
1783932771.6,20425,32624,607,296.0,71.0,2753.0
1783932772.2,20425,32624,607,295.0,71.0,2741.0
1783932772.8,20425,32624,599,348.0,71.0,2734.0
1783932773.4,20418,32624,599,195.0,71.0,2742.0
1783932774.0,20418,32624,599,327.0,71.0,3228.0
1783932774.6,20399,32624,599,307.0,71.0,3271.0
1783932775.2,20399,32624,599,303.0,71.0,2741.0
1783932775.8,20399,32624,599,176.0,71.0,2782.0
1783932776.3,20389,32624,593,294.0,71.0,2924.0
1783932776.9,20389,32624,593,295.0,71.0,2937.0
1783932777.6,20381,32624,595,283.0,71.0,3237.0
1783932778.2,20386,32624,595,306.0,71.0,2701.0
1783932778.8,20386,32624,593,302.0,71.0,2763.0
1783932779.4,20403,32624,599,313.0,71.0,2815.0
1783932779.9,20426,32624,609,367.0,71.0,3173.0
1783932780.5,20426,32624,601,270.0,71.0,2860.0
1783932781.1,20424,32624,597,203.0,71.0,2714.0
1783932781.7,20454,32624,603,203.0,71.0,2720.0
1783932782.3,20475,32624,617,308.0,71.0,2650.0
1783932782.9,20472,32624,617,57.0,71.0,676.0
1783932783.5,20425,32624,597,182.0,68.0,2550.0
1783932784.1,20454,32624,637,254.0,70.0,2841.0
1783932784.7,20454,32624,637,317.0,70.0,2812.0
1783932785.3,20488,32624,624,293.0,70.0,2789.0
1783932785.9,20488,32624,618,297.0,70.0,2890.0
1783932786.5,20453,32624,615,315.0,71.0,3266.0
1783932787.1,20407,32624,615,320.0,71.0,2760.0
1783932787.7,20473,32624,621,305.0,70.0,2901.0
1783932788.3,20473,32624,621,308.0,70.0,2810.0
1783932788.9,20434,32624,613,294.0,71.0,2747.0
1783932789.5,20422,32624,599,302.0,70.0,2768.0
1783932790.1,20427,32624,595,291.0,71.0,2926.0
1783932790.7,20389,32624,595,334.0,70.0,2942.0
1783932791.3,20390,32624,597,350.0,71.0,2702.0
1783932791.8,20390,32624,597,301.0,71.0,2954.0
1783932792.4,20390,32624,597,281.0,71.0,2918.0
1783932793.0,20390,32624,597,306.0,71.0,3262.0
1783932793.6,20384,32624,597,328.0,71.0,3187.0
1783932794.2,20384,32624,597,310.0,71.0,2651.0
1783932794.8,20370,32624,597,326.0,71.0,2859.0
1783932795.4,20370,32624,597,320.0,71.0,2940.0
1783932796.0,20370,32624,597,326.0,71.0,2836.0
1783932796.6,20384,32624,601,283.0,71.0,3047.0
1783932797.2,20384,32624,601,342.0,71.0,2968.0
1783932797.8,20384,32624,601,322.0,71.0,2731.0
1783932798.4,20380,32624,595,338.0,71.0,2942.0
1783932799.0,20380,32624,595,327.0,71.0,2746.0
1783932799.6,20380,32624,595,292.0,71.0,2909.0
1783932800.2,20380,32624,595,313.0,71.0,2978.0
1783932800.7,20375,32624,595,308.0,71.0,3243.0
1783932801.3,20375,32624,595,232.0,71.0,2788.0
1783932801.9,20361,32624,595,302.0,71.0,3285.0
1783932802.5,20360,32624,595,339.0,71.0,2917.0
1783932803.1,20360,32624,595,339.0,71.0,3193.0
1783932803.7,20360,32624,595,312.0,71.0,2882.0
1783932804.3,20360,32624,595,301.0,71.0,3071.0
1783932804.9,20356,32624,595,229.0,69.0,2755.0
1783932805.5,20356,32624,595,308.0,70.0,2727.0
1783932806.1,20356,32624,595,314.0,71.0,2771.0
1783932806.7,20356,32624,595,298.0,71.0,2642.0
1783932807.3,20356,32624,595,301.0,71.0,3240.0
1783932807.8,20356,32624,595,308.0,71.0,2725.0
1783932808.4,20356,32624,595,189.0,71.0,2719.0
1783932809.0,20356,32624,595,314.0,71.0,2743.0
1783932809.6,20356,32624,595,306.0,71.0,3239.0
1783932810.2,20375,32624,599,304.0,71.0,2787.0
1783932810.8,20379,32624,599,375.0,71.0,3146.0
1783932811.4,20379,32624,599,228.0,71.0,2701.0
1783932812.0,20379,32624,595,317.0,71.0,2817.0
1783932812.6,20369,32624,597,341.0,71.0,2807.0
1783932813.2,20377,32624,599,390.0,71.0,3117.0
1783932813.8,20377,32624,599,366.0,71.0,3177.0
1783932814.4,20377,32624,599,280.0,71.0,3039.0
1783932815.0,20385,32624,597,272.0,71.0,2869.0
1783932815.6,20385,32624,597,347.0,71.0,2882.0
1783932816.2,20385,32624,597,269.0,71.0,2912.0
1783932816.8,20375,32624,597,310.0,71.0,3119.0
1783932817.4,20375,32624,597,152.0,71.0,3172.0
1783932818.0,20351,32624,593,302.0,71.0,3096.0
1783932818.6,20351,32624,593,295.0,71.0,3263.0
1783932819.2,20351,32624,593,206.0,71.0,3255.0
1783932819.8,20377,32624,601,308.0,71.0,2769.0
1783932820.4,20408,32624,613,274.0,71.0,3279.0
1783932821.0,20410,32624,613,301.0,71.0,3272.0
1783932821.5,20410,32624,615,230.0,71.0,3038.0
1783932822.1,20410,32624,613,241.0,71.0,2621.0
1783932822.7,20410,32624,607,264.0,71.0,2946.0
1783932823.3,20410,32624,607,331.0,71.0,2814.0
1783932823.9,20408,32624,605,231.0,71.0,2772.0
1783932824.5,20408,32624,605,313.0,71.0,2868.0
1783932825.1,20408,32624,605,293.0,71.0,3198.0
1783932825.7,20406,32624,605,294.0,71.0,3172.0
1783932826.3,20390,32624,605,314.0,71.0,3238.0
1783932826.9,20390,32624,605,312.0,71.0,2922.0
1783932827.5,20378,32624,609,305.0,71.0,2754.0
1783932828.1,20378,32624,609,327.0,71.0,3045.0
1783932828.7,20378,32624,601,307.0,71.0,2904.0
1783932829.3,20378,32624,597,314.0,71.0,2941.0
1783932829.9,20378,32624,597,330.0,71.0,3183.0
1783932832.1,20391,32624,609,385.0,71.0,3210.0
1783932832.7,20391,32624,609,337.0,71.0,3250.0
1783932833.3,20391,32624,605,254.0,71.0,3268.0
1783932833.9,20375,32624,597,313.0,71.0,2981.0
1783932834.5,20375,32624,597,349.0,71.0,3161.0
1783932835.1,20375,32624,597,340.0,71.0,2677.0
1783932835.7,20375,32624,597,367.0,71.0,3060.0
1783932836.3,20375,32624,597,308.0,71.0,2778.0
1783932836.9,20346,32624,595,321.0,71.0,2837.0
1783932837.5,20346,32624,595,188.0,71.0,2826.0
1783932838.1,20370,32624,605,300.0,71.0,2758.0
1783932838.7,20374,32624,605,309.0,71.0,2745.0
1783932839.3,20374,32624,605,278.0,71.0,2970.0
1783932839.9,20374,32624,605,318.0,71.0,2880.0
1783932840.5,20391,32624,605,295.0,71.0,3248.0
1783932841.1,20391,32624,605,312.0,71.0,2763.0
1783932841.7,20391,32624,605,51.0,70.0,2423.0
1783932842.3,20427,32624,621,198.0,70.0,2215.0
1783932842.9,20409,32624,609,283.0,70.0,3110.0
1783932843.5,20409,32624,609,362.0,71.0,3166.0
1783932844.1,20410,32624,611,288.0,71.0,2715.0
1783932844.7,20412,32624,611,155.0,71.0,2955.0
1783932845.3,20393,32624,599,329.0,71.0,3157.0
1783932845.8,20393,32624,599,319.0,71.0,3104.0
1783932846.4,20393,32624,597,289.0,71.0,3149.0
1783932847.0,20393,32624,597,188.0,71.0,2711.0
1783932847.6,20355,32624,595,361.0,71.0,3026.0
1783932848.2,20377,32624,605,313.0,71.0,3089.0
1783932848.8,20378,32624,601,240.0,71.0,3275.0
1783932849.4,20378,32624,601,368.0,71.0,3140.0
1783932850.0,20378,32624,601,283.0,71.0,3187.0
1783932850.6,20380,32624,605,333.0,71.0,3213.0
1783932851.2,20391,32624,611,286.0,71.0,2692.0
1783932851.8,20388,32624,603,327.0,71.0,3036.0
1783932852.4,20388,32624,601,311.0,71.0,3282.0
1783932853.0,20384,32624,601,294.0,71.0,3064.0
1783932853.6,20384,32624,595,293.0,71.0,3259.0
1783932854.2,20384,32624,595,278.0,71.0,2857.0
1783932854.8,20375,32624,593,321.0,71.0,3004.0
1783932855.4,20395,32624,615,325.0,71.0,3234.0
1783932856.0,20391,32624,603,362.0,71.0,2925.0
1783932856.6,20391,32624,603,352.0,71.0,2911.0
1783932857.2,20391,32624,603,296.0,71.0,2748.0
1783932857.8,20387,32624,599,317.0,71.0,2690.0
1783932858.4,20383,32624,597,352.0,71.0,2992.0
1783932858.9,20383,32624,597,332.0,71.0,3166.0
1783932859.5,20383,32624,597,330.0,71.0,3232.0
1783932860.1,20383,32624,597,363.0,71.0,2999.0
1783932860.7,20378,32624,597,331.0,71.0,2750.0
1783932861.3,20366,32624,597,312.0,71.0,2917.0
1783932861.9,20366,32624,597,321.0,71.0,2805.0
1783932862.5,20357,32624,597,250.0,71.0,2796.0
1783932863.1,20357,32624,597,340.0,71.0,3255.0
1783932863.7,20357,32624,597,304.0,71.0,3275.0
1783932864.3,20357,32624,597,247.0,71.0,2990.0
1783932864.9,20350,32624,597,330.0,71.0,2715.0
1783932865.5,20350,32624,597,329.0,71.0,2869.0
1783932866.1,20365,32624,613,297.0,71.0,3256.0
1783932866.7,20390,32624,613,293.0,71.0,2737.0
1783932867.3,20391,32624,601,307.0,71.0,2779.0
1783932867.8,20399,32624,603,318.0,71.0,3283.0
1783932868.4,20383,32624,599,313.0,71.0,2772.0
1783932869.0,20383,32624,597,360.0,71.0,3051.0
1783932869.6,20383,32624,597,334.0,71.0,2904.0
1783932870.2,20383,32624,597,339.0,71.0,3240.0
1783932870.8,20383,32624,597,322.0,71.0,2613.0
1783932871.4,20383,32624,597,182.0,71.0,3171.0
1783932872.0,20383,32624,597,261.0,71.0,2852.0
1783932872.6,20378,32624,595,330.0,71.0,3122.0
1783932873.2,20368,32624,595,338.0,71.0,3240.0
1783932873.8,20368,32624,595,293.0,71.0,2714.0
1783932874.4,20342,32624,593,300.0,71.0,2763.0
1783932875.0,20342,32624,593,305.0,71.0,2767.0
1783932875.6,20334,32624,593,324.0,71.0,3008.0
1783932876.1,20334,32624,593,304.0,71.0,3017.0
1783932876.7,20334,32624,593,365.0,71.0,2719.0
1783932877.3,20334,32624,593,162.0,71.0,2783.0
1783932877.9,20334,32624,593,332.0,71.0,2871.0
1783932878.5,20330,32624,593,357.0,71.0,2889.0
1783932879.1,20340,32624,593,327.0,71.0,3004.0
1783932879.7,20340,32624,593,369.0,71.0,2685.0
1783932880.3,20340,32624,593,322.0,71.0,3252.0
1783932880.9,20340,32624,593,307.0,71.0,2795.0
1783932881.5,20340,32624,593,296.0,71.0,2754.0
1783932882.1,20340,32624,593,184.0,71.0,2917.0
1783932882.7,20340,32624,593,418.0,71.0,3154.0
1783932883.3,20340,32624,593,342.0,71.0,2246.0
1783932883.9,20344,32624,593,317.0,71.0,2767.0
1783932884.5,20352,32624,593,176.0,71.0,2705.0
1783932885.0,20352,32624,593,311.0,71.0,2771.0
1783932885.6,20352,32624,593,289.0,71.0,3251.0
1783932886.2,20352,32624,593,325.0,71.0,2849.0
1783932886.8,20352,32624,593,293.0,71.0,2929.0
1783932887.4,20352,32624,593,271.0,71.0,2967.0
1783932888.0,20352,32624,593,324.0,71.0,3101.0
1783932888.6,20348,32624,593,310.0,71.0,3266.0
1783932889.2,20348,32624,593,185.0,71.0,3121.0
1783932889.8,20348,32624,593,206.0,71.0,2798.0
1783932890.4,20348,32624,593,304.0,71.0,3266.0
1783932891.0,20348,32624,593,404.0,71.0,3146.0
1783932891.6,20348,32624,593,406.0,71.0,3153.0
1783932892.2,20348,32624,593,334.0,71.0,3176.0
1783932892.8,20348,32624,593,351.0,71.0,3130.0
1783932893.4,20348,32624,593,328.0,71.0,2902.0
1783932894.0,20348,32624,593,354.0,71.0,3192.0
1783932894.6,20348,32624,593,284.0,71.0,3250.0
1783932895.1,20348,32624,593,321.0,71.0,2778.0
1783932895.7,20352,32624,593,320.0,71.0,2867.0
1783932896.3,20352,32624,593,313.0,71.0,2811.0
1783932896.9,20356,32624,593,316.0,71.0,2857.0
1783932897.5,20356,32624,593,323.0,71.0,2997.0
1783932898.2,20356,32624,593,310.0,71.0,3224.0
1783932898.7,20356,32624,593,334.0,71.0,2864.0
1783932899.3,20356,32624,593,337.0,71.0,2732.0
1783932899.9,20365,32624,597,296.0,71.0,3258.0
1783932900.5,20365,32624,597,354.0,71.0,2991.0
1783932901.1,20365,32624,597,259.0,71.0,3072.0
1783932901.7,20365,32624,597,331.0,71.0,3048.0
1783932902.3,20369,32624,605,327.0,71.0,3194.0
1783932902.9,20369,32624,605,285.0,71.0,2893.0
1783932903.5,20369,32624,595,298.0,71.0,3258.0
1783932904.1,20369,32624,595,319.0,71.0,3263.0
1783932904.7,20377,32624,599,333.0,71.0,3211.0
1783932905.3,20377,32624,599,299.0,71.0,3177.0
1783932905.9,20377,32624,599,265.0,71.0,2868.0
1783932906.5,20373,32624,597,326.0,71.0,2817.0
1783932907.1,20373,32624,597,348.0,71.0,2942.0
1783932907.7,20373,32624,597,310.0,71.0,2931.0
1783932908.3,20373,32624,597,300.0,71.0,3087.0
1783932908.9,20381,32624,609,329.0,71.0,3035.0
1783932909.5,20381,32624,609,347.0,71.0,3266.0
1783932910.1,20381,32624,609,300.0,71.0,3063.0
1783932910.7,20381,32624,599,333.0,71.0,2770.0
1783932911.3,20375,32624,601,293.0,71.0,2748.0
1783932911.9,20375,32624,601,195.0,71.0,2761.0
1783932912.5,20375,32624,601,334.0,71.0,3168.0
1783932913.1,20375,32624,601,327.0,71.0,2911.0
1783932913.7,20375,32624,601,222.0,71.0,3097.0
1783932914.3,20375,32624,601,343.0,71.0,2926.0
1783932914.9,20375,32624,601,310.0,71.0,2761.0
1783932915.5,20381,32624,607,165.0,71.0,2667.0
1783932916.1,20383,32624,607,266.0,71.0,2843.0
1783932916.6,20387,32624,601,289.0,71.0,3147.0
1783932917.2,20387,32624,601,266.0,71.0,3113.0
1783932917.8,20386,32624,599,314.0,71.0,2781.0
1783932918.4,20386,32624,599,235.0,71.0,3008.0
1783932919.0,20386,32624,599,325.0,71.0,2807.0
1783932919.6,20365,32624,593,266.0,71.0,2794.0
1783932920.2,20355,32624,593,299.0,71.0,3073.0
1783932920.8,20378,32624,617,238.0,71.0,2686.0
1783932921.4,20378,32624,617,320.0,71.0,3146.0
1783932922.0,20370,32624,603,300.0,71.0,3234.0
1783932922.6,20369,32624,603,334.0,71.0,2845.0
1783932923.2,20372,32624,609,219.0,71.0,2576.0
1783932923.8,20387,32624,615,363.0,71.0,3025.0
1783932924.4,20387,32624,609,348.0,71.0,3118.0
1783932925.0,20387,32624,605,294.0,71.0,2712.0
1783932925.6,20387,32624,605,295.0,71.0,2975.0
1783932926.2,20385,32624,601,302.0,71.0,2737.0
1783932926.8,20380,32624,601,208.0,71.0,2647.0
1783932927.4,20400,32624,617,293.0,71.0,3276.0
1783932928.0,20405,32624,615,318.0,71.0,2769.0
1783932928.6,20406,32624,605,50.0,69.0,1186.0
1783932929.2,20406,32624,605,181.0,69.0,1711.0
1783932929.8,20392,32624,599,214.0,69.0,2235.0
1783932930.4,20392,32624,599,300.0,70.0,2753.0
1783932931.1,20392,32624,619,334.0,70.0,2939.0
1783932931.7,20392,32624,619,329.0,70.0,3072.0
1783932932.3,20380,32624,597,340.0,70.0,3113.0
1783932932.9,20377,32624,597,337.0,70.0,3229.0
1783932933.5,20376,32624,613,336.0,70.0,3225.0
1783932934.1,20377,32624,613,354.0,70.0,2981.0
1783932934.7,20369,32624,599,337.0,70.0,2818.0
1783932935.3,20371,32624,599,324.0,71.0,2870.0
1783932935.9,20373,32624,597,319.0,70.0,2983.0
1783932936.5,20373,32624,597,198.0,70.0,3186.0
1783932937.1,20373,32624,595,328.0,71.0,3263.0
1783932937.7,20373,32624,595,204.0,71.0,3268.0
1783932938.3,20373,32624,595,414.0,71.0,3178.0
1783932938.8,20364,32624,599,180.0,71.0,2903.0
1783932939.4,20346,32624,599,322.0,71.0,2837.0
1783932940.0,20346,32624,595,296.0,71.0,2923.0
1783932940.6,20342,32624,595,289.0,71.0,2758.0
1783932941.2,20357,32624,611,362.0,71.0,3022.0
1783932941.8,20377,32624,613,328.0,71.0,2784.0
1783932942.4,20381,32624,613,364.0,71.0,3031.0
1783932943.0,20390,32624,615,303.0,71.0,3036.0
1783932943.6,20388,32624,601,309.0,71.0,3096.0
1783932944.2,20388,32624,601,287.0,71.0,3230.0
1783932944.8,20387,32624,601,303.0,71.0,3235.0
1783932945.4,20387,32624,601,326.0,71.0,3247.0
1783932946.0,20379,32624,601,319.0,71.0,3288.0
1783932946.6,20379,32624,601,311.0,71.0,3136.0
1783932947.2,20379,32624,601,305.0,71.0,2762.0
1783932947.8,20373,32624,595,318.0,71.0,3155.0
1783932948.4,20373,32624,595,157.0,71.0,2832.0
1783932949.0,20348,32624,593,313.0,71.0,3269.0
1783932949.6,20348,32624,593,313.0,71.0,2902.0
1783932950.2,20347,32624,593,306.0,71.0,3043.0
1783932950.8,20349,32624,593,275.0,71.0,2910.0
1783932951.4,20349,32624,593,305.0,71.0,2753.0
1783932952.0,20349,32624,593,242.0,71.0,2818.0
1783932952.5,20349,32624,593,316.0,71.0,2762.0
1783932953.1,20347,32624,595,260.0,71.0,3000.0
1783932953.7,20351,32624,595,335.0,71.0,3058.0
1783932954.3,20351,32624,595,334.0,71.0,3110.0
1783932955.0,20355,32624,597,373.0,71.0,3052.0
1783932955.6,20472,32624,640,311.0,71.0,2807.0
1783932956.2,20461,32624,597,171.0,71.0,2885.0
1783932956.7,20461,32624,597,180.0,71.0,3243.0
1783932957.3,20461,32624,591,406.0,71.0,3148.0
1783932957.9,20461,32624,591,349.0,71.0,2977.0
1783932958.5,20380,32624,597,293.0,71.0,2741.0
1783932959.1,20380,32624,597,276.0,71.0,2945.0
1783932959.7,20380,32624,597,305.0,71.0,2727.0
1783932960.3,20380,32624,597,193.0,71.0,2813.0
1783932960.9,20368,32624,597,326.0,71.0,2796.0
1783932961.5,20355,32624,595,39.0,69.0,362.0
1783932962.1,20355,32624,595,376.0,70.0,3073.0
1783932962.7,20336,32624,595,336.0,71.0,3247.0
1783932963.3,20336,32624,595,322.0,71.0,2797.0
1783932963.9,20336,32624,595,307.0,71.0,3275.0
1783932964.5,20336,32624,595,176.0,71.0,2737.0
1783932965.1,20336,32624,595,315.0,71.0,2830.0
1783932965.7,20336,32624,595,339.0,71.0,2566.0
1783932966.3,20336,32624,595,338.0,71.0,3111.0
1783932966.9,20336,32624,595,209.0,71.0,2626.0
1783932967.5,20336,32624,595,303.0,71.0,3097.0
1783932968.1,20336,32624,595,277.0,71.0,2933.0
1783932968.7,20336,32624,595,369.0,71.0,3029.0
1783932969.3,20336,32624,595,341.0,71.0,2902.0
1783932969.9,20336,32624,595,179.0,71.0,3011.0
1783932970.5,20336,32624,595,186.0,71.0,2807.0
1783932971.1,20336,32624,595,311.0,71.0,2855.0
1783932971.7,20336,32624,595,332.0,71.0,2809.0
1783932972.3,20336,32624,595,299.0,71.0,2722.0
1783932972.9,20336,32624,595,213.0,71.0,2692.0
1783932973.5,20336,32624,595,236.0,71.0,3083.0
1783932974.1,20336,32624,595,343.0,71.0,2942.0
1783932974.7,20336,32624,595,143.0,71.0,2930.0
1783932975.2,20334,32624,595,317.0,71.0,3277.0
1783932975.8,20414,32624,615,359.0,71.0,3118.0
1783932976.4,20463,32624,615,320.0,71.0,3271.0
1783932977.0,20466,32624,595,324.0,71.0,2878.0
1783932977.6,20466,32624,595,322.0,71.0,2886.0
1783932978.2,20479,32624,609,206.0,71.0,2868.0
1783932978.8,20479,32624,609,291.0,71.0,2994.0
1783932979.4,20479,32624,609,327.0,71.0,3283.0
1783932980.0,20465,32624,605,213.0,71.0,2911.0
1783932980.6,20465,32624,603,282.0,71.0,2914.0
1783932981.2,20447,32624,603,306.0,71.0,3282.0
1783932981.8,20437,32624,603,345.0,71.0,3105.0
1783932982.4,20442,32624,597,305.0,71.0,2757.0
1783932983.0,20442,32624,597,324.0,71.0,3242.0
1783932983.6,20442,32624,593,356.0,71.0,3015.0
1783932984.2,20376,32624,593,294.0,71.0,2733.0
1783932984.7,20408,32624,595,316.0,71.0,2722.0
1783932985.3,20401,32624,593,243.0,71.0,2889.0
1783932985.9,20406,32624,593,279.0,71.0,2843.0
1783932986.5,20406,32624,593,342.0,71.0,3234.0
1783932987.1,20406,32624,593,265.0,71.0,2834.0
1783932987.7,20402,32624,593,343.0,71.0,2892.0
1783932988.3,20370,32624,593,290.0,71.0,3084.0
1783932988.9,20406,32624,597,299.0,71.0,2642.0
1783932989.5,20410,32624,597,171.0,71.0,2629.0
1783932990.1,20425,32624,603,354.0,71.0,2995.0
1783932990.7,20430,32624,605,305.0,71.0,3086.0
1783932991.3,20432,32624,597,153.0,71.0,2596.0
1783932991.9,20432,32624,597,264.0,71.0,2859.0
1783932992.5,20398,32624,595,34.0,70.0,0.0
1783932993.1,20398,32624,601,54.0,69.0,1736.0
1783932993.7,20400,32624,601,188.0,70.0,2502.0
1783932994.3,20400,32624,601,306.0,70.0,3233.0
1783932994.9,20401,32624,593,281.0,70.0,2870.0
1783932995.5,20399,32624,593,323.0,71.0,2822.0
1783932996.1,20364,32624,601,288.0,71.0,3011.0
1783932996.7,20442,32624,613,296.0,71.0,2720.0
1783932997.3,20472,32624,628,293.0,71.0,3262.0
1783932997.9,20477,32624,628,261.0,71.0,2711.0
1783932998.5,20467,32624,597,227.0,71.0,2698.0
1783932999.1,20467,32624,597,317.0,71.0,2719.0
1783932999.6,20409,32624,597,359.0,71.0,3155.0
1783933000.2,20409,32624,597,298.0,71.0,2887.0
1783933000.8,20409,32624,597,222.0,71.0,3064.0
1783933001.4,20393,32624,597,302.0,71.0,2767.0
1783933002.0,20362,32624,601,323.0,71.0,2849.0
1783933002.6,20362,32624,601,319.0,71.0,3034.0
1783933003.2,20362,32624,601,329.0,71.0,3106.0
1783933003.8,20362,32624,601,312.0,71.0,2791.0
1783933004.4,20360,32624,593,256.0,71.0,3041.0
1783933005.0,20360,32624,593,298.0,71.0,2739.0
1783933005.6,20356,32624,593,252.0,71.0,2706.0
1783933006.2,20399,32624,603,356.0,71.0,2961.0
1783933006.8,20399,32624,603,314.0,71.0,2772.0
1783933007.4,20399,32624,603,202.0,71.0,2716.0
1783933008.0,20400,32624,599,363.0,71.0,3141.0
1783933008.6,20396,32624,597,316.0,71.0,2842.0
1783933009.2,20396,32624,597,242.0,71.0,2679.0
1783933009.8,20380,32624,599,407.0,71.0,3164.0
1783933010.3,20380,32624,599,221.0,71.0,2904.0
1783933010.9,20380,32624,595,297.0,71.0,3269.0
1783933011.5,20384,32624,595,240.0,71.0,2815.0
1783933012.1,20384,32624,601,301.0,71.0,2954.0
1783933012.7,20376,32624,599,316.0,71.0,2945.0
1783933013.3,20376,32624,599,298.0,71.0,2727.0
1783933013.9,20376,32624,599,264.0,71.0,2772.0
1783933014.5,20376,32624,599,385.0,71.0,3229.0
1783933015.1,20376,32624,599,313.0,71.0,2789.0
1783933015.7,20366,32624,601,302.0,71.0,2737.0
1783933016.3,20413,32624,617,275.0,71.0,2599.0
1783933016.9,20422,32624,626,311.0,71.0,3151.0
1783933017.5,20445,32624,623,314.0,71.0,3101.0
1783933018.1,20445,32624,623,217.0,71.0,2786.0
1783933018.6,20433,32624,607,329.0,71.0,3232.0
1783933019.2,20482,32624,631,134.0,71.0,2926.0
1783933019.8,20517,32624,631,168.0,71.0,3102.0
1783933020.4,20526,32624,625,284.0,71.0,3256.0
1783933021.0,20600,32624,625,317.0,71.0,2835.0
1783933021.6,20600,32624,625,309.0,71.0,2746.0
1783933022.2,20600,32624,625,328.0,71.0,2726.0
1783933022.8,20548,32624,617,325.0,71.0,3172.0
1783933023.4,20558,32624,623,246.0,71.0,2764.0
1783933024.0,20558,32624,623,330.0,71.0,3209.0
1783933024.6,20477,32624,597,269.0,71.0,3246.0
1783933025.2,20477,32624,597,263.0,71.0,3164.0
1783933025.8,20469,32624,595,387.0,71.0,3132.0
1783933026.4,20461,32624,595,151.0,71.0,3227.0
1783933027.0,20465,32624,595,340.0,71.0,3058.0
1783933027.6,20465,32624,595,320.0,71.0,2810.0
1783933028.2,20465,32624,595,342.0,71.0,2731.0
1783933028.8,20430,32624,595,255.0,71.0,2910.0
1783933029.4,20430,32624,595,314.0,71.0,2994.0
1783933030.0,20430,32624,595,425.0,71.0,3171.0
1783933030.5,20437,32624,593,310.0,71.0,2796.0
1783933031.1,20437,32624,593,296.0,71.0,2683.0
1783933031.7,20437,32624,593,290.0,71.0,2902.0
1783933032.3,20437,32624,593,44.0,70.0,0.0
1783933032.9,20442,32624,593,157.0,69.0,2350.0
1783933033.5,20442,32624,593,211.0,70.0,2419.0
1783933034.1,20442,32624,593,322.0,70.0,2863.0
1783933034.7,20440,32624,593,347.0,70.0,3207.0
1783933035.3,20440,32624,593,344.0,71.0,3150.0
1783933035.9,20440,32624,593,306.0,71.0,3061.0
1783933036.5,20433,32624,593,341.0,71.0,2700.0
1783933037.1,20433,32624,593,255.0,71.0,2697.0
1783933037.7,20433,32624,593,296.0,71.0,3256.0
1783933038.3,20433,32624,593,280.0,71.0,3014.0
1783933038.9,20433,32624,593,293.0,71.0,3238.0
1783933039.5,20440,32624,593,295.0,71.0,3007.0
1783933040.1,20453,32624,599,333.0,71.0,3061.0
1783933040.7,20453,32624,599,346.0,71.0,2942.0
1783933041.3,20453,32624,599,297.0,71.0,3210.0
1783933041.9,20453,32624,599,322.0,71.0,2885.0
1783933042.5,20453,32624,595,349.0,71.0,2820.0
1783933043.1,20453,32624,595,307.0,71.0,2763.0
1783933043.7,20446,32624,595,297.0,71.0,2934.0
1783933044.3,20446,32624,595,327.0,71.0,3234.0
1783933044.8,20452,32624,601,304.0,71.0,3277.0
1783933045.4,20452,32624,601,305.0,71.0,2686.0
1783933046.0,20452,32624,601,250.0,71.0,3157.0
1783933046.6,20452,32624,601,300.0,71.0,3200.0
1783933047.2,20452,32624,599,344.0,71.0,3242.0
1783933047.8,20452,32624,599,352.0,71.0,3002.0
1783933048.4,20452,32624,599,302.0,71.0,2725.0
1783933049.0,20452,32624,599,334.0,71.0,3213.0
1783933049.6,20452,32624,595,347.0,71.0,3240.0
1783933050.2,20452,32624,595,306.0,71.0,3268.0
1783933050.8,20452,32624,595,312.0,71.0,3039.0
1783933051.4,20452,32624,595,307.0,71.0,3271.0
1783933052.0,20452,32624,595,155.0,71.0,3012.0
1783933052.6,20452,32624,597,328.0,71.0,3239.0
1783933053.2,20452,32624,597,417.0,71.0,3181.0
1783933053.8,20465,32624,599,302.0,71.0,3280.0
1783933054.4,20465,32624,595,343.0,71.0,2926.0
1783933055.0,20465,32624,595,325.0,71.0,3167.0
1783933055.6,20465,32624,595,334.0,71.0,2954.0
1783933056.2,20465,32624,595,303.0,71.0,2720.0
1783933056.8,20465,32624,593,316.0,71.0,2811.0
1783933057.4,20465,32624,593,311.0,71.0,2954.0
1783933058.0,20465,32624,593,286.0,71.0,3237.0
1783933058.5,20448,32624,593,258.0,71.0,3227.0
1783933059.2,20459,32624,599,318.0,71.0,2846.0
1783933059.7,20459,32624,599,306.0,71.0,2753.0
1783933060.4,20455,32624,599,312.0,71.0,2795.0
1783933061.0,20455,32624,599,269.0,71.0,2996.0
1783933061.5,20455,32624,599,295.0,71.0,2869.0
1783933062.1,20455,32624,599,310.0,71.0,2962.0
1783933062.7,20455,32624,595,315.0,71.0,3019.0
1783933063.3,20455,32624,599,302.0,71.0,3234.0
1783933063.9,20455,32624,599,356.0,71.0,2739.0
1783933064.5,20455,32624,599,304.0,71.0,3171.0
1783933065.1,20455,32624,599,217.0,71.0,2767.0
1783933065.7,20455,32624,595,365.0,71.0,3207.0
1783933066.3,20455,32624,595,143.0,71.0,2983.0
1783933066.9,20451,32624,593,382.0,71.0,3140.0
1783933067.5,20451,32624,593,327.0,71.0,2829.0
1783933068.1,20449,32624,591,344.0,71.0,3237.0
1783933068.7,20449,32624,591,208.0,71.0,2676.0
1783933069.3,20449,32624,591,296.0,71.0,3245.0
1783933069.9,20437,32624,593,324.0,71.0,2994.0
1783933070.4,20437,32624,591,398.0,71.0,3203.0
1783933071.0,20437,32624,591,342.0,71.0,3052.0
1783933071.6,20437,32624,591,354.0,71.0,2905.0
1783933072.2,20437,32624,591,316.0,71.0,2896.0
1783933072.8,20437,32624,591,316.0,71.0,2775.0
1783933073.4,20462,32624,607,217.0,71.0,2756.0
1783933074.0,20462,32624,607,321.0,71.0,2907.0
1783933074.6,20462,32624,607,307.0,71.0,2788.0
1783933075.2,20462,32624,607,313.0,71.0,2757.0
1783933075.8,20462,32624,595,298.0,71.0,3277.0
1783933076.4,20462,32624,595,308.0,71.0,3116.0
1783933077.0,20462,32624,595,406.0,71.0,3121.0
1783933077.6,20462,32624,595,175.0,71.0,2957.0
1783933078.2,20455,32624,595,324.0,71.0,3249.0
1783933078.8,20455,32624,595,276.0,71.0,2898.0
1783933079.4,20459,32624,595,296.0,71.0,3277.0
1783933080.0,20445,32624,593,329.0,71.0,2951.0
1783933080.6,20445,32624,593,258.0,71.0,3007.0
1783933081.2,20445,32624,593,192.0,71.0,3206.0
1783933081.7,20445,32624,593,329.0,71.0,2803.0
1783933082.3,20445,32624,593,307.0,71.0,2790.0
1783933082.9,20449,32624,593,303.0,71.0,2735.0
1783933083.5,20450,32624,605,193.0,71.0,3195.0
1783933084.1,20452,32624,599,297.0,71.0,3265.0
1783933084.7,20452,32624,599,314.0,71.0,2911.0
1783933085.3,20452,32624,599,308.0,71.0,3144.0
1783933085.9,20452,32624,599,301.0,72.0,2693.0
1783933086.5,20452,32624,597,299.0,71.0,3072.0
1783933087.1,20452,32624,597,342.0,71.0,2892.0
1783933087.7,20452,32624,597,281.0,71.0,3199.0
1783933088.3,20450,32624,597,313.0,71.0,3141.0
1783933088.9,20450,32624,597,283.0,71.0,2642.0
1783933089.5,20450,32624,597,316.0,71.0,2993.0
1783933090.1,20448,32624,601,394.0,71.0,3156.0
1783933090.7,20448,32624,593,333.0,71.0,2627.0
1783933091.3,20448,32624,593,245.0,71.0,3251.0
1783933091.8,20446,32624,593,375.0,71.0,3051.0
1783933092.4,20439,32624,593,315.0,71.0,2780.0
1783933093.0,20439,32624,593,350.0,71.0,2950.0
1783933093.6,20439,32624,593,348.0,71.0,3253.0
1783933094.2,20439,32624,593,334.0,71.0,2912.0
1783933094.8,20439,32624,593,328.0,71.0,3168.0
1783933095.4,20446,32624,593,330.0,71.0,3208.0
1783933096.0,20446,32624,593,307.0,72.0,3052.0
1783933096.6,20446,32624,593,341.0,71.0,3240.0
1783933097.2,20443,32624,593,398.0,71.0,3118.0
1783933097.8,20443,32624,593,317.0,71.0,2784.0
1783933098.4,20443,32624,593,294.0,71.0,3108.0
1783933099.0,20443,32624,593,312.0,71.0,3284.0
1783933099.6,20443,32624,593,338.0,71.0,2935.0
1783933100.2,20435,32624,593,366.0,71.0,2932.0
1783933100.8,20439,32624,593,297.0,71.0,2879.0
1783933101.4,20439,32624,595,321.0,71.0,2782.0
1783933102.0,20439,32624,595,324.0,71.0,3010.0
1783933102.6,20439,32624,595,329.0,71.0,3173.0
1783933103.2,20439,32624,595,329.0,71.0,2988.0
1783933103.8,20433,32624,595,303.0,71.0,2808.0
1783933104.4,20441,32624,593,270.0,71.0,3041.0
1783933105.0,20441,32624,593,289.0,71.0,3242.0
1783933105.6,20440,32624,593,301.0,71.0,3251.0
1783933106.2,20440,32624,593,303.0,71.0,3157.0
1783933106.8,20440,32624,593,304.0,71.0,2696.0
1783933107.4,20452,32624,601,347.0,71.0,3234.0
1783933108.0,20452,32624,601,313.0,71.0,2945.0
1783933108.6,20452,32624,601,301.0,71.0,3048.0
1783933109.2,20452,32624,601,301.0,71.0,3236.0
1783933109.8,20452,32624,601,315.0,71.0,3146.0
1783933110.4,20452,32624,595,314.0,71.0,2954.0
1783933111.0,20452,32624,595,223.0,71.0,2858.0
1783933111.6,20448,32624,599,303.0,71.0,2748.0
1783933112.2,20452,32624,597,297.0,71.0,2714.0
1783933112.7,20452,32624,597,200.0,71.0,2861.0
1783933113.3,20452,32624,593,289.0,71.0,2742.0
1783933113.9,20452,32624,593,300.0,71.0,3283.0
1783933114.5,20452,32624,593,402.0,71.0,3192.0
1783933115.1,20452,32624,593,299.0,71.0,3277.0
1783933115.7,20445,32624,593,342.0,71.0,3231.0
1783933116.3,20443,32624,595,213.0,71.0,3255.0
1783933117.0,20548,32624,623,304.0,71.0,2728.0
1783933117.5,20548,32624,623,327.0,71.0,2772.0
1783933118.1,20547,32624,597,127.0,71.0,2628.0
1783933118.7,20552,32624,597,153.0,71.0,2561.0
1783933119.3,20545,32624,607,315.0,71.0,3145.0
1783933119.9,20547,32624,609,331.0,71.0,3225.0
1783933120.5,20547,32624,609,273.0,71.0,2709.0
1783933121.1,20547,32624,609,298.0,71.0,3220.0
1783933121.7,20547,32624,609,326.0,71.0,2813.0
1783933122.3,20537,32624,597,219.0,71.0,2844.0
1783933122.9,20512,32624,597,350.0,71.0,2705.0
1783933123.5,20512,32624,597,247.0,71.0,3085.0
1783933124.1,20504,32624,597,358.0,71.0,2730.0
1783933124.7,20492,32624,593,301.0,71.0,2754.0
1783933125.3,20488,32624,593,143.0,71.0,2562.0
1783933125.9,20476,32624,595,197.0,71.0,2601.0
1783933126.5,20476,32624,593,370.0,71.0,3051.0
1783933127.1,20476,32624,593,263.0,71.0,2602.0
1783933127.7,20476,32624,593,348.0,71.0,3117.0
1783933128.3,20476,32624,593,378.0,71.0,3179.0
1783933128.9,20476,32624,593,319.0,71.0,2820.0
1783933129.5,20472,32624,593,320.0,71.0,2724.0
1783933130.1,20472,32624,593,262.0,71.0,2884.0
1783933130.7,20472,32624,593,219.0,71.0,2825.0
1783933131.3,20472,32624,593,383.0,71.0,3105.0
1783933131.9,20472,32624,595,318.0,71.0,2795.0
1783933132.5,20472,32624,595,316.0,71.0,2786.0
1783933133.1,20472,32624,595,349.0,71.0,2936.0
1783933133.7,20472,32624,595,305.0,71.0,2800.0
1783933134.3,20472,32624,595,328.0,71.0,2777.0
1783933134.9,20472,32624,595,309.0,71.0,3096.0
1783933135.5,20472,32624,595,304.0,71.0,2784.0
1783933136.0,20472,32624,595,266.0,71.0,2711.0
1783933136.6,20472,32624,595,329.0,71.0,2842.0
1783933137.2,20472,32624,595,315.0,71.0,2818.0
1783933137.8,20464,32624,593,298.0,71.0,3101.0
1783933138.4,20464,32624,593,328.0,71.0,2855.0
1783933139.0,20464,32624,593,248.0,72.0,3041.0
1783933139.6,20464,32624,593,308.0,71.0,3082.0
1783933140.2,20464,32624,593,175.0,72.0,2760.0
1783933140.8,20464,32624,593,286.0,71.0,3112.0
1783933141.4,20464,32624,593,305.0,71.0,2799.0
1783933142.0,20464,32624,593,293.0,71.0,3265.0
1783933142.6,20464,32624,593,283.0,71.0,2745.0
1783933143.2,20464,32624,593,328.0,71.0,3263.0
1783933143.8,20464,32624,593,247.0,71.0,3145.0
1783933144.4,20464,32624,593,285.0,71.0,3254.0
1783933145.0,20464,32624,593,313.0,71.0,2813.0
1783933145.6,20464,32624,593,321.0,71.0,3152.0
1783933146.2,20464,32624,593,220.0,71.0,3259.0
1783933146.8,20464,32624,593,341.0,71.0,3164.0
1783933147.4,20464,32624,593,296.0,71.0,3268.0
1783933148.0,20464,32624,593,297.0,71.0,2881.0
1783933148.6,20464,32624,593,325.0,71.0,2915.0
1783933149.2,20464,32624,593,244.0,71.0,2979.0
1783933149.8,20464,32624,593,311.0,71.0,2956.0
1783933150.3,20464,32624,593,306.0,71.0,2745.0
1783933150.9,20464,32624,593,299.0,71.0,2718.0
1783933151.5,20464,32624,593,218.0,71.0,263.0
1783933152.1,20464,32624,593,320.0,71.0,3122.0
1783933152.7,20464,32624,593,313.0,71.0,3186.0
1783933153.3,20464,32624,593,339.0,71.0,3237.0
1783933153.9,20464,32624,593,294.0,71.0,3078.0
1783933154.5,20464,32624,593,365.0,71.0,3082.0
1783933155.1,20464,32624,593,301.0,71.0,2765.0
1783933155.7,20460,32624,593,321.0,71.0,3255.0
1783933156.3,20460,32624,593,329.0,71.0,3197.0
1783933156.9,20458,32624,593,278.0,71.0,3252.0
1783933157.5,20458,32624,593,316.0,71.0,2852.0
1783933158.1,20458,32624,593,364.0,71.0,3205.0
1783933158.7,20482,32624,597,321.0,71.0,2870.0
1783933159.3,20484,32624,597,391.0,71.0,3213.0
1783933159.9,20501,32624,607,303.0,71.0,3109.0
1783933160.5,20505,32624,616,313.0,71.0,2957.0
1783933161.1,20499,32624,605,298.0,71.0,2777.0
1783933161.7,20499,32624,605,334.0,71.0,2804.0
1783933162.3,20499,32624,601,336.0,71.0,3234.0
1783933162.8,20499,32624,601,301.0,71.0,3038.0
1783933163.4,20499,32624,601,312.0,71.0,3259.0
1783933164.0,20499,32624,601,313.0,71.0,3252.0
1783933164.6,20499,32624,601,310.0,71.0,2873.0
1783933165.2,20489,32624,601,322.0,71.0,2820.0
1783933165.8,20497,32624,603,299.0,71.0,3283.0
1783933166.4,20491,32624,603,278.0,71.0,2955.0
1783933167.0,20491,32624,603,340.0,71.0,3190.0
1783933167.6,20491,32624,603,191.0,71.0,3097.0
1783933168.2,20472,32624,597,322.0,71.0,2949.0
1783933168.8,20472,32624,597,305.0,71.0,3269.0
1783933169.4,20472,32624,597,175.0,71.0,3290.0
1783933170.0,20472,32624,601,301.0,71.0,3274.0
1783933170.6,20472,32624,601,261.0,71.0,2885.0
1783933171.2,20472,32624,601,218.0,71.0,2660.0
1783933171.7,20472,32624,601,313.0,71.0,2967.0
1783933172.3,20472,32624,601,336.0,71.0,2874.0
1783933172.9,20472,32624,601,363.0,71.0,2926.0
1783933173.5,20464,32624,601,309.0,71.0,3072.0
1783933174.1,20464,32624,601,195.0,71.0,2878.0
1783933174.7,20464,32624,601,376.0,71.0,3204.0
1783933175.3,20464,32624,601,297.0,71.0,3256.0
1783933175.9,20464,32624,601,315.0,71.0,3265.0
1783933176.5,20464,32624,601,248.0,71.0,3035.0
1783933177.1,20464,32624,601,296.0,71.0,3265.0
1783933177.7,20464,32624,601,186.0,71.0,3151.0
1783933178.3,20464,32624,602,64.0,69.0,2874.0
1783933178.9,20464,32624,602,256.0,70.0,2808.0
1783933179.5,20464,32624,602,370.0,70.0,2726.0
1783933180.1,20469,32624,600,315.0,70.0,2850.0
1783933180.7,20469,32624,600,336.0,71.0,2761.0
1783933181.3,20469,32624,600,319.0,71.0,2715.0
1783933181.9,20469,32624,598,285.0,71.0,3272.0
1783933182.5,20469,32624,598,291.0,71.0,3220.0
1783933183.1,20469,32624,598,183.0,71.0,2930.0
1783933183.7,20469,32624,598,223.0,71.0,3234.0
1783933184.3,20469,32624,598,302.0,71.0,3071.0
1783933184.8,20469,32624,598,328.0,71.0,3178.0
1783933185.4,20467,32624,600,327.0,71.0,2880.0
1783933186.0,20467,32624,600,361.0,71.0,2915.0
1783933186.6,20467,32624,600,323.0,71.0,3177.0
1783933187.2,20467,32624,600,329.0,71.0,3147.0
1783933187.8,20467,32624,600,316.0,71.0,3277.0
1783933188.4,20467,32624,600,264.0,71.0,3255.0
1783933189.0,20467,32624,600,150.0,71.0,2879.0
1783933189.6,20467,32624,600,318.0,71.0,2791.0
1783933190.2,20467,32624,600,301.0,71.0,2807.0
1783933190.8,20467,32624,600,309.0,71.0,3276.0
1783933191.4,20467,32624,600,307.0,71.0,2744.0
1783933192.0,20467,32624,596,291.0,71.0,3153.0
1783933192.6,20471,32624,600,301.0,71.0,2694.0
1783933193.2,20471,32624,600,326.0,71.0,3223.0
1783933193.8,20471,32624,600,371.0,71.0,3235.0
1783933194.3,20471,32624,598,337.0,71.0,3068.0
1783933194.9,20471,32624,598,313.0,71.0,2752.0
1783933195.5,20481,32624,610,262.0,71.0,2692.0
1783933196.1,20543,32624,625,290.0,71.0,3215.0
1783933196.7,20518,32624,611,204.0,71.0,2863.0
1783933197.3,20540,32624,613,219.0,71.0,2867.0
1783933197.9,20530,32624,600,422.0,71.0,3178.0
1783933198.5,20530,32624,602,324.0,71.0,2861.0
1783933199.1,20503,32624,600,308.0,71.0,3264.0
1783933199.7,20503,32624,600,236.0,71.0,2968.0
1783933200.3,20503,32624,600,299.0,71.0,3237.0
1783933200.9,20503,32624,600,318.0,71.0,2990.0
1783933201.5,20499,32624,596,312.0,71.0,2726.0
1783933202.1,20491,32624,596,183.0,71.0,2806.0
1783933202.7,20491,32624,596,322.0,71.0,2809.0
1783933203.3,20469,32624,596,304.0,71.0,2740.0
1783933203.9,20469,32624,596,333.0,71.0,2825.0
1783933204.5,20469,32624,596,320.0,71.0,3221.0
1783933205.1,20469,32624,596,298.0,71.0,3284.0
1783933205.7,20469,32624,596,167.0,71.0,2714.0
1783933206.2,20469,32624,596,267.0,71.0,2949.0
1783933206.8,20472,32624,596,208.0,71.0,3215.0
1783933207.4,20472,32624,596,332.0,71.0,2857.0
1783933208.0,20472,32624,596,300.0,71.0,3054.0
1783933208.6,20472,32624,596,74.0,70.0,3184.0
1783933209.2,20472,32624,596,305.0,70.0,2990.0
1783933209.8,20472,32624,596,328.0,71.0,2881.0
1783933210.4,20472,32624,596,319.0,71.0,2771.0
1783933211.0,20472,32624,596,300.0,71.0,2762.0
1783933211.6,20472,32624,596,210.0,71.0,2603.0
1783933212.2,20468,32624,594,157.0,71.0,3094.0
1783933212.8,20468,32624,594,318.0,71.0,2937.0
1783933213.4,20468,32624,594,322.0,71.0,3137.0
1783933213.9,20468,32624,594,305.0,71.0,2901.0
1783933214.5,20468,32624,594,316.0,71.0,2789.0
1783933215.1,20468,32624,594,311.0,71.0,2956.0
1783933215.7,20468,32624,594,308.0,71.0,3244.0
1783933216.3,20468,32624,594,173.0,71.0,3185.0
1783933216.9,20464,32624,594,336.0,71.0,3250.0
1783933217.5,20464,32624,594,292.0,71.0,3257.0
1783933218.1,20464,32624,594,307.0,71.0,2719.0
1783933218.7,20464,32624,594,311.0,71.0,3282.0
1783933219.3,20464,32624,594,316.0,71.0,2812.0
1783933219.9,20464,32624,594,342.0,71.0,3044.0
1783933220.5,20464,32624,594,305.0,71.0,3275.0
1783933221.1,20464,32624,594,304.0,71.0,2797.0
1783933221.6,20468,32624,594,146.0,71.0,2933.0
1783933222.2,20468,32624,594,312.0,71.0,3268.0
1783933222.8,20468,32624,594,318.0,71.0,3284.0
1783933223.4,20468,32624,594,185.0,71.0,3002.0
1783933224.0,20468,32624,594,311.0,71.0,2804.0
1783933224.6,20468,32624,594,328.0,71.0,2878.0
1783933225.2,20468,32624,594,304.0,71.0,3282.0
1783933225.8,20468,32624,594,225.0,71.0,3081.0
1783933226.4,20468,32624,594,284.0,71.0,2983.0
1783933227.0,20468,32624,594,299.0,71.0,2744.0
1783933227.6,20468,32624,594,327.0,71.0,3150.0
1783933228.2,20468,32624,594,165.0,71.0,2720.0
1783933228.7,20468,32624,594,193.0,71.0,3238.0
1783933229.3,20468,32624,594,347.0,71.0,3236.0
1783933229.9,20468,32624,594,336.0,71.0,3228.0
1783933230.5,20468,32624,594,317.0,71.0,2755.0
1783933231.1,20468,32624,594,304.0,71.0,2746.0
1783933231.7,20468,32624,594,380.0,71.0,3117.0
1783933232.3,20468,32624,594,282.0,71.0,3189.0
1783933232.9,20468,32624,594,300.0,71.0,3273.0
1783933233.5,20468,32624,594,399.0,71.0,3175.0
1783933234.1,20468,32624,594,317.0,71.0,2951.0
1783933234.7,20468,32624,594,300.0,71.0,2736.0
1783933235.3,20468,32624,594,306.0,71.0,3091.0
1783933235.9,20468,32624,594,317.0,71.0,3112.0
1783933236.4,20468,32624,594,287.0,71.0,2664.0
1783933237.0,20468,32624,594,308.0,71.0,2743.0
1783933237.6,20468,32624,594,303.0,71.0,2763.0
1783933238.2,20468,32624,594,283.0,71.0,3232.0
1783933238.8,20468,32624,594,219.0,71.0,2886.0
1783933239.4,20473,32624,598,325.0,71.0,2855.0
1783933240.0,20473,32624,598,302.0,71.0,2733.0
1783933240.6,20473,32624,598,302.0,71.0,2735.0
1783933241.2,20473,32624,598,250.0,71.0,3092.0
1783933241.8,20473,32624,598,177.0,71.0,3084.0
1783933242.4,20473,32624,598,343.0,71.0,3159.0
1783933243.0,20473,32624,598,338.0,71.0,2908.0
1783933243.5,20473,32624,598,313.0,71.0,2903.0
1783933244.1,20477,32624,598,313.0,71.0,2751.0
1783933244.7,20477,32624,598,305.0,71.0,2747.0
1783933245.3,20477,32624,598,329.0,71.0,2858.0
1783933245.9,20477,32624,598,200.0,71.0,2763.0
1783933246.5,20477,32624,598,337.0,71.0,3198.0
1783933247.1,20477,32624,598,302.0,71.0,2715.0
1783933247.7,20478,32624,598,317.0,71.0,2879.0
1783933248.3,20478,32624,598,325.0,71.0,2876.0
1783933248.9,20478,32624,598,239.0,69.0,2754.0
1783933249.5,20478,32624,598,346.0,70.0,3125.0
1783933250.1,20478,32624,598,307.0,71.0,2712.0
1783933250.7,20478,32624,598,332.0,71.0,2907.0
1783933251.3,20478,32624,598,307.0,71.0,2759.0
1783933251.8,20478,32624,598,298.0,71.0,2744.0
1783933252.4,20478,32624,598,353.0,71.0,3118.0
1783933253.0,20478,32624,598,307.0,71.0,3120.0
1783933253.6,20478,32624,598,279.0,71.0,2680.0
1783933254.2,20478,32624,598,328.0,71.0,3073.0
1783933254.8,20478,32624,598,293.0,71.0,3224.0
1783933255.4,20487,32624,598,309.0,71.0,3257.0
1783933256.0,20513,32624,612,309.0,71.0,3251.0
1783933256.6,20513,32624,612,294.0,71.0,3152.0
1783933257.2,20513,32624,612,306.0,71.0,2777.0
1783933257.8,20513,32624,594,210.0,71.0,3261.0
1783933258.4,20513,32624,594,314.0,71.0,3281.0
1783933259.0,20513,32624,594,264.0,71.0,3047.0
1783933259.6,20513,32624,594,356.0,71.0,3114.0
1783933260.2,20513,32624,594,359.0,71.0,3038.0
1783933260.7,20509,32624,594,417.0,71.0,3244.0
1783933261.4,20509,32624,594,342.0,71.0,3242.0
1783933261.9,20509,32624,594,175.0,71.0,2776.0
1783933262.5,20509,32624,594,346.0,71.0,3080.0
1783933263.1,20505,32624,594,378.0,71.0,3156.0
1783933263.7,20505,32624,596,337.0,71.0,3026.0
1783933264.3,20491,32624,604,276.0,71.0,3221.0
1783933264.9,20491,32624,604,158.0,71.0,2721.0
1783933265.5,20494,32624,600,366.0,71.0,3024.0
1783933266.1,20494,32624,600,328.0,71.0,2968.0
1783933266.7,20494,32624,600,309.0,71.0,3045.0
1783933267.3,20494,32624,600,314.0,71.0,2832.0
1783933267.9,20494,32624,600,325.0,71.0,2977.0
1783933268.5,20494,32624,600,301.0,71.0,3247.0
1783933269.1,20494,32624,596,200.0,71.0,1916.0
1783933269.7,20494,32624,596,269.0,71.0,3260.0
1783933270.3,20486,32624,596,293.0,71.0,3234.0
1783933270.9,20486,32624,596,284.0,71.0,3246.0
1783933271.5,20486,32624,596,309.0,71.0,3228.0
1783933272.1,20486,32624,596,310.0,71.0,3073.0
1783933272.6,20486,32624,596,305.0,71.0,3268.0
1783933273.2,20486,32624,596,322.0,71.0,2669.0
1783933273.8,20486,32624,596,309.0,71.0,3243.0
1783933274.4,20486,32624,596,307.0,71.0,3272.0
1783933275.0,20486,32624,596,349.0,71.0,2974.0
1783933275.6,20475,32624,606,327.0,71.0,3130.0
1783933276.2,20475,32624,606,328.0,71.0,3197.0
1783933276.8,20475,32624,606,301.0,71.0,3273.0
1783933277.4,20475,32624,594,310.0,71.0,2794.0
1783933278.0,20475,32624,594,214.0,71.0,2830.0
1783933278.6,20475,32624,594,280.0,71.0,2970.0
1783933279.2,20475,32624,594,319.0,71.0,3150.0
1783933279.8,20475,32624,594,290.0,71.0,3193.0
1783933280.3,20475,32624,594,343.0,71.0,3236.0
1783933280.9,20475,32624,594,313.0,71.0,3250.0
1783933281.5,20475,32624,594,200.0,71.0,3067.0
1783933282.1,20475,32624,594,305.0,71.0,3201.0
1783933282.7,20475,32624,594,281.0,71.0,3255.0
1783933283.3,20475,32624,594,305.0,71.0,3269.0
1783933283.9,20475,32624,594,283.0,71.0,3204.0
1783933284.5,20475,32624,594,260.0,71.0,2741.0
1783933285.1,20475,32624,594,298.0,71.0,3258.0
1783933285.7,20475,32624,594,224.0,71.0,2732.0
1783933286.3,20475,32624,594,305.0,71.0,2752.0
1783933286.8,20475,32624,594,346.0,71.0,2921.0
1783933287.4,20475,32624,594,294.0,71.0,3250.0
1783933288.0,20475,32624,594,291.0,71.0,3025.0
1783933288.6,20475,32624,594,248.0,71.0,2568.0
1783933289.2,20475,32624,594,281.0,71.0,2880.0
1783933289.8,20475,32624,594,321.0,71.0,2889.0
1783933290.4,20475,32624,594,317.0,71.0,3168.0
1783933291.0,20475,32624,594,342.0,71.0,3267.0
1783933291.6,20475,32624,594,220.0,71.0,3206.0
1783933292.2,20475,32624,594,306.0,71.0,2622.0
1783933292.8,20475,32624,594,292.0,71.0,2751.0
1783933293.4,20475,32624,594,268.0,71.0,2777.0
1783933293.9,20475,32624,594,350.0,71.0,2983.0
1783933294.5,20475,32624,594,350.0,71.0,3138.0
1783933295.1,20471,32624,594,343.0,71.0,2936.0
1783933295.7,20471,32624,594,201.0,71.0,2579.0
1783933296.3,20471,32624,594,218.0,71.0,3048.0
1783933296.9,20471,32624,594,305.0,71.0,3122.0
1783933297.5,20471,32624,594,319.0,71.0,3141.0
1783933298.1,20471,32624,594,359.0,71.0,3121.0
1783933298.7,20471,32624,594,309.0,71.0,3273.0
1783933299.3,20471,32624,594,333.0,71.0,3237.0
1783933299.8,20471,32624,594,299.0,71.0,2970.0
1783933300.4,20471,32624,594,183.0,71.0,3036.0
1783933301.0,20471,32624,594,273.0,71.0,3254.0
1783933301.6,20471,32624,594,344.0,71.0,3232.0
1783933302.2,20471,32624,594,324.0,71.0,3236.0
1783933302.8,20471,32624,594,268.0,71.0,2882.0
1783933303.4,20471,32624,594,294.0,71.0,3254.0
1783933304.0,20471,32624,594,297.0,71.0,3236.0
1783933304.6,20471,32624,594,289.0,71.0,3249.0
1783933305.2,20471,32624,594,287.0,71.0,3227.0
1783933305.8,20471,32624,594,327.0,71.0,3232.0
1783933306.4,20471,32624,594,281.0,71.0,3262.0
1783933306.9,20471,32624,594,281.0,71.0,2898.0
1783933307.5,20471,32624,594,353.0,71.0,3130.0
1783933308.1,20471,32624,594,313.0,71.0,3164.0
1783933308.7,20471,32624,594,268.0,71.0,2896.0
1783933309.3,20471,32624,594,307.0,71.0,2759.0
1783933309.9,20454,32624,596,264.0,71.0,3255.0
1783933310.5,20465,32624,602,255.0,71.0,3055.0
1783933311.1,20465,32624,602,159.0,71.0,3288.0
1783933311.7,20465,32624,602,294.0,72.0,3243.0
1783933312.3,20465,32624,602,338.0,71.0,2728.0
1783933312.9,20465,32624,602,322.0,71.0,2990.0
1783933313.5,20465,32624,602,334.0,71.0,3087.0
1783933314.1,20465,32624,602,360.0,71.0,2665.0
1783933314.7,20465,32624,602,302.0,71.0,3286.0
1783933315.2,20465,32624,600,302.0,71.0,3067.0
1783933315.8,20465,32624,600,350.0,71.0,2883.0
1783933316.4,20465,32624,600,321.0,71.0,3129.0
1783933317.0,20465,32624,600,191.0,71.0,2736.0
1783933317.6,20465,32624,600,301.0,71.0,3100.0
1783933318.2,20465,32624,600,169.0,71.0,2708.0
1783933318.8,20465,32624,600,343.0,71.0,2941.0
1783933319.4,20465,32624,600,412.0,71.0,3185.0
1783933320.0,20465,32624,600,155.0,71.0,2718.0
1783933320.6,20465,32624,600,177.0,71.0,3046.0
1783933321.2,20463,32624,594,283.0,71.0,2993.0
1783933321.8,20457,32624,594,318.0,71.0,3261.0
1783933322.4,20457,32624,594,316.0,71.0,2990.0
1783933322.9,20457,32624,594,323.0,71.0,3180.0
1783933323.5,20457,32624,594,272.0,71.0,2863.0
1783933324.1,20457,32624,594,295.0,71.0,3207.0
1783933324.7,20457,32624,594,325.0,71.0,3013.0
1783933325.3,20457,32624,594,316.0,71.0,2690.0
1783933325.9,20457,32624,594,338.0,71.0,2891.0
1783933326.5,20457,32624,594,303.0,71.0,2776.0
1783933327.1,20467,32624,602,300.0,71.0,2748.0
1783933327.7,20467,32624,602,367.0,71.0,3175.0
1783933328.3,20469,32624,598,272.0,71.0,2701.0
1783933328.9,20469,32624,594,317.0,71.0,3284.0
1783933329.5,20469,32624,596,330.0,71.0,2697.0
1783933330.1,20467,32624,596,399.0,71.0,3164.0
1783933330.7,20467,32624,596,251.0,71.0,3080.0
1783933331.3,20467,32624,596,252.0,71.0,3297.0
1783933331.9,20467,32624,596,230.0,71.0,2974.0
1783933332.5,20467,32624,596,349.0,71.0,3238.0
1783933333.1,20469,32624,596,249.0,71.0,3159.0
1783933333.7,20467,32624,596,321.0,71.0,3003.0
1783933334.3,20510,32624,622,322.0,71.0,3194.0
1783933334.9,20561,32624,621,308.0,71.0,3099.0
1783933335.5,20562,32624,604,317.0,71.0,2960.0
1783933336.1,20562,32624,604,314.0,71.0,2730.0
1783933336.7,20562,32624,604,44.0,71.0,0.0
1783933337.3,20562,32624,600,295.0,70.0,2689.0
1783933337.8,20562,32624,600,211.0,71.0,2815.0
1783933338.4,20562,32624,600,313.0,71.0,2932.0
1783933339.0,20562,32624,600,373.0,71.0,3142.0
1783933339.6,20547,32624,600,291.0,71.0,2758.0
1783933340.2,20542,32624,602,370.0,71.0,3201.0
1783933340.8,20512,32624,600,255.0,71.0,2640.0
1783933341.4,20512,32624,600,398.0,71.0,3190.0
1783933342.0,20499,32624,596,292.0,71.0,3265.0
1783933342.6,20499,32624,596,367.0,71.0,3050.0
1783933343.2,20499,32624,596,367.0,71.0,2300.0
1783933343.8,20495,32624,596,288.0,71.0,3240.0
1783933344.4,20502,32624,596,363.0,71.0,3164.0
1783933345.0,20502,32624,596,340.0,71.0,3227.0
1783933345.6,20502,32624,596,328.0,71.0,3201.0
1783933346.2,20502,32624,596,309.0,71.0,3276.0
1783933346.8,20504,32624,596,338.0,71.0,3220.0
1783933347.4,20527,32624,596,313.0,71.0,3275.0
1783933348.0,20527,32624,596,320.0,71.0,2786.0
1783933348.6,20527,32624,596,305.0,71.0,3239.0
1783933349.2,20527,32624,596,327.0,71.0,3235.0
1783933349.8,20521,32624,594,303.0,71.0,3072.0
1783933350.4,20521,32624,594,328.0,71.0,3205.0
1783933350.9,20521,32624,596,342.0,71.0,3217.0
1783933351.5,20521,32624,596,299.0,71.0,3265.0
1783933352.1,20525,32624,598,306.0,71.0,2947.0
1783933352.7,20525,32624,598,309.0,71.0,3274.0
1783933353.3,20525,32624,598,330.0,71.0,3146.0
1783933353.9,20525,32624,598,293.0,71.0,3198.0
1783933354.5,20511,32624,592,341.0,71.0,3221.0
1783933355.1,20511,32624,600,230.0,71.0,3179.0
1783933355.7,20511,32624,598,238.0,71.0,2673.0
1783933356.3,20511,32624,598,144.0,71.0,2663.0
1783933356.9,20511,32624,598,347.0,71.0,3046.0
1783933357.5,20507,32624,598,326.0,71.0,3220.0
1783933358.1,20507,32624,598,301.0,71.0,3058.0
1783933358.7,20507,32624,598,304.0,71.0,3283.0
1783933359.3,20507,32624,598,313.0,71.0,3100.0
1783933359.9,20507,32624,598,303.0,71.0,3091.0
1783933360.5,20529,32624,602,328.0,71.0,3230.0
1783933361.1,20520,32624,602,333.0,71.0,3247.0
1783933361.7,20532,32624,602,311.0,71.0,3111.0
1783933362.3,20538,32624,604,245.0,71.0,3115.0
1783933362.9,20538,32624,604,344.0,71.0,2934.0
1783933363.5,20536,32624,596,410.0,71.0,3172.0
1783933364.1,20566,32624,614,373.0,71.0,3183.0
1783933364.7,20562,32624,614,191.0,71.0,2677.0
1783933365.3,20540,32624,596,319.0,71.0,3109.0
1783933365.9,20595,32624,610,426.0,71.0,3180.0
1783933366.5,20595,32624,612,191.0,71.0,3125.0
1783933367.1,20595,32624,612,292.0,71.0,3254.0
1783933367.7,20514,32624,606,435.0,71.0,3203.0
1783933368.3,20514,32624,606,177.0,71.0,2745.0
1783933368.9,20514,32624,606,297.0,71.0,3252.0
1783933369.5,20514,32624,606,324.0,71.0,2816.0
1783933370.0,20514,32624,606,378.0,71.0,3219.0
1783933370.6,20514,32624,606,278.0,71.0,3212.0
1783933371.2,20473,32624,606,272.0,71.0,3240.0
1783933371.8,20473,32624,606,316.0,71.0,2720.0
1783933372.4,20473,32624,606,292.0,71.0,3222.0
1783933373.0,20465,32624,608,307.0,71.0,3257.0
1783933373.6,20546,32624,639,311.0,71.0,3263.0
1783933374.2,20544,32624,635,190.0,71.0,3070.0
1783933374.8,20521,32624,610,297.0,71.0,3020.0
1783933375.4,20496,32624,606,335.0,71.0,2919.0
1783933376.0,20538,32624,616,283.0,71.0,3270.0
1783933376.6,20538,32624,616,313.0,71.0,3282.0
1783933377.2,20529,32624,624,304.0,71.0,3036.0
1783933377.8,20496,32624,604,280.0,71.0,3252.0
1783933378.4,20495,32624,608,367.0,71.0,2936.0
1783933379.0,20479,32624,618,333.0,71.0,3242.0
1783933379.6,20479,32624,598,320.0,71.0,3144.0
1783933380.2,20479,32624,598,313.0,71.0,3244.0
1783933380.8,20463,32624,604,371.0,71.0,3044.0
1783933381.4,20463,32624,604,314.0,71.0,3275.0
1783933382.0,20459,32624,616,296.0,71.0,2727.0
1783933382.6,20459,32624,616,167.0,71.0,3226.0
1783933383.2,20452,32624,616,152.0,71.0,2814.0
1783933383.8,20454,32624,618,308.0,71.0,3249.0
1783933384.4,20454,32624,618,333.0,71.0,2773.0
1783933385.0,20454,32624,604,291.0,71.0,3263.0
1783933385.6,20424,32624,602,331.0,71.0,3229.0
1783933386.1,20424,32624,602,274.0,71.0,3221.0
1783933386.7,20421,32624,602,314.0,71.0,3269.0
1783933387.3,20431,32624,606,297.0,71.0,3048.0
1783933388.0,20454,32624,618,301.0,71.0,3279.0
1783933388.5,20450,32624,618,374.0,71.0,3218.0
1783933389.1,20450,32624,604,295.0,71.0,3231.0
1783933389.7,20448,32624,620,330.0,71.0,3229.0
1783933390.3,20448,32624,618,308.0,71.0,3228.0
1783933390.9,20441,32624,618,331.0,71.0,3247.0
1783933391.5,20433,32624,618,331.0,71.0,3241.0
1783933392.1,20433,32624,606,288.0,71.0,3247.0
1783933392.7,20437,32624,600,190.0,71.0,2593.0
1783933393.3,20437,32624,598,311.0,71.0,3155.0
1783933393.9,20433,32624,596,285.0,71.0,3260.0
1783933394.5,20433,32624,596,313.0,71.0,2797.0
1783933395.1,20426,32624,596,145.0,71.0,3216.0
1783933395.7,20426,32624,596,307.0,71.0,3276.0
1783933396.3,20419,32624,596,325.0,71.0,3012.0
1783933396.9,20403,32624,594,115.0,71.0,2589.0
1783933397.5,20403,32624,594,385.0,71.0,3136.0
1783933398.1,20400,32624,594,289.0,71.0,3111.0
1783933398.7,20396,32624,594,308.0,71.0,3266.0
1783933399.3,20396,32624,594,210.0,71.0,2912.0
1783933399.9,20390,32624,594,274.0,71.0,3259.0
1783933400.5,20390,32624,594,322.0,71.0,3263.0
1783933401.1,20390,32624,594,412.0,71.0,3168.0
1783933401.7,20390,32624,594,299.0,71.0,3226.0
1783933402.3,20390,32624,594,316.0,71.0,3276.0
1783933402.8,20390,32624,594,163.0,71.0,2960.0
1783933403.4,20390,32624,594,313.0,71.0,3077.0
1783933404.0,20390,32624,594,300.0,71.0,3234.0
1783933404.6,20405,32624,606,339.0,71.0,3255.0
1783933405.2,20407,32624,606,318.0,71.0,3273.0
1783933405.8,20438,32624,610,314.0,71.0,3268.0
1783933406.4,20473,32624,616,317.0,71.0,3279.0
1783933407.0,20466,32624,614,309.0,71.0,3253.0
1783933407.6,20484,32624,614,339.0,71.0,3171.0
1783933408.2,20492,32624,602,332.0,71.0,2857.0
1783933408.8,20500,32624,602,300.0,71.0,2915.0
1783933409.4,20473,32624,598,242.0,71.0,3091.0
1783933410.0,20477,32624,598,299.0,71.0,3279.0
1783933410.6,20442,32624,598,300.0,71.0,3260.0
1783933411.2,20444,32624,598,259.0,71.0,3065.0
1783933411.8,20440,32624,592,331.0,71.0,3018.0
1783933412.4,20424,32624,592,334.0,71.0,3180.0
1783933413.0,20458,32624,610,321.0,71.0,3288.0
1783933413.6,20498,32624,610,312.0,71.0,2937.0
1783933414.2,20498,32624,600,212.0,71.0,3163.0
1783933414.7,20498,32624,596,298.0,71.0,3237.0
1783933415.3,20492,32624,596,315.0,71.0,3247.0
1783933415.9,20483,32624,596,299.0,71.0,2721.0
1783933416.6,20493,32624,606,309.0,71.0,3280.0
1783933417.2,20493,32624,602,312.0,71.0,3085.0
1783933417.8,20497,32624,602,276.0,71.0,3271.0
1783933418.4,20493,32624,600,278.0,71.0,2706.0
1783933418.9,20497,32624,600,303.0,71.0,3264.0
1783933419.5,20497,32624,600,310.0,71.0,3277.0
1783933420.1,20489,32624,600,324.0,71.0,3211.0
1783933420.7,20497,32624,600,306.0,71.0,3230.0
1783933421.3,20497,32624,602,298.0,71.0,3236.0
1783933421.9,20501,32624,602,329.0,71.0,3223.0
1783933422.5,20506,32624,604,298.0,71.0,3258.0
1783933423.1,20506,32624,604,321.0,71.0,3168.0
1783933423.7,20522,32624,604,298.0,71.0,2869.0
1783933424.3,20493,32624,604,291.0,71.0,3047.0
1783933424.9,20501,32624,602,310.0,71.0,3084.0
1783933425.5,20489,32624,592,265.0,71.0,3210.0
1783933426.1,20489,32624,592,303.0,71.0,3218.0
1783933426.7,20468,32624,592,301.0,71.0,3215.0
1783933427.3,20468,32624,592,312.0,71.0,3245.0
1783933427.9,20448,32624,592,336.0,71.0,3221.0
1783933428.5,20448,32624,592,351.0,71.0,2913.0
1783933429.1,20448,32624,592,287.0,71.0,3015.0
1783933429.7,20426,32624,592,295.0,71.0,2972.0
1783933430.3,20426,32624,592,375.0,71.0,3119.0
1783933430.9,20426,32624,592,182.0,71.0,3006.0
1783933431.4,20426,32624,592,230.0,71.0,2991.0
1783933432.0,20426,32624,592,289.0,71.0,3242.0
1783933432.6,20426,32624,592,190.0,71.0,2938.0
1783933433.2,20426,32624,592,366.0,71.0,3108.0
1783933433.8,20425,32624,592,309.0,71.0,2804.0
1783933434.4,20425,32624,592,317.0,71.0,2939.0
1783933435.0,20425,32624,592,325.0,71.0,3146.0
1783933435.6,20425,32624,592,108.0,71.0,3061.0
1783933436.2,20425,32624,592,380.0,71.0,3091.0
1783933436.8,20425,32624,592,278.0,71.0,2738.0
1783933437.4,20425,32624,592,264.0,71.0,3128.0
1783933438.0,20425,32624,592,330.0,71.0,3166.0
1783933438.6,20425,32624,592,273.0,71.0,3261.0
1783933439.2,20425,32624,592,280.0,71.0,2752.0
1783933439.8,20425,32624,592,278.0,71.0,2920.0
1783933440.4,20425,32624,592,424.0,71.0,3222.0
1783933441.0,20453,32624,600,136.0,71.0,3031.0
1783933441.6,20453,32624,600,315.0,71.0,3131.0
1783933442.2,20450,32624,592,259.0,71.0,2953.0
1783933442.8,20460,32624,594,307.0,71.0,3279.0
1783933443.4,20460,32624,594,314.0,71.0,2901.0
1783933444.0,20460,32624,594,299.0,71.0,3071.0
1783933444.6,20460,32624,594,348.0,71.0,3125.0
1783933445.2,20460,32624,594,316.0,71.0,2807.0
1783933445.7,20460,32624,594,371.0,71.0,3200.0
1783933446.3,20422,32624,594,320.0,71.0,3284.0
1783933446.9,20422,32624,594,316.0,71.0,2831.0
1783933447.5,20422,32624,594,306.0,71.0,3257.0
1783933448.1,20422,32624,594,342.0,71.0,2658.0
1783933448.7,20422,32624,594,377.0,71.0,3197.0
1783933449.3,20422,32624,594,305.0,71.0,2702.0
1783933449.9,20422,32624,594,328.0,71.0,3165.0
1783933450.5,20422,32624,594,402.0,71.0,3130.0
1783933451.1,20422,32624,594,219.0,71.0,2771.0
1783933451.7,20422,32624,594,306.0,71.0,2715.0
1783933452.3,20422,32624,594,315.0,71.0,3282.0
1783933452.9,20422,32624,594,340.0,71.0,3232.0
1783933453.5,20422,32624,594,302.0,71.0,2771.0
1783933454.0,20422,32624,594,334.0,71.0,3219.0
1783933454.6,20422,32624,594,284.0,71.0,2660.0
1783933455.2,20422,32624,594,358.0,71.0,3163.0
1783933455.8,20422,32624,594,304.0,71.0,3197.0
1783933456.4,20422,32624,594,306.0,71.0,3276.0
1783933457.0,20422,32624,594,375.0,71.0,3010.0
1783933457.6,20422,32624,594,383.0,71.0,3128.0
1783933458.2,20422,32624,594,299.0,71.0,3274.0
1783933458.8,20422,32624,594,312.0,71.0,3108.0
1783933459.4,20422,32624,594,330.0,71.0,3214.0
1783933460.0,20422,32624,594,316.0,71.0,2960.0
1783933460.6,20422,32624,594,234.0,71.0,2928.0
1783933461.2,20423,32624,594,311.0,71.0,3245.0
1783933461.8,20423,32624,594,308.0,71.0,3274.0
1783933462.4,20423,32624,594,229.0,71.0,3227.0
1783933463.0,20423,32624,594,301.0,71.0,3247.0
1783933463.6,20423,32624,594,314.0,71.0,2891.0
1783933464.2,20423,32624,594,180.0,71.0,2755.0
1783933464.8,20423,32624,594,303.0,71.0,3241.0
1783933465.4,20423,32624,594,300.0,72.0,3260.0
1783933466.0,20430,32624,594,301.0,71.0,2720.0
1783933466.5,20430,32624,594,309.0,71.0,2716.0
1783933467.1,20430,32624,594,294.0,71.0,3185.0
1783933467.7,20430,32624,594,302.0,71.0,3266.0
1783933468.3,20457,32624,596,336.0,71.0,2895.0
1783933468.9,20457,32624,596,303.0,71.0,2775.0
1783933469.5,20457,32624,596,316.0,71.0,3277.0
1783933470.1,20457,32624,596,165.0,71.0,2934.0
1783933470.7,20457,32624,596,299.0,71.0,2715.0
1783933471.3,20457,32624,596,370.0,71.0,3050.0
1783933471.9,20457,32624,596,313.0,71.0,3281.0
1783933472.5,20457,32624,596,309.0,71.0,3056.0
1783933473.1,20457,32624,594,309.0,71.0,3276.0
1783933473.7,20457,32624,594,326.0,71.0,3063.0
1783933474.3,20457,32624,594,349.0,71.0,3128.0
1783933474.9,20457,32624,594,395.0,71.0,3224.0
1783933475.5,20453,32624,594,337.0,71.0,2818.0
1783933476.1,20453,32624,594,293.0,71.0,3247.0
1783933476.7,20453,32624,594,329.0,71.0,3036.0
1783933477.2,20453,32624,594,327.0,72.0,2845.0
1783933477.8,20453,32624,594,328.0,71.0,3186.0
1783933478.4,20453,32624,594,315.0,71.0,3222.0
1783933479.0,20453,32624,594,281.0,71.0,3250.0
1783933479.6,20453,32624,594,303.0,71.0,3065.0
1783933480.2,20453,32624,594,343.0,71.0,3228.0
1783933480.8,20453,32624,594,292.0,72.0,3257.0
1783933481.4,20453,32624,594,371.0,71.0,3191.0
1783933482.0,20453,32624,594,349.0,71.0,3077.0
1783933482.6,20453,32624,594,299.0,71.0,3271.0
1783933483.2,20453,32624,594,289.0,71.0,2859.0
1783933483.8,20453,32624,594,203.0,71.0,2638.0
1783933484.4,20453,32624,594,308.0,71.0,3229.0
1783933485.0,20453,32624,594,361.0,71.0,3165.0
1783933485.6,20453,32624,594,290.0,71.0,3194.0
1783933486.2,20453,32624,594,334.0,71.0,3212.0
1783933486.7,20453,32624,594,289.0,71.0,3224.0
1783933487.3,20453,32624,594,313.0,71.0,3101.0
1783933487.9,20453,32624,594,289.0,71.0,3205.0
1783933488.5,20453,32624,594,296.0,71.0,3166.0
1783933489.1,20453,32624,594,299.0,71.0,3234.0
1783933489.7,20453,32624,594,312.0,71.0,3111.0
1783933490.3,20453,32624,594,220.0,71.0,3094.0
1783933490.9,20453,32624,594,280.0,71.0,2830.0
1783933491.5,20453,32624,594,399.0,71.0,3226.0
1783933492.1,20453,32624,594,212.0,71.0,2894.0
1783933492.7,20453,32624,594,303.0,71.0,3284.0
1783933493.3,20453,32624,594,324.0,71.0,3216.0
1783933493.9,20453,32624,594,310.0,71.0,2785.0
1783933494.5,20453,32624,594,296.0,71.0,3255.0
1783933495.1,20453,32624,594,337.0,71.0,3266.0
1783933495.7,20453,32624,594,229.0,71.0,3206.0
1783933496.3,20453,32624,594,204.0,71.0,2398.0
1783933496.9,20453,32624,594,304.0,71.0,3277.0
1783933497.5,20453,32624,594,220.0,71.0,2878.0
1783933498.1,20453,32624,594,253.0,71.0,3271.0
1783933498.7,20453,32624,594,295.0,71.0,3258.0
1783933499.3,20453,32624,594,314.0,71.0,3282.0
1783933499.9,20453,32624,594,332.0,71.0,3024.0
1783933500.5,20414,32624,600,313.0,71.0,3255.0
1783933501.0,20414,32624,600,322.0,71.0,3180.0
1783933501.6,20414,32624,600,379.0,71.0,3231.0
1783933502.2,20414,32624,600,309.0,71.0,2760.0
1783933502.8,20377,32624,600,323.0,71.0,3261.0
1783933503.4,20377,32624,600,297.0,71.0,3117.0
1783933504.0,20377,32624,600,291.0,71.0,3213.0
1783933504.6,20377,32624,600,333.0,71.0,3196.0
1783933505.2,20377,32624,600,283.0,71.0,3218.0
1783933505.8,20377,32624,600,322.0,71.0,2911.0
1783933506.4,20377,32624,600,390.0,71.0,3097.0
1783933507.0,20377,32624,600,315.0,71.0,3066.0
1783933507.6,20377,32624,600,307.0,71.0,3271.0
1783933508.2,20377,32624,600,325.0,71.0,3237.0
1783933508.8,20377,32624,600,140.0,71.0,3124.0
1783933509.4,20377,32624,600,322.0,71.0,3141.0
1783933509.9,20377,32624,600,307.0,71.0,2971.0
1783933510.5,20377,32624,600,328.0,71.0,2738.0
1783933511.1,20377,32624,600,331.0,71.0,3016.0
1783933511.7,20377,32624,600,34.0,70.0,0.0
1783933512.3,20390,32624,600,47.0,70.0,225.0
1783933512.9,20390,32624,600,334.0,71.0,2754.0
1783933513.5,20390,32624,600,303.0,71.0,3073.0
1783933514.1,20390,32624,600,335.0,71.0,2918.0
1783933514.7,20390,32624,600,328.0,71.0,2853.0
1783933515.3,20390,32624,600,308.0,71.0,2671.0
1783933515.9,20390,32624,600,276.0,71.0,3239.0
1783933516.5,20390,32624,600,323.0,71.0,2767.0
1783933517.1,20390,32624,600,176.0,71.0,2671.0
1783933517.6,20390,32624,600,322.0,71.0,3049.0
1783933518.2,20390,32624,600,335.0,71.0,3201.0
1783933518.8,20390,32624,600,306.0,71.0,2783.0
1783933519.4,20390,32624,600,296.0,71.0,3274.0
1783933520.0,20390,32624,600,297.0,71.0,3056.0
1783933520.6,20390,32624,600,327.0,71.0,3044.0
1783933521.2,20390,32624,600,250.0,71.0,2815.0
1783933521.8,20390,32624,600,332.0,71.0,3089.0
1783933522.4,20390,32624,600,336.0,71.0,3094.0
1783933523.0,20390,32624,600,317.0,71.0,3079.0
1783933523.6,20390,32624,600,343.0,71.0,3233.0
1783933524.2,20390,32624,600,308.0,71.0,2758.0
1783933524.7,20390,32624,600,306.0,71.0,3282.0
1783933525.3,20390,32624,600,312.0,71.0,3128.0
1783933525.9,20390,32624,600,294.0,71.0,3251.0
1783933526.5,20390,32624,600,338.0,71.0,2892.0
1783933527.1,20390,32624,600,358.0,71.0,3016.0
1783933527.7,20390,32624,600,306.0,71.0,2792.0
1783933528.3,20390,32624,600,313.0,71.0,2832.0
1783933528.9,20390,32624,600,304.0,71.0,3120.0
1783933529.5,20390,32624,600,330.0,71.0,2836.0
1783933530.1,20390,32624,600,321.0,71.0,3238.0
1783933530.7,20390,32624,600,330.0,71.0,3080.0
1783933531.2,20390,32624,600,175.0,71.0,3285.0
1783933531.8,20390,32624,600,306.0,71.0,3255.0
1783933532.4,20390,32624,600,326.0,71.0,2919.0
1783933533.0,20390,32624,600,340.0,71.0,3227.0
1783933533.6,20390,32624,600,311.0,71.0,3272.0
1783933534.2,20390,32624,600,315.0,71.0,2806.0
1783933534.8,20390,32624,600,284.0,71.0,3252.0
1783933535.4,20390,32624,600,228.0,71.0,3117.0
1783933536.0,20390,32624,600,357.0,71.0,2982.0
1783933536.6,20390,32624,600,178.0,71.0,3253.0
1783933537.2,20390,32624,600,321.0,71.0,2988.0
1783933537.7,20390,32624,600,180.0,71.0,3068.0
1783933538.3,20390,32624,600,314.0,71.0,2741.0
1783933538.9,20390,32624,600,296.0,71.0,3265.0
1783933539.5,20390,32624,600,167.0,71.0,2572.0
1783933540.1,20390,32624,600,285.0,71.0,2832.0
1783933540.7,20390,32624,600,367.0,71.0,3023.0
1783933541.3,20390,32624,600,380.0,71.0,3099.0
1783933541.9,20390,32624,600,319.0,71.0,2996.0
1783933542.5,20390,32624,600,324.0,71.0,2792.0
1783933543.1,20390,32624,600,321.0,71.0,3279.0
1783933543.7,20390,32624,600,306.0,71.0,2869.0
1783933544.2,20390,32624,600,324.0,71.0,2959.0
1783933544.8,20390,32624,600,301.0,71.0,2885.0
1783933545.4,20390,32624,600,310.0,71.0,2757.0
1783933546.0,20390,32624,600,308.0,71.0,3257.0
1783933546.6,20390,32624,600,296.0,71.0,3264.0
1783933547.2,20390,32624,600,364.0,71.0,2910.0
1783933547.8,20390,32624,600,318.0,71.0,3279.0
1783933548.4,20390,32624,600,359.0,71.0,3098.0
1783933549.0,20390,32624,600,260.0,71.0,2722.0
1783933549.6,20390,32624,600,347.0,71.0,3245.0
1783933550.2,20390,32624,600,308.0,71.0,2780.0
1783933550.7,20390,32624,600,272.0,71.0,3171.0
1783933551.3,20390,32624,600,309.0,71.0,2743.0
1783933551.9,20390,32624,600,315.0,71.0,2874.0
1783933552.5,20390,32624,600,222.0,71.0,2825.0
1783933553.1,20390,32624,600,306.0,71.0,3102.0
1783933553.7,20390,32624,600,296.0,71.0,3275.0
1783933554.3,20390,32624,600,181.0,71.0,2734.0
1783933554.9,20390,32624,600,321.0,71.0,2827.0
1783933555.5,20390,32624,600,239.0,71.0,3259.0
1783933556.1,20390,32624,600,301.0,71.0,3263.0
1783933556.7,20390,32624,600,311.0,71.0,2931.0
1783933557.3,20390,32624,600,308.0,71.0,3087.0
1783933557.8,20390,32624,600,311.0,71.0,2792.0
1783933558.4,20390,32624,600,281.0,71.0,2736.0
1783933559.0,20390,32624,600,297.0,71.0,3273.0
1783933559.6,20386,32624,600,274.0,71.0,2875.0
1783933560.2,20386,32624,600,190.0,71.0,3076.0
1783933560.8,20367,32624,596,295.0,71.0,3247.0
1783933561.4,20367,32624,596,333.0,71.0,2926.0
1783933562.0,20367,32624,596,309.0,71.0,2961.0
1783933562.6,20367,32624,596,285.0,71.0,2718.0
1783933563.2,20367,32624,596,305.0,71.0,2768.0
1783933563.8,20367,32624,596,258.0,71.0,3075.0
1783933564.4,20367,32624,596,325.0,71.0,2927.0
1783933564.9,20367,32624,596,255.0,71.0,2632.0
1783933565.5,20367,32624,596,327.0,71.0,2822.0
1783933566.1,20367,32624,596,224.0,71.0,2754.0
1783933566.7,20367,32624,596,235.0,71.0,2730.0
1783933567.3,20367,32624,596,268.0,71.0,3190.0
1783933567.9,20367,32624,596,321.0,71.0,2795.0
1783933568.5,20367,32624,596,318.0,71.0,3264.0
1783933569.1,20367,32624,596,309.0,71.0,3196.0
1783933569.7,20367,32624,596,259.0,71.0,2932.0
1783933570.3,20367,32624,596,296.0,71.0,2749.0
1783933570.8,20367,32624,596,296.0,71.0,3125.0
1783933571.4,20367,32624,596,290.0,71.0,3272.0
1783933572.0,20367,32624,596,286.0,71.0,3191.0
1783933572.6,20367,32624,596,347.0,71.0,3244.0
1783933573.2,20367,32624,596,296.0,71.0,3257.0
1783933573.8,20367,32624,596,396.0,71.0,3163.0
1783933574.4,20367,32624,596,335.0,71.0,3102.0
1783933575.0,20367,32624,596,346.0,71.0,3268.0
1783933575.6,20367,32624,596,338.0,71.0,2937.0
1783933576.2,20367,32624,596,348.0,71.0,3224.0
1783933576.8,9345,32624,92,121.0,70.0,3293.0
1783933577.4,755,32624,92,28.0,69.0,0.0
1783933578.0,742,32624,76,16.0,67.0,0.0
1783933578.6,742,32624,76,14.0,67.0,0.0
1783933579.2,742,32624,76,16.0,66.0,0.0
1783933579.7,742,32624,76,19.0,66.0,0.0
1783933580.3,753,32624,76,49.0,66.0,47.0
1783933580.9,753,32624,76,17.0,65.0,0.0
1783933581.5,753,32624,76,17.0,65.0,0.0
1783933582.1,753,32624,76,17.0,64.0,0.0
1783933582.7,753,32624,76,15.0,64.0,0.0
1783933583.3,753,32624,76,14.0,63.0,0.0
1783933583.9,753,32624,76,14.0,63.0,0.0
1783933584.5,753,32624,76,15.0,63.0,0.0
1783933585.1,753,32624,76,15.0,63.0,0.0
1783933585.7,753,32624,76,15.0,62.0,0.0
1783933586.3,753,32624,76,13.0,62.0,0.0
1783933586.9,753,32624,76,15.0,61.0,0.0
1783933587.4,753,32624,76,14.0,61.0,0.0
1783933588.0,753,32624,76,14.0,61.0,0.0
1783933588.6,753,32624,76,14.0,61.0,0.0
1783933589.2,753,32624,76,14.0,60.0,0.0
1783933589.8,753,32624,76,15.0,60.0,0.0
1783933590.4,753,32624,76,14.0,60.0,0.0
1783933591.0,753,32624,76,14.0,59.0,0.0
1783933591.6,753,32624,76,14.0,59.0,0.0
1783933592.2,753,32624,76,14.0,59.0,0.0
1783933592.8,753,32624,76,14.0,59.0,0.0
1783933593.4,753,32624,76,13.0,58.0,0.0
1783933594.0,753,32624,76,13.0,58.0,0.0
1783933594.6,753,32624,76,14.0,58.0,0.0
1783933595.1,753,32624,76,14.0,57.0,0.0
1783933595.7,753,32624,76,14.0,57.0,0.0
1783933596.3,753,32624,76,13.0,57.0,0.0
1783933596.9,753,32624,76,14.0,57.0,0.0
1783933597.5,753,32624,76,14.0,56.0,0.0
1783933598.1,753,32624,76,14.0,56.0,0.0
1783933598.7,753,32624,76,13.0,56.0,0.0
1783933599.3,16375,32624,76,19.0,56.0,0.0
1783933599.9,16375,32624,76,19.0,56.0,0.0
1783933600.5,16375,32624,76,19.0,55.0,0.0
1783933601.1,16375,32624,76,18.0,55.0,0.0
1783933601.7,16375,32624,76,18.0,55.0,0.0
1783933602.3,16375,32624,76,19.0,55.0,0.0
1783933602.9,16375,32624,76,14.0,55.0,0.0
1783933603.5,16375,32624,76,19.0,54.0,0.0
1783933604.1,19986,32624,285,85.0,54.0,1431.0
1783933604.7,20639,32624,497,30.0,55.0,0.0
1783933605.3,20645,32624,577,125.0,55.0,1818.0
1783933605.9,20648,32624,585,164.0,55.0,1811.0
1783933606.5,20648,32624,585,145.0,56.0,2028.0
1783933607.1,20648,32624,585,317.0,57.0,2665.0
1783933607.7,20648,32624,585,356.0,58.0,2778.0
1783933608.3,20648,32624,585,322.0,58.0,2707.0
1783933608.8,20648,32624,585,365.0,59.0,2870.0
1783933609.4,20648,32624,585,265.0,59.0,2895.0
1783933610.0,20648,32624,585,270.0,59.0,2593.0
1783933610.6,20648,32624,585,300.0,59.0,2593.0
1783933611.2,20648,32624,585,336.0,60.0,2606.0
1783933611.8,20648,32624,585,313.0,60.0,2660.0
1783933612.4,20648,32624,585,312.0,60.0,2696.0
1783933613.0,20648,32624,585,363.0,61.0,2891.0
1783933613.6,20648,32624,585,361.0,61.0,2917.0
1783933614.2,20648,32624,585,237.0,61.0,2798.0
1783933614.8,20648,32624,585,135.0,61.0,2633.0
1783933615.4,20648,32624,585,308.0,61.0,2648.0
1783933616.0,20648,32624,585,300.0,62.0,2659.0
1783933616.5,20648,32624,585,330.0,62.0,2727.0
1783933617.1,20648,32624,585,382.0,62.0,2895.0
1783933617.7,20648,32624,585,294.0,62.0,2958.0
1783933618.3,20648,32624,585,283.0,63.0,2912.0
1783933618.9,20648,32624,585,312.0,63.0,2567.0
1783933619.5,20648,32624,585,365.0,63.0,2670.0
1783933620.1,20648,32624,585,303.0,63.0,2645.0
1783933620.7,20648,32624,585,348.0,63.0,2812.0
1783933621.3,20648,32624,585,369.0,64.0,2898.0
1783933621.9,20648,32624,585,144.0,63.0,2703.0
1783933622.5,20648,32624,585,314.0,64.0,2636.0
1783933623.1,20648,32624,585,309.0,64.0,2687.0
1783933623.7,20648,32624,585,351.0,64.0,2787.0
1783933624.3,20648,32624,585,272.0,64.0,2916.0
1783933624.9,20648,32624,585,277.0,64.0,2584.0
1783933625.5,20648,32624,585,322.0,64.0,2609.0
1783933626.1,20648,32624,585,289.0,64.0,2633.0
1783933626.7,20648,32624,585,322.0,64.0,2694.0
1783933627.3,20648,32624,585,370.0,65.0,2823.0
1783933627.8,20648,32624,585,279.0,65.0,2874.0
1783933628.4,20648,32624,585,315.0,66.0,2587.0
1783933629.0,20648,32624,585,314.0,65.0,2675.0
1783933629.6,20643,32624,589,333.0,65.0,2703.0
1783933630.2,20643,32624,589,366.0,65.0,2833.0
1783933630.8,20643,32624,589,189.0,66.0,2722.0
1783933631.4,20643,32624,589,271.0,65.0,2511.0
1783933632.0,20643,32624,589,320.0,66.0,2576.0
1783933632.6,20643,32624,589,339.0,66.0,2722.0
1783933633.2,20643,32624,589,294.0,66.0,2942.0
1783933633.8,20643,32624,589,210.0,66.0,2540.0
1783933634.4,20643,32624,589,313.0,66.0,2628.0
1783933635.0,20643,32624,589,331.0,66.0,2649.0
1783933635.6,20643,32624,589,286.0,66.0,2955.0
1783933636.2,20643,32624,589,183.0,66.0,2578.0
1783933636.8,20643,32624,589,308.0,66.0,2565.0
1783933637.4,20643,32624,589,299.0,66.0,2723.0
1783933637.9,20643,32624,589,339.0,66.0,2882.0
1783933638.5,20643,32624,589,318.0,66.0,2614.0
1783933639.1,20643,32624,589,296.0,67.0,2661.0
1783933639.7,20643,32624,589,310.0,67.0,2650.0
1783933640.3,20643,32624,589,341.0,67.0,2867.0
1783933640.9,20643,32624,589,171.0,67.0,2508.0
1783933641.5,20643,32624,589,336.0,67.0,2687.0
1783933642.1,20643,32624,589,409.0,67.0,2962.0
1783933642.7,20643,32624,589,122.0,67.0,2484.0
1783933643.3,20643,32624,589,342.0,67.0,2559.0
1783933643.9,20643,32624,589,272.0,67.0,2542.0
1783933644.5,20643,32624,589,334.0,67.0,2773.0
1783933645.1,20643,32624,589,113.0,67.0,2542.0
1783933645.7,20643,32624,589,274.0,67.0,2561.0
1783933646.3,20643,32624,589,326.0,67.0,2631.0
1783933646.9,20643,32624,589,314.0,68.0,2961.0
1783933647.5,20643,32624,589,299.0,68.0,2566.0
1783933648.1,20643,32624,589,298.0,67.0,2549.0
1783933648.6,20643,32624,589,307.0,68.0,3001.0
1783933649.2,20643,32624,589,218.0,68.0,2593.0
1783933649.8,20643,32624,589,280.0,68.0,2594.0
1783933650.4,20643,32624,589,353.0,68.0,2781.0
1783933651.0,20643,32624,589,208.0,68.0,2519.0
1783933651.6,20643,32624,589,266.0,68.0,2493.0
1783933652.2,20643,32624,589,375.0,68.0,2844.0
1783933652.8,20643,32624,589,319.0,68.0,2576.0
1783933653.4,20643,32624,589,299.0,68.0,2575.0
1783933654.0,20643,32624,589,346.0,68.0,2865.0
1783933654.6,20643,32624,589,342.0,69.0,2463.0
1783933655.2,20643,32624,589,325.0,69.0,2663.0
1783933655.8,20643,32624,589,393.0,69.0,2921.0
1783933656.4,20643,32624,589,320.0,68.0,2460.0
1783933657.0,20643,32624,589,314.0,68.0,2573.0
1783933657.6,20643,32624,589,378.0,69.0,2844.0
1783933658.2,20643,32624,589,266.0,68.0,2494.0
1783933658.7,20643,32624,589,338.0,68.0,2659.0
1783933659.3,20643,32624,589,397.0,69.0,2896.0
1783933659.9,20643,32624,589,326.0,69.0,2533.0
1783933660.5,20643,32624,589,358.0,68.0,2706.0
1783933661.1,20643,32624,589,283.0,69.0,2947.0
1783933661.7,20643,32624,589,302.0,69.0,2612.0
1783933662.3,20643,32624,589,353.0,69.0,2817.0
1783933662.9,20643,32624,589,153.0,69.0,2532.0
1783933663.5,20643,32624,589,314.0,69.0,2606.0
1783933664.1,20643,32624,589,374.0,69.0,2817.0
1783933664.7,20643,32624,589,338.0,69.0,2575.0
1783933665.3,20643,32624,589,275.0,69.0,2654.0
1783933665.9,20643,32624,589,356.0,69.0,2834.0
1783933666.5,20643,32624,589,294.0,69.0,2582.0
1783933667.1,20643,32624,589,339.0,69.0,2683.0
1783933667.6,20643,32624,589,245.0,69.0,2773.0
1783933668.2,20643,32624,589,290.0,69.0,2494.0
1783933668.8,20643,32624,589,348.0,69.0,2768.0
1783933669.4,20643,32624,589,254.0,69.0,2761.0
1783933670.0,20643,32624,589,288.0,69.0,2516.0
1783933670.6,20643,32624,589,335.0,70.0,3169.0
1783933671.2,20643,32624,589,319.0,69.0,2602.0
1783933671.8,20643,32624,589,368.0,69.0,2801.0
1783933672.4,20643,32624,589,309.0,69.0,2531.0
1783933673.0,20643,32624,589,322.0,69.0,2679.0
1783933673.6,20643,32624,589,272.0,69.0,2864.0
1783933674.2,20643,32624,589,303.0,69.0,2582.0
1783933674.8,20643,32624,589,386.0,69.0,2837.0
1783933675.4,20643,32624,589,297.0,69.0,2510.0
1783933676.0,20643,32624,589,386.0,69.0,2861.0
1783933676.6,20643,32624,589,144.0,69.0,2468.0
1783933677.1,20643,32624,589,356.0,70.0,2786.0
1783933677.7,20643,32624,589,161.0,69.0,2560.0
1783933678.3,20643,32624,589,322.0,69.0,2628.0
1783933678.9,20643,32624,589,173.0,69.0,2701.0
1783933679.5,20643,32624,589,333.0,69.0,2675.0
1783933680.1,20643,32624,589,272.0,70.0,2833.0
1783933680.7,20643,32624,589,265.0,70.0,2572.0
1783933681.3,20643,32624,589,328.0,70.0,2933.0
1783933681.9,20643,32624,589,319.0,70.0,2605.0
1783933682.5,20643,32624,589,361.0,70.0,2802.0
1783933683.1,20643,32624,589,320.0,70.0,2618.0
1783933683.7,20643,32624,589,372.0,70.0,2769.0
1783933684.3,20643,32624,589,331.0,70.0,2613.0
1783933684.8,20643,32624,589,367.0,70.0,2791.0
1783933685.4,20643,32624,589,293.0,70.0,2508.0
1783933686.0,20643,32624,589,343.0,70.0,2698.0
1783933686.6,20643,32624,589,199.0,70.0,2736.0
1783933687.2,20643,32624,589,325.0,70.0,2629.0
1783933687.8,20643,32624,589,194.0,70.0,2698.0
1783933688.4,20643,32624,589,307.0,70.0,2571.0
1783933689.0,20643,32624,589,43.0,69.0,0.0
1783933689.6,20643,32624,598,239.0,68.0,2657.0
1783933690.2,20643,32624,598,318.0,69.0,2590.0
1783933690.8,20643,32624,598,283.0,70.0,2607.0
1783933691.4,20643,32624,598,312.0,70.0,2642.0
1783933692.0,20643,32624,598,273.0,69.0,2969.0
1783933692.6,20643,32624,598,281.0,70.0,2446.0
1783933693.2,20643,32624,598,309.0,70.0,2592.0
1783933693.8,20643,32624,598,326.0,70.0,2658.0
1783933694.3,20643,32624,598,345.0,70.0,2795.0
1783933694.9,20643,32624,598,187.0,70.0,2666.0
1783933695.5,20643,32624,598,327.0,70.0,2579.0
1783933696.1,20643,32624,598,331.0,70.0,2709.0
1783933696.7,20643,32624,598,292.0,70.0,2883.0
1783933697.3,20643,32624,598,336.0,70.0,2494.0
1783933697.9,20643,32624,598,334.0,70.0,2675.0
1783933698.5,20643,32624,598,264.0,70.0,2908.0
1783933699.1,20643,32624,598,279.0,70.0,2531.0
1783933699.7,20643,32624,598,285.0,70.0,2495.0
1783933700.3,20643,32624,598,334.0,70.0,2679.0
1783933700.8,20643,32624,598,292.0,70.0,2917.0
1783933701.4,20643,32624,598,218.0,70.0,2501.0
1783933702.0,20643,32624,598,287.0,70.0,2525.0
1783933702.6,20643,32624,598,369.0,70.0,2805.0
1783933703.2,20643,32624,598,268.0,70.0,2808.0
1783933703.8,20643,32624,598,288.0,70.0,2501.0
1783933704.4,20643,32624,598,333.0,70.0,2699.0
1783933705.0,20643,32624,598,265.0,70.0,2837.0
1783933705.6,20643,32624,598,339.0,70.0,2555.0
1783933706.2,20643,32624,598,308.0,70.0,2660.0
1783933706.8,20643,32624,598,274.0,70.0,2871.0
1783933707.3,20643,32624,598,335.0,70.0,2499.0
1783933707.9,20643,32624,598,295.0,70.0,2601.0
1783933708.5,20643,32624,598,387.0,70.0,2878.0
1783933709.1,20643,32624,598,330.0,70.0,2573.0
1783933709.7,20643,32624,598,325.0,70.0,2637.0
1783933710.3,20643,32624,598,263.0,70.0,2807.0
1783933710.9,20643,32624,598,322.0,70.0,2470.0
1783933711.5,20643,32624,598,296.0,70.0,2534.0
1783933712.1,20643,32624,598,353.0,70.0,2747.0
1783933712.7,20643,32624,598,280.0,70.0,2933.0
1783933713.3,20643,32624,598,304.0,70.0,2585.0
1783933713.8,20643,32624,598,296.0,70.0,2638.0
1783933714.4,20643,32624,598,356.0,70.0,2799.0
1783933715.0,20643,32624,598,219.0,70.0,2459.0
1783933715.6,20643,32624,598,280.0,70.0,2553.0
1783933716.2,20643,32624,598,339.0,70.0,2733.0
1783933716.8,20643,32624,598,264.0,70.0,2788.0
1783933717.4,20643,32624,598,329.0,70.0,2574.0
1783933718.0,20643,32624,598,343.0,71.0,2765.0
1783933718.6,20643,32624,598,261.0,71.0,2698.0
1783933719.2,20643,32624,598,318.0,70.0,2595.0
1783933719.8,20643,32624,598,310.0,71.0,2604.0
1783933720.3,20643,32624,598,266.0,70.0,2913.0
1783933720.9,20643,32624,598,288.0,70.0,2541.0
1783933721.5,20643,32624,598,319.0,71.0,2653.0
1783933722.1,20643,32624,598,285.0,71.0,2839.0
1783933722.7,20643,32624,598,279.0,71.0,2485.0
1783933723.3,20643,32624,598,312.0,71.0,2625.0
1783933723.9,20644,32624,598,346.0,71.0,2901.0
1783933724.5,20644,32624,598,273.0,71.0,2487.0
1783933725.1,20644,32624,598,353.0,71.0,2761.0
1783933725.7,20644,32624,594,183.0,71.0,2665.0
1783933726.3,20644,32624,594,320.0,71.0,2614.0
1783933726.8,20644,32624,594,350.0,71.0,2792.0
1783933727.4,20644,32624,594,242.0,71.0,2604.0
1783933728.0,20644,32624,594,285.0,71.0,2473.0
1783933728.6,20644,32624,594,356.0,71.0,2755.0
1783933729.2,20644,32624,594,253.0,71.0,2762.0
1783933729.8,20644,32624,594,332.0,71.0,2703.0
1783933730.4,20644,32624,594,283.0,71.0,2880.0
1783933731.0,20644,32624,594,326.0,71.0,2608.0
1783933731.6,20644,32624,594,366.0,71.0,2726.0
1783933732.2,20644,32624,594,182.0,71.0,2671.0
1783933732.8,20644,32624,594,321.0,71.0,2635.0
1783933733.4,20644,32624,594,364.0,71.0,2870.0
1783933733.9,20644,32624,594,286.0,71.0,2482.0
1783933734.5,20644,32624,594,318.0,71.0,2632.0
1783933735.1,20644,32624,594,310.0,71.0,2922.0
1783933735.7,20644,32624,594,180.0,71.0,2494.0
1783933736.3,20644,32624,594,301.0,71.0,2597.0
1783933736.9,20644,32624,594,354.0,71.0,2904.0
1783933737.5,20644,32624,594,310.0,71.0,2488.0
1783933738.1,20644,32624,594,365.0,71.0,2798.0
1783933738.7,20644,32624,594,184.0,71.0,2519.0
1783933739.3,20644,32624,594,344.0,71.0,2655.0
1783933739.9,20644,32624,594,390.0,71.0,2837.0
1783933740.5,20644,32624,594,228.0,71.0,2508.0
1783933741.1,20644,32624,594,315.0,71.0,2719.0
1783933741.7,20644,32624,594,194.0,71.0,2805.0
1783933742.3,20644,32624,594,301.0,71.0,2656.0
1783933742.9,20644,32624,594,347.0,71.0,2830.0
1783933743.4,20644,32624,594,302.0,71.0,2519.0
1783933744.0,20644,32624,594,318.0,71.0,2620.0
1783933744.6,20644,32624,594,150.0,71.0,2637.0
1783933745.2,20644,32624,594,293.0,71.0,2565.0
1783933745.8,20644,32624,594,266.0,71.0,2962.0
1783933746.4,20645,32624,598,291.0,71.0,2557.0
1783933747.0,20645,32624,598,336.0,71.0,2911.0
1783933747.6,20645,32624,598,301.0,71.0,2539.0
1783933748.2,20645,32624,598,334.0,71.0,2653.0
1783933748.8,20645,32624,598,263.0,71.0,2796.0
1783933749.4,20645,32624,598,311.0,71.0,2599.0
1783933750.0,20645,32624,598,260.0,71.0,2860.0
1783933750.6,20645,32624,598,312.0,71.0,2563.0
1783933751.2,20645,32624,598,348.0,71.0,2880.0
1783933751.8,20645,32624,598,313.0,71.0,2532.0
1783933752.4,20641,32624,598,319.0,71.0,2673.0
1783933752.9,20641,32624,598,254.0,71.0,2772.0
1783933753.5,20641,32624,598,304.0,71.0,2705.0
1783933754.1,20641,32624,598,267.0,71.0,2797.0
1783933754.7,20641,32624,598,317.0,71.0,2609.0
1783933755.3,20641,32624,598,271.0,71.0,2899.0
1783933755.9,20641,32624,598,301.0,71.0,2563.0
1783933756.5,20641,32624,598,360.0,71.0,2808.0
1783933757.1,20641,32624,598,293.0,71.0,2507.0
1783933757.7,20641,32624,598,327.0,71.0,2728.0
1783933758.3,20641,32624,598,289.0,71.0,2948.0
1783933758.9,20641,32624,598,293.0,71.0,2539.0
1783933759.5,20641,32624,598,360.0,71.0,2804.0
1783933760.1,20641,32624,598,309.0,71.0,2489.0
1783933760.7,20641,32624,598,370.0,71.0,2792.0
1783933761.3,20641,32624,598,332.0,71.0,2635.0
1783933761.9,20641,32624,598,359.0,71.0,2769.0
1783933762.4,20641,32624,598,313.0,71.0,2572.0
1783933763.0,20641,32624,598,324.0,71.0,2663.0
1783933763.6,20641,32624,598,218.0,71.0,2598.0
1783933764.2,20641,32624,598,301.0,71.0,2573.0
1783933764.8,20641,32624,598,271.0,71.0,2869.0
1783933765.4,20641,32624,598,306.0,71.0,2561.0
1783933766.0,20641,32624,598,326.0,71.0,2719.0
1783933766.6,20641,32624,598,307.0,71.0,2484.0
1783933767.2,20641,32624,598,323.0,71.0,2657.0
1783933767.8,20641,32624,598,202.0,71.0,2547.0
1783933768.4,20641,32624,598,315.0,71.0,2655.0
1783933769.0,20641,32624,598,212.0,71.0,2727.0
1783933769.6,20641,32624,598,314.0,71.0,2630.0
1783933770.1,20641,32624,598,263.0,71.0,2770.0
1783933770.7,20641,32624,598,307.0,71.0,2562.0
1783933771.3,20641,32624,598,363.0,71.0,2826.0
1783933771.9,20641,32624,598,321.0,71.0,2581.0
1783933772.5,20641,32624,598,263.0,71.0,2728.0
1783933773.1,20641,32624,598,176.0,71.0,2455.0
1783933773.7,20641,32624,598,318.0,71.0,2659.0
1783933774.3,20641,32624,598,338.0,71.0,2514.0
1783933774.9,20641,32624,598,336.0,71.0,2678.0
1783933775.5,20641,32624,598,347.0,71.0,2565.0
1783933776.1,20641,32624,598,372.0,71.0,2796.0
1783933776.7,20641,32624,598,307.0,71.0,2589.0
1783933777.3,20641,32624,598,309.0,71.0,2705.0
1783933777.9,20641,32624,598,154.0,71.0,2585.0
1783933778.4,20641,32624,598,301.0,71.0,2674.0
1783933779.0,20641,32624,598,344.0,71.0,2500.0
1783933779.6,20641,32624,598,315.0,71.0,2684.0
1783933780.2,20641,32624,598,291.0,71.0,2527.0
1783933780.8,20641,32624,598,362.0,71.0,2792.0
1783933781.4,20641,32624,598,278.0,71.0,2511.0
1783933782.0,20641,32624,598,356.0,71.0,2763.0
1783933782.6,20641,32624,598,304.0,71.0,2498.0
1783933783.2,20641,32624,598,318.0,71.0,2896.0
1783933783.8,20641,32624,598,305.0,71.0,2572.0
1783933784.4,20641,32624,598,293.0,71.0,2960.0
1783933785.0,20641,32624,598,298.0,71.0,2574.0
1783933785.6,20641,32624,598,307.0,71.0,2978.0
1783933786.2,20641,32624,598,315.0,71.0,2657.0
1783933786.7,20641,32624,598,207.0,71.0,2761.0
1783933787.3,20641,32624,598,377.0,71.0,2771.0
1783933787.9,20641,32624,598,310.0,71.0,2584.0
1783933788.5,20641,32624,598,338.0,71.0,2781.0
1783933789.1,20641,32624,598,301.0,71.0,2610.0
1783933789.7,20641,32624,598,278.0,72.0,2930.0
1783933790.3,20641,32624,598,293.0,71.0,2588.0
1783933790.9,20641,32624,598,266.0,72.0,2787.0
1783933791.5,20641,32624,598,351.0,71.0,2767.0
1783933792.1,20641,32624,598,312.0,71.0,2545.0
1783933792.7,20641,32624,598,328.0,71.0,2889.0
1783933793.3,20641,32624,598,310.0,71.0,2595.0
1783933793.9,20641,32624,598,194.0,71.0,2443.0
1783933794.5,20641,32624,598,349.0,71.0,2755.0
1783933795.1,20641,32624,598,302.0,71.0,2571.0
1783933795.7,20641,32624,598,45.0,70.0,0.0
1783933796.2,20641,32624,602,167.0,69.0,2447.0
1783933796.8,20641,32624,602,266.0,70.0,2820.0
1783933797.4,20641,32624,602,241.0,71.0,2785.0
1783933798.0,20641,32624,602,288.0,71.0,2525.0
1783933798.6,20641,32624,602,321.0,71.0,2629.0
1783933799.2,20641,32624,602,323.0,70.0,2678.0
1783933799.8,20641,32624,602,363.0,71.0,2891.0
1783933800.4,20641,32624,602,158.0,70.0,2485.0
1783933801.0,20641,32624,602,282.0,71.0,2466.0
1783933801.6,20641,32624,602,336.0,71.0,2645.0
1783933802.2,20641,32624,602,350.0,71.0,2894.0
1783933802.8,20641,32624,602,161.0,71.0,2691.0
1783933803.4,20641,32624,602,181.0,71.0,2710.0
1783933804.0,20641,32624,602,304.0,71.0,2554.0
1783933804.6,20641,32624,602,296.0,71.0,2513.0
1783933805.2,20641,32624,602,333.0,71.0,2634.0
1783933805.7,20641,32624,602,312.0,71.0,2937.0
1783933806.3,20641,32624,602,167.0,71.0,2495.0
1783933806.9,20641,32624,602,327.0,71.0,2538.0
1783933807.5,20641,32624,602,304.0,71.0,2609.0
1783933808.1,20641,32624,602,310.0,71.0,2713.0
1783933808.7,20641,32624,602,252.0,71.0,2756.0
1783933809.3,20641,32624,602,276.0,71.0,2495.0
1783933809.9,20641,32624,602,287.0,71.0,2509.0
1783933810.5,20641,32624,602,336.0,71.0,2753.0
1783933811.1,20641,32624,602,266.0,71.0,2852.0
1783933811.7,20641,32624,602,317.0,71.0,2641.0
1783933812.3,20641,32624,602,347.0,71.0,2740.0
1783933812.9,20641,32624,602,402.0,71.0,2901.0
1783933813.5,20641,32624,602,264.0,71.0,2807.0
1783933814.0,20641,32624,602,44.0,71.0,0.0
1783933814.6,20641,32624,602,284.0,70.0,2918.0
1783933815.2,20641,32624,602,271.0,71.0,2830.0
1783933815.8,20641,32624,602,247.0,71.0,2562.0
1783933816.4,20641,32624,602,286.0,71.0,2593.0
1783933817.0,20641,32624,602,338.0,71.0,2608.0
1783933817.6,20641,32624,602,367.0,71.0,2788.0
1783933818.2,20641,32624,602,274.0,71.0,2804.0
1783933818.8,20641,32624,602,233.0,71.0,2555.0
1783933819.4,20641,32624,602,270.0,71.0,2503.0
1783933820.0,20641,32624,602,316.0,71.0,2607.0
1783933820.6,20641,32624,602,400.0,71.0,2901.0
1783933821.2,20641,32624,602,278.0,71.0,2868.0
1783933821.8,20641,32624,602,308.0,71.0,2478.0
1783933822.3,20641,32624,602,288.0,71.0,2515.0
1783933822.9,20641,32624,602,352.0,71.0,2687.0
1783933823.5,20641,32624,602,381.0,71.0,2815.0
1783933824.1,20641,32624,602,363.0,71.0,2828.0
1783933824.7,20641,32624,602,150.0,71.0,2507.0
1783933825.3,20641,32624,602,284.0,71.0,2593.0
1783933825.9,20641,32624,602,298.0,71.0,2606.0
1783933826.5,20641,32624,602,306.0,71.0,2632.0
1783933827.1,20641,32624,602,304.0,71.0,2992.0
1783933827.7,20641,32624,602,181.0,71.0,2694.0
1783933828.3,20641,32624,602,317.0,71.0,2594.0
1783933828.9,20641,32624,602,293.0,71.0,2596.0
1783933829.5,20641,32624,602,360.0,71.0,2715.0
1783933830.0,20641,32624,602,291.0,71.0,2880.0
1783933830.6,20641,32624,602,250.0,71.0,2728.0
1783933831.2,20641,32624,602,288.0,71.0,2534.0
1783933831.8,20641,32624,602,287.0,71.0,2570.0
1783933832.4,20641,32624,602,371.0,71.0,2837.0
1783933833.0,20641,32624,602,259.0,71.0,2827.0
1783933833.6,20641,32624,602,225.0,71.0,2504.0
1783933834.2,20641,32624,602,292.0,71.0,2544.0
1783933834.8,20641,32624,602,334.0,71.0,2574.0
1783933835.4,20641,32624,602,381.0,71.0,2858.0
1783933836.0,20641,32624,602,315.0,71.0,2562.0
1783933836.6,20641,32624,602,305.0,71.0,2546.0
1783933837.2,20641,32624,602,313.0,71.0,2966.0
1783933837.8,20641,32624,602,302.0,71.0,2460.0
1783933838.3,20641,32624,602,281.0,71.0,2589.0
1783933838.9,20641,32624,602,356.0,71.0,2949.0
1783933839.5,20641,32624,602,242.0,71.0,2576.0
1783933840.1,20641,32624,602,300.0,71.0,2518.0
1783933840.7,20645,32624,602,369.0,71.0,2765.0
1783933841.3,20645,32624,602,43.0,71.0,0.0
1783933841.9,20645,32624,602,271.0,70.0,2599.0
1783933842.5,20645,32624,602,282.0,71.0,2502.0
1783933843.1,20645,32624,602,308.0,71.0,2651.0
1783933843.7,20645,32624,602,357.0,71.0,2742.0
1783933844.3,20645,32624,602,260.0,71.0,2709.0
1783933844.9,20645,32624,602,297.0,71.0,2561.0
1783933845.4,20645,32624,602,325.0,71.0,2583.0
1783933846.0,20645,32624,602,332.0,71.0,2673.0
1783933846.6,20645,32624,602,344.0,71.0,2762.0
1783933847.2,20645,32624,602,181.0,71.0,2625.0
1783933847.8,20645,32624,602,323.0,71.0,2534.0
1783933848.4,20645,32624,602,313.0,71.0,2638.0
1783933849.0,20645,32624,602,348.0,71.0,2787.0
1783933849.6,20645,32624,602,261.0,71.0,2774.0
1783933850.2,20645,32624,602,280.0,71.0,2582.0
1783933850.8,20645,32624,602,341.0,71.0,2694.0
1783933851.4,20645,32624,602,408.0,71.0,2918.0
1783933852.0,20645,32624,602,249.0,71.0,2522.0
1783933852.5,20645,32624,602,282.0,71.0,2585.0
1783933853.1,20645,32624,602,320.0,71.0,2645.0
1783933853.7,20645,32624,602,349.0,71.0,2861.0
1783933854.3,20645,32624,602,177.0,71.0,2611.0
1783933854.9,20645,32624,602,315.0,71.0,2514.0
1783933855.5,20645,32624,602,345.0,71.0,2731.0
1783933856.1,20645,32624,602,284.0,71.0,2942.0
1783933856.7,20645,32624,602,326.0,71.0,2578.0
1783933857.3,20645,32624,602,317.0,71.0,2630.0
1783933857.9,20645,32624,602,276.0,71.0,2897.0
1783933858.5,20645,32624,602,314.0,71.0,2621.0
1783933859.0,20645,32624,602,324.0,71.0,2616.0
1783933859.6,20645,32624,602,304.0,71.0,2915.0
1783933860.2,20645,32624,602,308.0,71.0,2452.0
1783933860.8,20645,32624,602,322.0,71.0,2630.0
1783933861.4,20645,32624,602,341.0,71.0,2899.0
1783933862.0,20645,32624,602,238.0,71.0,2590.0
1783933862.6,20645,32624,602,314.0,71.0,2560.0
1783933863.2,20645,32624,602,349.0,71.0,2778.0
1783933863.8,20645,32624,602,220.0,71.0,2632.0
1783933864.4,20645,32624,602,319.0,71.0,2568.0
1783933865.0,20645,32624,602,335.0,71.0,2709.0
1783933865.5,20645,32624,602,268.0,71.0,2805.0
1783933866.1,20645,32624,602,299.0,71.0,2496.0
1783933866.7,20645,32624,602,324.0,71.0,2614.0
1783933867.3,20645,32624,602,380.0,71.0,2848.0
1783933867.9,20645,32624,602,171.0,71.0,2550.0
1783933868.5,20645,32624,602,299.0,71.0,2568.0
1783933869.1,20645,32624,602,339.0,71.0,2743.0
1783933869.7,20645,32624,602,234.0,71.0,2688.0
1783933870.3,20645,32624,602,293.0,71.0,2574.0
1783933870.9,20645,32624,602,303.0,71.0,2610.0
1783933871.5,20645,32624,602,280.0,71.0,2889.0
1783933872.0,20645,32624,602,312.0,71.0,2586.0
1783933872.6,20645,32624,602,315.0,71.0,2687.0
1783933873.2,20645,32624,602,245.0,71.0,2762.0
1783933873.8,20645,32624,602,302.0,71.0,2542.0
1783933874.4,20645,32624,602,303.0,71.0,2643.0
1783933875.0,20645,32624,602,286.0,71.0,2928.0
1783933875.6,20645,32624,602,340.0,71.0,2521.0
1783933876.2,20645,32624,602,327.0,71.0,2704.0
1783933876.8,20645,32624,602,272.0,71.0,2868.0
1783933877.4,20645,32624,602,289.0,71.0,2543.0
1783933877.9,20645,32624,602,292.0,71.0,2642.0
1783933878.5,20645,32624,602,271.0,71.0,2863.0
1783933879.1,20645,32624,602,297.0,71.0,2523.0
1783933879.7,20645,32624,602,379.0,71.0,2836.0
1783933880.3,20645,32624,602,239.0,71.0,2441.0
1783933880.9,20645,32624,602,333.0,71.0,2687.0
1783933881.5,20645,32624,602,290.0,71.0,2875.0
1783933882.1,20645,32624,602,294.0,71.0,2495.0
1783933882.7,20645,32624,602,379.0,71.0,2769.0
1783933883.3,20645,32624,602,221.0,71.0,2457.0
1783933883.9,20645,32624,602,306.0,71.0,2652.0
1783933884.5,20645,32624,602,292.0,71.0,2959.0
1783933885.0,20645,32624,602,279.0,71.0,2495.0
1783933885.6,20645,32624,602,309.0,71.0,2631.0
1783933886.2,20645,32624,602,266.0,71.0,2833.0
1783933886.8,20645,32624,602,312.0,71.0,2572.0
1783933887.4,20645,32624,602,384.0,71.0,2825.0
1783933888.0,20645,32624,602,285.0,71.0,2551.0
1783933888.6,20645,32624,602,316.0,71.0,2533.0
1783933889.2,20645,32624,602,366.0,71.0,2772.0
1783933889.8,20645,32624,602,257.0,71.0,2533.0
1783933890.4,20645,32624,602,304.0,71.0,2598.0
1783933891.0,20645,32624,602,356.0,71.0,2787.0
1783933891.6,20645,32624,602,222.0,71.0,2639.0
1783933892.1,20645,32624,602,293.0,71.0,2570.0
1783933892.7,20645,32624,602,326.0,71.0,2735.0
1783933893.3,20645,32624,602,274.0,71.0,2800.0
1783933893.9,20645,32624,602,299.0,71.0,2537.0
1783933894.5,20645,32624,602,390.0,71.0,2846.0
1783933895.1,20645,32624,602,355.0,71.0,2591.0
1783933895.7,20645,32624,602,296.0,71.0,2613.0
1783933896.3,20645,32624,602,262.0,71.0,2766.0
1783933896.9,20645,32624,602,307.0,71.0,2584.0
1783933897.5,20645,32624,602,288.0,71.0,2932.0
1783933898.1,20645,32624,602,324.0,71.0,2572.0
1783933898.7,20645,32624,602,368.0,71.0,2786.0
1783933899.3,20645,32624,602,340.0,71.0,2584.0
1783933899.8,20645,32624,602,358.0,71.0,2768.0
1783933900.4,20645,32624,602,296.0,71.0,2506.0
1783933901.0,20645,32624,602,305.0,71.0,2618.0
1783933901.6,20645,32624,602,170.0,71.0,2642.0
1783933902.2,20645,32624,602,308.0,71.0,2605.0
1783933902.8,20645,32624,602,215.0,71.0,2733.0
1783933903.4,20645,32624,602,316.0,71.0,2651.0
1783933904.0,20645,32624,602,194.0,69.0,2574.0
1783933904.6,20645,32624,602,270.0,71.0,2526.0
1783933905.2,20645,32624,602,327.0,71.0,2662.0
1783933905.8,20645,32624,602,381.0,71.0,2830.0
1783933906.4,20645,32624,602,278.0,71.0,2918.0
1783933906.9,20645,32624,602,330.0,71.0,2555.0
1783933907.5,20645,32624,602,349.0,71.0,2614.0
1783933908.1,20645,32624,602,352.0,71.0,2755.0
1783933908.7,20645,32624,602,265.0,71.0,2867.0
1783933909.3,20645,32624,602,188.0,71.0,2564.0
1783933909.9,20645,32624,602,307.0,71.0,2625.0
1783933910.5,20645,32624,602,343.0,71.0,2725.0
1783933911.1,20645,32624,602,283.0,71.0,2917.0
1783933911.7,20645,32624,602,320.0,71.0,2518.0
1783933912.3,20645,32624,602,298.0,71.0,2566.0
1783933912.9,20645,32624,602,349.0,71.0,2742.0
1783933913.5,20645,32624,602,308.0,71.0,2939.0
1783933914.0,20645,32624,602,222.0,71.0,2588.0
1783933914.6,20645,32624,602,325.0,71.0,2566.0
1783933915.2,20645,32624,602,321.0,71.0,2508.0
1783933915.8,20645,32624,602,299.0,71.0,2628.0
1783933916.4,20645,32624,602,363.0,71.0,2765.0
1783933917.0,20645,32624,602,169.0,71.0,2654.0
1783933917.6,20645,32624,602,286.0,71.0,2531.0
1783933918.2,20645,32624,602,315.0,71.0,2663.0
1783933918.8,20645,32624,602,368.0,71.0,2799.0
1783933919.4,20645,32624,602,156.0,71.0,2549.0
1783933920.0,20645,32624,602,301.0,71.0,2572.0
1783933920.6,20645,32624,602,341.0,71.0,2755.0
1783933921.2,20645,32624,602,322.0,72.0,2918.0
1783933921.7,20645,32624,602,322.0,71.0,2543.0
1783933922.3,20645,32624,602,271.0,71.0,2567.0
1783933922.9,20645,32624,602,322.0,71.0,2589.0
1783933923.5,20645,32624,602,272.0,72.0,2823.0
1783933924.1,20645,32624,602,340.0,71.0,2571.0
1783933924.7,20645,32624,602,297.0,71.0,2642.0
1783933925.3,20645,32624,602,334.0,71.0,2738.0
1783933925.9,20645,32624,602,240.0,71.0,3017.0
1783933926.5,20645,32624,602,313.0,71.0,2585.0
1783933927.1,20645,32624,602,301.0,71.0,2562.0
1783933927.7,20645,32624,602,392.0,72.0,2849.0
1783933928.3,20645,32624,602,235.0,71.0,2418.0
1783933928.9,20645,32624,602,285.0,71.0,2553.0
1783933929.5,20645,32624,602,290.0,71.0,2655.0
1783933930.1,20645,32624,602,284.0,71.0,2863.0
1783933930.7,20645,32624,602,304.0,71.0,2551.0
1783933931.3,20645,32624,602,369.0,71.0,2778.0
1783933931.9,20645,32624,602,71.0,71.0,2620.0
1783933932.4,20645,32624,602,270.0,71.0,2522.0
1783933933.0,20645,32624,602,183.0,70.0,2558.0
1783933933.6,20645,32624,602,283.0,70.0,3024.0
1783933934.2,20645,32624,602,255.0,71.0,2688.0
1783933934.8,20645,32624,602,339.0,71.0,2562.0
1783933935.4,20645,32624,602,322.0,71.0,2623.0
1783933936.0,20645,32624,602,320.0,71.0,2659.0
1783933936.6,20645,32624,602,344.0,71.0,2671.0
1783933937.2,20645,32624,602,378.0,71.0,2845.0
1783933937.8,20645,32624,602,288.0,71.0,2933.0
1783933938.4,20645,32624,602,265.0,71.0,2694.0
1783933939.0,20645,32624,602,131.0,71.0,2419.0
1783933939.6,20645,32624,602,332.0,71.0,2600.0
1783933940.2,20645,32624,602,163.0,71.0,2596.0
1783933940.8,20645,32624,602,317.0,71.0,2555.0
1783933941.4,20645,32624,602,324.0,72.0,2604.0
1783933942.0,20645,32624,602,303.0,71.0,2554.0
1783933942.6,20645,32624,602,317.0,71.0,2709.0
1783933943.2,20645,32624,602,280.0,71.0,2859.0
1783933943.8,20645,32624,602,330.0,71.0,2572.0
1783933944.3,20645,32624,602,340.0,71.0,2609.0
1783933944.9,20645,32624,602,306.0,72.0,2846.0
1783933945.5,20645,32624,602,262.0,72.0,2783.0
1783933946.2,20645,32624,602,312.0,71.0,2612.0
1783933946.8,20645,32624,602,343.0,71.0,2692.0
1783933947.3,20645,32624,602,241.0,71.0,2686.0
1783933947.9,20645,32624,602,308.0,71.0,2552.0
1783933948.5,20645,32624,602,284.0,71.0,2592.0
1783933949.1,20645,32624,602,316.0,71.0,2667.0
1783933949.7,20645,32624,602,274.0,71.0,2908.0
1783933950.3,20645,32624,602,312.0,71.0,2522.0
1783933950.9,20645,32624,602,333.0,71.0,2575.0
1783933951.5,20645,32624,602,367.0,71.0,2825.0
1783933952.1,20645,32624,602,268.0,72.0,2885.0
1783933952.7,20645,32624,602,326.0,72.0,2462.0
1783933953.3,20645,32624,602,304.0,71.0,2551.0
1783933953.9,20645,32624,602,301.0,71.0,2618.0
1783933954.5,20645,32624,602,288.0,71.0,2831.0
1783933955.1,20645,32624,602,334.0,72.0,2455.0
1783933955.7,20645,32624,602,313.0,72.0,2539.0
1783933956.2,20645,32624,602,361.0,71.0,2773.0
1783933956.8,20645,32624,602,265.0,71.0,2805.0
1783933957.4,20645,32624,602,332.0,71.0,2512.0
1783933958.0,20645,32624,602,289.0,71.0,2550.0
1783933958.6,20645,32624,602,328.0,71.0,2703.0
1783933959.2,20645,32624,602,236.0,71.0,2747.0
1783933959.8,20645,32624,602,69.0,70.0,2702.0
1783933960.4,20645,32624,602,357.0,70.0,2758.0
1783933961.0,20645,32624,602,341.0,71.0,2725.0
1783933961.6,20645,32624,602,389.0,71.0,2820.0
1783933962.2,20645,32624,602,266.0,71.0,2762.0
1783933962.8,20645,32624,602,326.0,71.0,2496.0
1783933963.4,20645,32624,602,309.0,71.0,2631.0
1783933964.0,20645,32624,602,321.0,71.0,2649.0
1783933964.6,20645,32624,602,319.0,71.0,2615.0
1783933965.2,20645,32624,602,329.0,71.0,2713.0
1783933965.7,20645,32624,602,312.0,71.0,2765.0
1783933966.3,20645,32624,602,191.0,71.0,2637.0
1783933966.9,20645,32624,602,303.0,71.0,2539.0
1783933967.5,20645,32624,602,326.0,71.0,2583.0
1783933968.1,20645,32624,602,347.0,71.0,2879.0
1783933968.7,20645,32624,602,223.0,71.0,2452.0
1783933969.3,20645,32624,602,316.0,71.0,2596.0
1783933969.9,20645,32624,602,263.0,71.0,2578.0
1783933970.5,20645,32624,602,293.0,71.0,2855.0
1783933971.1,20645,32624,602,174.0,71.0,2498.0
1783933971.7,20645,32624,602,293.0,71.0,2536.0
1783933972.3,20645,32624,602,307.0,71.0,2606.0
1783933972.8,20645,32624,602,324.0,71.0,2598.0
1783933973.4,20645,32624,602,370.0,71.0,2783.0
1783933974.0,20645,32624,602,261.0,71.0,2693.0
1783933974.6,20645,32624,602,307.0,71.0,2520.0
1783933975.2,20645,32624,602,296.0,71.0,2609.0
1783933975.8,20645,32624,602,373.0,71.0,2826.0
1783933976.4,20645,32624,602,239.0,71.0,2748.0
1783933977.0,20645,32624,602,298.0,71.0,2575.0
1783933977.6,20645,32624,602,324.0,71.0,2556.0
1783933978.2,20645,32624,602,342.0,71.0,2729.0
1783933978.8,20645,32624,602,259.0,71.0,2827.0
1783933979.4,20645,32624,602,247.0,71.0,2514.0
1783933980.0,20645,32624,602,294.0,71.0,2553.0
1783933980.6,20645,32624,602,367.0,71.0,2779.0
1783933981.1,20645,32624,602,271.0,71.0,2829.0
1783933981.7,20645,32624,602,311.0,71.0,2544.0
1783933982.3,20645,32624,602,301.0,71.0,2574.0
1783933982.9,20645,32624,602,237.0,72.0,2825.0
1783933983.5,20645,32624,602,311.0,71.0,2574.0
1783933984.1,20645,32624,602,314.0,72.0,2515.0
1783933984.7,20645,32624,602,359.0,71.0,2758.0
1783933985.3,20645,32624,602,268.0,71.0,2817.0
1783933985.9,20645,32624,602,337.0,72.0,2601.0
1783933986.5,20645,32624,602,299.0,71.0,2622.0
1783933987.1,20645,32624,602,246.0,72.0,2698.0
1783933987.7,20645,32624,602,327.0,72.0,2579.0
1783933988.3,20645,32624,602,353.0,71.0,2769.0
1783933988.8,20645,32624,602,294.0,72.0,2579.0
1783933989.4,20645,32624,602,331.0,71.0,2587.0
1783933990.0,20645,32624,602,359.0,71.0,2782.0
1783933990.6,20645,32624,602,252.0,72.0,2935.0
1783933991.2,20645,32624,602,315.0,72.0,2588.0
1783933991.8,20645,32624,602,334.0,71.0,2785.0
1783933992.4,20645,32624,602,218.0,71.0,2748.0
1783933993.0,20645,32624,602,275.0,72.0,2557.0
1783933993.6,20645,32624,602,351.0,71.0,2693.0
1783933994.2,20645,32624,602,128.0,72.0,2538.0
1783933994.8,20645,32624,602,338.0,71.0,2626.0
1783933995.4,20645,32624,602,262.0,71.0,2817.0
1783933995.9,20618,32624,600,258.0,70.0,2743.0
1783933996.5,20620,32624,600,306.0,71.0,2515.0
1783933997.1,20620,32624,600,348.0,71.0,2730.0
1783933997.7,20620,32624,600,279.0,71.0,2870.0
1783933998.3,20620,32624,600,198.0,71.0,2569.0
1783933998.9,20620,32624,600,298.0,71.0,2514.0
1783933999.5,20620,32624,600,320.0,71.0,2615.0
1783934000.1,20620,32624,600,319.0,71.0,2651.0
1783934000.7,20620,32624,600,322.0,71.0,2642.0
1783934001.3,20620,32624,600,373.0,71.0,2818.0
1783934001.9,20620,32624,600,243.0,71.0,2646.0
1783934002.5,20620,32624,600,313.0,71.0,2560.0
1783934003.1,20616,32624,600,291.0,71.0,2530.0
1783934003.6,20616,32624,600,384.0,71.0,2806.0
1783934004.2,20616,32624,600,266.0,71.0,2744.0
1783934004.8,20616,32624,600,227.0,72.0,2785.0
1783934005.4,20616,32624,600,290.0,71.0,2553.0
1783934006.0,20616,32624,600,347.0,71.0,2722.0
1783934006.6,20616,32624,600,267.0,72.0,2904.0
1783934007.2,20616,32624,600,254.0,71.0,2479.0
1783934007.8,20616,32624,600,287.0,71.0,2579.0
1783934008.4,20616,32624,600,350.0,71.0,2709.0
1783934009.0,20616,32624,600,297.0,71.0,2933.0
1783934009.6,20616,32624,600,177.0,71.0,2571.0
1783934010.2,20616,32624,600,313.0,71.0,2575.0
1783934010.8,20616,32624,600,317.0,71.0,2569.0
1783934011.4,20616,32624,600,334.0,71.0,2707.0
1783934012.0,20616,32624,600,346.0,71.0,2879.0
1783934012.5,20616,32624,600,317.0,71.0,2543.0
1783934013.1,20616,32624,600,329.0,71.0,2591.0
1783934013.7,20616,32624,600,331.0,71.0,2701.0
1783934014.3,20616,32624,600,332.0,72.0,2860.0
1783934014.9,20616,32624,600,248.0,72.0,2791.0
1783934015.5,20616,32624,600,286.0,71.0,2583.0
1783934016.1,20616,32624,600,330.0,72.0,2697.0
1783934016.7,20616,32624,600,349.0,72.0,2738.0
1783934017.3,20616,32624,600,273.0,71.0,2832.0
1783934017.9,20616,32624,600,344.0,72.0,2577.0
1783934018.5,20616,32624,600,309.0,71.0,2641.0
1783934019.1,20616,32624,600,332.0,72.0,2741.0
1783934019.7,20616,32624,600,259.0,72.0,2695.0
1783934020.3,20616,32624,600,320.0,72.0,2636.0
1783934020.9,20616,32624,600,291.0,71.0,2547.0
1783934021.4,20616,32624,600,335.0,72.0,2737.0
1783934022.0,20616,32624,600,300.0,72.0,2813.0
1783934022.6,20616,32624,600,200.0,71.0,2495.0
1783934023.2,20616,32624,600,286.0,72.0,2515.0
1783934023.8,20616,32624,600,354.0,72.0,2762.0
1783934024.4,20616,32624,600,250.0,72.0,2749.0
1783934025.0,20616,32624,600,297.0,72.0,2485.0
1783934025.6,20616,32624,600,324.0,72.0,2592.0
1783934026.2,20616,32624,600,328.0,72.0,2858.0
1783934026.8,20616,32624,600,320.0,72.0,2507.0
1783934027.4,20616,32624,600,302.0,72.0,2617.0
1783934028.0,20616,32624,600,344.0,71.0,2629.0
1783934028.6,20616,32624,600,270.0,72.0,2872.0
1783934029.2,20616,32624,600,183.0,71.0,2538.0
1783934029.7,20616,32624,600,298.0,72.0,2529.0
1783934030.3,20616,32624,600,360.0,72.0,2763.0
1783934030.9,20616,32624,600,253.0,72.0,2754.0
1783934031.5,20616,32624,600,308.0,71.0,2553.0
1783934032.1,20616,32624,600,306.0,72.0,2658.0
1783934032.7,20616,32624,600,274.0,72.0,2844.0
1783934033.3,20616,32624,600,277.0,72.0,2497.0
1783934033.9,20616,32624,600,54.0,71.0,110.0
1783934034.5,20616,32624,600,340.0,71.0,2598.0
1783934035.1,20616,32624,600,365.0,71.0,2809.0
1783934035.7,20616,32624,600,269.0,71.0,2845.0
1783934036.3,20616,32624,600,254.0,71.0,2718.0
1783934036.9,20616,32624,600,251.0,71.0,2471.0
1783934037.5,20616,32624,600,295.0,71.0,2481.0
1783934038.1,20610,32624,598,290.0,71.0,2523.0
1783934038.7,20610,32624,598,292.0,71.0,2629.0
1783934039.3,20610,32624,598,328.0,71.0,2640.0
1783934039.8,20610,32624,598,327.0,71.0,2678.0
1783934040.4,20610,32624,598,353.0,71.0,2752.0
1783934041.0,20610,32624,598,187.0,71.0,2691.0
1783934041.6,20610,32624,598,318.0,71.0,2589.0
1783934042.2,20610,32624,598,327.0,71.0,2573.0
1783934042.8,20610,32624,598,333.0,72.0,2639.0
1783934043.4,20610,32624,598,315.0,71.0,2628.0
1783934044.0,20610,32624,598,376.0,71.0,2900.0
1783934044.6,20610,32624,598,121.0,72.0,2566.0
1783934045.2,20610,32624,598,302.0,71.0,2538.0
1783934045.8,20610,32624,598,328.0,71.0,2570.0
1783934046.4,20610,32624,598,343.0,71.0,2773.0
1783934047.0,20610,32624,598,206.0,72.0,2809.0
1783934047.6,20610,32624,598,321.0,71.0,2550.0
1783934048.2,20610,32624,598,323.0,71.0,2513.0
1783934048.8,20610,32624,598,300.0,71.0,2529.0
1783934049.3,20610,32624,598,364.0,71.0,2808.0
1783934049.9,20610,32624,598,277.0,72.0,2866.0
1783934050.5,20610,32624,598,326.0,72.0,2495.0
1783934051.1,20610,32624,598,274.0,72.0,2530.0
1783934051.7,20610,32624,598,383.0,71.0,2880.0
1783934052.3,20610,32624,598,314.0,71.0,2864.0
1783934052.9,20610,32624,598,339.0,72.0,2571.0
1783934053.5,20623,32624,600,288.0,72.0,2589.0
1783934054.1,20623,32624,600,338.0,71.0,2695.0
1783934054.7,20623,32624,600,297.0,72.0,2907.0
1783934055.3,20623,32624,600,244.0,72.0,2540.0
1783934055.9,20623,32624,600,343.0,71.0,2578.0
1783934056.5,20623,32624,600,337.0,71.0,2656.0
1783934057.1,20623,32624,600,309.0,72.0,2727.0
1783934057.7,20623,32624,600,245.0,72.0,2790.0
1783934058.3,20623,32624,600,293.0,71.0,2520.0
1783934058.9,20623,32624,600,329.0,72.0,2618.0
1783934059.4,20623,32624,600,370.0,72.0,2801.0
1783934060.0,20623,32624,600,44.0,71.0,0.0
1783934060.6,20623,32624,600,349.0,70.0,2725.0
1783934061.2,20623,32624,600,261.0,71.0,2966.0
1783934061.8,20623,32624,600,283.0,71.0,2887.0
1783934062.4,20623,32624,600,137.0,71.0,2552.0
1783934063.0,20623,32624,600,287.0,71.0,2570.0
1783934063.6,20623,32624,600,286.0,71.0,2585.0
1783934064.2,20623,32624,600,313.0,71.0,2593.0
1783934064.8,20623,32624,600,322.0,71.0,2661.0
1783934065.4,20623,32624,600,351.0,71.0,2736.0
1783934066.0,20623,32624,600,334.0,71.0,2844.0
1783934066.6,20623,32624,600,265.0,71.0,2810.0
1783934067.2,20623,32624,600,283.0,71.0,2541.0
1783934067.8,20623,32624,600,331.0,71.0,2548.0
1783934068.4,20623,32624,600,335.0,72.0,2670.0
1783934069.0,20623,32624,600,333.0,72.0,2648.0
1783934069.6,20623,32624,600,344.0,72.0,2758.0
1783934070.2,20623,32624,600,259.0,72.0,2810.0
1783934070.7,20623,32624,600,245.0,71.0,2520.0
1783934071.3,20623,32624,600,287.0,71.0,2609.0
1783934071.9,20623,32624,600,313.0,71.0,2670.0
1783934072.5,20623,32624,600,397.0,72.0,2858.0
1783934073.1,20623,32624,600,208.0,72.0,2493.0
1783934073.7,20623,32624,600,305.0,71.0,2607.0
1783934074.3,20623,32624,600,326.0,72.0,2574.0
1783934074.9,20623,32624,600,335.0,71.0,2594.0
1783934075.5,20623,32624,600,396.0,72.0,2948.0
1783934076.1,20623,32624,600,75.0,72.0,2740.0
1783934076.7,20623,32624,600,103.0,70.0,3019.0
1783934077.3,20623,32624,600,353.0,71.0,2717.0
1783934077.9,20623,32624,600,268.0,71.0,2921.0
1783934078.5,20623,32624,600,233.0,71.0,2551.0
1783934079.1,20623,32624,600,314.0,71.0,2610.0
1783934079.7,20623,32624,600,336.0,71.0,2745.0
1783934080.3,20623,32624,600,332.0,71.0,2743.0
1783934080.9,20623,32624,600,272.0,71.0,2820.0
1783934081.5,20623,32624,600,197.0,71.0,2569.0
1783934082.1,20623,32624,600,316.0,71.0,2486.0
1783934082.7,20623,32624,600,280.0,71.0,2519.0
1783934083.3,20623,32624,600,282.0,71.0,2558.0
1783934083.8,20623,32624,600,346.0,71.0,2778.0
1783934084.4,20623,32624,600,365.0,71.0,2753.0
1783934085.0,20623,32624,600,234.0,71.0,2700.0
1783934085.6,20623,32624,600,336.0,71.0,2526.0
1783934086.2,20623,32624,600,321.0,71.0,2617.0
1783934086.8,20623,32624,600,304.0,71.0,2644.0
1783934087.4,20623,32624,600,360.0,71.0,2769.0
1783934088.0,20623,32624,600,321.0,71.0,2891.0
1783934088.6,20623,32624,600,252.0,72.0,2727.0
1783934089.2,20623,32624,600,307.0,72.0,2578.0
1783934089.8,20623,32624,600,283.0,71.0,2609.0
1783934090.4,20623,32624,600,319.0,72.0,2563.0
1783934091.0,20623,32624,600,319.0,71.0,2661.0
1783934091.6,20623,32624,600,342.0,71.0,3080.0
1783934092.2,20623,32624,600,294.0,71.0,2906.0
1783934092.8,20623,32624,600,251.0,71.0,2524.0
1783934093.4,20623,32624,600,285.0,71.0,2482.0
1783934094.0,20623,32624,600,315.0,71.0,2665.0
1783934094.6,20623,32624,600,305.0,71.0,2659.0
1783934095.2,20623,32624,600,354.0,71.0,2771.0
1783934095.7,20623,32624,600,350.0,71.0,2827.0
1783934096.3,20623,32624,600,256.0,72.0,2731.0
1783934096.9,20623,32624,600,309.0,72.0,2496.0
1783934097.5,20623,32624,600,313.0,72.0,2536.0
1783934098.1,20619,32624,600,302.0,71.0,2661.0
1783934098.7,20619,32624,600,407.0,71.0,2956.0
1783934099.3,20619,32624,600,273.0,72.0,2818.0
1783934099.9,20619,32624,600,337.0,71.0,2582.0
1783934100.5,20619,32624,600,318.0,71.0,2580.0
1783934101.1,20619,32624,600,276.0,71.0,2526.0
1783934101.7,20619,32624,600,313.0,71.0,2644.0
1783934102.3,20619,32624,600,356.0,71.0,2779.0
1783934102.9,20619,32624,600,257.0,72.0,2781.0
1783934103.5,20619,32624,600,299.0,72.0,2502.0
1783934104.1,20619,32624,600,307.0,72.0,2672.0
1783934104.7,20619,32624,600,357.0,72.0,2809.0
1783934105.3,20619,32624,600,262.0,72.0,2779.0
1783934105.9,20619,32624,600,329.0,72.0,2508.0
1783934106.5,20619,32624,600,311.0,72.0,2523.0
1783934107.1,20619,32624,600,316.0,71.0,2688.0
1783934107.7,20619,32624,600,364.0,72.0,2804.0
1783934108.3,20619,32624,600,237.0,72.0,2813.0
1783934108.8,20619,32624,600,313.0,71.0,2604.0
1783934109.4,20619,32624,600,286.0,72.0,2469.0
1783934110.0,20619,32624,600,292.0,72.0,2730.0
1783934110.6,20619,32624,600,215.0,72.0,2794.0
1783934111.2,20619,32624,600,267.0,71.0,2547.0
1783934111.8,20619,32624,600,317.0,72.0,2596.0
1783934112.4,20619,32624,600,348.0,72.0,2660.0
1783934113.0,20619,32624,600,350.0,72.0,2896.0
1783934113.6,20619,32624,600,142.0,72.0,2674.0
1783934114.2,20619,32624,600,322.0,72.0,2647.0
1783934114.8,20619,32624,600,343.0,71.0,2752.0
1783934115.4,20619,32624,600,276.0,72.0,2917.0
1783934116.0,20619,32624,600,314.0,72.0,2571.0
1783934116.6,20619,32624,600,344.0,71.0,2706.0
1783934117.2,20619,32624,600,290.0,72.0,2898.0
1783934117.8,20619,32624,600,277.0,71.0,2429.0
1783934118.4,20619,32624,600,339.0,72.0,2625.0
1783934119.0,20619,32624,600,371.0,72.0,2795.0
1783934119.6,20630,32624,604,257.0,72.0,2737.0
1783934120.2,20630,32624,604,279.0,71.0,2492.0
1783934120.8,20652,32624,621,322.0,71.0,2557.0
1783934121.4,20652,32624,620,289.0,72.0,3012.0
1783934122.0,20650,32624,608,174.0,72.0,2528.0
1783934122.6,20649,32624,600,328.0,72.0,2587.0
1783934123.2,20649,32624,600,386.0,72.0,2833.0
1783934123.7,20649,32624,600,297.0,72.0,2591.0
1783934124.3,20649,32624,600,302.0,71.0,2634.0
1783934124.9,20649,32624,600,364.0,72.0,2917.0
1783934125.5,20649,32624,600,334.0,72.0,2598.0
1783934126.1,20645,32624,600,283.0,72.0,2603.0
1783934126.7,20645,32624,600,365.0,72.0,2751.0
1783934127.3,20645,32624,600,194.0,71.0,2620.0
1783934127.9,20645,32624,600,297.0,71.0,2585.0
1783934128.5,20637,32624,600,370.0,72.0,2773.0
1783934129.1,20637,32624,600,234.0,71.0,2858.0
1783934129.7,20637,32624,600,287.0,71.0,2503.0
1783934130.3,20637,32624,600,328.0,71.0,2878.0
1783934130.9,20637,32624,600,321.0,72.0,2541.0
1783934131.5,20637,32624,600,315.0,72.0,2617.0
1783934132.1,20637,32624,600,331.0,72.0,2861.0
1783934132.7,20637,32624,600,290.0,72.0,2439.0
1783934133.3,20637,32624,600,297.0,71.0,2621.0
1783934133.9,20637,32624,600,44.0,71.0,0.0
1783934134.4,20637,32624,600,310.0,70.0,2658.0
1783934135.0,20637,32624,600,301.0,71.0,2879.0
1783934135.6,20637,32624,600,316.0,71.0,2524.0
1783934136.2,20637,32624,600,291.0,71.0,2529.0
1783934136.8,20637,32624,600,337.0,71.0,2648.0
1783934137.4,20637,32624,600,366.0,71.0,2790.0
1783934138.0,20637,32624,600,273.0,71.0,2809.0
1783934138.6,20637,32624,600,202.0,71.0,2574.0
1783934139.2,20637,32624,600,317.0,71.0,2530.0
1783934139.8,20637,32624,600,310.0,71.0,2607.0
1783934140.4,20637,32624,600,306.0,71.0,2622.0
1783934140.9,20637,32624,600,348.0,71.0,2752.0
1783934141.5,20637,32624,600,271.0,71.0,2798.0
1783934142.1,20637,32624,600,268.0,71.0,2736.0
1783934142.7,20637,32624,600,293.0,71.0,2579.0
1783934143.3,20637,32624,600,337.0,71.0,2630.0
1783934143.9,20637,32624,600,377.0,71.0,2834.0
1783934144.5,20637,32624,600,265.0,71.0,2780.0
1783934145.1,20637,32624,600,221.0,71.0,2660.0
1783934145.7,20637,32624,600,306.0,71.0,2552.0
1783934146.3,20637,32624,600,330.0,71.0,2617.0
1783934146.9,20637,32624,600,312.0,71.0,2657.0
1783934147.4,20637,32624,600,359.0,71.0,2894.0
1783934148.0,20637,32624,600,273.0,71.0,2806.0
1783934148.6,20637,32624,600,319.0,71.0,2559.0
1783934149.2,20637,32624,600,304.0,71.0,2539.0
1783934149.8,20637,32624,600,320.0,71.0,2643.0
1783934150.4,20637,32624,600,361.0,71.0,2798.0
1783934151.0,20637,32624,600,321.0,71.0,2838.0
1783934151.6,20637,32624,600,257.0,71.0,2702.0
1783934152.2,20637,32624,600,322.0,71.0,2424.0
1783934152.8,20637,32624,600,266.0,71.0,2433.0
1783934153.4,20637,32624,600,343.0,71.0,2694.0
1783934154.0,20637,32624,600,317.0,71.0,2601.0
1783934154.5,20637,32624,600,260.0,71.0,2806.0
1783934155.1,20637,32624,600,176.0,71.0,2479.0
1783934155.7,20637,32624,600,306.0,71.0,2481.0
1783934156.3,20637,32624,600,293.0,71.0,2594.0
1783934156.9,20637,32624,600,359.0,71.0,2803.0
1783934157.5,20637,32624,600,222.0,71.0,2564.0
1783934158.1,20637,32624,600,309.0,71.0,2561.0
1783934158.7,20637,32624,600,303.0,71.0,2591.0
1783934159.3,20637,32624,600,307.0,71.0,2647.0
1783934159.9,20637,32624,600,246.0,71.0,2702.0
1783934160.5,20637,32624,600,268.0,71.0,2515.0
1783934161.0,20637,32624,600,290.0,72.0,2490.0
1783934161.6,20637,32624,600,320.0,71.0,2603.0
1783934162.2,20637,32624,600,413.0,71.0,2996.0
1783934162.8,20637,32624,600,242.0,71.0,2731.0
1783934163.4,20637,32624,600,159.0,71.0,2517.0
1783934164.0,20637,32624,600,301.0,71.0,2562.0
1783934164.6,20637,32624,600,319.0,71.0,2587.0
1783934165.2,20637,32624,600,268.0,71.0,2822.0
1783934165.8,20637,32624,600,265.0,72.0,2540.0
1783934166.4,20637,32624,600,338.0,72.0,2703.0
1783934167.0,20637,32624,600,359.0,72.0,2759.0
1783934167.5,20637,32624,600,239.0,72.0,2751.0
1783934168.1,20637,32624,600,313.0,72.0,2485.0
1783934168.7,20637,32624,600,302.0,72.0,2651.0
1783934169.3,20637,32624,600,258.0,72.0,2726.0
1783934169.9,20637,32624,600,304.0,72.0,2576.0
1783934170.5,20637,32624,600,296.0,72.0,2635.0
1783934171.1,20637,32624,600,290.0,72.0,2904.0
1783934171.7,20637,32624,600,273.0,72.0,2514.0
1783934172.3,20637,32624,600,328.0,72.0,2594.0
1783934172.9,20637,32624,600,265.0,72.0,2755.0
1783934173.5,20637,32624,600,273.0,72.0,2480.0
1783934174.0,20637,32624,600,327.0,72.0,2662.0
1783934174.6,20637,32624,600,294.0,72.0,2876.0
1783934175.2,20637,32624,600,254.0,72.0,2547.0
1783934175.8,20637,32624,600,298.0,72.0,2624.0
1783934176.4,20637,32624,600,348.0,72.0,2754.0
1783934177.0,20637,32624,600,242.0,71.0,2658.0
1783934177.6,20637,32624,600,317.0,72.0,2525.0
1783934178.2,20637,32624,600,321.0,71.0,2669.0
1783934178.8,20637,32624,600,252.0,71.0,2689.0
1783934179.4,20637,32624,600,311.0,71.0,2584.0
1783934180.0,20637,32624,600,305.0,71.0,2553.0
1783934180.5,20637,32624,600,335.0,72.0,2704.0
1783934181.1,20637,32624,600,232.0,71.0,2717.0
1783934181.7,20637,32624,600,274.0,72.0,2547.0
1783934182.3,20637,32624,600,342.0,72.0,2752.0
1783934182.9,20637,32624,600,191.0,72.0,2456.0
1783934183.5,20637,32624,600,298.0,72.0,2547.0
1783934184.1,20637,32624,600,298.0,72.0,2654.0
1783934184.7,20637,32624,600,281.0,72.0,2869.0
1783934185.3,20637,32624,600,214.0,72.0,2490.0
1783934185.9,20637,32624,600,310.0,71.0,2657.0
1783934186.5,20632,32624,602,369.0,72.0,2734.0
1783934187.1,20632,32624,602,166.0,71.0,2688.0
1783934187.7,20632,32624,602,296.0,72.0,2485.0
1783934188.3,20632,32624,602,370.0,72.0,2739.0
1783934188.9,20632,32624,602,310.0,71.0,2545.0
1783934189.4,20632,32624,602,319.0,71.0,2589.0
1783934190.0,20632,32624,602,259.0,71.0,2756.0
1783934190.6,20632,32624,602,313.0,71.0,2519.0
1783934191.2,20632,32624,602,311.0,71.0,2621.0
1783934191.8,20632,32624,602,270.0,71.0,2894.0
1783934192.4,20632,32624,602,328.0,71.0,2558.0
1783934193.0,20632,32624,602,339.0,71.0,2681.0
1783934193.6,20632,32624,602,281.0,72.0,2882.0
1783934194.2,20632,32624,602,310.0,71.0,2586.0
1783934194.8,20632,32624,602,347.0,72.0,2749.0
1783934195.4,20632,32624,602,298.0,72.0,2561.0
1783934196.0,20632,32624,602,297.0,71.0,2634.0
1783934196.6,20632,32624,602,381.0,72.0,2885.0
1783934197.2,20632,32624,602,307.0,71.0,2552.0
1783934197.7,20632,32624,602,329.0,71.0,2652.0
1783934198.3,20632,32624,602,308.0,72.0,3064.0
1783934198.9,20632,32624,602,291.0,71.0,2589.0
1783934199.5,20632,32624,602,347.0,72.0,2702.0
1783934200.1,20632,32624,602,251.0,72.0,2706.0
1783934200.7,20632,32624,602,282.0,72.0,2541.0
1783934201.3,20632,32624,602,286.0,72.0,2640.0
1783934201.9,20632,32624,602,350.0,72.0,2755.0
1783934202.5,20632,32624,602,230.0,72.0,2603.0
1783934203.1,20632,32624,602,304.0,71.0,2526.0
1783934203.7,20632,32624,602,365.0,72.0,2739.0
1783934204.3,20632,32624,602,316.0,72.0,2509.0
1783934204.9,20632,32624,602,315.0,71.0,2606.0
1783934205.4,20632,32624,602,332.0,72.0,2889.0
1783934206.0,20632,32624,602,242.0,72.0,2514.0
1783934206.6,20632,32624,602,267.0,71.0,2515.0
1783934207.2,20632,32624,602,347.0,72.0,2775.0
1783934207.8,20632,32624,602,182.0,72.0,2606.0
1783934208.4,20632,32624,602,307.0,72.0,2553.0
1783934209.0,20632,32624,602,357.0,71.0,2756.0
1783934209.6,20632,32624,602,209.0,72.0,2519.0
1783934210.2,20632,32624,602,310.0,71.0,2631.0
1783934210.8,20632,32624,602,311.0,72.0,2965.0
1783934211.4,20632,32624,602,316.0,71.0,2653.0
1783934212.0,20632,32624,602,381.0,72.0,2835.0
1783934212.6,20632,32624,602,312.0,72.0,2575.0
1783934213.2,20632,32624,602,322.0,72.0,2683.0
1783934213.8,20632,32624,602,348.0,71.0,2730.0
1783934214.4,20632,32624,602,283.0,72.0,2463.0
1783934215.0,20632,32624,602,312.0,72.0,2688.0
1783934215.5,20632,32624,602,254.0,72.0,2434.0
1783934216.1,20632,32624,602,318.0,72.0,2609.0
1783934216.7,20632,32624,602,175.0,72.0,2566.0
1783934217.3,20632,32624,602,312.0,72.0,2638.0
1783934217.9,20632,32624,602,276.0,72.0,2833.0
1783934218.5,20632,32624,602,311.0,71.0,2587.0
1783934219.1,20632,32624,602,354.0,72.0,2727.0
1783934219.7,20632,32624,602,283.0,72.0,2412.0
1783934220.3,20632,32624,602,310.0,72.0,2596.0
1783934220.9,20632,32624,602,271.0,72.0,2759.0
1783934221.5,20632,32624,602,309.0,72.0,2558.0
1783934222.1,20632,32624,602,346.0,72.0,2662.0
1783934222.7,20632,32624,602,160.0,72.0,2693.0
1783934223.3,20632,32624,602,306.0,72.0,2633.0
1783934223.8,20632,32624,602,266.0,72.0,2802.0
1783934224.4,20632,32624,602,309.0,71.0,2523.0
1783934225.0,20632,32624,602,350.0,72.0,2777.0
1783934225.6,20632,32624,602,143.0,71.0,2463.0
1783934226.2,20632,32624,602,340.0,72.0,2704.0
1783934226.8,20632,32624,602,383.0,72.0,2561.0
1783934227.4,20632,32624,602,350.0,72.0,2736.0
1783934228.0,20632,32624,602,315.0,72.0,2516.0
1783934228.6,20632,32624,602,355.0,72.0,2774.0
1783934229.2,20632,32624,602,284.0,72.0,2555.0
1783934229.8,20632,32624,602,357.0,72.0,2775.0
1783934230.4,20632,32624,602,338.0,72.0,2616.0
1783934231.0,20632,32624,602,352.0,72.0,2797.0
1783934231.6,20632,32624,602,334.0,72.0,2548.0
1783934232.1,20632,32624,602,309.0,72.0,2640.0
1783934232.7,20632,32624,602,285.0,71.0,2693.0
1783934233.3,20632,32624,602,321.0,72.0,2529.0
1783934233.9,20633,32624,606,274.0,72.0,2864.0
1783934234.5,20633,32624,606,298.0,72.0,2615.0
1783934235.1,20633,32624,606,68.0,70.0,3033.0
1783934235.7,20628,32624,604,112.0,70.0,2598.0
1783934236.3,20628,32624,604,288.0,71.0,2555.0
1783934236.9,20628,32624,604,311.0,71.0,2659.0
1783934237.5,20628,32624,604,360.0,71.0,2704.0
1783934238.1,20628,32624,604,252.0,71.0,2777.0
1783934238.7,20628,32624,604,215.0,71.0,2697.0
1783934239.3,20628,32624,604,288.0,72.0,2531.0
1783934239.9,20628,32624,604,303.0,71.0,2565.0
1783934240.5,20628,32624,604,309.0,72.0,2621.0
1783934241.1,20628,32624,604,358.0,72.0,2778.0
1783934241.7,20628,32624,604,248.0,72.0,2751.0
1783934242.2,20628,32624,604,309.0,71.0,2460.0
1783934242.8,20628,32624,604,325.0,72.0,2589.0
1783934243.4,20628,32624,604,309.0,72.0,2519.0
1783934244.0,20628,32624,604,313.0,72.0,2518.0
1783934244.6,20628,32624,604,341.0,71.0,2716.0
1783934245.2,20628,32624,604,260.0,72.0,2789.0
1783934245.8,20628,32624,604,339.0,71.0,2505.0
1783934246.4,20628,32624,604,283.0,71.0,2455.0
1783934247.0,20628,32624,604,305.0,71.0,2581.0
1783934247.6,20628,32624,604,356.0,72.0,2763.0
1783934248.2,20628,32624,604,284.0,71.0,2871.0
1783934248.8,20628,32624,604,318.0,71.0,2544.0
1783934249.4,20628,32624,604,330.0,72.0,2591.0
1783934250.0,20628,32624,604,344.0,71.0,2723.0
1783934250.6,20628,32624,604,315.0,72.0,2850.0
1783934251.2,20628,32624,604,250.0,72.0,2715.0
1783934251.7,20628,32624,604,369.0,71.0,2537.0
1783934252.3,20628,32624,604,323.0,71.0,2540.0
1783934252.9,20628,32624,604,341.0,71.0,2724.0
1783934253.5,20628,32624,604,280.0,72.0,2840.0
1783934254.1,20628,32624,604,306.0,72.0,2538.0
1783934254.7,20628,32624,604,310.0,72.0,2570.0
1783934255.3,20628,32624,604,323.0,72.0,2678.0
1783934255.9,20628,32624,604,360.0,72.0,2807.0
1783934256.5,20630,32624,606,261.0,72.0,2493.0
1783934257.1,20630,32624,606,283.0,71.0,2555.0
1783934257.7,20630,32624,606,306.0,72.0,3213.0
1783934258.3,20630,32624,606,262.0,72.0,2503.0
1783934258.9,20630,32624,606,294.0,72.0,2599.0
1783934259.5,20630,32624,606,363.0,72.0,2794.0
1783934260.1,20630,32624,606,270.0,72.0,2811.0
1783934260.7,20630,32624,606,313.0,72.0,2544.0
1783934261.2,20630,32624,606,333.0,72.0,2580.0
1783934261.8,20630,32624,606,393.0,72.0,2860.0
1783934262.4,20630,32624,606,211.0,72.0,2695.0
1783934263.0,20630,32624,606,305.0,72.0,2558.0
1783934263.6,20630,32624,606,332.0,72.0,2597.0
1783934264.2,20630,32624,606,271.0,72.0,2844.0
1783934264.8,20630,32624,606,322.0,72.0,2482.0
1783934265.4,20630,32624,606,333.0,72.0,2600.0
1783934266.0,20630,32624,606,320.0,72.0,2577.0
1783934266.6,20630,32624,606,321.0,72.0,2596.0
1783934267.2,20630,32624,606,305.0,72.0,2683.0
1783934267.8,20630,32624,606,278.0,72.0,2811.0
1783934268.4,20630,32624,606,176.0,72.0,2689.0
1783934269.0,20630,32624,606,337.0,71.0,2551.0
1783934269.6,20630,32624,606,321.0,71.0,2603.0
1783934270.2,20630,32624,606,281.0,72.0,2930.0
1783934270.8,20630,32624,606,305.0,72.0,2625.0
1783934271.4,20630,32624,606,306.0,71.0,2618.0
1783934272.0,20630,32624,606,249.0,72.0,2686.0
1783934272.6,20630,32624,606,297.0,72.0,2583.0
1783934273.2,20630,32624,606,345.0,72.0,2743.0
1783934273.7,20630,32624,606,246.0,72.0,2766.0
1783934274.3,20630,32624,606,330.0,72.0,2490.0
1783934274.9,20630,32624,606,329.0,72.0,2607.0
1783934275.5,20630,32624,606,346.0,72.0,2884.0
1783934276.1,20630,32624,606,174.0,72.0,2591.0
1783934276.7,20630,32624,606,296.0,72.0,2623.0
1783934277.3,20630,32624,606,371.0,72.0,2805.0
1783934277.9,20630,32624,606,169.0,72.0,2526.0
1783934278.5,20630,32624,606,298.0,72.0,2642.0
1783934279.1,20630,32624,606,297.0,72.0,2921.0
1783934279.7,20630,32624,606,290.0,72.0,2558.0
1783934280.3,20630,32624,606,351.0,72.0,2740.0
1783934280.9,20630,32624,606,219.0,72.0,2416.0
1783934281.4,20630,32624,606,300.0,72.0,2605.0
1783934282.0,20630,32624,606,309.0,72.0,2878.0
1783934282.6,20630,32624,606,342.0,72.0,2613.0
1783934283.2,20630,32624,606,298.0,72.0,2616.0
1783934283.8,20630,32624,606,269.0,72.0,2797.0
1783934284.4,20630,32624,606,315.0,72.0,2588.0
1783934285.0,20630,32624,606,406.0,72.0,2926.0
1783934285.6,20630,32624,606,313.0,72.0,2480.0
1783934286.2,19968,32624,308,88.0,71.0,3002.0
1783934286.8,732,32624,100,33.0,69.0,0.0
1783934287.4,719,32624,84,16.0,68.0,0.0
1783934288.0,719,32624,84,15.0,67.0,0.0
1783934288.6,719,32624,84,15.0,67.0,0.0
1783934289.1,719,32624,84,15.0,66.0,0.0
1783934289.7,719,32624,84,15.0,66.0,0.0
1783934290.3,719,32624,84,15.0,66.0,0.0
1783934290.9,719,32624,84,16.0,65.0,0.0
1783934291.5,719,32624,84,15.0,65.0,0.0
1783934292.1,719,32624,84,16.0,64.0,0.0
1783934292.7,719,32624,84,16.0,64.0,0.0
1783934293.3,719,32624,84,16.0,64.0,0.0
1783934293.9,719,32624,84,15.0,63.0,0.0
1783934294.5,719,32624,84,14.0,63.0,0.0
1783934295.1,719,32624,84,15.0,63.0,0.0
1783934295.7,719,32624,84,14.0,62.0,0.0
1783934296.3,719,32624,84,14.0,62.0,0.0
1783934296.9,719,32624,84,15.0,62.0,0.0
1783934297.4,719,32624,84,14.0,61.0,0.0
1783934298.0,719,32624,84,14.0,61.0,0.0
1783934298.6,719,32624,84,14.0,61.0,0.0
1783934299.2,719,32624,84,14.0,60.0,0.0
1783934299.8,719,32624,84,15.0,60.0,0.0
1783934300.4,719,32624,84,15.0,60.0,0.0
1783934301.0,719,32624,84,14.0,60.0,0.0
1783934301.6,719,32624,84,14.0,59.0,0.0
1783934302.2,719,32624,84,14.0,59.0,0.0
1783934302.8,719,32624,84,14.0,59.0,0.0
1783934303.4,719,32624,84,13.0,59.0,0.0
1783934304.0,719,32624,84,14.0,58.0,0.0
1783934304.6,719,32624,84,13.0,58.0,0.0
1783934305.2,719,32624,84,13.0,58.0,0.0
1783934305.8,719,32624,84,14.0,58.0,0.0
1783934306.3,719,32624,84,13.0,57.0,0.0
1783934306.9,719,32624,84,13.0,57.0,0.0
1783934307.5,719,32624,84,13.0,57.0,0.0
1783934308.1,719,32624,84,14.0,57.0,0.0
1783934308.7,719,32624,84,13.0,56.0,0.0
1783934309.3,719,32624,84,13.0,56.0,0.0
1783934309.9,719,32624,84,15.0,56.0,0.0
1783934310.5,719,32624,84,13.0,56.0,0.0
1783934311.1,719,32624,84,14.0,55.0,0.0
1783934311.7,719,32624,84,13.0,55.0,0.0
1783934312.3,719,32624,84,13.0,55.0,0.0
1783934312.9,719,32624,84,13.0,55.0,0.0
1783934313.5,719,32624,84,13.0,55.0,0.0
1783934314.1,719,32624,84,11.0,54.0,0.0
1783934314.7,719,32624,84,12.0,54.0,0.0
1783934315.3,719,32624,84,14.0,54.0,0.0
1783934315.9,719,32624,84,13.0,54.0,0.0
1783934316.5,719,32624,84,11.0,54.0,0.0
1783934317.0,719,32624,84,12.0,54.0,0.0
1783934317.6,719,32624,84,12.0,53.0,0.0
1783934318.2,719,32624,84,13.0,53.0,0.0
1783934318.8,719,32624,84,12.0,53.0,0.0
1783934319.4,719,32624,84,11.0,53.0,0.0
1783934320.0,719,32624,84,13.0,53.0,0.0
1783934320.6,719,32624,84,12.0,53.0,0.0
1783934321.2,719,32624,84,11.0,52.0,0.0
1783934321.8,719,32624,84,14.0,52.0,0.0
1783934322.4,719,32624,84,13.0,52.0,0.0
1783934323.0,719,32624,84,12.0,52.0,0.0
1783934323.6,719,32624,84,12.0,52.0,0.0
1783934324.2,719,32624,84,13.0,52.0,0.0
1783934324.7,719,32624,84,12.0,52.0,0.0
1783934325.3,719,32624,84,13.0,51.0,0.0
1783934325.9,719,32624,84,13.0,51.0,0.0
1783934326.5,719,32624,84,13.0,51.0,0.0
1783934327.1,719,32624,84,13.0,51.0,0.0
1783934327.7,719,32624,84,11.0,51.0,0.0
1783934328.3,719,32624,84,12.0,51.0,0.0
1783934328.9,719,32624,84,12.0,50.0,0.0
1783934329.5,719,32624,84,11.0,50.0,0.0
1783934330.1,719,32624,84,12.0,50.0,0.0
1783934330.7,719,32624,84,13.0,50.0,0.0
1783934331.3,719,32624,84,11.0,50.0,0.0
1783934331.9,719,32624,84,11.0,50.0,0.0
1783934332.5,719,32624,84,12.0,50.0,0.0
1783934333.0,719,32624,84,12.0,49.0,0.0
1783934333.6,719,32624,84,12.0,49.0,0.0
1783934334.2,719,32624,84,13.0,49.0,0.0
1783934334.8,719,32624,84,12.0,49.0,0.0
1783934335.4,719,32624,84,13.0,49.0,0.0
1783934336.0,719,32624,84,11.0,49.0,0.0
1783934336.6,719,32624,84,12.0,49.0,0.0
1783934337.2,719,32624,84,12.0,49.0,0.0
1783934337.8,719,32624,84,11.0,49.0,0.0
1783934338.4,719,32624,84,12.0,49.0,0.0
1783934339.0,719,32624,84,13.0,48.0,0.0
1783934339.6,719,32624,84,12.0,48.0,0.0
1783934340.2,719,32624,84,14.0,48.0,0.0
1783934340.7,719,32624,84,14.0,48.0,0.0
1783934341.3,719,32624,84,12.0,48.0,0.0
1783934341.9,719,32624,84,13.0,48.0,0.0
1783934342.5,719,32624,84,12.0,48.0,0.0
1783934343.1,719,32624,84,11.0,48.0,0.0
1783934343.7,719,32624,84,11.0,48.0,0.0
1783934344.3,719,32624,84,11.0,48.0,0.0
1783934344.9,719,32624,84,12.0,47.0,0.0
1783934345.5,719,32624,84,13.0,48.0,0.0
1783934346.1,719,32624,84,13.0,47.0,0.0
1783934346.7,715,32624,84,12.0,47.0,0.0
1783934347.3,715,32624,84,12.0,47.0,0.0
1783934347.9,715,32624,84,12.0,47.0,0.0
1783934348.5,715,32624,84,11.0,47.0,0.0
1783934349.1,715,32624,84,11.0,47.0,0.0
1783934349.6,715,32624,84,12.0,47.0,0.0
1783934350.2,715,32624,84,12.0,47.0,0.0
1783934350.8,715,32624,84,12.0,47.0,0.0
1783934351.4,715,32624,84,11.0,47.0,0.0
1783934352.0,715,32624,84,11.0,46.0,0.0
1783934352.6,715,32624,84,12.0,46.0,0.0
1783934353.2,715,32624,84,12.0,46.0,0.0
1783934353.8,715,32624,84,14.0,46.0,0.0
1783934354.4,734,32624,87,29.0,47.0,59.0
1783934355.0,860,32624,111,24.0,47.0,0.0
1783934355.6,860,32624,87,23.0,47.0,0.0
1783934356.2,862,32624,77,15.0,46.0,0.0
1783934356.8,848,32624,89,29.0,46.0,42.0
1783934357.4,848,32624,89,17.0,46.0,1192.0
1783934358.0,846,32624,79,12.0,46.0,0.0
1783934358.6,851,32624,77,12.0,46.0,0.0
1783934359.2,855,32624,77,12.0,46.0,0.0
1783934359.8,825,32624,95,24.0,46.0,0.0
1783934360.4,766,32624,85,32.0,46.0,1270.0
1783934361.0,766,32624,85,11.0,45.0,0.0
1783934361.6,764,32624,81,18.0,46.0,1372.0
1783934362.2,764,32624,81,12.0,46.0,0.0
1783934362.8,762,32624,83,23.0,46.0,0.0
1783934363.4,762,32624,81,12.0,45.0,0.0
1783934364.0,757,32624,77,11.0,45.0,0.0
1783934364.6,755,32624,77,23.0,46.0,0.0
1783934365.2,750,32624,77,12.0,45.0,0.0
1783934365.8,750,32624,77,11.0,45.0,0.0
1783934366.4,750,32624,77,12.0,45.0,0.0
1783934367.0,749,32624,77,11.0,45.0,0.0
1783934367.6,738,32624,77,23.0,46.0,0.0
1783934368.2,738,32624,77,11.0,45.0,0.0
1783934368.8,726,32624,77,23.0,45.0,0.0
1783934369.3,726,32624,77,12.0,45.0,0.0
1783934369.9,726,32624,77,11.0,45.0,0.0
1783934370.5,726,32624,77,11.0,45.0,0.0
1783934371.1,726,32624,77,12.0,45.0,0.0
1783934371.7,726,32624,77,11.0,45.0,0.0
1783934372.3,726,32624,77,11.0,45.0,0.0
1783934372.9,726,32624,77,11.0,45.0,0.0
1783934373.5,726,32624,77,11.0,45.0,0.0
1783934374.2,726,32624,77,12.0,45.0,0.0
1783934374.7,726,32624,77,23.0,45.0,0.0
1783934375.3,726,32624,77,11.0,45.0,0.0
1783934375.9,726,32624,77,12.0,45.0,0.0
1783934376.5,726,32624,77,11.0,45.0,0.0
1783934377.1,726,32624,77,12.0,45.0,0.0
1783934377.7,726,32624,77,12.0,45.0,0.0
1783934378.3,726,32624,77,11.0,45.0,0.0
1783934378.9,726,32624,77,12.0,45.0,0.0
1783934379.5,726,32624,77,11.0,45.0,0.0
1783934380.1,726,32624,77,12.0,45.0,0.0
1783934380.7,726,32624,77,11.0,45.0,0.0
1783934381.3,726,32624,77,12.0,45.0,0.0
1783934381.9,726,32624,79,21.0,45.0,758.0
1783934382.5,726,32624,79,12.0,45.0,0.0
1783934383.1,726,32624,79,13.0,45.0,0.0
1783934383.7,726,32624,79,13.0,45.0,0.0
1783934384.3,710,32624,75,22.0,45.0,0.0
1783934384.9,710,32624,75,11.0,45.0,0.0
1783934385.5,710,32624,75,11.0,45.0,0.0
1783934386.1,710,32624,75,16.0,45.0,633.0
1783934386.7,710,32624,75,14.0,44.0,198.0
1783934387.3,710,32624,75,17.0,45.0,27.0
1783934387.9,710,32624,75,16.0,45.0,6.0
1783934388.5,710,32624,75,17.0,45.0,67.0
1783934389.1,710,32624,75,15.0,45.0,0.0
1783934389.7,710,32624,75,19.0,45.0,36.0
1783934390.3,710,32624,75,12.0,44.0,0.0
1783934390.9,710,32624,75,12.0,44.0,0.0
1783934391.4,710,32624,75,11.0,44.0,0.0
1783934392.0,710,32624,75,11.0,44.0,0.0
1783934392.6,710,32624,75,11.0,44.0,0.0
1783934393.2,710,32624,75,12.0,44.0,0.0
1783934393.8,710,32624,75,11.0,44.0,0.0
1783934394.4,710,32624,75,12.0,44.0,0.0
1783934395.0,710,32624,75,12.0,44.0,0.0
1783934395.6,710,32624,75,11.0,44.0,0.0
1783934396.2,710,32624,75,12.0,44.0,0.0
1783934396.8,710,32624,75,11.0,44.0,0.0
1783934397.4,710,32624,75,11.0,44.0,0.0
1783934398.0,710,32624,75,12.0,44.0,0.0
1783934398.6,710,32624,75,12.0,44.0,0.0
1783934399.2,710,32624,75,12.0,44.0,0.0
1783934399.7,710,32624,75,11.0,44.0,0.0
1783934400.3,710,32624,75,11.0,44.0,0.0
1783934400.9,710,32624,75,12.0,44.0,0.0
1783934401.5,710,32624,75,11.0,44.0,0.0
1783934402.1,710,32624,75,11.0,44.0,0.0
1783934402.7,710,32624,75,11.0,44.0,0.0
1783934403.3,710,32624,75,11.0,44.0,0.0
1783934403.9,710,32624,75,11.0,44.0,0.0
1783934404.5,710,32624,75,11.0,44.0,0.0
1783934405.1,710,32624,75,11.0,44.0,0.0
1783934405.7,710,32624,75,12.0,44.0,0.0
1783934406.3,710,32624,75,11.0,44.0,0.0
1783934406.9,710,32624,75,11.0,44.0,0.0
1783934407.5,710,32624,75,11.0,44.0,0.0
1783934408.1,710,32624,75,11.0,44.0,0.0
1783934408.6,710,32624,75,12.0,44.0,0.0
1783934409.2,710,32624,75,13.0,44.0,0.0
1783934409.8,710,32624,75,11.0,44.0,0.0
1783934410.4,710,32624,75,11.0,44.0,0.0
1783934411.0,710,32624,75,11.0,44.0,0.0
1783934411.6,710,32624,75,11.0,44.0,0.0
1783934412.2,710,32624,75,12.0,44.0,0.0
1783934412.8,710,32624,75,11.0,44.0,0.0
1783934413.4,710,32624,75,16.0,44.0,0.0
1783934414.0,722,32624,81,11.0,44.0,0.0
1783934414.6,722,32624,81,12.0,43.0,0.0
1783934415.2,722,32624,81,11.0,43.0,0.0
1783934415.8,718,32624,79,11.0,44.0,0.0
1783934416.4,718,32624,79,12.0,43.0,0.0
1783934417.0,718,32624,79,12.0,43.0,0.0
1783934417.5,718,32624,79,11.0,43.0,0.0
1783934418.1,718,32624,79,12.0,43.0,0.0
1783934418.7,718,32624,79,11.0,43.0,0.0
1783934419.3,718,32624,79,11.0,43.0,0.0
1783934419.9,718,32624,79,11.0,43.0,0.0
1783934420.5,718,32624,79,11.0,43.0,0.0
1783934421.1,718,32624,79,11.0,43.0,0.0
1783934421.7,718,32624,79,11.0,43.0,0.0
1783934422.3,718,32624,79,12.0,43.0,0.0
1783934422.9,718,32624,79,12.0,43.0,0.0
1783934423.5,718,32624,79,11.0,43.0,0.0
1783934424.1,718,32624,79,11.0,43.0,0.0
1783934424.7,718,32624,79,12.0,43.0,0.0
1783934425.3,718,32624,79,12.0,43.0,0.0
1783934425.9,718,32624,79,11.0,43.0,0.0
1783934426.5,720,32624,81,11.0,43.0,0.0
1783934427.1,720,32624,81,11.0,43.0,0.0
1783934427.7,720,32624,81,11.0,43.0,0.0
1783934428.3,720,32624,81,11.0,43.0,0.0
1783934428.9,714,32624,79,11.0,43.0,0.0
1783934429.5,714,32624,79,11.0,43.0,0.0
1783934430.1,714,32624,79,11.0,43.0,0.0
1783934430.6,714,32624,79,11.0,43.0,0.0
1783934431.2,714,32624,79,12.0,43.0,0.0
1783934431.8,714,32624,79,11.0,42.0,0.0
1783934432.4,714,32624,79,11.0,42.0,0.0
1783934433.0,714,32624,79,12.0,43.0,0.0
1783934433.6,714,32624,79,11.0,43.0,0.0
1783934434.2,714,32624,79,12.0,43.0,0.0
1783934434.8,714,32624,79,11.0,43.0,0.0
1783934435.4,714,32624,79,12.0,43.0,0.0
1783934436.0,714,32624,79,12.0,43.0,0.0
1783934436.6,714,32624,79,11.0,43.0,0.0
1783934437.2,714,32624,79,11.0,43.0,0.0
1783934437.8,714,32624,79,10.0,43.0,0.0
1783934438.4,714,32624,79,11.0,43.0,0.0
1783934439.0,714,32624,79,13.0,43.0,0.0
1783934439.6,714,32624,79,11.0,43.0,0.0
1783934440.2,714,32624,79,11.0,43.0,0.0
1783934440.8,714,32624,79,12.0,42.0,0.0
1783934441.4,714,32624,79,11.0,42.0,0.0
1783934442.0,714,32624,79,11.0,43.0,0.0
1783934442.6,714,32624,79,11.0,42.0,0.0
1783934443.2,714,32624,79,11.0,42.0,0.0
1783934443.7,714,32624,79,12.0,43.0,0.0
1783934444.3,714,32624,79,12.0,42.0,0.0
1783934444.9,714,32624,79,11.0,42.0,0.0
1783934445.5,714,32624,79,11.0,42.0,0.0
1783934446.1,714,32624,79,12.0,42.0,0.0
1783934446.7,714,32624,79,11.0,42.0,0.0
1783934447.3,714,32624,79,12.0,42.0,0.0
1783934447.9,714,32624,79,11.0,42.0,0.0
1783934448.5,714,32624,79,11.0,42.0,0.0
1783934449.1,714,32624,79,11.0,42.0,0.0
1783934449.7,714,32624,79,11.0,42.0,0.0
1783934450.3,714,32624,79,12.0,42.0,0.0
1783934450.9,714,32624,79,15.0,42.0,18.0
1783934451.5,714,32624,79,17.0,42.0,81.0
1783934452.1,714,32624,79,12.0,42.0,0.0
1783934452.7,714,32624,79,11.0,42.0,0.0
1783934453.3,714,32624,79,12.0,42.0,0.0
1783934453.8,714,32624,79,11.0,42.0,0.0
1783934454.4,714,32624,79,11.0,42.0,0.0
1783934455.0,714,32624,79,11.0,42.0,0.0
1783934455.6,714,32624,79,12.0,42.0,0.0
1783934456.2,714,32624,79,11.0,42.0,0.0
1783934456.8,714,32624,79,11.0,42.0,0.0
1783934457.4,714,32624,79,11.0,42.0,0.0
1783934458.0,714,32624,79,11.0,42.0,0.0
1783934458.6,714,32624,79,11.0,42.0,0.0
1783934459.2,714,32624,79,11.0,42.0,0.0
1783934459.8,714,32624,79,11.0,42.0,0.0
1783934460.4,714,32624,79,11.0,41.0,0.0
1783934461.0,714,32624,79,12.0,41.0,0.0
1783934461.6,714,32624,79,10.0,42.0,0.0
1783934462.2,714,32624,79,10.0,42.0,0.0
1783934462.8,714,32624,79,11.0,42.0,0.0
1783934463.4,714,32624,79,11.0,42.0,0.0
1783934464.0,714,32624,79,11.0,42.0,0.0
1783934464.6,714,32624,79,11.0,42.0,0.0
1783934465.1,714,32624,79,11.0,42.0,0.0
1783934465.7,714,32624,79,11.0,41.0,0.0
1783934466.3,714,32624,79,11.0,41.0,0.0
1783934466.9,714,32624,79,12.0,42.0,0.0
1783934467.5,714,32624,79,11.0,41.0,0.0
1783934468.1,714,32624,79,11.0,41.0,0.0
1783934468.7,714,32624,79,11.0,42.0,0.0
1783934469.3,714,32624,79,11.0,41.0,0.0
1783934469.9,714,32624,79,11.0,41.0,0.0
1783934470.5,714,32624,79,12.0,41.0,0.0
1783934471.1,714,32624,79,12.0,41.0,0.0
1783934471.7,714,32624,79,12.0,41.0,0.0
1783934472.3,714,32624,79,11.0,42.0,0.0
1783934472.9,714,32624,79,11.0,41.0,0.0
1783934473.5,716,32624,79,17.0,41.0,41.0
1783934474.1,716,32624,79,12.0,41.0,0.0
1783934474.7,716,32624,79,11.0,41.0,0.0
1783934475.3,716,32624,79,12.0,41.0,0.0
1783934475.9,715,32624,77,14.0,41.0,0.0
1783934476.5,715,32624,77,12.0,41.0,0.0
1783934477.1,715,32624,77,11.0,41.0,0.0
1783934477.7,715,32624,77,11.0,41.0,0.0
1783934478.3,715,32624,77,12.0,41.0,0.0
1783934478.9,715,32624,77,11.0,41.0,0.0
1783934479.4,715,32624,77,11.0,41.0,0.0
1783934480.0,715,32624,77,11.0,41.0,0.0
1783934480.6,715,32624,77,11.0,42.0,0.0
1783934481.2,715,32624,77,13.0,41.0,0.0
1783934481.8,715,32624,77,12.0,41.0,0.0
1783934482.4,715,32624,77,12.0,41.0,0.0
1783934483.0,715,32624,77,10.0,41.0,0.0
1783934483.6,715,32624,77,12.0,41.0,0.0
1783934484.2,715,32624,77,11.0,41.0,0.0
1783934484.8,715,32624,77,11.0,41.0,0.0
1783934485.4,715,32624,77,11.0,41.0,0.0
1783934486.0,715,32624,77,12.0,41.0,0.0
1783934486.6,715,32624,77,11.0,41.0,0.0
1783934487.2,715,32624,77,10.0,41.0,0.0
1783934487.8,715,32624,77,11.0,41.0,0.0
1783934488.4,715,32624,77,11.0,41.0,0.0
1783934489.0,715,32624,77,11.0,41.0,0.0
1783934489.6,715,32624,77,15.0,41.0,0.0
1783934490.2,715,32624,77,11.0,41.0,0.0
1783934490.8,715,32624,77,11.0,41.0,0.0
1783934491.4,715,32624,77,12.0,41.0,0.0
1783934491.9,715,32624,77,11.0,41.0,0.0
1783934492.5,715,32624,77,11.0,41.0,0.0
1783934493.1,715,32624,77,11.0,41.0,0.0
1783934493.7,715,32624,77,11.0,40.0,0.0
1783934494.3,715,32624,77,11.0,41.0,0.0
1783934494.9,715,32624,77,11.0,41.0,0.0
1783934495.5,715,32624,77,11.0,41.0,0.0
1783934496.1,715,32624,77,12.0,41.0,0.0
1783934496.7,715,32624,77,11.0,41.0,0.0
1783934497.3,715,32624,77,11.0,41.0,0.0
1783934497.9,715,32624,77,10.0,41.0,0.0
1783934498.5,715,32624,77,11.0,41.0,0.0
1783934499.1,715,32624,77,11.0,40.0,0.0
1783934499.7,715,32624,77,11.0,40.0,0.0
1783934500.3,715,32624,77,11.0,40.0,0.0
1783934500.9,715,32624,77,12.0,41.0,0.0
1783934501.5,715,32624,77,11.0,41.0,0.0
1783934502.1,715,32624,77,11.0,40.0,0.0
1783934502.7,715,32624,77,11.0,40.0,0.0
1783934503.3,715,32624,77,11.0,40.0,0.0
1783934503.8,715,32624,77,10.0,40.0,0.0
1783934504.4,715,32624,77,11.0,40.0,0.0
1783934505.0,715,32624,77,11.0,40.0,0.0
1783934505.6,715,32624,77,11.0,40.0,0.0
1783934506.2,715,32624,77,11.0,40.0,0.0
1783934506.8,715,32624,77,10.0,40.0,0.0
1783934507.4,715,32624,77,11.0,40.0,0.0
1783934508.0,715,32624,77,11.0,40.0,0.0
1783934508.6,715,32624,77,12.0,40.0,0.0
1783934509.2,715,32624,77,11.0,40.0,0.0
1783934509.8,715,32624,77,11.0,40.0,0.0
1783934510.4,715,32624,77,11.0,40.0,0.0
1783934511.0,715,32624,77,11.0,40.0,0.0
1783934511.6,715,32624,77,10.0,40.0,0.0
1783934512.2,715,32624,77,11.0,40.0,0.0
1783934512.7,715,32624,77,12.0,40.0,0.0
1783934513.3,715,32624,77,12.0,40.0,0.0
1783934513.9,715,32624,77,11.0,40.0,0.0
1783934514.5,715,32624,77,11.0,40.0,0.0
1783934515.1,715,32624,77,11.0,40.0,0.0
1783934515.7,715,32624,77,12.0,40.0,0.0
1783934516.3,715,32624,77,11.0,40.0,0.0
1783934516.9,715,32624,77,11.0,40.0,0.0
1783934517.5,715,32624,77,14.0,40.0,550.0
1783934518.1,715,32624,77,12.0,40.0,0.0
1783934518.7,715,32624,77,11.0,40.0,0.0
1783934519.3,715,32624,77,12.0,40.0,0.0
1783934519.9,715,32624,77,15.0,40.0,44.0
1783934520.5,715,32624,77,18.0,40.0,32.0
1783934521.1,715,32624,77,12.0,40.0,0.0
1783934521.7,715,32624,77,12.0,39.0,0.0
1783934522.3,715,32624,77,12.0,40.0,0.0
1783934522.9,715,32624,77,11.0,40.0,0.0
1783934523.5,715,32624,77,12.0,40.0,0.0
1783934524.0,715,32624,77,12.0,40.0,0.0
1783934524.6,715,32624,77,11.0,40.0,0.0
1783934525.2,715,32624,77,11.0,39.0,0.0
1783934525.8,715,32624,77,11.0,40.0,0.0
1783934526.4,715,32624,77,10.0,39.0,0.0
1783934527.0,715,32624,77,11.0,39.0,0.0
1783934527.6,715,32624,77,11.0,39.0,0.0
1783934528.2,715,32624,77,10.0,39.0,0.0
1783934528.8,715,32624,77,11.0,40.0,0.0
1783934529.4,715,32624,77,11.0,40.0,0.0
1783934530.0,715,32624,77,11.0,39.0,0.0
1783934530.6,715,32624,77,10.0,39.0,0.0
1783934531.2,715,32624,77,10.0,39.0,0.0
1783934531.8,715,32624,77,11.0,39.0,0.0
1783934532.4,715,32624,77,11.0,40.0,0.0
1783934533.0,715,32624,77,11.0,40.0,0.0
1783934533.6,715,32624,77,11.0,39.0,0.0
1783934534.2,715,32624,77,12.0,39.0,0.0
1783934534.8,715,32624,77,10.0,39.0,0.0
1783934535.4,715,32624,77,10.0,39.0,0.0
1783934536.0,715,32624,77,10.0,39.0,0.0
1783934536.6,715,32624,77,11.0,39.0,0.0
1783934537.2,715,32624,77,10.0,39.0,0.0
1783934537.8,715,32624,77,11.0,39.0,0.0
1783934538.3,711,32624,77,12.0,39.0,0.0
1783934538.9,711,32624,77,11.0,39.0,0.0
1783934539.5,711,32624,77,12.0,39.0,0.0
1783934540.1,711,32624,77,11.0,39.0,0.0
1783934540.7,711,32624,77,11.0,39.0,0.0
1783934541.3,711,32624,77,12.0,38.0,0.0
1783934541.9,711,32624,77,11.0,39.0,0.0
1783934542.5,711,32624,77,11.0,39.0,0.0
1783934543.1,711,32624,77,12.0,39.0,0.0
1783934543.7,711,32624,77,11.0,39.0,0.0
1783934544.3,711,32624,77,11.0,39.0,0.0
1783934544.9,711,32624,77,11.0,39.0,0.0
1783934545.5,711,32624,77,10.0,39.0,0.0
1783934546.1,711,32624,77,11.0,39.0,0.0
1783934546.7,711,32624,77,11.0,39.0,0.0
1783934547.3,711,32624,77,11.0,39.0,0.0
1783934547.9,711,32624,77,11.0,39.0,0.0
1783934548.5,711,32624,77,11.0,39.0,0.0
1783934549.1,711,32624,77,11.0,39.0,0.0
1783934549.7,711,32624,77,10.0,39.0,0.0
1783934550.3,711,32624,77,11.0,39.0,0.0
1783934550.9,711,32624,77,12.0,39.0,0.0
1783934551.5,711,32624,77,11.0,39.0,0.0
1783934552.1,711,32624,77,11.0,38.0,0.0
1783934552.7,711,32624,77,10.0,39.0,0.0
1783934553.3,711,32624,77,11.0,39.0,0.0
1783934553.9,711,32624,77,10.0,39.0,0.0
1783934554.5,711,32624,77,12.0,39.0,0.0
1783934555.1,711,32624,77,11.0,39.0,0.0
1783934555.7,711,32624,77,11.0,39.0,0.0
1783934556.2,711,32624,77,12.0,39.0,0.0
1783934556.8,711,32624,77,11.0,39.0,0.0
1783934557.4,711,32624,77,11.0,39.0,0.0
1783934558.0,711,32624,77,12.0,38.0,0.0
1783934558.6,711,32624,77,11.0,38.0,0.0
1783934559.2,711,32624,77,12.0,39.0,0.0
1783934559.8,711,32624,77,11.0,39.0,0.0
1783934560.4,711,32624,77,12.0,38.0,0.0
1783934561.0,711,32624,77,11.0,38.0,0.0
1783934561.6,711,32624,77,11.0,38.0,0.0
1783934562.2,711,32624,77,12.0,39.0,0.0
1783934562.8,711,32624,77,11.0,39.0,0.0
1783934563.4,711,32624,77,11.0,39.0,0.0
1783934564.0,711,32624,77,11.0,39.0,0.0
1783934564.6,711,32624,77,11.0,38.0,0.0
1783934565.2,711,32624,77,11.0,38.0,0.0
1783934565.8,711,32624,77,11.0,38.0,0.0
1783934566.4,711,32624,77,11.0,38.0,0.0
1783934567.0,711,32624,77,11.0,38.0,0.0
1783934567.6,711,32624,77,11.0,38.0,0.0
1783934568.2,711,32624,77,10.0,38.0,0.0
1783934568.8,711,32624,77,11.0,38.0,0.0
1783934569.4,711,32624,77,11.0,38.0,0.0
1783934570.0,711,32624,77,12.0,38.0,0.0
1783934570.6,711,32624,77,10.0,38.0,0.0
1783934571.2,711,32624,77,11.0,38.0,0.0
1783934571.8,711,32624,77,11.0,38.0,0.0
1783934572.4,711,32624,77,11.0,38.0,0.0
1783934572.9,711,32624,77,10.0,38.0,0.0
1783934573.5,711,32624,77,11.0,38.0,0.0
1783934574.1,711,32624,77,11.0,38.0,0.0
1783934574.7,711,32624,77,10.0,38.0,0.0
1783934575.3,711,32624,77,11.0,38.0,0.0
1783934575.9,711,32624,77,11.0,38.0,0.0
1783934576.5,711,32624,77,11.0,38.0,0.0
1783934577.1,711,32624,77,11.0,38.0,0.0
1783934577.7,711,32624,77,12.0,38.0,0.0
1783934578.3,711,32624,77,11.0,38.0,0.0
1783934578.9,711,32624,77,13.0,38.0,0.0
1783934579.5,711,32624,77,10.0,38.0,0.0
1783934580.1,711,32624,77,11.0,38.0,0.0
1783934580.7,711,32624,77,11.0,38.0,0.0
1783934581.3,711,32624,77,11.0,38.0,0.0
1783934581.9,711,32624,77,11.0,38.0,0.0
1783934582.4,711,32624,77,11.0,38.0,0.0
1783934583.0,711,32624,77,12.0,38.0,0.0
1783934583.6,711,32624,77,12.0,38.0,0.0
1783934584.2,711,32624,77,11.0,38.0,0.0
1783934584.8,711,32624,77,10.0,38.0,0.0
1783934585.4,711,32624,77,12.0,38.0,0.0
1783934586.0,711,32624,77,11.0,38.0,0.0
1783934586.6,711,32624,77,11.0,38.0,0.0
1783934587.2,711,32624,77,11.0,38.0,0.0
1783934587.8,711,32624,77,11.0,38.0,0.0
1783934588.4,711,32624,77,11.0,38.0,0.0
1783934589.0,711,32624,77,11.0,38.0,0.0
1783934589.6,711,32624,77,10.0,38.0,0.0
1783934590.2,711,32624,77,11.0,38.0,0.0
1783934590.8,711,32624,77,10.0,38.0,0.0
1783934591.3,711,32624,77,11.0,38.0,0.0
1783934591.9,711,32624,77,11.0,38.0,0.0
1783934592.5,711,32624,77,11.0,38.0,0.0
1783934593.1,711,32624,77,10.0,38.0,0.0
1783934593.7,711,32624,77,12.0,38.0,0.0
1783934594.3,711,32624,77,11.0,38.0,0.0
1783934594.9,711,32624,77,11.0,38.0,0.0
1783934595.5,711,32624,77,10.0,38.0,0.0
1783934596.1,711,32624,77,14.0,38.0,537.0
1783934596.7,711,32624,77,12.0,38.0,0.0
1783934597.3,711,32624,77,16.0,38.0,126.0
1783934597.9,711,32624,77,17.0,38.0,43.0
1783934598.5,711,32624,77,13.0,38.0,0.0
1783934599.1,711,32624,77,11.0,38.0,0.0
1783934599.7,711,32624,77,11.0,38.0,0.0
1783934600.3,711,32624,77,10.0,38.0,0.0
1783934600.8,711,32624,77,11.0,38.0,0.0
1783934601.4,711,32624,77,11.0,38.0,0.0
1783934602.0,711,32624,77,10.0,38.0,0.0
1783934602.6,711,32624,77,12.0,38.0,0.0
1783934603.2,711,32624,77,10.0,38.0,0.0
1783934603.8,711,32624,77,12.0,38.0,0.0
1783934604.4,711,32624,77,11.0,38.0,0.0
1783934605.0,711,32624,77,12.0,38.0,0.0
1783934605.6,711,32624,77,11.0,38.0,0.0
1783934606.2,711,32624,77,12.0,38.0,0.0
1783934606.8,711,32624,77,11.0,38.0,0.0
1783934607.4,711,32624,77,11.0,38.0,0.0
1783934608.0,711,32624,77,11.0,38.0,0.0
1783934608.6,711,32624,77,11.0,38.0,0.0
1783934609.2,711,32624,77,11.0,37.0,0.0
1783934609.8,711,32624,77,11.0,38.0,0.0
1783934610.3,711,32624,77,10.0,38.0,0.0
1783934610.9,711,32624,77,11.0,38.0,0.0
1783934611.5,711,32624,77,10.0,37.0,0.0
1783934612.1,711,32624,77,11.0,37.0,0.0
1783934612.7,711,32624,77,11.0,37.0,0.0
1783934613.3,711,32624,77,11.0,37.0,0.0
1783934613.9,711,32624,77,11.0,38.0,0.0
1783934614.5,711,32624,77,11.0,37.0,0.0
1783934615.1,711,32624,77,11.0,37.0,0.0
1783934615.7,711,32624,77,12.0,37.0,0.0
1783934616.3,711,32624,77,11.0,37.0,0.0
1783934616.9,711,32624,77,11.0,37.0,0.0
1783934617.5,711,32624,77,12.0,37.0,0.0
1783934618.1,711,32624,77,12.0,37.0,0.0
1783934618.6,711,32624,77,11.0,37.0,0.0
1783934619.2,711,32624,77,11.0,37.0,0.0
1783934619.8,711,32624,77,11.0,37.0,0.0
1783934620.4,711,32624,77,11.0,37.0,0.0
1783934621.0,711,32624,77,12.0,37.0,0.0
1783934621.6,711,32624,77,12.0,37.0,0.0
1783934622.2,711,32624,77,11.0,37.0,0.0
1783934622.8,711,32624,77,11.0,37.0,0.0
1783934623.4,711,32624,77,11.0,37.0,0.0
1783934624.0,711,32624,77,12.0,37.0,0.0
1783934624.6,711,32624,77,11.0,37.0,0.0
1783934625.2,711,32624,77,11.0,37.0,0.0
1783934625.8,711,32624,77,11.0,37.0,0.0
1783934626.4,711,32624,77,11.0,37.0,0.0
1783934627.0,711,32624,77,11.0,37.0,0.0
1783934627.6,711,32624,77,10.0,37.0,0.0
1783934628.2,711,32624,77,10.0,37.0,0.0
1783934628.8,711,32624,77,11.0,37.0,0.0
1783934629.4,711,32624,77,10.0,37.0,0.0
1783934630.0,711,32624,77,10.0,37.0,0.0
1783934630.5,711,32624,77,11.0,37.0,0.0
1783934631.1,711,32624,77,11.0,37.0,0.0
1783934631.7,711,32624,77,12.0,37.0,0.0
1783934632.3,711,32624,77,11.0,37.0,0.0
1783934632.9,711,32624,77,11.0,37.0,0.0
1783934633.5,711,32624,77,11.0,37.0,0.0
1783934634.1,711,32624,77,11.0,37.0,0.0
1783934634.7,711,32624,77,11.0,37.0,0.0
1783934635.3,714,32624,79,11.0,37.0,0.0
1783934635.9,714,32624,79,11.0,37.0,0.0
1783934636.5,714,32624,79,11.0,37.0,0.0
1783934637.1,714,32624,79,11.0,37.0,0.0
1783934637.7,712,32624,77,11.0,37.0,0.0
1783934638.3,712,32624,77,11.0,37.0,0.0
1783934638.9,712,32624,77,11.0,37.0,0.0
1783934639.5,712,32624,77,11.0,37.0,0.0
1783934640.1,712,32624,77,10.0,37.0,0.0
1783934640.7,712,32624,77,10.0,37.0,0.0
1783934641.3,712,32624,77,10.0,37.0,0.0
1783934641.9,712,32624,77,11.0,37.0,0.0
1783934642.5,712,32624,77,12.0,37.0,0.0
1783934643.0,712,32624,77,11.0,37.0,0.0
1783934643.6,712,32624,77,12.0,37.0,0.0
1783934644.2,712,32624,77,12.0,37.0,0.0
1783934644.8,712,32624,77,10.0,37.0,0.0
1783934645.4,712,32624,77,10.0,37.0,0.0
1783934646.0,712,32624,77,11.0,37.0,0.0
1783934646.6,712,32624,77,10.0,37.0,0.0
1783934647.2,712,32624,77,12.0,37.0,0.0
1783934647.8,712,32624,77,10.0,37.0,0.0
1783934648.4,712,32624,77,11.0,37.0,0.0
1783934649.0,712,32624,77,10.0,37.0,0.0
1783934649.6,712,32624,77,11.0,37.0,0.0
1783934650.2,712,32624,77,11.0,37.0,0.0
1783934650.8,712,32624,77,11.0,37.0,0.0
1783934651.4,712,32624,77,11.0,37.0,0.0
1783934652.0,712,32624,77,10.0,37.0,0.0
1783934652.6,712,32624,77,11.0,37.0,0.0
1783934653.2,712,32624,77,10.0,37.0,0.0
1783934653.8,718,32624,81,11.0,37.0,0.0
1783934654.3,718,32624,81,11.0,37.0,0.0
1783934654.9,718,32624,79,22.0,37.0,0.0
1783934655.5,703,32624,79,22.0,37.0,0.0
1783934656.1,703,32624,79,12.0,37.0,0.0
1783934656.7,703,32624,79,11.0,37.0,0.0
1783934657.3,703,32624,79,11.0,37.0,0.0
1783934657.9,703,32624,79,11.0,37.0,0.0
1783934658.5,729,32624,103,23.0,37.0,0.0
1783934659.1,729,32624,77,26.0,37.0,27.0
1783934659.7,733,32624,81,26.0,37.0,41.0
1783934660.3,733,32624,77,16.0,37.0,105.0
1783934660.9,735,32624,79,27.0,37.0,85.0
1783934661.5,733,32624,79,22.0,37.0,0.0
1783934662.1,739,32624,77,12.0,37.0,0.0
1783934662.7,739,32624,77,11.0,37.0,0.0
1783934663.3,739,32624,75,10.0,37.0,0.0
1783934663.8,739,32624,75,10.0,37.0,0.0
1783934664.4,739,32624,75,9.0,37.0,0.0
1783934665.0,739,32624,75,10.0,37.0,0.0
1783934665.6,739,32624,75,10.0,37.0,0.0
1783934666.2,739,32624,75,9.0,37.0,0.0
1783934666.8,739,32624,75,10.0,37.0,0.0
1783934667.4,739,32624,75,10.0,37.0,0.0
1783934668.0,739,32624,75,10.0,37.0,0.0
1783934668.6,739,32624,75,9.0,37.0,0.0
1783934669.2,739,32624,75,10.0,37.0,0.0
1783934669.8,739,32624,75,12.0,37.0,0.0
1783934670.4,739,32624,75,11.0,37.0,0.0
1783934671.0,739,32624,75,10.0,37.0,0.0
1783934671.5,739,32624,75,9.0,37.0,0.0
1783934672.1,739,32624,75,9.0,37.0,0.0
1783934672.7,739,32624,75,9.0,37.0,0.0
1783934673.3,739,32624,75,9.0,37.0,0.0
1783934673.9,739,32624,75,9.0,37.0,0.0
1783934674.5,739,32624,75,10.0,37.0,0.0
1783934675.1,739,32624,75,10.0,37.0,0.0
1783934675.7,739,32624,75,10.0,37.0,0.0
1783934676.3,739,32624,75,10.0,37.0,0.0
1783934676.9,739,32624,75,9.0,37.0,0.0
1783934677.5,739,32624,75,11.0,37.0,0.0
1783934678.1,739,32624,75,10.0,37.0,0.0
1783934678.6,739,32624,75,10.0,37.0,0.0
1783934679.2,739,32624,75,10.0,37.0,0.0
1783934679.8,739,32624,75,10.0,36.0,0.0
1783934680.4,739,32624,75,10.0,36.0,0.0
1783934681.0,739,32624,75,10.0,36.0,0.0
1783934681.6,739,32624,75,10.0,36.0,0.0
1783934682.2,739,32624,75,10.0,36.0,0.0
1783934682.8,739,32624,75,9.0,36.0,0.0
1783934683.4,739,32624,75,9.0,36.0,0.0
1783934684.0,739,32624,75,10.0,36.0,0.0
1783934684.6,739,32624,75,10.0,36.0,0.0
1783934685.2,739,32624,75,10.0,36.0,0.0
1783934685.8,739,32624,75,10.0,36.0,0.0
1783934686.4,739,32624,75,10.0,36.0,0.0
1783934686.9,739,32624,75,10.0,36.0,0.0
1783934687.5,739,32624,75,9.0,36.0,0.0
1783934688.1,739,32624,75,9.0,36.0,0.0
1783934688.7,739,32624,75,9.0,36.0,0.0
1783934689.3,739,32624,75,9.0,36.0,0.0
1783934689.9,739,32624,75,10.0,36.0,0.0
1783934690.5,739,32624,75,9.0,36.0,0.0
1783934691.1,739,32624,75,11.0,36.0,0.0
1783934691.7,739,32624,75,9.0,36.0,0.0
1783934692.3,739,32624,75,10.0,36.0,0.0
1783934692.9,739,32624,75,9.0,36.0,0.0
1783934693.5,739,32624,75,10.0,36.0,0.0
1783934694.0,739,32624,75,10.0,36.0,0.0
1783934694.6,739,32624,75,9.0,36.0,0.0
1783934695.2,731,32624,75,10.0,36.0,0.0
1783934695.8,731,32624,75,10.0,36.0,0.0
1783934696.4,731,32624,75,10.0,36.0,0.0
1783934697.0,731,32624,75,10.0,36.0,0.0
1783934697.6,731,32624,75,10.0,36.0,0.0
1783934698.2,731,32624,75,10.0,36.0,0.0
1783934698.8,731,32624,75,10.0,36.0,0.0
1783934699.4,731,32624,75,10.0,36.0,0.0
1783934700.0,731,32624,75,9.0,36.0,0.0
1783934700.6,731,32624,75,10.0,36.0,0.0
1783934701.1,731,32624,75,10.0,36.0,0.0
1783934701.7,731,32624,75,10.0,36.0,0.0
1783934702.3,731,32624,75,12.0,36.0,0.0
1783934702.9,731,32624,75,10.0,36.0,0.0
1783934703.5,731,32624,75,9.0,36.0,0.0
1783934704.1,731,32624,75,10.0,36.0,0.0
1783934704.7,731,32624,75,10.0,36.0,0.0
1783934705.3,731,32624,75,9.0,36.0,0.0
1783934705.9,731,32624,75,10.0,36.0,0.0
1783934706.5,731,32624,75,9.0,36.0,0.0
1783934707.1,731,32624,75,10.0,36.0,0.0
1783934707.7,731,32624,75,10.0,36.0,0.0
1783934708.3,731,32624,75,9.0,36.0,0.0
1783934708.8,731,32624,75,9.0,36.0,0.0
1783934709.4,731,32624,75,10.0,36.0,0.0
1783934710.0,731,32624,75,9.0,36.0,0.0
1783934710.6,731,32624,75,10.0,36.0,0.0
1783934711.2,731,32624,75,10.0,36.0,0.0
1783934711.8,731,32624,75,10.0,36.0,0.0
1783934712.4,731,32624,75,9.0,36.0,0.0
1783934713.0,731,32624,75,11.0,36.0,0.0
1783934713.6,731,32624,75,9.0,36.0,0.0
1783934714.2,731,32624,75,10.0,36.0,0.0
1783934714.8,731,32624,75,10.0,36.0,0.0
1783934715.4,731,32624,75,9.0,36.0,0.0
1783934716.0,731,32624,75,9.0,36.0,0.0
1783934716.6,731,32624,75,9.0,36.0,0.0
1783934717.1,731,32624,75,11.0,36.0,0.0
1783934717.7,731,32624,75,12.0,36.0,0.0
1783934718.3,731,32624,75,12.0,36.0,0.0
1783934718.9,731,32624,75,9.0,36.0,0.0
1783934719.5,731,32624,75,9.0,36.0,0.0
1783934720.1,731,32624,75,9.0,36.0,0.0
1783934720.7,731,32624,75,10.0,36.0,0.0
1783934721.3,731,32624,75,10.0,36.0,0.0
1783934721.9,731,32624,75,10.0,36.0,0.0
1783934722.5,731,32624,75,10.0,35.0,0.0
1783934723.1,731,32624,75,9.0,35.0,0.0
1783934723.7,731,32624,75,10.0,35.0,0.0
1783934724.3,731,32624,75,9.0,35.0,0.0
1783934724.9,731,32624,75,10.0,35.0,0.0
1783934725.5,731,32624,75,10.0,36.0,0.0
1783934726.1,731,32624,75,11.0,36.0,0.0
1783934726.6,731,32624,75,9.0,35.0,0.0
1783934727.2,731,32624,75,9.0,35.0,0.0
1783934727.8,731,32624,75,10.0,35.0,0.0
1783934728.4,731,32624,75,9.0,35.0,0.0
1783934729.0,731,32624,75,9.0,35.0,0.0
1783934729.6,731,32624,75,10.0,35.0,0.0
1783934730.2,731,32624,75,11.0,35.0,0.0
1783934730.8,731,32624,75,11.0,35.0,0.0
1783934731.4,731,32624,75,9.0,35.0,0.0
1783934732.0,731,32624,75,10.0,35.0,0.0
1783934732.6,731,32624,75,10.0,35.0,0.0
1783934733.2,731,32624,75,10.0,35.0,0.0
1783934733.8,731,32624,75,8.0,35.0,0.0
1783934734.4,731,32624,75,9.0,35.0,0.0
1783934735.0,731,32624,75,10.0,35.0,0.0
1783934735.6,731,32624,75,10.0,35.0,0.0
1783934736.1,731,32624,75,9.0,35.0,0.0
1783934736.7,731,32624,75,10.0,35.0,0.0
1783934737.3,731,32624,75,9.0,35.0,0.0
1783934737.9,731,32624,75,11.0,35.0,0.0
1783934738.5,731,32624,75,9.0,35.0,0.0
1783934739.1,731,32624,75,10.0,35.0,0.0
1783934739.7,731,32624,75,10.0,35.0,0.0
1783934740.3,731,32624,75,10.0,35.0,0.0
1783934740.9,731,32624,75,9.0,35.0,0.0
1783934741.5,731,32624,75,10.0,35.0,0.0
1783934742.1,731,32624,75,10.0,35.0,0.0
1783934742.7,731,32624,75,10.0,35.0,0.0
1783934743.3,731,32624,75,10.0,35.0,0.0
1783934743.9,731,32624,75,9.0,35.0,0.0
1783934744.4,731,32624,75,10.0,35.0,0.0
1783934745.0,731,32624,75,10.0,35.0,0.0
1783934745.6,731,32624,75,10.0,35.0,0.0
1783934746.2,731,32624,75,9.0,35.0,0.0
1783934746.8,731,32624,75,9.0,35.0,0.0
1783934747.4,731,32624,75,10.0,35.0,0.0
1783934748.0,731,32624,75,10.0,35.0,0.0
1783934748.6,731,32624,75,9.0,35.0,0.0
1783934749.2,731,32624,75,9.0,35.0,0.0
1783934749.8,731,32624,75,10.0,35.0,0.0
1783934750.4,731,32624,75,9.0,35.0,0.0
1783934751.0,731,32624,75,9.0,35.0,0.0
1783934751.6,731,32624,75,10.0,35.0,0.0
1783934752.2,731,32624,75,9.0,35.0,0.0
1783934752.8,731,32624,75,9.0,35.0,0.0
1783934753.3,731,32624,75,10.0,35.0,0.0
1783934753.9,731,32624,75,10.0,35.0,0.0
1783934754.5,731,32624,75,9.0,35.0,0.0
1783934755.1,731,32624,75,10.0,35.0,0.0
1783934755.7,731,32624,75,9.0,35.0,0.0
1783934756.3,731,32624,75,10.0,35.0,0.0
1783934756.9,731,32624,75,10.0,35.0,0.0
1783934757.5,731,32624,75,11.0,35.0,0.0
1783934758.1,731,32624,75,11.0,35.0,0.0
1783934758.7,731,32624,75,10.0,35.0,0.0
1783934759.3,731,32624,75,10.0,35.0,0.0
1783934759.9,731,32624,75,9.0,35.0,0.0
1783934760.5,731,32624,75,11.0,35.0,0.0
1783934761.1,731,32624,75,10.0,35.0,0.0
1783934761.6,731,32624,75,9.0,35.0,0.0
1783934762.2,731,32624,75,10.0,35.0,0.0
1783934762.8,731,32624,75,10.0,35.0,0.0
1783934763.4,731,32624,75,10.0,35.0,0.0
1783934764.0,731,32624,75,10.0,35.0,0.0
1783934764.6,731,32624,75,10.0,35.0,0.0
1783934765.2,731,32624,75,10.0,35.0,0.0
1783934765.8,731,32624,75,10.0,35.0,0.0
1783934766.4,731,32624,75,10.0,35.0,0.0
1783934767.0,731,32624,75,10.0,35.0,0.0
1783934767.6,731,32624,75,9.0,35.0,0.0
1783934768.2,731,32624,75,11.0,35.0,0.0
1783934768.8,731,32624,75,10.0,35.0,0.0
1783934769.4,731,32624,75,10.0,35.0,0.0
1783934770.0,731,32624,75,10.0,35.0,0.0
1783934770.6,731,32624,75,9.0,35.0,0.0
1783934771.1,731,32624,75,10.0,35.0,0.0
1783934771.7,731,32624,75,10.0,35.0,0.0
1783934772.3,731,32624,75,10.0,35.0,0.0
1783934772.9,731,32624,75,10.0,35.0,0.0
1783934773.5,731,32624,75,10.0,35.0,0.0
1783934774.1,731,32624,75,9.0,35.0,0.0
1783934774.7,731,32624,75,10.0,35.0,0.0
1783934775.3,731,32624,75,10.0,35.0,0.0
1783934775.9,731,32624,75,10.0,35.0,0.0
1783934776.5,731,32624,75,10.0,35.0,0.0
1783934777.1,731,32624,75,10.0,35.0,0.0
1783934777.7,731,32624,75,10.0,35.0,0.0
1783934778.3,731,32624,75,10.0,35.0,0.0
1783934778.9,742,32624,105,26.0,35.0,1815.0
1783934779.4,742,32624,105,11.0,35.0,0.0
1783934780.0,782,32624,109,10.0,35.0,0.0
1783934780.6,809,32624,111,27.0,35.0,1386.0
1783934781.2,809,32624,111,11.0,35.0,0.0
1783934781.8,788,32624,81,26.0,35.0,0.0
1783934782.4,788,32624,81,9.0,35.0,0.0
1783934783.0,788,32624,81,9.0,35.0,0.0
1783934783.6,788,32624,81,10.0,35.0,0.0
1783934784.2,783,32624,81,9.0,35.0,0.0
1783934784.8,783,32624,81,9.0,35.0,0.0
1783934785.4,783,32624,81,10.0,35.0,0.0
1783934786.0,763,32624,81,9.0,35.0,0.0
1783934786.6,763,32624,81,9.0,34.0,0.0
1783934787.2,763,32624,81,9.0,34.0,0.0
1783934787.8,763,32624,81,10.0,35.0,0.0
1783934788.4,763,32624,81,10.0,35.0,0.0
1783934789.0,763,32624,81,9.0,34.0,0.0
1783934789.5,763,32624,81,11.0,35.0,0.0
1783934790.1,763,32624,81,11.0,35.0,0.0
1783934790.8,763,32624,81,10.0,34.0,0.0
1783934791.4,763,32624,81,10.0,34.0,0.0
1783934791.9,763,32624,81,9.0,35.0,0.0
1783934792.5,763,32624,81,10.0,35.0,0.0
1783934793.1,763,32624,81,9.0,34.0,0.0
1783934793.7,763,32624,81,10.0,35.0,0.0
1783934794.4,763,32624,81,10.0,34.0,0.0
1783934795.0,763,32624,81,10.0,35.0,0.0
1783934795.6,763,32624,81,10.0,35.0,0.0
1783934796.1,763,32624,81,10.0,34.0,0.0
1783934796.7,763,32624,81,10.0,34.0,0.0
1783934797.3,763,32624,81,9.0,34.0,0.0
1783934797.9,763,32624,81,9.0,34.0,0.0
1783934798.5,763,32624,81,10.0,35.0,0.0
1783934799.1,763,32624,81,9.0,34.0,0.0
1783934799.7,763,32624,81,10.0,34.0,0.0
1783934800.3,763,32624,81,10.0,34.0,0.0
1783934800.9,763,32624,81,9.0,34.0,0.0
1783934801.5,763,32624,81,10.0,34.0,0.0
1783934802.1,763,32624,81,9.0,34.0,0.0
1783934802.7,763,32624,81,9.0,34.0,0.0
1783934803.3,763,32624,81,11.0,35.0,0.0
1783934803.9,763,32624,81,10.0,34.0,0.0
1783934804.5,763,32624,81,10.0,34.0,0.0
1783934805.0,763,32624,81,11.0,34.0,0.0
1783934805.6,763,32624,81,9.0,34.0,0.0
1783934806.2,763,32624,81,9.0,34.0,0.0
1783934806.8,763,32624,81,9.0,34.0,0.0
1783934807.4,763,32624,81,9.0,34.0,0.0
1783934808.0,763,32624,81,9.0,34.0,0.0
1783934808.6,754,32624,81,10.0,34.0,0.0
1783934809.2,754,32624,81,9.0,34.0,0.0
1783934809.8,754,32624,81,12.0,34.0,0.0
1783934810.4,754,32624,81,10.0,34.0,0.0
1783934811.0,754,32624,81,10.0,34.0,0.0
1783934811.6,754,32624,81,9.0,34.0,0.0
1783934812.2,754,32624,81,10.0,34.0,0.0
1783934812.8,754,32624,81,9.0,34.0,0.0
1783934813.4,754,32624,81,9.0,34.0,0.0
1783934814.0,754,32624,81,10.0,34.0,0.0
1783934814.6,754,32624,81,9.0,34.0,0.0
1783934815.2,754,32624,81,9.0,34.0,0.0
1783934815.8,754,32624,81,10.0,34.0,0.0
1783934816.3,754,32624,81,10.0,34.0,0.0
1783934816.9,754,32624,81,10.0,34.0,0.0
1783934817.5,754,32624,81,10.0,34.0,0.0
1783934818.1,754,32624,81,9.0,34.0,0.0
1783934818.7,754,32624,81,10.0,34.0,0.0
1783934819.3,754,32624,81,9.0,34.0,0.0
1783934819.9,754,32624,81,10.0,34.0,0.0
1783934820.5,754,32624,81,11.0,34.0,0.0
1783934821.1,754,32624,81,12.0,34.0,0.0
1783934821.7,754,32624,81,10.0,34.0,0.0
1783934822.3,754,32624,81,10.0,34.0,0.0
1783934822.9,754,32624,81,9.0,34.0,0.0
1783934823.5,754,32624,81,10.0,34.0,0.0
1783934824.1,754,32624,81,9.0,34.0,0.0
1783934824.7,754,32624,81,9.0,34.0,0.0
1783934825.3,754,32624,81,9.0,34.0,0.0
1783934825.8,754,32624,81,10.0,34.0,0.0
1783934826.4,754,32624,81,9.0,34.0,0.0
1783934827.0,754,32624,81,9.0,34.0,0.0
1783934827.6,754,32624,81,10.0,34.0,0.0
1783934828.2,754,32624,81,9.0,34.0,0.0
1783934828.8,754,32624,81,9.0,34.0,0.0
1783934829.4,754,32624,81,9.0,34.0,0.0
1783934830.0,754,32624,81,10.0,34.0,0.0
1783934830.6,754,32624,81,9.0,34.0,0.0
1783934831.2,754,32624,81,11.0,34.0,0.0
1783934831.8,754,32624,81,10.0,34.0,0.0
1783934832.4,754,32624,81,10.0,34.0,0.0
1783934833.0,754,32624,81,10.0,34.0,0.0
1783934833.6,753,32624,87,11.0,34.0,0.0
1783934834.2,753,32624,87,10.0,34.0,0.0
1783934834.8,753,32624,87,9.0,34.0,0.0
1783934835.4,753,32624,87,9.0,34.0,0.0
1783934836.0,753,32624,87,10.0,34.0,0.0
1783934836.5,753,32624,87,10.0,34.0,0.0
1783934837.1,753,32624,87,11.0,34.0,0.0
1783934837.7,753,32624,87,12.0,34.0,0.0
1783934838.3,753,32624,87,10.0,34.0,0.0
1783934838.9,743,32624,77,10.0,34.0,0.0
1783934839.5,743,32624,77,10.0,34.0,0.0
1783934840.1,743,32624,77,9.0,34.0,0.0
1783934840.7,743,32624,77,9.0,34.0,0.0
1783934841.3,743,32624,77,10.0,34.0,0.0
1783934841.9,743,32624,77,10.0,34.0,0.0
1783934842.5,743,32624,77,10.0,34.0,0.0
1783934843.0,743,32624,77,10.0,34.0,0.0
1783934843.6,743,32624,77,10.0,34.0,0.0
1783934844.2,743,32624,77,10.0,34.0,0.0
1783934844.8,743,32624,77,9.0,34.0,0.0
1783934845.4,743,32624,77,9.0,34.0,0.0
1783934846.0,743,32624,77,10.0,34.0,0.0
1783934846.6,743,32624,77,10.0,34.0,0.0
1783934847.2,743,32624,77,10.0,34.0,0.0
1783934847.8,743,32624,77,9.0,34.0,0.0
1783934848.4,743,32624,77,10.0,34.0,0.0
1783934849.0,743,32624,77,10.0,34.0,0.0
1783934849.6,743,32624,77,9.0,34.0,0.0
1783934850.1,743,32624,77,10.0,34.0,0.0
1783934850.7,743,32624,77,10.0,34.0,0.0
1783934851.3,743,32624,77,9.0,34.0,0.0
1783934851.9,743,32624,77,9.0,34.0,0.0
1783934852.5,743,32624,77,9.0,34.0,0.0
1783934853.1,743,32624,77,10.0,34.0,0.0
1783934853.7,743,32624,77,12.0,34.0,0.0
1783934854.3,743,32624,77,10.0,34.0,0.0
1783934854.9,743,32624,77,10.0,34.0,0.0
1783934855.5,743,32624,77,9.0,34.0,0.0
1783934856.1,743,32624,77,11.0,34.0,0.0
1783934856.7,743,32624,77,10.0,34.0,0.0
1783934857.2,743,32624,77,9.0,34.0,0.0
1783934857.8,743,32624,77,9.0,34.0,0.0
1783934858.4,743,32624,77,10.0,34.0,0.0
1783934859.0,743,32624,77,9.0,34.0,0.0
1783934859.6,743,32624,77,10.0,34.0,0.0
1783934860.2,743,32624,77,10.0,34.0,0.0
1783934860.8,743,32624,77,9.0,34.0,0.0
1783934861.4,743,32624,77,13.0,34.0,247.0
1783934862.0,743,32624,77,11.0,34.0,0.0
1783934862.6,743,32624,77,10.0,34.0,0.0
1783934863.1,743,32624,77,9.0,34.0,0.0
1783934863.7,743,32624,77,10.0,34.0,0.0
1783934864.3,743,32624,77,10.0,34.0,0.0
1783934864.9,743,32624,77,10.0,34.0,0.0
1783934865.5,743,32624,77,10.0,34.0,0.0
1783934866.1,743,32624,77,10.0,34.0,0.0
1783934866.7,743,32624,77,9.0,34.0,0.0
1783934867.3,743,32624,77,10.0,34.0,0.0
1783934867.9,743,32624,77,10.0,34.0,0.0
1783934868.5,743,32624,77,10.0,34.0,0.0
1783934869.1,743,32624,77,10.0,34.0,0.0
1783934869.6,743,32624,77,10.0,34.0,0.0
1783934870.2,743,32624,77,9.0,34.0,0.0
1783934870.8,743,32624,77,10.0,34.0,0.0
1783934871.4,743,32624,77,10.0,34.0,0.0
1783934872.0,743,32624,77,10.0,34.0,0.0
1783934872.6,743,32624,77,10.0,34.0,0.0
1783934873.2,743,32624,77,9.0,34.0,0.0
1783934873.8,743,32624,77,10.0,34.0,0.0
1783934874.4,743,32624,77,9.0,34.0,0.0
1783934875.0,743,32624,77,10.0,34.0,0.0
1783934875.5,743,32624,77,10.0,34.0,0.0
1783934876.1,743,32624,77,10.0,34.0,0.0
1783934876.7,743,32624,77,9.0,34.0,0.0
1783934877.3,743,32624,77,11.0,34.0,0.0
1783934877.9,743,32624,77,12.0,34.0,0.0
1783934878.5,743,32624,77,9.0,34.0,0.0
1783934879.1,743,32624,77,9.0,34.0,0.0
1783934879.7,743,32624,77,10.0,34.0,0.0
1783934880.3,743,32624,77,11.0,34.0,0.0
1783934880.9,743,32624,77,11.0,34.0,0.0
1783934881.5,743,32624,77,11.0,34.0,0.0
1783934882.1,743,32624,77,10.0,33.0,0.0
1783934882.6,743,32624,77,9.0,34.0,0.0
1783934883.2,743,32624,77,10.0,34.0,0.0
1783934883.8,743,32624,77,9.0,34.0,0.0
1783934884.4,743,32624,77,10.0,34.0,0.0
1783934885.0,743,32624,77,9.0,34.0,0.0
1783934885.6,743,32624,77,11.0,34.0,0.0
1783934886.2,743,32624,77,10.0,34.0,0.0
1783934886.8,743,32624,77,10.0,34.0,0.0
1783934887.4,743,32624,77,9.0,34.0,0.0
1783934888.0,743,32624,77,10.0,34.0,0.0
1783934888.6,743,32624,77,10.0,34.0,0.0
1783934889.2,743,32624,77,10.0,33.0,0.0
1783934889.8,743,32624,77,9.0,33.0,0.0
1783934890.3,743,32624,77,10.0,33.0,0.0
1783934890.9,743,32624,77,9.0,34.0,0.0
1783934891.5,743,32624,81,10.0,33.0,0.0
1783934892.1,743,32624,81,11.0,34.0,0.0
1783934892.7,743,32624,81,10.0,34.0,0.0
1783934893.3,743,32624,79,9.0,33.0,0.0
1783934893.9,745,32624,83,11.0,34.0,0.0
1783934894.5,745,32624,83,9.0,34.0,0.0
1783934895.1,745,32624,83,10.0,34.0,0.0
1783934895.7,741,32624,79,9.0,33.0,0.0
1783934896.3,741,32624,79,10.0,34.0,0.0
1783934896.9,741,32624,79,10.0,34.0,0.0
1783934897.5,741,32624,79,9.0,33.0,0.0
1783934898.1,741,32624,79,10.0,34.0,0.0
1783934898.7,741,32624,79,9.0,33.0,0.0
1783934899.3,741,32624,79,10.0,33.0,0.0
1783934899.9,741,32624,79,11.0,33.0,0.0
1783934900.4,741,32624,79,10.0,34.0,0.0
1783934901.0,741,32624,79,10.0,33.0,0.0
1783934901.6,741,32624,79,9.0,33.0,0.0
1783934902.2,741,32624,79,10.0,33.0,0.0
1783934902.8,741,32624,79,9.0,34.0,0.0
1783934903.4,741,32624,79,11.0,34.0,0.0
1783934904.0,741,32624,79,10.0,33.0,0.0
1783934904.6,741,32624,79,10.0,33.0,0.0
1783934905.2,741,32624,79,11.0,34.0,0.0
1783934905.8,741,32624,79,10.0,34.0,0.0
1783934906.4,741,32624,79,10.0,33.0,0.0
1783934907.0,741,32624,79,9.0,34.0,0.0
1783934907.6,741,32624,79,10.0,33.0,0.0
1783934908.2,741,32624,79,10.0,33.0,0.0
1783934908.8,741,32624,79,9.0,33.0,0.0
1783934909.4,741,32624,79,10.0,33.0,0.0
1783934910.0,741,32624,79,10.0,33.0,0.0
1783934910.6,741,32624,79,9.0,33.0,0.0
1783934911.2,741,32624,79,9.0,33.0,0.0
1783934911.7,741,32624,79,10.0,34.0,0.0
1783934912.3,741,32624,79,9.0,33.0,0.0
1783934912.9,741,32624,79,9.0,33.0,0.0
1783934913.5,741,32624,79,10.0,33.0,0.0
1783934914.1,741,32624,79,10.0,33.0,0.0
1783934914.7,741,32624,79,9.0,33.0,0.0
1783934915.3,741,32624,79,10.0,33.0,0.0
1783934915.9,741,32624,79,9.0,33.0,0.0
1783934916.5,741,32624,79,10.0,33.0,0.0
1783934917.1,741,32624,79,10.0,33.0,0.0
1783934917.7,741,32624,79,10.0,33.0,0.0
1783934918.3,741,32624,79,9.0,33.0,0.0
1783934918.9,741,32624,79,10.0,33.0,0.0
1783934919.5,741,32624,79,9.0,33.0,0.0
1783934920.1,741,32624,79,9.0,33.0,0.0
1783934920.6,741,32624,79,9.0,33.0,0.0
1783934921.2,741,32624,79,10.0,33.0,0.0
1783934921.8,741,32624,79,10.0,34.0,0.0
1783934922.4,741,32624,79,10.0,33.0,0.0
1783934923.0,741,32624,79,9.0,33.0,0.0
1783934923.6,741,32624,79,9.0,33.0,0.0
1783934924.2,741,32624,79,10.0,33.0,0.0
1783934924.8,741,32624,79,9.0,33.0,0.0
1783934925.4,741,32624,79,10.0,33.0,0.0
1783934926.0,741,32624,79,9.0,33.0,0.0
1783934926.6,741,32624,79,9.0,33.0,0.0
1783934927.2,741,32624,79,10.0,33.0,0.0
1783934927.8,741,32624,79,10.0,33.0,0.0
1783934928.4,741,32624,79,10.0,33.0,0.0
1783934928.9,741,32624,79,10.0,33.0,0.0
1783934929.5,741,32624,79,10.0,33.0,0.0
1783934930.1,741,32624,79,9.0,33.0,0.0
1783934930.7,741,32624,79,10.0,33.0,0.0
1783934931.3,741,32624,79,10.0,33.0,0.0
1783934931.9,741,32624,79,10.0,33.0,0.0
1783934932.5,741,32624,79,10.0,33.0,0.0
1783934933.1,741,32624,79,9.0,33.0,0.0
1783934933.7,741,32624,79,10.0,33.0,0.0
1783934934.3,741,32624,79,10.0,33.0,0.0
1783934934.9,741,32624,79,10.0,33.0,0.0
1783934935.5,741,32624,79,10.0,33.0,0.0
1783934936.1,741,32624,79,10.0,33.0,0.0
1783934936.7,741,32624,79,9.0,33.0,0.0
1783934937.2,741,32624,79,11.0,33.0,0.0
1783934937.8,741,32624,79,10.0,33.0,0.0
1783934938.4,741,32624,79,10.0,33.0,0.0
1783934939.0,741,32624,79,10.0,33.0,0.0
1783934939.6,741,32624,79,10.0,33.0,0.0
1783934940.2,741,32624,79,10.0,33.0,0.0
1783934940.8,741,32624,79,10.0,33.0,0.0
1783934941.4,741,32624,79,11.0,33.0,0.0
1783934942.0,741,32624,79,11.0,33.0,0.0
1783934942.6,741,32624,79,9.0,33.0,0.0
1783934943.2,741,32624,79,10.0,33.0,0.0
1783934943.8,741,32624,79,10.0,33.0,0.0
1783934944.3,741,32624,79,10.0,33.0,0.0
1783934944.9,741,32624,79,10.0,33.0,0.0
1783934945.5,741,32624,79,10.0,33.0,0.0
1783934946.1,741,32624,79,9.0,33.0,0.0
1783934946.7,741,32624,79,9.0,33.0,0.0
1783934947.3,741,32624,79,10.0,33.0,0.0
1783934947.9,741,32624,79,10.0,33.0,0.0
1783934948.5,741,32624,79,9.0,33.0,0.0
1783934949.1,741,32624,79,10.0,33.0,0.0
1783934949.7,741,32624,79,9.0,33.0,0.0
1783934950.3,741,32624,79,10.0,33.0,0.0
1783934950.9,741,32624,79,10.0,33.0,0.0
1783934951.4,741,32624,79,9.0,33.0,0.0
1783934952.0,741,32624,79,10.0,33.0,0.0
1783934952.6,741,32624,79,10.0,33.0,0.0
1783934953.2,741,32624,79,11.0,33.0,0.0
1783934953.8,741,32624,79,9.0,33.0,0.0
1783934954.4,741,32624,79,9.0,33.0,0.0
1783934955.0,741,32624,79,10.0,33.0,0.0
1783934955.6,741,32624,79,10.0,33.0,0.0
1783934956.2,741,32624,79,9.0,33.0,0.0
1783934956.8,741,32624,79,9.0,33.0,0.0
1783934957.4,741,32624,79,11.0,33.0,0.0
1783934958.0,741,32624,79,10.0,33.0,0.0
1783934958.6,741,32624,79,9.0,33.0,0.0
1783934959.2,741,32624,79,10.0,33.0,0.0
1783934959.8,741,32624,79,10.0,33.0,0.0
1783934960.3,741,32624,79,9.0,33.0,0.0
1783934960.9,741,32624,79,9.0,33.0,0.0
1783934961.5,741,32624,79,10.0,33.0,0.0
1783934962.1,741,32624,79,10.0,33.0,0.0
1783934962.7,741,32624,79,9.0,33.0,0.0
1783934963.3,741,32624,79,9.0,33.0,0.0
1783934963.9,741,32624,79,10.0,33.0,0.0
1783934964.5,741,32624,79,11.0,33.0,0.0
1783934965.1,741,32624,79,11.0,33.0,0.0
1783934965.7,741,32624,79,10.0,33.0,0.0
1783934966.3,741,32624,79,9.0,33.0,0.0
1783934966.9,741,32624,79,10.0,33.0,0.0
1783934967.5,741,32624,79,10.0,33.0,0.0
1783934968.1,741,32624,79,9.0,33.0,0.0
1783934968.7,741,32624,79,10.0,33.0,0.0
1783934969.3,741,32624,79,9.0,33.0,0.0
1783934969.9,741,32624,79,9.0,33.0,0.0
1783934970.4,741,32624,79,10.0,33.0,0.0
1783934971.0,741,32624,79,11.0,33.0,0.0
1783934971.6,741,32624,79,9.0,33.0,0.0
1783934972.2,741,32624,79,10.0,33.0,0.0
1783934972.8,741,32624,79,10.0,33.0,0.0
1783934973.4,741,32624,79,9.0,33.0,0.0
1783934974.0,741,32624,79,10.0,33.0,0.0
1783934974.6,741,32624,79,9.0,33.0,0.0
1783934975.2,741,32624,79,10.0,33.0,0.0
1783934975.8,741,32624,79,10.0,33.0,0.0
1783934976.4,741,32624,79,10.0,33.0,0.0
1783934977.0,741,32624,79,10.0,33.0,0.0
1783934977.6,741,32624,79,10.0,33.0,0.0
1783934978.2,741,32624,79,10.0,33.0,0.0
1783934978.8,741,32624,79,9.0,33.0,0.0
1783934979.4,741,32624,79,10.0,33.0,0.0
1783934980.0,741,32624,79,10.0,33.0,0.0
1783934980.5,741,32624,79,9.0,33.0,0.0
1783934981.1,741,32624,79,10.0,33.0,0.0
1783934981.7,741,32624,79,10.0,33.0,0.0
1783934982.3,741,32624,79,9.0,33.0,0.0
1783934982.9,741,32624,79,10.0,33.0,0.0
1783934983.5,741,32624,79,9.0,33.0,0.0
1783934984.1,741,32624,79,9.0,33.0,0.0
1783934984.7,741,32624,79,10.0,33.0,0.0
1783934985.3,741,32624,79,9.0,33.0,0.0
1783934985.9,741,32624,79,10.0,33.0,0.0
1783934986.5,741,32624,79,10.0,33.0,0.0
1783934987.1,741,32624,79,10.0,33.0,0.0
1783934987.7,741,32624,79,10.0,33.0,0.0
1783934988.3,741,32624,79,10.0,33.0,0.0
1783934988.9,741,32624,79,10.0,33.0,0.0
1783934989.5,741,32624,79,9.0,33.0,0.0
1783934990.1,741,32624,79,10.0,33.0,0.0
1783934990.7,778,32624,103,27.0,33.0,952.0
1783934991.3,778,32624,79,12.0,33.0,0.0
1783934991.9,778,32624,79,12.0,33.0,0.0
1783934992.5,780,32624,79,11.0,33.0,0.0
1783934993.0,780,32624,79,10.0,33.0,0.0
1783934993.6,780,32624,79,25.0,33.0,8.0
1783934994.2,782,32624,95,12.0,33.0,0.0
1783934994.8,782,32624,95,11.0,33.0,0.0
1783934995.4,782,32624,95,10.0,33.0,0.0
1783934996.0,782,32624,95,9.0,33.0,0.0
1783934996.6,782,32624,95,10.0,33.0,0.0
1783934997.2,782,32624,95,9.0,33.0,0.0
1783934997.8,782,32624,95,9.0,33.0,0.0
1783934998.4,782,32624,83,10.0,33.0,0.0
1783934999.0,766,32624,83,9.0,33.0,0.0
1783934999.6,766,32624,83,10.0,33.0,0.0
1783935000.2,766,32624,83,11.0,33.0,0.0
1783935000.8,766,32624,83,11.0,33.0,0.0
1783935001.4,766,32624,83,9.0,33.0,0.0
1783935002.0,766,32624,83,9.0,33.0,0.0
1783935002.6,766,32624,83,10.0,33.0,0.0
1783935003.2,766,32624,83,10.0,33.0,0.0
1783935003.8,766,32624,83,10.0,33.0,0.0
1783935004.3,766,32624,83,10.0,33.0,0.0
1783935004.9,766,32624,83,9.0,33.0,0.0
1783935005.5,766,32624,83,10.0,33.0,0.0
1783935006.1,766,32624,83,12.0,33.0,0.0
1783935006.7,766,32624,83,10.0,33.0,0.0
1783935007.3,766,32624,83,11.0,33.0,0.0
1783935007.9,766,32624,83,10.0,33.0,0.0
1783935008.5,766,32624,83,9.0,33.0,0.0
1783935009.1,766,32624,83,10.0,33.0,0.0
1783935009.7,766,32624,83,10.0,33.0,0.0
1783935010.3,766,32624,83,10.0,33.0,0.0
1783935010.9,766,32624,83,9.0,33.0,0.0
1783935011.5,766,32624,83,10.0,33.0,0.0
1783935012.1,766,32624,83,9.0,33.0,0.0
1783935012.7,766,32624,83,9.0,33.0,0.0
1783935013.2,766,32624,83,9.0,33.0,0.0
1783935013.8,766,32624,83,11.0,33.0,0.0
1783935014.4,766,32624,83,10.0,33.0,0.0
1783935015.0,766,32624,83,10.0,33.0,0.0
1783935015.6,766,32624,83,9.0,33.0,0.0
1783935016.2,766,32624,83,10.0,33.0,0.0
1783935016.8,766,32624,83,9.0,33.0,0.0
1783935017.4,766,32624,83,9.0,33.0,0.0
1783935018.0,766,32624,83,10.0,33.0,0.0
1783935018.6,766,32624,83,9.0,33.0,0.0
1783935019.2,766,32624,83,10.0,33.0,0.0
1783935019.8,766,32624,83,10.0,33.0,0.0
1783935020.4,766,32624,83,9.0,33.0,0.0
1783935021.0,766,32624,83,10.0,33.0,0.0
1783935021.6,766,32624,83,11.0,33.0,0.0
1783935022.2,766,32624,83,10.0,33.0,0.0
1783935022.7,766,32624,83,10.0,32.0,0.0
1783935023.3,766,32624,83,9.0,33.0,0.0
1783935024.0,766,32624,83,9.0,33.0,0.0
1783935024.5,766,32624,83,10.0,33.0,0.0
1783935025.1,766,32624,83,9.0,33.0,0.0
1783935025.7,766,32624,83,10.0,33.0,0.0
1783935026.3,766,32624,83,9.0,33.0,0.0
1783935026.9,766,32624,83,10.0,33.0,0.0
1783935027.5,766,32624,83,10.0,33.0,0.0
1783935028.1,766,32624,83,10.0,33.0,0.0
1783935028.7,766,32624,83,9.0,33.0,0.0
1783935029.3,766,32624,83,11.0,33.0,0.0
1783935029.9,766,32624,83,10.0,33.0,0.0
1783935030.5,766,32624,83,9.0,33.0,0.0
1783935031.1,766,32624,83,10.0,33.0,0.0
1783935031.7,766,32624,83,9.0,33.0,0.0
1783935032.3,766,32624,83,9.0,33.0,0.0
1783935032.8,766,32624,83,9.0,33.0,0.0
1783935033.4,766,32624,83,10.0,33.0,0.0
1783935034.0,766,32624,83,10.0,33.0,0.0
1783935034.6,766,32624,83,9.0,33.0,0.0
1783935035.2,766,32624,83,9.0,33.0,0.0
1783935035.8,766,32624,83,9.0,33.0,0.0
1783935036.4,766,32624,83,9.0,33.0,0.0
1783935037.0,766,32624,83,10.0,33.0,0.0
1783935037.6,766,32624,83,9.0,33.0,0.0
1783935038.2,766,32624,83,11.0,33.0,0.0
1783935038.8,766,32624,83,10.0,33.0,0.0
1783935039.4,766,32624,83,10.0,33.0,0.0
1783935040.0,766,32624,83,9.0,33.0,0.0
1783935040.6,766,32624,83,10.0,33.0,0.0
1783935041.1,766,32624,83,9.0,33.0,0.0
1783935041.7,766,32624,83,9.0,33.0,0.0
1783935042.3,766,32624,83,10.0,33.0,0.0
1783935042.9,766,32624,83,9.0,33.0,0.0
1783935043.5,766,32624,83,10.0,33.0,0.0
1783935044.1,766,32624,83,10.0,33.0,0.0
1783935044.7,766,32624,83,11.0,33.0,0.0
1783935045.3,766,32624,83,9.0,33.0,0.0
1783935045.9,766,32624,83,10.0,33.0,0.0
1783935046.5,766,32624,83,9.0,33.0,0.0
1783935047.1,766,32624,83,9.0,33.0,0.0
1783935047.7,766,32624,83,9.0,33.0,0.0
1783935048.3,766,32624,83,9.0,33.0,0.0
1783935048.9,766,32624,83,10.0,33.0,0.0
1783935049.4,766,32624,83,10.0,33.0,0.0
1783935050.0,766,32624,83,10.0,33.0,0.0
1783935050.6,764,32624,83,10.0,33.0,0.0
1783935051.2,764,32624,83,9.0,33.0,0.0
1783935051.8,764,32624,83,10.0,33.0,0.0
1783935052.4,764,32624,83,9.0,33.0,0.0
1783935053.0,764,32624,83,11.0,33.0,0.0
1783935053.6,764,32624,83,11.0,33.0,0.0
1783935054.2,764,32624,83,12.0,33.0,0.0
1783935054.8,764,32624,83,9.0,33.0,0.0
1783935055.4,764,32624,83,11.0,33.0,0.0
1783935056.0,764,32624,83,10.0,33.0,0.0
1783935056.6,764,32624,83,10.0,33.0,0.0
1783935057.2,764,32624,83,10.0,33.0,0.0
1783935057.8,764,32624,83,9.0,33.0,0.0
1783935058.3,764,32624,83,11.0,33.0,0.0
1783935058.9,764,32624,83,10.0,33.0,0.0
1783935059.5,764,32624,83,9.0,33.0,0.0
1783935060.1,764,32624,83,11.0,33.0,0.0
1783935060.7,764,32624,83,12.0,33.0,0.0
1783935061.3,764,32624,83,10.0,33.0,0.0
1783935061.9,764,32624,83,11.0,33.0,0.0
1783935062.5,764,32624,83,9.0,33.0,0.0
1783935063.1,764,32624,83,10.0,32.0,0.0
1783935063.7,764,32624,83,9.0,33.0,0.0
1783935064.3,764,32624,83,10.0,33.0,0.0
1783935064.9,764,32624,83,10.0,33.0,0.0
1783935065.5,764,32624,83,10.0,33.0,0.0
1783935066.1,764,32624,83,10.0,33.0,0.0
1783935066.7,764,32624,83,10.0,33.0,0.0
1783935067.2,764,32624,83,10.0,33.0,0.0
1783935067.8,764,32624,83,10.0,33.0,0.0
1783935068.4,764,32624,83,9.0,33.0,0.0
1783935069.0,764,32624,83,10.0,33.0,0.0
1783935069.6,764,32624,83,11.0,33.0,0.0
1783935070.2,764,32624,83,10.0,33.0,0.0
1783935070.8,764,32624,83,10.0,33.0,0.0
1783935071.4,764,32624,83,9.0,32.0,0.0
1783935072.0,764,32624,83,10.0,33.0,0.0
1783935072.6,764,32624,83,10.0,33.0,0.0
1783935073.2,764,32624,83,9.0,33.0,0.0
1783935073.8,754,32624,85,11.0,33.0,0.0
1783935074.4,754,32624,85,11.0,33.0,0.0
1783935074.9,754,32624,85,9.0,33.0,0.0
1783935075.5,744,32624,81,10.0,32.0,0.0
1783935076.1,744,32624,81,10.0,33.0,0.0
1783935076.7,744,32624,81,10.0,33.0,0.0
1783935077.3,744,32624,81,10.0,33.0,0.0
1783935077.9,744,32624,81,9.0,32.0,0.0
1783935078.5,744,32624,81,10.0,33.0,0.0
1783935079.1,744,32624,81,9.0,32.0,0.0
1783935079.7,744,32624,81,9.0,33.0,0.0
1783935080.3,744,32624,81,10.0,32.0,0.0
1783935080.9,744,32624,81,10.0,32.0,0.0
1783935081.5,744,32624,81,11.0,33.0,0.0
1783935082.1,744,32624,81,10.0,33.0,0.0
1783935082.7,744,32624,81,10.0,33.0,0.0
1783935083.3,744,32624,81,11.0,33.0,0.0
1783935083.8,744,32624,81,9.0,32.0,0.0
1783935084.4,744,32624,81,9.0,33.0,0.0
1783935085.0,744,32624,81,10.0,33.0,0.0
1783935085.6,744,32624,81,11.0,33.0,0.0
1783935086.2,744,32624,81,10.0,33.0,0.0
1783935086.8,744,32624,81,9.0,32.0,0.0
1783935087.4,744,32624,81,9.0,32.0,0.0
1783935088.0,744,32624,81,9.0,32.0,0.0
1783935088.6,744,32624,81,11.0,33.0,0.0
1783935089.2,744,32624,81,10.0,32.0,0.0
1783935089.8,744,32624,81,9.0,32.0,0.0
1783935090.4,744,32624,81,11.0,32.0,0.0
1783935091.0,744,32624,81,10.0,32.0,0.0
1783935091.6,744,32624,81,9.0,32.0,0.0
1783935092.2,744,32624,81,9.0,32.0,0.0
1783935092.8,744,32624,81,9.0,32.0,0.0
1783935093.4,744,32624,81,9.0,33.0,0.0
1783935094.0,755,32624,107,26.0,33.0,78.0
1783935094.5,748,32624,99,28.0,33.0,229.0
1783935095.1,758,32624,93,14.0,33.0,8.0
1783935095.7,758,32624,93,12.0,33.0,0.0
1783935096.3,762,32624,90,15.0,33.0,63.0
1783935096.9,762,32624,90,11.0,33.0,0.0
1783935097.5,762,32624,90,11.0,33.0,0.0
1783935098.1,762,32624,90,11.0,33.0,0.0
1783935098.7,762,32624,90,10.0,33.0,0.0
1783935099.3,762,32624,90,13.0,33.0,8.0
1783935099.9,762,32624,84,12.0,33.0,0.0
1783935100.5,762,32624,84,11.0,33.0,0.0
1783935101.1,762,32624,84,11.0,33.0,0.0
1783935101.7,747,32624,84,11.0,32.0,0.0
1783935102.3,747,32624,84,11.0,33.0,0.0
1783935102.9,747,32624,84,12.0,33.0,0.0
1783935103.4,747,32624,84,11.0,33.0,0.0
1783935104.0,745,32624,88,11.0,33.0,0.0
1783935104.6,745,32624,88,11.0,32.0,0.0
1783935105.2,745,32624,88,12.0,33.0,0.0
1783935105.8,745,32624,86,12.0,33.0,0.0
1783935106.4,745,32624,81,16.0,33.0,965.0
1783935107.0,745,32624,81,10.0,33.0,0.0
1783935107.6,745,32624,88,16.0,33.0,1551.0
1783935108.2,745,32624,88,15.0,33.0,6.0
1783935108.8,745,32624,88,11.0,33.0,0.0
1783935109.4,725,32624,84,18.0,33.0,251.0
1783935110.0,725,32624,84,10.0,33.0,0.0
1783935110.6,725,32624,84,11.0,33.0,0.0
1783935111.2,725,32624,84,11.0,33.0,0.0
1783935111.8,725,32624,84,12.0,33.0,0.0
1783935112.4,725,32624,79,11.0,33.0,0.0
1783935113.0,725,32624,86,16.0,33.0,74.0
1783935113.5,725,32624,86,11.0,32.0,0.0
1783935114.1,725,32624,86,11.0,33.0,0.0
1783935114.7,725,32624,86,12.0,32.0,0.0
1783935115.3,725,32624,86,11.0,33.0,0.0
1783935115.9,725,32624,86,11.0,33.0,0.0
1783935116.5,725,32624,86,15.0,33.0,42.0
1783935117.1,725,32624,86,11.0,33.0,0.0
1783935117.7,725,32624,86,11.0,33.0,0.0
1783935118.3,725,32624,86,12.0,33.0,0.0
1783935118.9,725,32624,86,10.0,33.0,0.0
1783935119.5,725,32624,86,12.0,33.0,0.0
1783935120.1,725,32624,86,11.0,33.0,0.0
1783935120.7,725,32624,86,11.0,32.0,0.0
1783935121.2,725,32624,86,14.0,33.0,38.0
1783935121.8,725,32624,86,11.0,33.0,0.0
1783935122.4,725,32624,86,11.0,33.0,0.0
1783935123.0,725,32624,86,11.0,33.0,0.0
1783935123.6,725,32624,86,16.0,33.0,136.0
1783935124.2,721,32624,86,10.0,33.0,0.0
1783935124.8,721,32624,86,11.0,33.0,0.0
1783935125.4,721,32624,86,11.0,33.0,0.0
1783935126.0,721,32624,86,12.0,33.0,0.0
1783935126.6,721,32624,86,11.0,33.0,0.0
1783935127.2,721,32624,86,12.0,33.0,0.0
1783935127.8,721,32624,86,18.0,33.0,615.0
1783935128.4,721,32624,86,16.0,33.0,27.0
1783935129.0,721,32624,86,21.0,33.0,731.0
1783935129.5,721,32624,86,12.0,33.0,0.0
1783935130.1,721,32624,86,14.0,33.0,18.0
1783935130.7,721,32624,86,16.0,33.0,123.0
1783935131.3,721,32624,86,11.0,33.0,0.0
1783935131.9,721,32624,86,10.0,33.0,0.0
1783935132.5,721,32624,86,12.0,33.0,0.0
1783935133.1,721,32624,86,11.0,33.0,0.0
1783935133.7,726,32624,90,11.0,33.0,0.0
1783935134.3,726,32624,86,11.0,33.0,0.0
1783935134.9,726,32624,86,10.0,33.0,0.0
1783935135.5,739,32624,92,11.0,33.0,0.0
1783935136.1,739,32624,92,11.0,33.0,0.0
1783935136.7,739,32624,92,11.0,33.0,0.0
1783935137.3,739,32624,86,11.0,33.0,0.0
1783935137.9,739,32624,86,15.0,33.0,44.0
1783935138.5,739,32624,86,11.0,33.0,0.0
1783935139.1,743,32624,90,26.0,33.0,86.0
1783935139.7,750,32624,100,15.0,33.0,1531.0
1783935140.3,750,32624,98,11.0,33.0,0.0
1783935140.9,750,32624,98,11.0,33.0,0.0
1783935141.5,750,32624,82,16.0,33.0,1079.0
1783935142.1,750,32624,82,17.0,33.0,172.0
1783935142.6,750,32624,84,15.0,33.0,16.0
1783935143.2,750,32624,118,28.0,33.0,1081.0
1783935143.8,750,32624,98,27.0,33.0,31.0
1783935144.4,750,32624,96,25.0,33.0,20.0
1783935145.0,750,32624,83,13.0,33.0,0.0
1783935145.6,750,32624,83,12.0,33.0,0.0
1783935146.2,750,32624,86,25.0,33.0,0.0
1783935146.8,750,32624,83,22.0,33.0,0.0
1783935147.4,750,32624,83,10.0,33.0,0.0
1783935148.0,750,32624,83,11.0,33.0,0.0
1783935148.6,750,32624,83,18.0,33.0,35.0
1783935149.2,742,32624,83,10.0,33.0,0.0
1783935149.8,741,32624,83,11.0,33.0,0.0
1783935150.4,741,32624,83,11.0,33.0,0.0
1783935151.0,741,32624,83,11.0,33.0,0.0
1783935151.6,741,32624,83,11.0,33.0,0.0
1783935152.2,741,32624,83,26.0,33.0,79.0
1783935152.7,741,32624,83,12.0,33.0,371.0
1783935153.3,741,32624,83,12.0,33.0,0.0
1783935153.9,741,32624,83,11.0,33.0,0.0
1783935154.5,741,32624,83,17.0,33.0,784.0
1783935155.1,741,32624,83,16.0,33.0,23.0
1783935155.7,741,32624,83,12.0,33.0,0.0
1783935156.3,741,32624,117,26.0,33.0,11.0
1783935156.9,741,32624,107,26.0,33.0,18.0
1783935157.5,741,32624,103,22.0,33.0,0.0
1783935158.1,741,32624,89,11.0,33.0,0.0
1783935158.7,741,32624,92,22.0,33.0,0.0
1783935159.3,741,32624,92,28.0,33.0,97.0
1783935159.9,741,32624,92,27.0,33.0,1220.0
1783935160.5,741,32624,92,12.0,33.0,0.0
1783935161.1,741,32624,83,22.0,34.0,0.0
1783935161.7,741,32624,83,18.0,33.0,340.0
1783935162.3,741,32624,83,11.0,33.0,0.0
1783935162.9,741,32624,83,11.0,33.0,0.0
1783935163.5,741,32624,83,12.0,33.0,0.0
1783935164.1,741,32624,85,22.0,33.0,0.0
1783935164.7,741,32624,85,12.0,33.0,0.0
1783935165.3,741,32624,96,26.0,33.0,61.0
1783935165.9,741,32624,83,24.0,34.0,0.0
1783935166.5,741,32624,84,22.0,34.0,0.0
1783935167.1,741,32624,98,12.0,33.0,0.0
1783935167.7,741,32624,83,24.0,33.0,467.0
1783935168.3,741,32624,83,22.0,33.0,0.0
1783935168.9,741,32624,83,22.0,33.0,0.0
1783935169.5,741,32624,83,12.0,33.0,0.0
1783935170.1,741,32624,83,12.0,33.0,0.0
1783935170.6,741,32624,83,10.0,33.0,0.0
1783935171.2,741,32624,94,22.0,34.0,0.0
1783935171.8,741,32624,85,21.0,33.0,0.0
1783935172.4,741,32624,85,27.0,33.0,655.0
1783935173.0,741,32624,85,26.0,33.0,42.0
1783935173.6,741,32624,83,24.0,34.0,28.0
1783935174.2,741,32624,85,22.0,33.0,0.0
1783935174.8,741,32624,85,26.0,33.0,47.0
1783935175.4,741,32624,85,23.0,34.0,0.0
1783935176.0,741,32624,85,11.0,33.0,0.0
1783935176.6,741,32624,85,12.0,33.0,0.0
1783935177.2,741,32624,85,22.0,34.0,0.0
1783935177.8,741,32624,105,27.0,34.0,1375.0
1783935178.4,741,32624,112,26.0,34.0,34.0
1783935179.0,741,32624,119,31.0,34.0,305.0
1783935179.6,741,32624,103,26.0,34.0,102.0
1783935180.2,741,32624,109,22.0,34.0,0.0
1783935180.8,741,32624,88,13.0,33.0,0.0
1783935181.4,741,32624,88,22.0,34.0,0.0
1783935182.0,741,32624,88,11.0,34.0,0.0
1783935182.6,741,32624,88,11.0,33.0,0.0
1783935183.2,741,32624,88,27.0,34.0,679.0
1783935183.8,741,32624,88,15.0,34.0,20.0
1783935184.4,741,32624,89,26.0,33.0,15.0
1783935185.0,741,32624,101,12.0,34.0,0.0
1783935185.6,741,32624,88,11.0,34.0,0.0
1783935186.2,741,32624,92,21.0,34.0,0.0
1783935186.8,741,32624,127,28.0,34.0,39.0
1783935187.4,741,32624,123,27.0,34.0,112.0
1783935188.0,741,32624,113,22.0,34.0,0.0
1783935188.6,741,32624,113,29.0,34.0,1218.0
1783935189.2,741,32624,113,10.0,34.0,0.0
1783935189.7,741,32624,90,26.0,34.0,6.0
1783935190.3,741,32624,90,11.0,34.0,0.0
1783935191.0,741,32624,90,11.0,34.0,0.0
1783935191.5,741,32624,90,11.0,33.0,0.0
1783935192.1,741,32624,99,24.0,34.0,541.0
1783935192.7,741,32624,90,25.0,34.0,6.0
1783935193.3,741,32624,90,26.0,34.0,638.0
1783935193.9,751,32624,120,22.0,34.0,0.0
1783935194.5,751,32624,120,11.0,34.0,0.0
1783935195.1,751,32624,120,12.0,33.0,0.0
1783935195.7,747,32624,100,11.0,33.0,0.0
1783935196.3,747,32624,100,29.0,34.0,553.0
1783935196.9,747,32624,100,27.0,34.0,93.0
1783935197.5,747,32624,100,22.0,34.0,0.0
1783935198.1,747,32624,100,11.0,34.0,0.0
1783935198.7,739,32624,100,27.0,34.0,370.0
1783935199.3,739,32624,109,22.0,34.0,0.0
1783935199.9,739,32624,100,26.0,34.0,1669.0
1783935200.5,739,32624,100,15.0,34.0,15.0
1783935201.1,739,32624,100,12.0,34.0,0.0
1783935201.7,739,32624,100,19.0,34.0,131.0
1783935202.3,739,32624,109,30.0,34.0,500.0
1783935202.9,739,32624,100,13.0,34.0,0.0
1783935203.5,739,32624,109,12.0,34.0,0.0
1783935204.1,739,32624,100,11.0,34.0,0.0
1783935204.7,739,32624,104,22.0,34.0,0.0
1783935205.3,739,32624,104,25.0,34.0,44.0
1783935205.9,739,32624,115,22.0,34.0,0.0
1783935206.5,739,32624,115,21.0,34.0,0.0
1783935207.1,739,32624,115,25.0,34.0,580.0
1783935207.7,739,32624,113,29.0,34.0,825.0
1783935208.3,739,32624,100,25.0,34.0,17.0
1783935208.9,739,32624,115,21.0,34.0,0.0
1783935209.5,739,32624,101,14.0,34.0,6.0
1783935210.1,739,32624,113,23.0,34.0,0.0
1783935210.7,739,32624,102,16.0,34.0,21.0
1783935211.3,739,32624,102,22.0,34.0,0.0
1783935211.9,739,32624,102,12.0,34.0,0.0
1783935212.5,739,32624,100,29.0,34.0,0.0
1783935213.1,739,32624,102,23.0,34.0,0.0
1783935213.6,739,32624,102,11.0,34.0,0.0
1783935214.2,739,32624,102,12.0,34.0,0.0
1783935214.8,739,32624,102,12.0,34.0,0.0
1783935215.4,739,32624,102,12.0,34.0,0.0
1783935216.0,739,32624,102,23.0,34.0,0.0
1783935216.6,739,32624,102,12.0,34.0,0.0
1783935217.2,739,32624,102,10.0,34.0,0.0
1783935217.8,739,32624,102,20.0,34.0,263.0
1783935218.4,739,32624,103,19.0,34.0,369.0
1783935219.0,739,32624,115,22.0,34.0,0.0
1783935219.6,739,32624,115,11.0,34.0,0.0
1783935220.2,739,32624,100,18.0,34.0,127.0
1783935220.8,739,32624,100,27.0,34.0,141.0
1783935221.4,739,32624,100,25.0,34.0,34.0
1783935222.0,739,32624,100,11.0,34.0,0.0
1783935222.6,739,32624,100,26.0,34.0,41.0
1783935223.1,739,32624,100,15.0,34.0,38.0
1783935223.7,724,32624,100,11.0,34.0,0.0
1783935224.3,724,32624,115,22.0,34.0,0.0
1783935224.9,724,32624,100,16.0,34.0,21.0
1783935225.5,724,32624,100,19.0,34.0,30.0
1783935226.1,724,32624,114,11.0,34.0,0.0
1783935226.7,724,32624,106,10.0,34.0,0.0
1783935227.3,724,32624,106,10.0,34.0,0.0
1783935227.9,724,32624,106,9.0,34.0,0.0
1783935228.5,724,32624,105,16.0,34.0,148.0
1783935229.1,724,32624,89,28.0,34.0,295.0
1783935229.7,724,32624,103,15.0,34.0,1333.0
1783935230.3,724,32624,110,22.0,34.0,0.0
1783935230.9,724,32624,104,10.0,34.0,0.0
1783935231.5,724,32624,94,11.0,34.0,0.0
1783935232.1,724,32624,92,11.0,34.0,0.0
1783935232.7,724,32624,92,11.0,34.0,0.0
1783935233.2,724,32624,92,12.0,34.0,0.0
1783935233.8,724,32624,92,11.0,34.0,0.0
1783935234.4,724,32624,92,11.0,34.0,0.0
1783935235.0,724,32624,92,11.0,34.0,0.0
1783935235.6,724,32624,99,11.0,34.0,0.0
1783935236.2,724,32624,91,12.0,34.0,0.0
1783935236.8,724,32624,91,11.0,34.0,0.0
1783935237.4,724,32624,91,11.0,34.0,0.0
1783935238.0,724,32624,91,10.0,34.0,0.0
1783935238.6,724,32624,85,13.0,34.0,0.0
1783935239.2,724,32624,85,10.0,34.0,0.0
1783935239.8,724,32624,85,11.0,34.0,0.0
1783935240.4,724,32624,85,10.0,34.0,0.0
1783935241.0,724,32624,89,11.0,34.0,0.0
1783935241.6,724,32624,89,13.0,34.0,215.0
1783935242.2,724,32624,89,11.0,34.0,0.0
1783935242.7,724,32624,89,11.0,34.0,0.0
1783935243.3,724,32624,89,12.0,34.0,0.0
1783935243.9,724,32624,95,10.0,34.0,0.0
1783935244.5,724,32624,95,10.0,34.0,0.0
1783935245.1,724,32624,95,11.0,34.0,0.0
1783935245.7,724,32624,97,11.0,34.0,0.0
1783935246.3,724,32624,95,12.0,34.0,0.0
1783935246.9,724,32624,95,10.0,34.0,0.0
1783935247.5,724,32624,95,11.0,34.0,0.0
1783935248.1,724,32624,95,11.0,34.0,0.0
1783935248.7,724,32624,95,11.0,34.0,0.0
1783935249.3,724,32624,95,11.0,34.0,0.0
1783935249.9,724,32624,95,14.0,33.0,0.0
1783935250.5,724,32624,108,12.0,34.0,0.0
1783935251.0,724,32624,95,11.0,34.0,0.0
1783935251.6,724,32624,95,11.0,34.0,0.0
1783935252.2,724,32624,89,11.0,34.0,0.0
1783935252.8,724,32624,89,11.0,34.0,0.0
1783935253.4,724,32624,89,11.0,34.0,0.0
1783935254.0,724,32624,89,11.0,34.0,0.0
1783935254.6,724,32624,89,16.0,34.0,1276.0
1783935255.2,724,32624,89,10.0,34.0,0.0
1783935255.8,724,32624,89,10.0,34.0,0.0
1783935256.4,724,32624,89,11.0,34.0,0.0
1783935257.0,724,32624,89,11.0,34.0,0.0
1783935257.6,724,32624,89,11.0,34.0,0.0
1783935258.2,724,32624,89,11.0,33.0,0.0
1783935258.7,724,32624,89,10.0,34.0,0.0
1783935259.3,724,32624,89,12.0,34.0,0.0
1783935259.9,724,32624,89,11.0,33.0,0.0
1783935260.5,724,32624,97,11.0,34.0,0.0
1783935261.1,724,32624,103,10.0,34.0,0.0
1783935261.7,724,32624,103,12.0,33.0,0.0
1783935262.3,724,32624,95,12.0,34.0,0.0
1783935262.9,724,32624,95,11.0,34.0,0.0
1783935263.5,724,32624,95,11.0,34.0,0.0
1783935264.1,724,32624,95,11.0,34.0,0.0
1783935264.7,724,32624,95,11.0,34.0,0.0
1783935265.3,724,32624,97,11.0,34.0,0.0
1783935265.9,724,32624,97,12.0,33.0,0.0
1783935266.4,724,32624,89,11.0,34.0,0.0
1783935267.0,724,32624,89,12.0,34.0,0.0
1783935267.6,724,32624,89,12.0,33.0,0.0
1783935268.2,724,32624,89,10.0,33.0,0.0
1783935268.8,724,32624,89,12.0,33.0,0.0
1783935269.4,724,32624,89,11.0,34.0,0.0
1783935270.0,724,32624,89,11.0,33.0,0.0
1783935270.6,724,32624,89,11.0,33.0,0.0
1783935271.2,724,32624,89,11.0,34.0,0.0
1783935271.8,724,32624,89,17.0,34.0,24.0
1783935272.4,724,32624,89,12.0,34.0,0.0
1783935273.0,724,32624,89,11.0,33.0,0.0
1783935273.6,724,32624,89,12.0,33.0,0.0
1783935274.1,724,32624,89,12.0,34.0,0.0
1783935274.7,724,32624,89,10.0,33.0,0.0
1783935275.4,724,32624,103,14.0,34.0,28.0
1783935275.9,724,32624,97,11.0,34.0,0.0
1783935276.5,724,32624,95,12.0,34.0,0.0
1783935277.1,724,32624,95,10.0,34.0,0.0
1783935277.7,724,32624,95,11.0,34.0,0.0
1783935278.3,724,32624,95,12.0,33.0,0.0
1783935278.9,724,32624,95,12.0,34.0,0.0
1783935279.5,724,32624,95,10.0,34.0,0.0
1783935280.1,724,32624,103,22.0,34.0,0.0
1783935280.7,724,32624,103,12.0,34.0,0.0
1783935281.3,724,32624,103,11.0,34.0,0.0
1783935281.9,724,32624,93,11.0,33.0,0.0
1783935282.4,724,32624,93,11.0,33.0,0.0
1783935283.0,724,32624,93,11.0,33.0,0.0
1783935283.6,724,32624,93,11.0,33.0,0.0
1783935284.2,724,32624,93,11.0,33.0,0.0
1783935284.8,724,32624,93,10.0,33.0,0.0
1783935285.4,724,32624,87,11.0,33.0,0.0
1783935286.0,724,32624,87,10.0,33.0,0.0
1783935286.6,724,32624,89,10.0,33.0,0.0
1783935287.2,724,32624,89,11.0,33.0,0.0
1783935287.8,724,32624,89,11.0,33.0,0.0
1783935288.4,724,32624,89,12.0,33.0,0.0
1783935289.0,724,32624,89,16.0,33.0,126.0
1783935289.6,724,32624,89,12.0,33.0,0.0
1783935290.1,724,32624,89,11.0,33.0,0.0
1783935290.7,724,32624,95,9.0,33.0,0.0
1783935291.3,724,32624,89,11.0,33.0,0.0
1783935291.9,724,32624,89,11.0,33.0,0.0
1783935292.5,724,32624,89,11.0,33.0,0.0
1783935293.1,724,32624,89,12.0,33.0,0.0
1783935293.7,724,32624,89,11.0,33.0,0.0
1783935294.3,724,32624,89,12.0,33.0,0.0
1783935294.9,724,32624,91,11.0,33.0,0.0
1783935295.5,724,32624,106,11.0,33.0,0.0
1783935296.1,724,32624,93,12.0,33.0,0.0
1783935296.7,724,32624,93,11.0,33.0,0.0
1783935297.3,724,32624,93,11.0,33.0,0.0
1783935297.8,724,32624,93,13.0,33.0,252.0
1783935298.4,724,32624,93,10.0,33.0,0.0
1783935299.0,724,32624,93,11.0,33.0,0.0
1783935299.6,724,32624,93,11.0,33.0,0.0
1783935300.2,724,32624,93,10.0,33.0,0.0
1783935300.8,724,32624,93,10.0,33.0,0.0
1783935301.4,724,32624,93,11.0,33.0,0.0
1783935302.0,724,32624,93,11.0,33.0,0.0
1783935302.6,724,32624,93,10.0,33.0,0.0
1783935303.2,724,32624,89,12.0,33.0,0.0
1783935303.8,724,32624,89,15.0,33.0,4.0
1783935304.4,724,32624,89,11.0,33.0,0.0
1783935305.0,724,32624,89,11.0,33.0,0.0
1783935305.6,724,32624,103,22.0,34.0,0.0
1783935306.2,724,32624,95,10.0,33.0,0.0
1783935306.8,724,32624,95,11.0,33.0,0.0
1783935307.4,724,32624,95,12.0,33.0,0.0
1783935307.9,724,32624,95,11.0,33.0,0.0
1783935308.5,724,32624,95,11.0,33.0,0.0
1783935309.1,724,32624,95,11.0,33.0,0.0
1783935309.7,724,32624,95,11.0,33.0,0.0
1783935310.3,724,32624,109,11.0,33.0,0.0
1783935310.9,724,32624,95,11.0,33.0,0.0
1783935311.5,724,32624,95,11.0,33.0,0.0
1783935312.1,724,32624,95,11.0,33.0,0.0
1783935312.7,724,32624,95,12.0,33.0,0.0
1783935313.3,724,32624,89,12.0,33.0,0.0
1783935313.9,728,32624,91,12.0,33.0,0.0
1783935314.5,728,32624,91,12.0,33.0,0.0
1783935315.1,728,32624,91,18.0,33.0,34.0
1783935315.7,718,32624,83,11.0,33.0,0.0
1783935316.3,718,32624,83,11.0,33.0,0.0
1783935316.9,718,32624,83,11.0,33.0,0.0
1783935317.5,718,32624,83,11.0,33.0,0.0
1783935318.0,718,32624,83,11.0,33.0,0.0
1783935318.6,718,32624,83,10.0,33.0,0.0
1783935319.2,718,32624,83,12.0,33.0,0.0
1783935319.8,718,32624,83,10.0,33.0,0.0
1783935320.4,718,32624,97,19.0,33.0,331.0
1783935321.0,718,32624,97,12.0,33.0,0.0
1783935321.6,718,32624,97,11.0,33.0,0.0
1783935322.2,718,32624,97,11.0,33.0,0.0
1783935322.8,718,32624,97,10.0,33.0,0.0
1783935323.4,718,32624,97,11.0,33.0,0.0
1783935324.0,718,32624,97,11.0,33.0,0.0
1783935324.6,718,32624,97,11.0,33.0,0.0
1783935325.1,718,32624,97,22.0,33.0,0.0
1783935325.7,718,32624,97,11.0,33.0,0.0
1783935326.3,718,32624,83,11.0,33.0,0.0
1783935326.9,718,32624,83,11.0,33.0,0.0
1783935327.5,718,32624,83,11.0,33.0,0.0
1783935328.1,718,32624,83,11.0,33.0,0.0
1783935328.7,718,32624,83,11.0,33.0,0.0
1783935329.3,718,32624,83,11.0,33.0,0.0
1783935329.9,718,32624,83,12.0,33.0,0.0
1783935330.5,718,32624,83,12.0,33.0,0.0
1783935331.1,718,32624,83,11.0,33.0,0.0
1783935331.7,718,32624,83,11.0,33.0,0.0
1783935332.3,718,32624,83,11.0,33.0,0.0
1783935332.9,718,32624,83,11.0,33.0,0.0
1783935333.5,718,32624,83,11.0,33.0,0.0
1783935334.0,718,32624,83,11.0,33.0,0.0
1783935334.6,718,32624,83,11.0,33.0,0.0
1783935335.2,718,32624,83,10.0,33.0,0.0
1783935335.8,718,32624,95,11.0,33.0,0.0
1783935336.4,718,32624,89,11.0,33.0,0.0
1783935337.0,718,32624,89,10.0,33.0,0.0
1783935337.6,718,32624,89,11.0,33.0,0.0
1783935338.2,718,32624,89,10.0,33.0,0.0
1783935338.8,718,32624,89,12.0,33.0,0.0
1783935339.4,718,32624,89,12.0,33.0,0.0
1783935340.0,718,32624,95,11.0,33.0,0.0
1783935340.6,718,32624,103,11.0,33.0,0.0
1783935341.2,718,32624,83,22.0,33.0,0.0
1783935341.8,718,32624,86,11.0,33.0,0.0
1783935342.4,718,32624,86,15.0,33.0,23.0
1783935343.0,718,32624,86,11.0,33.0,0.0
1783935343.6,718,32624,86,11.0,33.0,0.0
1783935344.2,718,32624,86,10.0,33.0,0.0
1783935344.8,718,32624,86,12.0,33.0,0.0
1783935345.4,718,32624,86,11.0,33.0,0.0
1783935346.0,718,32624,86,10.0,33.0,0.0
1783935346.6,718,32624,86,10.0,33.0,0.0
1783935347.1,718,32624,86,9.0,33.0,0.0
1783935347.7,718,32624,86,10.0,33.0,0.0
1783935348.3,718,32624,86,10.0,33.0,0.0
1783935348.9,718,32624,86,10.0,33.0,0.0
1783935349.5,718,32624,86,11.0,33.0,0.0
1783935350.1,718,32624,86,11.0,33.0,0.0
1783935350.7,718,32624,91,11.0,33.0,0.0
1783935351.3,718,32624,83,11.0,33.0,0.0
1783935351.9,718,32624,83,11.0,33.0,0.0
1783935352.5,718,32624,83,12.0,33.0,0.0
1783935353.1,718,32624,83,11.0,32.0,0.0
1783935353.7,718,32624,79,10.0,33.0,0.0
1783935354.3,718,32624,79,11.0,33.0,0.0
1783935354.9,718,32624,79,10.0,33.0,0.0
1783935355.5,718,32624,93,11.0,33.0,0.0
1783935356.1,718,32624,93,11.0,33.0,0.0
1783935356.7,718,32624,85,15.0,33.0,62.0
1783935357.3,718,32624,85,11.0,33.0,0.0
1783935357.9,718,32624,85,18.0,33.0,1366.0
1783935358.5,718,32624,85,11.0,33.0,0.0
1783935359.1,718,32624,85,12.0,33.0,0.0
1783935359.7,718,32624,85,11.0,33.0,0.0
1783935360.3,718,32624,85,11.0,33.0,0.0
1783935360.9,718,32624,85,11.0,33.0,0.0
1783935361.5,718,32624,85,10.0,33.0,0.0
1783935362.1,718,32624,85,11.0,33.0,0.0
1783935362.7,718,32624,83,11.0,33.0,0.0
1783935363.3,718,32624,83,11.0,33.0,0.0
1783935363.9,718,32624,83,12.0,33.0,0.0
1783935364.5,718,32624,83,10.0,33.0,0.0
1783935365.1,718,32624,83,12.0,33.0,0.0
1783935365.6,718,32624,95,11.0,33.0,0.0
1783935366.2,718,32624,87,11.0,33.0,0.0
1783935366.8,718,32624,87,12.0,33.0,0.0
1783935367.4,718,32624,87,10.0,33.0,0.0
1783935368.0,718,32624,87,10.0,33.0,0.0
1783935368.6,718,32624,87,11.0,33.0,0.0
1783935369.2,718,32624,87,11.0,33.0,0.0
1783935369.8,718,32624,87,11.0,33.0,0.0
1783935370.4,718,32624,101,10.0,33.0,0.0
1783935371.0,718,32624,87,11.0,33.0,0.0
1783935371.6,718,32624,87,12.0,33.0,0.0
1783935372.2,718,32624,87,12.0,33.0,0.0
1783935372.8,718,32624,87,11.0,33.0,0.0
1783935373.4,718,32624,87,17.0,33.0,254.0
1783935374.0,718,32624,87,11.0,33.0,0.0
1783935374.6,718,32624,87,11.0,33.0,0.0
1783935375.2,718,32624,87,11.0,33.0,0.0
1783935375.8,718,32624,85,11.0,33.0,0.0
1783935376.4,718,32624,85,11.0,33.0,0.0
1783935377.0,718,32624,79,11.0,33.0,0.0
1783935377.6,718,32624,86,10.0,33.0,0.0
1783935378.2,718,32624,86,12.0,33.0,0.0
1783935378.8,718,32624,86,11.0,33.0,0.0
1783935379.4,718,32624,86,9.0,33.0,0.0
1783935379.9,718,32624,86,9.0,33.0,0.0
1783935380.6,718,32624,91,11.0,33.0,0.0
1783935381.1,718,32624,91,13.0,33.0,0.0
1783935381.8,718,32624,91,12.0,33.0,0.0
1783935382.4,718,32624,91,12.0,33.0,0.0
1783935383.0,718,32624,91,10.0,33.0,0.0
1783935383.6,718,32624,91,10.0,33.0,0.0
1783935384.2,718,32624,91,11.0,33.0,0.0
1783935384.8,718,32624,91,10.0,33.0,0.0
1783935385.4,718,32624,97,11.0,33.0,0.0
1783935386.0,718,32624,97,11.0,33.0,0.0
1783935386.6,718,32624,97,11.0,32.0,0.0
1783935387.2,718,32624,97,9.0,33.0,0.0
1783935387.8,718,32624,97,10.0,33.0,0.0
1783935388.4,718,32624,97,9.0,33.0,0.0
1783935388.9,718,32624,84,11.0,33.0,0.0
1783935389.5,718,32624,84,13.0,32.0,0.0
1783935390.1,718,32624,84,13.0,33.0,0.0
1783935390.7,718,32624,84,11.0,32.0,0.0
1783935391.3,718,32624,84,10.0,32.0,0.0
1783935391.9,718,32624,84,10.0,32.0,0.0
1783935392.5,718,32624,84,9.0,32.0,0.0
1783935393.1,718,32624,84,11.0,32.0,0.0
1783935393.7,718,32624,84,9.0,33.0,0.0
1783935394.3,718,32624,84,9.0,33.0,0.0
1783935394.9,718,32624,84,10.0,33.0,0.0
1783935395.5,718,32624,95,12.0,33.0,0.0
1783935396.1,718,32624,95,11.0,33.0,0.0
1783935396.7,718,32624,95,10.0,33.0,0.0
1783935397.3,718,32624,86,15.0,33.0,1572.0
1783935397.9,718,32624,86,11.0,33.0,0.0
1783935398.5,718,32624,86,12.0,33.0,0.0
1783935399.1,718,32624,86,11.0,33.0,0.0
1783935399.7,718,32624,86,11.0,33.0,0.0
1783935400.3,718,32624,99,12.0,33.0,0.0
1783935400.9,718,32624,99,11.0,33.0,0.0
1783935401.5,718,32624,86,11.0,33.0,0.0
1783935402.1,718,32624,86,10.0,33.0,0.0
1783935402.7,718,32624,86,11.0,33.0,0.0
1783935403.3,718,32624,86,11.0,33.0,0.0
1783935403.8,718,32624,86,11.0,33.0,0.0
1783935404.4,718,32624,86,9.0,32.0,0.0
1783935405.0,718,32624,86,10.0,33.0,0.0
1783935405.6,718,32624,86,9.0,33.0,0.0
1783935406.2,718,32624,86,11.0,33.0,0.0
1783935406.8,718,32624,79,14.0,33.0,500.0
1783935407.4,718,32624,79,14.0,33.0,42.0
1783935408.0,718,32624,79,11.0,32.0,0.0
1783935408.6,718,32624,79,11.0,33.0,0.0
1783935409.2,718,32624,79,10.0,32.0,0.0
1783935409.8,718,32624,79,12.0,33.0,0.0
1783935410.4,718,32624,91,11.0,33.0,0.0
1783935411.0,718,32624,91,11.0,33.0,0.0
1783935411.6,718,32624,89,11.0,32.0,0.0
1783935412.2,718,32624,89,11.0,33.0,0.0
1783935412.8,718,32624,89,16.0,33.0,10.0
1783935413.4,718,32624,89,11.0,33.0,0.0
1783935414.0,718,32624,89,14.0,33.0,0.0
1783935414.5,718,32624,89,11.0,33.0,0.0
1783935415.1,718,32624,103,11.0,33.0,0.0
1783935415.7,718,32624,89,11.0,33.0,0.0
1783935416.3,718,32624,89,11.0,33.0,0.0
1783935416.9,718,32624,89,11.0,33.0,0.0
1783935417.5,718,32624,89,11.0,33.0,0.0
1783935418.1,718,32624,89,11.0,33.0,0.0
1783935418.7,718,32624,89,10.0,33.0,0.0
1783935419.3,718,32624,89,15.0,33.0,41.0
1783935419.9,718,32624,89,13.0,32.0,0.0
1783935420.5,718,32624,83,12.0,33.0,0.0
1783935421.1,718,32624,83,11.0,33.0,0.0
1783935421.7,718,32624,83,11.0,33.0,0.0
1783935422.3,718,32624,83,18.0,33.0,119.0
1783935422.9,718,32624,83,11.0,33.0,0.0
1783935423.5,718,32624,83,11.0,33.0,0.0
1783935424.1,718,32624,83,11.0,33.0,0.0
1783935424.7,718,32624,83,12.0,33.0,0.0
1783935425.3,718,32624,83,10.0,33.0,0.0
1783935425.9,718,32624,97,10.0,33.0,0.0
1783935426.5,718,32624,95,11.0,33.0,0.0
1783935427.1,718,32624,95,11.0,33.0,0.0
1783935427.7,718,32624,89,11.0,33.0,0.0
1783935428.3,718,32624,89,11.0,33.0,0.0
1783935428.9,718,32624,89,10.0,32.0,0.0
1783935429.4,718,32624,83,12.0,32.0,0.0
1783935430.0,718,32624,93,23.0,33.0,0.0
1783935430.6,718,32624,85,11.0,32.0,0.0
1783935431.2,718,32624,85,10.0,33.0,0.0
1783935431.8,718,32624,85,11.0,33.0,0.0
1783935432.4,718,32624,85,11.0,33.0,0.0
1783935433.0,718,32624,85,12.0,33.0,0.0
1783935433.6,718,32624,85,11.0,33.0,0.0
1783935434.2,718,32624,85,11.0,33.0,0.0
1783935434.8,718,32624,85,11.0,33.0,0.0
1783935435.4,718,32624,85,11.0,33.0,0.0
1783935436.0,718,32624,85,11.0,33.0,0.0
1783935436.6,718,32624,85,10.0,33.0,0.0
1783935437.2,718,32624,85,11.0,33.0,0.0
1783935437.8,718,32624,83,11.0,32.0,0.0
1783935438.4,718,32624,83,12.0,33.0,0.0
1783935439.0,718,32624,83,10.0,33.0,0.0
1783935439.6,718,32624,83,12.0,33.0,0.0
1783935440.2,718,32624,83,13.0,33.0,0.0
1783935440.8,718,32624,97,10.0,33.0,0.0
1783935441.4,718,32624,97,10.0,33.0,0.0
1783935442.0,718,32624,87,13.0,33.0,0.0
1783935442.6,718,32624,87,14.0,33.0,0.0
1783935443.2,718,32624,87,11.0,33.0,0.0
1783935443.8,718,32624,87,11.0,33.0,0.0
1783935444.4,718,32624,87,12.0,33.0,0.0
1783935444.9,718,32624,87,15.0,33.0,26.0
1783935445.5,718,32624,95,13.0,33.0,57.0
1783935446.1,718,32624,81,24.0,33.0,32.0
1783935446.7,718,32624,81,11.0,33.0,0.0
1783935447.3,718,32624,81,11.0,32.0,0.0
1783935447.9,718,32624,81,10.0,32.0,0.0
1783935448.5,718,32624,81,12.0,32.0,0.0
1783935449.1,718,32624,81,11.0,33.0,0.0
1783935449.7,718,32624,81,10.0,33.0,0.0
1783935450.3,718,32624,83,11.0,33.0,0.0
1783935450.9,718,32624,83,10.0,33.0,0.0
1783935451.5,718,32624,84,12.0,33.0,0.0
1783935452.1,718,32624,86,12.0,33.0,0.0
1783935452.7,718,32624,86,15.0,33.0,18.0
1783935453.3,718,32624,86,11.0,33.0,0.0
1783935453.9,718,32624,86,12.0,33.0,0.0
1783935454.5,718,32624,94,25.0,33.0,6.0
1783935455.1,718,32624,94,16.0,33.0,0.0
1783935455.7,718,32624,98,22.0,33.0,0.0
1783935456.3,718,32624,90,19.0,33.0,74.0
1783935456.9,718,32624,88,11.0,33.0,0.0
1783935457.5,718,32624,88,24.0,32.0,541.0
1783935458.1,718,32624,92,26.0,33.0,90.0
1783935458.7,718,32624,92,12.0,33.0,0.0
1783935459.3,718,32624,92,12.0,33.0,0.0
1783935459.9,718,32624,92,11.0,33.0,0.0
1783935460.5,718,32624,93,12.0,33.0,0.0
1783935461.1,718,32624,93,11.0,33.0,0.0
1783935461.7,718,32624,93,11.0,33.0,0.0
1783935462.3,718,32624,86,11.0,32.0,0.0
1783935462.9,718,32624,86,12.0,33.0,0.0
1783935463.5,718,32624,86,11.0,33.0,0.0
1783935464.1,718,32624,86,11.0,33.0,0.0
1783935464.7,718,32624,86,11.0,32.0,0.0
1783935465.2,718,32624,79,11.0,33.0,0.0
1783935465.8,718,32624,84,16.0,33.0,0.0
1783935466.4,718,32624,84,11.0,33.0,0.0
1783935467.0,718,32624,84,10.0,33.0,0.0
1783935467.6,718,32624,84,18.0,33.0,21.0
1783935468.2,718,32624,84,11.0,33.0,0.0
1783935468.8,718,32624,84,12.0,32.0,0.0
1783935469.4,718,32624,84,15.0,33.0,53.0
1783935470.0,718,32624,84,11.0,32.0,0.0
1783935470.6,718,32624,97,22.0,33.0,0.0
1783935471.2,718,32624,86,11.0,33.0,0.0
1783935471.8,718,32624,86,11.0,33.0,0.0
1783935472.4,718,32624,86,10.0,32.0,0.0
1783935473.0,718,32624,86,16.0,33.0,79.0
1783935473.6,718,32624,86,13.0,33.0,0.0
1783935474.2,718,32624,86,12.0,32.0,0.0
1783935474.8,718,32624,86,13.0,33.0,0.0
1783935475.4,718,32624,101,11.0,33.0,0.0
1783935476.0,718,32624,88,11.0,33.0,0.0
1783935476.6,718,32624,88,10.0,33.0,0.0
1783935477.2,718,32624,88,10.0,33.0,0.0
1783935477.8,718,32624,88,12.0,33.0,0.0
1783935478.4,718,32624,81,11.0,33.0,0.0
1783935479.0,718,32624,81,11.0,33.0,0.0
1783935479.6,718,32624,81,11.0,33.0,0.0
1783935480.2,718,32624,81,11.0,33.0,0.0
1783935480.8,718,32624,81,11.0,33.0,0.0
1783935481.4,718,32624,81,10.0,33.0,0.0
1783935482.0,718,32624,79,11.0,33.0,0.0
1783935482.5,718,32624,79,11.0,32.0,0.0
1783935483.1,718,32624,85,20.0,33.0,650.0
1783935483.7,718,32624,85,11.0,33.0,0.0
1783935484.3,718,32624,85,15.0,33.0,25.0
1783935484.9,718,32624,85,11.0,33.0,0.0
1783935485.6,718,32624,95,10.0,32.0,0.0
1783935486.2,718,32624,95,11.0,33.0,0.0
1783935486.8,718,32624,85,10.0,33.0,0.0
1783935487.4,718,32624,85,18.0,33.0,302.0
1783935488.0,718,32624,85,10.0,32.0,0.0
1783935488.6,718,32624,79,11.0,33.0,0.0
1783935489.2,718,32624,79,11.0,32.0,0.0
1783935489.8,718,32624,79,12.0,33.0,0.0
1783935490.4,718,32624,93,12.0,33.0,0.0
1783935490.9,718,32624,93,11.0,33.0,0.0
1783935491.5,718,32624,93,10.0,33.0,0.0
1783935492.1,718,32624,93,14.0,33.0,0.0
1783935492.8,718,32624,93,10.0,32.0,0.0
1783935493.4,718,32624,93,13.0,33.0,0.0
1783935494.0,720,32624,95,11.0,32.0,0.0
1783935494.6,720,32624,81,11.0,33.0,0.0
1783935495.2,720,32624,81,11.0,33.0,0.0
1783935495.8,720,32624,81,11.0,32.0,0.0
1783935496.4,713,32624,81,26.0,33.0,0.0
1783935496.9,713,32624,81,11.0,33.0,0.0
1783935497.5,713,32624,81,12.0,33.0,0.0
1783935498.1,713,32624,81,12.0,32.0,0.0
1783935498.7,713,32624,81,11.0,33.0,0.0
1783935499.3,713,32624,85,10.0,32.0,0.0
1783935499.9,713,32624,85,14.0,33.0,0.0
1783935500.5,713,32624,97,10.0,32.0,0.0
1783935501.1,713,32624,91,10.0,33.0,0.0
1783935501.7,713,32624,87,11.0,32.0,0.0
1783935502.3,713,32624,87,10.0,32.0,0.0
1783935502.9,713,32624,87,11.0,32.0,0.0
1783935503.5,713,32624,87,10.0,32.0,0.0
1783935504.1,713,32624,88,11.0,32.0,0.0
1783935504.7,713,32624,88,10.0,33.0,0.0
1783935505.3,713,32624,95,12.0,33.0,0.0
1783935505.9,713,32624,95,11.0,32.0,0.0
1783935506.5,713,32624,95,10.0,33.0,0.0
1783935507.1,713,32624,87,10.0,32.0,0.0
1783935507.7,713,32624,87,11.0,32.0,0.0
1783935508.3,713,32624,87,11.0,32.0,0.0
1783935508.9,713,32624,87,11.0,33.0,0.0
1783935509.5,713,32624,87,11.0,32.0,0.0
1783935510.1,713,32624,88,11.0,32.0,0.0
1783935510.7,713,32624,88,10.0,32.0,0.0
1783935511.3,713,32624,88,11.0,33.0,0.0
1783935511.9,713,32624,81,10.0,33.0,0.0
1783935512.5,713,32624,81,12.0,32.0,0.0
1783935513.1,713,32624,81,10.0,33.0,0.0
1783935513.7,713,32624,81,10.0,33.0,0.0
1783935514.2,713,32624,81,10.0,32.0,0.0
1783935514.8,713,32624,81,10.0,33.0,0.0
1783935515.4,713,32624,106,26.0,33.0,65.0
1783935516.0,713,32624,106,11.0,33.0,0.0
1783935516.6,713,32624,106,11.0,33.0,0.0
1783935517.2,713,32624,86,11.0,33.0,0.0
1783935517.8,713,32624,86,10.0,33.0,0.0
1783935518.4,713,32624,86,11.0,33.0,0.0
1783935519.0,713,32624,86,10.0,33.0,0.0
1783935519.6,713,32624,86,11.0,33.0,0.0
1783935520.2,713,32624,93,10.0,33.0,0.0
1783935520.8,713,32624,79,12.0,32.0,0.0
1783935521.4,713,32624,81,11.0,33.0,0.0
1783935522.0,713,32624,81,11.0,33.0,0.0
1783935522.6,713,32624,81,11.0,33.0,0.0
1783935523.2,713,32624,81,11.0,32.0,0.0
1783935523.8,713,32624,81,10.0,33.0,0.0
1783935524.4,713,32624,81,12.0,33.0,0.0
1783935525.0,713,32624,81,10.0,33.0,0.0
1783935525.6,713,32624,81,11.0,33.0,0.0
1783935526.2,713,32624,81,15.0,33.0,500.0
1783935526.8,713,32624,81,10.0,32.0,0.0
1783935527.3,713,32624,81,10.0,33.0,0.0
1783935527.9,713,32624,81,30.0,33.0,316.0
1783935528.5,713,32624,83,10.0,33.0,0.0
1783935529.1,713,32624,83,11.0,33.0,0.0
1783935529.7,713,32624,83,12.0,33.0,0.0
1783935530.3,713,32624,101,11.0,33.0,0.0
1783935530.9,713,32624,102,12.0,33.0,0.0
1783935531.5,713,32624,85,14.0,33.0,1748.0
1783935532.1,713,32624,85,26.0,33.0,1521.0
1783935532.7,713,32624,85,16.0,33.0,1363.0
1783935533.3,713,32624,85,11.0,33.0,0.0
1783935533.9,713,32624,85,11.0,33.0,0.0
1783935534.5,713,32624,85,12.0,33.0,0.0
1783935535.1,713,32624,93,23.0,33.0,0.0
1783935535.7,713,32624,93,10.0,33.0,0.0
1783935536.3,713,32624,93,11.0,33.0,0.0
1783935536.9,713,32624,93,11.0,33.0,0.0
1783935537.5,713,32624,93,15.0,33.0,106.0
1783935538.1,713,32624,83,25.0,33.0,304.0
1783935538.6,713,32624,109,10.0,33.0,0.0
1783935539.2,713,32624,100,22.0,33.0,0.0
1783935539.8,713,32624,97,25.0,33.0,16.0
1783935540.4,713,32624,97,11.0,33.0,0.0
1783935541.0,713,32624,106,22.0,33.0,0.0
1783935541.6,713,32624,93,11.0,33.0,0.0
1783935542.2,713,32624,88,12.0,33.0,0.0
1783935542.8,713,32624,88,12.0,33.0,0.0
1783935543.4,713,32624,86,19.0,33.0,1425.0
1783935544.0,713,32624,86,17.0,33.0,1629.0
1783935544.6,713,32624,86,13.0,33.0,0.0
1783935545.2,713,32624,86,12.0,33.0,0.0
1783935545.8,713,32624,86,15.0,33.0,6.0
1783935546.4,713,32624,100,10.0,33.0,0.0
1783935547.0,713,32624,86,11.0,33.0,0.0
1783935547.6,713,32624,89,11.0,33.0,0.0
1783935548.2,713,32624,86,15.0,33.0,45.0
1783935548.8,713,32624,86,11.0,33.0,0.0
1783935549.4,713,32624,86,10.0,33.0,0.0
1783935550.0,713,32624,84,11.0,33.0,0.0
1783935550.6,713,32624,84,15.0,33.0,565.0
1783935551.2,713,32624,84,10.0,33.0,0.0
1783935551.8,713,32624,84,10.0,33.0,0.0
1783935552.4,713,32624,84,12.0,33.0,0.0
1783935552.9,713,32624,84,11.0,33.0,0.0
1783935553.5,713,32624,84,10.0,33.0,0.0
1783935554.1,713,32624,84,10.0,33.0,0.0
1783935554.7,713,32624,84,11.0,33.0,0.0
1783935555.3,713,32624,84,11.0,33.0,0.0
1783935555.9,713,32624,102,11.0,33.0,0.0
1783935556.5,713,32624,86,14.0,33.0,34.0
1783935557.1,713,32624,86,12.0,33.0,0.0
1783935557.7,713,32624,86,11.0,33.0,0.0
1783935558.3,713,32624,86,14.0,33.0,554.0
1783935558.9,713,32624,86,15.0,33.0,81.0
1783935559.5,713,32624,86,11.0,33.0,0.0
1783935560.1,713,32624,86,14.0,33.0,55.0
1783935560.7,713,32624,86,11.0,33.0,0.0
1783935561.3,713,32624,100,22.0,33.0,0.0
1783935561.9,713,32624,86,11.0,33.0,0.0
1783935562.5,713,32624,86,11.0,33.0,0.0
1783935563.1,713,32624,86,12.0,33.0,260.0
1783935563.6,713,32624,86,11.0,33.0,0.0
1783935564.2,713,32624,86,10.0,32.0,0.0
1783935564.8,713,32624,86,12.0,33.0,0.0
1783935565.4,713,32624,86,12.0,32.0,0.0
1783935566.0,713,32624,86,14.0,33.0,20.0
1783935566.6,713,32624,86,12.0,33.0,0.0
1783935567.2,713,32624,86,11.0,33.0,0.0
1783935567.8,713,32624,86,11.0,33.0,0.0
1783935568.4,713,32624,84,11.0,33.0,0.0
1783935569.0,713,32624,84,11.0,33.0,0.0
1783935569.6,713,32624,84,11.0,33.0,0.0
1783935570.2,713,32624,84,11.0,32.0,0.0
1783935570.8,713,32624,87,10.0,33.0,0.0
1783935571.4,713,32624,103,11.0,33.0,0.0
1783935572.0,713,32624,87,16.0,33.0,46.0
1783935572.5,713,32624,87,12.0,33.0,0.0
1783935573.1,713,32624,87,11.0,33.0,0.0
1783935573.7,713,32624,87,9.0,33.0,0.0
1783935574.3,713,32624,87,15.0,33.0,83.0
1783935574.9,713,32624,87,11.0,33.0,0.0
1783935575.5,713,32624,87,11.0,33.0,0.0
1783935576.1,713,32624,100,14.0,33.0,6.0
1783935576.7,713,32624,87,12.0,33.0,0.0
1783935577.3,713,32624,87,11.0,33.0,0.0
1783935577.9,713,32624,87,16.0,33.0,52.0
1783935578.5,713,32624,87,15.0,33.0,91.0
1783935579.1,713,32624,87,10.0,33.0,0.0
1783935579.7,713,32624,84,11.0,33.0,0.0
1783935580.3,713,32624,84,12.0,33.0,0.0
1783935580.9,713,32624,84,11.0,33.0,0.0
1783935581.4,713,32624,84,11.0,33.0,0.0
1783935582.0,745,32624,96,16.0,33.0,102.0
1783935582.6,743,32624,88,28.0,33.0,11.0
1783935583.2,745,32624,88,17.0,33.0,1408.0
1783935583.8,741,32624,86,27.0,33.0,985.0
1783935584.4,739,32624,84,22.0,33.0,0.0
1783935585.0,739,32624,84,11.0,33.0,0.0
1783935585.6,739,32624,98,25.0,33.0,103.0
1783935586.2,739,32624,108,22.0,33.0,153.0
1783935586.8,739,32624,105,22.0,33.0,0.0
1783935587.4,739,32624,91,11.0,33.0,0.0
1783935588.0,739,32624,102,22.0,33.0,0.0
1783935588.6,739,32624,91,22.0,33.0,0.0
1783935589.2,739,32624,105,11.0,33.0,0.0
1783935589.8,739,32624,89,11.0,33.0,0.0
1783935590.4,739,32624,105,22.0,33.0,0.0
1783935590.9,739,32624,89,10.0,33.0,0.0
1783935591.5,739,32624,105,11.0,33.0,0.0
1783935592.1,739,32624,86,12.0,33.0,0.0
1783935592.7,739,32624,86,11.0,33.0,0.0
1783935593.3,739,32624,86,11.0,33.0,0.0
1783935593.9,739,32624,91,22.0,33.0,0.0
1783935594.5,739,32624,105,26.0,33.0,29.0
1783935595.1,739,32624,105,15.0,33.0,43.0
1783935595.7,739,32624,105,25.0,33.0,23.0
1783935596.3,739,32624,103,25.0,33.0,33.0
1783935596.9,739,32624,100,11.0,33.0,0.0
1783935597.5,739,32624,103,22.0,33.0,0.0
1783935598.0,739,32624,103,22.0,33.0,0.0
1783935598.6,739,32624,87,22.0,33.0,0.0
1783935599.2,739,32624,87,11.0,33.0,0.0
1783935599.8,739,32624,87,13.0,33.0,0.0
1783935600.4,739,32624,89,22.0,33.0,0.0
1783935601.0,739,32624,103,22.0,33.0,0.0
1783935601.6,739,32624,87,12.0,33.0,0.0
1783935602.2,739,32624,87,12.0,33.0,395.0
1783935602.8,739,32624,87,10.0,33.0,0.0
1783935603.4,739,32624,87,11.0,33.0,0.0
1783935604.0,739,32624,87,11.0,33.0,0.0
1783935604.6,739,32624,87,10.0,33.0,0.0
1783935605.2,739,32624,87,11.0,33.0,0.0
1783935605.8,739,32624,87,26.0,33.0,21.0
1783935606.4,739,32624,87,22.0,33.0,0.0
1783935607.0,739,32624,87,11.0,33.0,0.0
1783935607.6,739,32624,92,22.0,33.0,0.0
1783935608.2,739,32624,105,10.0,33.0,0.0
1783935608.8,739,32624,87,10.0,33.0,0.0
1783935609.4,739,32624,88,20.0,33.0,187.0
1783935610.0,739,32624,113,23.0,33.0,0.0
1783935610.6,739,32624,100,12.0,33.0,0.0
1783935611.2,739,32624,87,12.0,33.0,0.0
1783935611.7,739,32624,87,26.0,33.0,603.0
1783935612.3,739,32624,87,11.0,33.0,0.0
1783935612.9,739,32624,89,22.0,33.0,0.0
1783935613.6,739,32624,87,11.0,33.0,0.0
1783935614.2,739,32624,87,11.0,33.0,0.0
1783935614.8,739,32624,87,20.0,33.0,212.0
1783935615.3,739,32624,103,22.0,33.0,0.0
1783935615.9,739,32624,87,10.0,33.0,0.0
1783935616.5,739,32624,91,24.0,33.0,241.0
1783935617.1,739,32624,102,11.0,33.0,0.0
1783935617.7,739,32624,87,11.0,33.0,0.0
1783935618.3,739,32624,105,12.0,33.0,0.0
1783935618.9,739,32624,103,11.0,33.0,0.0
1783935619.5,739,32624,103,11.0,33.0,0.0
1783935620.1,739,32624,100,10.0,33.0,0.0
1783935620.7,739,32624,114,22.0,33.0,0.0
1783935621.4,739,32624,113,25.0,33.0,23.0
1783935622.0,739,32624,119,25.0,33.0,20.0
1783935622.6,739,32624,105,10.0,33.0,0.0
1783935623.2,739,32624,104,22.0,33.0,0.0
1783935623.8,741,32624,109,22.0,33.0,0.0
1783935624.4,741,32624,95,25.0,33.0,27.0
1783935625.0,741,32624,99,21.0,33.0,0.0
1783935625.6,741,32624,99,26.0,34.0,285.0
1783935626.2,741,32624,95,11.0,33.0,0.0
1783935626.7,741,32624,95,23.0,33.0,1263.0
1783935627.4,741,32624,115,11.0,34.0,0.0
1783935627.9,741,32624,90,22.0,33.0,0.0
1783935628.5,741,32624,106,24.0,34.0,294.0
1783935629.1,739,32624,106,22.0,34.0,0.0
1783935629.7,739,32624,104,29.0,33.0,82.0
1783935630.4,739,32624,106,17.0,34.0,1413.0
1783935630.9,739,32624,99,11.0,33.0,0.0
1783935631.5,739,32624,89,16.0,33.0,43.0
1783935632.1,739,32624,89,11.0,33.0,0.0
1783935632.7,739,32624,89,11.0,33.0,0.0
1783935633.3,739,32624,89,11.0,33.0,0.0
1783935633.9,739,32624,89,11.0,33.0,0.0
1783935634.5,739,32624,89,18.0,33.0,500.0
1783935635.1,739,32624,89,17.0,33.0,0.0
1783935635.7,739,32624,100,26.0,33.0,94.0
1783935636.3,739,32624,87,15.0,33.0,43.0
1783935636.9,739,32624,87,10.0,33.0,0.0
1783935637.5,739,32624,87,11.0,33.0,0.0
1783935638.1,739,32624,87,11.0,33.0,0.0
1783935638.7,739,32624,87,18.0,33.0,805.0
1783935639.3,739,32624,87,11.0,33.0,0.0
1783935639.9,739,32624,87,12.0,33.0,0.0
1783935640.5,739,32624,87,12.0,33.0,420.0
1783935641.1,739,32624,84,15.0,33.0,80.0
1783935641.7,739,32624,84,14.0,33.0,0.0
1783935642.3,739,32624,84,16.0,33.0,29.0
1783935642.9,739,32624,84,11.0,33.0,0.0
1783935643.5,739,32624,84,11.0,33.0,0.0
1783935644.1,739,32624,84,10.0,33.0,0.0
1783935644.7,739,32624,84,11.0,33.0,0.0
1783935645.3,739,32624,84,11.0,33.0,0.0
1783935645.9,739,32624,86,12.0,33.0,0.0
1783935646.5,739,32624,86,11.0,33.0,0.0
1783935647.1,739,32624,86,11.0,33.0,0.0
1783935647.7,739,32624,86,14.0,33.0,0.0
1783935648.3,739,32624,101,26.0,33.0,1144.0
1783935648.9,739,32624,101,22.0,34.0,0.0
1783935649.5,739,32624,98,10.0,33.0,0.0
1783935650.1,739,32624,114,26.0,33.0,40.0
1783935650.7,739,32624,104,11.0,33.0,0.0
1783935651.3,739,32624,104,21.0,33.0,0.0
1783935651.9,739,32624,102,22.0,33.0,0.0
1783935652.5,739,32624,88,15.0,33.0,500.0
1783935653.1,739,32624,88,12.0,33.0,0.0
1783935653.7,739,32624,93,27.0,33.0,474.0
1783935654.3,739,32624,102,22.0,34.0,0.0
1783935654.9,739,32624,96,25.0,34.0,11.0
1783935655.5,739,32624,96,25.0,34.0,16.0
1783935656.1,739,32624,96,23.0,34.0,0.0
1783935656.7,739,32624,88,23.0,33.0,0.0
1783935657.3,739,32624,91,27.0,34.0,9.0
1783935657.9,739,32624,87,22.0,34.0,0.0
1783935658.5,739,32624,84,22.0,34.0,0.0
1783935659.1,739,32624,102,22.0,34.0,0.0
1783935659.7,739,32624,89,13.0,33.0,238.0
1783935660.3,739,32624,89,10.0,33.0,0.0
1783935660.9,739,32624,89,11.0,33.0,0.0
1783935661.5,739,32624,89,11.0,33.0,0.0
1783935662.1,739,32624,89,11.0,33.0,0.0
1783935662.7,739,32624,91,25.0,33.0,75.0
1783935663.3,739,32624,94,12.0,33.0,0.0
1783935663.9,739,32624,89,12.0,33.0,0.0
1783935664.5,739,32624,104,29.0,34.0,107.0
1783935665.1,739,32624,104,22.0,34.0,0.0
1783935665.7,739,32624,89,11.0,33.0,0.0
1783935666.3,739,32624,104,11.0,33.0,0.0
1783935666.9,739,32624,89,10.0,33.0,0.0
1783935667.5,739,32624,105,21.0,34.0,0.0
1783935668.0,739,32624,102,10.0,33.0,0.0
1783935668.7,739,32624,89,15.0,33.0,26.0
1783935669.2,739,32624,89,11.0,33.0,0.0
1783935669.8,739,32624,89,10.0,33.0,0.0
1783935670.4,739,32624,89,12.0,33.0,0.0
1783935671.0,739,32624,105,22.0,34.0,0.0
1783935671.6,739,32624,89,22.0,34.0,0.0
1783935672.2,739,32624,91,27.0,33.0,1574.0
1783935672.8,739,32624,89,11.0,34.0,0.0
1783935673.4,742,32624,91,20.0,33.0,25.0
1783935674.0,744,32624,91,11.0,33.0,0.0
1783935674.6,744,32624,91,11.0,33.0,0.0
1783935675.2,744,32624,91,21.0,33.0,34.0
1783935675.8,742,32624,89,16.0,33.0,17.0
1783935676.4,742,32624,89,25.0,34.0,41.0
1783935677.0,742,32624,89,13.0,34.0,0.0
1783935677.6,742,32624,82,22.0,34.0,0.0
1783935678.2,742,32624,98,12.0,34.0,0.0
1783935678.8,742,32624,98,11.0,33.0,0.0
1783935679.4,742,32624,98,20.0,33.0,111.0
1783935680.0,742,32624,100,22.0,33.0,0.0
1783935680.6,742,32624,84,22.0,34.0,0.0
1783935681.2,742,32624,84,11.0,33.0,0.0
1783935681.8,742,32624,84,10.0,33.0,0.0
1783935682.4,742,32624,100,11.0,34.0,0.0
1783935683.0,742,32624,100,28.0,34.0,312.0
1783935683.5,742,32624,98,22.0,33.0,0.0
1783935684.1,742,32624,100,22.0,34.0,0.0
1783935684.7,742,32624,98,22.0,34.0,0.0
1783935685.3,744,32624,93,26.0,34.0,137.0
1783935685.9,744,32624,86,22.0,33.0,0.0
1783935686.5,744,32624,105,22.0,34.0,0.0
1783935687.1,742,32624,91,22.0,34.0,0.0
1783935687.7,744,32624,104,28.0,34.0,1089.0
1783935688.3,744,32624,96,14.0,34.0,52.0
1783935688.9,744,32624,98,22.0,34.0,0.0
1783935689.5,742,32624,111,21.0,34.0,0.0
1783935690.1,742,32624,107,12.0,34.0,0.0
1783935690.7,742,32624,87,15.0,34.0,41.0
1783935691.3,742,32624,109,22.0,34.0,0.0
1783935691.9,742,32624,95,26.0,34.0,76.0
1783935692.5,742,32624,109,22.0,34.0,0.0
1783935693.1,742,32624,89,10.0,34.0,0.0
1783935693.6,742,32624,87,11.0,33.0,0.0
1783935694.2,742,32624,87,11.0,33.0,0.0
1783935694.8,742,32624,87,12.0,33.0,0.0
1783935695.4,742,32624,87,10.0,33.0,0.0
1783935696.0,742,32624,87,12.0,33.0,0.0
1783935696.6,744,32624,89,26.0,33.0,198.0
1783935697.2,744,32624,89,13.0,33.0,444.0
1783935697.8,744,32624,89,12.0,34.0,0.0
1783935698.4,744,32624,89,11.0,33.0,0.0
1783935699.0,744,32624,89,11.0,33.0,0.0
1783935699.6,744,32624,89,11.0,33.0,0.0
1783935700.2,744,32624,89,12.0,33.0,0.0
1783935700.8,744,32624,84,11.0,33.0,0.0
1783935701.4,744,32624,84,17.0,33.0,649.0
1783935702.0,744,32624,82,11.0,33.0,0.0
1783935702.5,744,32624,84,18.0,33.0,0.0
1783935703.1,744,32624,84,12.0,34.0,0.0
1783935703.7,744,32624,84,11.0,34.0,0.0
1783935704.3,744,32624,84,21.0,33.0,270.0
1783935704.9,744,32624,84,14.0,34.0,21.0
1783935705.5,744,32624,82,11.0,33.0,0.0
1783935706.1,744,32624,82,11.0,33.0,0.0
1783935706.7,744,32624,82,20.0,33.0,450.0
1783935707.3,744,32624,98,25.0,33.0,621.0
1783935707.9,744,32624,84,11.0,34.0,0.0
1783935708.5,744,32624,84,11.0,33.0,0.0
1783935709.1,744,32624,84,11.0,33.0,0.0
1783935709.7,744,32624,84,10.0,33.0,0.0
1783935710.3,744,32624,84,10.0,33.0,0.0
1783935710.9,744,32624,84,12.0,33.0,258.0
1783935711.4,744,32624,84,10.0,33.0,0.0
1783935712.0,744,32624,84,11.0,33.0,0.0
1783935712.6,744,32624,98,13.0,33.0,23.0
1783935713.2,744,32624,82,15.0,33.0,23.0
1783935713.8,744,32624,82,11.0,33.0,0.0
1783935714.4,744,32624,82,11.0,33.0,0.0
1783935715.0,744,32624,82,11.0,33.0,0.0
1783935715.6,744,32624,82,11.0,33.0,0.0
1783935716.2,744,32624,82,11.0,33.0,0.0
1783935716.8,744,32624,82,14.0,33.0,21.0
1783935717.4,744,32624,82,12.0,33.0,0.0
1783935718.0,744,32624,82,10.0,33.0,0.0
1783935718.6,744,32624,82,16.0,33.0,92.0
1783935719.1,744,32624,82,11.0,33.0,0.0
1783935719.7,744,32624,82,12.0,33.0,0.0
1783935720.3,744,32624,82,15.0,33.0,42.0
1783935720.9,744,32624,82,11.0,33.0,0.0
1783935721.5,744,32624,82,11.0,33.0,0.0
1783935722.1,744,32624,82,10.0,33.0,0.0
1783935722.7,744,32624,96,12.0,33.0,0.0
1783935723.3,744,32624,82,10.0,33.0,0.0
1783935723.9,744,32624,82,12.0,33.0,0.0
1783935724.5,744,32624,82,19.0,33.0,434.0
1783935725.1,744,32624,82,11.0,33.0,0.0
1783935725.7,744,32624,82,11.0,33.0,0.0
1783935726.3,744,32624,82,10.0,33.0,0.0
1783935726.9,744,32624,82,16.0,33.0,134.0
1783935727.5,744,32624,96,22.0,33.0,0.0
1783935728.0,744,32624,82,11.0,33.0,0.0
1783935728.6,744,32624,82,11.0,33.0,0.0
1783935729.2,744,32624,82,12.0,33.0,0.0
1783935729.8,744,32624,82,11.0,33.0,0.0
1783935730.4,744,32624,82,15.0,33.0,20.0
1783935731.0,744,32624,82,11.0,33.0,0.0
1783935731.6,744,32624,82,11.0,33.0,0.0
1783935732.2,744,32624,82,17.0,33.0,323.0
1783935732.8,744,32624,82,11.0,33.0,0.0
1783935733.4,744,32624,82,16.0,33.0,1490.0
1783935734.0,744,32624,82,20.0,33.0,388.0
1783935734.6,768,32624,106,17.0,33.0,30.0
1783935735.2,768,32624,84,26.0,33.0,23.0
1783935735.8,768,32624,84,11.0,33.0,0.0
1783935736.4,768,32624,84,11.0,33.0,0.0
1783935737.0,768,32624,84,11.0,33.0,0.0
1783935737.6,768,32624,98,15.0,33.0,59.0
1783935738.2,768,32624,84,11.0,33.0,0.0
1783935738.8,768,32624,84,11.0,33.0,0.0
1783935739.4,768,32624,84,12.0,33.0,0.0
1783935740.0,768,32624,84,11.0,33.0,0.0
1783935740.6,768,32624,80,11.0,33.0,0.0
1783935741.2,768,32624,80,13.0,33.0,500.0
1783935741.8,768,32624,80,17.0,33.0,447.0
1783935742.4,768,32624,97,22.0,33.0,0.0
1783935743.0,768,32624,84,14.0,33.0,6.0
1783935743.6,768,32624,84,12.0,33.0,0.0
1783935744.2,768,32624,84,11.0,33.0,0.0
1783935744.8,768,32624,84,16.0,33.0,21.0
1783935745.4,768,32624,84,11.0,33.0,0.0
1783935746.0,768,32624,80,12.0,33.0,0.0
1783935746.6,768,32624,80,11.0,33.0,0.0
1783935747.2,768,32624,80,11.0,33.0,0.0
1783935747.8,768,32624,80,10.0,33.0,0.0
1783935748.4,768,32624,80,15.0,33.0,40.0
1783935749.0,768,32624,80,11.0,33.0,0.0
1783935749.6,768,32624,80,12.0,33.0,0.0
1783935750.2,768,32624,80,11.0,33.0,0.0
1783935750.8,768,32624,80,12.0,33.0,0.0
1783935751.3,768,32624,80,11.0,33.0,0.0
1783935751.9,768,32624,80,10.0,33.0,0.0
1783935752.5,768,32624,94,21.0,33.0,0.0
1783935753.1,768,32624,80,10.0,33.0,0.0
1783935753.7,768,32624,80,11.0,33.0,0.0
1783935754.3,768,32624,80,11.0,33.0,0.0
1783935754.9,768,32624,80,11.0,33.0,0.0
1783935755.5,768,32624,80,14.0,33.0,15.0
1783935756.1,768,32624,80,10.0,33.0,0.0
1783935756.7,764,32624,80,11.0,33.0,0.0
1783935757.3,764,32624,94,23.0,33.0,314.0
1783935757.9,764,32624,94,11.0,33.0,0.0
1783935758.5,764,32624,80,10.0,33.0,0.0
1783935759.1,764,32624,80,11.0,33.0,0.0
1783935759.7,764,32624,80,15.0,33.0,42.0
1783935760.3,764,32624,80,12.0,33.0,0.0
1783935760.9,764,32624,80,16.0,33.0,390.0
1783935761.4,764,32624,80,11.0,33.0,0.0
1783935762.0,764,32624,80,10.0,33.0,0.0
1783935762.6,764,32624,80,11.0,33.0,0.0
1783935763.2,764,32624,80,12.0,33.0,0.0
1783935763.8,764,32624,80,12.0,33.0,0.0
1783935764.4,764,32624,80,10.0,33.0,0.0
1783935765.0,764,32624,80,11.0,33.0,0.0
1783935765.6,764,32624,80,11.0,33.0,0.0
1783935766.2,764,32624,80,10.0,33.0,0.0
1783935766.8,764,32624,80,11.0,33.0,0.0
1783935767.4,764,32624,94,26.0,33.0,20.0
1783935768.0,764,32624,80,20.0,33.0,500.0
1783935768.6,764,32624,80,11.0,33.0,0.0
1783935769.2,764,32624,80,11.0,33.0,0.0
1783935769.8,764,32624,80,10.0,33.0,0.0
1783935770.4,764,32624,80,11.0,33.0,0.0
1783935771.0,764,32624,80,10.0,33.0,0.0
1783935771.5,764,32624,80,12.0,33.0,0.0
1783935772.1,764,32624,82,16.0,33.0,133.0
1783935772.7,764,32624,96,11.0,33.0,0.0
1783935773.3,764,32624,82,13.0,33.0,264.0
1783935773.9,764,32624,82,11.0,33.0,0.0
1783935774.5,764,32624,82,11.0,33.0,0.0
1783935775.1,764,32624,82,12.0,33.0,0.0
1783935775.7,764,32624,82,12.0,33.0,0.0
1783935776.3,764,32624,82,11.0,33.0,0.0
1783935776.9,764,32624,82,15.0,33.0,16.0
1783935777.5,764,32624,82,14.0,33.0,446.0
1783935778.1,764,32624,82,11.0,33.0,0.0
1783935778.7,764,32624,82,12.0,33.0,0.0
1783935779.3,764,32624,82,11.0,33.0,0.0
1783935779.9,764,32624,82,11.0,33.0,0.0
1783935780.5,764,32624,82,12.0,33.0,0.0
1783935781.1,764,32624,82,11.0,33.0,0.0
1783935781.6,764,32624,82,10.0,33.0,0.0
1783935782.3,764,32624,100,22.0,33.0,0.0
1783935782.9,764,32624,85,10.0,33.0,0.0
1783935783.5,764,32624,82,12.0,33.0,0.0
1783935784.1,764,32624,82,11.0,33.0,0.0
1783935784.7,764,32624,82,11.0,33.0,0.0
1783935785.3,764,32624,82,13.0,33.0,243.0
1783935785.9,764,32624,82,11.0,33.0,0.0
1783935786.4,764,32624,82,10.0,33.0,0.0
1783935787.0,764,32624,82,16.0,33.0,26.0
1783935787.6,764,32624,96,22.0,33.0,0.0
1783935788.2,764,32624,82,11.0,33.0,0.0
1783935788.8,764,32624,82,11.0,33.0,0.0
1783935789.4,764,32624,82,12.0,33.0,0.0
1783935790.0,764,32624,82,11.0,33.0,0.0
1783935790.6,764,32624,82,16.0,33.0,21.0
1783935791.2,764,32624,82,10.0,33.0,0.0
1783935791.8,764,32624,82,11.0,33.0,0.0
1783935792.4,764,32624,82,14.0,33.0,30.0
1783935793.0,764,32624,82,12.0,33.0,0.0
1783935793.6,764,32624,82,11.0,33.0,0.0
1783935794.2,764,32624,82,11.0,33.0,0.0
1783935794.8,764,32624,82,10.0,33.0,0.0
1783935795.4,764,32624,82,11.0,33.0,0.0
1783935796.0,764,32624,82,12.0,33.0,0.0
1783935796.5,764,32624,82,10.0,33.0,0.0
1783935797.1,764,32624,82,11.0,33.0,0.0
1783935797.7,764,32624,98,13.0,33.0,0.0
1783935798.3,764,32624,82,11.0,33.0,0.0
1783935798.9,764,32624,82,11.0,33.0,0.0
1783935799.5,764,32624,82,11.0,33.0,0.0
1783935800.1,764,32624,82,11.0,33.0,0.0
1783935800.7,764,32624,80,11.0,33.0,0.0
1783935801.3,764,32624,80,11.0,33.0,0.0
1783935801.9,764,32624,80,11.0,33.0,0.0
1783935802.5,764,32624,94,28.0,33.0,6.0
1783935803.1,764,32624,80,12.0,33.0,0.0
1783935803.7,764,32624,80,10.0,33.0,0.0
1783935804.3,764,32624,80,15.0,33.0,22.0
1783935804.9,764,32624,80,10.0,33.0,0.0
1783935805.5,764,32624,80,11.0,33.0,0.0
1783935806.1,764,32624,80,14.0,33.0,43.0
1783935806.7,764,32624,80,11.0,33.0,0.0
1783935807.2,764,32624,80,11.0,33.0,0.0
1783935807.8,764,32624,80,15.0,33.0,134.0
1783935808.4,764,32624,80,11.0,33.0,0.0
1783935809.0,764,32624,80,12.0,33.0,0.0
1783935809.6,764,32624,80,14.0,33.0,470.0
1783935810.2,764,32624,80,11.0,33.0,0.0
1783935810.8,764,32624,80,10.0,33.0,0.0
1783935811.4,764,32624,80,15.0,33.0,457.0
1783935812.0,764,32624,80,12.0,33.0,0.0
1783935812.6,764,32624,112,22.0,33.0,0.0
1783935813.2,764,32624,82,15.0,33.0,27.0
1783935813.8,764,32624,82,11.0,33.0,0.0
1783935814.4,764,32624,82,10.0,33.0,0.0
1783935815.0,764,32624,82,15.0,33.0,17.0
1783935815.6,764,32624,82,11.0,33.0,0.0
1783935816.2,764,32624,82,11.0,33.0,0.0
1783935816.8,764,32624,82,11.0,33.0,0.0
1783935817.4,764,32624,96,22.0,33.0,0.0
1783935818.0,764,32624,82,11.0,33.0,0.0
1783935818.6,764,32624,82,11.0,33.0,0.0
1783935819.2,764,32624,82,12.0,33.0,0.0
1783935819.8,764,32624,82,17.0,33.0,124.0
1783935820.4,764,32624,82,11.0,33.0,0.0
1783935821.0,764,32624,82,11.0,33.0,0.0
1783935821.6,764,32624,82,21.0,33.0,127.0
1783935822.1,764,32624,82,11.0,33.0,0.0
1783935822.7,764,32624,82,11.0,33.0,0.0
1783935823.3,764,32624,82,10.0,33.0,0.0
1783935823.9,764,32624,82,12.0,33.0,0.0
1783935824.5,764,32624,82,12.0,33.0,0.0
1783935825.1,764,32624,82,11.0,33.0,0.0
1783935825.7,764,32624,82,11.0,33.0,0.0
1783935826.3,764,32624,82,11.0,33.0,0.0
1783935826.9,764,32624,82,11.0,33.0,0.0
1783935827.5,764,32624,98,22.0,33.0,0.0
1783935828.1,764,32624,82,11.0,33.0,0.0
1783935828.7,764,32624,82,16.0,33.0,69.0
1783935829.3,764,32624,82,17.0,33.0,136.0
1783935829.9,764,32624,82,11.0,33.0,0.0
1783935830.5,764,32624,82,12.0,33.0,0.0
1783935831.1,764,32624,82,11.0,33.0,0.0
1783935831.7,764,32624,82,11.0,33.0,0.0
1783935832.3,764,32624,82,11.0,33.0,0.0
1783935832.9,764,32624,96,11.0,33.0,0.0
1783935833.5,764,32624,82,22.0,33.0,0.0
1783935834.1,764,32624,82,11.0,33.0,0.0
1783935834.6,764,32624,82,10.0,33.0,0.0
1783935835.2,764,32624,82,11.0,33.0,0.0
1783935835.8,764,32624,82,12.0,33.0,0.0
1783935836.4,764,32624,82,12.0,33.0,0.0
1783935837.0,764,32624,82,11.0,33.0,0.0
1783935837.6,764,32624,82,11.0,33.0,0.0
1783935838.2,764,32624,82,11.0,33.0,0.0
1783935838.8,764,32624,82,10.0,33.0,0.0
1783935839.4,764,32624,82,10.0,33.0,0.0
1783935840.0,764,32624,82,11.0,33.0,0.0
1783935840.6,764,32624,80,11.0,33.0,0.0
1783935841.2,764,32624,80,10.0,33.0,0.0
1783935841.8,764,32624,80,12.0,33.0,0.0
1783935842.4,764,32624,94,25.0,33.0,23.0
1783935843.0,764,32624,94,11.0,33.0,0.0
1783935843.6,764,32624,80,11.0,33.0,0.0
1783935844.1,764,32624,80,11.0,33.0,0.0
1783935844.7,764,32624,80,12.0,33.0,0.0
1783935845.3,764,32624,80,11.0,33.0,0.0
1783935845.9,764,32624,80,11.0,33.0,0.0
1783935846.5,764,32624,80,11.0,33.0,0.0
1783935847.1,764,32624,80,11.0,33.0,0.0
1783935847.7,764,32624,93,11.0,33.0,0.0
1783935848.3,764,32624,93,11.0,33.0,0.0
1783935848.9,764,32624,79,11.0,33.0,0.0
1783935849.5,764,32624,79,22.0,33.0,0.0
1783935850.1,764,32624,79,11.0,33.0,0.0
1783935850.7,764,32624,79,11.0,33.0,0.0
1783935851.3,764,32624,80,18.0,33.0,0.0
1783935851.9,764,32624,80,12.0,33.0,0.0
1783935852.4,764,32624,80,11.0,33.0,0.0
1783935853.0,764,32624,80,11.0,33.0,0.0
1783935853.6,755,32624,88,11.0,33.0,0.0
1783935854.2,755,32624,88,11.0,33.0,0.0
1783935854.8,755,32624,88,11.0,33.0,0.0
1783935855.4,745,32624,84,22.0,33.0,0.0
1783935856.0,745,32624,84,11.0,33.0,0.0
1783935856.6,745,32624,84,11.0,33.0,0.0
1783935857.2,745,32624,84,11.0,33.0,0.0
1783935857.8,745,32624,97,11.0,33.0,0.0
1783935858.4,745,32624,83,10.0,33.0,0.0
1783935859.0,745,32624,83,11.0,33.0,0.0
1783935859.6,745,32624,84,12.0,33.0,0.0
1783935860.2,745,32624,84,11.0,32.0,0.0
1783935860.8,745,32624,84,10.0,33.0,0.0
1783935861.3,745,32624,84,11.0,33.0,0.0
1783935861.9,745,32624,84,11.0,33.0,0.0
1783935862.5,745,32624,97,11.0,33.0,0.0
1783935863.1,745,32624,97,11.0,33.0,0.0
1783935863.7,745,32624,83,11.0,33.0,0.0
1783935864.3,745,32624,84,10.0,33.0,0.0
1783935864.9,745,32624,84,11.0,33.0,0.0
1783935865.5,745,32624,84,12.0,33.0,0.0
1783935866.1,745,32624,84,10.0,33.0,0.0
1783935866.7,745,32624,84,11.0,33.0,0.0
1783935867.3,745,32624,84,11.0,32.0,0.0
1783935867.9,745,32624,84,11.0,33.0,0.0
1783935868.5,745,32624,84,11.0,32.0,0.0
1783935869.0,745,32624,84,12.0,33.0,0.0
1783935869.6,745,32624,84,10.0,33.0,0.0
1783935870.2,745,32624,84,10.0,32.0,0.0
1783935870.8,745,32624,84,11.0,33.0,0.0
1783935871.4,745,32624,84,12.0,33.0,0.0
1783935872.0,745,32624,84,11.0,33.0,0.0
1783935872.6,745,32624,104,14.0,33.0,0.0
1783935873.2,745,32624,86,11.0,33.0,0.0
1783935873.8,745,32624,86,11.0,33.0,0.0
1783935874.4,745,32624,86,19.0,33.0,261.0
1783935875.0,745,32624,86,11.0,32.0,0.0
1783935875.6,745,32624,86,11.0,33.0,0.0
1783935876.2,745,32624,86,12.0,33.0,0.0
1783935876.7,745,32624,86,11.0,33.0,0.0
1783935877.3,745,32624,99,11.0,33.0,0.0
1783935877.9,745,32624,99,11.0,33.0,0.0
1783935878.5,745,32624,86,11.0,33.0,0.0
1783935879.1,745,32624,86,11.0,33.0,0.0
1783935879.7,745,32624,86,11.0,33.0,0.0
1783935880.3,745,32624,86,11.0,33.0,0.0
1783935880.9,745,32624,86,12.0,33.0,0.0
1783935881.5,745,32624,86,11.0,33.0,0.0
1783935882.1,745,32624,86,11.0,33.0,0.0
1783935882.7,745,32624,86,12.0,33.0,0.0
1783935883.3,745,32624,86,10.0,33.0,0.0
1783935883.9,745,32624,86,12.0,33.0,0.0
1783935884.4,745,32624,86,11.0,33.0,0.0
1783935885.0,745,32624,86,11.0,32.0,0.0
1783935885.6,745,32624,86,12.0,32.0,0.0
1783935886.2,745,32624,86,10.0,32.0,0.0
1783935886.8,745,32624,86,11.0,33.0,0.0
1783935887.4,745,32624,99,21.0,33.0,0.0
1783935888.0,745,32624,99,12.0,33.0,0.0
1783935888.6,745,32624,91,26.0,33.0,41.0
1783935889.2,745,32624,91,12.0,33.0,0.0
1783935889.8,745,32624,85,11.0,33.0,0.0
1783935890.4,745,32624,85,11.0,32.0,0.0
1783935891.0,745,32624,85,12.0,32.0,0.0
1783935891.6,745,32624,85,12.0,33.0,0.0
1783935892.1,745,32624,85,11.0,33.0,0.0
1783935892.7,745,32624,99,11.0,33.0,0.0
1783935893.3,745,32624,99,11.0,33.0,0.0
1783935893.9,745,32624,85,11.0,32.0,0.0
1783935894.5,745,32624,85,11.0,33.0,0.0
1783935895.1,745,32624,85,11.0,33.0,0.0
1783935895.7,745,32624,85,11.0,32.0,0.0
1783935896.3,745,32624,85,11.0,32.0,0.0
1783935896.9,745,32624,85,11.0,32.0,0.0
1783935897.5,745,32624,85,11.0,32.0,0.0
1783935898.1,745,32624,85,10.0,32.0,0.0
1783935898.7,745,32624,85,13.0,32.0,0.0
1783935899.3,745,32624,91,11.0,33.0,0.0
1783935899.9,745,32624,91,11.0,32.0,0.0
1783935900.4,745,32624,85,12.0,33.0,0.0
1783935901.0,745,32624,85,11.0,33.0,0.0
1783935901.6,745,32624,85,11.0,33.0,0.0
1783935902.2,745,32624,81,11.0,33.0,0.0
1783935902.9,745,32624,101,22.0,33.0,0.0
1783935903.4,745,32624,86,10.0,33.0,0.0
1783935904.0,745,32624,86,11.0,33.0,0.0
1783935904.6,745,32624,86,10.0,33.0,0.0
1783935905.2,745,32624,86,10.0,33.0,0.0
1783935905.8,745,32624,86,11.0,33.0,0.0
1783935906.4,745,32624,86,11.0,33.0,0.0
1783935907.0,745,32624,86,11.0,33.0,0.0
1783935907.6,745,32624,99,10.0,33.0,0.0
1783935908.2,745,32624,99,11.0,33.0,0.0
1783935908.8,745,32624,92,25.0,33.0,19.0
1783935909.4,745,32624,92,14.0,33.0,8.0
1783935910.0,745,32624,86,11.0,33.0,0.0
1783935910.6,745,32624,86,11.0,33.0,0.0
1783935911.1,745,32624,86,11.0,33.0,0.0
1783935911.7,745,32624,86,10.0,33.0,0.0
1783935912.3,745,32624,86,11.0,33.0,0.0
1783935912.9,745,32624,86,11.0,33.0,0.0
1783935913.5,747,32624,88,22.0,33.0,0.0
1783935914.1,747,32624,88,11.0,33.0,0.0
1783935914.7,747,32624,88,10.0,33.0,0.0
1783935915.3,747,32624,88,10.0,33.0,0.0
1783935915.9,747,32624,88,16.0,33.0,6.0
1783935916.5,747,32624,88,12.0,33.0,0.0
1783935917.1,747,32624,88,11.0,33.0,0.0
1783935917.7,747,32624,105,11.0,33.0,0.0
1783935918.3,747,32624,105,12.0,32.0,0.0
1783935918.9,747,32624,88,10.0,33.0,0.0
1783935919.5,747,32624,88,12.0,33.0,0.0
1783935920.0,747,32624,88,11.0,33.0,0.0
1783935920.6,747,32624,88,11.0,33.0,0.0
1783935921.2,747,32624,88,16.0,33.0,29.0
1783935921.8,747,32624,88,15.0,33.0,20.0
1783935922.4,747,32624,102,25.0,32.0,29.0
1783935923.0,747,32624,88,22.0,33.0,0.0
1783935923.6,747,32624,88,11.0,33.0,0.0
1783935924.2,747,32624,88,11.0,33.0,0.0
1783935924.8,747,32624,88,11.0,33.0,0.0
1783935925.4,747,32624,88,12.0,33.0,0.0
1783935926.0,747,32624,88,10.0,33.0,0.0
1783935926.6,747,32624,88,10.0,33.0,0.0
1783935927.2,747,32624,88,11.0,33.0,0.0
1783935927.8,747,32624,88,11.0,33.0,0.0
1783935928.4,747,32624,88,11.0,33.0,0.0
1783935929.0,747,32624,88,10.0,33.0,0.0
1783935929.6,747,32624,88,11.0,32.0,0.0
1783935930.1,747,32624,88,10.0,33.0,0.0
1783935930.7,747,32624,88,11.0,32.0,0.0
1783935931.3,747,32624,88,11.0,32.0,0.0
1783935931.9,747,32624,88,11.0,33.0,0.0
1783935932.5,747,32624,105,26.0,33.0,29.0
1783935933.1,747,32624,105,11.0,33.0,0.0
1783935933.7,747,32624,94,11.0,33.0,0.0
1783935934.3,747,32624,94,10.0,33.0,0.0
1783935934.9,747,32624,88,10.0,33.0,0.0
1783935935.5,747,32624,88,11.0,32.0,0.0
1783935936.1,747,32624,88,11.0,33.0,0.0
1783935936.7,747,32624,88,12.0,32.0,0.0
1783935937.3,747,32624,95,17.0,32.0,103.0
1783935937.9,747,32624,101,10.0,32.0,0.0
1783935938.5,747,32624,88,11.0,32.0,0.0
1783935939.1,747,32624,88,11.0,32.0,0.0
1783935939.7,747,32624,88,12.0,33.0,0.0
1783935940.3,747,32624,88,12.0,32.0,0.0
1783935940.9,747,32624,88,11.0,33.0,0.0
1783935941.5,747,32624,88,16.0,32.0,13.0
1783935942.1,747,32624,88,12.0,32.0,0.0
1783935942.6,747,32624,88,11.0,32.0,0.0
1783935943.2,747,32624,88,11.0,32.0,0.0
1783935943.8,747,32624,88,10.0,32.0,0.0
1783935944.4,747,32624,88,11.0,32.0,0.0
1783935945.0,747,32624,88,11.0,33.0,0.0
1783935945.6,747,32624,88,11.0,32.0,0.0
1783935946.2,747,32624,88,11.0,32.0,0.0
1783935946.8,747,32624,88,12.0,32.0,0.0
1783935947.4,747,32624,102,22.0,33.0,0.0
1783935948.0,747,32624,111,11.0,33.0,0.0
1783935948.6,747,32624,88,11.0,32.0,0.0
1783935949.2,747,32624,88,11.0,33.0,0.0
1783935949.8,747,32624,88,11.0,33.0,0.0
1783935950.4,747,32624,88,10.0,32.0,0.0
1783935951.0,747,32624,88,10.0,32.0,0.0
1783935951.6,747,32624,88,12.0,32.0,0.0
1783935952.2,747,32624,88,10.0,32.0,0.0
1783935952.7,747,32624,102,10.0,33.0,0.0
1783935953.3,747,32624,102,11.0,32.0,0.0
1783935953.9,747,32624,88,10.0,33.0,0.0
1783935954.5,747,32624,88,11.0,32.0,0.0
1783935955.1,747,32624,88,10.0,33.0,0.0
1783935955.7,747,32624,88,10.0,32.0,0.0
1783935956.3,747,32624,88,13.0,33.0,0.0
1783935956.9,747,32624,88,11.0,33.0,0.0
1783935957.5,747,32624,88,22.0,33.0,0.0
1783935958.1,747,32624,88,12.0,32.0,0.0
1783935958.7,747,32624,88,11.0,32.0,0.0
1783935959.3,747,32624,88,14.0,32.0,51.0
1783935959.9,747,32624,88,10.0,32.0,0.0
1783935960.5,747,32624,88,14.0,33.0,20.0
1783935961.1,747,32624,88,11.0,32.0,0.0
1783935961.7,747,32624,88,11.0,32.0,0.0
1783935962.3,747,32624,97,26.0,33.0,142.0
1783935962.9,747,32624,110,22.0,33.0,0.0
1783935963.5,747,32624,94,11.0,33.0,0.0
1783935964.1,747,32624,88,11.0,33.0,0.0
1783935964.7,747,32624,94,10.0,33.0,0.0
1783935965.3,747,32624,94,12.0,33.0,0.0
1783935965.9,747,32624,94,11.0,32.0,0.0
1783935966.5,747,32624,94,11.0,32.0,0.0
1783935967.1,747,32624,88,14.0,33.0,423.0
1783935967.7,747,32624,102,12.0,33.0,0.0
1783935968.3,747,32624,102,11.0,33.0,0.0
1783935968.9,747,32624,102,11.0,33.0,0.0
1783935969.4,747,32624,88,12.0,33.0,0.0
1783935970.0,747,32624,88,11.0,33.0,0.0
1783935970.6,747,32624,88,10.0,32.0,0.0
1783935971.2,747,32624,88,11.0,32.0,0.0
1783935971.8,747,32624,88,11.0,33.0,0.0
1783935972.4,747,32624,88,12.0,33.0,0.0
1783935973.0,747,32624,85,11.0,33.0,0.0
1783935973.6,747,32624,85,11.0,33.0,0.0
1783935974.2,747,32624,85,11.0,32.0,0.0
1783935974.8,747,32624,91,11.0,32.0,0.0
1783935975.4,747,32624,86,10.0,32.0,0.0
1783935976.0,747,32624,86,11.0,32.0,0.0
1783935976.6,747,32624,88,12.0,32.0,0.0
1783935977.2,747,32624,88,12.0,32.0,0.0
1783935977.8,747,32624,130,23.0,33.0,0.0
1783935978.4,747,32624,96,11.0,33.0,0.0
1783935979.0,747,32624,96,11.0,33.0,0.0
1783935979.6,747,32624,81,10.0,33.0,0.0
1783935980.2,747,32624,81,12.0,33.0,0.0
1783935980.8,747,32624,81,12.0,33.0,0.0
1783935981.4,747,32624,81,11.0,33.0,0.0
1783935981.9,747,32624,81,11.0,32.0,0.0
1783935982.5,747,32624,95,10.0,32.0,0.0
1783935983.1,747,32624,81,11.0,33.0,0.0
1783935983.7,747,32624,81,12.0,33.0,0.0
1783935984.3,747,32624,81,10.0,32.0,0.0
1783935984.9,747,32624,81,12.0,33.0,0.0
1783935985.5,747,32624,81,12.0,33.0,0.0
1783935986.1,747,32624,81,11.0,32.0,0.0
1783935986.7,747,32624,86,10.0,32.0,0.0
1783935987.3,747,32624,86,11.0,33.0,0.0
1783935987.9,747,32624,86,10.0,33.0,0.0
1783935988.5,747,32624,86,12.0,32.0,0.0
1783935989.1,747,32624,86,11.0,33.0,0.0
1783935989.7,747,32624,86,11.0,32.0,0.0
1783935990.3,747,32624,86,11.0,32.0,0.0
1783935990.9,747,32624,86,9.0,32.0,0.0
1783935991.5,747,32624,86,9.0,32.0,0.0
1783935992.1,747,32624,86,10.0,33.0,0.0
1783935992.7,747,32624,97,11.0,32.0,0.0
1783935993.3,747,32624,97,11.0,32.0,0.0
1783935993.8,747,32624,97,10.0,33.0,0.0
1783935994.4,747,32624,97,11.0,33.0,0.0
1783935995.0,747,32624,88,11.0,33.0,0.0
1783935995.6,747,32624,88,13.0,32.0,0.0
1783935996.2,747,32624,88,11.0,32.0,0.0
1783935996.8,747,32624,88,10.0,32.0,0.0
1783935997.4,747,32624,95,22.0,33.0,0.0
1783935998.0,747,32624,95,12.0,33.0,0.0
1783935998.6,747,32624,95,10.0,32.0,0.0
1783935999.2,747,32624,95,11.0,32.0,0.0
1783935999.8,747,32624,91,11.0,32.0,0.0
1783936000.4,747,32624,91,12.0,32.0,0.0
1783936001.0,747,32624,91,11.0,33.0,0.0
1783936001.6,747,32624,91,10.0,33.0,0.0
1783936002.2,747,32624,108,22.0,33.0,0.0
1783936002.8,747,32624,108,30.0,33.0,785.0
1783936003.4,747,32624,108,21.0,33.0,0.0
1783936004.0,747,32624,108,10.0,33.0,0.0
1783936004.6,747,32624,90,11.0,33.0,0.0
1783936005.2,747,32624,90,11.0,33.0,0.0
1783936005.8,747,32624,94,23.0,33.0,0.0
1783936006.4,747,32624,88,15.0,33.0,32.0
1783936007.0,747,32624,88,11.0,33.0,0.0
1783936007.6,747,32624,88,9.0,32.0,0.0
1783936008.2,747,32624,92,11.0,33.0,0.0
1783936008.8,747,32624,120,25.0,33.0,1086.0
1783936009.3,747,32624,120,22.0,33.0,0.0
1783936010.0,747,32624,102,22.0,33.0,0.0
1783936010.6,747,32624,120,22.0,33.0,0.0
1783936011.2,747,32624,111,12.0,33.0,0.0
1783936011.8,747,32624,111,12.0,33.0,0.0
1783936012.4,747,32624,111,11.0,33.0,0.0
1783936013.0,747,32624,111,12.0,33.0,0.0
1783936013.6,747,32624,87,12.0,33.0,0.0
1783936014.2,747,32624,87,11.0,32.0,0.0
1783936014.8,747,32624,110,26.0,33.0,27.0
1783936015.4,747,32624,110,11.0,33.0,0.0
1783936015.9,747,32624,110,9.0,33.0,0.0
1783936016.5,747,32624,100,11.0,33.0,0.0
1783936017.1,747,32624,100,11.0,33.0,0.0
1783936017.7,747,32624,100,12.0,33.0,0.0
1783936018.3,747,32624,100,9.0,33.0,0.0
1783936018.9,747,32624,108,11.0,33.0,0.0
1783936019.5,747,32624,108,11.0,33.0,0.0
1783936020.1,747,32624,86,11.0,33.0,0.0
1783936020.7,747,32624,86,11.0,33.0,0.0
1783936021.3,747,32624,86,11.0,33.0,0.0
1783936021.9,747,32624,86,12.0,32.0,0.0
1783936022.5,747,32624,86,12.0,33.0,0.0
1783936023.1,747,32624,86,11.0,33.0,0.0
1783936023.7,747,32624,91,11.0,33.0,0.0
1783936024.3,747,32624,104,10.0,33.0,0.0
1783936024.9,747,32624,85,22.0,33.0,0.0
1783936025.5,747,32624,98,10.0,33.0,0.0
1783936026.1,747,32624,98,13.0,33.0,0.0
1783936026.7,747,32624,85,22.0,33.0,937.0
1783936027.3,747,32624,87,16.0,33.0,10.0
1783936027.9,747,32624,93,16.0,33.0,69.0
1783936028.5,747,32624,87,10.0,33.0,0.0
1783936029.1,747,32624,87,10.0,33.0,0.0
1783936029.7,747,32624,87,15.0,33.0,38.0
1783936030.3,747,32624,87,15.0,33.0,1236.0
1783936030.9,747,32624,87,11.0,33.0,0.0
1783936031.5,747,32624,82,11.0,33.0,0.0
1783936032.1,747,32624,84,11.0,33.0,0.0
1783936032.7,747,32624,98,10.0,33.0,0.0
1783936033.3,747,32624,98,10.0,33.0,0.0
1783936033.9,747,32624,98,12.0,33.0,0.0
1783936034.5,747,32624,111,21.0,33.0,0.0
1783936035.1,747,32624,104,11.0,33.0,0.0
1783936035.7,747,32624,104,23.0,33.0,0.0
1783936036.3,747,32624,104,12.0,33.0,0.0
1783936036.9,747,32624,88,12.0,33.0,0.0
1783936037.5,747,32624,88,10.0,33.0,0.0
1783936038.0,747,32624,88,11.0,33.0,0.0
1783936038.6,747,32624,89,26.0,33.0,44.0
1783936039.3,747,32624,89,15.0,33.0,89.0
1783936039.9,747,32624,89,11.0,33.0,0.0
1783936040.5,747,32624,89,12.0,33.0,0.0
1783936041.1,747,32624,95,11.0,33.0,0.0
1783936041.7,747,32624,90,13.0,32.0,0.0
1783936042.3,747,32624,90,11.0,33.0,0.0
1783936042.9,747,32624,90,9.0,33.0,0.0
1783936043.5,747,32624,90,10.0,33.0,0.0
1783936044.1,747,32624,131,16.0,33.0,1110.0
1783936044.7,747,32624,106,26.0,33.0,6.0
1783936045.3,747,32624,99,10.0,33.0,0.0
1783936045.9,747,32624,111,22.0,33.0,0.0
1783936046.5,747,32624,102,10.0,33.0,0.0
1783936047.1,747,32624,104,10.0,33.0,0.0
1783936047.7,747,32624,110,11.0,33.0,0.0
1783936048.3,747,32624,110,12.0,33.0,0.0
1783936048.9,747,32624,91,12.0,33.0,0.0
1783936049.5,747,32624,104,23.0,33.0,0.0
1783936050.1,747,32624,104,12.0,33.0,0.0
1783936050.7,747,32624,108,12.0,33.0,0.0
1783936051.3,747,32624,98,12.0,33.0,0.0
1783936051.9,747,32624,85,18.0,33.0,1458.0
1783936052.5,747,32624,85,15.0,33.0,52.0
1783936053.1,747,32624,91,14.0,33.0,30.0
1783936053.7,747,32624,89,22.0,33.0,0.0
1783936054.3,747,32624,89,11.0,33.0,0.0
1783936054.9,747,32624,89,12.0,33.0,0.0
1783936055.5,747,32624,103,17.0,33.0,468.0
1783936056.1,747,32624,86,15.0,33.0,33.0
1783936056.7,747,32624,108,22.0,33.0,0.0
1783936057.3,747,32624,124,13.0,33.0,0.0
1783936057.9,747,32624,98,12.0,33.0,0.0
1783936058.5,747,32624,98,11.0,32.0,0.0
1783936059.1,747,32624,98,10.0,33.0,0.0
1783936059.7,747,32624,98,9.0,33.0,0.0
1783936060.3,747,32624,98,9.0,33.0,0.0
1783936060.9,747,32624,98,9.0,32.0,0.0
1783936061.5,747,32624,98,11.0,33.0,0.0
1783936062.0,747,32624,98,11.0,33.0,0.0
1783936062.7,747,32624,98,11.0,32.0,0.0
1783936063.2,747,32624,98,9.0,32.0,0.0
1783936063.8,747,32624,98,9.0,32.0,0.0
1783936064.4,747,32624,98,22.0,33.0,0.0
1783936065.0,747,32624,108,26.0,33.0,95.0
1783936065.6,747,32624,104,11.0,33.0,0.0
1783936066.2,747,32624,88,11.0,33.0,0.0
1783936066.8,747,32624,88,11.0,33.0,0.0
1783936067.4,747,32624,90,10.0,33.0,0.0
1783936068.0,747,32624,90,11.0,33.0,0.0
1783936068.6,747,32624,86,17.0,32.0,787.0
1783936069.2,747,32624,117,11.0,33.0,299.0
1783936069.8,747,32624,104,14.0,33.0,48.0
1783936070.4,747,32624,128,26.0,33.0,113.0
1783936071.0,747,32624,111,27.0,33.0,89.0
1783936071.6,747,32624,97,10.0,33.0,0.0
1783936072.2,747,32624,97,11.0,33.0,0.0
1783936072.8,747,32624,92,11.0,33.0,0.0
1783936073.4,747,32624,92,11.0,32.0,0.0
1783936074.0,747,32624,92,10.0,33.0,0.0
1783936074.6,747,32624,92,11.0,33.0,0.0
1783936075.2,747,32624,100,11.0,33.0,0.0
1783936075.8,747,32624,100,11.0,33.0,0.0
1783936076.4,747,32624,88,11.0,33.0,0.0
1783936077.0,747,32624,101,11.0,33.0,0.0
1783936077.6,747,32624,104,12.0,33.0,0.0
1783936078.2,747,32624,98,22.0,33.0,0.0
1783936078.8,747,32624,88,21.0,33.0,149.0
1783936079.4,747,32624,93,17.0,33.0,1337.0
1783936080.0,747,32624,91,11.0,33.0,0.0
1783936080.6,747,32624,85,11.0,33.0,0.0
1783936081.2,747,32624,101,10.0,33.0,0.0
1783936081.8,747,32624,101,10.0,33.0,0.0
1783936082.4,747,32624,112,11.0,33.0,0.0
1783936083.0,747,32624,102,12.0,33.0,0.0
1783936083.6,747,32624,110,16.0,33.0,1747.0
1783936084.2,747,32624,94,17.0,33.0,1688.0
1783936084.8,747,32624,93,11.0,33.0,0.0
1783936085.4,747,32624,93,17.0,33.0,249.0
1783936086.0,747,32624,90,16.0,33.0,792.0
1783936086.5,747,32624,90,18.0,33.0,533.0
1783936087.1,747,32624,104,14.0,33.0,387.0
1783936087.7,747,32624,104,12.0,33.0,0.0
1783936088.3,747,32624,104,14.0,33.0,624.0
1783936088.9,747,32624,104,11.0,33.0,0.0
1783936089.5,747,32624,104,17.0,33.0,993.0
1783936090.1,747,32624,94,11.0,33.0,0.0
1783936090.7,747,32624,94,13.0,33.0,0.0
1783936091.3,747,32624,90,15.0,33.0,119.0
1783936091.9,747,32624,100,22.0,33.0,0.0
1783936092.5,747,32624,100,22.0,33.0,0.0
1783936093.1,747,32624,98,10.0,33.0,0.0
1783936093.7,752,32624,98,11.0,33.0,0.0
1783936094.3,752,32624,98,10.0,33.0,0.0
1783936094.9,752,32624,88,11.0,33.0,0.0
1783936095.5,752,32624,88,11.0,33.0,0.0
1783936096.1,752,32624,88,10.0,33.0,0.0
1783936096.7,752,32624,88,11.0,33.0,0.0
1783936097.3,752,32624,88,10.0,33.0,0.0
1783936097.9,752,32624,88,12.0,33.0,0.0
1783936098.4,752,32624,97,23.0,33.0,0.0
1783936099.0,752,32624,97,12.0,33.0,0.0
1783936099.6,752,32624,103,14.0,33.0,6.0
1783936100.2,752,32624,86,15.0,33.0,6.0
1783936100.8,752,32624,98,13.0,33.0,0.0
1783936101.4,752,32624,96,25.0,33.0,20.0
1783936102.0,752,32624,104,22.0,33.0,0.0
1783936102.6,752,32624,104,22.0,33.0,0.0
1783936103.2,752,32624,99,10.0,33.0,0.0
1783936103.8,752,32624,86,11.0,33.0,0.0
1783936104.4,752,32624,98,25.0,33.0,12.0
1783936105.0,752,32624,115,15.0,33.0,0.0
1783936105.6,752,32624,82,22.0,33.0,0.0
1783936106.2,752,32624,101,24.0,33.0,49.0
1783936106.8,752,32624,101,11.0,33.0,0.0
1783936107.4,752,32624,101,11.0,33.0,0.0
1783936108.0,752,32624,101,11.0,33.0,0.0
1783936108.6,752,32624,99,27.0,33.0,47.0
1783936109.2,752,32624,112,22.0,33.0,0.0
1783936109.9,752,32624,104,22.0,33.0,0.0
1783936110.4,752,32624,107,11.0,33.0,0.0
1783936111.0,752,32624,104,22.0,33.0,0.0
1783936111.6,752,32624,104,13.0,33.0,0.0
1783936112.2,752,32624,100,11.0,33.0,0.0
1783936112.8,752,32624,100,11.0,33.0,0.0
1783936113.4,752,32624,103,22.0,33.0,0.0
1783936114.0,752,32624,87,11.0,33.0,0.0
1783936114.6,752,32624,87,11.0,33.0,0.0
1783936115.2,752,32624,87,11.0,33.0,0.0
1783936115.8,752,32624,86,15.0,33.0,29.0
1783936116.4,752,32624,86,11.0,33.0,0.0
1783936117.0,752,32624,86,11.0,33.0,0.0
1783936117.6,752,32624,84,17.0,33.0,1684.0
1783936118.2,752,32624,91,11.0,33.0,0.0
1783936118.8,752,32624,91,15.0,33.0,98.0
1783936119.4,752,32624,89,10.0,33.0,0.0
1783936120.0,752,32624,89,17.0,33.0,1344.0
1783936120.6,752,32624,91,12.0,33.0,0.0
1783936121.2,752,32624,91,13.0,33.0,0.0
1783936121.8,752,32624,114,11.0,33.0,0.0
1783936122.4,752,32624,85,11.0,33.0,0.0
1783936122.9,752,32624,98,11.0,33.0,0.0
1783936123.5,752,32624,98,9.0,33.0,0.0
1783936124.1,752,32624,98,10.0,33.0,0.0
1783936124.7,752,32624,85,22.0,33.0,0.0
1783936125.3,752,32624,98,11.0,33.0,0.0
1783936125.9,752,32624,98,11.0,33.0,0.0
1783936126.5,752,32624,98,10.0,33.0,0.0
1783936127.1,752,32624,98,10.0,33.0,0.0
1783936127.7,752,32624,98,12.0,33.0,0.0
1783936128.3,752,32624,98,11.0,33.0,0.0
1783936128.9,752,32624,98,10.0,33.0,0.0
1783936129.5,752,32624,98,10.0,33.0,0.0
1783936130.1,752,32624,98,10.0,33.0,0.0
1783936130.7,752,32624,82,22.0,33.0,0.0
1783936131.3,752,32624,98,11.0,33.0,0.0
1783936131.9,752,32624,98,11.0,33.0,0.0
1783936132.5,752,32624,98,9.0,33.0,0.0
1783936133.1,752,32624,98,10.0,33.0,0.0
1783936133.7,752,32624,85,24.0,33.0,393.0
1783936134.3,752,32624,104,12.0,33.0,0.0
1783936134.8,752,32624,104,12.0,33.0,0.0
1783936135.4,752,32624,88,22.0,33.0,0.0
1783936136.1,752,32624,99,30.0,33.0,642.0
1783936136.6,752,32624,99,19.0,33.0,0.0
1783936137.2,752,32624,99,11.0,33.0,0.0
1783936137.8,754,32624,98,22.0,33.0,0.0
1783936138.4,754,32624,100,11.0,33.0,0.0
1783936139.0,752,32624,100,11.0,33.0,0.0
1783936139.6,752,32624,100,11.0,33.0,0.0
1783936140.2,752,32624,104,11.0,33.0,0.0
1783936140.8,752,32624,104,12.0,33.0,0.0
1783936141.4,752,32624,104,11.0,33.0,0.0
1783936142.0,752,32624,104,12.0,33.0,0.0
1783936142.6,752,32624,100,22.0,33.0,0.0
1783936143.2,752,32624,100,28.0,33.0,1193.0
1783936143.8,752,32624,100,11.0,33.0,0.0
1783936144.4,752,32624,102,26.0,33.0,10.0
1783936145.0,754,32624,111,27.0,33.0,69.0
1783936145.6,754,32624,100,22.0,33.0,0.0
1783936146.2,754,32624,100,12.0,33.0,0.0
1783936146.8,754,32624,100,11.0,33.0,0.0
1783936147.4,752,32624,98,10.0,33.0,0.0
1783936148.0,752,32624,98,10.0,33.0,0.0
1783936148.6,752,32624,98,11.0,33.0,0.0
1783936149.2,752,32624,98,9.0,33.0,0.0
1783936149.8,752,32624,98,11.0,33.0,0.0
1783936150.4,752,32624,98,12.0,33.0,0.0
1783936151.0,752,32624,98,11.0,33.0,0.0
1783936151.6,752,32624,97,22.0,33.0,0.0
1783936152.1,752,32624,100,11.0,33.0,0.0
1783936152.8,757,32624,113,23.0,33.0,0.0
1783936153.4,756,32624,108,22.0,33.0,0.0
1783936154.0,758,32624,104,11.0,33.0,0.0
1783936154.6,758,32624,112,24.0,33.0,500.0
1783936155.2,758,32624,125,26.0,33.0,6.0
1783936155.9,758,32624,110,22.0,33.0,0.0
1783936156.7,758,32624,87,20.0,33.0,253.0
1783936157.5,758,32624,103,15.0,33.0,0.0
1783936158.3,758,32624,109,22.0,34.0,0.0
1783936159.0,758,32624,98,24.0,33.0,0.0
1783936159.8,758,32624,98,22.0,33.0,0.0
1783936160.6,758,32624,85,11.0,33.0,0.0
1783936161.3,758,32624,119,22.0,33.0,0.0
1783936162.0,758,32624,91,14.0,33.0,17.0
1783936162.7,758,32624,117,25.0,33.0,77.0
1783936163.4,758,32624,104,28.0,33.0,230.0
1783936164.1,758,32624,91,12.0,33.0,0.0
1783936164.7,758,32624,85,11.0,33.0,0.0
1783936165.4,758,32624,87,22.0,33.0,0.0
1783936166.1,758,32624,93,12.0,33.0,0.0
1783936166.9,758,32624,85,14.0,33.0,608.0
1783936167.5,762,32624,95,15.0,33.0,47.0
1783936168.2,758,32624,89,14.0,33.0,10.0
1783936168.9,758,32624,83,15.0,33.0,23.0
1783936169.6,758,32624,85,11.0,33.0,0.0
1783936170.2,758,32624,89,15.0,33.0,1390.0
1783936170.9,758,32624,89,15.0,33.0,29.0
1783936171.6,758,32624,88,24.0,33.0,30.0
1783936172.2,758,32624,82,16.0,33.0,44.0
1783936172.9,758,32624,86,16.0,33.0,137.0
1783936173.6,758,32624,88,21.0,33.0,22.0
1783936174.3,758,32624,88,15.0,33.0,78.0
1783936175.0,758,32624,104,27.0,33.0,6.0
1783936175.8,755,32624,106,11.0,33.0,0.0
1783936176.5,755,32624,89,14.0,33.0,110.0
1783936177.3,755,32624,85,14.0,33.0,6.0
1783936178.0,755,32624,82,13.0,33.0,0.0
1783936178.7,755,32624,82,14.0,33.0,188.0
1783936179.6,755,32624,81,26.0,33.0,1382.0
1783936180.3,755,32624,95,28.0,33.0,8.0
1783936181.0,755,32624,110,11.0,33.0,0.0
1783936181.7,755,32624,103,26.0,34.0,30.0
1783936182.3,755,32624,81,17.0,33.0,252.0
1783936183.0,755,32624,108,11.0,33.0,0.0
1783936183.7,755,32624,108,16.0,33.0,93.0
1783936184.4,755,32624,95,15.0,33.0,41.0
1783936185.0,755,32624,83,11.0,33.0,0.0
1783936185.8,755,32624,98,11.0,34.0,0.0
1783936186.4,755,32624,93,13.0,33.0,0.0
1783936187.3,755,32624,93,14.0,33.0,0.0
1783936188.0,755,32624,79,11.0,33.0,0.0
1783936188.7,755,32624,107,31.0,33.0,1636.0
1783936189.5,755,32624,93,11.0,33.0,0.0
1783936190.1,755,32624,100,28.0,34.0,1751.0
1783936190.7,755,32624,94,14.0,33.0,12.0
1783936191.3,755,32624,84,11.0,33.0,0.0
1783936191.9,755,32624,84,12.0,33.0,0.0
1783936192.5,755,32624,84,15.0,33.0,1203.0
1783936193.1,755,32624,74,22.0,34.0,0.0
1783936193.7,755,32624,74,11.0,33.0,0.0
1783936194.3,660,32624,60,11.0,33.0,0.0
1783936194.9,660,32624,60,20.0,33.0,565.0
1783936195.5,660,32624,60,10.0,33.0,0.0
1783936196.1,660,32624,61,12.0,33.0,0.0
1783936196.7,660,32624,61,11.0,33.0,0.0
1783936197.2,660,32624,61,10.0,33.0,0.0
1783936197.8,660,32624,54,11.0,33.0,0.0
1783936198.4,660,32624,57,16.0,33.0,240.0
1783936199.0,660,32624,57,12.0,33.0,0.0
1783936199.6,660,32624,57,11.0,33.0,0.0
1783936200.2,660,32624,57,12.0,33.0,0.0
1783936200.8,660,32624,57,11.0,33.0,0.0
1783936201.4,660,32624,57,12.0,33.0,0.0
1783936202.0,660,32624,57,10.0,33.0,0.0
1783936202.6,633,32624,57,16.0,33.0,937.0
1783936203.2,633,32624,57,10.0,33.0,0.0
1783936203.8,633,32624,57,12.0,33.0,0.0
1783936204.3,633,32624,57,10.0,33.0,0.0
1783936204.9,633,32624,57,11.0,33.0,0.0
1783936205.5,633,32624,57,11.0,33.0,0.0
1783936206.1,633,32624,57,11.0,33.0,0.0
1783936206.7,633,32624,57,11.0,33.0,0.0
1783936207.3,633,32624,57,11.0,33.0,0.0
1783936207.9,633,32624,57,11.0,33.0,0.0
1783936208.5,633,32624,57,12.0,33.0,0.0
1783936209.1,633,32624,57,13.0,33.0,0.0
1783936209.7,633,32624,57,10.0,33.0,0.0
1783936210.3,633,32624,57,20.0,33.0,454.0
1783936210.9,633,32624,57,11.0,33.0,0.0
1783936211.4,633,32624,63,11.0,33.0,0.0
1783936212.0,656,32624,86,27.0,33.0,1714.0
1783936212.6,656,32624,86,14.0,33.0,17.0
1783936213.2,656,32624,92,11.0,33.0,0.0
1783936213.8,656,32624,88,11.0,33.0,0.0
1783936214.4,656,32624,88,22.0,33.0,0.0
1783936215.0,656,32624,76,11.0,33.0,0.0
1783936215.6,656,32624,76,11.0,33.0,0.0
1783936216.2,656,32624,76,11.0,33.0,0.0
1783936216.8,656,32624,76,15.0,33.0,34.0
1783936217.4,656,32624,76,18.0,33.0,603.0
1783936218.0,656,32624,86,12.0,33.0,0.0
1783936218.6,656,32624,86,12.0,33.0,0.0
1783936219.2,656,32624,86,9.0,33.0,0.0
1783936219.7,656,32624,86,9.0,33.0,0.0
1783936220.3,656,32624,78,10.0,33.0,0.0
1783936220.9,652,32624,78,11.0,33.0,0.0
1783936221.5,652,32624,78,12.0,33.0,0.0
1783936222.1,652,32624,78,11.0,33.0,0.0
1783936222.7,652,32624,78,11.0,33.0,0.0
1783936223.3,652,32624,78,11.0,33.0,0.0
1783936223.9,652,32624,78,10.0,33.0,0.0
1783936224.5,652,32624,78,11.0,33.0,0.0
1783936225.1,652,32624,78,11.0,33.0,0.0
1783936225.7,652,32624,78,11.0,33.0,0.0
1783936226.3,652,32624,78,11.0,33.0,0.0
1783936226.9,652,32624,78,11.0,33.0,0.0
1783936227.4,652,32624,78,16.0,33.0,1666.0
1783936228.0,652,32624,78,10.0,33.0,0.0
1783936228.6,652,32624,78,10.0,33.0,0.0
1783936229.2,652,32624,78,11.0,33.0,0.0
1783936229.8,652,32624,78,11.0,33.0,0.0
1783936230.4,652,32624,78,11.0,33.0,0.0
1783936231.0,652,32624,78,9.0,33.0,0.0
1783936231.6,652,32624,78,9.0,33.0,0.0
1783936232.2,652,32624,78,10.0,33.0,0.0
1783936232.8,652,32624,78,10.0,33.0,0.0
1783936233.4,652,32624,78,10.0,33.0,0.0
1783936234.0,652,32624,78,10.0,33.0,0.0
1783936234.6,652,32624,78,12.0,33.0,0.0
1783936235.1,652,32624,78,11.0,33.0,0.0
1783936235.7,652,32624,78,12.0,33.0,0.0
1783936236.3,652,32624,78,11.0,33.0,0.0
1783936236.9,652,32624,78,12.0,33.0,0.0
1783936237.5,652,32624,78,12.0,33.0,0.0
1783936238.1,652,32624,78,12.0,33.0,0.0
1783936238.7,652,32624,78,10.0,33.0,0.0
1783936239.3,652,32624,78,18.0,33.0,242.0
1783936239.9,652,32624,78,11.0,33.0,0.0
1783936240.5,652,32624,78,9.0,33.0,0.0
1783936241.1,652,32624,78,10.0,33.0,0.0
1783936241.7,652,32624,78,11.0,33.0,0.0
1783936242.3,641,32624,78,11.0,33.0,0.0
1783936242.8,641,32624,78,11.0,33.0,0.0
1783936243.4,641,32624,78,11.0,33.0,0.0
1783936244.0,641,32624,78,12.0,33.0,117.0
1783936244.6,641,32624,78,17.0,33.0,977.0
1783936245.2,641,32624,78,19.0,33.0,19.0
1783936245.8,641,32624,78,11.0,33.0,0.0
1783936246.4,641,32624,78,10.0,33.0,0.0
1783936247.0,641,32624,78,11.0,33.0,0.0
1783936247.6,641,32624,78,10.0,33.0,0.0
1783936248.2,641,32624,78,11.0,33.0,0.0
1783936248.8,641,32624,78,15.0,33.0,36.0
1783936249.4,641,32624,78,11.0,33.0,0.0
1783936250.0,641,32624,78,11.0,33.0,0.0
1783936250.6,641,32624,76,11.0,33.0,0.0
1783936251.2,641,32624,76,10.0,33.0,0.0
1783936251.7,641,32624,76,10.0,33.0,0.0
1783936252.3,641,32624,76,11.0,33.0,0.0
1783936252.9,641,32624,76,11.0,33.0,0.0
1783936253.5,641,32624,76,11.0,33.0,0.0
1783936254.1,641,32624,76,11.0,33.0,0.0
1783936254.7,641,32624,76,11.0,33.0,0.0
1783936255.3,641,32624,76,11.0,33.0,0.0
1783936255.9,641,32624,76,11.0,33.0,0.0
1783936256.5,641,32624,76,12.0,33.0,0.0
1783936257.1,641,32624,76,12.0,33.0,0.0
1783936257.7,641,32624,76,11.0,33.0,0.0
1783936258.3,641,32624,76,11.0,33.0,0.0
1783936258.9,641,32624,76,11.0,33.0,0.0
1783936259.5,641,32624,76,11.0,33.0,0.0
1783936260.1,656,32624,78,16.0,33.0,1010.0
1783936260.7,656,32624,76,16.0,33.0,102.0
1783936261.3,656,32624,76,25.0,33.0,23.0
1783936261.9,656,32624,87,25.0,33.0,65.0
1783936262.5,656,32624,87,15.0,33.0,6.0
1783936263.1,663,32624,79,22.0,33.0,0.0
1783936263.7,663,32624,79,10.0,33.0,0.0
1783936264.4,676,32624,73,26.0,33.0,74.0
1783936265.1,676,32624,67,11.0,33.0,0.0
1783936265.7,703,32624,94,29.0,33.0,1614.0
1783936266.3,701,32624,84,22.0,33.0,0.0
1783936267.0,701,32624,69,11.0,33.0,0.0
1783936267.6,697,32624,69,22.0,33.0,0.0
1783936268.2,697,32624,75,22.0,33.0,0.0
1783936268.8,697,32624,77,22.0,33.0,0.0
1783936269.5,709,32624,79,27.0,33.0,1278.0
1783936270.1,701,32624,83,22.0,33.0,0.0
1783936270.7,738,32624,100,30.0,33.0,1094.0
1783936271.3,721,32624,96,26.0,33.0,0.0
1783936272.1,718,32624,94,22.0,33.0,0.0
1783936272.8,717,32624,94,24.0,33.0,259.0
1783936273.4,717,32624,91,25.0,34.0,53.0
1783936274.0,717,32624,91,10.0,33.0,0.0
1783936274.6,717,32624,78,11.0,33.0,0.0
1783936275.2,717,32624,91,22.0,34.0,0.0
1783936275.8,717,32624,89,22.0,34.0,0.0
1783936276.4,717,32624,89,20.0,34.0,0.0
1783936277.0,717,32624,73,11.0,33.0,0.0
1783936277.6,717,32624,75,25.0,34.0,61.0
1783936278.2,717,32624,75,11.0,33.0,0.0
1783936278.8,717,32624,75,13.0,33.0,273.0
1783936279.4,717,32624,89,15.0,33.0,19.0
1783936280.0,717,32624,72,12.0,33.0,0.0
1783936280.6,717,32624,72,10.0,33.0,0.0
1783936281.2,717,32624,72,12.0,33.0,0.0
1783936281.8,717,32624,72,15.0,33.0,35.0
1783936282.4,717,32624,72,11.0,33.0,0.0
1783936282.9,717,32624,72,11.0,33.0,0.0
1783936283.5,717,32624,72,11.0,33.0,0.0
1783936284.1,717,32624,72,11.0,33.0,0.0
1783936284.7,717,32624,72,11.0,33.0,0.0
1783936285.3,717,32624,72,11.0,33.0,0.0
1783936285.9,717,32624,72,12.0,33.0,0.0
1783936286.5,717,32624,72,10.0,33.0,0.0
1783936287.1,717,32624,72,10.0,33.0,0.0
1783936287.7,717,32624,72,22.0,33.0,0.0
1783936288.3,717,32624,72,12.0,33.0,0.0
1783936288.9,717,32624,72,11.0,33.0,0.0
1783936289.5,717,32624,72,11.0,33.0,0.0
1783936290.1,717,32624,72,11.0,33.0,0.0
1783936290.6,717,32624,72,11.0,33.0,0.0
1783936291.2,717,32624,72,15.0,33.0,41.0
1783936291.8,717,32624,72,11.0,33.0,0.0
1783936292.4,717,32624,72,10.0,33.0,0.0
1783936293.0,717,32624,72,10.0,33.0,0.0
1783936293.6,717,32624,74,22.0,33.0,0.0
1783936294.2,717,32624,74,11.0,33.0,0.0
1783936294.8,717,32624,72,25.0,33.0,500.0
1783936295.4,717,32624,72,11.0,33.0,0.0
1783936296.0,717,32624,74,16.0,33.0,85.0
1783936296.6,717,32624,74,11.0,33.0,0.0
1783936297.2,717,32624,88,11.0,33.0,0.0
1783936297.8,717,32624,74,15.0,33.0,24.0
1783936298.4,717,32624,72,10.0,34.0,0.0
1783936299.0,717,32624,74,22.0,33.0,0.0
1783936299.6,717,32624,74,12.0,33.0,0.0
1783936300.2,717,32624,74,12.0,33.0,0.0
1783936300.7,717,32624,72,16.0,33.0,258.0
1783936301.3,717,32624,72,12.0,33.0,0.0
1783936301.9,717,32624,74,22.0,33.0,0.0
1783936302.5,717,32624,86,21.0,33.0,0.0
1783936303.1,717,32624,72,12.0,33.0,0.0
1783936303.7,717,32624,72,12.0,33.0,0.0
1783936304.3,717,32624,72,11.0,33.0,0.0
1783936304.9,717,32624,72,11.0,33.0,0.0
1783936305.5,717,32624,72,11.0,33.0,0.0
1783936306.1,717,32624,72,11.0,33.0,0.0
1783936306.7,717,32624,72,10.0,33.0,0.0
1783936307.3,717,32624,72,18.0,33.0,459.0
1783936307.9,717,32624,72,26.0,33.0,106.0
1783936308.5,717,32624,72,11.0,33.0,0.0
1783936309.1,717,32624,78,14.0,33.0,20.0
1783936309.7,717,32624,78,11.0,33.0,0.0
1783936310.2,717,32624,74,19.0,33.0,89.0
1783936310.9,717,32624,100,27.0,34.0,25.0
1783936311.4,717,32624,102,10.0,33.0,0.0
1783936312.0,717,32624,91,10.0,33.0,0.0
1783936312.6,717,32624,77,11.0,33.0,0.0
1783936313.2,717,32624,110,22.0,34.0,0.0
1783936313.8,717,32624,75,11.0,33.0,0.0
1783936314.4,717,32624,73,14.0,33.0,18.0
1783936315.0,717,32624,73,10.0,33.0,0.0
1783936315.6,717,32624,75,28.0,33.0,0.0
1783936316.2,717,32624,75,16.0,33.0,82.0
1783936316.8,717,32624,72,11.0,33.0,0.0
1783936317.4,717,32624,83,22.0,34.0,0.0
1783936318.0,717,32624,74,15.0,33.0,53.0
1783936318.6,728,32624,102,27.0,33.0,1634.0
1783936319.2,728,32624,100,13.0,34.0,35.0
1783936319.8,765,32624,125,27.0,34.0,45.0
1783936320.5,765,32624,125,22.0,34.0,0.0
1783936321.1,765,32624,123,14.0,33.0,250.0
1783936321.7,765,32624,107,25.0,34.0,29.0
1783936322.3,765,32624,94,22.0,34.0,0.0
1783936322.9,765,32624,94,26.0,34.0,135.0
1783936323.5,765,32624,81,22.0,34.0,0.0
1783936324.1,765,32624,78,11.0,34.0,0.0
1783936324.7,765,32624,81,22.0,34.0,0.0
1783936325.3,765,32624,88,11.0,33.0,0.0
1783936325.9,765,32624,93,25.0,33.0,25.0
1783936326.5,765,32624,94,26.0,34.0,73.0
1783936327.1,765,32624,81,11.0,34.0,0.0
1783936327.7,765,32624,81,11.0,33.0,0.0
1783936328.3,765,32624,81,14.0,33.0,500.0
1783936328.9,765,32624,81,22.0,34.0,0.0
1783936329.5,765,32624,86,22.0,34.0,0.0
1783936330.1,765,32624,96,11.0,34.0,0.0
1783936330.7,765,32624,79,11.0,33.0,0.0
1783936331.3,765,32624,79,10.0,34.0,0.0
1783936331.9,765,32624,79,11.0,33.0,0.0
1783936332.5,765,32624,79,22.0,33.0,0.0
1783936333.1,765,32624,79,11.0,33.0,0.0
1783936333.7,769,32624,102,26.0,34.0,34.0
1783936334.3,776,32624,112,30.0,34.0,373.0
1783936334.9,814,32624,124,25.0,34.0,6.0
1783936335.5,803,32624,119,22.0,34.0,0.0
1783936336.1,803,32624,119,23.0,34.0,0.0
1783936336.7,799,32624,98,22.0,34.0,0.0
1783936337.3,799,32624,75,11.0,34.0,0.0
1783936337.9,799,32624,75,11.0,34.0,0.0
1783936338.5,799,32624,98,25.0,34.0,546.0
1783936339.1,799,32624,91,23.0,34.0,247.0
1783936339.7,799,32624,78,11.0,34.0,0.0
1783936340.3,799,32624,78,15.0,34.0,83.0
1783936340.9,799,32624,78,10.0,33.0,0.0
1783936341.5,799,32624,88,22.0,33.0,0.0
1783936342.1,799,32624,78,26.0,34.0,6.0
1783936342.7,799,32624,78,11.0,34.0,0.0
1783936343.3,799,32624,78,11.0,33.0,0.0
1783936343.9,795,32624,111,22.0,34.0,0.0
1783936344.5,795,32624,87,22.0,34.0,0.0
1783936345.1,795,32624,74,11.0,34.0,0.0
1783936345.7,795,32624,74,15.0,34.0,43.0
1783936346.3,795,32624,85,12.0,34.0,0.0
1783936346.9,795,32624,105,22.0,34.0,0.0
1783936347.5,795,32624,89,22.0,33.0,0.0
1783936348.1,795,32624,75,12.0,34.0,0.0
1783936348.7,797,32624,103,27.0,34.0,106.0
1783936349.3,797,32624,101,22.0,34.0,0.0
1783936349.9,797,32624,93,23.0,34.0,0.0
1783936350.5,797,32624,76,11.0,34.0,0.0
1783936351.1,797,32624,74,11.0,34.0,0.0
1783936351.7,797,32624,74,11.0,33.0,0.0
1783936352.3,797,32624,100,26.0,34.0,58.0
1783936352.9,795,32624,107,12.0,34.0,0.0
1783936353.5,795,32624,95,11.0,34.0,0.0
1783936354.1,795,32624,91,28.0,34.0,416.0
1783936354.7,795,32624,77,11.0,34.0,0.0
1783936355.3,800,32624,110,22.0,34.0,0.0
1783936355.9,816,32624,134,33.0,34.0,58.0
1783936356.5,805,32624,124,32.0,34.0,193.0
1783936357.1,805,32624,124,23.0,34.0,0.0
1783936357.7,805,32624,100,12.0,34.0,0.0
1783936358.3,805,32624,110,23.0,34.0,0.0
1783936358.9,805,32624,100,12.0,34.0,0.0
1783936359.5,805,32624,81,11.0,34.0,0.0
1783936360.1,805,32624,81,26.0,34.0,28.0
1783936360.7,805,32624,73,26.0,34.0,1542.0
1783936361.3,805,32624,99,21.0,34.0,0.0
1783936361.9,805,32624,83,22.0,34.0,0.0
1783936362.5,805,32624,73,11.0,33.0,0.0
1783936363.1,805,32624,73,12.0,34.0,0.0
1783936363.7,805,32624,83,21.0,34.0,0.0
1783936364.3,805,32624,73,15.0,34.0,0.0
1783936364.9,805,32624,73,11.0,34.0,0.0
1783936365.5,805,32624,99,27.0,34.0,35.0
1783936366.1,805,32624,84,23.0,34.0,0.0
1783936366.7,805,32624,70,10.0,34.0,0.0
1783936367.3,805,32624,88,22.0,34.0,0.0
1783936367.9,805,32624,102,29.0,34.0,645.0
1783936368.5,805,32624,96,22.0,34.0,0.0
1783936369.1,805,32624,71,11.0,34.0,0.0
1783936369.7,805,32624,71,10.0,34.0,0.0
1783936370.3,805,32624,71,10.0,33.0,0.0
1783936370.9,805,32624,75,19.0,34.0,387.0
1783936371.5,805,32624,75,13.0,34.0,0.0
1783936372.1,805,32624,71,13.0,34.0,0.0
1783936372.7,805,32624,80,23.0,34.0,0.0
1783936373.3,805,32624,76,14.0,34.0,50.0
1783936373.9,805,32624,81,22.0,34.0,0.0
1783936374.5,805,32624,81,19.0,34.0,886.0
1783936375.2,811,32624,114,27.0,34.0,98.0
1783936375.8,800,32624,105,24.0,34.0,47.0
1783936376.4,800,32624,105,26.0,34.0,104.0
1783936377.0,787,32624,96,11.0,34.0,0.0
1783936377.6,787,32624,82,12.0,34.0,0.0
1783936378.2,787,32624,73,12.0,34.0,0.0
1783936378.8,787,32624,73,11.0,34.0,0.0
1783936379.4,787,32624,73,11.0,34.0,0.0
1783936380.0,787,32624,73,10.0,34.0,0.0
1783936380.6,787,32624,73,20.0,34.0,376.0
1783936381.2,787,32624,73,11.0,34.0,0.0
1783936381.8,787,32624,73,11.0,34.0,0.0
1783936382.4,787,32624,73,10.0,33.0,0.0
1783936383.0,787,32624,73,12.0,34.0,0.0
1783936383.6,787,32624,73,11.0,34.0,0.0
1783936384.2,787,32624,73,13.0,34.0,0.0
1783936384.8,787,32624,97,25.0,34.0,500.0
1783936385.4,793,32624,109,22.0,34.0,0.0
1783936386.0,797,32624,107,25.0,34.0,31.0
1783936386.6,797,32624,107,26.0,34.0,1050.0
1783936387.2,786,32624,98,22.0,34.0,0.0
1783936387.8,786,32624,84,11.0,34.0,0.0
1783936388.4,786,32624,75,11.0,34.0,0.0
1783936389.0,786,32624,75,12.0,34.0,0.0
1783936389.6,786,32624,75,16.0,34.0,68.0
1783936390.2,786,32624,75,11.0,34.0,0.0
1783936390.8,786,32624,75,11.0,34.0,0.0
1783936391.4,786,32624,75,11.0,34.0,0.0
1783936391.9,786,32624,75,11.0,34.0,0.0
1783936392.5,786,32624,75,10.0,34.0,0.0
1783936393.1,786,32624,75,11.0,34.0,0.0
1783936393.7,786,32624,75,12.0,34.0,0.0
1783936394.3,786,32624,75,11.0,34.0,0.0
1783936394.9,786,32624,75,11.0,34.0,0.0
1783936395.5,786,32624,75,10.0,34.0,0.0
1783936396.1,786,32624,75,11.0,34.0,0.0
1783936396.7,786,32624,75,12.0,34.0,0.0
1783936397.3,786,32624,75,11.0,33.0,0.0
1783936397.9,792,32624,116,22.0,34.0,0.0
1783936398.5,796,32624,112,25.0,34.0,390.0
1783936399.1,796,32624,107,26.0,34.0,59.0
1783936399.7,796,32624,107,31.0,34.0,32.0
1783936400.3,786,32624,98,22.0,34.0,0.0
1783936400.9,786,32624,75,11.0,34.0,0.0
1783936401.4,786,32624,75,11.0,34.0,0.0
1783936402.0,786,32624,75,14.0,34.0,34.0
1783936402.6,786,32624,75,11.0,34.0,0.0
1783936403.2,786,32624,75,11.0,34.0,0.0
1783936403.8,786,32624,75,11.0,34.0,0.0
1783936404.4,786,32624,75,11.0,33.0,0.0
1783936405.0,786,32624,75,11.0,34.0,0.0
1783936405.6,786,32624,75,16.0,34.0,27.0
1783936406.2,786,32624,75,11.0,33.0,0.0
1783936406.8,786,32624,75,11.0,34.0,0.0
1783936407.4,786,32624,75,14.0,34.0,17.0
1783936408.0,786,32624,75,10.0,33.0,0.0
1783936408.6,786,32624,75,11.0,34.0,0.0
1783936409.1,786,32624,75,11.0,33.0,0.0
1783936409.7,786,32624,75,11.0,34.0,0.0
1783936410.3,786,32624,88,22.0,34.0,0.0
1783936410.9,796,32624,101,28.0,34.0,962.0
1783936411.5,796,32624,107,25.0,34.0,62.0
1783936412.1,796,32624,107,25.0,34.0,26.0
1783936412.7,786,32624,91,10.0,34.0,0.0
1783936413.3,786,32624,84,11.0,34.0,0.0
1783936413.9,786,32624,75,11.0,34.0,0.0
1783936414.5,786,32624,75,11.0,34.0,0.0
1783936415.1,786,32624,75,10.0,34.0,0.0
1783936415.7,786,32624,75,11.0,34.0,0.0
1783936416.3,786,32624,75,11.0,33.0,0.0
1783936416.9,786,32624,75,10.0,34.0,0.0
1783936417.5,786,32624,75,11.0,34.0,0.0
1783936418.0,786,32624,75,11.0,34.0,0.0
1783936418.6,786,32624,75,10.0,34.0,0.0
1783936419.2,786,32624,75,11.0,33.0,0.0
1783936419.8,786,32624,75,11.0,34.0,0.0
1783936420.4,786,32624,75,11.0,33.0,0.0
1783936421.0,786,32624,75,11.0,34.0,0.0
1783936421.6,786,32624,75,11.0,34.0,0.0
1783936422.2,786,32624,75,12.0,33.0,0.0
1783936422.8,786,32624,75,12.0,34.0,0.0
1783936423.4,786,32624,75,11.0,34.0,0.0
1783936424.0,786,32624,75,11.0,34.0,0.0
1783936424.5,786,32624,75,11.0,33.0,0.0
1783936425.1,786,32624,75,10.0,33.0,0.0
1783936425.7,786,32624,75,10.0,33.0,0.0
1783936426.3,786,32624,75,11.0,33.0,0.0
1783936426.9,786,32624,75,12.0,33.0,0.0
1783936427.5,786,32624,75,12.0,33.0,0.0
1783936428.1,786,32624,75,11.0,33.0,0.0
1783936428.7,786,32624,75,12.0,33.0,0.0
1783936429.3,786,32624,75,11.0,33.0,0.0
1783936429.9,786,32624,75,11.0,33.0,0.0
1783936430.5,786,32624,75,12.0,33.0,0.0
1783936431.1,786,32624,75,11.0,33.0,0.0
1783936431.7,786,32624,75,10.0,33.0,0.0
1783936432.2,786,32624,81,18.0,33.0,1094.0
1783936432.8,786,32624,81,11.0,33.0,0.0
1783936433.4,786,32624,81,11.0,33.0,0.0
1783936434.0,786,32624,81,10.0,33.0,0.0
1783936434.6,786,32624,81,9.0,33.0,0.0
1783936435.2,786,32624,81,10.0,33.0,0.0
1783936435.8,786,32624,81,10.0,33.0,0.0
1783936436.4,786,32624,81,10.0,33.0,0.0
1783936437.0,786,32624,81,10.0,33.0,0.0
1783936437.6,786,32624,81,10.0,33.0,0.0
1783936438.2,786,32624,81,9.0,33.0,0.0
1783936438.8,786,32624,81,10.0,33.0,0.0
1783936439.3,786,32624,81,8.0,33.0,0.0
1783936439.9,792,32624,94,22.0,34.0,0.0
1783936440.5,804,32624,118,23.0,34.0,196.0
1783936441.1,804,32624,118,25.0,34.0,315.0
1783936441.7,804,32624,118,26.0,34.0,216.0
1783936442.3,794,32624,108,11.0,33.0,0.0
1783936442.9,794,32624,99,11.0,33.0,0.0
1783936443.5,794,32624,99,9.0,33.0,0.0
1783936444.1,794,32624,99,9.0,33.0,0.0
1783936444.7,794,32624,99,9.0,33.0,0.0
1783936445.3,794,32624,99,11.0,33.0,0.0
1783936445.9,794,32624,99,10.0,33.0,0.0
1783936446.5,794,32624,99,9.0,33.0,0.0
1783936447.0,794,32624,99,10.0,33.0,0.0
1783936447.6,794,32624,99,9.0,33.0,0.0
1783936448.2,794,32624,99,9.0,33.0,0.0
1783936448.8,794,32624,99,8.0,33.0,0.0
1783936449.4,794,32624,99,10.0,33.0,0.0
1783936450.0,794,32624,99,9.0,33.0,0.0
1783936450.6,794,32624,99,9.0,33.0,0.0
1783936451.2,794,32624,99,10.0,33.0,0.0
1783936451.8,794,32624,99,10.0,33.0,0.0
1783936452.4,794,32624,99,11.0,33.0,0.0
1783936453.0,794,32624,99,10.0,33.0,0.0
1783936453.6,794,32624,99,11.0,33.0,0.0
1783936454.2,794,32624,99,11.0,33.0,0.0
1783936454.8,794,32624,99,10.0,33.0,0.0
1783936455.4,794,32624,99,10.0,33.0,0.0
1783936456.0,794,32624,99,10.0,33.0,0.0
1783936456.6,794,32624,99,10.0,33.0,0.0
1783936457.2,794,32624,99,10.0,33.0,0.0
1783936457.8,794,32624,99,8.0,33.0,0.0
1783936458.3,794,32624,99,10.0,33.0,0.0
1783936458.9,796,32624,111,22.0,33.0,0.0
1783936459.6,818,32624,118,26.0,33.0,17.0
1783936460.2,818,32624,118,22.0,34.0,0.0
1783936460.8,826,32624,144,22.0,34.0,0.0
1783936461.4,816,32624,131,23.0,33.0,592.0
1783936462.0,816,32624,121,12.0,33.0,0.0
1783936462.6,816,32624,121,9.0,33.0,0.0
1783936463.2,816,32624,121,9.0,33.0,0.0
1783936463.7,816,32624,121,10.0,33.0,0.0
1783936464.3,816,32624,121,11.0,33.0,0.0
1783936464.9,816,32624,121,10.0,33.0,0.0
1783936465.5,816,32624,121,10.0,33.0,0.0
1783936466.1,814,32624,119,11.0,33.0,0.0
1783936466.7,814,32624,119,10.0,33.0,0.0
1783936467.3,814,32624,119,9.0,33.0,0.0
1783936467.9,814,32624,119,10.0,33.0,0.0
1783936468.5,814,32624,119,10.0,33.0,0.0
1783936469.1,814,32624,119,10.0,33.0,0.0
1783936469.7,814,32624,119,9.0,33.0,0.0
1783936470.3,814,32624,119,10.0,33.0,0.0
1783936470.9,814,32624,119,10.0,33.0,0.0
1783936471.5,814,32624,119,10.0,33.0,0.0
1783936472.1,814,32624,119,11.0,33.0,0.0
1783936472.7,814,32624,119,9.0,33.0,0.0
1783936473.3,814,32624,119,8.0,33.0,0.0
1783936473.9,814,32624,119,10.0,33.0,0.0
1783936474.5,814,32624,119,10.0,33.0,0.0
1783936475.1,814,32624,119,10.0,32.0,0.0
1783936475.7,814,32624,119,11.0,33.0,0.0
1783936476.3,814,32624,119,10.0,33.0,0.0
1783936476.9,814,32624,119,10.0,33.0,0.0
1783936477.5,814,32624,119,22.0,32.0,0.0
1783936478.1,814,32624,119,11.0,32.0,0.0
1783936478.7,814,32624,119,9.0,33.0,0.0
1783936479.3,814,32624,119,10.0,33.0,0.0
1783936479.9,814,32624,119,10.0,33.0,0.0
1783936480.5,814,32624,119,9.0,33.0,0.0
1783936481.1,814,32624,119,10.0,33.0,0.0
1783936481.7,814,32624,119,8.0,33.0,0.0
1783936482.3,814,32624,119,10.0,33.0,0.0
1783936482.9,814,32624,119,9.0,33.0,0.0
1783936483.5,814,32624,119,10.0,33.0,0.0
1783936484.1,814,32624,119,10.0,33.0,0.0
1783936484.7,814,32624,119,10.0,33.0,0.0
1783936485.3,814,32624,119,10.0,33.0,0.0
1783936485.9,814,32624,119,9.0,33.0,0.0
1783936486.5,814,32624,119,9.0,32.0,0.0
1783936487.0,814,32624,119,10.0,33.0,0.0
1783936487.6,814,32624,119,10.0,33.0,0.0
1783936488.2,814,32624,119,9.0,33.0,0.0
1783936488.8,814,32624,119,10.0,33.0,0.0
1783936489.5,797,32624,109,27.0,33.0,41.0
1783936490.1,823,32624,127,27.0,33.0,358.0
1783936490.7,819,32624,127,28.0,33.0,434.0
1783936491.4,819,32624,127,27.0,33.0,343.0
1783936492.0,799,32624,117,10.0,33.0,0.0
1783936492.6,799,32624,108,9.0,33.0,0.0
1783936493.1,799,32624,108,10.0,32.0,0.0
1783936493.7,799,32624,108,12.0,33.0,0.0
1783936494.3,799,32624,108,11.0,33.0,0.0
1783936494.9,799,32624,108,11.0,33.0,0.0
1783936495.5,799,32624,108,9.0,33.0,0.0
1783936496.1,799,32624,108,10.0,33.0,0.0
1783936496.7,799,32624,108,10.0,33.0,0.0
1783936497.3,799,32624,108,10.0,33.0,0.0
1783936497.9,799,32624,108,10.0,33.0,0.0
1783936498.5,799,32624,108,10.0,33.0,0.0
1783936499.1,799,32624,108,9.0,33.0,0.0
1783936499.7,799,32624,108,8.0,32.0,0.0
1783936500.3,799,32624,108,10.0,32.0,0.0
1783936500.9,799,32624,108,11.0,33.0,0.0
1783936501.5,799,32624,104,22.0,33.0,0.0
1783936502.1,799,32624,104,10.0,33.0,0.0
1783936502.7,799,32624,104,11.0,33.0,0.0
1783936503.3,799,32624,104,10.0,32.0,0.0
1783936503.9,799,32624,104,11.0,33.0,0.0
1783936504.5,799,32624,104,10.0,32.0,0.0
1783936505.1,799,32624,104,12.0,32.0,0.0
1783936505.7,799,32624,104,10.0,33.0,0.0
1783936506.3,799,32624,104,10.0,32.0,0.0
1783936506.9,799,32624,104,8.0,33.0,0.0
1783936507.5,799,32624,104,9.0,33.0,0.0
1783936508.1,799,32624,104,11.0,32.0,0.0
1783936508.7,799,32624,104,10.0,33.0,0.0
1783936509.3,799,32624,104,9.0,32.0,0.0
1783936509.9,799,32624,104,10.0,32.0,0.0
1783936510.5,799,32624,104,9.0,32.0,0.0
1783936511.1,799,32624,104,10.0,33.0,0.0
1783936511.7,799,32624,104,11.0,32.0,0.0
1783936512.3,799,32624,104,12.0,33.0,0.0
1783936512.9,799,32624,104,11.0,33.0,0.0
1783936513.5,799,32624,106,11.0,33.0,0.0
1783936514.1,799,32624,106,11.0,33.0,0.0
1783936514.7,799,32624,106,10.0,33.0,0.0
1783936515.3,799,32624,106,10.0,32.0,0.0
1783936515.9,796,32624,78,10.0,33.0,0.0
1783936516.5,796,32624,78,10.0,33.0,0.0
1783936517.1,796,32624,78,9.0,32.0,0.0
1783936517.7,796,32624,78,10.0,33.0,0.0
1783936518.3,796,32624,78,11.0,33.0,0.0
1783936518.9,796,32624,78,10.0,33.0,0.0
1783936519.5,796,32624,78,22.0,32.0,112.0
1783936520.1,796,32624,78,11.0,33.0,0.0
1783936520.7,796,32624,78,9.0,32.0,0.0
1783936521.3,796,32624,78,11.0,32.0,0.0
1783936521.9,796,32624,78,10.0,32.0,0.0
1783936522.5,796,32624,78,11.0,32.0,0.0
1783936523.1,796,32624,78,13.0,33.0,0.0
1783936523.7,796,32624,78,11.0,32.0,0.0
1783936524.3,796,32624,78,12.0,32.0,0.0
1783936524.9,796,32624,78,12.0,33.0,0.0
1783936525.5,796,32624,78,22.0,33.0,0.0
1783936526.0,796,32624,78,10.0,33.0,0.0
1783936526.6,796,32624,78,11.0,33.0,0.0
1783936527.2,796,32624,78,11.0,33.0,0.0
1783936527.8,796,32624,78,11.0,32.0,0.0
1783936528.4,796,32624,78,10.0,32.0,0.0
1783936529.0,796,32624,78,11.0,33.0,0.0
1783936529.6,796,32624,78,9.0,32.0,0.0
1783936530.2,796,32624,78,10.0,32.0,0.0
1783936530.8,796,32624,78,11.0,32.0,0.0
1783936531.4,796,32624,78,11.0,32.0,0.0
1783936532.0,796,32624,78,11.0,32.0,0.0
1783936532.6,796,32624,78,10.0,32.0,0.0
1783936533.2,796,32624,78,11.0,32.0,0.0
1783936533.8,796,32624,78,10.0,32.0,0.0
1783936534.4,796,32624,78,12.0,32.0,0.0
1783936535.0,796,32624,78,11.0,32.0,0.0
1783936535.6,796,32624,78,9.0,32.0,0.0
1783936536.2,796,32624,78,9.0,32.0,0.0
1783936536.8,796,32624,78,11.0,33.0,0.0
1783936537.4,796,32624,78,10.0,32.0,0.0
1783936538.0,796,32624,78,10.0,32.0,0.0
1783936538.6,796,32624,78,10.0,32.0,0.0
1783936539.2,796,32624,78,10.0,32.0,0.0
1783936539.8,796,32624,78,8.0,32.0,0.0
1783936540.4,796,32624,78,9.0,32.0,0.0
1783936541.0,796,32624,78,9.0,32.0,0.0
1783936541.6,796,32624,78,13.0,32.0,0.0
1783936542.2,796,32624,71,19.0,32.0,202.0
1783936542.9,798,32624,96,23.0,32.0,0.0
1783936543.5,793,32624,101,25.0,33.0,528.0
1783936544.1,793,32624,101,26.0,33.0,619.0
1783936544.7,783,32624,89,10.0,33.0,0.0
1783936545.3,783,32624,89,14.0,32.0,0.0
1783936545.9,783,32624,80,11.0,32.0,0.0
1783936546.5,783,32624,80,9.0,32.0,0.0
1783936547.1,783,32624,80,10.0,32.0,0.0
1783936547.7,783,32624,80,11.0,32.0,0.0
1783936548.3,783,32624,80,12.0,32.0,0.0
1783936548.9,783,32624,80,10.0,32.0,0.0
1783936549.5,783,32624,80,21.0,32.0,0.0
1783936550.1,783,32624,80,10.0,32.0,0.0
1783936550.6,783,32624,80,8.0,32.0,0.0
1783936551.2,783,32624,80,11.0,32.0,0.0
1783936551.8,783,32624,80,9.0,32.0,0.0
1783936552.4,783,32624,80,10.0,32.0,0.0
1783936553.0,783,32624,80,10.0,32.0,0.0
1783936553.6,783,32624,80,11.0,32.0,0.0
1783936554.2,783,32624,80,9.0,32.0,0.0
1783936554.8,783,32624,80,7.0,32.0,0.0
1783936555.4,783,32624,80,9.0,32.0,0.0
1783936556.0,783,32624,80,9.0,32.0,0.0
1783936556.6,789,32624,92,23.0,33.0,0.0
1783936557.2,805,32624,100,27.0,33.0,41.0
1783936557.8,805,32624,99,24.0,33.0,12.0
1783936558.4,805,32624,99,23.0,33.0,0.0
1783936559.0,795,32624,89,10.0,33.0,0.0
1783936559.6,795,32624,80,10.0,32.0,0.0
1783936560.2,795,32624,80,11.0,32.0,0.0
1783936560.8,795,32624,80,11.0,32.0,0.0
1783936561.4,795,32624,80,9.0,32.0,0.0
1783936562.0,795,32624,80,14.0,32.0,8.0
1783936562.6,795,32624,80,12.0,32.0,0.0
1783936563.2,795,32624,80,11.0,32.0,0.0
1783936563.8,795,32624,80,10.0,32.0,0.0
1783936564.4,795,32624,80,10.0,32.0,0.0
1783936565.0,795,32624,80,9.0,32.0,0.0
1783936565.6,795,32624,85,11.0,33.0,0.0
1783936566.2,795,32624,80,11.0,33.0,0.0
1783936566.8,795,32624,80,11.0,32.0,0.0
1783936567.4,795,32624,83,14.0,33.0,1812.0
1783936568.0,795,32624,83,22.0,33.0,0.0
1783936568.6,795,32624,69,11.0,33.0,0.0
1783936569.2,795,32624,82,11.0,33.0,0.0
1783936569.8,795,32624,82,11.0,32.0,0.0
1783936570.4,795,32624,82,10.0,32.0,0.0
1783936571.0,795,32624,82,9.0,32.0,0.0
1783936571.6,795,32624,82,8.0,32.0,0.0
1783936572.2,795,32624,82,11.0,32.0,0.0
1783936572.8,795,32624,80,12.0,32.0,0.0
1783936573.4,797,32624,89,10.0,32.0,0.0
1783936574.0,797,32624,80,11.0,33.0,0.0
1783936574.6,797,32624,80,10.0,32.0,0.0
1783936575.2,797,32624,80,9.0,32.0,0.0
1783936575.8,797,32624,79,24.0,33.0,145.0
1783936576.4,797,32624,79,22.0,33.0,0.0
1783936577.0,795,32624,82,22.0,33.0,0.0
1783936577.6,795,32624,82,11.0,33.0,0.0
1783936578.2,795,32624,82,12.0,32.0,0.0
1783936578.8,795,32624,69,11.0,33.0,0.0
1783936579.4,795,32624,69,10.0,32.0,0.0
1783936580.0,795,32624,69,11.0,33.0,0.0
1783936580.6,795,32624,69,10.0,32.0,0.0
1783936581.2,795,32624,69,10.0,32.0,0.0
1783936581.8,795,32624,69,10.0,33.0,0.0
1783936582.4,795,32624,69,11.0,32.0,0.0
1783936583.0,795,32624,69,9.0,32.0,0.0
1783936583.6,795,32624,69,9.0,32.0,0.0
1783936584.2,795,32624,69,9.0,32.0,0.0
1783936584.8,795,32624,69,12.0,32.0,0.0
1783936585.4,795,32624,82,11.0,33.0,0.0
1783936586.0,795,32624,82,10.0,33.0,0.0
1783936586.6,795,32624,82,11.0,33.0,0.0
1783936587.2,795,32624,82,12.0,33.0,0.0
1783936587.8,795,32624,82,13.0,33.0,0.0
1783936588.4,795,32624,82,11.0,33.0,0.0
1783936589.0,795,32624,82,10.0,32.0,0.0
1783936589.6,795,32624,82,10.0,33.0,0.0
1783936590.2,795,32624,82,10.0,32.0,0.0
1783936590.8,795,32624,82,9.0,32.0,0.0
1783936591.4,795,32624,82,10.0,32.0,0.0
1783936592.0,795,32624,82,10.0,32.0,0.0
1783936592.6,795,32624,82,10.0,33.0,0.0
1783936593.2,795,32624,82,21.0,33.0,0.0
1783936593.8,795,32624,107,28.0,33.0,164.0
1783936594.4,795,32624,107,12.0,33.0,0.0
1783936595.0,795,32624,68,16.0,33.0,599.0
1783936595.6,798,32624,95,26.0,33.0,34.0
1783936596.2,818,32624,130,25.0,33.0,29.0
1783936596.8,824,32624,133,28.0,33.0,58.0
1783936597.4,824,32624,133,22.0,33.0,0.0
1783936598.0,804,32624,102,11.0,33.0,0.0
1783936598.6,804,32624,92,11.0,33.0,0.0
1783936599.2,804,32624,92,9.0,32.0,0.0
1783936599.8,804,32624,92,9.0,33.0,0.0
1783936600.4,804,32624,82,10.0,33.0,0.0
1783936600.9,804,32624,82,11.0,33.0,0.0
1783936601.5,804,32624,82,9.0,32.0,0.0
1783936602.1,804,32624,82,11.0,33.0,0.0
1783936602.7,804,32624,82,10.0,33.0,0.0
1783936603.3,804,32624,82,11.0,33.0,0.0
1783936603.9,804,32624,102,25.0,33.0,0.0
1783936604.5,800,32624,100,26.0,33.0,123.0
1783936605.1,800,32624,100,22.0,33.0,0.0
1783936605.7,803,32624,100,26.0,33.0,18.0
1783936606.3,803,32624,100,28.0,33.0,6.0
1783936606.9,803,32624,100,12.0,33.0,0.0
1783936607.5,803,32624,90,10.0,33.0,0.0
1783936608.1,803,32624,90,9.0,33.0,0.0
1783936608.7,803,32624,80,9.0,32.0,0.0
1783936609.3,803,32624,90,14.0,32.0,137.0
1783936609.9,799,32624,100,11.0,33.0,0.0
1783936610.5,799,32624,100,11.0,33.0,0.0
1783936611.1,799,32624,100,11.0,33.0,0.0
1783936611.7,799,32624,88,10.0,33.0,0.0
1783936612.3,799,32624,88,9.0,33.0,0.0
1783936612.9,799,32624,88,10.0,33.0,0.0
1783936613.5,799,32624,88,10.0,33.0,0.0
1783936614.0,799,32624,88,10.0,33.0,0.0
1783936614.6,799,32624,88,12.0,33.0,0.0
1783936615.2,799,32624,88,10.0,33.0,0.0
1783936615.8,799,32624,88,11.0,33.0,0.0
1783936616.4,799,32624,88,10.0,32.0,0.0
1783936617.0,799,32624,88,10.0,33.0,0.0
1783936617.6,799,32624,88,10.0,33.0,0.0
1783936618.2,799,32624,88,10.0,33.0,0.0
1783936618.8,799,32624,88,10.0,33.0,0.0
1783936619.4,799,32624,88,10.0,33.0,0.0
1783936620.0,799,32624,88,10.0,33.0,0.0
1783936620.6,799,32624,88,11.0,33.0,0.0
1783936621.2,799,32624,88,9.0,33.0,0.0
1783936621.7,799,32624,88,11.0,33.0,0.0
1783936622.3,799,32624,88,10.0,33.0,0.0
1783936622.9,799,32624,88,10.0,33.0,0.0
1783936623.5,799,32624,88,9.0,33.0,0.0
1783936624.1,799,32624,88,10.0,33.0,0.0
1783936624.7,799,32624,88,10.0,32.0,0.0
1783936625.3,799,32624,88,9.0,32.0,0.0
1783936625.9,799,32624,88,9.0,32.0,0.0
1783936626.5,799,32624,88,11.0,33.0,0.0
1783936627.1,799,32624,88,11.0,32.0,0.0
1783936627.7,799,32624,88,10.0,32.0,0.0
1783936628.3,799,32624,88,9.0,32.0,0.0
1783936628.9,799,32624,88,10.0,32.0,0.0
1783936629.5,799,32624,88,22.0,32.0,0.0
1783936630.1,799,32624,88,11.0,32.0,0.0
1783936630.6,799,32624,88,10.0,33.0,0.0
1783936631.2,799,32624,88,10.0,33.0,0.0
1783936631.8,799,32624,88,10.0,32.0,0.0
1783936632.4,799,32624,88,10.0,32.0,0.0
1783936633.0,799,32624,88,10.0,32.0,0.0
1783936633.6,799,32624,88,10.0,32.0,0.0
1783936634.2,799,32624,88,10.0,32.0,0.0
1783936634.8,799,32624,88,9.0,32.0,0.0
1783936635.4,799,32624,88,15.0,32.0,16.0
1783936636.0,799,32624,88,10.0,32.0,0.0
1783936636.6,799,32624,88,11.0,32.0,0.0
1783936637.2,799,32624,88,9.0,32.0,0.0
1783936637.8,799,32624,88,11.0,32.0,0.0
1783936638.4,799,32624,88,10.0,32.0,0.0
1783936639.0,799,32624,88,11.0,32.0,0.0
1783936639.6,799,32624,88,11.0,33.0,0.0
1783936640.2,799,32624,88,11.0,33.0,0.0
1783936640.7,799,32624,88,9.0,32.0,0.0
1783936641.3,799,32624,88,9.0,32.0,0.0
1783936641.9,799,32624,88,12.0,32.0,0.0
1783936642.5,799,32624,88,10.0,32.0,0.0
1783936643.1,799,32624,88,11.0,32.0,0.0
1783936643.7,799,32624,88,12.0,32.0,0.0
1783936644.3,799,32624,88,11.0,32.0,0.0
1783936644.9,799,32624,88,10.0,32.0,0.0
1783936645.5,799,32624,88,12.0,32.0,0.0
1783936646.1,799,32624,88,12.0,32.0,0.0
1783936646.7,799,32624,88,10.0,32.0,0.0
1783936647.3,799,32624,88,9.0,32.0,0.0
1783936647.9,799,32624,88,10.0,32.0,0.0
1783936648.5,799,32624,88,9.0,32.0,0.0
1783936649.1,799,32624,88,8.0,32.0,0.0
1783936649.7,799,32624,88,22.0,32.0,0.0
1783936650.3,799,32624,88,11.0,32.0,0.0
1783936650.9,799,32624,88,9.0,32.0,0.0
1783936651.5,799,32624,88,10.0,32.0,0.0
1783936652.1,799,32624,88,9.0,32.0,0.0
1783936652.7,799,32624,88,10.0,32.0,0.0
1783936653.3,799,32624,88,11.0,32.0,0.0
1783936653.9,799,32624,88,10.0,32.0,0.0
1783936654.5,799,32624,88,11.0,32.0,0.0
1783936655.1,799,32624,88,11.0,32.0,0.0
1783936655.7,799,32624,88,9.0,32.0,0.0
1783936656.3,799,32624,88,9.0,32.0,0.0
1783936656.9,799,32624,88,10.0,32.0,0.0
1783936657.5,799,32624,88,9.0,32.0,0.0
1783936658.0,799,32624,88,8.0,32.0,0.0
1783936658.6,799,32624,88,10.0,32.0,0.0
1783936659.2,799,32624,88,9.0,32.0,0.0
1783936659.8,799,32624,88,9.0,32.0,0.0
1783936660.4,799,32624,88,9.0,32.0,0.0
1783936661.0,799,32624,88,9.0,32.0,0.0
1783936661.6,799,32624,88,10.0,32.0,0.0
1783936662.2,799,32624,88,9.0,32.0,0.0
1783936662.8,799,32624,88,9.0,32.0,0.0
1783936663.4,799,32624,88,11.0,32.0,0.0
1783936664.0,799,32624,88,9.0,32.0,0.0
1783936664.6,799,32624,88,10.0,32.0,0.0
1783936665.2,799,32624,88,9.0,32.0,0.0
1783936665.8,799,32624,88,10.0,32.0,0.0
1783936666.4,799,32624,88,9.0,32.0,0.0
1783936667.0,799,32624,88,9.0,32.0,0.0
1783936667.6,799,32624,88,9.0,32.0,0.0
1783936668.2,799,32624,88,11.0,32.0,0.0
1783936668.8,799,32624,88,11.0,32.0,0.0
1783936669.4,799,32624,88,10.0,32.0,0.0
1783936670.0,799,32624,88,10.0,32.0,0.0
1783936670.6,799,32624,88,10.0,32.0,0.0
1783936671.2,799,32624,88,10.0,32.0,0.0
1783936671.8,799,32624,88,10.0,32.0,0.0
1783936672.4,799,32624,88,11.0,32.0,0.0
1783936673.0,799,32624,88,11.0,32.0,0.0
1783936673.6,799,32624,88,11.0,32.0,0.0
1783936674.2,799,32624,88,10.0,32.0,0.0
1783936674.8,799,32624,88,11.0,32.0,0.0
1783936675.4,799,32624,88,10.0,32.0,0.0
1783936676.0,799,32624,88,9.0,32.0,0.0
1783936676.6,799,32624,88,12.0,32.0,0.0
1783936677.2,799,32624,88,10.0,32.0,0.0
1783936677.8,799,32624,88,12.0,32.0,0.0
1783936678.4,799,32624,88,11.0,32.0,0.0
1783936679.0,799,32624,88,9.0,32.0,0.0
1783936679.6,799,32624,88,11.0,32.0,0.0
1783936680.2,799,32624,88,22.0,32.0,0.0
1783936680.8,799,32624,88,11.0,32.0,0.0
1783936681.4,799,32624,88,10.0,32.0,0.0
1783936681.9,799,32624,88,10.0,32.0,0.0
1783936682.5,799,32624,88,10.0,32.0,0.0
1783936683.1,799,32624,88,9.0,32.0,0.0
1783936683.8,799,32624,88,11.0,32.0,0.0
1783936684.3,799,32624,88,9.0,32.0,0.0
1783936684.9,799,32624,88,25.0,32.0,7.0
1783936685.5,799,32624,88,12.0,32.0,0.0
1783936686.1,799,32624,88,10.0,32.0,0.0
1783936686.7,799,32624,88,10.0,32.0,0.0
1783936687.3,799,32624,88,10.0,32.0,0.0
1783936687.9,799,32624,88,9.0,32.0,0.0
1783936688.5,799,32624,88,11.0,32.0,0.0
1783936689.1,799,32624,88,10.0,32.0,0.0
1783936689.7,799,32624,88,9.0,32.0,0.0
1783936690.3,799,32624,88,10.0,32.0,0.0
1783936690.9,799,32624,88,10.0,32.0,0.0
1783936691.5,799,32624,88,11.0,32.0,0.0
1783936692.1,799,32624,88,10.0,32.0,0.0
1783936692.7,799,32624,88,10.0,32.0,0.0
1783936693.3,799,32624,88,10.0,32.0,0.0
1783936693.9,804,32624,92,11.0,32.0,0.0
1783936694.5,804,32624,92,12.0,32.0,0.0
1783936695.1,804,32624,92,10.0,32.0,0.0
1783936695.7,804,32624,90,9.0,32.0,0.0
1783936696.3,804,32624,90,10.0,32.0,0.0
1783936696.9,804,32624,90,10.0,32.0,0.0
1783936697.5,804,32624,90,10.0,32.0,0.0
1783936698.0,804,32624,90,10.0,32.0,0.0
1783936698.6,804,32624,90,10.0,32.0,0.0
1783936699.2,804,32624,90,9.0,32.0,0.0
1783936699.8,804,32624,90,11.0,32.0,0.0
1783936700.4,804,32624,90,11.0,32.0,0.0
1783936701.0,804,32624,90,10.0,32.0,0.0
1783936701.6,804,32624,100,22.0,32.0,0.0
1783936702.2,804,32624,100,22.0,32.0,0.0
1783936702.8,804,32624,100,11.0,32.0,0.0
1783936703.4,804,32624,100,22.0,33.0,0.0
1783936704.0,804,32624,102,22.0,32.0,0.0
1783936704.6,804,32624,97,11.0,32.0,0.0
1783936705.2,804,32624,97,12.0,32.0,0.0
1783936705.8,804,32624,88,11.0,32.0,0.0
1783936706.4,804,32624,88,12.0,32.0,0.0
1783936707.0,804,32624,97,26.0,33.0,153.0
1783936707.6,816,32624,103,22.0,33.0,0.0
1783936708.2,816,32624,103,12.0,33.0,0.0
1783936708.8,816,32624,101,11.0,33.0,0.0
1783936709.3,819,32624,101,22.0,32.0,0.0
1783936709.9,819,32624,101,11.0,33.0,0.0
1783936710.5,819,32624,92,22.0,32.0,0.0
1783936711.1,819,32624,101,11.0,33.0,0.0
1783936711.7,819,32624,101,11.0,32.0,0.0
1783936712.3,819,32624,101,10.0,32.0,0.0
1783936712.9,819,32624,92,10.0,32.0,0.0
1783936713.5,830,32624,105,22.0,33.0,0.0
1783936714.1,830,32624,105,22.0,32.0,0.0
1783936714.7,830,32624,105,11.0,32.0,0.0
1783936715.3,830,32624,96,10.0,32.0,0.0
1783936715.8,830,32624,96,9.0,32.0,0.0
1783936716.4,830,32624,96,10.0,32.0,0.0
1783936717.0,830,32624,96,9.0,32.0,0.0
1783936717.6,830,32624,96,10.0,32.0,0.0
1783936718.2,830,32624,96,9.0,32.0,0.0
1783936718.8,830,32624,96,9.0,32.0,0.0
1783936719.4,830,32624,96,10.0,32.0,0.0
1783936720.0,830,32624,96,10.0,32.0,0.0
1783936720.6,832,32624,98,11.0,32.0,0.0
1783936721.2,832,32624,98,10.0,32.0,0.0
1783936721.7,832,32624,98,9.0,32.0,0.0
1783936722.3,832,32624,98,9.0,32.0,0.0
1783936722.9,832,32624,98,10.0,32.0,0.0
1783936723.5,832,32624,98,10.0,32.0,0.0
1783936724.1,832,32624,98,10.0,32.0,0.0
1783936724.7,832,32624,98,9.0,32.0,0.0
1783936725.3,832,32624,98,10.0,32.0,0.0
1783936725.9,832,32624,96,10.0,32.0,0.0
1783936726.5,832,32624,96,10.0,32.0,0.0
1783936727.1,832,32624,96,9.0,32.0,0.0
1783936727.7,832,32624,96,10.0,32.0,0.0
1783936728.2,832,32624,96,10.0,32.0,0.0
1783936728.8,832,32624,96,10.0,32.0,0.0
1783936729.4,832,32624,96,11.0,32.0,0.0
1783936730.0,832,32624,96,12.0,32.0,0.0
1783936730.6,832,32624,96,11.0,32.0,0.0
1783936731.2,832,32624,96,11.0,32.0,0.0
1783936731.8,832,32624,96,9.0,32.0,0.0
1783936732.4,832,32624,96,9.0,32.0,0.0
1783936733.0,832,32624,96,9.0,32.0,0.0
1783936733.6,832,32624,96,10.0,32.0,0.0
1783936734.2,832,32624,96,10.0,32.0,0.0
1783936734.8,832,32624,96,10.0,32.0,0.0
1783936735.4,832,32624,96,10.0,32.0,0.0
1783936736.0,832,32624,96,21.0,32.0,0.0
1783936736.6,832,32624,96,12.0,32.0,0.0
1783936737.2,832,32624,96,10.0,32.0,0.0
1783936737.8,832,32624,96,9.0,32.0,0.0
1783936738.4,832,32624,96,10.0,32.0,0.0
1783936739.0,832,32624,96,11.0,32.0,0.0
1783936739.6,832,32624,96,9.0,32.0,0.0
1783936740.2,832,32624,96,12.0,32.0,0.0
1783936740.8,832,32624,96,11.0,32.0,0.0
1783936741.4,828,32624,96,10.0,32.0,0.0
1783936742.0,828,32624,96,11.0,32.0,0.0
1783936742.6,828,32624,96,10.0,32.0,0.0
1783936743.2,828,32624,88,12.0,32.0,0.0
1783936743.8,830,32624,111,11.0,33.0,0.0
1783936744.4,830,32624,108,12.0,32.0,0.0
1783936745.0,830,32624,99,25.0,32.0,15.0
1783936745.6,830,32624,99,22.0,32.0,0.0
1783936746.2,830,32624,89,14.0,32.0,0.0
1783936746.8,830,32624,89,9.0,32.0,0.0
1783936747.4,830,32624,89,9.0,32.0,0.0
1783936747.9,830,32624,89,10.0,32.0,0.0
1783936748.5,830,32624,89,10.0,32.0,0.0
1783936749.2,830,32624,89,10.0,32.0,0.0
1783936749.7,830,32624,89,11.0,32.0,0.0
1783936750.3,830,32624,89,11.0,32.0,0.0
1783936750.9,830,32624,89,10.0,32.0,0.0
1783936751.5,830,32624,89,10.0,32.0,0.0
1783936752.1,830,32624,89,10.0,32.0,0.0
1783936752.7,830,32624,89,12.0,32.0,0.0
1783936753.4,830,32624,89,11.0,32.0,0.0
1783936754.0,830,32624,89,10.0,32.0,0.0
1783936754.6,830,32624,91,21.0,32.0,0.0
1783936755.2,830,32624,91,11.0,33.0,0.0
1783936755.7,830,32624,91,10.0,32.0,0.0
1783936756.3,830,32624,91,9.0,32.0,0.0
1783936756.9,830,32624,89,10.0,32.0,0.0
1783936757.5,830,32624,79,9.0,32.0,0.0
1783936758.1,830,32624,79,10.0,32.0,0.0
1783936758.7,830,32624,79,10.0,32.0,0.0
1783936759.3,830,32624,79,10.0,32.0,0.0
1783936759.9,830,32624,79,10.0,32.0,0.0
1783936760.5,830,32624,79,10.0,32.0,0.0
1783936761.1,830,32624,79,10.0,32.0,0.0
1783936761.7,830,32624,79,9.0,32.0,0.0
1783936762.3,830,32624,79,11.0,32.0,0.0
1783936762.9,830,32624,79,10.0,32.0,0.0
1783936763.5,830,32624,79,9.0,32.0,0.0
1783936764.1,830,32624,79,10.0,32.0,0.0
1783936764.7,830,32624,79,11.0,32.0,0.0
1783936765.3,830,32624,79,9.0,32.0,0.0
1783936765.9,830,32624,79,10.0,32.0,0.0
1783936766.5,830,32624,79,10.0,32.0,0.0
1783936767.1,830,32624,79,10.0,32.0,0.0
1783936767.7,826,32624,79,10.0,32.0,0.0
1783936768.3,826,32624,79,10.0,32.0,0.0
1783936768.8,826,32624,79,10.0,32.0,0.0
1783936769.4,826,32624,79,10.0,32.0,0.0
1783936770.0,826,32624,79,9.0,32.0,0.0
1783936770.6,826,32624,79,10.0,32.0,0.0
1783936771.2,826,32624,79,9.0,32.0,0.0
1783936771.8,826,32624,79,9.0,32.0,0.0
1783936772.4,826,32624,79,10.0,32.0,0.0
1783936773.0,826,32624,79,9.0,32.0,0.0
1783936773.6,826,32624,79,11.0,32.0,0.0
1783936774.2,826,32624,79,11.0,32.0,0.0
1783936774.8,826,32624,79,9.0,32.0,0.0
1783936775.4,826,32624,79,9.0,32.0,0.0
1783936776.0,826,32624,79,10.0,32.0,0.0
1783936776.6,826,32624,79,10.0,32.0,0.0
1783936777.2,826,32624,79,9.0,32.0,0.0
1783936777.8,826,32624,79,10.0,32.0,0.0
1783936778.4,826,32624,79,9.0,32.0,0.0
1783936779.0,826,32624,79,11.0,32.0,0.0
1783936779.5,826,32624,79,10.0,32.0,0.0
1783936780.1,826,32624,79,9.0,32.0,0.0
1783936780.7,826,32624,79,10.0,32.0,0.0
1783936781.3,826,32624,79,13.0,32.0,0.0
1783936781.9,826,32624,79,10.0,32.0,0.0
1783936782.5,826,32624,79,10.0,32.0,0.0
1783936783.1,826,32624,79,9.0,32.0,0.0
1783936783.7,826,32624,79,11.0,32.0,0.0
1783936784.3,826,32624,79,10.0,32.0,0.0
1783936784.9,826,32624,79,9.0,32.0,0.0
1783936785.5,826,32624,79,11.0,32.0,0.0
1783936786.1,826,32624,79,9.0,32.0,0.0
1783936786.7,826,32624,79,9.0,32.0,0.0
1783936787.3,826,32624,79,13.0,32.0,0.0
1783936787.9,826,32624,79,11.0,32.0,0.0
1783936788.5,826,32624,79,9.0,32.0,0.0
1783936789.1,826,32624,79,10.0,32.0,0.0
1783936789.7,826,32624,79,11.0,32.0,0.0
1783936790.3,826,32624,79,10.0,32.0,0.0
1783936790.8,826,32624,79,10.0,32.0,0.0
1783936791.4,826,32624,79,9.0,32.0,0.0
1783936792.0,826,32624,79,10.0,32.0,0.0
1783936792.6,826,32624,79,9.0,32.0,0.0
1783936793.2,826,32624,79,11.0,32.0,0.0
1783936793.8,826,32624,79,10.0,32.0,0.0
1783936794.4,826,32624,79,9.0,32.0,0.0
1783936795.0,826,32624,79,11.0,32.0,0.0
1783936795.6,826,32624,79,10.0,32.0,0.0
1783936796.2,826,32624,79,10.0,32.0,0.0
1783936796.8,826,32624,79,11.0,32.0,0.0
1783936797.4,826,32624,79,22.0,32.0,0.0
1783936798.0,826,32624,79,11.0,32.0,0.0
1783936798.6,826,32624,79,10.0,32.0,0.0
1783936799.2,826,32624,79,10.0,32.0,0.0
1783936799.8,826,32624,79,9.0,32.0,0.0
1783936800.4,826,32624,79,10.0,32.0,0.0
1783936801.0,826,32624,79,10.0,32.0,0.0
1783936801.6,826,32624,79,10.0,32.0,0.0
1783936802.2,826,32624,79,10.0,32.0,0.0
1783936802.8,826,32624,79,10.0,32.0,0.0
1783936803.4,826,32624,79,10.0,32.0,0.0
1783936804.0,826,32624,79,10.0,32.0,0.0
1783936804.6,826,32624,79,10.0,32.0,0.0
1783936805.2,826,32624,79,9.0,32.0,0.0
1783936805.8,826,32624,79,11.0,32.0,0.0
1783936806.4,826,32624,79,12.0,32.0,0.0
1783936807.0,826,32624,79,10.0,32.0,0.0
1783936807.6,826,32624,79,9.0,32.0,0.0
1783936808.2,826,32624,79,10.0,32.0,0.0
1783936808.8,826,32624,79,9.0,32.0,0.0
1783936809.4,826,32624,79,9.0,32.0,0.0
1783936810.0,826,32624,79,11.0,32.0,0.0
1783936810.6,826,32624,79,9.0,32.0,0.0
1783936811.2,826,32624,79,10.0,32.0,0.0
1783936811.7,826,32624,79,10.0,32.0,0.0
1783936812.3,826,32624,79,9.0,32.0,0.0
1783936812.9,822,32624,99,22.0,32.0,0.0
1783936813.5,822,32624,99,11.0,32.0,0.0
1783936814.1,822,32624,99,10.0,32.0,0.0
1783936814.7,822,32624,89,10.0,32.0,0.0
1783936815.3,822,32624,89,9.0,32.0,0.0
1783936815.9,822,32624,89,10.0,32.0,0.0
1783936816.5,822,32624,89,9.0,32.0,0.0
1783936817.1,822,32624,89,9.0,32.0,0.0
1783936817.7,822,32624,89,10.0,32.0,0.0
1783936818.2,822,32624,89,10.0,32.0,0.0
1783936818.8,822,32624,89,10.0,32.0,0.0
1783936819.4,822,32624,89,10.0,32.0,0.0
1783936820.0,822,32624,89,9.0,32.0,0.0
1783936820.6,822,32624,89,9.0,32.0,0.0
1783936821.2,822,32624,89,11.0,32.0,0.0
1783936821.8,822,32624,89,11.0,32.0,0.0
1783936822.4,822,32624,89,11.0,32.0,0.0
1783936823.0,822,32624,89,10.0,32.0,0.0
1783936823.6,822,32624,89,9.0,32.0,0.0
1783936824.1,822,32624,89,10.0,32.0,0.0
1783936824.7,822,32624,89,22.0,32.0,0.0
1783936825.3,822,32624,89,11.0,32.0,0.0
1783936825.9,822,32624,89,9.0,32.0,0.0
1783936826.5,822,32624,89,22.0,32.0,0.0
1783936827.1,822,32624,89,10.0,32.0,0.0
1783936827.7,822,32624,89,10.0,32.0,0.0
1783936828.3,822,32624,89,9.0,32.0,0.0
1783936828.9,829,32624,101,22.0,32.0,0.0
1783936829.5,829,32624,101,22.0,32.0,0.0
1783936830.1,829,32624,101,11.0,32.0,0.0
1783936830.7,829,32624,101,10.0,32.0,0.0
1783936831.3,829,32624,91,9.0,32.0,0.0
1783936831.8,829,32624,81,10.0,32.0,0.0
1783936832.4,829,32624,81,9.0,32.0,0.0
1783936833.0,829,32624,81,10.0,32.0,0.0
1783936833.6,829,32624,81,10.0,32.0,0.0
1783936834.2,829,32624,81,10.0,32.0,0.0
1783936834.8,829,32624,81,10.0,32.0,0.0
1783936835.4,829,32624,81,11.0,32.0,0.0
1783936836.0,829,32624,91,22.0,32.0,0.0
1783936836.6,829,32624,91,22.0,32.0,0.0
1783936837.2,829,32624,91,22.0,32.0,0.0
1783936837.8,829,32624,91,11.0,32.0,0.0
1783936838.4,829,32624,89,11.0,32.0,0.0
1783936839.0,829,32624,89,10.0,32.0,0.0
1783936839.6,829,32624,89,11.0,32.0,0.0
1783936840.1,829,32624,89,22.0,32.0,0.0
1783936840.7,829,32624,89,11.0,32.0,0.0
1783936841.3,829,32624,79,10.0,32.0,0.0
1783936841.9,829,32624,79,10.0,32.0,0.0
1783936842.5,829,32624,79,10.0,32.0,0.0
1783936843.1,829,32624,79,9.0,32.0,0.0
1783936843.7,829,32624,79,11.0,32.0,0.0
1783936844.3,829,32624,89,22.0,32.0,0.0
1783936844.9,829,32624,89,11.0,32.0,0.0
1783936845.5,829,32624,89,11.0,32.0,0.0
1783936846.1,829,32624,89,11.0,32.0,0.0
1783936846.7,829,32624,89,11.0,32.0,0.0
1783936847.3,829,32624,99,25.0,32.0,41.0
1783936847.9,829,32624,99,11.0,32.0,0.0
1783936848.5,829,32624,99,25.0,32.0,6.0
1783936849.1,829,32624,101,12.0,32.0,0.0
1783936849.7,829,32624,101,11.0,32.0,0.0
1783936850.3,829,32624,101,25.0,32.0,15.0
1783936850.9,832,32624,103,27.0,33.0,34.0
1783936851.4,842,32624,103,11.0,33.0,0.0
1783936852.0,842,32624,101,10.0,33.0,0.0
1783936852.6,842,32624,101,10.0,32.0,0.0
1783936853.2,842,32624,91,9.0,32.0,0.0
1783936853.8,842,32624,91,11.0,32.0,0.0
1783936854.4,842,32624,91,10.0,32.0,0.0
1783936855.0,842,32624,91,10.0,32.0,0.0
1783936855.6,842,32624,91,12.0,32.0,0.0
1783936856.2,842,32624,91,10.0,32.0,0.0
1783936856.8,842,32624,91,10.0,32.0,0.0
1783936857.4,842,32624,91,10.0,32.0,0.0
1783936858.0,842,32624,91,9.0,32.0,0.0
1783936858.6,842,32624,91,9.0,32.0,0.0
1783936859.1,842,32624,91,10.0,32.0,0.0
1783936859.7,842,32624,91,10.0,32.0,0.0
1783936860.3,842,32624,91,11.0,32.0,0.0
1783936860.9,842,32624,91,11.0,32.0,0.0
1783936861.5,842,32624,91,10.0,32.0,0.0
1783936862.1,842,32624,91,11.0,32.0,0.0
1783936862.7,842,32624,91,10.0,32.0,0.0
1783936863.3,842,32624,91,11.0,32.0,0.0
1783936863.9,842,32624,91,10.0,32.0,0.0
1783936864.5,842,32624,91,10.0,32.0,0.0
1783936865.1,842,32624,91,10.0,32.0,0.0
1783936865.7,846,32624,101,11.0,32.0,0.0
1783936866.3,836,32624,89,25.0,32.0,21.0
1783936867.0,836,32624,99,22.0,32.0,0.0
1783936867.5,836,32624,99,26.0,33.0,20.0
1783936868.1,836,32624,99,11.0,32.0,0.0
1783936868.7,836,32624,89,22.0,32.0,0.0
1783936869.4,836,32624,99,19.0,32.0,135.0
1783936870.0,836,32624,99,12.0,32.0,0.0
1783936870.6,836,32624,89,10.0,32.0,0.0
1783936871.2,836,32624,89,10.0,32.0,0.0
1783936871.7,836,32624,79,10.0,32.0,0.0
1783936872.3,836,32624,79,9.0,32.0,0.0
1783936872.9,836,32624,79,10.0,32.0,0.0
1783936873.5,843,32624,81,11.0,32.0,0.0
1783936874.1,843,32624,81,12.0,32.0,0.0
1783936874.7,843,32624,81,11.0,32.0,0.0
1783936875.3,843,32624,81,11.0,32.0,0.0
1783936875.9,843,32624,81,9.0,32.0,0.0
1783936876.5,843,32624,81,9.0,32.0,0.0
1783936877.1,843,32624,81,11.0,32.0,0.0
1783936877.7,843,32624,81,10.0,32.0,0.0
1783936878.3,843,32624,81,9.0,32.0,0.0
1783936878.9,843,32624,81,13.0,32.0,0.0
1783936879.5,843,32624,81,11.0,32.0,0.0
1783936880.1,843,32624,81,10.0,32.0,0.0
1783936880.7,843,32624,101,23.0,33.0,0.0
1783936881.3,843,32624,101,14.0,32.0,0.0
1783936881.9,861,32624,101,26.0,32.0,24.0
1783936882.5,861,32624,101,25.0,32.0,1807.0
1783936883.1,861,32624,101,12.0,32.0,0.0
1783936883.7,861,32624,101,11.0,33.0,0.0
1783936884.3,861,32624,101,10.0,32.0,0.0
1783936884.9,861,32624,91,10.0,32.0,0.0
1783936885.5,859,32624,81,10.0,32.0,0.0
1783936886.1,859,32624,81,9.0,32.0,0.0
1783936886.7,859,32624,81,10.0,32.0,0.0
1783936887.3,859,32624,81,9.0,32.0,0.0
1783936887.9,845,32624,81,10.0,32.0,0.0
1783936888.5,845,32624,81,9.0,32.0,0.0
1783936889.1,845,32624,81,12.0,32.0,0.0
1783936889.7,845,32624,81,14.0,32.0,0.0
1783936890.3,845,32624,81,10.0,32.0,0.0
1783936890.9,845,32624,81,10.0,32.0,0.0
1783936891.5,845,32624,81,9.0,32.0,0.0
1783936892.1,845,32624,81,10.0,32.0,0.0
1783936892.7,845,32624,81,11.0,32.0,0.0
1783936893.3,845,32624,81,10.0,32.0,0.0
1783936893.9,845,32624,81,10.0,32.0,0.0
1783936894.5,845,32624,81,10.0,32.0,0.0
1783936895.1,845,32624,81,11.0,32.0,0.0
1783936895.7,845,32624,81,11.0,32.0,0.0
1783936896.3,845,32624,81,10.0,32.0,0.0
1783936896.8,845,32624,81,9.0,32.0,0.0
1783936897.4,845,32624,81,10.0,32.0,0.0
1783936898.0,845,32624,81,9.0,32.0,0.0
1783936898.6,845,32624,81,12.0,32.0,0.0
1783936899.2,845,32624,81,10.0,32.0,0.0
1783936899.8,845,32624,81,9.0,32.0,0.0
1783936900.4,845,32624,81,9.0,32.0,0.0
1783936901.0,845,32624,81,9.0,32.0,0.0
1783936901.6,845,32624,81,12.0,32.0,0.0
1783936902.2,845,32624,81,11.0,32.0,0.0
1783936902.8,845,32624,81,10.0,32.0,0.0
1783936903.4,845,32624,81,9.0,32.0,0.0
1783936904.0,845,32624,81,10.0,32.0,0.0
1783936904.6,845,32624,81,10.0,32.0,0.0
1783936905.2,845,32624,81,9.0,32.0,0.0
1783936905.8,845,32624,81,9.0,32.0,0.0
1783936906.4,845,32624,81,9.0,32.0,0.0
1783936907.0,845,32624,81,10.0,32.0,0.0
1783936907.6,845,32624,81,10.0,32.0,0.0
1783936908.2,845,32624,81,10.0,32.0,0.0
1783936908.8,845,32624,81,10.0,32.0,0.0
1783936909.4,845,32624,81,11.0,32.0,0.0
1783936910.0,845,32624,81,10.0,32.0,0.0
1783936910.6,845,32624,81,11.0,32.0,0.0
1783936911.2,845,32624,81,9.0,32.0,0.0
1783936911.7,845,32624,81,9.0,32.0,0.0
1783936912.3,845,32624,81,10.0,32.0,0.0
1783936912.9,845,32624,81,9.0,32.0,0.0
1783936913.5,845,32624,81,10.0,32.0,0.0
1783936914.1,845,32624,81,12.0,31.0,0.0
1783936914.7,845,32624,81,9.0,32.0,0.0
1783936915.3,845,32624,81,10.0,32.0,0.0
1783936915.9,849,32624,101,25.0,32.0,31.0
1783936916.5,843,32624,101,9.0,32.0,0.0
1783936917.1,843,32624,101,10.0,32.0,0.0
1783936917.7,843,32624,101,13.0,32.0,0.0
1783936918.3,843,32624,99,23.0,33.0,0.0
1783936918.9,843,32624,99,10.0,32.0,0.0
1783936919.5,843,32624,99,11.0,32.0,0.0
1783936920.1,843,32624,99,22.0,32.0,0.0
1783936920.7,843,32624,77,10.0,32.0,0.0
1783936921.3,843,32624,77,9.0,32.0,0.0
1783936921.9,843,32624,77,11.0,32.0,0.0
1783936922.5,843,32624,77,10.0,32.0,0.0
1783936923.1,843,32624,77,10.0,32.0,0.0
1783936923.7,843,32624,77,9.0,32.0,0.0
1783936924.3,843,32624,77,11.0,32.0,0.0
1783936924.9,843,32624,77,11.0,32.0,0.0
1783936925.5,843,32624,77,10.0,32.0,0.0
1783936926.1,843,32624,77,9.0,32.0,0.0
1783936926.7,843,32624,77,10.0,32.0,0.0
1783936927.3,843,32624,77,9.0,32.0,0.0
1783936927.9,843,32624,77,11.0,32.0,0.0
1783936928.5,843,32624,77,13.0,32.0,0.0
1783936929.1,843,32624,77,11.0,32.0,0.0
1783936929.7,843,32624,77,10.0,32.0,0.0
1783936930.3,843,32624,77,11.0,32.0,0.0
1783936930.9,843,32624,77,8.0,32.0,0.0
1783936931.5,843,32624,77,12.0,32.0,0.0
1783936932.1,843,32624,77,9.0,32.0,0.0
1783936932.7,843,32624,77,9.0,32.0,0.0
1783936933.3,843,32624,77,10.0,32.0,0.0
1783936933.9,837,32624,75,11.0,32.0,0.0
1783936934.5,837,32624,75,10.0,32.0,0.0
1783936935.1,837,32624,75,10.0,32.0,0.0
1783936935.7,837,32624,75,8.0,32.0,0.0
1783936936.3,837,32624,75,11.0,32.0,0.0
1783936936.9,837,32624,75,12.0,32.0,0.0
1783936937.5,837,32624,95,26.0,32.0,14.0
1783936938.1,837,32624,97,22.0,32.0,0.0
1783936938.7,835,32624,97,31.0,33.0,51.0
1783936939.3,835,32624,97,10.0,32.0,0.0
1783936939.9,835,32624,97,22.0,32.0,0.0
1783936940.5,835,32624,97,30.0,33.0,22.0
1783936941.1,835,32624,97,11.0,32.0,0.0
1783936941.7,835,32624,97,24.0,32.0,19.0
1783936942.3,835,32624,97,25.0,33.0,23.0
1783936942.9,835,32624,97,22.0,33.0,0.0
1783936943.5,835,32624,99,24.0,33.0,68.0
1783936944.1,835,32624,99,26.0,33.0,23.0
1783936944.7,835,32624,99,27.0,33.0,605.0
1783936945.3,835,32624,99,25.0,33.0,41.0
1783936945.9,850,32624,97,25.0,33.0,15.0
1783936946.5,850,32624,97,25.0,33.0,35.0
1783936947.1,850,32624,97,23.0,33.0,0.0
1783936947.7,850,32624,97,11.0,33.0,0.0
1783936948.3,850,32624,85,10.0,32.0,0.0
1783936948.9,850,32624,85,10.0,32.0,0.0
1783936949.5,850,32624,75,11.0,32.0,0.0
1783936950.1,850,32624,66,12.0,32.0,0.0
1783936950.7,850,32624,66,11.0,32.0,0.0
1783936951.3,850,32624,66,10.0,32.0,0.0
1783936951.9,850,32624,66,15.0,32.0,1690.0
1783936952.5,846,32624,89,25.0,33.0,1634.0
1783936953.2,846,32624,67,12.0,32.0,197.0
1783936953.8,846,32624,67,11.0,32.0,0.0
1783936954.4,846,32624,70,12.0,32.0,0.0
1783936955.0,846,32624,70,11.0,32.0,0.0
1783936955.5,846,32624,70,11.0,32.0,0.0
1783936956.1,846,32624,76,12.0,32.0,0.0
1783936956.7,846,32624,72,11.0,32.0,0.0
1783936957.4,846,32624,72,11.0,32.0,0.0
1783936958.0,846,32624,79,12.0,32.0,0.0
1783936958.6,846,32624,79,10.0,32.0,0.0
1783936959.1,846,32624,71,12.0,32.0,0.0
1783936959.7,846,32624,71,19.0,32.0,305.0
1783936960.3,846,32624,71,12.0,32.0,0.0
1783936960.9,846,32624,71,11.0,32.0,0.0
1783936961.5,846,32624,71,12.0,32.0,0.0
1783936962.1,846,32624,71,11.0,32.0,0.0
1783936962.7,846,32624,71,11.0,32.0,0.0
1783936963.3,846,32624,67,16.0,32.0,67.0
1783936963.9,846,32624,67,11.0,32.0,0.0
1783936964.5,846,32624,67,11.0,32.0,0.0
1783936965.1,846,32624,67,11.0,32.0,0.0
1783936965.7,846,32624,67,11.0,32.0,0.0
1783936966.2,846,32624,67,10.0,32.0,0.0
1783936966.8,846,32624,67,11.0,32.0,0.0
1783936967.4,846,32624,67,11.0,32.0,0.0
1783936968.0,846,32624,64,11.0,32.0,0.0
1783936968.6,846,32624,64,10.0,32.0,0.0
1783936969.2,846,32624,67,22.0,32.0,0.0
1783936969.8,846,32624,67,12.0,32.0,0.0
1783936970.4,846,32624,67,11.0,32.0,0.0
1783936971.0,846,32624,67,11.0,32.0,0.0
1783936971.6,846,32624,67,11.0,32.0,0.0
1783936972.2,846,32624,67,11.0,32.0,0.0
1783936972.7,846,32624,81,10.0,32.0,0.0
1783936973.3,846,32624,68,12.0,32.0,0.0
1783936973.9,846,32624,68,10.0,32.0,0.0
1783936974.5,846,32624,82,26.0,32.0,93.0
1783936975.1,846,32624,82,11.0,32.0,0.0
1783936975.7,846,32624,82,11.0,32.0,0.0
1783936976.3,846,32624,66,11.0,32.0,0.0
1783936976.9,846,32624,66,11.0,32.0,0.0
1783936977.5,846,32624,91,26.0,33.0,1375.0
1783936978.1,846,32624,120,25.0,33.0,53.0
1783936978.8,846,32624,131,22.0,33.0,0.0
1783936979.4,846,32624,106,27.0,33.0,1811.0
1783936980.0,846,32624,102,11.0,33.0,0.0
1783936980.6,846,32624,102,10.0,33.0,0.0
1783936981.2,846,32624,102,10.0,32.0,0.0
1783936981.8,846,32624,102,10.0,33.0,0.0
1783936982.4,846,32624,79,22.0,32.0,0.0
1783936983.0,846,32624,66,11.0,33.0,0.0
1783936983.6,846,32624,66,11.0,32.0,0.0
1783936984.2,846,32624,66,12.0,32.0,0.0
1783936984.8,846,32624,66,10.0,33.0,0.0
1783936985.4,846,32624,66,10.0,32.0,0.0
1783936986.0,846,32624,66,10.0,32.0,0.0
1783936986.6,846,32624,66,10.0,32.0,0.0
1783936987.1,846,32624,70,26.0,32.0,82.0
1783936987.8,846,32624,89,13.0,33.0,0.0
1783936988.3,846,32624,89,12.0,33.0,0.0
1783936988.9,846,32624,89,12.0,32.0,0.0
1783936989.5,846,32624,89,11.0,33.0,0.0
1783936990.1,846,32624,89,12.0,33.0,0.0
1783936990.7,846,32624,71,12.0,33.0,0.0
1783936991.3,846,32624,71,10.0,33.0,0.0
1783936991.9,846,32624,71,10.0,33.0,0.0
1783936992.5,846,32624,71,11.0,32.0,0.0
1783936993.1,846,32624,85,22.0,33.0,0.0
1783936993.7,846,32624,71,11.0,33.0,0.0
1783936994.3,846,32624,71,10.0,33.0,0.0
1783936994.9,846,32624,70,13.0,33.0,0.0
1783936995.5,846,32624,67,12.0,32.0,0.0
1783936996.1,846,32624,74,12.0,33.0,0.0
1783936996.7,846,32624,74,12.0,32.0,0.0
1783936997.3,846,32624,68,11.0,32.0,0.0
1783936997.9,846,32624,68,10.0,32.0,0.0
1783936998.5,846,32624,68,11.0,32.0,0.0
1783936999.0,846,32624,68,9.0,32.0,0.0
1783936999.6,846,32624,68,11.0,32.0,0.0
1783937000.2,846,32624,68,10.0,32.0,0.0
1783937000.8,846,32624,68,10.0,32.0,0.0
1783937001.4,846,32624,68,11.0,32.0,0.0
1783937002.0,846,32624,68,11.0,33.0,0.0
1783937002.6,846,32624,68,11.0,32.0,0.0
1783937003.2,846,32624,77,14.0,32.0,21.0
1783937003.8,846,32624,79,12.0,32.0,0.0
1783937004.4,846,32624,79,11.0,32.0,0.0
1783937005.0,846,32624,79,11.0,32.0,0.0
1783937005.6,846,32624,94,27.0,33.0,1580.0
1783937006.2,846,32624,87,22.0,33.0,0.0
1783937006.8,846,32624,87,28.0,33.0,460.0
1783937007.4,846,32624,86,25.0,33.0,1050.0
1783937008.0,846,32624,103,22.0,33.0,0.0
1783937008.6,846,32624,76,11.0,33.0,0.0
1783937009.1,846,32624,74,11.0,33.0,0.0
1783937009.7,846,32624,74,11.0,33.0,0.0
1783937010.3,846,32624,74,11.0,33.0,0.0
1783937010.9,846,32624,74,17.0,32.0,8.0
1783937011.5,846,32624,74,11.0,32.0,0.0
1783937012.1,846,32624,67,11.0,33.0,0.0
1783937012.7,846,32624,75,11.0,32.0,0.0
1783937013.3,846,32624,75,11.0,33.0,0.0
1783937013.9,846,32624,75,12.0,33.0,0.0
1783937014.5,846,32624,75,10.0,33.0,0.0
1783937015.1,846,32624,67,11.0,33.0,0.0
1783937015.7,846,32624,67,10.0,33.0,0.0
