unix_ts,vram_used_mib,vram_total_mib,gtt_used_mib,power_w,temp_c,sclk_mhz
1783932572.3,20466,32624,591,31.0,54.0,25.0
1783932572.9,20475,32624,581,171.0,55.0,1708.0
1783932573.5,20475,32624,585,180.0,56.0,1954.0
1783932574.1,20484,32624,603,201.0,57.0,2657.0
1783932574.7,20438,32624,603,302.0,58.0,3198.0
1783932575.3,20450,32624,601,323.0,58.0,2871.0
1783932575.9,20450,32624,599,331.0,59.0,2914.0
1783932576.5,20451,32624,607,310.0,59.0,3253.0
1783932577.1,20441,32624,607,289.0,59.0,3285.0
1783932577.7,20441,32624,607,344.0,60.0,2984.0
1783932578.3,20443,32624,591,301.0,60.0,2794.0
1783932578.9,20441,32624,589,185.0,60.0,2781.0
1783932579.5,20442,32624,583,311.0,60.0,2861.0
1783932580.1,20444,32624,587,346.0,61.0,2789.0
1783932580.7,20449,32624,585,321.0,61.0,2876.0
1783932581.3,20428,32624,583,336.0,61.0,3152.0
1783932581.9,20418,32624,581,351.0,61.0,3063.0
1783932582.5,20418,32624,585,314.0,62.0,2858.0
1783932583.1,20418,32624,581,171.0,62.0,3157.0
1783932583.7,20418,32624,581,227.0,62.0,2764.0
1783932584.3,20424,32624,585,168.0,62.0,3014.0
1783932584.9,20424,32624,585,366.0,62.0,3206.0
1783932585.5,20424,32624,585,309.0,62.0,2873.0
1783932586.1,20415,32624,585,196.0,63.0,3293.0
1783932586.7,20415,32624,585,296.0,63.0,2924.0
1783932587.3,20411,32624,585,305.0,63.0,3295.0
1783932587.9,20411,32624,585,351.0,63.0,2978.0
1783932588.5,20411,32624,585,279.0,63.0,3274.0
1783932589.1,20408,32624,585,356.0,63.0,3216.0
1783932589.7,20408,32624,585,346.0,64.0,3259.0
1783932590.2,20407,32624,585,323.0,64.0,2889.0
1783932590.9,20417,32624,599,303.0,64.0,2805.0
1783932591.5,20417,32624,607,240.0,64.0,2845.0
1783932592.1,20417,32624,585,304.0,64.0,2841.0
1783932592.7,20411,32624,583,248.0,64.0,3285.0
1783932593.3,20411,32624,587,326.0,64.0,2917.0
1783932593.9,20411,32624,587,319.0,65.0,2866.0
1783932594.5,20411,32624,587,299.0,65.0,3283.0
1783932595.0,20411,32624,587,299.0,65.0,2816.0
1783932595.6,20411,32624,587,247.0,65.0,3109.0
1783932596.2,20411,32624,581,316.0,65.0,2848.0
1783932596.8,20375,32624,583,242.0,65.0,2879.0
1783932597.4,20375,32624,583,325.0,65.0,3239.0
1783932598.0,20375,32624,583,296.0,65.0,3044.0
1783932598.6,20375,32624,583,311.0,66.0,2817.0
1783932599.2,20375,32624,583,321.0,65.0,2719.0
1783932599.8,20375,32624,583,389.0,66.0,3222.0
1783932600.4,20375,32624,583,353.0,66.0,2744.0
1783932601.0,20375,32624,583,300.0,66.0,3004.0
1783932601.6,20375,32624,583,317.0,66.0,2869.0
1783932602.2,20375,32624,583,307.0,66.0,2809.0
1783932602.8,20371,32624,583,272.0,66.0,2965.0
1783932603.4,20371,32624,583,294.0,66.0,2774.0
1783932604.0,20371,32624,583,329.0,66.0,2903.0
1783932604.6,20371,32624,583,295.0,66.0,2991.0
1783932605.2,20377,32624,583,271.0,66.0,2931.0
1783932605.8,20382,32624,583,425.0,67.0,3216.0
1783932606.4,20382,32624,583,169.0,67.0,2985.0
1783932607.0,20385,32624,583,371.0,67.0,3188.0
1783932607.6,20385,32624,583,352.0,67.0,2982.0
1783932608.2,20395,32624,585,296.0,67.0,3292.0
1783932608.8,20453,32624,625,324.0,67.0,3205.0
1783932609.4,20442,32624,619,398.0,67.0,3181.0
1783932610.0,20444,32624,603,343.0,67.0,2955.0
1783932610.6,20444,32624,603,233.0,67.0,3318.0
1783932611.2,20445,32624,593,314.0,67.0,2894.0
1783932611.8,20445,32624,593,292.0,67.0,3249.0
1783932612.3,20437,32624,593,279.0,67.0,2975.0
1783932612.9,20437,32624,593,349.0,67.0,2905.0
1783932613.5,20437,32624,593,335.0,67.0,2894.0
1783932614.1,20437,32624,593,296.0,68.0,2725.0
1783932614.7,20426,32624,581,306.0,68.0,3282.0
1783932615.3,20422,32624,589,309.0,68.0,2819.0
1783932615.9,20422,32624,589,338.0,68.0,2927.0
1783932616.5,20422,32624,585,110.0,68.0,2650.0
1783932617.1,20422,32624,585,307.0,68.0,3282.0
1783932617.7,20422,32624,593,354.0,68.0,3264.0
1783932618.3,20422,32624,593,216.0,68.0,2697.0
1783932618.9,20424,32624,593,364.0,68.0,3044.0
1783932619.5,20424,32624,593,323.0,68.0,3172.0
1783932620.1,20424,32624,593,318.0,68.0,3278.0
1783932620.7,20424,32624,583,330.0,68.0,3165.0
1783932621.3,20424,32624,583,282.0,68.0,2931.0
1783932621.9,20424,32624,583,358.0,68.0,2961.0
1783932622.5,20424,32624,583,336.0,68.0,3095.0
1783932623.1,20424,32624,583,177.0,68.0,2716.0
1783932623.7,20424,32624,587,348.0,68.0,2963.0
1783932624.3,20437,32624,589,300.0,68.0,2751.0
1783932624.9,20463,32624,605,306.0,69.0,3081.0
1783932625.5,20442,32624,591,256.0,69.0,3258.0
1783932626.1,20442,32624,591,326.0,69.0,2883.0
1783932626.7,20442,32624,589,284.0,69.0,2734.0
1783932627.3,20442,32624,589,334.0,69.0,3241.0
1783932627.9,20442,32624,589,302.0,68.0,3246.0
1783932628.5,20438,32624,623,317.0,69.0,2805.0
1783932629.1,20425,32624,585,119.0,69.0,2722.0
1783932629.7,20425,32624,585,260.0,69.0,3020.0
1783932630.3,20425,32624,595,302.0,69.0,2983.0
1783932630.9,20426,32624,585,336.0,69.0,2849.0
1783932631.5,20424,32624,583,323.0,69.0,2830.0
1783932632.1,20424,32624,583,305.0,69.0,2712.0
1783932632.7,20428,32624,597,312.0,69.0,2836.0
1783932633.3,20428,32624,597,283.0,69.0,2996.0
1783932633.9,20430,32624,583,263.0,69.0,2928.0
1783932634.5,20430,32624,583,321.0,69.0,2847.0
1783932635.1,20430,32624,583,170.0,69.0,2890.0
1783932635.7,20406,32624,585,378.0,69.0,3096.0
1783932636.3,20406,32624,585,323.0,69.0,3212.0
1783932636.9,20406,32624,585,258.0,70.0,2935.0
1783932637.5,20406,32624,585,318.0,69.0,2748.0
1783932638.1,20406,32624,585,253.0,69.0,2826.0
1783932638.7,20406,32624,585,375.0,69.0,3179.0
1783932639.3,20406,32624,585,369.0,69.0,3114.0
1783932639.9,20406,32624,585,166.0,69.0,2473.0
1783932640.5,20406,32624,585,281.0,69.0,3029.0
1783932641.1,20406,32624,585,309.0,69.0,3162.0
1783932641.6,20406,32624,585,337.0,69.0,2953.0
1783932642.2,20401,32624,581,309.0,69.0,2722.0
1783932642.8,20401,32624,581,232.0,69.0,2968.0
1783932643.4,20397,32624,581,313.0,69.0,2800.0
1783932644.0,20397,32624,581,285.0,69.0,3263.0
1783932644.6,20397,32624,581,308.0,69.0,2750.0
1783932645.2,20397,32624,581,280.0,69.0,3252.0
1783932645.8,20389,32624,581,307.0,70.0,3274.0
1783932646.4,20398,32624,581,310.0,69.0,3127.0
1783932647.0,20400,32624,581,302.0,69.0,2802.0
1783932647.6,20400,32624,581,260.0,69.0,2846.0
1783932648.2,20400,32624,581,279.0,70.0,2925.0
1783932648.8,20400,32624,581,416.0,70.0,3187.0
1783932649.4,20400,32624,581,365.0,70.0,3195.0
1783932650.0,20400,32624,581,315.0,70.0,2864.0
1783932650.6,20400,32624,581,276.0,70.0,2623.0
1783932651.2,20400,32624,581,302.0,70.0,3262.0
1783932651.8,20400,32624,581,236.0,70.0,3196.0
1783932652.4,20399,32624,581,295.0,70.0,2782.0
1783932653.0,20399,32624,581,287.0,70.0,3013.0
1783932653.6,20399,32624,581,319.0,70.0,2775.0
1783932654.2,20399,32624,581,290.0,70.0,3246.0
1783932654.8,20399,32624,581,306.0,70.0,3260.0
1783932655.4,20399,32624,581,335.0,70.0,2926.0
1783932656.0,20399,32624,581,330.0,70.0,2776.0
1783932656.6,20399,32624,581,289.0,70.0,2676.0
1783932657.2,20393,32624,581,227.0,70.0,2692.0
1783932657.7,20393,32624,581,238.0,70.0,3036.0
1783932658.3,20393,32624,581,266.0,70.0,2992.0
1783932658.9,20393,32624,581,312.0,70.0,3183.0
1783932659.5,20388,32624,581,166.0,70.0,3294.0
1783932660.1,20399,32624,583,319.0,70.0,3158.0
1783932660.7,20399,32624,583,330.0,70.0,3255.0
1783932661.3,20399,32624,583,290.0,70.0,3251.0
1783932661.9,20399,32624,583,315.0,70.0,2809.0
1783932662.5,20399,32624,583,378.0,69.0,3060.0
1783932663.1,20405,32624,583,45.0,69.0,0.0
1783932663.7,20405,32624,591,45.0,68.0,0.0
1783932664.3,20405,32624,593,251.0,68.0,2799.0
1783932664.9,20405,32624,591,294.0,69.0,2744.0
1783932665.5,20405,32624,591,308.0,69.0,3106.0
1783932666.1,20405,32624,591,333.0,69.0,3000.0
1783932666.7,20405,32624,591,344.0,69.0,2952.0
1783932667.3,20401,32624,589,333.0,69.0,2726.0
1783932667.9,20401,32624,589,314.0,69.0,3280.0
1783932668.5,20398,32624,589,310.0,70.0,3171.0
1783932669.1,20401,32624,589,175.0,70.0,2669.0
1783932669.7,20401,32624,589,143.0,70.0,2973.0
1783932670.3,20401,32624,589,335.0,70.0,2917.0
1783932670.9,20411,32624,593,309.0,70.0,2763.0
1783932671.5,20415,32624,593,326.0,70.0,2773.0
1783932672.0,20442,32624,619,184.0,70.0,2772.0
1783932672.6,20442,32624,619,319.0,70.0,2877.0
1783932673.2,20462,32624,621,269.0,70.0,2902.0
1783932673.8,20462,32624,621,367.0,70.0,2956.0
1783932674.4,20423,32624,611,304.0,70.0,2798.0
1783932675.0,20423,32624,611,318.0,70.0,2795.0
1783932675.6,20421,32624,601,329.0,70.0,3204.0
1783932676.2,20421,32624,601,312.0,70.0,2764.0
1783932676.8,20413,32624,601,305.0,70.0,2745.0
1783932677.4,20413,32624,601,272.0,70.0,2984.0
1783932678.0,20437,32624,623,297.0,70.0,2758.0
1783932678.6,20418,32624,607,111.0,70.0,2011.0
1783932679.2,20450,32624,631,350.0,70.0,2986.0
1783932679.8,20466,32624,625,341.0,70.0,3113.0
1783932680.4,20428,32624,601,320.0,70.0,2930.0
1783932681.0,20428,32624,589,336.0,70.0,2905.0
1783932681.6,20428,32624,589,233.0,70.0,2927.0
1783932682.2,20413,32624,589,322.0,70.0,2902.0
1783932682.8,20425,32624,597,342.0,70.0,2905.0
1783932683.4,20417,32624,597,311.0,70.0,2775.0
1783932684.0,20409,32624,595,266.0,70.0,3017.0
1783932684.6,20468,32624,629,236.0,70.0,3229.0
1783932685.2,20468,32624,604,302.0,70.0,3275.0
1783932685.8,20473,32624,601,178.0,70.0,2603.0
1783932686.4,20473,32624,599,311.0,70.0,2765.0
1783932687.0,20444,32624,599,277.0,70.0,3251.0
1783932687.6,20412,32624,591,299.0,70.0,2729.0
1783932688.2,20412,32624,591,332.0,70.0,3047.0
1783932688.8,20428,32624,599,328.0,70.0,2823.0
1783932689.4,20424,32624,597,298.0,70.0,3259.0
1783932690.0,20424,32624,591,307.0,70.0,3102.0
1783932690.6,20409,32624,591,272.0,70.0,2919.0
1783932691.2,20413,32624,593,321.0,70.0,3286.0
1783932691.7,20413,32624,593,379.0,70.0,3176.0
1783932692.3,20413,32624,593,352.0,70.0,3259.0
1783932692.9,20402,32624,591,172.0,70.0,3108.0
1783932693.5,20394,32624,593,305.0,70.0,3282.0
1783932694.1,20394,32624,593,297.0,70.0,3072.0
1783932694.7,20389,32624,591,281.0,70.0,2652.0
1783932695.3,20388,32624,591,246.0,70.0,2780.0
1783932695.9,20388,32624,591,341.0,70.0,2910.0
1783932696.5,20390,32624,591,218.0,70.0,3082.0
1783932697.1,20390,32624,591,204.0,70.0,2565.0
1783932697.7,20390,32624,591,153.0,70.0,3086.0
1783932698.3,20392,32624,591,289.0,70.0,3250.0
1783932698.9,20392,32624,591,302.0,70.0,2781.0
1783932699.5,20392,32624,591,327.0,70.0,2823.0
1783932700.1,20392,32624,591,300.0,70.0,2742.0
1783932700.7,20392,32624,591,338.0,70.0,3214.0
1783932701.3,20389,32624,591,319.0,70.0,3105.0
1783932701.9,20389,32624,591,309.0,70.0,3255.0
1783932702.5,20414,32624,599,369.0,70.0,3056.0
1783932703.1,20471,32624,611,281.0,70.0,2952.0
1783932703.7,20472,32624,609,344.0,70.0,2933.0
1783932704.3,20492,32624,609,415.0,70.0,3171.0
1783932704.9,20492,32624,609,321.0,70.0,3235.0
1783932705.5,20492,32624,607,314.0,71.0,2751.0
1783932706.1,20460,32624,603,307.0,71.0,2775.0
1783932706.7,20457,32624,603,256.0,71.0,2682.0
1783932707.3,20457,32624,603,199.0,70.0,2956.0
1783932707.9,20455,32624,597,323.0,70.0,2846.0
1783932708.5,20451,32624,599,346.0,70.0,2737.0
1783932709.1,20451,32624,599,304.0,71.0,2901.0
1783932709.7,20451,32624,599,349.0,71.0,2955.0
1783932710.2,20417,32624,599,338.0,70.0,2932.0
1783932710.8,20417,32624,599,329.0,70.0,3209.0
1783932711.4,20406,32624,599,302.0,70.0,2738.0
1783932712.0,20406,32624,599,294.0,71.0,2715.0
1783932712.6,20412,32624,607,225.0,71.0,2743.0
1783932713.2,20412,32624,607,316.0,71.0,2963.0
1783932713.8,20412,32624,603,320.0,71.0,2967.0
1783932714.4,20412,32624,605,167.0,71.0,2598.0
1783932715.0,20412,32624,605,241.0,71.0,2700.0
1783932715.6,20410,32624,605,261.0,71.0,2947.0
1783932716.2,20410,32624,605,296.0,71.0,2705.0
1783932716.8,20410,32624,595,266.0,70.0,2904.0
1783932717.4,20415,32624,601,320.0,71.0,2917.0
1783932718.0,20415,32624,601,345.0,71.0,3107.0
1783932718.6,20415,32624,601,336.0,71.0,2986.0
1783932719.2,20395,32624,601,369.0,71.0,2944.0
1783932719.8,20395,32624,601,318.0,71.0,2824.0
1783932720.4,20411,32624,609,210.0,71.0,3206.0
1783932720.9,20411,32624,609,309.0,71.0,2730.0
1783932721.5,20411,32624,609,296.0,71.0,2714.0
1783932722.1,20415,32624,607,305.0,71.0,2792.0
1783932722.7,20415,32624,607,287.0,71.0,2971.0
1783932723.3,20415,32624,601,320.0,71.0,2784.0
1783932723.9,20415,32624,601,180.0,71.0,3010.0
1783932724.5,20415,32624,601,313.0,71.0,2829.0
1783932725.1,20423,32624,603,313.0,71.0,3132.0
1783932725.7,20446,32624,607,383.0,71.0,3116.0
1783932726.3,20448,32624,607,305.0,71.0,3246.0
1783932726.9,20448,32624,607,333.0,71.0,3221.0
1783932727.5,20448,32624,599,311.0,71.0,2774.0
1783932728.1,20431,32624,601,304.0,71.0,2752.0
1783932728.7,20414,32624,603,248.0,71.0,2895.0
1783932729.3,20442,32624,603,211.0,71.0,2875.0
1783932729.9,20442,32624,601,273.0,71.0,2911.0
1783932730.5,20442,32624,597,351.0,71.0,3132.0
1783932731.1,20442,32624,595,347.0,71.0,2888.0
1783932731.7,20442,32624,595,317.0,71.0,2760.0
1783932732.3,20421,32624,595,319.0,71.0,2822.0
1783932732.8,20421,32624,595,325.0,71.0,2863.0
1783932733.4,20421,32624,595,280.0,71.0,2726.0
1783932734.0,20408,32624,605,300.0,71.0,2756.0
1783932734.6,20410,32624,605,327.0,71.0,3276.0
1783932735.2,20406,32624,595,259.0,71.0,2829.0
1783932735.8,20406,32624,595,286.0,71.0,2697.0
1783932736.4,20416,32624,597,299.0,71.0,3261.0
1783932737.0,20416,32624,589,320.0,71.0,2744.0
1783932737.6,20416,32624,589,306.0,71.0,3023.0
1783932738.2,20429,32624,601,177.0,71.0,2680.0
1783932738.8,20437,32624,603,325.0,71.0,2956.0
1783932739.4,20437,32624,599,299.0,71.0,2743.0
1783932740.0,20437,32624,597,328.0,71.0,3057.0
1783932740.6,20437,32624,597,316.0,71.0,2831.0
1783932741.2,20435,32624,597,313.0,71.0,2813.0
1783932741.8,20435,32624,597,302.0,71.0,2812.0
1783932742.4,20425,32624,597,276.0,71.0,2705.0
1783932743.0,20402,32624,597,314.0,71.0,2790.0
1783932743.6,20400,32624,599,301.0,71.0,2738.0
1783932744.2,20401,32624,599,313.0,71.0,2762.0
1783932744.8,20401,32624,599,306.0,71.0,2688.0
1783932745.4,20397,32624,597,235.0,71.0,2611.0
1783932745.9,20401,32624,597,297.0,71.0,3196.0
1783932746.5,20401,32624,597,259.0,71.0,2651.0
1783932747.1,20392,32624,593,320.0,71.0,2880.0
1783932747.7,20392,32624,593,303.0,71.0,3217.0
1783932748.3,20401,32624,599,271.0,71.0,3249.0
1783932748.9,20407,32624,597,303.0,71.0,3222.0
1783932749.5,20407,32624,597,244.0,71.0,2710.0
1783932750.1,20407,32624,597,274.0,71.0,2958.0
1783932750.7,20407,32624,597,252.0,71.0,3098.0
1783932751.3,20407,32624,595,304.0,71.0,3218.0
1783932751.9,20406,32624,597,331.0,71.0,2939.0
1783932752.5,20416,32624,599,390.0,71.0,3100.0
1783932753.1,20416,32624,599,325.0,71.0,3172.0
1783932753.7,20418,32624,599,323.0,71.0,3243.0
1783932754.2,20418,32624,595,307.0,71.0,3104.0
1783932754.8,20405,32624,595,353.0,71.0,3086.0
1783932755.4,20405,32624,595,315.0,71.0,3277.0
1783932756.0,20412,32624,595,334.0,71.0,2910.0
1783932756.6,20410,32624,595,319.0,71.0,2778.0
1783932757.2,20410,32624,595,302.0,71.0,3070.0
1783932757.8,20414,32624,595,268.0,71.0,2857.0
1783932758.4,20414,32624,595,227.0,71.0,3027.0
1783932759.0,20414,32624,595,325.0,71.0,2809.0
1783932759.6,20408,32624,597,254.0,71.0,2674.0
1783932760.2,20408,32624,593,275.0,71.0,2997.0
1783932760.8,20408,32624,595,268.0,71.0,2876.0
1783932761.4,20408,32624,595,225.0,71.0,2802.0
1783932762.0,20415,32624,597,275.0,71.0,2867.0
1783932762.6,20415,32624,597,277.0,71.0,3243.0
1783932763.1,20415,32624,597,274.0,71.0,2935.0
1783932763.7,20433,32624,607,334.0,71.0,3212.0
1783932764.3,20433,32624,607,340.0,71.0,3225.0
1783932764.9,20472,32624,611,309.0,71.0,3277.0
1783932765.5,20483,32624,605,312.0,71.0,3100.0
1783932766.1,20483,32624,605,188.0,71.0,2765.0
1783932766.7,20477,32624,599,316.0,71.0,3057.0
1783932767.3,20477,32624,599,288.0,71.0,2976.0
1783932767.9,20477,32624,599,277.0,71.0,2883.0
1783932768.5,20438,32624,599,307.0,71.0,3070.0
1783932769.1,20438,32624,599,325.0,71.0,2837.0
1783932769.6,20376,32624,589,301.0,71.0,2768.0
1783932770.3,20415,32624,601,284.0,71.0,2964.0
1783932770.9,20425,32624,607,323.0,71.0,2821.0
1783932771.4,20425,32624,607,341.0,71.0,2944.0
1783932772.0,20425,32624,607,318.0,71.0,2833.0
1783932772.6,20425,32624,599,283.0,71.0,3111.0
1783932773.2,20425,32624,599,316.0,71.0,2874.0
1783932773.8,20418,32624,599,312.0,71.0,3279.0
1783932774.4,20399,32624,599,277.0,71.0,3097.0
1783932775.0,20399,32624,599,290.0,71.0,2919.0
1783932775.6,20399,32624,599,316.0,71.0,2755.0
1783932776.2,20399,32624,599,308.0,71.0,2752.0
1783932776.8,20389,32624,593,324.0,71.0,2827.0
1783932777.4,20373,32624,595,198.0,71.0,2679.0
1783932778.0,20386,32624,595,271.0,71.0,2951.0
1783932778.6,20386,32624,595,263.0,71.0,2615.0
1783932779.2,20403,32624,599,194.0,71.0,2909.0
1783932779.8,20426,32624,609,270.0,71.0,2910.0
1783932780.4,20426,32624,597,340.0,71.0,2965.0
1783932781.0,20426,32624,601,275.0,71.0,2903.0
1783932781.6,20424,32624,597,268.0,71.0,2826.0
1783932782.2,20475,32624,617,287.0,71.0,3287.0
1783932782.8,20472,32624,617,356.0,71.0,2886.0
1783932783.4,20425,32624,597,62.0,69.0,2890.0
1783932784.0,20415,32624,597,281.0,69.0,2608.0
1783932784.6,20454,32624,637,287.0,70.0,3258.0
1783932785.2,20488,32624,624,267.0,70.0,2724.0
1783932785.8,20488,32624,618,305.0,70.0,2762.0
1783932786.4,20453,32624,615,319.0,70.0,3257.0
1783932787.0,20453,32624,615,292.0,71.0,3236.0
1783932787.5,20473,32624,621,135.0,70.0,3042.0
1783932788.1,20473,32624,621,316.0,71.0,2816.0
1783932788.7,20434,32624,613,315.0,71.0,3149.0
1783932789.3,20420,32624,599,246.0,71.0,2660.0
1783932789.9,20427,32624,595,330.0,71.0,2846.0
1783932790.5,20427,32624,595,306.0,71.0,2722.0
1783932791.1,20390,32624,597,352.0,71.0,2679.0
1783932791.7,20390,32624,597,293.0,71.0,3214.0
1783932792.3,20390,32624,597,268.0,71.0,2866.0
1783932792.9,20390,32624,597,306.0,71.0,2829.0
1783932793.5,20384,32624,597,324.0,71.0,2874.0
1783932794.1,20384,32624,597,305.0,71.0,3273.0
1783932794.7,20370,32624,597,299.0,71.0,3249.0
1783932795.3,20370,32624,597,299.0,71.0,2766.0
1783932795.8,20370,32624,597,274.0,71.0,2864.0
1783932796.4,20370,32624,597,302.0,71.0,2730.0
1783932797.0,20384,32624,601,309.0,71.0,3078.0
1783932797.6,20384,32624,601,324.0,71.0,2757.0
1783932798.2,20384,32624,601,274.0,71.0,2885.0
1783932798.8,20380,32624,595,325.0,71.0,2885.0
1783932799.4,20380,32624,595,186.0,71.0,3037.0
1783932800.0,20380,32624,595,311.0,71.0,2768.0
1783932800.6,20375,32624,595,205.0,71.0,2789.0
1783932801.2,20375,32624,595,310.0,71.0,2916.0
1783932801.8,20361,32624,595,354.0,71.0,2986.0
1783932802.4,20360,32624,595,309.0,71.0,2772.0
1783932803.0,20360,32624,595,298.0,71.0,2751.0
1783932803.6,20360,32624,595,428.0,71.0,3165.0
1783932804.2,20360,32624,595,299.0,71.0,3259.0
1783932804.8,20356,32624,595,91.0,70.0,2653.0
1783932805.3,20356,32624,595,336.0,70.0,2869.0
1783932805.9,20356,32624,595,327.0,70.0,3194.0
1783932806.5,20356,32624,595,300.0,71.0,3059.0
1783932807.1,20356,32624,595,316.0,71.0,2691.0
1783932807.7,20356,32624,595,292.0,71.0,3232.0
1783932808.3,20356,32624,595,312.0,71.0,3138.0
1783932808.9,20356,32624,595,303.0,71.0,2902.0
1783932809.5,20356,32624,595,335.0,71.0,2885.0
1783932810.1,20375,32624,599,285.0,71.0,2865.0
1783932810.7,20379,32624,599,329.0,71.0,3208.0
1783932811.3,20379,32624,599,419.0,71.0,3176.0
1783932811.9,20379,32624,595,324.0,71.0,3045.0
1783932812.5,20366,32624,597,214.0,71.0,2622.0
1783932813.1,20377,32624,599,309.0,71.0,2778.0
1783932813.7,20377,32624,599,280.0,71.0,3275.0
1783932814.3,20377,32624,599,400.0,71.0,3168.0
1783932814.9,20385,32624,597,406.0,71.0,3169.0
1783932815.5,20385,32624,597,326.0,71.0,3007.0
1783932816.1,20385,32624,597,325.0,71.0,2852.0
1783932816.7,20375,32624,597,226.0,71.0,2975.0
1783932817.3,20375,32624,597,326.0,71.0,2787.0
1783932817.8,20375,32624,597,321.0,71.0,2969.0
1783932818.4,20351,32624,593,309.0,71.0,2957.0
1783932819.0,20351,32624,593,318.0,71.0,3012.0
1783932819.6,20363,32624,595,296.0,71.0,2957.0
1783932820.2,20408,32624,613,378.0,71.0,3049.0
1783932820.8,20410,32624,613,317.0,71.0,3273.0
1783932821.4,20410,32624,615,318.0,71.0,2807.0
1783932822.0,20410,32624,613,332.0,71.0,2821.0
1783932822.6,20410,32624,607,319.0,71.0,2824.0
1783932823.2,20410,32624,607,312.0,71.0,3131.0
1783932823.8,20408,32624,605,343.0,71.0,2852.0
1783932824.4,20408,32624,605,315.0,71.0,3245.0
1783932825.0,20408,32624,605,246.0,71.0,3037.0
1783932825.6,20406,32624,605,342.0,71.0,2971.0
1783932826.2,20390,32624,605,318.0,71.0,3276.0
1783932826.8,20390,32624,605,314.0,71.0,2818.0
1783932827.4,20378,32624,609,294.0,71.0,3275.0
1783932828.0,20378,32624,609,398.0,71.0,3170.0
1783932828.6,20378,32624,601,310.0,71.0,3241.0
1783932829.2,20378,32624,597,334.0,71.0,2930.0
1783932829.8,20378,32624,597,307.0,71.0,3246.0
1783932830.4,20379,32624,607,314.0,71.0,2766.0
1783932831.0,20375,32624,607,324.0,71.0,2851.0
1783932831.6,20389,32624,609,300.0,71.0,3253.0
1783932832.2,20391,32624,609,322.0,71.0,2843.0
1783932832.8,20391,32624,609,311.0,71.0,3267.0
1783932833.4,20391,32624,605,185.0,71.0,3273.0
1783932834.0,20375,32624,597,336.0,71.0,3206.0
1783932834.6,20375,32624,597,313.0,71.0,3181.0
1783932835.2,20375,32624,597,319.0,71.0,2977.0
1783932835.8,20375,32624,597,297.0,71.0,2710.0
1783932836.4,20346,32624,595,276.0,71.0,2986.0
1783932837.0,20346,32624,595,300.0,71.0,3224.0
1783932837.6,20346,32624,595,319.0,71.0,2832.0
1783932838.2,20370,32624,605,309.0,71.0,2631.0
1783932838.8,20374,32624,605,348.0,71.0,3201.0
1783932839.4,20374,32624,605,347.0,71.0,3150.0
1783932840.0,20370,32624,597,264.0,71.0,2865.0
1783932840.6,20391,32624,605,300.0,71.0,2742.0
1783932841.2,20391,32624,605,293.0,71.0,3245.0
1783932841.8,20391,32624,605,276.0,70.0,2828.0
1783932842.4,20427,32624,621,204.0,70.0,2383.0
1783932843.0,20409,32624,609,318.0,71.0,2854.0
1783932843.6,20409,32624,609,185.0,71.0,2945.0
1783932844.2,20412,32624,611,319.0,71.0,3182.0
1783932844.8,20412,32624,611,310.0,71.0,3075.0
1783932845.4,20393,32624,599,338.0,71.0,3237.0
1783932846.0,20393,32624,599,318.0,71.0,2995.0
1783932846.6,20393,32624,597,214.0,71.0,1666.0
1783932847.2,20393,32624,597,247.0,71.0,3264.0
1783932847.8,20355,32624,595,333.0,71.0,3044.0
1783932848.4,20377,32624,605,228.0,71.0,3229.0
1783932849.0,20378,32624,601,305.0,71.0,3269.0
1783932849.6,20378,32624,601,302.0,71.0,2714.0
1783932850.2,20378,32624,597,266.0,71.0,2913.0
1783932850.8,20391,32624,611,197.0,71.0,2687.0
1783932851.4,20391,32624,611,324.0,71.0,3242.0
1783932852.0,20388,32624,603,336.0,71.0,2879.0
1783932852.6,20388,32624,601,331.0,71.0,2845.0
1783932853.2,20384,32624,601,344.0,71.0,2961.0
1783932853.8,20384,32624,595,259.0,71.0,3271.0
1783932854.4,20384,32624,595,203.0,71.0,2682.0
1783932855.0,20382,32624,613,308.0,71.0,2580.0
1783932855.6,20395,32624,615,180.0,71.0,2740.0
1783932856.2,20391,32624,603,350.0,71.0,2950.0
1783932856.8,20391,32624,603,304.0,71.0,3244.0
1783932857.4,20391,32624,603,306.0,71.0,3141.0
1783932858.0,20387,32624,599,277.0,71.0,3193.0
1783932858.6,20383,32624,597,249.0,71.0,2682.0
1783932859.2,20383,32624,597,276.0,71.0,3238.0
1783932859.8,20383,32624,597,304.0,71.0,2868.0
1783932860.4,20378,32624,597,311.0,71.0,2864.0
1783932861.0,20378,32624,597,333.0,71.0,2710.0
1783932861.6,20366,32624,597,266.0,71.0,2835.0
1783932862.1,20366,32624,597,314.0,71.0,3082.0
1783932862.7,20357,32624,597,327.0,71.0,2875.0
1783932863.3,20357,32624,597,313.0,71.0,3265.0
1783932863.9,20357,32624,597,320.0,71.0,2838.0
1783932864.5,20350,32624,597,313.0,71.0,3112.0
1783932865.1,20350,32624,597,319.0,71.0,3057.0
1783932865.7,20350,32624,599,303.0,71.0,2975.0
1783932866.4,20390,32624,613,375.0,71.0,3072.0
1783932867.0,20390,32624,613,357.0,71.0,2811.0
1783932867.6,20399,32624,603,286.0,71.0,3069.0
1783932868.2,20383,32624,599,299.0,71.0,2677.0
1783932868.8,20383,32624,595,314.0,71.0,2774.0
1783932869.4,20383,32624,597,316.0,71.0,2820.0
1783932870.0,20383,32624,597,302.0,71.0,3270.0
1783932870.6,20383,32624,597,90.0,71.0,2725.0
1783932871.2,20383,32624,597,337.0,71.0,2896.0
1783932871.8,20383,32624,597,316.0,71.0,3117.0
1783932872.4,20378,32624,595,220.0,71.0,3191.0
1783932873.0,20368,32624,595,253.0,71.0,3166.0
1783932873.6,20368,32624,595,301.0,71.0,2722.0
1783932874.2,20368,32624,595,279.0,71.0,3225.0
1783932874.8,20342,32624,593,322.0,71.0,2820.0
1783932875.4,20334,32624,593,337.0,71.0,3237.0
1783932876.0,20334,32624,593,217.0,71.0,2635.0
1783932876.6,20334,32624,593,350.0,71.0,3236.0
1783932877.2,20334,32624,593,320.0,71.0,2784.0
1783932877.7,20334,32624,593,335.0,71.0,2711.0
1783932878.3,20334,32624,593,144.0,71.0,2561.0
1783932878.9,20340,32624,593,355.0,71.0,3014.0
1783932879.5,20340,32624,593,326.0,71.0,2942.0
1783932880.1,20340,32624,593,187.0,71.0,3112.0
1783932880.7,20340,32624,593,322.0,71.0,2861.0
1783932881.3,20340,32624,593,326.0,71.0,2821.0
1783932881.9,20340,32624,593,339.0,71.0,2938.0
1783932882.5,20340,32624,593,316.0,71.0,2834.0
1783932883.1,20340,32624,593,290.0,71.0,2763.0
1783932883.7,20336,32624,593,323.0,71.0,2803.0
1783932884.3,20352,32624,593,319.0,71.0,3204.0
1783932884.9,20352,32624,593,325.0,71.0,3181.0
1783932885.5,20352,32624,593,303.0,71.0,3245.0
1783932886.1,20352,32624,593,240.0,71.0,3289.0
1783932886.7,20352,32624,593,131.0,71.0,2980.0
1783932887.3,20352,32624,593,336.0,71.0,2879.0
1783932887.9,20352,32624,593,386.0,71.0,3200.0
1783932888.5,20348,32624,593,313.0,71.0,3274.0
1783932889.1,20348,32624,593,306.0,71.0,3244.0
1783932889.7,20348,32624,593,325.0,71.0,3181.0
1783932890.3,20348,32624,593,271.0,71.0,2915.0
1783932890.9,20348,32624,593,290.0,71.0,2863.0
1783932891.5,20348,32624,593,328.0,71.0,3243.0
1783932892.1,20348,32624,593,312.0,71.0,3269.0
1783932892.7,20348,32624,593,119.0,71.0,3251.0
1783932893.3,20348,32624,593,309.0,71.0,2802.0
1783932893.9,20348,32624,593,342.0,71.0,2901.0
1783932894.5,20348,32624,593,332.0,71.0,2809.0
1783932895.1,20348,32624,593,359.0,71.0,3011.0
1783932895.6,20352,32624,593,314.0,71.0,2772.0
1783932896.2,20352,32624,593,315.0,71.0,2780.0
1783932896.8,20356,32624,593,316.0,71.0,2765.0
1783932897.4,20356,32624,593,337.0,71.0,2808.0
1783932898.0,20356,32624,593,301.0,71.0,2935.0
1783932898.6,20356,32624,593,345.0,71.0,2884.0
1783932899.2,20356,32624,593,307.0,71.0,3080.0
1783932899.8,20365,32624,597,338.0,71.0,2688.0
1783932900.4,20365,32624,597,289.0,71.0,3245.0
1783932901.0,20365,32624,597,254.0,71.0,2960.0
1783932901.6,20365,32624,597,311.0,71.0,2771.0
1783932902.2,20369,32624,605,310.0,71.0,3288.0
1783932902.8,20369,32624,605,319.0,71.0,3261.0
1783932903.4,20369,32624,605,329.0,71.0,2832.0
1783932904.0,20369,32624,595,324.0,71.0,3129.0
1783932904.6,20377,32624,599,357.0,71.0,3029.0
1783932905.2,20377,32624,599,298.0,71.0,3108.0
1783932905.8,20377,32624,599,334.0,71.0,2672.0
1783932906.4,20373,32624,595,319.0,71.0,3076.0
1783932907.0,20373,32624,597,336.0,71.0,3129.0
1783932907.6,20373,32624,597,305.0,71.0,2798.0
1783932908.2,20373,32624,597,340.0,71.0,3082.0
1783932908.8,20381,32624,609,320.0,71.0,3283.0
1783932909.4,20381,32624,609,283.0,71.0,2896.0
1783932910.0,20381,32624,609,300.0,71.0,2852.0
1783932910.6,20381,32624,599,379.0,71.0,2922.0
1783932911.2,20375,32624,601,244.0,71.0,3091.0
1783932911.8,20375,32624,601,376.0,71.0,3045.0
1783932912.4,20375,32624,601,125.0,71.0,2879.0
1783932913.0,20375,32624,601,292.0,71.0,2978.0
1783932913.6,20375,32624,601,303.0,71.0,3206.0
1783932914.2,20375,32624,601,280.0,71.0,2979.0
1783932914.8,20375,32624,601,233.0,71.0,2819.0
1783932915.4,20381,32624,607,357.0,71.0,3003.0
1783932916.0,20383,32624,607,290.0,71.0,3219.0
1783932916.6,20387,32624,599,318.0,71.0,2767.0
1783932917.2,20387,32624,601,303.0,71.0,3234.0
1783932917.8,20386,32624,599,330.0,71.0,3245.0
1783932918.4,20386,32624,599,310.0,71.0,2807.0
1783932919.0,20386,32624,599,297.0,71.0,2739.0
1783932919.6,20365,32624,593,366.0,71.0,3244.0
1783932920.1,20365,32624,593,84.0,71.0,2578.0
1783932920.7,20378,32624,617,335.0,71.0,2878.0
1783932921.3,20378,32624,617,274.0,71.0,3016.0
1783932921.9,20370,32624,603,292.0,71.0,2703.0
1783932922.5,20369,32624,603,248.0,71.0,2629.0
1783932923.1,20370,32624,609,330.0,71.0,2878.0
1783932923.7,20387,32624,615,323.0,71.0,3006.0
1783932924.3,20387,32624,609,276.0,71.0,2677.0
1783932924.9,20387,32624,605,320.0,71.0,3112.0
1783932925.5,20387,32624,605,326.0,71.0,2760.0
1783932926.1,20385,32624,601,312.0,71.0,3122.0
1783932926.7,20380,32624,601,305.0,71.0,2905.0
1783932927.3,20400,32624,617,229.0,71.0,2878.0
1783932927.9,20405,32624,615,300.0,71.0,2817.0
1783932928.6,20406,32624,605,50.0,69.0,1184.0
1783932929.1,20406,32624,605,152.0,69.0,1647.0
1783932929.7,20392,32624,599,221.0,69.0,2128.0
1783932930.3,20392,32624,599,341.0,70.0,3028.0
1783932930.9,20392,32624,619,302.0,70.0,3269.0
1783932931.5,20392,32624,619,122.0,70.0,3086.0
1783932932.2,20380,32624,597,181.0,70.0,2799.0
1783932932.7,20381,32624,599,403.0,70.0,3129.0
1783932933.4,20374,32624,595,239.0,70.0,2714.0
1783932933.9,20376,32624,613,335.0,71.0,2751.0
1783932934.5,20377,32624,613,326.0,70.0,2853.0
1783932935.1,20371,32624,599,376.0,71.0,3091.0
1783932935.7,20373,32624,597,313.0,70.0,2775.0
1783932936.3,20373,32624,597,338.0,70.0,2755.0
1783932936.9,20373,32624,597,312.0,71.0,3283.0
1783932937.5,20373,32624,595,306.0,71.0,2836.0
1783932938.1,20373,32624,595,313.0,71.0,2776.0
1783932938.7,20364,32624,599,343.0,71.0,2928.0
1783932939.3,20346,32624,599,333.0,71.0,3181.0
1783932939.9,20346,32624,595,323.0,71.0,2812.0
1783932940.5,20342,32624,595,342.0,71.0,2878.0
1783932941.1,20344,32624,597,328.0,71.0,2879.0
1783932941.7,20377,32624,613,328.0,71.0,2946.0
1783932942.3,20381,32624,613,310.0,71.0,2775.0
1783932942.9,20390,32624,615,292.0,71.0,2727.0
1783932943.5,20390,32624,615,249.0,71.0,2711.0
1783932944.0,20388,32624,601,364.0,71.0,2666.0
1783932944.6,20387,32624,601,309.0,71.0,3282.0
1783932945.2,20387,32624,601,311.0,71.0,2734.0
1783932945.8,20387,32624,601,358.0,71.0,3162.0
1783932946.4,20379,32624,601,246.0,71.0,3007.0
1783932947.0,20379,32624,601,325.0,71.0,2746.0
1783932947.6,20373,32624,595,350.0,71.0,3000.0
1783932948.2,20373,32624,595,206.0,71.0,2808.0
1783932948.8,20373,32624,595,315.0,71.0,2967.0
1783932949.4,20348,32624,593,336.0,71.0,2758.0
1783932950.0,20348,32624,593,272.0,71.0,2891.0
1783932950.6,20349,32624,593,275.0,71.0,2941.0
1783932951.2,20349,32624,593,314.0,71.0,2770.0
1783932951.8,20349,32624,593,181.0,71.0,2645.0
1783932952.3,20349,32624,593,304.0,71.0,3086.0
1783932952.9,20349,32624,593,181.0,71.0,2990.0
1783932953.5,20351,32624,595,309.0,71.0,3239.0
1783932954.1,20351,32624,595,318.0,71.0,2806.0
1783932954.7,20355,32624,597,289.0,71.0,3243.0
1783932955.3,20472,32624,640,240.0,71.0,3107.0
1783932955.9,20461,32624,597,352.0,71.0,3154.0
1783932956.5,20461,32624,597,295.0,71.0,3259.0
1783932957.1,20461,32624,591,318.0,71.0,3214.0
1783932957.7,20461,32624,591,340.0,71.0,3129.0
1783932958.3,20461,32624,591,317.0,71.0,2751.0
1783932958.9,20380,32624,597,303.0,71.0,2922.0
1783932959.5,20380,32624,597,320.0,71.0,2699.0
1783932960.1,20380,32624,597,348.0,71.0,3227.0
1783932960.7,20368,32624,597,348.0,71.0,2972.0
1783932961.3,20368,32624,597,45.0,71.0,0.0
1783932961.8,20355,32624,595,136.0,70.0,2768.0
1783932962.4,20336,32624,595,300.0,71.0,3019.0
1783932963.1,20336,32624,595,328.0,71.0,3012.0
1783932963.6,20336,32624,595,333.0,71.0,3048.0
1783932964.2,20336,32624,595,388.0,71.0,3213.0
1783932964.8,20336,32624,595,301.0,71.0,3257.0
1783932965.4,20336,32624,595,268.0,71.0,2906.0
1783932966.0,20336,32624,595,317.0,71.0,2798.0
1783932966.6,20336,32624,595,328.0,71.0,3061.0
1783932967.2,20336,32624,595,222.0,71.0,2710.0
1783932967.8,20336,32624,595,314.0,71.0,2781.0
1783932968.4,20336,32624,595,269.0,71.0,2877.0
1783932969.0,20336,32624,595,308.0,71.0,2775.0
1783932969.6,20336,32624,595,301.0,71.0,2744.0
1783932970.2,20336,32624,595,319.0,71.0,2793.0
1783932970.8,20336,32624,595,304.0,71.0,2739.0
1783932971.3,20336,32624,595,307.0,71.0,2740.0
1783932971.9,20336,32624,595,208.0,71.0,2737.0
1783932972.5,20336,32624,595,384.0,71.0,3105.0
1783932973.1,20336,32624,595,312.0,71.0,3278.0
1783932973.7,20336,32624,595,347.0,71.0,2914.0
1783932974.3,20336,32624,595,327.0,71.0,2833.0
1783932974.9,20336,32624,595,312.0,71.0,3276.0
1783932975.5,20334,32624,595,246.0,71.0,2694.0
1783932976.1,20463,32624,615,289.0,71.0,3076.0
1783932976.7,20463,32624,615,302.0,71.0,3199.0
1783932977.3,20466,32624,595,368.0,71.0,3039.0
1783932977.9,20479,32624,609,310.0,71.0,3141.0
1783932978.5,20479,32624,609,292.0,71.0,2723.0
1783932979.1,20479,32624,609,274.0,71.0,2951.0
1783932979.7,20479,32624,609,289.0,71.0,3212.0
1783932980.2,20465,32624,605,336.0,71.0,3164.0
1783932980.8,20465,32624,603,302.0,71.0,3036.0
1783932981.4,20447,32624,603,308.0,71.0,2761.0
1783932982.0,20437,32624,603,248.0,71.0,2846.0
1783932982.6,20442,32624,597,255.0,71.0,2783.0
1783932983.2,20442,32624,593,322.0,71.0,2812.0
1783932983.8,20442,32624,593,287.0,71.0,2942.0
1783932984.4,20408,32624,595,304.0,71.0,2763.0
1783932985.0,20408,32624,595,272.0,71.0,2689.0
1783932985.6,20401,32624,593,295.0,71.0,3019.0
1783932986.2,20406,32624,593,316.0,71.0,2909.0
1783932986.8,20406,32624,593,311.0,71.0,2650.0
1783932987.4,20402,32624,593,319.0,71.0,2896.0
1783932988.0,20402,32624,593,297.0,71.0,2763.0
1783932988.6,20406,32624,597,305.0,71.0,2709.0
1783932989.2,20404,32624,597,292.0,71.0,2970.0
1783932989.8,20414,32624,595,309.0,71.0,3069.0
1783932990.4,20425,32624,603,210.0,71.0,2879.0
1783932990.9,20430,32624,605,270.0,71.0,2923.0
1783932991.5,20432,32624,597,325.0,71.0,2850.0
1783932992.1,20432,32624,597,315.0,71.0,2799.0
1783932992.8,20402,32624,601,39.0,69.0,1926.0
1783932993.4,20400,32624,601,186.0,70.0,2062.0
1783932994.0,20400,32624,601,222.0,70.0,2784.0
1783932994.6,20401,32624,593,328.0,70.0,2844.0
1783932995.2,20401,32624,593,291.0,70.0,2755.0
1783932995.8,20400,32624,595,318.0,71.0,2807.0
1783932996.4,20442,32624,613,330.0,71.0,2837.0
1783932997.0,20442,32624,613,307.0,71.0,2936.0
1783932997.6,20477,32624,628,331.0,71.0,3178.0
1783932998.2,20477,32624,628,297.0,71.0,2703.0
1783932998.8,20467,32624,597,213.0,71.0,3277.0
1783932999.4,20409,32624,597,362.0,71.0,3182.0
1783933000.0,20409,32624,597,231.0,71.0,3104.0
1783933000.6,20409,32624,597,315.0,71.0,2809.0
1783933001.2,20393,32624,597,233.0,71.0,2746.0
1783933001.8,20393,32624,597,298.0,71.0,2711.0
1783933002.4,20362,32624,601,350.0,71.0,2906.0
1783933003.0,20362,32624,601,320.0,71.0,3157.0
1783933003.6,20362,32624,601,307.0,71.0,2784.0
1783933004.2,20360,32624,593,325.0,71.0,2851.0
1783933004.8,20360,32624,593,321.0,71.0,2829.0
1783933005.4,20356,32624,593,253.0,71.0,2981.0
1783933006.0,20356,32624,593,343.0,71.0,2929.0
1783933006.6,20399,32624,603,300.0,71.0,2723.0
1783933007.2,20399,32624,603,321.0,71.0,3163.0
1783933007.8,20400,32624,599,335.0,71.0,3003.0
1783933008.4,20396,32624,597,331.0,71.0,3212.0
1783933009.0,20396,32624,597,228.0,71.0,2703.0
1783933009.6,20376,32624,597,175.0,71.0,3199.0
1783933010.2,20380,32624,599,357.0,71.0,3061.0
1783933010.8,20380,32624,595,238.0,71.0,2851.0
1783933011.4,20384,32624,595,377.0,71.0,3179.0
1783933012.0,20384,32624,601,328.0,71.0,3111.0
1783933012.5,20376,32624,599,258.0,71.0,3150.0
1783933013.1,20376,32624,599,274.0,71.0,3235.0
1783933013.7,20376,32624,599,321.0,71.0,2793.0
1783933014.3,20376,32624,599,298.0,71.0,2735.0
1783933014.9,20376,32624,599,339.0,71.0,2922.0
1783933015.5,20364,32624,601,325.0,71.0,2836.0
1783933016.1,20366,32624,601,297.0,71.0,3129.0
1783933016.7,20422,32624,626,323.0,71.0,2848.0
1783933017.3,20445,32624,623,347.0,71.0,3072.0
1783933017.9,20445,32624,623,304.0,71.0,3164.0
1783933018.5,20408,32624,601,326.0,71.0,2808.0
1783933019.1,20459,32624,631,318.0,71.0,3122.0
1783933019.7,20517,32624,631,234.0,71.0,2619.0
1783933020.3,20526,32624,625,164.0,71.0,2720.0
1783933020.9,20600,32624,625,313.0,71.0,2775.0
1783933021.5,20600,32624,625,301.0,71.0,2704.0
1783933022.1,20600,32624,625,355.0,71.0,2970.0
1783933022.7,20548,32624,617,322.0,71.0,3277.0
1783933023.3,20558,32624,623,318.0,71.0,3157.0
1783933023.9,20558,32624,623,279.0,71.0,3251.0
1783933024.5,20477,32624,597,376.0,71.0,2990.0
1783933025.1,20477,32624,597,284.0,71.0,3210.0
1783933025.7,20469,32624,595,325.0,71.0,2964.0
1783933026.3,20469,32624,595,316.0,71.0,2780.0
1783933026.9,20465,32624,595,305.0,71.0,3275.0
1783933027.5,20465,32624,595,237.0,71.0,2636.0
1783933028.1,20465,32624,595,325.0,71.0,2935.0
1783933028.7,20430,32624,595,311.0,71.0,2809.0
1783933029.3,20430,32624,595,88.0,71.0,2923.0
1783933029.9,20430,32624,595,311.0,71.0,3078.0
1783933030.5,20437,32624,593,293.0,71.0,2918.0
1783933031.1,20437,32624,593,324.0,71.0,2865.0
1783933031.7,20437,32624,593,305.0,71.0,2752.0
1783933032.3,20437,32624,593,45.0,71.0,0.0
1783933032.9,20440,32624,593,166.0,69.0,2275.0
1783933033.5,20442,32624,593,217.0,70.0,2241.0
1783933034.1,20442,32624,593,362.0,70.0,2742.0
1783933034.7,20440,32624,593,302.0,70.0,3283.0
1783933035.3,20440,32624,593,260.0,71.0,3270.0
1783933035.9,20440,32624,593,422.0,71.0,3170.0
1783933036.4,20433,32624,593,290.0,71.0,2730.0
1783933037.0,20433,32624,593,293.0,71.0,3266.0
1783933037.6,20433,32624,593,313.0,71.0,2786.0
1783933038.2,20433,32624,593,272.0,71.0,2807.0
1783933038.8,20433,32624,593,303.0,71.0,2743.0
1783933039.4,20440,32624,593,323.0,71.0,3237.0
1783933040.0,20451,32624,599,92.0,71.0,3209.0
1783933040.6,20453,32624,599,275.0,71.0,3202.0
1783933041.2,20453,32624,599,323.0,71.0,3225.0
1783933041.8,20453,32624,599,319.0,71.0,3120.0
1783933042.4,20453,32624,595,163.0,71.0,2742.0
1783933043.0,20453,32624,595,313.0,71.0,2805.0
1783933043.6,20446,32624,595,273.0,71.0,2853.0
1783933044.2,20446,32624,595,346.0,71.0,3120.0
1783933044.8,20450,32624,597,363.0,71.0,3180.0
1783933045.4,20452,32624,601,320.0,71.0,2820.0
1783933046.0,20452,32624,601,318.0,71.0,3183.0
1783933046.6,20452,32624,601,348.0,71.0,3247.0
1783933047.2,20452,32624,599,130.0,71.0,2927.0
1783933047.8,20452,32624,599,308.0,71.0,3114.0
1783933048.4,20452,32624,599,327.0,71.0,2871.0
1783933049.0,20452,32624,599,323.0,71.0,3061.0
1783933049.6,20452,32624,595,320.0,71.0,3266.0
1783933050.2,20452,32624,595,364.0,71.0,3217.0
1783933050.8,20452,32624,595,324.0,71.0,3233.0
1783933051.4,20452,32624,595,291.0,71.0,2702.0
1783933052.0,20452,32624,595,171.0,71.0,3004.0
1783933052.6,20452,32624,597,296.0,71.0,3211.0
1783933053.2,20452,32624,597,141.0,71.0,3032.0
1783933053.7,20465,32624,599,341.0,71.0,3198.0
1783933054.3,20465,32624,599,318.0,71.0,3119.0
1783933054.9,20465,32624,595,307.0,71.0,3276.0
1783933055.5,20465,32624,595,360.0,71.0,3274.0
1783933056.1,20465,32624,595,315.0,71.0,3089.0
1783933056.7,20465,32624,593,358.0,71.0,3133.0
1783933057.3,20465,32624,593,324.0,71.0,2818.0
1783933057.9,20465,32624,593,325.0,71.0,3026.0
1783933058.5,20448,32624,593,311.0,71.0,3273.0
1783933059.1,20459,32624,599,189.0,71.0,2841.0
1783933059.7,20459,32624,599,313.0,71.0,2955.0
1783933060.3,20455,32624,599,161.0,71.0,3292.0
1783933060.9,20455,32624,599,237.0,71.0,3119.0
1783933061.5,20455,32624,599,311.0,71.0,3069.0
1783933062.0,20455,32624,599,297.0,71.0,2772.0
1783933062.6,20455,32624,599,301.0,71.0,2894.0
1783933063.2,20455,32624,597,298.0,71.0,3253.0
1783933063.8,20455,32624,599,326.0,71.0,3253.0
1783933064.4,20455,32624,599,318.0,71.0,2760.0
1783933065.0,20455,32624,599,368.0,71.0,3188.0
1783933065.6,20455,32624,595,335.0,71.0,3216.0
1783933066.2,20455,32624,595,394.0,71.0,3155.0
1783933066.8,20451,32624,593,316.0,71.0,3279.0
1783933067.4,20451,32624,593,320.0,71.0,3279.0
1783933068.0,20451,32624,593,272.0,71.0,3054.0
1783933068.6,20449,32624,591,401.0,71.0,3140.0
1783933069.2,20449,32624,591,163.0,71.0,3222.0
1783933069.8,20449,32624,593,338.0,71.0,3234.0
1783933070.4,20437,32624,593,315.0,71.0,2829.0
1783933071.0,20437,32624,591,291.0,71.0,3259.0
1783933071.6,20437,32624,591,337.0,71.0,3034.0
1783933072.2,20437,32624,591,270.0,71.0,2934.0
1783933072.8,20437,32624,591,303.0,71.0,2783.0
1783933073.4,20462,32624,607,306.0,71.0,2744.0
1783933073.9,20462,32624,607,248.0,71.0,3094.0
1783933074.5,20462,32624,607,312.0,71.0,2892.0
1783933075.1,20462,32624,607,321.0,71.0,2775.0
1783933075.7,20462,32624,595,372.0,71.0,3211.0
1783933076.3,20462,32624,595,312.0,71.0,2797.0
1783933076.9,20462,32624,595,377.0,71.0,3181.0
1783933077.5,20462,32624,595,334.0,71.0,3244.0
1783933078.1,20455,32624,595,303.0,71.0,2788.0
1783933078.7,20455,32624,595,221.0,71.0,2746.0
1783933079.3,20459,32624,595,209.0,71.0,2912.0
1783933079.9,20445,32624,593,371.0,71.0,3175.0
1783933080.5,20445,32624,593,333.0,71.0,3173.0
1783933081.1,20445,32624,593,281.0,71.0,3281.0
1783933081.7,20445,32624,593,339.0,71.0,3194.0
1783933082.3,20445,32624,593,295.0,71.0,2738.0
1783933082.9,20449,32624,593,312.0,71.0,2719.0
1783933083.5,20450,32624,605,315.0,71.0,3259.0
1783933084.1,20452,32624,599,243.0,71.0,3214.0
1783933084.7,20452,32624,599,319.0,71.0,3011.0
1783933085.3,20452,32624,599,301.0,71.0,2775.0
1783933085.9,20452,32624,599,303.0,71.0,3271.0
1783933086.5,20452,32624,597,372.0,71.0,3202.0
1783933087.1,20452,32624,597,324.0,71.0,2836.0
1783933087.7,20452,32624,597,303.0,71.0,3243.0
1783933088.2,20450,32624,597,337.0,71.0,2925.0
1783933088.8,20450,32624,597,326.0,71.0,3238.0
1783933089.4,20450,32624,597,298.0,71.0,2687.0
1783933090.0,20448,32624,601,306.0,71.0,3277.0
1783933090.6,20448,32624,593,336.0,71.0,2819.0
1783933091.2,20448,32624,593,339.0,71.0,3246.0
1783933091.8,20446,32624,593,315.0,71.0,3105.0
1783933092.4,20439,32624,593,241.0,71.0,2708.0
1783933093.0,20439,32624,593,287.0,71.0,2938.0
1783933093.6,20439,32624,593,303.0,71.0,3193.0
1783933094.2,20439,32624,593,288.0,71.0,2754.0
1783933094.8,20439,32624,593,242.0,71.0,2683.0
1783933095.4,20446,32624,593,112.0,71.0,3323.0
1783933096.0,20446,32624,593,308.0,71.0,2758.0
1783933096.6,20446,32624,593,312.0,71.0,3270.0
1783933097.2,20443,32624,593,304.0,71.0,3267.0
1783933097.8,20443,32624,593,165.0,71.0,2637.0
1783933098.4,20443,32624,593,326.0,71.0,2815.0
1783933099.0,20443,32624,593,289.0,71.0,3266.0
1783933099.6,20443,32624,593,394.0,71.0,3149.0
1783933100.2,20435,32624,593,315.0,71.0,2849.0
1783933100.8,20439,32624,593,318.0,71.0,3111.0
1783933101.4,20439,32624,595,325.0,71.0,2837.0
1783933102.0,20439,32624,595,203.0,71.0,2762.0
1783933102.6,20439,32624,595,317.0,71.0,3262.0
1783933103.1,20439,32624,595,412.0,71.0,3177.0
1783933103.7,20433,32624,595,302.0,71.0,2762.0
1783933104.3,20441,32624,593,299.0,71.0,3033.0
1783933104.9,20441,32624,593,324.0,71.0,3288.0
1783933105.5,20440,32624,593,319.0,71.0,3270.0
1783933106.1,20440,32624,593,321.0,71.0,2983.0
1783933106.7,20440,32624,593,149.0,71.0,3056.0
1783933107.3,20452,32624,601,315.0,71.0,2742.0
1783933107.9,20452,32624,601,284.0,71.0,3247.0
1783933108.5,20452,32624,601,419.0,71.0,3173.0
1783933109.1,20452,32624,601,213.0,71.0,2845.0
1783933109.7,20452,32624,601,359.0,71.0,3121.0
1783933110.3,20452,32624,601,266.0,71.0,2841.0
1783933110.9,20452,32624,595,281.0,71.0,3212.0
1783933111.5,20448,32624,599,276.0,71.0,2880.0
1783933112.1,20452,32624,597,341.0,71.0,2860.0
1783933112.7,20452,32624,597,311.0,71.0,2936.0
1783933113.3,20452,32624,593,394.0,71.0,3147.0
1783933113.9,20452,32624,593,344.0,71.0,3040.0
1783933114.5,20452,32624,593,285.0,71.0,3252.0
1783933115.1,20452,32624,593,300.0,71.0,2882.0
1783933115.7,20452,32624,593,293.0,71.0,3033.0
1783933116.3,20445,32624,593,274.0,71.0,3252.0
1783933116.9,20502,32624,617,340.0,71.0,2932.0
1783933117.5,20548,32624,623,311.0,71.0,2768.0
1783933118.1,20547,32624,597,324.0,71.0,2727.0
1783933118.7,20552,32624,597,324.0,71.0,2728.0
1783933119.3,20545,32624,607,368.0,71.0,3182.0
1783933119.9,20547,32624,609,155.0,71.0,2966.0
1783933120.5,20547,32624,609,303.0,71.0,2918.0
1783933121.1,20547,32624,609,324.0,71.0,2956.0
1783933121.7,20547,32624,609,381.0,71.0,3220.0
1783933122.3,20537,32624,597,307.0,71.0,3076.0
1783933122.9,20512,32624,597,296.0,71.0,3247.0
1783933123.5,20512,32624,597,207.0,71.0,3077.0
1783933124.1,20504,32624,597,369.0,71.0,3015.0
1783933124.6,20508,32624,597,314.0,71.0,2860.0
1783933125.2,20488,32624,593,372.0,71.0,3105.0
1783933125.8,20476,32624,595,331.0,71.0,2861.0
1783933126.4,20470,32624,593,309.0,71.0,3280.0
1783933127.0,20476,32624,593,303.0,71.0,2858.0
1783933127.6,20476,32624,593,303.0,71.0,3066.0
1783933128.2,20476,32624,593,333.0,71.0,3160.0
1783933128.8,20476,32624,593,317.0,71.0,2757.0
1783933129.4,20473,32624,593,329.0,71.0,2756.0
1783933130.0,20472,32624,593,175.0,71.0,2663.0
1783933130.6,20472,32624,593,217.0,71.0,2837.0
1783933131.2,20472,32624,593,314.0,71.0,3124.0
1783933131.8,20472,32624,595,315.0,71.0,2741.0
1783933132.4,20472,32624,595,321.0,71.0,3020.0
1783933133.0,20472,32624,595,315.0,71.0,2727.0
1783933133.6,20472,32624,595,293.0,71.0,2732.0
1783933134.2,20472,32624,595,320.0,71.0,2751.0
1783933134.8,20472,32624,595,341.0,71.0,3235.0
1783933135.4,20472,32624,595,326.0,71.0,2724.0
1783933136.0,20472,32624,595,227.0,71.0,3209.0
1783933136.6,20472,32624,595,305.0,71.0,2797.0
1783933137.1,20472,32624,595,324.0,71.0,2718.0
1783933137.7,20472,32624,595,318.0,71.0,3273.0
1783933138.3,20464,32624,593,302.0,71.0,2889.0
1783933138.9,20464,32624,593,348.0,71.0,3009.0
1783933139.5,20464,32624,593,327.0,71.0,2878.0
1783933140.1,20464,32624,593,312.0,71.0,2786.0
1783933140.7,20464,32624,593,299.0,71.0,2914.0
1783933141.3,20464,32624,593,346.0,71.0,2977.0
1783933141.9,20464,32624,593,304.0,71.0,2745.0
1783933142.5,20464,32624,593,191.0,71.0,2860.0
1783933143.1,20464,32624,593,338.0,72.0,2691.0
1783933143.7,20464,32624,593,318.0,71.0,2989.0
1783933144.3,20464,32624,593,361.0,71.0,3011.0
1783933144.9,20464,32624,593,317.0,71.0,3239.0
1783933145.5,20464,32624,593,326.0,71.0,3219.0
1783933146.1,20464,32624,593,365.0,71.0,2963.0
1783933146.7,20464,32624,593,358.0,71.0,3053.0
1783933147.3,20464,32624,593,331.0,71.0,3261.0
1783933147.9,20464,32624,593,325.0,71.0,2722.0
1783933148.5,20464,32624,593,122.0,71.0,2619.0
1783933149.1,20464,32624,593,308.0,71.0,3268.0
1783933149.7,20464,32624,593,405.0,71.0,3182.0
1783933150.3,20464,32624,593,354.0,71.0,2830.0
1783933150.9,20464,32624,593,341.0,71.0,2905.0
1783933151.5,20464,32624,593,289.0,71.0,3203.0
1783933152.1,20464,32624,593,281.0,71.0,3240.0
1783933152.7,20464,32624,593,301.0,71.0,2840.0
1783933153.2,20464,32624,593,282.0,71.0,3208.0
1783933153.8,20464,32624,593,299.0,71.0,2901.0
1783933154.4,20464,32624,593,341.0,71.0,3214.0
1783933155.0,20464,32624,593,350.0,71.0,2952.0
1783933155.6,20460,32624,593,279.0,71.0,2707.0
1783933156.2,20460,32624,593,211.0,71.0,2770.0
1783933156.8,20458,32624,593,308.0,71.0,2955.0
1783933157.4,20458,32624,593,281.0,71.0,2923.0
1783933158.0,20458,32624,593,290.0,71.0,3249.0
1783933158.6,20482,32624,597,197.0,71.0,2950.0
1783933159.2,20484,32624,597,305.0,71.0,2736.0
1783933159.8,20501,32624,607,314.0,71.0,3255.0
1783933160.4,20505,32624,616,260.0,71.0,2878.0
1783933161.0,20499,32624,605,315.0,71.0,3002.0
1783933161.6,20499,32624,605,275.0,71.0,2913.0
1783933162.2,20499,32624,601,299.0,71.0,3272.0
1783933162.8,20499,32624,601,226.0,71.0,3259.0
1783933163.4,20499,32624,601,298.0,71.0,3151.0
1783933164.0,20499,32624,601,312.0,71.0,3267.0
1783933164.6,20499,32624,601,261.0,71.0,2840.0
1783933165.2,20489,32624,601,275.0,71.0,2928.0
1783933165.7,20497,32624,603,287.0,71.0,2888.0
1783933166.3,20491,32624,603,315.0,71.0,3285.0
1783933166.9,20491,32624,603,301.0,71.0,3254.0
1783933167.5,20491,32624,603,297.0,71.0,2701.0
1783933168.1,20472,32624,597,268.0,71.0,2157.0
1783933168.7,20472,32624,597,212.0,71.0,3151.0
1783933169.3,20472,32624,597,308.0,71.0,3266.0
1783933169.9,20472,32624,601,328.0,71.0,3232.0
1783933170.5,20472,32624,601,326.0,71.0,3024.0
1783933171.1,20472,32624,601,322.0,71.0,2845.0
1783933171.7,20472,32624,601,303.0,71.0,3269.0
1783933172.3,20472,32624,601,298.0,71.0,2707.0
1783933172.9,20472,32624,601,299.0,71.0,2760.0
1783933173.5,20472,32624,601,311.0,71.0,3185.0
1783933174.1,20464,32624,601,349.0,71.0,3107.0
1783933174.7,20464,32624,601,349.0,71.0,2723.0
1783933175.2,20464,32624,601,257.0,71.0,3248.0
1783933175.8,20464,32624,601,306.0,71.0,3277.0
1783933176.4,20464,32624,601,387.0,71.0,3055.0
1783933177.0,20464,32624,601,307.0,71.0,3277.0
1783933177.6,20464,32624,601,378.0,71.0,3014.0
1783933178.2,20464,32624,601,34.0,69.0,0.0
1783933178.8,20464,32624,602,296.0,69.0,2748.0
1783933179.4,20464,32624,602,297.0,70.0,2927.0
1783933180.0,20464,32624,600,311.0,71.0,2803.0
1783933180.6,20469,32624,600,350.0,71.0,2750.0
1783933181.2,20469,32624,600,308.0,71.0,2953.0
1783933181.8,20469,32624,598,299.0,71.0,3244.0
1783933182.4,20469,32624,598,317.0,71.0,2704.0
1783933183.0,20469,32624,598,307.0,71.0,3284.0
1783933183.5,20469,32624,598,317.0,71.0,3281.0
1783933184.1,20469,32624,598,280.0,71.0,2856.0
1783933184.7,20469,32624,598,300.0,71.0,3252.0
1783933185.3,20467,32624,600,238.0,71.0,2717.0
1783933185.9,20467,32624,600,285.0,71.0,2718.0
1783933186.5,20467,32624,600,156.0,71.0,2768.0
1783933187.1,20467,32624,600,302.0,71.0,2693.0
1783933187.7,20467,32624,600,274.0,71.0,3066.0
1783933188.3,20467,32624,600,336.0,71.0,2928.0
1783933188.9,20467,32624,600,287.0,71.0,2734.0
1783933189.5,20467,32624,600,183.0,71.0,2674.0
1783933190.1,20467,32624,600,313.0,71.0,3275.0
1783933190.7,20467,32624,600,253.0,71.0,2723.0
1783933191.3,20467,32624,600,343.0,71.0,2936.0
1783933191.9,20467,32624,596,234.0,71.0,2887.0
1783933192.5,20471,32624,600,322.0,71.0,3052.0
1783933193.1,20471,32624,600,199.0,71.0,2846.0
1783933193.6,20471,32624,600,293.0,71.0,3066.0
1783933194.2,20471,32624,598,310.0,71.0,2780.0
1783933194.8,20471,32624,598,315.0,71.0,2772.0
1783933195.4,20481,32624,610,301.0,71.0,2748.0
1783933196.0,20543,32624,625,216.0,71.0,2630.0
1783933196.6,20516,32624,621,294.0,71.0,3090.0
1783933197.2,20540,32624,613,382.0,71.0,3121.0
1783933197.8,20530,32624,598,295.0,71.0,3265.0
1783933198.4,20530,32624,602,290.0,71.0,2724.0
1783933199.0,20530,32624,602,353.0,71.0,3171.0
1783933199.6,20503,32624,600,358.0,71.0,3140.0
1783933200.2,20503,32624,600,334.0,71.0,3240.0
1783933200.8,20503,32624,600,309.0,71.0,3085.0
1783933201.4,20499,32624,596,267.0,71.0,2863.0
1783933202.0,20491,32624,596,322.0,71.0,2797.0
1783933202.5,20491,32624,596,304.0,71.0,2737.0
1783933203.1,20469,32624,596,293.0,71.0,3258.0
1783933203.7,20469,32624,596,299.0,71.0,2744.0
1783933204.3,20469,32624,596,339.0,71.0,2947.0
1783933204.9,20469,32624,596,316.0,71.0,2752.0
1783933205.5,20469,32624,596,359.0,71.0,2913.0
1783933206.1,20469,32624,596,362.0,71.0,3040.0
1783933206.7,20472,32624,596,327.0,71.0,3259.0
1783933207.3,20472,32624,596,329.0,71.0,2812.0
1783933207.9,20472,32624,596,193.0,71.0,2644.0
1783933208.5,20472,32624,596,44.0,71.0,0.0
1783933209.1,20472,32624,596,295.0,70.0,2806.0
1783933209.7,20472,32624,596,300.0,71.0,2798.0
1783933210.3,20472,32624,596,218.0,71.0,2740.0
1783933210.8,20472,32624,596,317.0,71.0,3051.0
1783933211.4,20472,32624,596,127.0,71.0,2958.0
1783933212.0,20468,32624,594,320.0,71.0,2854.0
1783933212.6,20468,32624,594,314.0,71.0,2763.0
1783933213.2,20468,32624,594,308.0,71.0,3275.0
1783933213.8,20468,32624,594,337.0,71.0,2742.0
1783933214.4,20468,32624,594,335.0,71.0,3209.0
1783933215.0,20468,32624,594,233.0,71.0,2957.0
1783933215.6,20468,32624,594,281.0,71.0,3100.0
1783933216.2,20468,32624,594,300.0,71.0,3258.0
1783933216.8,20464,32624,594,327.0,71.0,2899.0
1783933217.4,20464,32624,594,322.0,71.0,2847.0
1783933218.0,20464,32624,594,207.0,71.0,2764.0
1783933218.5,20464,32624,594,330.0,71.0,2814.0
1783933219.1,20464,32624,594,312.0,71.0,3275.0
1783933219.7,20464,32624,594,169.0,71.0,3285.0
1783933220.3,20464,32624,594,318.0,71.0,3106.0
1783933220.9,20464,32624,594,303.0,71.0,3263.0
1783933221.5,20468,32624,594,248.0,71.0,2955.0
1783933222.1,20468,32624,594,319.0,71.0,3259.0
1783933222.7,20468,32624,594,173.0,71.0,3113.0
1783933223.3,20468,32624,594,315.0,71.0,2875.0
1783933223.9,20468,32624,594,342.0,71.0,2922.0
1783933224.5,20468,32624,594,375.0,71.0,3036.0
1783933225.1,20468,32624,594,302.0,71.0,2739.0
1783933225.6,20468,32624,594,266.0,71.0,2565.0
1783933226.2,20468,32624,594,295.0,71.0,2927.0
1783933226.8,20468,32624,594,336.0,71.0,3011.0
1783933227.4,20468,32624,594,210.0,71.0,2822.0
1783933228.0,20468,32624,594,282.0,71.0,3244.0
1783933228.6,20468,32624,594,202.0,71.0,2774.0
1783933229.2,20468,32624,594,341.0,71.0,3220.0
1783933229.8,20468,32624,594,172.0,71.0,3248.0
1783933230.4,20468,32624,594,228.0,71.0,2799.0
1783933231.0,20468,32624,594,314.0,71.0,2794.0
1783933231.6,20468,32624,594,291.0,71.0,3251.0
1783933232.1,20468,32624,594,316.0,71.0,3267.0
1783933232.7,20468,32624,594,327.0,71.0,3182.0
1783933233.3,20468,32624,594,324.0,71.0,3139.0
1783933233.9,20468,32624,594,169.0,71.0,3086.0
1783933234.5,20468,32624,594,185.0,71.0,3201.0
1783933235.1,20468,32624,594,303.0,71.0,3282.0
1783933235.7,20468,32624,594,308.0,71.0,2750.0
1783933236.3,20468,32624,594,330.0,71.0,3229.0
1783933236.9,20468,32624,594,248.0,71.0,2813.0
1783933237.5,20468,32624,594,336.0,71.0,2888.0
1783933238.1,20468,32624,594,306.0,71.0,2781.0
1783933238.7,20468,32624,594,338.0,71.0,3265.0
1783933239.2,20468,32624,594,286.0,71.0,3257.0
1783933239.8,20473,32624,598,328.0,71.0,2899.0
1783933240.4,20473,32624,598,282.0,71.0,2865.0
1783933241.0,20473,32624,598,311.0,71.0,2963.0
1783933241.6,20473,32624,598,309.0,71.0,2939.0
1783933242.2,20473,32624,598,336.0,71.0,2728.0
1783933242.8,20473,32624,598,230.0,71.0,2761.0
1783933243.4,20473,32624,598,299.0,71.0,3064.0
1783933244.0,20473,32624,598,206.0,71.0,2761.0
1783933244.6,20477,32624,598,299.0,71.0,3097.0
1783933245.2,20477,32624,598,302.0,71.0,2701.0
1783933245.7,20477,32624,598,365.0,71.0,3202.0
1783933246.3,20477,32624,598,310.0,71.0,2762.0
1783933246.9,20477,32624,598,280.0,71.0,3238.0
1783933247.5,20478,32624,598,323.0,71.0,3144.0
1783933248.1,20478,32624,598,320.0,71.0,2755.0
1783933248.7,20478,32624,598,87.0,70.0,3293.0
1783933249.3,20478,32624,598,293.0,70.0,3154.0
1783933249.9,20478,32624,598,188.0,71.0,2655.0
1783933250.5,20478,32624,598,321.0,71.0,2773.0
1783933251.1,20478,32624,598,323.0,71.0,2683.0
1783933251.7,20478,32624,598,264.0,71.0,3026.0
1783933252.3,20478,32624,598,338.0,71.0,3235.0
1783933252.8,20478,32624,598,303.0,71.0,3273.0
1783933253.4,20478,32624,598,318.0,71.0,3099.0
1783933254.0,20478,32624,598,307.0,71.0,2700.0
1783933254.6,20478,32624,598,310.0,71.0,3271.0
1783933255.2,20478,32624,598,351.0,71.0,3164.0
1783933255.8,20513,32624,612,164.0,71.0,3196.0
1783933256.4,20513,32624,612,138.0,71.0,2920.0
1783933257.0,20513,32624,612,327.0,71.0,3159.0
1783933257.6,20513,32624,594,175.0,71.0,3164.0
1783933258.2,20513,32624,594,394.0,71.0,3153.0
1783933258.8,20513,32624,594,307.0,71.0,2752.0
1783933259.4,20513,32624,594,307.0,71.0,3274.0
1783933260.0,20513,32624,594,358.0,71.0,2935.0
1783933260.6,20509,32624,594,402.0,71.0,3158.0
1783933261.2,20509,32624,594,332.0,71.0,3080.0
1783933261.8,20509,32624,594,295.0,71.0,2726.0
1783933262.4,20509,32624,594,163.0,71.0,3291.0
1783933262.9,20509,32624,594,261.0,71.0,3096.0
1783933263.5,20505,32624,596,312.0,71.0,2779.0
1783933264.1,20491,32624,604,347.0,71.0,3187.0
1783933264.7,20491,32624,604,378.0,71.0,3172.0
1783933265.3,20494,32624,600,297.0,71.0,3211.0
1783933265.9,20494,32624,600,176.0,71.0,3024.0
1783933266.5,20494,32624,600,305.0,71.0,3257.0
1783933267.1,20494,32624,600,298.0,71.0,3270.0
1783933267.7,20494,32624,600,364.0,71.0,3050.0
1783933268.3,20494,32624,600,302.0,71.0,3231.0
1783933268.9,20494,32624,600,277.0,71.0,3207.0
1783933269.5,20494,32624,596,328.0,71.0,3227.0
1783933270.1,20494,32624,596,328.0,71.0,3249.0
1783933270.7,20486,32624,596,383.0,71.0,3100.0
1783933271.3,20486,32624,596,303.0,71.0,2865.0
1783933271.9,20486,32624,596,314.0,71.0,3222.0
1783933272.4,20486,32624,596,303.0,71.0,3223.0
1783933273.0,20486,32624,596,310.0,71.0,3240.0
1783933273.6,20486,32624,596,330.0,71.0,3062.0
1783933274.2,20486,32624,596,301.0,71.0,3224.0
1783933274.8,20486,32624,596,337.0,71.0,2703.0
1783933275.4,20466,32624,606,353.0,71.0,2981.0
1783933276.0,20475,32624,606,306.0,71.0,2764.0
1783933276.6,20475,32624,606,309.0,71.0,2763.0
1783933277.2,20475,32624,606,302.0,71.0,3264.0
1783933277.8,20475,32624,594,134.0,71.0,2991.0
1783933278.4,20475,32624,594,90.0,71.0,2821.0
1783933279.0,20475,32624,594,322.0,71.0,2749.0
1783933279.6,20475,32624,594,301.0,71.0,2746.0
1783933280.1,20475,32624,594,294.0,71.0,3063.0
1783933280.7,20475,32624,594,329.0,71.0,2866.0
1783933281.3,20475,32624,594,254.0,71.0,2929.0
1783933281.9,20475,32624,594,258.0,71.0,2839.0
1783933282.5,20475,32624,594,296.0,71.0,3004.0
1783933283.1,20475,32624,594,304.0,71.0,3253.0
1783933283.7,20475,32624,594,280.0,71.0,2920.0
1783933284.3,20475,32624,594,217.0,71.0,2924.0
1783933284.9,20475,32624,594,326.0,71.0,2973.0
1783933285.5,20475,32624,594,263.0,71.0,3075.0
1783933286.1,20475,32624,594,311.0,71.0,3272.0
1783933286.7,20475,32624,594,217.0,71.0,2927.0
1783933287.2,20475,32624,594,312.0,71.0,3251.0
1783933287.8,20475,32624,594,326.0,71.0,2881.0
1783933288.4,20475,32624,594,302.0,71.0,3252.0
1783933289.0,20475,32624,594,329.0,71.0,2845.0
1783933289.6,20475,32624,594,294.0,71.0,3245.0
1783933290.2,20475,32624,594,342.0,71.0,2766.0
1783933290.8,20475,32624,594,336.0,71.0,3172.0
1783933291.4,20475,32624,594,337.0,71.0,3146.0
1783933292.0,20475,32624,594,295.0,71.0,3225.0
1783933292.6,20475,32624,594,142.0,71.0,2546.0
1783933293.2,20475,32624,594,310.0,71.0,3095.0
1783933293.8,20475,32624,594,303.0,71.0,3236.0
1783933294.4,20475,32624,594,388.0,71.0,3107.0
1783933295.0,20475,32624,594,312.0,71.0,2792.0
1783933295.6,20471,32624,594,249.0,71.0,3051.0
1783933296.2,20471,32624,594,299.0,71.0,3224.0
1783933296.8,20471,32624,594,319.0,71.0,3276.0
1783933297.4,20471,32624,594,210.0,71.0,3184.0
1783933297.9,20471,32624,594,373.0,71.0,3186.0
1783933298.5,20471,32624,594,274.0,71.0,3201.0
1783933299.1,20471,32624,594,319.0,71.0,3197.0
1783933299.7,20471,32624,594,318.0,71.0,3118.0
1783933300.3,20471,32624,594,253.0,71.0,2889.0
1783933300.9,20471,32624,594,308.0,71.0,3131.0
1783933301.5,20471,32624,594,326.0,71.0,2872.0
1783933302.1,20471,32624,594,367.0,71.0,3067.0
1783933302.7,20471,32624,594,311.0,71.0,3146.0
1783933303.3,20471,32624,594,297.0,71.0,2743.0
1783933303.8,20471,32624,594,311.0,71.0,3247.0
1783933304.4,20471,32624,594,314.0,71.0,3028.0
1783933305.0,20471,32624,594,308.0,71.0,3232.0
1783933305.6,20471,32624,594,334.0,71.0,3220.0
1783933306.2,20471,32624,594,263.0,71.0,3204.0
1783933306.8,20471,32624,594,330.0,71.0,3231.0
1783933307.4,20471,32624,594,303.0,71.0,2761.0
1783933308.0,20471,32624,594,310.0,71.0,2805.0
1783933308.6,20471,32624,594,279.0,71.0,2905.0
1783933309.2,20471,32624,594,316.0,71.0,2988.0
1783933309.8,20454,32624,596,330.0,71.0,2947.0
1783933310.4,20465,32624,602,294.0,71.0,3266.0
1783933311.0,20465,32624,602,326.0,71.0,3183.0
1783933311.6,20465,32624,602,367.0,72.0,3021.0
1783933312.1,20465,32624,602,320.0,72.0,3003.0
1783933312.7,20465,32624,602,326.0,71.0,2952.0
1783933313.3,20465,32624,602,340.0,71.0,2927.0
1783933313.9,20465,32624,602,355.0,71.0,2768.0
1783933314.5,20465,32624,602,314.0,72.0,3111.0
1783933315.1,20465,32624,600,317.0,71.0,3270.0
1783933315.7,20465,32624,600,318.0,71.0,2800.0
1783933316.3,20465,32624,600,191.0,71.0,3074.0
1783933316.9,20465,32624,600,311.0,71.0,2691.0
1783933317.5,20465,32624,600,268.0,71.0,3258.0
1783933318.1,20465,32624,600,179.0,71.0,3165.0
1783933318.7,20465,32624,600,311.0,71.0,3116.0
1783933319.3,20465,32624,600,366.0,71.0,3196.0
1783933319.8,20465,32624,600,301.0,71.0,3254.0
1783933320.4,20465,32624,600,129.0,71.0,2843.0
1783933321.0,20463,32624,594,318.0,71.0,3253.0
1783933321.6,20457,32624,594,299.0,71.0,3083.0
1783933322.2,20457,32624,594,316.0,71.0,2816.0
1783933322.8,20457,32624,594,304.0,71.0,2765.0
1783933323.4,20457,32624,594,402.0,71.0,3181.0
1783933324.0,20457,32624,594,302.0,71.0,3281.0
1783933324.6,20457,32624,594,292.0,71.0,3269.0
1783933325.2,20457,32624,594,82.0,71.0,251.0
1783933325.8,20457,32624,594,338.0,71.0,3258.0
1783933326.4,20457,32624,594,293.0,71.0,2734.0
1783933327.0,20467,32624,602,160.0,71.0,2706.0
1783933327.6,20467,32624,602,190.0,71.0,3295.0
1783933328.2,20467,32624,600,291.0,71.0,3224.0
1783933328.8,20469,32624,594,345.0,71.0,2791.0
1783933329.4,20469,32624,596,421.0,71.0,3213.0
1783933330.0,20467,32624,596,336.0,71.0,2915.0
1783933330.6,20467,32624,596,294.0,71.0,3278.0
1783933331.2,20467,32624,596,309.0,71.0,3253.0
1783933331.7,20467,32624,596,315.0,71.0,3264.0
1783933332.3,20467,32624,596,316.0,71.0,3258.0
1783933332.9,20469,32624,596,325.0,71.0,3219.0
1783933333.5,20467,32624,596,334.0,71.0,2886.0
1783933334.2,20510,32624,620,324.0,71.0,3266.0
1783933334.8,20561,32624,621,176.0,71.0,2900.0
1783933335.4,20561,32624,621,369.0,71.0,3216.0
1783933336.0,20562,32624,604,301.0,71.0,3270.0
1783933336.6,20562,32624,604,45.0,72.0,0.0
1783933337.1,20562,32624,600,55.0,70.0,46.0
1783933337.7,20562,32624,600,320.0,70.0,2925.0
1783933338.3,20562,32624,600,393.0,71.0,3156.0
1783933338.9,20562,32624,600,181.0,71.0,2350.0
1783933339.5,20547,32624,600,318.0,71.0,3006.0
1783933340.1,20542,32624,602,374.0,70.0,3223.0
1783933340.7,20512,32624,600,323.0,71.0,1875.0
1783933341.3,20512,32624,600,300.0,71.0,3012.0
1783933341.9,20499,32624,596,361.0,71.0,3052.0
1783933342.5,20499,32624,596,308.0,71.0,2754.0
1783933343.1,20499,32624,596,427.0,71.0,3120.0
1783933343.7,20495,32624,596,312.0,71.0,2974.0
1783933344.3,20502,32624,596,347.0,71.0,3236.0
1783933344.9,20502,32624,596,281.0,71.0,3169.0
1783933345.5,20502,32624,596,319.0,71.0,3148.0
1783933346.1,20502,32624,596,337.0,71.0,3068.0
1783933346.7,20500,32624,596,268.0,71.0,3045.0
1783933347.3,20527,32624,596,289.0,71.0,3234.0
1783933347.9,20527,32624,596,314.0,71.0,3274.0
1783933348.5,20527,32624,596,309.0,71.0,2724.0
1783933349.1,20527,32624,596,305.0,71.0,3077.0
1783933349.7,20521,32624,594,339.0,71.0,3231.0
1783933350.3,20521,32624,594,279.0,71.0,3199.0
1783933350.9,20521,32624,596,295.0,71.0,3043.0
1783933351.5,20521,32624,596,339.0,71.0,3014.0
1783933352.1,20525,32624,598,308.0,71.0,3089.0
1783933352.6,20525,32624,598,339.0,71.0,3230.0
1783933353.2,20525,32624,598,301.0,71.0,3269.0
1783933353.8,20525,32624,598,346.0,71.0,3096.0
1783933354.4,20525,32624,598,172.0,71.0,3218.0
1783933355.0,20511,32624,598,308.0,71.0,3280.0
1783933355.6,20511,32624,598,225.0,71.0,3064.0
1783933356.2,20511,32624,598,190.0,71.0,3061.0
1783933356.8,20511,32624,598,302.0,71.0,3271.0
1783933357.4,20507,32624,598,314.0,71.0,3283.0
1783933358.0,20507,32624,598,312.0,71.0,2940.0
1783933358.6,20507,32624,598,307.0,71.0,2748.0
1783933359.2,20507,32624,598,335.0,71.0,2927.0
1783933359.8,20507,32624,598,350.0,71.0,3117.0
1783933360.4,20505,32624,596,294.0,71.0,3252.0
1783933361.0,20531,32624,602,237.0,71.0,3191.0
1783933361.6,20531,32624,602,311.0,71.0,2987.0
1783933362.2,20536,32624,602,356.0,71.0,3242.0
1783933362.8,20538,32624,604,343.0,71.0,3232.0
1783933363.4,20538,32624,604,331.0,71.0,3198.0
1783933364.0,20566,32624,614,313.0,71.0,3270.0
1783933364.6,20562,32624,614,331.0,71.0,3265.0
1783933365.2,20540,32624,596,311.0,71.0,3289.0
1783933365.8,20540,32624,596,244.0,71.0,2921.0
1783933366.4,20595,32624,612,311.0,71.0,2825.0
1783933367.0,20595,32624,612,365.0,71.0,3031.0
1783933367.6,20595,32624,612,348.0,71.0,3081.0
1783933368.2,20514,32624,606,307.0,71.0,3274.0
1783933368.7,20514,32624,606,317.0,71.0,3144.0
1783933369.3,20514,32624,606,398.0,71.0,3167.0
1783933369.9,20514,32624,606,319.0,71.0,3273.0
1783933370.5,20514,32624,606,333.0,71.0,2904.0
1783933371.1,20473,32624,606,302.0,71.0,3242.0
1783933371.7,20473,32624,606,375.0,71.0,3053.0
1783933372.3,20473,32624,606,303.0,71.0,3245.0
1783933372.9,20465,32624,608,295.0,71.0,3135.0
1783933373.5,20471,32624,606,95.0,71.0,2210.0
1783933374.1,20544,32624,635,320.0,71.0,3147.0
1783933374.7,20521,32624,610,313.0,71.0,3284.0
1783933375.3,20496,32624,606,282.0,71.0,3211.0
1783933375.9,20538,32624,616,321.0,71.0,3285.0
1783933376.5,20538,32624,616,328.0,71.0,3150.0
1783933377.1,20529,32624,624,309.0,71.0,3280.0
1783933377.6,20496,32624,604,275.0,71.0,3213.0
1783933378.3,20495,32624,608,307.0,71.0,2913.0
1783933378.9,20479,32624,618,219.0,71.0,2567.0
1783933379.5,20479,32624,618,348.0,71.0,3083.0
1783933380.0,20479,32624,598,311.0,71.0,3275.0
1783933380.6,20463,32624,604,264.0,71.0,2722.0
1783933381.2,20463,32624,604,152.0,71.0,2927.0
1783933381.8,20459,32624,616,314.0,71.0,3265.0
1783933382.4,20459,32624,616,316.0,71.0,3262.0
1783933383.0,20459,32624,616,346.0,71.0,2937.0
1783933383.6,20454,32624,618,335.0,71.0,3025.0
1783933384.2,20454,32624,618,302.0,71.0,3278.0
1783933384.8,20454,32624,604,363.0,71.0,3200.0
1783933385.4,20454,32624,604,283.0,71.0,3028.0
1783933386.0,20424,32624,602,209.0,71.0,2869.0
1783933386.6,20421,32624,602,320.0,71.0,2816.0
1783933387.2,20423,32624,604,338.0,71.0,3232.0
1783933387.8,20454,32624,618,324.0,71.0,3184.0
1783933388.4,20450,32624,618,164.0,71.0,2900.0
1783933389.0,20450,32624,604,320.0,71.0,2818.0
1783933389.6,20448,32624,620,302.0,71.0,3277.0
1783933390.2,20448,32624,618,187.0,71.0,2599.0
1783933390.8,20448,32624,618,349.0,71.0,3232.0
1783933391.4,20441,32624,618,325.0,71.0,3232.0
1783933392.0,20433,32624,606,299.0,71.0,3251.0
1783933392.6,20437,32624,600,164.0,71.0,3204.0
1783933393.2,20437,32624,598,306.0,71.0,3242.0
1783933393.8,20433,32624,596,352.0,71.0,3240.0
1783933394.4,20433,32624,596,124.0,71.0,2473.0
1783933395.0,20426,32624,596,315.0,71.0,3166.0
1783933395.6,20426,32624,596,295.0,71.0,3250.0
1783933396.2,20419,32624,596,310.0,71.0,3269.0
1783933396.8,20403,32624,594,315.0,71.0,3279.0
1783933397.4,20403,32624,594,349.0,71.0,3226.0
1783933397.9,20400,32624,594,334.0,71.0,3252.0
1783933398.5,20396,32624,594,338.0,71.0,3047.0
1783933399.1,20396,32624,594,321.0,71.0,3038.0
1783933399.7,20390,32624,594,273.0,71.0,3032.0
1783933400.3,20390,32624,594,201.0,71.0,3015.0
1783933400.9,20390,32624,594,291.0,71.0,3274.0
1783933401.5,20390,32624,594,244.0,71.0,3227.0
1783933402.1,20390,32624,594,301.0,71.0,3275.0
1783933402.7,20390,32624,594,311.0,71.0,3088.0
1783933403.3,20390,32624,594,317.0,71.0,2941.0
1783933403.9,20390,32624,594,340.0,71.0,3157.0
1783933404.5,20390,32624,594,310.0,71.0,2827.0
1783933405.1,20407,32624,606,333.0,71.0,3152.0
1783933405.7,20438,32624,610,298.0,71.0,2752.0
1783933406.3,20469,32624,616,304.0,71.0,3260.0
1783933406.9,20464,32624,616,384.0,71.0,3128.0
1783933407.5,20484,32624,616,385.0,71.0,3198.0
1783933408.1,20488,32624,602,268.0,71.0,2867.0
1783933408.7,20500,32624,602,296.0,71.0,3254.0
1783933409.3,20473,32624,598,367.0,71.0,3036.0
1783933409.9,20477,32624,598,268.0,71.0,3251.0
1783933410.5,20442,32624,598,276.0,71.0,3249.0
1783933411.1,20444,32624,598,313.0,71.0,3136.0
1783933411.7,20440,32624,592,320.0,71.0,3270.0
1783933412.3,20424,32624,592,91.0,71.0,3276.0
1783933412.9,20428,32624,592,415.0,71.0,3167.0
1783933413.5,20494,32624,610,337.0,71.0,3246.0
1783933414.0,20498,32624,600,310.0,71.0,2984.0
1783933414.6,20498,32624,596,291.0,71.0,2713.0
1783933415.2,20492,32624,596,304.0,71.0,3219.0
1783933415.9,20483,32624,596,212.0,71.0,2983.0
1783933416.5,20493,32624,606,267.0,71.0,3162.0
1783933417.1,20493,32624,600,305.0,71.0,3271.0
1783933417.7,20497,32624,602,316.0,71.0,2885.0
1783933418.3,20493,32624,600,292.0,71.0,3034.0
1783933418.9,20497,32624,600,327.0,71.0,2848.0
1783933419.4,20497,32624,600,142.0,71.0,3208.0
1783933420.0,20497,32624,600,290.0,71.0,3275.0
1783933420.6,20497,32624,600,248.0,71.0,3253.0
1783933421.2,20497,32624,602,294.0,71.0,3279.0
1783933421.8,20501,32624,602,293.0,72.0,3262.0
1783933422.4,20493,32624,602,319.0,72.0,2906.0
1783933423.0,20506,32624,604,327.0,71.0,3284.0
1783933423.6,20522,32624,604,324.0,71.0,3259.0
1783933424.2,20493,32624,604,397.0,71.0,3165.0
1783933424.8,20501,32624,602,332.0,71.0,3215.0
1783933425.4,20485,32624,592,217.0,71.0,3020.0
1783933426.0,20489,32624,592,321.0,71.0,2979.0
1783933426.6,20468,32624,592,305.0,71.0,3229.0
1783933427.2,20468,32624,592,173.0,71.0,3113.0
1783933427.8,20448,32624,592,302.0,71.0,2869.0
1783933428.4,20448,32624,592,220.0,71.0,3085.0
1783933429.0,20448,32624,592,176.0,71.0,2593.0
1783933429.6,20426,32624,592,337.0,71.0,2685.0
1783933430.2,20426,32624,592,98.0,71.0,3113.0
1783933430.8,20426,32624,592,145.0,71.0,2946.0
1783933431.3,20426,32624,592,290.0,71.0,3279.0
1783933431.9,20426,32624,592,307.0,71.0,3265.0
1783933432.5,20426,32624,592,296.0,71.0,3233.0
1783933433.1,20426,32624,592,267.0,71.0,2711.0
1783933433.7,20425,32624,592,316.0,71.0,2931.0
1783933434.3,20425,32624,592,341.0,71.0,3238.0
1783933434.9,20425,32624,592,303.0,71.0,3118.0
1783933435.5,20425,32624,592,308.0,71.0,2705.0
1783933436.1,20425,32624,592,306.0,71.0,3271.0
1783933436.7,20425,32624,592,235.0,71.0,3299.0
1783933437.3,20425,32624,592,304.0,71.0,2952.0
1783933437.9,20425,32624,592,318.0,71.0,3097.0
1783933438.5,20425,32624,592,174.0,71.0,2598.0
1783933439.1,20425,32624,592,322.0,71.0,2983.0
1783933439.7,20425,32624,592,287.0,71.0,2742.0
1783933440.3,20425,32624,592,160.0,71.0,3276.0
1783933440.9,20453,32624,600,403.0,71.0,3222.0
1783933441.4,20453,32624,600,321.0,71.0,2985.0
1783933442.1,20453,32624,592,298.0,71.0,3266.0
1783933442.6,20460,32624,594,276.0,71.0,2698.0
1783933443.2,20460,32624,594,222.0,71.0,3047.0
1783933443.8,20460,32624,594,291.0,71.0,3034.0
1783933444.4,20460,32624,594,320.0,71.0,3101.0
1783933445.0,20460,32624,594,319.0,71.0,3280.0
1783933445.6,20460,32624,594,191.0,71.0,2858.0
1783933446.2,20422,32624,594,358.0,71.0,3036.0
1783933446.8,20422,32624,594,331.0,71.0,2863.0
1783933447.4,20422,32624,594,279.0,71.0,2722.0
1783933448.0,20422,32624,594,340.0,71.0,3263.0
1783933448.6,20422,32624,594,317.0,71.0,3076.0
1783933449.2,20422,32624,594,184.0,71.0,2632.0
1783933449.8,20422,32624,594,333.0,71.0,2849.0
1783933450.3,20422,32624,594,289.0,71.0,2804.0
1783933450.9,20422,32624,594,307.0,71.0,3074.0
1783933451.5,20422,32624,594,300.0,71.0,3262.0
1783933452.1,20422,32624,594,289.0,71.0,3230.0
1783933452.7,20422,32624,594,360.0,71.0,3159.0
1783933453.3,20422,32624,594,314.0,71.0,2763.0
1783933453.9,20422,32624,594,197.0,71.0,3252.0
1783933454.5,20422,32624,594,304.0,71.0,3095.0
1783933455.1,20422,32624,594,315.0,71.0,2766.0
1783933455.7,20422,32624,594,317.0,71.0,3094.0
1783933456.3,20422,32624,594,312.0,71.0,3072.0
1783933456.9,20422,32624,594,301.0,71.0,3236.0
1783933457.4,20422,32624,594,299.0,71.0,3051.0
1783933458.0,20422,32624,594,305.0,71.0,3236.0
1783933458.6,20422,32624,594,302.0,71.0,2727.0
1783933459.2,20422,32624,594,305.0,71.0,2933.0
1783933459.8,20422,32624,594,308.0,71.0,2659.0
1783933460.4,20422,32624,594,287.0,71.0,3245.0
1783933461.0,20423,32624,594,318.0,71.0,2990.0
1783933461.6,20423,32624,594,358.0,71.0,2809.0
1783933462.2,20423,32624,594,303.0,71.0,3249.0
1783933462.8,20423,32624,594,321.0,71.0,3138.0
1783933463.4,20423,32624,594,327.0,71.0,3226.0
1783933464.0,20423,32624,594,262.0,71.0,3060.0
1783933464.6,20423,32624,594,296.0,71.0,3231.0
1783933465.2,20423,32624,594,310.0,71.0,3100.0
1783933465.8,20423,32624,594,307.0,71.0,3245.0
1783933466.3,20430,32624,594,361.0,71.0,3130.0
1783933466.9,20430,32624,594,299.0,71.0,3224.0
1783933467.5,20430,32624,594,298.0,71.0,3027.0
1783933468.1,20457,32624,596,149.0,71.0,3003.0
1783933468.7,20457,32624,596,266.0,71.0,3067.0
1783933469.3,20457,32624,596,339.0,71.0,3233.0
1783933469.9,20457,32624,596,288.0,71.0,2583.0
1783933470.5,20457,32624,596,311.0,71.0,2773.0
1783933471.1,20457,32624,596,324.0,71.0,2995.0
1783933471.7,20457,32624,596,301.0,71.0,3265.0
1783933472.3,20457,32624,596,296.0,71.0,3097.0
1783933472.8,20457,32624,596,310.0,71.0,3077.0
1783933473.4,20457,32624,594,312.0,71.0,2768.0
1783933474.0,20457,32624,594,292.0,71.0,3268.0
1783933474.6,20457,32624,594,336.0,71.0,3049.0
1783933475.2,20453,32624,594,285.0,71.0,3235.0
1783933475.8,20453,32624,594,298.0,71.0,3184.0
1783933476.4,20453,32624,594,370.0,71.0,3203.0
1783933477.0,20453,32624,594,379.0,71.0,3050.0
1783933477.6,20453,32624,594,341.0,71.0,2888.0
1783933478.2,20453,32624,594,317.0,71.0,3235.0
1783933478.8,20453,32624,594,335.0,71.0,3261.0
1783933479.4,20453,32624,594,316.0,71.0,3194.0
1783933479.9,20453,32624,594,356.0,71.0,3132.0
1783933480.5,20453,32624,594,287.0,71.0,2764.0
1783933481.1,20453,32624,594,280.0,72.0,3263.0
1783933481.7,20453,32624,594,300.0,71.0,2817.0
1783933482.3,20453,32624,594,313.0,71.0,3212.0
1783933482.9,20453,32624,594,368.0,71.0,3098.0
1783933483.5,20453,32624,594,325.0,71.0,3091.0
1783933484.1,20453,32624,594,350.0,71.0,3125.0
1783933484.7,20453,32624,594,293.0,71.0,3219.0
1783933485.3,20453,32624,594,335.0,71.0,3232.0
1783933485.9,20453,32624,594,265.0,71.0,2575.0
1783933486.4,20453,32624,594,303.0,71.0,3210.0
1783933487.0,20453,32624,594,289.0,71.0,3196.0
1783933487.6,20453,32624,594,321.0,71.0,3198.0
1783933488.2,20453,32624,594,330.0,71.0,2876.0
1783933488.8,20453,32624,594,339.0,71.0,3216.0
1783933489.4,20453,32624,594,298.0,71.0,3275.0
1783933490.0,20453,32624,594,313.0,71.0,2774.0
1783933490.6,20453,32624,594,336.0,71.0,3234.0
1783933491.2,20453,32624,594,284.0,71.0,3010.0
1783933491.8,20453,32624,594,338.0,71.0,3232.0
1783933492.4,20453,32624,594,273.0,71.0,2872.0
1783933493.0,20453,32624,594,134.0,71.0,2789.0
1783933493.6,20453,32624,594,319.0,71.0,3234.0
1783933494.1,20453,32624,594,276.0,71.0,2899.0
1783933494.7,20453,32624,594,232.0,71.0,3188.0
1783933495.3,20453,32624,594,298.0,71.0,3235.0
1783933495.9,20453,32624,594,254.0,71.0,2630.0
1783933496.5,20453,32624,594,301.0,71.0,3095.0
1783933497.1,20453,32624,594,253.0,71.0,3281.0
1783933497.7,20453,32624,594,213.0,71.0,2754.0
1783933498.3,20453,32624,594,261.0,71.0,3069.0
1783933498.9,20453,32624,594,305.0,71.0,2766.0
1783933499.5,20453,32624,594,317.0,71.0,3273.0
1783933500.1,20452,32624,594,313.0,71.0,3269.0
1783933500.7,20414,32624,600,125.0,71.0,3075.0
1783933501.3,20414,32624,600,292.0,71.0,3234.0
1783933501.8,20414,32624,600,297.0,71.0,2700.0
1783933502.4,20377,32624,600,312.0,71.0,2907.0
1783933503.0,20377,32624,600,305.0,71.0,3274.0
1783933503.6,20377,32624,600,379.0,71.0,3083.0
1783933504.2,20377,32624,600,352.0,71.0,2977.0
1783933504.8,20377,32624,600,353.0,71.0,3152.0
1783933505.4,20377,32624,600,308.0,71.0,3177.0
1783933506.0,20377,32624,600,193.0,71.0,3008.0
1783933506.6,20377,32624,600,303.0,71.0,3241.0
1783933507.2,20377,32624,600,327.0,71.0,2781.0
1783933507.8,20377,32624,600,330.0,71.0,3231.0
1783933508.4,20377,32624,600,306.0,71.0,3076.0
1783933509.0,20377,32624,600,313.0,71.0,3273.0
1783933509.5,20377,32624,600,319.0,71.0,2950.0
1783933510.1,20377,32624,600,330.0,71.0,3246.0
1783933510.7,20377,32624,600,297.0,71.0,3249.0
1783933511.3,20377,32624,600,297.0,71.0,3208.0
1783933511.9,20377,32624,600,64.0,69.0,2916.0
1783933512.5,20390,32624,600,300.0,70.0,2725.0
1783933513.1,20390,32624,600,179.0,71.0,3198.0
1783933513.7,20390,32624,600,318.0,71.0,2967.0
1783933514.3,20390,32624,600,319.0,71.0,2793.0
1783933514.9,20390,32624,600,314.0,71.0,2781.0
1783933515.5,20390,32624,600,353.0,71.0,2946.0
1783933516.1,20390,32624,600,320.0,71.0,3270.0
1783933516.7,20390,32624,600,346.0,71.0,3078.0
1783933517.3,20390,32624,600,322.0,71.0,3077.0
1783933517.9,20390,32624,600,166.0,71.0,2633.0
1783933518.5,20390,32624,600,273.0,71.0,3129.0
1783933519.1,20390,32624,600,197.0,71.0,2914.0
1783933519.7,20390,32624,600,149.0,71.0,2897.0
1783933520.2,20390,32624,600,299.0,71.0,3087.0
1783933520.8,20390,32624,600,346.0,71.0,3234.0
1783933521.4,20390,32624,600,315.0,71.0,3274.0
1783933522.0,20390,32624,600,289.0,71.0,2663.0
1783933522.6,20390,32624,600,294.0,71.0,2704.0
1783933523.2,20390,32624,600,316.0,71.0,3269.0
1783933523.8,20390,32624,600,310.0,71.0,2957.0
1783933524.4,20390,32624,600,326.0,71.0,2898.0
1783933525.0,20390,32624,600,300.0,71.0,2721.0
1783933525.6,20390,32624,600,309.0,71.0,3277.0
1783933526.2,20390,32624,600,323.0,71.0,3066.0
1783933526.8,20390,32624,600,313.0,71.0,2795.0
1783933527.4,20390,32624,600,310.0,71.0,2776.0
1783933528.0,20390,32624,600,250.0,71.0,3133.0
1783933528.5,20390,32624,600,320.0,71.0,2793.0
1783933529.1,20390,32624,600,311.0,71.0,3276.0
1783933529.7,20390,32624,600,297.0,71.0,3248.0
1783933530.3,20390,32624,600,337.0,71.0,2925.0
1783933530.9,20390,32624,600,318.0,71.0,2767.0
1783933531.5,20390,32624,600,327.0,71.0,3031.0
1783933532.1,20390,32624,600,239.0,71.0,3043.0
1783933532.7,20390,32624,600,337.0,71.0,3230.0
1783933533.3,20390,32624,600,325.0,71.0,3253.0
1783933533.9,20390,32624,600,337.0,71.0,2914.0
1783933534.5,20390,32624,600,148.0,71.0,3126.0
1783933535.1,20390,32624,600,317.0,71.0,3142.0
1783933535.7,20390,32624,600,322.0,71.0,3051.0
1783933536.3,20390,32624,600,176.0,71.0,2683.0
1783933536.8,20390,32624,600,268.0,71.0,3210.0
1783933537.4,20390,32624,600,345.0,71.0,3138.0
1783933538.0,20390,32624,600,301.0,71.0,3234.0
1783933538.6,20390,32624,600,310.0,71.0,2705.0
1783933539.2,20390,32624,600,305.0,71.0,3240.0
1783933539.8,20390,32624,600,315.0,71.0,2899.0
1783933540.4,20390,32624,600,208.0,71.0,3007.0
1783933541.0,20390,32624,600,321.0,71.0,2824.0
1783933541.6,20390,32624,600,304.0,71.0,3262.0
1783933542.2,20390,32624,600,122.0,71.0,2898.0
1783933542.8,20390,32624,600,305.0,71.0,3239.0
1783933543.4,20390,32624,600,296.0,71.0,3264.0
1783933544.0,20390,32624,600,315.0,71.0,3232.0
1783933544.5,20390,32624,600,325.0,71.0,3254.0
1783933545.1,20390,32624,600,163.0,71.0,3012.0
1783933545.7,20390,32624,600,303.0,71.0,3251.0
1783933546.3,20390,32624,600,260.0,71.0,3235.0
1783933546.9,20390,32624,600,268.0,71.0,2933.0
1783933547.5,20390,32624,600,246.0,71.0,3083.0
1783933548.1,20390,32624,600,325.0,71.0,2791.0
1783933548.7,20390,32624,600,320.0,71.0,2757.0
1783933549.3,20390,32624,600,328.0,71.0,2824.0
1783933549.9,20390,32624,600,340.0,71.0,2930.0
1783933550.5,20390,32624,600,327.0,71.0,3158.0
1783933551.1,20390,32624,600,324.0,71.0,3264.0
1783933551.7,20390,32624,600,331.0,71.0,2869.0
1783933552.3,20390,32624,600,245.0,71.0,3067.0
1783933552.9,20390,32624,600,299.0,71.0,2733.0
1783933553.5,20390,32624,600,220.0,71.0,3019.0
1783933554.1,20390,32624,600,275.0,71.0,3148.0
1783933554.6,20390,32624,600,306.0,71.0,3246.0
1783933555.2,20390,32624,600,304.0,71.0,2755.0
1783933555.8,20390,32624,600,326.0,71.0,2871.0
1783933556.4,20390,32624,600,302.0,71.0,3243.0
1783933557.0,20390,32624,600,184.0,71.0,2925.0
1783933557.6,20390,32624,600,308.0,71.0,3025.0
1783933558.2,20390,32624,600,151.0,71.0,3043.0
1783933558.8,20390,32624,600,310.0,71.0,3260.0
1783933559.4,20390,32624,600,300.0,71.0,3246.0
1783933560.0,20386,32624,600,310.0,71.0,3234.0
1783933560.6,20386,32624,600,336.0,71.0,2875.0
1783933561.2,20367,32624,596,274.0,71.0,3175.0
1783933561.8,20367,32624,596,338.0,71.0,2949.0
1783933562.4,20367,32624,596,349.0,71.0,3158.0
1783933563.0,20367,32624,596,307.0,71.0,2757.0
1783933563.6,20367,32624,596,327.0,71.0,3169.0
1783933564.1,20367,32624,596,309.0,71.0,3112.0
1783933564.7,20367,32624,596,310.0,71.0,2761.0
1783933565.3,20367,32624,596,203.0,71.0,3225.0
1783933565.9,20367,32624,596,298.0,71.0,3229.0
1783933566.5,20367,32624,596,265.0,71.0,3084.0
1783933567.1,20367,32624,596,206.0,71.0,2807.0
1783933567.7,20367,32624,596,386.0,71.0,3110.0
1783933568.3,20367,32624,596,311.0,71.0,3233.0
1783933568.9,20367,32624,596,322.0,71.0,2988.0
1783933569.5,20367,32624,596,222.0,71.0,2988.0
1783933570.1,20367,32624,596,281.0,71.0,2759.0
1783933570.7,20367,32624,596,327.0,71.0,3114.0
1783933571.3,20367,32624,596,292.0,72.0,2766.0
1783933571.8,20367,32624,596,303.0,71.0,3084.0
1783933572.4,20367,32624,596,270.0,71.0,2990.0
1783933573.0,20367,32624,596,377.0,71.0,3057.0
1783933573.6,20367,32624,596,316.0,72.0,3198.0
1783933574.2,20367,32624,596,306.0,71.0,2816.0
1783933574.8,20367,32624,596,303.0,71.0,3090.0
1783933575.4,20367,32624,596,302.0,71.0,3221.0
1783933576.0,20367,32624,596,312.0,71.0,3268.0
1783933576.6,20367,32624,596,43.0,71.0,0.0
1783933577.2,755,32624,92,33.0,69.0,0.0
1783933577.8,742,32624,76,15.0,68.0,0.0
1783933578.4,742,32624,76,15.0,67.0,0.0
1783933578.9,742,32624,76,16.0,67.0,0.0
1783933579.5,742,32624,76,15.0,66.0,0.0
1783933580.1,742,32624,76,14.0,66.0,0.0
1783933580.7,753,32624,76,28.0,66.0,0.0
1783933581.3,753,32624,76,14.0,65.0,0.0
1783933581.9,753,32624,76,16.0,64.0,0.0
1783933582.5,753,32624,76,14.0,64.0,0.0
1783933583.1,753,32624,76,15.0,64.0,0.0
1783933583.7,753,32624,76,15.0,63.0,0.0
1783933584.3,753,32624,76,15.0,63.0,0.0
1783933584.9,753,32624,76,13.0,63.0,0.0
1783933585.5,753,32624,76,15.0,62.0,0.0
1783933586.1,753,32624,76,15.0,62.0,0.0
1783933586.7,753,32624,76,14.0,61.0,0.0
1783933587.3,753,32624,76,14.0,61.0,0.0
1783933587.8,753,32624,76,14.0,61.0,0.0
1783933588.4,753,32624,76,14.0,61.0,0.0
1783933589.0,753,32624,76,14.0,60.0,0.0
1783933589.6,753,32624,76,15.0,60.0,0.0
1783933590.2,753,32624,76,15.0,60.0,0.0
1783933590.8,753,32624,76,15.0,59.0,0.0
1783933591.4,753,32624,76,14.0,59.0,0.0
1783933592.0,753,32624,76,13.0,59.0,0.0
1783933592.6,753,32624,76,13.0,59.0,0.0
1783933593.2,753,32624,76,13.0,58.0,0.0
1783933593.8,753,32624,76,14.0,58.0,0.0
1783933594.4,753,32624,76,14.0,58.0,0.0
1783933595.0,753,32624,76,14.0,57.0,0.0
1783933595.6,753,32624,76,14.0,57.0,0.0
1783933596.1,753,32624,76,13.0,57.0,0.0
1783933596.7,753,32624,76,14.0,57.0,0.0
1783933597.3,753,32624,76,14.0,56.0,0.0
1783933598.0,753,32624,76,15.0,56.0,0.0
1783933598.6,753,32624,76,13.0,56.0,0.0
1783933599.2,16375,32624,76,19.0,56.0,0.0
1783933599.8,16375,32624,76,19.0,56.0,0.0
1783933600.4,16375,32624,76,19.0,56.0,0.0
1783933601.0,16375,32624,76,19.0,55.0,0.0
1783933601.6,16375,32624,76,18.0,55.0,0.0
1783933602.2,16375,32624,76,19.0,55.0,0.0
1783933602.8,16375,32624,76,14.0,55.0,0.0
1783933603.3,16375,32624,76,19.0,54.0,0.0
1783933603.9,16375,32624,76,13.0,54.0,0.0
1783933604.5,20639,32624,497,40.0,55.0,0.0
1783933605.1,20639,32624,577,22.0,54.0,1196.0
1783933605.7,20647,32624,585,39.0,55.0,0.0
1783933606.3,20648,32624,585,153.0,56.0,1807.0
1783933606.9,20648,32624,585,263.0,57.0,2922.0
1783933607.5,20648,32624,585,175.0,58.0,2642.0
1783933608.1,20648,32624,585,363.0,58.0,2858.0
1783933608.7,20648,32624,585,270.0,59.0,2976.0
1783933609.3,20648,32624,585,238.0,59.0,2924.0
1783933609.9,20648,32624,585,328.0,59.0,2600.0
1783933610.5,20648,32624,585,317.0,59.0,2556.0
1783933611.1,20648,32624,585,325.0,60.0,2667.0
1783933611.7,20648,32624,585,353.0,60.0,2810.0
1783933612.3,20648,32624,585,310.0,60.0,2741.0
1783933612.9,20648,32624,585,357.0,60.0,2867.0
1783933613.5,20648,32624,585,280.0,61.0,2965.0
1783933614.1,20648,32624,585,120.0,61.0,2590.0
1783933614.6,20648,32624,585,308.0,61.0,2586.0
1783933615.2,20648,32624,585,302.0,61.0,2552.0
1783933615.8,20648,32624,585,321.0,62.0,2694.0
1783933616.4,20648,32624,585,309.0,62.0,2682.0
1783933617.0,20648,32624,585,387.0,62.0,2881.0
1783933617.6,20648,32624,585,266.0,62.0,2814.0
1783933618.2,20648,32624,585,182.0,62.0,2587.0
1783933618.8,20648,32624,585,305.0,63.0,2559.0
1783933619.4,20648,32624,585,352.0,63.0,2740.0
1783933620.0,20648,32624,585,392.0,63.0,2922.0
1783933620.6,20648,32624,585,225.0,63.0,2839.0
1783933621.2,20648,32624,585,297.0,63.0,2583.0
1783933621.7,20648,32624,585,310.0,63.0,2670.0
1783933622.3,20648,32624,585,368.0,64.0,2844.0
1783933622.9,20648,32624,585,250.0,64.0,2820.0
1783933623.5,20648,32624,585,337.0,64.0,2613.0
1783933624.1,20648,32624,585,311.0,64.0,2617.0
1783933624.7,20648,32624,585,355.0,64.0,2835.0
1783933625.3,20648,32624,585,262.0,64.0,2861.0
1783933625.9,20648,32624,585,299.0,64.0,2571.0
1783933626.5,20648,32624,585,314.0,64.0,2672.0
1783933627.1,20648,32624,585,370.0,64.0,2837.0
1783933627.7,20648,32624,585,150.0,65.0,2590.0
1783933628.2,20648,32624,585,293.0,65.0,2532.0
1783933628.8,20648,32624,585,326.0,65.0,2742.0
1783933629.4,20643,32624,589,342.0,65.0,2878.0
1783933630.0,20643,32624,589,264.0,66.0,2857.0
1783933630.6,20643,32624,589,315.0,66.0,2543.0
1783933631.2,20643,32624,589,319.0,65.0,2650.0
1783933631.8,20643,32624,589,347.0,66.0,2937.0
1783933632.4,20643,32624,589,172.0,66.0,2574.0
1783933633.0,20643,32624,589,299.0,66.0,2536.0
1783933633.6,20643,32624,589,301.0,66.0,2633.0
1783933634.2,20643,32624,589,347.0,66.0,2807.0
1783933634.8,20643,32624,589,281.0,66.0,2880.0
1783933635.4,20643,32624,589,265.0,66.0,2573.0
1783933636.0,20643,32624,589,286.0,66.0,2566.0
1783933636.6,20643,32624,589,354.0,66.0,2792.0
1783933637.1,20643,32624,589,252.0,66.0,2812.0
1783933637.7,20643,32624,589,286.0,66.0,2557.0
1783933638.3,20643,32624,589,323.0,66.0,2649.0
1783933638.9,20643,32624,589,327.0,67.0,2972.0
1783933639.5,20643,32624,589,261.0,67.0,2770.0
1783933640.1,20643,32624,589,323.0,67.0,2581.0
1783933640.7,20643,32624,589,311.0,67.0,2681.0
1783933641.3,20643,32624,589,330.0,67.0,2762.0
1783933641.9,20643,32624,589,321.0,67.0,2553.0
1783933642.5,20643,32624,589,322.0,67.0,2627.0
1783933643.1,20643,32624,589,349.0,67.0,2774.0
1783933643.7,20643,32624,589,274.0,67.0,2878.0
1783933644.3,20643,32624,589,334.0,67.0,2658.0
1783933644.9,20643,32624,589,343.0,67.0,2665.0
1783933645.5,20643,32624,589,250.0,68.0,2775.0
1783933646.1,20643,32624,589,217.0,67.0,2588.0
1783933646.6,20643,32624,589,317.0,68.0,2655.0
1783933647.2,20643,32624,589,351.0,67.0,2821.0
1783933647.8,20643,32624,589,205.0,67.0,2560.0
1783933648.4,20643,32624,589,312.0,68.0,2640.0
1783933649.0,20643,32624,589,354.0,68.0,2791.0
1783933649.6,20643,32624,589,241.0,68.0,2873.0
1783933650.2,20643,32624,589,324.0,68.0,2583.0
1783933650.8,20643,32624,589,352.0,68.0,2826.0
1783933651.4,20643,32624,589,328.0,68.0,2591.0
1783933652.0,20643,32624,589,330.0,68.0,2644.0
1783933652.6,20643,32624,589,282.0,68.0,2922.0
1783933653.2,20643,32624,589,319.0,68.0,2484.0
1783933653.8,20643,32624,589,320.0,68.0,2666.0
1783933654.4,20643,32624,589,281.0,68.0,2818.0
1783933655.0,20643,32624,589,310.0,69.0,2620.0
1783933655.5,20643,32624,589,332.0,68.0,2720.0
1783933656.1,20643,32624,589,264.0,68.0,2803.0
1783933656.7,20643,32624,589,267.0,68.0,2582.0
1783933657.3,20643,32624,589,360.0,69.0,2827.0
1783933657.9,20643,32624,589,224.0,68.0,2662.0
1783933658.5,20643,32624,589,335.0,69.0,2672.0
1783933659.1,20643,32624,589,407.0,69.0,2908.0
1783933659.7,20643,32624,589,338.0,69.0,2540.0
1783933660.3,20643,32624,589,309.0,69.0,2647.0
1783933660.9,20643,32624,589,280.0,69.0,2955.0
1783933661.5,20643,32624,589,326.0,69.0,2609.0
1783933662.1,20643,32624,589,327.0,69.0,2653.0
1783933662.7,20643,32624,589,242.0,69.0,2697.0
1783933663.2,20643,32624,589,311.0,69.0,2625.0
1783933663.8,20643,32624,589,261.0,69.0,2841.0
1783933664.4,20643,32624,589,294.0,69.0,2566.0
1783933665.0,20643,32624,589,334.0,69.0,2740.0
1783933665.6,20643,32624,589,230.0,69.0,2522.0
1783933666.2,20643,32624,589,305.0,69.0,2601.0
1783933666.8,20643,32624,589,341.0,69.0,2838.0
1783933667.4,20643,32624,589,307.0,69.0,2529.0
1783933668.0,20643,32624,589,322.0,69.0,2648.0
1783933668.6,20643,32624,589,246.0,69.0,2754.0
1783933669.2,20643,32624,589,279.0,69.0,2557.0
1783933669.8,20643,32624,589,379.0,69.0,2846.0
1783933670.3,20643,32624,589,303.0,69.0,2545.0
1783933670.9,20643,32624,589,352.0,69.0,2828.0
1783933671.5,20643,32624,589,194.0,69.0,2490.0
1783933672.1,20643,32624,589,333.0,69.0,2603.0
1783933672.7,20643,32624,589,381.0,69.0,2820.0
1783933673.3,20643,32624,589,314.0,69.0,2539.0
1783933673.9,20643,32624,589,303.0,69.0,2696.0
1783933674.5,20643,32624,589,160.0,69.0,2506.0
1783933675.1,20643,32624,589,319.0,69.0,2615.0
1783933675.7,20643,32624,589,141.0,69.0,2599.0
1783933676.3,20643,32624,589,327.0,69.0,2650.0
1783933676.9,20643,32624,589,282.0,69.0,2933.0
1783933677.5,20643,32624,589,305.0,69.0,2614.0
1783933678.1,20643,32624,589,393.0,70.0,2838.0
1783933678.7,20643,32624,589,295.0,69.0,2443.0
1783933679.3,20643,32624,589,342.0,70.0,2799.0
1783933679.9,20643,32624,589,337.0,69.0,2563.0
1783933680.4,20643,32624,589,317.0,70.0,2668.0
1783933681.0,20643,32624,589,258.0,70.0,2744.0
1783933681.6,20643,32624,589,308.0,70.0,2561.0
1783933682.2,20643,32624,589,363.0,70.0,2859.0
1783933682.8,20643,32624,589,310.0,70.0,2587.0
1783933683.4,20643,32624,589,302.0,70.0,2992.0
1783933684.0,20643,32624,589,294.0,70.0,2617.0
1783933684.6,20643,32624,589,374.0,70.0,2795.0
1783933685.2,20643,32624,589,295.0,70.0,2579.0
1783933685.8,20643,32624,589,333.0,70.0,2674.0
1783933686.4,20643,32624,589,306.0,70.0,2610.0
1783933687.0,20643,32624,589,403.0,70.0,2861.0
1783933687.6,20643,32624,589,301.0,70.0,2565.0
1783933688.2,20643,32624,589,368.0,70.0,2879.0
1783933688.7,20643,32624,589,285.0,70.0,2580.0
1783933689.3,20643,32624,598,232.0,68.0,2745.0
1783933689.9,20643,32624,598,309.0,69.0,2613.0
1783933690.5,20643,32624,598,359.0,69.0,2837.0
1783933691.1,20643,32624,598,283.0,69.0,2889.0
1783933691.7,20643,32624,598,237.0,70.0,2814.0
1783933692.3,20643,32624,598,285.0,69.0,2578.0
1783933692.9,20643,32624,598,316.0,69.0,2520.0
1783933693.5,20643,32624,598,316.0,70.0,2653.0
1783933694.1,20643,32624,598,346.0,70.0,2789.0
1783933694.7,20643,32624,598,285.0,70.0,2891.0
1783933695.3,20643,32624,598,310.0,70.0,2578.0
1783933695.9,20643,32624,598,319.0,70.0,2610.0
1783933696.5,20643,32624,598,318.0,70.0,2653.0
1783933697.1,20643,32624,598,253.0,70.0,2749.0
1783933697.7,20643,32624,598,315.0,70.0,2545.0
1783933698.3,20643,32624,598,354.0,70.0,2761.0
1783933698.9,20643,32624,598,362.0,70.0,2810.0
1783933699.4,20643,32624,598,250.0,70.0,2711.0
1783933700.0,20643,32624,598,314.0,70.0,2505.0
1783933700.6,20643,32624,598,302.0,70.0,2631.0
1783933701.2,20643,32624,598,343.0,70.0,2791.0
1783933701.8,20643,32624,598,276.0,70.0,2850.0
1783933702.4,20643,32624,598,312.0,70.0,2604.0
1783933703.0,20643,32624,598,322.0,70.0,2599.0
1783933703.6,20643,32624,598,347.0,70.0,2750.0
1783933704.2,20643,32624,598,264.0,70.0,2858.0
1783933704.8,20643,32624,598,259.0,70.0,2507.0
1783933705.4,20643,32624,598,333.0,70.0,2629.0
1783933706.0,20643,32624,598,332.0,70.0,2662.0
1783933706.6,20643,32624,598,300.0,70.0,2876.0
1783933707.2,20643,32624,598,155.0,70.0,2706.0
1783933707.8,20643,32624,598,270.0,70.0,2533.0
1783933708.3,20643,32624,598,331.0,70.0,2717.0
1783933709.0,20643,32624,598,386.0,70.0,2822.0
1783933709.5,20643,32624,598,170.0,70.0,2582.0
1783933710.1,20643,32624,598,280.0,70.0,2500.0
1783933710.7,20643,32624,598,323.0,70.0,2680.0
1783933711.3,20643,32624,598,327.0,70.0,2863.0
1783933711.9,20643,32624,598,229.0,70.0,2627.0
1783933712.5,20643,32624,598,320.0,70.0,2594.0
1783933713.1,20643,32624,598,300.0,70.0,2567.0
1783933713.7,20643,32624,598,350.0,70.0,2792.0
1783933714.3,20643,32624,598,282.0,70.0,2845.0
1783933714.9,20643,32624,598,324.0,70.0,2578.0
1783933715.5,20643,32624,598,327.0,70.0,2639.0
1783933716.1,20643,32624,598,388.0,70.0,2869.0
1783933716.7,20643,32624,598,241.0,70.0,2852.0
1783933717.3,20643,32624,598,293.0,71.0,2587.0
1783933717.9,20643,32624,598,346.0,70.0,2713.0
1783933718.4,20643,32624,598,250.0,70.0,2747.0
1783933719.0,20643,32624,598,312.0,71.0,2502.0
1783933719.6,20643,32624,598,304.0,70.0,2638.0
1783933720.2,20643,32624,598,311.0,70.0,2936.0
1783933720.8,20643,32624,598,326.0,70.0,2639.0
1783933721.4,20643,32624,598,329.0,71.0,2641.0
1783933722.0,20643,32624,598,376.0,71.0,2852.0
1783933722.6,20643,32624,598,271.0,71.0,2586.0
1783933723.2,20643,32624,598,308.0,71.0,2623.0
1783933723.8,20644,32624,598,352.0,71.0,2755.0
1783933724.4,20644,32624,598,268.0,71.0,2834.0
1783933725.0,20644,32624,598,282.0,71.0,2464.0
1783933725.6,20644,32624,594,320.0,71.0,2576.0
1783933726.2,20644,32624,594,272.0,70.0,2862.0
1783933726.8,20644,32624,594,298.0,70.0,2547.0
1783933727.3,20644,32624,594,320.0,71.0,2615.0
1783933727.9,20644,32624,594,331.0,71.0,2924.0
1783933728.5,20644,32624,594,267.0,71.0,2488.0
1783933729.1,20644,32624,594,329.0,71.0,2531.0
1783933729.7,20644,32624,594,352.0,71.0,2878.0
1783933730.3,20644,32624,594,268.0,71.0,2521.0
1783933730.9,20644,32624,594,352.0,71.0,2747.0
1783933731.5,20644,32624,594,237.0,71.0,2851.0
1783933732.1,20644,32624,594,320.0,71.0,2544.0
1783933732.7,20644,32624,594,334.0,71.0,2613.0
1783933733.3,20644,32624,594,280.0,71.0,2862.0
1783933733.9,20644,32624,594,299.0,70.0,2555.0
1783933734.5,20644,32624,594,352.0,71.0,2715.0
1783933735.1,20644,32624,594,122.0,71.0,2560.0
1783933735.7,20644,32624,594,301.0,71.0,2596.0
1783933736.2,20644,32624,594,372.0,71.0,2876.0
1783933736.8,20644,32624,594,344.0,71.0,2582.0
1783933737.4,20644,32624,594,339.0,71.0,2697.0
1783933738.0,20644,32624,594,145.0,71.0,2471.0
1783933738.6,20644,32624,594,309.0,71.0,2569.0
1783933739.2,20644,32624,594,375.0,71.0,2867.0
1783933739.8,20644,32624,594,337.0,71.0,2502.0
1783933740.4,20644,32624,594,310.0,71.0,2599.0
1783933741.0,20644,32624,594,275.0,71.0,2843.0
1783933741.6,20644,32624,594,338.0,71.0,2579.0
1783933742.2,20644,32624,594,377.0,71.0,2899.0
1783933742.8,20644,32624,594,294.0,71.0,2527.0
1783933743.4,20644,32624,594,318.0,71.0,2652.0
1783933744.0,20644,32624,594,267.0,71.0,2882.0
1783933744.6,20644,32624,594,311.0,71.0,2581.0
1783933745.1,20644,32624,594,371.0,71.0,2843.0
1783933745.7,20644,32624,594,239.0,71.0,2519.0
1783933746.3,20644,32624,594,334.0,71.0,2729.0
1783933746.9,20645,32624,598,173.0,71.0,2493.0
1783933747.5,20645,32624,598,311.0,71.0,2702.0
1783933748.1,20645,32624,598,232.0,71.0,2553.0
1783933748.7,20645,32624,598,312.0,71.0,2605.0
1783933749.3,20645,32624,598,163.0,71.0,2596.0
1783933749.9,20645,32624,598,319.0,71.0,2694.0
1783933750.5,20645,32624,598,131.0,71.0,2622.0
1783933751.1,20645,32624,598,343.0,71.0,2640.0
1783933751.7,20645,32624,598,237.0,71.0,2705.0
1783933752.2,20641,32624,598,295.0,71.0,2597.0
1783933752.8,20641,32624,598,386.0,71.0,2828.0
1783933753.4,20641,32624,598,221.0,71.0,2684.0
1783933754.0,20641,32624,598,304.0,71.0,2586.0
1783933754.6,20641,32624,598,213.0,71.0,2635.0
1783933755.2,20641,32624,598,325.0,71.0,2667.0
1783933755.8,20641,32624,598,265.0,71.0,2851.0
1783933756.4,20641,32624,598,303.0,71.0,2576.0
1783933757.0,20641,32624,598,276.0,71.0,2812.0
1783933757.6,20641,32624,598,297.0,71.0,2572.0
1783933758.2,20641,32624,598,368.0,71.0,2822.0
1783933758.8,20641,32624,598,312.0,71.0,2564.0
1783933759.4,20641,32624,598,312.0,71.0,2659.0
1783933760.0,20641,32624,598,269.0,71.0,2579.0
1783933760.5,20641,32624,598,337.0,71.0,2686.0
1783933761.1,20641,32624,598,336.0,71.0,2538.0
1783933761.7,20641,32624,598,348.0,71.0,2789.0
1783933762.3,20641,32624,598,307.0,71.0,2523.0
1783933762.9,20641,32624,598,362.0,71.0,2791.0
1783933763.5,20641,32624,598,273.0,71.0,2508.0
1783933764.1,20641,32624,598,318.0,71.0,2665.0
1783933764.7,20641,32624,598,328.0,71.0,2570.0
1783933765.3,20641,32624,598,324.0,71.0,2623.0
1783933765.9,20641,32624,598,229.0,71.0,2665.0
1783933766.5,20641,32624,598,316.0,71.0,2625.0
1783933767.0,20641,32624,598,279.0,71.0,2914.0
1783933767.6,20641,32624,598,304.0,71.0,2521.0
1783933768.2,20641,32624,598,300.0,71.0,2968.0
1783933768.8,20641,32624,598,313.0,71.0,2552.0
1783933769.4,20641,32624,598,338.0,71.0,2886.0
1783933770.0,20641,32624,598,295.0,71.0,2593.0
1783933770.6,20641,32624,598,371.0,71.0,2814.0
1783933771.2,20641,32624,598,312.0,71.0,2556.0
1783933771.8,20641,32624,598,338.0,71.0,2697.0
1783933772.4,20641,32624,598,193.0,71.0,2442.0
1783933773.0,20641,32624,598,310.0,71.0,2685.0
1783933773.6,20641,32624,598,195.0,71.0,2594.0
1783933774.1,20641,32624,598,303.0,71.0,2592.0
1783933774.7,20641,32624,598,138.0,71.0,2586.0
1783933775.3,20641,32624,598,367.0,71.0,2815.0
1783933775.9,20641,32624,598,315.0,71.0,2604.0
1783933776.5,20641,32624,598,333.0,71.0,2712.0
1783933777.1,20641,32624,598,310.0,71.0,2609.0
1783933777.7,20641,32624,598,340.0,71.0,2732.0
1783933778.3,20641,32624,598,308.0,71.0,2434.0
1783933778.9,20641,32624,598,356.0,71.0,2808.0
1783933779.5,20641,32624,598,321.0,71.0,2570.0
1783933780.1,20641,32624,598,360.0,71.0,2771.0
1783933780.6,20641,32624,598,294.0,71.0,2605.0
1783933781.2,20641,32624,598,271.0,71.0,2902.0
1783933781.8,20641,32624,598,309.0,71.0,2508.0
1783933782.4,20641,32624,598,266.0,71.0,2838.0
1783933783.0,20641,32624,598,314.0,71.0,2652.0
1783933783.6,20641,32624,598,274.0,71.0,2480.0
1783933784.2,20641,32624,598,312.0,71.0,2663.0
1783933784.8,20641,32624,598,320.0,71.0,2552.0
1783933785.4,20641,32624,598,358.0,71.0,2764.0
1783933786.0,20641,32624,598,293.0,71.0,2556.0
1783933786.6,20641,32624,598,277.0,71.0,2843.0
1783933787.2,20641,32624,598,328.0,71.0,2673.0
1783933787.7,20641,32624,598,237.0,71.0,2584.0
1783933788.3,20641,32624,598,322.0,71.0,2660.0
1783933788.9,20641,32624,598,275.0,71.0,2496.0
1783933789.5,20641,32624,598,346.0,71.0,2752.0
1783933790.1,20641,32624,598,310.0,71.0,2465.0
1783933790.7,20641,32624,598,369.0,71.0,2832.0
1783933791.3,20641,32624,598,303.0,71.0,2500.0
1783933791.9,20641,32624,598,264.0,71.0,2836.0
1783933792.5,20641,32624,598,324.0,71.0,2639.0
1783933793.1,20641,32624,598,284.0,71.0,2548.0
1783933793.7,20641,32624,598,282.0,71.0,2920.0
1783933794.3,20641,32624,598,335.0,71.0,2674.0
1783933794.9,20641,32624,598,329.0,71.0,2625.0
1783933795.5,20641,32624,598,44.0,71.0,0.0
1783933796.1,20641,32624,602,61.0,69.0,2721.0
1783933796.7,20641,32624,602,235.0,69.0,2635.0
1783933797.2,20641,32624,602,122.0,70.0,2612.0
1783933797.8,20641,32624,602,282.0,70.0,2478.0
1783933798.4,20641,32624,602,337.0,71.0,2618.0
1783933799.0,20641,32624,602,374.0,71.0,2796.0
1783933799.6,20641,32624,602,278.0,71.0,2838.0
1783933800.2,20641,32624,602,309.0,71.0,2517.0
1783933800.8,20641,32624,602,330.0,71.0,2567.0
1783933801.4,20641,32624,602,324.0,71.0,2717.0
1783933802.0,20641,32624,602,261.0,71.0,2898.0
1783933802.6,20641,32624,602,279.0,71.0,2479.0
1783933803.2,20641,32624,602,284.0,71.0,2515.0
1783933803.8,20641,32624,602,356.0,71.0,2769.0
1783933804.3,20641,32624,602,262.0,71.0,2831.0
1783933804.9,20641,32624,602,181.0,71.0,2561.0
1783933805.5,20641,32624,602,322.0,71.0,2584.0
1783933806.1,20641,32624,602,351.0,71.0,2753.0
1783933806.7,20641,32624,602,277.0,71.0,2856.0
1783933807.3,20641,32624,602,307.0,71.0,2496.0
1783933807.9,20641,32624,602,321.0,71.0,2559.0
1783933808.5,20641,32624,602,333.0,71.0,2689.0
1783933809.1,20641,32624,602,282.0,71.0,2858.0
1783933809.7,20641,32624,602,317.0,71.0,2517.0
1783933810.3,20641,32624,602,279.0,71.0,2598.0
1783933810.8,20641,32624,602,370.0,71.0,2771.0
1783933811.4,20641,32624,602,209.0,71.0,2685.0
1783933812.0,20641,32624,602,302.0,71.0,2580.0
1783933812.6,20641,32624,602,331.0,71.0,2720.0
1783933813.2,20641,32624,602,285.0,71.0,2835.0
1783933813.8,20641,32624,602,280.0,71.0,2537.0
1783933814.4,20641,32624,602,45.0,70.0,0.0
1783933815.0,20641,32624,602,209.0,70.0,2588.0
1783933815.6,20641,32624,602,317.0,71.0,2613.0
1783933816.2,20641,32624,602,341.0,71.0,2648.0
1783933816.8,20641,32624,602,369.0,71.0,2767.0
1783933817.4,20641,32624,602,245.0,71.0,2684.0
1783933817.9,20641,32624,602,298.0,71.0,2445.0
1783933818.5,20641,32624,602,322.0,71.0,2534.0
1783933819.1,20641,32624,602,338.0,71.0,2593.0
1783933819.7,20641,32624,602,336.0,71.0,2888.0
1783933820.3,20641,32624,602,138.0,71.0,2633.0
1783933820.9,20641,32624,602,320.0,71.0,2621.0
1783933821.5,20641,32624,602,326.0,71.0,2705.0
1783933822.1,20641,32624,602,301.0,71.0,2894.0
1783933822.7,20641,32624,602,219.0,71.0,2698.0
1783933823.3,20641,32624,602,328.0,71.0,2600.0
1783933823.9,20641,32624,602,291.0,71.0,2567.0
1783933824.4,20641,32624,602,335.0,71.0,2633.0
1783933825.0,20641,32624,602,379.0,71.0,2882.0
1783933825.6,20641,32624,602,250.0,71.0,2714.0
1783933826.2,20641,32624,602,295.0,71.0,2557.0
1783933826.8,20641,32624,602,296.0,71.0,2550.0
1783933827.4,20641,32624,602,334.0,71.0,2712.0
1783933828.0,20641,32624,602,249.0,71.0,2719.0
1783933828.6,20641,32624,602,258.0,71.0,2406.0
1783933829.2,20641,32624,602,288.0,71.0,2481.0
1783933829.8,20641,32624,602,344.0,71.0,2727.0
1783933830.3,20641,32624,602,287.0,71.0,2932.0
1783933830.9,20641,32624,602,150.0,71.0,2510.0
1783933831.5,20641,32624,602,313.0,71.0,2569.0
1783933832.1,20641,32624,602,334.0,71.0,2626.0
1783933832.7,20641,32624,602,358.0,71.0,2796.0
1783933833.3,20641,32624,602,338.0,71.0,2856.0
1783933833.9,20641,32624,602,257.0,71.0,2772.0
1783933834.5,20641,32624,602,322.0,71.0,2611.0
1783933835.1,20641,32624,602,341.0,71.0,2675.0
1783933835.7,20641,32624,602,359.0,71.0,2877.0
1783933836.3,20641,32624,602,282.0,71.0,2460.0
1783933836.9,20641,32624,602,299.0,71.0,2547.0
1783933837.5,20641,32624,602,348.0,71.0,2869.0
1783933838.1,20641,32624,602,351.0,71.0,2593.0
1783933838.6,20641,32624,602,322.0,71.0,2628.0
1783933839.2,20641,32624,602,303.0,71.0,2865.0
1783933839.8,20641,32624,602,325.0,71.0,2524.0
1783933840.4,20645,32624,602,291.0,71.0,2549.0
1783933841.0,20645,32624,602,303.0,71.0,2863.0
1783933841.6,20645,32624,602,236.0,70.0,2814.0
1783933842.2,20645,32624,602,266.0,71.0,2507.0
1783933842.8,20645,32624,602,284.0,71.0,2555.0
1783933843.4,20645,32624,602,333.0,71.0,2614.0
1783933844.0,20645,32624,602,351.0,71.0,2762.0
1783933844.6,20645,32624,602,253.0,71.0,2746.0
1783933845.2,20645,32624,602,324.0,71.0,2515.0
1783933845.7,20645,32624,602,321.0,71.0,2583.0
1783933846.3,20645,32624,602,307.0,71.0,2635.0
1783933846.9,20645,32624,602,363.0,71.0,2781.0
1783933847.5,20645,32624,602,256.0,71.0,2780.0
1783933848.1,20645,32624,602,251.0,71.0,2458.0
1783933848.7,20645,32624,602,298.0,71.0,2598.0
1783933849.3,20645,32624,602,326.0,71.0,2716.0
1783933849.9,20645,32624,602,314.0,71.0,2907.0
1783933850.5,20645,32624,602,193.0,71.0,2514.0
1783933851.1,20645,32624,602,293.0,71.0,2555.0
1783933851.7,20645,32624,602,318.0,71.0,2638.0
1783933852.3,20645,32624,602,297.0,71.0,2855.0
1783933852.9,20645,32624,602,149.0,71.0,2569.0
1783933853.5,20645,32624,602,294.0,71.0,2597.0
1783933854.0,20645,32624,602,325.0,71.0,2605.0
1783933854.6,20645,32624,602,290.0,71.0,2928.0
1783933855.2,20645,32624,602,219.0,71.0,2528.0
1783933855.8,20645,32624,602,314.0,71.0,2587.0
1783933856.4,20645,32624,602,345.0,71.0,2667.0
1783933857.0,20645,32624,602,297.0,71.0,2924.0
1783933857.6,20645,32624,602,304.0,71.0,2491.0
1783933858.2,20645,32624,602,312.0,71.0,2677.0
1783933858.8,20645,32624,602,270.0,72.0,2853.0
1783933859.4,20645,32624,602,293.0,71.0,2553.0
1783933860.0,20645,32624,602,315.0,71.0,2644.0
1783933860.6,20645,32624,602,339.0,71.0,2732.0
1783933861.2,20645,32624,602,252.0,71.0,2667.0
1783933861.8,20645,32624,602,319.0,71.0,2605.0
1783933862.3,20645,32624,602,298.0,71.0,2563.0
1783933862.9,20645,32624,602,351.0,71.0,2760.0
1783933863.5,20645,32624,602,254.0,71.0,2699.0
1783933864.1,20645,32624,602,353.0,71.0,2576.0
1783933864.7,20645,32624,602,343.0,71.0,2653.0
1783933865.3,20645,32624,602,343.0,71.0,2733.0
1783933865.9,20645,32624,602,258.0,71.0,2793.0
1783933866.5,20645,32624,602,280.0,71.0,2554.0
1783933867.1,20645,32624,602,299.0,71.0,2645.0
1783933867.7,20645,32624,602,333.0,71.0,2692.0
1783933868.3,20645,32624,602,253.0,71.0,2782.0
1783933868.9,20645,32624,602,294.0,71.0,2530.0
1783933869.5,20645,32624,602,317.0,71.0,2576.0
1783933870.1,20645,32624,602,322.0,71.0,2866.0
1783933870.7,20645,32624,602,202.0,71.0,2671.0
1783933871.2,20645,32624,602,327.0,71.0,2620.0
1783933871.8,20645,32624,602,336.0,71.0,2704.0
1783933872.4,20645,32624,602,269.0,71.0,2780.0
1783933873.0,20645,32624,602,304.0,71.0,2550.0
1783933873.6,20645,32624,602,287.0,71.0,2573.0
1783933874.2,20645,32624,602,359.0,71.0,2765.0
1783933874.8,20645,32624,602,243.0,71.0,2702.0
1783933875.4,20645,32624,602,303.0,71.0,2543.0
1783933876.0,20645,32624,602,334.0,71.0,2747.0
1783933876.6,20645,32624,602,259.0,71.0,2804.0
1783933877.2,20645,32624,602,295.0,71.0,2565.0
1783933877.8,20645,32624,602,327.0,71.0,2638.0
1783933878.4,20645,32624,602,320.0,71.0,2592.0
1783933879.0,20645,32624,602,281.0,71.0,2857.0
1783933879.6,20645,32624,602,309.0,71.0,2507.0
1783933880.2,20645,32624,602,352.0,71.0,2792.0
1783933880.7,20645,32624,602,109.0,71.0,2612.0
1783933881.3,20645,32624,602,295.0,71.0,2529.0
1783933881.9,20645,32624,602,362.0,71.0,2749.0
1783933882.5,20645,32624,602,306.0,71.0,2587.0
1783933883.1,20645,32624,602,342.0,72.0,2664.0
1783933883.7,20645,32624,602,305.0,71.0,2920.0
1783933884.3,20645,32624,602,278.0,71.0,2564.0
1783933884.9,20645,32624,602,320.0,71.0,2616.0
1783933885.5,20645,32624,602,339.0,72.0,2906.0
1783933886.1,20645,32624,602,329.0,71.0,2542.0
1783933886.7,20645,32624,602,298.0,71.0,2660.0
1783933887.3,20645,32624,602,271.0,71.0,2866.0
1783933887.9,20645,32624,602,302.0,71.0,2634.0
1783933888.5,20645,32624,602,353.0,71.0,2734.0
1783933889.0,20645,32624,602,285.0,71.0,2905.0
1783933889.6,20645,32624,602,327.0,71.0,2613.0
1783933890.2,20645,32624,602,309.0,71.0,2589.0
1783933890.8,20645,32624,602,279.0,71.0,2817.0
1783933891.4,20645,32624,602,320.0,71.0,2585.0
1783933892.0,20645,32624,602,329.0,71.0,2668.0
1783933892.6,20645,32624,602,361.0,71.0,2811.0
1783933893.2,20645,32624,602,217.0,71.0,2524.0
1783933893.8,20645,32624,602,330.0,71.0,2647.0
1783933894.4,20645,32624,602,255.0,71.0,2791.0
1783933895.0,20645,32624,602,317.0,71.0,2614.0
1783933895.6,20645,32624,602,320.0,71.0,2656.0
1783933896.2,20645,32624,602,206.0,71.0,2828.0
1783933896.8,20645,32624,602,304.0,71.0,2528.0
1783933897.4,20645,32624,602,269.0,71.0,2860.0
1783933897.9,20645,32624,602,322.0,71.0,2641.0
1783933898.5,20645,32624,602,345.0,71.0,2709.0
1783933899.1,20645,32624,602,327.0,71.0,2460.0
1783933899.7,20645,32624,602,325.0,71.0,2716.0
1783933900.3,20645,32624,602,146.0,71.0,2570.0
1783933900.9,20645,32624,602,311.0,71.0,2597.0
1783933901.5,20645,32624,602,279.0,71.0,2913.0
1783933902.1,20645,32624,602,308.0,71.0,2622.0
1783933902.7,20645,32624,602,332.0,71.0,2894.0
1783933903.3,20645,32624,602,297.0,71.0,2570.0
1783933903.9,20645,32624,602,70.0,70.0,3099.0
1783933904.5,20645,32624,602,357.0,70.0,2666.0
1783933905.1,20645,32624,602,280.0,71.0,2519.0
1783933905.6,20645,32624,602,298.0,71.0,2612.0
1783933906.2,20645,32624,602,356.0,71.0,2757.0
1783933906.8,20645,32624,602,188.0,71.0,2622.0
1783933907.4,20645,32624,602,286.0,71.0,2588.0
1783933908.0,20645,32624,602,322.0,71.0,2645.0
1783933908.6,20645,32624,602,327.0,71.0,2687.0
1783933909.2,20645,32624,602,300.0,71.0,2775.0
1783933909.8,20645,32624,602,303.0,71.0,2488.0
1783933910.4,20645,32624,602,306.0,71.0,2648.0
1783933911.0,20645,32624,602,341.0,71.0,2651.0
1783933911.6,20645,32624,602,307.0,71.0,2786.0
1783933912.2,20645,32624,602,184.0,71.0,2598.0
1783933912.8,20645,32624,602,309.0,71.0,2643.0
1783933913.3,20645,32624,602,327.0,71.0,2688.0
1783933913.9,20645,32624,602,293.0,71.0,2823.0
1783933914.5,20645,32624,602,212.0,71.0,2555.0
1783933915.1,20645,32624,602,298.0,71.0,2506.0
1783933915.7,20645,32624,602,333.0,71.0,2552.0
1783933916.3,20645,32624,602,355.0,71.0,2770.0
1783933916.9,20645,32624,602,245.0,71.0,2800.0
1783933917.5,20645,32624,602,298.0,71.0,2540.0
1783933918.1,20645,32624,602,332.0,71.0,2623.0
1783933918.7,20645,32624,602,321.0,71.0,2866.0
1783933919.3,20645,32624,602,164.0,71.0,2522.0
1783933919.9,20645,32624,602,326.0,71.0,2644.0
1783933920.4,20645,32624,602,322.0,71.0,2694.0
1783933921.0,20645,32624,602,307.0,71.0,2951.0
1783933921.6,20645,32624,602,305.0,71.0,2550.0
1783933922.2,20645,32624,602,298.0,71.0,2559.0
1783933922.8,20645,32624,602,332.0,71.0,2705.0
1783933923.4,20645,32624,602,248.0,71.0,2781.0
1783933924.0,20645,32624,602,257.0,71.0,2485.0
1783933924.6,20645,32624,602,319.0,71.0,2688.0
1783933925.2,20645,32624,602,349.0,71.0,2760.0
1783933925.8,20645,32624,602,294.0,71.0,2906.0
1783933926.4,20645,32624,602,337.0,71.0,2647.0
1783933927.0,20645,32624,602,304.0,71.0,2645.0
1783933927.6,20645,32624,602,335.0,71.0,2756.0
1783933928.2,20645,32624,602,266.0,71.0,2815.0
1783933928.8,20645,32624,602,296.0,71.0,2514.0
1783933929.4,20645,32624,602,308.0,71.0,2577.0
1783933930.0,20645,32624,602,279.0,71.0,2870.0
1783933930.5,20645,32624,602,310.0,71.0,2532.0
1783933931.1,20645,32624,602,356.0,71.0,2693.0
1783933931.7,20645,32624,602,247.0,71.0,2708.0
1783933932.3,20645,32624,602,273.0,71.0,2529.0
1783933932.9,20645,32624,602,43.0,70.0,0.0
1783933933.5,20645,32624,602,277.0,70.0,2893.0
1783933934.1,20645,32624,602,271.0,71.0,2749.0
1783933934.7,20645,32624,602,297.0,71.0,2494.0
1783933935.3,20645,32624,602,303.0,71.0,2603.0
1783933935.9,20645,32624,602,357.0,71.0,2753.0
1783933936.5,20645,32624,602,295.0,72.0,2927.0
1783933937.1,20645,32624,602,253.0,71.0,2748.0
1783933937.7,20645,32624,602,325.0,71.0,2498.0
1783933938.2,20645,32624,602,319.0,71.0,2538.0
1783933938.8,20645,32624,602,334.0,71.0,2639.0
1783933939.4,20645,32624,602,265.0,72.0,2801.0
1783933940.0,20645,32624,602,197.0,72.0,2638.0
1783933940.6,20645,32624,602,340.0,71.0,2561.0
1783933941.2,20645,32624,602,336.0,71.0,2601.0
1783933941.8,20645,32624,602,316.0,71.0,2590.0
1783933942.4,20645,32624,602,330.0,71.0,2614.0
1783933943.0,20645,32624,602,349.0,72.0,2876.0
1783933943.6,20645,32624,602,205.0,71.0,2523.0
1783933944.2,20645,32624,602,304.0,71.0,2539.0
1783933944.8,20645,32624,602,329.0,71.0,2623.0
1783933945.4,20645,32624,602,371.0,71.0,2783.0
1783933946.0,20645,32624,602,276.0,71.0,2859.0
1783933946.6,20645,32624,602,218.0,71.0,2633.0
1783933947.1,20645,32624,602,306.0,71.0,2570.0
1783933947.7,20645,32624,602,306.0,71.0,2565.0
1783933948.3,20645,32624,602,342.0,71.0,2742.0
1783933948.9,20645,32624,602,280.0,72.0,2926.0
1783933949.5,20645,32624,602,328.0,71.0,2423.0
1783933950.1,20645,32624,602,265.0,71.0,2508.0
1783933950.7,20645,32624,602,348.0,71.0,2737.0
1783933951.3,20645,32624,602,218.0,72.0,2607.0
1783933951.9,20645,32624,602,304.0,71.0,2516.0
1783933952.5,20645,32624,602,340.0,72.0,2636.0
1783933953.1,20645,32624,602,299.0,71.0,2578.0
1783933953.7,20645,32624,602,356.0,71.0,2782.0
1783933954.3,20645,32624,602,249.0,72.0,2650.0
1783933954.9,20645,32624,602,295.0,71.0,2542.0
1783933955.4,20645,32624,602,362.0,72.0,2735.0
1783933956.0,20645,32624,602,242.0,71.0,2762.0
1783933956.6,20645,32624,602,322.0,71.0,2478.0
1783933957.2,20645,32624,602,303.0,71.0,2564.0
1783933957.8,20645,32624,602,391.0,71.0,2840.0
1783933958.4,20645,32624,602,274.0,72.0,2899.0
1783933959.0,20645,32624,602,301.0,71.0,2518.0
1783933959.6,20645,32624,602,54.0,72.0,46.0
1783933960.2,20645,32624,602,215.0,70.0,2261.0
1783933960.8,20645,32624,602,323.0,71.0,2811.0
1783933961.4,20645,32624,602,253.0,71.0,2829.0
1783933962.0,20645,32624,602,320.0,71.0,2433.0
1783933962.6,20645,32624,602,301.0,71.0,2601.0
1783933963.2,20645,32624,602,335.0,71.0,2667.0
1783933963.8,20645,32624,602,353.0,71.0,2773.0
1783933964.4,20645,32624,602,361.0,71.0,2869.0
1783933965.0,20645,32624,602,341.0,71.0,2783.0
1783933965.6,20645,32624,602,293.0,71.0,2883.0
1783933966.2,20645,32624,602,340.0,71.0,2497.0
1783933966.7,20645,32624,602,277.0,71.0,2611.0
1783933967.3,20645,32624,602,335.0,71.0,2641.0
1783933967.9,20645,32624,602,276.0,71.0,2927.0
1783933968.5,20645,32624,602,141.0,71.0,2574.0
1783933969.1,20645,32624,602,311.0,71.0,2601.0
1783933969.7,20645,32624,602,311.0,71.0,2662.0
1783933970.3,20645,32624,602,340.0,71.0,2928.0
1783933970.9,20645,32624,602,258.0,71.0,2691.0
1783933971.5,20645,32624,602,309.0,71.0,2506.0
1783933972.1,20645,32624,602,303.0,71.0,2615.0
1783933972.7,20645,32624,602,326.0,71.0,2625.0
1783933973.3,20645,32624,602,336.0,71.0,2749.0
1783933973.9,20645,32624,602,269.0,71.0,2833.0
1783933974.4,20645,32624,602,329.0,71.0,2476.0
1783933975.0,20645,32624,602,329.0,71.0,2607.0
1783933975.6,20645,32624,602,350.0,71.0,2773.0
1783933976.2,20645,32624,602,266.0,71.0,2830.0
1783933976.8,20645,32624,602,322.0,71.0,2500.0
1783933977.4,20645,32624,602,319.0,71.0,2623.0
1783933978.0,20645,32624,602,354.0,71.0,2750.0
1783933978.6,20645,32624,602,328.0,71.0,2865.0
1783933979.2,20645,32624,602,194.0,71.0,2718.0
1783933979.8,20645,32624,602,295.0,71.0,2522.0
1783933980.4,20645,32624,602,331.0,71.0,2586.0
1783933981.0,20645,32624,602,275.0,71.0,2905.0
1783933981.6,20645,32624,602,166.0,71.0,2596.0
1783933982.2,20645,32624,602,213.0,71.0,2412.0
1783933982.8,20645,32624,602,287.0,72.0,2610.0
1783933983.4,20645,32624,602,320.0,71.0,2658.0
1783933984.0,20645,32624,602,354.0,71.0,2776.0
1783933984.6,20645,32624,602,268.0,71.0,2853.0
1783933985.2,20645,32624,602,341.0,72.0,2608.0
1783933985.8,20645,32624,602,303.0,71.0,2545.0
1783933986.3,20645,32624,602,372.0,72.0,2798.0
1783933986.9,20645,32624,602,322.0,71.0,2558.0
1783933987.5,20645,32624,602,323.0,71.0,2591.0
1783933988.1,20645,32624,602,368.0,71.0,2779.0
1783933988.7,20645,32624,602,314.0,72.0,2522.0
1783933989.3,20645,32624,602,299.0,72.0,2505.0
1783933989.9,20645,32624,602,333.0,71.0,2723.0
1783933990.5,20645,32624,602,271.0,72.0,2848.0
1783933991.1,20645,32624,602,298.0,71.0,2531.0
1783933991.7,20645,32624,602,342.0,71.0,2664.0
1783933992.3,20645,32624,602,278.0,72.0,2908.0
1783933992.9,20645,32624,602,310.0,72.0,2572.0
1783933993.5,20645,32624,602,337.0,72.0,2604.0
1783933994.1,20645,32624,602,288.0,72.0,2921.0
1783933994.7,20645,32624,602,284.0,72.0,2543.0
1783933995.2,20645,32624,602,308.0,72.0,2643.0
1783933995.8,20618,32624,600,225.0,70.0,2601.0
1783933996.4,20620,32624,600,284.0,71.0,2834.0
1783933997.0,20620,32624,600,328.0,71.0,2544.0
1783933997.6,20620,32624,600,299.0,71.0,2660.0
1783933998.2,20620,32624,600,318.0,71.0,2648.0
1783933998.8,20620,32624,600,354.0,71.0,2771.0
1783933999.4,20620,32624,600,264.0,71.0,2746.0
1783934000.0,20620,32624,600,238.0,71.0,2748.0
1783934000.6,20620,32624,600,296.0,71.0,2508.0
1783934001.2,20620,32624,600,287.0,71.0,2593.0
1783934001.8,20620,32624,600,304.0,71.0,2633.0
1783934002.4,20620,32624,600,378.0,71.0,2794.0
1783934003.0,20616,32624,600,242.0,72.0,2665.0
1783934003.6,20616,32624,600,303.0,71.0,2540.0
1783934004.1,20616,32624,600,318.0,71.0,2624.0
1783934004.8,20616,32624,600,286.0,71.0,2468.0
1783934005.3,20616,32624,600,365.0,72.0,2787.0
1783934005.9,20616,32624,600,266.0,71.0,2869.0
1783934006.5,20616,32624,600,325.0,71.0,2524.0
1783934007.1,20616,32624,600,324.0,71.0,2550.0
1783934007.7,20616,32624,600,289.0,71.0,2596.0
1783934008.3,20616,32624,600,339.0,71.0,2691.0
1783934008.9,20616,32624,600,274.0,71.0,2887.0
1783934009.5,20616,32624,600,321.0,71.0,2488.0
1783934010.1,20616,32624,600,298.0,71.0,2513.0
1783934010.7,20616,32624,600,362.0,71.0,2758.0
1783934011.3,20616,32624,600,340.0,72.0,2737.0
1783934011.9,20616,32624,600,277.0,71.0,2927.0
1783934012.5,20616,32624,600,323.0,71.0,2595.0
1783934013.1,20616,32624,600,303.0,72.0,2592.0
1783934013.7,20616,32624,600,320.0,71.0,2695.0
1783934014.3,20616,32624,600,279.0,72.0,2848.0
1783934014.8,20616,32624,600,197.0,71.0,2681.0
1783934015.4,20616,32624,600,301.0,72.0,2486.0
1783934016.0,20616,32624,600,326.0,72.0,2673.0
1783934016.6,20616,32624,600,328.0,72.0,2963.0
1783934017.2,20616,32624,600,248.0,72.0,2750.0
1783934017.8,20616,32624,600,302.0,72.0,2548.0
1783934018.4,20616,32624,600,319.0,71.0,2678.0
1783934019.0,20616,32624,600,371.0,71.0,2780.0
1783934019.6,20616,32624,600,214.0,71.0,2465.0
1783934020.2,20616,32624,600,308.0,72.0,2553.0
1783934020.8,20616,32624,600,297.0,71.0,2636.0
1783934021.4,20616,32624,600,322.0,71.0,2766.0
1783934022.0,20616,32624,600,283.0,72.0,2934.0
1783934022.6,20616,32624,600,308.0,71.0,2456.0
1783934023.2,20616,32624,600,308.0,72.0,2642.0
1783934023.7,20616,32624,600,377.0,72.0,2795.0
1783934024.3,20616,32624,600,263.0,72.0,2758.0
1783934024.9,20616,32624,600,297.0,72.0,2508.0
1783934025.5,20616,32624,600,330.0,72.0,2613.0
1783934026.1,20616,32624,600,284.0,72.0,2967.0
1783934026.7,20616,32624,600,313.0,72.0,2531.0
1783934027.3,20616,32624,600,306.0,72.0,2616.0
1783934027.9,20616,32624,600,334.0,71.0,2686.0
1783934028.5,20616,32624,600,333.0,71.0,2638.0
1783934029.1,20616,32624,600,366.0,72.0,2962.0
1783934029.7,20616,32624,600,320.0,72.0,2541.0
1783934030.3,20616,32624,600,329.0,71.0,2623.0
1783934030.9,20616,32624,600,339.0,72.0,2717.0
1783934031.5,20616,32624,600,256.0,72.0,2716.0
1783934032.1,20616,32624,600,295.0,71.0,2564.0
1783934032.7,20616,32624,600,334.0,71.0,2661.0
1783934033.3,20616,32624,600,252.0,72.0,2820.0
1783934033.9,20616,32624,600,54.0,70.0,46.0
1783934034.4,20616,32624,600,298.0,71.0,2617.0
1783934035.0,20616,32624,600,347.0,71.0,2722.0
1783934035.6,20616,32624,600,303.0,71.0,2898.0
1783934036.2,20616,32624,600,256.0,71.0,2798.0
1783934036.8,20616,32624,600,195.0,71.0,2451.0
1783934037.4,20616,32624,600,301.0,71.0,2495.0
1783934038.0,20616,32624,600,305.0,71.0,2598.0
1783934038.6,20610,32624,598,336.0,71.0,2622.0
1783934039.2,20610,32624,598,344.0,71.0,2752.0
1783934039.8,20610,32624,598,291.0,71.0,2914.0
1783934040.4,20610,32624,598,260.0,71.0,2795.0
1783934041.0,20610,32624,598,302.0,71.0,2575.0
1783934041.5,20610,32624,598,350.0,71.0,2616.0
1783934042.1,20610,32624,598,318.0,71.0,2629.0
1783934042.7,20610,32624,598,319.0,72.0,2811.0
1783934043.3,20610,32624,598,206.0,71.0,2560.0
1783934043.9,20610,32624,598,305.0,71.0,2548.0
1783934044.5,20610,32624,598,305.0,72.0,2607.0
1783934045.1,20610,32624,598,359.0,71.0,2814.0
1783934045.7,20610,32624,598,259.0,71.0,2703.0
1783934046.3,20610,32624,598,319.0,71.0,2616.0
1783934046.9,20610,32624,598,292.0,71.0,2603.0
1783934047.5,20610,32624,598,316.0,72.0,2649.0
1783934048.1,20610,32624,598,289.0,72.0,2868.0
1783934048.7,20610,32624,598,166.0,71.0,2546.0
1783934049.2,20610,32624,598,317.0,71.0,2548.0
1783934049.8,20610,32624,598,339.0,72.0,2717.0
1783934050.4,20610,32624,598,286.0,72.0,2865.0
1783934051.0,20610,32624,598,299.0,71.0,2509.0
1783934051.6,20610,32624,598,332.0,71.0,2582.0
1783934052.2,20610,32624,598,323.0,72.0,2687.0
1783934052.8,20610,32624,598,262.0,72.0,2841.0
1783934053.4,20610,32624,598,162.0,71.0,2528.0
1783934054.0,20623,32624,600,287.0,71.0,2531.0
1783934054.6,20623,32624,600,345.0,72.0,2742.0
1783934055.2,20623,32624,600,196.0,72.0,2498.0
1783934055.8,20623,32624,600,294.0,72.0,2591.0
1783934056.4,20623,32624,600,315.0,72.0,2615.0
1783934056.9,20623,32624,600,327.0,72.0,2722.0
1783934057.5,20623,32624,600,276.0,72.0,2818.0
1783934058.1,20623,32624,600,312.0,72.0,2516.0
1783934058.7,20623,32624,600,311.0,72.0,2560.0
1783934059.3,20623,32624,600,340.0,72.0,2850.0
1783934059.9,20623,32624,600,156.0,71.0,2508.0
1783934060.5,20623,32624,600,73.0,71.0,2980.0
1783934061.1,20623,32624,600,245.0,71.0,2769.0
1783934061.7,20623,32624,600,339.0,71.0,2543.0
1783934062.3,20623,32624,600,297.0,71.0,2572.0
1783934062.9,20623,32624,600,353.0,71.0,2724.0
1783934063.5,20623,32624,600,281.0,71.0,2846.0
1783934064.1,20623,32624,600,257.0,71.0,2802.0
1783934064.7,20623,32624,600,197.0,71.0,2598.0
1783934065.2,20623,32624,600,320.0,71.0,2577.0
1783934065.8,20623,32624,600,333.0,71.0,2611.0
1783934066.4,20623,32624,600,294.0,71.0,2605.0
1783934067.0,20623,32624,600,331.0,71.0,2891.0
1783934067.6,20623,32624,600,307.0,71.0,2508.0
1783934068.2,20623,32624,600,319.0,71.0,2549.0
1783934068.8,20623,32624,600,318.0,72.0,2638.0
1783934069.4,20623,32624,600,323.0,72.0,2644.0
1783934070.0,20623,32624,600,330.0,71.0,2920.0
1783934070.6,20623,32624,600,171.0,72.0,2513.0
1783934071.2,20623,32624,600,312.0,71.0,2568.0
1783934071.8,20623,32624,600,341.0,71.0,2597.0
1783934072.3,20623,32624,600,270.0,71.0,2882.0
1783934072.9,20623,32624,600,298.0,71.0,2558.0
1783934073.5,20623,32624,600,318.0,72.0,2643.0
1783934074.1,20623,32624,600,263.0,72.0,2816.0
1783934074.7,20623,32624,600,187.0,72.0,2636.0
1783934075.3,20623,32624,600,322.0,71.0,2581.0
1783934075.9,20623,32624,600,328.0,72.0,2669.0
1783934076.5,20623,32624,600,43.0,70.0,38.0
1783934077.1,20623,32624,600,363.0,71.0,2674.0
1783934077.7,20623,32624,600,310.0,71.0,2522.0
1783934078.3,20623,32624,600,340.0,71.0,2758.0
1783934078.9,20623,32624,600,158.0,71.0,2455.0
1783934079.5,20623,32624,600,297.0,71.0,2629.0
1783934080.1,20623,32624,600,300.0,71.0,2619.0
1783934080.6,20623,32624,600,345.0,71.0,2721.0
1783934081.2,20623,32624,600,311.0,71.0,2793.0
1783934081.8,20623,32624,600,205.0,71.0,2574.0
1783934082.4,20623,32624,600,301.0,71.0,2552.0
1783934083.0,20623,32624,600,324.0,71.0,2604.0
1783934083.6,20623,32624,600,384.0,72.0,2834.0
1783934084.2,20623,32624,600,275.0,71.0,2795.0
1783934084.8,20623,32624,600,298.0,71.0,2430.0
1783934085.4,20623,32624,600,274.0,71.0,2486.0
1783934086.0,20623,32624,600,321.0,72.0,2691.0
1783934086.6,20623,32624,600,339.0,72.0,2736.0
1783934087.2,20623,32624,600,256.0,72.0,2776.0
1783934087.7,20623,32624,600,202.0,71.0,2554.0
1783934088.3,20623,32624,600,292.0,71.0,2562.0
1783934088.9,20623,32624,600,332.0,71.0,2641.0
1783934089.5,20623,32624,600,317.0,72.0,2780.0
1783934090.1,20623,32624,600,251.0,72.0,2697.0
1783934090.7,20623,32624,600,316.0,71.0,2467.0
1783934091.3,20623,32624,600,331.0,71.0,2611.0
1783934091.9,20623,32624,600,345.0,71.0,2695.0
1783934092.5,20623,32624,600,362.0,72.0,2818.0
1783934093.1,20623,32624,600,258.0,72.0,2769.0
1783934093.7,20623,32624,600,329.0,71.0,2489.0
1783934094.3,20623,32624,600,301.0,71.0,2532.0
1783934094.9,20623,32624,600,340.0,71.0,2628.0
1783934095.4,20623,32624,600,361.0,71.0,2799.0
1783934096.0,20623,32624,600,249.0,72.0,2746.0
1783934096.6,20623,32624,600,314.0,72.0,2528.0
1783934097.2,20623,32624,600,315.0,72.0,2560.0
1783934097.8,20623,32624,600,308.0,72.0,2588.0
1783934098.4,20619,32624,600,375.0,72.0,2792.0
1783934099.0,20619,32624,600,204.0,71.0,2494.0
1783934099.6,20619,32624,600,289.0,72.0,2580.0
1783934100.2,20619,32624,600,321.0,71.0,2536.0
1783934100.8,20619,32624,600,345.0,71.0,2676.0
1783934101.4,20619,32624,600,334.0,72.0,2790.0
1783934102.0,20619,32624,600,265.0,71.0,2732.0
1783934102.6,20619,32624,600,312.0,72.0,2476.0
1783934103.2,20619,32624,600,304.0,72.0,2612.0
1783934103.8,20619,32624,600,348.0,72.0,2881.0
1783934104.4,20619,32624,600,209.0,72.0,2460.0
1783934104.9,20619,32624,600,291.0,72.0,2508.0
1783934105.5,20619,32624,600,332.0,72.0,2664.0
1783934106.1,20619,32624,600,257.0,72.0,3035.0
1783934106.7,20619,32624,600,189.0,72.0,2488.0
1783934107.3,20619,32624,600,315.0,71.0,2559.0
1783934107.9,20619,32624,600,330.0,72.0,2569.0
1783934108.5,20619,32624,600,360.0,72.0,2715.0
1783934109.1,20619,32624,600,244.0,72.0,2759.0
1783934109.7,20619,32624,600,309.0,72.0,2588.0
1783934110.3,20619,32624,600,343.0,72.0,2692.0
1783934110.9,20619,32624,600,259.0,72.0,2790.0
1783934111.5,20619,32624,600,201.0,72.0,2538.0
1783934112.1,20619,32624,600,303.0,71.0,2513.0
1783934112.7,20619,32624,600,332.0,71.0,2649.0
1783934113.3,20619,32624,600,369.0,72.0,2758.0
1783934113.8,20619,32624,600,266.0,71.0,2442.0
1783934114.4,20619,32624,600,302.0,72.0,2599.0
1783934115.0,20619,32624,600,336.0,72.0,2800.0
1783934115.6,20619,32624,600,264.0,72.0,2495.0
1783934116.2,20619,32624,600,305.0,72.0,2652.0
1783934116.8,20619,32624,600,268.0,71.0,2813.0
1783934117.4,20619,32624,600,297.0,72.0,2463.0
1783934118.0,20619,32624,600,330.0,72.0,2686.0
1783934118.6,20619,32624,600,243.0,72.0,2756.0
1783934119.2,20619,32624,600,323.0,72.0,2600.0
1783934119.8,20630,32624,604,299.0,71.0,2625.0
1783934120.4,20630,32624,604,238.0,72.0,2757.0
1783934121.0,20652,32624,621,293.0,72.0,2528.0
1783934121.6,20652,32624,620,342.0,72.0,2607.0
1783934122.2,20650,32624,608,255.0,72.0,2722.0
1783934122.8,20649,32624,600,285.0,72.0,2556.0
1783934123.3,20649,32624,600,325.0,72.0,2719.0
1783934123.9,20649,32624,600,271.0,71.0,2798.0
1783934124.5,20649,32624,600,290.0,71.0,2539.0
1783934125.1,20649,32624,600,341.0,72.0,2598.0
1783934125.7,20645,32624,600,321.0,71.0,2857.0
1783934126.3,20645,32624,600,319.0,71.0,2615.0
1783934126.9,20645,32624,600,325.0,71.0,2677.0
1783934127.5,20645,32624,600,272.0,72.0,2806.0
1783934128.1,20637,32624,600,324.0,71.0,2567.0
1783934128.7,20637,32624,600,359.0,71.0,2682.0
1783934129.3,20637,32624,600,262.0,72.0,2804.0
1783934129.9,20637,32624,600,296.0,72.0,2599.0
1783934130.5,20637,32624,600,349.0,71.0,2743.0
1783934131.1,20637,32624,600,274.0,72.0,2797.0
1783934131.7,20637,32624,600,327.0,71.0,2599.0
1783934132.3,20637,32624,600,331.0,71.0,2640.0
1783934132.9,20637,32624,600,276.0,72.0,2970.0
1783934133.5,20637,32624,600,294.0,72.0,2498.0
1783934134.1,20637,32624,600,40.0,70.0,557.0
1783934134.7,20637,32624,600,309.0,71.0,3036.0
1783934135.3,20637,32624,600,221.0,71.0,2541.0
1783934135.9,20637,32624,600,333.0,71.0,2589.0
1783934136.4,20637,32624,600,344.0,71.0,2611.0
1783934137.0,20637,32624,600,367.0,71.0,2773.0
1783934137.6,20637,32624,600,278.0,72.0,2902.0
1783934138.2,20637,32624,600,203.0,71.0,2697.0
1783934138.8,20637,32624,600,321.0,71.0,2608.0
1783934139.4,20637,32624,600,303.0,71.0,2585.0
1783934140.0,20637,32624,600,303.0,71.0,2618.0
1783934140.6,20637,32624,600,319.0,71.0,2570.0
1783934141.2,20637,32624,600,338.0,71.0,2664.0
1783934141.8,20637,32624,600,345.0,71.0,2733.0
1783934142.4,20637,32624,600,301.0,72.0,3010.0
1783934143.0,20637,32624,600,209.0,71.0,2642.0
1783934143.6,20637,32624,600,298.0,71.0,2553.0
1783934144.2,20637,32624,600,334.0,71.0,2519.0
1783934144.8,20637,32624,600,309.0,71.0,2543.0
1783934145.4,20637,32624,600,326.0,71.0,2604.0
1783934146.0,20637,32624,600,329.0,71.0,2634.0
1783934146.5,20637,32624,600,368.0,72.0,2808.0
1783934147.1,20637,32624,600,293.0,71.0,2909.0
1783934147.7,20637,32624,600,261.0,71.0,2767.0
1783934148.3,20637,32624,600,226.0,71.0,2569.0
1783934148.9,20637,32624,600,265.0,71.0,2490.0
1783934149.5,20637,32624,600,318.0,71.0,2639.0
1783934150.1,20637,32624,600,313.0,71.0,2690.0
1783934150.7,20637,32624,600,348.0,71.0,2737.0
1783934151.3,20637,32624,600,260.0,71.0,2818.0
1783934151.9,20637,32624,600,179.0,71.0,2536.0
1783934152.5,20637,32624,600,286.0,71.0,2505.0
1783934153.1,20637,32624,600,316.0,71.0,2603.0
1783934153.7,20637,32624,600,283.0,71.0,2512.0
1783934154.3,20637,32624,600,344.0,71.0,2631.0
1783934154.9,20637,32624,600,342.0,71.0,2710.0
1783934155.4,20637,32624,600,323.0,71.0,2784.0
1783934156.0,20637,32624,600,235.0,71.0,2694.0
1783934156.6,20637,32624,600,272.0,71.0,2520.0
1783934157.2,20637,32624,600,316.0,71.0,2603.0
1783934157.8,20637,32624,600,348.0,71.0,2682.0
1783934158.4,20637,32624,600,318.0,72.0,2737.0
1783934159.0,20637,32624,600,249.0,71.0,2669.0
1783934159.6,20637,32624,600,296.0,72.0,2950.0
1783934160.2,20637,32624,600,296.0,71.0,2604.0
1783934160.8,20637,32624,600,289.0,71.0,2597.0
1783934161.4,20637,32624,600,317.0,71.0,2655.0
1783934162.0,20637,32624,600,358.0,71.0,2829.0
1783934162.6,20637,32624,600,262.0,71.0,2790.0
1783934163.2,20637,32624,600,254.0,71.0,2690.0
1783934163.8,20637,32624,600,331.0,71.0,2582.0
1783934164.4,20637,32624,600,305.0,72.0,2552.0
1783934165.0,20637,32624,600,345.0,71.0,2734.0
1783934165.5,20637,32624,600,272.0,72.0,2852.0
1783934166.1,20637,32624,600,304.0,72.0,2493.0
1783934166.7,20637,32624,600,289.0,72.0,2593.0
1783934167.3,20637,32624,600,330.0,72.0,2644.0
1783934167.9,20637,32624,600,352.0,72.0,2784.0
1783934168.5,20637,32624,600,168.0,71.0,2700.0
1783934169.1,20637,32624,600,277.0,71.0,2522.0
1783934169.7,20637,32624,600,352.0,71.0,2646.0
1783934170.3,20637,32624,600,264.0,72.0,2800.0
1783934170.9,20637,32624,600,282.0,72.0,2538.0
1783934171.5,20637,32624,600,315.0,72.0,2602.0
1783934172.1,20637,32624,600,305.0,72.0,2682.0
1783934172.7,20637,32624,600,254.0,72.0,2774.0
1783934173.3,20637,32624,600,390.0,72.0,2586.0
1783934173.9,20637,32624,600,283.0,71.0,2514.0
1783934174.5,20637,32624,600,351.0,72.0,2651.0
1783934175.1,20637,32624,600,369.0,72.0,2801.0
1783934175.7,20637,32624,600,144.0,72.0,2580.0
1783934176.3,20637,32624,600,288.0,71.0,2606.0
1783934176.8,20637,32624,600,351.0,72.0,2654.0
1783934177.4,20637,32624,600,366.0,72.0,2786.0
1783934178.0,20637,32624,600,275.0,72.0,2870.0
1783934178.6,20637,32624,600,306.0,72.0,2486.0
1783934179.2,20637,32624,600,283.0,72.0,2505.0
1783934179.8,20637,32624,600,339.0,72.0,2709.0
1783934180.4,20637,32624,600,285.0,72.0,2861.0
1783934181.0,20637,32624,600,336.0,72.0,2475.0
1783934181.6,20637,32624,600,343.0,71.0,2761.0
1783934182.2,20637,32624,600,366.0,72.0,2816.0
1783934182.8,20637,32624,600,164.0,72.0,2477.0
1783934183.4,20637,32624,600,290.0,72.0,2523.0
1783934184.0,20637,32624,600,329.0,72.0,2673.0
1783934184.6,20637,32624,600,365.0,72.0,2775.0
1783934185.2,20637,32624,600,248.0,72.0,2743.0
1783934185.8,20637,32624,600,329.0,71.0,2484.0
1783934186.4,20632,32624,602,320.0,71.0,2592.0
1783934187.0,20632,32624,602,358.0,71.0,2787.0
1783934187.6,20632,32624,602,217.0,71.0,2539.0
1783934188.2,20632,32624,602,295.0,72.0,2631.0
1783934188.7,20632,32624,602,273.0,72.0,2862.0
1783934189.3,20632,32624,602,321.0,71.0,2549.0
1783934189.9,20632,32624,602,302.0,71.0,2706.0
1783934190.5,20632,32624,602,266.0,71.0,2781.0
1783934191.1,20632,32624,602,340.0,71.0,2533.0
1783934191.7,20632,32624,602,336.0,72.0,2634.0
1783934192.3,20632,32624,602,274.0,71.0,2900.0
1783934192.9,20632,32624,602,297.0,72.0,2474.0
1783934193.5,20632,32624,602,335.0,71.0,2590.0
1783934194.1,20632,32624,602,263.0,71.0,2818.0
1783934194.7,20632,32624,602,331.0,71.0,2586.0
1783934195.3,20632,32624,602,337.0,71.0,2692.0
1783934195.9,20632,32624,602,282.0,71.0,2889.0
1783934196.5,20632,32624,602,304.0,72.0,2471.0
1783934197.1,20632,32624,602,351.0,72.0,2780.0
1783934197.7,20632,32624,602,190.0,71.0,2577.0
1783934198.2,20632,32624,602,295.0,71.0,2612.0
1783934198.8,20632,32624,602,363.0,71.0,2834.0
1783934199.4,20632,32624,602,132.0,72.0,2443.0
1783934200.0,20632,32624,602,297.0,72.0,2507.0
1783934200.6,20632,32624,602,317.0,71.0,2595.0
1783934201.2,20632,32624,602,335.0,72.0,2908.0
1783934201.8,20632,32624,602,316.0,72.0,2522.0
1783934202.4,20632,32624,602,297.0,72.0,2546.0
1783934203.0,20632,32624,602,368.0,72.0,2854.0
1783934203.6,20632,32624,602,156.0,72.0,2488.0
1783934204.2,20632,32624,602,292.0,72.0,2630.0
1783934204.8,20632,32624,602,362.0,72.0,2816.0
1783934205.4,20632,32624,602,180.0,72.0,2562.0
1783934206.0,20632,32624,602,313.0,72.0,2482.0
1783934206.6,20632,32624,602,313.0,72.0,2664.0
1783934207.2,20632,32624,602,263.0,72.0,2902.0
1783934207.7,20632,32624,602,290.0,71.0,2592.0
1783934208.3,20632,32624,602,308.0,72.0,2594.0
1783934208.9,20632,32624,602,325.0,71.0,2839.0
1783934209.5,20632,32624,602,309.0,71.0,2545.0
1783934210.1,20632,32624,602,336.0,72.0,2711.0
1783934210.7,20632,32624,602,278.0,72.0,2845.0
1783934211.3,20632,32624,602,288.0,71.0,2505.0
1783934211.9,20632,32624,602,369.0,72.0,2808.0
1783934212.5,20632,32624,602,275.0,72.0,2530.0
1783934213.1,20632,32624,602,318.0,72.0,2615.0
1783934213.7,20632,32624,602,277.0,72.0,2862.0
1783934214.3,20632,32624,602,283.0,72.0,2604.0
1783934214.9,20632,32624,602,361.0,72.0,2727.0
1783934215.5,20632,32624,602,289.0,72.0,2550.0
1783934216.1,20632,32624,602,373.0,72.0,2792.0
1783934216.7,20632,32624,602,275.0,72.0,2520.0
1783934217.3,20632,32624,602,328.0,72.0,2648.0
1783934217.8,20632,32624,602,255.0,72.0,2744.0
1783934218.4,20632,32624,602,312.0,72.0,2522.0
1783934219.0,20632,32624,602,347.0,72.0,2852.0
1783934219.6,20632,32624,602,275.0,71.0,2509.0
1783934220.2,20632,32624,602,327.0,71.0,2604.0
1783934220.8,20632,32624,602,300.0,72.0,2867.0
1783934221.4,20632,32624,602,313.0,72.0,2505.0
1783934222.0,20632,32624,602,327.0,72.0,2650.0
1783934222.6,20632,32624,602,141.0,72.0,2581.0
1783934223.2,20632,32624,602,290.0,72.0,2548.0
1783934223.8,20632,32624,602,243.0,72.0,2683.0
1783934224.4,20632,32624,602,302.0,72.0,2492.0
1783934225.0,20632,32624,602,255.0,72.0,2856.0
1783934225.6,20632,32624,602,295.0,72.0,2517.0
1783934226.2,20632,32624,602,367.0,72.0,2825.0
1783934226.7,20632,32624,602,314.0,72.0,2521.0
1783934227.3,20632,32624,602,349.0,72.0,2908.0
1783934227.9,20632,32624,602,314.0,72.0,2477.0
1783934228.5,20632,32624,602,382.0,72.0,2961.0
1783934229.1,20632,32624,602,296.0,72.0,2504.0
1783934229.7,20632,32624,602,324.0,71.0,2919.0
1783934230.3,20632,32624,602,270.0,71.0,2530.0
1783934230.9,20632,32624,602,352.0,72.0,2800.0
1783934231.5,20632,32624,602,309.0,72.0,2563.0
1783934232.1,20632,32624,602,359.0,72.0,2738.0
1783934232.7,20632,32624,602,264.0,72.0,2678.0
1783934233.3,20632,32624,602,280.0,72.0,2505.0
1783934233.9,20633,32624,606,379.0,71.0,2783.0
1783934234.5,20633,32624,606,289.0,72.0,2551.0
1783934235.1,20633,32624,606,95.0,70.0,3304.0
1783934235.7,20628,32624,604,262.0,70.0,2765.0
1783934236.2,20628,32624,604,307.0,71.0,2529.0
1783934236.8,20628,32624,604,324.0,71.0,2634.0
1783934237.4,20628,32624,604,324.0,72.0,2915.0
1783934238.0,20628,32624,604,183.0,71.0,2525.0
1783934238.6,20628,32624,604,314.0,71.0,2495.0
1783934239.2,20628,32624,604,325.0,72.0,2542.0
1783934239.8,20628,32624,604,304.0,71.0,2649.0
1783934240.4,20628,32624,604,365.0,71.0,2776.0
1783934241.0,20628,32624,604,269.0,72.0,2827.0
1783934241.6,20628,32624,604,222.0,71.0,2551.0
1783934242.2,20628,32624,604,315.0,71.0,2622.0
1783934242.8,20628,32624,604,324.0,71.0,2539.0
1783934243.4,20628,32624,604,302.0,71.0,2647.0
1783934244.0,20628,32624,604,368.0,72.0,2800.0
1783934244.5,20628,32624,604,192.0,72.0,2718.0
1783934245.1,20628,32624,604,318.0,71.0,2578.0
1783934245.7,20628,32624,604,327.0,71.0,2548.0
1783934246.3,20628,32624,604,340.0,71.0,2637.0
1783934246.9,20628,32624,604,374.0,71.0,2835.0
1783934247.5,20628,32624,604,295.0,71.0,2824.0
1783934248.1,20628,32624,604,202.0,71.0,2664.0
1783934248.7,20628,32624,604,304.0,71.0,2527.0
1783934249.3,20628,32624,604,302.0,71.0,2605.0
1783934249.9,20628,32624,604,372.0,71.0,2792.0
1783934250.5,20628,32624,604,283.0,71.0,2880.0
1783934251.1,20628,32624,604,183.0,72.0,2516.0
1783934251.7,20628,32624,604,303.0,72.0,2578.0
1783934252.3,20628,32624,604,282.0,71.0,2605.0
1783934252.9,20628,32624,604,321.0,71.0,2686.0
1783934253.5,20628,32624,604,346.0,72.0,2740.0
1783934254.1,20628,32624,604,388.0,72.0,2871.0
1783934254.7,20628,32624,604,216.0,72.0,2552.0
1783934255.3,20628,32624,604,280.0,72.0,2517.0
1783934255.9,20628,32624,604,317.0,72.0,2656.0
1783934256.5,20630,32624,606,366.0,72.0,2797.0
1783934257.1,20630,32624,606,194.0,72.0,2656.0
1783934257.7,20630,32624,606,327.0,72.0,2568.0
1783934258.2,20630,32624,606,319.0,72.0,2886.0
1783934258.8,20630,32624,606,238.0,72.0,2564.0
1783934259.4,20630,32624,606,278.0,72.0,2508.0
1783934260.0,20630,32624,606,350.0,72.0,2768.0
1783934260.6,20630,32624,606,260.0,72.0,2872.0
1783934261.2,20630,32624,606,317.0,72.0,2495.0
1783934261.8,20630,32624,606,293.0,72.0,2566.0
1783934262.4,20630,32624,606,369.0,72.0,2809.0
1783934263.0,20630,32624,606,229.0,72.0,2683.0
1783934263.6,20630,32624,606,281.0,72.0,2496.0
1783934264.2,20630,32624,606,310.0,71.0,2622.0
1783934264.8,20630,32624,606,291.0,72.0,2992.0
1783934265.4,20630,32624,606,304.0,72.0,2594.0
1783934266.0,20630,32624,606,305.0,72.0,2630.0
1783934266.5,20630,32624,606,343.0,72.0,2685.0
1783934267.1,20630,32624,606,257.0,72.0,2773.0
1783934267.7,20630,32624,606,321.0,72.0,2486.0
1783934268.3,20630,32624,606,302.0,72.0,2531.0
1783934268.9,20630,32624,606,349.0,71.0,2774.0
1783934269.5,20630,32624,606,262.0,72.0,2722.0
1783934270.1,20630,32624,606,303.0,72.0,2529.0
1783934270.7,20630,32624,606,394.0,72.0,2858.0
1783934271.3,20630,32624,606,335.0,72.0,2557.0
1783934271.9,20630,32624,606,282.0,72.0,2491.0
1783934272.5,20630,32624,606,339.0,71.0,2753.0
1783934273.1,20630,32624,606,204.0,72.0,2509.0
1783934273.7,20630,32624,606,298.0,71.0,2543.0
1783934274.3,20630,32624,606,350.0,72.0,2659.0
1783934274.8,20630,32624,606,255.0,72.0,2741.0
1783934275.4,20630,32624,606,292.0,71.0,2619.0
1783934276.0,20630,32624,606,289.0,71.0,2543.0
1783934276.6,20630,32624,606,254.0,72.0,2736.0
1783934277.2,20630,32624,606,305.0,72.0,2582.0
1783934277.8,20630,32624,606,340.0,72.0,2739.0
1783934278.4,20630,32624,606,232.0,72.0,2657.0
1783934279.0,20630,32624,606,281.0,72.0,2592.0
1783934279.6,20630,32624,606,369.0,71.0,2839.0
1783934280.2,20630,32624,606,186.0,72.0,2482.0
1783934280.8,20630,32624,606,319.0,72.0,2738.0
1783934281.4,20630,32624,606,266.0,72.0,2815.0
1783934281.9,20630,32624,606,299.0,72.0,2546.0
1783934282.5,20630,32624,606,386.0,71.0,2852.0
1783934283.1,20630,32624,606,312.0,72.0,2598.0
1783934283.7,20630,32624,606,289.0,72.0,2597.0
1783934284.3,20630,32624,606,308.0,72.0,2886.0
1783934284.9,20630,32624,606,304.0,72.0,2530.0
1783934285.5,20630,32624,606,319.0,72.0,2598.0
1783934286.1,20630,32624,606,45.0,72.0,0.0
1783934286.7,732,32624,100,33.0,70.0,0.0
1783934287.3,719,32624,84,15.0,68.0,0.0
1783934287.9,719,32624,84,15.0,68.0,0.0
1783934288.5,719,32624,84,16.0,67.0,0.0
1783934289.1,719,32624,84,16.0,67.0,0.0
1783934289.6,719,32624,84,16.0,66.0,0.0
1783934290.2,719,32624,84,15.0,66.0,0.0
1783934290.8,719,32624,84,15.0,65.0,0.0
1783934291.4,719,32624,84,15.0,65.0,0.0
1783934292.0,719,32624,84,14.0,64.0,0.0
1783934292.6,719,32624,84,15.0,64.0,0.0
1783934293.2,719,32624,84,15.0,64.0,0.0
1783934293.8,719,32624,84,15.0,64.0,0.0
1783934294.4,719,32624,84,15.0,63.0,0.0
1783934295.0,719,32624,84,15.0,63.0,0.0
1783934295.6,719,32624,84,14.0,63.0,0.0
1783934296.2,719,32624,84,14.0,62.0,0.0
1783934296.8,719,32624,84,14.0,62.0,0.0
1783934297.4,719,32624,84,15.0,62.0,0.0
1783934298.0,719,32624,84,14.0,61.0,0.0
1783934298.6,719,32624,84,14.0,61.0,0.0
1783934299.1,719,32624,84,14.0,61.0,0.0
1783934299.7,719,32624,84,14.0,60.0,0.0
1783934300.3,719,32624,84,14.0,60.0,0.0
1783934300.9,719,32624,84,13.0,60.0,0.0
1783934301.5,719,32624,84,14.0,59.0,0.0
1783934302.1,719,32624,84,13.0,59.0,0.0
1783934302.7,719,32624,84,13.0,59.0,0.0
1783934303.3,719,32624,84,14.0,59.0,0.0
1783934303.9,719,32624,84,14.0,58.0,0.0
1783934304.5,719,32624,84,14.0,58.0,0.0
1783934305.1,719,32624,84,12.0,58.0,0.0
1783934305.7,719,32624,84,12.0,58.0,0.0
1783934306.3,719,32624,84,13.0,57.0,0.0
1783934306.9,719,32624,84,12.0,57.0,0.0
1783934307.5,719,32624,84,14.0,57.0,0.0
1783934308.1,719,32624,84,13.0,57.0,0.0
1783934308.6,719,32624,84,14.0,56.0,0.0
1783934309.2,719,32624,84,14.0,56.0,0.0
1783934309.8,719,32624,84,15.0,56.0,0.0
1783934310.4,719,32624,84,13.0,56.0,0.0
1783934311.0,719,32624,84,13.0,56.0,0.0
1783934311.6,719,32624,84,13.0,55.0,0.0
1783934312.2,719,32624,84,13.0,55.0,0.0
1783934312.8,719,32624,84,12.0,55.0,0.0
1783934313.4,719,32624,84,13.0,55.0,0.0
1783934314.0,719,32624,84,13.0,55.0,0.0
1783934314.6,719,32624,84,13.0,54.0,0.0
1783934315.2,719,32624,84,12.0,54.0,0.0
1783934315.8,719,32624,84,12.0,54.0,0.0
1783934316.4,719,32624,84,13.0,53.0,0.0
1783934316.9,719,32624,84,12.0,54.0,0.0
1783934317.5,719,32624,84,14.0,53.0,0.0
1783934318.1,719,32624,84,14.0,53.0,0.0
1783934318.7,719,32624,84,11.0,53.0,0.0
1783934319.3,719,32624,84,11.0,53.0,0.0
1783934319.9,719,32624,84,12.0,53.0,0.0
1783934320.5,719,32624,84,13.0,52.0,0.0
1783934321.1,719,32624,84,12.0,52.0,0.0
1783934321.7,719,32624,84,12.0,52.0,0.0
1783934322.3,719,32624,84,12.0,52.0,0.0
1783934322.9,719,32624,84,12.0,52.0,0.0
1783934323.5,719,32624,84,11.0,52.0,0.0
1783934324.1,719,32624,84,11.0,52.0,0.0
1783934324.6,719,32624,84,12.0,52.0,0.0
1783934325.2,719,32624,84,12.0,51.0,0.0
1783934325.8,719,32624,84,14.0,51.0,0.0
1783934326.4,719,32624,84,13.0,51.0,0.0
1783934327.0,719,32624,84,13.0,51.0,0.0
1783934327.6,719,32624,84,12.0,51.0,0.0
1783934328.2,719,32624,84,11.0,51.0,0.0
1783934328.8,719,32624,84,12.0,50.0,0.0
1783934329.4,719,32624,84,11.0,50.0,0.0
1783934330.0,719,32624,84,12.0,50.0,0.0
1783934330.6,719,32624,84,12.0,50.0,0.0
1783934331.2,719,32624,84,11.0,50.0,0.0
1783934331.8,719,32624,84,12.0,50.0,0.0
1783934332.4,719,32624,84,12.0,50.0,0.0
1783934333.0,719,32624,84,11.0,49.0,0.0
1783934333.6,719,32624,84,13.0,49.0,0.0
1783934334.2,719,32624,84,13.0,49.0,0.0
1783934334.7,719,32624,84,12.0,49.0,0.0
1783934335.3,719,32624,84,11.0,49.0,0.0
1783934335.9,719,32624,84,11.0,49.0,0.0
1783934336.5,719,32624,84,11.0,49.0,0.0
1783934337.1,719,32624,84,11.0,49.0,0.0
1783934337.7,719,32624,84,12.0,49.0,0.0
1783934338.3,719,32624,84,12.0,49.0,0.0
1783934338.9,719,32624,84,11.0,48.0,0.0
1783934339.5,719,32624,84,12.0,48.0,0.0
1783934340.1,719,32624,84,15.0,48.0,0.0
1783934340.7,719,32624,84,13.0,48.0,0.0
1783934341.3,719,32624,84,11.0,48.0,0.0
1783934341.9,719,32624,84,13.0,48.0,0.0
1783934342.5,719,32624,84,12.0,48.0,0.0
1783934343.1,719,32624,84,11.0,48.0,0.0
1783934343.6,719,32624,84,12.0,48.0,0.0
1783934344.2,719,32624,84,10.0,48.0,0.0
1783934344.8,719,32624,84,11.0,48.0,0.0
1783934345.4,719,32624,84,20.0,47.0,1249.0
1783934346.0,719,32624,84,12.0,47.0,0.0
1783934346.6,715,32624,84,12.0,47.0,0.0
1783934347.2,715,32624,84,13.0,47.0,0.0
1783934347.8,715,32624,84,11.0,47.0,0.0
1783934348.4,715,32624,84,10.0,47.0,0.0
1783934349.0,715,32624,84,12.0,47.0,0.0
1783934349.6,715,32624,84,12.0,47.0,0.0
1783934350.2,715,32624,84,13.0,47.0,0.0
1783934350.8,715,32624,84,11.0,46.0,0.0
1783934351.4,715,32624,84,13.0,47.0,0.0
1783934352.0,715,32624,84,12.0,47.0,0.0
1783934352.5,715,32624,84,11.0,46.0,0.0
1783934353.1,715,32624,84,10.0,46.0,0.0
1783934353.7,715,32624,84,12.0,46.0,0.0
1783934354.3,734,32624,87,32.0,47.0,1446.0
1783934354.9,860,32624,111,28.0,47.0,88.0
1783934355.5,860,32624,87,27.0,47.0,6.0
1783934356.1,862,32624,77,11.0,46.0,0.0
1783934356.7,848,32624,89,22.0,46.0,0.0
1783934357.3,848,32624,89,17.0,46.0,40.0
1783934357.9,846,32624,79,12.0,46.0,0.0
1783934358.5,851,32624,77,11.0,46.0,0.0
1783934359.1,855,32624,77,11.0,46.0,0.0
1783934359.7,825,32624,95,23.0,46.0,0.0
1783934360.4,766,32624,85,34.0,46.0,112.0
1783934361.0,766,32624,85,11.0,46.0,0.0
1783934361.6,764,32624,81,19.0,46.0,1810.0
1783934362.2,764,32624,81,12.0,45.0,0.0
1783934362.8,762,32624,83,23.0,46.0,0.0
1783934363.4,762,32624,81,11.0,45.0,0.0
1783934364.0,757,32624,77,11.0,45.0,0.0
1783934364.6,755,32624,77,24.0,46.0,0.0
1783934365.2,750,32624,77,11.0,45.0,0.0
1783934365.7,750,32624,77,12.0,45.0,0.0
1783934366.3,750,32624,77,11.0,45.0,0.0
1783934366.9,749,32624,77,10.0,45.0,0.0
1783934367.5,738,32624,77,23.0,46.0,0.0
1783934368.1,738,32624,77,11.0,45.0,0.0
1783934368.7,726,32624,77,23.0,45.0,0.0
1783934369.3,726,32624,77,12.0,45.0,0.0
1783934369.9,726,32624,77,11.0,45.0,0.0
1783934370.5,726,32624,77,11.0,45.0,0.0
1783934371.1,726,32624,77,11.0,45.0,0.0
1783934371.7,726,32624,77,12.0,45.0,0.0
1783934372.3,726,32624,77,12.0,45.0,0.0
1783934372.9,726,32624,77,14.0,45.0,277.0
1783934373.5,726,32624,77,10.0,45.0,0.0
1783934374.1,726,32624,77,12.0,45.0,0.0
1783934374.7,726,32624,77,23.0,45.0,0.0
1783934375.3,726,32624,77,12.0,45.0,0.0
1783934375.9,726,32624,77,11.0,45.0,0.0
1783934376.5,726,32624,77,15.0,45.0,0.0
1783934377.1,726,32624,77,11.0,45.0,0.0
1783934377.7,726,32624,77,12.0,45.0,0.0
1783934378.3,726,32624,77,11.0,45.0,0.0
1783934378.9,726,32624,77,11.0,45.0,0.0
1783934379.5,726,32624,77,13.0,45.0,0.0
1783934380.1,726,32624,77,12.0,45.0,0.0
1783934380.7,726,32624,77,11.0,45.0,0.0
1783934381.3,726,32624,77,12.0,45.0,0.0
1783934381.9,726,32624,79,17.0,45.0,1637.0
1783934382.5,726,32624,79,14.0,45.0,258.0
1783934383.1,726,32624,79,17.0,45.0,235.0
1783934383.7,726,32624,79,17.0,45.0,82.0
1783934384.3,710,32624,75,26.0,45.0,78.0
1783934384.9,710,32624,75,11.0,45.0,0.0
1783934385.5,710,32624,75,10.0,45.0,0.0
1783934386.1,710,32624,75,11.0,44.0,0.0
1783934386.6,710,32624,75,11.0,44.0,0.0
1783934387.2,710,32624,75,11.0,45.0,0.0
1783934387.8,710,32624,75,12.0,45.0,0.0
1783934388.4,710,32624,75,11.0,45.0,0.0
1783934389.0,710,32624,75,11.0,44.0,0.0
1783934389.6,710,32624,75,12.0,45.0,0.0
1783934390.2,710,32624,75,11.0,44.0,0.0
1783934390.8,710,32624,75,11.0,44.0,0.0
1783934391.4,710,32624,75,12.0,44.0,0.0
1783934392.0,710,32624,75,11.0,44.0,0.0
1783934392.6,710,32624,75,11.0,44.0,0.0
1783934393.2,710,32624,75,11.0,44.0,0.0
1783934393.8,710,32624,75,11.0,44.0,0.0
1783934394.4,710,32624,75,11.0,44.0,0.0
1783934394.9,710,32624,75,11.0,44.0,0.0
1783934395.5,710,32624,75,11.0,44.0,0.0
1783934396.1,710,32624,75,12.0,44.0,0.0
1783934396.7,710,32624,75,12.0,44.0,0.0
1783934397.3,710,32624,75,11.0,44.0,0.0
1783934397.9,710,32624,75,12.0,44.0,0.0
1783934398.5,710,32624,75,11.0,44.0,0.0
1783934399.1,710,32624,75,11.0,44.0,0.0
1783934399.7,710,32624,75,11.0,44.0,0.0
1783934400.3,710,32624,75,11.0,44.0,0.0
1783934400.9,710,32624,75,11.0,44.0,0.0
1783934401.5,710,32624,75,12.0,44.0,0.0
1783934402.1,710,32624,75,12.0,44.0,0.0
1783934402.7,710,32624,75,11.0,44.0,0.0
1783934403.3,710,32624,75,11.0,44.0,0.0
1783934403.9,710,32624,75,12.0,44.0,0.0
1783934404.5,710,32624,75,11.0,44.0,0.0
1783934405.1,710,32624,75,10.0,44.0,0.0
1783934405.6,710,32624,75,11.0,44.0,0.0
1783934406.2,710,32624,75,12.0,44.0,0.0
1783934406.8,710,32624,75,12.0,44.0,0.0
1783934407.4,710,32624,75,11.0,44.0,0.0
1783934408.0,710,32624,75,13.0,44.0,0.0
1783934408.6,710,32624,75,11.0,44.0,0.0
1783934409.2,710,32624,75,12.0,44.0,0.0
1783934409.8,710,32624,75,11.0,44.0,0.0
1783934410.4,710,32624,75,11.0,44.0,0.0
1783934411.0,710,32624,75,11.0,44.0,0.0
1783934411.6,710,32624,75,10.0,44.0,0.0
1783934412.2,710,32624,75,11.0,44.0,0.0
1783934412.8,710,32624,75,12.0,44.0,0.0
1783934413.4,710,32624,75,12.0,44.0,0.0
1783934413.9,722,32624,81,12.0,44.0,0.0
1783934414.5,722,32624,81,12.0,44.0,0.0
1783934415.1,722,32624,81,11.0,44.0,0.0
1783934415.7,718,32624,79,12.0,44.0,0.0
1783934416.3,718,32624,79,13.0,44.0,0.0
1783934416.9,718,32624,79,11.0,43.0,0.0
1783934417.5,718,32624,79,12.0,43.0,0.0
1783934418.1,718,32624,79,11.0,43.0,0.0
1783934418.7,718,32624,79,11.0,43.0,0.0
1783934419.3,718,32624,79,11.0,43.0,0.0
1783934419.9,718,32624,79,11.0,43.0,0.0
1783934420.5,718,32624,79,11.0,43.0,0.0
1783934421.1,718,32624,79,11.0,43.0,0.0
1783934421.7,718,32624,79,12.0,43.0,0.0
1783934422.3,718,32624,79,14.0,43.0,0.0
1783934422.9,718,32624,79,12.0,43.0,0.0
1783934423.5,718,32624,79,11.0,43.0,0.0
1783934424.1,718,32624,79,11.0,43.0,0.0
1783934424.7,718,32624,79,11.0,43.0,0.0
1783934425.3,718,32624,79,12.0,44.0,0.0
1783934425.9,718,32624,79,11.0,43.0,0.0
1783934426.5,720,32624,81,11.0,43.0,0.0
1783934427.1,720,32624,81,11.0,43.0,0.0
1783934427.7,720,32624,81,13.0,43.0,0.0
1783934428.3,720,32624,81,11.0,43.0,0.0
1783934428.8,714,32624,79,10.0,43.0,0.0
1783934429.4,714,32624,79,11.0,43.0,0.0
1783934430.0,714,32624,79,12.0,43.0,0.0
1783934430.6,714,32624,79,11.0,43.0,0.0
1783934431.2,714,32624,79,11.0,43.0,0.0
1783934431.8,714,32624,79,11.0,42.0,0.0
1783934432.4,714,32624,79,10.0,43.0,0.0
1783934433.0,714,32624,79,11.0,43.0,0.0
1783934433.6,714,32624,79,11.0,43.0,0.0
1783934434.2,714,32624,79,11.0,43.0,0.0
1783934434.8,714,32624,79,12.0,42.0,0.0
1783934435.4,714,32624,79,11.0,43.0,0.0
1783934436.0,714,32624,79,11.0,43.0,0.0
1783934436.6,714,32624,79,11.0,43.0,0.0
1783934437.2,714,32624,79,12.0,43.0,0.0
1783934437.8,714,32624,79,13.0,43.0,0.0
1783934438.4,714,32624,79,13.0,43.0,0.0
1783934439.0,714,32624,79,12.0,43.0,0.0
1783934439.6,714,32624,79,11.0,43.0,0.0
1783934440.2,714,32624,79,12.0,42.0,0.0
1783934440.7,714,32624,79,11.0,42.0,0.0
1783934441.3,714,32624,79,14.0,43.0,0.0
1783934441.9,714,32624,79,12.0,42.0,0.0
1783934442.5,714,32624,79,11.0,42.0,0.0
1783934443.1,714,32624,79,11.0,42.0,0.0
1783934443.7,714,32624,79,11.0,42.0,0.0
1783934444.3,714,32624,79,12.0,42.0,0.0
1783934444.9,714,32624,79,11.0,43.0,0.0
1783934445.5,714,32624,79,12.0,42.0,0.0
1783934446.1,714,32624,79,17.0,42.0,6.0
1783934446.7,714,32624,79,16.0,42.0,6.0
1783934447.3,714,32624,79,15.0,42.0,117.0
1783934447.9,714,32624,79,10.0,42.0,0.0
1783934448.5,714,32624,79,11.0,42.0,0.0
1783934449.1,714,32624,79,11.0,42.0,0.0
1783934449.7,714,32624,79,11.0,42.0,0.0
1783934450.2,714,32624,79,11.0,42.0,0.0
1783934450.8,714,32624,79,11.0,42.0,0.0
1783934451.4,714,32624,79,12.0,42.0,0.0
1783934452.0,714,32624,79,11.0,42.0,0.0
1783934452.6,714,32624,79,11.0,42.0,0.0
1783934453.2,714,32624,79,11.0,42.0,0.0
1783934453.8,714,32624,79,10.0,42.0,0.0
1783934454.4,714,32624,79,11.0,42.0,0.0
1783934455.0,714,32624,79,11.0,42.0,0.0
1783934455.6,714,32624,79,12.0,42.0,0.0
1783934456.2,714,32624,79,11.0,42.0,0.0
1783934456.8,714,32624,79,12.0,42.0,0.0
1783934457.4,714,32624,79,11.0,42.0,0.0
1783934458.0,714,32624,79,11.0,42.0,0.0
1783934458.6,714,32624,79,13.0,42.0,0.0
1783934459.2,714,32624,79,12.0,42.0,0.0
1783934459.8,714,32624,79,12.0,42.0,0.0
1783934460.4,714,32624,79,12.0,42.0,0.0
1783934461.0,714,32624,79,12.0,41.0,0.0
1783934461.5,714,32624,79,12.0,42.0,0.0
1783934462.1,714,32624,79,11.0,42.0,0.0
1783934462.7,714,32624,79,11.0,42.0,0.0
1783934463.3,714,32624,79,11.0,42.0,0.0
1783934463.9,714,32624,79,11.0,42.0,0.0
1783934464.5,714,32624,79,11.0,41.0,0.0
1783934465.1,714,32624,79,11.0,42.0,0.0
1783934465.7,714,32624,79,11.0,41.0,0.0
1783934466.3,714,32624,79,12.0,41.0,0.0
1783934466.9,714,32624,79,12.0,42.0,0.0
1783934467.5,714,32624,79,11.0,41.0,0.0
1783934468.1,714,32624,79,11.0,41.0,0.0
1783934468.7,714,32624,79,10.0,41.0,0.0
1783934469.3,714,32624,79,11.0,41.0,0.0
1783934469.9,714,32624,79,11.0,41.0,0.0
1783934470.5,714,32624,79,12.0,41.0,0.0
1783934471.0,714,32624,79,11.0,41.0,0.0
1783934471.6,714,32624,79,12.0,41.0,0.0
1783934472.2,714,32624,79,12.0,41.0,0.0
1783934472.8,714,32624,79,11.0,41.0,0.0
1783934473.4,711,32624,79,11.0,41.0,0.0
1783934474.0,716,32624,79,11.0,41.0,0.0
1783934474.6,716,32624,79,11.0,41.0,0.0
1783934475.2,716,32624,79,12.0,41.0,0.0
1783934475.8,715,32624,77,12.0,41.0,0.0
1783934476.4,715,32624,77,12.0,41.0,0.0
1783934477.0,715,32624,77,11.0,41.0,0.0
1783934477.6,715,32624,77,11.0,41.0,0.0
1783934478.2,715,32624,77,11.0,41.0,0.0
1783934478.8,715,32624,77,11.0,41.0,0.0
1783934479.3,715,32624,77,11.0,41.0,0.0
1783934479.9,715,32624,77,11.0,41.0,0.0
1783934480.5,715,32624,77,11.0,41.0,0.0
1783934481.1,715,32624,77,11.0,41.0,0.0
1783934481.7,715,32624,77,12.0,41.0,0.0
1783934482.3,715,32624,77,11.0,41.0,0.0
1783934482.9,715,32624,77,11.0,41.0,0.0
1783934483.5,715,32624,77,11.0,41.0,0.0
1783934484.1,715,32624,77,11.0,41.0,0.0
1783934484.7,715,32624,77,12.0,41.0,0.0
1783934485.3,715,32624,77,11.0,41.0,0.0
1783934485.9,715,32624,77,12.0,41.0,0.0
1783934486.5,715,32624,77,11.0,41.0,0.0
1783934487.1,715,32624,77,11.0,41.0,0.0
1783934487.6,715,32624,77,12.0,41.0,0.0
1783934488.2,715,32624,77,11.0,41.0,0.0
1783934488.8,715,32624,77,11.0,41.0,0.0
1783934489.4,715,32624,77,12.0,41.0,0.0
1783934490.0,715,32624,77,11.0,41.0,0.0
1783934490.6,715,32624,77,11.0,41.0,0.0
1783934491.2,715,32624,77,11.0,41.0,0.0
1783934491.8,715,32624,77,12.0,41.0,0.0
1783934492.4,715,32624,77,11.0,41.0,0.0
1783934493.0,715,32624,77,11.0,41.0,0.0
1783934493.6,715,32624,77,11.0,41.0,0.0
1783934494.2,715,32624,77,11.0,40.0,0.0
1783934494.8,715,32624,77,11.0,41.0,0.0
1783934495.4,715,32624,77,11.0,41.0,0.0
1783934495.9,715,32624,77,11.0,40.0,0.0
1783934496.5,715,32624,77,11.0,41.0,0.0
1783934497.1,715,32624,77,11.0,41.0,0.0
1783934497.7,715,32624,77,11.0,41.0,0.0
1783934498.3,715,32624,77,11.0,41.0,0.0
1783934498.9,715,32624,77,11.0,40.0,0.0
1783934499.5,715,32624,77,11.0,40.0,0.0
1783934500.1,715,32624,77,14.0,41.0,534.0
1783934500.7,715,32624,77,12.0,41.0,0.0
1783934501.3,715,32624,77,14.0,40.0,545.0
1783934501.9,715,32624,77,20.0,40.0,55.0
1783934502.5,715,32624,77,16.0,40.0,21.0
1783934503.1,715,32624,77,11.0,40.0,0.0
1783934503.7,715,32624,77,12.0,40.0,0.0
1783934504.3,715,32624,77,11.0,40.0,0.0
1783934504.8,715,32624,77,11.0,40.0,0.0
1783934505.4,715,32624,77,11.0,40.0,0.0
1783934506.0,715,32624,77,12.0,40.0,0.0
1783934506.6,715,32624,77,11.0,40.0,0.0
1783934507.2,715,32624,77,11.0,40.0,0.0
1783934507.8,715,32624,77,11.0,40.0,0.0
1783934508.4,715,32624,77,12.0,40.0,0.0
1783934509.0,715,32624,77,11.0,40.0,0.0
1783934509.6,715,32624,77,11.0,40.0,0.0
1783934510.2,715,32624,77,12.0,40.0,0.0
1783934510.8,715,32624,77,12.0,40.0,0.0
1783934511.4,715,32624,77,12.0,40.0,0.0
1783934512.0,715,32624,77,11.0,40.0,0.0
1783934512.6,715,32624,77,11.0,40.0,0.0
1783934513.1,715,32624,77,11.0,40.0,0.0
1783934513.7,715,32624,77,12.0,40.0,0.0
1783934514.3,715,32624,77,11.0,40.0,0.0
1783934514.9,715,32624,77,10.0,40.0,0.0
1783934515.5,715,32624,77,11.0,40.0,0.0
1783934516.1,715,32624,77,12.0,40.0,0.0
1783934516.7,715,32624,77,11.0,40.0,0.0
1783934517.3,715,32624,77,12.0,40.0,0.0
1783934517.9,715,32624,77,11.0,40.0,0.0
1783934518.5,715,32624,77,11.0,40.0,0.0
1783934519.1,715,32624,77,11.0,40.0,0.0
1783934519.7,715,32624,77,11.0,40.0,0.0
1783934520.3,715,32624,77,12.0,40.0,0.0
1783934520.9,715,32624,77,10.0,40.0,0.0
1783934521.4,715,32624,77,12.0,40.0,0.0
1783934522.0,715,32624,77,11.0,40.0,0.0
1783934522.6,715,32624,77,11.0,40.0,0.0
1783934523.2,715,32624,77,11.0,40.0,0.0
1783934523.8,715,32624,77,11.0,40.0,0.0
1783934524.4,715,32624,77,10.0,40.0,0.0
1783934525.0,715,32624,77,11.0,40.0,0.0
1783934525.6,715,32624,77,12.0,40.0,0.0
1783934526.2,715,32624,77,12.0,40.0,0.0
1783934526.8,715,32624,77,11.0,39.0,0.0
1783934527.4,715,32624,77,11.0,39.0,0.0
1783934528.0,715,32624,77,11.0,39.0,0.0
1783934528.6,715,32624,77,11.0,40.0,0.0
1783934529.2,715,32624,77,11.0,39.0,0.0
1783934529.8,715,32624,77,12.0,40.0,0.0
1783934530.4,715,32624,77,11.0,39.0,0.0
1783934531.0,715,32624,77,11.0,39.0,0.0
1783934531.6,715,32624,77,11.0,39.0,0.0
1783934532.2,715,32624,77,11.0,39.0,0.0
1783934532.8,715,32624,77,11.0,39.0,0.0
1783934533.4,715,32624,77,11.0,39.0,0.0
1783934534.0,715,32624,77,12.0,39.0,0.0
1783934534.6,715,32624,77,10.0,39.0,0.0
1783934535.2,715,32624,77,12.0,39.0,0.0
1783934535.8,715,32624,77,11.0,39.0,0.0
1783934536.4,715,32624,77,11.0,39.0,0.0
1783934536.9,715,32624,77,11.0,39.0,0.0
1783934537.5,715,32624,77,11.0,39.0,0.0
1783934538.1,711,32624,77,11.0,39.0,0.0
1783934538.7,711,32624,77,12.0,39.0,0.0
1783934539.3,711,32624,77,11.0,39.0,0.0
1783934539.9,711,32624,77,11.0,39.0,0.0
1783934540.5,711,32624,77,11.0,39.0,0.0
1783934541.1,711,32624,77,12.0,39.0,0.0
1783934541.7,711,32624,77,12.0,39.0,0.0
1783934542.3,711,32624,77,11.0,39.0,0.0
1783934542.9,711,32624,77,12.0,39.0,0.0
1783934543.5,711,32624,77,11.0,39.0,0.0
1783934544.1,711,32624,77,11.0,39.0,0.0
1783934544.7,711,32624,77,10.0,39.0,0.0
1783934545.3,711,32624,77,11.0,39.0,0.0
1783934545.9,711,32624,77,12.0,39.0,0.0
1783934546.5,711,32624,77,12.0,39.0,0.0
1783934547.1,711,32624,77,11.0,39.0,0.0
1783934547.7,711,32624,77,12.0,39.0,0.0
1783934548.3,711,32624,77,10.0,39.0,0.0
1783934548.9,711,32624,77,12.0,39.0,0.0
1783934549.4,711,32624,77,11.0,39.0,0.0
1783934550.0,711,32624,77,11.0,38.0,0.0
1783934550.6,711,32624,77,11.0,39.0,0.0
1783934551.2,711,32624,77,12.0,39.0,0.0
1783934551.8,711,32624,77,11.0,39.0,0.0
1783934552.4,711,32624,77,11.0,39.0,0.0
1783934553.0,711,32624,77,10.0,39.0,0.0
1783934553.6,711,32624,77,11.0,39.0,0.0
1783934554.2,711,32624,77,11.0,39.0,0.0
1783934554.8,711,32624,77,11.0,39.0,0.0
1783934555.4,711,32624,77,12.0,39.0,0.0
1783934556.0,711,32624,77,11.0,39.0,0.0
1783934556.6,711,32624,77,10.0,39.0,0.0
1783934557.2,711,32624,77,11.0,39.0,0.0
1783934557.8,711,32624,77,12.0,39.0,0.0
1783934558.4,711,32624,77,12.0,38.0,0.0
1783934559.0,711,32624,77,12.0,39.0,0.0
1783934559.5,711,32624,77,10.0,39.0,0.0
1783934560.1,711,32624,77,12.0,39.0,0.0
1783934560.7,711,32624,77,11.0,39.0,0.0
1783934561.3,711,32624,77,11.0,39.0,0.0
1783934561.9,711,32624,77,11.0,38.0,0.0
1783934562.5,711,32624,77,11.0,38.0,0.0
1783934563.1,711,32624,77,12.0,38.0,0.0
1783934563.7,711,32624,77,11.0,39.0,0.0
1783934564.3,711,32624,77,11.0,39.0,0.0
1783934564.9,711,32624,77,11.0,38.0,0.0
1783934565.5,711,32624,77,14.0,38.0,259.0
1783934566.1,711,32624,77,12.0,38.0,0.0
1783934566.7,711,32624,77,15.0,38.0,46.0
1783934567.3,711,32624,77,18.0,38.0,65.0
1783934567.9,711,32624,77,12.0,38.0,0.0
1783934568.5,711,32624,77,12.0,38.0,0.0
1783934569.0,711,32624,77,10.0,38.0,0.0
1783934569.6,711,32624,77,11.0,38.0,0.0
1783934570.2,711,32624,77,11.0,38.0,0.0
1783934570.8,711,32624,77,12.0,38.0,0.0
1783934571.4,711,32624,77,12.0,38.0,0.0
1783934572.0,711,32624,77,11.0,38.0,0.0
1783934572.6,711,32624,77,11.0,38.0,0.0
1783934573.2,711,32624,77,11.0,38.0,0.0
1783934573.8,711,32624,77,11.0,38.0,0.0
1783934574.4,711,32624,77,11.0,38.0,0.0
1783934575.0,711,32624,77,10.0,38.0,0.0
1783934575.6,711,32624,77,11.0,38.0,0.0
1783934576.2,711,32624,77,10.0,38.0,0.0
1783934576.7,711,32624,77,10.0,38.0,0.0
1783934577.3,711,32624,77,12.0,38.0,0.0
1783934577.9,711,32624,77,11.0,38.0,0.0
1783934578.5,711,32624,77,11.0,38.0,0.0
1783934579.1,711,32624,77,11.0,38.0,0.0
1783934579.7,711,32624,77,11.0,38.0,0.0
1783934580.3,711,32624,77,10.0,38.0,0.0
1783934580.9,711,32624,77,12.0,38.0,0.0
1783934581.5,711,32624,77,10.0,38.0,0.0
1783934582.1,711,32624,77,12.0,38.0,0.0
1783934582.7,711,32624,77,11.0,38.0,0.0
1783934583.3,711,32624,77,11.0,38.0,0.0
1783934583.9,711,32624,77,11.0,38.0,0.0
1783934584.5,711,32624,77,11.0,38.0,0.0
1783934585.0,711,32624,77,11.0,38.0,0.0
1783934585.6,711,32624,77,11.0,38.0,0.0
1783934586.2,711,32624,77,10.0,38.0,0.0
1783934586.8,711,32624,77,12.0,38.0,0.0
1783934587.4,711,32624,77,11.0,38.0,0.0
1783934588.0,711,32624,77,12.0,38.0,0.0
1783934588.6,711,32624,77,12.0,38.0,0.0
1783934589.2,711,32624,77,11.0,38.0,0.0
1783934589.8,711,32624,77,12.0,38.0,0.0
1783934590.4,711,32624,77,11.0,38.0,0.0
1783934591.0,711,32624,77,11.0,38.0,0.0
1783934591.6,711,32624,77,11.0,38.0,0.0
1783934592.2,711,32624,77,11.0,38.0,0.0
1783934592.8,711,32624,77,11.0,38.0,0.0
1783934593.4,711,32624,77,11.0,38.0,0.0
1783934594.0,711,32624,77,11.0,38.0,0.0
1783934594.6,711,32624,77,11.0,38.0,0.0
1783934595.2,711,32624,77,11.0,38.0,0.0
1783934595.8,711,32624,77,11.0,38.0,0.0
1783934596.3,711,32624,77,10.0,38.0,0.0
1783934596.9,711,32624,77,11.0,38.0,0.0
1783934597.5,711,32624,77,13.0,38.0,0.0
1783934598.1,711,32624,77,11.0,38.0,0.0
1783934598.7,711,32624,77,11.0,38.0,0.0
1783934599.3,711,32624,77,10.0,38.0,0.0
1783934599.9,711,32624,77,12.0,38.0,0.0
1783934600.5,711,32624,77,11.0,37.0,0.0
1783934601.1,711,32624,77,12.0,38.0,0.0
1783934601.7,711,32624,77,10.0,38.0,0.0
1783934602.3,711,32624,77,11.0,38.0,0.0
1783934602.9,711,32624,77,10.0,38.0,0.0
1783934603.5,711,32624,77,10.0,38.0,0.0
1783934604.1,711,32624,77,10.0,38.0,0.0
1783934604.7,711,32624,77,11.0,38.0,0.0
1783934605.3,711,32624,77,11.0,37.0,0.0
1783934605.9,711,32624,77,11.0,38.0,0.0
1783934606.5,711,32624,77,11.0,38.0,0.0
1783934607.1,711,32624,77,10.0,38.0,0.0
1783934607.6,711,32624,77,10.0,38.0,0.0
1783934608.2,711,32624,77,11.0,38.0,0.0
1783934608.8,711,32624,77,11.0,37.0,0.0
1783934609.4,711,32624,77,11.0,38.0,0.0
1783934610.0,711,32624,77,10.0,37.0,0.0
1783934610.6,711,32624,77,11.0,37.0,0.0
1783934611.2,711,32624,77,12.0,37.0,0.0
1783934611.8,711,32624,77,12.0,38.0,0.0
1783934612.4,711,32624,77,11.0,37.0,0.0
1783934613.0,711,32624,77,11.0,38.0,0.0
1783934613.6,711,32624,77,11.0,38.0,0.0
1783934614.2,711,32624,77,11.0,37.0,0.0
1783934614.8,711,32624,77,12.0,37.0,0.0
1783934615.4,711,32624,77,12.0,37.0,0.0
1783934616.0,711,32624,77,11.0,37.0,0.0
1783934616.6,711,32624,77,11.0,37.0,0.0
1783934617.2,711,32624,77,11.0,37.0,0.0
1783934617.8,711,32624,77,11.0,37.0,0.0
1783934618.3,711,32624,77,11.0,37.0,0.0
1783934618.9,711,32624,77,11.0,37.0,0.0
1783934619.5,711,32624,77,11.0,37.0,0.0
1783934620.1,711,32624,77,10.0,37.0,0.0
1783934620.7,711,32624,77,11.0,37.0,0.0
1783934621.3,711,32624,77,11.0,37.0,0.0
1783934621.9,711,32624,77,11.0,37.0,0.0
1783934622.5,711,32624,77,12.0,37.0,0.0
1783934623.1,711,32624,77,11.0,37.0,0.0
1783934623.7,711,32624,77,11.0,37.0,0.0
1783934624.3,711,32624,77,12.0,37.0,0.0
1783934624.9,711,32624,77,14.0,37.0,462.0
1783934625.5,711,32624,77,12.0,37.0,0.0
1783934626.1,711,32624,77,16.0,37.0,6.0
1783934626.7,711,32624,77,15.0,37.0,23.0
1783934627.3,711,32624,77,15.0,37.0,0.0
1783934627.9,711,32624,77,11.0,37.0,0.0
1783934628.5,711,32624,77,11.0,37.0,0.0
1783934629.1,711,32624,77,10.0,37.0,0.0
1783934629.7,711,32624,77,11.0,37.0,0.0
1783934630.3,711,32624,77,11.0,37.0,0.0
1783934630.8,711,32624,77,11.0,37.0,0.0
1783934631.4,711,32624,77,10.0,37.0,0.0
1783934632.0,711,32624,77,11.0,37.0,0.0
1783934632.6,711,32624,77,14.0,37.0,0.0
1783934633.2,711,32624,77,11.0,37.0,0.0
1783934633.8,711,32624,77,10.0,37.0,0.0
1783934634.4,711,32624,77,10.0,37.0,0.0
1783934635.0,714,32624,79,11.0,37.0,0.0
1783934635.6,714,32624,79,10.0,37.0,0.0
1783934636.2,714,32624,79,11.0,37.0,0.0
1783934636.8,714,32624,79,10.0,37.0,0.0
1783934637.4,714,32624,79,11.0,37.0,0.0
1783934638.0,712,32624,77,11.0,37.0,0.0
1783934638.6,712,32624,77,11.0,37.0,0.0
1783934639.2,712,32624,77,11.0,37.0,0.0
1783934639.8,712,32624,77,11.0,37.0,0.0
1783934640.4,712,32624,77,11.0,37.0,0.0
1783934641.0,712,32624,77,11.0,37.0,0.0
1783934641.6,712,32624,77,11.0,37.0,0.0
1783934642.1,712,32624,77,10.0,37.0,0.0
1783934642.7,712,32624,77,10.0,37.0,0.0
1783934643.3,712,32624,77,11.0,37.0,0.0
1783934643.9,712,32624,77,13.0,37.0,0.0
1783934644.5,712,32624,77,11.0,37.0,0.0
1783934645.1,712,32624,77,12.0,37.0,0.0
1783934645.7,712,32624,77,11.0,37.0,0.0
1783934646.3,712,32624,77,10.0,37.0,0.0
1783934646.9,712,32624,77,12.0,37.0,0.0
1783934647.5,712,32624,77,11.0,37.0,0.0
1783934648.1,712,32624,77,11.0,37.0,0.0
1783934648.7,712,32624,77,14.0,37.0,0.0
1783934649.3,712,32624,77,12.0,37.0,0.0
1783934649.9,712,32624,77,12.0,37.0,0.0
1783934650.5,712,32624,77,11.0,37.0,0.0
1783934651.1,712,32624,77,11.0,37.0,0.0
1783934651.7,712,32624,77,12.0,37.0,0.0
1783934652.3,712,32624,77,12.0,37.0,0.0
1783934652.8,712,32624,77,11.0,37.0,0.0
1783934653.4,717,32624,79,19.0,37.0,749.0
1783934654.0,718,32624,81,12.0,37.0,0.0
1783934654.6,718,32624,81,11.0,37.0,0.0
1783934655.2,718,32624,79,11.0,37.0,0.0
1783934655.8,703,32624,79,11.0,37.0,0.0
1783934656.4,703,32624,79,11.0,37.0,0.0
1783934657.0,703,32624,79,11.0,37.0,0.0
1783934657.6,703,32624,79,11.0,37.0,0.0
1783934658.2,729,32624,103,27.0,37.0,75.0
1783934658.8,729,32624,79,22.0,37.0,0.0
1783934659.4,733,32624,81,24.0,37.0,500.0
1783934660.0,733,32624,77,23.0,37.0,305.0
1783934660.6,733,32624,77,10.0,37.0,0.0
1783934661.2,733,32624,79,18.0,37.0,1840.0
1783934661.8,737,32624,79,17.0,37.0,14.0
1783934662.4,739,32624,77,11.0,37.0,0.0
1783934663.0,739,32624,77,10.0,37.0,0.0
1783934663.6,739,32624,75,10.0,37.0,0.0
1783934664.2,739,32624,75,10.0,37.0,0.0
1783934664.8,739,32624,75,11.0,37.0,0.0
1783934665.4,739,32624,75,12.0,37.0,0.0
1783934666.0,739,32624,75,9.0,37.0,0.0
1783934666.6,739,32624,75,11.0,37.0,0.0
1783934667.2,739,32624,75,10.0,37.0,0.0
1783934667.8,739,32624,75,9.0,37.0,0.0
1783934668.4,739,32624,75,10.0,37.0,0.0
1783934669.0,739,32624,75,10.0,37.0,0.0
1783934669.6,739,32624,75,10.0,37.0,0.0
1783934670.2,739,32624,75,11.0,37.0,0.0
1783934670.8,739,32624,75,10.0,37.0,0.0
1783934671.3,739,32624,75,10.0,37.0,0.0
1783934671.9,739,32624,75,10.0,37.0,0.0
1783934672.5,739,32624,75,10.0,37.0,0.0
1783934673.1,739,32624,75,10.0,37.0,0.0
1783934673.7,739,32624,75,9.0,36.0,0.0
1783934674.3,739,32624,75,9.0,37.0,0.0
1783934674.9,739,32624,75,9.0,37.0,0.0
1783934675.5,739,32624,75,10.0,37.0,0.0
1783934676.1,739,32624,75,9.0,37.0,0.0
1783934676.7,739,32624,75,10.0,37.0,0.0
1783934677.3,739,32624,75,9.0,37.0,0.0
1783934677.9,739,32624,75,11.0,36.0,0.0
1783934678.5,739,32624,75,9.0,37.0,0.0
1783934679.1,739,32624,75,10.0,36.0,0.0
1783934679.7,739,32624,75,10.0,36.0,0.0
1783934680.3,739,32624,75,10.0,37.0,0.0
1783934680.9,739,32624,75,9.0,36.0,0.0
1783934681.5,739,32624,75,9.0,36.0,0.0
1783934682.1,739,32624,75,10.0,36.0,0.0
1783934682.7,739,32624,75,10.0,36.0,0.0
1783934683.3,739,32624,75,10.0,36.0,0.0
1783934683.8,739,32624,75,10.0,36.0,0.0
1783934684.4,739,32624,75,10.0,36.0,0.0
1783934685.0,739,32624,75,10.0,36.0,0.0
1783934685.6,739,32624,75,9.0,36.0,0.0
1783934686.2,739,32624,75,10.0,36.0,0.0
1783934686.8,739,32624,75,9.0,36.0,0.0
1783934687.4,739,32624,75,10.0,36.0,0.0
1783934688.0,739,32624,75,10.0,36.0,0.0
1783934688.6,739,32624,75,10.0,36.0,0.0
1783934689.2,739,32624,75,10.0,36.0,0.0
1783934689.8,739,32624,75,10.0,36.0,0.0
1783934690.4,739,32624,75,9.0,36.0,0.0
1783934691.0,739,32624,75,9.0,36.0,0.0
1783934691.6,739,32624,75,10.0,36.0,0.0
1783934692.2,739,32624,75,10.0,36.0,0.0
1783934692.8,739,32624,75,10.0,36.0,0.0
1783934693.4,739,32624,75,9.0,36.0,0.0
1783934694.0,739,32624,75,9.0,36.0,0.0
1783934694.5,739,32624,75,10.0,36.0,0.0
1783934695.1,731,32624,75,9.0,36.0,0.0
1783934695.7,731,32624,75,9.0,36.0,0.0
1783934696.3,731,32624,75,9.0,36.0,0.0
1783934696.9,731,32624,75,9.0,36.0,0.0
1783934697.5,731,32624,75,10.0,36.0,0.0
1783934698.1,731,32624,75,10.0,36.0,0.0
1783934698.7,731,32624,75,10.0,36.0,0.0
1783934699.3,731,32624,75,9.0,36.0,0.0
1783934699.9,731,32624,75,9.0,36.0,0.0
1783934700.5,731,32624,75,11.0,36.0,0.0
1783934701.1,731,32624,75,10.0,36.0,0.0
1783934701.7,731,32624,75,11.0,36.0,0.0
1783934702.3,731,32624,75,11.0,36.0,0.0
1783934702.9,731,32624,75,9.0,36.0,0.0
1783934703.5,731,32624,75,10.0,36.0,0.0
1783934704.0,731,32624,75,10.0,36.0,0.0
1783934704.6,731,32624,75,9.0,36.0,0.0
1783934705.2,731,32624,75,9.0,36.0,0.0
1783934705.8,731,32624,75,10.0,36.0,0.0
1783934706.4,731,32624,75,9.0,36.0,0.0
1783934707.0,731,32624,75,10.0,36.0,0.0
1783934707.6,731,32624,75,9.0,36.0,0.0
1783934708.2,731,32624,75,10.0,36.0,0.0
1783934708.8,731,32624,75,10.0,36.0,0.0
1783934709.4,731,32624,75,10.0,36.0,0.0
1783934710.0,731,32624,75,9.0,36.0,0.0
1783934710.6,731,32624,75,10.0,36.0,0.0
1783934711.2,731,32624,75,10.0,36.0,0.0
1783934711.8,731,32624,75,10.0,36.0,0.0
1783934712.4,731,32624,75,10.0,36.0,0.0
1783934712.9,731,32624,75,10.0,36.0,0.0
1783934713.5,731,32624,75,10.0,36.0,0.0
1783934714.1,731,32624,75,9.0,36.0,0.0
1783934714.7,731,32624,75,10.0,36.0,0.0
1783934715.3,731,32624,75,9.0,36.0,0.0
1783934715.9,731,32624,75,9.0,36.0,0.0
1783934716.5,731,32624,75,10.0,36.0,0.0
1783934717.1,731,32624,75,9.0,36.0,0.0
1783934717.7,731,32624,75,11.0,36.0,0.0
1783934718.3,731,32624,75,11.0,36.0,0.0
1783934718.9,731,32624,75,10.0,36.0,0.0
1783934719.5,731,32624,75,10.0,36.0,0.0
1783934720.1,731,32624,75,10.0,35.0,0.0
1783934720.7,731,32624,75,9.0,36.0,0.0
1783934721.3,731,32624,75,9.0,36.0,0.0
1783934721.9,731,32624,75,9.0,36.0,0.0
1783934722.5,731,32624,75,10.0,35.0,0.0
1783934723.0,731,32624,75,10.0,35.0,0.0
1783934723.6,731,32624,75,10.0,35.0,0.0
1783934724.2,731,32624,75,10.0,35.0,0.0
1783934724.8,731,32624,75,10.0,35.0,0.0
1783934725.4,731,32624,75,10.0,35.0,0.0
1783934726.0,731,32624,75,9.0,35.0,0.0
1783934726.6,731,32624,75,10.0,36.0,0.0
1783934727.2,731,32624,75,10.0,35.0,0.0
1783934727.8,731,32624,75,9.0,35.0,0.0
1783934728.4,731,32624,75,10.0,35.0,0.0
1783934729.0,731,32624,75,10.0,35.0,0.0
1783934729.6,731,32624,75,10.0,35.0,0.0
1783934730.2,731,32624,75,10.0,35.0,0.0
1783934730.8,731,32624,75,9.0,35.0,0.0
1783934731.4,731,32624,75,10.0,36.0,0.0
1783934732.0,731,32624,75,10.0,35.0,0.0
1783934732.6,731,32624,75,9.0,35.0,0.0
1783934733.2,731,32624,75,10.0,35.0,0.0
1783934733.7,731,32624,75,10.0,35.0,0.0
1783934734.3,731,32624,75,10.0,35.0,0.0
1783934734.9,731,32624,75,9.0,36.0,0.0
1783934735.5,731,32624,75,9.0,35.0,0.0
1783934736.1,731,32624,75,10.0,35.0,0.0
1783934736.7,731,32624,75,9.0,35.0,0.0
1783934737.3,731,32624,75,9.0,35.0,0.0
1783934737.9,731,32624,75,9.0,35.0,0.0
1783934738.5,731,32624,75,9.0,35.0,0.0
1783934739.1,731,32624,75,10.0,35.0,0.0
1783934739.7,731,32624,75,9.0,35.0,0.0
1783934740.3,731,32624,75,10.0,35.0,0.0
1783934740.9,731,32624,75,10.0,35.0,0.0
1783934741.5,731,32624,75,9.0,35.0,0.0
1783934742.0,731,32624,75,10.0,35.0,0.0
1783934742.6,731,32624,75,11.0,35.0,0.0
1783934743.2,731,32624,75,9.0,35.0,0.0
1783934743.8,731,32624,75,10.0,35.0,0.0
1783934744.4,731,32624,75,9.0,35.0,0.0
1783934745.0,731,32624,75,11.0,35.0,0.0
1783934745.6,731,32624,75,9.0,35.0,0.0
1783934746.2,731,32624,75,11.0,35.0,0.0
1783934746.8,731,32624,75,10.0,35.0,0.0
1783934747.4,731,32624,75,10.0,35.0,0.0
1783934748.0,731,32624,75,9.0,35.0,0.0
1783934748.6,731,32624,75,10.0,35.0,0.0
1783934749.2,731,32624,75,9.0,35.0,0.0
1783934749.8,731,32624,75,9.0,35.0,0.0
1783934750.3,731,32624,75,9.0,35.0,0.0
1783934750.9,731,32624,75,9.0,35.0,0.0
1783934751.5,731,32624,75,9.0,35.0,0.0
1783934752.1,731,32624,75,10.0,35.0,0.0
1783934752.7,731,32624,75,9.0,35.0,0.0
1783934753.3,731,32624,75,10.0,35.0,0.0
1783934753.9,731,32624,75,9.0,35.0,0.0
1783934754.5,731,32624,75,10.0,35.0,0.0
1783934755.1,731,32624,75,10.0,35.0,0.0
1783934755.7,731,32624,75,9.0,35.0,0.0
1783934756.3,731,32624,75,10.0,35.0,0.0
1783934756.9,731,32624,75,10.0,35.0,0.0
1783934757.5,731,32624,75,10.0,35.0,0.0
1783934758.1,731,32624,75,11.0,35.0,0.0
1783934758.7,731,32624,75,9.0,35.0,0.0
1783934759.2,731,32624,75,10.0,35.0,0.0
1783934759.8,731,32624,75,10.0,35.0,0.0
1783934760.4,731,32624,75,11.0,35.0,0.0
1783934761.0,731,32624,75,11.0,35.0,0.0
1783934761.6,731,32624,75,10.0,35.0,0.0
1783934762.2,731,32624,75,10.0,35.0,0.0
1783934762.8,731,32624,75,10.0,35.0,0.0
1783934763.4,731,32624,75,10.0,35.0,0.0
1783934764.0,731,32624,75,10.0,35.0,0.0
1783934764.6,731,32624,75,10.0,35.0,0.0
1783934765.2,731,32624,75,10.0,35.0,0.0
1783934765.8,731,32624,75,10.0,35.0,0.0
1783934766.4,731,32624,75,10.0,35.0,0.0
1783934767.0,731,32624,75,10.0,35.0,0.0
1783934767.6,731,32624,75,10.0,35.0,0.0
1783934768.2,731,32624,75,10.0,35.0,0.0
1783934768.7,731,32624,75,10.0,35.0,0.0
1783934769.3,731,32624,75,10.0,35.0,0.0
1783934769.9,731,32624,75,9.0,35.0,0.0
1783934770.5,731,32624,75,9.0,35.0,0.0
1783934771.1,731,32624,75,9.0,35.0,0.0
1783934771.7,731,32624,75,9.0,35.0,0.0
1783934772.3,731,32624,75,9.0,35.0,0.0
1783934772.9,731,32624,75,9.0,35.0,0.0
1783934773.5,731,32624,75,10.0,35.0,0.0
1783934774.1,731,32624,75,9.0,35.0,0.0
1783934774.7,731,32624,75,9.0,35.0,0.0
1783934775.3,731,32624,75,9.0,35.0,0.0
1783934775.9,731,32624,75,10.0,35.0,0.0
1783934776.5,731,32624,75,9.0,35.0,0.0
1783934777.1,731,32624,75,9.0,35.0,0.0
1783934777.7,731,32624,75,14.0,35.0,0.0
1783934778.2,731,32624,75,9.0,35.0,0.0
1783934778.8,742,32624,105,27.0,35.0,133.0
1783934779.4,742,32624,105,11.0,35.0,0.0
1783934780.0,782,32624,109,11.0,35.0,0.0
1783934780.6,809,32624,111,26.0,35.0,77.0
1783934781.2,809,32624,111,10.0,35.0,0.0
1783934781.8,788,32624,81,30.0,35.0,137.0
1783934782.4,788,32624,81,10.0,35.0,0.0
1783934783.0,788,32624,81,10.0,35.0,0.0
1783934783.6,788,32624,81,10.0,35.0,0.0
1783934784.2,783,32624,81,10.0,35.0,0.0
1783934784.8,783,32624,81,9.0,34.0,0.0
1783934785.4,783,32624,81,10.0,35.0,0.0
1783934786.0,763,32624,81,9.0,35.0,0.0
1783934786.6,763,32624,81,9.0,35.0,0.0
1783934787.2,763,32624,81,9.0,35.0,0.0
1783934787.8,763,32624,81,10.0,35.0,0.0
1783934788.4,763,32624,81,10.0,35.0,0.0
1783934789.0,763,32624,81,9.0,35.0,0.0
1783934789.5,763,32624,81,11.0,35.0,0.0
1783934790.1,763,32624,81,11.0,35.0,0.0
1783934790.8,763,32624,81,10.0,34.0,0.0
1783934791.4,763,32624,81,10.0,34.0,0.0
1783934791.9,763,32624,81,9.0,35.0,0.0
1783934792.5,763,32624,81,10.0,35.0,0.0
1783934793.1,763,32624,81,9.0,34.0,0.0
1783934793.7,763,32624,81,10.0,35.0,0.0
1783934794.4,763,32624,81,10.0,34.0,0.0
1783934794.9,763,32624,81,10.0,34.0,0.0
1783934795.5,763,32624,81,9.0,34.0,0.0
1783934796.1,763,32624,81,10.0,34.0,0.0
1783934796.7,763,32624,81,10.0,34.0,0.0
1783934797.3,763,32624,81,10.0,34.0,0.0
1783934797.9,763,32624,81,10.0,34.0,0.0
1783934798.5,763,32624,81,8.0,35.0,0.0
1783934799.1,763,32624,81,10.0,34.0,0.0
1783934799.7,763,32624,81,9.0,34.0,0.0
1783934800.3,763,32624,81,10.0,34.0,0.0
1783934800.9,763,32624,81,9.0,34.0,0.0
1783934801.5,763,32624,81,9.0,34.0,0.0
1783934802.1,763,32624,81,13.0,34.0,0.0
1783934802.7,763,32624,81,11.0,34.0,0.0
1783934803.3,763,32624,81,9.0,34.0,0.0
1783934803.9,763,32624,81,10.0,34.0,0.0
1783934804.4,763,32624,81,9.0,34.0,0.0
1783934805.0,763,32624,81,12.0,34.0,0.0
1783934805.6,763,32624,81,9.0,34.0,0.0
1783934806.2,763,32624,81,9.0,34.0,0.0
1783934806.8,763,32624,81,9.0,34.0,0.0
1783934807.4,763,32624,81,9.0,34.0,0.0
1783934808.0,763,32624,81,9.0,34.0,0.0
1783934808.6,754,32624,81,10.0,34.0,0.0
1783934809.2,754,32624,81,10.0,34.0,0.0
1783934809.8,754,32624,81,10.0,34.0,0.0
1783934810.4,754,32624,81,11.0,34.0,0.0
1783934811.0,754,32624,81,10.0,34.0,0.0
1783934811.6,754,32624,81,9.0,34.0,0.0
1783934812.2,754,32624,81,10.0,34.0,0.0
1783934812.8,754,32624,81,10.0,34.0,0.0
1783934813.4,754,32624,81,10.0,34.0,0.0
1783934814.0,754,32624,81,10.0,34.0,0.0
1783934814.5,754,32624,81,11.0,34.0,0.0
1783934815.1,754,32624,81,10.0,34.0,0.0
1783934815.7,754,32624,81,10.0,34.0,0.0
1783934816.3,754,32624,81,10.0,34.0,0.0
1783934816.9,754,32624,81,10.0,34.0,0.0
1783934817.5,754,32624,81,10.0,34.0,0.0
1783934818.1,754,32624,81,9.0,34.0,0.0
1783934818.7,754,32624,81,9.0,34.0,0.0
1783934819.3,754,32624,81,10.0,34.0,0.0
1783934819.9,754,32624,81,9.0,34.0,0.0
1783934820.5,754,32624,81,10.0,34.0,0.0
1783934821.1,754,32624,81,10.0,34.0,0.0
1783934821.7,754,32624,81,10.0,34.0,0.0
1783934822.2,754,32624,81,10.0,34.0,0.0
1783934822.8,754,32624,81,9.0,34.0,0.0
1783934823.4,754,32624,81,11.0,34.0,0.0
1783934824.0,754,32624,81,10.0,34.0,0.0
1783934824.6,754,32624,81,10.0,34.0,0.0
1783934825.2,754,32624,81,10.0,34.0,0.0
1783934825.8,754,32624,81,10.0,34.0,0.0
1783934826.4,754,32624,81,10.0,34.0,0.0
1783934827.0,754,32624,81,10.0,34.0,0.0
1783934827.6,754,32624,81,10.0,34.0,0.0
1783934828.2,754,32624,81,9.0,34.0,0.0
1783934828.8,754,32624,81,10.0,34.0,0.0
1783934829.4,754,32624,81,9.0,34.0,0.0
1783934829.9,754,32624,81,10.0,34.0,0.0
1783934830.5,754,32624,81,9.0,34.0,0.0
1783934831.1,754,32624,81,10.0,34.0,0.0
1783934831.7,754,32624,81,10.0,34.0,0.0
1783934832.3,754,32624,81,10.0,34.0,0.0
1783934832.9,754,32624,81,10.0,34.0,0.0
1783934833.5,753,32624,87,22.0,34.0,0.0
1783934834.1,753,32624,87,11.0,34.0,0.0
1783934834.7,753,32624,87,10.0,34.0,0.0
1783934835.3,753,32624,87,9.0,34.0,0.0
1783934835.9,753,32624,87,10.0,34.0,0.0
1783934836.4,753,32624,87,10.0,34.0,0.0
1783934837.0,753,32624,87,10.0,34.0,0.0
1783934837.6,753,32624,87,9.0,34.0,0.0
1783934838.2,753,32624,87,10.0,34.0,0.0
1783934838.8,743,32624,77,10.0,34.0,0.0
1783934839.4,743,32624,77,10.0,34.0,0.0
1783934840.0,743,32624,77,10.0,34.0,0.0
1783934840.6,743,32624,77,10.0,34.0,0.0
1783934841.2,743,32624,77,10.0,34.0,0.0
1783934841.8,743,32624,77,9.0,34.0,0.0
1783934842.4,743,32624,77,10.0,34.0,0.0
1783934843.0,743,32624,77,10.0,34.0,0.0
1783934843.6,743,32624,77,10.0,34.0,0.0
1783934844.1,743,32624,77,10.0,34.0,0.0
1783934844.7,743,32624,77,9.0,34.0,0.0
1783934845.3,743,32624,77,10.0,34.0,0.0
1783934845.9,743,32624,77,10.0,34.0,0.0
1783934846.5,743,32624,77,10.0,34.0,0.0
1783934847.1,743,32624,77,9.0,34.0,0.0
1783934847.7,743,32624,77,10.0,34.0,0.0
1783934848.3,743,32624,77,10.0,34.0,0.0
1783934848.9,743,32624,77,11.0,34.0,0.0
1783934849.5,743,32624,77,9.0,34.0,0.0
1783934850.1,743,32624,77,10.0,34.0,0.0
1783934850.6,743,32624,77,10.0,34.0,0.0
1783934851.2,743,32624,77,10.0,34.0,0.0
1783934851.8,743,32624,77,9.0,34.0,0.0
1783934852.4,743,32624,77,10.0,34.0,0.0
1783934853.0,743,32624,77,9.0,34.0,0.0
1783934853.6,743,32624,77,11.0,34.0,0.0
1783934854.2,743,32624,77,11.0,34.0,0.0
1783934854.8,743,32624,77,10.0,34.0,0.0
1783934855.4,743,32624,77,9.0,34.0,0.0
1783934856.0,743,32624,77,9.0,34.0,0.0
1783934856.6,743,32624,77,10.0,34.0,0.0
1783934857.1,743,32624,77,10.0,34.0,0.0
1783934857.7,743,32624,77,9.0,34.0,0.0
1783934858.3,743,32624,77,9.0,34.0,0.0
1783934858.9,743,32624,77,9.0,34.0,0.0
1783934859.5,743,32624,77,10.0,34.0,0.0
1783934860.1,743,32624,77,10.0,34.0,0.0
1783934860.7,743,32624,77,11.0,34.0,0.0
1783934861.3,743,32624,77,10.0,34.0,0.0
1783934861.9,743,32624,77,11.0,34.0,0.0
1783934862.5,743,32624,77,10.0,34.0,0.0
1783934863.1,743,32624,77,10.0,34.0,0.0
1783934863.6,743,32624,77,10.0,34.0,0.0
1783934864.2,743,32624,77,10.0,34.0,0.0
1783934864.8,743,32624,77,9.0,34.0,0.0
1783934865.4,743,32624,77,10.0,34.0,0.0
1783934866.0,743,32624,77,11.0,34.0,0.0
1783934866.6,743,32624,77,9.0,34.0,0.0
1783934867.2,743,32624,77,10.0,34.0,0.0
1783934867.8,743,32624,77,9.0,34.0,0.0
1783934868.4,743,32624,77,10.0,34.0,0.0
1783934869.0,743,32624,77,9.0,34.0,0.0
1783934869.6,743,32624,77,9.0,34.0,0.0
1783934870.1,743,32624,77,9.0,34.0,0.0
1783934870.7,743,32624,77,10.0,34.0,0.0
1783934871.3,743,32624,77,10.0,34.0,0.0
1783934871.9,743,32624,77,10.0,34.0,0.0
1783934872.5,743,32624,77,9.0,34.0,0.0
1783934873.1,743,32624,77,9.0,34.0,0.0
1783934873.7,743,32624,77,10.0,34.0,0.0
1783934874.3,743,32624,77,10.0,34.0,0.0
1783934874.9,743,32624,77,9.0,34.0,0.0
1783934875.5,743,32624,77,8.0,34.0,0.0
1783934876.1,743,32624,77,9.0,34.0,0.0
1783934876.7,743,32624,77,9.0,34.0,0.0
1783934877.3,743,32624,77,9.0,34.0,0.0
1783934877.9,743,32624,77,10.0,34.0,0.0
1783934878.4,743,32624,77,9.0,34.0,0.0
1783934879.0,743,32624,77,11.0,34.0,0.0
1783934879.6,743,32624,77,10.0,34.0,0.0
1783934880.2,743,32624,77,10.0,34.0,0.0
1783934880.8,743,32624,77,11.0,33.0,0.0
1783934881.4,743,32624,77,9.0,34.0,0.0
1783934882.0,743,32624,77,9.0,33.0,0.0
1783934882.6,743,32624,77,10.0,34.0,0.0
1783934883.2,743,32624,77,9.0,34.0,0.0
1783934883.8,743,32624,77,10.0,34.0,0.0
1783934884.4,743,32624,77,9.0,34.0,0.0
1783934885.0,743,32624,77,9.0,34.0,0.0
1783934885.6,743,32624,77,10.0,34.0,0.0
1783934886.2,743,32624,77,10.0,34.0,0.0
1783934886.8,743,32624,77,9.0,34.0,0.0
1783934887.3,743,32624,77,10.0,33.0,0.0
1783934887.9,743,32624,77,10.0,34.0,0.0
1783934888.5,743,32624,77,9.0,34.0,0.0
1783934889.1,743,32624,77,10.0,34.0,0.0
1783934889.7,743,32624,77,10.0,33.0,0.0
1783934890.3,743,32624,77,10.0,33.0,0.0
1783934890.9,743,32624,77,10.0,34.0,0.0
1783934891.5,743,32624,81,11.0,33.0,0.0
1783934892.1,743,32624,81,10.0,34.0,0.0
1783934892.7,743,32624,81,9.0,34.0,0.0
1783934893.3,743,32624,79,11.0,33.0,0.0
1783934893.9,745,32624,83,10.0,34.0,0.0
1783934894.5,745,32624,83,9.0,33.0,0.0
1783934895.1,745,32624,83,10.0,34.0,0.0
1783934895.7,741,32624,79,9.0,33.0,0.0
1783934896.3,741,32624,79,11.0,34.0,0.0
1783934896.9,741,32624,79,10.0,34.0,0.0
1783934897.4,741,32624,79,9.0,34.0,0.0
1783934898.0,741,32624,79,10.0,34.0,0.0
1783934898.6,741,32624,79,9.0,33.0,0.0
1783934899.2,741,32624,79,10.0,34.0,0.0
1783934899.8,741,32624,79,10.0,33.0,0.0
1783934900.4,741,32624,79,10.0,34.0,0.0
1783934901.0,741,32624,79,10.0,33.0,0.0
1783934901.6,741,32624,79,10.0,33.0,0.0
1783934902.2,741,32624,79,9.0,34.0,0.0
1783934902.8,741,32624,79,10.0,34.0,0.0
1783934903.4,741,32624,79,10.0,33.0,0.0
1783934904.0,741,32624,79,10.0,33.0,0.0
1783934904.6,741,32624,79,9.0,33.0,0.0
1783934905.2,741,32624,79,9.0,34.0,0.0
1783934905.8,741,32624,79,9.0,34.0,0.0
1783934906.4,741,32624,79,10.0,33.0,0.0
1783934907.0,741,32624,79,11.0,34.0,0.0
1783934907.6,741,32624,79,10.0,34.0,0.0
1783934908.2,741,32624,79,10.0,33.0,0.0
1783934908.7,741,32624,79,10.0,33.0,0.0
1783934909.3,741,32624,79,9.0,33.0,0.0
1783934909.9,741,32624,79,10.0,33.0,0.0
1783934910.5,741,32624,79,10.0,33.0,0.0
1783934911.1,741,32624,79,10.0,33.0,0.0
1783934911.7,741,32624,79,10.0,33.0,0.0
1783934912.3,741,32624,79,9.0,33.0,0.0
1783934912.9,741,32624,79,10.0,33.0,0.0
1783934913.5,741,32624,79,9.0,33.0,0.0
1783934914.1,741,32624,79,10.0,33.0,0.0
1783934914.7,741,32624,79,10.0,33.0,0.0
1783934915.3,741,32624,79,9.0,33.0,0.0
1783934915.9,741,32624,79,9.0,33.0,0.0
1783934916.4,741,32624,79,10.0,33.0,0.0
1783934917.0,741,32624,79,9.0,33.0,0.0
1783934917.6,741,32624,79,11.0,33.0,0.0
1783934918.2,741,32624,79,9.0,33.0,0.0
1783934918.8,741,32624,79,9.0,33.0,0.0
1783934919.4,741,32624,79,9.0,33.0,0.0
1783934920.0,741,32624,79,10.0,33.0,0.0
1783934920.6,741,32624,79,9.0,33.0,0.0
1783934921.2,741,32624,79,10.0,33.0,0.0
1783934921.8,741,32624,79,10.0,34.0,0.0
1783934922.4,741,32624,79,10.0,34.0,0.0
1783934923.0,741,32624,79,9.0,33.0,0.0
1783934923.5,741,32624,79,10.0,33.0,0.0
1783934924.1,741,32624,79,9.0,33.0,0.0
1783934924.7,741,32624,79,10.0,33.0,0.0
1783934925.3,741,32624,79,11.0,33.0,0.0
1783934925.9,741,32624,79,10.0,33.0,0.0
1783934926.5,741,32624,79,9.0,33.0,0.0
1783934927.1,741,32624,79,9.0,33.0,0.0
1783934927.7,741,32624,79,11.0,33.0,0.0
1783934928.3,741,32624,79,10.0,33.0,0.0
1783934928.9,741,32624,79,10.0,33.0,0.0
1783934929.5,741,32624,79,9.0,33.0,0.0
1783934930.1,741,32624,79,11.0,33.0,0.0
1783934930.6,741,32624,79,9.0,33.0,0.0
1783934931.2,741,32624,79,10.0,33.0,0.0
1783934931.8,741,32624,79,9.0,33.0,0.0
1783934932.4,741,32624,79,10.0,33.0,0.0
1783934933.0,741,32624,79,10.0,33.0,0.0
1783934933.6,741,32624,79,9.0,33.0,0.0
1783934934.2,741,32624,79,9.0,33.0,0.0
1783934934.8,741,32624,79,9.0,33.0,0.0
1783934935.4,741,32624,79,9.0,33.0,0.0
1783934936.0,741,32624,79,9.0,33.0,0.0
1783934936.6,741,32624,79,10.0,33.0,0.0
1783934937.1,741,32624,79,10.0,33.0,0.0
1783934937.7,741,32624,79,9.0,33.0,0.0
1783934938.3,741,32624,79,10.0,33.0,0.0
1783934938.9,741,32624,79,9.0,33.0,0.0
1783934939.5,741,32624,79,9.0,33.0,0.0
1783934940.1,741,32624,79,11.0,33.0,0.0
1783934940.7,741,32624,79,10.0,33.0,0.0
1783934941.3,741,32624,79,10.0,33.0,0.0
1783934941.9,741,32624,79,10.0,33.0,0.0
1783934942.5,741,32624,79,11.0,33.0,0.0
1783934943.1,741,32624,79,10.0,33.0,0.0
1783934943.7,741,32624,79,10.0,33.0,0.0
1783934944.3,741,32624,79,10.0,33.0,0.0
1783934944.8,741,32624,79,9.0,33.0,0.0
1783934945.4,741,32624,79,8.0,33.0,0.0
1783934946.0,741,32624,79,10.0,33.0,0.0
1783934946.6,741,32624,79,10.0,33.0,0.0
1783934947.2,741,32624,79,9.0,33.0,0.0
1783934947.8,741,32624,79,10.0,33.0,0.0
1783934948.4,741,32624,79,9.0,33.0,0.0
1783934949.0,741,32624,79,9.0,33.0,0.0
1783934949.6,741,32624,79,10.0,33.0,0.0
1783934950.2,741,32624,79,10.0,33.0,0.0
1783934950.8,741,32624,79,9.0,33.0,0.0
1783934951.4,741,32624,79,10.0,33.0,0.0
1783934952.0,741,32624,79,9.0,33.0,0.0
1783934952.6,741,32624,79,10.0,33.0,0.0
1783934953.1,741,32624,79,10.0,33.0,0.0
1783934953.7,741,32624,79,9.0,33.0,0.0
1783934954.3,741,32624,79,10.0,33.0,0.0
1783934954.9,741,32624,79,10.0,33.0,0.0
1783934955.5,741,32624,79,10.0,33.0,0.0
1783934956.1,741,32624,79,10.0,33.0,0.0
1783934956.7,741,32624,79,10.0,33.0,0.0
1783934957.3,741,32624,79,10.0,33.0,0.0
1783934957.9,741,32624,79,9.0,33.0,0.0
1783934958.5,741,32624,79,10.0,33.0,0.0
1783934959.1,741,32624,79,12.0,33.0,0.0
1783934959.7,741,32624,79,9.0,33.0,0.0
1783934960.3,741,32624,79,9.0,33.0,0.0
1783934960.9,741,32624,79,10.0,33.0,0.0
1783934961.5,741,32624,79,10.0,33.0,0.0
1783934962.1,741,32624,79,10.0,33.0,0.0
1783934962.7,741,32624,79,10.0,33.0,0.0
1783934963.3,741,32624,79,10.0,33.0,0.0
1783934963.9,741,32624,79,10.0,33.0,0.0
1783934964.5,741,32624,79,9.0,33.0,0.0
1783934965.1,741,32624,79,10.0,33.0,0.0
1783934965.7,741,32624,79,10.0,33.0,0.0
1783934966.3,741,32624,79,10.0,33.0,0.0
1783934966.8,741,32624,79,11.0,33.0,0.0
1783934967.4,741,32624,79,9.0,33.0,0.0
1783934968.0,741,32624,79,9.0,33.0,0.0
1783934968.6,741,32624,79,10.0,33.0,0.0
1783934969.2,741,32624,79,9.0,33.0,0.0
1783934969.8,741,32624,79,9.0,33.0,0.0
1783934970.4,741,32624,79,10.0,33.0,0.0
1783934971.0,741,32624,79,10.0,33.0,0.0
1783934971.6,741,32624,79,10.0,33.0,0.0
1783934972.2,741,32624,79,10.0,33.0,0.0
1783934972.8,741,32624,79,9.0,33.0,0.0
1783934973.4,741,32624,79,8.0,33.0,0.0
1783934974.0,741,32624,79,9.0,33.0,0.0
1783934974.6,741,32624,79,10.0,33.0,0.0
1783934975.2,741,32624,79,10.0,33.0,0.0
1783934975.8,741,32624,79,9.0,33.0,0.0
1783934976.4,741,32624,79,9.0,33.0,0.0
1783934977.0,741,32624,79,9.0,33.0,0.0
1783934977.5,741,32624,79,9.0,33.0,0.0
1783934978.1,741,32624,79,9.0,33.0,0.0
1783934978.7,741,32624,79,9.0,33.0,0.0
1783934979.3,741,32624,79,10.0,33.0,0.0
1783934979.9,741,32624,79,11.0,33.0,0.0
1783934980.5,741,32624,79,10.0,33.0,0.0
1783934981.1,741,32624,79,10.0,33.0,0.0
1783934981.7,741,32624,79,8.0,33.0,0.0
1783934982.3,741,32624,79,10.0,33.0,0.0
1783934982.9,741,32624,79,10.0,33.0,0.0
1783934983.5,741,32624,79,10.0,33.0,0.0
1783934984.1,741,32624,79,10.0,33.0,0.0
1783934984.7,741,32624,79,10.0,33.0,0.0
1783934985.3,741,32624,79,9.0,33.0,0.0
1783934985.9,741,32624,79,9.0,33.0,0.0
1783934986.5,741,32624,79,9.0,33.0,0.0
1783934987.1,741,32624,79,10.0,33.0,0.0
1783934987.6,741,32624,79,10.0,33.0,0.0
1783934988.2,741,32624,79,10.0,33.0,0.0
1783934988.8,741,32624,79,11.0,33.0,0.0
1783934989.4,741,32624,79,13.0,33.0,0.0
1783934990.0,741,32624,79,10.0,33.0,0.0
1783934990.6,778,32624,103,26.0,33.0,1536.0
1783934991.2,778,32624,79,10.0,33.0,0.0
1783934991.8,778,32624,79,10.0,33.0,0.0
1783934992.4,780,32624,79,21.0,33.0,0.0
1783934993.0,780,32624,79,11.0,33.0,0.0
1783934993.6,780,32624,79,9.0,33.0,0.0
1783934994.2,782,32624,95,10.0,33.0,0.0
1783934994.8,782,32624,95,10.0,33.0,0.0
1783934995.4,782,32624,95,10.0,33.0,0.0
1783934996.0,782,32624,95,10.0,33.0,0.0
1783934996.6,782,32624,95,9.0,33.0,0.0
1783934997.1,782,32624,95,10.0,33.0,0.0
1783934997.7,782,32624,95,10.0,33.0,0.0
1783934998.3,782,32624,83,9.0,33.0,0.0
1783934998.9,766,32624,83,9.0,33.0,0.0
1783934999.5,766,32624,83,10.0,33.0,0.0
1783935000.1,766,32624,83,11.0,33.0,0.0
1783935000.7,766,32624,83,10.0,33.0,0.0
1783935001.3,766,32624,83,9.0,33.0,0.0
1783935001.9,766,32624,83,9.0,33.0,0.0
1783935002.5,766,32624,83,9.0,33.0,0.0
1783935003.1,766,32624,83,9.0,33.0,0.0
1783935003.7,766,32624,83,10.0,33.0,0.0
1783935004.3,766,32624,83,10.0,33.0,0.0
1783935004.9,766,32624,83,9.0,33.0,0.0
1783935005.5,766,32624,83,11.0,33.0,0.0
1783935006.1,766,32624,83,11.0,33.0,0.0
1783935006.7,766,32624,83,9.0,33.0,0.0
1783935007.3,766,32624,83,9.0,33.0,0.0
1783935007.9,766,32624,83,9.0,33.0,0.0
1783935008.4,766,32624,83,10.0,33.0,0.0
1783935009.0,766,32624,83,9.0,33.0,0.0
1783935009.6,766,32624,83,10.0,33.0,0.0
1783935010.2,766,32624,83,9.0,33.0,0.0
1783935010.8,766,32624,83,10.0,33.0,0.0
1783935011.4,766,32624,83,10.0,33.0,0.0
1783935012.0,766,32624,83,9.0,33.0,0.0
1783935012.6,766,32624,83,10.0,33.0,0.0
1783935013.2,766,32624,83,10.0,33.0,0.0
1783935013.8,766,32624,83,12.0,33.0,0.0
1783935014.4,766,32624,83,9.0,33.0,0.0
1783935015.0,766,32624,83,9.0,33.0,0.0
1783935015.6,766,32624,83,10.0,32.0,0.0
1783935016.2,766,32624,83,10.0,33.0,0.0
1783935016.8,766,32624,83,10.0,32.0,0.0
1783935017.4,766,32624,83,10.0,33.0,0.0
1783935018.0,766,32624,83,10.0,33.0,0.0
1783935018.5,766,32624,83,10.0,33.0,0.0
1783935019.1,766,32624,83,9.0,33.0,0.0
1783935019.7,766,32624,83,9.0,33.0,0.0
1783935020.3,766,32624,83,10.0,33.0,0.0
1783935020.9,766,32624,83,10.0,33.0,0.0
1783935021.5,766,32624,83,11.0,33.0,0.0
1783935022.1,766,32624,83,11.0,33.0,0.0
1783935022.7,766,32624,83,10.0,33.0,0.0
1783935023.3,766,32624,83,10.0,33.0,0.0
1783935023.9,766,32624,83,10.0,32.0,0.0
1783935024.5,766,32624,83,10.0,33.0,0.0
1783935025.1,766,32624,83,9.0,33.0,0.0
1783935025.7,766,32624,83,9.0,33.0,0.0
1783935026.3,766,32624,83,10.0,33.0,0.0
1783935026.9,766,32624,83,10.0,33.0,0.0
1783935027.5,766,32624,83,10.0,33.0,0.0
1783935028.1,766,32624,83,10.0,33.0,0.0
1783935028.7,766,32624,83,10.0,33.0,0.0
1783935029.3,766,32624,83,10.0,33.0,0.0
1783935029.8,766,32624,83,10.0,33.0,0.0
1783935030.4,766,32624,83,9.0,33.0,0.0
1783935031.0,766,32624,83,9.0,33.0,0.0
1783935031.6,766,32624,83,10.0,33.0,0.0
1783935032.2,766,32624,83,9.0,33.0,0.0
1783935032.8,766,32624,83,10.0,32.0,0.0
1783935033.4,766,32624,83,9.0,33.0,0.0
1783935034.0,766,32624,83,9.0,33.0,0.0
1783935034.6,766,32624,83,10.0,33.0,0.0
1783935035.2,766,32624,83,10.0,33.0,0.0
1783935035.8,766,32624,83,10.0,33.0,0.0
1783935036.4,766,32624,83,10.0,33.0,0.0
1783935037.0,766,32624,83,10.0,33.0,0.0
1783935037.6,766,32624,83,9.0,33.0,0.0
1783935038.2,766,32624,83,9.0,33.0,0.0
1783935038.7,766,32624,83,10.0,33.0,0.0
1783935039.3,766,32624,83,9.0,33.0,0.0
1783935039.9,766,32624,83,9.0,33.0,0.0
1783935040.5,766,32624,83,11.0,33.0,0.0
1783935041.1,766,32624,83,9.0,33.0,0.0
1783935041.7,766,32624,83,9.0,32.0,0.0
1783935042.3,766,32624,83,9.0,32.0,0.0
1783935042.9,766,32624,83,10.0,32.0,0.0
1783935043.5,766,32624,83,9.0,33.0,0.0
1783935044.1,766,32624,83,10.0,33.0,0.0
1783935044.7,766,32624,83,10.0,33.0,0.0
1783935045.3,766,32624,83,10.0,33.0,0.0
1783935045.9,766,32624,83,9.0,32.0,0.0
1783935046.4,766,32624,83,10.0,33.0,0.0
1783935047.0,766,32624,83,9.0,33.0,0.0
1783935047.6,766,32624,83,9.0,33.0,0.0
1783935048.2,766,32624,83,10.0,33.0,0.0
1783935048.8,766,32624,83,10.0,33.0,0.0
1783935049.4,766,32624,83,10.0,33.0,0.0
1783935050.0,766,32624,83,10.0,33.0,0.0
1783935050.6,764,32624,83,9.0,33.0,0.0
1783935051.2,764,32624,83,9.0,33.0,0.0
1783935051.8,764,32624,83,10.0,33.0,0.0
1783935052.4,764,32624,83,9.0,33.0,0.0
1783935053.0,764,32624,83,10.0,33.0,0.0
1783935053.6,764,32624,83,10.0,33.0,0.0
1783935054.2,764,32624,83,11.0,33.0,0.0
1783935054.8,764,32624,83,10.0,33.0,0.0
1783935055.4,764,32624,83,10.0,33.0,0.0
1783935055.9,764,32624,83,9.0,33.0,0.0
1783935056.5,764,32624,83,10.0,33.0,0.0
1783935057.1,764,32624,83,9.0,33.0,0.0
1783935057.7,764,32624,83,10.0,33.0,0.0
1783935058.3,764,32624,83,9.0,33.0,0.0
1783935058.9,764,32624,83,10.0,33.0,0.0
1783935059.5,764,32624,83,10.0,33.0,0.0
1783935060.1,764,32624,83,10.0,33.0,0.0
1783935060.7,764,32624,83,11.0,33.0,0.0
1783935061.3,764,32624,83,10.0,33.0,0.0
1783935061.9,764,32624,83,11.0,33.0,0.0
1783935062.5,764,32624,83,10.0,33.0,0.0
1783935063.1,764,32624,83,10.0,32.0,0.0
1783935063.7,764,32624,83,11.0,33.0,0.0
1783935064.2,764,32624,83,10.0,33.0,0.0
1783935064.8,764,32624,83,10.0,33.0,0.0
1783935065.4,764,32624,83,12.0,33.0,0.0
1783935066.0,764,32624,83,10.0,33.0,0.0
1783935066.6,764,32624,83,10.0,33.0,0.0
1783935067.2,764,32624,83,10.0,33.0,0.0
1783935067.8,764,32624,83,9.0,33.0,0.0
1783935068.4,764,32624,83,9.0,33.0,0.0
1783935069.0,764,32624,83,9.0,33.0,0.0
1783935069.6,764,32624,83,10.0,33.0,0.0
1783935070.2,764,32624,83,10.0,33.0,0.0
1783935070.8,764,32624,83,10.0,33.0,0.0
1783935071.4,764,32624,83,9.0,32.0,0.0
1783935072.0,764,32624,83,10.0,33.0,0.0
1783935072.5,764,32624,83,10.0,32.0,0.0
1783935073.1,764,32624,83,9.0,32.0,0.0
1783935073.7,754,32624,85,11.0,33.0,0.0
1783935074.3,754,32624,85,10.0,33.0,0.0
1783935074.9,754,32624,85,11.0,33.0,0.0
1783935075.5,744,32624,81,9.0,33.0,0.0
1783935076.1,744,32624,81,9.0,32.0,0.0
1783935076.7,744,32624,81,9.0,32.0,0.0
1783935077.3,744,32624,81,9.0,32.0,0.0
1783935077.9,744,32624,81,10.0,33.0,0.0
1783935078.5,744,32624,81,9.0,33.0,0.0
1783935079.1,744,32624,81,9.0,32.0,0.0
1783935079.7,744,32624,81,9.0,33.0,0.0
1783935080.3,744,32624,81,10.0,33.0,0.0
1783935080.9,744,32624,81,9.0,32.0,0.0
1783935081.5,744,32624,81,11.0,33.0,0.0
1783935082.0,744,32624,81,10.0,33.0,0.0
1783935082.6,744,32624,81,10.0,33.0,0.0
1783935083.2,744,32624,81,9.0,33.0,0.0
1783935083.8,744,32624,81,10.0,33.0,0.0
1783935084.4,744,32624,81,9.0,32.0,0.0
1783935085.0,744,32624,81,9.0,32.0,0.0
1783935085.6,744,32624,81,11.0,33.0,0.0
1783935086.2,744,32624,81,12.0,33.0,0.0
1783935086.8,744,32624,81,9.0,33.0,0.0
1783935087.4,744,32624,81,9.0,33.0,0.0
1783935088.0,744,32624,81,10.0,33.0,0.0
1783935088.6,744,32624,81,11.0,33.0,0.0
1783935089.2,744,32624,81,10.0,32.0,0.0
1783935089.8,744,32624,81,9.0,32.0,0.0
1783935090.4,744,32624,81,9.0,32.0,0.0
1783935091.0,744,32624,81,10.0,32.0,0.0
1783935091.6,744,32624,81,9.0,32.0,0.0
1783935092.2,744,32624,81,9.0,32.0,0.0
1783935092.8,744,32624,81,10.0,32.0,0.0
1783935093.4,744,32624,81,12.0,32.0,0.0
1783935094.0,755,32624,107,27.0,32.0,787.0
1783935094.5,748,32624,99,25.0,33.0,603.0
1783935095.1,758,32624,93,14.0,33.0,8.0
1783935095.7,758,32624,93,11.0,33.0,0.0
1783935096.3,762,32624,90,16.0,33.0,901.0
1783935096.9,762,32624,90,11.0,33.0,0.0
1783935097.5,762,32624,90,11.0,33.0,0.0
1783935098.1,762,32624,90,12.0,33.0,0.0
1783935098.7,762,32624,90,13.0,33.0,0.0
1783935099.3,762,32624,90,13.0,33.0,45.0
1783935099.9,762,32624,84,11.0,33.0,0.0
1783935100.5,762,32624,84,11.0,33.0,0.0
1783935101.1,747,32624,84,22.0,33.0,0.0
1783935101.7,747,32624,84,11.0,33.0,0.0
1783935102.3,747,32624,84,12.0,33.0,0.0
1783935102.9,747,32624,84,10.0,32.0,0.0
1783935103.5,747,32624,84,11.0,32.0,0.0
1783935104.1,745,32624,88,11.0,32.0,0.0
1783935104.7,745,32624,88,13.0,32.0,0.0
1783935105.3,745,32624,88,12.0,33.0,0.0
1783935105.9,745,32624,86,10.0,33.0,0.0
1783935106.5,745,32624,81,10.0,32.0,0.0
1783935107.1,745,32624,81,9.0,32.0,0.0
1783935107.7,745,32624,88,10.0,33.0,0.0
1783935108.3,745,32624,88,15.0,32.0,1403.0
1783935108.9,745,32624,88,15.0,33.0,31.0
1783935109.5,725,32624,84,11.0,33.0,0.0
1783935110.0,725,32624,84,10.0,33.0,0.0
1783935110.6,725,32624,84,11.0,33.0,0.0
1783935111.2,725,32624,84,11.0,33.0,0.0
1783935111.8,725,32624,79,15.0,32.0,1541.0
1783935112.4,725,32624,79,11.0,33.0,263.0
1783935113.0,725,32624,86,14.0,32.0,6.0
1783935113.6,725,32624,86,19.0,32.0,356.0
1783935114.2,725,32624,86,13.0,32.0,0.0
1783935114.8,725,32624,86,11.0,32.0,0.0
1783935115.4,725,32624,86,11.0,32.0,0.0
1783935116.0,725,32624,86,11.0,33.0,0.0
1783935116.6,725,32624,86,12.0,33.0,0.0
1783935117.2,725,32624,86,11.0,33.0,0.0
1783935117.8,725,32624,86,11.0,33.0,0.0
1783935118.4,725,32624,86,23.0,32.0,97.0
1783935119.0,725,32624,86,11.0,33.0,0.0
1783935119.6,725,32624,86,12.0,33.0,0.0
1783935120.2,725,32624,86,19.0,32.0,327.0
1783935120.7,725,32624,86,11.0,33.0,0.0
1783935121.3,725,32624,86,10.0,33.0,0.0
1783935121.9,725,32624,86,11.0,33.0,0.0
1783935122.5,725,32624,86,15.0,33.0,367.0
1783935123.1,725,32624,86,11.0,33.0,0.0
1783935123.7,725,32624,86,11.0,33.0,0.0
1783935124.3,721,32624,86,16.0,33.0,256.0
1783935124.9,721,32624,86,11.0,33.0,0.0
1783935125.5,721,32624,86,11.0,33.0,0.0
1783935126.1,721,32624,86,12.0,33.0,0.0
1783935126.7,721,32624,86,17.0,33.0,31.0
1783935127.3,721,32624,86,11.0,33.0,0.0
1783935127.9,721,32624,86,11.0,33.0,0.0
1783935128.5,721,32624,86,18.0,32.0,500.0
1783935129.1,721,32624,86,13.0,33.0,179.0
1783935129.7,721,32624,86,11.0,33.0,0.0
1783935130.3,721,32624,86,16.0,33.0,54.0
1783935130.9,721,32624,86,11.0,33.0,0.0
1783935131.5,721,32624,86,11.0,33.0,0.0
1783935132.1,721,32624,86,11.0,33.0,0.0
1783935132.7,721,32624,86,11.0,33.0,0.0
1783935133.3,721,32624,86,11.0,33.0,0.0
1783935133.9,726,32624,90,12.0,33.0,0.0
1783935134.5,726,32624,86,11.0,33.0,0.0
1783935135.1,722,32624,90,17.0,33.0,1809.0
1783935135.7,739,32624,92,12.0,33.0,0.0
1783935136.2,739,32624,92,10.0,33.0,0.0
1783935136.8,739,32624,92,11.0,33.0,0.0
1783935137.4,739,32624,86,18.0,33.0,375.0
1783935138.0,739,32624,86,12.0,33.0,0.0
1783935138.6,739,32624,86,11.0,33.0,0.0
1783935139.2,750,32624,100,27.0,33.0,1419.0
1783935139.8,750,32624,98,15.0,33.0,71.0
1783935140.4,750,32624,98,11.0,33.0,0.0
1783935141.0,750,32624,98,11.0,33.0,0.0
1783935141.6,750,32624,82,12.0,33.0,0.0
1783935142.2,750,32624,80,11.0,33.0,0.0
1783935142.8,750,32624,84,15.0,33.0,47.0
1783935143.4,750,32624,112,26.0,33.0,1632.0
1783935144.0,750,32624,98,26.0,33.0,21.0
1783935144.6,750,32624,96,22.0,33.0,0.0
1783935145.2,750,32624,83,12.0,33.0,0.0
1783935145.8,750,32624,83,26.0,32.0,38.0
1783935146.4,750,32624,86,22.0,33.0,0.0
1783935147.0,750,32624,83,11.0,33.0,0.0
1783935147.6,750,32624,83,11.0,33.0,0.0
1783935148.2,750,32624,83,16.0,33.0,24.0
1783935148.7,750,32624,83,11.0,33.0,0.0
1783935149.3,741,32624,83,15.0,33.0,23.0
1783935149.9,741,32624,83,26.0,33.0,36.0
1783935150.5,741,32624,83,12.0,33.0,0.0
1783935151.1,741,32624,83,11.0,33.0,0.0
1783935151.7,741,32624,83,10.0,33.0,0.0
1783935152.3,741,32624,83,22.0,33.0,0.0
1783935152.9,741,32624,83,11.0,33.0,0.0
1783935153.5,741,32624,83,11.0,33.0,0.0
1783935154.1,741,32624,83,11.0,33.0,0.0
1783935154.7,741,32624,83,15.0,33.0,17.0
1783935155.3,741,32624,83,11.0,33.0,0.0
1783935155.9,741,32624,95,25.0,33.0,47.0
1783935156.5,741,32624,119,26.0,33.0,1365.0
1783935157.1,741,32624,107,22.0,33.0,0.0
1783935157.7,741,32624,89,28.0,33.0,48.0
1783935158.3,741,32624,89,11.0,33.0,0.0
1783935158.9,741,32624,92,22.0,33.0,0.0
1783935159.5,741,32624,92,28.0,33.0,6.0
1783935160.1,741,32624,92,22.0,33.0,0.0
1783935160.7,741,32624,83,14.0,33.0,0.0
1783935161.3,741,32624,83,31.0,34.0,17.0
1783935161.9,741,32624,83,15.0,33.0,44.0
1783935162.5,741,32624,83,11.0,33.0,0.0
1783935163.1,741,32624,83,12.0,33.0,0.0
1783935163.7,741,32624,85,16.0,33.0,1722.0
1783935164.3,741,32624,85,20.0,33.0,0.0
1783935164.9,741,32624,85,22.0,33.0,0.0
1783935165.5,741,32624,96,22.0,33.0,0.0
1783935166.1,741,32624,83,27.0,34.0,500.0
1783935166.7,741,32624,84,22.0,34.0,0.0
1783935167.3,741,32624,83,11.0,33.0,0.0
1783935167.9,741,32624,83,31.0,34.0,102.0
1783935168.4,741,32624,83,22.0,33.0,0.0
1783935169.0,741,32624,83,11.0,33.0,0.0
1783935169.6,741,32624,83,20.0,33.0,66.0
1783935170.2,741,32624,83,25.0,33.0,34.0
1783935170.8,741,32624,85,14.0,33.0,6.0
1783935171.4,741,32624,94,26.0,33.0,6.0
1783935172.0,741,32624,85,26.0,34.0,25.0
1783935172.6,741,32624,85,28.0,34.0,359.0
1783935173.2,741,32624,83,22.0,34.0,0.0
1783935173.8,741,32624,85,29.0,34.0,1808.0
1783935174.4,741,32624,85,11.0,33.0,0.0
1783935175.0,741,32624,85,26.0,34.0,16.0
1783935175.6,741,32624,85,11.0,34.0,0.0
1783935176.2,741,32624,85,12.0,33.0,0.0
1783935176.8,741,32624,85,22.0,34.0,0.0
1783935177.4,741,32624,85,22.0,34.0,0.0
1783935178.0,741,32624,105,11.0,34.0,0.0
1783935178.6,741,32624,112,27.0,34.0,136.0
1783935179.2,741,32624,119,23.0,34.0,0.0
1783935179.8,741,32624,110,26.0,34.0,620.0
1783935180.4,741,32624,101,11.0,34.0,0.0
1783935181.0,741,32624,88,11.0,33.0,0.0
1783935181.6,741,32624,88,11.0,34.0,0.0
1783935182.2,741,32624,88,20.0,33.0,224.0
1783935182.8,741,32624,88,10.0,33.0,0.0
1783935183.3,741,32624,88,22.0,34.0,0.0
1783935183.9,741,32624,88,11.0,34.0,0.0
1783935184.5,741,32624,89,22.0,34.0,0.0
1783935185.1,741,32624,88,11.0,33.0,0.0
1783935185.7,741,32624,88,11.0,33.0,0.0
1783935186.3,741,32624,106,24.0,34.0,0.0
1783935186.9,741,32624,127,25.0,34.0,97.0
1783935187.5,741,32624,117,23.0,34.0,0.0
1783935188.1,741,32624,113,26.0,34.0,40.0
1783935188.7,741,32624,113,22.0,34.0,0.0
1783935189.3,741,32624,90,22.0,34.0,0.0
1783935189.9,741,32624,90,22.0,34.0,0.0
1783935190.5,741,32624,90,15.0,34.0,26.0
1783935191.1,741,32624,90,10.0,33.0,0.0
1783935191.7,741,32624,90,11.0,33.0,0.0
1783935192.3,741,32624,99,23.0,34.0,0.0
1783935192.9,741,32624,90,28.0,34.0,1207.0
1783935193.5,732,32624,104,22.0,34.0,0.0
1783935194.1,751,32624,120,29.0,34.0,313.0
1783935194.7,751,32624,120,10.0,34.0,0.0
1783935195.3,751,32624,120,11.0,33.0,0.0
1783935195.9,747,32624,100,11.0,34.0,0.0
1783935196.5,747,32624,100,25.0,34.0,546.0
1783935197.1,747,32624,100,22.0,34.0,0.0
1783935197.7,747,32624,100,22.0,34.0,0.0
1783935198.2,747,32624,100,15.0,34.0,70.0
1783935198.9,739,32624,109,25.0,34.0,19.0
1783935199.5,739,32624,109,22.0,34.0,0.0
1783935200.1,739,32624,100,21.0,34.0,0.0
1783935200.7,739,32624,100,11.0,34.0,0.0
1783935201.3,739,32624,100,22.0,34.0,0.0
1783935201.8,739,32624,100,11.0,34.0,0.0
1783935202.4,739,32624,109,22.0,34.0,0.0
1783935203.0,739,32624,109,26.0,34.0,41.0
1783935203.7,739,32624,100,22.0,34.0,0.0
1783935204.3,739,32624,100,16.0,34.0,85.0
1783935204.9,739,32624,104,22.0,34.0,0.0
1783935205.5,739,32624,104,11.0,34.0,0.0
1783935206.1,739,32624,115,25.0,34.0,500.0
1783935206.7,739,32624,115,22.0,34.0,0.0
1783935207.3,739,32624,102,20.0,34.0,3.0
1783935207.8,739,32624,113,26.0,34.0,186.0
1783935208.4,739,32624,100,22.0,34.0,0.0
1783935209.0,739,32624,115,22.0,34.0,0.0
1783935209.6,739,32624,101,24.0,34.0,150.0
1783935210.2,739,32624,100,24.0,34.0,218.0
1783935210.8,739,32624,102,22.0,34.0,0.0
1783935211.4,739,32624,102,26.0,34.0,150.0
1783935212.0,739,32624,100,12.0,34.0,0.0
1783935212.6,739,32624,100,22.0,34.0,0.0
1783935213.2,739,32624,102,21.0,34.0,20.0
1783935213.8,739,32624,102,26.0,34.0,24.0
1783935214.4,739,32624,102,11.0,34.0,0.0
1783935215.0,739,32624,102,11.0,34.0,0.0
1783935215.6,739,32624,102,10.0,34.0,0.0
1783935216.2,739,32624,102,11.0,34.0,0.0
1783935216.8,739,32624,102,14.0,34.0,0.0
1783935217.4,739,32624,102,20.0,34.0,163.0
1783935218.0,739,32624,102,12.0,34.0,0.0
1783935218.6,739,32624,103,22.0,34.0,0.0
1783935219.2,739,32624,115,27.0,34.0,500.0
1783935219.8,739,32624,126,22.0,34.0,0.0
1783935220.4,739,32624,100,10.0,34.0,0.0
1783935220.9,739,32624,100,22.0,34.0,0.0
1783935221.5,739,32624,100,22.0,34.0,0.0
1783935222.1,739,32624,100,11.0,34.0,0.0
1783935222.7,739,32624,100,12.0,34.0,0.0
1783935223.3,739,32624,100,11.0,34.0,0.0
1783935223.9,724,32624,101,26.0,34.0,14.0
1783935224.5,724,32624,113,22.0,34.0,0.0
1783935225.1,724,32624,100,11.0,34.0,0.0
1783935225.7,724,32624,114,22.0,34.0,0.0
1783935226.3,724,32624,106,22.0,34.0,0.0
1783935226.9,724,32624,106,10.0,34.0,0.0
1783935227.5,724,32624,106,9.0,34.0,0.0
1783935228.1,724,32624,91,26.0,34.0,131.0
1783935228.7,724,32624,105,26.0,34.0,11.0
1783935229.3,724,32624,103,23.0,34.0,0.0
1783935229.9,724,32624,101,25.0,34.0,500.0
1783935230.5,724,32624,110,11.0,34.0,0.0
1783935231.1,724,32624,104,11.0,34.0,0.0
1783935231.7,724,32624,92,12.0,34.0,0.0
1783935232.3,724,32624,92,16.0,34.0,1435.0
1783935232.9,724,32624,92,11.0,34.0,0.0
1783935233.5,724,32624,92,10.0,34.0,0.0
1783935234.0,724,32624,92,11.0,34.0,0.0
1783935234.6,724,32624,92,11.0,34.0,0.0
1783935235.2,724,32624,99,22.0,34.0,0.0
1783935235.8,724,32624,99,11.0,34.0,0.0
1783935236.4,724,32624,91,11.0,34.0,0.0
1783935237.0,724,32624,91,10.0,34.0,0.0
1783935237.6,724,32624,91,11.0,34.0,0.0
1783935238.2,724,32624,91,11.0,34.0,0.0
1783935238.8,724,32624,85,11.0,34.0,0.0
1783935239.4,724,32624,85,11.0,34.0,0.0
1783935240.0,724,32624,85,11.0,34.0,0.0
1783935240.6,724,32624,85,10.0,34.0,0.0
1783935241.2,724,32624,89,11.0,34.0,0.0
1783935241.8,724,32624,89,11.0,34.0,0.0
1783935242.4,724,32624,89,10.0,34.0,0.0
1783935243.0,724,32624,89,10.0,34.0,0.0
1783935243.6,724,32624,89,11.0,34.0,0.0
1783935244.2,724,32624,95,11.0,33.0,0.0
1783935244.7,724,32624,95,11.0,34.0,0.0
1783935245.4,724,32624,97,11.0,34.0,0.0
1783935246.0,724,32624,97,11.0,34.0,0.0
1783935246.6,724,32624,95,18.0,34.0,1250.0
1783935247.2,724,32624,95,11.0,34.0,0.0
1783935247.7,724,32624,95,10.0,34.0,0.0
1783935248.3,724,32624,95,11.0,34.0,0.0
1783935248.9,724,32624,95,11.0,34.0,0.0
1783935249.5,724,32624,95,11.0,34.0,0.0
1783935250.1,724,32624,108,15.0,34.0,41.0
1783935250.7,724,32624,108,10.0,34.0,0.0
1783935251.3,724,32624,95,11.0,34.0,0.0
1783935251.9,724,32624,89,11.0,34.0,0.0
1783935252.5,724,32624,89,11.0,34.0,0.0
1783935253.1,724,32624,89,11.0,34.0,0.0
1783935253.7,724,32624,89,11.0,34.0,0.0
1783935254.3,724,32624,89,10.0,34.0,0.0
1783935254.9,724,32624,89,11.0,34.0,0.0
1783935255.5,724,32624,89,11.0,34.0,0.0
1783935256.1,724,32624,89,10.0,34.0,0.0
1783935256.7,724,32624,89,11.0,34.0,0.0
1783935257.2,724,32624,89,15.0,33.0,25.0
1783935257.8,724,32624,89,12.0,34.0,0.0
1783935258.4,724,32624,89,11.0,34.0,0.0
1783935259.0,724,32624,89,11.0,34.0,0.0
1783935259.6,724,32624,89,12.0,33.0,0.0
1783935260.2,724,32624,89,10.0,34.0,0.0
1783935260.8,724,32624,103,10.0,34.0,0.0
1783935261.4,724,32624,103,11.0,34.0,0.0
1783935262.0,724,32624,95,11.0,34.0,0.0
1783935262.6,724,32624,95,11.0,33.0,0.0
1783935263.2,724,32624,95,11.0,34.0,0.0
1783935263.8,724,32624,95,11.0,34.0,0.0
1783935264.4,724,32624,95,14.0,34.0,20.0
1783935264.9,724,32624,95,17.0,34.0,27.0
1783935265.6,724,32624,97,16.0,33.0,32.0
1783935266.1,724,32624,97,18.0,33.0,569.0
1783935266.7,724,32624,89,11.0,33.0,0.0
1783935267.3,724,32624,89,11.0,33.0,0.0
1783935267.9,724,32624,89,10.0,33.0,0.0
1783935268.5,724,32624,89,11.0,33.0,0.0
1783935269.1,724,32624,89,12.0,33.0,0.0
1783935269.7,724,32624,89,11.0,34.0,0.0
1783935270.3,724,32624,89,16.0,33.0,202.0
1783935270.9,724,32624,89,11.0,33.0,0.0
1783935271.5,724,32624,89,11.0,34.0,0.0
1783935272.1,724,32624,89,11.0,34.0,0.0
1783935272.7,724,32624,89,11.0,33.0,0.0
1783935273.2,724,32624,89,11.0,33.0,0.0
1783935273.8,724,32624,89,10.0,34.0,0.0
1783935274.4,724,32624,89,17.0,34.0,1307.0
1783935275.0,724,32624,89,13.0,33.0,0.0
1783935275.6,724,32624,103,22.0,34.0,0.0
1783935276.2,724,32624,95,11.0,34.0,0.0
1783935276.8,724,32624,95,10.0,33.0,0.0
1783935277.4,724,32624,95,12.0,33.0,0.0
1783935278.0,724,32624,95,12.0,34.0,0.0
1783935278.6,724,32624,95,11.0,34.0,0.0
1783935279.2,724,32624,95,11.0,34.0,0.0
1783935279.8,724,32624,95,11.0,33.0,0.0
1783935280.4,724,32624,103,11.0,34.0,0.0
1783935280.9,724,32624,103,11.0,34.0,0.0
1783935281.5,724,32624,103,11.0,33.0,0.0
1783935282.1,724,32624,93,11.0,34.0,0.0
1783935282.7,724,32624,93,10.0,33.0,0.0
1783935283.3,724,32624,93,11.0,33.0,0.0
1783935283.9,724,32624,93,11.0,33.0,0.0
1783935284.5,724,32624,93,11.0,33.0,0.0
1783935285.1,724,32624,87,11.0,33.0,0.0
1783935285.7,724,32624,87,11.0,33.0,0.0
1783935286.3,724,32624,89,11.0,33.0,0.0
1783935286.9,724,32624,89,11.0,33.0,0.0
1783935287.5,724,32624,89,11.0,33.0,0.0
1783935288.1,724,32624,89,11.0,33.0,0.0
1783935288.7,724,32624,89,11.0,33.0,0.0
1783935289.2,724,32624,89,11.0,33.0,0.0
1783935289.8,724,32624,89,11.0,33.0,0.0
1783935290.4,724,32624,95,16.0,33.0,138.0
1783935291.0,724,32624,95,10.0,33.0,0.0
1783935291.6,724,32624,89,11.0,33.0,0.0
1783935292.2,724,32624,89,11.0,33.0,0.0
1783935292.8,724,32624,89,12.0,33.0,0.0
1783935293.4,724,32624,89,11.0,33.0,0.0
1783935294.0,724,32624,89,11.0,33.0,0.0
1783935294.6,724,32624,91,11.0,33.0,0.0
1783935295.2,724,32624,106,11.0,33.0,0.0
1783935295.8,724,32624,93,11.0,33.0,0.0
1783935296.4,724,32624,93,17.0,33.0,1161.0
1783935297.0,724,32624,93,11.0,33.0,0.0
1783935297.6,724,32624,93,15.0,33.0,1535.0
1783935298.2,724,32624,93,12.0,33.0,278.0
1783935298.7,724,32624,93,11.0,33.0,0.0
1783935299.3,724,32624,93,11.0,33.0,0.0
1783935299.9,724,32624,93,16.0,33.0,1751.0
1783935300.5,724,32624,93,14.0,33.0,41.0
1783935301.1,724,32624,93,11.0,33.0,0.0
1783935301.7,724,32624,93,10.0,33.0,0.0
1783935302.3,724,32624,93,10.0,33.0,0.0
1783935302.9,724,32624,89,12.0,33.0,0.0
1783935303.5,724,32624,89,11.0,33.0,0.0
1783935304.1,724,32624,89,10.0,33.0,0.0
1783935304.7,724,32624,89,12.0,33.0,0.0
1783935305.3,724,32624,97,17.0,33.0,460.0
1783935305.9,724,32624,103,10.0,33.0,0.0
1783935306.5,724,32624,95,11.0,33.0,0.0
1783935307.1,724,32624,95,11.0,33.0,0.0
1783935307.7,724,32624,95,11.0,33.0,0.0
1783935308.3,724,32624,95,11.0,33.0,0.0
1783935308.8,724,32624,95,11.0,33.0,0.0
1783935309.4,724,32624,95,11.0,33.0,0.0
1783935310.0,724,32624,109,23.0,33.0,1546.0
1783935310.6,724,32624,95,11.0,33.0,0.0
1783935311.2,724,32624,95,11.0,33.0,0.0
1783935311.8,724,32624,95,11.0,33.0,0.0
1783935312.4,724,32624,95,11.0,33.0,0.0
1783935313.0,724,32624,95,11.0,33.0,0.0
1783935313.6,728,32624,91,10.0,33.0,0.0
1783935314.2,728,32624,91,11.0,33.0,0.0
1783935314.8,728,32624,91,11.0,33.0,0.0
1783935315.4,728,32624,91,11.0,33.0,0.0
1783935316.0,718,32624,83,17.0,33.0,166.0
1783935316.6,718,32624,83,11.0,33.0,0.0
1783935317.2,718,32624,83,11.0,33.0,0.0
1783935317.8,718,32624,83,10.0,33.0,0.0
1783935318.4,718,32624,83,11.0,33.0,0.0
1783935319.0,718,32624,83,12.0,33.0,0.0
1783935319.6,718,32624,83,14.0,33.0,6.0
1783935320.1,718,32624,83,11.0,33.0,0.0
1783935320.7,718,32624,97,10.0,33.0,0.0
1783935321.3,718,32624,97,11.0,33.0,0.0
1783935321.9,718,32624,97,12.0,33.0,0.0
1783935322.5,718,32624,97,11.0,33.0,0.0
1783935323.1,718,32624,97,10.0,33.0,0.0
1783935323.7,718,32624,97,11.0,33.0,0.0
1783935324.3,718,32624,97,12.0,33.0,0.0
1783935324.9,718,32624,97,10.0,33.0,0.0
1783935325.5,718,32624,97,12.0,33.0,0.0
1783935326.1,718,32624,97,11.0,33.0,0.0
1783935326.7,718,32624,83,11.0,33.0,0.0
1783935327.3,718,32624,83,11.0,33.0,0.0
1783935327.9,718,32624,83,11.0,33.0,0.0
1783935328.5,718,32624,83,11.0,33.0,0.0
1783935329.0,718,32624,83,11.0,33.0,0.0
1783935329.6,718,32624,83,11.0,33.0,0.0
1783935330.2,718,32624,83,10.0,33.0,0.0
1783935330.8,718,32624,83,10.0,33.0,0.0
1783935331.4,718,32624,83,11.0,33.0,0.0
1783935332.0,718,32624,83,12.0,33.0,0.0
1783935332.6,718,32624,83,11.0,33.0,0.0
1783935333.2,718,32624,83,11.0,33.0,0.0
1783935333.8,718,32624,83,11.0,33.0,0.0
1783935334.4,718,32624,83,10.0,33.0,0.0
1783935335.0,718,32624,83,12.0,33.0,0.0
1783935335.6,718,32624,95,12.0,33.0,0.0
1783935336.2,718,32624,89,11.0,33.0,0.0
1783935336.8,718,32624,89,10.0,33.0,0.0
1783935337.3,718,32624,89,11.0,33.0,0.0
1783935337.9,718,32624,89,11.0,33.0,0.0
1783935338.5,718,32624,89,11.0,33.0,0.0
1783935339.1,718,32624,89,11.0,33.0,0.0
1783935339.7,718,32624,89,12.0,33.0,0.0
1783935340.3,718,32624,103,11.0,33.0,0.0
1783935340.9,718,32624,103,11.0,33.0,0.0
1783935341.5,718,32624,90,10.0,33.0,0.0
1783935342.1,718,32624,86,11.0,33.0,0.0
1783935342.7,718,32624,86,11.0,33.0,0.0
1783935343.3,718,32624,86,12.0,33.0,0.0
1783935343.9,718,32624,86,10.0,33.0,0.0
1783935344.5,718,32624,86,11.0,33.0,0.0
1783935345.1,718,32624,86,11.0,33.0,0.0
1783935345.7,718,32624,86,9.0,33.0,0.0
1783935346.2,718,32624,86,10.0,33.0,0.0
1783935346.8,718,32624,86,10.0,33.0,0.0
1783935347.4,718,32624,86,10.0,33.0,0.0
1783935348.0,718,32624,86,11.0,33.0,0.0
1783935348.6,718,32624,86,12.0,33.0,0.0
1783935349.2,718,32624,86,11.0,33.0,0.0
1783935349.8,718,32624,86,11.0,33.0,0.0
1783935350.4,718,32624,91,16.0,33.0,1306.0
1783935351.0,718,32624,91,12.0,33.0,0.0
1783935351.6,718,32624,83,10.0,33.0,0.0
1783935352.2,718,32624,83,10.0,33.0,0.0
1783935352.8,718,32624,83,12.0,33.0,0.0
1783935353.4,718,32624,79,13.0,33.0,0.0
1783935354.0,718,32624,79,12.0,33.0,0.0
1783935354.6,718,32624,79,18.0,33.0,246.0
1783935355.2,718,32624,93,11.0,33.0,0.0
1783935355.8,718,32624,93,10.0,33.0,0.0
1783935356.4,718,32624,93,12.0,33.0,0.0
1783935357.0,718,32624,85,10.0,33.0,0.0
1783935357.5,718,32624,85,12.0,33.0,0.0
1783935358.1,718,32624,85,11.0,33.0,0.0
1783935358.7,718,32624,85,11.0,33.0,0.0
1783935359.3,718,32624,85,12.0,33.0,0.0
1783935359.9,718,32624,85,10.0,33.0,0.0
1783935360.5,718,32624,85,11.0,33.0,0.0
1783935361.1,718,32624,85,11.0,33.0,0.0
1783935361.7,718,32624,79,11.0,33.0,0.0
1783935362.3,718,32624,83,10.0,33.0,0.0
1783935362.9,718,32624,83,11.0,33.0,0.0
1783935363.5,718,32624,83,11.0,33.0,0.0
1783935364.1,718,32624,83,12.0,33.0,0.0
1783935364.7,718,32624,83,10.0,33.0,0.0
1783935365.3,718,32624,83,10.0,33.0,0.0
1783935365.9,718,32624,95,10.0,33.0,0.0
1783935366.5,718,32624,87,15.0,33.0,18.0
1783935367.1,718,32624,87,12.0,33.0,0.0
1783935367.6,718,32624,87,15.0,33.0,41.0
1783935368.2,718,32624,87,12.0,33.0,0.0
1783935368.8,718,32624,87,12.0,33.0,0.0
1783935369.4,718,32624,87,11.0,33.0,0.0
1783935370.0,718,32624,101,22.0,33.0,0.0
1783935370.6,718,32624,87,22.0,33.0,0.0
1783935371.2,718,32624,87,11.0,33.0,0.0
1783935371.8,718,32624,87,11.0,33.0,0.0
1783935372.4,718,32624,87,10.0,33.0,0.0
1783935373.0,718,32624,87,11.0,33.0,0.0
1783935373.6,718,32624,87,10.0,33.0,0.0
1783935374.2,718,32624,87,12.0,33.0,0.0
1783935374.8,718,32624,87,11.0,33.0,0.0
1783935375.4,718,32624,87,10.0,33.0,0.0
1783935376.0,718,32624,85,11.0,33.0,0.0
1783935376.6,718,32624,85,11.0,33.0,0.0
1783935377.2,718,32624,86,11.0,33.0,0.0
1783935377.7,718,32624,86,11.0,33.0,0.0
1783935378.3,718,32624,86,10.0,33.0,0.0
1783935378.9,718,32624,86,12.0,33.0,0.0
1783935379.5,718,32624,86,10.0,33.0,0.0
1783935380.1,718,32624,86,10.0,33.0,0.0
1783935380.7,718,32624,91,11.0,33.0,0.0
1783935381.3,718,32624,91,11.0,33.0,0.0
1783935381.9,718,32624,91,11.0,33.0,0.0
1783935382.5,718,32624,91,9.0,33.0,0.0
1783935383.1,718,32624,91,9.0,33.0,0.0
1783935383.7,718,32624,91,10.0,33.0,0.0
1783935384.3,718,32624,91,10.0,33.0,0.0
1783935384.9,718,32624,91,10.0,33.0,0.0
1783935385.5,718,32624,97,26.0,33.0,115.0
1783935386.1,718,32624,97,10.0,33.0,0.0
1783935386.7,718,32624,97,10.0,33.0,0.0
1783935387.3,718,32624,97,9.0,33.0,0.0
1783935387.9,718,32624,97,10.0,33.0,0.0
1783935388.5,718,32624,97,10.0,33.0,0.0
1783935389.1,718,32624,84,11.0,33.0,0.0
1783935389.7,718,32624,84,10.0,33.0,0.0
1783935390.3,718,32624,84,10.0,33.0,0.0
1783935390.9,718,32624,84,10.0,33.0,0.0
1783935391.5,718,32624,84,10.0,33.0,0.0
1783935392.1,718,32624,84,10.0,33.0,0.0
1783935392.7,718,32624,84,11.0,33.0,0.0
1783935393.3,718,32624,84,9.0,33.0,0.0
1783935393.9,718,32624,84,10.0,33.0,0.0
1783935394.5,718,32624,84,10.0,32.0,0.0
1783935395.1,718,32624,84,10.0,32.0,0.0
1783935395.7,718,32624,95,12.0,33.0,0.0
1783935396.3,718,32624,95,12.0,33.0,0.0
1783935396.9,718,32624,95,9.0,33.0,0.0
1783935397.5,718,32624,86,11.0,33.0,0.0
1783935398.1,718,32624,86,11.0,33.0,0.0
1783935398.7,718,32624,86,11.0,33.0,0.0
1783935399.3,718,32624,86,10.0,33.0,0.0
1783935399.9,718,32624,86,11.0,33.0,0.0
1783935400.5,718,32624,99,11.0,33.0,0.0
1783935401.0,718,32624,99,9.0,33.0,0.0
1783935401.6,718,32624,86,19.0,33.0,130.0
1783935402.2,718,32624,86,11.0,33.0,0.0
1783935402.8,718,32624,86,11.0,33.0,0.0
1783935403.4,718,32624,86,11.0,33.0,0.0
1783935404.0,718,32624,86,12.0,33.0,0.0
1783935404.6,718,32624,86,10.0,33.0,0.0
1783935405.2,718,32624,86,11.0,33.0,0.0
1783935405.8,718,32624,86,9.0,33.0,0.0
1783935406.4,718,32624,86,11.0,33.0,0.0
1783935407.0,718,32624,79,15.0,33.0,15.0
1783935407.6,718,32624,79,13.0,33.0,32.0
1783935408.2,718,32624,79,11.0,33.0,0.0
1783935408.8,718,32624,79,14.0,32.0,97.0
1783935409.4,718,32624,79,10.0,32.0,0.0
1783935410.0,718,32624,79,13.0,33.0,0.0
1783935410.6,718,32624,91,11.0,33.0,0.0
1783935411.2,718,32624,89,15.0,33.0,41.0
1783935411.8,718,32624,89,11.0,33.0,0.0
1783935412.4,718,32624,89,18.0,33.0,65.0
1783935413.0,718,32624,89,10.0,33.0,0.0
1783935413.6,718,32624,89,12.0,33.0,0.0
1783935414.2,718,32624,89,10.0,33.0,0.0
1783935414.8,718,32624,89,11.0,33.0,0.0
1783935415.4,718,32624,103,15.0,33.0,52.0
1783935416.0,718,32624,89,11.0,33.0,0.0
1783935416.6,718,32624,89,11.0,33.0,0.0
1783935417.2,718,32624,89,15.0,33.0,17.0
1783935417.8,718,32624,89,14.0,33.0,65.0
1783935418.4,718,32624,89,10.0,32.0,0.0
1783935419.0,718,32624,89,11.0,33.0,0.0
1783935419.6,718,32624,89,11.0,33.0,0.0
1783935420.1,718,32624,89,10.0,33.0,0.0
1783935420.7,718,32624,83,11.0,33.0,0.0
1783935421.3,718,32624,83,11.0,32.0,0.0
1783935421.9,718,32624,83,15.0,32.0,293.0
1783935422.5,718,32624,83,10.0,33.0,0.0
1783935423.2,718,32624,83,12.0,33.0,0.0
1783935423.8,718,32624,83,11.0,32.0,0.0
1783935424.3,718,32624,83,11.0,33.0,0.0
1783935424.9,718,32624,83,12.0,33.0,0.0
1783935425.6,718,32624,91,18.0,32.0,289.0
1783935426.1,718,32624,95,11.0,33.0,0.0
1783935426.7,718,32624,95,11.0,33.0,0.0
1783935427.3,718,32624,89,11.0,33.0,0.0
1783935427.9,718,32624,89,13.0,33.0,6.0
1783935428.5,718,32624,89,11.0,32.0,0.0
1783935429.1,718,32624,89,13.0,32.0,0.0
1783935429.7,718,32624,83,11.0,33.0,0.0
1783935430.3,718,32624,93,10.0,33.0,0.0
1783935430.9,718,32624,85,11.0,33.0,0.0
1783935431.5,718,32624,85,12.0,33.0,0.0
1783935432.1,718,32624,85,11.0,33.0,0.0
1783935432.7,718,32624,85,11.0,33.0,0.0
1783935433.3,718,32624,85,10.0,32.0,0.0
1783935433.9,718,32624,85,11.0,33.0,0.0
1783935434.5,718,32624,85,10.0,33.0,0.0
1783935435.1,718,32624,85,10.0,32.0,0.0
1783935435.7,718,32624,85,10.0,33.0,0.0
1783935436.3,718,32624,85,12.0,33.0,235.0
1783935436.9,718,32624,85,11.0,33.0,0.0
1783935437.5,718,32624,83,10.0,33.0,0.0
1783935438.1,718,32624,83,16.0,32.0,474.0
1783935438.7,718,32624,83,13.0,33.0,211.0
1783935439.3,718,32624,83,11.0,33.0,0.0
1783935439.9,718,32624,83,11.0,33.0,0.0
1783935440.5,718,32624,97,26.0,33.0,49.0
1783935441.1,718,32624,97,10.0,33.0,0.0
1783935441.7,718,32624,97,11.0,33.0,0.0
1783935442.3,718,32624,87,10.0,33.0,0.0
1783935442.8,718,32624,87,12.0,33.0,0.0
1783935443.4,718,32624,87,10.0,33.0,0.0
1783935444.0,718,32624,87,12.0,33.0,0.0
1783935444.6,718,32624,87,12.0,32.0,0.0
1783935445.2,718,32624,95,11.0,33.0,0.0
1783935445.8,718,32624,95,10.0,33.0,0.0
1783935446.4,718,32624,81,11.0,33.0,0.0
1783935447.0,718,32624,81,11.0,33.0,0.0
1783935447.6,718,32624,81,14.0,33.0,16.0
1783935448.2,718,32624,81,10.0,33.0,0.0
1783935448.8,718,32624,81,10.0,33.0,0.0
1783935449.4,718,32624,81,11.0,33.0,0.0
1783935450.0,718,32624,83,11.0,33.0,0.0
1783935450.6,718,32624,83,11.0,33.0,0.0
1783935451.2,718,32624,83,10.0,32.0,0.0
1783935451.8,718,32624,86,15.0,33.0,16.0
1783935452.4,718,32624,86,16.0,33.0,6.0
1783935453.0,718,32624,86,11.0,33.0,0.0
1783935453.5,718,32624,86,10.0,33.0,0.0
1783935454.1,718,32624,86,15.0,33.0,307.0
1783935454.7,718,32624,94,14.0,33.0,26.0
1783935455.4,718,32624,98,30.0,33.0,1807.0
1783935456.0,718,32624,98,11.0,33.0,0.0
1783935456.6,718,32624,90,10.0,33.0,0.0
1783935457.2,718,32624,86,12.0,33.0,0.0
1783935457.8,718,32624,92,25.0,33.0,33.0
1783935458.4,718,32624,92,16.0,33.0,63.0
1783935459.0,718,32624,92,10.0,33.0,0.0
1783935459.6,718,32624,92,10.0,33.0,0.0
1783935460.1,718,32624,93,13.0,33.0,0.0
1783935460.7,718,32624,93,11.0,33.0,0.0
1783935461.3,718,32624,93,10.0,33.0,0.0
1783935461.9,718,32624,86,11.0,33.0,0.0
1783935462.5,718,32624,86,12.0,33.0,0.0
1783935463.1,718,32624,86,10.0,32.0,0.0
1783935463.7,718,32624,86,10.0,32.0,0.0
1783935464.3,718,32624,86,11.0,33.0,0.0
1783935464.9,718,32624,79,11.0,33.0,0.0
1783935465.5,718,32624,79,11.0,33.0,0.0
1783935466.1,718,32624,84,10.0,33.0,0.0
1783935466.7,718,32624,84,11.0,33.0,0.0
1783935467.3,718,32624,84,11.0,32.0,0.0
1783935467.9,718,32624,84,10.0,33.0,0.0
1783935468.5,718,32624,84,10.0,32.0,0.0
1783935469.1,718,32624,84,10.0,33.0,0.0
1783935469.7,718,32624,84,14.0,32.0,6.0
1783935470.3,718,32624,84,11.0,33.0,0.0
1783935470.9,718,32624,97,11.0,33.0,0.0
1783935471.5,718,32624,86,12.0,33.0,0.0
1783935472.1,718,32624,86,12.0,33.0,0.0
1783935472.7,718,32624,86,10.0,33.0,0.0
1783935473.3,718,32624,86,11.0,33.0,0.0
1783935473.9,718,32624,86,10.0,33.0,0.0
1783935474.5,718,32624,86,12.0,32.0,0.0
1783935475.1,718,32624,101,22.0,33.0,0.0
1783935475.7,718,32624,88,10.0,33.0,0.0
1783935476.3,718,32624,88,10.0,33.0,0.0
1783935476.9,718,32624,88,11.0,33.0,0.0
1783935477.4,718,32624,88,11.0,33.0,0.0
1783935478.0,718,32624,81,15.0,33.0,41.0
1783935478.6,718,32624,81,12.0,32.0,0.0
1783935479.2,718,32624,81,11.0,32.0,0.0
1783935479.8,718,32624,81,12.0,33.0,0.0
1783935480.4,718,32624,81,11.0,33.0,0.0
1783935481.0,718,32624,81,11.0,32.0,0.0
1783935481.6,718,32624,81,11.0,33.0,0.0
1783935482.2,718,32624,79,11.0,32.0,0.0
1783935482.8,718,32624,79,12.0,33.0,0.0
1783935483.4,718,32624,85,10.0,33.0,0.0
1783935484.0,718,32624,85,12.0,33.0,0.0
1783935484.6,718,32624,85,10.0,33.0,0.0
1783935485.2,718,32624,85,11.0,33.0,0.0
1783935485.8,718,32624,95,12.0,32.0,0.0
1783935486.4,718,32624,85,22.0,33.0,0.0
1783935487.0,718,32624,85,11.0,33.0,0.0
1783935487.6,718,32624,85,11.0,32.0,0.0
1783935488.2,718,32624,85,12.0,32.0,0.0
1783935488.8,718,32624,79,11.0,33.0,0.0
1783935489.4,718,32624,79,13.0,32.0,0.0
1783935490.0,718,32624,79,11.0,33.0,0.0
1783935490.5,718,32624,93,10.0,33.0,0.0
1783935491.1,718,32624,93,10.0,33.0,0.0
1783935491.7,718,32624,93,11.0,33.0,0.0
1783935492.3,718,32624,93,11.0,33.0,0.0
1783935492.9,718,32624,93,14.0,33.0,27.0
1783935493.5,720,32624,95,12.0,33.0,262.0
1783935494.1,720,32624,81,15.0,33.0,24.0
1783935494.7,720,32624,81,17.0,33.0,42.0
1783935495.3,720,32624,81,13.0,32.0,66.0
1783935495.9,720,32624,81,14.0,33.0,13.0
1783935496.5,713,32624,81,25.0,33.0,36.0
1783935497.1,713,32624,81,10.0,33.0,0.0
1783935497.7,713,32624,81,10.0,33.0,0.0
1783935498.3,713,32624,81,12.0,32.0,0.0
1783935498.9,713,32624,81,10.0,33.0,0.0
1783935499.5,713,32624,85,13.0,33.0,0.0
1783935500.1,713,32624,85,11.0,32.0,0.0
1783935500.7,713,32624,97,11.0,32.0,0.0
1783935501.3,713,32624,89,10.0,32.0,0.0
1783935501.9,713,32624,87,12.0,32.0,0.0
1783935502.5,713,32624,87,10.0,33.0,0.0
1783935503.1,713,32624,87,10.0,32.0,0.0
1783935503.7,713,32624,87,11.0,32.0,0.0
1783935504.3,713,32624,88,11.0,33.0,0.0
1783935504.9,713,32624,88,11.0,32.0,0.0
1783935505.5,713,32624,95,12.0,33.0,0.0
1783935506.1,713,32624,95,11.0,33.0,0.0
1783935506.7,713,32624,95,11.0,32.0,0.0
1783935507.3,713,32624,87,10.0,32.0,0.0
1783935507.9,713,32624,87,11.0,32.0,0.0
1783935508.5,713,32624,87,11.0,32.0,0.0
1783935509.1,713,32624,87,11.0,33.0,0.0
1783935509.6,713,32624,87,10.0,32.0,0.0
1783935510.2,713,32624,88,12.0,32.0,0.0
1783935510.8,713,32624,88,11.0,33.0,0.0
1783935511.4,713,32624,88,11.0,32.0,0.0
1783935512.0,713,32624,81,11.0,32.0,0.0
1783935512.6,713,32624,81,10.0,33.0,0.0
1783935513.2,713,32624,81,12.0,33.0,0.0
1783935513.8,713,32624,81,12.0,33.0,0.0
1783935514.4,713,32624,81,11.0,33.0,0.0
1783935515.0,713,32624,81,11.0,33.0,0.0
1783935515.6,713,32624,106,22.0,33.0,0.0
1783935516.2,713,32624,106,11.0,33.0,0.0
1783935516.8,713,32624,86,11.0,32.0,0.0
1783935517.4,713,32624,86,10.0,33.0,0.0
1783935518.0,713,32624,86,11.0,33.0,0.0
1783935518.6,713,32624,86,11.0,32.0,0.0
1783935519.2,713,32624,86,11.0,33.0,0.0
1783935519.8,713,32624,86,10.0,33.0,0.0
1783935520.4,713,32624,93,11.0,33.0,0.0
1783935521.0,713,32624,81,15.0,32.0,582.0
1783935521.6,713,32624,79,19.0,33.0,462.0
1783935522.2,713,32624,81,12.0,33.0,0.0
1783935522.8,713,32624,81,11.0,32.0,0.0
1783935523.4,713,32624,81,11.0,33.0,0.0
1783935524.0,713,32624,81,11.0,33.0,0.0
1783935524.6,713,32624,81,11.0,32.0,0.0
1783935525.2,713,32624,81,12.0,33.0,0.0
1783935525.7,713,32624,81,14.0,32.0,24.0
1783935526.3,713,32624,81,11.0,32.0,0.0
1783935526.9,713,32624,81,11.0,33.0,0.0
1783935527.5,713,32624,79,15.0,33.0,24.0
1783935528.1,713,32624,81,10.0,33.0,0.0
1783935528.7,713,32624,83,16.0,32.0,1053.0
1783935529.3,713,32624,83,11.0,33.0,0.0
1783935529.9,713,32624,83,9.0,33.0,0.0
1783935530.5,713,32624,102,11.0,33.0,0.0
1783935531.1,713,32624,102,11.0,33.0,0.0
1783935531.7,713,32624,85,16.0,33.0,1580.0
1783935532.3,713,32624,85,15.0,33.0,95.0
1783935532.9,713,32624,85,15.0,33.0,82.0
1783935533.5,713,32624,85,22.0,33.0,0.0
1783935534.1,713,32624,85,11.0,33.0,0.0
1783935534.7,713,32624,85,10.0,33.0,0.0
1783935535.3,713,32624,93,11.0,33.0,0.0
1783935535.9,713,32624,93,22.0,33.0,0.0
1783935536.5,713,32624,93,12.0,33.0,0.0
1783935537.1,713,32624,93,11.0,33.0,0.0
1783935537.7,713,32624,79,10.0,32.0,0.0
1783935538.3,713,32624,106,28.0,33.0,1274.0
1783935538.9,713,32624,109,22.0,33.0,0.0
1783935539.5,713,32624,100,10.0,33.0,0.0
1783935540.1,713,32624,97,22.0,33.0,0.0
1783935540.7,713,32624,106,26.0,33.0,143.0
1783935541.3,713,32624,93,26.0,33.0,50.0
1783935541.9,713,32624,88,11.0,33.0,0.0
1783935542.5,713,32624,88,11.0,33.0,0.0
1783935543.1,713,32624,86,17.0,33.0,103.0
1783935543.7,713,32624,86,9.0,33.0,0.0
1783935544.3,713,32624,86,11.0,33.0,0.0
1783935544.8,713,32624,86,10.0,33.0,0.0
1783935545.4,713,32624,86,11.0,33.0,0.0
1783935546.0,713,32624,100,13.0,33.0,0.0
1783935546.6,713,32624,86,11.0,33.0,0.0
1783935547.2,713,32624,86,10.0,33.0,0.0
1783935547.8,713,32624,89,10.0,32.0,0.0
1783935548.4,713,32624,86,12.0,33.0,0.0
1783935549.0,713,32624,86,11.0,33.0,0.0
1783935549.6,713,32624,86,14.0,33.0,0.0
1783935550.2,713,32624,84,10.0,33.0,0.0
1783935550.8,713,32624,84,13.0,33.0,0.0
1783935551.4,713,32624,84,11.0,32.0,0.0
1783935552.0,713,32624,84,11.0,32.0,0.0
1783935552.6,713,32624,84,12.0,33.0,0.0
1783935553.2,713,32624,84,11.0,33.0,0.0
1783935553.8,713,32624,84,11.0,33.0,0.0
1783935554.4,713,32624,84,10.0,32.0,0.0
1783935555.0,713,32624,84,13.0,33.0,0.0
1783935555.6,713,32624,84,10.0,33.0,0.0
1783935556.2,713,32624,105,24.0,33.0,336.0
1783935556.8,713,32624,86,15.0,33.0,41.0
1783935557.4,713,32624,86,19.0,33.0,18.0
1783935558.0,713,32624,86,11.0,33.0,0.0
1783935558.6,713,32624,86,11.0,33.0,0.0
1783935559.2,713,32624,86,11.0,33.0,0.0
1783935559.8,713,32624,86,11.0,33.0,0.0
1783935560.4,713,32624,86,12.0,33.0,0.0
1783935561.0,713,32624,100,22.0,33.0,0.0
1783935561.6,713,32624,86,13.0,33.0,0.0
1783935562.1,713,32624,86,15.0,33.0,1177.0
1783935562.7,713,32624,86,11.0,33.0,0.0
1783935563.3,713,32624,86,18.0,33.0,7.0
1783935563.9,713,32624,86,11.0,33.0,0.0
1783935564.5,713,32624,86,10.0,33.0,0.0
1783935565.1,713,32624,86,15.0,32.0,6.0
1783935565.7,713,32624,86,17.0,32.0,215.0
1783935566.3,713,32624,86,16.0,33.0,1080.0
1783935566.9,713,32624,86,10.0,32.0,0.0
1783935567.5,713,32624,86,12.0,32.0,0.0
1783935568.1,713,32624,86,11.0,32.0,0.0
1783935568.7,713,32624,84,15.0,32.0,19.0
1783935569.3,713,32624,84,11.0,32.0,0.0
1783935569.9,713,32624,84,20.0,33.0,174.0
1783935570.5,713,32624,84,14.0,33.0,40.0
1783935571.1,713,32624,103,22.0,33.0,0.0
1783935571.7,713,32624,87,13.0,33.0,6.0
1783935572.3,713,32624,87,11.0,33.0,0.0
1783935572.9,713,32624,87,11.0,32.0,0.0
1783935573.5,713,32624,87,11.0,33.0,0.0
1783935574.1,713,32624,87,12.0,33.0,0.0
1783935574.7,713,32624,87,10.0,33.0,0.0
1783935575.3,713,32624,87,14.0,33.0,641.0
1783935575.9,713,32624,87,12.0,33.0,0.0
1783935576.5,713,32624,87,14.0,33.0,331.0
1783935577.0,713,32624,87,14.0,33.0,0.0
1783935577.6,713,32624,87,11.0,33.0,0.0
1783935578.2,713,32624,87,13.0,33.0,560.0
1783935578.8,713,32624,87,13.0,33.0,0.0
1783935579.4,713,32624,87,9.0,33.0,0.0
1783935580.0,713,32624,84,18.0,33.0,239.0
1783935580.6,713,32624,84,11.0,33.0,0.0
1783935581.2,713,32624,84,12.0,33.0,0.0
1783935581.8,745,32624,96,26.0,33.0,816.0
1783935582.4,743,32624,86,26.0,33.0,116.0
1783935583.0,745,32624,88,14.0,33.0,37.0
1783935583.6,741,32624,86,16.0,33.0,75.0
1783935584.2,741,32624,86,23.0,33.0,0.0
1783935584.8,739,32624,84,11.0,33.0,0.0
1783935585.4,739,32624,84,15.0,33.0,34.0
1783935586.0,739,32624,105,22.0,33.0,0.0
1783935586.6,739,32624,105,23.0,33.0,0.0
1783935587.2,739,32624,91,25.0,33.0,62.0
1783935587.8,739,32624,105,22.0,33.0,0.0
1783935588.4,739,32624,89,11.0,33.0,0.0
1783935589.0,739,32624,105,11.0,33.0,0.0
1783935589.6,739,32624,89,11.0,33.0,0.0
1783935590.2,739,32624,105,21.0,33.0,0.0
1783935590.8,739,32624,89,11.0,33.0,0.0
1783935591.4,739,32624,105,13.0,33.0,0.0
1783935592.0,739,32624,86,11.0,33.0,0.0
1783935592.6,739,32624,86,19.0,33.0,0.0
1783935593.2,739,32624,86,11.0,33.0,0.0
1783935593.8,739,32624,91,26.0,33.0,6.0
1783935594.4,739,32624,105,28.0,33.0,45.0
1783935595.0,739,32624,105,22.0,33.0,0.0
1783935595.5,739,32624,105,22.0,33.0,0.0
1783935596.1,739,32624,103,21.0,33.0,0.0
1783935596.7,739,32624,100,22.0,33.0,0.0
1783935597.3,739,32624,103,22.0,33.0,0.0
1783935597.9,739,32624,103,25.0,33.0,41.0
1783935598.5,739,32624,100,22.0,33.0,0.0
1783935599.1,739,32624,87,11.0,33.0,0.0
1783935599.7,739,32624,87,10.0,33.0,0.0
1783935600.3,739,32624,89,22.0,33.0,0.0
1783935600.9,739,32624,103,23.0,33.0,0.0
1783935601.5,739,32624,87,12.0,33.0,0.0
1783935602.1,739,32624,87,10.0,33.0,0.0
1783935602.7,739,32624,87,12.0,33.0,0.0
1783935603.3,739,32624,87,11.0,33.0,0.0
1783935603.9,739,32624,87,11.0,33.0,0.0
1783935604.5,739,32624,87,10.0,33.0,0.0
1783935605.1,739,32624,87,11.0,33.0,0.0
1783935605.7,739,32624,87,23.0,33.0,0.0
1783935606.3,739,32624,87,22.0,32.0,15.0
1783935606.9,739,32624,87,12.0,33.0,0.0
1783935607.5,739,32624,92,22.0,33.0,0.0
1783935608.1,739,32624,105,11.0,33.0,0.0
1783935608.7,739,32624,87,10.0,33.0,0.0
1783935609.3,739,32624,88,15.0,33.0,451.0
1783935609.9,739,32624,113,24.0,33.0,0.0
1783935610.5,739,32624,100,11.0,33.0,0.0
1783935611.1,739,32624,87,11.0,33.0,0.0
1783935611.7,739,32624,87,22.0,33.0,0.0
1783935612.3,739,32624,87,11.0,33.0,0.0
1783935612.9,739,32624,89,22.0,33.0,0.0
1783935613.5,739,32624,87,11.0,33.0,0.0
1783935614.1,739,32624,87,10.0,33.0,0.0
1783935614.7,739,32624,87,11.0,33.0,0.0
1783935615.3,739,32624,103,21.0,33.0,0.0
1783935615.9,739,32624,87,11.0,33.0,0.0
1783935616.5,739,32624,91,22.0,33.0,0.0
1783935617.1,739,32624,102,11.0,33.0,0.0
1783935617.7,739,32624,87,11.0,33.0,0.0
1783935618.3,739,32624,105,11.0,33.0,0.0
1783935618.9,739,32624,103,10.0,33.0,0.0
1783935619.5,739,32624,103,21.0,33.0,0.0
1783935620.1,739,32624,100,11.0,33.0,0.0
1783935620.7,739,32624,114,26.0,33.0,1516.0
1783935621.3,739,32624,113,28.0,33.0,1449.0
1783935621.9,739,32624,114,11.0,33.0,0.0
1783935622.5,739,32624,105,20.0,33.0,0.0
1783935623.1,739,32624,104,24.0,33.0,24.0
1783935623.7,741,32624,109,22.0,33.0,0.0
1783935624.3,741,32624,95,26.0,33.0,349.0
1783935624.9,741,32624,99,22.0,34.0,0.0
1783935625.5,741,32624,99,22.0,34.0,0.0
1783935626.1,741,32624,95,11.0,33.0,0.0
1783935626.7,741,32624,95,11.0,33.0,0.0
1783935627.3,741,32624,115,22.0,34.0,0.0
1783935627.9,741,32624,90,22.0,33.0,0.0
1783935628.5,741,32624,106,28.0,33.0,1786.0
1783935629.1,739,32624,106,22.0,33.0,0.0
1783935629.7,739,32624,104,22.0,33.0,0.0
1783935630.3,739,32624,106,26.0,34.0,1314.0
1783935630.9,739,32624,99,11.0,33.0,0.0
1783935631.5,739,32624,89,11.0,33.0,0.0
1783935632.1,739,32624,89,12.0,33.0,0.0
1783935632.7,739,32624,89,11.0,33.0,0.0
1783935633.3,739,32624,89,11.0,33.0,0.0
1783935633.9,739,32624,89,10.0,33.0,0.0
1783935634.5,739,32624,89,16.0,33.0,1414.0
1783935635.1,739,32624,89,18.0,33.0,575.0
1783935635.7,739,32624,100,26.0,33.0,94.0
1783935636.3,739,32624,87,15.0,33.0,41.0
1783935636.9,739,32624,87,12.0,33.0,0.0
1783935637.5,739,32624,87,11.0,33.0,0.0
1783935638.1,739,32624,87,11.0,33.0,0.0
1783935638.7,739,32624,87,10.0,33.0,0.0
1783935639.3,739,32624,87,11.0,33.0,0.0
1783935639.9,739,32624,87,12.0,33.0,0.0
1783935640.5,739,32624,87,15.0,33.0,6.0
1783935641.1,739,32624,84,13.0,33.0,49.0
1783935641.7,739,32624,84,14.0,33.0,0.0
1783935642.3,739,32624,84,11.0,33.0,0.0
1783935642.9,739,32624,84,12.0,33.0,0.0
1783935643.5,739,32624,84,11.0,33.0,0.0
1783935644.1,739,32624,84,12.0,33.0,0.0
1783935644.7,739,32624,84,10.0,33.0,0.0
1783935645.3,739,32624,99,24.0,33.0,825.0
1783935645.9,739,32624,86,12.0,33.0,0.0
1783935646.5,739,32624,86,10.0,33.0,0.0
1783935647.1,739,32624,86,18.0,33.0,416.0
1783935647.7,739,32624,86,12.0,33.0,0.0
1783935648.3,739,32624,101,24.0,33.0,300.0
1783935648.9,739,32624,101,22.0,33.0,0.0
1783935649.5,739,32624,98,11.0,33.0,0.0
1783935650.1,739,32624,114,26.0,33.0,44.0
1783935650.7,739,32624,104,20.0,33.0,240.0
1783935651.3,739,32624,104,22.0,33.0,0.0
1783935651.9,739,32624,102,22.0,33.0,0.0
1783935652.5,739,32624,88,12.0,33.0,0.0
1783935653.1,739,32624,88,11.0,33.0,0.0
1783935653.7,739,32624,93,22.0,33.0,0.0
1783935654.3,739,32624,102,26.0,33.0,36.0
1783935654.9,739,32624,96,25.0,34.0,54.0
1783935655.5,739,32624,96,22.0,34.0,0.0
1783935656.1,739,32624,96,27.0,34.0,4.0
1783935656.7,739,32624,88,22.0,33.0,0.0
1783935657.3,739,32624,91,26.0,33.0,1600.0
1783935657.9,739,32624,87,22.0,34.0,0.0
1783935658.5,739,32624,84,23.0,34.0,0.0
1783935659.0,739,32624,102,21.0,34.0,0.0
1783935659.6,739,32624,89,11.0,34.0,0.0
1783935660.2,739,32624,89,11.0,33.0,0.0
1783935660.8,739,32624,89,10.0,33.0,0.0
1783935661.4,739,32624,89,11.0,33.0,0.0
1783935662.0,739,32624,89,11.0,33.0,0.0
1783935662.6,739,32624,89,12.0,33.0,0.0
1783935663.2,739,32624,94,10.0,34.0,0.0
1783935663.8,739,32624,89,11.0,33.0,0.0
1783935664.4,739,32624,91,22.0,33.0,0.0
1783935665.0,739,32624,104,22.0,34.0,0.0
1783935665.6,739,32624,89,10.0,33.0,0.0
1783935666.2,739,32624,104,13.0,34.0,0.0
1783935666.8,739,32624,89,11.0,33.0,0.0
1783935667.4,739,32624,91,22.0,33.0,0.0
1783935667.9,739,32624,102,11.0,34.0,0.0
1783935668.5,739,32624,89,12.0,33.0,0.0
1783935669.1,739,32624,89,12.0,33.0,0.0
1783935669.7,739,32624,89,21.0,33.0,105.0
1783935670.3,739,32624,89,11.0,33.0,0.0
1783935670.9,739,32624,105,25.0,33.0,59.0
1783935671.5,739,32624,89,22.0,33.0,0.0
1783935672.1,739,32624,91,16.0,34.0,28.0
1783935672.7,739,32624,91,22.0,33.0,0.0
1783935673.3,739,32624,89,11.0,33.0,0.0
1783935673.9,744,32624,91,12.0,33.0,0.0
1783935674.5,744,32624,91,11.0,33.0,0.0
1783935675.1,744,32624,91,11.0,33.0,0.0
1783935675.7,742,32624,87,20.0,33.0,80.0
1783935676.3,742,32624,89,26.0,33.0,44.0
1783935676.9,742,32624,89,26.0,34.0,1215.0
1783935677.4,742,32624,89,22.0,33.0,0.0
1783935678.0,742,32624,98,22.0,33.0,0.0
1783935678.6,742,32624,98,17.0,34.0,0.0
1783935679.2,742,32624,100,11.0,34.0,0.0
1783935679.8,742,32624,100,15.0,34.0,180.0
1783935680.4,742,32624,98,25.0,33.0,538.0
1783935681.0,742,32624,84,11.0,34.0,0.0
1783935681.6,742,32624,84,11.0,33.0,0.0
1783935682.2,742,32624,100,26.0,34.0,6.0
1783935682.8,742,32624,98,23.0,34.0,0.0
1783935683.4,742,32624,100,11.0,33.0,0.0
1783935684.0,742,32624,100,22.0,34.0,0.0
1783935684.6,742,32624,98,23.0,34.0,0.0
1783935685.2,744,32624,93,22.0,34.0,0.0
1783935685.7,744,32624,86,17.0,34.0,1193.0
1783935686.3,744,32624,91,22.0,34.0,0.0
1783935686.9,742,32624,100,11.0,34.0,0.0
1783935687.5,742,32624,104,22.0,34.0,0.0
1783935688.1,744,32624,96,25.0,34.0,53.0
1783935688.7,744,32624,100,22.0,34.0,0.0
1783935689.3,744,32624,98,22.0,34.0,0.0
1783935689.9,742,32624,107,16.0,34.0,83.0
1783935690.5,742,32624,89,23.0,34.0,0.0
1783935691.1,742,32624,109,22.0,34.0,0.0
1783935691.7,742,32624,95,28.0,34.0,584.0
1783935692.3,742,32624,118,26.0,34.0,39.0
1783935692.9,742,32624,95,22.0,34.0,0.0
1783935693.5,742,32624,87,11.0,33.0,0.0
1783935694.1,742,32624,87,12.0,33.0,0.0
1783935694.6,742,32624,87,11.0,33.0,0.0
1783935695.2,742,32624,87,13.0,33.0,0.0
1783935695.8,742,32624,87,17.0,33.0,82.0
1783935696.4,742,32624,87,11.0,33.0,0.0
1783935697.0,744,32624,89,11.0,34.0,0.0
1783935697.6,744,32624,102,12.0,34.0,0.0
1783935698.2,744,32624,89,15.0,33.0,6.0
1783935698.8,744,32624,89,15.0,33.0,21.0
1783935699.4,744,32624,89,15.0,33.0,6.0
1783935700.0,744,32624,89,11.0,33.0,0.0
1783935700.6,744,32624,89,11.0,33.0,0.0
1783935701.2,744,32624,84,12.0,33.0,0.0
1783935701.8,744,32624,82,11.0,33.0,0.0
1783935702.4,744,32624,84,11.0,33.0,0.0
1783935702.9,744,32624,84,12.0,34.0,0.0
1783935703.5,744,32624,84,12.0,33.0,0.0
1783935704.1,744,32624,84,10.0,33.0,0.0
1783935704.7,744,32624,84,14.0,33.0,301.0
1783935705.3,744,32624,82,11.0,33.0,0.0
1783935705.9,744,32624,82,15.0,33.0,6.0
1783935706.5,744,32624,82,11.0,33.0,0.0
1783935707.1,744,32624,84,12.0,33.0,0.0
1783935707.7,744,32624,98,15.0,34.0,35.0
1783935708.3,744,32624,84,11.0,33.0,0.0
1783935708.9,744,32624,84,11.0,33.0,0.0
1783935709.5,744,32624,84,11.0,33.0,0.0
1783935710.1,744,32624,84,12.0,33.0,0.0
1783935710.7,744,32624,84,11.0,33.0,0.0
1783935711.3,744,32624,84,13.0,33.0,634.0
1783935711.9,744,32624,84,11.0,33.0,0.0
1783935712.5,744,32624,98,11.0,33.0,0.0
1783935713.1,744,32624,82,11.0,33.0,0.0
1783935713.7,744,32624,82,12.0,33.0,0.0
1783935714.3,744,32624,82,12.0,33.0,0.0
1783935714.9,744,32624,82,11.0,33.0,0.0
1783935715.5,744,32624,82,11.0,33.0,0.0
1783935716.1,744,32624,82,12.0,33.0,0.0
1783935716.7,744,32624,82,11.0,33.0,0.0
1783935717.3,744,32624,82,11.0,33.0,0.0
1783935717.9,744,32624,82,11.0,33.0,0.0
1783935718.5,744,32624,82,20.0,33.0,393.0
1783935719.1,744,32624,82,11.0,33.0,0.0
1783935719.6,744,32624,82,11.0,33.0,0.0
1783935720.2,744,32624,82,11.0,33.0,0.0
1783935720.8,744,32624,82,18.0,33.0,420.0
1783935721.4,744,32624,82,11.0,33.0,0.0
1783935722.0,744,32624,82,13.0,33.0,0.0
1783935722.6,744,32624,96,22.0,34.0,0.0
1783935723.2,744,32624,82,18.0,33.0,474.0
1783935723.8,744,32624,82,15.0,33.0,56.0
1783935724.4,744,32624,82,11.0,33.0,0.0
1783935725.0,744,32624,82,11.0,33.0,0.0
1783935725.6,744,32624,82,15.0,33.0,34.0
1783935726.2,744,32624,82,11.0,33.0,0.0
1783935726.8,744,32624,82,11.0,33.0,0.0
1783935727.4,744,32624,96,25.0,33.0,500.0
1783935728.0,744,32624,82,12.0,33.0,0.0
1783935728.6,744,32624,82,12.0,33.0,0.0
1783935729.2,744,32624,82,11.0,33.0,0.0
1783935729.8,744,32624,82,15.0,33.0,36.0
1783935730.4,744,32624,82,10.0,33.0,0.0
1783935731.0,744,32624,82,11.0,33.0,0.0
1783935731.6,744,32624,82,11.0,33.0,0.0
1783935732.2,744,32624,82,11.0,33.0,0.0
1783935732.8,744,32624,82,12.0,33.0,0.0
1783935733.4,744,32624,82,15.0,33.0,6.0
1783935734.0,744,32624,82,10.0,33.0,0.0
1783935734.6,768,32624,106,10.0,33.0,0.0
1783935735.2,768,32624,84,26.0,33.0,1091.0
1783935735.8,768,32624,84,11.0,33.0,0.0
1783935736.4,768,32624,84,11.0,33.0,0.0
1783935737.0,768,32624,84,11.0,33.0,0.0
1783935737.6,768,32624,98,19.0,33.0,0.0
1783935738.2,768,32624,84,11.0,33.0,0.0
1783935738.8,768,32624,84,10.0,33.0,0.0
1783935739.4,768,32624,84,11.0,33.0,0.0
1783935740.0,768,32624,84,12.0,33.0,0.0
1783935740.6,768,32624,80,12.0,33.0,0.0
1783935741.2,768,32624,80,11.0,33.0,0.0
1783935741.8,768,32624,80,11.0,33.0,0.0
1783935742.4,768,32624,97,22.0,33.0,0.0
1783935743.0,768,32624,84,12.0,33.0,0.0
1783935743.6,768,32624,84,11.0,33.0,0.0
1783935744.2,768,32624,84,11.0,33.0,0.0
1783935744.8,768,32624,84,11.0,33.0,0.0
1783935745.4,768,32624,84,11.0,33.0,0.0
1783935746.0,768,32624,80,11.0,33.0,0.0
1783935746.6,768,32624,80,11.0,33.0,0.0
1783935747.2,768,32624,80,11.0,33.0,0.0
1783935747.8,768,32624,80,12.0,33.0,0.0
1783935748.4,768,32624,80,11.0,33.0,0.0
1783935748.9,768,32624,80,11.0,33.0,0.0
1783935749.5,768,32624,80,11.0,33.0,0.0
1783935750.1,768,32624,80,10.0,33.0,0.0
1783935750.7,768,32624,80,11.0,33.0,0.0
1783935751.4,768,32624,80,12.0,33.0,0.0
1783935751.9,768,32624,80,10.0,33.0,0.0
1783935752.5,768,32624,94,21.0,33.0,0.0
1783935753.1,768,32624,80,11.0,33.0,0.0
1783935753.7,768,32624,80,14.0,33.0,87.0
1783935754.3,768,32624,80,11.0,33.0,0.0
1783935754.9,768,32624,80,12.0,33.0,0.0
1783935755.5,768,32624,80,15.0,33.0,38.0
1783935756.1,768,32624,80,12.0,33.0,0.0
1783935756.7,764,32624,80,13.0,33.0,0.0
1783935757.3,764,32624,94,22.0,33.0,0.0
1783935757.9,764,32624,94,15.0,33.0,6.0
1783935758.5,764,32624,80,12.0,33.0,0.0
1783935759.1,764,32624,80,14.0,33.0,52.0
1783935759.7,764,32624,80,12.0,33.0,0.0
1783935760.3,764,32624,80,15.0,33.0,6.0
1783935760.9,764,32624,80,11.0,33.0,0.0
1783935761.5,764,32624,80,11.0,33.0,0.0
1783935762.1,764,32624,80,10.0,33.0,0.0
1783935762.7,764,32624,80,11.0,33.0,381.0
1783935763.3,764,32624,80,11.0,33.0,0.0
1783935763.9,764,32624,80,10.0,33.0,0.0
1783935764.5,764,32624,80,17.0,33.0,759.0
1783935765.1,764,32624,80,11.0,33.0,0.0
1783935765.7,764,32624,80,11.0,33.0,0.0
1783935766.3,764,32624,80,11.0,33.0,0.0
1783935766.9,764,32624,80,11.0,33.0,0.0
1783935767.5,764,32624,94,12.0,33.0,0.0
1783935768.1,764,32624,80,11.0,33.0,0.0
1783935768.7,764,32624,80,10.0,33.0,0.0
1783935769.3,764,32624,80,10.0,33.0,0.0
1783935769.8,764,32624,80,11.0,33.0,0.0
1783935770.4,764,32624,80,12.0,33.0,0.0
1783935771.0,764,32624,80,12.0,33.0,0.0
1783935771.6,764,32624,80,11.0,33.0,0.0
1783935772.2,764,32624,82,16.0,33.0,220.0
1783935772.8,764,32624,96,11.0,33.0,0.0
1783935773.4,764,32624,82,11.0,33.0,0.0
1783935774.0,764,32624,82,18.0,33.0,276.0
1783935774.6,764,32624,82,11.0,33.0,0.0
1783935775.2,764,32624,82,18.0,33.0,256.0
1783935775.8,764,32624,82,17.0,33.0,834.0
1783935776.4,764,32624,82,11.0,33.0,0.0
1783935777.0,764,32624,82,10.0,33.0,0.0
1783935777.6,764,32624,82,17.0,33.0,425.0
1783935778.1,764,32624,82,11.0,33.0,0.0
1783935778.7,764,32624,82,11.0,33.0,0.0
1783935779.3,764,32624,82,16.0,33.0,66.0
1783935779.9,764,32624,82,12.0,33.0,0.0
1783935780.5,764,32624,82,11.0,33.0,0.0
1783935781.1,764,32624,82,15.0,33.0,82.0
1783935781.7,764,32624,82,11.0,33.0,0.0
1783935782.3,764,32624,126,27.0,33.0,163.0
1783935782.9,764,32624,85,11.0,33.0,0.0
1783935783.5,764,32624,82,11.0,33.0,0.0
1783935784.1,764,32624,82,16.0,33.0,20.0
1783935784.7,764,32624,82,11.0,33.0,0.0
1783935785.3,764,32624,82,12.0,33.0,0.0
1783935785.9,764,32624,82,10.0,33.0,0.0
1783935786.5,764,32624,82,14.0,33.0,6.0
1783935787.1,764,32624,82,11.0,33.0,0.0
1783935787.7,764,32624,96,27.0,33.0,18.0
1783935788.3,764,32624,82,11.0,33.0,0.0
1783935788.9,764,32624,82,12.0,33.0,0.0
1783935789.5,764,32624,82,19.0,33.0,58.0
1783935790.0,764,32624,82,11.0,33.0,0.0
1783935790.6,764,32624,82,11.0,33.0,0.0
1783935791.2,764,32624,82,10.0,33.0,0.0
1783935791.8,764,32624,82,11.0,33.0,0.0
1783935792.4,764,32624,82,12.0,33.0,0.0
1783935793.0,764,32624,82,17.0,33.0,500.0
1783935793.6,764,32624,82,11.0,33.0,0.0
1783935794.2,764,32624,82,12.0,33.0,0.0
1783935794.8,764,32624,82,17.0,33.0,625.0
1783935795.4,764,32624,82,11.0,33.0,0.0
1783935796.0,764,32624,82,11.0,33.0,0.0
1783935796.6,764,32624,82,11.0,33.0,0.0
1783935797.2,764,32624,82,12.0,33.0,0.0
1783935797.8,764,32624,98,11.0,33.0,0.0
1783935798.4,764,32624,82,19.0,33.0,291.0
1783935799.0,764,32624,82,11.0,33.0,0.0
1783935799.5,764,32624,82,10.0,33.0,0.0
1783935800.1,764,32624,82,25.0,33.0,430.0
1783935800.7,764,32624,80,11.0,33.0,0.0
1783935801.3,764,32624,80,11.0,33.0,0.0
1783935801.9,764,32624,80,12.0,33.0,0.0
1783935802.5,764,32624,94,11.0,33.0,0.0
1783935803.1,764,32624,80,12.0,33.0,0.0
1783935803.7,764,32624,80,14.0,33.0,643.0
1783935804.3,764,32624,80,11.0,33.0,0.0
1783935804.9,764,32624,80,11.0,33.0,0.0
1783935805.5,764,32624,80,10.0,33.0,0.0
1783935806.1,764,32624,80,11.0,33.0,0.0
1783935806.7,764,32624,80,18.0,33.0,358.0
1783935807.3,764,32624,80,18.0,33.0,134.0
1783935807.9,764,32624,80,10.0,33.0,0.0
1783935808.5,764,32624,80,11.0,33.0,0.0
1783935809.1,764,32624,80,13.0,33.0,545.0
1783935809.7,764,32624,80,11.0,33.0,0.0
1783935810.3,764,32624,80,11.0,33.0,0.0
1783935810.9,764,32624,80,13.0,33.0,155.0
1783935811.5,764,32624,80,11.0,33.0,0.0
1783935812.0,764,32624,80,12.0,33.0,0.0
1783935812.6,764,32624,112,22.0,33.0,0.0
1783935813.2,764,32624,82,11.0,33.0,0.0
1783935813.8,764,32624,82,11.0,33.0,0.0
1783935814.4,764,32624,82,13.0,33.0,264.0
1783935815.0,764,32624,82,11.0,33.0,0.0
1783935815.6,764,32624,82,20.0,33.0,91.0
1783935816.2,764,32624,82,10.0,33.0,0.0
1783935816.8,764,32624,82,11.0,33.0,0.0
1783935817.4,764,32624,96,26.0,33.0,263.0
1783935818.0,764,32624,82,11.0,33.0,0.0
1783935818.6,764,32624,82,11.0,33.0,0.0
1783935819.2,764,32624,82,14.0,33.0,6.0
1783935819.8,764,32624,82,12.0,33.0,0.0
1783935820.4,764,32624,82,11.0,32.0,0.0
1783935821.0,764,32624,82,10.0,33.0,396.0
1783935821.6,764,32624,82,10.0,33.0,0.0
1783935822.2,764,32624,82,11.0,33.0,0.0
1783935822.8,764,32624,82,15.0,33.0,41.0
1783935823.4,764,32624,82,11.0,33.0,0.0
1783935824.0,764,32624,82,11.0,33.0,0.0
1783935824.6,764,32624,82,12.0,33.0,0.0
1783935825.2,764,32624,82,10.0,33.0,0.0
1783935825.8,764,32624,82,12.0,33.0,0.0
1783935826.4,764,32624,82,15.0,33.0,27.0
1783935827.0,764,32624,82,11.0,32.0,0.0
1783935827.6,764,32624,98,23.0,33.0,0.0
1783935828.1,764,32624,82,15.0,33.0,18.0
1783935828.7,764,32624,82,11.0,33.0,0.0
1783935829.3,764,32624,82,14.0,33.0,500.0
1783935829.9,764,32624,82,11.0,33.0,0.0
1783935830.5,764,32624,82,11.0,33.0,0.0
1783935831.1,764,32624,82,11.0,33.0,0.0
1783935831.7,764,32624,82,11.0,33.0,0.0
1783935832.3,764,32624,96,24.0,33.0,125.0
1783935832.9,764,32624,96,11.0,33.0,0.0
1783935833.5,764,32624,82,11.0,33.0,0.0
1783935834.1,764,32624,82,11.0,33.0,0.0
1783935834.7,764,32624,82,11.0,33.0,0.0
1783935835.3,764,32624,82,11.0,33.0,0.0
1783935835.9,764,32624,82,11.0,33.0,0.0
1783935836.5,764,32624,82,11.0,33.0,0.0
1783935837.0,764,32624,82,11.0,33.0,0.0
1783935837.6,764,32624,82,11.0,33.0,0.0
1783935838.2,764,32624,82,12.0,33.0,0.0
1783935838.8,764,32624,82,10.0,33.0,0.0
1783935839.4,764,32624,82,11.0,33.0,0.0
1783935840.0,764,32624,82,11.0,32.0,0.0
1783935840.6,764,32624,80,14.0,33.0,0.0
1783935841.2,764,32624,80,13.0,33.0,0.0
1783935841.8,764,32624,80,11.0,33.0,0.0
1783935842.4,764,32624,94,22.0,33.0,0.0
1783935843.0,764,32624,94,11.0,33.0,0.0
1783935843.6,764,32624,80,10.0,33.0,0.0
1783935844.2,764,32624,80,12.0,33.0,0.0
1783935844.8,764,32624,80,14.0,33.0,0.0
1783935845.4,764,32624,80,20.0,33.0,268.0
1783935845.9,764,32624,80,11.0,33.0,0.0
1783935846.5,764,32624,80,12.0,33.0,0.0
1783935847.1,764,32624,80,10.0,32.0,0.0
1783935847.7,764,32624,93,10.0,33.0,0.0
1783935848.3,764,32624,93,11.0,32.0,0.0
1783935848.9,764,32624,79,11.0,33.0,0.0
1783935849.5,764,32624,79,22.0,33.0,0.0
1783935850.1,764,32624,79,10.0,33.0,0.0
1783935850.7,764,32624,79,11.0,33.0,0.0
1783935851.3,764,32624,80,15.0,33.0,14.0
1783935851.9,764,32624,80,11.0,33.0,0.0
1783935852.5,764,32624,80,11.0,33.0,0.0
1783935853.1,764,32624,80,11.0,33.0,0.0
1783935853.7,755,32624,88,11.0,33.0,0.0
1783935854.2,755,32624,88,10.0,32.0,0.0
1783935854.8,755,32624,88,10.0,33.0,0.0
1783935855.4,745,32624,84,22.0,32.0,0.0
1783935856.0,745,32624,84,11.0,33.0,0.0
1783935856.6,745,32624,84,10.0,32.0,0.0
1783935857.2,745,32624,84,10.0,33.0,0.0
1783935857.8,745,32624,97,11.0,33.0,0.0
1783935858.4,745,32624,83,10.0,33.0,0.0
1783935859.0,745,32624,83,11.0,33.0,0.0
1783935859.6,745,32624,84,11.0,32.0,0.0
1783935860.2,745,32624,84,10.0,32.0,0.0
1783935860.8,745,32624,84,12.0,32.0,0.0
1783935861.4,745,32624,84,15.0,33.0,0.0
1783935862.0,745,32624,84,12.0,32.0,0.0
1783935862.6,745,32624,97,11.0,33.0,0.0
1783935863.2,745,32624,97,10.0,33.0,0.0
1783935863.7,745,32624,83,10.0,33.0,0.0
1783935864.3,745,32624,84,12.0,33.0,0.0
1783935864.9,745,32624,84,11.0,33.0,0.0
1783935865.5,745,32624,84,11.0,33.0,0.0
1783935866.1,745,32624,84,11.0,33.0,0.0
1783935866.7,745,32624,84,12.0,33.0,0.0
1783935867.3,745,32624,84,10.0,33.0,0.0
1783935867.9,745,32624,84,10.0,33.0,0.0
1783935868.5,745,32624,84,11.0,33.0,0.0
1783935869.1,745,32624,84,11.0,33.0,0.0
1783935869.7,745,32624,84,11.0,33.0,0.0
1783935870.3,745,32624,84,11.0,33.0,0.0
1783935870.9,745,32624,84,11.0,32.0,0.0
1783935871.5,745,32624,84,11.0,33.0,0.0
1783935872.1,745,32624,84,11.0,33.0,0.0
1783935872.7,745,32624,104,11.0,33.0,0.0
1783935873.2,745,32624,86,11.0,33.0,0.0
1783935873.8,745,32624,86,11.0,33.0,0.0
1783935874.4,745,32624,86,12.0,33.0,0.0
1783935875.0,745,32624,86,11.0,32.0,0.0
1783935875.6,745,32624,86,11.0,33.0,0.0
1783935876.2,745,32624,86,11.0,32.0,0.0
1783935876.8,745,32624,86,11.0,32.0,0.0
1783935877.4,745,32624,99,22.0,33.0,0.0
1783935878.0,745,32624,99,11.0,33.0,0.0
1783935878.6,745,32624,86,11.0,33.0,0.0
1783935879.2,745,32624,86,11.0,33.0,0.0
1783935879.8,745,32624,86,11.0,33.0,0.0
1783935880.4,745,32624,86,11.0,33.0,0.0
1783935881.0,745,32624,86,11.0,33.0,0.0
1783935881.6,745,32624,86,11.0,32.0,0.0
1783935882.2,745,32624,86,12.0,33.0,0.0
1783935882.7,745,32624,86,11.0,32.0,0.0
1783935883.3,745,32624,86,10.0,32.0,0.0
1783935883.9,745,32624,86,11.0,33.0,0.0
1783935884.5,745,32624,86,12.0,33.0,0.0
1783935885.1,745,32624,86,11.0,32.0,0.0
1783935885.7,745,32624,86,10.0,33.0,0.0
1783935886.3,745,32624,86,13.0,33.0,0.0
1783935886.9,745,32624,86,14.0,33.0,0.0
1783935887.5,745,32624,99,11.0,33.0,0.0
1783935888.1,745,32624,99,11.0,33.0,0.0
1783935888.7,745,32624,91,22.0,33.0,0.0
1783935889.3,745,32624,91,11.0,33.0,0.0
1783935889.9,745,32624,85,11.0,33.0,0.0
1783935890.5,745,32624,85,11.0,32.0,0.0
1783935891.0,745,32624,85,11.0,32.0,0.0
1783935891.6,745,32624,85,10.0,33.0,0.0
1783935892.2,745,32624,85,11.0,33.0,0.0
1783935892.8,745,32624,99,11.0,33.0,0.0
1783935893.4,745,32624,85,11.0,33.0,0.0
1783935894.0,745,32624,85,11.0,32.0,0.0
1783935894.6,745,32624,85,12.0,33.0,0.0
1783935895.2,745,32624,85,11.0,33.0,0.0
1783935895.8,745,32624,85,11.0,32.0,0.0
1783935896.4,745,32624,85,12.0,32.0,0.0
1783935897.0,745,32624,85,11.0,32.0,0.0
1783935897.6,745,32624,85,12.0,32.0,0.0
1783935898.2,745,32624,85,12.0,32.0,0.0
1783935898.8,745,32624,91,14.0,32.0,26.0
1783935899.4,745,32624,91,11.0,33.0,0.0
1783935900.0,745,32624,91,12.0,32.0,0.0
1783935900.6,745,32624,85,12.0,33.0,0.0
1783935901.2,745,32624,85,11.0,33.0,0.0
1783935901.8,745,32624,85,12.0,32.0,0.0
1783935902.4,745,32624,94,11.0,32.0,0.0
1783935903.0,745,32624,101,15.0,33.0,0.0
1783935903.6,745,32624,86,11.0,33.0,0.0
1783935904.2,745,32624,86,11.0,33.0,0.0
1783935904.8,745,32624,86,11.0,33.0,0.0
1783935905.3,745,32624,86,11.0,33.0,0.0
1783935905.9,745,32624,86,11.0,33.0,0.0
1783935906.5,745,32624,86,11.0,33.0,0.0
1783935907.1,745,32624,86,10.0,33.0,0.0
1783935907.7,745,32624,99,11.0,33.0,0.0
1783935908.3,745,32624,99,10.0,33.0,0.0
1783935908.9,745,32624,92,11.0,33.0,0.0
1783935909.5,745,32624,86,11.0,33.0,0.0
1783935910.1,745,32624,86,11.0,33.0,0.0
1783935910.7,745,32624,86,11.0,33.0,0.0
1783935911.3,745,32624,86,11.0,33.0,0.0
1783935911.9,745,32624,86,11.0,33.0,0.0
1783935912.5,745,32624,86,10.0,33.0,0.0
1783935913.1,745,32624,86,11.0,33.0,0.0
1783935913.7,747,32624,88,11.0,33.0,0.0
1783935914.3,747,32624,88,11.0,33.0,0.0
1783935914.8,747,32624,88,11.0,32.0,0.0
1783935915.4,747,32624,88,12.0,33.0,0.0
1783935916.0,747,32624,88,11.0,33.0,0.0
1783935916.6,747,32624,88,11.0,33.0,0.0
1783935917.2,747,32624,83,12.0,33.0,0.0
1783935917.8,747,32624,105,11.0,33.0,0.0
1783935918.4,747,32624,88,23.0,32.0,416.0
1783935919.0,747,32624,88,11.0,33.0,0.0
1783935919.6,747,32624,88,12.0,33.0,0.0
1783935920.2,747,32624,88,12.0,33.0,0.0
1783935920.8,747,32624,88,11.0,32.0,0.0
1783935921.4,747,32624,88,10.0,33.0,0.0
1783935922.0,747,32624,88,11.0,33.0,0.0
1783935922.6,747,32624,102,12.0,33.0,0.0
1783935923.2,747,32624,88,12.0,33.0,0.0
1783935923.8,747,32624,88,11.0,33.0,0.0
1783935924.4,747,32624,88,12.0,33.0,0.0
1783935925.0,747,32624,88,10.0,33.0,0.0
1783935925.6,747,32624,88,12.0,32.0,0.0
1783935926.2,747,32624,88,11.0,33.0,0.0
1783935926.8,747,32624,88,11.0,33.0,0.0
1783935927.4,747,32624,88,11.0,33.0,0.0
1783935928.0,747,32624,88,11.0,33.0,0.0
1783935928.6,747,32624,88,10.0,33.0,0.0
1783935929.2,747,32624,88,11.0,33.0,0.0
1783935929.8,747,32624,88,11.0,33.0,0.0
1783935930.4,747,32624,88,11.0,33.0,0.0
1783935930.9,747,32624,88,12.0,32.0,0.0
1783935931.5,747,32624,88,11.0,33.0,0.0
1783935932.1,747,32624,88,12.0,33.0,0.0
1783935932.7,747,32624,105,12.0,33.0,0.0
1783935933.3,747,32624,88,15.0,33.0,317.0
1783935933.9,747,32624,94,12.0,33.0,0.0
1783935934.5,747,32624,88,11.0,33.0,0.0
1783935935.1,747,32624,88,11.0,33.0,0.0
1783935935.7,747,32624,88,12.0,33.0,0.0
1783935936.3,747,32624,88,11.0,33.0,0.0
1783935936.9,747,32624,88,11.0,33.0,0.0
1783935937.5,747,32624,101,23.0,33.0,0.0
1783935938.1,747,32624,101,11.0,32.0,0.0
1783935938.7,747,32624,88,11.0,32.0,0.0
1783935939.3,747,32624,88,11.0,33.0,0.0
1783935939.9,747,32624,88,11.0,32.0,0.0
1783935940.5,747,32624,88,14.0,33.0,43.0
1783935941.1,747,32624,88,10.0,33.0,0.0
1783935941.6,747,32624,88,11.0,32.0,0.0
1783935942.2,747,32624,88,12.0,32.0,0.0
1783935942.8,747,32624,88,11.0,32.0,0.0
1783935943.4,747,32624,88,10.0,32.0,0.0
1783935944.0,747,32624,88,11.0,32.0,0.0
1783935944.6,747,32624,88,11.0,32.0,0.0
1783935945.2,747,32624,88,10.0,33.0,0.0
1783935945.8,747,32624,88,11.0,33.0,0.0
1783935946.4,747,32624,88,11.0,33.0,0.0
1783935947.0,747,32624,88,11.0,32.0,0.0
1783935947.6,747,32624,111,21.0,33.0,0.0
1783935948.2,747,32624,111,11.0,33.0,0.0
1783935948.8,747,32624,88,12.0,33.0,0.0
1783935949.4,747,32624,88,12.0,32.0,0.0
1783935950.0,747,32624,88,10.0,32.0,0.0
1783935950.6,747,32624,88,11.0,33.0,0.0
1783935951.2,747,32624,88,15.0,32.0,6.0
1783935951.8,747,32624,88,10.0,33.0,0.0
1783935952.4,747,32624,102,22.0,32.0,0.0
1783935952.9,747,32624,102,11.0,32.0,0.0
1783935953.5,747,32624,88,11.0,32.0,0.0
1783935954.1,747,32624,88,11.0,32.0,0.0
1783935954.7,747,32624,88,11.0,33.0,0.0
1783935955.3,747,32624,88,10.0,33.0,0.0
1783935955.9,747,32624,88,10.0,33.0,0.0
1783935956.5,747,32624,88,11.0,33.0,0.0
1783935957.1,747,32624,88,10.0,33.0,0.0
1783935957.7,747,32624,88,10.0,33.0,0.0
1783935958.3,747,32624,88,12.0,33.0,0.0
1783935958.9,747,32624,88,18.0,32.0,1347.0
1783935959.5,747,32624,88,16.0,32.0,798.0
1783935960.1,747,32624,88,11.0,33.0,0.0
1783935960.7,747,32624,88,10.0,32.0,0.0
1783935961.3,747,32624,88,11.0,32.0,0.0
1783935961.9,747,32624,88,11.0,33.0,0.0
1783935962.5,747,32624,102,15.0,33.0,19.0
1783935963.1,747,32624,110,11.0,33.0,0.0
1783935963.7,747,32624,88,11.0,33.0,0.0
1783935964.3,747,32624,88,11.0,33.0,0.0
1783935964.9,747,32624,94,12.0,32.0,0.0
1783935965.5,747,32624,94,11.0,33.0,0.0
1783935966.1,747,32624,94,10.0,33.0,0.0
1783935966.7,747,32624,88,10.0,32.0,0.0
1783935967.2,747,32624,88,10.0,33.0,0.0
1783935967.8,747,32624,102,11.0,33.0,0.0
1783935968.4,747,32624,102,12.0,33.0,0.0
1783935969.0,747,32624,88,10.0,33.0,0.0
1783935969.6,747,32624,88,11.0,33.0,0.0
1783935970.2,747,32624,88,11.0,33.0,0.0
1783935970.8,747,32624,88,10.0,33.0,0.0
1783935971.4,747,32624,88,11.0,33.0,0.0
1783935972.0,747,32624,88,11.0,33.0,0.0
1783935972.6,747,32624,88,10.0,33.0,0.0
1783935973.2,747,32624,85,11.0,33.0,0.0
1783935973.8,747,32624,85,11.0,33.0,0.0
1783935974.4,747,32624,85,11.0,32.0,0.0
1783935975.0,747,32624,91,11.0,32.0,0.0
1783935975.6,747,32624,86,12.0,32.0,0.0
1783935976.2,747,32624,81,11.0,33.0,0.0
1783935976.8,747,32624,88,11.0,32.0,0.0
1783935977.4,747,32624,116,22.0,33.0,0.0
1783935978.0,747,32624,96,16.0,33.0,1439.0
1783935978.6,747,32624,96,10.0,33.0,0.0
1783935979.2,747,32624,96,13.0,33.0,0.0
1783935979.8,747,32624,81,10.0,33.0,0.0
1783935980.4,747,32624,81,11.0,33.0,0.0
1783935981.0,747,32624,81,10.0,32.0,0.0
1783935981.5,747,32624,81,13.0,33.0,0.0
1783935982.1,747,32624,81,12.0,32.0,0.0
1783935982.7,747,32624,95,11.0,33.0,0.0
1783935983.3,747,32624,81,11.0,33.0,0.0
1783935983.9,747,32624,81,10.0,33.0,0.0
1783935984.5,747,32624,81,11.0,33.0,0.0
1783935985.1,747,32624,81,12.0,32.0,0.0
1783935985.7,747,32624,81,11.0,33.0,0.0
1783935986.3,747,32624,81,10.0,33.0,0.0
1783935986.9,747,32624,86,11.0,33.0,0.0
1783935987.5,747,32624,86,11.0,32.0,0.0
1783935988.1,747,32624,86,11.0,33.0,0.0
1783935988.7,747,32624,86,12.0,33.0,0.0
1783935989.3,747,32624,86,11.0,33.0,0.0
1783935989.9,747,32624,86,11.0,33.0,0.0
1783935990.5,747,32624,86,10.0,32.0,0.0
1783935991.1,747,32624,86,11.0,32.0,0.0
1783935991.7,747,32624,86,10.0,32.0,0.0
1783935992.3,747,32624,86,9.0,33.0,0.0
1783935992.9,747,32624,97,11.0,32.0,0.0
1783935993.5,747,32624,97,11.0,33.0,0.0
1783935994.0,747,32624,97,9.0,32.0,0.0
1783935994.6,747,32624,97,10.0,33.0,0.0
1783935995.2,747,32624,88,12.0,33.0,0.0
1783935995.8,747,32624,88,11.0,33.0,0.0
1783935996.4,747,32624,88,10.0,32.0,0.0
1783935997.0,747,32624,88,9.0,32.0,0.0
1783935997.6,747,32624,95,11.0,32.0,0.0
1783935998.2,747,32624,95,11.0,32.0,0.0
1783935998.8,747,32624,95,9.0,32.0,0.0
1783935999.4,747,32624,91,15.0,32.0,253.0
1783936000.0,747,32624,91,11.0,32.0,0.0
1783936000.6,747,32624,91,10.0,33.0,0.0
1783936001.2,747,32624,91,10.0,33.0,0.0
1783936001.8,747,32624,104,31.0,32.0,1258.0
1783936002.4,747,32624,108,23.0,33.0,0.0
1783936003.0,747,32624,112,11.0,33.0,0.0
1783936003.6,747,32624,108,11.0,33.0,0.0
1783936004.2,747,32624,90,25.0,33.0,27.0
1783936004.8,747,32624,90,10.0,33.0,0.0
1783936005.4,747,32624,90,22.0,33.0,0.0
1783936006.0,747,32624,94,11.0,33.0,0.0
1783936006.6,747,32624,88,10.0,33.0,0.0
1783936007.2,747,32624,88,12.0,33.0,0.0
1783936007.8,747,32624,88,10.0,32.0,0.0
1783936008.4,747,32624,107,22.0,33.0,0.0
1783936009.0,747,32624,120,11.0,33.0,0.0
1783936009.6,747,32624,81,22.0,33.0,0.0
1783936010.2,747,32624,104,21.0,33.0,0.0
1783936010.8,747,32624,112,22.0,33.0,0.0
1783936011.4,747,32624,111,12.0,33.0,0.0
1783936012.0,747,32624,111,10.0,33.0,0.0
1783936012.6,747,32624,111,10.0,33.0,0.0
1783936013.2,747,32624,111,12.0,33.0,0.0
1783936013.7,747,32624,87,11.0,33.0,0.0
1783936014.3,747,32624,87,10.0,33.0,0.0
1783936014.9,747,32624,110,11.0,33.0,0.0
1783936015.5,747,32624,110,11.0,33.0,0.0
1783936016.1,747,32624,87,10.0,33.0,0.0
1783936016.7,747,32624,100,11.0,33.0,0.0
1783936017.3,747,32624,100,12.0,33.0,0.0
1783936017.9,747,32624,100,10.0,33.0,0.0
1783936018.5,747,32624,100,10.0,33.0,0.0
1783936019.1,747,32624,108,11.0,33.0,0.0
1783936019.7,747,32624,108,12.0,33.0,0.0
1783936020.3,747,32624,86,11.0,33.0,0.0
1783936020.9,747,32624,86,11.0,33.0,0.0
1783936021.5,747,32624,86,11.0,33.0,0.0
1783936022.1,747,32624,86,14.0,33.0,41.0
1783936022.7,747,32624,86,11.0,33.0,0.0
1783936023.3,747,32624,86,11.0,33.0,0.0
1783936023.9,747,32624,104,23.0,33.0,0.0
1783936024.4,747,32624,104,11.0,33.0,0.0
1783936025.0,747,32624,85,10.0,33.0,0.0
1783936025.6,747,32624,98,11.0,33.0,0.0
1783936026.2,747,32624,98,10.0,33.0,0.0
1783936026.8,747,32624,85,26.0,33.0,18.0
1783936027.4,747,32624,93,27.0,33.0,175.0
1783936028.0,747,32624,87,12.0,33.0,0.0
1783936028.6,747,32624,87,11.0,33.0,0.0
1783936029.2,747,32624,85,15.0,33.0,1291.0
1783936029.8,747,32624,87,15.0,33.0,10.0
1783936030.4,747,32624,87,15.0,33.0,1286.0
1783936031.0,747,32624,87,11.0,33.0,0.0
1783936031.6,747,32624,84,15.0,33.0,1153.0
1783936032.2,747,32624,84,11.0,33.0,0.0
1783936032.8,747,32624,98,25.0,33.0,1366.0
1783936033.4,747,32624,98,10.0,33.0,0.0
1783936034.0,747,32624,98,12.0,33.0,0.0
1783936034.6,747,32624,111,11.0,33.0,0.0
1783936035.1,747,32624,104,10.0,33.0,0.0
1783936035.7,747,32624,104,21.0,33.0,0.0
1783936036.3,747,32624,104,11.0,33.0,0.0
1783936036.9,747,32624,88,12.0,33.0,0.0
1783936037.5,747,32624,88,11.0,33.0,0.0
1783936038.1,747,32624,88,11.0,33.0,0.0
1783936038.7,747,32624,89,26.0,33.0,1568.0
1783936039.3,747,32624,89,16.0,33.0,704.0
1783936039.9,747,32624,89,11.0,33.0,0.0
1783936040.5,747,32624,95,22.0,33.0,0.0
1783936041.1,747,32624,95,12.0,33.0,0.0
1783936041.7,747,32624,90,11.0,33.0,0.0
1783936042.3,747,32624,90,11.0,33.0,0.0
1783936042.9,747,32624,90,11.0,33.0,0.0
1783936043.5,747,32624,90,9.0,33.0,0.0
1783936044.1,747,32624,131,16.0,33.0,64.0
1783936044.7,747,32624,106,22.0,33.0,0.0
1783936045.3,747,32624,99,11.0,33.0,0.0
1783936045.9,747,32624,111,23.0,33.0,0.0
1783936046.5,747,32624,102,11.0,33.0,0.0
1783936047.1,747,32624,104,11.0,33.0,0.0
1783936047.7,747,32624,110,11.0,33.0,0.0
1783936048.3,747,32624,110,12.0,33.0,0.0
1783936048.9,747,32624,91,11.0,33.0,0.0
1783936049.5,747,32624,104,22.0,33.0,0.0
1783936050.1,747,32624,104,11.0,33.0,0.0
1783936050.7,747,32624,108,12.0,33.0,0.0
1783936051.3,747,32624,98,11.0,33.0,0.0
1783936051.9,747,32624,85,15.0,33.0,1341.0
1783936052.5,747,32624,85,15.0,33.0,1573.0
1783936053.1,747,32624,91,17.0,33.0,32.0
1783936053.7,747,32624,89,15.0,33.0,199.0
1783936054.3,747,32624,89,11.0,33.0,0.0
1783936054.9,747,32624,89,12.0,33.0,0.0
1783936055.5,747,32624,103,17.0,33.0,468.0
1783936056.1,747,32624,86,15.0,33.0,33.0
1783936056.7,747,32624,108,30.0,33.0,108.0
1783936057.3,747,32624,124,11.0,33.0,0.0
1783936057.9,747,32624,98,12.0,33.0,0.0
1783936058.5,747,32624,98,11.0,33.0,0.0
1783936059.1,747,32624,98,10.0,33.0,0.0
1783936059.7,747,32624,98,9.0,33.0,0.0
1783936060.3,747,32624,98,9.0,33.0,0.0
1783936060.9,747,32624,98,9.0,33.0,0.0
1783936061.5,747,32624,98,11.0,33.0,0.0
1783936062.0,747,32624,98,11.0,33.0,0.0
1783936062.6,747,32624,98,11.0,33.0,0.0
1783936063.2,747,32624,98,10.0,33.0,0.0
1783936063.8,747,32624,98,9.0,33.0,0.0
1783936064.4,747,32624,98,22.0,33.0,0.0
1783936065.0,747,32624,108,26.0,33.0,95.0
1783936065.6,747,32624,104,11.0,33.0,0.0
1783936066.2,747,32624,88,11.0,33.0,0.0
1783936066.8,747,32624,88,11.0,33.0,0.0
1783936067.4,747,32624,90,10.0,33.0,0.0
1783936068.0,747,32624,90,11.0,33.0,0.0
1783936068.6,747,32624,86,17.0,33.0,787.0
1783936069.2,747,32624,117,11.0,33.0,0.0
1783936069.8,747,32624,104,14.0,32.0,74.0
1783936070.4,747,32624,128,26.0,33.0,113.0
1783936071.0,747,32624,111,25.0,33.0,35.0
1783936071.6,747,32624,97,11.0,33.0,0.0
1783936072.2,747,32624,97,12.0,33.0,0.0
1783936072.8,747,32624,92,11.0,33.0,0.0
1783936073.4,747,32624,92,10.0,33.0,0.0
1783936074.0,747,32624,92,11.0,33.0,0.0
1783936074.6,747,32624,92,11.0,33.0,0.0
1783936075.2,747,32624,100,11.0,33.0,0.0
1783936075.8,747,32624,100,11.0,32.0,0.0
1783936076.4,747,32624,88,12.0,33.0,0.0
1783936077.0,747,32624,101,22.0,33.0,0.0
1783936077.6,747,32624,104,11.0,33.0,0.0
1783936078.2,747,32624,98,22.0,33.0,0.0
1783936078.8,747,32624,88,11.0,33.0,0.0
1783936079.4,747,32624,93,16.0,33.0,1532.0
1783936080.0,747,32624,91,12.0,33.0,0.0
1783936080.6,747,32624,85,12.0,33.0,0.0
1783936081.2,747,32624,101,11.0,33.0,0.0
1783936081.7,747,32624,101,10.0,33.0,0.0
1783936082.3,747,32624,112,11.0,33.0,0.0
1783936082.9,747,32624,102,10.0,33.0,0.0
1783936083.5,747,32624,110,28.0,33.0,1486.0
1783936084.1,747,32624,94,17.0,33.0,1698.0
1783936084.7,747,32624,93,11.0,33.0,0.0
1783936085.3,747,32624,93,11.0,33.0,0.0
1783936085.9,747,32624,90,18.0,33.0,624.0
1783936086.5,747,32624,90,11.0,33.0,0.0
1783936087.1,747,32624,104,15.0,33.0,1492.0
1783936087.7,747,32624,104,10.0,33.0,0.0
1783936088.3,747,32624,104,12.0,33.0,0.0
1783936088.9,747,32624,104,11.0,33.0,0.0
1783936089.5,747,32624,104,16.0,33.0,1668.0
1783936090.1,747,32624,94,15.0,33.0,49.0
1783936090.7,747,32624,94,11.0,33.0,0.0
1783936091.3,747,32624,88,16.0,33.0,6.0
1783936091.9,747,32624,100,25.0,33.0,1155.0
1783936092.5,747,32624,100,22.0,33.0,0.0
1783936093.1,747,32624,98,11.0,33.0,0.0
1783936093.7,752,32624,98,12.0,33.0,0.0
1783936094.3,752,32624,98,11.0,33.0,0.0
1783936094.9,752,32624,88,11.0,33.0,0.0
1783936095.5,752,32624,88,10.0,33.0,0.0
1783936096.1,752,32624,88,19.0,33.0,80.0
1783936096.6,752,32624,88,10.0,33.0,0.0
1783936097.2,752,32624,88,11.0,33.0,0.0
1783936097.8,752,32624,88,11.0,33.0,0.0
1783936098.4,752,32624,97,22.0,33.0,0.0
1783936099.0,752,32624,97,11.0,33.0,0.0
1783936099.6,752,32624,103,15.0,33.0,553.0
1783936100.2,752,32624,86,10.0,33.0,0.0
1783936100.8,752,32624,98,10.0,33.0,0.0
1783936101.4,752,32624,93,26.0,33.0,1361.0
1783936102.0,752,32624,104,23.0,33.0,0.0
1783936102.6,752,32624,104,22.0,33.0,0.0
1783936103.2,752,32624,99,22.0,33.0,0.0
1783936103.8,752,32624,86,12.0,33.0,0.0
1783936104.4,752,32624,98,25.0,33.0,25.0
1783936105.0,752,32624,115,22.0,33.0,0.0
1783936105.6,752,32624,82,22.0,33.0,0.0
1783936106.2,752,32624,101,27.0,33.0,2057.0
1783936106.8,752,32624,101,11.0,33.0,0.0
1783936107.4,752,32624,101,11.0,33.0,0.0
1783936108.0,752,32624,101,10.0,33.0,0.0
1783936108.6,752,32624,99,22.0,33.0,0.0
1783936109.1,752,32624,112,22.0,33.0,0.0
1783936109.8,752,32624,104,22.0,33.0,0.0
1783936110.4,752,32624,107,11.0,33.0,0.0
1783936111.0,752,32624,104,22.0,33.0,0.0
1783936111.6,752,32624,104,23.0,33.0,0.0
1783936112.2,752,32624,100,11.0,33.0,0.0
1783936112.8,752,32624,100,11.0,33.0,0.0
1783936113.4,752,32624,103,22.0,33.0,0.0
1783936114.0,752,32624,87,11.0,33.0,0.0
1783936114.6,752,32624,87,10.0,33.0,0.0
1783936115.2,752,32624,87,11.0,33.0,0.0
1783936115.8,752,32624,86,19.0,33.0,300.0
1783936116.4,752,32624,86,12.0,33.0,0.0
1783936117.0,752,32624,86,12.0,33.0,0.0
1783936117.6,752,32624,84,14.0,33.0,49.0
1783936118.2,752,32624,91,11.0,33.0,0.0
1783936118.8,752,32624,91,15.0,33.0,98.0
1783936119.4,752,32624,89,10.0,33.0,0.0
1783936120.0,752,32624,89,17.0,33.0,1344.0
1783936120.6,752,32624,91,12.0,33.0,0.0
1783936121.2,752,32624,91,13.0,33.0,0.0
1783936121.8,752,32624,114,11.0,33.0,0.0
1783936122.4,752,32624,85,11.0,33.0,0.0
1783936122.9,752,32624,98,11.0,33.0,0.0
1783936123.5,752,32624,98,9.0,33.0,0.0
1783936124.1,752,32624,98,10.0,33.0,0.0
1783936124.7,752,32624,85,22.0,33.0,0.0
1783936125.3,752,32624,98,11.0,33.0,0.0
1783936125.9,752,32624,98,11.0,33.0,0.0
1783936126.5,752,32624,98,10.0,33.0,0.0
1783936127.1,752,32624,98,10.0,33.0,0.0
1783936127.7,752,32624,98,12.0,33.0,0.0
1783936128.3,752,32624,98,11.0,33.0,0.0
1783936128.9,752,32624,98,10.0,33.0,0.0
1783936129.5,752,32624,98,10.0,33.0,0.0
1783936130.1,752,32624,98,10.0,33.0,0.0
1783936130.7,752,32624,82,22.0,33.0,0.0
1783936131.3,752,32624,98,11.0,33.0,0.0
1783936131.9,752,32624,98,11.0,33.0,0.0
1783936132.5,752,32624,98,9.0,33.0,0.0
1783936133.1,752,32624,98,10.0,33.0,0.0
1783936133.7,752,32624,85,24.0,33.0,393.0
1783936134.3,752,32624,104,12.0,33.0,0.0
1783936134.8,752,32624,104,12.0,33.0,0.0
1783936135.4,752,32624,88,22.0,33.0,0.0
1783936136.0,752,32624,99,26.0,33.0,73.0
1783936136.6,752,32624,99,22.0,33.0,0.0
1783936137.2,752,32624,99,11.0,33.0,0.0
1783936137.8,754,32624,98,23.0,33.0,0.0
1783936138.4,754,32624,100,22.0,33.0,0.0
1783936139.0,752,32624,100,11.0,33.0,0.0
1783936139.6,752,32624,100,11.0,33.0,0.0
1783936140.2,752,32624,104,11.0,33.0,0.0
1783936140.8,752,32624,104,10.0,33.0,0.0
1783936141.4,752,32624,104,11.0,33.0,0.0
1783936142.0,752,32624,104,10.0,33.0,0.0
1783936142.6,752,32624,100,23.0,33.0,500.0
1783936143.2,752,32624,100,11.0,33.0,0.0
1783936143.8,752,32624,100,11.0,33.0,0.0
1783936144.4,752,32624,95,25.0,33.0,48.0
1783936145.0,754,32624,97,19.0,33.0,1818.0
1783936145.6,754,32624,100,22.0,33.0,0.0
1783936146.2,754,32624,100,22.0,33.0,0.0
1783936146.7,754,32624,100,11.0,33.0,0.0
1783936147.3,752,32624,98,14.0,33.0,500.0
1783936147.9,752,32624,98,12.0,33.0,0.0
1783936148.5,752,32624,98,11.0,33.0,0.0
1783936149.1,752,32624,98,9.0,33.0,0.0
1783936149.7,752,32624,98,11.0,33.0,0.0
1783936150.3,752,32624,98,11.0,33.0,0.0
1783936150.9,752,32624,98,12.0,33.0,0.0
1783936151.5,752,32624,97,23.0,33.0,0.0
1783936152.1,752,32624,100,22.0,33.0,0.0
1783936152.7,757,32624,113,22.0,33.0,0.0
1783936153.3,756,32624,108,22.0,33.0,0.0
1783936153.9,758,32624,104,11.0,33.0,0.0
1783936154.6,758,32624,112,30.0,33.0,439.0
1783936155.2,758,32624,125,25.0,33.0,24.0
1783936155.9,758,32624,110,22.0,33.0,0.0
1783936156.7,758,32624,87,15.0,33.0,6.0
1783936157.5,758,32624,103,12.0,33.0,0.0
1783936158.3,758,32624,109,22.0,33.0,0.0
1783936159.0,758,32624,98,22.0,33.0,0.0
1783936159.7,758,32624,98,24.0,33.0,17.0
1783936160.5,758,32624,85,12.0,33.0,0.0
1783936161.1,758,32624,120,13.0,33.0,302.0
1783936161.8,758,32624,117,10.0,33.0,0.0
1783936162.6,758,32624,104,12.0,33.0,4.0
1783936163.2,758,32624,104,26.0,33.0,78.0
1783936163.9,758,32624,91,16.0,33.0,52.0
1783936164.7,758,32624,93,10.0,33.0,0.0
1783936165.4,758,32624,85,12.0,33.0,0.0
1783936166.0,758,32624,93,10.0,33.0,0.0
1783936166.8,758,32624,85,10.0,33.0,0.0
1783936167.5,762,32624,95,16.0,33.0,95.0
1783936168.3,758,32624,89,16.0,33.0,109.0
1783936169.0,758,32624,83,15.0,33.0,35.0
1783936169.8,758,32624,85,13.0,33.0,33.0
1783936170.5,758,32624,89,11.0,33.0,0.0
1783936171.2,758,32624,82,11.0,33.0,0.0
1783936171.9,758,32624,88,11.0,33.0,0.0
1783936172.6,758,32624,82,15.0,33.0,25.0
1783936173.3,758,32624,86,15.0,33.0,79.0
1783936174.0,758,32624,88,12.0,33.0,0.0
1783936174.7,758,32624,84,19.0,33.0,134.0
1783936175.4,758,32624,106,13.0,33.0,13.0
1783936176.1,755,32624,98,25.0,33.0,44.0
1783936176.8,755,32624,89,11.0,33.0,0.0
1783936177.6,755,32624,82,11.0,33.0,0.0
1783936178.2,755,32624,82,11.0,33.0,0.0
1783936179.0,755,32624,82,16.0,33.0,526.0
1783936179.7,755,32624,81,26.0,33.0,53.0
1783936180.4,755,32624,95,26.0,33.0,65.0
1783936181.0,755,32624,106,22.0,34.0,0.0
1783936181.8,755,32624,103,11.0,33.0,0.0
1783936182.5,755,32624,95,25.0,33.0,17.0
1783936183.4,755,32624,108,11.0,33.0,0.0
1783936184.1,755,32624,95,22.0,33.0,0.0
1783936184.8,755,32624,95,15.0,33.0,25.0
1783936185.5,755,32624,98,26.0,34.0,328.0
1783936186.2,755,32624,93,26.0,34.0,1330.0
1783936186.8,755,32624,93,22.0,34.0,0.0
1783936187.6,755,32624,93,11.0,33.0,0.0
1783936188.3,755,32624,93,25.0,33.0,10.0
1783936188.9,755,32624,107,26.0,34.0,43.0
1783936189.6,755,32624,93,10.0,33.0,0.0
1783936190.2,755,32624,102,24.0,34.0,14.0
1783936190.8,755,32624,94,10.0,33.0,0.0
1783936191.4,755,32624,84,10.0,33.0,0.0
1783936192.0,755,32624,84,11.0,33.0,0.0
1783936192.6,755,32624,84,26.0,33.0,75.0
1783936193.2,755,32624,74,22.0,34.0,0.0
1783936193.8,660,32624,60,25.0,34.0,0.0
1783936194.4,660,32624,60,10.0,33.0,0.0
1783936195.0,660,32624,60,11.0,33.0,0.0
1783936195.6,660,32624,60,11.0,33.0,0.0
1783936196.2,660,32624,61,11.0,33.0,0.0
1783936196.8,660,32624,61,11.0,33.0,0.0
1783936197.4,660,32624,61,15.0,33.0,41.0
1783936198.0,660,32624,60,12.0,33.0,0.0
1783936198.6,660,32624,57,22.0,33.0,230.0
1783936199.1,660,32624,57,10.0,33.0,0.0
1783936199.7,660,32624,57,10.0,33.0,0.0
1783936200.3,660,32624,57,11.0,33.0,0.0
1783936200.9,660,32624,57,11.0,33.0,0.0
1783936201.5,660,32624,57,11.0,33.0,0.0
1783936202.1,633,32624,57,26.0,33.0,0.0
1783936202.7,633,32624,57,10.0,33.0,0.0
1783936203.3,633,32624,57,12.0,33.0,0.0
1783936203.9,633,32624,57,11.0,33.0,0.0
1783936204.5,633,32624,57,11.0,33.0,0.0
1783936205.1,633,32624,57,11.0,33.0,0.0
1783936205.7,633,32624,57,10.0,33.0,0.0
1783936206.3,633,32624,57,10.0,33.0,0.0
1783936206.9,633,32624,57,12.0,33.0,0.0
1783936207.5,633,32624,57,11.0,33.0,0.0
1783936208.1,633,32624,57,11.0,33.0,0.0
1783936208.7,633,32624,57,14.0,33.0,39.0
1783936209.3,633,32624,57,11.0,33.0,0.0
1783936209.8,633,32624,57,12.0,33.0,0.0
1783936210.4,633,32624,57,11.0,33.0,0.0
1783936211.0,633,32624,57,11.0,33.0,0.0
1783936211.6,633,32624,60,12.0,33.0,0.0
1783936212.3,656,32624,86,16.0,33.0,77.0
1783936212.8,656,32624,92,12.0,33.0,0.0
1783936213.4,656,32624,88,22.0,33.0,0.0
1783936214.0,656,32624,88,12.0,33.0,0.0
1783936214.6,656,32624,88,11.0,33.0,0.0
1783936215.2,656,32624,76,11.0,33.0,0.0
1783936215.8,656,32624,76,11.0,33.0,0.0
1783936216.4,656,32624,76,11.0,33.0,0.0
1783936217.0,656,32624,76,11.0,33.0,0.0
1783936217.6,656,32624,76,11.0,33.0,0.0
1783936218.2,656,32624,86,10.0,33.0,0.0
1783936218.8,656,32624,86,11.0,33.0,0.0
1783936219.4,656,32624,86,9.0,33.0,0.0
1783936220.0,656,32624,78,12.0,33.0,0.0
1783936220.6,652,32624,78,15.0,33.0,36.0
1783936221.2,652,32624,78,11.0,33.0,0.0
1783936221.8,652,32624,78,11.0,33.0,0.0
1783936222.4,652,32624,78,11.0,33.0,0.0
1783936223.0,652,32624,78,11.0,33.0,0.0
1783936223.6,652,32624,78,10.0,33.0,0.0
1783936224.2,652,32624,78,11.0,33.0,0.0
1783936224.7,652,32624,78,11.0,33.0,0.0
1783936225.3,652,32624,78,14.0,33.0,1473.0
1783936225.9,652,32624,78,10.0,33.0,0.0
1783936226.5,652,32624,78,11.0,33.0,0.0
1783936227.1,652,32624,78,11.0,33.0,0.0
1783936227.7,652,32624,78,13.0,33.0,0.0
1783936228.3,652,32624,78,11.0,33.0,0.0
1783936228.9,652,32624,78,9.0,33.0,0.0
1783936229.5,652,32624,78,11.0,33.0,0.0
1783936230.1,652,32624,78,11.0,33.0,0.0
1783936230.7,652,32624,78,10.0,33.0,0.0
1783936231.3,652,32624,78,11.0,33.0,0.0
1783936231.9,652,32624,78,10.0,33.0,0.0
1783936232.5,652,32624,78,11.0,33.0,0.0
1783936233.1,652,32624,78,12.0,33.0,0.0
1783936233.7,652,32624,78,10.0,33.0,0.0
1783936234.3,652,32624,78,13.0,33.0,247.0
1783936234.9,652,32624,78,11.0,33.0,0.0
1783936235.5,652,32624,78,12.0,33.0,0.0
1783936236.1,652,32624,78,10.0,33.0,0.0
1783936236.7,652,32624,78,11.0,33.0,0.0
1783936237.3,652,32624,78,17.0,33.0,10.0
1783936237.9,652,32624,78,11.0,33.0,0.0
1783936238.5,652,32624,78,11.0,33.0,0.0
1783936239.1,652,32624,78,10.0,33.0,0.0
1783936239.7,652,32624,78,11.0,33.0,0.0
1783936240.3,652,32624,78,11.0,33.0,0.0
1783936240.9,652,32624,78,10.0,33.0,0.0
1783936241.5,652,32624,78,11.0,33.0,0.0
1783936242.1,641,32624,78,10.0,33.0,0.0
1783936242.7,641,32624,78,10.0,33.0,0.0
1783936243.3,641,32624,78,12.0,33.0,0.0
1783936243.9,641,32624,78,19.0,33.0,283.0
1783936244.4,641,32624,78,10.0,33.0,0.0
1783936245.0,641,32624,78,10.0,33.0,0.0
1783936245.6,641,32624,78,26.0,33.0,4.0
1783936246.2,641,32624,78,11.0,33.0,0.0
1783936246.8,641,32624,78,11.0,33.0,0.0
1783936247.4,641,32624,78,14.0,33.0,32.0
1783936248.0,641,32624,78,10.0,33.0,0.0
1783936248.6,641,32624,78,12.0,33.0,0.0
1783936249.2,641,32624,78,15.0,33.0,601.0
1783936249.8,641,32624,78,11.0,33.0,0.0
1783936250.4,641,32624,76,13.0,33.0,84.0
1783936251.0,641,32624,76,10.0,33.0,0.0
1783936251.6,641,32624,76,11.0,33.0,0.0
1783936252.2,641,32624,76,12.0,33.0,0.0
1783936252.8,641,32624,76,11.0,33.0,0.0
1783936253.4,641,32624,76,12.0,33.0,0.0
1783936254.0,641,32624,76,12.0,33.0,0.0
1783936254.6,641,32624,76,10.0,33.0,0.0
1783936255.2,641,32624,76,11.0,33.0,0.0
1783936255.8,641,32624,76,10.0,33.0,0.0
1783936256.4,641,32624,76,15.0,33.0,33.0
1783936257.0,641,32624,76,11.0,33.0,0.0
1783936257.6,641,32624,76,11.0,33.0,0.0
1783936258.2,641,32624,76,15.0,33.0,31.0
1783936258.8,641,32624,76,11.0,33.0,0.0
1783936259.4,641,32624,76,11.0,33.0,0.0
1783936260.0,656,32624,78,15.0,33.0,1247.0
1783936260.6,656,32624,76,14.0,33.0,80.0
1783936261.2,656,32624,76,26.0,33.0,1250.0
1783936261.8,656,32624,85,26.0,33.0,38.0
1783936262.4,656,32624,87,14.0,33.0,8.0
1783936263.0,663,32624,81,26.0,33.0,29.0
1783936263.6,663,32624,79,16.0,33.0,659.0
1783936264.2,670,32624,73,16.0,33.0,76.0
1783936264.9,676,32624,67,22.0,33.0,0.0
1783936265.5,676,32624,67,16.0,33.0,99.0
1783936266.1,701,32624,90,22.0,33.0,79.0
1783936266.8,701,32624,56,12.0,33.0,0.0
1783936267.5,701,32624,69,25.0,33.0,41.0
1783936268.1,697,32624,75,23.0,33.0,145.0
1783936268.7,697,32624,77,25.0,33.0,16.0
1783936269.3,697,32624,77,25.0,33.0,14.0
1783936270.0,709,32624,83,24.0,33.0,20.0
1783936270.6,730,32624,88,25.0,33.0,6.0
1783936271.2,721,32624,96,22.0,33.0,0.0
1783936271.8,721,32624,98,22.0,34.0,0.0
1783936272.5,718,32624,94,23.0,34.0,0.0
1783936273.1,717,32624,94,23.0,34.0,0.0
1783936273.7,717,32624,91,22.0,33.0,0.0
1783936274.3,717,32624,78,14.0,33.0,458.0
1783936274.9,717,32624,78,11.0,33.0,0.0
1783936275.5,717,32624,89,11.0,33.0,0.0
1783936276.1,717,32624,89,22.0,33.0,0.0
1783936276.7,717,32624,76,14.0,33.0,145.0
1783936277.3,717,32624,73,16.0,33.0,1181.0
1783936277.9,717,32624,75,11.0,34.0,0.0
1783936278.4,717,32624,73,11.0,33.0,0.0
1783936279.0,717,32624,89,11.0,33.0,0.0
1783936279.6,717,32624,75,11.0,33.0,0.0
1783936280.2,717,32624,72,10.0,33.0,0.0
1783936280.8,717,32624,72,11.0,33.0,0.0
1783936281.4,717,32624,72,11.0,33.0,0.0
1783936282.0,717,32624,72,12.0,33.0,0.0
1783936282.6,717,32624,72,11.0,33.0,0.0
1783936283.2,717,32624,72,11.0,33.0,0.0
1783936283.8,717,32624,72,11.0,33.0,0.0
1783936284.4,717,32624,72,11.0,33.0,0.0
1783936285.0,717,32624,72,12.0,33.0,0.0
1783936285.6,717,32624,72,11.0,33.0,0.0
1783936286.2,717,32624,72,12.0,33.0,0.0
1783936286.8,717,32624,72,15.0,33.0,6.0
1783936287.4,717,32624,72,11.0,33.0,0.0
1783936287.9,717,32624,72,10.0,33.0,0.0
1783936288.5,717,32624,72,11.0,33.0,0.0
1783936289.1,717,32624,72,11.0,33.0,0.0
1783936289.7,717,32624,72,11.0,33.0,0.0
1783936290.3,717,32624,72,11.0,33.0,0.0
1783936290.9,717,32624,72,11.0,33.0,0.0
1783936291.5,717,32624,72,10.0,33.0,0.0
1783936292.1,717,32624,72,11.0,33.0,0.0
1783936292.7,717,32624,72,11.0,33.0,0.0
1783936293.3,717,32624,72,11.0,33.0,0.0
1783936293.9,717,32624,74,22.0,33.0,0.0
1783936294.5,717,32624,72,12.0,33.0,0.0
1783936295.1,717,32624,72,11.0,33.0,0.0
1783936295.7,717,32624,72,14.0,33.0,32.0
1783936296.3,717,32624,74,15.0,33.0,26.0
1783936296.9,717,32624,74,22.0,33.0,0.0
1783936297.5,717,32624,88,14.0,33.0,40.0
1783936298.1,717,32624,72,22.0,33.0,0.0
1783936298.7,717,32624,72,10.0,33.0,0.0
1783936299.3,717,32624,88,23.0,33.0,0.0
1783936299.9,717,32624,74,11.0,33.0,0.0
1783936300.5,717,32624,72,11.0,33.0,0.0
1783936301.1,717,32624,72,11.0,33.0,0.0
1783936301.7,717,32624,72,14.0,33.0,645.0
1783936302.3,717,32624,88,13.0,33.0,0.0
1783936302.9,717,32624,72,10.0,33.0,0.0
1783936303.5,717,32624,72,14.0,33.0,52.0
1783936304.0,717,32624,72,10.0,33.0,0.0
1783936304.6,717,32624,72,11.0,33.0,0.0
1783936305.2,717,32624,72,20.0,33.0,191.0
1783936305.8,717,32624,72,11.0,33.0,0.0
1783936306.4,717,32624,72,22.0,33.0,0.0
1783936307.0,717,32624,72,14.0,33.0,41.0
1783936307.6,717,32624,72,11.0,33.0,0.0
1783936308.2,717,32624,72,11.0,33.0,0.0
1783936308.8,717,32624,74,22.0,33.0,0.0
1783936309.5,717,32624,78,26.0,33.0,0.0
1783936310.1,717,32624,74,12.0,33.0,0.0
1783936310.7,717,32624,74,27.0,34.0,83.0
1783936311.3,717,32624,106,21.0,34.0,0.0
1783936311.9,717,32624,91,11.0,33.0,0.0
1783936312.4,717,32624,77,11.0,33.0,0.0
1783936313.1,717,32624,110,22.0,33.0,0.0
1783936313.7,717,32624,80,10.0,33.0,0.0
1783936314.3,717,32624,75,11.0,33.0,0.0
1783936314.8,717,32624,73,18.0,33.0,134.0
1783936315.4,717,32624,75,27.0,33.0,792.0
1783936316.0,717,32624,75,12.0,33.0,0.0
1783936316.6,717,32624,72,11.0,33.0,0.0
1783936317.2,717,32624,83,26.0,33.0,7.0
1783936317.8,717,32624,72,20.0,33.0,500.0
1783936318.4,717,32624,74,17.0,33.0,6.0
1783936319.1,728,32624,118,22.0,33.0,236.0
1783936319.7,765,32624,125,26.0,34.0,1684.0
1783936320.3,765,32624,125,25.0,34.0,18.0
1783936320.9,765,32624,123,12.0,34.0,0.0
1783936321.5,765,32624,109,11.0,34.0,0.0
1783936322.1,765,32624,94,26.0,34.0,6.0
1783936322.7,765,32624,94,23.0,34.0,0.0
1783936323.4,765,32624,81,27.0,34.0,1007.0
1783936324.0,765,32624,81,14.0,34.0,52.0
1783936324.6,765,32624,81,22.0,34.0,0.0
1783936325.2,765,32624,88,11.0,34.0,0.0
1783936325.7,765,32624,78,11.0,33.0,0.0
1783936326.3,765,32624,109,22.0,34.0,0.0
1783936326.9,765,32624,81,23.0,34.0,0.0
1783936327.5,765,32624,81,20.0,33.0,341.0
1783936328.1,765,32624,81,12.0,33.0,0.0
1783936328.7,765,32624,81,12.0,34.0,0.0
1783936329.3,765,32624,86,29.0,34.0,856.0
1783936329.9,765,32624,96,22.0,34.0,0.0
1783936330.5,765,32624,79,13.0,33.0,0.0
1783936331.1,765,32624,79,11.0,33.0,0.0
1783936331.7,765,32624,79,13.0,34.0,264.0
1783936332.3,765,32624,79,11.0,33.0,0.0
1783936332.9,765,32624,79,16.0,33.0,40.0
1783936333.5,769,32624,92,22.0,34.0,0.0
1783936334.1,769,32624,100,24.0,34.0,229.0
1783936334.7,776,32624,112,26.0,34.0,18.0
1783936335.3,814,32624,121,25.0,34.0,536.0
1783936335.9,803,32624,119,23.0,34.0,0.0
1783936336.5,799,32624,98,10.0,34.0,0.0
1783936337.1,799,32624,85,12.0,33.0,0.0
1783936337.7,799,32624,75,12.0,34.0,0.0
1783936338.3,799,32624,108,22.0,34.0,0.0
1783936338.9,799,32624,91,26.0,34.0,58.0
1783936339.5,799,32624,91,22.0,34.0,0.0
1783936340.1,799,32624,78,11.0,34.0,0.0
1783936340.7,799,32624,78,23.0,33.0,288.0
1783936341.3,799,32624,78,10.0,33.0,0.0
1783936341.9,799,32624,88,22.0,34.0,0.0
1783936342.5,799,32624,78,11.0,34.0,0.0
1783936343.1,799,32624,78,11.0,34.0,0.0
1783936343.7,795,32624,111,22.0,34.0,0.0
1783936344.3,795,32624,94,22.0,34.0,0.0
1783936344.9,795,32624,77,22.0,34.0,0.0
1783936345.5,795,32624,74,15.0,33.0,58.0
1783936346.1,795,32624,85,22.0,34.0,0.0
1783936346.7,795,32624,105,22.0,34.0,0.0
1783936347.3,795,32624,89,22.0,34.0,0.0
1783936347.9,795,32624,75,10.0,34.0,0.0
1783936348.5,797,32624,90,25.0,34.0,6.0
1783936349.1,797,32624,91,22.0,34.0,0.0
1783936349.7,797,32624,93,24.0,34.0,20.0
1783936350.3,797,32624,76,11.0,34.0,0.0
1783936350.9,797,32624,74,11.0,34.0,0.0
1783936351.5,797,32624,74,18.0,33.0,881.0
1783936352.1,797,32624,97,22.0,34.0,0.0
1783936352.7,795,32624,107,22.0,34.0,0.0
1783936353.3,795,32624,95,11.0,33.0,0.0
1783936353.9,795,32624,91,22.0,34.0,0.0
1783936354.5,795,32624,77,15.0,34.0,14.0
1783936355.1,800,32624,97,21.0,34.0,500.0
1783936355.7,816,32624,134,28.0,34.0,322.0
1783936356.3,805,32624,114,26.0,34.0,44.0
1783936356.9,805,32624,124,31.0,34.0,18.0
1783936357.5,805,32624,124,12.0,34.0,0.0
1783936358.1,805,32624,110,22.0,34.0,0.0
1783936358.7,805,32624,100,11.0,34.0,0.0
1783936359.3,805,32624,81,11.0,33.0,0.0
1783936359.9,805,32624,91,21.0,34.0,0.0
1783936360.5,805,32624,73,22.0,34.0,0.0
1783936361.1,805,32624,83,25.0,34.0,25.0
1783936361.7,805,32624,83,22.0,34.0,0.0
1783936362.3,805,32624,73,18.0,34.0,0.0
1783936362.9,805,32624,73,16.0,34.0,56.0
1783936363.5,805,32624,73,11.0,34.0,0.0
1783936364.1,805,32624,83,23.0,34.0,154.0
1783936364.7,805,32624,73,11.0,34.0,0.0
1783936365.3,805,32624,99,32.0,34.0,366.0
1783936365.9,805,32624,84,22.0,34.0,0.0
1783936366.5,805,32624,70,11.0,34.0,0.0
1783936367.1,805,32624,74,28.0,34.0,208.0
1783936367.7,805,32624,97,22.0,34.0,0.0
1783936368.3,805,32624,104,22.0,34.0,0.0
1783936368.9,805,32624,73,10.0,34.0,0.0
1783936369.5,805,32624,71,12.0,34.0,0.0
1783936370.1,805,32624,71,15.0,34.0,20.0
1783936370.6,805,32624,71,16.0,34.0,0.0
1783936371.2,805,32624,75,11.0,34.0,0.0
1783936371.8,805,32624,71,12.0,34.0,0.0
1783936372.4,805,32624,74,27.0,34.0,62.0
1783936373.0,805,32624,80,22.0,34.0,0.0
1783936373.6,805,32624,78,27.0,34.0,1385.0
1783936374.2,805,32624,76,15.0,34.0,21.0
1783936374.8,811,32624,119,22.0,34.0,0.0
1783936375.5,800,32624,113,24.0,34.0,110.0
1783936376.1,800,32624,105,25.0,34.0,26.0
1783936376.7,787,32624,96,25.0,34.0,30.0
1783936377.3,787,32624,96,11.0,34.0,0.0
1783936377.9,787,32624,73,12.0,34.0,0.0
1783936378.5,787,32624,73,11.0,34.0,0.0
1783936379.1,787,32624,73,11.0,34.0,0.0
1783936379.7,787,32624,73,10.0,34.0,0.0
1783936380.3,787,32624,73,10.0,34.0,0.0
1783936380.9,787,32624,73,11.0,34.0,0.0
1783936381.4,787,32624,73,11.0,34.0,0.0
1783936382.0,787,32624,73,11.0,34.0,0.0
1783936382.6,787,32624,73,18.0,34.0,124.0
1783936383.2,787,32624,73,11.0,34.0,0.0
1783936383.8,787,32624,73,10.0,34.0,0.0
1783936384.4,787,32624,73,19.0,34.0,67.0
1783936385.0,783,32624,97,28.0,34.0,844.0
1783936385.6,797,32624,107,25.0,34.0,404.0
1783936386.2,797,32624,107,28.0,34.0,80.0
1783936386.8,797,32624,107,31.0,34.0,32.0
1783936387.4,786,32624,98,15.0,34.0,6.0
1783936388.0,786,32624,75,15.0,34.0,9.0
1783936388.6,786,32624,75,22.0,34.0,0.0
1783936389.2,786,32624,75,11.0,34.0,0.0
1783936389.8,786,32624,75,13.0,34.0,0.0
1783936390.4,786,32624,75,11.0,34.0,0.0
1783936391.0,786,32624,75,22.0,34.0,0.0
1783936391.6,786,32624,75,12.0,34.0,0.0
1783936392.2,786,32624,75,11.0,34.0,0.0
1783936392.8,786,32624,75,12.0,34.0,0.0
1783936393.4,786,32624,75,15.0,34.0,19.0
1783936394.0,786,32624,75,11.0,34.0,0.0
1783936394.6,786,32624,75,11.0,34.0,0.0
1783936395.2,786,32624,75,17.0,34.0,86.0
1783936395.8,786,32624,75,11.0,34.0,0.0
1783936396.3,786,32624,75,11.0,34.0,0.0
1783936396.9,786,32624,75,10.0,34.0,0.0
1783936397.5,786,32624,75,14.0,34.0,58.0
1783936398.1,792,32624,116,22.0,34.0,0.0
1783936398.7,796,32624,112,26.0,34.0,25.0
1783936399.3,796,32624,107,26.0,34.0,1063.0
1783936399.9,786,32624,98,21.0,34.0,0.0
1783936400.5,786,32624,84,21.0,34.0,0.0
1783936401.1,786,32624,75,15.0,34.0,27.0
1783936401.7,786,32624,75,16.0,34.0,27.0
1783936402.3,786,32624,75,11.0,34.0,0.0
1783936402.9,786,32624,75,11.0,34.0,0.0
1783936403.5,786,32624,75,11.0,34.0,0.0
1783936404.1,786,32624,75,12.0,34.0,0.0
1783936404.7,786,32624,75,11.0,33.0,0.0
1783936405.3,786,32624,75,10.0,34.0,0.0
1783936405.9,786,32624,75,11.0,34.0,0.0
1783936406.5,786,32624,75,10.0,33.0,0.0
1783936407.1,786,32624,75,12.0,34.0,0.0
1783936407.6,786,32624,75,11.0,34.0,0.0
1783936408.2,786,32624,75,11.0,34.0,0.0
1783936408.8,786,32624,75,14.0,33.0,6.0
1783936409.4,786,32624,75,11.0,34.0,0.0
1783936410.0,786,32624,75,10.0,34.0,0.0
1783936410.6,792,32624,101,28.0,34.0,64.0
1783936411.2,796,32624,107,23.0,34.0,0.0
1783936411.8,796,32624,107,22.0,34.0,0.0
1783936412.4,786,32624,98,27.0,34.0,1091.0
1783936413.0,786,32624,97,11.0,34.0,0.0
1783936413.6,786,32624,75,22.0,34.0,0.0
1783936414.2,786,32624,75,11.0,34.0,0.0
1783936414.8,786,32624,75,11.0,34.0,0.0
1783936415.4,786,32624,75,11.0,34.0,0.0
1783936416.0,786,32624,75,10.0,33.0,0.0
1783936416.6,786,32624,75,11.0,34.0,0.0
1783936417.2,786,32624,75,11.0,34.0,0.0
1783936417.8,786,32624,75,11.0,34.0,0.0
1783936418.3,786,32624,75,9.0,33.0,0.0
1783936418.9,786,32624,75,11.0,33.0,0.0
1783936419.5,786,32624,75,11.0,33.0,0.0
1783936420.1,786,32624,75,12.0,34.0,0.0
1783936420.7,786,32624,75,11.0,34.0,0.0
1783936421.3,786,32624,75,10.0,34.0,0.0
1783936421.9,786,32624,75,11.0,33.0,0.0
1783936422.5,786,32624,75,11.0,34.0,0.0
1783936423.1,786,32624,75,11.0,33.0,0.0
1783936423.7,786,32624,75,11.0,34.0,0.0
1783936424.3,786,32624,75,10.0,34.0,0.0
1783936424.9,786,32624,75,12.0,33.0,0.0
1783936425.5,786,32624,75,12.0,33.0,0.0
1783936426.1,786,32624,75,11.0,33.0,0.0
1783936426.7,786,32624,75,11.0,33.0,0.0
1783936427.3,786,32624,75,11.0,33.0,0.0
1783936427.9,786,32624,75,12.0,33.0,0.0
1783936428.5,786,32624,75,19.0,33.0,5.0
1783936429.1,786,32624,75,12.0,33.0,0.0
1783936429.6,786,32624,75,11.0,33.0,0.0
1783936430.2,786,32624,75,12.0,33.0,0.0
1783936430.8,786,32624,75,11.0,33.0,0.0
1783936431.4,786,32624,75,9.0,33.0,0.0
1783936432.0,786,32624,75,12.0,33.0,0.0
1783936432.6,786,32624,81,12.0,33.0,0.0
1783936433.2,786,32624,81,11.0,33.0,0.0
1783936433.8,786,32624,81,10.0,33.0,0.0
1783936434.4,786,32624,81,9.0,33.0,0.0
1783936435.0,786,32624,81,10.0,33.0,0.0
1783936435.6,786,32624,81,9.0,33.0,0.0
1783936436.2,786,32624,81,10.0,33.0,0.0
1783936436.8,786,32624,81,9.0,33.0,0.0
1783936437.4,786,32624,81,8.0,33.0,0.0
1783936438.0,786,32624,81,10.0,33.0,0.0
1783936438.6,786,32624,81,9.0,33.0,0.0
1783936439.2,786,32624,81,10.0,33.0,0.0
1783936439.8,786,32624,82,26.0,33.0,1356.0
1783936440.4,804,32624,121,27.0,33.0,115.0
1783936441.0,804,32624,118,21.0,34.0,0.0
1783936441.6,804,32624,118,21.0,34.0,0.0
1783936442.2,794,32624,108,11.0,34.0,0.0
1783936442.8,794,32624,108,10.0,33.0,0.0
1783936443.4,794,32624,99,9.0,33.0,0.0
1783936444.0,794,32624,99,10.0,33.0,0.0
1783936444.6,794,32624,99,9.0,33.0,0.0
1783936445.2,794,32624,99,10.0,33.0,0.0
1783936445.8,794,32624,99,11.0,33.0,0.0
1783936446.4,794,32624,99,8.0,33.0,0.0
1783936446.9,794,32624,99,9.0,33.0,0.0
1783936447.6,794,32624,99,10.0,33.0,0.0
1783936448.2,794,32624,99,10.0,33.0,0.0
1783936448.8,794,32624,99,10.0,33.0,0.0
1783936449.4,794,32624,99,9.0,33.0,0.0
1783936450.0,794,32624,99,9.0,33.0,0.0
1783936450.6,794,32624,99,9.0,33.0,0.0
1783936451.1,794,32624,99,9.0,33.0,0.0
1783936451.7,794,32624,99,9.0,33.0,0.0
1783936452.3,794,32624,99,10.0,33.0,0.0
1783936452.9,794,32624,99,9.0,33.0,0.0
1783936453.5,794,32624,99,11.0,33.0,0.0
1783936454.1,794,32624,99,11.0,33.0,0.0
1783936454.7,794,32624,99,9.0,33.0,0.0
1783936455.3,794,32624,99,11.0,33.0,0.0
1783936455.9,794,32624,99,9.0,33.0,0.0
1783936456.5,794,32624,99,12.0,33.0,0.0
1783936457.1,794,32624,99,9.0,32.0,0.0
1783936457.7,794,32624,99,9.0,33.0,0.0
1783936458.3,794,32624,99,9.0,33.0,0.0
1783936458.9,796,32624,111,23.0,34.0,0.0
1783936459.5,818,32624,118,28.0,33.0,66.0
1783936460.1,818,32624,118,23.0,34.0,12.0
1783936460.7,826,32624,144,28.0,34.0,1334.0
1783936461.3,816,32624,131,11.0,33.0,0.0
1783936461.9,816,32624,121,11.0,33.0,0.0
1783936462.5,816,32624,121,10.0,33.0,0.0
1783936463.1,816,32624,121,10.0,33.0,0.0
1783936463.7,816,32624,121,10.0,33.0,0.0
1783936464.3,816,32624,121,10.0,33.0,0.0
1783936464.9,816,32624,121,10.0,33.0,0.0
1783936465.5,816,32624,121,9.0,33.0,0.0
1783936466.1,814,32624,119,9.0,33.0,0.0
1783936466.7,814,32624,119,9.0,33.0,0.0
1783936467.3,814,32624,119,10.0,33.0,0.0
1783936467.9,814,32624,119,9.0,33.0,0.0
1783936468.5,814,32624,119,11.0,33.0,0.0
1783936469.1,814,32624,119,11.0,33.0,0.0
1783936469.6,814,32624,119,9.0,33.0,0.0
1783936470.2,814,32624,119,9.0,33.0,0.0
1783936470.8,814,32624,119,10.0,33.0,0.0
1783936471.4,814,32624,119,10.0,33.0,0.0
1783936472.0,814,32624,119,10.0,33.0,0.0
1783936472.6,814,32624,119,10.0,32.0,0.0
1783936473.2,814,32624,119,10.0,33.0,0.0
1783936473.8,814,32624,119,10.0,33.0,0.0
1783936474.4,814,32624,119,10.0,33.0,0.0
1783936475.0,814,32624,119,11.0,33.0,0.0
1783936475.6,814,32624,119,10.0,33.0,0.0
1783936476.2,814,32624,119,9.0,33.0,0.0
1783936476.8,814,32624,119,9.0,33.0,0.0
1783936477.4,814,32624,119,22.0,33.0,0.0
1783936478.0,814,32624,119,11.0,33.0,0.0
1783936478.6,814,32624,119,10.0,33.0,0.0
1783936479.2,814,32624,119,10.0,33.0,0.0
1783936479.8,814,32624,119,10.0,33.0,0.0
1783936480.4,814,32624,119,10.0,33.0,0.0
1783936481.0,814,32624,119,9.0,33.0,0.0
1783936481.6,814,32624,119,10.0,33.0,0.0
1783936482.2,814,32624,119,9.0,33.0,0.0
1783936482.8,814,32624,119,9.0,33.0,0.0
1783936483.4,814,32624,119,10.0,33.0,0.0
1783936484.0,814,32624,119,10.0,33.0,0.0
1783936484.6,814,32624,119,11.0,33.0,0.0
1783936485.2,814,32624,119,9.0,33.0,0.0
1783936485.8,814,32624,119,10.0,33.0,0.0
1783936486.4,814,32624,119,10.0,33.0,0.0
1783936487.0,814,32624,119,9.0,33.0,0.0
1783936487.6,814,32624,119,10.0,33.0,0.0
1783936488.2,814,32624,119,10.0,33.0,0.0
1783936488.8,814,32624,119,10.0,33.0,0.0
1783936489.4,797,32624,106,24.0,33.0,43.0
1783936490.1,823,32624,127,28.0,33.0,500.0
1783936490.7,819,32624,127,22.0,33.0,0.0
1783936491.3,819,32624,127,22.0,33.0,0.0
1783936491.9,799,32624,117,11.0,33.0,0.0
1783936492.5,799,32624,108,11.0,33.0,0.0
1783936493.1,799,32624,108,10.0,33.0,0.0
1783936493.7,799,32624,108,12.0,33.0,0.0
1783936494.3,799,32624,108,11.0,33.0,0.0
1783936494.8,799,32624,108,11.0,33.0,0.0
1783936495.4,799,32624,108,10.0,33.0,0.0
1783936496.0,799,32624,108,9.0,33.0,0.0
1783936496.6,799,32624,108,9.0,33.0,0.0
1783936497.2,799,32624,108,9.0,33.0,0.0
1783936497.8,799,32624,108,10.0,33.0,0.0
1783936498.4,799,32624,108,11.0,33.0,0.0
1783936499.0,799,32624,108,9.0,33.0,0.0
1783936499.6,799,32624,108,11.0,33.0,0.0
1783936500.2,799,32624,108,21.0,33.0,0.0
1783936500.8,799,32624,108,11.0,33.0,0.0
1783936501.4,799,32624,104,27.0,33.0,47.0
1783936502.0,799,32624,104,11.0,33.0,0.0
1783936502.6,799,32624,104,9.0,33.0,0.0
1783936503.2,799,32624,104,10.0,33.0,0.0
1783936503.8,799,32624,104,10.0,33.0,0.0
1783936504.4,799,32624,104,10.0,33.0,0.0
1783936505.0,799,32624,104,9.0,33.0,0.0
1783936505.5,799,32624,104,10.0,33.0,0.0
1783936506.1,799,32624,104,10.0,33.0,0.0
1783936506.7,799,32624,104,11.0,33.0,0.0
1783936507.3,799,32624,104,9.0,33.0,0.0
1783936507.9,799,32624,104,10.0,33.0,0.0
1783936508.5,799,32624,104,10.0,32.0,0.0
1783936509.1,799,32624,104,9.0,33.0,0.0
1783936509.7,799,32624,104,10.0,33.0,0.0
1783936510.3,799,32624,104,10.0,32.0,0.0
1783936510.9,799,32624,104,9.0,32.0,0.0
1783936511.5,799,32624,104,9.0,33.0,0.0
1783936512.1,799,32624,104,9.0,33.0,0.0
1783936512.7,799,32624,104,11.0,33.0,0.0
1783936513.3,799,32624,104,9.0,32.0,0.0
1783936513.9,799,32624,106,11.0,33.0,0.0
1783936514.5,799,32624,106,11.0,33.0,0.0
1783936515.1,799,32624,106,9.0,33.0,0.0
1783936515.7,796,32624,78,10.0,32.0,0.0
1783936516.3,796,32624,78,8.0,33.0,0.0
1783936516.9,796,32624,78,11.0,33.0,0.0
1783936517.5,796,32624,78,22.0,33.0,0.0
1783936518.1,796,32624,78,11.0,32.0,0.0
1783936518.7,796,32624,78,10.0,33.0,0.0
1783936519.2,796,32624,78,10.0,32.0,0.0
1783936519.8,796,32624,78,11.0,33.0,0.0
1783936520.4,796,32624,78,10.0,33.0,0.0
1783936521.0,796,32624,78,11.0,33.0,0.0
1783936521.6,796,32624,78,10.0,32.0,0.0
1783936522.2,796,32624,78,10.0,32.0,0.0
1783936522.8,796,32624,78,10.0,32.0,0.0
1783936523.4,796,32624,78,11.0,33.0,0.0
1783936524.0,796,32624,78,10.0,33.0,0.0
1783936524.6,796,32624,78,10.0,32.0,0.0
1783936525.2,796,32624,78,10.0,33.0,0.0
1783936525.8,796,32624,78,11.0,32.0,0.0
1783936526.4,796,32624,78,10.0,33.0,0.0
1783936527.0,796,32624,78,11.0,33.0,0.0
1783936527.6,796,32624,78,11.0,33.0,0.0
1783936528.2,796,32624,78,9.0,32.0,0.0
1783936528.8,796,32624,78,9.0,32.0,0.0
1783936529.4,796,32624,78,11.0,33.0,0.0
1783936530.0,796,32624,78,10.0,33.0,0.0
1783936530.6,796,32624,78,10.0,32.0,0.0
1783936531.2,796,32624,78,10.0,32.0,0.0
1783936531.7,796,32624,78,11.0,32.0,0.0
1783936532.3,796,32624,78,11.0,32.0,0.0
1783936532.9,796,32624,78,10.0,32.0,0.0
1783936533.5,796,32624,78,10.0,32.0,0.0
1783936534.1,796,32624,78,11.0,32.0,0.0
1783936534.7,796,32624,78,12.0,32.0,0.0
1783936535.3,796,32624,78,10.0,32.0,0.0
1783936535.9,796,32624,78,9.0,32.0,0.0
1783936536.5,796,32624,78,9.0,32.0,0.0
1783936537.1,796,32624,78,13.0,32.0,0.0
1783936537.7,796,32624,78,9.0,32.0,0.0
1783936538.3,796,32624,78,10.0,32.0,0.0
1783936538.9,796,32624,78,9.0,32.0,0.0
1783936539.5,796,32624,78,11.0,32.0,0.0
1783936540.1,796,32624,78,9.0,32.0,0.0
1783936540.7,796,32624,78,9.0,32.0,0.0
1783936541.3,796,32624,78,9.0,32.0,0.0
1783936541.9,796,32624,78,9.0,32.0,0.0
1783936542.5,798,32624,96,22.0,32.0,0.0
1783936543.1,793,32624,101,25.0,33.0,6.0
1783936543.7,793,32624,101,25.0,33.0,25.0
1783936544.3,793,32624,101,25.0,33.0,6.0
1783936544.9,783,32624,89,11.0,32.0,0.0
1783936545.5,783,32624,80,12.0,32.0,0.0
1783936546.1,783,32624,80,10.0,32.0,0.0
1783936546.7,783,32624,80,11.0,32.0,0.0
1783936547.3,783,32624,80,10.0,32.0,0.0
1783936547.9,783,32624,80,11.0,32.0,0.0
1783936548.5,783,32624,80,9.0,32.0,0.0
1783936549.1,783,32624,80,8.0,32.0,0.0
1783936549.7,783,32624,80,11.0,32.0,0.0
1783936550.3,783,32624,80,9.0,32.0,0.0
1783936550.9,783,32624,80,9.0,32.0,0.0
1783936551.5,783,32624,80,10.0,33.0,0.0
1783936552.1,783,32624,80,10.0,32.0,0.0
1783936552.7,783,32624,80,9.0,32.0,0.0
1783936553.3,783,32624,80,11.0,32.0,0.0
1783936553.9,783,32624,80,9.0,32.0,0.0
1783936554.5,783,32624,80,11.0,32.0,0.0
1783936555.1,783,32624,80,10.0,32.0,0.0
1783936555.7,783,32624,80,9.0,32.0,0.0
1783936556.3,783,32624,67,11.0,32.0,0.0
1783936556.9,789,32624,93,22.0,33.0,0.0
1783936557.5,805,32624,99,22.0,33.0,0.0
1783936558.1,805,32624,99,22.0,33.0,0.0
1783936558.7,795,32624,89,12.0,33.0,0.0
1783936559.3,795,32624,89,11.0,33.0,0.0
1783936559.9,795,32624,80,9.0,32.0,0.0
1783936560.5,795,32624,80,11.0,32.0,0.0
1783936561.1,795,32624,80,10.0,33.0,0.0
1783936561.7,795,32624,80,10.0,32.0,0.0
1783936562.3,795,32624,80,10.0,32.0,0.0
1783936562.9,795,32624,80,10.0,33.0,0.0
1783936563.5,795,32624,80,10.0,32.0,0.0
1783936564.0,795,32624,80,9.0,32.0,0.0
1783936564.6,795,32624,80,10.0,32.0,0.0
1783936565.2,795,32624,72,22.0,32.0,0.0
1783936565.8,795,32624,85,10.0,32.0,0.0
1783936566.4,795,32624,80,10.0,33.0,0.0
1783936567.0,795,32624,80,11.0,32.0,0.0
1783936567.6,795,32624,83,11.0,33.0,0.0
1783936568.2,795,32624,83,10.0,33.0,0.0
1783936568.8,795,32624,69,10.0,32.0,0.0
1783936569.4,795,32624,82,11.0,33.0,0.0
1783936570.0,795,32624,82,10.0,32.0,0.0
1783936570.6,795,32624,82,9.0,32.0,0.0
1783936571.2,795,32624,82,10.0,32.0,0.0
1783936571.8,795,32624,82,11.0,32.0,0.0
1783936572.5,795,32624,80,22.0,32.0,0.0
1783936573.1,797,32624,89,26.0,33.0,21.0
1783936573.7,797,32624,80,12.0,33.0,0.0
1783936574.3,797,32624,80,11.0,32.0,0.0
1783936574.9,797,32624,80,10.0,32.0,0.0
1783936575.5,797,32624,80,10.0,32.0,0.0
1783936576.1,797,32624,79,10.0,33.0,0.0
1783936576.7,797,32624,92,11.0,33.0,0.0
1783936577.3,795,32624,82,11.0,32.0,0.0
1783936577.9,795,32624,82,12.0,33.0,0.0
1783936578.5,795,32624,82,9.0,33.0,0.0
1783936579.1,795,32624,69,11.0,33.0,0.0
1783936579.7,795,32624,69,10.0,33.0,0.0
1783936580.3,795,32624,69,10.0,32.0,0.0
1783936580.9,795,32624,69,10.0,32.0,0.0
1783936581.5,795,32624,69,22.0,33.0,0.0
1783936582.1,795,32624,69,11.0,33.0,0.0
1783936582.7,795,32624,69,9.0,32.0,0.0
1783936583.3,795,32624,69,10.0,33.0,0.0
1783936583.9,795,32624,69,10.0,32.0,0.0
1783936584.5,795,32624,69,11.0,32.0,0.0
1783936585.1,795,32624,82,11.0,33.0,0.0
1783936585.7,795,32624,82,12.0,33.0,0.0
1783936586.2,795,32624,69,22.0,33.0,0.0
1783936586.8,795,32624,82,11.0,33.0,0.0
1783936587.4,795,32624,82,11.0,33.0,0.0
1783936588.0,795,32624,82,10.0,33.0,0.0
1783936588.6,795,32624,82,11.0,32.0,0.0
1783936589.2,795,32624,82,9.0,33.0,0.0
1783936589.8,795,32624,82,10.0,33.0,0.0
1783936590.4,795,32624,82,10.0,32.0,0.0
1783936591.0,795,32624,82,9.0,33.0,0.0
1783936591.6,795,32624,69,22.0,33.0,0.0
1783936592.2,795,32624,82,10.0,33.0,0.0
1783936592.8,795,32624,66,25.0,33.0,50.0
1783936593.4,795,32624,86,26.0,33.0,89.0
1783936594.0,795,32624,107,26.0,33.0,41.0
1783936594.6,795,32624,90,11.0,33.0,0.0
1783936595.2,795,32624,68,14.0,33.0,48.0
1783936595.8,798,32624,95,16.0,33.0,14.0
1783936596.4,824,32624,133,22.0,33.0,0.0
1783936597.0,824,32624,133,26.0,33.0,17.0
1783936597.6,804,32624,102,22.0,33.0,0.0
1783936598.2,804,32624,102,11.0,33.0,0.0
1783936598.8,804,32624,92,9.0,33.0,0.0
1783936599.4,804,32624,92,10.0,33.0,0.0
1783936600.0,804,32624,92,9.0,32.0,0.0
1783936600.6,804,32624,82,11.0,32.0,0.0
1783936601.1,804,32624,82,11.0,33.0,0.0
1783936601.7,804,32624,82,9.0,33.0,0.0
1783936602.3,804,32624,82,10.0,33.0,0.0
1783936602.9,804,32624,82,10.0,33.0,0.0
1783936603.5,800,32624,102,30.0,33.0,47.0
1783936604.1,801,32624,102,26.0,33.0,24.0
1783936604.7,800,32624,100,22.0,33.0,0.0
1783936605.3,800,32624,100,27.0,33.0,16.0
1783936605.9,803,32624,100,22.0,33.0,0.0
1783936606.5,803,32624,100,22.0,33.0,0.0
1783936607.1,803,32624,100,11.0,33.0,0.0
1783936607.7,803,32624,90,10.0,33.0,0.0
1783936608.3,803,32624,90,9.0,32.0,0.0
1783936608.9,803,32624,80,10.0,32.0,0.0
1783936609.5,799,32624,100,27.0,33.0,1325.0
1783936610.0,799,32624,100,10.0,33.0,0.0
1783936610.6,799,32624,100,11.0,33.0,0.0
1783936611.2,799,32624,88,10.0,33.0,0.0
1783936611.8,799,32624,88,9.0,33.0,0.0
1783936612.4,799,32624,88,10.0,33.0,0.0
1783936613.0,799,32624,88,10.0,33.0,0.0
1783936613.6,799,32624,88,10.0,33.0,0.0
1783936614.2,799,32624,88,12.0,33.0,0.0
1783936614.8,799,32624,88,11.0,33.0,0.0
1783936615.4,799,32624,88,10.0,32.0,0.0
1783936616.0,799,32624,88,10.0,33.0,0.0
1783936616.6,799,32624,88,9.0,33.0,0.0
1783936617.2,799,32624,88,10.0,32.0,0.0
1783936617.8,799,32624,88,10.0,33.0,0.0
1783936618.4,799,32624,88,9.0,33.0,0.0
1783936619.0,799,32624,88,10.0,33.0,0.0
1783936619.6,799,32624,88,10.0,33.0,0.0
1783936620.2,799,32624,88,22.0,33.0,0.0
1783936620.8,799,32624,88,10.0,33.0,0.0
1783936621.4,799,32624,88,9.0,33.0,0.0
1783936621.9,799,32624,88,10.0,33.0,0.0
1783936622.5,799,32624,88,9.0,33.0,0.0
1783936623.1,799,32624,88,9.0,32.0,0.0
1783936623.7,799,32624,88,10.0,33.0,0.0
1783936624.3,799,32624,88,10.0,33.0,0.0
1783936624.9,799,32624,88,10.0,32.0,0.0
1783936625.5,799,32624,88,10.0,32.0,0.0
1783936626.1,799,32624,88,11.0,32.0,0.0
1783936626.7,799,32624,88,12.0,33.0,0.0
1783936627.3,799,32624,88,11.0,33.0,0.0
1783936627.9,799,32624,88,10.0,32.0,0.0
1783936628.5,799,32624,88,10.0,32.0,0.0
1783936629.1,799,32624,88,9.0,32.0,0.0
1783936629.7,799,32624,88,22.0,33.0,0.0
1783936630.3,799,32624,88,10.0,32.0,0.0
1783936630.9,799,32624,88,10.0,33.0,0.0
1783936631.5,799,32624,88,10.0,32.0,0.0
1783936632.0,799,32624,88,9.0,32.0,0.0
1783936632.6,799,32624,88,10.0,32.0,0.0
1783936633.2,799,32624,88,9.0,32.0,0.0
1783936633.8,799,32624,88,10.0,32.0,0.0
1783936634.4,799,32624,88,10.0,32.0,0.0
1783936635.0,799,32624,88,10.0,32.0,0.0
1783936635.6,799,32624,88,11.0,32.0,0.0
1783936636.2,799,32624,88,12.0,32.0,0.0
1783936636.8,799,32624,88,10.0,32.0,0.0
1783936637.4,799,32624,88,11.0,32.0,0.0
1783936638.0,799,32624,88,11.0,32.0,0.0
1783936638.6,799,32624,88,9.0,32.0,0.0
1783936639.2,799,32624,88,10.0,32.0,0.0
1783936639.8,799,32624,88,11.0,32.0,0.0
1783936640.4,799,32624,88,11.0,32.0,0.0
1783936640.9,799,32624,88,10.0,32.0,0.0
1783936641.5,799,32624,88,10.0,32.0,0.0
1783936642.1,799,32624,88,11.0,32.0,0.0
1783936642.7,799,32624,88,10.0,32.0,0.0
1783936643.3,799,32624,88,12.0,32.0,0.0
1783936643.9,799,32624,88,10.0,32.0,0.0
1783936644.5,799,32624,88,9.0,32.0,0.0
1783936645.1,799,32624,88,10.0,32.0,0.0
1783936645.7,799,32624,88,8.0,32.0,0.0
1783936646.3,799,32624,88,10.0,32.0,0.0
1783936646.9,799,32624,88,10.0,32.0,0.0
1783936647.5,799,32624,88,10.0,32.0,0.0
1783936648.1,799,32624,88,10.0,32.0,0.0
1783936648.7,799,32624,88,10.0,32.0,0.0
1783936649.3,799,32624,88,10.0,32.0,0.0
1783936649.9,799,32624,88,11.0,32.0,0.0
1783936650.5,799,32624,88,11.0,32.0,0.0
1783936651.0,799,32624,88,9.0,32.0,0.0
1783936651.6,799,32624,88,10.0,32.0,0.0
1783936652.2,799,32624,88,10.0,32.0,0.0
1783936652.8,799,32624,88,10.0,32.0,0.0
1783936653.4,799,32624,88,10.0,32.0,0.0
1783936654.0,799,32624,88,10.0,32.0,0.0
1783936654.6,799,32624,88,11.0,32.0,0.0
1783936655.2,799,32624,88,9.0,32.0,0.0
1783936655.8,799,32624,88,11.0,32.0,0.0
1783936656.4,799,32624,88,10.0,32.0,0.0
1783936657.0,799,32624,88,9.0,32.0,0.0
1783936657.6,799,32624,88,9.0,32.0,0.0
1783936658.2,799,32624,88,11.0,32.0,0.0
1783936658.8,799,32624,88,9.0,32.0,0.0
1783936659.4,799,32624,88,10.0,32.0,0.0
1783936660.0,799,32624,88,9.0,32.0,0.0
1783936660.6,799,32624,88,10.0,32.0,0.0
1783936661.2,799,32624,88,9.0,32.0,0.0
1783936661.8,799,32624,88,10.0,32.0,0.0
1783936662.3,799,32624,88,10.0,32.0,0.0
1783936662.9,799,32624,88,9.0,32.0,0.0
1783936663.5,799,32624,88,12.0,32.0,0.0
1783936664.1,799,32624,88,10.0,32.0,0.0
1783936664.7,799,32624,88,12.0,32.0,0.0
1783936665.3,799,32624,88,10.0,32.0,0.0
1783936665.9,799,32624,88,10.0,32.0,0.0
1783936666.5,799,32624,88,10.0,32.0,0.0
1783936667.1,799,32624,88,9.0,32.0,0.0
1783936667.7,799,32624,88,22.0,32.0,0.0
1783936668.3,799,32624,88,12.0,32.0,0.0
1783936668.9,799,32624,88,9.0,32.0,0.0
1783936669.5,799,32624,88,9.0,32.0,0.0
1783936670.1,799,32624,88,9.0,32.0,0.0
1783936670.7,799,32624,88,10.0,32.0,0.0
1783936671.3,799,32624,88,10.0,33.0,0.0
1783936671.9,799,32624,88,9.0,32.0,0.0
1783936672.5,799,32624,88,9.0,32.0,0.0
1783936673.1,799,32624,88,10.0,32.0,0.0
1783936673.7,799,32624,88,10.0,32.0,0.0
1783936674.3,799,32624,88,10.0,32.0,0.0
1783936674.9,799,32624,88,10.0,32.0,0.0
1783936675.5,799,32624,88,10.0,33.0,0.0
1783936676.1,799,32624,88,10.0,32.0,0.0
1783936676.7,799,32624,88,11.0,32.0,0.0
1783936677.3,799,32624,88,9.0,32.0,0.0
1783936677.9,799,32624,88,11.0,32.0,0.0
1783936678.5,799,32624,88,13.0,32.0,0.0
1783936679.1,799,32624,88,10.0,32.0,0.0
1783936679.7,799,32624,88,9.0,32.0,0.0
1783936680.3,799,32624,88,11.0,32.0,0.0
1783936680.9,799,32624,88,12.0,32.0,0.0
1783936681.5,799,32624,88,11.0,32.0,0.0
1783936682.1,799,32624,88,10.0,32.0,0.0
1783936682.7,799,32624,88,9.0,32.0,0.0
1783936683.3,799,32624,88,10.0,32.0,0.0
1783936683.9,799,32624,88,10.0,32.0,0.0
1783936684.5,799,32624,88,10.0,32.0,0.0
1783936685.1,799,32624,88,11.0,33.0,0.0
1783936685.7,799,32624,88,11.0,32.0,0.0
1783936686.3,799,32624,88,10.0,32.0,0.0
1783936686.9,799,32624,88,11.0,32.0,0.0
1783936687.5,799,32624,88,11.0,32.0,0.0
1783936688.1,799,32624,88,10.0,32.0,0.0
1783936688.7,799,32624,88,10.0,32.0,0.0
1783936689.3,799,32624,88,10.0,32.0,0.0
1783936689.9,799,32624,88,8.0,32.0,0.0
1783936690.5,799,32624,88,9.0,32.0,0.0
1783936691.1,799,32624,88,10.0,32.0,0.0
1783936691.7,799,32624,88,10.0,32.0,0.0
1783936692.3,799,32624,88,9.0,32.0,0.0
1783936692.9,799,32624,88,9.0,32.0,0.0
1783936693.5,804,32624,92,25.0,32.0,79.0
1783936694.1,804,32624,92,10.0,32.0,0.0
1783936694.7,804,32624,92,13.0,32.0,0.0
1783936695.3,804,32624,92,9.0,32.0,0.0
1783936695.9,804,32624,90,10.0,32.0,0.0
1783936696.5,804,32624,90,10.0,32.0,0.0
1783936697.1,804,32624,90,12.0,32.0,0.0
1783936697.7,804,32624,90,10.0,32.0,0.0
1783936698.3,804,32624,90,10.0,32.0,0.0
1783936698.9,804,32624,90,9.0,32.0,0.0
1783936699.5,804,32624,90,10.0,32.0,0.0
1783936700.1,804,32624,90,11.0,32.0,0.0
1783936700.7,804,32624,90,11.0,32.0,0.0
1783936701.4,804,32624,100,12.0,32.0,0.0
1783936702.0,804,32624,100,11.0,32.0,0.0
1783936702.6,804,32624,100,12.0,32.0,0.0
1783936703.1,804,32624,100,22.0,33.0,0.0
1783936703.8,804,32624,102,25.0,32.0,70.0
1783936704.3,804,32624,102,11.0,32.0,0.0
1783936704.9,804,32624,97,25.0,32.0,18.0
1783936705.5,804,32624,88,22.0,32.0,0.0
1783936706.1,804,32624,88,11.0,32.0,0.0
1783936706.7,804,32624,88,10.0,32.0,0.0
1783936707.3,813,32624,101,27.0,33.0,41.0
1783936707.9,816,32624,103,31.0,32.0,466.0
1783936708.5,816,32624,101,23.0,33.0,0.0
1783936709.1,816,32624,101,11.0,32.0,0.0
1783936709.7,819,32624,101,11.0,33.0,0.0
1783936710.3,819,32624,92,11.0,33.0,0.0
1783936710.9,819,32624,101,22.0,33.0,0.0
1783936711.5,819,32624,101,11.0,32.0,0.0
1783936712.1,819,32624,101,9.0,32.0,0.0
1783936712.7,819,32624,101,10.0,32.0,0.0
1783936713.3,830,32624,105,22.0,32.0,0.0
1783936713.9,830,32624,105,10.0,32.0,0.0
1783936714.5,830,32624,105,10.0,32.0,0.0
1783936715.1,830,32624,96,8.0,32.0,0.0
1783936715.7,830,32624,96,9.0,32.0,0.0
1783936716.3,830,32624,96,10.0,32.0,0.0
1783936716.9,830,32624,96,10.0,32.0,0.0
1783936717.5,830,32624,96,10.0,32.0,0.0
1783936718.0,830,32624,96,9.0,32.0,0.0
1783936718.6,830,32624,96,9.0,32.0,0.0
1783936719.2,830,32624,96,10.0,32.0,0.0
1783936719.8,830,32624,96,10.0,32.0,0.0
1783936720.4,832,32624,98,22.0,32.0,0.0
1783936721.0,832,32624,98,10.0,32.0,0.0
1783936721.6,832,32624,98,9.0,32.0,0.0
1783936722.2,832,32624,98,10.0,32.0,0.0
1783936722.8,832,32624,98,9.0,32.0,0.0
1783936723.4,832,32624,98,9.0,32.0,0.0
1783936724.0,832,32624,98,9.0,32.0,0.0
1783936724.6,832,32624,98,9.0,32.0,0.0
1783936725.2,832,32624,98,10.0,32.0,0.0
1783936725.8,832,32624,96,12.0,32.0,0.0
1783936726.4,832,32624,96,11.0,32.0,0.0
1783936727.0,832,32624,96,10.0,32.0,0.0
1783936727.6,832,32624,96,10.0,32.0,0.0
1783936728.2,832,32624,96,9.0,32.0,0.0
1783936728.7,832,32624,96,10.0,32.0,0.0
1783936729.3,832,32624,96,10.0,32.0,0.0
1783936729.9,832,32624,96,22.0,32.0,0.0
1783936730.5,832,32624,96,12.0,32.0,0.0
1783936731.1,832,32624,96,10.0,32.0,0.0
1783936731.8,832,32624,96,11.0,32.0,0.0
1783936732.3,832,32624,96,10.0,32.0,0.0
1783936733.0,832,32624,96,10.0,32.0,0.0
1783936733.6,832,32624,96,11.0,32.0,0.0
1783936734.2,832,32624,96,11.0,32.0,0.0
1783936734.8,832,32624,96,10.0,32.0,0.0
1783936735.4,832,32624,96,9.0,32.0,0.0
1783936736.0,832,32624,96,22.0,32.0,0.0
1783936736.6,832,32624,96,11.0,32.0,0.0
1783936737.2,832,32624,96,10.0,32.0,0.0
1783936737.8,832,32624,96,9.0,32.0,0.0
1783936738.4,832,32624,96,10.0,32.0,0.0
1783936739.0,832,32624,96,9.0,32.0,0.0
1783936739.6,832,32624,96,10.0,32.0,0.0
1783936740.2,832,32624,96,11.0,32.0,0.0
1783936740.8,832,32624,96,10.0,32.0,0.0
1783936741.4,828,32624,96,11.0,32.0,0.0
1783936742.0,828,32624,96,10.0,32.0,0.0
1783936742.6,828,32624,96,10.0,32.0,0.0
1783936743.2,828,32624,88,11.0,32.0,0.0
1783936743.8,830,32624,111,12.0,33.0,0.0
1783936744.4,830,32624,108,11.0,32.0,0.0
1783936745.0,830,32624,99,27.0,32.0,50.0
1783936745.6,830,32624,99,22.0,33.0,0.0
1783936746.2,830,32624,89,14.0,32.0,0.0
1783936746.8,830,32624,89,9.0,32.0,0.0
1783936747.4,830,32624,89,9.0,32.0,0.0
1783936747.9,830,32624,89,10.0,32.0,0.0
1783936748.6,830,32624,89,9.0,32.0,0.0
1783936749.2,830,32624,89,10.0,32.0,0.0
1783936749.7,830,32624,89,11.0,32.0,0.0
1783936750.3,830,32624,89,11.0,32.0,0.0
1783936750.9,830,32624,89,10.0,32.0,0.0
1783936751.5,830,32624,89,10.0,32.0,0.0
1783936752.1,830,32624,89,10.0,32.0,0.0
1783936752.7,830,32624,89,11.0,32.0,0.0
1783936753.4,830,32624,89,11.0,32.0,0.0
1783936754.0,830,32624,89,11.0,32.0,0.0
1783936754.6,830,32624,91,22.0,32.0,0.0
1783936755.2,830,32624,91,11.0,33.0,0.0
1783936755.7,830,32624,91,10.0,32.0,0.0
1783936756.3,830,32624,91,9.0,32.0,0.0
1783936756.9,830,32624,89,10.0,32.0,0.0
1783936757.5,830,32624,79,9.0,32.0,0.0
1783936758.1,830,32624,79,10.0,32.0,0.0
1783936758.7,830,32624,79,10.0,32.0,0.0
1783936759.3,830,32624,79,9.0,32.0,0.0
1783936759.9,830,32624,79,9.0,32.0,0.0
1783936760.5,830,32624,79,10.0,32.0,0.0
1783936761.1,830,32624,79,10.0,32.0,0.0
1783936761.7,830,32624,79,10.0,32.0,0.0
1783936762.3,830,32624,79,9.0,32.0,0.0
1783936762.9,830,32624,79,10.0,32.0,0.0
1783936763.5,830,32624,79,10.0,32.0,0.0
1783936764.1,830,32624,79,10.0,32.0,0.0
1783936764.7,830,32624,79,10.0,32.0,0.0
1783936765.3,830,32624,79,9.0,32.0,0.0
1783936765.9,830,32624,79,10.0,32.0,0.0
1783936766.5,830,32624,79,9.0,32.0,0.0
1783936767.0,830,32624,79,9.0,32.0,0.0
1783936767.6,826,32624,79,9.0,32.0,0.0
1783936768.2,826,32624,79,10.0,32.0,0.0
1783936768.8,826,32624,79,9.0,32.0,0.0
1783936769.4,826,32624,79,9.0,32.0,0.0
1783936770.0,826,32624,79,10.0,32.0,0.0
1783936770.6,826,32624,79,10.0,32.0,0.0
1783936771.2,826,32624,79,9.0,32.0,0.0
1783936771.8,826,32624,79,10.0,32.0,0.0
1783936772.4,826,32624,79,10.0,32.0,0.0
1783936773.0,826,32624,79,10.0,32.0,0.0
1783936773.6,826,32624,79,11.0,32.0,0.0
1783936774.2,826,32624,79,11.0,32.0,0.0
1783936774.8,826,32624,79,11.0,32.0,0.0
1783936775.4,826,32624,79,10.0,32.0,0.0
1783936776.0,826,32624,79,10.0,32.0,0.0
1783936776.6,826,32624,79,10.0,32.0,0.0
1783936777.2,826,32624,79,9.0,32.0,0.0
1783936777.8,826,32624,79,12.0,32.0,0.0
1783936778.4,826,32624,79,9.0,32.0,0.0
1783936779.0,826,32624,79,11.0,32.0,0.0
1783936779.5,826,32624,79,10.0,32.0,0.0
1783936780.1,826,32624,79,11.0,32.0,0.0
1783936780.7,826,32624,79,10.0,32.0,0.0
1783936781.3,826,32624,79,11.0,32.0,0.0
1783936781.9,826,32624,79,11.0,32.0,0.0
1783936782.5,826,32624,79,10.0,32.0,0.0
1783936783.1,826,32624,79,9.0,32.0,0.0
1783936783.7,826,32624,79,11.0,32.0,0.0
1783936784.3,826,32624,79,10.0,32.0,0.0
1783936784.9,826,32624,79,10.0,32.0,0.0
1783936785.5,826,32624,79,9.0,32.0,0.0
1783936786.1,826,32624,79,12.0,32.0,0.0
1783936786.7,826,32624,79,9.0,32.0,0.0
1783936787.3,826,32624,79,13.0,32.0,0.0
1783936787.9,826,32624,79,10.0,32.0,0.0
1783936788.5,826,32624,79,10.0,32.0,0.0
1783936789.1,826,32624,79,11.0,32.0,0.0
1783936789.7,826,32624,79,11.0,32.0,0.0
1783936790.3,826,32624,79,11.0,32.0,0.0
1783936790.9,826,32624,79,9.0,32.0,0.0
1783936791.5,826,32624,79,9.0,32.0,0.0
1783936792.1,826,32624,79,11.0,32.0,0.0
1783936792.6,826,32624,79,10.0,32.0,0.0
1783936793.2,826,32624,79,10.0,32.0,0.0
1783936793.8,826,32624,79,9.0,32.0,0.0
1783936794.4,826,32624,79,10.0,32.0,0.0
1783936795.0,826,32624,79,9.0,32.0,0.0
1783936795.6,826,32624,79,10.0,32.0,0.0
1783936796.2,826,32624,79,10.0,32.0,0.0
1783936796.8,826,32624,79,11.0,32.0,0.0
1783936797.4,826,32624,79,24.0,32.0,0.0
1783936798.0,826,32624,79,12.0,32.0,0.0
1783936798.6,826,32624,79,9.0,32.0,0.0
1783936799.2,826,32624,79,10.0,32.0,0.0
1783936799.8,826,32624,79,10.0,32.0,0.0
1783936800.4,826,32624,79,11.0,32.0,0.0
1783936801.0,826,32624,79,12.0,32.0,0.0
1783936801.6,826,32624,79,10.0,32.0,0.0
1783936802.2,826,32624,79,9.0,32.0,0.0
1783936802.8,826,32624,79,10.0,32.0,0.0
1783936803.4,826,32624,79,9.0,32.0,0.0
1783936804.0,826,32624,79,10.0,32.0,0.0
1783936804.6,826,32624,79,11.0,32.0,0.0
1783936805.2,826,32624,79,10.0,32.0,0.0
1783936805.8,826,32624,79,11.0,32.0,0.0
1783936806.4,826,32624,79,13.0,32.0,0.0
1783936807.0,826,32624,79,9.0,32.0,0.0
1783936807.6,826,32624,79,10.0,32.0,0.0
1783936808.2,826,32624,79,10.0,32.0,0.0
1783936808.8,826,32624,79,10.0,32.0,0.0
1783936809.4,826,32624,79,10.0,32.0,0.0
1783936810.0,826,32624,79,10.0,32.0,0.0
1783936810.7,826,32624,79,10.0,32.0,0.0
1783936811.3,826,32624,79,10.0,32.0,0.0
1783936811.9,826,32624,79,10.0,32.0,0.0
1783936812.5,822,32624,99,25.0,32.0,49.0
1783936813.1,822,32624,99,10.0,32.0,0.0
1783936813.7,822,32624,99,11.0,32.0,0.0
1783936814.2,822,32624,99,9.0,32.0,0.0
1783936814.8,822,32624,89,10.0,32.0,0.0
1783936815.4,822,32624,89,11.0,32.0,0.0
1783936816.0,822,32624,89,10.0,32.0,0.0
1783936816.6,822,32624,89,10.0,32.0,0.0
1783936817.2,822,32624,89,11.0,32.0,0.0
1783936817.8,822,32624,89,8.0,32.0,0.0
1783936818.4,822,32624,89,10.0,32.0,0.0
1783936819.0,822,32624,89,10.0,32.0,0.0
1783936819.6,822,32624,89,10.0,32.0,0.0
1783936820.2,822,32624,89,9.0,32.0,0.0
1783936820.8,822,32624,89,9.0,32.0,0.0
1783936821.4,822,32624,89,22.0,32.0,0.0
1783936822.0,822,32624,89,11.0,32.0,0.0
1783936822.6,822,32624,89,9.0,32.0,0.0
1783936823.2,822,32624,89,11.0,32.0,0.0
1783936823.8,822,32624,89,10.0,32.0,0.0
1783936824.4,822,32624,89,10.0,32.0,0.0
1783936825.0,822,32624,89,10.0,32.0,0.0
1783936825.6,822,32624,89,12.0,32.0,0.0
1783936826.2,822,32624,89,10.0,32.0,0.0
1783936826.8,822,32624,89,12.0,32.0,0.0
1783936827.4,822,32624,89,12.0,32.0,0.0
1783936828.0,822,32624,89,10.0,32.0,0.0
1783936828.6,822,32624,89,10.0,32.0,0.0
1783936829.2,829,32624,101,11.0,32.0,0.0
1783936829.8,829,32624,101,11.0,32.0,0.0
1783936830.4,829,32624,101,10.0,32.0,0.0
1783936830.9,829,32624,91,10.0,32.0,0.0
1783936831.5,829,32624,91,13.0,32.0,0.0
1783936832.1,829,32624,81,9.0,32.0,0.0
1783936832.7,829,32624,81,9.0,32.0,0.0
1783936833.3,829,32624,81,10.0,32.0,0.0
1783936833.9,829,32624,81,10.0,32.0,0.0
1783936834.5,829,32624,81,11.0,32.0,0.0
1783936835.1,829,32624,81,10.0,32.0,0.0
1783936835.7,829,32624,81,13.0,32.0,0.0
1783936836.3,829,32624,91,13.0,32.0,0.0
1783936836.9,829,32624,91,11.0,32.0,0.0
1783936837.5,829,32624,91,24.0,32.0,46.0
1783936838.1,829,32624,89,22.0,32.0,0.0
1783936838.7,829,32624,89,11.0,32.0,0.0
1783936839.3,829,32624,89,11.0,32.0,0.0
1783936839.9,829,32624,89,12.0,32.0,0.0
1783936840.5,829,32624,89,13.0,32.0,0.0
1783936841.1,829,32624,79,9.0,32.0,0.0
1783936841.7,829,32624,79,10.0,32.0,0.0
1783936842.3,829,32624,79,11.0,32.0,0.0
1783936842.9,829,32624,79,11.0,32.0,0.0
1783936843.5,829,32624,79,11.0,32.0,0.0
1783936844.1,829,32624,79,11.0,32.0,0.0
1783936844.7,829,32624,89,22.0,32.0,0.0
1783936845.3,829,32624,89,22.0,32.0,0.0
1783936845.9,829,32624,89,11.0,32.0,0.0
1783936846.5,829,32624,89,24.0,32.0,43.0
1783936847.1,829,32624,89,11.0,32.0,0.0
1783936847.7,829,32624,99,23.0,32.0,0.0
1783936848.2,829,32624,99,11.0,32.0,0.0
1783936848.8,829,32624,101,22.0,32.0,0.0
1783936849.4,829,32624,101,11.0,32.0,0.0
1783936850.0,829,32624,101,25.0,32.0,19.0
1783936850.7,832,32624,103,25.0,33.0,246.0
1783936851.2,842,32624,103,9.0,32.0,0.0
1783936851.8,842,32624,101,26.0,33.0,46.0
1783936852.4,842,32624,101,12.0,32.0,0.0
1783936853.0,842,32624,101,10.0,32.0,0.0
1783936853.6,842,32624,91,11.0,32.0,0.0
1783936854.2,842,32624,91,12.0,32.0,0.0
1783936854.8,842,32624,91,22.0,32.0,0.0
1783936855.4,842,32624,91,10.0,32.0,0.0
1783936856.0,842,32624,91,9.0,32.0,0.0
1783936856.6,842,32624,91,9.0,32.0,0.0
1783936857.2,842,32624,91,10.0,32.0,0.0
1783936857.8,842,32624,91,10.0,32.0,0.0
1783936858.4,842,32624,91,10.0,32.0,0.0
1783936859.0,842,32624,91,10.0,32.0,0.0
1783936859.6,842,32624,91,9.0,32.0,0.0
1783936860.2,842,32624,91,11.0,32.0,0.0
1783936860.8,842,32624,91,12.0,32.0,0.0
1783936861.4,842,32624,91,23.0,32.0,0.0
1783936862.0,842,32624,91,12.0,32.0,0.0
1783936862.6,842,32624,91,12.0,32.0,0.0
1783936863.2,842,32624,91,10.0,32.0,0.0
1783936863.8,842,32624,91,13.0,32.0,0.0
1783936864.4,842,32624,91,10.0,32.0,0.0
1783936865.0,842,32624,91,10.0,32.0,0.0
1783936865.6,846,32624,101,22.0,32.0,0.0
1783936866.2,846,32624,101,11.0,32.0,0.0
1783936866.8,836,32624,89,14.0,32.0,0.0
1783936867.4,836,32624,99,25.0,32.0,557.0
1783936868.0,836,32624,99,11.0,32.0,0.0
1783936868.6,836,32624,99,9.0,32.0,0.0
1783936869.2,836,32624,99,22.0,33.0,0.0
1783936869.8,836,32624,99,11.0,32.0,0.0
1783936870.4,836,32624,89,12.0,32.0,0.0
1783936871.0,836,32624,89,10.0,32.0,0.0
1783936871.6,836,32624,79,9.0,32.0,0.0
1783936872.1,836,32624,79,10.0,32.0,0.0
1783936872.7,836,32624,79,10.0,32.0,0.0
1783936873.3,836,32624,79,11.0,32.0,0.0
1783936873.9,843,32624,81,10.0,32.0,0.0
1783936874.5,843,32624,81,11.0,32.0,0.0
1783936875.1,843,32624,81,10.0,32.0,0.0
1783936875.7,843,32624,81,10.0,32.0,0.0
1783936876.3,843,32624,81,10.0,32.0,0.0
1783936876.9,843,32624,81,10.0,32.0,0.0
1783936877.5,843,32624,81,11.0,32.0,0.0
1783936878.1,843,32624,81,10.0,32.0,0.0
1783936878.7,843,32624,81,10.0,32.0,0.0
1783936879.3,843,32624,81,11.0,32.0,0.0
1783936879.9,843,32624,81,11.0,32.0,0.0
1783936880.5,843,32624,91,22.0,32.0,0.0
1783936881.1,843,32624,101,11.0,32.0,0.0
1783936881.7,861,32624,101,22.0,33.0,0.0
1783936882.3,861,32624,101,11.0,33.0,0.0
1783936882.9,861,32624,101,22.0,33.0,0.0
1783936883.5,861,32624,101,11.0,32.0,0.0
1783936884.1,861,32624,101,10.0,32.0,0.0
1783936884.7,861,32624,91,10.0,32.0,0.0
1783936885.3,861,32624,91,9.0,32.0,0.0
1783936885.9,859,32624,81,10.0,32.0,0.0
1783936886.5,859,32624,81,10.0,32.0,0.0
1783936887.1,859,32624,81,9.0,32.0,0.0
1783936887.7,859,32624,81,11.0,32.0,0.0
1783936888.3,845,32624,81,10.0,32.0,0.0
1783936888.9,845,32624,81,10.0,32.0,0.0
1783936889.4,845,32624,81,11.0,32.0,0.0
1783936890.0,845,32624,81,11.0,32.0,0.0
1783936890.6,845,32624,81,10.0,32.0,0.0
1783936891.2,845,32624,81,10.0,32.0,0.0
1783936891.8,845,32624,81,9.0,32.0,0.0
1783936892.4,845,32624,81,9.0,32.0,0.0
1783936893.0,845,32624,81,9.0,32.0,0.0
1783936893.6,845,32624,81,11.0,32.0,0.0
1783936894.2,845,32624,81,11.0,32.0,0.0
1783936894.8,845,32624,81,10.0,32.0,0.0
1783936895.4,845,32624,81,10.0,32.0,0.0
1783936896.0,845,32624,81,10.0,32.0,0.0
1783936896.6,845,32624,81,10.0,32.0,0.0
1783936897.2,845,32624,81,10.0,32.0,0.0
1783936897.8,845,32624,81,9.0,32.0,0.0
1783936898.4,845,32624,81,10.0,32.0,0.0
1783936899.0,845,32624,81,11.0,32.0,0.0
1783936899.5,845,32624,81,10.0,32.0,0.0
1783936900.1,845,32624,81,11.0,32.0,0.0
1783936900.7,845,32624,81,10.0,32.0,0.0
1783936901.3,845,32624,81,10.0,32.0,0.0
1783936901.9,845,32624,81,12.0,32.0,0.0
1783936902.5,845,32624,81,9.0,32.0,0.0
1783936903.1,845,32624,81,9.0,32.0,0.0
1783936903.7,845,32624,81,10.0,32.0,0.0
1783936904.3,845,32624,81,11.0,32.0,0.0
1783936904.9,845,32624,81,9.0,32.0,0.0
1783936905.5,845,32624,81,10.0,32.0,0.0
1783936906.1,845,32624,81,11.0,32.0,0.0
1783936906.6,845,32624,81,9.0,32.0,0.0
1783936907.2,845,32624,81,10.0,32.0,0.0
1783936907.8,845,32624,81,11.0,32.0,0.0
1783936908.4,845,32624,81,10.0,32.0,0.0
1783936909.0,845,32624,81,10.0,32.0,0.0
1783936909.6,845,32624,81,10.0,32.0,0.0
1783936910.2,845,32624,81,10.0,32.0,0.0
1783936910.8,845,32624,81,9.0,32.0,0.0
1783936911.4,845,32624,81,10.0,32.0,0.0
1783936912.0,845,32624,81,11.0,32.0,0.0
1783936912.6,845,32624,81,9.0,32.0,0.0
1783936913.2,845,32624,81,10.0,32.0,0.0
1783936913.8,845,32624,81,9.0,32.0,0.0
1783936914.3,845,32624,81,10.0,32.0,0.0
1783936914.9,845,32624,81,10.0,32.0,0.0
1783936915.5,845,32624,81,22.0,32.0,0.0
1783936916.1,849,32624,101,25.0,32.0,20.0
1783936916.7,843,32624,101,25.0,32.0,21.0
1783936917.4,843,32624,101,27.0,32.0,1398.0
1783936918.0,843,32624,99,23.0,32.0,261.0
1783936918.6,843,32624,99,11.0,33.0,0.0
1783936919.2,843,32624,99,11.0,32.0,0.0
1783936919.7,843,32624,99,9.0,32.0,0.0
1783936920.3,843,32624,99,12.0,32.0,0.0
1783936920.9,843,32624,77,10.0,32.0,0.0
1783936921.5,843,32624,77,9.0,32.0,0.0
1783936922.1,843,32624,77,10.0,32.0,0.0
1783936922.7,843,32624,77,10.0,32.0,0.0
1783936923.3,843,32624,77,10.0,32.0,0.0
1783936923.9,843,32624,77,10.0,32.0,0.0
1783936924.5,843,32624,77,9.0,32.0,0.0
1783936925.1,843,32624,77,10.0,32.0,0.0
1783936925.7,843,32624,77,9.0,32.0,0.0
1783936926.3,843,32624,77,9.0,32.0,0.0
1783936926.9,843,32624,77,9.0,32.0,0.0
1783936927.5,843,32624,77,10.0,32.0,0.0
1783936928.1,843,32624,77,9.0,32.0,0.0
1783936928.7,843,32624,77,9.0,32.0,0.0
1783936929.2,843,32624,77,10.0,32.0,0.0
1783936929.9,843,32624,77,9.0,32.0,0.0
1783936930.4,843,32624,77,11.0,32.0,0.0
1783936931.0,843,32624,77,10.0,32.0,0.0
1783936931.6,843,32624,77,10.0,32.0,0.0
1783936932.2,843,32624,77,11.0,32.0,0.0
1783936932.8,843,32624,77,10.0,32.0,0.0
1783936933.4,837,32624,75,25.0,32.0,50.0
1783936934.0,837,32624,75,11.0,32.0,0.0
1783936934.6,837,32624,75,9.0,32.0,0.0
1783936935.2,837,32624,75,9.0,32.0,0.0
1783936935.8,837,32624,75,10.0,32.0,0.0
1783936936.4,837,32624,75,11.0,32.0,0.0
1783936937.0,837,32624,75,12.0,32.0,0.0
1783936937.6,837,32624,97,25.0,33.0,39.0
1783936938.2,835,32624,97,23.0,33.0,0.0
1783936938.8,835,32624,97,21.0,32.0,0.0
1783936939.4,835,32624,97,12.0,32.0,0.0
1783936940.0,835,32624,97,25.0,33.0,58.0
1783936940.6,835,32624,97,33.0,33.0,0.0
1783936941.2,835,32624,97,23.0,32.0,133.0
1783936941.8,835,32624,97,26.0,33.0,39.0
1783936942.4,835,32624,97,27.0,33.0,217.0
1783936943.0,835,32624,97,22.0,33.0,0.0
1783936943.6,835,32624,99,26.0,33.0,57.0
1783936944.2,835,32624,99,29.0,33.0,167.0
1783936944.8,835,32624,99,27.0,33.0,1438.0
1783936945.4,850,32624,99,30.0,33.0,1687.0
1783936946.0,850,32624,97,26.0,33.0,76.0
1783936946.6,850,32624,97,31.0,33.0,24.0
1783936947.2,850,32624,97,17.0,33.0,0.0
1783936947.8,850,32624,97,11.0,32.0,0.0
1783936948.4,850,32624,85,10.0,32.0,0.0
1783936949.0,850,32624,85,10.0,32.0,0.0
1783936949.6,850,32624,66,26.0,32.0,82.0
1783936950.2,850,32624,66,9.0,32.0,0.0
1783936950.8,850,32624,66,9.0,32.0,0.0
1783936951.4,850,32624,66,9.0,32.0,0.0
1783936952.0,846,32624,66,15.0,32.0,102.0
1783936952.6,846,32624,89,26.0,33.0,73.0
1783936953.2,846,32624,67,11.0,32.0,0.0
1783936953.8,846,32624,67,11.0,32.0,0.0
1783936954.4,846,32624,70,10.0,32.0,0.0
1783936955.0,846,32624,70,11.0,32.0,0.0
1783936955.6,846,32624,70,11.0,32.0,0.0
1783936956.2,846,32624,72,12.0,32.0,0.0
1783936956.8,846,32624,72,11.0,32.0,0.0
1783936957.4,846,32624,72,11.0,32.0,0.0
1783936958.0,846,32624,79,11.0,32.0,0.0
1783936958.6,846,32624,79,11.0,32.0,0.0
1783936959.2,846,32624,71,18.0,32.0,68.0
1783936959.8,846,32624,71,10.0,32.0,0.0
1783936960.4,846,32624,71,10.0,32.0,0.0
1783936961.0,846,32624,71,12.0,32.0,0.0
1783936961.6,846,32624,71,14.0,32.0,56.0
1783936962.1,846,32624,71,11.0,32.0,0.0
1783936962.7,846,32624,71,11.0,32.0,0.0
1783936963.3,846,32624,67,11.0,32.0,0.0
1783936963.9,846,32624,67,10.0,32.0,0.0
1783936964.5,846,32624,67,11.0,32.0,0.0
1783936965.1,846,32624,67,15.0,32.0,5.0
1783936965.7,846,32624,67,11.0,32.0,0.0
1783936966.3,846,32624,67,11.0,32.0,0.0
1783936966.9,846,32624,67,11.0,32.0,0.0
1783936967.5,846,32624,67,11.0,32.0,0.0
1783936968.1,846,32624,64,11.0,32.0,0.0
1783936968.7,846,32624,64,12.0,32.0,0.0
1783936969.2,846,32624,67,22.0,32.0,0.0
1783936969.8,846,32624,67,11.0,32.0,0.0
1783936970.4,846,32624,67,11.0,32.0,0.0
1783936971.0,846,32624,67,11.0,32.0,0.0
1783936971.6,846,32624,67,10.0,32.0,0.0
1783936972.2,846,32624,67,11.0,32.0,0.0
1783936972.8,846,32624,68,22.0,32.0,0.0
1783936973.4,846,32624,68,12.0,32.0,0.0
1783936974.0,846,32624,68,12.0,32.0,0.0
1783936974.6,846,32624,82,26.0,33.0,135.0
1783936975.2,846,32624,82,15.0,32.0,367.0
1783936975.8,846,32624,82,15.0,32.0,43.0
1783936976.4,846,32624,66,13.0,32.0,15.0
1783936977.0,846,32624,66,26.0,32.0,1304.0
1783936977.6,846,32624,91,25.0,33.0,75.0
1783936978.2,846,32624,120,23.0,33.0,203.0
1783936978.8,846,32624,131,23.0,33.0,232.0
1783936979.4,846,32624,106,27.0,33.0,500.0
1783936980.0,846,32624,102,17.0,33.0,0.0
1783936980.6,846,32624,102,11.0,33.0,0.0
1783936981.2,846,32624,102,9.0,32.0,0.0
1783936981.8,846,32624,102,23.0,33.0,0.0
1783936982.4,846,32624,79,22.0,32.0,0.0
1783936983.0,846,32624,66,11.0,33.0,0.0
1783936983.6,846,32624,66,10.0,33.0,0.0
1783936984.2,846,32624,66,12.0,32.0,0.0
1783936984.8,846,32624,66,9.0,33.0,0.0
1783936985.4,846,32624,66,10.0,32.0,0.0
1783936986.0,846,32624,66,9.0,32.0,0.0
1783936986.6,846,32624,66,10.0,32.0,0.0
1783936987.2,846,32624,70,27.0,32.0,1195.0
1783936987.8,846,32624,89,17.0,32.0,234.0
1783936988.4,846,32624,89,11.0,32.0,0.0
1783936988.9,846,32624,89,12.0,32.0,0.0
1783936989.5,846,32624,89,11.0,33.0,0.0
1783936990.1,846,32624,89,12.0,33.0,0.0
1783936990.7,846,32624,71,12.0,33.0,0.0
1783936991.3,846,32624,71,10.0,33.0,0.0
1783936991.9,846,32624,71,10.0,33.0,0.0
1783936992.5,846,32624,71,11.0,32.0,0.0
1783936993.1,846,32624,85,22.0,33.0,0.0
1783936993.7,846,32624,71,11.0,33.0,0.0
1783936994.3,846,32624,71,10.0,32.0,0.0
1783936994.9,846,32624,70,13.0,33.0,0.0
1783936995.5,846,32624,67,12.0,32.0,0.0
1783936996.1,846,32624,74,12.0,32.0,0.0
1783936996.7,846,32624,74,12.0,32.0,0.0
1783936997.3,846,32624,68,11.0,33.0,0.0
1783936997.9,846,32624,68,10.0,32.0,0.0
1783936998.5,846,32624,68,11.0,32.0,0.0
1783936999.0,846,32624,68,9.0,32.0,0.0
1783936999.6,846,32624,68,11.0,32.0,0.0
1783937000.2,846,32624,68,10.0,32.0,0.0
1783937000.8,846,32624,68,10.0,32.0,0.0
1783937001.4,846,32624,68,11.0,32.0,0.0
1783937002.0,846,32624,68,11.0,33.0,0.0
1783937002.6,846,32624,68,11.0,33.0,0.0
1783937003.2,846,32624,77,16.0,32.0,43.0
1783937003.8,846,32624,79,11.0,32.0,0.0
1783937004.4,846,32624,79,11.0,32.0,0.0
1783937005.0,846,32624,79,17.0,32.0,654.0
1783937005.6,846,32624,94,26.0,33.0,99.0
1783937006.2,846,32624,87,22.0,33.0,0.0
1783937006.8,846,32624,87,25.0,33.0,35.0
1783937007.4,846,32624,86,23.0,33.0,0.0
1783937008.0,846,32624,103,22.0,33.0,0.0
1783937008.6,846,32624,76,12.0,32.0,0.0
1783937009.2,846,32624,74,10.0,32.0,0.0
1783937009.7,846,32624,74,11.0,33.0,0.0
1783937010.3,846,32624,74,10.0,32.0,0.0
1783937010.9,846,32624,74,14.0,32.0,6.0
1783937011.5,846,32624,74,11.0,32.0,0.0
1783937012.1,846,32624,67,12.0,33.0,0.0
1783937012.7,846,32624,75,12.0,32.0,0.0
1783937013.3,846,32624,75,11.0,32.0,0.0
1783937013.9,846,32624,75,10.0,32.0,0.0
1783937014.5,846,32624,75,11.0,33.0,0.0
1783937015.1,846,32624,67,11.0,33.0,0.0
1783937015.7,846,32624,67,10.0,32.0,0.0
