unix_ts,vram_used_mib,vram_total_mib,gtt_used_mib,power_w,temp_c,sclk_mhz
1783928513.3,18676,32624,295,109.0,65.0,1694.0
1783928513.9,18682,32624,298,216.0,66.0,2762.0
1783928514.5,18682,32624,298,307.0,67.0,3264.0
1783928515.1,18682,32624,298,310.0,68.0,3272.0
1783928515.7,18682,32624,298,295.0,68.0,3266.0
1783928516.3,18682,32624,298,279.0,68.0,3237.0
1783928516.9,18682,32624,298,293.0,69.0,3246.0
1783928517.5,18682,32624,298,302.0,68.0,3244.0
1783928518.1,18682,32624,298,308.0,69.0,3271.0
1783928518.7,18682,32624,298,303.0,69.0,3267.0
1783928519.3,18682,32624,298,242.0,69.0,3201.0
1783928519.8,18682,32624,298,289.0,69.0,3256.0
1783928520.4,18682,32624,298,309.0,69.0,3233.0
1783928521.0,18682,32624,298,299.0,69.0,3250.0
1783928521.6,18682,32624,298,287.0,69.0,3257.0
1783928522.2,18682,32624,294,320.0,69.0,3232.0
1783928522.8,18682,32624,294,294.0,69.0,3259.0
1783928523.4,18682,32624,294,316.0,69.0,3234.0
1783928524.0,18682,32624,294,310.0,69.0,3265.0
1783928524.6,18682,32624,294,289.0,70.0,3209.0
1783928525.2,18682,32624,294,285.0,70.0,3255.0
1783928525.8,18682,32624,294,294.0,70.0,3233.0
1783928526.4,18682,32624,306,291.0,70.0,3236.0
1783928527.0,18682,32624,306,311.0,70.0,3249.0
1783928527.6,18682,32624,306,283.0,70.0,3214.0
1783928528.1,18682,32624,306,305.0,70.0,3260.0
1783928528.7,18682,32624,306,305.0,70.0,3243.0
1783928529.3,18682,32624,306,243.0,70.0,3202.0
1783928529.9,18682,32624,306,304.0,70.0,3242.0
1783928530.5,18682,32624,306,311.0,70.0,3217.0
1783928531.1,18682,32624,306,292.0,70.0,3216.0
1783928531.7,18682,32624,306,286.0,70.0,3209.0
1783928532.3,18682,32624,306,276.0,70.0,3212.0
1783928532.9,18682,32624,306,300.0,70.0,3215.0
1783928533.5,18682,32624,306,305.0,70.0,3233.0
1783928534.1,18682,32624,306,289.0,70.0,3220.0
1783928534.7,18682,32624,306,282.0,70.0,3206.0
1783928535.2,18682,32624,306,286.0,71.0,3219.0
1783928535.8,18682,32624,306,299.0,71.0,3229.0
1783928536.4,18682,32624,306,312.0,71.0,3230.0
1783928537.0,18682,32624,294,313.0,71.0,3225.0
1783928537.6,18682,32624,294,299.0,71.0,3253.0
1783928538.2,18682,32624,294,309.0,71.0,3236.0
1783928538.8,18682,32624,294,306.0,71.0,3224.0
1783928539.4,18682,32624,294,301.0,71.0,3242.0
1783928540.0,18682,32624,294,300.0,71.0,3235.0
1783928540.6,18682,32624,294,290.0,71.0,3210.0
1783928541.2,18682,32624,306,310.0,71.0,3257.0
1783928541.8,18682,32624,306,299.0,71.0,3224.0
1783928542.3,18682,32624,306,304.0,71.0,3233.0
1783928542.9,18682,32624,306,294.0,71.0,3239.0
1783928543.5,18682,32624,306,302.0,71.0,3239.0
1783928544.1,18682,32624,306,298.0,71.0,3223.0
1783928544.7,18682,32624,306,275.0,71.0,3208.0
1783928545.3,18682,32624,306,300.0,71.0,3236.0
1783928545.9,18682,32624,306,308.0,71.0,3214.0
1783928546.5,18682,32624,306,289.0,71.0,3204.0
1783928547.1,18682,32624,306,311.0,71.0,3242.0
1783928547.7,18682,32624,306,299.0,71.0,3241.0
1783928548.2,18682,32624,306,310.0,71.0,3232.0
1783928548.8,18682,32624,306,310.0,71.0,3238.0
1783928549.4,18682,32624,306,312.0,71.0,3236.0
1783928550.0,18682,32624,306,274.0,71.0,3204.0
1783928550.6,18682,32624,306,299.0,71.0,3216.0
1783928551.2,18682,32624,306,306.0,72.0,3214.0
1783928551.8,18682,32624,294,267.0,72.0,3225.0
1783928552.4,18682,32624,294,307.0,71.0,3250.0
1783928553.0,18682,32624,294,307.0,72.0,3231.0
1783928553.6,18682,32624,294,304.0,72.0,3217.0
1783928554.2,18682,32624,294,293.0,72.0,3211.0
1783928554.7,18682,32624,294,299.0,72.0,3227.0
1783928555.3,18682,32624,294,301.0,72.0,3213.0
1783928555.9,18682,32624,294,304.0,72.0,3237.0
1783928556.5,18682,32624,305,311.0,72.0,3233.0
1783928557.1,18682,32624,305,298.0,72.0,3222.0
1783928557.7,18682,32624,305,282.0,72.0,3208.0
1783928558.3,18682,32624,305,302.0,72.0,3211.0
1783928558.9,18682,32624,305,307.0,72.0,3218.0
1783928559.5,18682,32624,305,323.0,72.0,3216.0
1783928560.1,18682,32624,305,298.0,72.0,3206.0
1783928560.7,18682,32624,305,303.0,72.0,3225.0
1783928561.2,18682,32624,305,294.0,72.0,3203.0
1783928561.8,18682,32624,305,301.0,72.0,3207.0
1783928562.4,18682,32624,305,302.0,72.0,3233.0
1783928563.0,18682,32624,305,307.0,72.0,3234.0
1783928563.6,18682,32624,305,300.0,72.0,3224.0
1783928564.2,18682,32624,305,293.0,72.0,3209.0
1783928564.8,18682,32624,305,315.0,72.0,3229.0
1783928565.4,18682,32624,305,281.0,72.0,3227.0
1783928566.0,18682,32624,305,302.0,72.0,3245.0
1783928566.6,18682,32624,305,308.0,72.0,3232.0
1783928567.2,18682,32624,294,289.0,72.0,3200.0
1783928567.8,18682,32624,294,305.0,72.0,3223.0
1783928568.3,18682,32624,294,306.0,72.0,3240.0
1783928568.9,18682,32624,294,174.0,72.0,3187.0
1783928569.5,18682,32624,294,305.0,72.0,3220.0
1783928570.1,18682,32624,294,300.0,72.0,3223.0
1783928570.7,18682,32624,294,290.0,72.0,3200.0
1783928571.3,18682,32624,306,278.0,72.0,3192.0
1783928571.9,18682,32624,306,298.0,72.0,3225.0
1783928572.5,18686,32624,299,202.0,71.0,2744.0
1783928573.1,18688,32624,299,315.0,71.0,3271.0
1783928573.7,18688,32624,299,304.0,72.0,3225.0
1783928574.3,18688,32624,299,316.0,72.0,3235.0
1783928574.9,18688,32624,299,304.0,72.0,3213.0
1783928575.4,18688,32624,299,293.0,72.0,3169.0
1783928576.0,18688,32624,299,300.0,72.0,3220.0
1783928576.6,18688,32624,299,315.0,72.0,3213.0
1783928577.2,18688,32624,299,319.0,72.0,3229.0
1783928577.8,18688,32624,299,317.0,72.0,3164.0
1783928578.4,18688,32624,299,306.0,72.0,3220.0
1783928579.0,18688,32624,299,299.0,72.0,3211.0
1783928579.6,18688,32624,299,320.0,72.0,3228.0
1783928580.2,18688,32624,299,300.0,72.0,3256.0
1783928580.8,18688,32624,299,297.0,72.0,3244.0
1783928581.4,18688,32624,299,322.0,72.0,3217.0
1783928582.0,18688,32624,294,303.0,72.0,3218.0
1783928582.5,18688,32624,294,297.0,72.0,3232.0
1783928583.1,18688,32624,294,296.0,72.0,3217.0
1783928583.7,18688,32624,294,307.0,72.0,3238.0
1783928584.3,18688,32624,294,287.0,72.0,3207.0
1783928584.9,18688,32624,294,313.0,72.0,3220.0
1783928585.5,18688,32624,294,298.0,72.0,3216.0
1783928586.1,18688,32624,294,304.0,72.0,3236.0
1783928586.7,18688,32624,306,325.0,72.0,3201.0
1783928587.3,18688,32624,306,301.0,72.0,3212.0
1783928587.9,18688,32624,306,300.0,72.0,3207.0
1783928588.4,18688,32624,306,257.0,72.0,3184.0
1783928589.0,18688,32624,306,302.0,72.0,3219.0
1783928589.6,18688,32624,306,285.0,72.0,3196.0
1783928590.2,18688,32624,306,285.0,72.0,3196.0
1783928590.8,18688,32624,306,303.0,72.0,3199.0
1783928591.4,18688,32624,306,294.0,72.0,3192.0
1783928592.0,18688,32624,306,301.0,72.0,3199.0
1783928592.6,18688,32624,306,304.0,72.0,3208.0
1783928593.2,18688,32624,306,313.0,72.0,3209.0
1783928593.8,18688,32624,306,291.0,72.0,3222.0
1783928594.4,18688,32624,306,300.0,72.0,3214.0
1783928594.9,18688,32624,306,303.0,72.0,3191.0
1783928595.5,18688,32624,306,306.0,72.0,3226.0
1783928596.1,18688,32624,306,303.0,72.0,3228.0
1783928596.7,18688,32624,294,309.0,72.0,3264.0
1783928597.3,18688,32624,294,309.0,72.0,3226.0
1783928597.9,18688,32624,294,306.0,72.0,3207.0
1783928598.5,18688,32624,294,303.0,72.0,3255.0
1783928599.1,18688,32624,294,303.0,72.0,3226.0
1783928599.7,18688,32624,294,269.0,72.0,3214.0
1783928600.3,18688,32624,294,307.0,72.0,3235.0
1783928600.9,18688,32624,294,296.0,72.0,3203.0
1783928601.5,18688,32624,306,311.0,72.0,3216.0
1783928602.0,18688,32624,306,304.0,72.0,3218.0
1783928602.6,18688,32624,306,298.0,72.0,3201.0
1783928603.2,18688,32624,306,293.0,72.0,3238.0
1783928603.8,18688,32624,306,297.0,72.0,3190.0
1783928604.4,18688,32624,306,334.0,72.0,3219.0
1783928605.0,18688,32624,306,312.0,72.0,3243.0
1783928605.6,18688,32624,306,284.0,72.0,3216.0
1783928606.2,18688,32624,306,282.0,72.0,3195.0
1783928606.8,18688,32624,306,284.0,72.0,3186.0
1783928607.4,18688,32624,306,298.0,72.0,3220.0
1783928608.0,18688,32624,306,287.0,72.0,3219.0
1783928608.6,18688,32624,306,298.0,72.0,3229.0
1783928609.2,18688,32624,306,306.0,72.0,3208.0
1783928609.8,18688,32624,306,301.0,72.0,3224.0
1783928610.3,18688,32624,306,294.0,72.0,3207.0
1783928611.0,18688,32624,306,298.0,72.0,3220.0
1783928611.5,18688,32624,306,295.0,72.0,3215.0
1783928612.1,18688,32624,294,298.0,72.0,3226.0
1783928612.7,18688,32624,294,324.0,72.0,3190.0
1783928613.3,18688,32624,294,304.0,72.0,3232.0
1783928613.9,18688,32624,294,297.0,72.0,3196.0
1783928614.5,18688,32624,294,318.0,72.0,3220.0
1783928615.1,18688,32624,294,303.0,72.0,3207.0
1783928615.7,18688,32624,294,299.0,72.0,3229.0
1783928616.3,18688,32624,306,290.0,72.0,3197.0
1783928616.9,18688,32624,306,325.0,72.0,3206.0
1783928617.5,18688,32624,306,307.0,72.0,3255.0
1783928618.0,18688,32624,306,299.0,72.0,3223.0
1783928618.6,18688,32624,306,301.0,72.0,3202.0
1783928619.2,18688,32624,306,300.0,72.0,3204.0
1783928619.8,18688,32624,306,304.0,72.0,3231.0
1783928620.4,18688,32624,306,311.0,72.0,3234.0
1783928621.0,18688,32624,306,297.0,72.0,3234.0
1783928621.6,18688,32624,306,303.0,72.0,3221.0
1783928622.2,18688,32624,306,307.0,72.0,3228.0
1783928622.8,18688,32624,306,272.0,72.0,3187.0
1783928623.4,18688,32624,306,306.0,72.0,3243.0
1783928624.0,18688,32624,306,307.0,72.0,3227.0
1783928624.5,18688,32624,306,308.0,72.0,3221.0
1783928625.1,18688,32624,306,292.0,72.0,3213.0
1783928625.7,18688,32624,306,305.0,72.0,3239.0
1783928626.3,18688,32624,306,300.0,72.0,3207.0
1783928626.9,18688,32624,294,285.0,72.0,3202.0
1783928627.5,18688,32624,294,299.0,72.0,3210.0
1783928628.1,18688,32624,294,302.0,72.0,3218.0
1783928628.7,18688,32624,294,312.0,73.0,3198.0
1783928629.3,18688,32624,294,301.0,73.0,3216.0
1783928629.9,18688,32624,294,306.0,72.0,3217.0
1783928630.5,18688,32624,294,302.0,72.0,3206.0
1783928631.1,18688,32624,294,293.0,72.0,3194.0
1783928631.6,18688,32624,306,301.0,72.0,3230.0
1783928632.2,18688,32624,306,305.0,72.0,3235.0
1783928632.8,18688,32624,299,88.0,72.0,3234.0
1783928633.4,18697,32624,299,246.0,71.0,2894.0
1783928634.0,18697,32624,299,302.0,72.0,3220.0
1783928634.6,18697,32624,299,318.0,72.0,3206.0
1783928635.2,18697,32624,299,297.0,72.0,3237.0
1783928635.8,18697,32624,299,293.0,72.0,3215.0
1783928636.4,18697,32624,299,308.0,72.0,3219.0
1783928637.0,18697,32624,299,292.0,72.0,3203.0
1783928637.6,18697,32624,299,320.0,72.0,3198.0
1783928638.2,18697,32624,299,301.0,72.0,3250.0
1783928638.7,18697,32624,299,302.0,72.0,3223.0
1783928639.3,18697,32624,299,256.0,72.0,3198.0
1783928639.9,18697,32624,299,308.0,72.0,3224.0
1783928640.5,18697,32624,299,312.0,72.0,3224.0
1783928641.1,18697,32624,299,297.0,72.0,3213.0
1783928641.7,18697,32624,295,329.0,72.0,3290.0
1783928642.3,18697,32624,295,307.0,72.0,3199.0
1783928642.9,18697,32624,295,304.0,72.0,3234.0
1783928643.5,18697,32624,295,307.0,72.0,3230.0
1783928644.1,18697,32624,295,329.0,72.0,3202.0
1783928644.7,18697,32624,295,303.0,72.0,3222.0
1783928645.3,18697,32624,295,293.0,72.0,3192.0
1783928645.8,18697,32624,295,318.0,72.0,3209.0
1783928646.4,18697,32624,306,293.0,72.0,3225.0
1783928647.0,18697,32624,306,301.0,72.0,3230.0
1783928647.6,18697,32624,306,335.0,72.0,3239.0
1783928648.2,18697,32624,306,297.0,72.0,3239.0
1783928648.8,18697,32624,306,300.0,72.0,3215.0
1783928649.4,18697,32624,306,324.0,73.0,3193.0
1783928650.0,18697,32624,299,44.0,71.0,0.0
1783928650.6,18697,32624,299,316.0,71.0,3260.0
1783928651.2,18697,32624,299,300.0,72.0,3211.0
1783928651.8,18697,32624,299,301.0,72.0,3230.0
1783928652.3,18697,32624,299,288.0,72.0,3199.0
1783928652.9,18697,32624,299,297.0,72.0,3227.0
1783928653.5,18700,32624,303,331.0,73.0,3210.0
1783928654.1,18700,32624,303,307.0,72.0,3247.0
1783928654.7,18700,32624,303,300.0,72.0,3211.0
1783928655.3,18700,32624,303,285.0,72.0,3211.0
1783928655.9,18700,32624,303,302.0,72.0,3244.0
1783928656.5,18700,32624,303,299.0,72.0,3198.0
1783928657.1,18700,32624,299,297.0,72.0,3224.0
1783928657.7,18700,32624,299,300.0,72.0,3227.0
1783928658.3,18700,32624,299,285.0,72.0,3203.0
1783928658.9,18700,32624,299,315.0,72.0,3244.0
1783928659.4,18700,32624,299,305.0,72.0,3236.0
1783928660.0,18700,32624,299,272.0,72.0,3216.0
1783928660.6,18700,32624,299,305.0,72.0,3240.0
1783928661.2,18700,32624,310,300.0,72.0,3212.0
1783928661.8,18700,32624,310,285.0,72.0,3196.0
1783928662.4,18700,32624,310,305.0,72.0,3200.0
1783928663.0,18700,32624,310,295.0,72.0,3194.0
1783928663.6,18700,32624,310,283.0,72.0,3209.0
1783928664.2,18700,32624,310,298.0,72.0,3210.0
1783928664.8,18700,32624,310,301.0,72.0,3211.0
1783928665.3,18700,32624,310,314.0,72.0,3220.0
1783928665.9,18700,32624,310,298.0,72.0,3199.0
1783928666.5,18700,32624,310,305.0,72.0,3227.0
1783928667.1,18700,32624,310,299.0,72.0,3239.0
1783928667.7,18700,32624,310,298.0,72.0,3218.0
1783928668.3,18700,32624,310,310.0,72.0,3213.0
1783928668.9,18700,32624,310,301.0,72.0,3243.0
1783928669.5,18700,32624,310,302.0,72.0,3216.0
1783928670.1,18700,32624,310,278.0,72.0,3202.0
1783928670.7,18700,32624,310,301.0,72.0,3236.0
1783928671.3,18700,32624,310,306.0,72.0,3234.0
1783928671.9,18700,32624,299,304.0,72.0,3237.0
1783928672.5,18700,32624,299,309.0,72.0,3245.0
1783928673.0,18700,32624,299,301.0,72.0,3211.0
1783928673.6,18700,32624,299,167.0,73.0,3265.0
1783928674.2,18700,32624,299,297.0,72.0,3234.0
1783928674.8,18700,32624,299,297.0,72.0,3207.0
1783928675.4,18700,32624,299,284.0,72.0,3208.0
1783928676.0,18700,32624,299,306.0,72.0,3239.0
1783928676.6,18700,32624,310,307.0,72.0,3235.0
1783928677.2,18700,32624,310,317.0,72.0,3189.0
1783928677.8,18700,32624,310,299.0,72.0,3224.0
1783928678.4,18700,32624,310,299.0,72.0,3218.0
1783928678.9,18700,32624,310,283.0,72.0,3209.0
1783928679.5,18700,32624,310,308.0,72.0,3231.0
1783928680.1,18700,32624,310,293.0,72.0,3199.0
1783928680.7,18700,32624,310,302.0,73.0,3231.0
1783928681.3,18700,32624,310,303.0,72.0,3226.0
1783928681.9,18700,32624,310,310.0,72.0,3263.0
1783928682.5,18700,32624,310,281.0,72.0,3214.0
1783928683.1,18700,32624,310,301.0,72.0,3243.0
1783928683.7,18700,32624,310,294.0,73.0,3212.0
1783928684.3,18700,32624,310,306.0,72.0,3190.0
1783928684.9,18700,32624,310,306.0,72.0,3249.0
1783928685.4,18700,32624,310,307.0,73.0,3212.0
1783928686.0,18700,32624,310,294.0,73.0,3206.0
1783928686.6,18700,32624,310,305.0,73.0,3228.0
1783928687.2,18700,32624,299,302.0,72.0,3251.0
1783928687.8,18700,32624,299,300.0,72.0,3233.0
1783928688.4,18700,32624,303,158.0,71.0,1706.0
1783928689.0,18700,32624,303,255.0,71.0,3039.0
1783928689.6,18700,32624,303,308.0,72.0,3241.0
1783928690.2,18700,32624,303,312.0,72.0,3238.0
1783928690.8,18700,32624,303,303.0,72.0,3230.0
1783928691.4,18700,32624,310,295.0,72.0,3216.0
1783928692.0,18700,32624,310,280.0,72.0,3179.0
1783928692.5,18700,32624,310,303.0,73.0,3230.0
1783928693.1,18700,32624,310,298.0,72.0,3230.0
1783928693.7,18700,32624,310,297.0,72.0,3243.0
1783928694.3,18700,32624,310,299.0,72.0,3241.0
1783928694.9,18700,32624,310,282.0,72.0,3175.0
1783928695.5,18700,32624,310,277.0,72.0,3216.0
1783928696.1,18700,32624,310,289.0,72.0,3213.0
1783928696.7,18700,32624,310,313.0,72.0,3224.0
1783928697.3,18700,32624,310,306.0,72.0,3251.0
1783928697.9,18700,32624,310,288.0,72.0,3208.0
1783928698.5,18700,32624,310,269.0,72.0,3148.0
1783928699.1,18700,32624,310,303.0,72.0,3230.0
1783928699.6,18700,32624,310,299.0,72.0,3224.0
1783928700.2,18700,32624,310,263.0,73.0,3211.0
1783928700.8,18700,32624,310,286.0,72.0,3186.0
1783928701.4,18700,32624,310,297.0,72.0,3192.0
1783928702.0,18700,32624,299,310.0,72.0,3234.0
1783928702.6,18700,32624,299,308.0,72.0,3249.0
1783928703.2,18700,32624,299,312.0,73.0,3247.0
1783928703.8,18700,32624,299,310.0,72.0,3245.0
1783928704.4,18700,32624,299,296.0,72.0,3215.0
1783928705.0,18700,32624,299,309.0,72.0,3240.0
1783928705.6,18700,32624,299,299.0,72.0,3224.0
1783928706.2,18700,32624,310,296.0,72.0,3232.0
1783928706.8,18700,32624,310,297.0,72.0,3189.0
1783928707.4,18700,32624,310,289.0,73.0,3209.0
1783928708.0,18700,32624,310,303.0,73.0,3226.0
1783928708.6,18700,32624,310,220.0,72.0,3209.0
1783928709.2,18700,32624,310,299.0,72.0,3232.0
1783928709.7,18700,32624,310,261.0,72.0,3181.0
1783928710.3,18700,32624,310,296.0,72.0,3237.0
1783928710.9,18700,32624,310,312.0,72.0,3234.0
1783928711.5,18700,32624,310,306.0,72.0,3229.0
1783928712.1,18700,32624,310,307.0,72.0,3210.0
1783928712.7,18700,32624,310,301.0,73.0,3208.0
1783928713.3,18700,32624,310,274.0,73.0,3188.0
1783928713.9,18700,32624,310,303.0,72.0,3206.0
1783928714.5,18700,32624,310,295.0,72.0,3205.0
1783928715.1,18700,32624,310,319.0,73.0,3215.0
1783928715.7,18700,32624,310,304.0,72.0,3199.0
1783928716.3,18700,32624,310,311.0,73.0,3237.0
1783928716.8,18700,32624,299,327.0,73.0,3211.0
1783928717.4,18700,32624,299,301.0,73.0,3210.0
1783928718.0,18700,32624,299,303.0,73.0,3228.0
1783928718.6,18700,32624,299,318.0,73.0,3207.0
1783928719.2,18700,32624,299,293.0,73.0,3206.0
1783928719.8,18700,32624,299,306.0,73.0,3208.0
1783928720.4,18700,32624,299,303.0,73.0,3197.0
1783928721.0,18700,32624,299,302.0,73.0,3200.0
1783928721.6,18700,32624,310,303.0,73.0,3242.0
1783928722.2,18700,32624,310,304.0,73.0,3224.0
1783928722.8,18700,32624,310,309.0,73.0,3225.0
1783928723.3,18700,32624,310,313.0,73.0,3245.0
1783928723.9,18700,32624,310,315.0,73.0,3200.0
1783928724.5,18700,32624,310,270.0,73.0,3185.0
1783928725.1,18700,32624,310,296.0,73.0,3195.0
1783928725.7,18700,32624,310,307.0,73.0,3228.0
1783928726.3,18700,32624,310,305.0,73.0,3234.0
1783928726.9,18700,32624,310,296.0,73.0,3203.0
1783928727.5,18700,32624,310,294.0,73.0,3184.0
1783928728.1,18700,32624,310,301.0,73.0,3224.0
1783928728.7,18700,32624,310,312.0,73.0,3242.0
1783928729.3,18700,32624,310,290.0,73.0,3197.0
1783928729.9,18700,32624,310,314.0,73.0,3212.0
1783928730.4,18700,32624,310,298.0,73.0,3189.0
1783928731.0,18700,32624,310,308.0,73.0,3225.0
1783928731.6,18700,32624,310,326.0,73.0,3213.0
1783928732.2,18700,32624,299,287.0,73.0,3192.0
1783928732.8,18700,32624,299,288.0,73.0,3191.0
1783928733.4,18700,32624,299,309.0,73.0,3210.0
1783928734.0,18700,32624,299,301.0,73.0,3228.0
1783928734.6,18700,32624,299,292.0,73.0,3199.0
1783928735.2,18700,32624,299,308.0,73.0,3218.0
1783928735.8,18700,32624,299,295.0,73.0,3214.0
1783928736.4,18700,32624,310,303.0,73.0,3231.0
1783928737.0,18700,32624,310,302.0,73.0,3206.0
1783928737.6,18700,32624,310,290.0,73.0,3208.0
1783928738.1,18700,32624,310,299.0,73.0,3240.0
1783928738.7,18700,32624,310,286.0,73.0,3197.0
1783928739.3,18700,32624,310,272.0,73.0,3211.0
1783928739.9,18700,32624,310,299.0,73.0,3233.0
1783928740.5,18700,32624,310,299.0,73.0,3233.0
1783928741.1,18700,32624,310,304.0,73.0,3185.0
1783928741.7,18700,32624,310,276.0,73.0,3183.0
1783928742.3,18700,32624,310,296.0,73.0,3211.0
1783928742.9,18700,32624,310,304.0,73.0,3206.0
1783928743.5,18700,32624,310,219.0,73.0,3153.0
1783928744.1,18700,32624,310,316.0,73.0,3226.0
1783928744.6,18700,32624,310,310.0,73.0,3250.0
1783928745.2,18700,32624,303,222.0,72.0,2796.0
1783928745.8,18700,32624,303,317.0,72.0,3246.0
1783928746.4,18700,32624,303,297.0,72.0,3205.0
1783928747.0,18700,32624,299,314.0,72.0,3191.0
1783928747.6,18700,32624,299,300.0,72.0,3250.0
1783928748.2,18700,32624,299,295.0,72.0,3198.0
1783928748.8,18700,32624,299,273.0,72.0,3197.0
1783928749.4,18700,32624,299,312.0,72.0,3254.0
1783928750.0,18700,32624,299,304.0,72.0,3212.0
1783928750.6,18700,32624,299,291.0,73.0,3213.0
1783928751.2,18700,32624,310,313.0,73.0,3269.0
1783928751.7,18700,32624,310,281.0,73.0,3200.0
1783928752.3,18700,32624,310,306.0,73.0,3249.0
1783928752.9,18700,32624,310,299.0,73.0,3215.0
1783928753.5,18700,32624,310,265.0,73.0,3174.0
1783928754.1,18700,32624,310,302.0,73.0,3225.0
1783928754.7,18700,32624,310,313.0,73.0,3230.0
1783928755.3,18700,32624,310,292.0,73.0,3206.0
1783928755.9,18700,32624,310,307.0,73.0,3237.0
1783928756.5,18700,32624,310,314.0,73.0,3232.0
1783928757.1,18700,32624,310,291.0,73.0,3210.0
1783928757.7,18700,32624,310,304.0,73.0,3234.0
1783928758.2,18700,32624,310,319.0,73.0,3208.0
1783928758.8,18700,32624,310,306.0,73.0,3243.0
1783928759.4,18700,32624,310,301.0,73.0,3218.0
1783928760.0,18700,32624,310,293.0,73.0,3217.0
1783928760.6,18700,32624,310,302.0,73.0,3212.0
1783928761.2,18700,32624,310,319.0,73.0,3236.0
1783928761.8,18700,32624,299,306.0,73.0,3222.0
1783928762.4,18700,32624,299,301.0,72.0,3181.0
1783928763.0,18700,32624,299,271.0,73.0,3207.0
1783928763.6,18700,32624,299,301.0,73.0,3233.0
1783928764.2,18700,32624,299,321.0,73.0,3210.0
1783928764.8,18700,32624,299,301.0,73.0,3229.0
1783928765.4,18700,32624,299,304.0,73.0,3233.0
1783928766.0,18700,32624,299,301.0,73.0,3198.0
1783928766.5,18700,32624,310,297.0,73.0,3213.0
1783928767.1,18700,32624,310,303.0,73.0,3221.0
1783928767.7,18700,32624,310,294.0,73.0,3220.0
1783928768.3,18700,32624,310,308.0,73.0,3218.0
1783928768.9,18700,32624,310,305.0,73.0,3226.0
1783928769.5,18700,32624,310,306.0,73.0,3194.0
1783928770.1,18700,32624,310,292.0,73.0,3202.0
1783928770.7,18700,32624,310,298.0,73.0,3227.0
1783928771.3,18700,32624,310,308.0,73.0,3234.0
1783928771.9,18700,32624,310,306.0,73.0,3225.0
1783928772.4,18700,32624,297,307.0,73.0,3201.0
1783928773.0,18700,32624,297,306.0,72.0,3200.0
1783928773.6,18700,32624,297,292.0,73.0,3221.0
1783928774.2,18700,32624,297,302.0,73.0,3211.0
1783928774.8,18700,32624,297,299.0,73.0,3216.0
1783928775.4,18700,32624,297,287.0,73.0,3179.0
1783928776.0,18700,32624,297,293.0,72.0,3213.0
1783928776.6,18700,32624,297,277.0,72.0,3152.0
1783928777.2,18700,32624,305,69.0,71.0,2683.0
1783928777.8,18700,32624,305,304.0,72.0,3242.0
1783928778.3,18700,32624,305,300.0,72.0,3225.0
1783928778.9,18700,32624,305,278.0,72.0,3199.0
1783928779.5,18700,32624,305,306.0,72.0,3216.0
1783928780.1,18700,32624,305,315.0,72.0,3243.0
1783928780.7,18700,32624,305,280.0,72.0,3209.0
1783928781.3,18700,32624,310,300.0,72.0,3236.0
1783928781.9,18700,32624,310,317.0,72.0,3248.0
1783928782.5,18700,32624,310,292.0,72.0,3209.0
1783928783.1,18700,32624,310,291.0,72.0,3216.0
1783928783.7,18700,32624,310,262.0,73.0,3205.0
1783928784.3,18700,32624,310,313.0,73.0,3233.0
1783928784.9,18700,32624,310,305.0,73.0,3225.0
1783928785.4,18700,32624,310,306.0,72.0,3244.0
1783928786.0,18700,32624,310,311.0,73.0,3229.0
1783928786.6,18700,32624,310,322.0,73.0,3192.0
1783928787.2,18700,32624,310,292.0,73.0,3182.0
1783928787.8,18700,32624,310,296.0,73.0,3225.0
1783928788.4,18700,32624,310,275.0,73.0,3187.0
1783928789.0,18700,32624,310,298.0,73.0,3235.0
1783928789.6,18700,32624,310,314.0,73.0,3244.0
1783928790.2,18700,32624,303,57.0,72.0,410.0
1783928790.8,18700,32624,303,309.0,71.0,3259.0
1783928791.4,18700,32624,303,316.0,72.0,3228.0
1783928792.0,18700,32624,299,305.0,72.0,3233.0
1783928792.5,18700,32624,299,303.0,72.0,3230.0
1783928793.1,18700,32624,299,285.0,72.0,3203.0
1783928793.7,18700,32624,299,292.0,72.0,3206.0
1783928794.3,18700,32624,299,306.0,73.0,3239.0
1783928794.9,18700,32624,299,268.0,72.0,3214.0
1783928795.5,18700,32624,299,305.0,72.0,3240.0
1783928796.1,18700,32624,299,296.0,72.0,3215.0
1783928796.7,18700,32624,310,292.0,73.0,3228.0
1783928797.3,18700,32624,310,304.0,73.0,3237.0
1783928797.9,18700,32624,310,324.0,73.0,3214.0
1783928798.5,18700,32624,310,300.0,73.0,3201.0
1783928799.0,18700,32624,310,296.0,72.0,3208.0
1783928799.6,18700,32624,310,313.0,73.0,3195.0
1783928800.2,18700,32624,310,313.0,72.0,3259.0
1783928800.8,18700,32624,310,298.0,73.0,3208.0
1783928801.4,18700,32624,310,301.0,72.0,3219.0
1783928802.0,18700,32624,310,307.0,72.0,3236.0
1783928802.6,18700,32624,310,289.0,72.0,3173.0
1783928803.2,18700,32624,310,304.0,72.0,3232.0
1783928803.8,18700,32624,310,286.0,73.0,3201.0
1783928804.4,18700,32624,310,309.0,73.0,3227.0
1783928805.0,18700,32624,310,283.0,73.0,3207.0
1783928805.5,18700,32624,310,300.0,73.0,3197.0
1783928806.2,18700,32624,310,306.0,73.0,3239.0
1783928806.7,18700,32624,299,308.0,73.0,3231.0
1783928807.3,18700,32624,299,313.0,73.0,3184.0
1783928807.9,18700,32624,299,299.0,73.0,3195.0
1783928808.5,18700,32624,299,305.0,73.0,3215.0
1783928809.1,18700,32624,299,348.0,73.0,3234.0
1783928809.7,18700,32624,299,287.0,73.0,3191.0
1783928810.3,18700,32624,299,309.0,73.0,3207.0
1783928810.9,18700,32624,299,303.0,73.0,3199.0
1783928811.5,18700,32624,316,87.0,73.0,3234.0
1783928812.1,18707,32624,316,279.0,71.0,3094.0
1783928812.7,18707,32624,316,291.0,72.0,3198.0
1783928813.2,18707,32624,316,303.0,72.0,3210.0
1783928813.8,18707,32624,316,292.0,73.0,3200.0
1783928814.4,18707,32624,316,310.0,73.0,3253.0
1783928815.0,18707,32624,316,309.0,73.0,3236.0
1783928815.6,18707,32624,316,313.0,73.0,3249.0
1783928816.2,18707,32624,316,314.0,73.0,3240.0
1783928816.8,18707,32624,316,311.0,73.0,3238.0
1783928817.4,18707,32624,316,284.0,73.0,3181.0
1783928818.0,18707,32624,316,307.0,73.0,3221.0
1783928818.6,18707,32624,316,290.0,73.0,3198.0
1783928819.2,18707,32624,316,307.0,73.0,3259.0
1783928819.7,18707,32624,316,302.0,73.0,3209.0
1783928820.3,18707,32624,316,289.0,73.0,3211.0
1783928820.9,18707,32624,316,313.0,73.0,3254.0
1783928821.5,18707,32624,316,292.0,73.0,3211.0
1783928822.1,18707,32624,299,278.0,73.0,3209.0
1783928822.7,18707,32624,299,292.0,73.0,3186.0
1783928823.3,18707,32624,299,301.0,73.0,3195.0
1783928823.9,18707,32624,299,325.0,73.0,3263.0
1783928824.5,18707,32624,299,308.0,73.0,3238.0
1783928825.1,18707,32624,299,298.0,73.0,3213.0
1783928825.7,18707,32624,299,280.0,73.0,3186.0
1783928826.3,18707,32624,310,309.0,73.0,3229.0
1783928826.8,18707,32624,310,292.0,73.0,3212.0
1783928827.4,18707,32624,310,274.0,73.0,3208.0
1783928828.0,18707,32624,310,298.0,73.0,3215.0
1783928828.6,18707,32624,310,308.0,73.0,3227.0
1783928829.2,18707,32624,310,284.0,73.0,3180.0
1783928829.8,18707,32624,310,306.0,73.0,3217.0
1783928830.4,18707,32624,310,292.0,73.0,3214.0
1783928831.0,18707,32624,310,298.0,73.0,3213.0
1783928831.6,18707,32624,310,305.0,73.0,3232.0
1783928832.2,18707,32624,310,294.0,73.0,3191.0
1783928832.7,18707,32624,310,299.0,73.0,3229.0
1783928833.3,18707,32624,310,302.0,73.0,3236.0
1783928833.9,18699,32624,308,308.0,73.0,3236.0
1783928834.5,18699,32624,308,308.0,73.0,3190.0
1783928835.1,18699,32624,308,302.0,73.0,3208.0
1783928835.7,18699,32624,306,309.0,73.0,3227.0
1783928836.3,18699,32624,306,315.0,73.0,3190.0
1783928836.9,18699,32624,295,309.0,73.0,3240.0
1783928837.5,18699,32624,295,299.0,73.0,3231.0
1783928838.1,18699,32624,295,320.0,73.0,3203.0
1783928838.7,18699,32624,295,314.0,73.0,3246.0
1783928839.3,18699,32624,295,308.0,73.0,3225.0
1783928839.9,18699,32624,295,324.0,73.0,3216.0
1783928840.4,18699,32624,295,293.0,73.0,3214.0
1783928841.0,18699,32624,295,295.0,73.0,3202.0
1783928841.6,18699,32624,306,292.0,73.0,3212.0
1783928842.2,18699,32624,306,276.0,73.0,3176.0
1783928842.8,18699,32624,306,297.0,73.0,3199.0
1783928843.4,18699,32624,306,306.0,73.0,3228.0
1783928844.0,18699,32624,306,297.0,73.0,3202.0
1783928844.6,18699,32624,306,303.0,73.0,3233.0
1783928845.2,18699,32624,306,311.0,73.0,3210.0
1783928845.8,18699,32624,299,223.0,72.0,2777.0
1783928846.4,18699,32624,299,303.0,72.0,3228.0
1783928846.9,18699,32624,299,309.0,73.0,3233.0
1783928847.5,18699,32624,299,307.0,72.0,3221.0
1783928848.1,18699,32624,299,289.0,73.0,3191.0
1783928848.7,18699,32624,299,301.0,72.0,3216.0
1783928849.3,18699,32624,299,314.0,72.0,3235.0
1783928849.9,18699,32624,299,319.0,73.0,3249.0
1783928850.5,18699,32624,299,277.0,72.0,3199.0
1783928851.1,18699,32624,299,300.0,72.0,3215.0
1783928851.7,18699,32624,299,307.0,72.0,3226.0
1783928852.3,18699,32624,295,262.0,72.0,3215.0
1783928852.9,18699,32624,295,303.0,73.0,3218.0
1783928853.4,18699,32624,295,301.0,73.0,3229.0
1783928854.0,18699,32624,295,310.0,72.0,3236.0
1783928854.6,18699,32624,295,299.0,73.0,3199.0
1783928855.2,18699,32624,295,318.0,73.0,3214.0
1783928855.8,18699,32624,295,293.0,72.0,3206.0
1783928856.4,18699,32624,306,294.0,72.0,3212.0
1783928857.0,18699,32624,306,300.0,72.0,3245.0
1783928857.6,18699,32624,306,299.0,72.0,3204.0
1783928858.2,18699,32624,306,287.0,72.0,3183.0
1783928858.8,18699,32624,306,309.0,72.0,3239.0
1783928859.4,18699,32624,306,292.0,72.0,3227.0
1783928860.0,18699,32624,306,241.0,72.0,3199.0
1783928860.6,18699,32624,306,299.0,73.0,3182.0
1783928861.1,18699,32624,306,303.0,72.0,3239.0
1783928861.7,18699,32624,306,291.0,72.0,3204.0
1783928862.3,18699,32624,306,305.0,72.0,3205.0
1783928862.9,18699,32624,306,278.0,72.0,3182.0
1783928863.5,18699,32624,306,307.0,72.0,3222.0
1783928864.1,18699,32624,306,303.0,72.0,3231.0
1783928864.7,18699,32624,306,310.0,73.0,3208.0
1783928865.3,18699,32624,306,310.0,73.0,3236.0
1783928865.9,18699,32624,306,333.0,73.0,3240.0
1783928866.5,18699,32624,306,299.0,73.0,3219.0
1783928867.1,18699,32624,301,229.0,72.0,2716.0
1783928867.7,18699,32624,301,306.0,71.0,3253.0
1783928868.3,18699,32624,301,265.0,72.0,3199.0
1783928868.8,18699,32624,301,299.0,72.0,3232.0
1783928869.4,18699,32624,301,313.0,72.0,3201.0
1783928870.0,18699,32624,301,296.0,72.0,3203.0
1783928870.6,18699,32624,301,312.0,72.0,3240.0
1783928871.2,18699,32624,306,298.0,72.0,3206.0
1783928871.8,18699,32624,306,292.0,72.0,3205.0
1783928872.4,18699,32624,306,299.0,72.0,3200.0
1783928873.0,18699,32624,306,312.0,73.0,3241.0
1783928873.6,18699,32624,306,306.0,73.0,3233.0
1783928874.2,18699,32624,306,313.0,72.0,3224.0
1783928874.8,18699,32624,306,303.0,72.0,3210.0
1783928875.3,18699,32624,306,308.0,73.0,3236.0
1783928875.9,18699,32624,306,312.0,73.0,3221.0
1783928876.5,18699,32624,306,306.0,73.0,3242.0
1783928877.1,18699,32624,299,44.0,72.0,0.0
1783928877.7,18699,32624,299,318.0,72.0,3207.0
1783928878.3,18699,32624,299,302.0,72.0,3198.0
1783928878.9,18699,32624,299,297.0,72.0,3227.0
1783928879.5,18699,32624,299,322.0,72.0,3216.0
1783928880.1,18699,32624,299,300.0,72.0,3212.0
1783928880.7,18699,32624,299,291.0,73.0,3210.0
1783928881.3,18699,32624,299,281.0,72.0,3207.0
1783928881.8,18699,32624,295,300.0,73.0,3235.0
1783928882.4,18699,32624,295,284.0,73.0,3192.0
1783928883.0,18699,32624,295,288.0,73.0,3208.0
1783928883.6,18699,32624,295,297.0,73.0,3225.0
1783928884.2,18699,32624,295,299.0,73.0,3223.0
1783928884.8,18699,32624,295,301.0,73.0,3219.0
1783928885.4,18699,32624,295,305.0,73.0,3225.0
1783928886.0,18699,32624,295,285.0,73.0,3192.0
1783928886.6,18699,32624,306,293.0,72.0,3198.0
1783928887.2,18699,32624,306,308.0,72.0,3212.0
1783928887.8,18699,32624,306,310.0,73.0,3255.0
1783928888.4,18699,32624,306,290.0,73.0,3198.0
1783928889.0,18699,32624,306,321.0,73.0,3217.0
1783928889.5,18699,32624,306,294.0,73.0,3227.0
1783928890.1,18699,32624,306,292.0,73.0,3214.0
1783928890.7,18699,32624,306,302.0,72.0,3200.0
1783928891.3,18699,32624,306,310.0,73.0,3231.0
1783928891.9,18699,32624,306,302.0,73.0,3226.0
1783928892.5,18699,32624,306,264.0,73.0,3205.0
1783928893.1,18699,32624,306,307.0,73.0,3232.0
1783928893.7,18699,32624,306,304.0,72.0,3204.0
1783928894.3,18699,32624,306,291.0,73.0,3190.0
1783928894.9,18699,32624,306,301.0,73.0,3225.0
1783928895.5,18699,32624,306,306.0,73.0,3212.0
1783928896.1,18699,32624,306,264.0,73.0,3192.0
1783928896.7,18699,32624,306,308.0,73.0,3225.0
1783928897.2,18699,32624,295,304.0,72.0,3218.0
1783928897.8,18699,32624,295,275.0,73.0,3216.0
1783928898.4,18699,32624,295,308.0,72.0,3240.0
1783928899.0,18699,32624,295,306.0,73.0,3222.0
1783928899.6,18699,32624,295,311.0,72.0,3196.0
1783928900.2,18699,32624,295,303.0,73.0,3225.0
1783928900.8,18699,32624,295,302.0,72.0,3231.0
1783928901.4,18699,32624,306,313.0,72.0,3236.0
1783928902.0,18699,32624,306,307.0,73.0,3242.0
1783928902.6,18699,32624,306,307.0,73.0,3228.0
1783928903.2,18699,32624,306,310.0,73.0,3232.0
1783928903.7,18699,32624,306,309.0,73.0,3243.0
1783928904.3,18699,32624,306,303.0,73.0,3204.0
1783928904.9,18699,32624,306,323.0,72.0,3208.0
1783928905.5,18699,32624,306,299.0,73.0,3228.0
1783928906.1,18699,32624,306,305.0,73.0,3213.0
1783928906.7,18699,32624,306,307.0,73.0,3229.0
1783928907.3,18699,32624,306,314.0,73.0,3244.0
1783928907.9,18699,32624,306,295.0,73.0,3189.0
1783928908.5,18699,32624,306,283.0,72.0,3206.0
1783928909.1,18699,32624,306,303.0,72.0,3232.0
1783928909.7,18699,32624,306,302.0,73.0,3216.0
1783928910.3,18699,32624,306,315.0,73.0,3209.0
1783928910.9,18699,32624,306,307.0,72.0,3227.0
1783928911.4,18699,32624,306,311.0,73.0,3245.0
1783928912.0,18699,32624,295,325.0,73.0,3218.0
1783928912.6,18699,32624,295,311.0,73.0,3239.0
1783928913.2,18699,32624,295,293.0,73.0,3223.0
1783928913.8,18699,32624,295,290.0,73.0,3196.0
1783928914.4,18699,32624,295,228.0,73.0,3183.0
1783928915.0,18699,32624,295,303.0,73.0,3218.0
1783928915.6,18699,32624,295,287.0,73.0,3181.0
1783928916.2,18699,32624,306,279.0,73.0,3222.0
1783928916.8,18699,32624,306,295.0,73.0,3204.0
1783928917.4,18699,32624,306,291.0,73.0,3213.0
1783928918.0,18699,32624,306,265.0,73.0,3205.0
1783928918.5,18699,32624,306,294.0,73.0,3237.0
1783928919.1,18699,32624,306,308.0,73.0,3238.0
1783928919.7,18699,32624,306,307.0,73.0,3216.0
1783928920.3,18699,32624,306,304.0,73.0,3206.0
1783928920.9,18699,32624,306,307.0,73.0,3239.0
1783928921.5,18699,32624,306,310.0,73.0,3233.0
1783928922.1,18699,32624,306,267.0,73.0,3185.0
1783928922.7,18699,32624,306,300.0,73.0,3225.0
1783928923.3,18699,32624,306,298.0,73.0,3211.0
1783928923.9,18699,32624,306,303.0,72.0,3217.0
1783928924.5,18699,32624,306,315.0,73.0,3242.0
1783928925.0,18699,32624,306,307.0,73.0,3226.0
1783928925.6,18699,32624,306,295.0,73.0,3233.0
1783928926.2,18699,32624,306,272.0,73.0,3195.0
1783928926.8,18699,32624,295,308.0,73.0,3249.0
1783928927.4,18699,32624,295,290.0,73.0,3202.0
1783928928.0,18699,32624,295,301.0,73.0,3219.0
1783928928.6,18699,32624,295,302.0,73.0,3222.0
1783928929.2,18699,32624,295,299.0,73.0,3204.0
1783928929.8,18699,32624,295,303.0,73.0,3234.0
1783928930.4,18699,32624,295,301.0,73.0,3220.0
1783928931.0,18699,32624,295,292.0,73.0,3207.0
1783928931.6,18699,32624,306,291.0,73.0,3205.0
1783928932.2,18699,32624,306,262.0,73.0,3202.0
1783928932.8,18699,32624,306,305.0,73.0,3222.0
1783928933.3,18699,32624,306,303.0,73.0,3216.0
1783928933.9,18699,32624,306,305.0,73.0,3217.0
1783928934.5,18699,32624,306,280.0,73.0,3217.0
1783928935.1,18699,32624,306,301.0,73.0,3218.0
1783928935.7,18699,32624,297,46.0,73.0,0.0
1783928936.3,18699,32624,297,252.0,71.0,3041.0
1783928936.9,18699,32624,297,302.0,72.0,3244.0
1783928937.5,18699,32624,297,177.0,73.0,3212.0
1783928938.1,18699,32624,297,317.0,72.0,3251.0
1783928938.7,18699,32624,297,290.0,72.0,3203.0
1783928939.2,18699,32624,297,307.0,72.0,3225.0
1783928939.8,18699,32624,297,311.0,73.0,3208.0
1783928940.4,18699,32624,297,299.0,73.0,3210.0
1783928941.0,18699,32624,297,302.0,72.0,3225.0
1783928941.6,18699,32624,297,306.0,72.0,3248.0
1783928942.2,18699,32624,293,311.0,73.0,3236.0
1783928942.8,18699,32624,293,295.0,73.0,3219.0
1783928943.4,18699,32624,293,278.0,73.0,3191.0
1783928944.0,18699,32624,293,303.0,73.0,3203.0
1783928944.6,18699,32624,293,300.0,73.0,3228.0
1783928945.2,18699,32624,293,316.0,73.0,3222.0
1783928945.7,18699,32624,293,316.0,73.0,3244.0
1783928946.3,18699,32624,304,297.0,73.0,3201.0
1783928946.9,18699,32624,304,316.0,73.0,3227.0
1783928947.5,18699,32624,304,309.0,73.0,3238.0
1783928948.1,18699,32624,304,267.0,73.0,3206.0
1783928948.7,18699,32624,304,302.0,73.0,3216.0
1783928949.3,18699,32624,304,282.0,73.0,3161.0
1783928949.9,18699,32624,304,324.0,72.0,3219.0
1783928950.5,18699,32624,304,302.0,73.0,3233.0
1783928951.1,18699,32624,304,300.0,73.0,3233.0
1783928951.7,18699,32624,304,268.0,73.0,3180.0
1783928952.2,18699,32624,304,322.0,73.0,3213.0
1783928952.8,18699,32624,304,294.0,73.0,3198.0
1783928953.4,18699,32624,304,273.0,73.0,3204.0
1783928954.0,18699,32624,304,301.0,73.0,3218.0
1783928954.6,18699,32624,304,316.0,73.0,3234.0
1783928955.2,18699,32624,304,310.0,73.0,3231.0
1783928955.8,18699,32624,304,305.0,73.0,3209.0
1783928956.4,18699,32624,304,313.0,73.0,3236.0
1783928957.0,18699,32624,293,294.0,73.0,3189.0
1783928957.6,18699,32624,293,304.0,73.0,3182.0
1783928958.2,18699,32624,293,299.0,73.0,3215.0
1783928958.8,18699,32624,293,302.0,73.0,3216.0
1783928959.4,18699,32624,293,259.0,73.0,3211.0
1783928960.0,18699,32624,293,318.0,73.0,3253.0
1783928960.6,18699,32624,293,309.0,73.0,3234.0
1783928961.1,18699,32624,293,307.0,73.0,3236.0
1783928961.7,18699,32624,306,288.0,73.0,3209.0
1783928962.3,18699,32624,306,286.0,73.0,3202.0
1783928962.9,18699,32624,306,300.0,73.0,3206.0
1783928963.5,18699,32624,306,303.0,73.0,3226.0
1783928964.1,18699,32624,306,314.0,73.0,3215.0
1783928964.7,18699,32624,306,311.0,73.0,3206.0
1783928965.3,18699,32624,306,303.0,73.0,3215.0
1783928965.9,18699,32624,306,297.0,73.0,3217.0
1783928966.5,18699,32624,306,222.0,73.0,3189.0
1783928967.1,18699,32624,306,288.0,73.0,3223.0
1783928967.7,18699,32624,306,293.0,73.0,3218.0
1783928968.2,18699,32624,306,302.0,73.0,3205.0
1783928968.8,18699,32624,306,310.0,73.0,3233.0
1783928969.4,18699,32624,306,308.0,73.0,3239.0
1783928970.0,18699,32624,306,285.0,73.0,3199.0
1783928970.6,18699,32624,306,306.0,73.0,3234.0
1783928971.2,18699,32624,306,309.0,73.0,3231.0
1783928971.8,18699,32624,295,305.0,73.0,3248.0
1783928972.4,18699,32624,295,292.0,73.0,3201.0
1783928973.0,18699,32624,295,273.0,73.0,3200.0
1783928973.6,18699,32624,295,295.0,73.0,3227.0
1783928974.2,18699,32624,295,304.0,73.0,3216.0
1783928974.8,18699,32624,295,308.0,73.0,3244.0
1783928975.4,18699,32624,295,311.0,73.0,3248.0
1783928976.0,18699,32624,295,319.0,73.0,3223.0
1783928976.6,18699,32624,306,297.0,73.0,3194.0
1783928977.2,18699,32624,306,311.0,73.0,3258.0
1783928977.7,18699,32624,306,303.0,73.0,3207.0
1783928978.3,18699,32624,306,308.0,73.0,3211.0
1783928978.9,18699,32624,306,304.0,73.0,3232.0
1783928979.5,18699,32624,306,303.0,73.0,3221.0
1783928980.1,18699,32624,306,277.0,73.0,3181.0
1783928980.7,18699,32624,306,314.0,73.0,3250.0
1783928981.3,18699,32624,306,301.0,73.0,3214.0
1783928981.9,18699,32624,306,303.0,73.0,3194.0
1783928982.5,18699,32624,306,314.0,73.0,3242.0
1783928983.1,18699,32624,306,313.0,73.0,3236.0
1783928983.7,18699,32624,306,302.0,73.0,3213.0
1783928984.3,18699,32624,306,269.0,73.0,3194.0
1783928984.8,18699,32624,306,298.0,73.0,3213.0
1783928985.4,18699,32624,306,302.0,73.0,3244.0
1783928986.0,18699,32624,306,257.0,73.0,3224.0
1783928986.6,18699,32624,306,306.0,73.0,3254.0
1783928987.2,18699,32624,295,295.0,73.0,3210.0
1783928987.8,18703,32624,297,297.0,73.0,3201.0
1783928988.4,18703,32624,297,299.0,73.0,3223.0
1783928989.0,18703,32624,297,307.0,73.0,3234.0
1783928989.6,18703,32624,297,304.0,73.0,3214.0
1783928990.2,18703,32624,297,296.0,73.0,3230.0
1783928990.8,18703,32624,297,298.0,73.0,3215.0
1783928991.4,18703,32624,308,306.0,73.0,3221.0
1783928992.0,18703,32624,308,282.0,73.0,3209.0
1783928992.6,18703,32624,308,306.0,73.0,3244.0
1783928993.1,18703,32624,306,301.0,73.0,3228.0
1783928993.7,18703,32624,306,279.0,73.0,3176.0
1783928994.3,18703,32624,306,298.0,73.0,3232.0
1783928994.9,18703,32624,306,289.0,73.0,3202.0
1783928995.5,18703,32624,306,313.0,73.0,3211.0
1783928996.1,18703,32624,306,299.0,73.0,3214.0
1783928996.7,18703,32624,306,304.0,73.0,3226.0
1783928997.3,18703,32624,306,301.0,73.0,3209.0
1783928997.9,18703,32624,306,310.0,73.0,3182.0
1783928998.5,18703,32624,306,287.0,73.0,3164.0
1783928999.1,18703,32624,306,301.0,73.0,3215.0
1783928999.7,18703,32624,306,311.0,73.0,3231.0
1783929000.2,18703,32624,306,273.0,73.0,3199.0
1783929000.8,18703,32624,306,303.0,73.0,3226.0
1783929001.4,18703,32624,306,308.0,73.0,3223.0
1783929002.0,18703,32624,295,304.0,73.0,3213.0
1783929002.6,18703,32624,295,327.0,73.0,3218.0
1783929003.2,18703,32624,295,306.0,73.0,3243.0
1783929003.8,18703,32624,295,309.0,73.0,3241.0
1783929004.4,18703,32624,295,281.0,73.0,3174.0
1783929005.0,18703,32624,295,306.0,73.0,3219.0
1783929005.6,18703,32624,295,305.0,73.0,3243.0
1783929006.2,18703,32624,295,306.0,73.0,3239.0
1783929006.8,18703,32624,306,311.0,73.0,3237.0
1783929007.3,18703,32624,306,283.0,73.0,3230.0
1783929007.9,18703,32624,306,305.0,73.0,3223.0
1783929008.5,18703,32624,306,310.0,73.0,3228.0
1783929009.1,18703,32624,306,303.0,73.0,3227.0
1783929009.7,18703,32624,306,282.0,73.0,3195.0
1783929010.3,18703,32624,306,295.0,73.0,3210.0
1783929010.9,18703,32624,306,295.0,73.0,3226.0
1783929011.5,18703,32624,306,306.0,73.0,3215.0
1783929012.1,18703,32624,306,277.0,73.0,3184.0
1783929012.7,18703,32624,306,304.0,73.0,3217.0
1783929013.3,18703,32624,306,299.0,73.0,3220.0
1783929013.8,18706,32624,308,302.0,73.0,3214.0
1783929014.4,18706,32624,308,288.0,73.0,3195.0
1783929015.0,18706,32624,308,309.0,73.0,3243.0
1783929015.6,18704,32624,304,295.0,73.0,3224.0
1783929016.2,18704,32624,304,306.0,73.0,3232.0
1783929016.8,18704,32624,304,300.0,73.0,3223.0
1783929017.4,18704,32624,293,301.0,73.0,3203.0
1783929018.0,18704,32624,293,319.0,73.0,3229.0
1783929018.6,18704,32624,293,307.0,73.0,3196.0
1783929019.2,18704,32624,293,299.0,73.0,3217.0
1783929019.8,18704,32624,293,291.0,73.0,3240.0
1783929020.3,18704,32624,293,310.0,73.0,3216.0
1783929020.9,18704,32624,293,282.0,73.0,3196.0
1783929021.5,18704,32624,304,307.0,73.0,3216.0
1783929022.1,18704,32624,304,302.0,73.0,3213.0
1783929022.7,18704,32624,304,301.0,73.0,3206.0
1783929023.3,18704,32624,304,312.0,73.0,3220.0
1783929023.9,18704,32624,304,160.0,73.0,3185.0
1783929024.5,18704,32624,299,282.0,72.0,2731.0
1783929025.1,18704,32624,299,304.0,72.0,3234.0
1783929025.7,18704,32624,299,288.0,72.0,3195.0
1783929026.3,18704,32624,299,308.0,73.0,3227.0
1783929026.8,18704,32624,299,297.0,72.0,3187.0
1783929027.4,18704,32624,299,282.0,73.0,3184.0
1783929028.0,18704,32624,299,304.0,73.0,3242.0
1783929028.6,18704,32624,299,305.0,73.0,3231.0
1783929029.2,18704,32624,299,303.0,73.0,3238.0
1783929029.8,18704,32624,299,260.0,72.0,3211.0
1783929030.4,18704,32624,299,320.0,73.0,3265.0
1783929031.0,18704,32624,299,312.0,73.0,3234.0
1783929031.6,18704,32624,299,285.0,73.0,3227.0
1783929032.1,18704,32624,294,306.0,73.0,3231.0
1783929032.7,18704,32624,294,308.0,73.0,3217.0
1783929033.3,18704,32624,294,310.0,73.0,3245.0
1783929033.9,18704,32624,294,311.0,73.0,3256.0
1783929034.5,18704,32624,294,292.0,73.0,3200.0
1783929035.1,18704,32624,294,300.0,73.0,3219.0
1783929035.7,18704,32624,294,302.0,73.0,3229.0
1783929036.3,18704,32624,306,277.0,73.0,3204.0
1783929036.9,18704,32624,306,300.0,73.0,3220.0
1783929037.5,18704,32624,306,310.0,73.0,3211.0
1783929038.1,18704,32624,306,303.0,73.0,3228.0
1783929038.7,18704,32624,306,294.0,73.0,3202.0
1783929039.3,18704,32624,306,305.0,73.0,3180.0
1783929039.8,18704,32624,306,307.0,73.0,3224.0
1783929040.4,18704,32624,306,307.0,73.0,3219.0
1783929041.0,18704,32624,306,315.0,73.0,3159.0
1783929041.6,18704,32624,306,293.0,73.0,3222.0
1783929042.2,18704,32624,306,303.0,73.0,3231.0
1783929042.8,18704,32624,306,282.0,73.0,3224.0
1783929043.4,18704,32624,306,310.0,73.0,3212.0
1783929044.0,18704,32624,306,307.0,73.0,3259.0
1783929044.6,18704,32624,306,287.0,73.0,3234.0
1783929045.2,18704,32624,306,266.0,72.0,3197.0
1783929045.7,18704,32624,306,305.0,73.0,3209.0
1783929046.3,18704,32624,306,305.0,73.0,3238.0
1783929046.9,18704,32624,294,273.0,73.0,3200.0
1783929047.5,18704,32624,294,297.0,73.0,3223.0
1783929048.1,18704,32624,294,303.0,73.0,3219.0
1783929048.7,18704,32624,294,280.0,73.0,3175.0
1783929049.3,18704,32624,294,301.0,73.0,3201.0
1783929049.9,18704,32624,294,298.0,73.0,3220.0
1783929050.5,18704,32624,294,292.0,73.0,3183.0
1783929051.1,18704,32624,294,311.0,73.0,3245.0
1783929051.7,18704,32624,306,303.0,73.0,3234.0
1783929052.3,18704,32624,306,327.0,73.0,3270.0
1783929052.8,18704,32624,306,306.0,73.0,3218.0
1783929053.4,18704,32624,306,303.0,73.0,3220.0
1783929054.0,18704,32624,306,284.0,73.0,3207.0
1783929054.6,18704,32624,306,304.0,73.0,3224.0
1783929055.2,18704,32624,306,296.0,73.0,3244.0
1783929055.8,18704,32624,306,308.0,73.0,3203.0
1783929056.4,18704,32624,306,300.0,73.0,3209.0
1783929057.0,18704,32624,306,299.0,73.0,3224.0
1783929057.6,18704,32624,306,310.0,73.0,3186.0
1783929058.2,18704,32624,306,317.0,73.0,3233.0
1783929058.8,18704,32624,306,310.0,73.0,3232.0
1783929059.4,18704,32624,306,287.0,73.0,3211.0
1783929059.9,18704,32624,306,300.0,73.0,3246.0
1783929060.5,18704,32624,306,306.0,73.0,3260.0
1783929061.1,18704,32624,306,307.0,73.0,3234.0
1783929061.7,18704,32624,306,305.0,73.0,3205.0
1783929062.3,18704,32624,294,310.0,73.0,3231.0
1783929062.9,18704,32624,294,278.0,73.0,3187.0
1783929063.5,18704,32624,294,306.0,73.0,3227.0
1783929064.1,18704,32624,294,308.0,73.0,3223.0
1783929064.7,18704,32624,294,306.0,73.0,3234.0
1783929065.3,18704,32624,294,316.0,73.0,3224.0
1783929065.9,18704,32624,294,306.0,73.0,3244.0
1783929066.5,18704,32624,306,296.0,73.0,3217.0
1783929067.1,18704,32624,306,289.0,73.0,3209.0
1783929067.6,18704,32624,306,297.0,73.0,3225.0
1783929068.2,18704,32624,306,301.0,73.0,3231.0
1783929068.8,18704,32624,306,315.0,73.0,3197.0
1783929069.4,18704,32624,306,293.0,73.0,3222.0
1783929070.0,18704,32624,306,307.0,73.0,3234.0
1783929070.6,18704,32624,306,306.0,73.0,3200.0
1783929071.2,18704,32624,306,290.0,73.0,3218.0
1783929071.8,18704,32624,306,312.0,73.0,3254.0
1783929072.4,18704,32624,306,304.0,73.0,3218.0
1783929073.0,18704,32624,306,290.0,73.0,3204.0
1783929073.6,18704,32624,306,304.0,73.0,3225.0
1783929074.2,18704,32624,306,299.0,73.0,3232.0
1783929074.7,18704,32624,306,314.0,73.0,3222.0
1783929075.3,18704,32624,306,289.0,73.0,3190.0
1783929075.9,18704,32624,306,302.0,73.0,3235.0
1783929076.5,18704,32624,306,292.0,73.0,3204.0
1783929077.1,18704,32624,294,321.0,73.0,3271.0
1783929077.7,18704,32624,294,285.0,74.0,3213.0
1783929078.3,18704,32624,294,293.0,73.0,3184.0
1783929078.9,18704,32624,294,302.0,73.0,3205.0
1783929079.5,18704,32624,294,312.0,73.0,3209.0
1783929080.1,18704,32624,294,298.0,73.0,3232.0
1783929080.7,18704,32624,294,300.0,73.0,3218.0
1783929081.3,18704,32624,311,58.0,73.0,109.0
1783929081.9,721,32624,103,33.0,71.0,0.0
1783929082.4,708,32624,82,30.0,70.0,6.0
1783929083.0,719,32624,82,33.0,69.0,0.0
1783929083.6,719,32624,82,16.0,68.0,0.0
1783929084.2,719,32624,82,16.0,68.0,0.0
1783929084.8,15807,32624,82,22.0,67.0,0.0
1783929085.4,15807,32624,82,33.0,67.0,0.0
1783929086.0,15807,32624,82,32.0,67.0,0.0
1783929086.6,15807,32624,82,30.0,67.0,0.0
1783929087.2,15807,32624,82,31.0,66.0,0.0
1783929087.8,18005,32624,83,51.0,66.0,61.0
1783929088.4,18673,32624,291,32.0,66.0,0.0
1783929089.0,18681,32624,294,171.0,66.0,2307.0
1783929089.5,18681,32624,294,319.0,67.0,3280.0
1783929090.1,18681,32624,294,312.0,68.0,3246.0
1783929090.7,18681,32624,294,308.0,68.0,3257.0
1783929091.3,18681,32624,294,283.0,69.0,3209.0
1783929091.9,18681,32624,292,307.0,69.0,3278.0
1783929092.5,18681,32624,292,303.0,69.0,3238.0
1783929093.1,18681,32624,292,311.0,69.0,3270.0
1783929093.7,18681,32624,292,315.0,69.0,3254.0
1783929094.3,18681,32624,292,287.0,69.0,3223.0
1783929094.9,18681,32624,292,302.0,69.0,3266.0
1783929095.5,18681,32624,292,308.0,69.0,3273.0
1783929096.1,18681,32624,292,315.0,69.0,3237.0
1783929096.6,18681,32624,304,307.0,69.0,3237.0
1783929097.2,18681,32624,304,292.0,70.0,3255.0
1783929097.8,18681,32624,304,308.0,70.0,3222.0
1783929098.4,18681,32624,304,283.0,70.0,3210.0
1783929099.0,18681,32624,304,296.0,70.0,3232.0
1783929099.6,18681,32624,304,277.0,70.0,3231.0
1783929100.2,18681,32624,304,305.0,70.0,3249.0
1783929100.8,18681,32624,304,297.0,70.0,3251.0
1783929101.4,18681,32624,304,288.0,70.0,3207.0
1783929102.0,18681,32624,304,297.0,70.0,3224.0
1783929102.5,18681,32624,304,304.0,70.0,3241.0
1783929103.1,18681,32624,304,276.0,70.0,3213.0
1783929103.7,18681,32624,304,306.0,70.0,3258.0
1783929104.3,18681,32624,304,291.0,70.0,3225.0
1783929104.9,18681,32624,304,275.0,70.0,3187.0
1783929105.5,18681,32624,304,301.0,70.0,3226.0
1783929106.1,18681,32624,304,305.0,71.0,3244.0
1783929106.7,18681,32624,304,287.0,71.0,3202.0
1783929107.3,18681,32624,292,301.0,71.0,3266.0
1783929107.9,18681,32624,292,304.0,71.0,3248.0
1783929108.4,18681,32624,292,283.0,71.0,3222.0
1783929109.0,18681,32624,292,305.0,71.0,3243.0
1783929109.6,18681,32624,292,305.0,71.0,3280.0
1783929110.2,18681,32624,292,309.0,71.0,3227.0
1783929110.8,18681,32624,292,291.0,71.0,3220.0
1783929111.4,18681,32624,303,303.0,71.0,3233.0
1783929112.0,18681,32624,303,295.0,71.0,3241.0
1783929112.6,18681,32624,303,286.0,71.0,3187.0
1783929113.2,18681,32624,303,297.0,71.0,3242.0
1783929113.8,18681,32624,303,305.0,71.0,3236.0
1783929114.3,18681,32624,303,308.0,71.0,3228.0
1783929114.9,18681,32624,303,297.0,71.0,3214.0
1783929115.5,18681,32624,303,294.0,71.0,3216.0
1783929116.1,18681,32624,303,301.0,71.0,3199.0
1783929116.7,18681,32624,303,308.0,71.0,3243.0
1783929117.3,18681,32624,303,306.0,71.0,3246.0
1783929117.9,18681,32624,303,315.0,71.0,3208.0
1783929118.5,18681,32624,303,290.0,71.0,3227.0
1783929119.1,18681,32624,303,289.0,71.0,3186.0
1783929119.7,18681,32624,303,299.0,71.0,3196.0
1783929120.3,18681,32624,303,266.0,71.0,3232.0
1783929120.8,18681,32624,303,308.0,71.0,3257.0
1783929121.4,18681,32624,303,300.0,71.0,3207.0
1783929122.0,18681,32624,292,270.0,71.0,3204.0
1783929122.6,18681,32624,292,303.0,71.0,3254.0
1783929123.2,18681,32624,292,305.0,71.0,3235.0
1783929123.8,18681,32624,292,289.0,71.0,3220.0
1783929124.4,18681,32624,292,290.0,71.0,3202.0
1783929125.0,18681,32624,292,308.0,71.0,3232.0
1783929125.6,18681,32624,292,297.0,71.0,3216.0
1783929126.2,18681,32624,292,314.0,71.0,3255.0
1783929126.8,18681,32624,303,309.0,71.0,3228.0
1783929127.3,18681,32624,303,301.0,72.0,3224.0
1783929127.9,18681,32624,303,287.0,72.0,3228.0
1783929128.5,18682,32624,303,306.0,72.0,3217.0
1783929129.1,18682,32624,303,300.0,72.0,3240.0
1783929129.7,18682,32624,303,305.0,72.0,3228.0
1783929130.3,18682,32624,303,267.0,72.0,3217.0
1783929130.9,18682,32624,303,305.0,72.0,3236.0
1783929131.5,18682,32624,303,299.0,72.0,3235.0
1783929132.1,18682,32624,303,272.0,72.0,3191.0
1783929132.7,18682,32624,303,294.0,72.0,3220.0
1783929133.3,18682,32624,303,303.0,72.0,3216.0
1783929133.8,18682,32624,296,139.0,71.0,855.0
1783929134.4,18687,32624,296,310.0,71.0,3239.0
1783929135.0,18687,32624,296,298.0,71.0,3220.0
1783929135.6,18687,32624,296,307.0,71.0,3232.0
1783929136.2,18687,32624,296,263.0,72.0,3206.0
1783929136.8,18687,32624,296,306.0,72.0,3250.0
1783929137.4,18687,32624,292,296.0,72.0,3233.0
1783929138.0,18687,32624,292,301.0,72.0,3271.0
1783929138.6,18687,32624,292,295.0,72.0,3223.0
1783929139.2,18687,32624,292,307.0,72.0,3218.0
1783929139.7,18687,32624,292,303.0,72.0,3223.0
1783929140.3,18687,32624,292,297.0,72.0,3217.0
1783929140.9,18687,32624,292,300.0,72.0,3232.0
1783929141.5,18687,32624,304,287.0,72.0,3200.0
1783929142.1,18687,32624,304,296.0,72.0,3186.0
1783929142.7,18687,32624,304,313.0,72.0,3226.0
1783929143.3,18687,32624,304,317.0,72.0,3204.0
1783929143.9,18687,32624,304,317.0,72.0,3257.0
1783929144.5,18687,32624,304,292.0,72.0,3230.0
1783929145.1,18687,32624,304,305.0,72.0,3199.0
1783929145.6,18687,32624,304,296.0,72.0,3200.0
1783929146.2,18687,32624,304,300.0,72.0,3241.0
1783929146.8,18687,32624,304,293.0,72.0,3192.0
1783929147.4,18687,32624,304,295.0,72.0,3209.0
1783929148.0,18687,32624,304,312.0,72.0,3249.0
1783929148.6,18687,32624,304,308.0,72.0,3223.0
1783929149.2,18687,32624,304,282.0,72.0,3180.0
1783929149.8,18687,32624,304,308.0,72.0,3199.0
1783929150.4,18687,32624,304,307.0,72.0,3210.0
1783929151.0,18687,32624,304,289.0,72.0,3212.0
1783929151.6,18687,32624,304,297.0,72.0,3218.0
1783929152.1,18687,32624,292,306.0,72.0,3213.0
1783929152.7,18687,32624,292,300.0,72.0,3218.0
1783929153.3,18687,32624,292,299.0,72.0,3198.0
1783929153.9,18687,32624,292,315.0,72.0,3233.0
1783929154.5,18687,32624,292,294.0,72.0,3225.0
1783929155.1,18687,32624,292,298.0,72.0,3213.0
1783929155.7,18687,32624,292,306.0,72.0,3214.0
1783929156.3,18687,32624,304,311.0,72.0,3220.0
1783929156.9,18687,32624,304,304.0,72.0,3237.0
1783929157.5,18687,32624,304,297.0,72.0,3209.0
1783929158.0,18687,32624,304,279.0,72.0,3211.0
1783929158.6,18687,32624,304,294.0,72.0,3226.0
1783929159.2,18687,32624,304,293.0,72.0,3184.0
1783929159.8,18687,32624,304,270.0,72.0,3182.0
1783929160.4,18687,32624,304,308.0,72.0,3228.0
1783929161.0,18687,32624,304,294.0,72.0,3202.0
1783929161.6,18687,32624,304,288.0,72.0,3200.0
1783929162.2,18687,32624,304,305.0,72.0,3226.0
1783929162.8,18687,32624,304,305.0,72.0,3226.0
1783929163.4,18687,32624,304,283.0,72.0,3202.0
1783929164.0,18687,32624,304,298.0,72.0,3179.0
1783929164.5,18691,32624,314,297.0,72.0,3221.0
1783929165.1,18691,32624,314,313.0,72.0,3198.0
1783929165.7,18691,32624,314,267.0,72.0,3197.0
1783929166.3,18691,32624,312,302.0,72.0,3221.0
1783929166.9,18691,32624,300,321.0,72.0,3213.0
1783929167.5,18691,32624,300,299.0,72.0,3210.0
1783929168.1,18691,32624,300,303.0,72.0,3222.0
1783929168.7,18691,32624,300,310.0,72.0,3220.0
1783929169.3,18691,32624,300,318.0,72.0,3242.0
1783929169.9,18691,32624,300,291.0,73.0,3211.0
1783929170.5,18691,32624,300,295.0,73.0,3198.0
1783929171.0,18691,32624,300,285.0,73.0,3203.0
1783929171.6,18691,32624,312,301.0,73.0,3229.0
1783929172.2,18691,32624,312,300.0,73.0,3227.0
1783929172.8,18691,32624,312,301.0,73.0,3229.0
1783929173.4,18691,32624,312,146.0,73.0,3221.0
1783929174.0,18691,32624,312,307.0,73.0,3238.0
1783929174.6,18691,32624,312,295.0,73.0,3209.0
1783929175.2,18691,32624,312,305.0,73.0,3204.0
1783929175.8,18691,32624,312,314.0,73.0,3218.0
1783929176.4,18691,32624,312,304.0,73.0,3233.0
1783929176.9,18691,32624,312,296.0,73.0,3223.0
1783929177.5,18691,32624,312,283.0,73.0,3198.0
1783929178.1,18700,32624,304,87.0,71.0,3204.0
1783929178.7,18700,32624,304,301.0,72.0,3213.0
1783929179.3,18700,32624,304,299.0,72.0,3228.0
1783929179.9,18700,32624,304,272.0,72.0,3194.0
1783929180.5,18700,32624,304,304.0,72.0,3235.0
1783929181.1,18700,32624,304,302.0,72.0,3215.0
1783929181.7,18700,32624,304,275.0,72.0,3195.0
1783929182.3,18700,32624,300,307.0,72.0,3249.0
1783929182.8,18700,32624,300,301.0,72.0,3221.0
1783929183.4,18700,32624,300,305.0,72.0,3193.0
1783929184.0,18700,32624,300,299.0,72.0,3216.0
1783929184.6,18700,32624,300,302.0,72.0,3213.0
1783929185.2,18700,32624,300,301.0,72.0,3221.0
1783929185.8,18700,32624,300,307.0,72.0,3229.0
1783929186.4,18700,32624,312,300.0,73.0,3228.0
1783929187.0,18700,32624,312,295.0,73.0,3194.0
1783929187.6,18700,32624,312,305.0,73.0,3227.0
1783929188.2,18700,32624,312,304.0,73.0,3228.0
1783929188.8,18700,32624,312,300.0,72.0,3221.0
1783929189.3,18700,32624,312,304.0,72.0,3232.0
1783929189.9,18700,32624,312,298.0,73.0,3198.0
1783929190.5,18700,32624,312,300.0,72.0,3227.0
1783929191.1,18700,32624,312,269.0,73.0,3214.0
1783929191.7,18700,32624,312,308.0,72.0,3242.0
1783929192.3,18700,32624,312,308.0,73.0,3217.0
1783929192.9,18700,32624,312,305.0,73.0,3221.0
1783929193.5,18700,32624,312,318.0,72.0,3230.0
1783929194.1,18700,32624,312,301.0,73.0,3222.0
1783929194.6,18700,32624,312,298.0,73.0,3205.0
1783929195.2,18700,32624,312,293.0,73.0,3204.0
1783929195.8,18700,32624,312,297.0,73.0,3216.0
1783929196.4,18700,32624,312,308.0,73.0,3211.0
1783929197.0,18700,32624,306,163.0,72.0,2388.0
1783929197.6,18700,32624,306,306.0,71.0,3249.0
1783929198.2,18700,32624,306,291.0,72.0,3227.0
1783929198.8,18700,32624,306,299.0,72.0,3199.0
1783929199.4,18700,32624,306,314.0,72.0,3243.0
1783929200.0,18700,32624,306,306.0,72.0,3239.0
1783929200.6,18700,32624,306,289.0,72.0,3167.0
1783929201.1,18700,32624,306,304.0,72.0,3221.0
1783929201.7,18700,32624,312,297.0,72.0,3198.0
1783929202.3,18700,32624,312,298.0,72.0,3217.0
1783929202.9,18700,32624,312,298.0,73.0,3179.0
1783929203.5,18700,32624,312,299.0,72.0,3213.0
1783929204.1,18700,32624,312,311.0,72.0,3272.0
1783929204.7,18700,32624,312,309.0,73.0,3193.0
1783929205.3,18700,32624,312,300.0,73.0,3212.0
1783929205.9,18700,32624,312,310.0,73.0,3231.0
1783929206.5,18700,32624,312,296.0,73.0,3209.0
1783929207.0,18700,32624,312,315.0,73.0,3240.0
1783929207.6,18700,32624,312,295.0,73.0,3211.0
1783929208.2,18700,32624,312,312.0,73.0,3204.0
1783929208.8,18700,32624,312,276.0,73.0,3217.0
1783929209.4,18700,32624,312,298.0,73.0,3218.0
1783929210.0,18700,32624,312,319.0,73.0,3214.0
1783929210.6,18700,32624,312,311.0,73.0,3223.0
1783929211.2,18700,32624,312,314.0,73.0,3220.0
1783929211.8,18700,32624,312,308.0,73.0,3210.0
1783929212.4,18700,32624,300,316.0,73.0,3262.0
1783929213.0,18700,32624,300,308.0,73.0,3237.0
1783929213.5,18700,32624,300,305.0,73.0,3213.0
1783929214.1,18700,32624,300,287.0,73.0,3196.0
1783929214.7,18700,32624,300,306.0,73.0,3229.0
1783929215.3,18700,32624,300,299.0,73.0,3210.0
1783929215.9,18700,32624,300,281.0,73.0,3206.0
1783929216.5,18700,32624,312,306.0,73.0,3194.0
1783929217.1,18700,32624,312,298.0,73.0,3236.0
1783929217.7,18700,32624,312,307.0,73.0,3224.0
1783929218.3,18700,32624,312,315.0,73.0,3223.0
1783929218.9,18700,32624,312,301.0,73.0,3229.0
1783929219.4,18700,32624,312,296.0,73.0,3215.0
1783929220.0,18700,32624,312,292.0,73.0,3185.0
1783929220.6,18700,32624,312,307.0,73.0,3255.0
1783929221.2,18700,32624,312,310.0,73.0,3233.0
1783929221.8,18700,32624,312,307.0,73.0,3209.0
1783929222.4,18700,32624,312,304.0,73.0,3197.0
1783929223.0,18700,32624,304,255.0,71.0,2937.0
1783929223.6,18700,32624,304,279.0,72.0,3197.0
1783929224.2,18700,32624,304,299.0,72.0,3226.0
1783929224.8,18700,32624,304,305.0,72.0,3228.0
1783929225.3,18700,32624,304,265.0,72.0,3207.0
1783929225.9,18700,32624,304,307.0,72.0,3232.0
1783929226.5,18700,32624,304,302.0,73.0,3210.0
1783929227.1,18700,32624,300,271.0,73.0,3192.0
1783929227.7,18700,32624,300,294.0,73.0,3195.0
1783929228.3,18700,32624,300,292.0,73.0,3182.0
1783929228.9,18700,32624,300,310.0,73.0,3217.0
1783929229.5,18700,32624,300,299.0,73.0,3219.0
1783929230.1,18700,32624,300,305.0,73.0,3233.0
1783929230.7,18700,32624,300,266.0,73.0,3221.0
1783929231.2,18700,32624,312,301.0,73.0,3228.0
1783929231.8,18700,32624,312,300.0,73.0,3212.0
1783929232.4,18700,32624,312,277.0,73.0,3191.0
1783929233.0,18700,32624,312,307.0,73.0,3234.0
1783929233.6,18700,32624,312,297.0,73.0,3201.0
1783929234.2,18700,32624,312,289.0,73.0,3196.0
1783929234.8,18700,32624,312,308.0,73.0,3237.0
1783929235.4,18700,32624,312,294.0,73.0,3183.0
1783929236.0,18700,32624,312,311.0,73.0,3203.0
1783929236.6,18700,32624,312,300.0,73.0,3206.0
1783929237.1,18700,32624,312,296.0,73.0,3205.0
1783929237.7,18700,32624,312,314.0,73.0,3229.0
1783929238.3,18700,32624,312,283.0,73.0,3161.0
1783929238.9,18700,32624,312,302.0,73.0,3213.0
1783929239.5,18700,32624,312,296.0,73.0,3232.0
1783929240.1,18700,32624,312,286.0,73.0,3207.0
1783929240.7,18700,32624,312,300.0,73.0,3216.0
1783929241.3,18700,32624,312,290.0,73.0,3202.0
1783929241.9,18700,32624,312,284.0,73.0,3192.0
1783929242.5,18700,32624,300,307.0,73.0,3240.0
1783929243.1,18700,32624,300,291.0,73.0,3208.0
1783929243.6,18700,32624,300,274.0,73.0,3183.0
1783929244.2,18700,32624,300,310.0,73.0,3238.0
1783929244.8,18700,32624,300,304.0,73.0,3217.0
1783929245.4,18700,32624,300,325.0,73.0,3208.0
1783929246.0,18700,32624,300,302.0,73.0,3253.0
1783929246.6,18700,32624,312,298.0,73.0,3207.0
1783929247.2,18700,32624,312,300.0,73.0,3208.0
1783929247.8,18700,32624,312,287.0,73.0,3199.0
1783929248.4,18700,32624,312,304.0,73.0,3222.0
1783929249.0,18700,32624,312,312.0,73.0,3235.0
1783929249.6,18700,32624,312,313.0,73.0,3213.0
1783929250.1,18700,32624,312,311.0,73.0,3224.0
1783929250.7,18700,32624,312,305.0,73.0,3225.0
1783929251.3,18700,32624,312,291.0,73.0,3223.0
1783929251.9,18700,32624,312,296.0,73.0,3168.0
1783929252.5,18700,32624,312,300.0,73.0,3232.0
1783929253.1,18700,32624,312,298.0,73.0,3220.0
1783929253.7,18700,32624,312,308.0,73.0,3223.0
1783929254.3,18700,32624,304,98.0,72.0,2952.0
1783929254.9,18700,32624,304,304.0,72.0,3211.0
1783929255.5,18700,32624,304,311.0,72.0,3209.0
1783929256.0,18700,32624,304,302.0,72.0,3258.0
1783929256.6,18700,32624,304,297.0,72.0,3198.0
1783929257.2,18700,32624,300,307.0,72.0,3251.0
1783929257.8,18700,32624,300,300.0,73.0,3210.0
1783929258.4,18700,32624,300,290.0,73.0,3188.0
1783929259.0,18700,32624,300,285.0,73.0,3236.0
1783929259.6,18700,32624,300,309.0,73.0,3227.0
1783929260.2,18700,32624,300,302.0,73.0,3209.0
1783929260.8,18700,32624,300,293.0,73.0,3195.0
1783929261.4,18700,32624,312,304.0,73.0,3239.0
1783929261.9,18700,32624,312,296.0,72.0,3232.0
1783929262.5,18700,32624,312,299.0,72.0,3215.0
1783929263.1,18700,32624,312,268.0,72.0,3206.0
1783929263.7,18700,32624,312,294.0,73.0,3217.0
1783929264.3,18700,32624,312,293.0,73.0,3211.0
1783929264.9,18700,32624,312,334.0,73.0,3220.0
1783929265.5,18700,32624,312,292.0,73.0,3210.0
1783929266.1,18700,32624,312,303.0,73.0,3207.0
1783929266.7,18700,32624,312,303.0,73.0,3211.0
1783929267.2,18700,32624,312,273.0,73.0,3215.0
1783929267.8,18700,32624,312,305.0,73.0,3233.0
1783929268.4,18700,32624,312,294.0,73.0,3229.0
1783929269.0,18700,32624,312,296.0,73.0,3170.0
1783929269.6,18700,32624,312,274.0,73.0,3197.0
1783929270.2,18700,32624,312,304.0,73.0,3223.0
1783929270.8,18700,32624,312,303.0,73.0,3221.0
1783929271.4,18700,32624,312,290.0,73.0,3190.0
1783929272.0,18700,32624,300,295.0,73.0,3223.0
1783929272.6,18700,32624,300,308.0,73.0,3227.0
1783929273.1,18700,32624,300,297.0,73.0,3205.0
1783929273.7,18700,32624,300,312.0,73.0,3220.0
1783929274.3,18700,32624,300,299.0,73.0,3225.0
1783929274.9,18700,32624,300,292.0,73.0,3217.0
1783929275.5,18700,32624,300,290.0,73.0,3211.0
1783929276.1,18700,32624,300,303.0,73.0,3218.0
1783929276.7,18700,32624,311,305.0,73.0,3210.0
1783929277.3,18700,32624,311,304.0,73.0,3220.0
1783929277.9,18700,32624,311,267.0,73.0,3192.0
1783929278.5,18700,32624,311,302.0,73.0,3196.0
1783929279.0,18700,32624,311,307.0,73.0,3217.0
1783929279.6,18700,32624,304,43.0,73.0,0.0
1783929280.2,18700,32624,304,296.0,72.0,3176.0
1783929280.8,18700,32624,304,305.0,72.0,3219.0
1783929281.4,18700,32624,304,312.0,72.0,3226.0
1783929282.0,18700,32624,304,304.0,73.0,3214.0
1783929282.6,18700,32624,304,295.0,73.0,3219.0
1783929283.2,18700,32624,304,268.0,73.0,3179.0
1783929283.8,18700,32624,304,293.0,73.0,3218.0
1783929284.3,18700,32624,304,303.0,73.0,3243.0
1783929284.9,18700,32624,304,256.0,73.0,3215.0
1783929285.5,18700,32624,304,306.0,73.0,3241.0
1783929286.1,18700,32624,304,298.0,73.0,3216.0
1783929286.7,18700,32624,304,290.0,73.0,3197.0
1783929287.3,18700,32624,300,308.0,73.0,3230.0
1783929287.9,18700,32624,300,292.0,73.0,3193.0
1783929288.5,18700,32624,300,309.0,73.0,3185.0
1783929289.1,18700,32624,300,295.0,73.0,3199.0
1783929289.7,18700,32624,300,307.0,73.0,3222.0
1783929290.2,18700,32624,300,303.0,73.0,3210.0
1783929290.8,18700,32624,300,299.0,73.0,3211.0
1783929291.4,18700,32624,312,282.0,73.0,3174.0
1783929292.0,18700,32624,312,298.0,73.0,3217.0
1783929292.6,18700,32624,312,294.0,73.0,3202.0
1783929293.2,18700,32624,304,252.0,72.0,2878.0
1783929293.8,18700,32624,304,289.0,72.0,3189.0
1783929294.4,18700,32624,304,323.0,73.0,3193.0
1783929295.0,18700,32624,304,301.0,73.0,3225.0
1783929295.6,18700,32624,304,308.0,73.0,3234.0
1783929296.2,18700,32624,304,286.0,73.0,3204.0
1783929296.7,18700,32624,304,301.0,73.0,3251.0
1783929297.3,18700,32624,304,291.0,73.0,3186.0
1783929297.9,18700,32624,304,295.0,73.0,3198.0
1783929298.5,18700,32624,304,303.0,73.0,3228.0
1783929299.1,18700,32624,304,301.0,73.0,3221.0
1783929299.7,18700,32624,304,292.0,73.0,3178.0
1783929300.3,18700,32624,304,318.0,73.0,3240.0
1783929300.9,18700,32624,304,305.0,73.0,3226.0
1783929301.5,18700,32624,304,293.0,73.0,3220.0
1783929302.1,18700,32624,300,295.0,73.0,3210.0
1783929302.6,18700,32624,300,294.0,73.0,3219.0
1783929303.2,18700,32624,300,306.0,73.0,3239.0
1783929303.8,18700,32624,300,275.0,73.0,3201.0
1783929304.4,18700,32624,300,308.0,73.0,3239.0
1783929305.0,18700,32624,300,300.0,73.0,3224.0
1783929305.6,18700,32624,300,318.0,73.0,3193.0
1783929306.2,18700,32624,300,304.0,73.0,3209.0
1783929306.8,18700,32624,312,304.0,73.0,3222.0
1783929307.4,18700,32624,312,286.0,73.0,3192.0
1783929308.0,18700,32624,312,300.0,73.0,3225.0
1783929308.6,18700,32624,312,299.0,73.0,3228.0
1783929309.1,18700,32624,312,308.0,73.0,3211.0
1783929309.7,18700,32624,312,292.0,73.0,3163.0
1783929310.3,18700,32624,312,296.0,73.0,3187.0
1783929310.9,18700,32624,312,309.0,73.0,3217.0
1783929311.5,18700,32624,312,302.0,73.0,3228.0
1783929312.1,18700,32624,312,306.0,73.0,3235.0
1783929312.7,18700,32624,312,301.0,73.0,3209.0
1783929313.3,18700,32624,312,283.0,73.0,3220.0
1783929313.9,18703,32624,314,302.0,73.0,3232.0
1783929314.5,18703,32624,314,294.0,73.0,3219.0
1783929315.0,18703,32624,306,46.0,73.0,0.0
1783929315.6,18703,32624,296,257.0,72.0,2988.0
1783929316.2,18703,32624,296,276.0,72.0,3191.0
1783929316.8,18703,32624,296,285.0,72.0,3186.0
1783929317.4,18703,32624,292,308.0,72.0,3214.0
1783929318.0,18703,32624,292,311.0,73.0,3234.0
1783929318.6,18703,32624,292,287.0,73.0,3216.0
1783929319.2,18703,32624,292,306.0,73.0,3242.0
1783929319.8,18703,32624,292,296.0,73.0,3216.0
1783929320.4,18703,32624,292,281.0,73.0,3197.0
1783929320.9,18703,32624,292,303.0,73.0,3219.0
1783929321.5,18703,32624,303,308.0,73.0,3211.0
1783929322.1,18703,32624,303,295.0,73.0,3193.0
1783929322.7,18703,32624,303,291.0,73.0,3185.0
1783929323.3,18703,32624,303,301.0,73.0,3222.0
1783929323.9,18703,32624,303,292.0,73.0,3213.0
1783929324.5,18703,32624,303,277.0,73.0,3188.0
1783929325.1,18703,32624,303,302.0,73.0,3214.0
1783929325.7,18703,32624,303,307.0,73.0,3184.0
1783929326.3,18703,32624,303,276.0,73.0,3193.0
1783929326.9,18703,32624,303,298.0,73.0,3231.0
1783929327.4,18703,32624,303,300.0,73.0,3235.0
1783929328.0,18703,32624,303,289.0,73.0,3174.0
1783929328.6,18703,32624,303,309.0,73.0,3242.0
1783929329.2,18703,32624,303,304.0,73.0,3194.0
1783929329.8,18703,32624,303,308.0,73.0,3196.0
1783929330.4,18703,32624,303,303.0,73.0,3198.0
1783929331.0,18703,32624,303,306.0,73.0,3243.0
1783929331.6,18703,32624,303,302.0,73.0,3208.0
1783929332.2,18703,32624,292,269.0,73.0,3207.0
1783929332.8,18703,32624,292,303.0,73.0,3232.0
1783929333.4,18703,32624,292,299.0,73.0,3218.0
1783929333.9,18703,32624,292,322.0,73.0,3229.0
1783929334.5,18703,32624,292,306.0,73.0,3229.0
1783929335.1,18703,32624,296,83.0,73.0,3135.0
1783929335.7,18703,32624,296,319.0,72.0,3276.0
1783929336.3,18703,32624,303,302.0,72.0,3218.0
1783929336.9,18703,32624,303,286.0,72.0,3199.0
1783929337.5,18703,32624,303,307.0,72.0,3234.0
1783929338.1,18703,32624,303,292.0,72.0,3182.0
1783929338.7,18703,32624,303,279.0,73.0,3183.0
1783929339.3,18703,32624,303,311.0,73.0,3228.0
1783929339.8,18703,32624,303,306.0,73.0,3228.0
1783929340.4,18703,32624,303,303.0,73.0,3240.0
1783929341.0,18703,32624,303,255.0,73.0,3198.0
1783929341.6,18703,32624,303,291.0,73.0,3197.0
1783929342.2,18703,32624,303,308.0,73.0,3233.0
1783929342.8,18703,32624,303,302.0,73.0,3209.0
1783929343.4,18703,32624,303,297.0,73.0,3231.0
1783929344.0,18703,32624,303,313.0,73.0,3214.0
1783929344.6,18703,32624,303,298.0,73.0,3217.0
1783929345.2,18703,32624,303,285.0,73.0,3200.0
1783929345.7,18703,32624,303,300.0,73.0,3209.0
1783929346.3,18703,32624,303,305.0,73.0,3206.0
1783929346.9,18703,32624,292,270.0,73.0,3229.0
1783929347.5,18703,32624,292,299.0,73.0,3215.0
1783929348.1,18703,32624,292,305.0,73.0,3221.0
1783929348.7,18703,32624,292,312.0,73.0,3194.0
1783929349.3,18703,32624,292,305.0,73.0,3231.0
1783929349.9,18703,32624,292,315.0,73.0,3234.0
1783929350.5,18703,32624,292,297.0,73.0,3193.0
1783929351.1,18703,32624,292,277.0,73.0,3186.0
1783929351.6,18703,32624,303,309.0,73.0,3230.0
1783929352.2,18703,32624,303,305.0,73.0,3213.0
1783929352.8,18703,32624,296,43.0,73.0,0.0
1783929353.4,18703,32624,296,298.0,72.0,3165.0
1783929354.0,18703,32624,296,300.0,72.0,3213.0
1783929354.6,18703,32624,296,310.0,72.0,3249.0
1783929355.2,18703,32624,296,296.0,73.0,3211.0
1783929355.8,18703,32624,296,298.0,72.0,3222.0
1783929356.4,18703,32624,296,309.0,73.0,3226.0
1783929357.0,18703,32624,296,296.0,73.0,3227.0
1783929357.5,18703,32624,296,308.0,73.0,3225.0
1783929358.1,18703,32624,296,275.0,73.0,3213.0
1783929358.7,18703,32624,296,297.0,73.0,3222.0
1783929359.3,18703,32624,296,309.0,73.0,3215.0
1783929359.9,18703,32624,296,289.0,73.0,3192.0
1783929360.5,18703,32624,296,313.0,73.0,3242.0
1783929361.1,18703,32624,296,293.0,73.0,3208.0
1783929361.7,18703,32624,296,281.0,73.0,3191.0
1783929362.3,18703,32624,298,145.0,72.0,2263.0
1783929362.9,18703,32624,298,303.0,71.0,3267.0
1783929363.4,18703,32624,298,282.0,72.0,3182.0
1783929364.0,18703,32624,298,302.0,72.0,3221.0
1783929364.6,18703,32624,298,295.0,72.0,3205.0
1783929365.2,18703,32624,298,279.0,72.0,3189.0
1783929365.8,18703,32624,298,302.0,72.0,3212.0
1783929366.4,18703,32624,304,309.0,72.0,3237.0
1783929367.0,18703,32624,304,313.0,72.0,3206.0
1783929367.6,18703,32624,304,280.0,73.0,3248.0
1783929368.2,18703,32624,304,283.0,72.0,3194.0
1783929368.8,18703,32624,304,299.0,73.0,3232.0
1783929369.3,18703,32624,304,275.0,73.0,3197.0
1783929369.9,18703,32624,304,310.0,73.0,3228.0
1783929370.5,18703,32624,304,284.0,73.0,3192.0
1783929371.1,18703,32624,304,286.0,73.0,3199.0
1783929371.7,18703,32624,304,298.0,73.0,3223.0
1783929372.3,18703,32624,304,299.0,73.0,3231.0
1783929372.9,18703,32624,304,305.0,73.0,3207.0
1783929373.5,18703,32624,304,293.0,73.0,3207.0
1783929374.1,18703,32624,304,310.0,73.0,3208.0
1783929374.7,18703,32624,304,321.0,73.0,3215.0
1783929375.3,18703,32624,304,292.0,73.0,3216.0
1783929375.8,18703,32624,304,317.0,73.0,3277.0
1783929376.4,18703,32624,304,309.0,72.0,3213.0
1783929377.0,18703,32624,292,311.0,73.0,3252.0
1783929377.6,18703,32624,292,300.0,73.0,3206.0
1783929378.2,18703,32624,292,299.0,73.0,3210.0
1783929378.8,18703,32624,292,277.0,73.0,3199.0
1783929379.4,18703,32624,292,300.0,73.0,3213.0
1783929380.0,18703,32624,292,289.0,73.0,3221.0
1783929380.6,18703,32624,292,302.0,73.0,3210.0
1783929381.2,18703,32624,292,285.0,73.0,3190.0
1783929381.7,18703,32624,304,302.0,73.0,3216.0
1783929382.3,18703,32624,304,307.0,73.0,3239.0
1783929382.9,18703,32624,304,285.0,73.0,3191.0
1783929383.5,18703,32624,304,301.0,73.0,3194.0
1783929384.1,18703,32624,304,312.0,73.0,3267.0
1783929384.7,18703,32624,304,303.0,73.0,3217.0
1783929385.3,18703,32624,304,288.0,73.0,3228.0
1783929385.9,18703,32624,304,308.0,73.0,3221.0
1783929386.5,18703,32624,304,306.0,73.0,3209.0
1783929387.0,18703,32624,304,310.0,73.0,3195.0
1783929387.6,18703,32624,304,288.0,73.0,3195.0
1783929388.2,18703,32624,304,304.0,73.0,3220.0
1783929388.8,18703,32624,304,307.0,73.0,3224.0
1783929389.4,18703,32624,304,289.0,73.0,3195.0
1783929390.0,18703,32624,304,298.0,73.0,3236.0
1783929390.6,18703,32624,304,290.0,73.0,3215.0
1783929391.2,18703,32624,304,303.0,73.0,3206.0
1783929391.8,18703,32624,304,291.0,73.0,3179.0
1783929392.4,18703,32624,292,316.0,73.0,3260.0
1783929392.9,18703,32624,292,292.0,73.0,3209.0
1783929393.5,18703,32624,292,296.0,73.0,3201.0
1783929394.1,18703,32624,292,307.0,73.0,3232.0
1783929394.7,18703,32624,292,292.0,73.0,3220.0
1783929395.3,18703,32624,292,309.0,73.0,3219.0
1783929395.9,18703,32624,292,310.0,73.0,3216.0
1783929396.5,18703,32624,303,307.0,73.0,3209.0
1783929397.1,18703,32624,303,306.0,73.0,3216.0
1783929397.7,18703,32624,303,297.0,73.0,3199.0
1783929398.3,18703,32624,303,308.0,73.0,3219.0
1783929398.8,18703,32624,303,302.0,73.0,3194.0
1783929399.4,18703,32624,303,299.0,73.0,3231.0
1783929400.0,18703,32624,303,307.0,73.0,3227.0
1783929400.6,18703,32624,303,313.0,73.0,3258.0
1783929401.2,18703,32624,303,302.0,73.0,3199.0
1783929401.8,18703,32624,303,302.0,73.0,3212.0
1783929402.4,18703,32624,303,292.0,73.0,3210.0
1783929403.0,18703,32624,303,309.0,73.0,3219.0
1783929403.6,18703,32624,303,293.0,73.0,3205.0
1783929404.2,18703,32624,303,312.0,73.0,3242.0
1783929404.7,18703,32624,303,301.0,73.0,3219.0
1783929405.3,18703,32624,303,311.0,73.0,3223.0
1783929405.9,18703,32624,303,240.0,73.0,3210.0
1783929406.5,18703,32624,303,296.0,73.0,3221.0
1783929407.1,18703,32624,292,299.0,73.0,3198.0
1783929407.7,18703,32624,292,304.0,73.0,3200.0
1783929408.3,18703,32624,292,275.0,73.0,3203.0
1783929408.9,18703,32624,292,296.0,73.0,3233.0
1783929409.5,18703,32624,292,299.0,73.0,3195.0
1783929410.1,18703,32624,292,297.0,73.0,3214.0
1783929410.6,18703,32624,292,275.0,73.0,3176.0
1783929411.2,18703,32624,303,300.0,73.0,3246.0
1783929411.8,18703,32624,303,299.0,73.0,3241.0
1783929412.4,18703,32624,303,310.0,73.0,3237.0
1783929413.0,18703,32624,303,263.0,73.0,3208.0
1783929413.6,18703,32624,303,308.0,73.0,3218.0
1783929414.2,18703,32624,296,84.0,72.0,3134.0
1783929414.8,18703,32624,296,309.0,72.0,3251.0
1783929415.4,18703,32624,296,299.0,73.0,3184.0
1783929416.0,18703,32624,296,324.0,73.0,3212.0
1783929416.6,18703,32624,296,282.0,73.0,3181.0
1783929417.2,18703,32624,296,307.0,73.0,3200.0
1783929417.7,18703,32624,296,303.0,73.0,3227.0
1783929418.3,18703,32624,296,315.0,73.0,3226.0
1783929418.9,18703,32624,296,290.0,73.0,3203.0
1783929419.5,18703,32624,296,310.0,73.0,3225.0
1783929420.1,18703,32624,296,306.0,73.0,3225.0
1783929420.7,18703,32624,296,298.0,73.0,3233.0
1783929421.3,18703,32624,296,302.0,73.0,3204.0
1783929421.9,18703,32624,296,303.0,73.0,3208.0
1783929422.5,18703,32624,292,309.0,73.0,3227.0
1783929423.1,18703,32624,292,303.0,73.0,3229.0
1783929423.6,18703,32624,292,300.0,73.0,3212.0
1783929424.2,18703,32624,292,269.0,73.0,3209.0
1783929424.8,18703,32624,292,293.0,73.0,3216.0
1783929425.4,18703,32624,292,296.0,73.0,3213.0
1783929426.0,18703,32624,292,279.0,73.0,3171.0
1783929426.6,18703,32624,304,307.0,73.0,3235.0
1783929427.2,18703,32624,304,294.0,73.0,3213.0
1783929427.8,18703,32624,304,275.0,73.0,3196.0
1783929428.4,18703,32624,304,312.0,73.0,3218.0
1783929429.0,18703,32624,304,307.0,73.0,3227.0
1783929429.6,18703,32624,304,309.0,73.0,3229.0
1783929430.1,18703,32624,304,316.0,73.0,3215.0
1783929430.7,18703,32624,304,288.0,73.0,3193.0
1783929431.3,18703,32624,304,291.0,73.0,3193.0
1783929431.9,18703,32624,304,270.0,73.0,3203.0
1783929432.5,18703,32624,304,299.0,73.0,3211.0
1783929433.1,18703,32624,304,290.0,73.0,3189.0
1783929433.7,18703,32624,304,294.0,73.0,3193.0
1783929434.3,18703,32624,304,295.0,73.0,3216.0
1783929434.9,18703,32624,304,302.0,73.0,3232.0
1783929435.5,18703,32624,304,295.0,73.0,3203.0
1783929436.0,18703,32624,304,288.0,73.0,3193.0
1783929436.6,18703,32624,304,312.0,73.0,3237.0
1783929437.2,18703,32624,292,297.0,73.0,3202.0
1783929437.8,18703,32624,292,291.0,73.0,3206.0
1783929438.4,18703,32624,292,278.0,73.0,3188.0
1783929439.0,18703,32624,292,303.0,73.0,3238.0
1783929439.6,18703,32624,292,301.0,73.0,3200.0
1783929440.2,18703,32624,292,277.0,73.0,3218.0
1783929440.8,18703,32624,292,289.0,73.0,3209.0
1783929441.4,18703,32624,304,311.0,73.0,3239.0
1783929441.9,18703,32624,304,294.0,73.0,3199.0
1783929442.5,18703,32624,304,294.0,73.0,3236.0
1783929443.1,18703,32624,304,291.0,73.0,3203.0
1783929443.7,18703,32624,304,299.0,73.0,3206.0
1783929444.3,18703,32624,304,301.0,73.0,3193.0
1783929444.9,18703,32624,304,308.0,73.0,3225.0
1783929445.5,18703,32624,304,298.0,73.0,3227.0
1783929446.1,18703,32624,304,312.0,73.0,3235.0
1783929446.7,18703,32624,304,304.0,73.0,3217.0
1783929447.2,18703,32624,304,296.0,73.0,3201.0
1783929447.8,18703,32624,304,299.0,73.0,3228.0
1783929448.4,18703,32624,304,312.0,73.0,3220.0
1783929449.0,18703,32624,304,310.0,73.0,3232.0
1783929449.6,18703,32624,304,316.0,73.0,3215.0
1783929450.2,18703,32624,304,308.0,73.0,3233.0
1783929450.8,18703,32624,304,300.0,73.0,3211.0
1783929451.4,18703,32624,304,311.0,73.0,3194.0
1783929452.0,18703,32624,292,305.0,73.0,3232.0
1783929452.6,18703,32624,292,301.0,73.0,3201.0
1783929453.2,18703,32624,292,301.0,73.0,3215.0
1783929453.7,18703,32624,292,306.0,73.0,3219.0
1783929454.3,18703,32624,292,315.0,73.0,3220.0
1783929454.9,18703,32624,292,303.0,73.0,3216.0
1783929455.5,18703,32624,292,309.0,73.0,3216.0
1783929456.1,18703,32624,292,296.0,73.0,3181.0
1783929456.7,18703,32624,304,271.0,73.0,3217.0
1783929457.3,18703,32624,304,301.0,73.0,3221.0
1783929457.9,18703,32624,304,306.0,73.0,3205.0
1783929458.5,18703,32624,304,293.0,73.0,3193.0
1783929459.1,18703,32624,304,271.0,73.0,3203.0
1783929459.6,18703,32624,304,300.0,73.0,3224.0
1783929460.2,18703,32624,304,299.0,73.0,3218.0
1783929460.8,18703,32624,304,296.0,73.0,3213.0
1783929461.4,18703,32624,304,273.0,73.0,3156.0
1783929462.0,18703,32624,304,295.0,73.0,3197.0
1783929462.6,18703,32624,304,297.0,73.0,3212.0
1783929463.2,18703,32624,304,304.0,73.0,3197.0
1783929463.8,18703,32624,304,306.0,73.0,3224.0
1783929464.4,18703,32624,304,310.0,73.0,3222.0
1783929464.9,18703,32624,304,304.0,73.0,3216.0
1783929465.5,18703,32624,304,308.0,73.0,3238.0
1783929466.1,18703,32624,304,287.0,73.0,3176.0
1783929466.7,18703,32624,304,266.0,73.0,3197.0
1783929467.3,18703,32624,292,308.0,73.0,3223.0
1783929467.9,18703,32624,292,301.0,73.0,3239.0
1783929468.5,18703,32624,292,297.0,73.0,3224.0
1783929469.1,18703,32624,292,307.0,73.0,3193.0
1783929469.7,18703,32624,292,285.0,73.0,3180.0
1783929470.3,18703,32624,292,300.0,73.0,3202.0
1783929470.8,18703,32624,292,311.0,73.0,3221.0
1783929471.4,18703,32624,304,290.0,73.0,3186.0
1783929472.0,18703,32624,304,305.0,73.0,3220.0
1783929472.6,18703,32624,304,263.0,73.0,3186.0
1783929473.2,18703,32624,304,298.0,73.0,3222.0
1783929473.8,18703,32624,304,300.0,73.0,3235.0
1783929474.4,18703,32624,304,290.0,73.0,3189.0
1783929475.0,18703,32624,304,309.0,73.0,3182.0
1783929475.6,18703,32624,304,302.0,73.0,3197.0
1783929476.2,18703,32624,304,309.0,73.0,3251.0
1783929476.7,18703,32624,304,307.0,73.0,3211.0
1783929477.3,18703,32624,304,302.0,73.0,3212.0
1783929477.9,18703,32624,304,316.0,73.0,3205.0
1783929478.5,18703,32624,304,278.0,73.0,3189.0
1783929479.1,18703,32624,304,291.0,73.0,3197.0
1783929479.7,18703,32624,304,295.0,73.0,3200.0
1783929480.3,18703,32624,304,293.0,73.0,3190.0
1783929480.9,18703,32624,304,304.0,73.0,3219.0
1783929481.5,18703,32624,304,301.0,73.0,3194.0
1783929482.0,18703,32624,292,296.0,73.0,3230.0
1783929482.6,18703,32624,292,307.0,73.0,3237.0
1783929483.2,18703,32624,292,304.0,73.0,3209.0
1783929483.8,18703,32624,292,310.0,73.0,3222.0
1783929484.4,18703,32624,292,307.0,73.0,3197.0
1783929485.0,18703,32624,297,244.0,71.0,2602.0
1783929485.6,18703,32624,297,314.0,72.0,3243.0
1783929486.2,18703,32624,297,301.0,73.0,3221.0
1783929486.8,18703,32624,305,299.0,73.0,3218.0
1783929487.4,18703,32624,305,299.0,73.0,3203.0
1783929488.0,18703,32624,305,310.0,73.0,3236.0
1783929488.5,18703,32624,305,304.0,73.0,3221.0
1783929489.1,18703,32624,305,308.0,73.0,3201.0
1783929489.7,18703,32624,305,308.0,73.0,3244.0
1783929490.3,18703,32624,305,305.0,73.0,3223.0
1783929490.9,18703,32624,305,296.0,73.0,3212.0
1783929491.5,18703,32624,305,330.0,73.0,3212.0
1783929492.1,18703,32624,305,295.0,73.0,3207.0
1783929492.7,18703,32624,305,301.0,73.0,3229.0
1783929493.3,18703,32624,305,313.0,73.0,3190.0
1783929493.9,18708,32624,307,295.0,73.0,3197.0
1783929494.4,18708,32624,307,297.0,73.0,3215.0
1783929495.0,18708,32624,307,307.0,73.0,3221.0
1783929495.6,18708,32624,307,280.0,73.0,3210.0
1783929496.2,18708,32624,307,291.0,73.0,3191.0
1783929496.8,18708,32624,307,306.0,73.0,3229.0
1783929497.4,18708,32624,295,311.0,73.0,3205.0
1783929498.0,18708,32624,295,310.0,73.0,3235.0
1783929498.6,18708,32624,295,307.0,73.0,3224.0
1783929499.2,18708,32624,295,300.0,73.0,3219.0
1783929499.8,18708,32624,295,309.0,73.0,3225.0
1783929500.4,18708,32624,295,304.0,73.0,3186.0
1783929500.9,18708,32624,295,309.0,73.0,3216.0
1783929501.5,18708,32624,307,298.0,73.0,3201.0
1783929502.1,18708,32624,307,328.0,73.0,3209.0
1783929502.7,18708,32624,307,308.0,73.0,3236.0
1783929503.3,18708,32624,307,306.0,73.0,3233.0
1783929503.9,18708,32624,307,297.0,73.0,3218.0
1783929504.5,18708,32624,307,280.0,73.0,3195.0
1783929505.1,18708,32624,307,309.0,73.0,3211.0
1783929505.7,18708,32624,307,310.0,73.0,3203.0
1783929506.3,18708,32624,307,303.0,73.0,3211.0
1783929506.8,18708,32624,307,286.0,73.0,3162.0
1783929507.4,18708,32624,307,302.0,73.0,3201.0
1783929508.0,18708,32624,307,303.0,73.0,3221.0
1783929508.6,18708,32624,307,314.0,73.0,3205.0
1783929509.2,18708,32624,307,301.0,73.0,3225.0
1783929509.8,18708,32624,307,291.0,73.0,3182.0
1783929510.4,18708,32624,307,299.0,73.0,3228.0
1783929511.0,18708,32624,307,308.0,73.0,3219.0
1783929511.6,18708,32624,307,301.0,73.0,3229.0
1783929512.2,18708,32624,295,305.0,73.0,3227.0
1783929512.8,18708,32624,295,302.0,73.0,3211.0
1783929513.3,18708,32624,295,293.0,73.0,3174.0
1783929513.9,18708,32624,295,302.0,73.0,3195.0
1783929514.5,18708,32624,295,314.0,73.0,3225.0
1783929515.1,18708,32624,295,315.0,73.0,3225.0
1783929515.7,18708,32624,295,302.0,73.0,3211.0
1783929516.3,18708,32624,307,299.0,73.0,3201.0
1783929516.9,18708,32624,307,268.0,73.0,3193.0
1783929517.5,18708,32624,307,308.0,73.0,3205.0
1783929518.1,18708,32624,307,295.0,73.0,3208.0
1783929518.6,18708,32624,307,299.0,73.0,3220.0
1783929519.2,18708,32624,307,313.0,73.0,3195.0
1783929519.8,18708,32624,307,296.0,73.0,3199.0
1783929520.4,18708,32624,307,298.0,73.0,3236.0
1783929521.0,18708,32624,307,294.0,73.0,3213.0
1783929521.6,18708,32624,299,46.0,73.0,0.0
1783929522.2,724,32624,90,34.0,71.0,0.0
1783929522.8,711,32624,86,38.0,70.0,127.0
1783929523.4,722,32624,86,34.0,69.0,0.0
1783929524.0,722,32624,86,18.0,68.0,0.0
1783929524.6,722,32624,86,15.0,68.0,0.0
1783929525.1,15811,32624,86,22.0,67.0,0.0
1783929525.7,15811,32624,86,33.0,67.0,0.0
1783929526.3,15811,32624,86,32.0,67.0,0.0
1783929526.9,15811,32624,86,30.0,67.0,0.0
1783929527.5,15811,32624,82,33.0,66.0,0.0
1783929528.1,15811,32624,82,28.0,66.0,0.0
1783929528.7,18677,32624,291,34.0,66.0,0.0
1783929529.3,18685,32624,298,164.0,66.0,2128.0
1783929529.9,18685,32624,298,306.0,67.0,3254.0
1783929530.5,18685,32624,298,301.0,68.0,3241.0
1783929531.0,18685,32624,298,281.0,69.0,3207.0
1783929531.6,18685,32624,305,304.0,69.0,3255.0
1783929532.2,18685,32624,305,305.0,69.0,3268.0
1783929532.8,18685,32624,305,326.0,69.0,3252.0
1783929533.4,18685,32624,305,302.0,69.0,3244.0
1783929534.0,18685,32624,305,294.0,69.0,3242.0
1783929534.6,18685,32624,305,286.0,69.0,3226.0
1783929535.2,18685,32624,305,307.0,69.0,3259.0
1783929535.8,18685,32624,305,309.0,69.0,3280.0
1783929536.4,18685,32624,305,285.0,70.0,3229.0
1783929537.0,18685,32624,305,294.0,70.0,3264.0
1783929537.5,18685,32624,305,309.0,70.0,3238.0
1783929538.1,18685,32624,305,259.0,70.0,3233.0
1783929538.7,18685,32624,305,304.0,70.0,3265.0
1783929539.3,18685,32624,305,304.0,70.0,3250.0
1783929539.9,18685,32624,305,292.0,70.0,3205.0
1783929540.5,18685,32624,305,293.0,70.0,3248.0
1783929541.1,18685,32624,305,290.0,70.0,3203.0
1783929541.7,18685,32624,305,294.0,70.0,3233.0
1783929542.3,18685,32624,294,287.0,70.0,3216.0
1783929542.9,18685,32624,294,301.0,70.0,3245.0
1783929543.5,18685,32624,294,310.0,70.0,3223.0
1783929544.0,18685,32624,294,306.0,71.0,3266.0
1783929544.6,18685,32624,294,301.0,71.0,3230.0
1783929545.2,18685,32624,294,281.0,71.0,3212.0
1783929545.8,18685,32624,294,305.0,71.0,3237.0
1783929546.4,18685,32624,305,297.0,71.0,3245.0
1783929547.0,18685,32624,305,305.0,71.0,3221.0
1783929547.6,18685,32624,305,305.0,71.0,3239.0
1783929548.2,18685,32624,305,292.0,71.0,3223.0
1783929548.8,18685,32624,305,326.0,71.0,3209.0
1783929549.4,18685,32624,305,296.0,71.0,3219.0
1783929550.0,18685,32624,305,305.0,71.0,3240.0
1783929550.5,18685,32624,305,318.0,71.0,3192.0
1783929551.1,18685,32624,305,302.0,71.0,3207.0
1783929551.7,18685,32624,305,299.0,71.0,3220.0
1783929552.3,18685,32624,305,309.0,71.0,3268.0
1783929552.9,18685,32624,305,312.0,71.0,3228.0
1783929553.5,18685,32624,305,306.0,71.0,3237.0
1783929554.1,18685,32624,305,302.0,71.0,3229.0
1783929554.7,18685,32624,305,279.0,71.0,3206.0
1783929555.3,18685,32624,305,288.0,71.0,3183.0
1783929555.9,18685,32624,305,305.0,71.0,3228.0
1783929556.4,18685,32624,305,300.0,71.0,3205.0
1783929557.0,18685,32624,294,300.0,71.0,3226.0
1783929557.6,18685,32624,294,307.0,71.0,3237.0
1783929558.2,18685,32624,294,288.0,72.0,3230.0
1783929558.8,18685,32624,294,320.0,71.0,3214.0
1783929559.4,18685,32624,294,288.0,72.0,3197.0
1783929560.0,18685,32624,294,318.0,72.0,3257.0
1783929560.6,18685,32624,294,320.0,72.0,3278.0
1783929561.2,18685,32624,302,315.0,72.0,3238.0
1783929561.8,18685,32624,313,294.0,72.0,3228.0
1783929562.4,18685,32624,313,310.0,72.0,3259.0
1783929562.9,18685,32624,311,305.0,72.0,3208.0
1783929563.5,18685,32624,311,299.0,72.0,3231.0
1783929564.1,18685,32624,311,303.0,72.0,3238.0
1783929564.7,18685,32624,311,307.0,72.0,3237.0
1783929565.3,18685,32624,311,295.0,72.0,3222.0
1783929565.9,18685,32624,311,294.0,72.0,3212.0
1783929566.5,18685,32624,311,300.0,72.0,3229.0
1783929567.1,18685,32624,311,299.0,72.0,3201.0
1783929567.7,18685,32624,311,299.0,72.0,3238.0
1783929568.3,18685,32624,311,297.0,72.0,3210.0
1783929568.8,18686,32624,311,319.0,72.0,3270.0
1783929569.4,18686,32624,311,298.0,72.0,3197.0
1783929570.0,18686,32624,311,306.0,72.0,3218.0
1783929570.6,18686,32624,311,305.0,72.0,3226.0
1783929571.2,18686,32624,311,301.0,72.0,3218.0
1783929571.8,18686,32624,311,294.0,72.0,3231.0
1783929572.4,18686,32624,300,300.0,72.0,3221.0
1783929573.0,18686,32624,300,311.0,72.0,3226.0
1783929573.6,18686,32624,300,308.0,72.0,3225.0
1783929574.2,18686,32624,300,282.0,72.0,3208.0
1783929574.8,18686,32624,300,307.0,72.0,3231.0
1783929575.3,18686,32624,300,309.0,72.0,3268.0
1783929575.9,18686,32624,300,297.0,72.0,3227.0
1783929576.5,18686,32624,312,325.0,72.0,3222.0
1783929577.1,18686,32624,312,312.0,72.0,3260.0
1783929577.7,18686,32624,312,292.0,72.0,3198.0
1783929578.3,18686,32624,312,306.0,72.0,3231.0
1783929578.9,18686,32624,312,309.0,72.0,3231.0
1783929579.5,18686,32624,312,279.0,72.0,3194.0
1783929580.1,18686,32624,312,289.0,72.0,3201.0
1783929580.7,18686,32624,312,303.0,72.0,3223.0
1783929581.2,18686,32624,312,309.0,72.0,3205.0
1783929581.8,18686,32624,312,262.0,72.0,3205.0
1783929582.4,18686,32624,312,307.0,72.0,3231.0
1783929583.0,18686,32624,312,295.0,72.0,3194.0
1783929583.6,18686,32624,312,305.0,72.0,3234.0
1783929584.2,18686,32624,312,281.0,72.0,3199.0
1783929584.8,18686,32624,312,306.0,72.0,3220.0
1783929585.4,18686,32624,312,309.0,72.0,3266.0
1783929586.0,18686,32624,312,291.0,72.0,3181.0
1783929586.5,18686,32624,312,301.0,72.0,3206.0
1783929587.1,18686,32624,300,281.0,72.0,3199.0
1783929587.7,18686,32624,300,292.0,72.0,3185.0
1783929588.3,18686,32624,300,316.0,72.0,3262.0
1783929588.9,18686,32624,300,306.0,72.0,3223.0
1783929589.5,18686,32624,300,292.0,72.0,3192.0
1783929590.1,18686,32624,300,297.0,72.0,3211.0
1783929590.7,18686,32624,300,295.0,72.0,3192.0
1783929591.3,18686,32624,312,315.0,72.0,3246.0
1783929591.9,18686,32624,312,297.0,72.0,3212.0
1783929592.5,18686,32624,312,297.0,72.0,3195.0
1783929593.0,18686,32624,312,312.0,72.0,3232.0
1783929593.6,18686,32624,312,284.0,72.0,3187.0
1783929594.2,18686,32624,312,308.0,72.0,3226.0
1783929594.8,18686,32624,312,272.0,72.0,3193.0
1783929595.4,18686,32624,312,301.0,72.0,3228.0
1783929596.0,18686,32624,312,305.0,72.0,3237.0
1783929596.6,18686,32624,312,294.0,72.0,3217.0
1783929597.2,18686,32624,312,303.0,72.0,3215.0
1783929597.8,18686,32624,312,304.0,72.0,3219.0
1783929598.4,18686,32624,312,303.0,72.0,3227.0
1783929598.9,18686,32624,312,309.0,72.0,3232.0
1783929599.5,18686,32624,312,302.0,72.0,3238.0
1783929600.1,18686,32624,312,305.0,72.0,3205.0
1783929600.7,18686,32624,312,295.0,72.0,3190.0
1783929601.3,18686,32624,312,310.0,72.0,3215.0
1783929601.9,18686,32624,312,297.0,72.0,3217.0
1783929602.5,18686,32624,300,301.0,72.0,3233.0
1783929603.1,18686,32624,300,303.0,72.0,3215.0
1783929603.7,18686,32624,300,288.0,72.0,3187.0
1783929604.3,18686,32624,300,298.0,72.0,3233.0
1783929604.9,18686,32624,300,299.0,72.0,3218.0
1783929605.4,18686,32624,300,304.0,72.0,3227.0
1783929606.0,18686,32624,300,292.0,72.0,3203.0
1783929606.6,18686,32624,311,308.0,72.0,3200.0
1783929607.2,18686,32624,311,296.0,72.0,3227.0
1783929607.8,18686,32624,311,298.0,72.0,3202.0
1783929608.4,18686,32624,311,310.0,73.0,3250.0
1783929609.0,18686,32624,311,308.0,73.0,3233.0
1783929609.6,18686,32624,311,282.0,72.0,3194.0
1783929610.2,18686,32624,311,299.0,72.0,3201.0
1783929610.8,18686,32624,311,306.0,72.0,3236.0
1783929611.3,18686,32624,311,298.0,73.0,3212.0
1783929611.9,18686,32624,311,304.0,73.0,3236.0
1783929612.5,18686,32624,311,299.0,73.0,3219.0
1783929613.1,18686,32624,311,307.0,73.0,3168.0
1783929613.7,18686,32624,311,275.0,73.0,3187.0
1783929614.3,18686,32624,311,307.0,73.0,3229.0
1783929614.9,18686,32624,311,302.0,73.0,3228.0
1783929615.5,18686,32624,311,298.0,73.0,3217.0
1783929616.1,18686,32624,311,294.0,73.0,3208.0
1783929616.7,18686,32624,311,309.0,73.0,3212.0
1783929617.2,18686,32624,300,287.0,73.0,3212.0
1783929617.8,18686,32624,300,309.0,73.0,3247.0
1783929618.4,18686,32624,300,304.0,73.0,3239.0
1783929619.0,18686,32624,300,307.0,73.0,3217.0
1783929619.6,18686,32624,300,305.0,73.0,3225.0
1783929620.2,18686,32624,300,311.0,73.0,3221.0
1783929620.8,18686,32624,300,284.0,73.0,3184.0
1783929621.4,18686,32624,312,280.0,73.0,3196.0
1783929622.0,18686,32624,312,302.0,73.0,3222.0
1783929622.5,18686,32624,312,295.0,73.0,3225.0
1783929623.1,18686,32624,312,308.0,73.0,3242.0
1783929623.7,18686,32624,312,297.0,73.0,3224.0
1783929624.3,18686,32624,312,303.0,73.0,3229.0
1783929624.9,18686,32624,312,321.0,73.0,3196.0
1783929625.5,18686,32624,312,303.0,73.0,3217.0
1783929626.1,18686,32624,312,302.0,73.0,3205.0
1783929626.7,18686,32624,312,293.0,73.0,3205.0
1783929627.3,18686,32624,312,301.0,73.0,3216.0
1783929627.9,18686,32624,312,304.0,73.0,3215.0
1783929628.4,18686,32624,312,307.0,73.0,3220.0
1783929629.0,18686,32624,312,321.0,73.0,3220.0
1783929629.6,18686,32624,312,276.0,73.0,3196.0
1783929630.2,18686,32624,312,300.0,73.0,3201.0
1783929630.8,18686,32624,312,299.0,73.0,3223.0
1783929631.4,18686,32624,312,299.0,73.0,3210.0
1783929632.0,18686,32624,312,292.0,73.0,3209.0
1783929632.6,18686,32624,300,311.0,73.0,3232.0
1783929633.2,18686,32624,300,308.0,73.0,3216.0
1783929633.8,18686,32624,300,309.0,73.0,3236.0
1783929634.3,18686,32624,300,306.0,73.0,3213.0
1783929634.9,18686,32624,300,302.0,73.0,3226.0
1783929635.5,18686,32624,300,304.0,73.0,3221.0
1783929636.1,18686,32624,300,308.0,73.0,3232.0
1783929636.7,18686,32624,312,299.0,73.0,3226.0
1783929637.3,18686,32624,312,306.0,73.0,3219.0
1783929637.9,18686,32624,312,322.0,73.0,3204.0
1783929638.5,18686,32624,312,300.0,73.0,3198.0
1783929639.1,18686,32624,312,294.0,73.0,3192.0
1783929639.7,18686,32624,312,302.0,73.0,3221.0
1783929640.2,18686,32624,312,300.0,73.0,3228.0
1783929640.8,18686,32624,312,282.0,73.0,3189.0
1783929641.4,18686,32624,312,306.0,73.0,3218.0
1783929642.0,18686,32624,312,301.0,73.0,3238.0
1783929642.6,18686,32624,312,298.0,73.0,3207.0
1783929643.2,18686,32624,312,317.0,73.0,3205.0
1783929643.8,18686,32624,312,271.0,73.0,3194.0
1783929644.4,18686,32624,312,303.0,73.0,3208.0
1783929645.0,18686,32624,312,303.0,73.0,3217.0
1783929645.6,18686,32624,312,301.0,73.0,3213.0
1783929646.1,18686,32624,312,299.0,73.0,3225.0
1783929646.7,18686,32624,312,302.0,73.0,3214.0
1783929647.3,18686,32624,300,304.0,73.0,3222.0
1783929647.9,18686,32624,300,301.0,73.0,3231.0
1783929648.5,18686,32624,300,305.0,73.0,3218.0
1783929649.1,18686,32624,300,299.0,73.0,3192.0
1783929649.7,18686,32624,300,291.0,73.0,3191.0
1783929650.3,18686,32624,300,286.0,73.0,3200.0
1783929650.9,18686,32624,300,303.0,73.0,3216.0
1783929651.4,18686,32624,312,293.0,73.0,3210.0
1783929652.0,18686,32624,312,293.0,73.0,3217.0
1783929652.6,18686,32624,312,314.0,73.0,3214.0
1783929653.2,18686,32624,312,314.0,73.0,3240.0
1783929653.8,18686,32624,312,306.0,73.0,3230.0
1783929654.4,18686,32624,312,298.0,73.0,3210.0
1783929655.0,18686,32624,312,307.0,73.0,3209.0
1783929655.6,18686,32624,312,306.0,73.0,3222.0
1783929656.2,18686,32624,312,281.0,73.0,3203.0
1783929656.8,18686,32624,312,301.0,73.0,3223.0
1783929657.4,18686,32624,312,299.0,73.0,3205.0
1783929657.9,18686,32624,312,301.0,73.0,3224.0
1783929658.5,18686,32624,312,303.0,73.0,3234.0
1783929659.1,18686,32624,312,301.0,73.0,3215.0
1783929659.7,18686,32624,309,170.0,71.0,2458.0
1783929660.3,18691,32624,309,306.0,72.0,3265.0
1783929660.9,18691,32624,309,303.0,72.0,3210.0
1783929661.5,18691,32624,309,276.0,72.0,3197.0
1783929662.1,18691,32624,305,301.0,72.0,3212.0
1783929662.7,18691,32624,305,312.0,72.0,3208.0
1783929663.3,18691,32624,305,320.0,73.0,3264.0
1783929663.8,18691,32624,305,305.0,73.0,3222.0
1783929664.4,18691,32624,305,302.0,73.0,3214.0
1783929665.0,18691,32624,305,298.0,72.0,3220.0
1783929665.6,18691,32624,305,293.0,73.0,3174.0
1783929666.2,18691,32624,305,307.0,73.0,3207.0
1783929666.8,18691,32624,316,264.0,73.0,3172.0
1783929667.4,18691,32624,316,303.0,73.0,3209.0
1783929668.0,18691,32624,316,304.0,73.0,3202.0
1783929668.6,18691,32624,316,308.0,73.0,3200.0
1783929669.2,18691,32624,316,296.0,73.0,3209.0
1783929669.7,18691,32624,316,301.0,73.0,3220.0
1783929670.3,18691,32624,316,310.0,73.0,3220.0
1783929670.9,18691,32624,316,285.0,73.0,3173.0
1783929671.5,18691,32624,316,297.0,73.0,3220.0
1783929672.1,18691,32624,316,286.0,73.0,3196.0
1783929672.7,18691,32624,316,300.0,73.0,3189.0
1783929673.3,18691,32624,316,295.0,73.0,3223.0
1783929673.9,18694,32624,320,301.0,73.0,3213.0
1783929674.5,18694,32624,320,292.0,73.0,3175.0
1783929675.1,18694,32624,320,313.0,73.0,3225.0
1783929675.6,18694,32624,320,308.0,73.0,3226.0
1783929676.2,18694,32624,320,299.0,73.0,3231.0
1783929676.8,18694,32624,320,287.0,73.0,3188.0
1783929677.4,18694,32624,309,294.0,73.0,3174.0
1783929678.0,18694,32624,309,300.0,73.0,3197.0
1783929678.6,18694,32624,309,285.0,73.0,3200.0
1783929679.2,18694,32624,309,291.0,73.0,3194.0
1783929679.8,18694,32624,309,304.0,73.0,3228.0
1783929680.4,18694,32624,309,300.0,73.0,3202.0
1783929681.0,18694,32624,309,295.0,73.0,3207.0
1783929681.5,18694,32624,320,312.0,73.0,3219.0
1783929682.1,18694,32624,320,309.0,73.0,3211.0
1783929682.7,18694,32624,320,294.0,73.0,3212.0
1783929683.3,18694,32624,320,314.0,73.0,3212.0
1783929683.9,18694,32624,320,311.0,73.0,3232.0
1783929684.5,18694,32624,320,307.0,73.0,3227.0
1783929685.1,18694,32624,320,313.0,72.0,3222.0
1783929685.7,18694,32624,320,312.0,73.0,3222.0
1783929686.3,18694,32624,320,296.0,73.0,3238.0
1783929686.9,18694,32624,320,299.0,73.0,3210.0
1783929687.4,18694,32624,320,280.0,73.0,3186.0
1783929688.0,18694,32624,320,302.0,73.0,3212.0
1783929688.6,18694,32624,320,311.0,73.0,3238.0
1783929689.2,18694,32624,320,291.0,73.0,3201.0
1783929689.8,18694,32624,320,275.0,73.0,3192.0
1783929690.4,18694,32624,320,314.0,73.0,3229.0
1783929691.0,18694,32624,320,292.0,73.0,3174.0
1783929691.6,18694,32624,320,310.0,73.0,3210.0
1783929692.2,18694,32624,309,282.0,73.0,3207.0
1783929692.7,18694,32624,309,287.0,73.0,3211.0
1783929693.3,18694,32624,309,301.0,73.0,3214.0
1783929693.9,18694,32624,309,302.0,73.0,3218.0
1783929694.5,18694,32624,309,270.0,73.0,3208.0
1783929695.1,18694,32624,309,298.0,73.0,3207.0
1783929695.7,18694,32624,309,302.0,73.0,3191.0
1783929696.3,18694,32624,320,276.0,73.0,3195.0
1783929696.9,18694,32624,320,297.0,73.0,3187.0
1783929697.5,18694,32624,320,298.0,73.0,3219.0
1783929698.1,18694,32624,320,305.0,73.0,3211.0
1783929698.6,18694,32624,320,285.0,73.0,3211.0
1783929699.2,18694,32624,320,302.0,73.0,3224.0
1783929699.8,18694,32624,320,292.0,73.0,3198.0
1783929700.4,18694,32624,320,302.0,73.0,3209.0
1783929701.0,18694,32624,320,261.0,73.0,3196.0
1783929701.6,18694,32624,320,289.0,73.0,3184.0
1783929702.2,18694,32624,320,293.0,73.0,3208.0
1783929702.8,18694,32624,320,298.0,73.0,3204.0
1783929703.4,18694,32624,320,283.0,73.0,3190.0
1783929704.0,18694,32624,320,291.0,73.0,3184.0
1783929704.5,18694,32624,320,297.0,73.0,3218.0
1783929705.1,18694,32624,320,298.0,73.0,3217.0
1783929705.7,18694,32624,320,297.0,73.0,3200.0
1783929706.3,18694,32624,320,307.0,73.0,3214.0
1783929706.9,18694,32624,320,302.0,73.0,3215.0
1783929707.5,18694,32624,309,300.0,73.0,3214.0
1783929708.1,18694,32624,309,286.0,73.0,3206.0
1783929708.7,18694,32624,309,304.0,73.0,3222.0
1783929709.3,18694,32624,309,296.0,73.0,3225.0
1783929709.9,18694,32624,309,298.0,73.0,3187.0
1783929710.4,18694,32624,309,297.0,73.0,3197.0
1783929711.0,18694,32624,309,288.0,73.0,3215.0
1783929711.6,18694,32624,320,303.0,73.0,3227.0
1783929712.2,18694,32624,320,294.0,73.0,3190.0
1783929712.8,18694,32624,320,306.0,73.0,3231.0
1783929713.4,18694,32624,320,297.0,73.0,3192.0
1783929714.0,18694,32624,320,298.0,73.0,3212.0
1783929714.6,18694,32624,320,298.0,73.0,3202.0
1783929715.2,18694,32624,320,304.0,73.0,3219.0
1783929715.8,18694,32624,320,329.0,73.0,3209.0
1783929716.4,18694,32624,320,279.0,73.0,3213.0
1783929716.9,18694,32624,320,311.0,73.0,3222.0
1783929717.5,18694,32624,320,296.0,73.0,3210.0
1783929718.1,18694,32624,320,308.0,73.0,3236.0
1783929718.7,18694,32624,320,315.0,73.0,3228.0
1783929719.3,18694,32624,320,281.0,73.0,3216.0
1783929719.9,18694,32624,320,302.0,73.0,3233.0
1783929720.5,18694,32624,320,297.0,73.0,3224.0
1783929721.1,18694,32624,320,300.0,73.0,3215.0
1783929721.7,18694,32624,320,260.0,73.0,3180.0
1783929722.3,18694,32624,309,295.0,73.0,3198.0
1783929722.8,18694,32624,309,306.0,73.0,3226.0
1783929723.4,18694,32624,309,299.0,73.0,3202.0
1783929724.0,18694,32624,309,298.0,73.0,3216.0
1783929724.6,18694,32624,309,310.0,73.0,3220.0
1783929725.2,18694,32624,309,308.0,73.0,3232.0
1783929725.8,18694,32624,309,302.0,73.0,3226.0
1783929726.4,18694,32624,320,306.0,73.0,3210.0
1783929727.0,18694,32624,320,318.0,73.0,3203.0
1783929727.6,18694,32624,320,295.0,73.0,3214.0
1783929728.2,18694,32624,320,293.0,73.0,3212.0
1783929728.7,18694,32624,320,305.0,73.0,3224.0
1783929729.3,18694,32624,320,300.0,73.0,3211.0
1783929729.9,18694,32624,320,271.0,73.0,3188.0
1783929730.5,18694,32624,320,300.0,73.0,3217.0
1783929731.1,18694,32624,320,305.0,73.0,3204.0
1783929731.7,18694,32624,320,303.0,73.0,3215.0
1783929732.3,18694,32624,320,299.0,73.0,3190.0
1783929732.9,18694,32624,320,309.0,73.0,3211.0
1783929733.5,18694,32624,320,263.0,73.0,3188.0
1783929734.1,18694,32624,320,297.0,73.0,3201.0
1783929734.6,18694,32624,320,302.0,73.0,3226.0
1783929735.2,18694,32624,320,304.0,73.0,3206.0
1783929735.8,18694,32624,320,301.0,73.0,3228.0
1783929736.4,18694,32624,320,270.0,73.0,3157.0
1783929737.0,18694,32624,320,291.0,73.0,3182.0
1783929737.6,18694,32624,309,310.0,73.0,3245.0
1783929738.2,18694,32624,309,297.0,73.0,3229.0
1783929738.8,18694,32624,309,304.0,73.0,3205.0
1783929739.4,18694,32624,309,302.0,73.0,3213.0
1783929740.0,18694,32624,309,292.0,73.0,3215.0
1783929740.6,18685,32624,307,304.0,73.0,3220.0
1783929741.2,18685,32624,307,301.0,73.0,3208.0
1783929741.7,18685,32624,318,304.0,73.0,3197.0
1783929742.3,18685,32624,318,314.0,73.0,3213.0
1783929742.9,18685,32624,318,293.0,73.0,3207.0
1783929743.5,18685,32624,318,302.0,73.0,3215.0
1783929744.1,18685,32624,318,299.0,73.0,3229.0
1783929744.7,18685,32624,318,311.0,73.0,3230.0
1783929745.3,18685,32624,318,306.0,73.0,3221.0
1783929745.9,18685,32624,318,312.0,73.0,3206.0
1783929746.5,18685,32624,318,270.0,73.0,3228.0
1783929747.1,18685,32624,318,296.0,73.0,3222.0
1783929747.6,18685,32624,318,305.0,73.0,3232.0
1783929748.2,18685,32624,318,299.0,73.0,3220.0
1783929748.8,18685,32624,318,299.0,73.0,3212.0
1783929749.4,18685,32624,318,309.0,73.0,3222.0
1783929750.0,18685,32624,318,285.0,73.0,3198.0
1783929750.6,18685,32624,318,304.0,73.0,3195.0
1783929751.2,18685,32624,318,298.0,73.0,3216.0
1783929751.8,18685,32624,318,294.0,73.0,3207.0
1783929752.4,18685,32624,307,302.0,73.0,3214.0
1783929753.0,18685,32624,307,312.0,73.0,3204.0
1783929753.6,18685,32624,307,308.0,73.0,3210.0
1783929754.1,18685,32624,307,303.0,73.0,3242.0
1783929754.7,18685,32624,307,310.0,73.0,3240.0
1783929755.3,18685,32624,307,305.0,73.0,3229.0
1783929755.9,18685,32624,307,313.0,73.0,3229.0
1783929756.5,18685,32624,318,335.0,73.0,3205.0
1783929757.1,18685,32624,318,273.0,73.0,3202.0
1783929757.7,18685,32624,318,311.0,73.0,3235.0
1783929758.3,18685,32624,318,302.0,73.0,3226.0
1783929758.9,18685,32624,318,296.0,73.0,3211.0
1783929759.5,18685,32624,318,304.0,73.0,3235.0
1783929760.1,18685,32624,318,307.0,73.0,3200.0
1783929760.6,18685,32624,318,317.0,73.0,3199.0
1783929761.2,18685,32624,318,272.0,73.0,3215.0
1783929761.8,18685,32624,318,307.0,73.0,3241.0
1783929762.4,18685,32624,318,292.0,73.0,3204.0
1783929763.0,18685,32624,318,304.0,73.0,3231.0
1783929763.6,18685,32624,318,301.0,73.0,3216.0
1783929764.2,18685,32624,318,303.0,73.0,3225.0
1783929764.8,18685,32624,318,302.0,73.0,3219.0
1783929765.4,18685,32624,318,320.0,73.0,3222.0
1783929766.0,18685,32624,318,309.0,73.0,3193.0
1783929766.6,18685,32624,318,286.0,73.0,3185.0
1783929767.2,18685,32624,307,312.0,73.0,3241.0
1783929767.7,18685,32624,307,301.0,73.0,3201.0
1783929768.3,18685,32624,307,304.0,73.0,3231.0
1783929768.9,18685,32624,307,309.0,73.0,3215.0
1783929769.5,18685,32624,307,310.0,73.0,3207.0
1783929770.1,18685,32624,307,294.0,73.0,3209.0
1783929770.7,18677,32624,305,311.0,73.0,3229.0
1783929771.3,18677,32624,316,308.0,73.0,3255.0
1783929771.9,18677,32624,316,299.0,73.0,3214.0
1783929772.5,18677,32624,316,305.0,73.0,3226.0
1783929773.1,18677,32624,316,289.0,73.0,3188.0
1783929773.6,18677,32624,316,306.0,73.0,3214.0
1783929774.2,18677,32624,316,301.0,73.0,3241.0
1783929774.8,18677,32624,316,309.0,73.0,3219.0
1783929775.4,18677,32624,316,321.0,73.0,3209.0
1783929776.0,18677,32624,316,280.0,73.0,3201.0
1783929776.6,18677,32624,316,310.0,73.0,3213.0
1783929777.2,18677,32624,316,314.0,73.0,3261.0
1783929777.8,18677,32624,316,303.0,73.0,3224.0
1783929778.4,18677,32624,316,300.0,73.0,3226.0
1783929779.0,18677,32624,316,294.0,73.0,3193.0
1783929779.6,18677,32624,316,301.0,73.0,3211.0
1783929780.1,18677,32624,316,290.0,73.0,3201.0
1783929780.7,18677,32624,316,283.0,73.0,3194.0
1783929781.3,18677,32624,316,296.0,73.0,3211.0
1783929781.9,18677,32624,316,295.0,73.0,3227.0
1783929782.5,18677,32624,305,318.0,73.0,3282.0
1783929783.1,18677,32624,305,299.0,73.0,3206.0
1783929783.7,18677,32624,305,310.0,73.0,3235.0
1783929784.3,18677,32624,305,290.0,73.0,3201.0
1783929784.9,18677,32624,305,313.0,73.0,3210.0
1783929785.5,18677,32624,305,284.0,73.0,3205.0
1783929786.1,18677,32624,305,307.0,73.0,3191.0
1783929786.7,18677,32624,316,304.0,73.0,3221.0
1783929787.2,18677,32624,316,295.0,73.0,3230.0
1783929787.8,18677,32624,316,301.0,73.0,3216.0
1783929788.4,18677,32624,316,301.0,73.0,3204.0
1783929789.0,18677,32624,316,297.0,73.0,3185.0
1783929789.6,18677,32624,316,298.0,73.0,3213.0
1783929790.2,18677,32624,316,312.0,73.0,3212.0
1783929790.8,18677,32624,316,309.0,73.0,3177.0
1783929791.4,18677,32624,316,307.0,73.0,3223.0
1783929792.0,18677,32624,316,279.0,73.0,3193.0
1783929792.6,18677,32624,316,280.0,73.0,3204.0
1783929793.1,18677,32624,316,297.0,73.0,3205.0
1783929793.7,18677,32624,316,302.0,73.0,3204.0
1783929794.3,18677,32624,316,302.0,73.0,3215.0
1783929794.9,18677,32624,316,299.0,73.0,3225.0
1783929795.5,18677,32624,316,308.0,73.0,3226.0
1783929796.1,18677,32624,316,284.0,73.0,3218.0
1783929796.7,18677,32624,316,306.0,73.0,3229.0
1783929797.3,18677,32624,305,301.0,73.0,3201.0
1783929797.9,18677,32624,305,315.0,73.0,3211.0
1783929798.5,18677,32624,305,292.0,73.0,3208.0
1783929799.1,18677,32624,305,291.0,73.0,3212.0
1783929799.6,18677,32624,305,280.0,73.0,3204.0
1783929800.2,18677,32624,305,320.0,73.0,3213.0
1783929800.8,18677,32624,305,303.0,73.0,3216.0
1783929801.4,18677,32624,316,305.0,73.0,3218.0
1783929802.0,18677,32624,316,298.0,73.0,3237.0
1783929802.6,18677,32624,316,299.0,73.0,3210.0
1783929803.2,18677,32624,316,292.0,73.0,3194.0
1783929803.8,18677,32624,316,304.0,73.0,3209.0
1783929804.4,18677,32624,316,305.0,73.0,3203.0
1783929805.0,18677,32624,316,293.0,73.0,3197.0
1783929805.5,18677,32624,316,298.0,73.0,3203.0
1783929806.1,18677,32624,316,300.0,73.0,3207.0
1783929806.7,18677,32624,316,301.0,73.0,3200.0
1783929807.3,18677,32624,316,307.0,73.0,3214.0
1783929807.9,18677,32624,316,305.0,73.0,3233.0
1783929808.5,18677,32624,316,308.0,73.0,3209.0
1783929809.1,18677,32624,316,325.0,73.0,3208.0
1783929809.7,18677,32624,316,276.0,73.0,3188.0
1783929810.3,18677,32624,316,275.0,73.0,3202.0
1783929810.8,18677,32624,316,280.0,73.0,3183.0
1783929811.4,18677,32624,316,304.0,73.0,3214.0
1783929812.0,18677,32624,316,293.0,73.0,3204.0
1783929812.6,18677,32624,305,305.0,73.0,3241.0
1783929813.2,18677,32624,305,288.0,73.0,3210.0
1783929813.8,18677,32624,305,313.0,73.0,3233.0
1783929814.4,18677,32624,305,299.0,73.0,3230.0
1783929815.0,18677,32624,305,298.0,73.0,3208.0
1783929815.6,18677,32624,305,295.0,73.0,3237.0
1783929816.2,18677,32624,305,295.0,73.0,3218.0
1783929816.7,18677,32624,316,298.0,73.0,3221.0
1783929817.3,18677,32624,316,297.0,73.0,3215.0
1783929817.9,18677,32624,316,304.0,73.0,3210.0
1783929818.5,18677,32624,316,305.0,73.0,3216.0
1783929819.1,18677,32624,316,303.0,73.0,3230.0
1783929819.7,18677,32624,316,293.0,73.0,3208.0
1783929820.3,18677,32624,316,308.0,73.0,3237.0
1783929820.9,18677,32624,316,303.0,73.0,3226.0
1783929821.5,18677,32624,316,298.0,73.0,3224.0
1783929822.1,18677,32624,316,310.0,73.0,3220.0
1783929822.6,18677,32624,316,310.0,73.0,3228.0
1783929823.2,18677,32624,316,313.0,73.0,3235.0
1783929823.8,18677,32624,316,301.0,73.0,3225.0
1783929824.4,18677,32624,316,295.0,73.0,3211.0
1783929825.0,18677,32624,316,309.0,73.0,3215.0
1783929825.6,18677,32624,316,299.0,73.0,3210.0
1783929826.2,18677,32624,316,304.0,73.0,3221.0
1783929826.8,18677,32624,316,309.0,73.0,3217.0
1783929827.4,18677,32624,305,297.0,73.0,3220.0
1783929828.0,18677,32624,305,310.0,73.0,3233.0
1783929828.5,18677,32624,305,297.0,73.0,3212.0
1783929829.1,18677,32624,305,305.0,73.0,3230.0
1783929829.7,18677,32624,305,291.0,73.0,3211.0
1783929830.3,18677,32624,305,307.0,73.0,3242.0
1783929830.9,18677,32624,305,304.0,73.0,3237.0
1783929831.5,18677,32624,316,306.0,73.0,3219.0
1783929832.1,18677,32624,316,299.0,73.0,3202.0
1783929832.7,18677,32624,316,318.0,73.0,3238.0
1783929833.3,18677,32624,316,286.0,73.0,3196.0
1783929833.8,18677,32624,316,305.0,73.0,3218.0
1783929834.4,18677,32624,316,307.0,73.0,3211.0
1783929835.0,18677,32624,316,287.0,73.0,3188.0
1783929835.6,18677,32624,316,303.0,73.0,3224.0
1783929836.2,18677,32624,316,315.0,73.0,3235.0
1783929836.8,18677,32624,316,299.0,73.0,3199.0
1783929837.4,18677,32624,316,311.0,73.0,3230.0
1783929838.0,18677,32624,316,301.0,73.0,3210.0
1783929838.6,18677,32624,316,314.0,73.0,3234.0
1783929839.2,18677,32624,316,307.0,73.0,3219.0
1783929839.7,18677,32624,316,307.0,73.0,3217.0
1783929840.3,18677,32624,316,279.0,73.0,3222.0
1783929840.9,18677,32624,316,285.0,73.0,3216.0
1783929841.5,18677,32624,316,271.0,73.0,3203.0
1783929842.1,18677,32624,305,313.0,73.0,3235.0
1783929842.7,18677,32624,305,298.0,73.0,3209.0
1783929843.3,18677,32624,305,301.0,73.0,3203.0
1783929843.9,18677,32624,305,320.0,73.0,3242.0
1783929844.5,18677,32624,305,292.0,73.0,3187.0
1783929845.1,18677,32624,305,303.0,73.0,3218.0
1783929845.7,18677,32624,305,295.0,73.0,3199.0
1783929846.2,18677,32624,305,309.0,73.0,3207.0
1783929846.8,18677,32624,316,270.0,73.0,3212.0
1783929847.4,18677,32624,316,294.0,73.0,3211.0
1783929848.0,18677,32624,316,291.0,73.0,3188.0
1783929848.6,18677,32624,316,287.0,73.0,3211.0
1783929849.2,18677,32624,316,290.0,73.0,3185.0
1783929849.8,18677,32624,316,319.0,73.0,3203.0
1783929850.4,18677,32624,316,314.0,73.0,3227.0
1783929851.0,18677,32624,316,314.0,73.0,3220.0
1783929851.5,18677,32624,316,287.0,73.0,3175.0
1783929852.1,18677,32624,316,292.0,73.0,3198.0
1783929852.7,18677,32624,316,279.0,73.0,3176.0
1783929853.3,18677,32624,316,292.0,73.0,3203.0
1783929853.9,18684,32624,318,307.0,73.0,3212.0
1783929854.5,18684,32624,318,291.0,73.0,3212.0
1783929855.1,18684,32624,318,296.0,73.0,3210.0
1783929855.7,18681,32624,310,304.0,73.0,3224.0
1783929856.3,18681,32624,310,289.0,73.0,3212.0
1783929856.9,18681,32624,310,304.0,73.0,3227.0
1783929857.5,18681,32624,299,306.0,73.0,3236.0
1783929858.0,18681,32624,299,315.0,73.0,3233.0
1783929858.6,18681,32624,299,272.0,73.0,3184.0
1783929859.2,18681,32624,299,281.0,73.0,3204.0
1783929859.8,18681,32624,299,271.0,73.0,3187.0
1783929860.4,18681,32624,299,300.0,73.0,3193.0
1783929861.0,18681,32624,299,293.0,73.0,3203.0
1783929861.6,18681,32624,310,302.0,73.0,3205.0
1783929862.2,18681,32624,310,290.0,73.0,3204.0
1783929862.8,18681,32624,310,313.0,73.0,3222.0
1783929863.4,18681,32624,310,296.0,73.0,3210.0
1783929863.9,18681,32624,310,294.0,73.0,3204.0
1783929864.5,18681,32624,310,301.0,73.0,3239.0
1783929865.1,18681,32624,310,306.0,73.0,3222.0
1783929865.7,18681,32624,310,294.0,73.0,3200.0
1783929866.3,18681,32624,310,307.0,73.0,3207.0
1783929866.9,18681,32624,310,298.0,73.0,3226.0
1783929867.5,18681,32624,310,303.0,73.0,3238.0
1783929868.1,18681,32624,310,305.0,73.0,3232.0
1783929868.7,18681,32624,310,275.0,73.0,3183.0
1783929869.2,18681,32624,310,280.0,73.0,3201.0
1783929869.8,18681,32624,310,278.0,73.0,3196.0
1783929870.4,18681,32624,310,306.0,73.0,3220.0
1783929871.0,18681,32624,310,295.0,73.0,3210.0
1783929871.6,18681,32624,310,304.0,73.0,3233.0
1783929872.2,18681,32624,299,294.0,73.0,3221.0
1783929872.8,18681,32624,299,300.0,73.0,3208.0
1783929873.4,18681,32624,299,311.0,73.0,3223.0
1783929874.0,18681,32624,299,299.0,73.0,3236.0
1783929874.6,18681,32624,299,310.0,73.0,3228.0
1783929875.1,18681,32624,299,307.0,73.0,3219.0
1783929875.7,18681,32624,299,292.0,73.0,3221.0
1783929876.3,18681,32624,310,294.0,73.0,3213.0
1783929876.9,18681,32624,310,292.0,73.0,3209.0
1783929877.5,18681,32624,310,308.0,73.0,3214.0
1783929878.1,18681,32624,310,309.0,73.0,3221.0
1783929878.7,18687,32624,320,311.0,73.0,3226.0
1783929879.3,18687,32624,320,299.0,73.0,3241.0
1783929879.9,18687,32624,320,312.0,73.0,3238.0
1783929880.5,18687,32624,316,290.0,73.0,3195.0
1783929881.1,18687,32624,316,296.0,73.0,3235.0
1783929881.6,18687,32624,316,295.0,73.0,3189.0
1783929882.2,18687,32624,316,290.0,73.0,3206.0
1783929882.8,18687,32624,316,287.0,73.0,3201.0
1783929883.4,18687,32624,316,284.0,73.0,3211.0
1783929884.0,18687,32624,316,306.0,73.0,3214.0
1783929884.6,18687,32624,316,314.0,73.0,3213.0
1783929885.2,18687,32624,316,289.0,73.0,3191.0
1783929885.8,18687,32624,316,292.0,73.0,3189.0
1783929886.4,18687,32624,316,307.0,73.0,3238.0
1783929886.9,18687,32624,316,294.0,73.0,3204.0
1783929887.5,18687,32624,305,314.0,73.0,3236.0
1783929888.1,18687,32624,305,298.0,73.0,3229.0
1783929888.7,18687,32624,305,286.0,73.0,3219.0
1783929889.3,18687,32624,305,279.0,73.0,3200.0
1783929889.9,18687,32624,305,314.0,73.0,3212.0
1783929890.5,18687,32624,305,293.0,73.0,3204.0
1783929891.1,18687,32624,305,289.0,73.0,3189.0
1783929891.7,18687,32624,316,304.0,73.0,3258.0
1783929892.3,18687,32624,316,314.0,73.0,3271.0
1783929892.9,18687,32624,316,296.0,73.0,3215.0
1783929893.4,18687,32624,316,275.0,73.0,3212.0
1783929894.0,18687,32624,316,297.0,73.0,3201.0
1783929894.6,18687,32624,316,289.0,73.0,3184.0
1783929895.2,18687,32624,316,297.0,73.0,3204.0
1783929895.8,18687,32624,316,303.0,73.0,3239.0
1783929896.4,18687,32624,316,305.0,73.0,3244.0
1783929897.0,18687,32624,316,291.0,73.0,3213.0
1783929897.6,18687,32624,316,305.0,73.0,3233.0
1783929898.2,18687,32624,316,285.0,73.0,3206.0
1783929898.8,18687,32624,316,289.0,73.0,3210.0
1783929899.4,18687,32624,316,266.0,73.0,3185.0
1783929899.9,18687,32624,316,334.0,73.0,3234.0
1783929900.5,18687,32624,316,289.0,73.0,3236.0
1783929901.1,18687,32624,316,300.0,73.0,3239.0
1783929901.7,18687,32624,316,289.0,73.0,3212.0
1783929902.3,18687,32624,305,300.0,73.0,3210.0
1783929902.9,18687,32624,305,286.0,73.0,3206.0
1783929903.5,18687,32624,305,335.0,73.0,3208.0
1783929904.1,18687,32624,305,306.0,73.0,3225.0
1783929904.7,18687,32624,305,289.0,73.0,3198.0
1783929905.3,18687,32624,305,292.0,73.0,3232.0
1783929905.8,18687,32624,305,314.0,73.0,3238.0
1783929906.4,18687,32624,316,290.0,73.0,3227.0
1783929907.0,18687,32624,316,286.0,73.0,3212.0
1783929907.6,18687,32624,316,298.0,73.0,3179.0
1783929908.2,18687,32624,316,298.0,73.0,3233.0
1783929908.8,18687,32624,316,300.0,73.0,3204.0
1783929909.4,18687,32624,316,311.0,73.0,3210.0
1783929910.0,18687,32624,316,293.0,73.0,3208.0
1783929910.6,18687,32624,316,319.0,73.0,3236.0
1783929911.1,18687,32624,316,309.0,73.0,3240.0
1783929911.7,18687,32624,316,300.0,73.0,3237.0
1783929912.3,18687,32624,316,290.0,73.0,3198.0
1783929912.9,18687,32624,316,267.0,73.0,3187.0
1783929913.5,18687,32624,316,289.0,73.0,3212.0
1783929914.1,18687,32624,316,311.0,73.0,3168.0
1783929914.7,18687,32624,316,296.0,73.0,3236.0
1783929915.3,18687,32624,316,306.0,73.0,3223.0
1783929915.9,18687,32624,316,293.0,73.0,3240.0
1783929916.5,18687,32624,316,293.0,73.0,3219.0
1783929917.0,18687,32624,316,280.0,73.0,3247.0
1783929917.6,18687,32624,305,318.0,73.0,3234.0
1783929918.2,18687,32624,305,294.0,73.0,3208.0
1783929918.8,18687,32624,305,296.0,73.0,3213.0
1783929919.4,18687,32624,317,63.0,71.0,2771.0
1783929920.0,18696,32624,317,307.0,72.0,3222.0
1783929920.6,18696,32624,317,306.0,72.0,3207.0
1783929921.2,18696,32624,317,304.0,73.0,3242.0
1783929921.8,18696,32624,324,309.0,72.0,3209.0
1783929922.4,18696,32624,324,291.0,72.0,3219.0
1783929922.9,18696,32624,324,301.0,73.0,3236.0
1783929923.5,18696,32624,324,309.0,73.0,3225.0
1783929924.1,18696,32624,324,306.0,72.0,3211.0
1783929924.7,18696,32624,324,294.0,72.0,3184.0
1783929925.3,18696,32624,324,303.0,73.0,3201.0
1783929925.9,18696,32624,324,278.0,73.0,3187.0
1783929926.5,18696,32624,324,297.0,72.0,3205.0
1783929927.1,18696,32624,324,297.0,73.0,3200.0
1783929927.7,18696,32624,324,293.0,73.0,3195.0
1783929928.3,18696,32624,324,299.0,73.0,3202.0
1783929928.8,18696,32624,324,309.0,73.0,3228.0
1783929929.4,18696,32624,324,311.0,73.0,3192.0
1783929930.0,18696,32624,324,320.0,73.0,3258.0
1783929930.6,18696,32624,324,304.0,73.0,3216.0
1783929931.2,18696,32624,324,294.0,73.0,3213.0
1783929931.8,18696,32624,324,295.0,73.0,3217.0
1783929932.4,18696,32624,312,297.0,73.0,3221.0
1783929933.0,18696,32624,312,299.0,73.0,3188.0
1783929933.6,18696,32624,312,308.0,73.0,3217.0
1783929934.2,18696,32624,312,295.0,73.0,3194.0
1783929934.8,18696,32624,312,293.0,73.0,3191.0
1783929935.3,18696,32624,312,303.0,73.0,3213.0
1783929935.9,18696,32624,312,312.0,73.0,3218.0
1783929936.5,18696,32624,322,302.0,73.0,3199.0
1783929937.1,18696,32624,322,293.0,73.0,3207.0
1783929937.7,18696,32624,322,299.0,73.0,3199.0
1783929938.3,18696,32624,322,295.0,73.0,3206.0
1783929938.9,18696,32624,315,45.0,73.0,0.0
1783929939.5,18696,32624,315,306.0,72.0,3253.0
1783929940.1,18696,32624,315,305.0,73.0,3219.0
1783929940.6,18696,32624,315,303.0,72.0,3223.0
1783929941.2,18696,32624,315,302.0,72.0,3215.0
1783929941.8,18696,32624,315,312.0,73.0,3219.0
1783929942.4,18696,32624,315,323.0,72.0,3221.0
1783929943.0,18696,32624,315,300.0,73.0,3230.0
1783929943.6,18696,32624,315,286.0,72.0,3186.0
1783929944.2,18696,32624,315,310.0,73.0,3195.0
1783929944.8,18696,32624,315,308.0,73.0,3240.0
1783929945.4,18696,32624,315,306.0,73.0,3231.0
1783929946.0,18696,32624,315,283.0,73.0,3192.0
1783929946.6,18696,32624,315,295.0,73.0,3206.0
1783929947.2,18696,32624,310,310.0,73.0,3238.0
1783929947.7,18696,32624,310,303.0,73.0,3207.0
1783929948.3,18696,32624,310,300.0,73.0,3189.0
1783929948.9,18696,32624,310,288.0,73.0,3199.0
1783929949.5,18696,32624,310,301.0,73.0,3218.0
1783929950.1,18696,32624,310,288.0,73.0,3170.0
1783929950.7,18696,32624,310,304.0,73.0,3225.0
1783929951.3,18696,32624,324,314.0,73.0,3232.0
1783929951.9,18696,32624,324,298.0,73.0,3222.0
1783929952.5,18694,32624,316,300.0,73.0,3215.0
1783929953.1,18694,32624,316,272.0,73.0,3208.0
1783929953.7,18694,32624,316,301.0,73.0,3223.0
1783929954.2,18694,32624,316,305.0,73.0,3217.0
1783929954.8,18694,32624,316,256.0,73.0,3217.0
1783929955.4,18694,32624,303,305.0,73.0,3198.0
1783929956.0,18694,32624,303,302.0,73.0,3205.0
1783929956.6,18694,32624,303,286.0,73.0,3216.0
1783929957.2,18694,32624,303,302.0,73.0,3243.0
1783929957.8,18694,32624,303,294.0,73.0,3222.0
1783929958.4,18694,32624,303,262.0,73.0,3203.0
1783929959.0,18694,32624,303,308.0,73.0,3233.0
1783929959.6,18694,32624,303,296.0,73.0,3200.0
1783929960.2,18694,32624,303,275.0,73.0,3195.0
1783929960.7,18694,32624,303,297.0,73.0,3191.0
1783929961.3,18694,32624,303,302.0,73.0,3212.0
1783929961.9,18694,32624,303,305.0,73.0,3218.0
1783929962.5,18694,32624,304,313.0,73.0,3207.0
1783929963.1,18694,32624,304,299.0,73.0,3229.0
1783929963.7,18694,32624,304,300.0,73.0,3172.0
1783929964.3,18694,32624,304,295.0,73.0,3174.0
1783929964.9,18694,32624,304,299.0,73.0,3221.0
1783929965.5,18694,32624,304,298.0,73.0,3209.0
1783929966.1,18694,32624,304,307.0,73.0,3226.0
1783929966.6,18694,32624,316,319.0,73.0,3188.0
1783929967.2,18694,32624,316,306.0,73.0,3223.0
1783929967.8,18694,32624,316,297.0,73.0,3205.0
1783929968.4,18694,32624,316,313.0,73.0,3221.0
1783929969.0,18694,32624,316,303.0,72.0,3215.0
1783929969.6,18694,32624,316,303.0,73.0,3232.0
1783929970.2,18694,32624,316,305.0,73.0,3208.0
1783929970.8,18694,32624,316,292.0,73.0,3201.0
1783929971.4,18694,32624,316,308.0,73.0,3221.0
1783929972.0,18694,32624,316,305.0,73.0,3227.0
1783929972.5,18694,32624,316,294.0,73.0,3189.0
1783929973.1,18694,32624,316,300.0,73.0,3174.0
1783929973.7,18694,32624,316,295.0,73.0,3197.0
1783929974.3,18694,32624,316,312.0,73.0,3248.0
1783929974.9,18694,32624,316,305.0,73.0,3211.0
1783929975.5,18694,32624,316,269.0,73.0,3186.0
1783929976.1,18694,32624,316,300.0,73.0,3193.0
1783929976.7,18694,32624,316,296.0,73.0,3184.0
1783929977.3,18694,32624,304,306.0,73.0,3220.0
1783929977.9,18694,32624,304,298.0,73.0,3196.0
1783929978.5,18694,32624,304,303.0,73.0,3228.0
1783929979.0,18694,32624,304,306.0,73.0,3231.0
1783929979.6,18694,32624,304,297.0,73.0,3227.0
1783929980.2,18694,32624,304,307.0,73.0,3200.0
1783929980.8,18694,32624,304,259.0,73.0,3191.0
1783929981.4,18694,32624,316,307.0,73.0,3244.0
1783929982.0,18694,32624,316,307.0,73.0,3214.0
1783929982.6,18694,32624,316,305.0,73.0,3203.0
1783929983.2,18694,32624,316,248.0,73.0,3187.0
1783929983.8,18694,32624,316,308.0,73.0,3237.0
1783929984.4,18694,32624,324,290.0,73.0,3197.0
1783929984.9,18694,32624,324,298.0,73.0,3205.0
1783929985.5,18694,32624,324,310.0,73.0,3205.0
1783929986.1,18694,32624,324,285.0,73.0,3209.0
1783929986.7,18694,32624,324,309.0,73.0,3244.0
1783929987.3,18694,32624,324,298.0,73.0,3202.0
1783929987.9,18694,32624,324,300.0,73.0,3211.0
1783929988.5,18694,32624,324,288.0,73.0,3202.0
1783929989.1,18694,32624,317,232.0,71.0,2830.0
1783929989.7,18694,32624,317,312.0,72.0,3234.0
1783929990.3,18694,32624,317,318.0,72.0,3232.0
1783929990.8,18694,32624,317,301.0,73.0,3236.0
1783929991.4,18694,32624,317,303.0,72.0,3206.0
1783929992.0,18694,32624,317,269.0,72.0,3209.0
1783929992.6,18694,32624,312,299.0,73.0,3220.0
1783929993.2,18694,32624,312,314.0,73.0,3222.0
1783929993.8,18694,32624,312,259.0,73.0,3205.0
1783929994.4,18694,32624,312,308.0,73.0,3213.0
1783929995.0,18694,32624,312,301.0,72.0,3224.0
1783929995.6,18694,32624,312,283.0,73.0,3222.0
1783929996.2,18694,32624,312,306.0,73.0,3229.0
1783929996.8,18694,32624,324,303.0,73.0,3219.0
1783929997.3,18694,32624,324,317.0,73.0,3175.0
1783929997.9,18694,32624,324,299.0,73.0,3195.0
1783929998.5,18694,32624,324,310.0,73.0,3224.0
1783929999.1,18694,32624,324,286.0,73.0,3193.0
1783929999.7,18694,32624,324,285.0,73.0,3182.0
1783930000.3,18694,32624,324,309.0,73.0,3228.0
1783930000.9,18694,32624,324,301.0,73.0,3221.0
1783930001.5,18694,32624,324,305.0,73.0,3200.0
1783930002.1,18694,32624,324,314.0,73.0,3227.0
1783930002.7,18694,32624,324,312.0,73.0,3236.0
1783930003.2,18694,32624,324,301.0,73.0,3204.0
1783930003.8,18694,32624,324,300.0,73.0,3207.0
1783930004.4,18694,32624,324,300.0,73.0,3209.0
1783930005.0,18694,32624,324,305.0,73.0,3224.0
1783930005.6,18694,32624,324,300.0,73.0,3213.0
1783930006.2,18694,32624,324,305.0,73.0,3228.0
1783930006.8,18694,32624,324,302.0,73.0,3222.0
1783930007.4,18694,32624,312,298.0,73.0,3206.0
1783930008.0,18694,32624,312,283.0,73.0,3185.0
1783930008.6,18694,32624,312,309.0,73.0,3239.0
1783930009.2,18694,32624,312,297.0,73.0,3226.0
1783930009.7,18694,32624,312,291.0,73.0,3212.0
1783930010.3,18694,32624,312,300.0,73.0,3221.0
1783930010.9,18694,32624,312,286.0,73.0,3175.0
1783930011.5,18694,32624,324,302.0,73.0,3209.0
1783930012.1,18694,32624,324,304.0,73.0,3213.0
1783930012.7,18694,32624,324,298.0,73.0,3209.0
1783930013.3,18694,32624,324,297.0,73.0,3221.0
1783930013.9,18694,32624,324,330.0,73.0,3199.0
1783930014.5,18694,32624,324,307.0,73.0,3220.0
1783930015.1,18694,32624,324,300.0,73.0,3235.0
1783930015.7,18694,32624,324,298.0,73.0,3195.0
1783930016.2,18694,32624,324,304.0,73.0,3225.0
1783930016.8,18694,32624,324,306.0,73.0,3231.0
1783930017.4,18694,32624,324,294.0,73.0,3202.0
1783930018.0,18694,32624,324,279.0,73.0,3198.0
1783930018.6,18694,32624,324,315.0,73.0,3248.0
1783930019.2,18694,32624,324,295.0,73.0,3210.0
1783930019.8,18694,32624,324,293.0,73.0,3186.0
1783930020.4,18694,32624,324,265.0,73.0,3212.0
1783930021.0,18694,32624,324,297.0,73.0,3232.0
1783930021.6,18694,32624,324,306.0,73.0,3235.0
1783930022.1,18694,32624,312,287.0,73.0,3202.0
1783930022.7,18694,32624,312,289.0,73.0,3186.0
1783930023.3,18694,32624,312,296.0,73.0,3207.0
1783930023.9,18694,32624,312,301.0,73.0,3220.0
1783930024.5,18694,32624,312,282.0,73.0,3173.0
1783930025.1,18694,32624,312,305.0,73.0,3232.0
1783930025.7,18694,32624,312,301.0,73.0,3219.0
1783930026.3,18694,32624,324,252.0,73.0,3203.0
1783930026.9,18694,32624,324,297.0,73.0,3199.0
1783930027.5,18694,32624,324,306.0,73.0,3236.0
1783930028.0,18694,32624,324,299.0,73.0,3208.0
1783930028.6,18694,32624,324,299.0,73.0,3196.0
1783930029.2,18694,32624,324,293.0,73.0,3213.0
1783930029.8,18694,32624,324,293.0,73.0,3230.0
1783930030.4,18694,32624,324,306.0,73.0,3211.0
1783930031.0,18694,32624,324,301.0,73.0,3205.0
1783930031.6,18694,32624,324,288.0,73.0,3205.0
1783930032.2,18694,32624,324,300.0,73.0,3201.0
1783930032.8,18694,32624,324,302.0,73.0,3225.0
1783930033.4,18694,32624,324,298.0,73.0,3217.0
1783930033.9,18699,32624,328,291.0,73.0,3175.0
1783930034.5,18699,32624,328,297.0,73.0,3223.0
1783930035.1,18699,32624,328,300.0,73.0,3199.0
1783930035.7,18695,32624,318,296.0,73.0,3208.0
1783930036.3,18695,32624,318,301.0,73.0,3200.0
1783930036.9,18695,32624,318,297.0,73.0,3211.0
1783930037.5,18695,32624,306,300.0,73.0,3198.0
1783930038.1,18695,32624,306,290.0,73.0,3210.0
1783930038.7,18695,32624,306,299.0,73.0,3169.0
1783930039.3,18695,32624,306,277.0,73.0,3196.0
1783930039.8,18695,32624,306,299.0,73.0,3204.0
1783930040.4,18695,32624,306,302.0,73.0,3207.0
1783930041.0,18695,32624,306,301.0,73.0,3231.0
1783930041.6,18695,32624,318,306.0,73.0,3212.0
1783930042.2,18695,32624,318,255.0,73.0,3199.0
1783930042.8,18695,32624,318,299.0,73.0,3227.0
1783930043.4,18695,32624,318,302.0,73.0,3211.0
1783930044.0,18695,32624,318,306.0,73.0,3198.0
1783930044.6,18695,32624,318,273.0,73.0,3186.0
1783930045.2,18695,32624,318,294.0,73.0,3209.0
1783930045.8,18695,32624,318,302.0,73.0,3212.0
1783930046.3,18695,32624,318,305.0,73.0,3212.0
1783930046.9,18695,32624,318,315.0,73.0,3214.0
1783930047.5,18695,32624,318,312.0,73.0,3224.0
1783930048.1,18695,32624,318,301.0,73.0,3223.0
1783930048.7,18695,32624,318,297.0,73.0,3195.0
1783930049.3,18695,32624,318,305.0,73.0,3203.0
1783930049.9,18695,32624,318,300.0,73.0,3213.0
1783930050.5,18695,32624,318,301.0,73.0,3219.0
1783930051.1,18695,32624,318,293.0,73.0,3180.0
1783930051.7,18695,32624,318,303.0,73.0,3230.0
1783930052.2,18695,32624,306,302.0,73.0,3198.0
1783930052.8,18695,32624,306,298.0,73.0,3196.0
1783930053.4,18695,32624,306,299.0,73.0,3209.0
1783930054.0,18695,32624,311,46.0,73.0,0.0
1783930054.6,18695,32624,311,251.0,71.0,2931.0
1783930055.2,18695,32624,311,300.0,73.0,3210.0
1783930055.8,18695,32624,311,291.0,73.0,3201.0
1783930056.4,18695,32624,318,300.0,73.0,3217.0
1783930057.0,18695,32624,318,296.0,73.0,3188.0
1783930057.6,18695,32624,318,282.0,73.0,3196.0
1783930058.1,18695,32624,318,302.0,73.0,3224.0
1783930058.7,18695,32624,318,309.0,73.0,3232.0
1783930059.3,18695,32624,318,307.0,73.0,3218.0
1783930059.9,18695,32624,318,302.0,73.0,3232.0
1783930060.5,18695,32624,318,289.0,73.0,3194.0
1783930061.1,18695,32624,318,298.0,73.0,3210.0
1783930061.7,18695,32624,318,225.0,73.0,3222.0
1783930062.3,18695,32624,318,293.0,73.0,3199.0
1783930062.9,18695,32624,318,303.0,73.0,3211.0
1783930063.5,18695,32624,318,288.0,73.0,3179.0
1783930064.1,18695,32624,318,313.0,73.0,3234.0
1783930064.6,18695,32624,318,290.0,73.0,3187.0
1783930065.2,18695,32624,318,293.0,73.0,3179.0
1783930065.8,18695,32624,318,307.0,73.0,3227.0
1783930066.4,18695,32624,318,283.0,73.0,3192.0
1783930067.0,18695,32624,318,309.0,73.0,3238.0
1783930067.6,18695,32624,306,262.0,73.0,3203.0
1783930068.2,18695,32624,306,299.0,73.0,3221.0
1783930068.8,18695,32624,306,302.0,73.0,3203.0
1783930069.4,18695,32624,306,319.0,73.0,3230.0
1783930070.0,18695,32624,306,310.0,73.0,3212.0
1783930070.5,18695,32624,306,299.0,73.0,3209.0
1783930071.1,18695,32624,306,305.0,73.0,3207.0
1783930071.7,18695,32624,318,315.0,73.0,3204.0
1783930072.3,18695,32624,318,307.0,73.0,3240.0
1783930072.9,18695,32624,318,306.0,73.0,3238.0
1783930073.5,18695,32624,318,289.0,73.0,3194.0
1783930074.1,18695,32624,318,282.0,73.0,3193.0
1783930074.7,18695,32624,318,310.0,73.0,3232.0
1783930075.3,18695,32624,318,295.0,73.0,3218.0
1783930075.9,18695,32624,318,286.0,73.0,3196.0
1783930076.4,18695,32624,318,288.0,73.0,3195.0
1783930077.0,18695,32624,318,304.0,73.0,3210.0
1783930077.6,18695,32624,318,301.0,73.0,3205.0
1783930078.2,18695,32624,318,298.0,73.0,3195.0
1783930078.8,18695,32624,318,295.0,73.0,3187.0
1783930079.4,18695,32624,318,288.0,73.0,3178.0
1783930080.0,18695,32624,318,304.0,73.0,3222.0
1783930080.6,18695,32624,318,280.0,73.0,3158.0
1783930081.2,18695,32624,318,298.0,73.0,3223.0
1783930081.8,18695,32624,318,303.0,73.0,3215.0
1783930082.3,18695,32624,306,289.0,73.0,3168.0
1783930082.9,18695,32624,306,275.0,73.0,3178.0
1783930083.5,18695,32624,306,310.0,73.0,3249.0
1783930084.1,18695,32624,306,301.0,73.0,3194.0
1783930084.7,18695,32624,306,304.0,73.0,3207.0
1783930085.3,18695,32624,311,228.0,71.0,2884.0
1783930085.9,18695,32624,311,312.0,72.0,3242.0
1783930086.5,18695,32624,318,304.0,72.0,3213.0
1783930087.1,18695,32624,318,276.0,73.0,3211.0
1783930087.7,18695,32624,318,314.0,72.0,3249.0
1783930088.2,18695,32624,318,300.0,73.0,3220.0
1783930088.8,18695,32624,318,295.0,72.0,3211.0
1783930089.4,18695,32624,318,304.0,73.0,3227.0
1783930090.0,18695,32624,318,316.0,73.0,3222.0
1783930090.6,18695,32624,318,309.0,73.0,3223.0
1783930091.2,18695,32624,318,303.0,73.0,3227.0
1783930091.8,18695,32624,318,303.0,73.0,3221.0
1783930092.4,18695,32624,305,293.0,73.0,3200.0
1783930093.0,18695,32624,305,304.0,73.0,3236.0
1783930093.6,18695,32624,305,300.0,73.0,3200.0
1783930094.1,18695,32624,305,305.0,73.0,3205.0
1783930094.7,18695,32624,305,308.0,73.0,3233.0
1783930095.3,18695,32624,305,298.0,73.0,3225.0
1783930095.9,18695,32624,305,302.0,73.0,3226.0
1783930096.5,18695,32624,305,287.0,73.0,3192.0
1783930097.1,18695,32624,305,307.0,73.0,3233.0
1783930097.7,18695,32624,305,302.0,73.0,3212.0
1783930098.3,18695,32624,309,202.0,71.0,2732.0
1783930098.9,18695,32624,309,294.0,72.0,3238.0
1783930099.5,18695,32624,309,298.0,72.0,3219.0
1783930100.1,18695,32624,309,294.0,72.0,3209.0
1783930100.7,18695,32624,309,291.0,73.0,3182.0
1783930101.2,18695,32624,309,308.0,72.0,3259.0
1783930101.8,18695,32624,318,300.0,73.0,3201.0
1783930102.4,18695,32624,318,318.0,73.0,3217.0
1783930103.0,18695,32624,318,301.0,72.0,3219.0
1783930103.6,18695,32624,318,302.0,73.0,3216.0
1783930104.2,18695,32624,318,312.0,73.0,3232.0
1783930104.8,18695,32624,318,299.0,72.0,3199.0
1783930105.4,18695,32624,318,306.0,73.0,3222.0
1783930106.0,18695,32624,318,299.0,73.0,3205.0
1783930106.6,18695,32624,318,281.0,73.0,3197.0
1783930107.1,18695,32624,318,298.0,73.0,3213.0
1783930107.7,18695,32624,318,303.0,73.0,3213.0
1783930108.3,18695,32624,318,303.0,73.0,3183.0
1783930108.9,18695,32624,318,308.0,73.0,3224.0
1783930109.5,18695,32624,318,290.0,73.0,3160.0
1783930110.1,18695,32624,318,330.0,73.0,3191.0
1783930110.7,18695,32624,318,309.0,73.0,3234.0
1783930111.3,18695,32624,318,304.0,73.0,3235.0
1783930111.9,18695,32624,318,289.0,73.0,3202.0
1783930112.5,18695,32624,306,310.0,73.0,3243.0
1783930113.0,18695,32624,306,289.0,73.0,3193.0
1783930113.6,18695,32624,306,309.0,73.0,3233.0
1783930114.2,18695,32624,306,299.0,73.0,3172.0
1783930114.8,18695,32624,306,302.0,73.0,3214.0
1783930115.4,18695,32624,306,311.0,73.0,3233.0
1783930116.0,18695,32624,306,302.0,73.0,3223.0
1783930116.6,18695,32624,318,265.0,73.0,3223.0
1783930117.2,18695,32624,318,300.0,73.0,3176.0
1783930117.8,18695,32624,318,310.0,73.0,3221.0
1783930118.4,18695,32624,318,301.0,73.0,3203.0
1783930118.9,18695,32624,318,287.0,73.0,3200.0
1783930119.5,18695,32624,318,298.0,73.0,3217.0
1783930120.1,18695,32624,318,297.0,73.0,3213.0
1783930120.7,18695,32624,318,276.0,73.0,3201.0
1783930121.3,18695,32624,318,289.0,73.0,3184.0
1783930121.9,18695,32624,318,311.0,73.0,3234.0
1783930122.5,18695,32624,318,304.0,73.0,3204.0
1783930123.1,18695,32624,318,313.0,73.0,3222.0
1783930123.7,18695,32624,318,308.0,73.0,3233.0
1783930124.3,18695,32624,318,307.0,73.0,3228.0
1783930124.8,18695,32624,318,311.0,73.0,3208.0
1783930125.4,18695,32624,318,315.0,73.0,3229.0
1783930126.0,18695,32624,318,308.0,73.0,3222.0
1783930126.6,18695,32624,318,294.0,73.0,3221.0
1783930127.2,18695,32624,306,284.0,73.0,3198.0
1783930127.8,18695,32624,306,300.0,73.0,3203.0
1783930128.4,18695,32624,306,302.0,73.0,3216.0
1783930129.0,18695,32624,306,311.0,73.0,3225.0
1783930129.6,18695,32624,306,284.0,73.0,3179.0
1783930130.2,18695,32624,306,304.0,73.0,3227.0
1783930130.8,18695,32624,306,303.0,73.0,3218.0
1783930131.4,18695,32624,318,266.0,73.0,3190.0
1783930132.0,18695,32624,318,309.0,73.0,3247.0
1783930132.5,18695,32624,318,301.0,73.0,3229.0
1783930133.1,18695,32624,318,283.0,73.0,3197.0
1783930133.7,18695,32624,318,291.0,73.0,3195.0
1783930134.3,18695,32624,318,300.0,73.0,3194.0
1783930134.9,18695,32624,318,293.0,73.0,3202.0
1783930135.5,18695,32624,318,292.0,73.0,3197.0
1783930136.1,18695,32624,318,299.0,73.0,3205.0
1783930136.7,18695,32624,318,300.0,73.0,3208.0
1783930137.3,18695,32624,318,301.0,73.0,3229.0
1783930137.9,18695,32624,318,306.0,73.0,3203.0
1783930138.4,18695,32624,318,303.0,73.0,3195.0
1783930139.0,18695,32624,318,294.0,73.0,3186.0
1783930139.6,18695,32624,318,308.0,73.0,3213.0
1783930140.2,18695,32624,318,292.0,73.0,3184.0
1783930140.8,18695,32624,318,301.0,73.0,3194.0
1783930141.4,18695,32624,318,306.0,73.0,3238.0
1783930142.0,18695,32624,318,294.0,73.0,3200.0
1783930142.6,18695,32624,306,300.0,73.0,3194.0
1783930143.2,18695,32624,306,308.0,73.0,3196.0
1783930143.8,18695,32624,306,297.0,73.0,3208.0
1783930144.4,18695,32624,306,294.0,73.0,3189.0
1783930144.9,18695,32624,306,304.0,73.0,3208.0
1783930145.5,18695,32624,306,269.0,73.0,3184.0
1783930146.1,18695,32624,306,297.0,73.0,3203.0
1783930146.7,18695,32624,318,302.0,73.0,3230.0
1783930147.3,18695,32624,318,300.0,73.0,3234.0
1783930147.9,18695,32624,318,322.0,73.0,3200.0
1783930148.5,18695,32624,318,285.0,73.0,3205.0
1783930149.1,18695,32624,318,306.0,73.0,3210.0
1783930149.7,18695,32624,318,298.0,73.0,3220.0
1783930150.3,18695,32624,318,303.0,73.0,3216.0
1783930150.8,18695,32624,318,294.0,73.0,3191.0
1783930151.4,18695,32624,318,296.0,73.0,3215.0
1783930152.0,18695,32624,318,291.0,73.0,3196.0
1783930152.6,18695,32624,318,295.0,73.0,3189.0
1783930153.2,18695,32624,318,297.0,73.0,3189.0
1783930153.8,18695,32624,318,307.0,73.0,3223.0
1783930154.4,18695,32624,318,311.0,73.0,3216.0
1783930155.0,18695,32624,318,307.0,73.0,3221.0
1783930155.6,18695,32624,318,298.0,73.0,3200.0
1783930156.2,18695,32624,318,307.0,73.0,3190.0
1783930156.8,18695,32624,318,281.0,73.0,3175.0
1783930157.3,18695,32624,306,303.0,73.0,3234.0
1783930157.9,18695,32624,306,293.0,73.0,3191.0
1783930158.5,18695,32624,306,301.0,73.0,3199.0
1783930159.1,18695,32624,306,307.0,73.0,3213.0
1783930159.7,18695,32624,306,280.0,73.0,3195.0
1783930160.3,18695,32624,306,310.0,73.0,3216.0
1783930160.9,18695,32624,306,314.0,73.0,3222.0
1783930161.5,18695,32624,318,310.0,73.0,3233.0
1783930162.1,18695,32624,318,301.0,73.0,3207.0
1783930162.6,18695,32624,318,297.0,73.0,3213.0
1783930163.2,18695,32624,318,288.0,73.0,3180.0
1783930163.8,18695,32624,318,285.0,73.0,3198.0
1783930164.4,18695,32624,318,300.0,73.0,3232.0
1783930165.0,18695,32624,318,301.0,73.0,3223.0
1783930165.6,18695,32624,318,299.0,73.0,3219.0
1783930166.2,18695,32624,318,308.0,73.0,3232.0
1783930166.8,18696,32624,311,225.0,71.0,2627.0
1783930167.4,18702,32624,311,303.0,72.0,3243.0
1783930168.0,18702,32624,311,305.0,73.0,3242.0
1783930168.6,18702,32624,311,311.0,73.0,3229.0
1783930169.1,18702,32624,311,303.0,73.0,3228.0
1783930169.7,18702,32624,311,307.0,73.0,3251.0
1783930170.3,18702,32624,311,313.0,73.0,3230.0
1783930170.9,18702,32624,311,276.0,73.0,3202.0
1783930171.5,18702,32624,311,297.0,73.0,3241.0
1783930172.1,18702,32624,311,305.0,73.0,3244.0
1783930172.7,18702,32624,306,279.0,73.0,3199.0
1783930173.3,18702,32624,306,300.0,73.0,3216.0
1783930173.9,18702,32624,306,283.0,73.0,3193.0
1783930174.5,18702,32624,306,310.0,73.0,3201.0
1783930175.1,18702,32624,306,302.0,73.0,3203.0
1783930175.6,18702,32624,306,293.0,73.0,3201.0
1783930176.2,18702,32624,306,294.0,73.0,3173.0
1783930176.8,18702,32624,318,302.0,73.0,3196.0
1783930177.4,18702,32624,318,295.0,73.0,3244.0
1783930178.0,18702,32624,318,301.0,73.0,3226.0
1783930178.6,18702,32624,318,309.0,73.0,3221.0
1783930179.2,18702,32624,318,311.0,73.0,3206.0
1783930179.8,18702,32624,318,306.0,73.0,3239.0
1783930180.4,18702,32624,318,304.0,73.0,3223.0
1783930181.0,18702,32624,318,273.0,73.0,3193.0
1783930181.6,18702,32624,318,313.0,73.0,3253.0
1783930182.2,18702,32624,318,305.0,73.0,3207.0
1783930182.7,18702,32624,318,304.0,73.0,3212.0
1783930183.3,18702,32624,318,308.0,73.0,3238.0
1783930183.9,18702,32624,318,292.0,73.0,3174.0
1783930184.5,18702,32624,318,292.0,73.0,3196.0
1783930185.1,18702,32624,318,304.0,73.0,3209.0
1783930185.7,18702,32624,318,296.0,73.0,3206.0
1783930186.3,18702,32624,318,300.0,73.0,3197.0
1783930186.9,18702,32624,318,296.0,73.0,3217.0
1783930187.5,18702,32624,312,315.0,73.0,3249.0
1783930188.1,18702,32624,312,312.0,73.0,3218.0
1783930188.7,18702,32624,312,298.0,73.0,3191.0
1783930189.2,18702,32624,312,306.0,73.0,3213.0
1783930189.8,18702,32624,312,301.0,73.0,3213.0
1783930190.4,18702,32624,312,305.0,73.0,3220.0
1783930191.0,18702,32624,312,285.0,73.0,3182.0
1783930191.6,18702,32624,318,301.0,73.0,3198.0
1783930192.2,18702,32624,318,306.0,73.0,3252.0
1783930192.8,18702,32624,318,298.0,73.0,3212.0
1783930193.4,18702,32624,318,256.0,73.0,3197.0
1783930194.0,18702,32624,318,297.0,73.0,3217.0
1783930194.6,18702,32624,318,310.0,73.0,3222.0
1783930195.1,18702,32624,318,302.0,73.0,3232.0
1783930195.7,18702,32624,318,278.0,73.0,3195.0
1783930196.3,18702,32624,318,304.0,73.0,3236.0
1783930196.9,18702,32624,318,312.0,73.0,3230.0
1783930197.5,18702,32624,318,286.0,73.0,3164.0
1783930198.1,18702,32624,318,306.0,73.0,3216.0
1783930198.7,18702,32624,318,297.0,73.0,3204.0
1783930199.3,18702,32624,318,309.0,73.0,3223.0
1783930199.9,18702,32624,318,310.0,73.0,3222.0
1783930200.5,18702,32624,318,288.0,73.0,3209.0
1783930201.1,18702,32624,318,299.0,73.0,3234.0
1783930201.6,18702,32624,318,311.0,73.0,3223.0
1783930202.2,18702,32624,306,311.0,73.0,3199.0
1783930202.8,18702,32624,306,289.0,73.0,3191.0
1783930203.4,18702,32624,311,85.0,72.0,3178.0
1783930204.0,18702,32624,311,287.0,73.0,3185.0
1783930204.6,18702,32624,311,314.0,73.0,3235.0
1783930205.2,18702,32624,311,318.0,73.0,3220.0
1783930205.8,18702,32624,311,281.0,73.0,3207.0
1783930206.4,18702,32624,318,300.0,73.0,3231.0
1783930207.0,18702,32624,318,302.0,73.0,3209.0
1783930207.5,18702,32624,318,280.0,73.0,3175.0
1783930208.1,18702,32624,318,301.0,73.0,3206.0
1783930208.7,18702,32624,318,305.0,73.0,3212.0
1783930209.3,18702,32624,318,283.0,73.0,3194.0
1783930209.9,18702,32624,318,304.0,73.0,3229.0
1783930210.5,18702,32624,318,306.0,73.0,3229.0
1783930211.1,18702,32624,318,320.0,73.0,3219.0
1783930211.7,18702,32624,318,296.0,73.0,3230.0
1783930212.3,18702,32624,318,315.0,73.0,3245.0
1783930212.9,18702,32624,318,291.0,73.0,3213.0
1783930213.5,18702,32624,318,269.0,73.0,3190.0
1783930214.0,18702,32624,318,314.0,73.0,3239.0
1783930214.6,18702,32624,318,302.0,73.0,3218.0
1783930215.2,18702,32624,318,287.0,73.0,3209.0
1783930215.8,18702,32624,318,302.0,73.0,3211.0
1783930216.4,18702,32624,318,299.0,73.0,3205.0
1783930217.0,18702,32624,318,302.0,73.0,3193.0
1783930217.6,18702,32624,306,259.0,73.0,3208.0
1783930218.2,18702,32624,306,299.0,73.0,3212.0
1783930218.8,18702,32624,306,302.0,73.0,3216.0
1783930219.4,18702,32624,306,326.0,73.0,3218.0
1783930220.0,18702,32624,306,307.0,73.0,3243.0
1783930220.5,18702,32624,306,308.0,73.0,3249.0
1783930221.1,18702,32624,306,311.0,73.0,3209.0
1783930221.7,18702,32624,318,289.0,73.0,3217.0
1783930222.3,18702,32624,311,44.0,72.0,0.0
1783930222.9,18702,32624,311,290.0,72.0,3141.0
1783930223.5,18702,32624,311,304.0,72.0,3238.0
1783930224.1,18702,32624,311,307.0,73.0,3230.0
1783930224.7,18702,32624,311,299.0,72.0,3223.0
1783930225.3,18702,32624,311,296.0,73.0,3227.0
1783930225.9,18702,32624,311,310.0,73.0,3240.0
1783930226.4,18702,32624,311,308.0,73.0,3198.0
1783930227.0,18702,32624,311,317.0,73.0,3248.0
1783930227.6,18702,32624,311,314.0,73.0,3250.0
1783930228.2,18702,32624,311,306.0,73.0,3233.0
1783930228.8,18702,32624,311,275.0,73.0,3189.0
1783930229.4,18702,32624,311,313.0,73.0,3248.0
1783930230.0,18702,32624,311,312.0,73.0,3246.0
1783930230.6,18702,32624,311,288.0,73.0,3196.0
1783930231.2,18702,32624,311,310.0,73.0,3250.0
1783930231.8,18702,32624,311,301.0,73.0,3231.0
1783930232.4,18702,32624,306,308.0,73.0,3197.0
1783930232.9,18702,32624,306,306.0,73.0,3217.0
1783930233.5,18702,32624,306,302.0,73.0,3223.0
1783930234.1,18702,32624,306,273.0,73.0,3191.0
1783930234.7,18702,32624,306,297.0,73.0,3224.0
1783930235.3,18702,32624,306,306.0,73.0,3226.0
1783930235.9,18702,32624,306,298.0,73.0,3209.0
1783930236.5,18702,32624,318,294.0,73.0,3195.0
1783930237.1,18702,32624,318,300.0,73.0,3195.0
1783930237.7,18702,32624,318,296.0,73.0,3212.0
1783930238.3,18702,32624,318,288.0,73.0,3211.0
1783930238.9,18702,32624,318,302.0,73.0,3231.0
1783930239.4,18702,32624,318,288.0,73.0,3209.0
1783930240.0,18702,32624,318,273.0,73.0,3178.0
1783930240.6,18702,32624,311,46.0,73.0,0.0
1783930241.2,18702,32624,311,286.0,71.0,3088.0
1783930241.8,18702,32624,311,304.0,72.0,3256.0
1783930242.4,18702,32624,311,309.0,73.0,3213.0
1783930243.0,18702,32624,311,307.0,73.0,3197.0
1783930243.6,18702,32624,311,298.0,73.0,3211.0
1783930244.2,18702,32624,311,307.0,73.0,3224.0
1783930244.8,18702,32624,311,313.0,73.0,3226.0
1783930245.4,18702,32624,311,289.0,73.0,3222.0
1783930245.9,18702,32624,311,294.0,73.0,3206.0
1783930246.5,18702,32624,311,310.0,73.0,3232.0
1783930247.1,18702,32624,311,297.0,73.0,3200.0
1783930247.7,18702,32624,306,322.0,73.0,3218.0
1783930248.3,18702,32624,306,301.0,73.0,3221.0
1783930248.9,18702,32624,306,296.0,73.0,3215.0
1783930249.5,18702,32624,306,287.0,73.0,3198.0
1783930250.1,18702,32624,306,305.0,73.0,3209.0
1783930250.7,18702,32624,306,307.0,73.0,3227.0
1783930251.3,18702,32624,306,282.0,73.0,3195.0
1783930251.9,18702,32624,318,321.0,73.0,3273.0
1783930252.5,18702,32624,318,293.0,73.0,3193.0
1783930253.0,18702,32624,318,255.0,73.0,3224.0
1783930253.6,18702,32624,318,305.0,73.0,3219.0
1783930254.2,18702,32624,318,301.0,73.0,3214.0
1783930254.8,18702,32624,318,303.0,73.0,3213.0
1783930255.4,18702,32624,318,283.0,73.0,3182.0
1783930256.0,18702,32624,318,307.0,73.0,3232.0
1783930256.6,18702,32624,318,311.0,73.0,3218.0
1783930257.2,18702,32624,318,297.0,73.0,3193.0
1783930257.8,18702,32624,318,271.0,73.0,3201.0
1783930258.4,18702,32624,318,304.0,73.0,3228.0
1783930258.9,18702,32624,318,299.0,73.0,3213.0
1783930259.5,18702,32624,318,308.0,73.0,3221.0
1783930260.1,18702,32624,318,305.0,73.0,3206.0
1783930260.7,18702,32624,318,306.0,73.0,3211.0
1783930261.3,18702,32624,318,303.0,73.0,3210.0
1783930261.9,18702,32624,318,305.0,73.0,3222.0
1783930262.5,18702,32624,305,292.0,73.0,3175.0
1783930263.1,18702,32624,305,304.0,73.0,3229.0
1783930263.7,18702,32624,305,301.0,73.0,3220.0
1783930264.3,18702,32624,305,290.0,73.0,3181.0
1783930264.8,18702,32624,305,303.0,73.0,3211.0
1783930265.4,18702,32624,305,299.0,73.0,3192.0
1783930266.0,18702,32624,305,297.0,73.0,3194.0
1783930266.6,18702,32624,316,266.0,73.0,3208.0
1783930267.2,18702,32624,316,300.0,73.0,3235.0
1783930267.8,18702,32624,316,292.0,73.0,3200.0
1783930268.4,18702,32624,316,298.0,73.0,3207.0
1783930269.0,18702,32624,316,213.0,73.0,3252.0
1783930269.6,18702,32624,316,308.0,73.0,3230.0
1783930270.2,18702,32624,316,313.0,73.0,3223.0
1783930270.7,18702,32624,316,300.0,73.0,3209.0
1783930271.3,18702,32624,316,310.0,73.0,3232.0
1783930271.9,18702,32624,316,274.0,73.0,3169.0
1783930272.5,18702,32624,316,294.0,73.0,3229.0
1783930273.1,18702,32624,316,297.0,73.0,3200.0
1783930273.7,18702,32624,316,306.0,73.0,3217.0
1783930274.3,18702,32624,316,303.0,73.0,3200.0
1783930274.9,18702,32624,316,290.0,73.0,3196.0
1783930275.5,18702,32624,316,304.0,73.0,3229.0
1783930276.0,18702,32624,316,305.0,73.0,3214.0
1783930276.6,18702,32624,316,297.0,73.0,3210.0
1783930277.2,18702,32624,304,308.0,73.0,3234.0
1783930277.8,18702,32624,304,295.0,73.0,3212.0
1783930278.4,18702,32624,304,307.0,73.0,3221.0
1783930279.0,18702,32624,304,269.0,73.0,3215.0
1783930279.6,18702,32624,304,305.0,73.0,3206.0
1783930280.2,18702,32624,304,290.0,73.0,3215.0
1783930280.8,18702,32624,304,309.0,73.0,3234.0
1783930281.4,18702,32624,316,291.0,73.0,3198.0
1783930282.0,18702,32624,316,297.0,73.0,3209.0
1783930282.5,18702,32624,316,295.0,73.0,3181.0
1783930283.1,18702,32624,316,301.0,73.0,3220.0
1783930283.7,18702,32624,316,298.0,73.0,3220.0
1783930284.3,18702,32624,316,285.0,73.0,3200.0
1783930284.9,18702,32624,316,304.0,73.0,3202.0
1783930285.5,18702,32624,316,304.0,73.0,3229.0
1783930286.1,18702,32624,316,288.0,73.0,3184.0
1783930286.7,18702,32624,316,293.0,73.0,3188.0
1783930287.3,18702,32624,316,308.0,73.0,3215.0
1783930287.9,18702,32624,316,307.0,73.0,3245.0
1783930288.4,18702,32624,316,289.0,73.0,3195.0
1783930289.0,18702,32624,316,309.0,73.0,3213.0
1783930289.6,18702,32624,316,279.0,73.0,3205.0
1783930290.2,18702,32624,316,309.0,73.0,3236.0
1783930290.8,18702,32624,316,298.0,73.0,3214.0
1783930291.4,18702,32624,316,294.0,73.0,3184.0
1783930292.0,18702,32624,316,274.0,73.0,3191.0
1783930292.6,18702,32624,304,302.0,73.0,3226.0
1783930293.2,18702,32624,304,309.0,73.0,3246.0
1783930293.8,18702,32624,304,298.0,73.0,3217.0
1783930294.3,18702,32624,304,310.0,73.0,3205.0
1783930294.9,18702,32624,304,289.0,73.0,3204.0
1783930295.5,18702,32624,304,296.0,73.0,3211.0
1783930296.1,18702,32624,304,292.0,73.0,3200.0
1783930296.7,18702,32624,316,287.0,73.0,3181.0
1783930297.3,18702,32624,316,275.0,73.0,3186.0
1783930297.9,18702,32624,316,298.0,73.0,3210.0
1783930298.5,18702,32624,316,297.0,73.0,3214.0
1783930299.1,18702,32624,316,303.0,73.0,3219.0
1783930299.7,18702,32624,316,314.0,73.0,3225.0
1783930300.3,18702,32624,316,268.0,73.0,3176.0
1783930300.8,18702,32624,316,301.0,73.0,3199.0
1783930301.4,18702,32624,316,298.0,73.0,3214.0
1783930302.0,18702,32624,316,290.0,73.0,3204.0
1783930302.6,18702,32624,316,296.0,73.0,3213.0
1783930303.2,18702,32624,316,317.0,73.0,3208.0
1783930303.8,18702,32624,316,303.0,73.0,3229.0
1783930304.4,18702,32624,316,293.0,73.0,3217.0
1783930305.0,18702,32624,316,301.0,73.0,3214.0
1783930305.6,18702,32624,316,301.0,73.0,3237.0
1783930306.2,18702,32624,309,44.0,72.0,0.0
1783930306.7,18702,32624,309,293.0,72.0,3129.0
1783930307.3,18702,32624,304,316.0,73.0,3260.0
1783930307.9,18702,32624,304,290.0,73.0,3196.0
1783930308.5,18702,32624,304,309.0,73.0,3231.0
1783930309.1,18702,32624,304,298.0,73.0,3232.0
1783930309.7,18702,32624,304,293.0,73.0,3214.0
1783930310.3,18702,32624,304,299.0,73.0,3225.0
1783930310.9,18702,32624,304,281.0,73.0,3194.0
1783930311.5,18702,32624,316,304.0,73.0,3214.0
1783930312.1,18702,32624,316,294.0,73.0,3182.0
1783930312.6,18702,32624,316,297.0,73.0,3230.0
1783930313.2,18702,32624,316,281.0,73.0,3193.0
1783930313.8,18702,32624,316,294.0,73.0,3205.0
1783930314.4,18702,32624,316,303.0,73.0,3230.0
1783930315.0,18702,32624,316,277.0,73.0,3185.0
1783930315.6,18702,32624,316,299.0,73.0,3234.0
1783930316.2,18708,32624,326,307.0,73.0,3237.0
1783930316.8,18708,32624,326,316.0,73.0,3233.0
1783930317.4,18708,32624,326,298.0,73.0,3218.0
1783930317.9,18708,32624,324,297.0,73.0,3205.0
1783930318.5,18708,32624,324,305.0,73.0,3214.0
1783930319.1,18708,32624,324,282.0,73.0,3202.0
1783930319.7,18708,32624,324,299.0,73.0,3245.0
1783930320.3,18708,32624,324,296.0,73.0,3211.0
1783930320.9,18708,32624,324,305.0,73.0,3196.0
1783930321.5,18708,32624,324,297.0,73.0,3193.0
1783930322.1,18708,32624,324,291.0,73.0,3214.0
1783930322.7,18708,32624,312,296.0,73.0,3182.0
1783930323.3,18708,32624,312,302.0,73.0,3225.0
1783930323.8,18708,32624,312,281.0,73.0,3208.0
1783930324.4,18708,32624,312,302.0,73.0,3204.0
1783930325.0,18708,32624,312,308.0,73.0,3216.0
1783930325.6,18708,32624,312,284.0,73.0,3213.0
1783930326.2,18708,32624,312,306.0,73.0,3219.0
1783930326.8,18708,32624,324,288.0,73.0,3185.0
1783930327.4,18708,32624,324,297.0,73.0,3210.0
1783930328.0,18708,32624,324,281.0,73.0,3197.0
1783930328.6,18708,32624,324,314.0,73.0,3253.0
1783930329.2,18708,32624,324,295.0,73.0,3214.0
1783930329.7,18708,32624,324,293.0,73.0,3204.0
1783930330.3,18708,32624,324,274.0,73.0,3201.0
1783930330.9,18708,32624,324,306.0,73.0,3224.0
1783930331.5,18708,32624,324,307.0,73.0,3230.0
1783930332.1,18708,32624,324,294.0,73.0,3204.0
1783930332.7,18708,32624,324,284.0,73.0,3181.0
1783930333.3,18708,32624,324,318.0,73.0,3254.0
1783930333.9,18711,32624,326,311.0,73.0,3231.0
1783930334.5,18711,32624,326,300.0,73.0,3199.0
1783930335.1,18711,32624,326,304.0,73.0,3217.0
1783930335.7,18707,32624,314,308.0,73.0,3234.0
1783930336.2,18707,32624,314,305.0,73.0,3214.0
1783930336.8,18707,32624,314,261.0,73.0,3206.0
1783930337.4,18707,32624,302,313.0,73.0,3219.0
1783930338.0,18707,32624,302,307.0,73.0,3256.0
1783930338.6,18707,32624,302,305.0,73.0,3217.0
1783930339.2,18707,32624,302,291.0,73.0,3199.0
1783930339.8,18707,32624,302,298.0,73.0,3231.0
1783930340.4,18707,32624,302,311.0,73.0,3214.0
1783930341.0,18707,32624,302,308.0,73.0,3217.0
1783930341.6,18707,32624,314,316.0,73.0,3244.0
1783930342.1,18707,32624,314,295.0,73.0,3211.0
1783930342.7,18707,32624,314,300.0,73.0,3202.0
1783930343.3,18707,32624,314,321.0,73.0,3191.0
1783930343.9,18707,32624,314,298.0,73.0,3214.0
1783930344.5,18707,32624,314,299.0,73.0,3207.0
1783930345.1,18707,32624,314,306.0,73.0,3218.0
1783930345.7,18707,32624,314,302.0,73.0,3202.0
1783930346.3,18707,32624,314,303.0,73.0,3193.0
1783930346.9,18707,32624,314,312.0,73.0,3250.0
1783930347.5,18707,32624,314,302.0,73.0,3214.0
1783930348.1,18707,32624,314,265.0,73.0,3189.0
1783930348.6,18707,32624,314,302.0,73.0,3213.0
1783930349.2,18707,32624,314,295.0,73.0,3195.0
1783930349.8,18707,32624,314,295.0,73.0,3225.0
1783930350.4,18707,32624,314,308.0,73.0,3194.0
1783930351.0,18707,32624,314,294.0,73.0,3208.0
1783930351.6,18707,32624,314,297.0,73.0,3202.0
1783930352.2,18707,32624,314,311.0,73.0,3231.0
1783930352.8,18707,32624,302,314.0,73.0,3218.0
1783930353.4,18707,32624,302,286.0,73.0,3200.0
1783930354.0,18707,32624,302,309.0,73.0,3239.0
1783930354.5,18707,32624,302,302.0,73.0,3210.0
1783930355.1,18707,32624,302,293.0,73.0,3206.0
1783930355.7,18707,32624,302,310.0,73.0,3214.0
1783930356.3,18707,32624,302,309.0,73.0,3214.0
1783930356.9,18707,32624,314,286.0,73.0,3184.0
1783930357.5,18707,32624,314,302.0,73.0,3211.0
1783930358.1,18707,32624,314,307.0,73.0,3217.0
1783930358.7,18707,32624,314,258.0,73.0,3160.0
1783930359.3,18707,32624,314,303.0,73.0,3209.0
1783930359.9,18707,32624,314,294.0,73.0,3218.0
1783930360.4,18707,32624,314,290.0,73.0,3210.0
1783930361.0,18707,32624,314,271.0,73.0,3195.0
1783930361.6,18707,32624,314,297.0,73.0,3199.0
1783930362.2,18707,32624,314,307.0,73.0,3235.0
1783930362.8,18707,32624,314,310.0,73.0,3217.0
1783930363.4,18707,32624,314,293.0,73.0,3199.0
1783930364.0,18707,32624,314,292.0,73.0,3193.0
1783930364.6,18707,32624,314,303.0,73.0,3244.0
1783930365.2,18707,32624,314,292.0,73.0,3188.0
1783930365.8,18707,32624,314,302.0,73.0,3223.0
1783930366.3,18707,32624,314,308.0,73.0,3225.0
1783930366.9,18707,32624,314,277.0,73.0,3213.0
1783930367.5,18707,32624,302,314.0,73.0,3214.0
1783930368.1,18707,32624,302,296.0,73.0,3181.0
1783930368.7,18707,32624,302,302.0,73.0,3220.0
1783930369.3,18707,32624,302,291.0,73.0,3202.0
1783930369.9,18707,32624,302,295.0,73.0,3204.0
1783930370.5,18707,32624,302,327.0,73.0,3199.0
1783930371.1,18707,32624,302,302.0,73.0,3196.0
1783930371.7,18707,32624,314,302.0,73.0,3162.0
1783930372.2,18707,32624,314,301.0,73.0,3244.0
1783930372.8,18707,32624,314,301.0,73.0,3212.0
1783930373.4,18707,32624,314,309.0,73.0,3235.0
1783930374.0,18707,32624,314,293.0,73.0,3200.0
1783930374.6,18707,32624,314,266.0,73.0,3207.0
1783930375.2,18707,32624,314,308.0,73.0,3233.0
1783930375.8,18707,32624,314,310.0,73.0,3196.0
1783930376.4,18707,32624,314,300.0,73.0,3214.0
1783930377.0,18707,32624,314,294.0,73.0,3208.0
1783930377.6,18707,32624,314,282.0,73.0,3200.0
1783930378.1,18707,32624,314,301.0,73.0,3200.0
1783930378.7,18707,32624,314,296.0,73.0,3216.0
1783930379.3,18707,32624,314,303.0,73.0,3227.0
1783930379.9,18707,32624,314,303.0,73.0,3229.0
1783930380.5,18707,32624,314,309.0,73.0,3239.0
1783930381.1,18707,32624,314,314.0,73.0,3202.0
1783930381.7,18707,32624,314,281.0,73.0,3193.0
1783930382.3,18707,32624,302,306.0,73.0,3238.0
1783930382.9,18707,32624,302,301.0,73.0,3198.0
1783930383.5,18707,32624,302,290.0,73.0,3210.0
1783930384.0,18707,32624,302,305.0,73.0,3213.0
1783930384.6,18707,32624,302,306.0,73.0,3191.0
1783930385.2,18707,32624,302,300.0,73.0,3218.0
1783930385.8,18707,32624,302,298.0,73.0,3215.0
1783930386.4,18707,32624,314,309.0,73.0,3234.0
1783930387.0,18707,32624,314,288.0,73.0,3200.0
1783930387.6,18707,32624,314,310.0,73.0,3223.0
1783930388.2,18707,32624,314,277.0,73.0,3196.0
1783930388.8,18707,32624,314,304.0,73.0,3214.0
1783930389.4,18707,32624,314,299.0,73.0,3216.0
1783930390.0,18707,32624,314,307.0,73.0,3227.0
1783930390.5,18707,32624,314,292.0,73.0,3205.0
1783930391.1,18707,32624,314,312.0,73.0,3228.0
1783930391.7,18707,32624,314,283.0,73.0,3195.0
1783930392.3,18707,32624,314,298.0,73.0,3206.0
1783930392.9,18707,32624,314,304.0,73.0,3222.0
1783930393.5,18703,32624,314,297.0,73.0,3185.0
1783930394.1,18703,32624,314,292.0,73.0,3209.0
1783930394.7,18703,32624,314,308.0,73.0,3223.0
1783930395.3,18703,32624,314,310.0,73.0,3202.0
1783930395.9,18703,32624,314,310.0,73.0,3218.0
1783930396.5,18703,32624,314,306.0,73.0,3214.0
1783930397.0,18703,32624,314,310.0,73.0,3213.0
1783930397.6,18703,32624,302,309.0,73.0,3244.0
1783930398.2,18703,32624,302,302.0,73.0,3213.0
1783930398.8,18703,32624,302,303.0,73.0,3226.0
1783930399.4,18703,32624,302,286.0,73.0,3205.0
1783930400.0,18703,32624,302,304.0,73.0,3239.0
1783930400.6,18703,32624,302,312.0,73.0,3234.0
1783930401.2,18703,32624,302,297.0,73.0,3213.0
1783930401.8,18703,32624,314,301.0,73.0,3235.0
1783930402.4,18703,32624,314,293.0,73.0,3190.0
1783930403.0,18703,32624,314,304.0,73.0,3226.0
1783930403.5,18703,32624,314,301.0,73.0,3253.0
1783930404.1,18703,32624,314,311.0,73.0,3203.0
1783930404.7,18703,32624,314,233.0,73.0,3190.0
1783930405.3,18703,32624,314,302.0,73.0,3217.0
1783930405.9,18703,32624,314,304.0,73.0,3233.0
1783930406.5,18703,32624,314,304.0,73.0,3239.0
1783930407.1,18703,32624,314,301.0,73.0,3218.0
1783930407.7,18703,32624,314,297.0,73.0,3194.0
1783930408.3,18703,32624,314,296.0,73.0,3210.0
1783930408.9,18703,32624,314,305.0,73.0,3240.0
1783930409.5,18703,32624,314,304.0,73.0,3205.0
1783930410.1,18703,32624,314,307.0,73.0,3262.0
1783930410.6,18703,32624,314,311.0,73.0,3236.0
1783930411.2,18703,32624,314,303.0,73.0,3231.0
1783930411.8,18703,32624,314,315.0,73.0,3235.0
1783930412.4,18703,32624,302,302.0,73.0,3223.0
1783930413.0,18703,32624,302,310.0,73.0,3196.0
1783930413.6,18703,32624,302,269.0,73.0,3200.0
1783930414.2,18703,32624,302,307.0,73.0,3216.0
1783930414.8,18703,32624,302,296.0,73.0,3200.0
1783930415.4,18703,32624,302,309.0,73.0,3255.0
1783930416.0,18703,32624,302,299.0,73.0,3198.0
1783930416.6,18703,32624,314,284.0,73.0,3218.0
1783930417.2,18703,32624,314,309.0,73.0,3240.0
1783930417.8,18703,32624,314,315.0,73.0,3240.0
1783930418.3,18703,32624,314,305.0,73.0,3226.0
1783930418.9,18703,32624,314,301.0,73.0,3219.0
1783930419.5,18703,32624,314,308.0,73.0,3212.0
1783930420.1,18703,32624,314,306.0,73.0,3213.0
1783930420.7,18703,32624,314,302.0,73.0,3201.0
1783930421.3,18703,32624,314,281.0,73.0,3171.0
1783930421.9,18703,32624,314,304.0,73.0,3200.0
1783930422.5,18703,32624,314,304.0,73.0,3232.0
1783930423.1,18703,32624,314,304.0,73.0,3212.0
1783930423.7,18703,32624,314,303.0,73.0,3216.0
1783930424.2,18703,32624,314,301.0,73.0,3221.0
1783930424.8,18703,32624,314,301.0,73.0,3200.0
1783930425.4,18703,32624,314,301.0,73.0,3207.0
1783930426.0,18703,32624,314,315.0,73.0,3201.0
1783930426.6,18703,32624,314,279.0,73.0,3200.0
1783930427.2,18703,32624,314,300.0,73.0,3196.0
1783930427.8,18703,32624,302,309.0,73.0,3232.0
1783930428.4,18703,32624,302,302.0,73.0,3255.0
1783930429.0,18703,32624,302,294.0,73.0,3223.0
1783930429.6,18703,32624,302,305.0,73.0,3233.0
1783930430.2,18703,32624,302,281.0,73.0,3202.0
1783930430.7,18703,32624,302,300.0,73.0,3219.0
1783930431.3,18703,32624,314,307.0,73.0,3251.0
1783930431.9,18703,32624,314,296.0,73.0,3212.0
1783930432.5,18703,32624,314,313.0,73.0,3201.0
1783930433.1,18703,32624,314,263.0,73.0,3207.0
1783930433.7,18703,32624,314,300.0,73.0,3213.0
1783930434.3,18703,32624,314,305.0,73.0,3228.0
1783930434.9,18703,32624,314,303.0,73.0,3218.0
1783930435.5,18703,32624,314,305.0,73.0,3239.0
1783930436.1,18703,32624,314,307.0,73.0,3239.0
1783930436.6,18703,32624,314,302.0,73.0,3224.0
1783930437.2,18703,32624,314,307.0,73.0,3231.0
1783930437.8,18703,32624,314,304.0,73.0,3211.0
1783930438.4,18703,32624,314,304.0,73.0,3230.0
1783930439.0,18703,32624,314,304.0,73.0,3196.0
1783930439.6,18703,32624,314,298.0,73.0,3211.0
1783930440.2,18703,32624,314,297.0,73.0,3229.0
1783930440.8,18703,32624,314,312.0,73.0,3212.0
1783930441.4,18703,32624,314,309.0,73.0,3228.0
1783930442.0,18703,32624,314,274.0,73.0,3193.0
1783930442.5,18703,32624,302,282.0,73.0,3200.0
1783930443.1,18703,32624,302,263.0,73.0,3165.0
1783930443.7,18703,32624,302,302.0,73.0,3245.0
1783930444.3,18703,32624,302,294.0,73.0,3244.0
1783930444.9,18703,32624,302,295.0,73.0,3226.0
1783930445.5,18703,32624,302,312.0,73.0,3238.0
1783930446.1,18703,32624,302,301.0,73.0,3224.0
1783930446.7,18703,32624,314,311.0,73.0,3244.0
1783930447.3,18703,32624,314,308.0,73.0,3231.0
1783930447.9,18703,32624,314,279.0,73.0,3196.0
1783930448.5,18703,32624,314,304.0,73.0,3212.0
1783930449.1,18703,32624,314,319.0,73.0,3270.0
1783930449.6,18703,32624,314,309.0,73.0,3202.0
1783930450.2,18703,32624,314,305.0,73.0,3223.0
1783930450.8,18703,32624,314,309.0,73.0,3227.0
1783930451.4,18703,32624,314,302.0,73.0,3222.0
1783930452.0,18703,32624,314,316.0,73.0,3212.0
1783930452.6,18703,32624,314,302.0,73.0,3205.0
1783930453.2,18703,32624,314,290.0,73.0,3192.0
1783930453.8,18703,32624,314,304.0,73.0,3196.0
1783930454.4,18703,32624,314,291.0,73.0,3191.0
1783930455.0,18703,32624,314,293.0,73.0,3190.0
1783930455.6,18703,32624,314,266.0,73.0,3203.0
1783930456.1,18703,32624,314,309.0,73.0,3239.0
1783930456.7,18703,32624,314,305.0,73.0,3211.0
1783930457.3,18703,32624,302,312.0,73.0,3243.0
1783930457.9,18703,32624,302,306.0,73.0,3221.0
1783930458.5,18703,32624,302,302.0,73.0,3219.0
1783930459.1,18703,32624,302,308.0,73.0,3229.0
1783930459.7,18703,32624,302,306.0,73.0,3230.0
1783930460.3,18703,32624,307,68.0,71.0,3004.0
1783930460.9,18704,32624,307,274.0,72.0,3069.0
1783930461.5,18704,32624,314,302.0,72.0,3208.0
1783930462.1,18704,32624,314,293.0,73.0,3192.0
1783930462.7,18704,32624,314,289.0,73.0,3204.0
1783930463.2,18704,32624,314,267.0,73.0,3232.0
1783930463.8,18704,32624,314,306.0,73.0,3247.0
1783930464.4,18704,32624,314,305.0,73.0,3223.0
1783930465.0,18704,32624,314,324.0,73.0,3192.0
1783930465.6,18704,32624,314,306.0,73.0,3227.0
1783930466.2,18704,32624,314,309.0,73.0,3220.0
1783930466.8,18704,32624,314,319.0,73.0,3190.0
1783930467.4,18704,32624,314,295.0,73.0,3212.0
1783930468.0,18704,32624,314,299.0,73.0,3207.0
1783930468.6,18704,32624,314,312.0,73.0,3222.0
1783930469.2,18704,32624,314,308.0,73.0,3193.0
1783930469.7,18704,32624,314,308.0,73.0,3217.0
1783930470.3,18704,32624,314,305.0,73.0,3221.0
1783930470.9,18704,32624,314,272.0,73.0,3222.0
1783930471.5,18704,32624,314,302.0,73.0,3232.0
1783930472.1,18704,32624,314,298.0,73.0,3215.0
1783930472.7,18704,32624,302,294.0,73.0,3213.0
1783930473.3,18704,32624,302,282.0,73.0,3193.0
1783930473.9,18704,32624,302,298.0,73.0,3237.0
1783930474.5,18704,32624,302,309.0,73.0,3226.0
1783930475.1,18704,32624,302,313.0,73.0,3192.0
1783930475.7,18704,32624,302,306.0,73.0,3212.0
1783930476.2,18704,32624,302,301.0,73.0,3225.0
1783930476.8,18704,32624,314,287.0,73.0,3214.0
1783930477.4,18704,32624,314,327.0,73.0,3235.0
1783930478.0,18704,32624,314,295.0,73.0,3229.0
1783930478.6,18704,32624,314,294.0,73.0,3224.0
1783930479.2,18704,32624,314,271.0,73.0,3169.0
1783930479.8,18704,32624,314,303.0,73.0,3225.0
1783930480.4,18704,32624,314,303.0,73.0,3226.0
1783930481.0,18704,32624,314,301.0,73.0,3212.0
1783930481.6,18704,32624,314,314.0,73.0,3230.0
1783930482.2,18704,32624,314,273.0,73.0,3215.0
1783930482.7,18704,32624,314,311.0,73.0,3263.0
1783930483.3,18704,32624,314,294.0,73.0,3201.0
1783930483.9,18704,32624,314,305.0,73.0,3209.0
1783930484.5,18704,32624,314,287.0,73.0,3217.0
1783930485.1,18704,32624,314,293.0,73.0,3221.0
1783930485.7,18704,32624,314,297.0,73.0,3222.0
1783930486.3,18704,32624,314,306.0,73.0,3207.0
1783930486.9,18704,32624,314,307.0,73.0,3215.0
1783930487.5,18704,32624,302,307.0,73.0,3230.0
1783930488.1,18704,32624,302,292.0,73.0,3208.0
1783930488.7,18704,32624,302,308.0,73.0,3197.0
1783930489.2,18704,32624,302,306.0,73.0,3179.0
1783930489.8,18704,32624,302,295.0,73.0,3177.0
1783930490.4,18704,32624,302,299.0,73.0,3229.0
1783930491.0,18704,32624,302,323.0,73.0,3215.0
1783930491.6,18704,32624,314,308.0,73.0,3227.0
1783930492.2,18704,32624,314,308.0,73.0,3231.0
1783930492.8,18704,32624,314,304.0,73.0,3236.0
1783930493.4,18704,32624,314,315.0,73.0,3201.0
1783930494.0,18704,32624,314,305.0,73.0,3202.0
1783930494.5,18704,32624,314,296.0,73.0,3211.0
1783930495.1,18704,32624,314,296.0,73.0,3208.0
1783930495.7,18704,32624,314,317.0,73.0,3200.0
1783930496.3,18704,32624,314,305.0,73.0,3199.0
1783930496.9,18704,32624,314,302.0,73.0,3197.0
1783930497.5,18704,32624,314,311.0,73.0,3228.0
1783930498.1,18704,32624,314,302.0,73.0,3223.0
1783930498.7,18704,32624,314,296.0,73.0,3190.0
1783930499.3,18704,32624,314,298.0,73.0,3206.0
1783930499.9,18704,32624,314,302.0,73.0,3205.0
1783930500.5,18704,32624,314,297.0,73.0,3217.0
1783930501.0,18704,32624,314,262.0,73.0,3222.0
1783930501.6,18704,32624,314,305.0,73.0,3242.0
1783930502.2,18704,32624,314,295.0,73.0,3205.0
1783930502.8,18704,32624,302,307.0,73.0,3219.0
1783930503.4,18704,32624,302,306.0,73.0,3207.0
1783930504.0,18704,32624,302,300.0,73.0,3226.0
1783930504.6,18704,32624,302,304.0,73.0,3237.0
1783930505.2,18704,32624,302,310.0,73.0,3267.0
1783930505.8,18704,32624,302,305.0,73.0,3229.0
1783930506.4,18704,32624,314,311.0,73.0,3232.0
1783930507.0,18704,32624,314,310.0,73.0,3202.0
1783930507.5,18704,32624,314,307.0,73.0,3234.0
1783930508.1,18704,32624,314,303.0,73.0,3217.0
1783930508.7,18704,32624,314,269.0,73.0,3195.0
1783930509.3,18704,32624,314,307.0,73.0,3234.0
1783930509.9,18704,32624,314,300.0,73.0,3219.0
1783930510.5,18704,32624,314,299.0,73.0,3227.0
1783930511.1,18704,32624,314,312.0,73.0,3211.0
1783930511.7,18704,32624,314,295.0,73.0,3195.0
1783930512.3,18704,32624,314,293.0,73.0,3220.0
1783930512.9,18704,32624,314,292.0,73.0,3198.0
1783930513.5,18705,32624,318,315.0,73.0,3252.0
1783930514.1,18705,32624,318,290.0,73.0,3210.0
1783930514.6,18705,32624,318,304.0,73.0,3240.0
1783930515.2,18705,32624,318,298.0,73.0,3216.0
1783930515.8,18705,32624,318,301.0,73.0,3208.0
1783930516.4,18705,32624,318,300.0,73.0,3182.0
1783930517.0,18705,32624,318,290.0,73.0,3194.0
1783930517.6,18705,32624,306,298.0,73.0,3228.0
1783930518.2,18705,32624,306,304.0,73.0,3235.0
1783930518.8,18705,32624,306,309.0,73.0,3216.0
1783930519.4,18705,32624,306,303.0,73.0,3213.0
1783930520.0,18705,32624,306,282.0,73.0,3191.0
1783930520.5,18705,32624,306,300.0,73.0,3221.0
1783930521.1,18705,32624,306,294.0,73.0,3213.0
1783930521.7,18705,32624,318,320.0,73.0,3280.0
1783930522.3,18705,32624,318,291.0,73.0,3200.0
1783930522.9,18705,32624,318,319.0,73.0,3192.0
1783930523.5,18705,32624,318,266.0,73.0,3222.0
1783930524.1,18705,32624,318,296.0,73.0,3213.0
1783930524.7,18705,32624,318,294.0,73.0,3210.0
1783930525.3,18705,32624,318,299.0,73.0,3209.0
1783930525.9,18705,32624,318,295.0,73.0,3197.0
1783930526.4,18705,32624,318,291.0,73.0,3194.0
1783930527.0,18705,32624,318,283.0,73.0,3188.0
1783930527.6,18705,32624,318,306.0,73.0,3225.0
1783930528.2,18705,32624,318,290.0,73.0,3210.0
1783930528.8,18705,32624,318,299.0,73.0,3204.0
1783930529.4,18705,32624,318,303.0,73.0,3220.0
1783930530.0,18705,32624,318,304.0,73.0,3230.0
1783930530.6,18705,32624,318,319.0,73.0,3220.0
1783930531.2,18705,32624,318,314.0,73.0,3227.0
1783930531.8,18705,32624,318,299.0,73.0,3206.0
1783930532.3,18705,32624,306,309.0,73.0,3243.0
1783930532.9,18705,32624,306,297.0,73.0,3208.0
1783930533.5,18705,32624,306,319.0,73.0,3184.0
1783930534.1,18705,32624,306,273.0,73.0,3204.0
1783930534.7,18705,32624,306,307.0,73.0,3233.0
1783930535.3,18705,32624,306,305.0,73.0,3253.0
1783930535.9,18705,32624,306,304.0,73.0,3237.0
1783930536.5,18705,32624,318,306.0,73.0,3221.0
1783930537.1,18705,32624,318,291.0,73.0,3179.0
1783930537.7,18705,32624,318,267.0,73.0,3179.0
1783930538.2,18705,32624,318,317.0,73.0,3239.0
1783930538.8,18705,32624,318,306.0,73.0,3240.0
1783930539.4,18705,32624,318,307.0,73.0,3232.0
1783930540.0,18705,32624,318,300.0,73.0,3211.0
1783930540.6,18705,32624,318,301.0,73.0,3211.0
1783930541.2,18705,32624,318,300.0,73.0,3213.0
1783930541.8,18705,32624,318,322.0,73.0,3187.0
1783930542.4,18705,32624,318,262.0,73.0,3184.0
1783930543.0,18705,32624,318,302.0,73.0,3227.0
1783930543.6,4778,32624,102,101.0,72.0,3304.0
1783930544.1,721,32624,102,28.0,70.0,0.0
1783930544.7,708,32624,86,17.0,69.0,0.0
1783930545.3,708,32624,86,17.0,69.0,0.0
1783930545.9,719,32624,86,34.0,69.0,0.0
1783930546.5,719,32624,86,16.0,68.0,0.0
1783930547.1,719,32624,86,17.0,67.0,0.0
1783930547.7,719,32624,84,16.0,67.0,0.0
1783930548.3,719,32624,84,16.0,67.0,0.0
1783930548.9,719,32624,84,15.0,66.0,0.0
1783930549.5,719,32624,84,17.0,66.0,0.0
1783930550.1,719,32624,84,17.0,65.0,0.0
1783930550.7,719,32624,84,15.0,65.0,0.0
1783930551.3,719,32624,84,15.0,65.0,0.0
1783930551.8,719,32624,95,17.0,64.0,0.0
1783930552.4,719,32624,95,15.0,64.0,0.0
1783930553.0,719,32624,95,14.0,63.0,0.0
1783930553.6,719,32624,95,15.0,63.0,0.0
1783930554.2,719,32624,95,15.0,63.0,0.0
1783930554.8,719,32624,95,15.0,63.0,0.0
1783930555.4,719,32624,95,15.0,62.0,0.0
1783930556.0,719,32624,95,15.0,62.0,0.0
1783930556.6,719,32624,95,15.0,62.0,0.0
1783930557.2,719,32624,95,15.0,61.0,0.0
1783930557.8,719,32624,95,15.0,61.0,0.0
1783930558.4,719,32624,95,16.0,61.0,0.0
1783930559.0,719,32624,95,15.0,60.0,0.0
1783930559.5,719,32624,95,15.0,60.0,0.0
1783930560.1,719,32624,95,15.0,60.0,0.0
1783930560.7,719,32624,95,15.0,60.0,0.0
1783930561.3,719,32624,95,14.0,59.0,0.0
1783930561.9,719,32624,95,14.0,59.0,0.0
1783930562.5,719,32624,84,16.0,59.0,0.0
1783930563.1,719,32624,84,16.0,59.0,0.0
1783930563.7,719,32624,84,14.0,58.0,0.0
1783930564.3,719,32624,84,14.0,58.0,0.0
1783930564.9,719,32624,84,14.0,58.0,0.0
1783930565.5,719,32624,84,14.0,58.0,0.0
1783930566.1,719,32624,84,13.0,57.0,0.0
1783930566.7,719,32624,95,16.0,57.0,0.0
1783930567.3,719,32624,95,16.0,57.0,0.0
1783930567.9,719,32624,95,14.0,57.0,0.0
1783930568.4,719,32624,95,14.0,57.0,0.0
1783930569.0,719,32624,95,14.0,56.0,0.0
1783930569.6,719,32624,95,12.0,56.0,0.0
1783930570.2,719,32624,95,14.0,56.0,0.0
1783930570.8,719,32624,95,14.0,56.0,0.0
1783930571.4,719,32624,95,14.0,56.0,0.0
1783930572.0,719,32624,95,13.0,56.0,0.0
1783930572.6,719,32624,95,12.0,55.0,0.0
1783930573.2,719,32624,95,13.0,55.0,0.0
1783930573.8,719,32624,95,14.0,55.0,0.0
1783930574.4,719,32624,95,14.0,55.0,0.0
1783930575.0,719,32624,95,12.0,55.0,0.0
1783930575.5,719,32624,95,13.0,54.0,0.0
1783930576.1,719,32624,95,14.0,54.0,0.0
1783930576.7,719,32624,95,12.0,54.0,0.0
1783930577.3,16341,32624,84,35.0,54.0,41.0
1783930577.9,16341,32624,84,30.0,55.0,0.0
1783930578.5,16341,32624,84,27.0,54.0,0.0
1783930579.1,16341,32624,84,27.0,54.0,0.0
1783930579.7,16341,32624,84,27.0,54.0,0.0
1783930580.3,16341,32624,84,27.0,54.0,0.0
1783930580.9,20306,32624,505,41.0,54.0,0.0
1783930581.5,20306,32624,516,25.0,54.0,0.0
1783930582.1,20312,32624,589,119.0,54.0,1821.0
1783930582.7,20315,32624,595,164.0,55.0,1757.0
1783930583.3,20315,32624,595,131.0,56.0,2465.0
1783930583.8,20315,32624,595,298.0,57.0,2827.0
1783930584.4,20315,32624,595,270.0,58.0,2858.0
1783930585.0,20315,32624,595,317.0,58.0,2888.0
1783930585.6,20316,32624,595,298.0,59.0,2817.0
1783930586.2,20316,32624,595,322.0,59.0,3022.0
1783930586.8,20316,32624,595,311.0,59.0,2822.0
1783930587.4,20316,32624,595,326.0,60.0,2938.0
1783930588.0,20316,32624,595,316.0,60.0,2809.0
1783930588.6,20316,32624,595,309.0,60.0,3010.0
1783930589.2,20316,32624,595,319.0,60.0,2872.0
1783930589.8,20316,32624,595,177.0,61.0,2800.0
1783930590.4,20316,32624,595,312.0,61.0,2854.0
1783930591.0,20316,32624,595,311.0,61.0,2820.0
1783930591.5,20316,32624,595,328.0,61.0,2892.0
1783930592.1,20316,32624,595,292.0,62.0,2777.0
1783930592.7,20316,32624,590,206.0,62.0,2715.0
1783930593.3,20316,32624,590,327.0,62.0,2933.0
1783930593.9,20316,32624,590,294.0,62.0,2749.0
1783930594.5,20316,32624,590,374.0,62.0,3018.0
1783930595.1,20316,32624,590,306.0,63.0,2814.0
1783930595.7,20316,32624,590,154.0,63.0,2779.0
1783930596.3,20316,32624,590,329.0,63.0,2926.0
1783930596.9,20316,32624,602,298.0,63.0,2778.0
1783930597.5,20316,32624,602,242.0,63.0,2909.0
1783930598.1,20316,32624,602,314.0,64.0,2867.0
1783930598.6,20316,32624,602,297.0,64.0,2768.0
1783930599.2,20316,32624,602,244.0,64.0,2840.0
1783930599.8,20313,32624,610,311.0,64.0,2814.0
1783930600.4,20313,32624,610,372.0,64.0,2784.0
1783930601.0,20313,32624,610,341.0,64.0,2962.0
1783930601.6,20313,32624,608,312.0,64.0,2843.0
1783930602.2,20313,32624,608,285.0,64.0,2731.0
1783930602.8,20313,32624,608,274.0,65.0,2966.0
1783930603.4,20313,32624,608,313.0,65.0,2805.0
1783930604.0,20313,32624,608,324.0,65.0,2741.0
1783930604.6,20313,32624,608,287.0,65.0,2969.0
1783930605.1,20313,32624,608,317.0,65.0,2820.0
1783930605.7,20313,32624,608,315.0,65.0,2824.0
1783930606.3,20313,32624,608,175.0,66.0,2764.0
1783930606.9,20313,32624,608,325.0,66.0,2864.0
1783930607.5,20313,32624,596,296.0,66.0,2817.0
1783930608.1,20313,32624,596,227.0,66.0,2719.0
1783930608.7,20313,32624,596,345.0,66.0,2938.0
1783930609.3,20313,32624,596,319.0,66.0,2822.0
1783930609.9,20313,32624,596,300.0,66.0,2797.0
1783930610.5,20313,32624,596,262.0,66.0,2996.0
1783930611.1,20313,32624,596,303.0,67.0,2849.0
1783930611.7,20313,32624,608,317.0,67.0,2786.0
1783930612.2,20313,32624,608,192.0,67.0,2784.0
1783930612.8,20313,32624,608,289.0,67.0,2898.0
1783930613.4,20313,32624,608,317.0,67.0,2838.0
1783930614.0,20313,32624,608,327.0,67.0,2756.0
1783930614.6,20313,32624,608,281.0,67.0,2879.0
1783930615.2,20313,32624,608,329.0,67.0,2875.0
1783930615.8,20313,32624,608,314.0,67.0,2801.0
1783930616.4,20313,32624,608,306.0,68.0,2753.0
1783930617.0,20313,32624,601,42.0,66.0,0.0
1783930617.6,20313,32624,603,333.0,66.0,2888.0
1783930618.2,20313,32624,603,331.0,67.0,2785.0
1783930618.7,20313,32624,603,316.0,67.0,2961.0
1783930619.3,20313,32624,603,305.0,68.0,2809.0
1783930619.9,20313,32624,603,322.0,68.0,2774.0
1783930620.5,20313,32624,603,338.0,68.0,2892.0
1783930621.1,20313,32624,603,307.0,68.0,2794.0
1783930621.7,20313,32624,603,269.0,68.0,2937.0
1783930622.3,20313,32624,599,320.0,68.0,2840.0
1783930622.9,20313,32624,599,198.0,68.0,2691.0
1783930623.5,20313,32624,599,324.0,68.0,2893.0
1783930624.1,20313,32624,599,303.0,68.0,2755.0
1783930624.7,20313,32624,599,262.0,68.0,2819.0
1783930625.3,20313,32624,599,325.0,68.0,2895.0
1783930625.8,20313,32624,599,303.0,68.0,2749.0
1783930626.4,20313,32624,610,266.0,69.0,2825.0
1783930627.0,20313,32624,610,307.0,69.0,2837.0
1783930627.6,20313,32624,610,301.0,69.0,2795.0
1783930628.2,20313,32624,610,168.0,69.0,2777.0
1783930628.8,20313,32624,610,324.0,69.0,2866.0
1783930629.4,20313,32624,610,315.0,69.0,2792.0
1783930630.0,20313,32624,610,311.0,69.0,2709.0
1783930630.6,20313,32624,610,295.0,69.0,2877.0
1783930631.2,20313,32624,610,307.0,69.0,2797.0
1783930631.8,20313,32624,610,324.0,69.0,2779.0
1783930632.3,20313,32624,610,230.0,69.0,2999.0
1783930632.9,20313,32624,610,320.0,69.0,2822.0
1783930633.5,20313,32624,610,299.0,69.0,2737.0
1783930634.1,20313,32624,610,218.0,69.0,2809.0
1783930634.7,20313,32624,610,300.0,70.0,2818.0
1783930635.3,20313,32624,610,304.0,70.0,2736.0
1783930635.9,20313,32624,610,194.0,70.0,2820.0
1783930636.5,20313,32624,610,341.0,70.0,2908.0
1783930637.1,20313,32624,610,306.0,70.0,2772.0
1783930637.7,20313,32624,599,276.0,70.0,2676.0
1783930638.3,20313,32624,599,330.0,70.0,2862.0
1783930638.9,20313,32624,599,311.0,70.0,2793.0
1783930639.4,20313,32624,599,257.0,70.0,2812.0
1783930640.0,20313,32624,599,350.0,70.0,2855.0
1783930640.6,20313,32624,599,313.0,70.0,2777.0
1783930641.2,20313,32624,599,242.0,70.0,2697.0
1783930641.8,20313,32624,610,348.0,70.0,2933.0
1783930642.4,20313,32624,610,316.0,70.0,2802.0
1783930643.0,20313,32624,610,355.0,70.0,2773.0
1783930643.6,20313,32624,610,270.0,70.0,2870.0
1783930644.2,20313,32624,610,306.0,70.0,2816.0
1783930644.8,20313,32624,610,313.0,70.0,2774.0
1783930645.4,20313,32624,610,210.0,70.0,2661.0
1783930646.0,20313,32624,610,340.0,70.0,2910.0
1783930646.6,20313,32624,610,324.0,70.0,2831.0
1783930647.1,20313,32624,610,288.0,70.0,2721.0
1783930647.7,20313,32624,610,217.0,70.0,2838.0
1783930648.3,20313,32624,610,357.0,71.0,2879.0
1783930648.9,20313,32624,610,325.0,70.0,2802.0
1783930649.5,20313,32624,610,330.0,70.0,2739.0
1783930650.1,20313,32624,610,272.0,71.0,2892.0
1783930650.7,20313,32624,610,332.0,71.0,2938.0
1783930651.3,20313,32624,610,306.0,71.0,2770.0
1783930651.9,20313,32624,610,313.0,71.0,2757.0
1783930652.5,20313,32624,599,239.0,71.0,2673.0
1783930653.1,20313,32624,599,293.0,71.0,2983.0
1783930653.7,20313,32624,599,336.0,71.0,2935.0
1783930654.2,20313,32624,599,303.0,71.0,2754.0
1783930654.8,20313,32624,599,320.0,71.0,2708.0
1783930655.4,20313,32624,604,63.0,69.0,2859.0
1783930656.0,20313,32624,604,332.0,70.0,2903.0
1783930656.6,20313,32624,611,303.0,71.0,2732.0
1783930657.2,20313,32624,611,321.0,71.0,2946.0
1783930657.8,20313,32624,611,320.0,71.0,2826.0
1783930658.4,20313,32624,611,357.0,71.0,2711.0
1783930659.0,20313,32624,611,347.0,71.0,2979.0
1783930659.6,20313,32624,611,324.0,71.0,2794.0
1783930660.2,20313,32624,611,211.0,71.0,2806.0
1783930660.8,20313,32624,611,328.0,71.0,2848.0
1783930661.3,20313,32624,611,293.0,71.0,2716.0
1783930661.9,20313,32624,611,276.0,71.0,2893.0
1783930662.5,20313,32624,611,311.0,71.0,2807.0
1783930663.1,20313,32624,611,301.0,71.0,2736.0
1783930663.7,20313,32624,611,271.0,71.0,2936.0
1783930664.3,20313,32624,611,316.0,71.0,2800.0
1783930664.9,20313,32624,611,348.0,71.0,2625.0
1783930665.5,20313,32624,611,323.0,71.0,2970.0
1783930666.1,20313,32624,611,303.0,71.0,2726.0
1783930666.7,20313,32624,611,176.0,71.0,2695.0
1783930667.3,20313,32624,611,323.0,71.0,2821.0
1783930667.9,20313,32624,599,294.0,71.0,2699.0
1783930668.5,20313,32624,599,256.0,71.0,2916.0
1783930669.1,20313,32624,599,328.0,71.0,2876.0
1783930669.6,20313,32624,599,302.0,71.0,2750.0
1783930670.2,20313,32624,599,183.0,71.0,2692.0
1783930670.8,20313,32624,599,312.0,71.0,2812.0
1783930671.4,20313,32624,611,314.0,71.0,2776.0
1783930672.0,20313,32624,611,361.0,71.0,2646.0
1783930672.6,20313,32624,611,302.0,71.0,2808.0
1783930673.2,20313,32624,611,318.0,71.0,2784.0
1783930673.8,20313,32624,611,335.0,71.0,2755.0
1783930674.4,20313,32624,611,274.0,71.0,2954.0
1783930675.0,20313,32624,611,315.0,71.0,2833.0
1783930675.6,20313,32624,611,304.0,71.0,2767.0
1783930676.2,20313,32624,604,45.0,70.0,0.0
1783930676.7,20313,32624,604,294.0,71.0,2742.0
1783930677.3,20313,32624,604,206.0,71.0,2838.0
1783930677.9,20313,32624,604,307.0,71.0,2837.0
1783930678.5,20313,32624,604,317.0,71.0,2752.0
1783930679.1,20313,32624,604,156.0,71.0,2994.0
1783930679.7,20313,32624,604,321.0,71.0,2770.0
1783930680.3,20313,32624,604,209.0,71.0,2774.0
1783930680.9,20313,32624,604,297.0,71.0,2749.0
1783930681.5,20313,32624,604,312.0,71.0,2761.0
1783930682.1,20313,32624,604,267.0,71.0,2826.0
1783930682.7,20313,32624,599,326.0,71.0,2826.0
1783930683.2,20313,32624,599,298.0,71.0,2739.0
1783930683.8,20313,32624,599,250.0,71.0,2658.0
1783930684.4,20313,32624,599,296.0,71.0,2794.0
1783930685.0,20313,32624,599,296.0,72.0,2741.0
1783930685.6,20313,32624,599,281.0,71.0,2901.0
1783930686.2,20313,32624,599,312.0,72.0,2807.0
1783930686.8,20313,32624,611,319.0,72.0,2795.0
1783930687.4,20313,32624,611,332.0,72.0,2719.0
1783930688.0,20313,32624,611,330.0,72.0,2797.0
1783930688.6,20313,32624,611,327.0,72.0,2777.0
1783930689.2,20313,32624,611,209.0,72.0,2709.0
1783930689.8,20313,32624,611,310.0,72.0,2831.0
1783930690.3,20313,32624,611,312.0,72.0,2759.0
1783930690.9,20313,32624,611,216.0,72.0,2644.0
1783930691.5,20313,32624,611,329.0,72.0,2864.0
1783930692.1,20313,32624,611,301.0,72.0,2729.0
1783930692.7,20313,32624,611,203.0,72.0,2600.0
1783930693.3,20313,32624,611,268.0,72.0,2865.0
1783930693.9,20315,32624,613,315.0,72.0,2819.0
1783930694.5,20315,32624,613,293.0,72.0,2753.0
1783930695.1,20315,32624,613,274.0,72.0,2860.0
1783930695.7,20309,32624,601,332.0,72.0,2833.0
1783930696.3,20309,32624,601,316.0,72.0,2741.0
1783930696.9,20309,32624,601,323.0,72.0,2682.0
1783930697.5,20309,32624,589,279.0,72.0,2864.0
1783930698.0,20309,32624,589,328.0,72.0,2838.0
1783930698.6,20309,32624,589,307.0,72.0,2782.0
1783930699.2,20309,32624,589,296.0,72.0,2711.0
1783930699.8,20309,32624,589,310.0,72.0,2968.0
1783930700.4,20309,32624,589,313.0,72.0,2823.0
1783930701.0,20309,32624,589,308.0,72.0,2693.0
1783930701.6,20309,32624,601,337.0,72.0,2664.0
1783930702.2,20309,32624,601,334.0,72.0,2921.0
1783930702.8,20309,32624,601,311.0,72.0,2788.0
1783930703.4,20309,32624,601,300.0,72.0,2682.0
1783930704.0,20309,32624,601,278.0,72.0,2677.0
1783930704.6,20309,32624,601,322.0,72.0,2919.0
1783930705.1,20309,32624,601,299.0,72.0,2778.0
1783930705.7,20309,32624,601,312.0,72.0,2745.0
1783930706.3,20309,32624,601,290.0,72.0,2749.0
1783930706.9,20309,32624,601,180.0,72.0,2918.0
1783930707.5,20309,32624,601,318.0,72.0,2797.0
1783930708.1,20309,32624,601,313.0,72.0,2759.0
1783930708.7,20309,32624,601,183.0,72.0,2765.0
1783930709.3,20309,32624,601,349.0,72.0,2919.0
1783930709.9,20309,32624,601,301.0,72.0,2767.0
1783930710.5,20309,32624,601,305.0,72.0,2784.0
1783930711.1,20309,32624,601,289.0,72.0,2758.0
1783930711.6,20309,32624,594,45.0,72.0,0.0
1783930712.2,20309,32624,594,281.0,70.0,2644.0
1783930712.8,20309,32624,589,353.0,71.0,2676.0
1783930713.4,20309,32624,589,361.0,72.0,2895.0
1783930714.0,20309,32624,589,316.0,72.0,2786.0
1783930714.6,20309,32624,589,304.0,72.0,2661.0
1783930715.2,20309,32624,589,264.0,72.0,2891.0
1783930715.8,20309,32624,589,313.0,72.0,2771.0
1783930716.4,20309,32624,601,317.0,72.0,2733.0
1783930717.0,20309,32624,601,295.0,72.0,2921.0
1783930717.6,20309,32624,601,326.0,72.0,2786.0
1783930718.1,20309,32624,601,286.0,72.0,2654.0
1783930718.7,20309,32624,601,269.0,72.0,2875.0
1783930719.3,20309,32624,601,292.0,72.0,2738.0
1783930719.9,20309,32624,601,299.0,72.0,2752.0
1783930720.5,20309,32624,601,274.0,72.0,2853.0
1783930721.1,20309,32624,601,309.0,72.0,2762.0
1783930721.7,20309,32624,601,304.0,72.0,2742.0
1783930722.3,20309,32624,601,225.0,72.0,2751.0
1783930722.9,20309,32624,601,307.0,72.0,2798.0
1783930723.5,20309,32624,601,299.0,72.0,2730.0
1783930724.1,20309,32624,601,197.0,72.0,2742.0
1783930724.6,20309,32624,601,322.0,72.0,2836.0
1783930725.2,20309,32624,601,304.0,72.0,2729.0
1783930725.8,20309,32624,601,170.0,72.0,2677.0
1783930726.4,20309,32624,601,345.0,72.0,2886.0
1783930727.0,20309,32624,601,320.0,72.0,2773.0
1783930727.6,20309,32624,589,303.0,72.0,2730.0
1783930728.2,20309,32624,589,274.0,72.0,2866.0
1783930728.8,20309,32624,589,321.0,72.0,2823.0
1783930729.4,20309,32624,589,305.0,72.0,2726.0
1783930730.0,20309,32624,589,234.0,72.0,2775.0
1783930730.6,20309,32624,589,322.0,72.0,2802.0
1783930731.1,20309,32624,589,299.0,72.0,2775.0
1783930731.7,20309,32624,601,297.0,72.0,2666.0
1783930732.3,20309,32624,601,347.0,72.0,2891.0
1783930732.9,20309,32624,601,315.0,72.0,2807.0
1783930733.5,20309,32624,601,309.0,72.0,2731.0
1783930734.1,20309,32624,601,267.0,72.0,2790.0
1783930734.7,20309,32624,601,318.0,72.0,2826.0
1783930735.3,20309,32624,601,299.0,72.0,2745.0
1783930735.9,20309,32624,601,198.0,72.0,2734.0
1783930736.5,20309,32624,601,310.0,72.0,2912.0
1783930737.1,20309,32624,601,314.0,72.0,2774.0
1783930737.7,20309,32624,601,355.0,72.0,2696.0
1783930738.2,20309,32624,601,319.0,72.0,2885.0
1783930738.8,20309,32624,601,318.0,72.0,2810.0
1783930739.4,20309,32624,601,309.0,72.0,2734.0
1783930740.0,20309,32624,601,347.0,72.0,2734.0
1783930740.6,20309,32624,601,275.0,72.0,2891.0
1783930741.2,20309,32624,601,336.0,72.0,2882.0
1783930741.8,20309,32624,601,326.0,72.0,2780.0
1783930742.4,20309,32624,589,256.0,72.0,2810.0
1783930743.0,20309,32624,589,304.0,72.0,2799.0
1783930743.6,20309,32624,588,318.0,72.0,2737.0
1783930744.2,20309,32624,588,329.0,72.0,2685.0
1783930744.8,20309,32624,588,284.0,72.0,2892.0
1783930745.4,20309,32624,588,323.0,72.0,2824.0
1783930745.9,20309,32624,588,328.0,72.0,2802.0
1783930746.5,20309,32624,601,309.0,72.0,2716.0
1783930747.1,20309,32624,601,285.0,72.0,2626.0
1783930747.7,20309,32624,601,343.0,72.0,2910.0
1783930748.3,20309,32624,594,44.0,72.0,0.0
1783930748.9,20309,32624,594,263.0,71.0,2884.0
1783930749.5,20309,32624,594,307.0,72.0,2764.0
1783930750.1,20309,32624,594,318.0,72.0,2706.0
1783930750.7,20309,32624,594,317.0,72.0,2872.0
1783930751.3,20309,32624,594,327.0,72.0,2785.0
1783930751.8,20309,32624,594,349.0,72.0,2746.0
1783930752.4,20309,32624,594,353.0,72.0,2897.0
1783930753.0,20309,32624,594,312.0,72.0,2761.0
1783930753.6,20309,32624,594,231.0,72.0,2798.0
1783930754.2,20309,32624,594,324.0,72.0,2804.0
1783930754.8,20309,32624,594,320.0,72.0,2741.0
1783930755.4,20309,32624,594,246.0,72.0,2775.0
1783930756.0,20309,32624,594,317.0,72.0,2756.0
1783930756.6,20309,32624,594,292.0,72.0,2731.0
1783930757.2,20309,32624,594,335.0,72.0,2859.0
1783930757.7,20309,32624,589,323.0,72.0,2801.0
1783930758.3,20309,32624,589,284.0,72.0,2679.0
1783930758.9,20309,32624,589,265.0,72.0,2814.0
1783930759.5,20309,32624,589,316.0,72.0,2785.0
1783930760.1,20309,32624,589,338.0,72.0,2740.0
1783930760.7,20309,32624,589,312.0,72.0,2845.0
1783930761.3,20309,32624,589,312.0,72.0,2763.0
1783930761.9,20309,32624,601,306.0,72.0,2694.0
1783930762.5,20309,32624,601,316.0,72.0,2846.0
1783930763.1,20309,32624,601,316.0,72.0,2761.0
1783930763.7,20309,32624,601,315.0,72.0,2710.0
1783930764.2,20309,32624,601,347.0,72.0,2822.0
1783930764.8,20309,32624,601,312.0,72.0,2740.0
1783930765.4,20309,32624,601,275.0,72.0,2719.0
1783930766.0,20309,32624,601,373.0,72.0,3018.0
1783930766.6,20309,32624,601,298.0,72.0,2744.0
1783930767.2,20309,32624,601,314.0,72.0,2712.0
1783930767.8,20309,32624,601,327.0,72.0,2961.0
1783930768.4,20309,32624,594,46.0,72.0,0.0
1783930769.0,20309,32624,594,209.0,71.0,2814.0
1783930769.6,20309,32624,594,318.0,72.0,2789.0
1783930770.2,20309,32624,594,207.0,72.0,2739.0
1783930770.7,20309,32624,594,323.0,72.0,2801.0
1783930771.3,20309,32624,594,298.0,72.0,2704.0
1783930771.9,20309,32624,594,259.0,72.0,2775.0
1783930772.5,20309,32624,589,329.0,72.0,2865.0
1783930773.1,20309,32624,589,298.0,72.0,2737.0
1783930773.7,20309,32624,589,263.0,72.0,2790.0
1783930774.3,20309,32624,589,318.0,72.0,2780.0
1783930774.9,20309,32624,589,314.0,72.0,2752.0
1783930775.5,20309,32624,589,312.0,72.0,2893.0
1783930776.1,20309,32624,589,303.0,72.0,2765.0
1783930776.6,20309,32624,601,328.0,72.0,2739.0
1783930777.2,20309,32624,601,286.0,72.0,2880.0
1783930777.8,20309,32624,601,320.0,72.0,2820.0
1783930778.4,20309,32624,601,326.0,72.0,2787.0
1783930779.0,20309,32624,601,185.0,72.0,2632.0
1783930779.6,20309,32624,601,330.0,72.0,2847.0
1783930780.2,20309,32624,601,310.0,72.0,2743.0
1783930780.8,20309,32624,601,205.0,72.0,2623.0
1783930781.4,20309,32624,601,318.0,72.0,2824.0
1783930782.0,20309,32624,601,303.0,72.0,2746.0
1783930782.6,20309,32624,601,265.0,72.0,2894.0
1783930783.1,20309,32624,601,313.0,72.0,2787.0
1783930783.7,20309,32624,601,324.0,72.0,2754.0
1783930784.3,20309,32624,601,346.0,72.0,2910.0
1783930784.9,20309,32624,601,329.0,72.0,2824.0
1783930785.5,20309,32624,601,299.0,72.0,2749.0
1783930786.1,20309,32624,601,262.0,72.0,2846.0
1783930786.7,20309,32624,601,303.0,72.0,2754.0
1783930787.3,20309,32624,601,320.0,73.0,2747.0
1783930787.9,20309,32624,589,173.0,72.0,2687.0
1783930788.5,20309,32624,589,330.0,72.0,2913.0
1783930789.1,20309,32624,589,311.0,72.0,2764.0
1783930789.6,20309,32624,589,328.0,72.0,2712.0
1783930790.2,20309,32624,589,274.0,72.0,2806.0
1783930790.8,20309,32624,589,307.0,73.0,2797.0
1783930791.4,20309,32624,601,301.0,73.0,2769.0
1783930792.0,20309,32624,601,217.0,73.0,2818.0
1783930792.6,20309,32624,601,344.0,73.0,2876.0
1783930793.2,20309,32624,601,290.0,73.0,2653.0
1783930793.8,20309,32624,601,341.0,73.0,2667.0
1783930794.4,20309,32624,601,297.0,73.0,2876.0
1783930795.0,20309,32624,601,330.0,73.0,2818.0
1783930795.6,20309,32624,601,320.0,73.0,2738.0
1783930796.1,20309,32624,601,270.0,73.0,2875.0
1783930796.7,20309,32624,601,325.0,73.0,2840.0
1783930797.3,20309,32624,601,301.0,73.0,2754.0
1783930797.9,20309,32624,601,295.0,73.0,2747.0
1783930798.5,20309,32624,601,217.0,73.0,2842.0
1783930799.1,20309,32624,601,362.0,73.0,2945.0
1783930799.7,20309,32624,594,222.0,71.0,2792.0
1783930800.3,20309,32624,594,312.0,72.0,2713.0
1783930800.9,20309,32624,594,311.0,72.0,2761.0
1783930801.5,20309,32624,594,262.0,72.0,2932.0
1783930802.0,20309,32624,594,317.0,72.0,2806.0
1783930802.6,20309,32624,589,303.0,72.0,2711.0
1783930803.2,20309,32624,589,283.0,72.0,2865.0
1783930803.8,20309,32624,589,330.0,72.0,2816.0
1783930804.4,20309,32624,589,324.0,72.0,2694.0
1783930805.0,20309,32624,589,334.0,72.0,2847.0
1783930805.6,20309,32624,589,319.0,72.0,2784.0
1783930806.2,20309,32624,589,201.0,73.0,2728.0
1783930806.8,20309,32624,601,328.0,72.0,2827.0
1783930807.4,20309,32624,601,308.0,73.0,2708.0
1783930807.9,20309,32624,601,196.0,73.0,2696.0
1783930808.5,20309,32624,601,321.0,72.0,2781.0
1783930809.1,20309,32624,601,319.0,73.0,2748.0
1783930809.7,20309,32624,601,281.0,73.0,2838.0
1783930810.3,20309,32624,601,322.0,73.0,2804.0
1783930810.9,20309,32624,601,309.0,73.0,2749.0
1783930811.5,20309,32624,601,244.0,73.0,2759.0
1783930812.1,20309,32624,601,305.0,72.0,2774.0
1783930812.7,20309,32624,601,314.0,73.0,2714.0
1783930813.3,20309,32624,601,296.0,73.0,2943.0
1783930813.9,20309,32624,601,319.0,73.0,2832.0
1783930814.4,20309,32624,601,321.0,73.0,2785.0
1783930815.0,20309,32624,601,308.0,73.0,2723.0
1783930815.6,20309,32624,601,287.0,72.0,2839.0
1783930816.2,20309,32624,601,307.0,72.0,2800.0
1783930816.8,20309,32624,601,313.0,72.0,2769.0
1783930817.4,20309,32624,589,188.0,73.0,2616.0
1783930818.0,20309,32624,589,355.0,73.0,2944.0
1783930818.6,20309,32624,589,297.0,73.0,2723.0
1783930819.2,20309,32624,589,352.0,73.0,2686.0
1783930819.8,20309,32624,589,273.0,73.0,2879.0
1783930820.4,20309,32624,589,324.0,73.0,2834.0
1783930820.9,20309,32624,589,309.0,73.0,2782.0
1783930821.5,20309,32624,601,298.0,73.0,2697.0
1783930822.1,20309,32624,601,247.0,73.0,2738.0
1783930822.7,20309,32624,601,324.0,73.0,2847.0
1783930823.3,20309,32624,601,316.0,73.0,2730.0
1783930823.9,20309,32624,601,173.0,73.0,2623.0
1783930824.5,20309,32624,601,340.0,73.0,2772.0
1783930825.1,20309,32624,601,319.0,73.0,2765.0
1783930825.7,20309,32624,601,302.0,73.0,2753.0
1783930826.3,20309,32624,601,262.0,73.0,2881.0
1783930826.9,20309,32624,601,307.0,73.0,2777.0
1783930827.5,20311,32624,594,240.0,71.0,2680.0
1783930828.0,20315,32624,594,364.0,72.0,2968.0
1783930828.6,20315,32624,594,303.0,72.0,2765.0
1783930829.2,20315,32624,594,220.0,72.0,2713.0
1783930829.8,20315,32624,594,329.0,72.0,2862.0
1783930830.4,20315,32624,594,306.0,72.0,2708.0
1783930831.0,20315,32624,594,239.0,72.0,2813.0
1783930831.6,20315,32624,594,321.0,72.0,2820.0
1783930832.2,20315,32624,594,303.0,72.0,2748.0
1783930832.8,20315,32624,589,267.0,72.0,2826.0
1783930833.3,20315,32624,589,325.0,72.0,2784.0
1783930833.9,20315,32624,589,302.0,72.0,2710.0
1783930834.5,20315,32624,589,326.0,72.0,2813.0
1783930835.1,20315,32624,589,303.0,72.0,2744.0
1783930835.7,20315,32624,589,268.0,72.0,2868.0
1783930836.3,20315,32624,589,306.0,72.0,2778.0
1783930836.9,20315,32624,601,294.0,72.0,2744.0
1783930837.5,20315,32624,601,274.0,72.0,2897.0
1783930838.1,20315,32624,601,327.0,72.0,2815.0
1783930838.7,20315,32624,601,302.0,72.0,2731.0
1783930839.3,20315,32624,601,267.0,72.0,2838.0
1783930839.9,20315,32624,601,318.0,73.0,2792.0
1783930840.4,20315,32624,601,313.0,73.0,2677.0
1783930841.0,20315,32624,601,284.0,72.0,2875.0
1783930841.6,20315,32624,601,310.0,73.0,2733.0
1783930842.2,20315,32624,601,289.0,72.0,2710.0
1783930842.8,20315,32624,601,208.0,72.0,2617.0
1783930843.4,20315,32624,601,336.0,73.0,2876.0
1783930844.0,20315,32624,601,309.0,72.0,2778.0
1783930844.6,20315,32624,601,298.0,73.0,2748.0
1783930845.2,20315,32624,601,319.0,73.0,2915.0
1783930845.8,20315,32624,601,303.0,72.0,2749.0
1783930846.4,20315,32624,601,292.0,72.0,2753.0
1783930846.9,20315,32624,601,281.0,72.0,2883.0
1783930847.5,20315,32624,589,331.0,72.0,2834.0
1783930848.1,20315,32624,589,320.0,72.0,2782.0
1783930848.7,20315,32624,589,311.0,72.0,2720.0
1783930849.3,20315,32624,589,209.0,72.0,2789.0
1783930849.9,20315,32624,589,325.0,73.0,2833.0
1783930850.5,20315,32624,589,295.0,73.0,2688.0
1783930851.1,20315,32624,589,353.0,72.0,2671.0
1783930851.7,20315,32624,601,251.0,72.0,2770.0
1783930852.3,20315,32624,601,297.0,73.0,2705.0
1783930852.8,20315,32624,601,303.0,73.0,2726.0
1783930853.4,20315,32624,601,197.0,72.0,2680.0
1783930854.0,20315,32624,601,320.0,72.0,2822.0
1783930854.6,20315,32624,601,311.0,73.0,2757.0
1783930855.2,20315,32624,601,212.0,72.0,2613.0
1783930855.8,20315,32624,601,289.0,73.0,2851.0
1783930856.4,20315,32624,601,325.0,73.0,2865.0
1783930857.0,20315,32624,601,294.0,73.0,2744.0
1783930857.6,20315,32624,601,251.0,73.0,2557.0
1783930858.2,20315,32624,601,329.0,73.0,2844.0
1783930858.8,20315,32624,601,334.0,73.0,2861.0
1783930859.3,20315,32624,594,44.0,71.0,0.0
1783930859.9,20315,32624,594,317.0,72.0,2787.0
1783930860.5,20315,32624,594,326.0,72.0,2658.0
1783930861.1,20315,32624,594,320.0,72.0,2850.0
1783930861.7,20315,32624,594,314.0,72.0,2809.0
1783930862.3,20315,32624,594,206.0,72.0,2671.0
1783930862.9,20315,32624,589,321.0,72.0,2783.0
1783930863.5,20315,32624,589,309.0,72.0,2750.0
1783930864.1,20315,32624,589,329.0,72.0,2882.0
1783930864.7,20315,32624,589,306.0,72.0,2759.0
1783930865.3,20315,32624,589,296.0,73.0,2631.0
1783930865.8,20315,32624,589,351.0,72.0,2923.0
1783930866.4,20315,32624,601,322.0,72.0,2755.0
1783930867.0,20315,32624,601,309.0,72.0,2736.0
1783930867.6,20315,32624,601,274.0,72.0,2862.0
1783930868.2,20315,32624,601,312.0,72.0,2767.0
1783930868.8,20315,32624,601,344.0,72.0,2705.0
1783930869.4,20315,32624,601,340.0,72.0,2887.0
1783930870.0,20315,32624,601,304.0,72.0,2747.0
1783930870.6,20315,32624,601,303.0,73.0,2716.0
1783930871.2,20315,32624,601,309.0,73.0,2856.0
1783930871.8,20315,32624,601,299.0,72.0,2787.0
1783930872.3,20315,32624,601,355.0,72.0,2699.0
1783930872.9,20315,32624,601,329.0,73.0,2868.0
1783930873.5,20319,32624,605,318.0,73.0,2764.0
1783930874.1,20319,32624,605,299.0,73.0,2707.0
1783930874.7,20319,32624,605,219.0,73.0,2780.0
1783930875.3,20319,32624,605,303.0,73.0,2788.0
1783930875.9,20319,32624,603,304.0,73.0,2746.0
1783930876.5,20319,32624,603,160.0,73.0,2660.0
1783930877.1,20319,32624,603,343.0,73.0,2867.0
1783930877.7,20319,32624,590,310.0,73.0,2778.0
1783930878.3,20319,32624,590,328.0,73.0,2721.0
1783930878.8,20319,32624,590,291.0,73.0,2935.0
1783930879.4,20319,32624,590,302.0,73.0,2769.0
1783930880.0,20319,32624,590,296.0,73.0,2732.0
1783930880.6,20319,32624,590,254.0,73.0,2798.0
1783930881.2,20319,32624,590,304.0,73.0,2759.0
1783930881.8,20319,32624,601,299.0,73.0,2728.0
1783930882.4,20319,32624,601,186.0,73.0,2721.0
1783930883.0,20319,32624,601,319.0,73.0,2901.0
1783930883.6,20319,32624,601,304.0,73.0,2780.0
1783930884.2,20319,32624,601,298.0,73.0,2711.0
1783930884.7,20319,32624,601,292.0,73.0,2666.0
1783930885.3,20319,32624,601,322.0,73.0,2823.0
1783930885.9,20319,32624,601,302.0,73.0,2719.0
1783930886.5,20319,32624,601,344.0,73.0,2703.0
1783930887.1,20319,32624,601,340.0,73.0,2904.0
1783930887.7,20319,32624,601,317.0,73.0,2785.0
1783930888.3,20319,32624,594,127.0,71.0,1902.0
1783930888.9,20319,32624,594,294.0,71.0,2625.0
1783930889.5,20319,32624,594,289.0,72.0,2934.0
1783930890.1,20319,32624,594,309.0,72.0,2775.0
1783930890.7,20319,32624,594,313.0,72.0,2754.0
1783930891.2,20319,32624,594,272.0,72.0,2887.0
1783930891.8,20319,32624,594,327.0,72.0,2782.0
1783930892.4,20319,32624,589,209.0,73.0,2710.0
1783930893.0,20319,32624,589,305.0,72.0,2793.0
1783930893.6,20319,32624,589,290.0,72.0,2692.0
1783930894.2,20319,32624,589,340.0,72.0,3040.0
1783930894.8,20319,32624,589,323.0,72.0,2749.0
1783930895.4,20319,32624,589,253.0,72.0,2625.0
1783930896.0,20319,32624,589,322.0,72.0,2819.0
1783930896.6,20319,32624,601,310.0,72.0,2774.0
1783930897.2,20319,32624,601,210.0,72.0,2897.0
1783930897.7,20319,32624,601,321.0,72.0,2841.0
1783930898.3,20319,32624,601,316.0,73.0,2761.0
1783930898.9,20319,32624,601,226.0,72.0,2701.0
1783930899.5,20319,32624,601,312.0,73.0,2768.0
1783930900.1,20319,32624,601,304.0,72.0,2728.0
1783930900.7,20319,32624,601,227.0,73.0,2850.0
1783930901.3,20319,32624,601,330.0,73.0,2818.0
1783930901.9,20319,32624,601,306.0,73.0,2715.0
1783930902.5,20319,32624,601,206.0,72.0,2732.0
1783930903.1,20319,32624,601,326.0,72.0,2848.0
1783930903.7,20319,32624,601,306.0,73.0,2738.0
1783930904.2,20319,32624,601,198.0,73.0,2644.0
1783930904.8,20319,32624,601,332.0,73.0,2837.0
1783930905.4,20319,32624,601,303.0,73.0,2725.0
1783930906.0,20319,32624,601,310.0,73.0,2663.0
1783930906.6,20319,32624,601,265.0,73.0,2774.0
1783930907.2,20319,32624,601,311.0,73.0,2804.0
1783930907.8,20319,32624,589,300.0,73.0,2717.0
1783930908.4,20319,32624,589,277.0,73.0,2953.0
1783930909.0,20319,32624,589,307.0,73.0,2723.0
1783930909.6,20319,32624,589,299.0,73.0,2747.0
1783930910.1,20319,32624,589,299.0,73.0,2904.0
1783930910.7,20319,32624,589,301.0,73.0,2742.0
1783930911.3,20319,32624,589,292.0,73.0,2722.0
1783930911.9,20319,32624,601,331.0,73.0,2720.0
1783930912.5,20319,32624,601,307.0,73.0,2887.0
1783930913.1,20319,32624,601,311.0,73.0,2784.0
1783930913.7,20319,32624,594,45.0,73.0,0.0
1783930914.3,20319,32624,594,229.0,71.0,2774.0
1783930914.9,20319,32624,594,323.0,72.0,2855.0
1783930915.5,20319,32624,594,305.0,72.0,2738.0
1783930916.1,20319,32624,594,255.0,72.0,3024.0
1783930916.7,20319,32624,594,324.0,72.0,2815.0
1783930917.2,20319,32624,594,320.0,72.0,2769.0
1783930917.8,20319,32624,594,323.0,72.0,2820.0
1783930918.4,20319,32624,594,299.0,72.0,2700.0
1783930919.0,20319,32624,594,308.0,72.0,2893.0
1783930919.6,20319,32624,594,298.0,72.0,2722.0
1783930920.2,20319,32624,594,331.0,72.0,2738.0
1783930920.8,20319,32624,594,324.0,73.0,2785.0
1783930921.4,20319,32624,594,303.0,73.0,2684.0
1783930922.0,20319,32624,594,178.0,73.0,2649.0
1783930922.6,20319,32624,589,315.0,73.0,2738.0
1783930923.1,20319,32624,589,306.0,73.0,2749.0
1783930923.7,20319,32624,589,252.0,73.0,2866.0
1783930924.3,20319,32624,589,321.0,73.0,2785.0
1783930924.9,20319,32624,589,318.0,73.0,2691.0
1783930925.5,20319,32624,589,301.0,73.0,2921.0
1783930926.1,20319,32624,589,320.0,72.0,2777.0
1783930926.7,20319,32624,601,266.0,73.0,2702.0
1783930927.3,20319,32624,601,350.0,73.0,2930.0
1783930927.9,20319,32624,601,308.0,72.0,2762.0
1783930928.5,20319,32624,601,320.0,73.0,2710.0
1783930929.1,20319,32624,601,350.0,73.0,2897.0
1783930929.7,20319,32624,601,306.0,73.0,2786.0
1783930930.3,20323,32624,603,316.0,72.0,2747.0
1783930930.9,20323,32624,603,281.0,73.0,2795.0
1783930931.4,20323,32624,603,329.0,73.0,2809.0
1783930932.0,20323,32624,603,286.0,73.0,2726.0
1783930932.6,20323,32624,603,307.0,73.0,2783.0
1783930933.2,20323,32624,603,300.0,73.0,2735.0
1783930933.8,20323,32624,603,345.0,73.0,2712.0
1783930934.4,20323,32624,603,275.0,73.0,2869.0
1783930935.0,20323,32624,601,291.0,73.0,2701.0
1783930935.6,20323,32624,601,314.0,73.0,2734.0
1783930936.2,20323,32624,601,265.0,73.0,2848.0
1783930936.8,20323,32624,601,318.0,73.0,2825.0
1783930937.3,20323,32624,601,304.0,73.0,2742.0
1783930937.9,20323,32624,589,328.0,73.0,2741.0
1783930938.5,20323,32624,589,271.0,73.0,2814.0
1783930939.1,20323,32624,589,304.0,73.0,2734.0
1783930939.7,20323,32624,589,327.0,73.0,2710.0
1783930940.3,20323,32624,589,285.0,73.0,2891.0
1783930940.9,20323,32624,589,303.0,73.0,2752.0
1783930941.5,20323,32624,603,295.0,73.0,2683.0
1783930942.1,20323,32624,603,231.0,73.0,2549.0
1783930942.7,20323,32624,603,338.0,73.0,2874.0
1783930943.3,20323,32624,603,322.0,73.0,2789.0
1783930943.8,20323,32624,603,331.0,73.0,2718.0
1783930944.4,20323,32624,603,274.0,73.0,2884.0
1783930945.0,20323,32624,603,317.0,73.0,2790.0
1783930945.6,20323,32624,603,285.0,73.0,2691.0
1783930946.2,20323,32624,603,172.0,73.0,2930.0
1783930946.8,20323,32624,603,317.0,73.0,2847.0
1783930947.4,20323,32624,603,304.0,73.0,2742.0
1783930948.0,20323,32624,603,262.0,73.0,2788.0
1783930948.6,20323,32624,603,314.0,73.0,2826.0
1783930949.2,20323,32624,603,313.0,73.0,2760.0
1783930949.8,20323,32624,603,292.0,73.0,2681.0
1783930950.3,20323,32624,603,321.0,73.0,2836.0
1783930950.9,20323,32624,603,323.0,73.0,2787.0
1783930951.5,20323,32624,603,286.0,73.0,2721.0
1783930952.1,20323,32624,603,330.0,73.0,2855.0
1783930952.7,20323,32624,591,311.0,73.0,2802.0
1783930953.3,20323,32624,591,301.0,73.0,2728.0
1783930953.9,20323,32624,591,239.0,73.0,2704.0
1783930954.5,20323,32624,591,325.0,73.0,2825.0
1783930955.1,20323,32624,591,320.0,73.0,2751.0
1783930955.7,20323,32624,591,310.0,73.0,2725.0
1783930956.3,20323,32624,591,281.0,73.0,2895.0
1783930956.8,20323,32624,603,338.0,73.0,2893.0
1783930957.4,20323,32624,603,311.0,73.0,2757.0
1783930958.0,20323,32624,603,297.0,73.0,2749.0
1783930958.6,20323,32624,603,321.0,73.0,2765.0
1783930959.2,20323,32624,603,236.0,73.0,2700.0
1783930959.8,20323,32624,603,323.0,73.0,2929.0
1783930960.4,20323,32624,603,331.0,73.0,2798.0
1783930961.0,20323,32624,603,316.0,73.0,2730.0
1783930961.6,20323,32624,603,211.0,73.0,2783.0
1783930962.2,20323,32624,603,337.0,73.0,2878.0
1783930962.8,20323,32624,603,315.0,73.0,2757.0
1783930963.4,20323,32624,603,299.0,73.0,2755.0
1783930963.9,20323,32624,603,224.0,73.0,2859.0
1783930964.5,20323,32624,596,74.0,72.0,3151.0
1783930965.1,20323,32624,596,320.0,72.0,2812.0
1783930965.7,20323,32624,596,323.0,72.0,2769.0
1783930966.3,20323,32624,596,191.0,72.0,2607.0
1783930966.9,20323,32624,596,330.0,73.0,2814.0
1783930967.5,20323,32624,592,335.0,73.0,2685.0
1783930968.1,20323,32624,592,302.0,73.0,2835.0
1783930968.7,20323,32624,592,320.0,73.0,2799.0
1783930969.3,20323,32624,592,161.0,73.0,2700.0
1783930969.9,20323,32624,592,331.0,73.0,2881.0
1783930970.5,20323,32624,592,307.0,73.0,2760.0
1783930971.0,20323,32624,592,289.0,73.0,2921.0
1783930971.6,20323,32624,603,307.0,73.0,2702.0
1783930972.2,20323,32624,603,204.0,73.0,2630.0
1783930972.8,20323,32624,603,323.0,73.0,2772.0
1783930973.4,20323,32624,603,300.0,73.0,2718.0
1783930974.0,20323,32624,603,323.0,73.0,2893.0
1783930974.6,20323,32624,603,294.0,73.0,2746.0
1783930975.2,20323,32624,603,262.0,73.0,2868.0
1783930975.8,20323,32624,603,299.0,73.0,2702.0
1783930976.4,20323,32624,603,256.0,73.0,2686.0
1783930977.0,20323,32624,603,320.0,73.0,2777.0
1783930977.6,20323,32624,603,309.0,73.0,2734.0
1783930978.2,20323,32624,603,330.0,73.0,2828.0
1783930978.7,20323,32624,603,310.0,73.0,2754.0
1783930979.3,20323,32624,603,279.0,73.0,2814.0
1783930979.9,20323,32624,603,313.0,73.0,2764.0
1783930980.5,20323,32624,603,314.0,73.0,2678.0
1783930981.1,20323,32624,603,355.0,73.0,2851.0
1783930981.7,20323,32624,603,321.0,73.0,2818.0
1783930982.3,20323,32624,603,327.0,73.0,2721.0
1783930982.9,20323,32624,592,303.0,73.0,2857.0
1783930983.5,20323,32624,592,314.0,73.0,2781.0
1783930984.1,20323,32624,592,304.0,73.0,2723.0
1783930984.7,20323,32624,592,272.0,73.0,2855.0
1783930985.2,20323,32624,592,309.0,73.0,2766.0
1783930985.8,20323,32624,592,299.0,73.0,2747.0
1783930986.4,20323,32624,603,281.0,73.0,2878.0
1783930987.0,20323,32624,603,301.0,73.0,2739.0
1783930987.6,20323,32624,603,322.0,73.0,2726.0
1783930988.2,20323,32624,603,268.0,73.0,2847.0
1783930988.8,20323,32624,603,312.0,73.0,2763.0
1783930989.4,20323,32624,603,233.0,73.0,2679.0
1783930990.0,20323,32624,603,317.0,73.0,2824.0
1783930990.6,20323,32624,603,297.0,73.0,2738.0
1783930991.2,20323,32624,603,297.0,73.0,2920.0
1783930991.7,20323,32624,603,336.0,73.0,2832.0
1783930992.3,20323,32624,603,305.0,73.0,2764.0
1783930992.9,20323,32624,603,193.0,73.0,2647.0
1783930993.5,20323,32624,603,332.0,73.0,2805.0
1783930994.1,20323,32624,603,306.0,73.0,2694.0
1783930994.7,20323,32624,603,171.0,73.0,2657.0
1783930995.3,20323,32624,603,338.0,73.0,2851.0
1783930995.9,20323,32624,603,306.0,73.0,2749.0
1783930996.5,20323,32624,603,276.0,73.0,2637.0
1783930997.1,20323,32624,603,330.0,73.0,2854.0
1783930997.7,20323,32624,592,315.0,73.0,2796.0
1783930998.3,20323,32624,592,230.0,73.0,2651.0
1783930998.8,20323,32624,592,322.0,73.0,2856.0
1783930999.4,20323,32624,592,310.0,73.0,2743.0
1783931000.0,20323,32624,592,365.0,73.0,2644.0
1783931000.6,20323,32624,592,299.0,73.0,2885.0
1783931001.2,20323,32624,592,307.0,73.0,2724.0
1783931001.8,20323,32624,603,297.0,73.0,2744.0
1783931002.4,20323,32624,603,280.0,73.0,2916.0
1783931003.0,20323,32624,603,307.0,73.0,2784.0
1783931003.6,20323,32624,603,303.0,73.0,2718.0
1783931004.2,20323,32624,603,291.0,73.0,2899.0
1783931004.8,20323,32624,603,334.0,73.0,2857.0
1783931005.3,20323,32624,603,299.0,73.0,2705.0
1783931005.9,20323,32624,603,271.0,73.0,2863.0
1783931006.5,20323,32624,603,306.0,73.0,2798.0
1783931007.1,20323,32624,603,298.0,73.0,2727.0
1783931007.7,20323,32624,603,242.0,73.0,2740.0
1783931008.3,20323,32624,603,320.0,73.0,2797.0
1783931008.9,20323,32624,603,303.0,73.0,2729.0
1783931009.5,20323,32624,603,347.0,73.0,2716.0
1783931010.1,20323,32624,603,275.0,73.0,2819.0
1783931010.7,20323,32624,603,317.0,73.0,2763.0
1783931011.3,20323,32624,603,313.0,73.0,2780.0
1783931011.8,20323,32624,603,305.0,73.0,2725.0
1783931012.4,20323,32624,592,280.0,73.0,2882.0
1783931013.0,20323,32624,592,340.0,73.0,2917.0
1783931013.6,20323,32624,592,316.0,73.0,2794.0
1783931014.2,20323,32624,592,298.0,73.0,2739.0
1783931014.8,20323,32624,592,277.0,73.0,2705.0
1783931015.4,20323,32624,592,279.0,73.0,2811.0
1783931016.0,20323,32624,592,330.0,73.0,2826.0
1783931016.6,20323,32624,603,308.0,73.0,2785.0
1783931017.2,20323,32624,603,318.0,73.0,2772.0
1783931017.8,20323,32624,603,317.0,73.0,2669.0
1783931018.3,20323,32624,603,222.0,73.0,2597.0
1783931018.9,20323,32624,603,339.0,73.0,2866.0
1783931019.5,20323,32624,603,295.0,73.0,2716.0
1783931020.1,20323,32624,603,296.0,73.0,2754.0
1783931020.7,20323,32624,603,366.0,73.0,2726.0
1783931021.3,20323,32624,596,68.0,71.0,2962.0
1783931021.9,20324,32624,596,290.0,71.0,2668.0
1783931022.5,20324,32624,596,326.0,72.0,2752.0
1783931023.1,20324,32624,596,294.0,72.0,2797.0
1783931023.7,20324,32624,596,316.0,72.0,2784.0
1783931024.2,20324,32624,596,314.0,72.0,2744.0
1783931024.8,20324,32624,596,271.0,72.0,2844.0
1783931025.4,20324,32624,596,312.0,72.0,2775.0
1783931026.0,20324,32624,596,327.0,73.0,2704.0
1783931026.6,20324,32624,596,231.0,72.0,2968.0
1783931027.2,20324,32624,596,309.0,72.0,2792.0
1783931027.8,20324,32624,592,247.0,73.0,2642.0
1783931028.4,20324,32624,592,343.0,73.0,2952.0
1783931029.0,20324,32624,592,305.0,72.0,2749.0
1783931029.6,20324,32624,592,137.0,73.0,2654.0
1783931030.2,20324,32624,592,331.0,72.0,2870.0
1783931030.8,20324,32624,592,292.0,73.0,2705.0
1783931031.3,20324,32624,592,221.0,73.0,2731.0
1783931031.9,20324,32624,604,314.0,73.0,2754.0
1783931032.5,20324,32624,604,336.0,73.0,2744.0
1783931033.1,20324,32624,604,313.0,72.0,2910.0
1783931033.7,20324,32624,604,309.0,73.0,2773.0
1783931034.3,20324,32624,604,254.0,72.0,2649.0
1783931034.9,20324,32624,604,309.0,73.0,2712.0
1783931035.5,20324,32624,604,307.0,73.0,2776.0
1783931036.1,20324,32624,604,278.0,73.0,2625.0
1783931036.7,20324,32624,604,342.0,73.0,2844.0
1783931037.3,20324,32624,604,306.0,73.0,2758.0
1783931037.8,20324,32624,604,314.0,73.0,2710.0
1783931038.4,20324,32624,604,325.0,73.0,2798.0
1783931039.0,20324,32624,604,311.0,72.0,2769.0
1783931039.6,20324,32624,604,322.0,73.0,2698.0
1783931040.2,20324,32624,604,270.0,73.0,2840.0
1783931040.8,20324,32624,604,290.0,73.0,2710.0
1783931041.4,20324,32624,604,295.0,73.0,2726.0
1783931042.0,20324,32624,604,274.0,73.0,2995.0
1783931042.6,20324,32624,592,334.0,73.0,2874.0
1783931043.2,20324,32624,592,314.0,73.0,2777.0
1783931043.7,20324,32624,592,189.0,73.0,2697.0
1783931044.3,20324,32624,592,331.0,73.0,2832.0
1783931044.9,20324,32624,592,301.0,73.0,2741.0
1783931045.5,20326,32624,600,301.0,73.0,2745.0
1783931046.1,20326,32624,600,262.0,73.0,2782.0
1783931046.7,20326,32624,612,330.0,73.0,2889.0
1783931047.3,20324,32624,612,304.0,72.0,2798.0
1783931047.9,20324,32624,612,307.0,73.0,2726.0
1783931048.5,20324,32624,612,245.0,73.0,2846.0
1783931049.1,20324,32624,612,307.0,73.0,2756.0
1783931049.7,20324,32624,612,302.0,73.0,2720.0
1783931050.2,20324,32624,612,224.0,73.0,2721.0
1783931050.8,20324,32624,612,324.0,73.0,2844.0
1783931051.4,20324,32624,612,318.0,72.0,2789.0
1783931052.0,20324,32624,612,307.0,72.0,2751.0
1783931052.6,20324,32624,612,291.0,73.0,2743.0
1783931053.2,20324,32624,612,278.0,73.0,2912.0
1783931053.8,20329,32624,614,325.0,73.0,2859.0
1783931054.4,20329,32624,614,306.0,73.0,2787.0
1783931055.0,20329,32624,614,310.0,73.0,2758.0
1783931055.6,20329,32624,614,259.0,73.0,2836.0
1783931056.2,20329,32624,614,315.0,73.0,2850.0
1783931056.7,20329,32624,614,329.0,73.0,2762.0
1783931057.3,20329,32624,614,285.0,73.0,2739.0
1783931057.9,20329,32624,602,275.0,73.0,2897.0
1783931058.5,20329,32624,602,338.0,73.0,2875.0
1783931059.1,20329,32624,602,312.0,73.0,2758.0
1783931059.7,20329,32624,602,303.0,73.0,2677.0
1783931060.3,20329,32624,602,321.0,73.0,2692.0
1783931060.9,20329,32624,602,309.0,73.0,2929.0
1783931061.5,20329,32624,614,333.0,73.0,2825.0
1783931062.1,20329,32624,614,312.0,73.0,2765.0
1783931062.6,20329,32624,614,320.0,73.0,2571.0
1783931063.2,20329,32624,614,290.0,72.0,2858.0
1783931063.8,20329,32624,614,320.0,73.0,2796.0
1783931064.4,20329,32624,614,319.0,73.0,2741.0
1783931065.0,20329,32624,614,236.0,73.0,2722.0
1783931065.6,20329,32624,614,340.0,73.0,2892.0
1783931066.2,20329,32624,614,322.0,73.0,2845.0
1783931066.8,20329,32624,614,298.0,73.0,2735.0
1783931067.4,728,32624,103,51.0,71.0,20.0
1783931068.0,728,32624,103,17.0,70.0,0.0
1783931068.6,715,32624,96,17.0,69.0,0.0
1783931069.1,715,32624,97,17.0,68.0,0.0
1783931069.7,726,32624,96,43.0,68.0,0.0
1783931070.3,726,32624,96,17.0,68.0,0.0
1783931070.9,726,32624,96,15.0,67.0,0.0
1783931071.5,726,32624,96,17.0,66.0,0.0
1783931072.1,726,32624,96,15.0,66.0,0.0
1783931072.7,726,32624,92,17.0,66.0,0.0
1783931073.3,726,32624,92,16.0,65.0,0.0
1783931073.9,16348,32624,92,30.0,65.0,0.0
1783931074.5,16348,32624,92,31.0,65.0,0.0
1783931075.1,16348,32624,92,30.0,65.0,0.0
1783931075.7,16339,32624,82,31.0,64.0,0.0
1783931076.2,16339,32624,82,30.0,64.0,0.0
1783931076.8,16339,32624,91,27.0,64.0,0.0
1783931077.4,20303,32624,512,34.0,64.0,0.0
1783931078.0,20312,32624,591,94.0,64.0,153.0
1783931078.6,20312,32624,591,182.0,65.0,1884.0
1783931079.2,20312,32624,591,323.0,66.0,2878.0
1783931079.8,20312,32624,591,316.0,67.0,2814.0
1783931080.4,20312,32624,591,299.0,67.0,2906.0
1783931081.0,20312,32624,591,315.0,67.0,2834.0
1783931081.6,20312,32624,591,300.0,67.0,2761.0
1783931082.2,20312,32624,591,311.0,67.0,2941.0
1783931082.7,20312,32624,591,314.0,67.0,2813.0
1783931083.3,20312,32624,591,203.0,68.0,2767.0
1783931083.9,20312,32624,591,316.0,68.0,2824.0
1783931084.5,20312,32624,591,313.0,68.0,2801.0
1783931085.1,20312,32624,591,218.0,68.0,2822.0
1783931085.7,20312,32624,591,326.0,68.0,2877.0
1783931086.3,20312,32624,591,305.0,68.0,2800.0
1783931086.9,20312,32624,591,293.0,68.0,2717.0
1783931087.5,20312,32624,586,316.0,68.0,2874.0
1783931088.1,20312,32624,586,294.0,68.0,2762.0
1783931088.7,20312,32624,586,236.0,69.0,2731.0
1783931089.3,20312,32624,586,350.0,69.0,2881.0
1783931089.8,20312,32624,586,313.0,69.0,2809.0
1783931090.4,20312,32624,586,321.0,69.0,2710.0
1783931091.0,20312,32624,586,336.0,69.0,2857.0
1783931091.6,20312,32624,598,315.0,69.0,2810.0
1783931092.2,20312,32624,598,331.0,69.0,2763.0
1783931092.8,20312,32624,598,286.0,69.0,2907.0
1783931093.4,20312,32624,598,319.0,69.0,2891.0
1783931094.0,20312,32624,598,299.0,69.0,2751.0
1783931094.6,20312,32624,598,279.0,70.0,2591.0
1783931095.2,20312,32624,598,277.0,70.0,2945.0
1783931095.8,20312,32624,598,305.0,70.0,2766.0
1783931096.3,20312,32624,598,303.0,70.0,2763.0
1783931096.9,20312,32624,598,270.0,70.0,2884.0
1783931097.5,20312,32624,598,323.0,70.0,2859.0
1783931098.1,20312,32624,598,306.0,70.0,2757.0
1783931098.7,20312,32624,598,192.0,70.0,2688.0
1783931099.3,20312,32624,598,324.0,70.0,2868.0
1783931099.9,20312,32624,598,308.0,70.0,2778.0
1783931100.5,20312,32624,591,67.0,69.0,3052.0
1783931101.1,20313,32624,591,404.0,69.0,2881.0
1783931101.7,20313,32624,591,348.0,70.0,2934.0
1783931102.3,20313,32624,591,291.0,70.0,2704.0
1783931102.8,20313,32624,587,270.0,70.0,2705.0
1783931103.4,20313,32624,587,313.0,70.0,2916.0
1783931104.0,20313,32624,587,302.0,70.0,2726.0
1783931104.6,20313,32624,587,219.0,70.0,2670.0
1783931105.2,20313,32624,587,303.0,70.0,2779.0
1783931105.8,20313,32624,587,305.0,70.0,2740.0
1783931106.4,20313,32624,599,326.0,70.0,2910.0
1783931107.0,20313,32624,599,314.0,70.0,2788.0
1783931107.6,20313,32624,599,325.0,71.0,2753.0
1783931108.2,20313,32624,599,278.0,71.0,2922.0
1783931108.8,20313,32624,599,309.0,71.0,2789.0
1783931109.4,20313,32624,599,307.0,71.0,2753.0
1783931109.9,20313,32624,599,199.0,71.0,2683.0
1783931110.5,20313,32624,599,340.0,71.0,2871.0
1783931111.1,20313,32624,599,308.0,71.0,2799.0
1783931111.7,20313,32624,599,309.0,71.0,2760.0
1783931112.3,20313,32624,599,269.0,71.0,2766.0
1783931112.9,20313,32624,599,327.0,71.0,2834.0
1783931113.5,20313,32624,599,312.0,71.0,2784.0
1783931114.1,20313,32624,599,320.0,71.0,2768.0
1783931114.7,20313,32624,599,206.0,71.0,2804.0
1783931115.3,20313,32624,599,340.0,71.0,2929.0
1783931115.8,20313,32624,599,314.0,71.0,2812.0
1783931116.4,20313,32624,599,304.0,71.0,2764.0
1783931117.0,20313,32624,599,243.0,71.0,2815.0
1783931117.6,20313,32624,587,342.0,71.0,2910.0
1783931118.2,20313,32624,587,315.0,71.0,2811.0
1783931118.8,20313,32624,587,302.0,71.0,2727.0
1783931119.4,20313,32624,587,165.0,71.0,2632.0
1783931120.0,20313,32624,587,318.0,71.0,2941.0
1783931120.6,20313,32624,587,331.0,71.0,2844.0
1783931121.2,20313,32624,587,289.0,71.0,2717.0
1783931121.8,20313,32624,599,296.0,71.0,2756.0
1783931122.4,20313,32624,599,264.0,71.0,2827.0
1783931123.0,20313,32624,599,323.0,71.0,2845.0
1783931123.5,20313,32624,599,318.0,72.0,2753.0
1783931124.1,20313,32624,599,299.0,72.0,2732.0
1783931124.7,20313,32624,599,239.0,72.0,2700.0
1783931125.3,20313,32624,599,334.0,72.0,2876.0
1783931125.9,20313,32624,592,63.0,70.0,2604.0
1783931126.5,20313,32624,592,305.0,71.0,2779.0
1783931127.1,20313,32624,592,277.0,71.0,2711.0
1783931127.7,20313,32624,592,339.0,71.0,2889.0
1783931128.3,20313,32624,592,318.0,71.0,2780.0
1783931128.9,20313,32624,592,300.0,71.0,2745.0
1783931129.5,20313,32624,592,260.0,71.0,2888.0
1783931130.0,20313,32624,592,314.0,71.0,2801.0
1783931130.6,20313,32624,592,309.0,71.0,2735.0
1783931131.2,20313,32624,592,276.0,72.0,2861.0
1783931131.8,20313,32624,592,325.0,72.0,2837.0
1783931132.4,20313,32624,592,297.0,72.0,2743.0
1783931133.0,20313,32624,587,315.0,72.0,2952.0
1783931133.6,20313,32624,587,314.0,72.0,2820.0
1783931134.2,20313,32624,587,310.0,72.0,2723.0
1783931134.8,20313,32624,587,261.0,71.0,2872.0
1783931135.4,20313,32624,587,325.0,72.0,2825.0
1783931135.9,20313,32624,587,308.0,72.0,2717.0
1783931136.5,20313,32624,599,196.0,72.0,2681.0
1783931137.1,20313,32624,599,313.0,72.0,2832.0
1783931137.7,20313,32624,599,305.0,72.0,2770.0
1783931138.3,20313,32624,599,252.0,72.0,2750.0
1783931138.9,20313,32624,599,311.0,72.0,2794.0
1783931139.5,20313,32624,599,296.0,72.0,2727.0
1783931140.1,20313,32624,599,199.0,72.0,2731.0
1783931140.7,20313,32624,599,356.0,72.0,2849.0
1783931141.3,20313,32624,599,330.0,72.0,2829.0
1783931141.9,20313,32624,599,317.0,72.0,2728.0
1783931142.5,20313,32624,592,77.0,71.0,2851.0
1783931143.0,20313,32624,592,319.0,72.0,2874.0
1783931143.6,20313,32624,592,315.0,72.0,2799.0
1783931144.2,20313,32624,592,285.0,72.0,2682.0
1783931144.8,20313,32624,592,349.0,72.0,2874.0
1783931145.4,20313,32624,592,329.0,72.0,2835.0
1783931146.0,20313,32624,592,226.0,72.0,2764.0
1783931146.6,20313,32624,592,321.0,72.0,2807.0
1783931147.2,20313,32624,592,332.0,72.0,2753.0
1783931147.8,20313,32624,587,301.0,72.0,2866.0
1783931148.4,20313,32624,587,308.0,72.0,2743.0
1783931149.0,20313,32624,587,293.0,72.0,2669.0
1783931149.5,20313,32624,587,314.0,72.0,2854.0
1783931150.1,20313,32624,587,321.0,72.0,2820.0
1783931150.7,20313,32624,587,371.0,72.0,2741.0
1783931151.3,20313,32624,587,334.0,72.0,2844.0
1783931151.9,20313,32624,599,320.0,72.0,2786.0
1783931152.5,20313,32624,599,193.0,72.0,2645.0
1783931153.1,20313,32624,599,304.0,72.0,2842.0
1783931153.7,20313,32624,599,317.0,72.0,2791.0
1783931154.3,20313,32624,599,288.0,72.0,2717.0
1783931154.9,20313,32624,599,309.0,72.0,2899.0
1783931155.5,20313,32624,599,309.0,72.0,2724.0
1783931156.0,20313,32624,599,255.0,72.0,2613.0
1783931156.6,20313,32624,599,269.0,72.0,2881.0
1783931157.2,20313,32624,599,311.0,72.0,2800.0
1783931157.8,20313,32624,599,304.0,72.0,2731.0
1783931158.4,20313,32624,599,235.0,72.0,2715.0
1783931159.0,20313,32624,599,311.0,72.0,2787.0
1783931159.6,20313,32624,599,307.0,72.0,2740.0
1783931160.2,20313,32624,599,191.0,72.0,2604.0
1783931160.8,20313,32624,599,323.0,72.0,2907.0
1783931161.4,20313,32624,599,314.0,72.0,2773.0
1783931162.0,20313,32624,599,319.0,72.0,2678.0
1783931162.6,20313,32624,587,278.0,72.0,2886.0
1783931163.1,20313,32624,587,332.0,72.0,2856.0
1783931163.7,20313,32624,592,81.0,71.0,3111.0
1783931164.3,20313,32624,592,271.0,71.0,2963.0
1783931164.9,20313,32624,592,312.0,72.0,2788.0
1783931165.5,20313,32624,592,322.0,72.0,2771.0
1783931166.1,20313,32624,592,270.0,72.0,2909.0
1783931166.7,20313,32624,599,312.0,72.0,2818.0
1783931167.3,20313,32624,599,302.0,72.0,2692.0
1783931167.9,20313,32624,599,278.0,72.0,2875.0
1783931168.5,20313,32624,599,303.0,72.0,2745.0
1783931169.0,20313,32624,599,295.0,72.0,2736.0
1783931169.6,20313,32624,599,289.0,72.0,2904.0
1783931170.2,20313,32624,599,313.0,72.0,2753.0
1783931170.8,20313,32624,599,295.0,72.0,2721.0
1783931171.4,20313,32624,599,307.0,72.0,2846.0
1783931172.0,20313,32624,599,308.0,72.0,2768.0
1783931172.6,20313,32624,599,302.0,72.0,2741.0
1783931173.2,20313,32624,599,269.0,72.0,2846.0
1783931173.8,20313,32624,599,325.0,72.0,2790.0
1783931174.4,20313,32624,599,307.0,72.0,2731.0
1783931175.0,20313,32624,599,292.0,72.0,2910.0
1783931175.5,20313,32624,599,304.0,72.0,2767.0
1783931176.1,20313,32624,599,314.0,72.0,2741.0
1783931176.7,20313,32624,599,316.0,72.0,3002.0
1783931177.3,20313,32624,599,316.0,72.0,2827.0
1783931177.9,20313,32624,587,319.0,72.0,2770.0
1783931178.5,20313,32624,587,272.0,72.0,2622.0
1783931179.1,20313,32624,587,328.0,72.0,2861.0
1783931179.7,20313,32624,587,325.0,72.0,2816.0
1783931180.3,20313,32624,587,329.0,72.0,2709.0
1783931180.9,20313,32624,587,267.0,72.0,2771.0
1783931181.5,20313,32624,599,328.0,72.0,2870.0
1783931182.0,20313,32624,599,309.0,72.0,2778.0
1783931182.6,20313,32624,599,306.0,72.0,2698.0
1783931183.2,20313,32624,599,324.0,72.0,2865.0
1783931183.8,20313,32624,599,329.0,72.0,2788.0
1783931184.4,20313,32624,599,308.0,72.0,2762.0
1783931185.0,20313,32624,599,282.0,72.0,2888.0
1783931185.6,20313,32624,599,331.0,72.0,2822.0
1783931186.2,20313,32624,599,312.0,72.0,2727.0
1783931186.8,20313,32624,599,196.0,72.0,2725.0
1783931187.4,20313,32624,592,78.0,71.0,1247.0
1783931188.0,20313,32624,592,299.0,72.0,2749.0
1783931188.5,20313,32624,592,262.0,72.0,2745.0
1783931189.1,20313,32624,592,314.0,72.0,2794.0
1783931189.7,20313,32624,592,320.0,72.0,2758.0
1783931190.3,20313,32624,592,279.0,72.0,2874.0
1783931190.9,20313,32624,592,323.0,72.0,2754.0
1783931191.5,20313,32624,592,328.0,72.0,2756.0
1783931192.1,20313,32624,592,327.0,72.0,2875.0
1783931192.7,20313,32624,587,312.0,72.0,2759.0
1783931193.3,20313,32624,587,272.0,72.0,2886.0
1783931193.9,20313,32624,587,335.0,72.0,2877.0
1783931194.5,20313,32624,587,321.0,72.0,2793.0
1783931195.1,20313,32624,587,267.0,72.0,2683.0
1783931195.6,20313,32624,587,324.0,72.0,2865.0
1783931196.2,20313,32624,587,304.0,72.0,2740.0
1783931196.8,20313,32624,599,332.0,72.0,2705.0
1783931197.4,20313,32624,599,310.0,72.0,2972.0
1783931198.0,20313,32624,599,315.0,72.0,2747.0
1783931198.6,20313,32624,599,326.0,72.0,2707.0
1783931199.2,20313,32624,599,265.0,72.0,2922.0
1783931199.8,20313,32624,599,307.0,72.0,2744.0
1783931200.4,20313,32624,599,332.0,72.0,2725.0
1783931201.0,20313,32624,599,287.0,72.0,2925.0
1783931201.5,20313,32624,599,314.0,72.0,2787.0
1783931202.1,20313,32624,599,327.0,72.0,2741.0
1783931202.7,20313,32624,599,229.0,72.0,2827.0
1783931203.3,20313,32624,599,331.0,72.0,2819.0
1783931203.9,20313,32624,599,297.0,72.0,2696.0
1783931204.5,20313,32624,599,306.0,72.0,2695.0
1783931205.1,20313,32624,599,285.0,73.0,2809.0
1783931205.7,20313,32624,599,325.0,73.0,2807.0
1783931206.3,20313,32624,592,60.0,71.0,122.0
1783931206.9,20313,32624,592,302.0,72.0,2758.0
1783931207.5,20313,32624,587,210.0,72.0,3004.0
1783931208.1,20313,32624,587,319.0,72.0,2806.0
1783931208.7,20313,32624,587,326.0,72.0,2731.0
1783931209.3,20313,32624,587,356.0,72.0,2872.0
1783931209.8,20313,32624,587,309.0,72.0,2786.0
1783931210.4,20313,32624,587,326.0,72.0,2693.0
1783931211.0,20313,32624,587,331.0,72.0,2918.0
1783931211.6,20313,32624,599,302.0,72.0,2730.0
1783931212.2,20313,32624,599,335.0,72.0,2763.0
1783931212.8,20313,32624,599,264.0,72.0,2882.0
1783931213.4,20313,32624,599,328.0,72.0,2782.0
1783931214.0,20313,32624,599,351.0,72.0,2743.0
1783931214.6,20313,32624,599,339.0,72.0,2842.0
1783931215.2,20313,32624,599,321.0,72.0,2815.0
1783931215.8,20313,32624,599,306.0,72.0,2750.0
1783931216.4,20313,32624,599,263.0,72.0,2839.0
1783931216.9,20313,32624,599,309.0,72.0,2758.0
1783931217.5,20313,32624,599,296.0,72.0,2722.0
1783931218.1,20313,32624,599,266.0,72.0,2916.0
1783931218.7,20313,32624,599,310.0,72.0,2758.0
1783931219.3,20313,32624,599,321.0,72.0,2665.0
1783931219.9,20313,32624,599,331.0,72.0,2804.0
1783931220.5,20313,32624,599,306.0,72.0,2741.0
1783931221.1,20313,32624,599,221.0,72.0,2661.0
1783931221.7,20313,32624,599,327.0,72.0,2885.0
1783931222.3,20313,32624,599,318.0,72.0,2768.0
1783931222.8,20313,32624,593,70.0,71.0,2982.0
1783931223.4,20313,32624,593,315.0,72.0,2835.0
1783931224.0,20313,32624,593,200.0,72.0,2767.0
1783931224.6,20313,32624,593,308.0,72.0,2843.0
1783931225.2,20313,32624,593,326.0,72.0,2724.0
1783931225.8,20313,32624,593,271.0,72.0,2829.0
1783931226.4,20313,32624,599,308.0,72.0,2732.0
1783931227.0,20313,32624,599,311.0,72.0,2715.0
1783931227.6,20313,32624,599,307.0,72.0,2764.0
1783931228.2,20313,32624,599,298.0,72.0,2715.0
1783931228.8,20313,32624,599,227.0,72.0,2753.0
1783931229.3,20313,32624,599,313.0,72.0,2787.0
1783931229.9,20313,32624,599,307.0,72.0,2740.0
1783931230.5,20313,32624,599,207.0,72.0,2667.0
1783931231.1,20313,32624,599,330.0,72.0,2842.0
1783931231.7,20313,32624,599,309.0,72.0,2725.0
1783931232.3,20313,32624,599,202.0,72.0,2735.0
1783931232.9,20313,32624,599,299.0,72.0,2772.0
1783931233.5,20313,32624,599,326.0,72.0,2785.0
1783931234.1,20313,32624,599,335.0,72.0,2671.0
1783931234.7,20313,32624,599,348.0,72.0,2924.0
1783931235.3,20313,32624,599,322.0,72.0,2762.0
1783931235.9,20313,32624,599,190.0,72.0,2710.0
1783931236.4,20313,32624,599,339.0,73.0,2892.0
1783931237.0,20313,32624,599,300.0,72.0,2730.0
1783931237.6,20313,32624,587,262.0,72.0,2737.0
1783931238.2,20313,32624,587,330.0,72.0,2884.0
1783931238.8,20313,32624,587,318.0,72.0,2791.0
1783931239.4,20313,32624,587,292.0,72.0,2700.0
1783931240.0,20313,32624,592,85.0,71.0,3152.0
1783931240.6,20318,32624,592,287.0,71.0,2688.0
1783931241.2,20318,32624,592,211.0,72.0,2661.0
1783931241.8,20318,32624,599,312.0,72.0,2818.0
1783931242.4,20318,32624,599,305.0,72.0,2736.0
1783931243.0,20318,32624,599,279.0,72.0,2858.0
1783931243.5,20318,32624,599,320.0,72.0,2819.0
1783931244.1,20318,32624,599,325.0,72.0,2727.0
1783931244.7,20318,32624,599,264.0,72.0,2837.0
1783931245.3,20318,32624,599,313.0,72.0,2758.0
1783931245.9,20318,32624,599,328.0,72.0,2735.0
1783931246.5,20318,32624,599,342.0,72.0,2923.0
1783931247.1,20318,32624,599,301.0,72.0,2740.0
1783931247.7,20318,32624,599,187.0,72.0,2704.0
1783931248.3,20318,32624,599,320.0,72.0,2794.0
1783931248.9,20318,32624,599,304.0,72.0,2755.0
1783931249.5,20318,32624,599,278.0,72.0,2825.0
1783931250.0,20318,32624,599,370.0,72.0,3016.0
1783931250.6,20318,32624,599,309.0,72.0,2727.0
1783931251.2,20318,32624,599,152.0,72.0,2723.0
1783931251.8,20318,32624,599,351.0,72.0,2872.0
1783931252.4,20318,32624,599,312.0,72.0,2784.0
1783931253.0,20318,32624,587,306.0,72.0,2744.0
1783931253.6,20318,32624,587,296.0,72.0,2887.0
1783931254.2,20318,32624,587,336.0,72.0,2901.0
1783931254.8,20318,32624,587,304.0,72.0,2733.0
1783931255.4,20318,32624,587,191.0,72.0,2637.0
1783931256.0,20318,32624,587,351.0,72.0,2839.0
1783931256.5,20318,32624,599,323.0,72.0,2762.0
1783931257.1,20318,32624,605,234.0,71.0,2861.0
1783931257.7,20318,32624,605,296.0,72.0,2754.0
1783931258.3,20318,32624,605,213.0,72.0,2727.0
1783931258.9,20318,32624,605,331.0,72.0,2869.0
1783931259.5,20318,32624,605,308.0,72.0,2740.0
1783931260.1,20318,32624,605,226.0,72.0,2643.0
1783931260.7,20318,32624,605,313.0,72.0,2816.0
1783931261.3,20318,32624,605,317.0,72.0,2727.0
1783931261.9,20318,32624,605,324.0,72.0,2963.0
1783931262.5,20318,32624,605,318.0,72.0,2785.0
1783931263.0,20318,32624,605,234.0,72.0,2576.0
1783931263.6,20318,32624,605,313.0,72.0,2794.0
1783931264.2,20318,32624,605,296.0,72.0,2702.0
1783931264.8,20318,32624,605,245.0,72.0,2807.0
1783931265.4,20318,32624,605,314.0,72.0,2822.0
1783931266.0,20318,32624,605,304.0,72.0,2745.0
1783931266.6,20318,32624,605,260.0,72.0,2758.0
1783931267.2,20318,32624,605,307.0,72.0,2749.0
1783931267.8,20318,32624,587,303.0,72.0,2720.0
1783931268.4,20318,32624,587,255.0,72.0,2774.0
1783931269.0,20318,32624,587,311.0,73.0,2762.0
1783931269.6,20318,32624,587,291.0,72.0,2708.0
1783931270.1,20318,32624,587,262.0,72.0,2904.0
1783931270.7,20318,32624,587,322.0,72.0,2779.0
1783931271.3,20318,32624,587,314.0,72.0,2764.0
1783931271.9,20318,32624,601,312.0,72.0,2689.0
1783931272.5,20318,32624,601,290.0,73.0,2844.0
1783931273.1,20318,32624,594,198.0,71.0,2750.0
1783931273.7,20318,32624,594,319.0,72.0,2823.0
1783931274.3,20318,32624,594,317.0,72.0,2760.0
1783931274.9,20318,32624,594,257.0,72.0,2779.0
1783931275.5,20318,32624,594,327.0,72.0,2843.0
1783931276.1,20318,32624,594,314.0,72.0,2748.0
1783931276.6,20318,32624,594,277.0,72.0,2893.0
1783931277.2,20318,32624,594,299.0,73.0,2745.0
1783931277.8,20318,32624,594,298.0,73.0,2709.0
1783931278.4,20318,32624,594,335.0,73.0,2832.0
1783931279.0,20318,32624,594,303.0,72.0,2740.0
1783931279.6,20318,32624,594,294.0,73.0,2728.0
1783931280.2,20318,32624,594,353.0,73.0,2877.0
1783931280.8,20318,32624,594,295.0,73.0,2729.0
1783931281.4,20318,32624,594,232.0,73.0,2679.0
1783931282.0,20318,32624,594,334.0,72.0,2834.0
1783931282.6,20318,32624,589,303.0,73.0,2727.0
1783931283.2,20318,32624,589,290.0,73.0,2889.0
1783931283.8,20318,32624,589,318.0,73.0,2780.0
1783931284.3,20318,32624,589,181.0,73.0,2628.0
1783931284.9,20318,32624,589,323.0,73.0,2857.0
1783931285.5,20318,32624,589,293.0,73.0,2670.0
1783931286.1,20318,32624,589,317.0,73.0,2661.0
1783931286.7,20318,32624,601,265.0,73.0,2832.0
1783931287.3,20318,32624,601,319.0,73.0,2831.0
1783931287.9,20318,32624,601,306.0,73.0,2762.0
1783931288.5,20318,32624,601,204.0,73.0,2545.0
1783931289.1,20318,32624,601,354.0,73.0,2927.0
1783931289.7,20318,32624,594,232.0,71.0,2720.0
1783931290.2,20318,32624,594,309.0,72.0,2815.0
1783931290.8,20318,32624,594,308.0,72.0,2746.0
1783931291.4,20318,32624,594,257.0,72.0,2830.0
1783931292.0,20318,32624,594,315.0,72.0,2749.0
1783931292.6,20318,32624,594,304.0,72.0,2730.0
1783931293.2,20318,32624,594,321.0,72.0,2857.0
1783931293.8,20318,32624,594,295.0,72.0,2721.0
1783931294.4,20318,32624,594,275.0,72.0,2856.0
1783931295.0,20318,32624,594,317.0,72.0,2816.0
1783931295.6,20318,32624,594,294.0,72.0,2707.0
1783931296.2,20318,32624,594,326.0,72.0,2830.0
1783931296.7,20318,32624,594,306.0,72.0,2722.0
1783931297.3,20318,32624,594,312.0,72.0,2939.0
1783931297.9,20318,32624,595,310.0,72.0,2756.0
1783931298.5,20318,32624,595,264.0,72.0,2792.0
1783931299.1,20318,32624,595,315.0,72.0,2754.0
1783931299.7,20318,32624,595,315.0,72.0,2722.0
1783931300.3,20318,32624,595,321.0,72.0,2817.0
1783931300.9,20318,32624,595,318.0,72.0,2783.0
1783931301.5,20318,32624,601,247.0,72.0,2670.0
1783931302.1,20318,32624,601,327.0,72.0,2828.0
1783931302.7,20318,32624,601,294.0,72.0,2710.0
1783931303.3,20318,32624,601,282.0,73.0,2903.0
1783931303.8,20318,32624,601,314.0,72.0,2792.0
1783931304.4,20318,32624,601,318.0,72.0,2732.0
1783931305.0,20318,32624,601,255.0,73.0,2786.0
1783931305.6,20318,32624,601,308.0,73.0,2776.0
1783931306.2,20318,32624,601,317.0,72.0,2726.0
1783931306.8,20318,32624,601,320.0,73.0,2913.0
1783931307.4,20318,32624,601,323.0,73.0,2817.0
1783931308.0,20318,32624,601,322.0,73.0,2725.0
1783931308.6,20318,32624,601,269.0,72.0,2847.0
1783931309.2,20318,32624,601,322.0,73.0,2818.0
1783931309.8,20318,32624,601,302.0,73.0,2711.0
1783931310.3,20318,32624,601,279.0,73.0,2924.0
1783931310.9,20318,32624,601,326.0,73.0,2834.0
1783931311.5,20318,32624,601,304.0,73.0,2756.0
1783931312.1,20318,32624,601,251.0,73.0,2712.0
1783931312.7,20318,32624,589,328.0,72.0,2832.0
1783931313.3,20318,32624,589,305.0,72.0,2741.0
1783931313.9,20318,32624,589,153.0,73.0,2692.0
1783931314.5,20318,32624,589,310.0,73.0,2793.0
1783931315.1,20318,32624,589,306.0,73.0,2742.0
1783931315.7,20318,32624,589,360.0,73.0,2941.0
1783931316.3,20318,32624,589,309.0,73.0,2759.0
1783931316.9,20318,32624,601,331.0,73.0,2695.0
1783931317.5,20318,32624,601,288.0,73.0,2905.0
1783931318.0,20318,32624,601,314.0,73.0,2791.0
1783931318.6,20318,32624,601,316.0,73.0,2730.0
1783931319.2,20318,32624,601,266.0,73.0,2630.0
1783931319.8,20318,32624,601,327.0,73.0,2821.0
1783931320.4,20318,32624,601,302.0,73.0,2735.0
1783931321.0,20318,32624,601,303.0,73.0,2701.0
1783931321.6,20318,32624,601,234.0,73.0,2759.0
1783931322.2,20318,32624,601,324.0,73.0,2833.0
1783931322.8,20318,32624,601,298.0,72.0,2760.0
1783931323.4,20318,32624,601,249.0,73.0,2742.0
1783931324.0,20318,32624,601,331.0,73.0,2852.0
1783931324.6,20318,32624,601,317.0,73.0,2760.0
1783931325.1,20318,32624,594,227.0,71.0,2764.0
1783931325.7,20318,32624,594,277.0,72.0,2671.0
1783931326.3,20318,32624,594,338.0,72.0,2819.0
1783931326.9,20318,32624,594,304.0,72.0,2739.0
1783931327.5,20318,32624,590,320.0,72.0,2965.0
1783931328.1,20318,32624,590,312.0,72.0,2789.0
1783931328.7,20318,32624,590,292.0,72.0,2658.0
1783931329.3,20318,32624,590,304.0,72.0,2772.0
1783931329.9,20318,32624,590,316.0,72.0,2713.0
1783931330.5,20318,32624,590,336.0,72.0,2976.0
1783931331.1,20318,32624,590,308.0,72.0,2752.0
1783931331.7,20318,32624,602,246.0,72.0,2753.0
1783931332.3,20318,32624,602,289.0,73.0,2700.0
1783931332.8,20318,32624,602,317.0,72.0,2736.0
1783931333.4,20318,32624,602,327.0,73.0,2890.0
1783931334.0,20318,32624,602,317.0,73.0,2754.0
1783931334.6,20318,32624,602,259.0,73.0,2773.0
1783931335.2,20318,32624,602,312.0,73.0,2757.0
1783931335.8,20318,32624,602,286.0,72.0,2910.0
1783931336.4,20318,32624,602,316.0,73.0,2765.0
1783931337.0,20318,32624,602,210.0,72.0,2591.0
1783931337.6,20318,32624,602,325.0,72.0,2821.0
1783931338.2,20318,32624,602,287.0,73.0,2697.0
1783931338.7,20318,32624,602,342.0,73.0,2839.0
1783931339.3,20318,32624,602,322.0,73.0,2793.0
1783931339.9,20318,32624,602,255.0,73.0,2788.0
1783931340.5,20318,32624,602,322.0,73.0,2787.0
1783931341.1,20318,32624,602,313.0,73.0,2725.0
1783931341.7,20318,32624,602,301.0,73.0,2797.0
1783931342.3,20318,32624,602,289.0,73.0,2707.0
1783931342.9,20318,32624,590,284.0,73.0,2631.0
1783931343.5,20318,32624,590,335.0,73.0,2833.0
1783931344.1,20318,32624,590,300.0,73.0,2752.0
1783931344.7,20318,32624,590,197.0,73.0,2669.0
1783931345.2,20318,32624,590,335.0,73.0,2824.0
1783931345.8,20318,32624,590,318.0,73.0,2800.0
1783931346.4,20318,32624,601,229.0,73.0,2738.0
1783931347.0,20318,32624,601,315.0,73.0,2822.0
1783931347.6,20318,32624,601,306.0,73.0,2733.0
1783931348.2,20318,32624,601,233.0,73.0,2901.0
1783931348.8,20318,32624,601,334.0,73.0,2831.0
1783931349.4,20318,32624,601,307.0,73.0,2777.0
1783931350.0,20318,32624,588,345.0,73.0,2675.0
1783931350.6,20318,32624,594,334.0,73.0,2836.0
1783931351.2,20318,32624,594,314.0,73.0,2804.0
1783931351.8,20318,32624,601,291.0,73.0,2719.0
1783931352.4,20318,32624,601,338.0,73.0,2872.0
1783931353.0,20318,32624,601,329.0,73.0,2805.0
1783931353.6,20321,32624,603,331.0,73.0,2697.0
1783931354.1,20321,32624,603,274.0,73.0,2918.0
1783931354.7,20321,32624,603,348.0,73.0,2974.0
1783931355.3,20321,32624,603,323.0,73.0,2773.0
1783931355.9,20319,32624,599,287.0,73.0,2710.0
1783931356.5,20319,32624,599,274.0,73.0,2868.0
1783931357.1,20319,32624,599,323.0,73.0,2816.0
1783931357.7,20319,32624,586,312.0,73.0,2757.0
1783931358.3,20319,32624,586,294.0,72.0,2726.0
1783931358.9,20319,32624,586,269.0,73.0,2755.0
1783931359.5,20319,32624,586,322.0,73.0,2824.0
1783931360.0,20319,32624,586,308.0,73.0,2758.0
1783931360.6,20319,32624,586,315.0,73.0,2727.0
1783931361.2,20319,32624,590,44.0,71.0,0.0
1783931361.8,20320,32624,604,287.0,71.0,2719.0
1783931362.4,20320,32624,604,321.0,72.0,2708.0
1783931363.0,20320,32624,604,282.0,72.0,2902.0
1783931363.6,20320,32624,604,332.0,72.0,2883.0
1783931364.2,20320,32624,604,295.0,73.0,2720.0
1783931364.8,20320,32624,604,262.0,73.0,2817.0
1783931365.4,20320,32624,604,325.0,73.0,2798.0
1783931366.0,20320,32624,604,327.0,73.0,2665.0
1783931366.6,20320,32624,604,335.0,73.0,2813.0
1783931367.1,20320,32624,604,303.0,73.0,2731.0
1783931367.7,20320,32624,604,214.0,73.0,2786.0
1783931368.3,20320,32624,604,322.0,73.0,2815.0
1783931368.9,20320,32624,604,340.0,73.0,2744.0
1783931369.5,20320,32624,604,263.0,73.0,2902.0
1783931370.1,20320,32624,604,301.0,73.0,2740.0
1783931370.7,20320,32624,604,319.0,73.0,2702.0
1783931371.3,20320,32624,604,346.0,73.0,2914.0
1783931371.9,20320,32624,604,306.0,73.0,2757.0
1783931372.5,20320,32624,604,279.0,73.0,2815.0
1783931373.1,20320,32624,586,313.0,73.0,2780.0
1783931373.6,20320,32624,586,311.0,73.0,2747.0
1783931374.2,20320,32624,586,292.0,73.0,2915.0
1783931374.8,20320,32624,586,315.0,73.0,2797.0
1783931375.4,20320,32624,586,324.0,73.0,2654.0
1783931376.0,20320,32624,586,315.0,73.0,2875.0
1783931376.6,20320,32624,598,304.0,73.0,2750.0
1783931377.2,20320,32624,598,164.0,73.0,2649.0
1783931377.8,20320,32624,598,330.0,73.0,2865.0
1783931378.4,20320,32624,598,316.0,73.0,2761.0
1783931379.0,20320,32624,598,335.0,73.0,2669.0
1783931379.6,20320,32624,598,339.0,73.0,2872.0
1783931380.2,20320,32624,598,321.0,73.0,2761.0
1783931380.7,20320,32624,598,349.0,73.0,2731.0
1783931381.3,20320,32624,598,349.0,73.0,2886.0
1783931381.9,20320,32624,598,320.0,73.0,2731.0
1783931382.5,20320,32624,598,330.0,73.0,2766.0
1783931383.1,20320,32624,598,278.0,73.0,2916.0
1783931383.7,20320,32624,598,330.0,73.0,2844.0
1783931384.3,20320,32624,598,309.0,73.0,2749.0
1783931384.9,20320,32624,598,235.0,73.0,2702.0
1783931385.5,20320,32624,598,329.0,73.0,2885.0
1783931386.1,20320,32624,598,299.0,73.0,2728.0
1783931386.7,20320,32624,598,302.0,73.0,2683.0
1783931387.2,20320,32624,598,316.0,73.0,2821.0
1783931387.8,20320,32624,586,302.0,73.0,2758.0
1783931388.4,20320,32624,586,319.0,73.0,2744.0
1783931389.0,20320,32624,586,297.0,73.0,2887.0
1783931389.6,20320,32624,586,305.0,73.0,2782.0
1783931390.2,20320,32624,586,304.0,73.0,2724.0
1783931390.8,20320,32624,586,199.0,73.0,2682.0
1783931391.4,719,32624,86,34.0,71.0,0.0
1783931392.0,706,32624,84,17.0,70.0,0.0
1783931392.6,706,32624,84,18.0,69.0,0.0
1783931393.2,1316,32624,85,44.0,68.0,0.0
1783931393.8,717,32624,84,19.0,68.0,0.0
1783931394.3,717,32624,84,17.0,67.0,0.0
1783931394.9,16339,32624,84,33.0,67.0,0.0
1783931395.5,16339,32624,84,32.0,67.0,0.0
1783931396.1,16339,32624,84,33.0,67.0,0.0
1783931396.7,16339,32624,84,32.0,66.0,0.0
1783931397.3,16339,32624,84,32.0,66.0,0.0
1783931397.9,16339,32624,78,32.0,66.0,0.0
1783931398.5,20304,32624,499,53.0,66.0,223.0
1783931399.1,20311,32624,581,116.0,66.0,1725.0
1783931399.7,20312,32624,587,183.0,66.0,1678.0
1783931400.3,20312,32624,587,307.0,67.0,2605.0
1783931400.9,20312,32624,587,335.0,68.0,2868.0
1783931401.4,20312,32624,587,310.0,68.0,2785.0
1783931402.0,20312,32624,587,199.0,68.0,2798.0
1783931402.6,20313,32624,586,314.0,68.0,2785.0
1783931403.2,20313,32624,586,298.0,68.0,2776.0
1783931403.8,20313,32624,586,289.0,69.0,2962.0
1783931404.4,20313,32624,586,317.0,69.0,2809.0
1783931405.0,20313,32624,586,329.0,69.0,2734.0
1783931405.6,20313,32624,586,344.0,69.0,2872.0
1783931406.2,20313,32624,586,310.0,69.0,2781.0
1783931406.8,20313,32624,598,285.0,69.0,2696.0
1783931407.4,20313,32624,598,330.0,69.0,2859.0
1783931408.0,20313,32624,598,298.0,69.0,2723.0
1783931408.5,20313,32624,598,180.0,69.0,2700.0
1783931409.1,20313,32624,598,306.0,69.0,2906.0
1783931409.7,20313,32624,598,315.0,70.0,2785.0
1783931410.3,20313,32624,598,334.0,70.0,2713.0
1783931410.9,20313,32624,598,261.0,70.0,2866.0
1783931411.5,20313,32624,598,313.0,70.0,2807.0
1783931412.1,20313,32624,598,325.0,70.0,2695.0
1783931412.7,20313,32624,598,271.0,70.0,2843.0
1783931413.3,20313,32624,598,297.0,70.0,2762.0
1783931413.9,20313,32624,598,289.0,70.0,2721.0
1783931414.5,20313,32624,598,204.0,70.0,2630.0
1783931415.1,20313,32624,598,338.0,70.0,2907.0
1783931415.6,20313,32624,598,303.0,70.0,2759.0
1783931416.2,20313,32624,598,304.0,70.0,2689.0
1783931416.8,20313,32624,598,347.0,70.0,2962.0
1783931417.4,20313,32624,598,312.0,70.0,2769.0
1783931418.0,20313,32624,585,298.0,70.0,2718.0
1783931418.6,20313,32624,585,270.0,70.0,2855.0
1783931419.2,20313,32624,585,327.0,71.0,2837.0
1783931419.8,20313,32624,585,310.0,71.0,2777.0
1783931420.4,20317,32624,593,358.0,71.0,2699.0
1783931421.0,20317,32624,593,282.0,71.0,2906.0
1783931421.6,20317,32624,604,344.0,71.0,2906.0
1783931422.2,20317,32624,604,310.0,71.0,2776.0
1783931422.7,20317,32624,604,288.0,71.0,2748.0
1783931423.3,20317,32624,597,236.0,69.0,2771.0
1783931423.9,20317,32624,597,259.0,70.0,2734.0
1783931424.5,20317,32624,597,327.0,71.0,2826.0
1783931425.1,20317,32624,597,342.0,71.0,2756.0
1783931425.7,20317,32624,597,275.0,71.0,2879.0
1783931426.3,20317,32624,597,324.0,71.0,2848.0
1783931426.9,20317,32624,597,284.0,71.0,2715.0
1783931427.5,20317,32624,597,306.0,71.0,2852.0
1783931428.1,20317,32624,597,324.0,71.0,2815.0
1783931428.7,20317,32624,597,289.0,71.0,2731.0
1783931429.2,20317,32624,591,322.0,71.0,2810.0
1783931429.8,20317,32624,591,303.0,71.0,2753.0
1783931430.4,20317,32624,591,295.0,71.0,2736.0
1783931431.0,20317,32624,591,270.0,71.0,2852.0
1783931431.6,20317,32624,591,327.0,71.0,2849.0
1783931432.2,20317,32624,591,298.0,71.0,2737.0
1783931432.8,20317,32624,593,255.0,71.0,2794.0
1783931433.4,20317,32624,593,326.0,71.0,2818.0
1783931434.0,20317,32624,593,309.0,71.0,2757.0
1783931434.6,20317,32624,593,271.0,71.0,2626.0
1783931435.2,20317,32624,593,313.0,71.0,2824.0
1783931435.7,20317,32624,593,311.0,71.0,2779.0
1783931436.3,20317,32624,593,291.0,71.0,2711.0
1783931436.9,20317,32624,605,172.0,71.0,2757.0
1783931437.5,20317,32624,605,346.0,71.0,2920.0
1783931438.1,20317,32624,605,315.0,71.0,2793.0
1783931438.7,20317,32624,605,299.0,71.0,2727.0
1783931439.3,20317,32624,605,255.0,71.0,2832.0
1783931439.9,20317,32624,605,332.0,71.0,2816.0
1783931440.5,20317,32624,605,315.0,71.0,2790.0
1783931441.1,20317,32624,605,226.0,72.0,2614.0
1783931441.7,20317,32624,605,330.0,72.0,2826.0
1783931442.3,20317,32624,597,207.0,70.0,2775.0
1783931442.8,20317,32624,597,278.0,71.0,2883.0
1783931443.4,20317,32624,597,303.0,71.0,2781.0
1783931444.0,20317,32624,597,276.0,71.0,2662.0
1783931444.6,20317,32624,597,332.0,71.0,2878.0
1783931445.2,20317,32624,597,315.0,71.0,2785.0
1783931445.8,20317,32624,597,350.0,72.0,2707.0
1783931446.4,20317,32624,591,354.0,71.0,2943.0
1783931447.0,20317,32624,591,300.0,72.0,2724.0
1783931447.6,20317,32624,593,217.0,72.0,2799.0
1783931448.2,20317,32624,593,316.0,72.0,2802.0
1783931448.8,20317,32624,593,311.0,72.0,2754.0
1783931449.4,20317,32624,593,258.0,72.0,2704.0
1783931450.0,20317,32624,593,324.0,72.0,2833.0
1783931450.6,20311,32624,591,300.0,72.0,2736.0
1783931451.2,20311,32624,591,162.0,72.0,2623.0
1783931451.8,20311,32624,603,341.0,72.0,2911.0
1783931452.3,20311,32624,603,308.0,72.0,2753.0
1783931452.9,20311,32624,603,323.0,72.0,2724.0
1783931453.5,20311,32624,595,251.0,70.0,2350.0
1783931454.1,20311,32624,589,209.0,71.0,2797.0
1783931454.7,20311,32624,589,311.0,72.0,2767.0
1783931455.3,20311,32624,589,301.0,72.0,2732.0
1783931455.9,20311,32624,589,252.0,72.0,2846.0
1783931456.5,20311,32624,589,309.0,72.0,2764.0
1783931457.1,20311,32624,589,283.0,72.0,2668.0
1783931457.7,20311,32624,589,297.0,72.0,2742.0
1783931458.3,20311,32624,589,308.0,72.0,2728.0
1783931458.9,20311,32624,589,261.0,72.0,2811.0
1783931459.5,20311,32624,589,335.0,72.0,2848.0
1783931460.0,20311,32624,589,300.0,72.0,2746.0
1783931460.6,20311,32624,589,197.0,72.0,2649.0
1783931461.2,20311,32624,589,320.0,72.0,2829.0
1783931461.8,20311,32624,589,303.0,72.0,2719.0
1783931462.4,20311,32624,589,261.0,72.0,2846.0
1783931463.0,20311,32624,591,322.0,72.0,2825.0
1783931463.6,20311,32624,591,298.0,72.0,2777.0
1783931464.2,20311,32624,591,201.0,72.0,2659.0
1783931464.8,20311,32624,591,318.0,72.0,2807.0
1783931465.4,20311,32624,591,302.0,72.0,2710.0
1783931466.0,20311,32624,591,289.0,72.0,2879.0
1783931466.6,20311,32624,604,330.0,72.0,2877.0
1783931467.1,20311,32624,604,305.0,72.0,2756.0
1783931467.7,20311,32624,597,308.0,71.0,2742.0
1783931468.3,20311,32624,597,189.0,72.0,2748.0
1783931468.9,20311,32624,597,331.0,72.0,2890.0
1783931469.5,20311,32624,597,309.0,72.0,2764.0
1783931470.1,20311,32624,597,277.0,72.0,2889.0
1783931470.7,20311,32624,597,331.0,72.0,2841.0
1783931471.3,20311,32624,597,333.0,72.0,2754.0
1783931471.9,20311,32624,597,255.0,72.0,2865.0
1783931472.5,20311,32624,597,337.0,72.0,2880.0
1783931473.1,20311,32624,597,297.0,72.0,2746.0
1783931473.6,20311,32624,591,282.0,72.0,2924.0
1783931474.2,20311,32624,591,312.0,72.0,2784.0
1783931474.8,20311,32624,591,314.0,72.0,2757.0
1783931475.4,20311,32624,591,278.0,72.0,2905.0
1783931476.0,20311,32624,591,313.0,72.0,2788.0
1783931476.6,20311,32624,591,298.0,72.0,2691.0
1783931477.2,20311,32624,591,281.0,72.0,2929.0
1783931477.8,20311,32624,591,329.0,72.0,2861.0
1783931478.4,20311,32624,591,315.0,72.0,2750.0
1783931479.0,20311,32624,591,190.0,72.0,2741.0
1783931479.5,20311,32624,591,321.0,72.0,2822.0
1783931480.1,20311,32624,591,311.0,72.0,2754.0
1783931480.7,20311,32624,591,246.0,72.0,2662.0
1783931481.3,20311,32624,591,324.0,72.0,2968.0
1783931481.9,20311,32624,602,314.0,72.0,2758.0
1783931482.5,20311,32624,602,311.0,72.0,2739.0
1783931483.1,20311,32624,602,224.0,72.0,2822.0
1783931483.7,20311,32624,602,333.0,72.0,2839.0
1783931484.3,20311,32624,602,298.0,72.0,2709.0
1783931484.9,20311,32624,595,83.0,71.0,3104.0
1783931485.5,20311,32624,595,194.0,72.0,2709.0
1783931486.1,20311,32624,595,307.0,72.0,2815.0
1783931486.6,20311,32624,595,312.0,72.0,2759.0
1783931487.2,20311,32624,595,202.0,72.0,2648.0
1783931487.8,20311,32624,595,312.0,72.0,2904.0
1783931488.4,20311,32624,595,318.0,72.0,2790.0
1783931489.0,20311,32624,595,223.0,72.0,2712.0
1783931489.6,20311,32624,595,319.0,72.0,2790.0
1783931490.2,20311,32624,589,325.0,72.0,2730.0
1783931490.8,20311,32624,589,299.0,72.0,2909.0
1783931491.4,20311,32624,589,317.0,72.0,2859.0
1783931492.0,20311,32624,589,301.0,72.0,2761.0
1783931492.6,20311,32624,591,293.0,72.0,2902.0
1783931493.2,20311,32624,591,310.0,72.0,2755.0
1783931493.7,20311,32624,591,273.0,72.0,2701.0
1783931494.3,20311,32624,591,338.0,72.0,2863.0
1783931494.9,20311,32624,591,310.0,72.0,2813.0
1783931495.5,20311,32624,591,308.0,72.0,2742.0
1783931496.1,20311,32624,595,139.0,71.0,2930.0
1783931496.7,20311,32624,602,315.0,72.0,2787.0
1783931497.3,20311,32624,602,304.0,72.0,2741.0
1783931497.9,20311,32624,602,348.0,72.0,2877.0
1783931498.5,20311,32624,602,322.0,72.0,2827.0
1783931499.1,20311,32624,602,171.0,72.0,2628.0
1783931499.7,20311,32624,602,338.0,72.0,2870.0
1783931500.3,20311,32624,602,319.0,72.0,2778.0
1783931500.8,20311,32624,602,200.0,72.0,2711.0
1783931501.4,20311,32624,602,331.0,72.0,2886.0
1783931502.0,20311,32624,602,308.0,72.0,2780.0
1783931502.6,20311,32624,589,218.0,72.0,2751.0
1783931503.2,20311,32624,589,327.0,72.0,2815.0
1783931503.8,20311,32624,589,320.0,72.0,2748.0
1783931504.4,20311,32624,589,271.0,72.0,2907.0
1783931505.0,20311,32624,593,125.0,70.0,2003.0
1783931505.6,20311,32624,593,340.0,71.0,2868.0
1783931506.2,20311,32624,593,327.0,72.0,2877.0
1783931506.8,20311,32624,593,299.0,72.0,2722.0
1783931507.4,20311,32624,593,275.0,72.0,2842.0
1783931507.9,20311,32624,591,318.0,72.0,2791.0
1783931508.5,20311,32624,591,316.0,72.0,2734.0
1783931509.1,20311,32624,591,297.0,72.0,2867.0
1783931509.7,20311,32624,591,315.0,72.0,2787.0
1783931510.3,20311,32624,591,201.0,72.0,2704.0
1783931510.9,20311,32624,591,327.0,72.0,2849.0
1783931511.5,20311,32624,603,318.0,72.0,2761.0
1783931512.1,20311,32624,603,231.0,72.0,2807.0
1783931512.7,20311,32624,603,322.0,72.0,2805.0
1783931513.3,20311,32624,603,313.0,72.0,2762.0
1783931513.9,20311,32624,603,251.0,72.0,2642.0
1783931514.5,20311,32624,603,335.0,72.0,2887.0
1783931515.0,20312,32624,595,232.0,71.0,2566.0
1783931515.6,20316,32624,595,338.0,71.0,2873.0
1783931516.2,20316,32624,595,154.0,72.0,2649.0
1783931516.8,20316,32624,595,298.0,72.0,2818.0
1783931517.4,20316,32624,595,308.0,72.0,2788.0
1783931518.0,20316,32624,595,285.0,72.0,2939.0
1783931518.6,20316,32624,595,305.0,72.0,2761.0
1783931519.2,20316,32624,595,293.0,72.0,2747.0
1783931519.8,20316,32624,595,279.0,72.0,2896.0
1783931520.4,20316,32624,595,314.0,72.0,2730.0
1783931521.0,20316,32624,589,334.0,72.0,2734.0
1783931521.6,20316,32624,589,317.0,72.0,2791.0
1783931522.2,20316,32624,589,331.0,72.0,2704.0
1783931522.8,20316,32624,591,291.0,72.0,2930.0
1783931523.4,20316,32624,591,312.0,72.0,2809.0
1783931523.9,20316,32624,591,312.0,72.0,2732.0
1783931524.5,20316,32624,595,170.0,71.0,2526.0
1783931525.1,20316,32624,595,346.0,72.0,2918.0
1783931525.7,20316,32624,595,316.0,72.0,2673.0
1783931526.3,20316,32624,595,337.0,72.0,2856.0
1783931526.9,20316,32624,604,318.0,72.0,2773.0
1783931527.5,20316,32624,604,328.0,72.0,2736.0
1783931528.1,20316,32624,604,343.0,72.0,2928.0
1783931528.7,20316,32624,604,302.0,72.0,2738.0
1783931529.3,20316,32624,604,271.0,72.0,2828.0
1783931529.9,20316,32624,604,308.0,72.0,2719.0
1783931530.5,20316,32624,604,320.0,72.0,2683.0
1783931531.0,20316,32624,604,294.0,72.0,2797.0
1783931531.6,20316,32624,604,310.0,72.0,2761.0
1783931532.2,20316,32624,604,188.0,72.0,2627.0
1783931532.8,20316,32624,604,312.0,72.0,2794.0
1783931533.4,20322,32624,599,285.0,71.0,2682.0
1783931534.0,20323,32624,601,164.0,72.0,2752.0
1783931534.6,20323,32624,601,335.0,72.0,2885.0
1783931535.2,20323,32624,601,325.0,72.0,2815.0
1783931535.8,20323,32624,601,180.0,72.0,2747.0
1783931536.4,20323,32624,601,333.0,72.0,2853.0
1783931537.0,20323,32624,601,309.0,72.0,2747.0
1783931537.6,20323,32624,597,199.0,72.0,2828.0
1783931538.1,20323,32624,597,325.0,72.0,2792.0
1783931538.7,20323,32624,597,308.0,72.0,2724.0
1783931539.3,20323,32624,595,290.0,72.0,2683.0
1783931539.9,20323,32624,595,259.0,72.0,2841.0
1783931540.5,20323,32624,595,308.0,72.0,2766.0
1783931541.1,20323,32624,595,291.0,72.0,2665.0
1783931541.7,20323,32624,606,336.0,72.0,2877.0
1783931542.3,20323,32624,606,313.0,72.0,2748.0
1783931542.9,20323,32624,606,314.0,72.0,2714.0
1783931543.5,20323,32624,606,267.0,72.0,2846.0
1783931544.1,20323,32624,606,320.0,72.0,2815.0
1783931544.7,20323,32624,599,343.0,71.0,2912.0
1783931545.2,20323,32624,599,323.0,72.0,2719.0
1783931545.8,20323,32624,599,293.0,72.0,2855.0
1783931546.4,20323,32624,599,308.0,72.0,2790.0
1783931547.0,20323,32624,599,310.0,72.0,2742.0
1783931547.6,20323,32624,599,283.0,72.0,2900.0
1783931548.2,20323,32624,593,325.0,72.0,2808.0
1783931548.8,20323,32624,593,300.0,72.0,2738.0
1783931549.4,20323,32624,593,288.0,72.0,2850.0
1783931550.0,20323,32624,593,303.0,72.0,2767.0
1783931550.6,20323,32624,593,355.0,72.0,2722.0
1783931551.2,20323,32624,593,379.0,72.0,3065.0
1783931551.7,20323,32624,593,300.0,72.0,2739.0
1783931552.3,20323,32624,593,254.0,72.0,2591.0
1783931552.9,20323,32624,595,314.0,72.0,2817.0
1783931553.5,20323,32624,595,307.0,72.0,2767.0
1783931554.1,20323,32624,595,171.0,72.0,2666.0
1783931554.7,20323,32624,595,323.0,72.0,2851.0
1783931555.3,20323,32624,595,302.0,72.0,2708.0
1783931555.9,20323,32624,595,251.0,72.0,2777.0
1783931556.5,20323,32624,606,305.0,72.0,2767.0
1783931557.1,20323,32624,606,286.0,72.0,2707.0
1783931557.7,20323,32624,606,322.0,72.0,2901.0
1783931558.2,20323,32624,606,319.0,72.0,2810.0
1783931558.8,20323,32624,606,347.0,72.0,2624.0
1783931559.4,20323,32624,606,350.0,73.0,2905.0
1783931560.0,20323,32624,606,310.0,73.0,2758.0
1783931560.6,20323,32624,606,366.0,72.0,2708.0
1783931561.2,20323,32624,606,321.0,73.0,2862.0
1783931561.8,20323,32624,606,325.0,72.0,2798.0
1783931562.4,20323,32624,606,315.0,73.0,2722.0
1783931563.0,20323,32624,606,312.0,73.0,2935.0
1783931563.6,20323,32624,606,302.0,73.0,2716.0
1783931564.2,20323,32624,606,239.0,72.0,2719.0
1783931564.7,20323,32624,606,337.0,72.0,2864.0
1783931565.3,20323,32624,606,304.0,73.0,2729.0
1783931565.9,20323,32624,606,200.0,73.0,2712.0
1783931566.5,20323,32624,606,324.0,72.0,2837.0
1783931567.1,20323,32624,606,295.0,72.0,2752.0
1783931567.7,20323,32624,595,189.0,73.0,2579.0
1783931568.3,20323,32624,595,339.0,73.0,2888.0
1783931568.9,20323,32624,595,320.0,73.0,2758.0
1783931569.5,20323,32624,595,308.0,73.0,2765.0
1783931570.1,20323,32624,595,275.0,73.0,2933.0
1783931570.7,20323,32624,595,306.0,73.0,2783.0
1783931571.3,20323,32624,595,307.0,73.0,2720.0
1783931571.8,20323,32624,607,286.0,73.0,2929.0
1783931572.4,20323,32624,607,298.0,73.0,2732.0
1783931573.0,20323,32624,607,302.0,73.0,2729.0
1783931573.6,20323,32624,607,258.0,73.0,2784.0
1783931574.2,20323,32624,607,312.0,73.0,2773.0
1783931574.8,20323,32624,599,234.0,71.0,2785.0
1783931575.4,20323,32624,599,269.0,72.0,2808.0
1783931576.0,20323,32624,599,311.0,72.0,2822.0
1783931576.6,20323,32624,599,318.0,72.0,2720.0
1783931577.2,20323,32624,599,360.0,72.0,2877.0
1783931577.7,20323,32624,599,326.0,72.0,2789.0
1783931578.3,20323,32624,599,314.0,72.0,2690.0
1783931578.9,20323,32624,599,337.0,72.0,2909.0
1783931579.5,20323,32624,599,304.0,72.0,2720.0
1783931580.1,20323,32624,599,268.0,73.0,2869.0
1783931580.7,20323,32624,593,316.0,72.0,2788.0
1783931581.3,20323,32624,593,226.0,72.0,2628.0
1783931581.9,20323,32624,593,309.0,73.0,2767.0
1783931582.5,20323,32624,593,312.0,73.0,2733.0
1783931583.1,20323,32624,595,284.0,72.0,2836.0
1783931583.7,20323,32624,595,315.0,73.0,2745.0
1783931584.3,20323,32624,595,302.0,73.0,2713.0
1783931584.8,20323,32624,595,297.0,73.0,2891.0
1783931585.4,20323,32624,595,302.0,73.0,2712.0
1783931586.0,20323,32624,595,221.0,73.0,2774.0
1783931586.6,20323,32624,607,327.0,73.0,2827.0
1783931587.2,20323,32624,607,303.0,73.0,2746.0
1783931587.8,20323,32624,607,215.0,73.0,2697.0
1783931588.4,20323,32624,607,300.0,73.0,2794.0
1783931589.0,20323,32624,607,302.0,73.0,2755.0
1783931589.6,20323,32624,607,270.0,73.0,2901.0
1783931590.2,20323,32624,607,315.0,73.0,2806.0
1783931590.8,20323,32624,607,305.0,73.0,2724.0
1783931591.4,20323,32624,607,363.0,73.0,2710.0
1783931591.9,20323,32624,607,311.0,73.0,2851.0
1783931592.5,20323,32624,607,299.0,73.0,2759.0
1783931593.1,20323,32624,607,365.0,73.0,2753.0
1783931593.7,20323,32624,607,329.0,73.0,2961.0
1783931594.3,20323,32624,607,311.0,73.0,2774.0
1783931594.9,20323,32624,607,302.0,73.0,2719.0
1783931595.5,20323,32624,607,274.0,73.0,2800.0
1783931596.1,20323,32624,607,315.0,73.0,2815.0
1783931596.7,20323,32624,607,292.0,73.0,2719.0
1783931597.3,20323,32624,607,300.0,73.0,2671.0
1783931597.8,20323,32624,595,304.0,73.0,2934.0
1783931598.4,20323,32624,595,313.0,73.0,2771.0
1783931599.0,20323,32624,595,296.0,73.0,2709.0
1783931599.6,20323,32624,595,229.0,73.0,2650.0
1783931600.2,20323,32624,595,311.0,73.0,2806.0
1783931600.8,20323,32624,595,328.0,73.0,2792.0
1783931601.4,20323,32624,595,330.0,73.0,2724.0
1783931602.0,20323,32624,606,282.0,73.0,2829.0
1783931602.6,20323,32624,606,305.0,73.0,2755.0
1783931603.2,20323,32624,606,319.0,73.0,2784.0
1783931603.8,20323,32624,606,214.0,73.0,2586.0
1783931604.3,20323,32624,606,329.0,73.0,2833.0
1783931604.9,20323,32624,606,314.0,73.0,2784.0
1783931605.5,20323,32624,606,306.0,73.0,2757.0
1783931606.1,20323,32624,606,272.0,73.0,2836.0
1783931606.7,20323,32624,606,322.0,73.0,2782.0
1783931607.3,20323,32624,606,295.0,73.0,2680.0
1783931607.9,20323,32624,606,235.0,73.0,2756.0
1783931608.5,20323,32624,599,55.0,73.0,36.0
1783931609.1,20324,32624,600,64.0,72.0,657.0
1783931609.7,20324,32624,600,336.0,72.0,2898.0
1783931610.3,20324,32624,600,295.0,72.0,2717.0
1783931610.9,20324,32624,600,189.0,72.0,2704.0
1783931611.4,20324,32624,600,316.0,72.0,2831.0
1783931612.0,20324,32624,594,296.0,72.0,2703.0
1783931612.6,20324,32624,596,294.0,73.0,2926.0
1783931613.2,20324,32624,596,307.0,72.0,2738.0
1783931613.8,20324,32624,596,285.0,72.0,2625.0
1783931614.4,20324,32624,596,310.0,73.0,2806.0
1783931615.0,20324,32624,596,314.0,72.0,2810.0
1783931615.6,20324,32624,596,203.0,72.0,2598.0
1783931616.2,20324,32624,596,343.0,73.0,2903.0
1783931616.8,20324,32624,607,313.0,73.0,2737.0
1783931617.4,20324,32624,607,268.0,73.0,2648.0
1783931618.0,20324,32624,607,387.0,73.0,3107.0
1783931618.5,20324,32624,594,308.0,73.0,2741.0
1783931619.1,20324,32624,594,360.0,73.0,2700.0
1783931619.7,20324,32624,594,363.0,73.0,2910.0
1783931620.3,20324,32624,594,317.0,73.0,2788.0
1783931620.9,20324,32624,594,310.0,73.0,2636.0
1783931621.5,20324,32624,594,331.0,73.0,2825.0
1783931622.1,20324,32624,594,319.0,73.0,2805.0
1783931622.7,20324,32624,594,348.0,73.0,2730.0
1783931623.3,20324,32624,594,330.0,73.0,2823.0
1783931623.9,20324,32624,594,305.0,73.0,2776.0
1783931624.5,20324,32624,594,312.0,73.0,2717.0
1783931625.0,20324,32624,594,313.0,73.0,2750.0
1783931625.6,20324,32624,594,308.0,73.0,2794.0
1783931626.2,20324,32624,594,320.0,73.0,2683.0
1783931626.8,20324,32624,594,301.0,73.0,2862.0
1783931627.4,20324,32624,594,292.0,73.0,2718.0
1783931628.0,20324,32624,596,300.0,73.0,2733.0
1783931628.6,20324,32624,596,268.0,73.0,2752.0
1783931629.2,20324,32624,596,307.0,73.0,2799.0
1783931629.8,20324,32624,596,313.0,73.0,2730.0
1783931630.4,20324,32624,596,159.0,73.0,2768.0
1783931631.0,20324,32624,596,317.0,73.0,2834.0
1783931631.5,20324,32624,613,45.0,73.0,0.0
1783931632.1,724,32624,110,33.0,70.0,0.0
1783931632.7,711,32624,92,26.0,69.0,27.0
1783931633.3,711,32624,92,18.0,69.0,0.0
1783931633.9,722,32624,92,35.0,68.0,0.0
1783931634.5,722,32624,92,18.0,68.0,0.0
1783931635.1,722,32624,92,18.0,67.0,0.0
1783931635.7,16344,32624,92,40.0,67.0,59.0
1783931636.3,16344,32624,92,38.0,67.0,92.0
1783931636.9,16344,32624,92,32.0,67.0,0.0
1783931637.5,16344,32624,92,32.0,66.0,0.0
1783931638.1,16344,32624,86,32.0,66.0,0.0
1783931638.7,16344,32624,86,32.0,66.0,0.0
1783931639.2,20308,32624,507,43.0,66.0,0.0
1783931639.8,20317,32624,594,131.0,66.0,1739.0
1783931640.4,20317,32624,597,181.0,66.0,1770.0
1783931641.0,20317,32624,597,249.0,67.0,2716.0
1783931641.6,20317,32624,597,300.0,68.0,2785.0
1783931642.2,20317,32624,597,243.0,68.0,2990.0
1783931642.8,20317,32624,596,348.0,68.0,2969.0
1783931643.4,20318,32624,596,317.0,68.0,2744.0
1783931644.0,20318,32624,596,301.0,68.0,2744.0
1783931644.6,20318,32624,596,269.0,68.0,2929.0
1783931645.2,20315,32624,598,309.0,69.0,2847.0
1783931645.8,20315,32624,598,337.0,69.0,3225.0
1783931646.3,20315,32624,598,307.0,69.0,2773.0
1783931646.9,20315,32624,608,325.0,69.0,2747.0
1783931647.5,20315,32624,608,276.0,69.0,2905.0
1783931648.1,20315,32624,608,315.0,69.0,2781.0
1783931648.7,20315,32624,608,295.0,69.0,2741.0
1783931649.3,20315,32624,608,306.0,69.0,3109.0
1783931649.9,20315,32624,608,336.0,70.0,2913.0
1783931650.5,20315,32624,608,308.0,70.0,2765.0
1783931651.1,20315,32624,608,292.0,70.0,2923.0
1783931651.7,20315,32624,608,312.0,70.0,2765.0
1783931652.2,20315,32624,608,299.0,70.0,2736.0
1783931652.8,20315,32624,608,189.0,70.0,2731.0
1783931653.4,20315,32624,608,325.0,70.0,3175.0
1783931654.0,20315,32624,608,312.0,70.0,3115.0
1783931654.6,20315,32624,608,305.0,70.0,2740.0
1783931655.2,20315,32624,608,285.0,70.0,2837.0
1783931655.8,20315,32624,608,317.0,70.0,2789.0
1783931656.4,20315,32624,608,327.0,70.0,2722.0
1783931657.0,20315,32624,608,279.0,70.0,2939.0
1783931657.6,20315,32624,608,310.0,70.0,2824.0
1783931658.2,20315,32624,596,311.0,70.0,2779.0
1783931658.8,20315,32624,596,280.0,70.0,2709.0
1783931659.4,20315,32624,596,285.0,70.0,2905.0
1783931660.0,20315,32624,596,310.0,70.0,2804.0
1783931660.5,20315,32624,596,301.0,70.0,2723.0
1783931661.1,20315,32624,596,310.0,71.0,2719.0
1783931661.7,20315,32624,608,232.0,71.0,2824.0
1783931662.3,20315,32624,608,334.0,71.0,2907.0
1783931662.9,20315,32624,608,318.0,71.0,3018.0
1783931663.5,20315,32624,608,306.0,71.0,2914.0
1783931664.1,20315,32624,608,281.0,71.0,2910.0
1783931664.7,20315,32624,608,314.0,71.0,2828.0
1783931665.3,20315,32624,608,311.0,71.0,2832.0
1783931665.9,20315,32624,608,299.0,71.0,2744.0
1783931666.4,20315,32624,608,297.0,71.0,2726.0
1783931667.0,20315,32624,608,314.0,71.0,2709.0
1783931667.6,20315,32624,608,292.0,71.0,2999.0
1783931668.2,20315,32624,608,263.0,71.0,2861.0
1783931668.8,20315,32624,608,349.0,71.0,2892.0
1783931669.4,20315,32624,608,319.0,71.0,2847.0
1783931670.0,20315,32624,608,324.0,71.0,2740.0
1783931670.6,20315,32624,608,193.0,71.0,2608.0
1783931671.2,20315,32624,608,322.0,71.0,2895.0
1783931671.8,20315,32624,608,344.0,71.0,2929.0
1783931672.4,20315,32624,608,313.0,71.0,2764.0
1783931673.0,20315,32624,596,195.0,71.0,2755.0
1783931673.5,20315,32624,596,310.0,71.0,2682.0
1783931674.1,20315,32624,596,347.0,71.0,3096.0
1783931674.7,20315,32624,596,304.0,71.0,2766.0
1783931675.3,20315,32624,596,312.0,71.0,2780.0
1783931675.9,20315,32624,596,299.0,71.0,2721.0
1783931676.5,20315,32624,608,296.0,72.0,2742.0
1783931677.1,20315,32624,608,181.0,72.0,2554.0
1783931677.7,20315,32624,608,294.0,72.0,3228.0
1783931678.3,20315,32624,608,318.0,71.0,2755.0
1783931678.9,20315,32624,608,314.0,72.0,2760.0
1783931679.5,20315,32624,608,325.0,72.0,2860.0
1783931680.0,20315,32624,608,305.0,72.0,2739.0
1783931680.6,20315,32624,608,294.0,72.0,2700.0
1783931681.2,20315,32624,608,311.0,72.0,2924.0
1783931681.8,20315,32624,608,321.0,72.0,2861.0
1783931682.4,20315,32624,608,181.0,72.0,2957.0
1783931683.0,20315,32624,608,314.0,72.0,2795.0
1783931683.6,20315,32624,608,276.0,72.0,2696.0
1783931684.2,20315,32624,608,306.0,72.0,2859.0
1783931684.8,20315,32624,608,312.0,72.0,2689.0
1783931685.4,20315,32624,608,378.0,72.0,3182.0
1783931686.0,20315,32624,608,156.0,72.0,2930.0
1783931686.6,20315,32624,608,332.0,72.0,3203.0
1783931687.1,20315,32624,608,285.0,72.0,3245.0
1783931687.7,20315,32624,596,263.0,72.0,2934.0
1783931688.3,20315,32624,596,364.0,72.0,3137.0
1783931688.9,20315,32624,596,275.0,72.0,2912.0
1783931689.5,20315,32624,596,332.0,72.0,2878.0
1783931690.1,20315,32624,596,307.0,72.0,3287.0
1783931690.7,20315,32624,596,293.0,72.0,3267.0
1783931691.3,20315,32624,596,328.0,72.0,2929.0
1783931691.9,20315,32624,608,347.0,72.0,3064.0
1783931692.5,20315,32624,608,301.0,72.0,2747.0
1783931693.1,20315,32624,608,307.0,72.0,2809.0
1783931693.7,20315,32624,608,317.0,72.0,2750.0
1783931694.3,20315,32624,608,288.0,72.0,2707.0
1783931694.9,20315,32624,608,315.0,72.0,2835.0
1783931695.4,20315,32624,608,330.0,72.0,2785.0
1783931696.0,20315,32624,608,325.0,72.0,2976.0
1783931696.6,20315,32624,608,299.0,72.0,2759.0
1783931697.2,20315,32624,608,299.0,72.0,2877.0
1783931697.8,20315,32624,608,250.0,72.0,2931.0
1783931698.4,20315,32624,608,251.0,72.0,2935.0
1783931699.0,20315,32624,608,326.0,72.0,2851.0
1783931699.6,20315,32624,608,323.0,72.0,2935.0
1783931700.2,20315,32624,608,344.0,72.0,2890.0
1783931700.8,20315,32624,608,337.0,72.0,2792.0
1783931701.4,20315,32624,608,290.0,72.0,2725.0
1783931701.9,20315,32624,608,317.0,72.0,2765.0
1783931702.5,20315,32624,608,315.0,72.0,2695.0
1783931703.1,20315,32624,596,274.0,72.0,2664.0
1783931703.7,20315,32624,596,263.0,72.0,2817.0
1783931704.3,20315,32624,596,331.0,72.0,3173.0
1783931704.9,20315,32624,596,322.0,72.0,2842.0
1783931705.5,20315,32624,596,379.0,72.0,3063.0
1783931706.1,20315,32624,596,194.0,72.0,2833.0
1783931706.7,20315,32624,608,347.0,72.0,2940.0
1783931707.3,20315,32624,608,321.0,72.0,3163.0
1783931707.9,20315,32624,608,300.0,72.0,2761.0
1783931708.4,20315,32624,608,328.0,72.0,2877.0
1783931709.0,20315,32624,608,296.0,72.0,2691.0
1783931709.6,20315,32624,608,307.0,72.0,2723.0
1783931710.2,20315,32624,608,326.0,72.0,2867.0
1783931710.8,20315,32624,608,321.0,72.0,3049.0
1783931711.4,20315,32624,608,323.0,72.0,2880.0
1783931712.0,20315,32624,608,318.0,72.0,2783.0
1783931712.6,20315,32624,608,312.0,72.0,2821.0
1783931713.2,20315,32624,608,306.0,72.0,2897.0
1783931713.8,20318,32624,610,313.0,72.0,2759.0
1783931714.4,20318,32624,610,254.0,72.0,3165.0
1783931714.9,20318,32624,610,396.0,72.0,3144.0
1783931715.5,20312,32624,598,311.0,72.0,2817.0
1783931716.1,20312,32624,598,325.0,72.0,2761.0
1783931716.7,20312,32624,598,263.0,72.0,2780.0
1783931717.3,20312,32624,598,353.0,72.0,2922.0
1783931717.9,20312,32624,586,323.0,72.0,2895.0
1783931718.5,20312,32624,586,270.0,72.0,2946.0
1783931719.1,20312,32624,586,413.0,72.0,3178.0
1783931719.7,20312,32624,586,322.0,73.0,3003.0
1783931720.3,20312,32624,586,307.0,72.0,2747.0
1783931720.9,20312,32624,586,291.0,72.0,2736.0
1783931721.5,20312,32624,598,330.0,72.0,2857.0
1783931722.1,20312,32624,598,328.0,73.0,2854.0
1783931722.6,20312,32624,598,281.0,73.0,2719.0
1783931723.2,20312,32624,598,277.0,72.0,2820.0
1783931723.8,20312,32624,598,335.0,72.0,2988.0
1783931724.4,20312,32624,598,331.0,72.0,2785.0
1783931725.0,20312,32624,598,330.0,72.0,2976.0
1783931725.6,20312,32624,598,217.0,73.0,2719.0
1783931726.2,20312,32624,598,326.0,73.0,2990.0
1783931726.8,20312,32624,598,332.0,73.0,2766.0
1783931727.4,20312,32624,598,310.0,73.0,2718.0
1783931728.0,20316,32624,600,310.0,72.0,2769.0
1783931728.5,20316,32624,600,327.0,72.0,2947.0
1783931729.1,20316,32624,600,291.0,72.0,2685.0
1783931729.7,20316,32624,600,290.0,73.0,2711.0
1783931730.3,20316,32624,600,290.0,73.0,2734.0
1783931730.9,20316,32624,600,161.0,73.0,2969.0
1783931731.5,20316,32624,600,311.0,72.0,2970.0
1783931732.1,20316,32624,600,356.0,73.0,2912.0
1783931732.7,20316,32624,588,327.0,73.0,2862.0
1783931733.3,20316,32624,586,306.0,72.0,2760.0
1783931733.9,20316,32624,586,295.0,72.0,2740.0
1783931734.5,20316,32624,586,314.0,73.0,3057.0
1783931735.1,20316,32624,586,312.0,73.0,2751.0
1783931735.7,20316,32624,586,297.0,73.0,2714.0
1783931736.3,20316,32624,586,334.0,73.0,2682.0
1783931736.9,20316,32624,598,320.0,73.0,2749.0
1783931737.5,20316,32624,598,311.0,73.0,2765.0
1783931738.1,20316,32624,598,313.0,73.0,3091.0
1783931738.6,20316,32624,598,320.0,73.0,3239.0
1783931739.2,20316,32624,598,194.0,73.0,2751.0
1783931739.8,20316,32624,598,299.0,73.0,2896.0
1783931740.4,20316,32624,598,344.0,73.0,2894.0
1783931741.0,20316,32624,598,314.0,73.0,3282.0
1783931741.6,20316,32624,598,329.0,73.0,2976.0
1783931742.2,20316,32624,598,290.0,73.0,2730.0
1783931742.8,20316,32624,598,230.0,73.0,3173.0
1783931743.4,20316,32624,598,192.0,73.0,3189.0
1783931744.0,20316,32624,598,248.0,73.0,3245.0
1783931744.6,20316,32624,598,332.0,73.0,2879.0
1783931745.2,20316,32624,598,305.0,73.0,2808.0
1783931745.8,20316,32624,598,349.0,73.0,2884.0
1783931746.4,20316,32624,598,325.0,73.0,2817.0
1783931747.0,20316,32624,598,314.0,72.0,2799.0
1783931747.6,20316,32624,598,325.0,73.0,2854.0
1783931748.2,20316,32624,586,332.0,73.0,2872.0
1783931748.7,20316,32624,586,316.0,73.0,2753.0
1783931749.3,20316,32624,586,303.0,73.0,2792.0
1783931749.9,20316,32624,586,295.0,73.0,2730.0
1783931750.5,20316,32624,586,294.0,73.0,2679.0
1783931751.1,20316,32624,586,317.0,72.0,2720.0
1783931751.7,20316,32624,598,327.0,72.0,3182.0
1783931752.3,20316,32624,598,310.0,73.0,2791.0
1783931752.9,20316,32624,598,325.0,73.0,2836.0
1783931753.5,20316,32624,598,315.0,73.0,2841.0
1783931754.1,20316,32624,598,338.0,72.0,2920.0
1783931754.7,20316,32624,598,351.0,73.0,2979.0
1783931755.3,20316,32624,598,315.0,73.0,3136.0
1783931755.9,20316,32624,598,339.0,73.0,2878.0
1783931756.5,20316,32624,598,350.0,73.0,2902.0
1783931757.1,20316,32624,598,369.0,73.0,2872.0
1783931757.6,20316,32624,598,291.0,73.0,2941.0
1783931758.2,20316,32624,598,67.0,73.0,158.0
1783931758.8,20316,32624,604,187.0,70.0,2530.0
1783931759.4,20316,32624,604,222.0,72.0,2714.0
1783931760.0,20316,32624,604,333.0,72.0,2888.0
1783931760.6,20316,32624,604,319.0,72.0,3072.0
1783931761.2,20316,32624,604,281.0,72.0,2912.0
1783931761.8,20316,32624,604,322.0,72.0,2889.0
1783931762.4,20316,32624,604,301.0,72.0,2741.0
1783931763.0,20316,32624,600,343.0,72.0,2718.0
1783931763.6,20316,32624,600,340.0,72.0,2921.0
1783931764.2,20316,32624,600,292.0,72.0,2700.0
1783931764.8,20316,32624,598,319.0,72.0,2811.0
1783931765.3,20316,32624,598,277.0,72.0,2884.0
1783931765.9,20316,32624,598,326.0,72.0,2835.0
1783931766.5,20316,32624,607,301.0,72.0,2731.0
1783931767.1,20316,32624,607,255.0,72.0,2730.0
1783931767.7,20316,32624,607,346.0,72.0,2870.0
1783931768.3,20316,32624,607,340.0,72.0,3213.0
1783931768.9,20316,32624,607,331.0,72.0,2693.0
1783931769.5,20316,32624,607,330.0,73.0,2963.0
1783931770.1,20316,32624,607,316.0,72.0,2829.0
1783931770.7,20316,32624,607,302.0,72.0,2693.0
1783931771.3,20316,32624,607,285.0,72.0,2869.0
1783931771.9,20316,32624,607,321.0,72.0,2833.0
1783931772.5,20316,32624,607,304.0,72.0,2882.0
1783931773.1,20316,32624,607,295.0,72.0,2934.0
1783931773.7,20316,32624,607,323.0,72.0,2813.0
1783931774.3,20316,32624,607,301.0,72.0,2722.0
1783931774.8,20316,32624,607,295.0,72.0,2732.0
1783931775.4,20316,32624,607,289.0,73.0,2829.0
1783931776.0,20316,32624,607,319.0,72.0,2783.0
1783931776.6,20316,32624,607,197.0,73.0,3122.0
1783931777.2,20316,32624,607,322.0,72.0,2831.0
1783931777.8,20316,32624,598,310.0,72.0,2765.0
1783931778.4,20316,32624,598,222.0,72.0,2787.0
1783931779.0,20316,32624,598,324.0,73.0,2808.0
1783931779.6,20316,32624,598,310.0,73.0,2757.0
1783931780.2,20316,32624,598,313.0,72.0,2741.0
1783931780.8,20316,32624,598,344.0,73.0,2922.0
1783931781.4,20316,32624,598,300.0,73.0,3262.0
1783931782.0,20316,32624,609,324.0,72.0,2824.0
1783931782.6,20316,32624,609,303.0,72.0,2756.0
1783931783.1,20316,32624,609,184.0,72.0,2694.0
1783931783.7,20316,32624,609,355.0,73.0,2945.0
1783931784.3,20316,32624,609,307.0,73.0,2767.0
1783931784.9,20316,32624,609,338.0,73.0,2719.0
1783931785.5,20316,32624,609,222.0,73.0,2729.0
1783931786.1,20316,32624,609,274.0,73.0,3247.0
1783931786.7,20316,32624,609,324.0,73.0,2861.0
1783931787.3,20316,32624,609,306.0,73.0,2752.0
1783931787.9,20316,32624,609,307.0,73.0,2716.0
1783931788.5,20316,32624,609,235.0,73.0,2937.0
1783931789.1,20316,32624,609,356.0,73.0,3103.0
1783931789.7,20316,32624,609,303.0,73.0,2741.0
1783931790.3,20316,32624,609,280.0,73.0,2724.0
1783931790.8,20316,32624,609,303.0,73.0,2716.0
1783931791.4,20316,32624,609,297.0,73.0,2657.0
1783931792.0,20316,32624,609,281.0,73.0,2856.0
1783931792.6,20316,32624,609,301.0,73.0,2738.0
1783931793.2,20316,32624,598,295.0,73.0,2737.0
1783931793.8,20316,32624,598,279.0,73.0,2854.0
1783931794.4,20316,32624,598,340.0,73.0,2903.0
1783931795.0,20316,32624,598,322.0,73.0,2786.0
1783931795.6,20316,32624,598,294.0,73.0,2725.0
1783931796.2,20316,32624,598,309.0,73.0,3101.0
1783931796.8,20316,32624,609,326.0,73.0,3267.0
1783931797.4,20316,32624,609,288.0,73.0,2894.0
1783931797.9,20316,32624,609,310.0,73.0,2769.0
1783931798.5,20316,32624,609,294.0,73.0,2742.0
1783931799.1,20316,32624,609,253.0,73.0,2725.0
1783931799.7,20316,32624,609,176.0,73.0,2679.0
1783931800.3,20316,32624,609,317.0,73.0,2854.0
1783931800.9,20316,32624,609,326.0,73.0,2803.0
1783931801.5,20316,32624,609,242.0,73.0,2920.0
1783931802.1,20316,32624,609,244.0,73.0,2842.0
1783931802.7,20316,32624,609,355.0,73.0,2875.0
1783931803.3,20316,32624,609,329.0,73.0,2829.0
1783931803.9,20316,32624,609,315.0,73.0,3088.0
1783931804.5,20316,32624,609,320.0,73.0,2778.0
1783931805.0,20316,32624,609,320.0,73.0,2752.0
1783931805.6,20316,32624,609,301.0,73.0,2716.0
1783931806.2,20316,32624,609,182.0,73.0,2692.0
1783931806.8,20316,32624,609,276.0,73.0,2902.0
1783931807.4,20316,32624,609,326.0,73.0,2835.0
1783931808.0,20316,32624,598,232.0,73.0,2663.0
1783931808.6,20316,32624,598,269.0,73.0,2851.0
1783931809.2,20316,32624,598,152.0,72.0,2896.0
1783931809.8,20316,32624,598,318.0,73.0,2735.0
1783931810.4,20316,32624,598,331.0,73.0,2839.0
1783931811.0,20316,32624,598,196.0,73.0,3054.0
1783931811.6,20316,32624,611,332.0,73.0,2852.0
1783931812.1,20316,32624,611,353.0,73.0,2955.0
1783931812.7,20316,32624,611,302.0,73.0,2762.0
1783931813.3,20316,32624,611,323.0,73.0,3159.0
1783931813.9,20316,32624,611,311.0,73.0,2797.0
1783931814.5,20316,32624,611,316.0,73.0,3246.0
1783931815.1,20316,32624,611,324.0,73.0,2779.0
1783931815.7,20316,32624,611,301.0,73.0,2685.0
1783931816.3,20316,32624,611,192.0,73.0,2639.0
1783931816.9,20316,32624,611,271.0,73.0,3175.0
1783931817.5,20316,32624,611,331.0,73.0,2849.0
1783931818.1,20316,32624,611,305.0,73.0,2745.0
1783931818.7,20316,32624,611,329.0,73.0,2789.0
1783931819.2,20316,32624,611,299.0,73.0,2718.0
1783931819.8,20316,32624,611,300.0,73.0,2780.0
1783931820.4,20316,32624,611,260.0,73.0,2587.0
1783931821.0,20316,32624,611,272.0,73.0,2846.0
1783931821.6,20316,32624,611,278.0,73.0,2883.0
1783931822.2,20316,32624,611,307.0,73.0,2938.0
1783931822.8,20316,32624,600,323.0,73.0,2858.0
1783931823.4,20316,32624,600,372.0,73.0,3049.0
1783931824.0,20316,32624,600,310.0,73.0,2773.0
1783931824.6,20316,32624,600,312.0,73.0,2950.0
1783931825.2,20316,32624,600,307.0,73.0,2662.0
1783931825.8,20316,32624,600,179.0,73.0,3027.0
1783931826.4,20316,32624,600,364.0,73.0,3184.0
1783931827.0,20316,32624,611,326.0,73.0,2824.0
1783931827.5,20316,32624,611,311.0,73.0,2764.0
1783931828.1,20316,32624,611,311.0,73.0,2813.0
1783931828.7,20316,32624,611,294.0,73.0,2748.0
1783931829.3,20316,32624,611,319.0,73.0,2958.0
1783931829.9,20316,32624,611,294.0,73.0,2711.0
1783931830.5,20316,32624,611,307.0,73.0,2715.0
1783931831.1,20316,32624,611,299.0,73.0,2727.0
1783931831.7,20316,32624,611,327.0,73.0,2743.0
1783931832.3,20316,32624,611,292.0,73.0,2716.0
1783931832.9,20316,32624,611,340.0,73.0,2854.0
1783931833.5,20316,32624,611,363.0,73.0,2991.0
1783931834.1,20316,32624,611,280.0,73.0,2724.0
1783931834.7,20316,32624,611,349.0,73.0,2108.0
1783931835.2,20316,32624,611,287.0,73.0,3213.0
1783931835.8,20316,32624,611,319.0,73.0,2733.0
1783931836.4,20316,32624,611,320.0,73.0,2753.0
1783931837.0,20316,32624,611,291.0,73.0,2732.0
1783931837.6,20316,32624,611,327.0,73.0,2898.0
1783931838.2,20316,32624,600,306.0,73.0,2766.0
1783931838.8,20316,32624,600,186.0,73.0,2621.0
1783931839.4,20316,32624,600,261.0,73.0,2972.0
1783931840.0,20316,32624,600,314.0,73.0,2868.0
1783931840.6,20316,32624,600,299.0,73.0,2820.0
1783931841.2,20316,32624,600,315.0,73.0,2729.0
1783931841.8,20316,32624,611,332.0,73.0,2873.0
1783931842.4,20316,32624,611,312.0,73.0,2786.0
1783931843.0,20316,32624,611,375.0,72.0,3019.0
1783931843.6,20316,32624,611,308.0,73.0,2826.0
1783931844.2,20316,32624,611,315.0,73.0,2755.0
1783931844.7,20316,32624,611,316.0,73.0,2734.0
1783931845.3,20316,32624,611,319.0,73.0,2765.0
1783931845.9,20316,32624,611,312.0,73.0,3258.0
1783931846.5,20316,32624,611,303.0,72.0,2737.0
1783931847.1,20316,32624,611,283.0,73.0,2682.0
1783931847.7,20316,32624,611,314.0,72.0,2769.0
1783931848.3,20316,32624,611,208.0,73.0,2770.0
1783931848.9,20316,32624,611,164.0,73.0,2663.0
1783931849.5,20316,32624,611,274.0,73.0,2907.0
1783931850.1,20316,32624,611,139.0,73.0,2928.0
1783931850.7,20316,32624,611,347.0,73.0,2838.0
1783931851.3,20316,32624,611,315.0,73.0,2805.0
1783931851.9,20316,32624,611,314.0,73.0,2846.0
1783931852.5,20316,32624,611,333.0,73.0,2759.0
1783931853.1,20316,32624,600,295.0,73.0,2688.0
1783931853.7,20316,32624,600,244.0,73.0,3218.0
1783931854.2,20316,32624,600,308.0,73.0,3104.0
1783931854.8,20316,32624,600,309.0,73.0,2806.0
1783931855.4,20316,32624,600,313.0,73.0,3276.0
1783931856.0,20316,32624,600,325.0,73.0,2640.0
1783931856.6,20316,32624,611,296.0,73.0,2749.0
1783931857.2,20316,32624,611,334.0,73.0,2677.0
1783931857.8,20316,32624,611,299.0,73.0,2727.0
1783931858.4,20316,32624,611,321.0,73.0,2766.0
1783931859.0,20316,32624,611,325.0,73.0,2774.0
1783931859.6,20316,32624,611,313.0,73.0,2729.0
1783931860.2,20316,32624,611,294.0,73.0,2762.0
1783931860.8,20316,32624,611,324.0,73.0,3035.0
1783931861.4,20316,32624,611,341.0,73.0,2689.0
1783931862.0,20316,32624,611,303.0,73.0,2726.0
1783931862.6,20316,32624,611,174.0,73.0,2628.0
1783931863.2,20316,32624,611,190.0,73.0,2725.0
1783931863.8,20316,32624,611,219.0,73.0,2834.0
1783931864.4,20316,32624,611,319.0,73.0,2641.0
1783931864.9,20316,32624,611,301.0,73.0,2685.0
1783931865.5,20316,32624,611,321.0,73.0,2922.0
1783931866.1,20316,32624,611,233.0,73.0,2788.0
1783931866.7,20316,32624,604,35.0,71.0,0.0
1783931867.3,20316,32624,604,261.0,71.0,2494.0
1783931867.9,20316,32624,600,298.0,72.0,2685.0
1783931868.5,20316,32624,600,321.0,72.0,2873.0
1783931869.1,20316,32624,600,308.0,72.0,2745.0
1783931869.7,20316,32624,600,184.0,72.0,2626.0
1783931870.3,20316,32624,600,316.0,72.0,2766.0
1783931870.9,20316,32624,600,295.0,72.0,2678.0
1783931871.5,20316,32624,611,360.0,72.0,2705.0
1783931872.1,20316,32624,611,331.0,72.0,2848.0
1783931872.7,20316,32624,598,316.0,72.0,2777.0
1783931873.3,20316,32624,598,313.0,72.0,2747.0
1783931873.9,20316,32624,598,333.0,72.0,2860.0
1783931874.5,20316,32624,598,303.0,73.0,2707.0
1783931875.0,20316,32624,598,224.0,72.0,2895.0
1783931875.6,20316,32624,598,161.0,73.0,2924.0
1783931876.2,20316,32624,598,307.0,73.0,2758.0
1783931876.8,20316,32624,598,299.0,72.0,2740.0
1783931877.4,20316,32624,598,154.0,72.0,2927.0
1783931878.0,20316,32624,598,318.0,73.0,3084.0
1783931878.6,20316,32624,598,303.0,73.0,2952.0
1783931879.2,20316,32624,598,306.0,72.0,2789.0
1783931879.8,20316,32624,598,336.0,72.0,2740.0
1783931880.4,20316,32624,598,319.0,73.0,2888.0
1783931881.0,20318,32624,606,311.0,73.0,2777.0
1783931881.6,20318,32624,606,334.0,73.0,2748.0
1783931882.2,20318,32624,606,270.0,73.0,2832.0
1783931882.8,20318,32624,606,319.0,72.0,2781.0
1783931883.4,20316,32624,606,319.0,72.0,2727.0
1783931884.0,20316,32624,606,346.0,72.0,2714.0
1783931884.6,20316,32624,606,287.0,72.0,2908.0
1783931885.2,20316,32624,606,337.0,72.0,2880.0
1783931885.8,20316,32624,606,367.0,72.0,2698.0
1783931886.3,20316,32624,606,245.0,72.0,2889.0
1783931886.9,20316,32624,623,45.0,72.0,0.0
1783931887.5,20316,32624,623,346.0,72.0,2999.0
1783931888.1,20316,32624,623,299.0,72.0,3060.0
1783931888.7,20316,32624,623,132.0,72.0,2738.0
1783931889.3,20316,32624,623,316.0,72.0,2780.0
1783931889.9,20316,32624,623,326.0,72.0,2628.0
1783931890.5,20316,32624,623,300.0,72.0,2754.0
1783931891.1,20316,32624,623,288.0,72.0,3094.0
1783931891.7,20316,32624,623,319.0,72.0,2780.0
1783931892.3,20316,32624,623,298.0,72.0,2723.0
1783931892.9,20316,32624,604,353.0,72.0,3123.0
1783931893.5,20321,32624,606,332.0,72.0,2769.0
1783931894.1,20321,32624,606,321.0,72.0,2777.0
1783931894.7,20321,32624,606,316.0,72.0,2883.0
1783931895.3,20321,32624,606,271.0,72.0,3012.0
1783931895.8,20317,32624,596,323.0,72.0,2811.0
1783931896.4,20321,32624,598,316.0,72.0,2760.0
1783931897.0,20321,32624,598,306.0,73.0,2703.0
1783931897.6,20321,32624,598,139.0,73.0,2998.0
1783931898.2,20321,32624,600,317.0,72.0,2803.0
1783931898.8,20321,32624,600,318.0,73.0,2761.0
1783931899.4,20321,32624,600,312.0,73.0,2662.0
1783931900.0,20321,32624,600,342.0,73.0,3044.0
1783931900.6,20321,32624,600,305.0,73.0,3017.0
1783931901.2,20321,32624,600,318.0,73.0,2908.0
1783931901.8,20321,32624,609,365.0,73.0,2999.0
1783931902.4,20321,32624,609,298.0,73.0,2717.0
1783931903.0,20321,32624,609,164.0,73.0,2630.0
1783931903.5,20321,32624,609,303.0,73.0,2785.0
1783931904.1,20321,32624,609,320.0,73.0,2763.0
1783931904.7,20321,32624,609,308.0,73.0,2745.0
1783931905.3,20321,32624,609,276.0,73.0,2738.0
1783931905.9,20321,32624,609,276.0,73.0,2880.0
1783931906.5,20321,32624,609,325.0,73.0,2841.0
1783931907.1,20321,32624,609,315.0,73.0,2825.0
1783931907.7,20321,32624,609,320.0,73.0,3261.0
1783931908.3,20321,32624,609,309.0,73.0,2861.0
1783931908.9,20321,32624,609,315.0,73.0,2772.0
1783931909.5,20321,32624,609,311.0,73.0,2772.0
1783931910.0,20321,32624,609,234.0,73.0,2794.0
1783931910.6,20321,32624,609,294.0,73.0,2660.0
1783931911.2,20321,32624,609,322.0,73.0,2851.0
1783931911.8,20321,32624,609,286.0,73.0,2662.0
1783931912.4,20321,32624,609,212.0,73.0,2850.0
1783931913.0,20321,32624,598,315.0,73.0,2833.0
1783931913.6,20321,32624,598,311.0,73.0,2756.0
1783931914.2,20321,32624,598,279.0,72.0,2846.0
1783931914.8,20321,32624,598,327.0,73.0,2796.0
1783931915.4,20321,32624,598,307.0,73.0,2744.0
1783931916.0,20321,32624,598,299.0,73.0,2750.0
1783931916.6,20321,32624,609,265.0,72.0,2805.0
1783931917.2,20321,32624,609,353.0,72.0,3042.0
1783931917.7,20321,32624,609,288.0,72.0,2884.0
1783931918.3,20321,32624,609,338.0,72.0,2870.0
1783931918.9,20321,32624,609,304.0,72.0,2777.0
1783931919.5,20321,32624,609,340.0,72.0,2654.0
1783931920.1,20321,32624,609,299.0,72.0,3241.0
1783931920.7,20321,32624,609,319.0,72.0,2852.0
1783931921.3,20321,32624,609,316.0,72.0,3106.0
1783931921.9,20321,32624,609,302.0,72.0,3038.0
1783931922.5,20321,32624,609,290.0,72.0,3217.0
1783931923.1,20321,32624,609,329.0,72.0,2887.0
1783931923.7,20321,32624,609,351.0,72.0,2961.0
1783931924.3,20321,32624,609,323.0,72.0,3188.0
1783931924.9,20321,32624,609,305.0,72.0,2760.0
1783931925.4,20321,32624,609,307.0,72.0,2733.0
1783931926.0,20321,32624,609,309.0,72.0,3238.0
1783931926.6,20321,32624,609,319.0,72.0,2796.0
1783931927.2,20321,32624,609,320.0,72.0,3066.0
1783931927.8,20321,32624,598,331.0,72.0,2826.0
1783931928.4,20321,32624,598,302.0,72.0,2786.0
1783931929.0,20321,32624,598,280.0,72.0,2671.0
1783931929.6,20321,32624,598,316.0,72.0,2745.0
1783931930.2,20321,32624,598,192.0,72.0,2797.0
1783931930.8,20321,32624,598,282.0,72.0,2961.0
1783931931.4,20321,32624,598,328.0,72.0,2895.0
1783931932.0,20321,32624,611,290.0,72.0,2729.0
1783931932.6,20321,32624,611,307.0,72.0,2706.0
1783931933.2,20321,32624,611,311.0,72.0,2731.0
1783931933.8,20321,32624,611,341.0,72.0,2910.0
1783931934.4,20321,32624,611,238.0,72.0,2918.0
1783931935.0,20321,32624,611,298.0,72.0,3166.0
1783931935.6,20321,32624,611,317.0,72.0,3124.0
1783931936.2,20321,32624,611,299.0,72.0,3191.0
1783931936.8,20321,32624,611,362.0,72.0,2993.0
1783931937.4,20321,32624,611,348.0,72.0,2934.0
1783931938.0,20321,32624,611,225.0,72.0,2851.0
1783931938.5,20321,32624,611,294.0,72.0,2957.0
1783931939.1,20321,32624,611,403.0,72.0,3146.0
1783931939.7,20321,32624,611,317.0,72.0,2856.0
1783931940.3,20321,32624,611,318.0,72.0,2811.0
1783931940.9,20321,32624,611,305.0,72.0,2730.0
1783931941.5,20321,32624,611,254.0,72.0,2596.0
1783931942.1,20321,32624,611,341.0,72.0,2952.0
1783931942.7,20321,32624,600,310.0,72.0,2732.0
1783931943.3,20321,32624,600,317.0,72.0,2715.0
1783931943.9,20321,32624,600,323.0,72.0,2712.0
1783931944.5,20321,32624,600,380.0,72.0,3184.0
1783931945.1,20321,32624,600,339.0,72.0,2848.0
1783931945.7,20321,32624,600,311.0,72.0,2954.0
1783931946.3,20321,32624,600,282.0,72.0,2669.0
1783931946.9,20321,32624,611,359.0,72.0,2746.0
1783931947.5,20321,32624,611,380.0,72.0,3073.0
1783931948.0,20321,32624,611,300.0,72.0,2922.0
1783931948.6,20321,32624,611,326.0,72.0,3028.0
1783931949.2,20321,32624,611,306.0,72.0,2979.0
1783931949.8,20321,32624,611,316.0,72.0,2799.0
1783931950.4,20321,32624,611,322.0,72.0,2770.0
1783931951.0,20321,32624,611,296.0,72.0,2774.0
1783931951.6,20321,32624,611,314.0,72.0,2744.0
1783931952.2,20321,32624,611,95.0,73.0,2975.0
1783931952.8,20321,32624,611,310.0,72.0,2759.0
1783931953.4,20321,32624,611,304.0,72.0,2786.0
1783931954.0,20321,32624,611,303.0,72.0,2770.0
1783931954.6,20321,32624,611,321.0,72.0,2641.0
1783931955.2,20321,32624,611,203.0,72.0,2739.0
1783931955.8,20321,32624,611,318.0,72.0,2958.0
1783931956.4,20321,32624,604,44.0,72.0,0.0
1783931957.0,20321,32624,604,174.0,70.0,2141.0
1783931957.5,20321,32624,604,278.0,71.0,2861.0
1783931958.1,20321,32624,600,318.0,71.0,2828.0
1783931958.7,20321,32624,600,295.0,72.0,2736.0
1783931959.3,20321,32624,600,328.0,72.0,2946.0
1783931959.9,20321,32624,600,319.0,72.0,2767.0
1783931960.5,20321,32624,600,344.0,72.0,2898.0
1783931961.1,20321,32624,600,314.0,72.0,2794.0
1783931961.7,20321,32624,611,252.0,72.0,2878.0
1783931962.3,20321,32624,598,330.0,72.0,2976.0
1783931962.9,20321,32624,598,357.0,72.0,2961.0
1783931963.5,20321,32624,598,315.0,72.0,2828.0
1783931964.1,20321,32624,598,310.0,72.0,2731.0
1783931964.7,20321,32624,598,351.0,72.0,2873.0
1783931965.3,20321,32624,598,316.0,72.0,2786.0
1783931965.8,20321,32624,598,295.0,72.0,2730.0
1783931966.4,20321,32624,598,269.0,72.0,2890.0
1783931967.0,20321,32624,598,315.0,72.0,2820.0
1783931967.6,20321,32624,598,295.0,72.0,3274.0
1783931968.2,20321,32624,598,319.0,72.0,2664.0
1783931968.8,20321,32624,598,323.0,72.0,2872.0
1783931969.4,20321,32624,598,312.0,72.0,2864.0
1783931970.0,20321,32624,598,294.0,72.0,2737.0
1783931970.6,20321,32624,598,196.0,72.0,2596.0
1783931971.2,20321,32624,598,261.0,72.0,2909.0
1783931971.8,20321,32624,598,312.0,72.0,2747.0
1783931972.4,20321,32624,598,343.0,72.0,2704.0
1783931973.0,20321,32624,598,303.0,72.0,2820.0
1783931973.6,20321,32624,598,324.0,72.0,3063.0
1783931974.1,20321,32624,598,307.0,72.0,2752.0
1783931974.7,20321,32624,598,252.0,72.0,2724.0
1783931975.3,20321,32624,598,314.0,72.0,2738.0
1783931975.9,20321,32624,598,291.0,72.0,2738.0
1783931976.5,20321,32624,609,365.0,72.0,3028.0
1783931977.1,20321,32624,609,297.0,72.0,2739.0
1783931977.7,20321,32624,609,312.0,72.0,3017.0
1783931978.3,20321,32624,609,363.0,72.0,3074.0
1783931978.9,20321,32624,609,311.0,72.0,2794.0
1783931979.5,20321,32624,609,329.0,72.0,2935.0
1783931980.1,20321,32624,609,320.0,72.0,2752.0
1783931980.7,20321,32624,609,251.0,72.0,3156.0
1783931981.3,20321,32624,609,311.0,72.0,2806.0
1783931981.9,20321,32624,609,300.0,72.0,2707.0
1783931982.5,20321,32624,609,337.0,72.0,3195.0
1783931983.1,20321,32624,609,308.0,72.0,2752.0
1783931983.7,20321,32624,609,263.0,72.0,2886.0
1783931984.2,20321,32624,609,335.0,72.0,3213.0
1783931984.8,20321,32624,609,268.0,72.0,3193.0
1783931985.4,20321,32624,609,174.0,72.0,2909.0
1783931986.0,20321,32624,609,340.0,72.0,3194.0
1783931986.6,20321,32624,609,298.0,72.0,2733.0
1783931987.2,20321,32624,609,205.0,72.0,2787.0
1783931987.8,20321,32624,604,367.0,72.0,2989.0
1783931988.4,20321,32624,604,316.0,72.0,2716.0
1783931989.0,20321,32624,604,347.0,72.0,2721.0
1783931989.6,20321,32624,604,273.0,72.0,2883.0
1783931990.2,20321,32624,604,298.0,72.0,2718.0
1783931990.8,20321,32624,604,320.0,72.0,2701.0
1783931991.3,20321,32624,604,328.0,72.0,2705.0
1783931991.9,20321,32624,609,201.0,72.0,2732.0
1783931992.5,20321,32624,609,337.0,72.0,2897.0
1783931993.1,20321,32624,609,339.0,72.0,3231.0
1783931993.7,20321,32624,609,204.0,72.0,2725.0
1783931994.3,20321,32624,609,227.0,72.0,3028.0
1783931994.9,20321,32624,609,316.0,72.0,2894.0
1783931995.5,20321,32624,609,317.0,72.0,2752.0
1783931996.1,20321,32624,609,279.0,72.0,2778.0
1783931996.7,20321,32624,609,336.0,72.0,2856.0
1783931997.3,20321,32624,609,298.0,72.0,2760.0
1783931997.9,20321,32624,609,304.0,72.0,3245.0
1783931998.5,20321,32624,609,351.0,72.0,2875.0
1783931999.1,20321,32624,598,303.0,72.0,2730.0
1783931999.7,20321,32624,598,191.0,72.0,3045.0
1783932000.3,20321,32624,598,328.0,72.0,2902.0
1783932000.9,20321,32624,598,300.0,72.0,2720.0
1783932001.5,20321,32624,598,275.0,72.0,2679.0
1783932002.0,20321,32624,598,411.0,72.0,2771.0
1783932002.6,20321,32624,598,344.0,72.0,2885.0
1783932003.2,20321,32624,606,312.0,72.0,2729.0
1783932003.8,20321,32624,604,310.0,72.0,2808.0
1783932004.4,20321,32624,604,366.0,72.0,3071.0
1783932005.0,20321,32624,604,319.0,72.0,2953.0
1783932005.6,20321,32624,604,321.0,72.0,2711.0
1783932006.2,20321,32624,604,371.0,72.0,3074.0
1783932006.8,20321,32624,617,297.0,72.0,2788.0
1783932007.4,20321,32624,604,300.0,72.0,2759.0
1783932008.0,20321,32624,604,322.0,72.0,2749.0
1783932008.6,20321,32624,604,189.0,72.0,2633.0
1783932009.2,20321,32624,604,231.0,72.0,2900.0
1783932009.7,20321,32624,604,291.0,72.0,3251.0
1783932010.3,20321,32624,604,300.0,72.0,2767.0
1783932010.9,20321,32624,604,293.0,72.0,2747.0
1783932011.5,20321,32624,604,295.0,72.0,2902.0
1783932012.1,20321,32624,604,309.0,72.0,2944.0
1783932012.7,20321,32624,604,303.0,72.0,2763.0
1783932013.3,20321,32624,604,297.0,72.0,3199.0
1783932013.9,20321,32624,604,308.0,72.0,2777.0
1783932014.5,20321,32624,604,332.0,72.0,2844.0
1783932015.1,20321,32624,604,341.0,72.0,2818.0
1783932015.7,20321,32624,604,307.0,72.0,2727.0
1783932016.3,20321,32624,604,361.0,72.0,2723.0
1783932016.9,20321,32624,604,143.0,72.0,2637.0
1783932017.5,20321,32624,604,263.0,72.0,2851.0
1783932018.1,20321,32624,600,286.0,72.0,2922.0
1783932018.6,20321,32624,600,338.0,72.0,2897.0
1783932019.2,20321,32624,600,317.0,72.0,2804.0
1783932019.8,20321,32624,600,327.0,72.0,3188.0
1783932020.4,20321,32624,600,314.0,72.0,2734.0
1783932021.0,20321,32624,600,279.0,72.0,2681.0
1783932021.6,20321,32624,617,240.0,70.0,2839.0
1783932022.2,20321,32624,617,264.0,72.0,2810.0
1783932022.8,20321,32624,617,371.0,71.0,3050.0
1783932023.4,20321,32624,617,330.0,72.0,3076.0
1783932024.0,20321,32624,617,306.0,72.0,2740.0
1783932024.6,20321,32624,617,224.0,72.0,2649.0
1783932025.2,20321,32624,617,370.0,72.0,3095.0
1783932025.8,20321,32624,617,322.0,72.0,2737.0
1783932026.4,20321,32624,617,249.0,72.0,2828.0
1783932026.9,20321,32624,617,304.0,72.0,2762.0
1783932027.5,20321,32624,617,278.0,72.0,2723.0
1783932028.1,20321,32624,617,313.0,72.0,2927.0
1783932028.7,20321,32624,617,311.0,72.0,2748.0
1783932029.3,20321,32624,617,327.0,72.0,2714.0
1783932029.9,20321,32624,617,319.0,72.0,2782.0
1783932030.5,20321,32624,617,314.0,72.0,2779.0
1783932031.1,20321,32624,617,207.0,72.0,3029.0
1783932031.7,20321,32624,617,319.0,72.0,2801.0
1783932032.3,20321,32624,617,303.0,72.0,2730.0
1783932032.9,20321,32624,600,372.0,72.0,2963.0
1783932033.5,20321,32624,600,323.0,72.0,2789.0
1783932034.1,20321,32624,600,305.0,72.0,2718.0
1783932034.6,20321,32624,600,318.0,72.0,3251.0
1783932035.2,20321,32624,600,221.0,72.0,2664.0
1783932035.8,20321,32624,600,387.0,72.0,3113.0
1783932036.4,20321,32624,604,293.0,72.0,3057.0
1783932037.0,20321,32624,617,168.0,72.0,3028.0
1783932037.6,20321,32624,617,312.0,72.0,2774.0
1783932038.2,20321,32624,617,317.0,72.0,2791.0
1783932038.8,20321,32624,617,333.0,72.0,2742.0
1783932039.4,20321,32624,617,324.0,72.0,3092.0
1783932040.0,20321,32624,617,312.0,72.0,2759.0
1783932040.6,20321,32624,617,204.0,72.0,2776.0
1783932041.2,20321,32624,617,327.0,72.0,2843.0
1783932041.8,20321,32624,617,310.0,72.0,2765.0
1783932042.4,20321,32624,617,312.0,72.0,2735.0
1783932043.0,20321,32624,617,262.0,72.0,2836.0
1783932043.5,20321,32624,617,355.0,72.0,3132.0
1783932044.1,20321,32624,617,298.0,72.0,2748.0
1783932044.7,20321,32624,617,312.0,72.0,2690.0
1783932045.3,20321,32624,617,328.0,72.0,2858.0
1783932045.9,20321,32624,602,54.0,71.0,2793.0
1783932046.5,20321,32624,602,352.0,71.0,2857.0
1783932047.1,20321,32624,602,419.0,72.0,3138.0
1783932047.7,20321,32624,602,310.0,72.0,2764.0
1783932048.3,20321,32624,598,297.0,72.0,3211.0
1783932048.9,20321,32624,598,301.0,71.0,3261.0
1783932049.5,20321,32624,598,200.0,72.0,2686.0
1783932050.1,20321,32624,598,319.0,72.0,2823.0
1783932050.7,20321,32624,598,181.0,72.0,2655.0
1783932051.3,20321,32624,602,313.0,72.0,2872.0
1783932051.8,20321,32624,615,320.0,72.0,2805.0
1783932052.4,20321,32624,615,323.0,72.0,2852.0
1783932053.0,20321,32624,615,235.0,72.0,2780.0
1783932053.6,20321,32624,615,365.0,72.0,3156.0
1783932054.2,20321,32624,602,301.0,72.0,2780.0
1783932054.8,20321,32624,602,304.0,72.0,2742.0
1783932055.4,20321,32624,602,294.0,72.0,2908.0
1783932056.0,20321,32624,602,334.0,71.0,2882.0
1783932056.6,20321,32624,602,331.0,72.0,2969.0
1783932057.2,20321,32624,602,272.0,72.0,2780.0
1783932057.8,20321,32624,602,330.0,72.0,2881.0
1783932058.4,20321,32624,602,295.0,72.0,3261.0
1783932058.9,20321,32624,602,301.0,72.0,3193.0
1783932059.5,20321,32624,602,309.0,72.0,3096.0
1783932060.1,20321,32624,602,323.0,72.0,2951.0
1783932060.7,20321,32624,602,324.0,72.0,2823.0
1783932061.3,20321,32624,602,356.0,72.0,2967.0
1783932061.9,20321,32624,602,301.0,72.0,2715.0
1783932062.5,20321,32624,602,302.0,72.0,2758.0
1783932063.1,20321,32624,598,330.0,72.0,3121.0
1783932063.7,20321,32624,598,255.0,72.0,2803.0
1783932064.3,20321,32624,602,316.0,72.0,3143.0
1783932064.9,20321,32624,602,194.0,72.0,2626.0
1783932065.5,20321,32624,602,370.0,72.0,2813.0
1783932066.0,20321,32624,602,309.0,72.0,2771.0
1783932066.6,20321,32624,611,299.0,72.0,2759.0
1783932067.2,20321,32624,611,199.0,72.0,2726.0
1783932067.8,20321,32624,611,310.0,72.0,3278.0
1783932068.4,20321,32624,611,87.0,72.0,2752.0
1783932069.0,20321,32624,611,298.0,72.0,2859.0
1783932069.6,20321,32624,611,296.0,72.0,2743.0
1783932070.2,20321,32624,598,417.0,72.0,3202.0
1783932070.8,20334,32624,610,313.0,72.0,2822.0
1783932071.4,20339,32624,622,308.0,72.0,2782.0
1783932072.0,20361,32624,612,316.0,72.0,2740.0
1783932072.6,20390,32624,616,366.0,72.0,2917.0
1783932073.2,20413,32624,612,345.0,72.0,2711.0
1783932073.8,20468,32624,618,306.0,72.0,2735.0
1783932074.4,20468,32624,618,357.0,72.0,2898.0
1783932075.0,20446,32624,614,335.0,72.0,2888.0
1783932075.6,20441,32624,606,309.0,72.0,2760.0
1783932076.2,20423,32624,600,175.0,72.0,2618.0
1783932076.8,20417,32624,600,311.0,72.0,2963.0
1783932077.4,20436,32624,600,357.0,72.0,2916.0
1783932078.0,20434,32624,606,314.0,72.0,2778.0
1783932078.6,20422,32624,608,117.0,70.0,1764.0
1783932079.2,20414,32624,604,152.0,70.0,1698.0
1783932079.8,20414,32624,604,292.0,71.0,2821.0
1783932080.4,20414,32624,604,319.0,71.0,2819.0
1783932081.0,20397,32624,596,314.0,71.0,2721.0
1783932081.6,20397,32624,596,305.0,71.0,2715.0
1783932082.2,20383,32624,594,273.0,71.0,2852.0
1783932082.8,20377,32624,594,320.0,71.0,3001.0
1783932083.3,20361,32624,594,220.0,71.0,2934.0
1783932083.9,20357,32624,594,317.0,71.0,2777.0
1783932084.5,20357,32624,594,281.0,71.0,2743.0
1783932085.1,20357,32624,594,253.0,71.0,2879.0
1783932085.7,20353,32624,594,315.0,71.0,2779.0
1783932086.3,20353,32624,594,320.0,71.0,2783.0
1783932086.9,20353,32624,594,283.0,71.0,2873.0
1783932087.5,20353,32624,594,314.0,71.0,2797.0
1783932088.1,20353,32624,594,177.0,71.0,2943.0
1783932088.7,20353,32624,594,311.0,71.0,2806.0
1783932089.3,20353,32624,594,260.0,71.0,2888.0
1783932089.9,20353,32624,594,321.0,72.0,2737.0
1783932090.5,20353,32624,594,360.0,72.0,3177.0
1783932091.1,20353,32624,594,368.0,71.0,2717.0
1783932091.7,20353,32624,594,333.0,72.0,3212.0
1783932092.3,20353,32624,594,279.0,72.0,2935.0
1783932092.9,20354,32624,594,316.0,72.0,2954.0
1783932093.5,20354,32624,594,326.0,71.0,3200.0
1783932094.1,20360,32624,594,304.0,71.0,2874.0
1783932094.7,20362,32624,594,211.0,71.0,2692.0
1783932095.3,20396,32624,604,308.0,72.0,2987.0
1783932095.9,20399,32624,604,315.0,72.0,2703.0
1783932096.5,20391,32624,594,228.0,72.0,3187.0
1783932097.1,20402,32624,596,313.0,72.0,2759.0
1783932097.7,20402,32624,596,299.0,72.0,2747.0
1783932098.3,20400,32624,596,276.0,72.0,2944.0
1783932098.9,20407,32624,596,304.0,72.0,3211.0
1783932099.5,20409,32624,596,383.0,72.0,3141.0
1783932100.1,20409,32624,596,318.0,72.0,2803.0
1783932100.7,20406,32624,596,309.0,72.0,2933.0
1783932101.3,20415,32624,596,326.0,72.0,2776.0
1783932101.9,20421,32624,596,219.0,72.0,2637.0
1783932102.5,20419,32624,596,343.0,72.0,3232.0
1783932103.1,20418,32624,602,320.0,72.0,2794.0
1783932103.6,20420,32624,602,321.0,72.0,2817.0
1783932104.2,20420,32624,596,337.0,72.0,2678.0
1783932104.8,20416,32624,596,258.0,72.0,2804.0
1783932105.4,20414,32624,600,321.0,72.0,2821.0
1783932106.0,20406,32624,600,324.0,71.0,2791.0
1783932106.6,20401,32624,600,333.0,71.0,2755.0
1783932107.2,20401,32624,600,277.0,71.0,2933.0
1783932107.8,20392,32624,600,340.0,72.0,2923.0
1783932108.4,20392,32624,600,313.0,72.0,2778.0
1783932109.0,20414,32624,600,322.0,72.0,2698.0
1783932109.6,20416,32624,600,196.0,69.0,2425.0
1783932110.2,20416,32624,592,307.0,71.0,3102.0
1783932110.8,20423,32624,596,313.0,71.0,2815.0
1783932111.4,20423,32624,596,287.0,71.0,2718.0
1783932112.0,20423,32624,596,310.0,71.0,3074.0
1783932112.6,20423,32624,596,342.0,71.0,3233.0
1783932113.2,20423,32624,596,325.0,71.0,2772.0
1783932113.8,20423,32624,596,349.0,71.0,2932.0
1783932114.4,20407,32624,596,239.0,71.0,2664.0
1783932115.0,20407,32624,596,359.0,71.0,3022.0
1783932115.5,20396,32624,594,316.0,71.0,2793.0
1783932116.1,20388,32624,592,297.0,71.0,3257.0
1783932116.7,20388,32624,592,303.0,71.0,2889.0
1783932117.3,20388,32624,592,321.0,71.0,3270.0
1783932117.9,20388,32624,592,340.0,71.0,2853.0
1783932118.5,20388,32624,592,291.0,71.0,2870.0
1783932119.1,20388,32624,592,169.0,71.0,3046.0
1783932119.7,20388,32624,592,313.0,71.0,3135.0
1783932120.3,20388,32624,592,319.0,71.0,3128.0
1783932120.9,20384,32624,592,319.0,71.0,3149.0
1783932121.5,20384,32624,592,301.0,71.0,2739.0
1783932122.1,20388,32624,594,269.0,71.0,2861.0
1783932122.7,20388,32624,594,350.0,71.0,3020.0
1783932123.3,20388,32624,594,188.0,71.0,2765.0
1783932123.9,20388,32624,594,337.0,71.0,2919.0
1783932124.5,20388,32624,594,306.0,71.0,2750.0
1783932125.1,20388,32624,594,245.0,71.0,2649.0
1783932125.7,20388,32624,594,299.0,71.0,2732.0
1783932126.2,20388,32624,594,334.0,71.0,3025.0
1783932126.8,20388,32624,594,307.0,71.0,3282.0
1783932127.4,20381,32624,592,292.0,72.0,2719.0
1783932128.0,20381,32624,592,322.0,71.0,2947.0
1783932128.6,20381,32624,592,295.0,71.0,2660.0
1783932129.2,20381,32624,592,300.0,72.0,3250.0
1783932129.8,20381,32624,592,326.0,71.0,3226.0
1783932130.4,20392,32624,592,294.0,71.0,2698.0
1783932131.0,20392,32624,592,253.0,71.0,2620.0
1783932131.6,20407,32624,592,275.0,71.0,2887.0
1783932132.2,20411,32624,594,239.0,71.0,3025.0
1783932132.8,20411,32624,594,305.0,71.0,2814.0
1783932133.4,20411,32624,594,339.0,71.0,3108.0
1783932134.0,20411,32624,594,259.0,71.0,2877.0
1783932134.6,20411,32624,594,335.0,71.0,2896.0
1783932135.1,20411,32624,594,311.0,71.0,2753.0
1783932135.7,20411,32624,594,310.0,71.0,2746.0
1783932136.3,20411,32624,594,204.0,71.0,2936.0
1783932136.9,20415,32624,594,293.0,71.0,3115.0
1783932137.5,20415,32624,594,305.0,71.0,3241.0
1783932138.1,20415,32624,594,322.0,71.0,3129.0
1783932138.7,20415,32624,594,320.0,71.0,3074.0
1783932139.3,20415,32624,594,297.0,71.0,3138.0
1783932139.9,20415,32624,594,321.0,71.0,2739.0
1783932140.5,20415,32624,594,309.0,71.0,3117.0
1783932141.1,20415,32624,594,347.0,72.0,2944.0
1783932141.7,20415,32624,594,327.0,72.0,2799.0
1783932142.3,20398,32624,592,277.0,72.0,3012.0
1783932142.9,20398,32624,592,326.0,71.0,2827.0
1783932143.5,20398,32624,592,348.0,72.0,3165.0
1783932144.1,20398,32624,592,300.0,71.0,2910.0
1783932144.6,20398,32624,592,267.0,72.0,2824.0
1783932145.2,20398,32624,592,327.0,71.0,2846.0
1783932145.8,20398,32624,592,313.0,71.0,2791.0
1783932146.4,20390,32624,592,317.0,71.0,2897.0
1783932147.0,20394,32624,596,333.0,71.0,2970.0
1783932147.6,20403,32624,598,321.0,72.0,2841.0
1783932148.2,20403,32624,598,304.0,71.0,2705.0
1783932148.8,20403,32624,598,328.0,71.0,2808.0
1783932149.4,20403,32624,598,334.0,71.0,2866.0
1783932150.0,20403,32624,598,303.0,71.0,2788.0
1783932150.6,20403,32624,598,317.0,71.0,3131.0
1783932151.2,20403,32624,598,319.0,72.0,2742.0
1783932151.8,20403,32624,596,321.0,72.0,3256.0
1783932152.4,20397,32624,596,344.0,72.0,2762.0
1783932153.0,20389,32624,594,307.0,72.0,3266.0
1783932153.6,20389,32624,594,320.0,72.0,2683.0
1783932154.2,20378,32624,594,337.0,72.0,2896.0
1783932154.8,20378,32624,594,305.0,72.0,2806.0
1783932155.4,20378,32624,594,302.0,71.0,2738.0
1783932156.0,20425,32624,600,298.0,72.0,2785.0
1783932156.6,20427,32624,600,310.0,72.0,2765.0
1783932157.2,20427,32624,596,320.0,71.0,3159.0
1783932157.8,20429,32624,604,144.0,72.0,2864.0
1783932158.4,20429,32624,602,354.0,72.0,3000.0
1783932159.0,20429,32624,596,277.0,72.0,3237.0
1783932159.5,20433,32624,598,326.0,71.0,2815.0
1783932160.1,20433,32624,600,312.0,72.0,2907.0
1783932160.7,20429,32624,602,359.0,71.0,2886.0
1783932161.3,20430,32624,602,328.0,71.0,3181.0
1783932161.9,20422,32624,602,346.0,71.0,3089.0
1783932162.5,20422,32624,600,219.0,72.0,2825.0
1783932163.1,20422,32624,600,196.0,71.0,2689.0
1783932163.7,20422,32624,600,307.0,72.0,2789.0
1783932164.3,20422,32624,600,309.0,72.0,3260.0
1783932164.9,20421,32624,596,266.0,72.0,2845.0
1783932165.5,20421,32624,594,382.0,72.0,3163.0
1783932166.1,20436,32624,596,313.0,71.0,2881.0
1783932166.7,20433,32624,598,304.0,72.0,2778.0
1783932167.3,20431,32624,598,133.0,72.0,2990.0
1783932167.9,20431,32624,598,324.0,72.0,2837.0
1783932168.5,20431,32624,598,322.0,71.0,3169.0
1783932169.1,20431,32624,598,247.0,72.0,2968.0
1783932169.7,20428,32624,600,304.0,72.0,2964.0
1783932170.3,20426,32624,600,357.0,72.0,2879.0
1783932170.9,20428,32624,600,85.0,72.0,3076.0
1783932171.5,20428,32624,594,327.0,72.0,2840.0
1783932172.1,20413,32624,594,321.0,72.0,2776.0
1783932172.6,20413,32624,594,307.0,72.0,2770.0
1783932173.2,20413,32624,594,277.0,72.0,2762.0
1783932173.8,20413,32624,594,280.0,72.0,2927.0
1783932174.4,20413,32624,594,298.0,72.0,2892.0
1783932175.0,20413,32624,594,310.0,72.0,2737.0
1783932175.6,20391,32624,594,329.0,72.0,2944.0
1783932176.2,20391,32624,594,215.0,72.0,3278.0
1783932176.8,20387,32624,594,307.0,72.0,3112.0
1783932177.4,20387,32624,594,336.0,72.0,2880.0
1783932178.0,20387,32624,594,303.0,72.0,2801.0
1783932178.6,20387,32624,594,269.0,72.0,2896.0
1783932179.2,20387,32624,594,324.0,72.0,2792.0
1783932179.8,20381,32624,594,301.0,72.0,2808.0
1783932180.4,20381,32624,594,175.0,72.0,2695.0
1783932181.0,20381,32624,594,270.0,72.0,2801.0
1783932181.6,20381,32624,594,354.0,72.0,2960.0
1783932182.2,20379,32624,594,300.0,72.0,2832.0
1783932182.8,20379,32624,594,363.0,72.0,2935.0
1783932183.4,20379,32624,594,322.0,72.0,2818.0
1783932184.0,20379,32624,594,351.0,72.0,2719.0
1783932184.6,20379,32624,594,272.0,72.0,2825.0
1783932185.2,20379,32624,594,344.0,72.0,3237.0
1783932185.7,20379,32624,594,304.0,72.0,2744.0
1783932186.3,20379,32624,594,334.0,71.0,2746.0
1783932186.9,20379,32624,594,252.0,72.0,2838.0
1783932187.5,20379,32624,594,286.0,71.0,2935.0
1783932188.1,20379,32624,594,324.0,71.0,2810.0
1783932188.7,20379,32624,594,354.0,72.0,3163.0
1783932189.3,20379,32624,594,283.0,72.0,2752.0
1783932189.9,20400,32624,610,293.0,72.0,2711.0
1783932190.5,20400,32624,610,325.0,72.0,2925.0
1783932191.1,20400,32624,610,366.0,72.0,2710.0
1783932191.7,20400,32624,610,245.0,72.0,2797.0
1783932192.3,20404,32624,604,273.0,72.0,2932.0
1783932192.9,20411,32624,604,334.0,72.0,2866.0
1783932193.5,20411,32624,604,166.0,72.0,3086.0
1783932194.1,20411,32624,604,304.0,72.0,2741.0
1783932194.7,20411,32624,604,334.0,71.0,3252.0
1783932195.3,20403,32624,592,232.0,72.0,3023.0
1783932195.9,20403,32624,592,278.0,72.0,2938.0
1783932196.5,20403,32624,592,329.0,72.0,3194.0
1783932197.1,20403,32624,592,313.0,72.0,2741.0
1783932197.6,20403,32624,592,328.0,72.0,2764.0
1783932198.2,20398,32624,594,316.0,72.0,2728.0
1783932198.8,20398,32624,594,271.0,72.0,2910.0
1783932199.4,20398,32624,594,295.0,72.0,2950.0
1783932200.0,20398,32624,594,280.0,72.0,2701.0
1783932200.6,20398,32624,594,351.0,72.0,3259.0
1783932201.2,20398,32624,594,298.0,72.0,3049.0
1783932201.8,20398,32624,594,322.0,72.0,2703.0
1783932202.4,20398,32624,594,118.0,72.0,3254.0
1783932203.0,20398,32624,594,169.0,71.0,255.0
1783932203.6,20394,32624,594,269.0,72.0,3099.0
1783932204.2,20394,32624,594,298.0,72.0,3212.0
1783932204.8,20394,32624,594,327.0,72.0,2775.0
1783932205.4,20394,32624,594,292.0,72.0,2760.0
1783932206.0,20394,32624,594,245.0,72.0,3052.0
1783932206.6,20394,32624,594,338.0,72.0,2898.0
1783932207.2,20394,32624,594,337.0,71.0,2886.0
1783932207.8,20390,32624,594,310.0,72.0,2830.0
1783932208.4,20390,32624,594,348.0,71.0,3105.0
1783932209.0,20390,32624,594,294.0,72.0,3024.0
1783932209.6,20390,32624,594,202.0,72.0,2773.0
1783932210.2,20390,32624,594,160.0,72.0,2743.0
1783932210.8,20390,32624,594,76.0,70.0,3187.0
1783932211.4,20390,32624,594,367.0,71.0,2840.0
1783932212.0,20390,32624,594,360.0,71.0,2892.0
1783932212.6,20390,32624,594,317.0,71.0,2774.0
1783932213.2,20390,32624,594,187.0,71.0,2704.0
1783932213.8,20390,32624,594,318.0,71.0,2850.0
1783932214.4,20390,32624,594,357.0,71.0,3096.0
1783932214.9,20390,32624,594,305.0,71.0,2784.0
1783932215.5,20387,32624,594,298.0,71.0,3267.0
1783932216.1,20387,32624,594,270.0,71.0,2754.0
1783932216.7,20387,32624,594,297.0,71.0,2998.0
1783932217.3,20387,32624,594,320.0,71.0,3142.0
1783932217.9,20387,32624,594,328.0,71.0,2727.0
1783932218.5,20387,32624,594,275.0,72.0,2905.0
1783932219.1,20387,32624,594,316.0,71.0,2735.0
1783932219.7,20387,32624,594,165.0,71.0,2686.0
1783932220.3,20387,32624,594,321.0,72.0,2781.0
1783932220.9,20395,32624,594,332.0,71.0,2734.0
1783932221.5,20398,32624,596,343.0,71.0,2893.0
1783932222.1,20398,32624,596,299.0,71.0,2749.0
1783932222.7,20398,32624,596,248.0,71.0,2726.0
1783932223.3,20398,32624,596,342.0,71.0,3103.0
1783932223.9,20398,32624,596,343.0,71.0,2894.0
1783932224.5,20389,32624,594,288.0,71.0,3276.0
1783932225.1,20389,32624,594,162.0,71.0,2715.0
1783932225.7,20389,32624,594,298.0,71.0,3089.0
1783932226.3,20389,32624,594,311.0,71.0,2784.0
1783932226.9,20389,32624,594,184.0,71.0,2695.0
1783932227.5,20389,32624,594,322.0,71.0,2819.0
1783932228.1,20389,32624,594,359.0,71.0,3035.0
1783932228.7,20378,32624,594,328.0,71.0,2749.0
1783932229.2,20378,32624,594,177.0,71.0,2716.0
1783932229.8,20378,32624,594,375.0,71.0,3109.0
1783932230.4,20378,32624,594,289.0,71.0,2678.0
1783932231.0,20378,32624,594,286.0,71.0,2921.0
1783932231.6,20378,32624,594,303.0,71.0,2746.0
1783932232.2,20378,32624,594,319.0,71.0,2727.0
1783932232.8,20378,32624,594,365.0,71.0,2942.0
1783932233.4,20378,32624,594,307.0,71.0,2786.0
1783932234.0,20378,32624,594,302.0,71.0,2737.0
1783932234.6,20378,32624,594,339.0,71.0,3205.0
1783932235.2,20405,32624,596,314.0,71.0,2781.0
1783932235.8,20405,32624,596,309.0,71.0,2718.0
1783932236.4,20405,32624,596,54.0,70.0,46.0
1783932237.0,20405,32624,596,312.0,71.0,2926.0
1783932237.6,20405,32624,596,308.0,71.0,2789.0
1783932238.2,20405,32624,596,325.0,71.0,2995.0
1783932238.8,20405,32624,594,304.0,71.0,2715.0
1783932239.4,20405,32624,594,258.0,71.0,2829.0
1783932240.0,20405,32624,594,307.0,71.0,2757.0
1783932240.6,20397,32624,594,302.0,71.0,3103.0
1783932241.1,20397,32624,594,317.0,71.0,2670.0
1783932241.7,20378,32624,594,344.0,71.0,2879.0
1783932242.3,20382,32624,596,314.0,71.0,2759.0
1783932242.9,20380,32624,596,316.0,71.0,2760.0
1783932243.5,20380,32624,596,297.0,71.0,2718.0
1783932244.1,20380,32624,596,148.0,72.0,3023.0
1783932244.7,20380,32624,596,292.0,72.0,3055.0
1783932245.3,20380,32624,596,292.0,72.0,2708.0
1783932245.9,20380,32624,596,338.0,71.0,2884.0
1783932246.5,20380,32624,596,313.0,71.0,2764.0
1783932247.1,20380,32624,594,324.0,72.0,2950.0
1783932247.7,20380,32624,594,350.0,72.0,2995.0
1783932248.3,20380,32624,594,303.0,71.0,2759.0
1783932248.9,20380,32624,594,335.0,71.0,2910.0
1783932249.5,20378,32624,594,329.0,71.0,2800.0
1783932250.1,20378,32624,594,307.0,71.0,2738.0
1783932250.7,20378,32624,594,333.0,71.0,3049.0
1783932251.3,20378,32624,594,324.0,71.0,3081.0
1783932251.9,20378,32624,594,360.0,72.0,2949.0
1783932252.5,20376,32624,594,337.0,72.0,3211.0
1783932253.0,20376,32624,594,303.0,72.0,2916.0
1783932253.6,20376,32624,594,327.0,71.0,3026.0
1783932254.2,20396,32624,594,352.0,72.0,3165.0
1783932254.8,20396,32624,594,308.0,72.0,2748.0
1783932255.4,20396,32624,594,293.0,71.0,2721.0
1783932256.0,20396,32624,594,177.0,72.0,2980.0
1783932256.6,20394,32624,594,357.0,72.0,3017.0
1783932257.2,20394,32624,594,298.0,72.0,3255.0
1783932257.8,20394,32624,594,208.0,72.0,2703.0
1783932258.4,20394,32624,594,329.0,71.0,2868.0
1783932259.0,20394,32624,594,314.0,72.0,3119.0
1783932259.6,20394,32624,594,301.0,72.0,3022.0
1783932260.2,20376,32624,594,332.0,72.0,2988.0
1783932260.8,20376,32624,594,272.0,72.0,2874.0
1783932261.4,20376,32624,594,300.0,72.0,3087.0
1783932262.0,20376,32624,594,285.0,72.0,3226.0
1783932262.6,20376,32624,594,341.0,72.0,2924.0
1783932263.2,20376,32624,594,314.0,72.0,2780.0
1783932263.8,20376,32624,594,347.0,72.0,3111.0
1783932264.4,20376,32624,594,305.0,72.0,3101.0
1783932265.0,20376,32624,594,299.0,72.0,2728.0
1783932265.6,20376,32624,594,339.0,72.0,3144.0
1783932266.2,20376,32624,594,341.0,72.0,3023.0
1783932266.8,20376,32624,594,219.0,72.0,3002.0
1783932267.4,20376,32624,594,306.0,71.0,3274.0
1783932268.0,20417,32624,606,348.0,71.0,2981.0
1783932268.6,20429,32624,596,378.0,72.0,2745.0
1783932269.2,20429,32624,600,296.0,72.0,2926.0
1783932269.8,20429,32624,598,304.0,71.0,2829.0
1783932270.4,20429,32624,594,303.0,72.0,2781.0
1783932271.0,20425,32624,594,50.0,70.0,1755.0
1783932271.6,20425,32624,594,182.0,70.0,1727.0
1783932272.2,20427,32624,594,102.0,70.0,2197.0
1783932272.8,20424,32624,592,316.0,71.0,2848.0
1783932273.4,20400,32624,594,329.0,71.0,2859.0
1783932274.0,20397,32624,594,230.0,71.0,2989.0
1783932274.6,20393,32624,594,319.0,71.0,2802.0
1783932275.2,20402,32624,594,306.0,71.0,2739.0
1783932275.8,20402,32624,594,296.0,71.0,3069.0
1783932276.4,20402,32624,594,278.0,71.0,3267.0
1783932277.0,20402,32624,598,80.0,71.0,2931.0
1783932277.6,20400,32624,596,307.0,71.0,3139.0
1783932278.2,20400,32624,596,202.0,71.0,2980.0
1783932278.8,20400,32624,596,308.0,71.0,3115.0
1783932279.4,20391,32624,596,352.0,71.0,2976.0
1783932280.0,20391,32624,592,372.0,71.0,3072.0
1783932280.6,20391,32624,594,295.0,71.0,2754.0
1783932281.2,20390,32624,594,310.0,71.0,2796.0
1783932281.8,20390,32624,594,256.0,71.0,2859.0
1783932282.4,20390,32624,594,290.0,71.0,2711.0
1783932283.0,20390,32624,598,328.0,71.0,3186.0
1783932283.6,20390,32624,598,141.0,71.0,2773.0
1783932284.2,20386,32624,596,375.0,71.0,3176.0
1783932284.8,20386,32624,596,303.0,71.0,2702.0
1783932285.4,20386,32624,596,302.0,71.0,3105.0
1783932286.0,20386,32624,596,211.0,71.0,3038.0
1783932286.5,20386,32624,596,321.0,71.0,3270.0
1783932287.1,20393,32624,594,305.0,71.0,3061.0
1783932287.7,20393,32624,594,390.0,71.0,3107.0
1783932288.3,20391,32624,594,301.0,71.0,3091.0
1783932288.9,20391,32624,594,336.0,71.0,2918.0
1783932289.5,20388,32624,594,333.0,71.0,2833.0
1783932290.1,20388,32624,594,349.0,71.0,2643.0
1783932290.7,20388,32624,594,313.0,71.0,2803.0
1783932291.3,20388,32624,594,267.0,71.0,2850.0
1783932291.9,20388,32624,594,312.0,71.0,3116.0
1783932292.5,20380,32624,594,317.0,71.0,3267.0
1783932293.1,20377,32624,594,349.0,71.0,2942.0
1783932293.7,20377,32624,594,292.0,71.0,2866.0
1783932294.3,20377,32624,594,372.0,71.0,3236.0
1783932294.9,20377,32624,594,326.0,71.0,3140.0
1783932295.5,20377,32624,594,295.0,71.0,2931.0
1783932296.1,20377,32624,594,321.0,71.0,2829.0
1783932296.7,20377,32624,594,332.0,71.0,3100.0
1783932297.3,20377,32624,594,311.0,72.0,3272.0
1783932297.9,20377,32624,594,306.0,71.0,2800.0
1783932298.5,20372,32624,592,333.0,71.0,2876.0
1783932299.1,20372,32624,592,326.0,71.0,2799.0
1783932299.7,20372,32624,594,343.0,71.0,2680.0
1783932300.3,20372,32624,594,316.0,71.0,3097.0
1783932300.9,20372,32624,594,325.0,71.0,2999.0
1783932301.5,20372,32624,594,346.0,71.0,2970.0
1783932302.1,20379,32624,596,376.0,71.0,3070.0
1783932302.7,20379,32624,596,227.0,72.0,2833.0
1783932303.3,20379,32624,596,183.0,72.0,3018.0
1783932303.9,20379,32624,596,297.0,71.0,3259.0
1783932304.5,20379,32624,596,317.0,71.0,2725.0
1783932305.1,20379,32624,596,306.0,71.0,2891.0
1783932305.7,20379,32624,596,381.0,72.0,3046.0
1783932306.3,20379,32624,596,277.0,71.0,2702.0
1783932306.8,20379,32624,596,267.0,71.0,3083.0
1783932307.4,20379,32624,594,317.0,72.0,2806.0
1783932308.0,20391,32624,596,313.0,72.0,3098.0
1783932308.6,20391,32624,596,298.0,71.0,2911.0
1783932309.2,20391,32624,596,289.0,72.0,3248.0
1783932309.8,20391,32624,596,303.0,72.0,2775.0
1783932310.4,20391,32624,596,323.0,71.0,2763.0
1783932311.0,20391,32624,596,348.0,71.0,2924.0
1783932311.6,20391,32624,596,314.0,71.0,2761.0
1783932312.2,20391,32624,596,315.0,71.0,2759.0
1783932312.8,20388,32624,594,310.0,71.0,2820.0
1783932313.4,20388,32624,594,343.0,71.0,2919.0
1783932314.0,20388,32624,594,336.0,72.0,3187.0
1783932314.6,20388,32624,594,240.0,71.0,2767.0
1783932315.2,20388,32624,594,80.0,71.0,3092.0
1783932315.8,20380,32624,598,315.0,71.0,2844.0
1783932316.4,20380,32624,598,305.0,72.0,2751.0
1783932317.0,20380,32624,598,343.0,71.0,3230.0
1783932317.6,20380,32624,598,234.0,72.0,2720.0
1783932318.2,20380,32624,598,319.0,71.0,3090.0
1783932318.8,20380,32624,594,231.0,71.0,2658.0
1783932319.4,20380,32624,594,424.0,71.0,3182.0
1783932320.0,20380,32624,594,300.0,71.0,2745.0
1783932320.6,20380,32624,594,179.0,72.0,3095.0
1783932321.2,20378,32624,594,361.0,71.0,2930.0
1783932321.8,20383,32624,594,324.0,72.0,2822.0
1783932322.4,20383,32624,594,334.0,71.0,2691.0
1783932323.0,20391,32624,594,337.0,71.0,2907.0
1783932323.6,20391,32624,594,371.0,72.0,2759.0
1783932324.2,20391,32624,594,270.0,71.0,2641.0
1783932324.8,20403,32624,600,318.0,71.0,2865.0
1783932325.4,20433,32624,604,348.0,71.0,2922.0
1783932326.0,20416,32624,602,87.0,71.0,3305.0
1783932326.6,20416,32624,600,314.0,72.0,3160.0
1783932327.2,20416,32624,600,290.0,72.0,2891.0
1783932327.8,20438,32624,600,394.0,71.0,3149.0
1783932328.4,20434,32624,600,332.0,71.0,2784.0
1783932329.0,20434,32624,600,355.0,72.0,2946.0
1783932329.6,20434,32624,600,325.0,71.0,2809.0
1783932330.2,20434,32624,598,318.0,71.0,2790.0
1783932330.8,20436,32624,600,192.0,72.0,2923.0
1783932331.4,20452,32624,618,321.0,71.0,2869.0
1783932332.0,20436,32624,618,386.0,72.0,3124.0
1783932332.6,20438,32624,600,342.0,72.0,2959.0
1783932333.2,20444,32624,610,324.0,72.0,3172.0
1783932333.8,20442,32624,604,347.0,71.0,2912.0
1783932334.4,20458,32624,604,345.0,72.0,3232.0
1783932335.1,20458,32624,604,312.0,72.0,3261.0
1783932335.6,20458,32624,604,298.0,72.0,3271.0
1783932336.2,20458,32624,598,281.0,72.0,2669.0
1783932336.8,20458,32624,598,276.0,72.0,2719.0
1783932337.4,20454,32624,596,44.0,70.0,46.0
1783932338.0,20451,32624,596,307.0,70.0,3070.0
1783932338.6,20451,32624,596,320.0,71.0,2764.0
1783932339.2,20438,32624,594,215.0,71.0,3267.0
1783932339.8,20427,32624,596,301.0,71.0,2701.0
1783932340.4,20424,32624,596,176.0,71.0,3143.0
1783932341.0,20424,32624,594,345.0,71.0,3127.0
1783932341.6,20424,32624,594,329.0,71.0,2720.0
1783932342.2,20439,32624,600,287.0,71.0,2711.0
1783932342.8,20439,32624,600,292.0,71.0,2771.0
1783932343.4,20439,32624,598,307.0,71.0,3272.0
1783932344.0,20439,32624,598,232.0,71.0,3308.0
1783932344.6,20439,32624,596,319.0,71.0,3265.0
1783932345.2,20439,32624,596,352.0,71.0,3118.0
1783932345.8,20437,32624,594,226.0,71.0,2769.0
1783932346.4,20437,32624,594,327.0,71.0,2696.0
1783932347.0,20434,32624,594,317.0,71.0,3116.0
1783932347.5,20405,32624,594,318.0,71.0,2964.0
1783932348.1,20405,32624,594,235.0,71.0,2999.0
1783932348.7,20405,32624,594,237.0,71.0,2707.0
1783932349.3,20401,32624,594,339.0,71.0,2876.0
1783932349.9,20401,32624,594,328.0,72.0,2785.0
1783932350.5,20401,32624,594,325.0,71.0,2668.0
1783932351.1,20401,32624,594,283.0,71.0,3007.0
1783932351.7,20423,32624,598,325.0,71.0,2850.0
1783932352.3,20423,32624,598,354.0,72.0,3003.0
1783932352.9,20425,32624,596,338.0,71.0,2882.0
1783932353.5,20425,32624,596,320.0,71.0,3248.0
1783932354.1,20425,32624,596,312.0,71.0,3100.0
1783932354.7,20425,32624,596,298.0,71.0,3264.0
1783932355.3,20425,32624,596,311.0,71.0,2763.0
1783932355.9,20422,32624,596,268.0,71.0,2686.0
1783932356.5,20422,32624,596,345.0,71.0,3060.0
1783932357.1,20422,32624,596,329.0,71.0,2866.0
1783932357.7,20422,32624,596,302.0,71.0,3264.0
1783932358.3,20422,32624,596,277.0,71.0,2875.0
1783932358.9,20418,32624,596,292.0,71.0,3223.0
1783932359.5,20418,32624,596,292.0,71.0,2942.0
1783932360.1,20415,32624,594,313.0,71.0,3269.0
1783932360.7,20415,32624,594,295.0,71.0,3227.0
1783932361.3,20415,32624,594,348.0,71.0,2867.0
1783932361.9,20415,32624,594,329.0,72.0,3257.0
1783932362.5,20415,32624,594,312.0,71.0,2893.0
1783932363.0,20415,32624,594,304.0,71.0,2779.0
1783932363.6,20409,32624,594,268.0,72.0,2843.0
1783932364.2,20409,32624,594,337.0,71.0,3032.0
1783932364.8,20405,32624,594,275.0,71.0,3255.0
1783932365.4,20405,32624,594,297.0,71.0,2743.0
1783932366.0,20405,32624,594,320.0,71.0,2840.0
1783932366.6,20436,32624,608,296.0,71.0,3277.0
1783932367.2,20436,32624,608,339.0,71.0,2685.0
1783932367.8,20436,32624,608,334.0,71.0,3228.0
1783932368.4,20436,32624,608,365.0,72.0,3015.0
1783932369.0,20436,32624,596,362.0,71.0,3058.0
1783932369.6,20436,32624,596,287.0,71.0,2835.0
1783932370.2,20438,32624,606,291.0,71.0,2760.0
1783932370.8,20438,32624,606,316.0,71.0,2840.0
1783932371.4,20438,32624,606,184.0,71.0,2998.0
1783932372.0,20434,32624,604,337.0,71.0,3239.0
1783932372.6,20434,32624,600,369.0,71.0,3061.0
1783932373.2,20388,32624,596,287.0,71.0,3264.0
1783932373.8,20392,32624,600,301.0,71.0,2767.0
1783932374.4,20392,32624,600,274.0,71.0,2828.0
1783932375.0,20392,32624,598,285.0,72.0,2548.0
1783932375.6,20392,32624,598,402.0,72.0,3231.0
1783932376.2,20392,32624,596,311.0,71.0,2792.0
1783932376.8,20390,32624,602,317.0,72.0,2791.0
1783932377.4,20390,32624,602,421.0,71.0,3174.0
1783932378.0,20390,32624,602,340.0,71.0,2714.0
1783932378.5,20387,32624,596,287.0,72.0,3249.0
1783932379.1,20387,32624,596,374.0,72.0,3120.0
1783932379.7,20387,32624,596,142.0,71.0,2729.0
1783932380.3,20387,32624,596,306.0,71.0,3269.0
1783932380.9,20387,32624,596,313.0,71.0,2949.0
1783932381.5,20387,32624,596,256.0,71.0,2576.0
1783932382.1,20387,32624,596,324.0,72.0,2809.0
1783932382.7,20377,32624,596,316.0,72.0,2860.0
1783932383.3,20377,32624,596,231.0,72.0,2851.0
1783932383.9,20377,32624,596,363.0,72.0,3201.0
1783932384.5,20365,32624,596,308.0,71.0,2741.0
1783932385.1,20365,32624,596,307.0,72.0,3269.0
1783932385.7,20365,32624,596,235.0,72.0,2780.0
1783932386.3,20370,32624,596,163.0,72.0,3049.0
1783932386.9,20370,32624,596,311.0,72.0,2958.0
1783932387.5,20424,32624,604,261.0,72.0,2677.0
1783932388.1,20439,32624,600,262.0,72.0,2854.0
1783932388.7,20439,32624,604,337.0,72.0,3219.0
1783932389.3,20439,32624,604,358.0,72.0,2889.0
1783932389.9,20439,32624,604,222.0,72.0,2762.0
1783932390.5,20429,32624,596,323.0,72.0,2990.0
1783932391.1,20426,32624,596,321.0,72.0,3147.0
1783932391.7,20426,32624,596,245.0,72.0,3176.0
1783932392.3,20422,32624,598,302.0,72.0,2934.0
1783932392.9,20424,32624,598,386.0,72.0,3028.0
1783932393.5,20415,32624,598,244.0,72.0,2684.0
1783932394.1,20415,32624,598,267.0,72.0,2898.0
1783932394.7,20408,32624,596,340.0,71.0,3064.0
1783932395.3,20408,32624,598,82.0,72.0,3134.0
1783932395.9,20424,32624,600,324.0,72.0,2803.0
1783932396.5,20429,32624,618,224.0,72.0,2801.0
1783932397.1,20458,32624,616,348.0,71.0,2928.0
1783932397.7,20470,32624,600,317.0,71.0,2961.0
1783932398.3,20462,32624,606,303.0,71.0,3274.0
1783932398.9,20468,32624,604,321.0,71.0,2952.0
1783932399.5,20469,32624,604,313.0,71.0,2938.0
1783932400.1,20471,32624,612,204.0,71.0,2764.0
1783932400.7,20471,32624,612,186.0,72.0,2809.0
1783932401.3,20471,32624,612,303.0,72.0,2257.0
1783932401.9,20471,32624,612,333.0,72.0,3192.0
1783932402.5,20471,32624,598,298.0,72.0,3282.0
1783932403.1,20467,32624,598,294.0,71.0,3075.0
1783932403.7,20467,32624,598,257.0,71.0,2641.0
1783932404.3,20467,32624,610,335.0,72.0,3214.0
1783932404.9,20449,32624,600,312.0,72.0,2965.0
1783932405.5,20449,32624,600,284.0,72.0,3220.0
1783932406.1,20449,32624,600,341.0,72.0,2908.0
1783932406.7,20449,32624,600,314.0,72.0,2795.0
1783932407.2,20449,32624,600,320.0,71.0,2737.0
1783932407.8,20447,32624,596,371.0,71.0,2745.0
1783932408.4,20447,32624,600,316.0,72.0,2803.0
1783932409.0,20447,32624,600,247.0,72.0,3060.0
1783932409.6,20447,32624,596,319.0,71.0,3100.0
1783932410.2,20452,32624,600,318.0,71.0,2713.0
1783932410.8,20426,32624,596,272.0,72.0,2884.0
1783932411.4,20426,32624,596,300.0,71.0,2723.0
1783932412.0,20426,32624,596,200.0,71.0,2751.0
1783932412.6,20418,32624,596,187.0,72.0,2946.0
1783932413.2,20418,32624,596,378.0,71.0,3199.0
1783932413.8,20429,32624,610,272.0,71.0,3075.0
1783932414.4,20429,32624,610,238.0,71.0,2842.0
1783932415.0,20493,32624,598,341.0,71.0,2976.0
1783932415.6,20514,32624,612,149.0,72.0,3021.0
1783932416.2,20514,32624,604,325.0,72.0,2718.0
1783932416.8,20514,32624,604,186.0,72.0,2582.0
1783932417.4,20511,32624,600,372.0,72.0,3088.0
1783932418.0,20509,32624,600,304.0,72.0,2763.0
1783932418.6,20509,32624,600,331.0,72.0,3246.0
1783932419.2,20509,32624,600,347.0,72.0,2885.0
1783932419.7,20509,32624,600,270.0,72.0,2899.0
1783932420.3,20477,32624,600,301.0,72.0,2697.0
1783932420.9,20475,32624,600,313.0,72.0,2710.0
1783932421.5,20475,32624,600,324.0,72.0,3110.0
1783932422.1,20475,32624,600,327.0,72.0,3052.0
1783932422.7,20475,32624,600,322.0,72.0,2788.0
1783932423.3,20471,32624,598,316.0,72.0,3222.0
1783932423.9,20471,32624,598,288.0,72.0,2720.0
1783932424.5,20471,32624,598,342.0,72.0,3251.0
1783932425.1,20471,32624,598,265.0,71.0,2829.0
1783932425.7,20471,32624,598,312.0,71.0,3032.0
1783932426.3,20471,32624,598,272.0,71.0,2724.0
1783932426.9,20471,32624,598,289.0,71.0,3177.0
1783932427.5,20471,32624,598,293.0,72.0,3029.0
1783932428.0,20471,32624,598,221.0,72.0,2807.0
1783932428.6,20471,32624,598,317.0,72.0,3263.0
1783932429.2,20471,32624,598,299.0,71.0,3283.0
1783932429.8,20463,32624,598,319.0,71.0,2722.0
1783932430.4,20463,32624,598,184.0,71.0,3223.0
1783932431.0,20463,32624,598,329.0,72.0,2834.0
1783932431.6,20463,32624,598,307.0,72.0,3070.0
1783932432.2,20463,32624,598,326.0,72.0,2810.0
1783932432.8,20463,32624,598,391.0,71.0,3145.0
1783932433.4,20467,32624,600,335.0,72.0,3071.0
1783932434.0,20465,32624,600,265.0,71.0,2942.0
1783932434.6,20465,32624,600,327.0,71.0,3086.0
1783932435.1,20465,32624,600,351.0,71.0,2959.0
1783932435.7,20465,32624,600,319.0,71.0,2936.0
1783932436.3,20465,32624,600,326.0,71.0,3260.0
1783932436.9,20465,32624,600,260.0,71.0,2837.0
1783932437.5,20465,32624,600,328.0,71.0,2845.0
1783932438.1,20465,32624,600,376.0,71.0,3048.0
1783932438.7,20460,32624,598,283.0,71.0,2920.0
1783932439.3,20460,32624,598,280.0,71.0,3184.0
1783932439.9,20460,32624,598,340.0,71.0,2792.0
1783932440.5,20460,32624,598,227.0,71.0,2846.0
1783932441.1,20460,32624,598,305.0,71.0,2916.0
1783932441.7,20460,32624,598,290.0,71.0,2593.0
1783932442.2,20460,32624,598,346.0,71.0,3153.0
1783932442.8,20460,32624,598,332.0,71.0,2746.0
1783932443.4,20460,32624,598,157.0,72.0,2959.0
1783932444.0,20460,32624,598,317.0,72.0,2796.0
1783932444.6,20460,32624,598,326.0,72.0,2820.0
1783932445.2,20456,32624,600,310.0,72.0,2807.0
1783932445.8,20454,32624,600,287.0,72.0,2727.0
1783932446.4,20454,32624,600,293.0,72.0,2686.0
1783932447.0,20465,32624,604,294.0,71.0,3259.0
1783932447.6,20465,32624,606,303.0,71.0,3093.0
1783932448.2,20465,32624,606,290.0,71.0,2664.0
1783932448.8,20465,32624,598,302.0,71.0,3094.0
1783932449.4,20466,32624,602,401.0,72.0,3135.0
1783932450.0,20466,32624,602,316.0,72.0,2761.0
1783932450.6,20466,32624,600,188.0,72.0,3011.0
1783932451.1,20466,32624,598,309.0,71.0,2771.0
1783932451.7,20466,32624,598,287.0,72.0,3222.0
1783932452.3,20470,32624,602,205.0,72.0,2788.0
1783932452.9,20478,32624,606,255.0,71.0,2863.0
1783932453.5,20474,32624,606,324.0,72.0,3276.0
1783932454.1,20474,32624,604,295.0,72.0,3190.0
1783932454.7,20474,32624,600,182.0,72.0,3225.0
1783932455.3,20470,32624,600,277.0,71.0,3044.0
1783932455.9,20470,32624,600,304.0,71.0,3231.0
1783932456.5,20470,32624,600,285.0,71.0,2757.0
1783932457.1,20470,32624,600,322.0,71.0,2761.0
1783932457.7,20466,32624,598,306.0,71.0,2766.0
1783932458.3,20457,32624,598,311.0,71.0,2731.0
1783932458.9,20468,32624,602,315.0,71.0,3275.0
1783932459.5,20468,32624,604,359.0,71.0,2999.0
1783932460.1,20468,32624,602,348.0,71.0,2885.0
1783932460.7,20468,32624,598,313.0,71.0,2930.0
1783932461.3,20464,32624,600,308.0,71.0,2972.0
1783932461.9,20462,32624,600,302.0,71.0,2686.0
1783932462.5,20462,32624,596,210.0,71.0,2724.0
1783932463.0,20462,32624,600,360.0,72.0,3191.0
1783932463.6,20462,32624,602,326.0,71.0,2903.0
1783932464.2,20462,32624,600,307.0,71.0,3261.0
1783932464.8,20455,32624,598,313.0,71.0,2956.0
1783932465.4,20458,32624,602,315.0,71.0,3130.0
1783932466.0,20458,32624,602,372.0,71.0,3051.0
1783932466.6,20458,32624,600,328.0,71.0,2966.0
1783932467.2,20458,32624,600,385.0,71.0,3180.0
1783932467.8,20458,32624,600,311.0,71.0,2840.0
1783932468.4,20458,32624,600,414.0,71.0,3201.0
1783932469.0,20458,32624,600,299.0,71.0,3030.0
1783932469.6,20458,32624,600,302.0,71.0,2890.0
1783932470.2,20458,32624,598,337.0,71.0,3234.0
1783932470.8,20466,32624,602,325.0,71.0,2958.0
1783932471.4,20462,32624,594,313.0,72.0,2755.0
1783932472.0,20462,32624,596,269.0,71.0,3131.0
1783932472.5,20461,32624,596,405.0,71.0,3174.0
1783932473.1,20453,32624,596,325.0,71.0,2814.0
1783932473.7,20453,32624,596,295.0,71.0,3062.0
1783932474.3,20453,32624,596,298.0,71.0,3051.0
1783932474.9,20461,32624,602,331.0,71.0,2774.0
1783932475.5,20461,32624,602,255.0,71.0,3033.0
1783932476.1,20461,32624,600,244.0,71.0,3147.0
1783932476.7,20461,32624,600,335.0,71.0,2920.0
1783932477.3,20461,32624,600,301.0,71.0,3237.0
1783932477.9,20462,32624,600,312.0,71.0,2734.0
1783932478.5,20462,32624,598,306.0,71.0,2797.0
1783932479.1,20460,32624,598,382.0,71.0,3034.0
1783932479.7,20462,32624,598,313.0,72.0,2820.0
1783932480.3,20462,32624,598,335.0,71.0,3184.0
1783932480.9,20451,32624,598,302.0,71.0,3277.0
1783932481.5,20447,32624,598,331.0,71.0,2767.0
1783932482.1,20447,32624,598,304.0,71.0,2742.0
1783932482.7,20460,32624,604,302.0,71.0,2803.0
1783932483.3,20460,32624,604,332.0,71.0,3200.0
1783932483.8,20460,32624,604,355.0,71.0,2994.0
1783932484.4,20460,32624,604,309.0,71.0,2713.0
1783932485.0,20468,32624,606,336.0,71.0,2888.0
1783932485.6,20466,32624,602,350.0,71.0,2882.0
1783932486.2,20466,32624,602,327.0,71.0,2833.0
1783932486.8,20466,32624,602,45.0,71.0,0.0
1783932487.4,20466,32624,598,230.0,69.0,2616.0
1783932488.0,20485,32624,598,344.0,70.0,2964.0
1783932488.6,20485,32624,598,309.0,71.0,2765.0
1783932489.2,20485,32624,598,308.0,71.0,2720.0
1783932489.8,20485,32624,598,316.0,71.0,2897.0
1783932490.4,20485,32624,598,304.0,71.0,2749.0
1783932491.0,20477,32624,598,299.0,71.0,2720.0
1783932491.6,20477,32624,598,320.0,71.0,3086.0
1783932492.2,20477,32624,598,317.0,71.0,3266.0
1783932492.8,20477,32624,598,315.0,71.0,3159.0
1783932493.3,20477,32624,598,301.0,71.0,2730.0
1783932493.9,20477,32624,598,351.0,71.0,3126.0
1783932494.5,20477,32624,598,303.0,71.0,2900.0
1783932495.1,20477,32624,598,338.0,71.0,2923.0
1783932495.7,20477,32624,598,306.0,71.0,2736.0
1783932496.3,20477,32624,598,349.0,71.0,2945.0
1783932496.9,20477,32624,598,329.0,71.0,2863.0
1783932497.5,20473,32624,598,340.0,71.0,2728.0
1783932498.1,20486,32624,602,340.0,71.0,3162.0
1783932498.7,20486,32624,598,340.0,71.0,2688.0
1783932499.3,20487,32624,600,213.0,71.0,2801.0
1783932499.9,20487,32624,600,324.0,71.0,2857.0
1783932500.5,20483,32624,600,284.0,71.0,3224.0
1783932501.1,20483,32624,602,346.0,71.0,2935.0
1783932501.7,20481,32624,604,322.0,71.0,2792.0
1783932502.3,20481,32624,604,311.0,71.0,2637.0
1783932502.9,20481,32624,600,138.0,71.0,2708.0
1783932503.5,20474,32624,602,328.0,71.0,3210.0
1783932504.1,20482,32624,602,315.0,71.0,2911.0
1783932504.7,20484,32624,604,297.0,71.0,2733.0
1783932505.3,20484,32624,604,276.0,71.0,2870.0
1783932505.9,20484,32624,600,200.0,70.0,2745.0
1783932506.5,20478,32624,602,323.0,71.0,2785.0
1783932507.1,20478,32624,602,307.0,71.0,2747.0
1783932507.7,20478,32624,602,162.0,71.0,3288.0
1783932508.3,20478,32624,602,320.0,71.0,2778.0
1783932508.9,20484,32624,604,358.0,71.0,2923.0
1783932509.4,20482,32624,604,323.0,71.0,2809.0
1783932510.0,20482,32624,604,287.0,71.0,3230.0
1783932510.6,20482,32624,604,271.0,71.0,2835.0
1783932511.2,20482,32624,604,333.0,71.0,3020.0
1783932511.8,20482,32624,600,276.0,71.0,2967.0
1783932512.4,20482,32624,600,306.0,71.0,2757.0
1783932513.0,20482,32624,600,356.0,71.0,3005.0
1783932513.6,20482,32624,600,327.0,71.0,2718.0
1783932514.2,20482,32624,600,221.0,71.0,2807.0
1783932514.8,20474,32624,600,157.0,71.0,3077.0
1783932515.4,20474,32624,600,303.0,71.0,3055.0
1783932516.0,20474,32624,600,317.0,71.0,3097.0
1783932516.6,20474,32624,600,297.0,71.0,2757.0
1783932517.2,20474,32624,600,275.0,71.0,3224.0
1783932517.8,20470,32624,602,327.0,71.0,2841.0
1783932518.4,20470,32624,602,297.0,71.0,2731.0
1783932519.0,20470,32624,602,315.0,71.0,2818.0
1783932519.6,20470,32624,602,274.0,71.0,3054.0
1783932520.1,20470,32624,602,308.0,71.0,2785.0
1783932520.7,20470,32624,602,286.0,71.0,3202.0
1783932521.3,20470,32624,602,284.0,71.0,2858.0
1783932521.9,20470,32624,602,322.0,71.0,2808.0
1783932522.5,20470,32624,602,202.0,71.0,3179.0
1783932523.1,20464,32624,602,205.0,71.0,2690.0
1783932523.7,20464,32624,602,312.0,71.0,3114.0
1783932524.3,20464,32624,602,291.0,71.0,3175.0
1783932524.9,20464,32624,602,337.0,71.0,2703.0
1783932525.5,20464,32624,602,266.0,71.0,2920.0
1783932526.1,20464,32624,602,274.0,71.0,3076.0
1783932526.7,20464,32624,602,330.0,71.0,2865.0
1783932527.3,20464,32624,602,297.0,71.0,3251.0
1783932527.9,20464,32624,602,331.0,71.0,3217.0
1783932528.5,20465,32624,602,333.0,71.0,3228.0
1783932529.1,20488,32624,606,328.0,71.0,2899.0
1783932529.7,20490,32624,602,187.0,71.0,2793.0
1783932530.3,20492,32624,604,324.0,71.0,2803.0
1783932530.9,20494,32624,618,278.0,71.0,2888.0
1783932531.5,20494,32624,606,269.0,71.0,2928.0
1783932532.1,20490,32624,606,314.0,71.0,2746.0
1783932532.7,20490,32624,604,330.0,71.0,2752.0
1783932533.3,20490,32624,604,322.0,71.0,3246.0
1783932533.9,20488,32624,602,262.0,71.0,2851.0
1783932534.5,20488,32624,602,390.0,71.0,3117.0
1783932535.1,20488,32624,602,343.0,71.0,2964.0
1783932535.7,20488,32624,602,319.0,71.0,2826.0
1783932536.3,20488,32624,602,359.0,71.0,2722.0
1783932536.9,20488,32624,604,285.0,71.0,2944.0
1783932537.5,20488,32624,604,337.0,71.0,2842.0
1783932538.1,20484,32624,604,312.0,71.0,2821.0
1783932538.7,20484,32624,604,300.0,71.0,2742.0
1783932539.2,20484,32624,600,319.0,71.0,2765.0
1783932539.8,20483,32624,600,204.0,71.0,2867.0
1783932540.4,20483,32624,600,327.0,71.0,2869.0
1783932541.0,20475,32624,600,299.0,71.0,2705.0
1783932541.6,20475,32624,600,342.0,71.0,2900.0
1783932542.2,20475,32624,600,312.0,71.0,2935.0
1783932542.8,19811,32624,304,88.0,70.0,3024.0
1783932543.4,857,32624,96,33.0,69.0,0.0
1783932544.0,844,32624,80,16.0,68.0,0.0
1783932544.6,844,32624,80,16.0,67.0,0.0
1783932545.2,844,32624,80,15.0,66.0,0.0
1783932545.8,844,32624,80,23.0,66.0,24.0
1783932546.4,855,32624,80,43.0,66.0,0.0
1783932547.0,855,32624,80,18.0,65.0,0.0
1783932547.5,855,32624,80,15.0,65.0,0.0
1783932548.1,866,32624,94,26.0,65.0,1520.0
1783932548.7,866,32624,86,16.0,64.0,0.0
1783932549.3,868,32624,84,16.0,64.0,0.0
1783932549.9,868,32624,84,16.0,63.0,0.0
1783932550.5,868,32624,84,15.0,63.0,0.0
1783932551.1,868,32624,84,15.0,63.0,0.0
1783932551.7,868,32624,84,15.0,62.0,0.0
1783932552.3,889,32624,98,26.0,62.0,1563.0
1783932552.9,869,32624,86,35.0,62.0,48.0
1783932553.5,896,32624,106,36.0,62.0,1402.0
1783932554.1,902,32624,104,35.0,61.0,60.0
1783932554.7,919,32624,98,25.0,61.0,783.0
1783932555.3,921,32624,94,16.0,60.0,0.0
1783932555.9,921,32624,94,15.0,60.0,0.0
1783932556.5,921,32624,82,13.0,60.0,0.0
1783932557.1,909,32624,86,34.0,60.0,167.0
1783932557.7,907,32624,86,22.0,60.0,75.0
1783932558.3,907,32624,86,23.0,59.0,1499.0
1783932558.9,914,32624,80,34.0,59.0,30.0
1783932559.5,919,32624,80,15.0,59.0,0.0
1783932560.1,920,32624,82,24.0,58.0,1489.0
1783932560.7,920,32624,82,16.0,58.0,0.0
1783932561.3,918,32624,82,24.0,58.0,1708.0
1783932561.9,918,32624,82,21.0,57.0,30.0
1783932562.5,918,32624,82,14.0,57.0,0.0
1783932563.1,918,32624,82,15.0,57.0,0.0
1783932563.7,918,32624,82,13.0,57.0,0.0
1783932564.3,915,32624,82,23.0,56.0,72.0
1783932564.9,910,32624,82,30.0,57.0,241.0
1783932565.5,924,32624,84,21.0,56.0,1426.0
1783932566.1,926,32624,88,14.0,56.0,0.0
1783932566.7,926,32624,80,14.0,56.0,0.0
1783932567.3,16546,32624,80,29.0,56.0,0.0
1783932567.9,16539,32624,80,22.0,55.0,0.0
1783932568.5,16507,32624,100,36.0,56.0,1503.0
1783932569.1,16482,32624,94,35.0,55.0,87.0
1783932569.7,16493,32624,94,36.0,55.0,1512.0
1783932570.3,16497,32624,84,21.0,55.0,0.0
1783932570.9,16486,32624,76,29.0,55.0,0.0
1783932571.5,20463,32624,508,154.0,55.0,1665.0
1783932572.1,20466,32624,511,26.0,54.0,0.0
1783932572.7,20475,32624,578,135.0,55.0,1671.0
1783932573.3,20475,32624,583,180.0,56.0,1782.0
1783932573.9,20484,32624,603,204.0,57.0,2521.0
1783932574.5,20438,32624,601,250.0,57.0,3044.0
1783932575.2,20450,32624,593,356.0,58.0,3097.0
1783932575.8,20450,32624,601,154.0,59.0,3314.0
1783932576.4,20451,32624,607,328.0,59.0,2880.0
1783932576.9,20441,32624,607,145.0,59.0,2937.0
1783932577.5,20441,32624,607,297.0,60.0,2823.0
1783932578.1,20443,32624,591,366.0,60.0,3049.0
1783932578.7,20441,32624,589,284.0,60.0,3268.0
1783932579.3,20437,32624,583,338.0,60.0,2961.0
1783932579.9,20444,32624,587,307.0,61.0,3201.0
1783932580.5,20449,32624,585,312.0,61.0,3067.0
1783932581.1,20449,32624,583,324.0,61.0,2884.0
1783932581.8,20428,32624,583,335.0,61.0,3191.0
1783932582.4,20418,32624,585,321.0,61.0,3072.0
1783932583.0,20418,32624,585,306.0,62.0,2862.0
1783932583.5,20418,32624,581,311.0,62.0,2736.0
1783932584.1,20424,32624,585,183.0,62.0,2832.0
1783932584.7,20424,32624,585,330.0,62.0,2882.0
1783932585.3,20424,32624,585,317.0,62.0,2920.0
1783932585.9,20415,32624,585,159.0,62.0,2787.0
1783932586.5,20415,32624,585,289.0,63.0,3281.0
1783932587.1,20415,32624,585,298.0,63.0,3282.0
1783932587.7,20411,32624,585,180.0,63.0,2727.0
1783932588.3,20411,32624,585,288.0,63.0,3202.0
1783932588.9,20408,32624,585,333.0,63.0,3241.0
1783932589.5,20408,32624,585,284.0,64.0,2938.0
1783932590.1,20407,32624,585,253.0,64.0,2633.0
1783932590.7,20417,32624,587,330.0,64.0,2940.0
1783932591.3,20422,32624,607,321.0,64.0,2855.0
1783932591.9,20417,32624,585,192.0,64.0,3285.0
1783932592.5,20411,32624,583,378.0,64.0,3133.0
1783932593.1,20411,32624,587,318.0,64.0,2822.0
1783932593.7,20411,32624,587,261.0,64.0,2694.0
1783932594.3,20411,32624,587,272.0,65.0,2962.0
1783932594.9,20411,32624,587,265.0,65.0,2921.0
1783932595.5,20411,32624,587,333.0,65.0,2911.0
1783932596.1,20411,32624,581,287.0,65.0,3269.0
1783932596.6,20375,32624,583,292.0,65.0,3008.0
1783932597.2,20375,32624,583,335.0,65.0,3250.0
1783932597.8,20375,32624,583,350.0,65.0,3159.0
1783932598.4,20375,32624,583,319.0,66.0,2824.0
1783932599.0,20375,32624,583,272.0,66.0,2749.0
1783932599.6,20375,32624,583,354.0,66.0,3199.0
1783932600.2,20375,32624,583,237.0,66.0,2614.0
1783932600.8,20375,32624,583,327.0,66.0,3000.0
1783932601.4,20375,32624,583,213.0,66.0,3079.0
1783932602.0,20375,32624,583,312.0,66.0,2952.0
1783932602.6,20375,32624,583,330.0,66.0,3067.0
1783932603.2,20371,32624,583,234.0,66.0,3034.0
1783932603.8,20371,32624,583,325.0,66.0,2884.0
1783932604.3,20371,32624,583,182.0,66.0,2741.0
1783932604.9,20371,32624,583,393.0,66.0,3168.0
1783932605.5,20382,32624,583,295.0,67.0,2805.0
1783932606.1,20382,32624,583,317.0,67.0,2815.0
1783932606.7,20382,32624,583,327.0,67.0,3035.0
1783932607.3,20385,32624,583,304.0,67.0,2682.0
1783932607.9,20395,32624,585,347.0,67.0,3134.0
1783932608.5,20417,32624,589,267.0,67.0,2957.0
1783932609.1,20442,32624,621,365.0,67.0,3220.0
1783932609.7,20442,32624,619,311.0,67.0,2762.0
1783932610.3,20444,32624,603,319.0,67.0,3017.0
1783932610.9,20445,32624,593,349.0,67.0,3013.0
1783932611.5,20445,32624,593,320.0,67.0,2815.0
1783932612.1,20437,32624,593,306.0,67.0,2794.0
1783932612.7,20437,32624,593,348.0,67.0,2804.0
1783932613.3,20437,32624,593,266.0,67.0,2874.0
1783932613.9,20437,32624,593,341.0,68.0,2950.0
1783932614.5,20426,32624,581,295.0,68.0,3276.0
1783932615.1,20407,32624,581,325.0,68.0,2896.0
1783932615.7,20422,32624,589,306.0,68.0,2768.0
1783932616.3,20422,32624,589,310.0,68.0,3226.0
1783932616.8,20422,32624,585,333.0,68.0,2869.0
1783932617.4,20422,32624,585,315.0,68.0,2784.0
1783932618.0,20422,32624,593,321.0,68.0,2792.0
1783932618.6,20422,32624,593,337.0,68.0,3265.0
1783932619.2,20424,32624,593,317.0,68.0,3267.0
1783932619.8,20424,32624,593,266.0,68.0,2700.0
1783932620.4,20424,32624,593,288.0,68.0,2752.0
1783932621.0,20424,32624,583,317.0,68.0,2874.0
1783932621.6,20424,32624,583,320.0,68.0,2850.0
1783932622.2,20424,32624,583,291.0,68.0,2669.0
1783932622.8,20424,32624,583,304.0,68.0,2757.0
1783932623.4,20424,32624,585,360.0,68.0,2790.0
1783932624.0,20423,32624,585,308.0,68.0,2817.0
1783932624.6,20463,32624,605,275.0,68.0,2740.0
1783932625.2,20463,32624,605,166.0,69.0,3272.0
1783932625.8,20442,32624,591,201.0,69.0,3259.0
1783932626.4,20442,32624,589,314.0,68.0,2728.0
1783932627.0,20442,32624,589,315.0,68.0,2799.0
1783932627.6,20442,32624,589,285.0,69.0,3166.0
1783932628.2,20438,32624,623,305.0,69.0,3273.0
1783932628.8,20425,32624,585,270.0,69.0,2822.0
1783932629.4,20425,32624,585,312.0,69.0,3102.0
1783932630.0,20425,32624,595,272.0,69.0,2839.0
1783932630.6,20425,32624,585,330.0,69.0,3239.0
1783932631.2,20426,32624,585,331.0,69.0,3209.0
1783932631.8,20424,32624,583,322.0,69.0,3269.0
1783932632.3,20424,32624,583,307.0,69.0,3247.0
1783932632.9,20428,32624,597,306.0,69.0,3276.0
1783932633.5,20428,32624,597,286.0,69.0,2760.0
1783932634.1,20430,32624,583,188.0,69.0,2724.0
1783932634.7,20430,32624,583,276.0,69.0,2940.0
1783932635.3,20406,32624,585,279.0,69.0,3069.0
1783932635.9,20406,32624,585,342.0,69.0,2876.0
1783932636.5,20406,32624,585,272.0,69.0,2701.0
1783932637.1,20406,32624,585,250.0,69.0,2885.0
1783932637.7,20406,32624,585,302.0,69.0,2724.0
1783932638.3,20406,32624,585,342.0,69.0,2766.0
1783932638.9,20406,32624,585,286.0,69.0,2665.0
1783932639.5,20406,32624,585,198.0,69.0,2874.0
1783932640.1,20406,32624,585,308.0,69.0,2790.0
1783932640.7,20406,32624,585,341.0,69.0,3228.0
1783932641.3,20406,32624,585,292.0,69.0,2713.0
1783932641.8,20406,32624,585,301.0,69.0,2737.0
1783932642.4,20401,32624,581,257.0,69.0,2822.0
1783932643.0,20401,32624,581,317.0,69.0,2965.0
1783932643.6,20397,32624,581,320.0,69.0,3140.0
1783932644.2,20397,32624,581,300.0,69.0,2764.0
1783932644.8,20397,32624,581,329.0,69.0,3272.0
1783932645.4,20397,32624,581,292.0,70.0,2715.0
1783932646.0,20397,32624,581,323.0,69.0,2916.0
1783932646.6,20398,32624,581,297.0,69.0,3286.0
1783932647.2,20400,32624,581,306.0,69.0,2686.0
1783932647.8,20400,32624,581,290.0,69.0,3232.0
1783932648.4,20400,32624,581,311.0,70.0,2702.0
1783932649.0,20400,32624,581,299.0,70.0,3253.0
1783932649.6,20400,32624,581,220.0,70.0,3207.0
1783932650.2,20400,32624,581,290.0,70.0,3278.0
1783932650.8,20400,32624,581,397.0,70.0,3248.0
1783932651.3,20400,32624,581,308.0,70.0,2679.0
1783932651.9,20400,32624,581,333.0,70.0,3059.0
1783932652.5,20399,32624,581,275.0,70.0,3243.0
1783932653.1,20399,32624,581,321.0,70.0,3253.0
1783932653.7,20399,32624,581,302.0,70.0,2808.0
1783932654.3,20399,32624,581,317.0,70.0,2747.0
1783932654.9,20399,32624,581,311.0,70.0,3274.0
1783932655.5,20399,32624,581,193.0,70.0,2759.0
1783932656.1,20399,32624,581,286.0,70.0,2891.0
1783932656.7,20399,32624,581,336.0,70.0,2902.0
1783932657.3,20393,32624,581,319.0,70.0,2879.0
1783932657.9,20393,32624,581,375.0,70.0,3040.0
1783932658.5,20393,32624,581,319.0,70.0,2754.0
1783932659.0,20393,32624,581,270.0,70.0,3212.0
1783932659.6,20399,32624,583,312.0,70.0,2816.0
1783932660.2,20399,32624,583,320.0,70.0,2992.0
1783932660.8,20399,32624,583,326.0,70.0,2922.0
1783932661.4,20399,32624,583,322.0,70.0,2868.0
1783932662.0,20399,32624,583,330.0,70.0,2829.0
1783932662.6,20399,32624,583,344.0,70.0,3118.0
1783932663.2,20405,32624,583,43.0,69.0,0.0
1783932663.8,20405,32624,593,192.0,68.0,2130.0
1783932664.4,20405,32624,593,339.0,68.0,2930.0
1783932665.0,20405,32624,591,327.0,69.0,2711.0
1783932665.6,20405,32624,591,300.0,69.0,2780.0
1783932666.2,20405,32624,591,327.0,69.0,2961.0
1783932666.8,20405,32624,591,335.0,69.0,2900.0
1783932667.4,20401,32624,589,272.0,69.0,3077.0
1783932668.0,20401,32624,589,289.0,70.0,3254.0
1783932668.6,20401,32624,589,305.0,70.0,3265.0
1783932669.2,20401,32624,589,175.0,70.0,2750.0
1783932669.8,20401,32624,589,338.0,70.0,2959.0
1783932670.4,20401,32624,589,330.0,70.0,2854.0
1783932671.0,20411,32624,593,359.0,70.0,3019.0
1783932671.6,20415,32624,593,316.0,70.0,2752.0
1783932672.1,20442,32624,619,213.0,70.0,2731.0
1783932672.7,20442,32624,619,338.0,70.0,3038.0
1783932673.3,20462,32624,621,287.0,70.0,2890.0
1783932673.9,20462,32624,621,330.0,70.0,2877.0
1783932674.5,20423,32624,611,297.0,70.0,2754.0
1783932675.1,20423,32624,611,342.0,70.0,2713.0
1783932675.7,20421,32624,601,359.0,70.0,3056.0
1783932676.3,20413,32624,601,300.0,70.0,2745.0
1783932676.9,20413,32624,601,267.0,70.0,2908.0
1783932677.5,20409,32624,601,325.0,70.0,2885.0
1783932678.1,20437,32624,623,303.0,70.0,2786.0
1783932678.7,20441,32624,629,298.0,70.0,2959.0
1783932679.3,20450,32624,631,291.0,70.0,3266.0
1783932679.9,20466,32624,625,320.0,70.0,3134.0
1783932680.5,20428,32624,601,327.0,70.0,3187.0
1783932681.1,20428,32624,589,296.0,70.0,3242.0
1783932681.7,20428,32624,589,306.0,70.0,2744.0
1783932682.3,20413,32624,589,269.0,70.0,2874.0
1783932682.9,20430,32624,597,306.0,70.0,3281.0
1783932683.5,20417,32624,597,330.0,70.0,3192.0
1783932684.1,20452,32624,629,348.0,70.0,3133.0
1783932684.7,20468,32624,616,317.0,70.0,2816.0
1783932685.3,20468,32624,604,325.0,70.0,3158.0
1783932685.9,20473,32624,601,328.0,70.0,2764.0
1783932686.5,20473,32624,599,317.0,70.0,2825.0
1783932687.1,20444,32624,599,312.0,70.0,3263.0
1783932687.7,20412,32624,591,316.0,70.0,2776.0
1783932688.3,20412,32624,591,315.0,70.0,2853.0
1783932688.9,20428,32624,599,302.0,70.0,3261.0
1783932689.5,20424,32624,597,182.0,70.0,2713.0
1783932690.1,20424,32624,591,320.0,70.0,2812.0
1783932690.7,20409,32624,593,239.0,70.0,2899.0
1783932691.3,20413,32624,593,313.0,70.0,2740.0
1783932691.9,20413,32624,593,317.0,70.0,3273.0
1783932692.5,20413,32624,593,282.0,70.0,3232.0
1783932693.1,20402,32624,591,334.0,70.0,2955.0
1783932693.7,20394,32624,593,305.0,70.0,3239.0
1783932694.3,20394,32624,593,312.0,70.0,3042.0
1783932694.9,20389,32624,591,312.0,70.0,2791.0
1783932695.5,20388,32624,591,292.0,70.0,3235.0
1783932696.1,20390,32624,591,323.0,70.0,2962.0
1783932696.7,20390,32624,591,324.0,70.0,3137.0
1783932697.2,20390,32624,591,316.0,70.0,2792.0
1783932697.8,20390,32624,591,358.0,70.0,2741.0
1783932698.4,20392,32624,591,322.0,70.0,2786.0
1783932699.0,20392,32624,591,325.0,70.0,2988.0
1783932699.6,20392,32624,591,295.0,70.0,2765.0
1783932700.2,20392,32624,591,319.0,70.0,2773.0
1783932700.8,20392,32624,591,309.0,70.0,2786.0
1783932701.4,20389,32624,591,271.0,70.0,2854.0
1783932702.0,20389,32624,591,324.0,70.0,2886.0
1783932702.6,20424,32624,601,197.0,70.0,2715.0
1783932703.2,20470,32624,611,317.0,70.0,2937.0
1783932703.8,20484,32624,607,315.0,70.0,2764.0
1783932704.4,20492,32624,609,382.0,70.0,3082.0
1783932705.0,20492,32624,607,212.0,70.0,3259.0
1783932705.6,20460,32624,603,179.0,70.0,3253.0
1783932706.2,20457,32624,603,345.0,71.0,2927.0
1783932706.8,20457,32624,603,325.0,70.0,2785.0
1783932707.4,20457,32624,603,352.0,71.0,2826.0
1783932708.0,20455,32624,597,164.0,71.0,2722.0
1783932708.6,20451,32624,599,326.0,70.0,2760.0
1783932709.2,20451,32624,599,297.0,70.0,2904.0
1783932709.8,20417,32624,599,383.0,71.0,3220.0
1783932710.4,20417,32624,599,349.0,70.0,2830.0
1783932711.0,20417,32624,599,342.0,70.0,2975.0
1783932711.6,20406,32624,599,311.0,70.0,2736.0
1783932712.2,20406,32624,599,292.0,71.0,2732.0
1783932712.8,20412,32624,607,259.0,71.0,2873.0
1783932713.4,20412,32624,607,368.0,71.0,3158.0
1783932714.0,20412,32624,603,267.0,71.0,2785.0
1783932714.6,20412,32624,605,347.0,71.0,2972.0
1783932715.2,20410,32624,605,314.0,71.0,3275.0
1783932715.8,20410,32624,605,330.0,71.0,2885.0
1783932716.3,20410,32624,605,312.0,70.0,2767.0
1783932716.9,20415,32624,601,327.0,70.0,2884.0
1783932717.5,20415,32624,601,310.0,70.0,2804.0
1783932718.1,20415,32624,601,280.0,71.0,2816.0
1783932718.7,20395,32624,601,168.0,71.0,2899.0
1783932719.3,20395,32624,601,171.0,70.0,2760.0
1783932719.9,20395,32624,597,186.0,71.0,2869.0
1783932720.5,20411,32624,609,316.0,71.0,3261.0
1783932721.1,20411,32624,609,321.0,71.0,3163.0
1783932721.7,20411,32624,609,397.0,71.0,3124.0
1783932722.3,20415,32624,607,318.0,71.0,2806.0
1783932722.9,20415,32624,599,293.0,71.0,3162.0
1783932723.5,20415,32624,601,364.0,71.0,2985.0
1783932724.1,20415,32624,601,313.0,71.0,3187.0
1783932724.7,20415,32624,601,325.0,71.0,2804.0
1783932725.3,20446,32624,607,308.0,71.0,3266.0
1783932725.9,20448,32624,607,326.0,71.0,2830.0
1783932726.5,20448,32624,607,319.0,71.0,3238.0
1783932727.1,20448,32624,607,338.0,71.0,3259.0
1783932727.7,20448,32624,599,315.0,71.0,3118.0
1783932728.3,20431,32624,601,290.0,71.0,2593.0
1783932728.9,20442,32624,603,283.0,71.0,2916.0
1783932729.5,20442,32624,601,339.0,71.0,2868.0
1783932730.1,20442,32624,601,323.0,71.0,2786.0
1783932730.7,20442,32624,597,309.0,71.0,3018.0
1783932731.3,20442,32624,595,331.0,71.0,2866.0
1783932731.9,20442,32624,595,322.0,71.0,2863.0
1783932732.5,20421,32624,595,305.0,71.0,2776.0
1783932733.0,20421,32624,595,316.0,70.0,2779.0
1783932733.6,20421,32624,595,289.0,71.0,2753.0
1783932734.2,20410,32624,605,307.0,71.0,2772.0
1783932734.8,20406,32624,595,328.0,71.0,2839.0
1783932735.4,20406,32624,595,329.0,70.0,3228.0
1783932736.0,20414,32624,597,342.0,71.0,2924.0
1783932736.6,20416,32624,597,322.0,71.0,2949.0
1783932737.2,20416,32624,589,257.0,71.0,2890.0
1783932737.8,20416,32624,589,338.0,71.0,3077.0
1783932738.5,20437,32624,603,291.0,71.0,2695.0
1783932739.1,20437,32624,599,309.0,71.0,3209.0
1783932739.6,20437,32624,599,333.0,71.0,2797.0
1783932740.2,20437,32624,597,351.0,71.0,2912.0
1783932740.8,20437,32624,597,315.0,71.0,2879.0
1783932741.4,20435,32624,597,315.0,71.0,2820.0
1783932742.0,20425,32624,597,288.0,71.0,2782.0
1783932742.6,20425,32624,597,302.0,71.0,2730.0
1783932743.2,20411,32624,597,321.0,71.0,2739.0
1783932743.8,20401,32624,599,330.0,71.0,2815.0
1783932744.4,20401,32624,599,315.0,71.0,2757.0
1783932745.0,20401,32624,599,300.0,71.0,2777.0
1783932745.6,20401,32624,597,284.0,70.0,2715.0
1783932746.2,20401,32624,597,300.0,71.0,3220.0
1783932746.8,20401,32624,597,302.0,71.0,2628.0
1783932747.4,20392,32624,593,344.0,71.0,3223.0
1783932748.0,20392,32624,593,329.0,71.0,3214.0
1783932748.5,20405,32624,599,313.0,71.0,2738.0
1783932749.1,20407,32624,597,304.0,71.0,2909.0
1783932749.7,20407,32624,597,304.0,71.0,2741.0
1783932750.3,20407,32624,597,180.0,71.0,2752.0
1783932750.9,20407,32624,597,326.0,71.0,2653.0
1783932751.5,20407,32624,595,321.0,71.0,2883.0
1783932752.1,20416,32624,599,218.0,71.0,2749.0
1783932752.7,20416,32624,599,318.0,71.0,3273.0
1783932753.3,20418,32624,599,321.0,71.0,2790.0
1783932753.9,20418,32624,595,315.0,71.0,3094.0
1783932754.5,20405,32624,595,324.0,71.0,2812.0
1783932755.1,20405,32624,595,194.0,71.0,3287.0
1783932755.7,20412,32624,599,149.0,71.0,2771.0
1783932756.3,20412,32624,595,311.0,71.0,2895.0
1783932756.9,20410,32624,595,338.0,71.0,2910.0
1783932757.4,20414,32624,595,331.0,70.0,3211.0
1783932758.0,20414,32624,595,302.0,71.0,3251.0
1783932758.6,20414,32624,595,263.0,71.0,3258.0
1783932759.2,20414,32624,595,322.0,71.0,2828.0
1783932759.8,20408,32624,597,354.0,71.0,2776.0
1783932760.4,20408,32624,595,254.0,71.0,2765.0
1783932761.0,20408,32624,595,274.0,71.0,2869.0
1783932761.6,20408,32624,595,330.0,71.0,2879.0
1783932762.2,20415,32624,597,310.0,71.0,3270.0
1783932762.8,20415,32624,597,378.0,71.0,3104.0
1783932763.4,20429,32624,607,264.0,71.0,2892.0
1783932764.0,20433,32624,607,359.0,71.0,3154.0
1783932764.6,20472,32624,611,248.0,71.0,3018.0
1783932765.2,20472,32624,611,302.0,71.0,3222.0
1783932765.8,20483,32624,605,306.0,71.0,3102.0
1783932766.4,20477,32624,599,345.0,71.0,2862.0
1783932767.0,20477,32624,599,339.0,71.0,2930.0
1783932767.6,20477,32624,599,272.0,71.0,2883.0
1783932768.2,20477,32624,599,294.0,71.0,2948.0
1783932768.8,20438,32624,599,200.0,71.0,3270.0
1783932769.4,20376,32624,589,257.0,71.0,2658.0
1783932770.0,20376,32624,589,327.0,71.0,3156.0
1783932770.6,20423,32624,607,343.0,71.0,3229.0
1783932771.2,20425,32624,607,316.0,71.0,2986.0
1783932771.8,20425,32624,607,313.0,71.0,2826.0
1783932772.3,20425,32624,607,306.0,71.0,3129.0
1783932772.9,20425,32624,599,314.0,71.0,2749.0
1783932773.5,20418,32624,599,259.0,71.0,2973.0
1783932774.1,20418,32624,599,298.0,71.0,2857.0
1783932774.7,20399,32624,599,360.0,71.0,3030.0
1783932775.3,20399,32624,599,307.0,71.0,2833.0
1783932775.9,20399,32624,599,321.0,71.0,3045.0
1783932776.5,20389,32624,593,338.0,71.0,2675.0
1783932777.1,20389,32624,593,294.0,71.0,3240.0
1783932777.7,20385,32624,595,320.0,71.0,2794.0
1783932778.3,20386,32624,595,320.0,71.0,2904.0
1783932778.9,20386,32624,593,352.0,71.0,2937.0
1783932779.5,20411,32624,601,334.0,71.0,2912.0
1783932780.1,20426,32624,609,255.0,71.0,3118.0
1783932780.7,20426,32624,601,286.0,71.0,2951.0
1783932781.3,20424,32624,597,281.0,71.0,2921.0
1783932781.9,20455,32624,603,208.0,71.0,2777.0
1783932782.5,20472,32624,617,304.0,71.0,3234.0
1783932783.1,20472,32624,617,43.0,70.0,0.0
1783932783.7,20425,32624,597,55.0,69.0,64.0
1783932784.3,20454,32624,637,238.0,70.0,3161.0
1783932784.9,20454,32624,637,317.0,70.0,3220.0
1783932785.5,20488,32624,624,301.0,71.0,2855.0
1783932786.1,20488,32624,618,402.0,70.0,3150.0
1783932786.6,20453,32624,615,272.0,70.0,2904.0
1783932787.3,20475,32624,621,281.0,70.0,2882.0
1783932787.9,20473,32624,621,313.0,71.0,2763.0
1783932788.5,20434,32624,613,230.0,71.0,2604.0
1783932789.1,20434,32624,613,300.0,71.0,2955.0
1783932789.6,20422,32624,599,304.0,71.0,3223.0
1783932790.2,20427,32624,595,314.0,71.0,2755.0
1783932790.8,20389,32624,595,322.0,71.0,2851.0
1783932791.4,20390,32624,597,319.0,71.0,2845.0
1783932792.0,20390,32624,597,311.0,71.0,2762.0
1783932792.6,20390,32624,597,291.0,71.0,3259.0
1783932793.2,20390,32624,597,296.0,71.0,2774.0
1783932793.8,20384,32624,597,307.0,71.0,3052.0
1783932794.4,20370,32624,597,234.0,71.0,2847.0
1783932795.0,20370,32624,597,325.0,71.0,2812.0
1783932795.6,20370,32624,597,328.0,71.0,2840.0
1783932796.2,20370,32624,597,323.0,71.0,3264.0
1783932796.8,20384,32624,601,315.0,71.0,2781.0
1783932797.4,20384,32624,601,343.0,71.0,2939.0
1783932798.0,20384,32624,601,311.0,71.0,2791.0
1783932798.6,20380,32624,595,171.0,71.0,3291.0
1783932799.1,20380,32624,595,310.0,71.0,2796.0
1783932799.7,20380,32624,595,256.0,71.0,3067.0
1783932800.3,20380,32624,595,327.0,71.0,2830.0
1783932800.9,20375,32624,595,379.0,71.0,3004.0
1783932801.5,20375,32624,595,277.0,71.0,2680.0
1783932802.1,20361,32624,595,343.0,71.0,2751.0
1783932802.7,20360,32624,595,306.0,71.0,2943.0
1783932803.3,20360,32624,595,314.0,71.0,2803.0
1783932803.9,20360,32624,595,167.0,71.0,2649.0
1783932804.5,20356,32624,595,317.0,71.0,2771.0
1783932805.1,20356,32624,595,172.0,70.0,2650.0
1783932805.7,20356,32624,595,325.0,70.0,2847.0
1783932806.3,20356,32624,595,308.0,71.0,3257.0
1783932806.8,20356,32624,595,354.0,71.0,2889.0
1783932807.4,20356,32624,595,295.0,71.0,3224.0
1783932808.0,20356,32624,595,288.0,71.0,3160.0
1783932808.6,20356,32624,595,298.0,71.0,3285.0
1783932809.2,20356,32624,595,298.0,71.0,3269.0
1783932809.8,20373,32624,599,344.0,71.0,3223.0
1783932810.4,20379,32624,599,302.0,71.0,3272.0
1783932811.0,20379,32624,599,326.0,71.0,2869.0
1783932811.6,20379,32624,599,315.0,71.0,2790.0
1783932812.2,20379,32624,595,314.0,71.0,2689.0
1783932812.8,20371,32624,597,388.0,71.0,3213.0
1783932813.4,20377,32624,599,124.0,71.0,3190.0
1783932814.0,20377,32624,599,226.0,71.0,3000.0
1783932814.6,20385,32624,597,382.0,71.0,3036.0
1783932815.2,20385,32624,597,342.0,71.0,2883.0
1783932815.8,20385,32624,597,287.0,71.0,3253.0
1783932816.4,20375,32624,597,308.0,71.0,2776.0
1783932817.0,20375,32624,597,365.0,71.0,3111.0
1783932817.5,20375,32624,597,239.0,71.0,2652.0
1783932818.1,20351,32624,593,330.0,71.0,2874.0
1783932818.7,20351,32624,593,302.0,71.0,2916.0
1783932819.3,20351,32624,593,305.0,71.0,2786.0
1783932819.9,20408,32624,613,184.0,71.0,2776.0
1783932820.5,20408,32624,613,333.0,71.0,2931.0
1783932821.1,20410,32624,615,193.0,71.0,2886.0
1783932821.7,20410,32624,615,319.0,71.0,2803.0
1783932822.3,20410,32624,613,330.0,71.0,2830.0
1783932822.9,20410,32624,607,300.0,71.0,2706.0
1783932823.5,20410,32624,607,312.0,71.0,2792.0
1783932824.1,20408,32624,605,303.0,71.0,3056.0
1783932824.7,20408,32624,605,225.0,71.0,2953.0
1783932825.3,20406,32624,605,316.0,71.0,2822.0
1783932825.9,20406,32624,605,310.0,71.0,3275.0
1783932826.5,20390,32624,605,224.0,71.0,2814.0
1783932827.1,20390,32624,605,343.0,71.0,3008.0
1783932827.7,20378,32624,609,324.0,71.0,2857.0
1783932828.3,20378,32624,609,316.0,71.0,2913.0
1783932828.8,20378,32624,601,307.0,71.0,3017.0
1783932829.4,20378,32624,597,332.0,71.0,3233.0
1783932830.0,20378,32624,597,368.0,71.0,3036.0
1783932830.6,20379,32624,607,292.0,71.0,2755.0
1783932831.2,20389,32624,609,328.0,71.0,2788.0
1783932831.8,20391,32624,609,304.0,71.0,3045.0
1783932832.4,20391,32624,609,325.0,71.0,2718.0
1783932833.0,20391,32624,609,297.0,71.0,2714.0
1783932833.6,20391,32624,605,319.0,71.0,3108.0
1783932834.2,20375,32624,597,155.0,71.0,2684.0
1783932834.8,20375,32624,597,333.0,71.0,3156.0
1783932835.4,20375,32624,597,232.0,71.0,3257.0
1783932836.0,20375,32624,597,368.0,71.0,3030.0
1783932836.6,20346,32624,595,316.0,71.0,2784.0
1783932837.2,20346,32624,595,395.0,71.0,3128.0
1783932837.7,20346,32624,595,213.0,71.0,2632.0
1783932838.3,20370,32624,605,299.0,71.0,2879.0
1783932838.9,20374,32624,605,312.0,71.0,2776.0
1783932839.5,20374,32624,605,329.0,71.0,2890.0
1783932840.1,20370,32624,597,300.0,71.0,2713.0
1783932840.7,20391,32624,605,155.0,71.0,2663.0
1783932841.3,20391,32624,605,309.0,71.0,2795.0
1783932841.9,20393,32624,607,56.0,70.0,1462.0
1783932842.5,20427,32624,621,240.0,70.0,2551.0
1783932843.1,20409,32624,609,174.0,71.0,2682.0
1783932843.7,20409,32624,609,315.0,71.0,3263.0
1783932844.3,20412,32624,611,252.0,71.0,2823.0
1783932844.9,20390,32624,599,319.0,71.0,3159.0
1783932845.5,20393,32624,599,206.0,71.0,3101.0
1783932846.0,20393,32624,599,330.0,71.0,2817.0
1783932846.6,20393,32624,597,331.0,71.0,3183.0
1783932847.2,20393,32624,597,301.0,71.0,2733.0
1783932847.8,20355,32624,595,308.0,71.0,3258.0
1783932848.4,20381,32624,605,303.0,71.0,3270.0
1783932849.0,20378,32624,601,151.0,71.0,2869.0
1783932849.6,20378,32624,601,325.0,71.0,2746.0
1783932850.2,20378,32624,597,394.0,71.0,3136.0
1783932850.8,20391,32624,611,328.0,71.0,2730.0
1783932851.4,20380,32624,599,320.0,71.0,2799.0
1783932852.0,20388,32624,603,170.0,71.0,2997.0
1783932852.6,20388,32624,601,188.0,71.0,2746.0
1783932853.2,20384,32624,601,302.0,71.0,3209.0
1783932853.8,20384,32624,595,349.0,71.0,3162.0
1783932854.4,20384,32624,595,300.0,71.0,2733.0
1783932855.0,20382,32624,613,70.0,71.0,3027.0
1783932855.6,20395,32624,615,377.0,71.0,2739.0
1783932856.2,20391,32624,603,279.0,71.0,2921.0
1783932856.8,20391,32624,603,297.0,71.0,3250.0
1783932857.4,20391,32624,603,312.0,71.0,3084.0
1783932858.0,20387,32624,599,268.0,71.0,3156.0
1783932858.6,20383,32624,597,315.0,71.0,2780.0
1783932859.2,20383,32624,597,383.0,71.0,3108.0
1783932859.8,20383,32624,597,313.0,71.0,2729.0
1783932860.4,20378,32624,597,308.0,71.0,2804.0
1783932861.0,20378,32624,597,322.0,71.0,3208.0
1783932861.6,20366,32624,597,328.0,71.0,2997.0
1783932862.2,20366,32624,597,291.0,71.0,3264.0
1783932862.8,20357,32624,597,305.0,71.0,2742.0
1783932863.4,20357,32624,597,305.0,71.0,3190.0
1783932864.0,20357,32624,597,261.0,71.0,2916.0
1783932864.6,20350,32624,597,321.0,71.0,3121.0
1783932865.2,20350,32624,597,343.0,71.0,2936.0
1783932865.8,20350,32624,599,307.0,71.0,2901.0
1783932866.4,20390,32624,613,325.0,71.0,3072.0
1783932867.0,20390,32624,613,301.0,71.0,2726.0
1783932867.6,20399,32624,603,376.0,71.0,3157.0
1783932868.2,20383,32624,599,370.0,71.0,3089.0
1783932868.8,20383,32624,595,313.0,71.0,2651.0
1783932869.4,20383,32624,597,316.0,71.0,2820.0
1783932870.0,20383,32624,597,302.0,71.0,3270.0
1783932870.6,20383,32624,597,294.0,71.0,2725.0
1783932871.2,20383,32624,597,337.0,71.0,2896.0
1783932871.8,20383,32624,597,316.0,71.0,3117.0
1783932872.4,20378,32624,595,220.0,71.0,3191.0
1783932873.0,20368,32624,595,253.0,71.0,3166.0
1783932873.6,20368,32624,595,301.0,71.0,2722.0
1783932874.2,20368,32624,595,272.0,71.0,3225.0
1783932874.8,20342,32624,593,322.0,71.0,2820.0
1783932875.4,20334,32624,593,337.0,71.0,3237.0
1783932876.0,20334,32624,593,217.0,71.0,2635.0
1783932876.6,20334,32624,593,350.0,71.0,3236.0
1783932877.2,20334,32624,593,309.0,71.0,2790.0
1783932877.8,20334,32624,593,161.0,71.0,2687.0
1783932878.3,20334,32624,593,121.0,71.0,2698.0
1783932878.9,20340,32624,593,355.0,71.0,3014.0
1783932879.5,20340,32624,593,315.0,71.0,2974.0
1783932880.1,20340,32624,593,129.0,71.0,3112.0
1783932880.7,20340,32624,593,322.0,71.0,2861.0
1783932881.3,20340,32624,593,326.0,71.0,2821.0
1783932881.9,20340,32624,593,291.0,71.0,2896.0
1783932882.5,20340,32624,593,332.0,71.0,2847.0
1783932883.1,20340,32624,593,318.0,71.0,2855.0
1783932883.7,20336,32624,593,307.0,71.0,2831.0
1783932884.3,20352,32624,593,331.0,71.0,3218.0
1783932884.9,20352,32624,593,325.0,71.0,3181.0
1783932885.5,20352,32624,593,303.0,71.0,3245.0
1783932886.1,20352,32624,593,352.0,71.0,3263.0
1783932886.7,20352,32624,593,131.0,71.0,2980.0
1783932887.3,20352,32624,593,304.0,71.0,2779.0
1783932887.9,20352,32624,593,386.0,71.0,3200.0
1783932888.5,20348,32624,593,297.0,71.0,3268.0
1783932889.1,20348,32624,593,300.0,71.0,3260.0
1783932889.7,20348,32624,593,325.0,71.0,3227.0
1783932890.3,20348,32624,593,329.0,71.0,2711.0
1783932890.9,20348,32624,593,320.0,71.0,2965.0
1783932891.5,20348,32624,593,315.0,71.0,3277.0
1783932892.0,20348,32624,593,321.0,71.0,3275.0
1783932892.6,20348,32624,593,303.0,71.0,3237.0
1783932893.2,20348,32624,593,271.0,71.0,2038.0
1783932893.8,20348,32624,593,312.0,71.0,2776.0
1783932894.4,20348,32624,593,258.0,71.0,3043.0
1783932895.0,20348,32624,593,299.0,71.0,3222.0
1783932895.6,20352,32624,593,290.0,71.0,2596.0
1783932896.2,20352,32624,593,364.0,71.0,2987.0
1783932896.8,20356,32624,593,307.0,71.0,2718.0
1783932897.4,20356,32624,593,210.0,71.0,3078.0
1783932898.0,20356,32624,593,322.0,71.0,3167.0
1783932898.6,20356,32624,593,344.0,71.0,2958.0
1783932899.2,20356,32624,593,324.0,71.0,3150.0
1783932899.8,20365,32624,597,133.0,71.0,2641.0
1783932900.4,20365,32624,597,249.0,71.0,3178.0
1783932901.0,20365,32624,597,238.0,71.0,2593.0
1783932901.6,20365,32624,597,342.0,71.0,2915.0
1783932902.2,20369,32624,605,319.0,71.0,3120.0
1783932902.8,20369,32624,605,300.0,71.0,3032.0
1783932903.3,20369,32624,605,307.0,71.0,3138.0
1783932903.9,20369,32624,595,267.0,71.0,3110.0
1783932904.5,20365,32624,595,262.0,71.0,3264.0
1783932905.1,20377,32624,599,284.0,71.0,3179.0
1783932905.7,20377,32624,599,327.0,71.0,2833.0
1783932906.3,20373,32624,595,135.0,71.0,2849.0
1783932906.9,20373,32624,597,337.0,71.0,3242.0
1783932907.5,20373,32624,597,308.0,71.0,3087.0
1783932908.1,20373,32624,597,314.0,71.0,3279.0
1783932908.7,20381,32624,609,398.0,71.0,3109.0
1783932909.3,20381,32624,609,159.0,71.0,2904.0
1783932909.9,20381,32624,609,322.0,71.0,3141.0
1783932910.5,20381,32624,599,317.0,71.0,2834.0
1783932911.1,20381,32624,601,373.0,71.0,3068.0
1783932911.7,20375,32624,601,286.0,71.0,2706.0
1783932912.3,20375,32624,601,246.0,71.0,2999.0
1783932912.9,20375,32624,601,255.0,71.0,3004.0
1783932913.5,20375,32624,601,281.0,71.0,2724.0
1783932914.1,20375,32624,601,322.0,71.0,2805.0
1783932914.7,20375,32624,601,346.0,71.0,3114.0
1783932915.2,20375,32624,597,287.0,71.0,2727.0
1783932915.8,20383,32624,607,141.0,71.0,2680.0
1783932916.4,20383,32624,607,233.0,71.0,2603.0
1783932917.0,20387,32624,601,327.0,71.0,3186.0
1783932917.6,20387,32624,599,266.0,71.0,2898.0
1783932918.2,20386,32624,599,318.0,71.0,3273.0
1783932918.8,20386,32624,599,357.0,71.0,2689.0
1783932919.4,20365,32624,593,401.0,71.0,3146.0
1783932920.0,20365,32624,593,288.0,71.0,3204.0
1783932920.6,20378,32624,617,326.0,71.0,2853.0
1783932921.2,20378,32624,617,304.0,71.0,3070.0
1783932921.8,20370,32624,603,316.0,71.0,3282.0
1783932922.4,20369,32624,603,278.0,71.0,2641.0
1783932923.0,20371,32624,597,261.0,71.0,2875.0
1783932923.6,20387,32624,615,353.0,71.0,2904.0
1783932924.2,20387,32624,609,161.0,71.0,3047.0
1783932924.8,20387,32624,605,307.0,71.0,2922.0
1783932925.4,20387,32624,605,290.0,71.0,2738.0
1783932926.0,20385,32624,601,197.0,71.0,2678.0
1783932926.5,20385,32624,601,314.0,71.0,3281.0
1783932927.1,20393,32624,617,312.0,71.0,3286.0
1783932927.7,20405,32624,615,131.0,71.0,2964.0
1783932928.3,20406,32624,603,53.0,71.0,29.0
1783932928.9,20406,32624,605,112.0,69.0,1699.0
1783932929.5,20392,32624,599,164.0,69.0,1759.0
1783932930.1,20392,32624,599,231.0,70.0,2810.0
1783932930.7,20387,32624,595,295.0,70.0,3247.0
1783932931.3,20392,32624,619,310.0,70.0,3102.0
1783932931.9,20392,32624,619,305.0,70.0,2988.0
1783932932.5,20381,32624,599,305.0,70.0,2801.0
1783932933.1,20377,32624,597,291.0,71.0,3063.0
1783932933.7,20376,32624,613,330.0,70.0,2825.0
1783932934.3,20377,32624,613,411.0,71.0,3204.0
1783932934.9,20369,32624,599,194.0,70.0,2749.0
1783932935.5,20373,32624,597,345.0,70.0,2934.0
1783932936.1,20373,32624,597,319.0,71.0,2806.0
1783932936.7,20373,32624,597,237.0,71.0,2831.0
1783932937.2,20373,32624,595,269.0,71.0,2862.0
1783932937.8,20373,32624,595,266.0,71.0,2601.0
1783932938.4,20364,32624,595,342.0,71.0,3228.0
1783932939.0,20346,32624,599,198.0,71.0,2713.0
1783932939.6,20346,32624,595,318.0,71.0,2843.0
1783932940.2,20342,32624,595,316.0,71.0,2758.0
1783932940.8,20344,32624,597,390.0,71.0,3131.0
1783932941.4,20376,32624,611,326.0,71.0,3074.0
1783932942.0,20381,32624,613,214.0,71.0,2705.0
1783932942.6,20381,32624,613,183.0,71.0,3144.0
1783932943.2,20390,32624,615,209.0,71.0,2667.0
1783932943.8,20388,32624,601,308.0,71.0,2750.0
1783932944.4,20387,32624,601,285.0,71.0,2911.0
1783932945.0,20387,32624,601,316.0,71.0,3136.0
1783932945.6,20387,32624,601,320.0,71.0,3279.0
1783932946.2,20379,32624,601,337.0,71.0,3239.0
1783932946.8,20379,32624,601,224.0,71.0,3260.0
1783932947.4,20373,32624,595,320.0,71.0,2801.0
1783932948.0,20373,32624,595,356.0,71.0,2989.0
1783932948.6,20373,32624,595,285.0,71.0,3206.0
1783932949.2,20348,32624,593,329.0,71.0,3225.0
1783932949.8,20348,32624,593,307.0,71.0,2749.0
1783932950.4,20349,32624,593,323.0,71.0,2824.0
1783932950.9,20349,32624,593,340.0,71.0,3065.0
1783932951.5,20349,32624,593,339.0,71.0,2923.0
1783932952.1,20349,32624,593,316.0,71.0,2772.0
1783932952.7,20349,32624,593,350.0,71.0,3072.0
1783932953.3,20347,32624,595,286.0,71.0,3245.0
1783932953.9,20351,32624,595,144.0,71.0,2944.0
1783932954.5,20353,32624,595,338.0,71.0,2953.0
1783932955.1,20432,32624,640,306.0,71.0,2762.0
1783932955.7,20459,32624,636,329.0,71.0,2889.0
1783932956.3,20461,32624,597,295.0,71.0,2872.0
1783932956.9,20461,32624,597,345.0,71.0,2749.0
1783932957.5,20461,32624,591,304.0,71.0,2923.0
1783932958.1,20461,32624,591,275.0,71.0,2904.0
1783932958.7,20380,32624,597,289.0,71.0,3170.0
1783932959.3,20380,32624,597,305.0,71.0,2758.0
1783932959.9,20380,32624,597,162.0,71.0,2904.0
1783932960.5,20368,32624,597,329.0,71.0,2826.0
1783932961.1,20368,32624,597,342.0,71.0,2755.0
1783932961.7,20355,32624,595,239.0,69.0,2806.0
1783932962.3,20355,32624,595,308.0,70.0,2942.0
1783932962.9,20336,32624,595,300.0,71.0,3076.0
1783932963.5,20336,32624,595,328.0,71.0,2890.0
1783932964.1,20336,32624,595,311.0,71.0,3203.0
1783932964.6,20336,32624,595,312.0,71.0,3254.0
1783932965.2,20336,32624,595,328.0,71.0,3180.0
1783932965.8,20336,32624,595,324.0,71.0,3178.0
1783932966.4,20336,32624,595,333.0,71.0,3184.0
1783932967.0,20336,32624,595,317.0,71.0,2827.0
1783932967.6,20336,32624,595,170.0,71.0,2761.0
1783932968.2,20336,32624,595,298.0,71.0,2713.0
1783932968.8,20336,32624,595,186.0,71.0,3135.0
1783932969.4,20336,32624,595,309.0,71.0,2749.0
1783932970.0,20336,32624,595,253.0,71.0,3223.0
1783932970.6,20336,32624,595,318.0,71.0,2792.0
1783932971.2,20336,32624,595,302.0,71.0,2780.0
1783932971.8,20336,32624,595,265.0,71.0,2684.0
1783932972.4,20336,32624,595,363.0,71.0,3159.0
1783932973.0,20336,32624,595,317.0,71.0,2738.0
1783932973.6,20336,32624,595,306.0,71.0,2746.0
1783932974.2,20336,32624,595,205.0,71.0,2907.0
1783932974.8,20336,32624,595,313.0,71.0,3278.0
1783932975.4,20334,32624,595,316.0,71.0,2796.0
1783932976.0,20463,32624,615,265.0,71.0,2777.0
1783932976.6,20463,32624,615,179.0,71.0,3173.0
1783932977.2,20466,32624,595,340.0,71.0,3030.0
1783932977.8,20466,32624,595,310.0,71.0,2793.0
1783932978.4,20479,32624,609,308.0,71.0,2757.0
1783932979.0,20479,32624,609,208.0,71.0,2622.0
1783932979.6,20479,32624,609,212.0,71.0,2850.0
1783932980.1,20465,32624,605,343.0,71.0,3268.0
1783932980.7,20465,32624,603,138.0,71.0,2712.0
1783932981.3,20447,32624,603,300.0,71.0,2910.0
1783932981.9,20437,32624,603,169.0,71.0,2574.0
1783932982.5,20442,32624,597,247.0,71.0,3255.0
1783932983.1,20442,32624,593,330.0,71.0,3219.0
1783932983.7,20442,32624,593,339.0,71.0,3065.0
1783932984.3,20408,32624,595,261.0,71.0,2703.0
1783932984.9,20408,32624,595,330.0,71.0,2984.0
1783932985.5,20401,32624,593,311.0,71.0,2796.0
1783932986.1,20406,32624,593,359.0,71.0,3019.0
1783932986.7,20406,32624,593,324.0,71.0,3185.0
1783932987.3,20406,32624,593,316.0,71.0,2778.0
1783932987.9,20402,32624,593,312.0,71.0,2760.0
1783932988.5,20406,32624,595,335.0,71.0,2899.0
1783932989.1,20406,32624,597,325.0,71.0,2817.0
1783932989.7,20414,32624,595,315.0,71.0,2758.0
1783932990.3,20425,32624,603,344.0,71.0,2965.0
1783932990.9,20430,32624,605,340.0,71.0,2828.0
1783932991.5,20432,32624,597,316.0,71.0,2964.0
1783932992.1,20432,32624,597,328.0,71.0,2877.0
1783932992.8,20402,32624,601,42.0,69.0,2514.0
1783932993.4,20400,32624,601,183.0,70.0,2025.0
1783932994.0,20400,32624,601,317.0,70.0,2832.0
1783932994.6,20401,32624,593,343.0,71.0,2729.0
1783932995.2,20401,32624,593,377.0,71.0,3073.0
1783932995.8,20400,32624,595,338.0,71.0,2872.0
1783932996.4,20442,32624,613,313.0,71.0,2780.0
1783932997.0,20442,32624,613,256.0,71.0,2922.0
1783932997.6,20477,32624,628,298.0,71.0,3228.0
1783932998.2,20477,32624,628,324.0,71.0,2839.0
1783932998.8,20467,32624,597,305.0,71.0,3245.0
1783932999.4,20409,32624,597,192.0,71.0,2788.0
1783933000.0,20409,32624,597,293.0,71.0,3159.0
1783933000.6,20409,32624,597,389.0,71.0,3086.0
1783933001.2,20393,32624,597,357.0,71.0,2952.0
1783933001.8,20393,32624,597,375.0,71.0,3075.0
1783933002.4,20362,32624,601,279.0,71.0,2894.0
1783933003.0,20362,32624,601,320.0,71.0,3157.0
1783933003.6,20362,32624,601,307.0,71.0,2784.0
1783933004.2,20360,32624,593,325.0,71.0,2851.0
1783933004.8,20360,32624,593,321.0,71.0,2829.0
1783933005.4,20356,32624,593,316.0,71.0,2754.0
1783933006.0,20356,32624,593,354.0,71.0,3004.0
1783933006.6,20399,32624,603,314.0,71.0,2810.0
1783933007.2,20399,32624,603,269.0,71.0,2923.0
1783933007.8,20400,32624,599,347.0,71.0,3133.0
1783933008.4,20396,32624,597,338.0,71.0,3230.0
1783933009.0,20396,32624,597,309.0,71.0,2783.0
1783933009.6,20376,32624,597,326.0,71.0,3097.0
1783933010.2,20380,32624,599,238.0,71.0,2865.0
1783933010.8,20380,32624,595,325.0,71.0,2974.0
1783933011.3,20384,32624,595,80.0,71.0,3183.0
1783933011.9,20384,32624,601,314.0,71.0,3041.0
1783933012.5,20376,32624,599,332.0,71.0,3222.0
1783933013.1,20376,32624,599,307.0,71.0,3273.0
1783933013.7,20376,32624,599,344.0,71.0,2931.0
1783933014.3,20376,32624,599,319.0,71.0,2842.0
1783933014.9,20376,32624,599,295.0,71.0,2749.0
1783933015.5,20364,32624,601,408.0,71.0,3205.0
1783933016.1,20366,32624,601,317.0,71.0,2743.0
1783933016.7,20422,32624,626,392.0,71.0,3192.0
1783933017.3,20445,32624,623,340.0,71.0,3056.0
1783933017.9,20445,32624,623,325.0,71.0,3171.0
1783933018.5,20408,32624,601,312.0,71.0,2732.0
1783933019.1,20450,32624,631,248.0,71.0,3164.0
1783933019.7,20517,32624,631,347.0,71.0,2995.0
1783933020.3,20527,32624,625,283.0,71.0,2974.0
1783933020.9,20600,32624,625,292.0,71.0,2727.0
1783933021.5,20600,32624,625,221.0,71.0,2568.0
1783933022.1,20600,32624,625,290.0,71.0,3005.0
1783933022.7,20548,32624,617,319.0,71.0,3140.0
1783933023.3,20558,32624,623,167.0,71.0,3286.0
1783933023.9,20558,32624,623,298.0,71.0,2751.0
1783933024.5,20477,32624,597,368.0,71.0,3073.0
1783933025.1,20477,32624,597,246.0,71.0,2945.0
1783933025.6,20469,32624,595,322.0,71.0,3285.0
1783933026.2,20469,32624,595,404.0,71.0,3136.0
1783933026.8,20465,32624,595,293.0,71.0,2730.0
1783933027.4,20465,32624,595,302.0,71.0,2741.0
1783933028.0,20465,32624,595,229.0,71.0,2845.0
1783933028.6,20430,32624,595,303.0,71.0,2900.0
1783933029.2,20430,32624,595,294.0,71.0,3038.0
1783933029.8,20430,32624,595,336.0,71.0,2885.0
1783933030.4,20437,32624,593,233.0,71.0,2735.0
1783933031.0,20437,32624,593,322.0,71.0,2960.0
1783933031.6,20437,32624,593,309.0,71.0,2828.0
1783933032.2,20437,32624,593,54.0,71.0,46.0
1783933032.8,20439,32624,593,136.0,69.0,2036.0
1783933033.4,20442,32624,593,170.0,70.0,2172.0
1783933034.0,20442,32624,593,331.0,70.0,2902.0
1783933034.6,20440,32624,593,326.0,71.0,3118.0
1783933035.2,20440,32624,593,304.0,71.0,3252.0
1783933035.8,20440,32624,593,313.0,71.0,3261.0
1783933036.4,20433,32624,593,220.0,71.0,2701.0
1783933037.0,20433,32624,593,307.0,71.0,3043.0
1783933037.6,20433,32624,593,199.0,71.0,2685.0
1783933038.2,20433,32624,593,316.0,71.0,3283.0
1783933038.8,20433,32624,593,398.0,71.0,3131.0
1783933039.4,20440,32624,593,334.0,71.0,2745.0
1783933040.0,20441,32624,597,340.0,71.0,3091.0
1783933040.6,20453,32624,599,233.0,71.0,3028.0
1783933041.1,20453,32624,599,255.0,71.0,3221.0
1783933041.7,20453,32624,599,309.0,71.0,3068.0
1783933042.3,20453,32624,595,304.0,71.0,3232.0
1783933042.9,20453,32624,595,329.0,71.0,2925.0
1783933043.5,20453,32624,595,385.0,71.0,3099.0
1783933044.1,20446,32624,595,303.0,71.0,2744.0
1783933044.7,20446,32624,595,302.0,71.0,3269.0
1783933045.3,20452,32624,601,296.0,71.0,2693.0
1783933045.9,20452,32624,601,293.0,71.0,3241.0
1783933046.5,20452,32624,601,307.0,71.0,3095.0
1783933047.1,20452,32624,599,349.0,71.0,3106.0
1783933047.7,20452,32624,599,329.0,71.0,3015.0
1783933048.3,20452,32624,599,325.0,71.0,2832.0
1783933048.9,20452,32624,599,187.0,71.0,3084.0
1783933049.5,20452,32624,595,211.0,71.0,2640.0
1783933050.1,20452,32624,595,295.0,71.0,3260.0
1783933050.7,20452,32624,595,188.0,71.0,3269.0
1783933051.2,20452,32624,595,289.0,71.0,3099.0
1783933051.8,20452,32624,595,324.0,71.0,2850.0
1783933052.4,20452,32624,597,294.0,71.0,3261.0
1783933053.0,20452,32624,597,338.0,71.0,2968.0
1783933053.6,20465,32624,599,340.0,71.0,3243.0
1783933054.2,20465,32624,599,344.0,71.0,2952.0
1783933054.8,20465,32624,595,307.0,71.0,3238.0
1783933055.4,20465,32624,595,295.0,71.0,2692.0
1783933056.0,20465,32624,595,374.0,71.0,3200.0
1783933056.6,20465,32624,593,310.0,71.0,3272.0
1783933057.2,20465,32624,593,261.0,71.0,2821.0
1783933057.8,20465,32624,593,303.0,71.0,3113.0
1783933058.4,20448,32624,593,287.0,71.0,3249.0
1783933059.0,20459,32624,597,327.0,71.0,2846.0
1783933059.6,20459,32624,599,294.0,71.0,2762.0
1783933060.2,20455,32624,599,289.0,71.0,3217.0
1783933060.7,20455,32624,599,308.0,71.0,3048.0
1783933061.3,20455,32624,599,305.0,71.0,3092.0
1783933061.9,20455,32624,599,297.0,71.0,3257.0
1783933062.5,20455,32624,599,307.0,71.0,3269.0
1783933063.1,20455,32624,597,323.0,71.0,3243.0
1783933063.7,20455,32624,599,330.0,71.0,3223.0
1783933064.3,20455,32624,599,300.0,71.0,3273.0
1783933064.9,20455,32624,599,250.0,71.0,2799.0
1783933065.5,20455,32624,595,313.0,71.0,2809.0
1783933066.1,20455,32624,595,215.0,71.0,3268.0
1783933066.7,20451,32624,593,391.0,71.0,3131.0
1783933067.3,20451,32624,593,329.0,71.0,3137.0
1783933067.9,20451,32624,593,313.0,71.0,2954.0
1783933068.5,20449,32624,591,318.0,71.0,3268.0
1783933069.1,20449,32624,591,296.0,71.0,3244.0
1783933069.7,20449,32624,593,258.0,71.0,3025.0
1783933070.3,20437,32624,593,328.0,71.0,3232.0
1783933070.8,20437,32624,591,294.0,71.0,3269.0
1783933071.4,20437,32624,591,174.0,71.0,2733.0
1783933072.0,20437,32624,591,341.0,71.0,2858.0
1783933072.6,20437,32624,591,174.0,71.0,2720.0
1783933073.2,20441,32624,591,418.0,71.0,3144.0
1783933073.8,20462,32624,607,326.0,71.0,2799.0
1783933074.4,20462,32624,607,303.0,71.0,2782.0
1783933075.0,20462,32624,607,222.0,71.0,2631.0
1783933075.6,20462,32624,595,296.0,71.0,2749.0
1783933076.2,20462,32624,595,348.0,71.0,2709.0
1783933076.8,20462,32624,595,323.0,71.0,2811.0
1783933077.4,20462,32624,595,227.0,71.0,3124.0
1783933078.0,20455,32624,595,123.0,71.0,2843.0
1783933078.6,20455,32624,595,291.0,71.0,3256.0
1783933079.2,20459,32624,595,341.0,71.0,3204.0
1783933079.8,20445,32624,593,314.0,71.0,3046.0
1783933080.4,20445,32624,593,256.0,71.0,2987.0
1783933081.0,20445,32624,593,279.0,71.0,2811.0
1783933081.6,20445,32624,593,316.0,71.0,3280.0
1783933082.2,20445,32624,593,312.0,71.0,2714.0
1783933082.8,20449,32624,593,290.0,71.0,2991.0
1783933083.4,20450,32624,605,339.0,71.0,3259.0
1783933084.0,20452,32624,597,347.0,71.0,3235.0
1783933084.6,20452,32624,599,326.0,71.0,2910.0
1783933085.2,20452,32624,599,360.0,71.0,3109.0
1783933085.8,20452,32624,599,328.0,71.0,3165.0
1783933086.4,20452,32624,597,339.0,71.0,3244.0
1783933087.0,20452,32624,597,371.0,71.0,3072.0
1783933087.6,20452,32624,597,321.0,71.0,2757.0
1783933088.1,20450,32624,597,321.0,71.0,2790.0
1783933088.7,20450,32624,597,284.0,71.0,3005.0
1783933089.3,20450,32624,597,253.0,71.0,2722.0
1783933089.9,20448,32624,601,341.0,71.0,3213.0
1783933090.5,20448,32624,593,331.0,71.0,3237.0
1783933091.1,20448,32624,593,334.0,71.0,3109.0
1783933091.7,20446,32624,593,272.0,71.0,2973.0
1783933092.3,20446,32624,593,349.0,71.0,2941.0
1783933092.9,20439,32624,593,369.0,71.0,3211.0
1783933093.5,20439,32624,593,307.0,71.0,3204.0
1783933094.1,20439,32624,593,316.0,71.0,3275.0
1783933094.7,20439,32624,593,367.0,71.0,3030.0
1783933095.3,20446,32624,593,325.0,71.0,3173.0
1783933095.9,20446,32624,593,287.0,71.0,2990.0
1783933096.5,20446,32624,593,419.0,71.0,3168.0
1783933097.1,20443,32624,593,334.0,71.0,3167.0
1783933097.7,20443,32624,593,306.0,71.0,2713.0
1783933098.3,20443,32624,593,192.0,71.0,2706.0
1783933098.9,20443,32624,593,359.0,71.0,2764.0
1783933099.5,20443,32624,593,206.0,71.0,2929.0
1783933100.1,20435,32624,593,260.0,71.0,2848.0
1783933100.7,20439,32624,593,365.0,71.0,3186.0
1783933101.3,20439,32624,595,313.0,71.0,3280.0
1783933101.9,20439,32624,595,302.0,71.0,2691.0
1783933102.5,20439,32624,595,302.0,71.0,3092.0
1783933103.1,20439,32624,595,202.0,71.0,2849.0
1783933103.7,20433,32624,595,320.0,71.0,3111.0
1783933104.3,20441,32624,593,329.0,71.0,3225.0
1783933104.9,20441,32624,593,297.0,71.0,3285.0
1783933105.5,20440,32624,593,313.0,71.0,3286.0
1783933106.1,20440,32624,593,318.0,71.0,3205.0
1783933106.7,20440,32624,593,259.0,71.0,2923.0
1783933107.3,20452,32624,601,319.0,71.0,2828.0
1783933107.8,20452,32624,601,320.0,71.0,2918.0
1783933108.4,20452,32624,601,219.0,71.0,2903.0
1783933109.0,20452,32624,601,312.0,71.0,3135.0
1783933109.6,20452,32624,601,321.0,71.0,3257.0
1783933110.2,20452,32624,601,305.0,71.0,2883.0
1783933110.8,20452,32624,595,249.0,71.0,3099.0
1783933111.4,20448,32624,599,326.0,71.0,2932.0
1783933112.0,20452,32624,597,356.0,71.0,2945.0
1783933112.6,20452,32624,597,304.0,71.0,2935.0
1783933113.2,20452,32624,593,322.0,71.0,3191.0
1783933113.8,20452,32624,593,320.0,71.0,3188.0
1783933114.4,20452,32624,593,307.0,71.0,2790.0
1783933115.0,20452,32624,593,342.0,71.0,2971.0
1783933115.6,20452,32624,593,328.0,71.0,3201.0
1783933116.2,20445,32624,593,374.0,71.0,3193.0
1783933116.8,20502,32624,617,259.0,71.0,2942.0
1783933117.4,20548,32624,623,282.0,71.0,2888.0
1783933118.0,20547,32624,597,341.0,71.0,2805.0
1783933118.6,20552,32624,597,298.0,71.0,2751.0
1783933119.2,20545,32624,607,311.0,71.0,3262.0
1783933119.8,20547,32624,609,190.0,71.0,2960.0
1783933120.4,20547,32624,609,330.0,71.0,2844.0
1783933121.0,20547,32624,609,309.0,71.0,3282.0
1783933121.6,20547,32624,609,319.0,71.0,3180.0
1783933122.2,20537,32624,597,311.0,71.0,2934.0
1783933122.8,20537,32624,597,304.0,71.0,3273.0
1783933123.4,20512,32624,597,320.0,71.0,3219.0
1783933124.0,20504,32624,597,367.0,71.0,3199.0
1783933124.6,20508,32624,597,279.0,71.0,2894.0
1783933125.2,20488,32624,593,310.0,71.0,3249.0
1783933125.8,20476,32624,595,321.0,71.0,2783.0
1783933126.4,20470,32624,593,334.0,71.0,3230.0
1783933127.0,20476,32624,593,406.0,71.0,3167.0
1783933127.6,20476,32624,593,221.0,71.0,2643.0
1783933128.2,20476,32624,593,310.0,71.0,2841.0
1783933128.8,20476,32624,593,258.0,71.0,2879.0
1783933129.4,20473,32624,593,309.0,71.0,2867.0
1783933130.0,20472,32624,593,319.0,71.0,2818.0
1783933130.6,20472,32624,593,305.0,71.0,2840.0
1783933131.2,20472,32624,593,327.0,71.0,2829.0
1783933131.8,20472,32624,595,318.0,71.0,2769.0
1783933132.4,20472,32624,595,283.0,71.0,3171.0
1783933133.0,20472,32624,595,322.0,71.0,2981.0
1783933133.6,20472,32624,595,318.0,71.0,2752.0
1783933134.2,20472,32624,595,321.0,71.0,2791.0
1783933134.8,20472,32624,595,332.0,71.0,3228.0
1783933135.4,20472,32624,595,333.0,71.0,2857.0
1783933135.9,20472,32624,595,300.0,71.0,3234.0
1783933136.5,20472,32624,595,321.0,71.0,2848.0
1783933137.1,20472,32624,595,318.0,71.0,2716.0
1783933137.7,20472,32624,595,317.0,71.0,3278.0
1783933138.3,20464,32624,593,303.0,71.0,2905.0
1783933138.9,20464,32624,593,316.0,71.0,2914.0
1783933139.5,20464,32624,593,383.0,71.0,3087.0
1783933140.1,20464,32624,593,379.0,71.0,2852.0
1783933140.7,20464,32624,593,210.0,71.0,2733.0
1783933141.3,20464,32624,593,349.0,71.0,3050.0
1783933141.9,20464,32624,593,285.0,71.0,2781.0
1783933142.5,20464,32624,593,191.0,71.0,2860.0
1783933143.1,20464,32624,593,262.0,72.0,2904.0
1783933143.7,20464,32624,593,348.0,71.0,3189.0
1783933144.3,20464,32624,593,364.0,71.0,3085.0
1783933144.9,20464,32624,593,322.0,71.0,3227.0
1783933145.5,20464,32624,593,188.0,71.0,3292.0
1783933146.1,20464,32624,593,365.0,71.0,2963.0
1783933146.7,20464,32624,593,357.0,71.0,3001.0
1783933147.3,20464,32624,593,175.0,71.0,3243.0
1783933147.9,20464,32624,593,317.0,71.0,2844.0
1783933148.5,20464,32624,593,303.0,71.0,2771.0
1783933149.1,20464,32624,593,273.0,71.0,3225.0
1783933149.7,20464,32624,593,329.0,71.0,3172.0
1783933150.2,20464,32624,593,320.0,71.0,2825.0
1783933150.8,20464,32624,593,318.0,71.0,2785.0
1783933151.4,20464,32624,593,255.0,71.0,2662.0
1783933152.0,20464,32624,593,324.0,71.0,3275.0
1783933152.6,20464,32624,593,292.0,71.0,3015.0
1783933153.2,20464,32624,593,308.0,71.0,3252.0
1783933153.8,20464,32624,593,343.0,71.0,2874.0
1783933154.4,20464,32624,593,341.0,71.0,3255.0
1783933155.0,20464,32624,593,320.0,71.0,2855.0
1783933155.6,20460,32624,593,288.0,71.0,2709.0
1783933156.2,20460,32624,593,338.0,71.0,2869.0
1783933156.8,20458,32624,593,188.0,71.0,2711.0
1783933157.4,20458,32624,593,394.0,71.0,3171.0
1783933158.0,20458,32624,593,308.0,71.0,3090.0
1783933158.6,20482,32624,597,210.0,71.0,3181.0
1783933159.2,20484,32624,597,324.0,71.0,2958.0
1783933159.8,20501,32624,607,315.0,71.0,2972.0
1783933160.4,20505,32624,616,232.0,71.0,2912.0
1783933160.9,20499,32624,599,306.0,71.0,2800.0
1783933161.5,20499,32624,605,336.0,71.0,2918.0
1783933162.1,20499,32624,601,345.0,71.0,3250.0
1783933162.7,20499,32624,601,306.0,71.0,3229.0
1783933163.3,20499,32624,601,303.0,71.0,2778.0
1783933163.9,20499,32624,601,218.0,71.0,2899.0
1783933164.5,20499,32624,601,322.0,71.0,2736.0
1783933165.1,20489,32624,601,316.0,71.0,2716.0
1783933165.7,20497,32624,603,305.0,71.0,3282.0
1783933166.3,20491,32624,603,322.0,71.0,2891.0
1783933166.9,20491,32624,603,317.0,71.0,3122.0
1783933167.4,20491,32624,603,350.0,71.0,3240.0
1783933168.0,20491,32624,597,295.0,71.0,3243.0
1783933168.6,20472,32624,597,312.0,71.0,3276.0
1783933169.2,20472,32624,597,324.0,71.0,2879.0
1783933169.8,20472,32624,601,324.0,71.0,2829.0
1783933170.4,20472,32624,601,321.0,71.0,3278.0
1783933171.0,20472,32624,601,305.0,71.0,2725.0
1783933171.6,20472,32624,601,329.0,71.0,2827.0
1783933172.2,20472,32624,601,200.0,71.0,2789.0
1783933172.8,20472,32624,601,335.0,71.0,2752.0
1783933173.4,20472,32624,601,344.0,71.0,3037.0
1783933174.0,20464,32624,601,298.0,71.0,3208.0
1783933174.6,20464,32624,601,311.0,71.0,3242.0
1783933175.2,20464,32624,601,215.0,71.0,2872.0
1783933175.8,20464,32624,601,329.0,71.0,2761.0
1783933176.3,20464,32624,601,294.0,71.0,3241.0
1783933176.9,20464,32624,601,313.0,71.0,3060.0
1783933177.5,20464,32624,601,279.0,71.0,3178.0
1783933178.1,20464,32624,601,34.0,70.0,0.0
1783933178.7,20464,32624,602,247.0,69.0,2641.0
1783933179.3,20464,32624,602,379.0,70.0,3046.0
1783933179.9,20464,32624,600,302.0,71.0,2739.0
1783933180.5,20469,32624,600,275.0,71.0,2924.0
1783933181.1,20469,32624,600,298.0,71.0,3154.0
1783933181.7,20469,32624,598,304.0,71.0,3268.0
1783933182.3,20469,32624,598,307.0,71.0,2950.0
1783933182.9,20469,32624,598,325.0,71.0,3012.0
1783933183.5,20469,32624,598,309.0,71.0,3252.0
1783933184.1,20469,32624,598,302.0,71.0,3083.0
1783933184.6,20469,32624,598,256.0,71.0,2838.0
1783933185.2,20467,32624,596,278.0,71.0,3034.0
1783933185.8,20467,32624,600,221.0,71.0,2825.0
1783933186.4,20467,32624,600,310.0,71.0,2862.0
1783933187.0,20467,32624,600,276.0,71.0,2908.0
1783933187.6,20467,32624,600,352.0,71.0,2910.0
1783933188.2,20467,32624,600,299.0,71.0,3267.0
1783933188.8,20467,32624,600,217.0,71.0,3214.0
1783933189.4,20467,32624,600,313.0,71.0,2781.0
1783933190.0,20467,32624,600,307.0,71.0,3253.0
1783933190.6,20467,32624,600,328.0,71.0,2835.0
1783933191.2,20467,32624,600,307.0,71.0,2935.0
1783933191.8,20467,32624,596,362.0,71.0,3206.0
1783933192.4,20470,32624,600,312.0,71.0,3280.0
1783933193.0,20471,32624,600,189.0,71.0,3107.0
1783933193.6,20471,32624,600,226.0,71.0,2895.0
1783933194.2,20471,32624,598,314.0,71.0,2854.0
1783933194.7,20471,32624,598,297.0,71.0,2707.0
1783933195.3,20481,32624,610,291.0,71.0,3018.0
1783933195.9,20540,32624,625,308.0,71.0,2782.0
1783933196.5,20516,32624,621,394.0,71.0,3161.0
1783933197.1,20540,32624,613,356.0,71.0,3203.0
1783933197.7,20532,32624,598,304.0,71.0,3033.0
1783933198.3,20530,32624,602,308.0,71.0,2779.0
1783933198.9,20530,32624,602,162.0,71.0,2971.0
1783933199.5,20503,32624,600,249.0,71.0,3033.0
1783933200.1,20503,32624,600,311.0,71.0,3247.0
1783933200.7,20503,32624,600,308.0,71.0,2792.0
1783933201.3,20499,32624,596,317.0,71.0,3269.0
1783933201.9,20491,32624,596,277.0,71.0,2879.0
1783933202.5,20491,32624,596,319.0,71.0,2805.0
1783933203.1,20469,32624,596,335.0,71.0,3264.0
1783933203.7,20469,32624,596,315.0,71.0,2787.0
1783933204.3,20469,32624,596,310.0,71.0,3174.0
1783933204.8,20469,32624,596,305.0,71.0,2771.0
1783933205.4,20469,32624,596,304.0,71.0,2745.0
1783933206.0,20469,32624,596,301.0,71.0,2751.0
1783933206.6,20472,32624,596,286.0,71.0,2733.0
1783933207.2,20472,32624,596,308.0,71.0,3274.0
1783933207.8,20472,32624,596,334.0,71.0,2871.0
1783933208.4,20472,32624,596,45.0,71.0,0.0
1783933209.0,20472,32624,596,301.0,70.0,2835.0
1783933209.6,20472,32624,596,343.0,71.0,2733.0
1783933210.2,20472,32624,596,320.0,71.0,3184.0
1783933210.8,20472,32624,596,246.0,71.0,2841.0
1783933211.4,20472,32624,596,339.0,71.0,2937.0
1783933211.9,20468,32624,594,320.0,71.0,2980.0
1783933212.5,20468,32624,594,312.0,71.0,2802.0
1783933213.1,20468,32624,594,325.0,71.0,3283.0
1783933213.7,20468,32624,594,237.0,71.0,3164.0
1783933214.3,20468,32624,594,382.0,71.0,3220.0
1783933214.9,20468,32624,594,299.0,71.0,2916.0
1783933215.5,20468,32624,594,310.0,71.0,2867.0
1783933216.1,20468,32624,594,338.0,71.0,3044.0
1783933216.7,20464,32624,594,253.0,71.0,2995.0
1783933217.3,20464,32624,594,320.0,71.0,2805.0
1783933217.9,20464,32624,594,276.0,71.0,2708.0
1783933218.4,20464,32624,594,311.0,71.0,2797.0
1783933219.0,20464,32624,594,225.0,71.0,2942.0
1783933219.6,20464,32624,594,335.0,71.0,3120.0
1783933220.2,20464,32624,594,303.0,71.0,3243.0
1783933220.8,20464,32624,594,300.0,71.0,3116.0
1783933221.4,20468,32624,594,272.0,71.0,2604.0
1783933222.0,20468,32624,594,294.0,71.0,3270.0
1783933222.6,20468,32624,594,307.0,71.0,3272.0
1783933223.2,20468,32624,594,303.0,71.0,2866.0
1783933223.8,20468,32624,594,330.0,71.0,3193.0
1783933224.4,20468,32624,594,316.0,71.0,2729.0
1783933225.0,20468,32624,594,309.0,71.0,2790.0
1783933225.5,20468,32624,594,294.0,71.0,2681.0
1783933226.1,20468,32624,594,285.0,71.0,3107.0
1783933226.7,20468,32624,594,305.0,71.0,2772.0
1783933227.3,20468,32624,594,283.0,71.0,2681.0
1783933227.9,20468,32624,594,307.0,71.0,2735.0
1783933228.5,20468,32624,594,197.0,71.0,2758.0
1783933229.1,20468,32624,594,348.0,71.0,2936.0
1783933229.7,20468,32624,594,309.0,71.0,3063.0
1783933230.3,20468,32624,594,269.0,71.0,3066.0
1783933230.9,20468,32624,594,301.0,71.0,2763.0
1783933231.5,20468,32624,594,316.0,71.0,2808.0
1783933232.0,20468,32624,594,325.0,71.0,3120.0
1783933232.6,20468,32624,594,289.0,71.0,3235.0
1783933233.2,20468,32624,594,288.0,71.0,2899.0
1783933233.8,20468,32624,594,306.0,71.0,2894.0
1783933234.4,20468,32624,594,208.0,71.0,2803.0
1783933235.0,20468,32624,594,300.0,71.0,2755.0
1783933235.6,20468,32624,594,302.0,71.0,3253.0
1783933236.2,20468,32624,594,329.0,71.0,3265.0
1783933236.8,20468,32624,594,329.0,71.0,3124.0
1783933237.4,20468,32624,594,312.0,71.0,2808.0
1783933238.0,20468,32624,594,319.0,71.0,2798.0
1783933238.6,20468,32624,594,346.0,71.0,3256.0
1783933239.1,20468,32624,594,315.0,71.0,3256.0
1783933239.7,20473,32624,598,327.0,71.0,2828.0
1783933240.3,20473,32624,598,299.0,71.0,3250.0
1783933240.9,20473,32624,598,331.0,71.0,3000.0
1783933241.5,20473,32624,598,285.0,71.0,2671.0
1783933242.1,20473,32624,598,323.0,71.0,2707.0
1783933242.7,20473,32624,598,190.0,71.0,2667.0
1783933243.3,20473,32624,598,300.0,71.0,3287.0
1783933243.9,20473,32624,598,246.0,71.0,2759.0
1783933244.5,20477,32624,598,160.0,71.0,2626.0
1783933245.1,20477,32624,598,309.0,71.0,2801.0
1783933245.6,20477,32624,598,214.0,71.0,3260.0
1783933246.2,20477,32624,598,325.0,71.0,2835.0
1783933246.8,20477,32624,598,309.0,71.0,3239.0
1783933247.4,20478,32624,598,314.0,71.0,2814.0
1783933248.0,20478,32624,598,311.0,71.0,2777.0
1783933248.6,20478,32624,598,44.0,70.0,0.0
1783933249.2,20478,32624,598,290.0,70.0,2711.0
1783933249.8,20478,32624,598,281.0,71.0,3083.0
1783933250.4,20478,32624,598,327.0,71.0,2905.0
1783933251.0,20478,32624,598,314.0,71.0,3060.0
1783933251.6,20478,32624,598,333.0,71.0,3249.0
1783933252.2,20478,32624,598,203.0,71.0,3273.0
1783933252.7,20478,32624,598,298.0,71.0,2737.0
1783933253.3,20478,32624,598,323.0,71.0,2909.0
1783933253.9,20478,32624,598,328.0,71.0,2737.0
1783933254.5,20478,32624,598,312.0,71.0,2748.0
1783933255.1,20478,32624,598,269.0,71.0,3263.0
1783933255.7,20513,32624,612,310.0,71.0,3280.0
1783933256.3,20513,32624,612,176.0,71.0,3214.0
1783933256.9,20513,32624,612,287.0,71.0,3139.0
1783933257.5,20513,32624,594,187.0,71.0,2957.0
1783933258.1,20513,32624,594,146.0,71.0,3054.0
1783933258.7,20513,32624,594,306.0,71.0,3253.0
1783933259.3,20513,32624,594,312.0,71.0,3280.0
1783933259.9,20513,32624,594,167.0,71.0,3162.0
1783933260.5,20509,32624,594,303.0,71.0,3117.0
1783933261.1,20509,32624,594,302.0,71.0,3261.0
1783933261.7,20509,32624,594,343.0,71.0,3247.0
1783933262.3,20509,32624,594,273.0,71.0,3057.0
1783933262.9,20509,32624,594,173.0,71.0,2684.0
1783933263.4,20505,32624,596,327.0,71.0,2840.0
1783933264.0,20505,32624,596,302.0,71.0,2703.0
1783933264.6,20491,32624,604,322.0,71.0,3260.0
1783933265.2,20491,32624,604,347.0,71.0,3107.0
1783933265.8,20494,32624,600,304.0,71.0,3085.0
1783933266.4,20494,32624,600,292.0,71.0,3250.0
1783933267.0,20494,32624,600,311.0,71.0,3272.0
1783933267.6,20494,32624,600,329.0,71.0,3234.0
1783933268.2,20494,32624,600,325.0,71.0,2957.0
1783933268.8,20494,32624,600,309.0,71.0,3258.0
1783933269.4,20494,32624,596,212.0,71.0,2908.0
1783933270.0,20494,32624,596,327.0,71.0,3228.0
1783933270.6,20486,32624,596,214.0,71.0,2983.0
1783933271.2,20486,32624,596,330.0,71.0,3230.0
1783933271.8,20486,32624,596,303.0,71.0,3231.0
1783933272.4,20486,32624,596,211.0,71.0,2896.0
1783933273.0,20486,32624,596,381.0,71.0,3165.0
1783933273.6,20486,32624,596,321.0,71.0,2973.0
1783933274.2,20486,32624,596,334.0,71.0,2919.0
1783933274.8,20486,32624,596,295.0,71.0,3029.0
1783933275.4,20447,32624,596,344.0,71.0,3259.0
1783933276.0,20475,32624,606,347.0,71.0,3195.0
1783933276.5,20475,32624,606,386.0,71.0,3092.0
1783933277.1,20475,32624,606,185.0,71.0,2960.0
1783933277.7,20475,32624,594,225.0,71.0,2793.0
1783933278.3,20475,32624,594,300.0,71.0,3219.0
1783933278.9,20475,32624,594,301.0,71.0,2732.0
1783933279.5,20475,32624,594,362.0,71.0,3005.0
1783933280.1,20475,32624,594,316.0,71.0,2808.0
1783933280.7,20475,32624,594,296.0,71.0,3214.0
1783933281.3,20475,32624,594,300.0,71.0,2913.0
1783933281.9,20475,32624,594,344.0,71.0,2869.0
1783933282.5,20475,32624,594,342.0,71.0,2941.0
1783933283.1,20475,32624,594,304.0,71.0,3233.0
1783933283.7,20475,32624,594,398.0,71.0,3155.0
1783933284.2,20475,32624,594,331.0,71.0,3224.0
1783933284.8,20475,32624,594,325.0,71.0,2860.0
1783933285.4,20475,32624,594,313.0,71.0,3206.0
1783933286.0,20475,32624,594,347.0,71.0,3090.0
1783933286.6,20475,32624,594,161.0,71.0,3286.0
1783933287.2,20475,32624,594,326.0,71.0,3127.0
1783933287.8,20475,32624,594,337.0,71.0,2905.0
1783933288.4,20475,32624,594,322.0,71.0,3041.0
1783933289.0,20475,32624,594,398.0,71.0,3127.0
1783933289.6,20475,32624,594,308.0,71.0,3256.0
1783933290.2,20475,32624,594,301.0,71.0,2872.0
1783933290.8,20475,32624,594,309.0,71.0,3236.0
1783933291.4,20475,32624,594,319.0,71.0,3272.0
1783933292.0,20475,32624,594,341.0,71.0,2993.0
1783933292.5,20475,32624,594,238.0,71.0,2919.0
1783933293.1,20475,32624,594,323.0,71.0,3124.0
1783933293.7,20475,32624,594,301.0,71.0,2777.0
1783933294.3,20475,32624,594,177.0,71.0,3077.0
1783933294.9,20475,32624,594,336.0,71.0,2908.0
1783933295.5,20471,32624,594,330.0,71.0,2888.0
1783933296.1,20471,32624,594,310.0,71.0,3252.0
1783933296.7,20471,32624,594,290.0,71.0,3275.0
1783933297.3,20471,32624,594,285.0,71.0,2760.0
1783933297.9,20471,32624,594,271.0,71.0,2671.0
1783933298.5,20471,32624,594,301.0,71.0,3252.0
1783933299.1,20471,32624,594,268.0,71.0,3127.0
1783933299.7,20471,32624,594,319.0,71.0,2885.0
1783933300.3,20471,32624,594,222.0,71.0,2752.0
1783933300.8,20471,32624,594,325.0,71.0,2985.0
1783933301.4,20471,32624,594,355.0,71.0,3010.0
1783933302.0,20471,32624,594,311.0,71.0,3088.0
1783933302.6,20471,32624,594,285.0,71.0,3249.0
1783933303.2,20471,32624,594,329.0,71.0,2862.0
1783933303.8,20471,32624,594,361.0,71.0,3083.0
1783933304.4,20471,32624,594,295.0,71.0,3032.0
1783933305.0,20471,32624,594,310.0,71.0,3262.0
1783933305.6,20471,32624,594,280.0,71.0,3233.0
1783933306.2,20471,32624,594,305.0,71.0,3268.0
1783933306.8,20471,32624,594,290.0,71.0,3203.0
1783933307.4,20471,32624,594,308.0,71.0,2766.0
1783933307.9,20471,32624,594,315.0,71.0,3118.0
1783933308.5,20471,32624,594,269.0,71.0,2841.0
1783933309.1,20471,32624,594,312.0,71.0,3267.0
1783933309.7,20454,32624,596,282.0,71.0,2663.0
1783933310.3,20465,32624,602,297.0,72.0,3279.0
1783933310.9,20465,32624,602,315.0,71.0,3281.0
1783933311.5,20465,32624,602,366.0,72.0,3191.0
1783933312.1,20465,32624,602,310.0,71.0,2800.0
1783933312.7,20465,32624,602,316.0,71.0,3269.0
1783933313.3,20465,32624,602,308.0,71.0,3103.0
1783933313.9,20465,32624,602,221.0,71.0,3084.0
1783933314.5,20465,32624,602,307.0,71.0,2732.0
1783933315.1,20465,32624,600,328.0,71.0,3007.0
1783933315.7,20465,32624,600,310.0,71.0,2792.0
1783933316.3,20465,32624,600,305.0,71.0,3101.0
1783933316.8,20465,32624,600,295.0,71.0,2715.0
1783933317.4,20465,32624,600,297.0,71.0,3253.0
1783933318.0,20465,32624,600,315.0,72.0,3118.0
1783933318.6,20465,32624,600,321.0,71.0,3131.0
1783933319.2,20465,32624,600,289.0,72.0,3256.0
1783933319.8,20465,32624,600,156.0,71.0,2898.0
1783933320.4,20465,32624,600,300.0,71.0,2754.0
1783933321.0,20463,32624,594,304.0,71.0,3260.0
1783933321.6,20457,32624,594,324.0,71.0,3212.0
1783933322.2,20457,32624,594,286.0,71.0,2958.0
1783933322.8,20457,32624,594,305.0,71.0,2830.0
1783933323.4,20457,32624,594,172.0,71.0,3036.0
1783933324.0,20457,32624,594,304.0,71.0,3277.0
1783933324.6,20457,32624,594,292.0,71.0,3269.0
1783933325.2,20457,32624,594,188.0,71.0,3104.0
1783933325.8,20457,32624,594,310.0,71.0,3272.0
1783933326.4,20457,32624,594,301.0,71.0,2732.0
1783933327.0,20467,32624,602,411.0,71.0,2763.0
1783933327.6,20467,32624,602,190.0,71.0,3295.0
1783933328.2,20467,32624,600,291.0,71.0,3224.0
1783933328.8,20469,32624,594,345.0,71.0,2791.0
1783933329.4,20469,32624,596,387.0,71.0,3161.0
1783933330.0,20467,32624,596,332.0,71.0,2852.0
1783933330.6,20467,32624,596,303.0,71.0,3266.0
1783933331.2,20467,32624,596,323.0,71.0,3278.0
1783933331.8,20467,32624,596,298.0,71.0,3233.0
1783933332.4,20467,32624,596,314.0,71.0,3279.0
1783933333.0,20469,32624,596,338.0,71.0,3180.0
1783933333.6,20467,32624,596,357.0,71.0,2775.0
1783933334.2,20510,32624,620,267.0,71.0,3252.0
1783933334.8,20561,32624,621,176.0,71.0,2900.0
1783933335.4,20561,32624,621,360.0,71.0,3205.0
1783933336.0,20562,32624,604,298.0,71.0,3252.0
1783933336.6,20562,32624,604,47.0,72.0,0.0
1783933337.1,20562,32624,600,54.0,70.0,46.0
1783933337.7,20562,32624,600,327.0,70.0,2971.0
1783933338.3,20562,32624,600,393.0,71.0,3156.0
1783933338.9,20562,32624,600,181.0,71.0,2350.0
1783933339.5,20547,32624,600,318.0,71.0,3006.0
1783933340.1,20542,32624,602,374.0,71.0,3223.0
1783933340.7,20512,32624,600,323.0,71.0,1875.0
1783933341.3,20512,32624,600,300.0,71.0,2944.0
1783933341.9,20499,32624,596,388.0,71.0,3148.0
1783933342.5,20499,32624,596,319.0,71.0,2748.0
1783933343.1,20499,32624,596,401.0,71.0,3194.0
1783933343.7,20495,32624,596,311.0,71.0,2972.0
1783933344.3,20502,32624,596,331.0,71.0,3239.0
1783933344.9,20502,32624,596,283.0,71.0,3161.0
1783933345.5,20502,32624,596,310.0,71.0,3115.0
1783933346.1,20502,32624,596,309.0,71.0,2997.0
1783933346.7,20500,32624,596,268.0,71.0,3045.0
1783933347.3,20527,32624,596,289.0,71.0,3234.0
1783933347.9,20527,32624,596,314.0,71.0,3274.0
1783933348.5,20527,32624,596,147.0,71.0,2756.0
1783933349.1,20527,32624,596,317.0,71.0,3038.0
1783933349.7,20521,32624,594,336.0,71.0,3161.0
1783933350.3,20521,32624,594,295.0,71.0,3264.0
1783933350.9,20521,32624,596,307.0,71.0,3254.0
1783933351.5,20521,32624,596,331.0,71.0,3234.0
1783933352.1,20525,32624,598,317.0,71.0,3143.0
1783933352.7,20525,32624,598,279.0,71.0,3072.0
1783933353.3,20525,32624,598,346.0,71.0,3215.0
1783933353.9,20525,32624,598,228.0,71.0,2900.0
1783933354.5,20525,32624,598,325.0,71.0,3280.0
1783933355.0,20511,32624,598,301.0,71.0,3271.0
1783933355.6,20511,32624,598,285.0,71.0,2995.0
1783933356.2,20511,32624,598,317.0,71.0,3266.0
1783933356.8,20511,32624,598,288.0,71.0,3207.0
1783933357.4,20507,32624,598,322.0,71.0,3262.0
1783933358.0,20507,32624,598,165.0,71.0,3128.0
1783933358.6,20507,32624,598,285.0,71.0,2692.0
1783933359.2,20507,32624,598,318.0,71.0,2732.0
1783933359.8,20507,32624,598,314.0,71.0,2958.0
1783933360.4,20529,32624,602,303.0,71.0,3285.0
1783933361.0,20516,32624,602,295.0,71.0,3269.0
1783933361.6,20532,32624,602,159.0,71.0,3045.0
1783933362.2,20536,32624,602,403.0,71.0,3127.0
1783933362.8,20538,32624,604,337.0,71.0,3248.0
1783933363.4,20538,32624,604,189.0,71.0,3243.0
1783933364.0,20566,32624,614,294.0,71.0,3276.0
1783933364.6,20562,32624,614,345.0,71.0,3214.0
1783933365.2,20540,32624,596,293.0,71.0,3282.0
1783933365.8,20540,32624,596,130.0,71.0,3115.0
1783933366.4,20595,32624,612,331.0,71.0,2766.0
1783933367.0,20595,32624,612,331.0,71.0,2834.0
1783933367.6,20595,32624,612,203.0,71.0,3181.0
1783933368.2,20514,32624,606,322.0,71.0,3246.0
1783933368.8,20514,32624,606,309.0,71.0,3279.0
1783933369.4,20514,32624,606,293.0,71.0,2739.0
1783933370.0,20514,32624,606,335.0,71.0,3240.0
1783933370.6,20514,32624,606,306.0,71.0,3279.0
1783933371.2,20473,32624,606,81.0,71.0,160.0
1783933371.7,20473,32624,606,340.0,71.0,2846.0
1783933372.3,20473,32624,606,317.0,71.0,3246.0
1783933372.9,20465,32624,608,327.0,71.0,3237.0
1783933373.5,20546,32624,639,321.0,71.0,3239.0
1783933374.1,20544,32624,635,319.0,71.0,3284.0
1783933374.7,20521,32624,610,318.0,71.0,3207.0
1783933375.3,20496,32624,606,160.0,71.0,3200.0
1783933375.9,20538,32624,616,301.0,71.0,3256.0
1783933376.5,20538,32624,616,277.0,71.0,3019.0
1783933377.1,20529,32624,624,332.0,71.0,3216.0
1783933377.7,20496,32624,604,292.0,71.0,3247.0
1783933378.3,20495,32624,608,334.0,71.0,2868.0
1783933378.9,20479,32624,618,288.0,71.0,3118.0
1783933379.5,20479,32624,598,354.0,71.0,2696.0
1783933380.1,20479,32624,598,285.0,71.0,3251.0
1783933380.7,20463,32624,604,297.0,71.0,2721.0
1783933381.3,20463,32624,604,243.0,71.0,3065.0
1783933381.9,20459,32624,616,398.0,71.0,3159.0
1783933382.5,20459,32624,616,290.0,71.0,3260.0
1783933383.1,20452,32624,616,301.0,71.0,2801.0
1783933383.7,20454,32624,618,317.0,71.0,2785.0
1783933384.3,20454,32624,618,303.0,71.0,3216.0
1783933384.9,20454,32624,604,294.0,71.0,3000.0
1783933385.5,20454,32624,604,268.0,71.0,3244.0
1783933386.0,20424,32624,602,299.0,71.0,3221.0
1783933386.7,20421,32624,602,321.0,71.0,3017.0
1783933387.3,20423,32624,604,315.0,71.0,3094.0
1783933387.9,20454,32624,618,303.0,71.0,3232.0
1783933388.5,20450,32624,618,324.0,71.0,3223.0
1783933389.1,20450,32624,604,305.0,71.0,2772.0
1783933389.6,20448,32624,620,337.0,71.0,3230.0
1783933390.2,20448,32624,618,345.0,71.0,2694.0
1783933390.8,20448,32624,618,286.0,71.0,3249.0
1783933391.4,20441,32624,618,377.0,71.0,3132.0
1783933392.0,20433,32624,606,426.0,71.0,3171.0
1783933392.6,20437,32624,600,140.0,71.0,3291.0
1783933393.2,20437,32624,598,286.0,71.0,2752.0
1783933393.8,20433,32624,596,300.0,71.0,3273.0
1783933394.4,20433,32624,596,319.0,71.0,3260.0
1783933395.0,20426,32624,596,194.0,71.0,2547.0
1783933395.6,20426,32624,596,290.0,71.0,3230.0
1783933396.2,20419,32624,596,340.0,71.0,3224.0
1783933396.8,20403,32624,594,299.0,71.0,3263.0
1783933397.4,20403,32624,594,301.0,71.0,3275.0
1783933398.0,20400,32624,594,323.0,71.0,2971.0
1783933398.6,20396,32624,594,310.0,71.0,3010.0
1783933399.2,20396,32624,594,314.0,71.0,3283.0
1783933399.8,20390,32624,594,302.0,71.0,3019.0
1783933400.4,20390,32624,594,313.0,71.0,3277.0
1783933401.0,20390,32624,594,335.0,71.0,3246.0
1783933401.5,20390,32624,594,303.0,71.0,2787.0
1783933402.1,20390,32624,594,284.0,71.0,3223.0
1783933402.7,20390,32624,594,308.0,71.0,3270.0
1783933403.3,20390,32624,594,361.0,71.0,3003.0
1783933403.9,20390,32624,594,298.0,71.0,3049.0
1783933404.5,20405,32624,606,136.0,71.0,2943.0
1783933405.1,20407,32624,606,186.0,71.0,3103.0
1783933405.7,20438,32624,610,309.0,71.0,3268.0
1783933406.3,20469,32624,616,278.0,72.0,3265.0
1783933406.9,20464,32624,616,296.0,71.0,2814.0
1783933407.5,20484,32624,614,337.0,71.0,3049.0
1783933408.1,20488,32624,602,317.0,71.0,2795.0
1783933408.7,20500,32624,602,427.0,71.0,3158.0
1783933409.3,20473,32624,598,238.0,71.0,2595.0
1783933409.9,20477,32624,598,414.0,71.0,2685.0
1783933410.5,20442,32624,598,374.0,71.0,3221.0
1783933411.1,20444,32624,598,325.0,71.0,3073.0
1783933411.7,20440,32624,592,312.0,71.0,3276.0
1783933412.3,20424,32624,592,400.0,71.0,3148.0
1783933412.9,20428,32624,592,371.0,71.0,3058.0
1783933413.5,20494,32624,610,122.0,71.0,3297.0
1783933414.1,20498,32624,600,316.0,71.0,3092.0
1783933414.7,20498,32624,596,342.0,71.0,2717.0
1783933415.2,20492,32624,596,295.0,71.0,3215.0
1783933415.9,20483,32624,596,212.0,71.0,2983.0
1783933416.5,20493,32624,606,166.0,71.0,2262.0
1783933417.1,20493,32624,600,287.0,71.0,3259.0
1783933417.7,20497,32624,602,211.0,71.0,2984.0
1783933418.3,20493,32624,600,238.0,71.0,3053.0
1783933418.9,20497,32624,600,327.0,71.0,2848.0
1783933419.4,20497,32624,600,344.0,71.0,3208.0
1783933420.0,20497,32624,600,294.0,71.0,3256.0
1783933420.6,20497,32624,600,334.0,71.0,3253.0
1783933421.2,20497,32624,602,319.0,71.0,3285.0
1783933421.8,20501,32624,602,190.0,71.0,3304.0
1783933422.4,20493,32624,602,319.0,71.0,2906.0
1783933423.0,20506,32624,604,315.0,71.0,3267.0
1783933423.6,20522,32624,604,285.0,71.0,3258.0
1783933424.2,20493,32624,604,337.0,71.0,2945.0
1783933424.8,20501,32624,602,320.0,71.0,3074.0
1783933425.4,20485,32624,592,309.0,71.0,3262.0
1783933426.0,20489,32624,592,295.0,71.0,2862.0
1783933426.6,20468,32624,592,293.0,71.0,3260.0
1783933427.2,20468,32624,592,308.0,71.0,3270.0
1783933427.8,20448,32624,592,303.0,71.0,3273.0
1783933428.4,20448,32624,592,309.0,71.0,3266.0
1783933429.0,20448,32624,592,312.0,71.0,3241.0
1783933429.6,20426,32624,592,278.0,71.0,3230.0
1783933430.2,20426,32624,592,327.0,71.0,3041.0
1783933430.8,20426,32624,592,314.0,71.0,3126.0
1783933431.4,20426,32624,592,339.0,71.0,3230.0
1783933432.0,20426,32624,592,386.0,71.0,3209.0
1783933432.6,20426,32624,592,320.0,71.0,2807.0
1783933433.2,20426,32624,592,315.0,71.0,2924.0
1783933433.8,20425,32624,592,241.0,71.0,2798.0
1783933434.4,20425,32624,592,424.0,71.0,3150.0
1783933435.0,20425,32624,592,311.0,71.0,2787.0
1783933435.6,20425,32624,592,311.0,71.0,2800.0
1783933436.1,20425,32624,592,324.0,71.0,2994.0
1783933436.7,20425,32624,592,347.0,71.0,3133.0
1783933437.3,20425,32624,592,332.0,71.0,2922.0
1783933437.9,20425,32624,592,302.0,71.0,3016.0
1783933438.5,20425,32624,592,202.0,71.0,3276.0
1783933439.1,20425,32624,592,316.0,71.0,3177.0
1783933439.7,20425,32624,592,307.0,71.0,2784.0
1783933440.3,20425,32624,592,304.0,71.0,3233.0
1783933440.9,20453,32624,600,302.0,71.0,3209.0
1783933441.5,20453,32624,600,261.0,71.0,3241.0
1783933442.1,20453,32624,592,246.0,71.0,3120.0
1783933442.7,20460,32624,594,393.0,71.0,3099.0
1783933443.3,20460,32624,594,314.0,71.0,3259.0
1783933443.9,20460,32624,594,347.0,71.0,3238.0
1783933444.5,20460,32624,594,294.0,71.0,3271.0
1783933445.1,20460,32624,594,355.0,71.0,3150.0
1783933445.7,20460,32624,594,251.0,71.0,3016.0
1783933446.3,20422,32624,594,161.0,71.0,3146.0
1783933446.9,20422,32624,594,340.0,71.0,3176.0
1783933447.5,20422,32624,594,339.0,71.0,2843.0
1783933448.1,20422,32624,594,303.0,71.0,3073.0
1783933448.6,20422,32624,594,257.0,71.0,2845.0
1783933449.2,20422,32624,594,321.0,71.0,2768.0
1783933449.8,20422,32624,594,319.0,71.0,2882.0
1783933450.4,20422,32624,594,311.0,71.0,3120.0
1783933451.0,20422,32624,594,325.0,71.0,3259.0
1783933451.6,20422,32624,594,330.0,71.0,3236.0
1783933452.2,20422,32624,594,237.0,71.0,3286.0
1783933452.8,20422,32624,594,315.0,71.0,3270.0
1783933453.4,20422,32624,594,368.0,71.0,3043.0
1783933454.0,20422,32624,594,263.0,71.0,2865.0
1783933454.6,20422,32624,594,313.0,71.0,2823.0
1783933455.2,20422,32624,594,298.0,71.0,3262.0
1783933455.8,20422,32624,594,316.0,71.0,3271.0
1783933456.4,20422,32624,594,323.0,71.0,3206.0
1783933456.9,20422,32624,594,268.0,71.0,2835.0
1783933457.5,20422,32624,594,304.0,71.0,2980.0
1783933458.1,20422,32624,594,306.0,71.0,3261.0
1783933458.7,20422,32624,594,297.0,71.0,3264.0
1783933459.3,20422,32624,594,305.0,71.0,3239.0
1783933459.9,20422,32624,594,269.0,71.0,2883.0
1783933460.5,20422,32624,594,299.0,71.0,3054.0
1783933461.1,20423,32624,594,221.0,71.0,3208.0
1783933461.7,20423,32624,594,337.0,71.0,2895.0
1783933462.3,20423,32624,594,216.0,71.0,3190.0
1783933462.9,20423,32624,594,309.0,71.0,3071.0
1783933463.5,20423,32624,594,304.0,71.0,3247.0
1783933464.1,20423,32624,594,338.0,71.0,3093.0
1783933464.7,20423,32624,594,303.0,71.0,2742.0
1783933465.3,20423,32624,594,302.0,71.0,3266.0
1783933465.9,20430,32624,594,315.0,71.0,3277.0
1783933466.5,20430,32624,594,324.0,71.0,2953.0
1783933467.0,20430,32624,594,342.0,71.0,3116.0
1783933467.6,20430,32624,594,311.0,71.0,3080.0
1783933468.2,20457,32624,596,357.0,71.0,3027.0
1783933468.8,20457,32624,596,367.0,71.0,3035.0
1783933469.4,20457,32624,596,296.0,71.0,2969.0
1783933470.0,20457,32624,596,291.0,71.0,2997.0
1783933470.6,20457,32624,596,319.0,71.0,3119.0
1783933471.2,20457,32624,596,306.0,71.0,3239.0
1783933471.8,20457,32624,596,374.0,71.0,3068.0
1783933472.4,20457,32624,596,335.0,71.0,2877.0
1783933473.0,20457,32624,594,311.0,71.0,3257.0
1783933473.6,20457,32624,594,282.0,71.0,3098.0
1783933474.1,20457,32624,594,388.0,71.0,3093.0
1783933474.7,20457,32624,594,176.0,71.0,2746.0
1783933475.3,20453,32624,594,311.0,71.0,2867.0
1783933475.9,20453,32624,594,356.0,71.0,3199.0
1783933476.5,20453,32624,594,302.0,71.0,3238.0
1783933477.1,20453,32624,594,309.0,71.0,3043.0
1783933477.7,20453,32624,594,338.0,71.0,2933.0
1783933478.3,20453,32624,594,343.0,71.0,3242.0
1783933478.9,20453,32624,594,316.0,71.0,3281.0
1783933479.5,20453,32624,594,308.0,71.0,3225.0
1783933480.1,20453,32624,594,330.0,71.0,2684.0
1783933480.6,20453,32624,594,311.0,71.0,3091.0
1783933481.2,20453,32624,594,305.0,71.0,2763.0
1783933481.8,20453,32624,594,327.0,71.0,2886.0
1783933482.4,20453,32624,594,298.0,71.0,3023.0
1783933483.0,20453,32624,594,323.0,71.0,2807.0
1783933483.6,20453,32624,594,316.0,71.0,2912.0
1783933484.2,20453,32624,594,325.0,71.0,2870.0
1783933484.8,20453,32624,594,372.0,71.0,3175.0
1783933485.4,20453,32624,594,310.0,71.0,2903.0
1783933486.0,20453,32624,594,401.0,71.0,3148.0
1783933486.5,20453,32624,594,261.0,71.0,2630.0
1783933487.1,20453,32624,594,283.0,71.0,2947.0
1783933487.7,20453,32624,594,319.0,71.0,3194.0
1783933488.3,20453,32624,594,360.0,71.0,3127.0
1783933488.9,20453,32624,594,274.0,71.0,3236.0
1783933489.5,20453,32624,594,272.0,71.0,3141.0
1783933490.1,20453,32624,594,342.0,71.0,2914.0
1783933490.7,20453,32624,594,304.0,71.0,3249.0
1783933491.3,20453,32624,594,322.0,71.0,3246.0
1783933491.9,20453,32624,594,297.0,71.0,2746.0
1783933492.5,20453,32624,594,307.0,71.0,2872.0
1783933493.0,20453,32624,594,309.0,71.0,3265.0
1783933493.6,20453,32624,594,307.0,71.0,2918.0
1783933494.2,20453,32624,594,316.0,71.0,2804.0
1783933494.8,20453,32624,594,312.0,71.0,2774.0
1783933495.4,20453,32624,594,322.0,71.0,3285.0
1783933496.0,20453,32624,594,301.0,71.0,3225.0
1783933496.6,20453,32624,594,223.0,71.0,3023.0
1783933497.2,20453,32624,594,338.0,71.0,3038.0
1783933497.8,20453,32624,594,324.0,71.0,2782.0
1783933498.4,20453,32624,594,266.0,71.0,3270.0
1783933499.0,20453,32624,594,342.0,71.0,3110.0
1783933499.6,20453,32624,594,311.0,71.0,3282.0
1783933500.2,20452,32624,594,310.0,71.0,3179.0
1783933500.7,20414,32624,600,305.0,71.0,3253.0
1783933501.3,20414,32624,600,314.0,71.0,3264.0
1783933501.9,20414,32624,600,376.0,71.0,3197.0
1783933502.5,20377,32624,600,389.0,71.0,3071.0
1783933503.1,20377,32624,600,306.0,71.0,3267.0
1783933503.7,20377,32624,600,316.0,71.0,3095.0
1783933504.3,20377,32624,600,308.0,71.0,3246.0
1783933504.9,20377,32624,600,304.0,71.0,2760.0
1783933505.5,20377,32624,600,304.0,71.0,3278.0
1783933506.1,20377,32624,600,311.0,71.0,3078.0
1783933506.7,20377,32624,600,306.0,71.0,3197.0
1783933507.2,20377,32624,600,327.0,71.0,3273.0
1783933507.8,20377,32624,600,342.0,71.0,3271.0
1783933508.4,20377,32624,600,310.0,71.0,3098.0
1783933509.0,20377,32624,600,343.0,71.0,3166.0
1783933509.6,20377,32624,600,336.0,71.0,2747.0
1783933510.2,20377,32624,600,263.0,71.0,2939.0
1783933510.8,20377,32624,600,273.0,71.0,3152.0
1783933511.4,20377,32624,600,315.0,71.0,3201.0
1783933512.0,20377,32624,600,185.0,69.0,2419.0
1783933512.6,20390,32624,600,309.0,70.0,2778.0
1783933513.2,20390,32624,600,342.0,71.0,2893.0
1783933513.8,20390,32624,600,323.0,71.0,2885.0
1783933514.4,20390,32624,600,317.0,71.0,3185.0
1783933515.0,20390,32624,600,318.0,71.0,2699.0
1783933515.5,20390,32624,600,317.0,71.0,2742.0
1783933516.1,20390,32624,600,308.0,71.0,3279.0
1783933516.7,20390,32624,600,307.0,71.0,3274.0
1783933517.3,20390,32624,600,321.0,71.0,2833.0
1783933517.9,20390,32624,600,323.0,71.0,3104.0
1783933518.5,20390,32624,600,226.0,71.0,2884.0
1783933519.1,20390,32624,600,323.0,71.0,3263.0
1783933519.7,20390,32624,600,308.0,71.0,3240.0
1783933520.3,20390,32624,600,323.0,71.0,3127.0
1783933520.9,20390,32624,600,332.0,71.0,3061.0
1783933521.5,20390,32624,600,287.0,71.0,3229.0
1783933522.1,20390,32624,600,312.0,71.0,2771.0
1783933522.7,20390,32624,600,286.0,71.0,2706.0
1783933523.2,20390,32624,600,351.0,71.0,2995.0
1783933523.8,20390,32624,600,218.0,71.0,2884.0
1783933524.4,20390,32624,600,227.0,71.0,2651.0
1783933525.0,20390,32624,600,303.0,71.0,3269.0
1783933525.6,20390,32624,600,328.0,71.0,3242.0
1783933526.2,20390,32624,600,294.0,71.0,3050.0
1783933526.8,20390,32624,600,317.0,71.0,2844.0
1783933527.4,20390,32624,600,285.0,71.0,3053.0
1783933528.0,20390,32624,600,251.0,71.0,3242.0
1783933528.6,20390,32624,600,331.0,71.0,2997.0
1783933529.2,20390,32624,600,360.0,71.0,3022.0
1783933529.8,20390,32624,600,312.0,71.0,3278.0
1783933530.4,20390,32624,600,323.0,71.0,2995.0
1783933531.0,20390,32624,600,313.0,71.0,2772.0
1783933531.5,20390,32624,600,301.0,71.0,3253.0
1783933532.1,20390,32624,600,324.0,71.0,2756.0
1783933532.7,20390,32624,600,323.0,71.0,3107.0
1783933533.3,20390,32624,600,306.0,71.0,2759.0
1783933533.9,20390,32624,600,320.0,71.0,2818.0
1783933534.5,20390,32624,600,246.0,71.0,2769.0
1783933535.1,20390,32624,600,366.0,71.0,3008.0
1783933535.7,20390,32624,600,314.0,71.0,3282.0
1783933536.3,20390,32624,600,248.0,71.0,3234.0
1783933536.9,20390,32624,600,253.0,71.0,3221.0
1783933537.5,20390,32624,600,339.0,71.0,2888.0
1783933538.1,20390,32624,600,152.0,71.0,3193.0
1783933538.7,20390,32624,600,335.0,71.0,2745.0
1783933539.3,20390,32624,600,323.0,71.0,3167.0
1783933539.8,20390,32624,600,301.0,71.0,2788.0
1783933540.4,20390,32624,600,170.0,71.0,2763.0
1783933541.0,20390,32624,600,318.0,71.0,3075.0
1783933541.6,20390,32624,600,318.0,71.0,2778.0
1783933542.2,20390,32624,600,308.0,71.0,3069.0
1783933542.8,20390,32624,600,303.0,71.0,3256.0
1783933543.4,20390,32624,600,325.0,71.0,3279.0
1783933544.0,20390,32624,600,299.0,71.0,3219.0
1783933544.6,20390,32624,600,315.0,71.0,2821.0
1783933545.2,20390,32624,600,297.0,71.0,3246.0
1783933545.8,20390,32624,600,292.0,71.0,3258.0
1783933546.4,20390,32624,600,314.0,71.0,3263.0
1783933547.0,20390,32624,600,333.0,71.0,3199.0
1783933547.5,20390,32624,600,310.0,71.0,3078.0
1783933548.1,20390,32624,600,303.0,71.0,2783.0
1783933548.7,20390,32624,600,336.0,71.0,2616.0
1783933549.3,20390,32624,600,129.0,71.0,2738.0
1783933549.9,20390,32624,600,309.0,71.0,2766.0
1783933550.5,20390,32624,600,299.0,71.0,3048.0
1783933551.1,20390,32624,600,334.0,71.0,3229.0
1783933551.7,20390,32624,600,305.0,71.0,2752.0
1783933552.3,20390,32624,600,309.0,71.0,3273.0
1783933552.9,20390,32624,600,307.0,71.0,2736.0
1783933553.5,20390,32624,600,407.0,71.0,3141.0
1783933554.1,20390,32624,600,364.0,71.0,3034.0
1783933554.7,20390,32624,600,321.0,71.0,3156.0
1783933555.3,20390,32624,600,175.0,71.0,2918.0
1783933555.9,20390,32624,600,257.0,71.0,2780.0
1783933556.5,20390,32624,600,262.0,71.0,2134.0
1783933557.1,20390,32624,600,332.0,71.0,3087.0
1783933557.7,20390,32624,600,345.0,71.0,3076.0
1783933558.2,20390,32624,600,308.0,71.0,2794.0
1783933558.8,20390,32624,600,293.0,71.0,3253.0
1783933559.4,20390,32624,600,202.0,71.0,3258.0
1783933560.0,20386,32624,600,325.0,71.0,3250.0
1783933560.6,20367,32624,596,236.0,71.0,3099.0
1783933561.2,20367,32624,596,298.0,71.0,3274.0
1783933561.8,20367,32624,596,262.0,71.0,2731.0
1783933562.4,20367,32624,596,239.0,71.0,2920.0
1783933563.0,20367,32624,596,332.0,71.0,2890.0
1783933563.6,20367,32624,596,355.0,71.0,3167.0
1783933564.2,20367,32624,596,357.0,71.0,3007.0
1783933564.8,20367,32624,596,310.0,71.0,2791.0
1783933565.4,20367,32624,596,191.0,71.0,2715.0
1783933566.0,20367,32624,596,331.0,71.0,3269.0
1783933566.6,20367,32624,596,283.0,71.0,2851.0
1783933567.1,20367,32624,596,167.0,71.0,2648.0
1783933567.7,20367,32624,596,333.0,71.0,2856.0
1783933568.3,20367,32624,596,410.0,71.0,3174.0
1783933568.9,20367,32624,596,319.0,71.0,3205.0
1783933569.5,20367,32624,596,202.0,71.0,3103.0
1783933570.1,20367,32624,596,298.0,71.0,2743.0
1783933570.7,20367,32624,596,307.0,71.0,3282.0
1783933571.3,20367,32624,596,351.0,71.0,2907.0
1783933571.9,20367,32624,596,320.0,71.0,3287.0
1783933572.5,20367,32624,596,209.0,71.0,3061.0
1783933573.1,20367,32624,596,300.0,71.0,3087.0
1783933573.7,20367,32624,596,360.0,71.0,3040.0
1783933574.3,20367,32624,596,307.0,71.0,2756.0
1783933574.8,20367,32624,596,305.0,72.0,3258.0
1783933575.4,20367,32624,596,357.0,71.0,3001.0
1783933576.0,20367,32624,596,188.0,71.0,3186.0
1783933576.6,20367,32624,592,61.0,70.0,1654.0
1783933577.2,755,32624,92,33.0,69.0,0.0
1783933577.8,742,32624,76,15.0,68.0,0.0
1783933578.4,742,32624,76,16.0,67.0,0.0
1783933579.0,742,32624,76,14.0,66.0,0.0
1783933579.6,742,32624,76,15.0,66.0,0.0
1783933580.2,742,32624,76,15.0,65.0,0.0
1783933580.8,753,32624,76,28.0,66.0,0.0
1783933581.4,753,32624,76,22.0,65.0,20.0
1783933582.0,753,32624,76,16.0,65.0,0.0
1783933582.6,753,32624,76,15.0,64.0,0.0
1783933583.2,753,32624,76,14.0,64.0,0.0
1783933583.8,753,32624,76,15.0,63.0,0.0
1783933584.4,753,32624,76,14.0,63.0,0.0
1783933584.9,753,32624,76,14.0,63.0,0.0
1783933585.5,753,32624,76,14.0,62.0,0.0
1783933586.1,753,32624,76,15.0,62.0,0.0
1783933586.7,753,32624,76,14.0,61.0,0.0
1783933587.3,753,32624,76,14.0,61.0,0.0
1783933587.9,753,32624,76,15.0,61.0,0.0
1783933588.5,753,32624,76,13.0,61.0,0.0
1783933589.1,753,32624,76,14.0,60.0,0.0
1783933589.7,753,32624,76,15.0,60.0,0.0
1783933590.3,753,32624,76,16.0,60.0,0.0
1783933590.9,753,32624,76,14.0,59.0,0.0
1783933591.5,753,32624,76,13.0,59.0,0.0
1783933592.1,753,32624,76,13.0,59.0,0.0
1783933592.7,753,32624,76,14.0,58.0,0.0
1783933593.3,753,32624,76,14.0,58.0,0.0
1783933593.9,753,32624,76,14.0,58.0,0.0
1783933594.5,753,32624,76,13.0,58.0,0.0
1783933595.0,753,32624,76,14.0,57.0,0.0
1783933595.6,753,32624,76,14.0,57.0,0.0
1783933596.2,753,32624,76,13.0,57.0,0.0
1783933596.8,753,32624,76,14.0,57.0,0.0
1783933597.4,753,32624,76,14.0,56.0,0.0
1783933598.0,753,32624,76,15.0,56.0,0.0
1783933598.6,753,32624,76,13.0,56.0,0.0
1783933599.2,16375,32624,76,20.0,56.0,0.0
1783933599.8,16375,32624,76,19.0,56.0,0.0
1783933600.4,16375,32624,76,19.0,55.0,0.0
1783933601.0,16375,32624,76,18.0,55.0,0.0
1783933601.6,16375,32624,76,19.0,55.0,0.0
1783933602.2,16375,32624,76,18.0,55.0,0.0
1783933602.8,16375,32624,76,14.0,55.0,0.0
1783933603.4,16375,32624,76,19.0,54.0,0.0
1783933604.0,19321,32624,77,82.0,54.0,1826.0
1783933604.6,20639,32624,497,31.0,55.0,0.0
1783933605.2,20641,32624,577,111.0,54.0,1815.0
1783933605.8,20647,32624,585,39.0,55.0,0.0
1783933606.4,20648,32624,585,176.0,56.0,1730.0
1783933607.0,20648,32624,585,300.0,57.0,2519.0
1783933607.6,20648,32624,585,301.0,58.0,2688.0
1783933608.2,20648,32624,585,270.0,58.0,3042.0
1783933608.8,20648,32624,585,276.0,59.0,2916.0
1783933609.4,20648,32624,585,247.0,59.0,2563.0
1783933610.0,20648,32624,585,298.0,59.0,2576.0
1783933610.6,20648,32624,585,297.0,59.0,2636.0
1783933611.2,20648,32624,585,320.0,60.0,2666.0
1783933611.7,20648,32624,585,336.0,60.0,2681.0
1783933612.3,20648,32624,585,319.0,60.0,2659.0
1783933612.9,20648,32624,585,353.0,60.0,2813.0
1783933613.5,20648,32624,585,339.0,61.0,2878.0
1783933614.1,20648,32624,585,274.0,61.0,2898.0
1783933614.7,20648,32624,585,257.0,61.0,2802.0
1783933615.3,20648,32624,585,302.0,61.0,2527.0
1783933615.9,20648,32624,585,308.0,62.0,2638.0
1783933616.5,20648,32624,585,277.0,62.0,2609.0
1783933617.1,20648,32624,585,329.0,62.0,2663.0
1783933617.7,20648,32624,585,330.0,62.0,2756.0
1783933618.3,20648,32624,585,421.0,63.0,2995.0
1783933618.9,20648,32624,585,275.0,63.0,3061.0
1783933619.5,20648,32624,585,265.0,63.0,2964.0
1783933620.1,20648,32624,585,149.0,63.0,2588.0
1783933620.7,20648,32624,585,289.0,63.0,2541.0
1783933621.3,20648,32624,585,284.0,63.0,2538.0
1783933621.9,20648,32624,585,333.0,63.0,2728.0
1783933622.5,20648,32624,585,277.0,64.0,2999.0
1783933623.0,20648,32624,585,176.0,64.0,2557.0
1783933623.6,20648,32624,585,276.0,64.0,2537.0
1783933624.2,20648,32624,585,327.0,64.0,2609.0
1783933624.8,20648,32624,585,357.0,64.0,2822.0
1783933625.4,20648,32624,585,283.0,64.0,2992.0
1783933626.0,20648,32624,585,167.0,64.0,2475.0
1783933626.6,20648,32624,585,294.0,65.0,2608.0
1783933627.2,20648,32624,585,247.0,65.0,2539.0
1783933627.8,20648,32624,585,304.0,65.0,2704.0
1783933628.4,20648,32624,585,395.0,65.0,2939.0
1783933629.0,20648,32624,585,189.0,65.0,2746.0
1783933629.6,20643,32624,589,303.0,65.0,2523.0
1783933630.2,20643,32624,589,317.0,65.0,2665.0
1783933630.8,20643,32624,589,95.0,65.0,3037.0
1783933631.4,20643,32624,589,129.0,65.0,2574.0
1783933632.0,20643,32624,589,306.0,66.0,2546.0
1783933632.6,20643,32624,589,342.0,66.0,2661.0
1783933633.2,20643,32624,589,366.0,66.0,2817.0
1783933633.7,20643,32624,589,309.0,66.0,3011.0
1783933634.3,20643,32624,589,248.0,66.0,2794.0
1783933634.9,20643,32624,589,323.0,66.0,2653.0
1783933635.5,20643,32624,589,323.0,66.0,2676.0
1783933636.1,20643,32624,589,323.0,66.0,2897.0
1783933636.7,20643,32624,589,179.0,66.0,2699.0
1783933637.3,20643,32624,589,309.0,66.0,2646.0
1783933637.9,20643,32624,589,362.0,66.0,2845.0
1783933638.5,20643,32624,589,271.0,67.0,3005.0
1783933639.1,20643,32624,589,245.0,67.0,2710.0
1783933639.7,20643,32624,589,260.0,67.0,2576.0
1783933640.3,20643,32624,589,307.0,67.0,2538.0
1783933640.9,20643,32624,589,326.0,67.0,2698.0
1783933641.5,20643,32624,589,378.0,67.0,3075.0
1783933642.1,20643,32624,589,326.0,67.0,2616.0
1783933642.7,20643,32624,589,294.0,67.0,2582.0
1783933643.3,20643,32624,589,354.0,67.0,2710.0
1783933643.9,20643,32624,589,284.0,67.0,2922.0
1783933644.5,20643,32624,589,132.0,67.0,2404.0
1783933645.0,20643,32624,589,315.0,68.0,2597.0
1783933645.6,20643,32624,589,336.0,67.0,2781.0
1783933646.2,20643,32624,589,207.0,68.0,2801.0
1783933646.8,20643,32624,589,312.0,67.0,2622.0
1783933647.4,20643,32624,589,353.0,67.0,2829.0
1783933648.0,20643,32624,589,250.0,68.0,2776.0
1783933648.6,20643,32624,589,292.0,68.0,2526.0
1783933649.2,20643,32624,589,321.0,68.0,2602.0
1783933649.8,20643,32624,589,374.0,68.0,2866.0
1783933650.4,20643,32624,589,238.0,68.0,2756.0
1783933651.0,20643,32624,589,284.0,68.0,2533.0
1783933651.6,20643,32624,589,396.0,68.0,2918.0
1783933652.2,20643,32624,589,168.0,68.0,2606.0
1783933652.8,20643,32624,589,314.0,68.0,2552.0
1783933653.4,20643,32624,589,347.0,68.0,2751.0
1783933654.0,20643,32624,589,144.0,68.0,2585.0
1783933654.6,20643,32624,589,352.0,68.0,2703.0
1783933655.2,20643,32624,589,354.0,69.0,2799.0
1783933655.8,20643,32624,589,185.0,68.0,2543.0
1783933656.4,20643,32624,589,282.0,68.0,2509.0
1783933657.0,20643,32624,589,368.0,69.0,2793.0
1783933657.5,20643,32624,589,269.0,69.0,2850.0
1783933658.1,20643,32624,589,294.0,69.0,2555.0
1783933658.7,20643,32624,589,352.0,69.0,2806.0
1783933659.3,20643,32624,589,272.0,69.0,2847.0
1783933659.9,20643,32624,589,328.0,69.0,2599.0
1783933660.5,20643,32624,589,400.0,69.0,2887.0
1783933661.1,20643,32624,589,115.0,69.0,2613.0
1783933661.7,20643,32624,589,311.0,69.0,2641.0
1783933662.3,20643,32624,589,339.0,69.0,2946.0
1783933662.9,20643,32624,589,153.0,69.0,2532.0
1783933663.5,20643,32624,589,314.0,69.0,2606.0
1783933664.1,20643,32624,589,237.0,69.0,2897.0
1783933664.7,20643,32624,589,321.0,69.0,2548.0
1783933665.3,20643,32624,589,322.0,69.0,2643.0
1783933665.9,20643,32624,589,272.0,69.0,2873.0
1783933666.5,20643,32624,589,294.0,69.0,2582.0
1783933667.1,20643,32624,589,294.0,69.0,2628.0
1783933667.6,20643,32624,589,268.0,69.0,2791.0
1783933668.2,20643,32624,589,290.0,69.0,2546.0
1783933668.8,20643,32624,589,348.0,69.0,2768.0
1783933669.4,20643,32624,589,270.0,69.0,2576.0
1783933670.0,20643,32624,589,331.0,69.0,2647.0
1783933670.6,20643,32624,589,205.0,69.0,2940.0
1783933671.2,20643,32624,589,305.0,69.0,2656.0
1783933671.8,20643,32624,589,368.0,69.0,2801.0
1783933672.4,20643,32624,589,309.0,69.0,2531.0
1783933673.0,20643,32624,589,326.0,69.0,2616.0
1783933673.6,20643,32624,589,310.0,69.0,3039.0
1783933674.2,20643,32624,589,286.0,69.0,2580.0
1783933674.8,20643,32624,589,386.0,69.0,2837.0
1783933675.4,20643,32624,589,297.0,69.0,2510.0
1783933676.0,20643,32624,589,352.0,69.0,2816.0
1783933676.6,20643,32624,589,103.0,69.0,2612.0
1783933677.2,20643,32624,589,310.0,70.0,2643.0
1783933677.8,20643,32624,589,270.0,70.0,2862.0
1783933678.3,20643,32624,589,304.0,70.0,2597.0
1783933678.9,20643,32624,589,298.0,70.0,3033.0
1783933679.5,20643,32624,589,283.0,69.0,2519.0
1783933680.1,20643,32624,589,302.0,69.0,2642.0
1783933680.7,20643,32624,589,244.0,70.0,2796.0
1783933681.3,20643,32624,589,327.0,70.0,2605.0
1783933681.9,20643,32624,589,390.0,70.0,2869.0
1783933682.5,20643,32624,589,308.0,70.0,2615.0
1783933683.1,20643,32624,589,349.0,70.0,2759.0
1783933683.7,20643,32624,589,193.0,70.0,2531.0
1783933684.3,20643,32624,589,318.0,70.0,2734.0
1783933684.9,20643,32624,589,106.0,70.0,2566.0
1783933685.5,20643,32624,589,333.0,70.0,2681.0
1783933686.1,20643,32624,589,273.0,70.0,2900.0
1783933686.7,20643,32624,589,304.0,70.0,2584.0
1783933687.3,20643,32624,589,372.0,70.0,2895.0
1783933687.9,20643,32624,589,264.0,70.0,2498.0
1783933688.5,20643,32624,589,299.0,70.0,2966.0
1783933689.1,20643,32624,589,43.0,68.0,0.0
1783933689.7,20643,32624,598,269.0,68.0,2564.0
1783933690.3,20643,32624,598,303.0,69.0,2581.0
1783933690.8,20643,32624,598,307.0,70.0,2627.0
1783933691.4,20643,32624,598,362.0,70.0,2775.0
1783933692.0,20643,32624,598,270.0,70.0,2874.0
1783933692.6,20643,32624,598,335.0,70.0,2469.0
1783933693.2,20643,32624,598,303.0,70.0,2540.0
1783933693.8,20643,32624,598,317.0,70.0,2570.0
1783933694.4,20643,32624,598,341.0,70.0,2722.0
1783933695.0,20643,32624,598,284.0,70.0,2966.0
1783933695.6,20643,32624,598,299.0,70.0,2595.0
1783933696.2,20643,32624,598,304.0,70.0,2612.0
1783933696.8,20643,32624,598,359.0,70.0,2756.0
1783933697.4,20643,32624,598,270.0,70.0,2876.0
1783933698.0,20643,32624,598,308.0,70.0,2559.0
1783933698.6,20643,32624,598,347.0,70.0,2713.0
1783933699.1,20643,32624,598,295.0,70.0,2913.0
1783933699.7,20643,32624,598,153.0,70.0,2603.0
1783933700.3,20643,32624,598,311.0,70.0,2551.0
1783933700.9,20643,32624,598,322.0,70.0,2679.0
1783933701.5,20643,32624,598,344.0,70.0,2921.0
1783933702.1,20643,32624,598,232.0,70.0,2547.0
1783933702.7,20643,32624,598,319.0,70.0,2609.0
1783933703.3,20643,32624,598,346.0,70.0,2686.0
1783933703.9,20643,32624,598,285.0,70.0,2924.0
1783933704.5,20643,32624,598,331.0,70.0,2530.0
1783933705.1,20643,32624,598,311.0,70.0,2579.0
1783933705.7,20643,32624,598,379.0,70.0,2823.0
1783933706.3,20643,32624,598,202.0,70.0,2668.0
1783933706.8,20643,32624,598,319.0,70.0,2621.0
1783933707.4,20643,32624,598,331.0,70.0,2749.0
1783933708.0,20643,32624,598,266.0,70.0,2805.0
1783933708.6,20643,32624,598,270.0,70.0,2524.0
1783933709.2,20643,32624,598,321.0,70.0,2666.0
1783933709.8,20643,32624,598,192.0,70.0,2697.0
1783933710.4,20643,32624,598,286.0,70.0,2586.0
1783933711.0,20643,32624,598,331.0,70.0,2666.0
1783933711.6,20643,32624,598,269.0,70.0,2909.0
1783933712.2,20643,32624,598,223.0,70.0,2501.0
1783933712.8,20643,32624,598,281.0,70.0,2448.0
1783933713.3,20643,32624,598,327.0,70.0,2659.0
1783933713.9,20643,32624,598,268.0,70.0,2812.0
1783933714.5,20643,32624,598,340.0,70.0,2631.0
1783933715.1,20643,32624,598,301.0,70.0,2639.0
1783933715.7,20643,32624,598,314.0,70.0,2812.0
1783933716.3,20643,32624,598,336.0,70.0,2524.0
1783933716.9,20643,32624,598,310.0,70.0,2559.0
1783933717.5,20643,32624,598,343.0,70.0,2859.0
1783933718.1,20643,32624,598,317.0,70.0,2564.0
1783933718.7,20643,32624,598,305.0,71.0,2564.0
1783933719.3,20643,32624,598,353.0,70.0,2799.0
1783933719.8,20643,32624,598,203.0,70.0,2547.0
1783933720.4,20643,32624,598,276.0,70.0,2588.0
1783933721.0,20643,32624,598,356.0,70.0,2770.0
1783933721.6,20643,32624,598,208.0,71.0,2482.0
1783933722.2,20643,32624,598,316.0,71.0,2593.0
1783933722.8,20643,32624,598,374.0,71.0,2828.0
1783933723.4,20640,32624,598,252.0,71.0,2725.0
1783933724.0,20644,32624,598,288.0,71.0,2585.0
1783933724.6,20644,32624,598,340.0,71.0,2763.0
1783933725.2,20644,32624,598,190.0,70.0,2656.0
1783933725.8,20644,32624,594,313.0,71.0,2561.0
1783933726.4,20644,32624,594,340.0,71.0,2721.0
1783933726.9,20644,32624,594,275.0,70.0,2591.0
1783933727.5,20644,32624,594,313.0,71.0,2701.0
1783933728.1,20644,32624,594,371.0,71.0,2815.0
1783933728.7,20644,32624,594,161.0,71.0,2396.0
1783933729.3,20644,32624,594,318.0,71.0,2618.0
1783933729.9,20644,32624,594,274.0,71.0,2859.0
1783933730.5,20644,32624,594,322.0,71.0,2577.0
1783933731.1,20644,32624,594,327.0,71.0,2935.0
1783933731.7,20644,32624,594,301.0,71.0,2560.0
1783933732.3,20644,32624,594,310.0,71.0,2635.0
1783933732.9,20644,32624,594,294.0,71.0,2883.0
1783933733.5,20644,32624,594,321.0,71.0,2579.0
1783933734.0,20644,32624,594,330.0,71.0,2688.0
1783933734.6,20644,32624,594,243.0,71.0,2637.0
1783933735.2,20644,32624,594,283.0,71.0,2509.0
1783933735.8,20644,32624,594,337.0,71.0,2699.0
1783933736.4,20644,32624,594,172.0,71.0,2565.0
1783933737.0,20644,32624,594,301.0,71.0,2558.0
1783933737.6,20644,32624,594,330.0,71.0,2887.0
1783933738.2,20644,32624,594,295.0,71.0,2529.0
1783933738.8,20644,32624,594,328.0,71.0,2707.0
1783933739.4,20644,32624,594,229.0,71.0,2557.0
1783933740.0,20644,32624,594,305.0,71.0,2619.0
1783933740.5,20644,32624,594,266.0,71.0,2849.0
1783933741.1,20644,32624,594,331.0,71.0,2594.0
1783933741.7,20644,32624,594,245.0,71.0,2679.0
1783933742.3,20644,32624,594,297.0,71.0,2558.0
1783933742.9,20644,32624,594,363.0,71.0,2786.0
1783933743.5,20644,32624,594,295.0,71.0,2541.0
1783933744.1,20644,32624,594,337.0,71.0,2691.0
1783933744.7,20644,32624,594,249.0,71.0,2554.0
1783933745.3,20644,32624,594,324.0,71.0,2665.0
1783933745.9,20644,32624,594,288.0,71.0,2878.0
1783933746.5,20645,32624,598,310.0,71.0,2642.0
1783933747.1,20645,32624,598,261.0,71.0,2812.0
1783933747.7,20645,32624,598,338.0,71.0,2610.0
1783933748.2,20645,32624,598,263.0,71.0,2815.0
1783933748.8,20645,32624,598,318.0,71.0,2593.0
1783933749.4,20645,32624,598,345.0,71.0,2906.0
1783933750.0,20645,32624,598,311.0,71.0,2577.0
1783933750.6,20645,32624,598,346.0,71.0,2715.0
1783933751.2,20645,32624,598,280.0,71.0,2516.0
1783933751.8,20645,32624,598,336.0,71.0,2694.0
1783933752.4,20641,32624,598,193.0,71.0,2608.0
1783933753.0,20641,32624,598,314.0,71.0,2596.0
1783933753.6,20641,32624,598,269.0,71.0,2818.0
1783933754.2,20641,32624,598,291.0,71.0,2584.0
1783933754.8,20641,32624,598,268.0,71.0,2902.0
1783933755.3,20641,32624,598,302.0,71.0,2594.0
1783933755.9,20641,32624,598,275.0,71.0,2914.0
1783933756.5,20641,32624,598,325.0,71.0,2620.0
1783933757.1,20641,32624,598,358.0,71.0,2826.0
1783933757.7,20641,32624,598,308.0,71.0,2505.0
1783933758.3,20641,32624,598,326.0,71.0,2631.0
1783933758.9,20641,32624,598,252.0,71.0,2731.0
1783933759.5,20641,32624,598,303.0,71.0,2565.0
1783933760.1,20641,32624,598,278.0,71.0,2865.0
1783933760.7,20641,32624,598,309.0,71.0,2531.0
1783933761.3,20641,32624,598,338.0,71.0,2890.0
1783933761.9,20641,32624,598,331.0,71.0,2570.0
1783933762.5,20641,32624,598,307.0,71.0,2890.0
1783933763.1,20641,32624,598,311.0,71.0,2590.0
1783933763.7,20641,32624,598,338.0,71.0,2729.0
1783933764.2,20641,32624,598,289.0,71.0,2516.0
1783933764.8,20641,32624,598,310.0,71.0,2650.0
1783933765.4,20641,32624,598,263.0,71.0,2793.0
1783933766.0,20641,32624,598,314.0,71.0,2599.0
1783933766.6,20641,32624,598,274.0,72.0,2893.0
1783933767.2,20641,32624,598,323.0,71.0,2562.0
1783933767.8,20641,32624,598,251.0,71.0,2853.0
1783933768.4,20641,32624,598,310.0,71.0,2542.0
1783933769.0,20641,32624,598,402.0,71.0,2876.0
1783933769.6,20641,32624,598,285.0,71.0,2564.0
1783933770.2,20641,32624,598,358.0,71.0,2716.0
1783933770.8,20641,32624,598,277.0,71.0,2477.0
1783933771.3,20641,32624,598,317.0,71.0,2653.0
1783933771.9,20641,32624,598,157.0,71.0,2546.0
1783933772.5,20641,32624,598,297.0,71.0,2603.0
1783933773.1,20641,32624,598,173.0,71.0,2577.0
1783933773.7,20641,32624,598,328.0,71.0,2660.0
1783933774.3,20641,32624,598,160.0,71.0,2521.0
1783933774.9,20641,32624,598,336.0,71.0,2678.0
1783933775.5,20641,32624,598,130.0,71.0,2553.0
1783933776.1,20641,32624,598,336.0,71.0,2714.0
1783933776.7,20641,32624,598,276.0,71.0,2569.0
1783933777.3,20641,32624,598,309.0,71.0,2705.0
1783933777.9,20641,32624,598,154.0,71.0,2585.0
1783933778.5,20641,32624,598,318.0,71.0,2589.0
1783933779.0,20641,32624,598,140.0,71.0,2538.0
1783933779.6,20641,32624,598,315.0,71.0,2684.0
1783933780.2,20641,32624,598,291.0,71.0,2527.0
1783933780.8,20641,32624,598,362.0,71.0,2792.0
1783933781.4,20641,32624,598,278.0,71.0,2511.0
1783933782.0,20641,32624,598,356.0,71.0,2763.0
1783933782.6,20641,32624,598,304.0,71.0,2498.0
1783933783.2,20641,32624,598,318.0,71.0,2896.0
1783933783.8,20641,32624,598,305.0,71.0,2572.0
1783933784.4,20641,32624,598,293.0,71.0,2960.0
1783933785.0,20641,32624,598,286.0,72.0,2518.0
1783933785.6,20641,32624,598,307.0,71.0,2978.0
1783933786.1,20641,32624,598,315.0,71.0,2657.0
1783933786.7,20641,32624,598,246.0,71.0,2858.0
1783933787.3,20641,32624,598,298.0,71.0,2617.0
1783933787.9,20641,32624,598,310.0,71.0,2584.0
1783933788.5,20641,32624,598,338.0,71.0,2781.0
1783933789.1,20641,32624,598,301.0,71.0,2610.0
1783933789.7,20641,32624,598,255.0,71.0,2854.0
1783933790.3,20641,32624,598,332.0,71.0,2646.0
1783933790.9,20641,32624,598,132.0,71.0,2677.0
1783933791.5,20641,32624,598,351.0,71.0,2767.0
1783933792.1,20641,32624,598,312.0,71.0,2545.0
1783933792.7,20641,32624,598,375.0,71.0,2862.0
1783933793.3,20641,32624,598,329.0,71.0,2605.0
1783933793.9,20641,32624,598,194.0,71.0,2443.0
1783933794.5,20641,32624,598,349.0,71.0,2755.0
1783933795.1,20641,32624,598,309.0,71.0,2535.0
1783933795.6,20641,32624,598,45.0,70.0,0.0
1783933796.2,20641,32624,602,158.0,69.0,2427.0
1783933796.8,20641,32624,602,219.0,70.0,2665.0
1783933797.4,20641,32624,602,329.0,71.0,2556.0
1783933798.0,20641,32624,602,313.0,71.0,2633.0
1783933798.6,20641,32624,602,305.0,71.0,2640.0
1783933799.2,20641,32624,602,370.0,71.0,2855.0
1783933799.8,20641,32624,602,281.0,71.0,2913.0
1783933800.4,20641,32624,602,284.0,70.0,2493.0
1783933801.0,20641,32624,602,331.0,71.0,2580.0
1783933801.6,20641,32624,602,361.0,71.0,2775.0
1783933802.2,20641,32624,602,244.0,71.0,2794.0
1783933802.8,20641,32624,602,319.0,71.0,2604.0
1783933803.4,20641,32624,602,181.0,71.0,2710.0
1783933804.0,20641,32624,602,304.0,71.0,2554.0
1783933804.6,20641,32624,602,296.0,71.0,2513.0
1783933805.2,20641,32624,602,333.0,71.0,2634.0
1783933805.7,20641,32624,602,312.0,71.0,2937.0
1783933806.3,20641,32624,602,167.0,71.0,2495.0
1783933806.9,20641,32624,602,327.0,71.0,2538.0
1783933807.5,20641,32624,602,304.0,71.0,2609.0
1783933808.1,20641,32624,602,310.0,71.0,2713.0
1783933808.7,20641,32624,602,252.0,71.0,2756.0
1783933809.3,20641,32624,602,276.0,71.0,2495.0
1783933809.9,20641,32624,602,287.0,71.0,2509.0
1783933810.5,20641,32624,602,336.0,71.0,2753.0
1783933811.1,20641,32624,602,266.0,71.0,2852.0
1783933811.7,20641,32624,602,258.0,71.0,2524.0
1783933812.3,20641,32624,602,321.0,71.0,2630.0
1783933812.9,20641,32624,602,325.0,71.0,2665.0
1783933813.5,20641,32624,602,364.0,71.0,2814.0
1783933814.1,20641,32624,602,43.0,70.0,0.0
1783933814.7,20641,32624,602,319.0,70.0,2646.0
1783933815.3,20641,32624,602,345.0,71.0,2779.0
1783933815.8,20641,32624,602,295.0,71.0,2873.0
1783933816.4,20641,32624,602,257.0,71.0,2510.0
1783933817.0,20641,32624,602,300.0,71.0,2530.0
1783933817.6,20641,32624,602,276.0,71.0,2591.0
1783933818.2,20641,32624,602,334.0,71.0,2702.0
1783933818.8,20641,32624,602,304.0,71.0,2946.0
1783933819.4,20641,32624,602,189.0,71.0,2691.0
1783933820.0,20641,32624,602,321.0,71.0,2592.0
1783933820.6,20641,32624,602,324.0,71.0,2650.0
1783933821.2,20641,32624,602,351.0,71.0,2786.0
1783933821.8,20641,32624,602,272.0,71.0,2819.0
1783933822.4,20641,32624,602,276.0,71.0,2468.0
1783933823.0,20641,32624,602,314.0,71.0,2555.0
1783933823.5,20641,32624,602,323.0,71.0,2669.0
1783933824.1,20641,32624,602,323.0,71.0,2640.0
1783933824.7,20641,32624,602,382.0,71.0,2814.0
1783933825.3,20641,32624,602,266.0,71.0,2814.0
1783933825.9,20641,32624,602,345.0,71.0,2533.0
1783933826.5,20641,32624,602,300.0,71.0,2605.0
1783933827.1,20641,32624,602,311.0,71.0,2584.0
1783933827.7,20641,32624,602,370.0,71.0,2840.0
1783933828.3,20641,32624,602,308.0,71.0,2787.0
1783933828.9,20641,32624,602,211.0,71.0,2520.0
1783933829.5,20641,32624,602,320.0,71.0,2470.0
1783933830.1,20641,32624,602,331.0,71.0,2583.0
1783933830.7,20641,32624,602,348.0,71.0,2746.0
1783933831.3,20641,32624,602,304.0,71.0,2909.0
1783933831.9,20641,32624,602,257.0,71.0,2818.0
1783933832.4,20641,32624,602,288.0,71.0,2548.0
1783933833.0,20641,32624,602,286.0,71.0,2525.0
1783933833.6,20641,32624,602,335.0,71.0,2642.0
1783933834.2,20641,32624,602,315.0,71.0,2920.0
1783933834.8,20641,32624,602,187.0,71.0,2657.0
1783933835.4,20641,32624,602,297.0,71.0,2529.0
1783933836.0,20641,32624,602,298.0,71.0,2652.0
1783933836.6,20641,32624,602,312.0,71.0,2954.0
1783933837.2,20641,32624,602,303.0,71.0,2574.0
1783933837.8,20641,32624,602,327.0,71.0,2640.0
1783933838.4,20641,32624,602,353.0,71.0,2774.0
1783933839.0,20641,32624,602,252.0,71.0,2757.0
1783933839.6,20641,32624,602,332.0,71.0,2494.0
1783933840.2,20641,32624,602,339.0,72.0,2567.0
1783933840.8,20645,32624,602,289.0,71.0,2556.0
1783933841.4,20645,32624,602,43.0,70.0,0.0
1783933842.0,20645,32624,602,272.0,71.0,2981.0
1783933842.6,20645,32624,602,257.0,71.0,2681.0
1783933843.2,20645,32624,602,321.0,71.0,2564.0
1783933843.8,20645,32624,602,324.0,71.0,2599.0
1783933844.3,20645,32624,602,333.0,71.0,2671.0
1783933844.9,20645,32624,602,375.0,71.0,2812.0
1783933845.5,20645,32624,602,216.0,71.0,2720.0
1783933846.1,20645,32624,602,236.0,71.0,2564.0
1783933846.7,20645,32624,602,324.0,71.0,2574.0
1783933847.3,20645,32624,602,291.0,71.0,2527.0
1783933847.9,20645,32624,602,331.0,71.0,2671.0
1783933848.5,20645,32624,602,371.0,71.0,2801.0
1783933849.1,20645,32624,602,234.0,71.0,2723.0
1783933849.7,20645,32624,602,269.0,71.0,2543.0
1783933850.3,20645,32624,602,295.0,71.0,2566.0
1783933850.9,20645,32624,602,337.0,71.0,2729.0
1783933851.5,20645,32624,602,276.0,71.0,2865.0
1783933852.1,20645,32624,602,303.0,71.0,2559.0
1783933852.7,20645,32624,602,284.0,71.0,2511.0
1783933853.2,20645,32624,602,343.0,71.0,2758.0
1783933853.8,20645,32624,602,275.0,72.0,2796.0
1783933854.4,20645,32624,602,326.0,71.0,2597.0
1783933855.0,20645,32624,602,282.0,71.0,2571.0
1783933855.6,20645,32624,602,360.0,71.0,2821.0
1783933856.2,20645,32624,602,226.0,71.0,2527.0
1783933856.8,20645,32624,602,293.0,71.0,2591.0
1783933857.4,20645,32624,602,299.0,71.0,2626.0
1783933858.0,20645,32624,602,289.0,71.0,2904.0
1783933858.6,20645,32624,602,142.0,71.0,2443.0
1783933859.2,20645,32624,602,296.0,71.0,2556.0
1783933859.8,20645,32624,602,280.0,71.0,2634.0
1783933860.4,20645,32624,602,258.0,71.0,2849.0
1783933861.0,20645,32624,602,306.0,71.0,2496.0
1783933861.6,20645,32624,602,333.0,71.0,2598.0
1783933862.1,20645,32624,602,369.0,71.0,2778.0
1783933862.7,20645,32624,602,170.0,71.0,2646.0
1783933863.3,20645,32624,602,319.0,71.0,2586.0
1783933863.9,20645,32624,602,312.0,71.0,2620.0
1783933864.5,20645,32624,602,387.0,71.0,2831.0
1783933865.1,20645,32624,602,319.0,71.0,2548.0
1783933865.7,20645,32624,602,293.0,71.0,2546.0
1783933866.3,20645,32624,602,345.0,71.0,2747.0
1783933866.9,20645,32624,602,213.0,71.0,2698.0
1783933867.5,20645,32624,602,333.0,71.0,2561.0
1783933868.1,20645,32624,602,326.0,71.0,2593.0
1783933868.7,20645,32624,602,329.0,71.0,2817.0
1783933869.2,20645,32624,602,139.0,71.0,2563.0
1783933869.8,20645,32624,602,319.0,71.0,2534.0
1783933870.4,20645,32624,602,353.0,71.0,2749.0
1783933871.0,20645,32624,602,253.0,71.0,2773.0
1783933871.6,20645,32624,602,331.0,71.0,2554.0
1783933872.2,20645,32624,602,329.0,71.0,2689.0
1783933872.8,20645,32624,602,289.0,71.0,2893.0
1783933873.4,20645,32624,602,262.0,71.0,2776.0
1783933874.0,20645,32624,602,317.0,71.0,2626.0
1783933874.6,20645,32624,602,334.0,71.0,2626.0
1783933875.2,20645,32624,602,272.0,71.0,2817.0
1783933875.8,20645,32624,602,298.0,71.0,2558.0
1783933876.4,20645,32624,602,342.0,71.0,2603.0
1783933877.0,20645,32624,602,271.0,71.0,2739.0
1783933877.5,20645,32624,602,345.0,71.0,2562.0
1783933878.1,20645,32624,602,335.0,71.0,2650.0
1783933878.7,20645,32624,602,302.0,71.0,2861.0
1783933879.3,20645,32624,602,315.0,71.0,2557.0
1783933879.9,20645,32624,602,332.0,71.0,2655.0
1783933880.5,20645,32624,602,255.0,71.0,2713.0
1783933881.1,20645,32624,602,289.0,71.0,2489.0
1783933881.7,20645,32624,602,320.0,71.0,2737.0
1783933882.3,20645,32624,602,168.0,71.0,2474.0
1783933882.9,20645,32624,602,331.0,71.0,2612.0
1783933883.5,20645,32624,602,374.0,71.0,2853.0
1783933884.1,20645,32624,602,155.0,71.0,2552.0
1783933884.7,20645,32624,602,307.0,71.0,2668.0
1783933885.3,20645,32624,602,356.0,71.0,2756.0
1783933885.8,20645,32624,602,166.0,71.0,2540.0
1783933886.4,20645,32624,602,312.0,71.0,2676.0
1783933887.0,20645,32624,602,281.0,71.0,2790.0
1783933887.6,20645,32624,602,302.0,71.0,2562.0
1783933888.2,20645,32624,602,307.0,71.0,2627.0
1783933888.8,20645,32624,602,306.0,71.0,2784.0
1783933889.4,20645,32624,602,291.0,71.0,2510.0
1783933890.0,20645,32624,602,303.0,71.0,2589.0
1783933890.6,20645,32624,602,276.0,71.0,2906.0
1783933891.2,20645,32624,602,298.0,71.0,2489.0
1783933891.8,20645,32624,602,311.0,71.0,2613.0
1783933892.4,20645,32624,602,279.0,71.0,2905.0
1783933893.0,20645,32624,602,330.0,72.0,2533.0
1783933893.5,20645,32624,602,316.0,71.0,2622.0
1783933894.1,20645,32624,602,229.0,71.0,2741.0
1783933894.7,20645,32624,602,288.0,71.0,2523.0
1783933895.3,20645,32624,602,360.0,72.0,2797.0
1783933895.9,20645,32624,602,225.0,71.0,2660.0
1783933896.5,20645,32624,602,311.0,71.0,2604.0
1783933897.1,20645,32624,602,276.0,71.0,2889.0
1783933897.7,20645,32624,602,303.0,71.0,2558.0
1783933898.3,20645,32624,602,341.0,71.0,2785.0
1783933898.9,20645,32624,602,203.0,71.0,2531.0
1783933899.5,20645,32624,602,292.0,71.0,2629.0
1783933900.1,20645,32624,602,264.0,72.0,2834.0
1783933900.7,20645,32624,602,292.0,71.0,2532.0
1783933901.3,20645,32624,602,281.0,71.0,2923.0
1783933901.9,20645,32624,602,310.0,71.0,2598.0
1783933902.4,20645,32624,602,349.0,71.0,2815.0
1783933903.0,20645,32624,602,303.0,71.0,2483.0
1783933903.6,20645,32624,602,44.0,71.0,0.0
1783933904.2,20645,32624,602,74.0,70.0,2859.0
1783933904.8,20645,32624,602,316.0,71.0,2567.0
1783933905.4,20645,32624,602,308.0,71.0,2632.0
1783933906.0,20645,32624,602,342.0,71.0,2750.0
1783933906.6,20645,32624,602,209.0,71.0,2695.0
1783933907.2,20645,32624,602,282.0,71.0,2483.0
1783933907.8,20645,32624,602,302.0,71.0,2531.0
1783933908.4,20645,32624,602,343.0,71.0,2671.0
1783933909.0,20645,32624,602,366.0,71.0,2815.0
1783933909.6,20645,32624,602,267.0,71.0,2872.0
1783933910.2,20645,32624,602,289.0,71.0,2513.0
1783933910.8,20645,32624,602,293.0,71.0,2505.0
1783933911.3,20645,32624,602,353.0,71.0,2793.0
1783933911.9,20645,32624,602,276.0,71.0,2872.0
1783933912.5,20645,32624,602,134.0,71.0,2506.0
1783933913.1,20645,32624,602,310.0,71.0,2519.0
1783933913.7,20645,32624,602,328.0,71.0,2659.0
1783933914.3,20645,32624,602,373.0,71.0,2791.0
1783933914.9,20645,32624,602,255.0,71.0,2823.0
1783933915.5,20645,32624,602,196.0,71.0,2576.0
1783933916.1,20645,32624,602,269.0,71.0,2540.0
1783933916.7,20645,32624,602,319.0,71.0,2646.0
1783933917.3,20645,32624,602,369.0,71.0,2793.0
1783933917.9,20645,32624,602,267.0,71.0,2747.0
1783933918.5,20645,32624,602,286.0,71.0,2522.0
1783933919.0,20645,32624,602,322.0,71.0,2655.0
1783933919.6,20645,32624,602,375.0,71.0,2870.0
1783933920.2,20645,32624,602,271.0,72.0,2880.0
1783933920.8,20645,32624,602,296.0,71.0,2502.0
1783933921.4,20645,32624,602,308.0,71.0,2537.0
1783933922.0,20645,32624,602,325.0,71.0,2672.0
1783933922.6,20645,32624,602,301.0,72.0,2990.0
1783933923.2,20645,32624,602,347.0,71.0,2558.0
1783933923.8,20645,32624,602,312.0,71.0,2618.0
1783933924.4,20645,32624,602,266.0,71.0,2845.0
1783933925.0,20645,32624,602,297.0,71.0,2524.0
1783933925.6,20645,32624,602,302.0,71.0,2572.0
1783933926.2,20645,32624,602,367.0,71.0,2803.0
1783933926.8,20645,32624,602,251.0,71.0,2738.0
1783933927.4,20645,32624,602,316.0,71.0,2586.0
1783933928.0,20645,32624,602,320.0,71.0,2595.0
1783933928.6,20645,32624,602,282.0,71.0,2855.0
1783933929.1,20645,32624,602,324.0,71.0,2580.0
1783933929.7,20645,32624,602,317.0,71.0,2599.0
1783933930.3,20645,32624,602,287.0,71.0,2646.0
1783933930.9,20645,32624,602,263.0,72.0,2836.0
1783933931.5,20645,32624,602,302.0,71.0,2518.0
1783933932.1,20645,32624,602,328.0,71.0,2708.0
1783933932.7,20645,32624,602,114.0,72.0,2593.0
1783933933.3,20645,32624,602,77.0,70.0,3033.0
1783933933.9,20645,32624,602,343.0,71.0,2632.0
1783933934.5,20645,32624,602,276.0,71.0,2578.0
1783933935.1,20645,32624,602,377.0,71.0,2811.0
1783933935.7,20645,32624,602,256.0,71.0,2836.0
1783933936.3,20645,32624,602,318.0,71.0,2538.0
1783933936.9,20645,32624,602,284.0,71.0,2440.0
1783933937.5,20645,32624,602,294.0,71.0,2608.0
1783933938.1,20645,32624,602,339.0,71.0,2666.0
1783933938.7,20645,32624,602,332.0,71.0,2719.0
1783933939.2,20645,32624,602,391.0,71.0,2871.0
1783933939.8,20645,32624,602,223.0,71.0,2578.0
1783933940.4,20645,32624,602,342.0,71.0,2612.0
1783933941.0,20645,32624,602,326.0,71.0,2640.0
1783933941.6,20645,32624,602,332.0,71.0,2742.0
1783933942.2,20645,32624,602,380.0,71.0,2867.0
1783933942.8,20645,32624,602,142.0,71.0,2529.0
1783933943.4,20645,32624,602,334.0,71.0,2572.0
1783933944.0,20645,32624,602,359.0,71.0,2764.0
1783933944.6,20645,32624,602,276.0,71.0,2875.0
1783933945.2,20645,32624,602,327.0,71.0,2554.0
1783933945.8,20645,32624,602,315.0,71.0,2557.0
1783933946.3,20645,32624,602,295.0,71.0,2596.0
1783933946.9,20645,32624,602,335.0,71.0,2584.0
1783933947.5,20645,32624,602,289.0,72.0,2910.0
1783933948.1,20645,32624,602,324.0,71.0,2574.0
1783933948.7,20645,32624,602,286.0,71.0,2579.0
1783933949.3,20645,32624,602,302.0,71.0,2631.0
1783933949.9,20645,32624,602,322.0,71.0,2930.0
1783933950.5,20645,32624,602,322.0,71.0,2576.0
1783933951.1,20645,32624,602,322.0,71.0,2638.0
1783933951.7,20645,32624,602,347.0,71.0,2718.0
1783933952.3,20645,32624,602,318.0,72.0,2875.0
1783933952.9,20645,32624,602,242.0,72.0,2805.0
1783933953.5,20645,32624,602,304.0,71.0,2576.0
1783933954.0,20645,32624,602,285.0,71.0,2616.0
1783933954.6,20645,32624,602,394.0,71.0,2868.0
1783933955.2,20645,32624,602,109.0,71.0,2652.0
1783933955.8,20645,32624,602,324.0,71.0,2591.0
1783933956.4,20645,32624,602,326.0,71.0,2683.0
1783933957.0,20645,32624,602,354.0,72.0,2849.0
1783933957.6,20645,32624,602,214.0,71.0,2487.0
1783933958.2,20645,32624,602,300.0,71.0,2610.0
1783933958.8,20645,32624,602,419.0,71.0,2803.0
1783933959.4,20645,32624,602,152.0,71.0,2529.0
1783933960.0,20645,32624,602,170.0,70.0,2505.0
1783933960.6,20645,32624,602,332.0,71.0,2636.0
1783933961.2,20645,32624,602,342.0,71.0,2702.0
1783933961.8,20645,32624,602,280.0,71.0,2920.0
1783933962.4,20645,32624,602,257.0,71.0,2767.0
1783933963.0,20645,32624,602,313.0,71.0,2563.0
1783933963.5,20645,32624,602,316.0,71.0,2543.0
1783933964.1,20645,32624,602,283.0,71.0,2581.0
1783933964.7,20645,32624,602,331.0,71.0,2636.0
1783933965.3,20645,32624,602,348.0,71.0,2690.0
1783933965.9,20645,32624,602,277.0,71.0,2897.0
1783933966.5,20645,32624,602,276.0,71.0,2534.0
1783933967.1,20645,32624,602,294.0,71.0,2559.0
1783933967.7,20645,32624,602,338.0,71.0,2638.0
1783933968.3,20645,32624,602,283.0,71.0,2932.0
1783933968.9,20645,32624,602,305.0,71.0,2479.0
1783933969.5,20645,32624,602,296.0,71.0,2466.0
1783933970.1,20645,32624,602,306.0,71.0,2598.0
1783933970.7,20645,32624,602,329.0,71.0,2899.0
1783933971.2,20645,32624,602,143.0,71.0,2488.0
1783933971.8,20645,32624,602,279.0,71.0,2514.0
1783933972.4,20645,32624,602,314.0,71.0,2589.0
1783933973.0,20645,32624,602,376.0,71.0,2810.0
1783933973.6,20645,32624,602,267.0,71.0,2847.0
1783933974.2,20645,32624,602,265.0,71.0,2494.0
1783933974.8,20645,32624,602,300.0,71.0,2641.0
1783933975.4,20645,32624,602,347.0,71.0,2881.0
1783933976.0,20645,32624,602,340.0,71.0,2555.0
1783933976.6,20645,32624,602,296.0,71.0,2500.0
1783933977.2,20645,32624,602,368.0,71.0,2806.0
1783933977.7,20645,32624,602,251.0,71.0,2744.0
1783933978.3,20645,32624,602,306.0,71.0,2559.0
1783933978.9,20645,32624,602,314.0,71.0,2574.0
1783933979.5,20645,32624,602,352.0,71.0,2760.0
1783933980.1,20645,32624,602,284.0,71.0,2791.0
1783933980.7,20645,32624,602,335.0,71.0,2571.0
1783933981.3,20645,32624,602,316.0,71.0,2671.0
1783933981.9,20645,32624,602,266.0,71.0,2809.0
1783933982.5,20645,32624,602,320.0,71.0,2505.0
1783933983.1,20645,32624,602,283.0,71.0,2608.0
1783933983.7,20645,32624,602,343.0,71.0,2823.0
1783933984.3,20645,32624,602,241.0,71.0,2727.0
1783933984.8,20645,32624,602,306.0,71.0,2571.0
1783933985.4,20645,32624,602,322.0,71.0,2565.0
1783933986.0,20645,32624,602,282.0,72.0,2893.0
1783933986.6,20645,32624,602,287.0,71.0,2571.0
1783933987.2,20645,32624,602,311.0,71.0,2689.0
1783933987.8,20645,32624,602,137.0,71.0,2581.0
1783933988.4,20645,32624,602,315.0,71.0,2571.0
1783933989.0,20645,32624,602,289.0,72.0,2950.0
1783933989.6,20645,32624,602,340.0,72.0,2528.0
1783933990.2,20645,32624,602,315.0,71.0,2626.0
1783933990.7,20645,32624,602,326.0,71.0,2810.0
1783933991.3,20645,32624,602,321.0,71.0,2557.0
1783933991.9,20645,32624,602,318.0,72.0,2583.0
1783933992.5,20645,32624,602,273.0,71.0,2835.0
1783933993.1,20645,32624,602,308.0,71.0,2542.0
1783933993.7,20645,32624,602,341.0,72.0,2748.0
1783933994.3,20645,32624,602,309.0,72.0,2574.0
1783933994.9,20645,32624,602,313.0,72.0,2618.0
1783933995.5,20617,32624,600,46.0,72.0,0.0
1783933996.1,20620,32624,600,50.0,71.0,500.0
1783933996.7,20620,32624,600,312.0,71.0,2579.0
1783933997.2,20620,32624,600,329.0,71.0,2649.0
1783933997.8,20620,32624,600,354.0,71.0,2939.0
1783933998.4,20620,32624,600,350.0,71.0,2768.0
1783933999.0,20620,32624,600,276.0,71.0,2840.0
1783933999.6,20620,32624,600,225.0,71.0,2667.0
1783934000.2,20620,32624,600,316.0,71.0,2510.0
1783934000.8,20620,32624,600,284.0,71.0,2596.0
1783934001.4,20620,32624,600,302.0,71.0,2624.0
1783934002.0,20620,32624,600,374.0,71.0,2805.0
1783934002.6,20620,32624,600,178.0,72.0,2653.0
1783934003.2,20616,32624,600,306.0,71.0,2577.0
1783934003.8,20616,32624,600,338.0,71.0,2654.0
1783934004.4,20616,32624,600,272.0,71.0,2798.0
1783934005.0,20616,32624,600,178.0,71.0,2674.0
1783934005.5,20616,32624,600,306.0,72.0,2619.0
1783934006.1,20616,32624,600,342.0,72.0,2753.0
1783934006.7,20616,32624,600,263.0,71.0,2735.0
1783934007.3,20616,32624,600,201.0,71.0,2639.0
1783934007.9,20616,32624,600,298.0,71.0,2482.0
1783934008.5,20616,32624,600,320.0,71.0,2637.0
1783934009.1,20616,32624,600,354.0,71.0,2700.0
1783934009.7,20616,32624,600,275.0,71.0,2886.0
1783934010.3,20616,32624,600,345.0,71.0,2521.0
1783934010.9,20616,32624,600,314.0,71.0,2550.0
1783934011.5,20616,32624,600,290.0,71.0,2616.0
1783934012.1,20616,32624,600,370.0,71.0,2821.0
1783934012.7,20616,32624,600,322.0,72.0,2530.0
1783934013.3,20616,32624,600,298.0,71.0,2595.0
1783934013.8,20616,32624,600,345.0,72.0,2706.0
1783934014.4,20616,32624,600,275.0,72.0,2885.0
1783934015.0,20616,32624,600,288.0,71.0,2489.0
1783934015.6,20616,32624,600,318.0,71.0,2589.0
1783934016.2,20616,32624,600,371.0,72.0,2778.0
1783934016.8,20616,32624,600,191.0,72.0,2565.0
1783934017.4,20616,32624,600,300.0,72.0,2577.0
1783934018.0,20616,32624,600,341.0,72.0,2608.0
1783934018.6,20616,32624,600,280.0,72.0,2898.0
1783934019.2,20616,32624,600,333.0,71.0,2481.0
1783934019.8,20616,32624,600,314.0,71.0,2582.0
1783934020.3,20616,32624,600,327.0,72.0,2709.0
1783934020.9,20616,32624,600,261.0,72.0,2837.0
1783934021.5,20616,32624,600,297.0,71.0,2529.0
1783934022.1,20616,32624,600,346.0,72.0,2652.0
1783934022.7,20616,32624,600,353.0,72.0,2784.0
1783934023.3,20616,32624,600,152.0,72.0,2547.0
1783934023.9,20616,32624,600,322.0,72.0,2575.0
1783934024.5,20616,32624,600,314.0,72.0,2589.0
1783934025.1,20616,32624,600,286.0,72.0,2891.0
1783934025.7,20616,32624,600,309.0,72.0,2531.0
1783934026.3,20616,32624,600,320.0,71.0,2675.0
1783934026.8,20616,32624,600,265.0,72.0,2787.0
1783934027.4,20616,32624,600,321.0,72.0,2535.0
1783934028.0,20616,32624,600,309.0,72.0,2588.0
1783934028.6,20616,32624,600,354.0,72.0,2755.0
1783934029.2,20616,32624,600,289.0,72.0,2961.0
1783934029.8,20616,32624,600,292.0,71.0,2513.0
1783934030.4,20616,32624,600,335.0,72.0,2751.0
1783934031.0,20616,32624,600,305.0,72.0,2870.0
1783934031.6,20616,32624,600,334.0,71.0,2514.0
1783934032.2,20616,32624,600,316.0,72.0,2619.0
1783934032.8,20616,32624,600,334.0,71.0,2891.0
1783934033.4,20616,32624,600,45.0,72.0,0.0
1783934034.0,20616,32624,600,307.0,70.0,2832.0
1783934034.6,20616,32624,600,310.0,71.0,2631.0
1783934035.2,20616,32624,600,351.0,71.0,2664.0
1783934035.8,20616,32624,600,343.0,71.0,2734.0
1783934036.3,20616,32624,600,268.0,71.0,2833.0
1783934036.9,20616,32624,600,264.0,71.0,2705.0
1783934037.5,20616,32624,600,275.0,71.0,2519.0
1783934038.1,20610,32624,598,277.0,71.0,2459.0
1783934038.7,20610,32624,598,305.0,71.0,2508.0
1783934039.3,20610,32624,598,341.0,71.0,2779.0
1783934039.9,20610,32624,598,356.0,71.0,2760.0
1783934040.5,20610,32624,598,380.0,71.0,2791.0
1783934041.1,20610,32624,598,175.0,71.0,2656.0
1783934041.7,20610,32624,598,323.0,71.0,2540.0
1783934042.3,20610,32624,598,314.0,71.0,2640.0
1783934042.9,20610,32624,598,315.0,72.0,2659.0
1783934043.5,20610,32624,598,362.0,71.0,2802.0
1783934044.1,20610,32624,598,266.0,71.0,2760.0
1783934044.7,20610,32624,598,306.0,71.0,2485.0
1783934045.2,20610,32624,598,329.0,71.0,2546.0
1783934045.8,20610,32624,598,343.0,71.0,2699.0
1783934046.4,20610,32624,598,318.0,71.0,2718.0
1783934047.0,20610,32624,598,269.0,71.0,2856.0
1783934047.6,20610,32624,598,283.0,71.0,2397.0
1783934048.2,20610,32624,598,283.0,71.0,2509.0
1783934048.8,20610,32624,598,297.0,71.0,2600.0
1783934049.4,20610,32624,598,349.0,71.0,2889.0
1783934050.0,20610,32624,598,257.0,71.0,2737.0
1783934050.6,20610,32624,598,279.0,72.0,2454.0
1783934051.2,20610,32624,598,319.0,72.0,2661.0
1783934051.8,20610,32624,598,371.0,71.0,2806.0
1783934052.4,20610,32624,598,273.0,71.0,2843.0
1783934053.0,20610,32624,598,231.0,71.0,2504.0
1783934053.6,20623,32624,600,308.0,72.0,2537.0
1783934054.2,20623,32624,600,289.0,71.0,2631.0
1783934054.8,20623,32624,600,258.0,71.0,2849.0
1783934055.3,20623,32624,600,330.0,72.0,2585.0
1783934055.9,20623,32624,600,309.0,72.0,2618.0
1783934056.5,20623,32624,600,333.0,71.0,2630.0
1783934057.1,20623,32624,600,350.0,72.0,2757.0
1783934057.7,20623,32624,600,245.0,72.0,2634.0
1783934058.3,20623,32624,600,271.0,72.0,2465.0
1783934058.9,20623,32624,600,316.0,71.0,2687.0
1783934059.5,20623,32624,600,369.0,72.0,2801.0
1783934060.1,20623,32624,600,45.0,70.0,0.0
1783934060.7,20623,32624,600,321.0,70.0,2686.0
1783934061.3,20623,32624,600,380.0,71.0,2812.0
1783934061.9,20623,32624,600,275.0,71.0,2914.0
1783934062.5,20623,32624,600,197.0,71.0,2485.0
1783934063.1,20623,32624,600,299.0,71.0,2558.0
1783934063.7,20623,32624,600,300.0,71.0,2651.0
1783934064.3,20623,32624,600,315.0,71.0,2604.0
1783934064.9,20623,32624,600,322.0,71.0,2647.0
1783934065.5,20623,32624,600,356.0,71.0,2750.0
1783934066.1,20623,32624,600,373.0,71.0,2828.0
1783934066.6,20623,32624,600,259.0,71.0,2789.0
1783934067.2,20623,32624,600,307.0,71.0,2564.0
1783934067.8,20623,32624,600,293.0,72.0,2631.0
1783934068.4,20623,32624,600,302.0,72.0,2566.0
1783934069.0,20623,32624,600,345.0,72.0,2706.0
1783934069.6,20623,32624,600,328.0,71.0,2891.0
1783934070.2,20623,32624,600,230.0,72.0,2735.0
1783934070.8,20623,32624,600,322.0,71.0,2642.0
1783934071.4,20623,32624,600,287.0,71.0,2603.0
1783934072.0,20623,32624,600,371.0,72.0,2772.0
1783934072.6,20623,32624,600,115.0,72.0,2510.0
1783934073.2,20623,32624,600,332.0,72.0,2622.0
1783934073.8,20623,32624,600,361.0,71.0,2703.0
1783934074.4,20623,32624,600,362.0,72.0,2802.0
1783934075.0,20623,32624,600,268.0,72.0,2852.0
1783934075.6,20623,32624,600,278.0,71.0,2482.0
1783934076.2,20623,32624,600,328.0,71.0,2665.0
1783934076.8,20623,32624,600,46.0,71.0,0.0
1783934077.4,20623,32624,600,222.0,71.0,3041.0
1783934077.9,20623,32624,600,312.0,71.0,2552.0
1783934078.5,20623,32624,600,321.0,71.0,2597.0
1783934079.1,20623,32624,600,368.0,71.0,2807.0
1783934079.7,20623,32624,600,286.0,71.0,2883.0
1783934080.3,20623,32624,600,179.0,71.0,2641.0
1783934080.9,20623,32624,600,276.0,71.0,2499.0
1783934081.5,20623,32624,600,280.0,71.0,2523.0
1783934082.1,20623,32624,600,296.0,71.0,2584.0
1783934082.7,20623,32624,600,325.0,71.0,2692.0
1783934083.3,20623,32624,600,381.0,72.0,2885.0
1783934083.9,20623,32624,600,246.0,71.0,2697.0
1783934084.5,20623,32624,600,237.0,71.0,2524.0
1783934085.1,20623,32624,600,270.0,71.0,2533.0
1783934085.7,20623,32624,600,314.0,71.0,2662.0
1783934086.3,20623,32624,600,412.0,72.0,2945.0
1783934086.9,20623,32624,600,309.0,72.0,2913.0
1783934087.5,20623,32624,600,216.0,72.0,2693.0
1783934088.0,20623,32624,600,275.0,72.0,2408.0
1783934088.6,20623,32624,600,287.0,71.0,2526.0
1783934089.2,20623,32624,600,301.0,71.0,2638.0
1783934089.8,20623,32624,600,334.0,71.0,2749.0
1783934090.4,20623,32624,600,328.0,71.0,2858.0
1783934091.0,20623,32624,600,260.0,72.0,2787.0
1783934091.6,20623,32624,600,319.0,71.0,2524.0
1783934092.2,20623,32624,600,317.0,72.0,2599.0
1783934092.8,20623,32624,600,290.0,71.0,2612.0
1783934093.4,20623,32624,600,341.0,71.0,2717.0
1783934094.0,20623,32624,600,275.0,72.0,2825.0
1783934094.6,20623,32624,600,238.0,71.0,2477.0
1783934095.2,20623,32624,600,291.0,71.0,2539.0
1783934095.8,20623,32624,600,316.0,71.0,2586.0
1783934096.4,20623,32624,600,284.0,71.0,2598.0
1783934097.0,20623,32624,600,339.0,72.0,2728.0
1783934097.6,20623,32624,600,297.0,72.0,3021.0
1783934098.2,20619,32624,600,302.0,72.0,2520.0
1783934098.8,20619,32624,600,280.0,71.0,2545.0
1783934099.4,20619,32624,600,331.0,71.0,2614.0
1783934099.9,20619,32624,600,352.0,71.0,2769.0
1783934100.5,20619,32624,600,370.0,71.0,2789.0
1783934101.1,20619,32624,600,269.0,72.0,2758.0
1783934101.7,20619,32624,600,248.0,71.0,2731.0
1783934102.3,20619,32624,600,313.0,71.0,2595.0
1783934102.9,20619,32624,600,313.0,71.0,2655.0
1783934103.5,20619,32624,600,382.0,72.0,2833.0
1783934104.1,20619,32624,600,256.0,72.0,2757.0
1783934104.7,20619,32624,600,335.0,72.0,2544.0
1783934105.3,20619,32624,600,351.0,72.0,2620.0
1783934105.9,20619,32624,600,362.0,71.0,2758.0
1783934106.5,20619,32624,600,261.0,72.0,2677.0
1783934107.1,20619,32624,600,299.0,71.0,2560.0
1783934107.7,20619,32624,600,310.0,72.0,2571.0
1783934108.3,20619,32624,600,360.0,71.0,2825.0
1783934108.9,20619,32624,600,375.0,72.0,2888.0
1783934109.5,20619,32624,600,305.0,71.0,2844.0
1783934110.1,20619,32624,600,244.0,72.0,2515.0
1783934110.7,20619,32624,600,316.0,72.0,2578.0
1783934111.3,20619,32624,600,348.0,72.0,2677.0
1783934111.9,20619,32624,600,385.0,72.0,2792.0
1783934112.5,20619,32624,600,296.0,72.0,2959.0
1783934113.1,20619,32624,600,73.0,72.0,2559.0
1783934113.6,20619,32624,600,255.0,72.0,2650.0
1783934114.2,20619,32624,600,328.0,72.0,2677.0
1783934114.8,20619,32624,600,259.0,71.0,2823.0
1783934115.4,20619,32624,600,337.0,71.0,2520.0
1783934116.0,20619,32624,600,347.0,72.0,2597.0
1783934116.6,20619,32624,600,295.0,71.0,2895.0
1783934117.2,20619,32624,600,321.0,72.0,2583.0
1783934117.8,20619,32624,600,332.0,71.0,2680.0
1783934118.4,20619,32624,600,334.0,72.0,2712.0
1783934119.0,20619,32624,600,283.0,72.0,2928.0
1783934119.6,20630,32624,604,329.0,72.0,2541.0
1783934120.2,20630,32624,604,353.0,72.0,2755.0
1783934120.8,20652,32624,621,226.0,72.0,2798.0
1783934121.4,20652,32624,620,311.0,71.0,2543.0
1783934122.0,20650,32624,608,418.0,72.0,2963.0
1783934122.6,20649,32624,600,254.0,72.0,2674.0
1783934123.2,20649,32624,600,312.0,71.0,2611.0
1783934123.8,20649,32624,600,351.0,72.0,2796.0
1783934124.4,20649,32624,600,271.0,71.0,2872.0
1783934125.0,20649,32624,600,322.0,71.0,2532.0
1783934125.6,20649,32624,600,328.0,71.0,2660.0
1783934126.2,20645,32624,600,267.0,72.0,2805.0
1783934126.8,20645,32624,600,301.0,72.0,2510.0
1783934127.4,20645,32624,600,343.0,71.0,2660.0
1783934127.9,20645,32624,600,285.0,72.0,2865.0
1783934128.5,20637,32624,600,313.0,71.0,2592.0
1783934129.1,20637,32624,600,349.0,71.0,2729.0
1783934129.7,20637,32624,600,267.0,72.0,2934.0
1783934130.3,20637,32624,600,298.0,72.0,2556.0
1783934130.9,20637,32624,600,338.0,72.0,2762.0
1783934131.5,20637,32624,600,267.0,71.0,2839.0
1783934132.1,20637,32624,600,309.0,72.0,2521.0
1783934132.7,20637,32624,600,327.0,72.0,2644.0
1783934133.3,20637,32624,600,288.0,72.0,2924.0
1783934133.9,20637,32624,600,44.0,70.0,0.0
1783934134.5,20637,32624,600,234.0,70.0,2816.0
1783934135.1,20637,32624,600,299.0,71.0,2496.0
1783934135.7,20637,32624,600,313.0,71.0,2615.0
1783934136.3,20637,32624,600,335.0,71.0,2647.0
1783934136.9,20637,32624,600,378.0,71.0,3064.0
1783934137.4,20637,32624,600,254.0,71.0,2749.0
1783934138.0,20637,32624,600,219.0,71.0,2515.0
1783934138.6,20637,32624,600,321.0,71.0,2556.0
1783934139.2,20637,32624,600,272.0,71.0,2556.0
1783934139.8,20637,32624,600,335.0,71.0,2620.0
1783934140.4,20637,32624,600,315.0,71.0,2649.0
1783934141.0,20637,32624,600,365.0,71.0,2764.0
1783934141.6,20637,32624,600,376.0,71.0,2799.0
1783934142.2,20637,32624,600,295.0,71.0,2992.0
1783934142.8,20637,32624,600,353.0,71.0,2594.0
1783934143.4,20637,32624,600,279.0,71.0,2574.0
1783934144.0,20637,32624,600,315.0,71.0,2589.0
1783934144.6,20637,32624,600,328.0,71.0,2689.0
1783934145.2,20637,32624,600,388.0,71.0,2945.0
1783934145.7,20637,32624,600,259.0,71.0,2756.0
1783934146.3,20637,32624,600,312.0,71.0,2521.0
1783934146.9,20637,32624,600,304.0,71.0,2644.0
1783934147.5,20637,32624,600,318.0,71.0,2576.0
1783934148.1,20637,32624,600,317.0,71.0,2664.0
1783934148.7,20637,32624,600,301.0,71.0,2932.0
1783934149.3,20637,32624,600,184.0,71.0,2567.0
1783934149.9,20637,32624,600,316.0,71.0,2558.0
1783934150.5,20637,32624,600,281.0,71.0,2579.0
1783934151.1,20637,32624,600,305.0,71.0,2619.0
1783934151.7,20637,32624,600,346.0,71.0,2747.0
1783934152.3,20637,32624,600,322.0,71.0,2871.0
1783934152.9,20637,32624,600,256.0,71.0,2794.0
1783934153.4,20637,32624,600,181.0,71.0,2519.0
1783934154.0,20637,32624,600,316.0,71.0,2582.0
1783934154.6,20637,32624,600,302.0,71.0,2544.0
1783934155.2,20637,32624,600,312.0,71.0,2648.0
1783934155.8,20637,32624,600,343.0,71.0,2700.0
1783934156.4,20637,32624,600,320.0,71.0,2967.0
1783934157.0,20637,32624,600,267.0,71.0,2500.0
1783934157.6,20637,32624,600,318.0,71.0,2532.0
1783934158.2,20637,32624,600,324.0,71.0,2610.0
1783934158.8,20637,32624,600,348.0,71.0,2758.0
1783934159.4,20637,32624,600,386.0,71.0,2825.0
1783934160.0,20637,32624,600,245.0,71.0,2508.0
1783934160.6,20637,32624,600,335.0,71.0,2557.0
1783934161.2,20637,32624,600,267.0,72.0,2488.0
1783934161.7,20637,32624,600,335.0,71.0,2737.0
1783934162.3,20637,32624,600,368.0,71.0,2788.0
1783934162.9,20637,32624,600,253.0,71.0,2723.0
1783934163.5,20637,32624,600,337.0,71.0,2504.0
1783934164.1,20637,32624,600,270.0,71.0,2542.0
1783934164.7,20637,32624,600,349.0,71.0,2761.0
1783934165.3,20637,32624,600,283.0,72.0,2940.0
1783934165.9,20637,32624,600,225.0,72.0,2534.0
1783934166.5,20637,32624,600,280.0,72.0,2543.0
1783934167.1,20637,32624,600,311.0,72.0,2587.0
1783934167.7,20637,32624,600,347.0,72.0,2755.0
1783934168.3,20637,32624,600,146.0,72.0,2840.0
1783934168.9,20637,32624,600,297.0,72.0,2579.0
1783934169.5,20637,32624,600,360.0,72.0,2758.0
1783934170.1,20637,32624,600,286.0,71.0,2890.0
1783934170.6,20637,32624,600,302.0,72.0,2619.0
1783934171.2,20637,32624,600,304.0,72.0,2580.0
1783934171.8,20637,32624,600,368.0,72.0,2823.0
1783934172.4,20637,32624,600,205.0,71.0,2517.0
1783934173.0,20637,32624,600,322.0,72.0,2567.0
1783934173.6,20637,32624,600,355.0,72.0,2763.0
1783934174.2,20637,32624,600,260.0,72.0,2788.0
1783934174.8,20637,32624,600,316.0,71.0,2645.0
1783934175.4,20637,32624,600,333.0,72.0,2613.0
1783934176.0,20637,32624,600,309.0,72.0,2683.0
1783934176.6,20637,32624,600,259.0,72.0,2769.0
1783934177.2,20637,32624,600,335.0,71.0,2513.0
1783934177.8,20637,32624,600,298.0,72.0,2505.0
1783934178.4,20637,32624,600,359.0,71.0,2815.0
1783934179.0,20637,32624,600,261.0,71.0,2733.0
1783934179.6,20637,32624,600,284.0,71.0,2511.0
1783934180.1,20637,32624,600,270.0,71.0,2526.0
1783934180.7,20637,32624,600,314.0,72.0,2666.0
1783934181.3,20637,32624,600,274.0,72.0,2799.0
1783934181.9,20637,32624,600,320.0,72.0,2560.0
1783934182.5,20637,32624,600,357.0,71.0,2674.0
1783934183.1,20637,32624,600,261.0,72.0,2759.0
1783934183.7,20637,32624,600,295.0,72.0,2532.0
1783934184.3,20637,32624,600,304.0,72.0,2646.0
1783934184.9,20637,32624,600,318.0,72.0,2639.0
1783934185.5,20637,32624,600,259.0,72.0,2781.0
1783934186.1,20637,32624,600,289.0,71.0,2582.0
1783934186.7,20632,32624,602,336.0,71.0,2648.0
1783934187.3,20632,32624,602,348.0,71.0,2837.0
1783934187.9,20632,32624,602,281.0,72.0,2558.0
1783934188.5,20632,32624,602,313.0,72.0,2723.0
1783934189.0,20632,32624,602,187.0,72.0,2678.0
1783934189.6,20632,32624,602,261.0,71.0,2525.0
1783934190.2,20632,32624,602,381.0,71.0,2822.0
1783934190.8,20632,32624,602,291.0,72.0,2498.0
1783934191.4,20632,32624,602,307.0,71.0,2586.0
1783934192.0,20632,32624,602,338.0,71.0,2763.0
1783934192.6,20632,32624,602,214.0,72.0,2544.0
1783934193.2,20632,32624,602,306.0,71.0,2599.0
1783934193.8,20632,32624,602,342.0,72.0,2858.0
1783934194.4,20632,32624,602,303.0,72.0,2570.0
1783934195.0,20632,32624,602,346.0,71.0,2767.0
1783934195.6,20632,32624,602,275.0,71.0,2568.0
1783934196.1,20632,32624,602,310.0,71.0,2601.0
1783934196.7,20632,32624,602,273.0,71.0,2863.0
1783934197.3,20632,32624,602,307.0,71.0,2660.0
1783934197.9,20632,32624,602,348.0,71.0,2715.0
1783934198.5,20632,32624,602,249.0,71.0,2748.0
1783934199.1,20632,32624,602,293.0,72.0,2579.0
1783934199.7,20632,32624,602,355.0,72.0,2759.0
1783934200.3,20632,32624,602,279.0,71.0,2951.0
1783934200.9,20632,32624,602,322.0,72.0,2530.0
1783934201.5,20632,32624,602,329.0,72.0,2507.0
1783934202.1,20632,32624,602,288.0,72.0,2852.0
1783934202.7,20632,32624,602,282.0,71.0,2541.0
1783934203.2,20632,32624,602,318.0,71.0,2644.0
1783934203.8,20632,32624,602,260.0,72.0,2948.0
1783934204.4,20632,32624,602,309.0,72.0,2554.0
1783934205.0,20632,32624,602,357.0,71.0,2811.0
1783934205.6,20632,32624,602,207.0,72.0,2590.0
1783934206.2,20632,32624,602,302.0,72.0,2564.0
1783934206.8,20632,32624,602,348.0,72.0,2691.0
1783934207.4,20632,32624,602,262.0,72.0,2808.0
1783934208.0,20632,32624,602,301.0,72.0,2552.0
1783934208.6,20632,32624,602,341.0,71.0,2651.0
1783934209.2,20632,32624,602,361.0,71.0,2730.0
1783934209.8,20632,32624,602,192.0,72.0,2613.0
1783934210.4,20632,32624,602,304.0,72.0,2602.0
1783934211.0,20632,32624,602,335.0,72.0,2802.0
1783934211.6,20632,32624,602,296.0,71.0,2574.0
1783934212.2,20632,32624,602,349.0,72.0,2770.0
1783934212.8,20632,32624,602,275.0,72.0,2483.0
1783934213.4,20632,32624,602,324.0,72.0,2620.0
1783934213.9,20632,32624,602,259.0,72.0,3029.0
1783934214.5,20632,32624,602,314.0,72.0,2544.0
1783934215.1,20632,32624,602,356.0,72.0,2801.0
1783934215.7,20632,32624,602,295.0,72.0,2498.0
1783934216.3,20632,32624,602,355.0,72.0,2758.0
1783934216.9,20632,32624,602,319.0,72.0,2501.0
1783934217.5,20632,32624,602,298.0,71.0,2619.0
1783934218.1,20632,32624,602,258.0,72.0,2780.0
1783934218.7,20632,32624,602,295.0,72.0,2585.0
1783934219.3,20632,32624,602,295.0,72.0,2875.0
1783934219.9,20632,32624,602,303.0,72.0,2512.0
1783934220.5,20632,32624,602,365.0,72.0,2759.0
1783934221.1,20632,32624,602,246.0,72.0,2699.0
1783934221.6,20632,32624,602,302.0,72.0,2580.0
1783934222.2,20632,32624,602,275.0,71.0,2885.0
1783934222.8,20632,32624,602,296.0,72.0,2573.0
1783934223.4,20632,32624,602,376.0,72.0,2860.0
1783934224.0,20632,32624,602,272.0,72.0,2432.0
1783934224.6,20632,32624,602,342.0,72.0,2609.0
1783934225.2,20632,32624,602,271.0,72.0,2766.0
1783934225.8,20632,32624,602,266.0,72.0,2578.0
1783934226.4,20632,32624,602,292.0,72.0,2870.0
1783934227.0,20632,32624,602,298.0,72.0,2622.0
1783934227.6,20632,32624,602,243.0,72.0,2660.0
1783934228.2,20632,32624,602,310.0,72.0,2609.0
1783934228.8,20632,32624,602,271.0,72.0,2768.0
1783934229.3,20632,32624,602,297.0,72.0,2571.0
1783934229.9,20632,32624,602,241.0,72.0,2480.0
1783934230.5,20632,32624,602,309.0,71.0,2640.0
1783934231.1,20632,32624,602,251.0,72.0,2710.0
1783934231.7,20632,32624,602,300.0,72.0,2605.0
1783934232.3,20632,32624,602,247.0,71.0,2695.0
1783934232.9,20632,32624,602,298.0,72.0,2556.0
1783934233.5,20633,32624,604,322.0,72.0,2825.0
1783934234.1,20633,32624,606,303.0,72.0,2441.0
1783934234.7,20633,32624,606,301.0,72.0,2598.0
1783934235.3,20633,32624,606,224.0,70.0,2553.0
1783934235.9,20628,32624,604,341.0,71.0,2745.0
1783934236.5,20628,32624,604,336.0,71.0,2692.0
1783934237.1,20628,32624,604,270.0,71.0,2886.0
1783934237.7,20628,32624,604,205.0,71.0,2545.0
1783934238.2,20628,32624,604,289.0,71.0,2520.0
1783934238.8,20628,32624,604,286.0,71.0,2604.0
1783934239.4,20628,32624,604,345.0,72.0,2763.0
1783934240.0,20628,32624,604,347.0,72.0,2849.0
1783934240.6,20628,32624,604,164.0,71.0,2492.0
1783934241.2,20628,32624,604,292.0,71.0,2467.0
1783934241.8,20628,32624,604,309.0,72.0,2597.0
1783934242.4,20628,32624,604,344.0,71.0,2741.0
1783934243.0,20628,32624,604,348.0,72.0,2824.0
1783934243.6,20628,32624,604,339.0,71.0,2744.0
1783934244.2,20628,32624,604,314.0,72.0,2916.0
1783934244.8,20628,32624,604,193.0,71.0,2511.0
1783934245.4,20628,32624,604,304.0,72.0,2501.0
1783934246.0,20628,32624,604,319.0,72.0,2648.0
1783934246.6,20628,32624,604,307.0,71.0,2632.0
1783934247.2,20628,32624,604,385.0,71.0,2869.0
1783934247.8,20628,32624,604,254.0,71.0,2722.0
1783934248.3,20628,32624,604,333.0,71.0,2586.0
1783934248.9,20628,32624,604,287.0,71.0,2549.0
1783934249.5,20628,32624,604,286.0,71.0,2666.0
1783934250.1,20628,32624,604,252.0,72.0,2780.0
1783934250.7,20628,32624,604,315.0,71.0,2564.0
1783934251.3,20628,32624,604,295.0,71.0,2642.0
1783934251.9,20628,32624,604,309.0,71.0,2592.0
1783934252.5,20628,32624,604,295.0,71.0,2887.0
1783934253.1,20628,32624,604,323.0,71.0,2547.0
1783934253.7,20628,32624,604,319.0,72.0,2637.0
1783934254.3,20628,32624,604,367.0,72.0,2804.0
1783934254.9,20628,32624,604,275.0,71.0,2853.0
1783934255.5,20628,32624,604,140.0,72.0,2621.0
1783934256.1,20628,32624,604,327.0,72.0,2548.0
1783934256.7,20630,32624,606,336.0,71.0,2714.0
1783934257.2,20630,32624,606,261.0,72.0,2879.0
1783934257.8,20630,32624,606,331.0,71.0,2576.0
1783934258.4,20630,32624,606,369.0,72.0,2781.0
1783934259.0,20630,32624,606,201.0,72.0,2694.0
1783934259.6,20630,32624,606,301.0,72.0,2600.0
1783934260.2,20630,32624,606,370.0,72.0,2810.0
1783934260.8,20630,32624,606,218.0,72.0,2863.0
1783934261.4,20630,32624,606,288.0,72.0,2528.0
1783934262.0,20630,32624,606,329.0,72.0,2640.0
1783934262.6,20630,32624,606,309.0,72.0,2843.0
1783934263.2,20630,32624,606,281.0,72.0,2504.0
1783934263.7,20630,32624,606,331.0,71.0,2646.0
1783934264.3,20630,32624,606,292.0,71.0,2903.0
1783934264.9,20630,32624,606,306.0,72.0,2553.0
1783934265.5,20630,32624,606,313.0,71.0,2657.0
1783934266.1,20630,32624,606,272.0,72.0,2884.0
1783934266.7,20630,32624,606,265.0,72.0,2566.0
1783934267.3,20630,32624,606,287.0,72.0,2511.0
1783934267.9,20630,32624,606,327.0,72.0,2593.0
1783934268.5,20630,32624,606,358.0,72.0,2730.0
1783934269.1,20630,32624,606,229.0,72.0,2587.0
1783934269.7,20630,32624,606,311.0,71.0,2576.0
1783934270.3,20630,32624,606,339.0,72.0,2709.0
1783934270.9,20630,32624,606,259.0,72.0,2790.0
1783934271.5,20630,32624,606,298.0,72.0,2560.0
1783934272.1,20630,32624,606,372.0,72.0,2678.0
1783934272.6,20630,32624,606,150.0,72.0,2666.0
1783934273.2,20630,32624,606,309.0,72.0,2615.0
1783934273.8,20630,32624,606,321.0,72.0,2683.0
1783934274.4,20630,32624,606,323.0,72.0,2868.0
1783934275.0,20630,32624,606,284.0,72.0,2541.0
1783934275.6,20630,32624,606,318.0,72.0,2599.0
1783934276.2,20630,32624,606,305.0,72.0,2786.0
1783934276.8,20630,32624,606,299.0,72.0,2552.0
1783934277.4,20630,32624,606,317.0,72.0,2614.0
1783934278.0,20630,32624,606,383.0,72.0,2893.0
1783934278.6,20630,32624,606,292.0,72.0,2494.0
1783934279.2,20630,32624,606,315.0,72.0,2689.0
1783934279.8,20630,32624,606,272.0,72.0,2867.0
1783934280.3,20630,32624,606,310.0,72.0,2545.0
1783934280.9,20630,32624,606,355.0,72.0,2756.0
1783934281.5,20630,32624,606,221.0,72.0,2650.0
1783934282.1,20630,32624,606,292.0,72.0,2557.0
1783934282.7,20630,32624,606,346.0,72.0,2732.0
1783934283.3,20630,32624,606,247.0,72.0,2650.0
1783934283.9,20630,32624,606,296.0,71.0,2587.0
1783934284.5,20630,32624,606,359.0,72.0,2776.0
1783934285.1,20630,32624,606,266.0,72.0,2483.0
1783934285.7,20630,32624,606,314.0,72.0,2610.0
1783934286.3,11293,32624,100,121.0,70.0,3294.0
1783934286.9,732,32624,100,29.0,69.0,0.0
1783934287.5,719,32624,84,16.0,68.0,0.0
1783934288.1,719,32624,84,16.0,67.0,0.0
1783934288.7,719,32624,84,15.0,67.0,0.0
1783934289.3,719,32624,84,15.0,66.0,0.0
1783934289.8,719,32624,84,15.0,66.0,0.0
1783934290.4,719,32624,84,15.0,66.0,0.0
1783934291.0,719,32624,84,16.0,65.0,0.0
1783934291.6,719,32624,84,15.0,65.0,0.0
1783934292.2,719,32624,84,15.0,64.0,0.0
1783934292.8,719,32624,84,13.0,64.0,0.0
1783934293.4,719,32624,84,15.0,64.0,0.0
1783934294.0,719,32624,84,16.0,63.0,0.0
1783934294.6,719,32624,84,15.0,63.0,0.0
1783934295.2,719,32624,84,15.0,63.0,0.0
1783934295.8,719,32624,84,13.0,62.0,0.0
1783934296.4,719,32624,84,14.0,62.0,0.0
1783934297.0,719,32624,84,14.0,62.0,0.0
1783934297.6,719,32624,84,15.0,61.0,0.0
1783934298.2,719,32624,84,15.0,61.0,0.0
1783934298.8,719,32624,84,15.0,61.0,0.0
1783934299.4,719,32624,84,15.0,60.0,0.0
1783934300.0,719,32624,84,13.0,60.0,0.0
1783934300.5,719,32624,84,14.0,60.0,0.0
1783934301.1,719,32624,84,13.0,60.0,0.0
1783934301.7,719,32624,84,13.0,59.0,0.0
1783934302.3,719,32624,84,13.0,59.0,0.0
1783934302.9,719,32624,84,15.0,59.0,0.0
1783934303.5,719,32624,84,13.0,58.0,0.0
1783934304.1,719,32624,84,14.0,58.0,0.0
1783934304.7,719,32624,84,13.0,58.0,0.0
1783934305.3,719,32624,84,14.0,58.0,0.0
1783934305.9,719,32624,84,13.0,58.0,0.0
1783934306.5,719,32624,84,13.0,57.0,0.0
1783934307.1,719,32624,84,13.0,57.0,0.0
1783934307.7,719,32624,84,13.0,57.0,0.0
1783934308.3,719,32624,84,13.0,57.0,0.0
1783934308.9,719,32624,84,13.0,56.0,0.0
1783934309.5,719,32624,84,14.0,56.0,0.0
1783934310.0,719,32624,84,15.0,56.0,0.0
1783934310.6,719,32624,84,12.0,56.0,0.0
1783934311.2,719,32624,84,13.0,55.0,0.0
1783934311.8,719,32624,84,12.0,55.0,0.0
1783934312.4,719,32624,84,14.0,55.0,0.0
1783934313.0,719,32624,84,13.0,55.0,0.0
1783934313.6,719,32624,84,13.0,54.0,0.0
1783934314.2,719,32624,84,13.0,55.0,0.0
1783934314.8,719,32624,84,12.0,54.0,0.0
1783934315.4,719,32624,84,13.0,54.0,0.0
1783934316.0,719,32624,84,13.0,54.0,0.0
1783934316.6,719,32624,84,12.0,54.0,0.0
1783934317.2,719,32624,84,12.0,54.0,0.0
1783934317.7,719,32624,84,12.0,53.0,0.0
1783934318.3,719,32624,84,13.0,53.0,0.0
1783934318.9,719,32624,84,12.0,53.0,0.0
1783934319.5,719,32624,84,12.0,53.0,0.0
1783934320.1,719,32624,84,13.0,53.0,0.0
1783934320.7,719,32624,84,13.0,53.0,0.0
1783934321.3,719,32624,84,13.0,52.0,0.0
1783934321.9,719,32624,84,13.0,52.0,0.0
1783934322.5,719,32624,84,12.0,52.0,0.0
1783934323.1,719,32624,84,12.0,52.0,0.0
1783934323.7,719,32624,84,12.0,52.0,0.0
1783934324.3,719,32624,84,12.0,52.0,0.0
1783934324.9,719,32624,84,12.0,52.0,0.0
1783934325.5,719,32624,84,13.0,51.0,0.0
1783934326.1,719,32624,84,13.0,51.0,0.0
1783934326.6,719,32624,84,13.0,51.0,0.0
1783934327.2,719,32624,84,12.0,51.0,0.0
1783934327.8,719,32624,84,12.0,51.0,0.0
1783934328.4,719,32624,84,12.0,51.0,0.0
1783934329.0,719,32624,84,12.0,51.0,0.0
1783934329.6,719,32624,84,13.0,50.0,0.0
1783934330.2,719,32624,84,12.0,50.0,0.0
1783934330.8,719,32624,84,12.0,50.0,0.0
1783934331.4,719,32624,84,12.0,50.0,0.0
1783934332.0,719,32624,84,12.0,50.0,0.0
1783934332.6,719,32624,84,13.0,49.0,0.0
1783934333.2,719,32624,84,12.0,49.0,0.0
1783934333.8,719,32624,84,14.0,49.0,0.0
1783934334.3,719,32624,84,14.0,49.0,0.0
1783934334.9,719,32624,84,13.0,49.0,0.0
1783934335.5,719,32624,84,11.0,49.0,0.0
1783934336.1,719,32624,84,12.0,49.0,0.0
1783934336.7,719,32624,84,11.0,49.0,0.0
1783934337.3,719,32624,84,11.0,49.0,0.0
1783934337.9,719,32624,84,12.0,49.0,0.0
1783934338.5,719,32624,84,12.0,49.0,0.0
1783934339.1,719,32624,84,12.0,48.0,0.0
1783934339.7,719,32624,84,12.0,48.0,0.0
1783934340.3,719,32624,84,13.0,48.0,0.0
1783934340.9,719,32624,84,13.0,48.0,0.0
1783934341.5,719,32624,84,13.0,48.0,0.0
1783934342.1,719,32624,84,12.0,48.0,0.0
1783934342.6,719,32624,84,11.0,48.0,0.0
1783934343.2,719,32624,84,12.0,48.0,0.0
1783934343.8,719,32624,84,12.0,48.0,0.0
1783934344.4,719,32624,84,12.0,48.0,0.0
1783934345.0,719,32624,84,12.0,47.0,0.0
1783934345.6,719,32624,84,14.0,47.0,0.0
1783934346.2,719,32624,84,14.0,47.0,0.0
1783934346.8,715,32624,84,13.0,47.0,0.0
1783934347.4,715,32624,84,13.0,47.0,0.0
1783934348.0,715,32624,84,11.0,47.0,0.0
1783934348.6,715,32624,84,11.0,47.0,0.0
1783934349.2,715,32624,84,11.0,47.0,0.0
1783934349.7,715,32624,84,12.0,47.0,0.0
1783934350.3,715,32624,84,13.0,47.0,0.0
1783934350.9,715,32624,84,12.0,47.0,0.0
1783934351.5,715,32624,84,11.0,47.0,0.0
1783934352.1,715,32624,84,12.0,47.0,0.0
1783934352.7,715,32624,84,12.0,46.0,0.0
1783934353.3,715,32624,84,12.0,46.0,0.0
1783934353.9,715,32624,84,12.0,46.0,0.0
1783934354.5,734,32624,87,29.0,47.0,82.0
1783934355.1,860,32624,111,28.0,47.0,76.0
1783934355.7,862,32624,87,17.0,46.0,1833.0
1783934356.3,862,32624,77,11.0,46.0,0.0
1783934356.9,848,32624,89,17.0,46.0,49.0
1783934357.5,848,32624,89,12.0,46.0,0.0
1783934358.1,846,32624,79,18.0,46.0,88.0
1783934358.7,851,32624,77,12.0,46.0,0.0
1783934359.3,855,32624,77,12.0,46.0,0.0
1783934359.9,825,32624,95,13.0,46.0,0.0
1783934360.5,766,32624,85,28.0,46.0,29.0
1783934361.1,766,32624,85,16.0,46.0,21.0
1783934361.7,764,32624,81,12.0,46.0,0.0
1783934362.3,762,32624,81,24.0,46.0,740.0
1783934362.9,762,32624,83,12.0,46.0,0.0
1783934363.5,762,32624,81,12.0,45.0,0.0
1783934364.0,757,32624,77,12.0,45.0,0.0
1783934364.6,755,32624,77,12.0,46.0,0.0
1783934365.2,750,32624,77,12.0,45.0,0.0
1783934365.8,750,32624,77,11.0,45.0,0.0
1783934366.4,750,32624,77,12.0,45.0,0.0
1783934367.0,749,32624,77,11.0,45.0,0.0
1783934367.6,738,32624,77,11.0,46.0,0.0
1783934368.2,738,32624,77,11.0,45.0,0.0
1783934368.8,726,32624,77,23.0,46.0,0.0
1783934369.4,726,32624,77,12.0,45.0,0.0
1783934370.0,726,32624,77,10.0,45.0,0.0
1783934370.6,726,32624,77,11.0,45.0,0.0
1783934371.2,726,32624,77,12.0,45.0,0.0
1783934371.8,726,32624,77,12.0,45.0,0.0
1783934372.4,726,32624,77,11.0,45.0,0.0
1783934373.0,726,32624,77,11.0,45.0,0.0
1783934373.6,726,32624,77,11.0,45.0,0.0
1783934374.2,726,32624,77,12.0,45.0,0.0
1783934374.8,726,32624,77,23.0,45.0,0.0
1783934375.4,726,32624,77,11.0,45.0,0.0
1783934376.0,726,32624,77,12.0,45.0,0.0
1783934376.6,726,32624,77,13.0,45.0,0.0
1783934377.2,726,32624,77,10.0,45.0,0.0
1783934377.8,726,32624,77,12.0,45.0,0.0
1783934378.4,726,32624,77,11.0,45.0,0.0
1783934379.0,726,32624,77,11.0,45.0,0.0
1783934379.6,726,32624,77,11.0,45.0,0.0
1783934380.2,726,32624,77,12.0,45.0,0.0
1783934380.8,726,32624,77,11.0,45.0,0.0
1783934381.4,726,32624,77,11.0,45.0,0.0
1783934382.0,726,32624,79,11.0,45.0,0.0
1783934382.6,726,32624,79,11.0,45.0,0.0
1783934383.2,726,32624,79,12.0,45.0,0.0
1783934383.7,726,32624,79,11.0,45.0,0.0
1783934384.4,710,32624,75,23.0,45.0,0.0
1783934385.0,710,32624,75,11.0,45.0,0.0
1783934385.6,710,32624,75,11.0,45.0,0.0
1783934386.1,710,32624,75,11.0,45.0,0.0
1783934386.7,710,32624,75,11.0,45.0,0.0
1783934387.3,710,32624,75,11.0,45.0,0.0
1783934387.9,710,32624,75,11.0,45.0,0.0
1783934388.5,710,32624,75,11.0,44.0,0.0
1783934389.1,710,32624,75,11.0,44.0,0.0
1783934389.7,710,32624,75,11.0,45.0,0.0
1783934390.3,710,32624,75,12.0,44.0,0.0
1783934390.9,710,32624,75,11.0,44.0,0.0
1783934391.5,710,32624,75,12.0,44.0,0.0
1783934392.1,710,32624,75,11.0,44.0,0.0
1783934392.7,710,32624,75,11.0,44.0,0.0
1783934393.3,710,32624,75,23.0,44.0,500.0
1783934393.9,710,32624,75,17.0,44.0,64.0
1783934394.5,710,32624,75,12.0,44.0,0.0
1783934395.1,710,32624,75,12.0,44.0,0.0
1783934395.7,710,32624,75,11.0,44.0,0.0
1783934396.3,710,32624,75,11.0,44.0,0.0
1783934396.8,710,32624,75,11.0,44.0,0.0
1783934397.4,710,32624,75,12.0,44.0,0.0
1783934398.0,710,32624,75,12.0,44.0,0.0
1783934398.6,710,32624,75,11.0,44.0,0.0
1783934399.2,710,32624,75,11.0,44.0,0.0
1783934399.8,710,32624,75,11.0,44.0,0.0
1783934400.4,710,32624,75,12.0,44.0,0.0
1783934401.0,710,32624,75,12.0,44.0,0.0
1783934401.6,710,32624,75,12.0,44.0,0.0
1783934402.2,710,32624,75,12.0,44.0,0.0
1783934402.8,710,32624,75,12.0,44.0,0.0
1783934403.4,710,32624,75,11.0,44.0,0.0
1783934404.0,710,32624,75,12.0,44.0,0.0
1783934404.6,710,32624,75,11.0,44.0,0.0
1783934405.2,710,32624,75,12.0,44.0,0.0
1783934405.8,710,32624,75,11.0,44.0,0.0
1783934406.4,710,32624,75,11.0,44.0,0.0
1783934407.0,710,32624,75,12.0,44.0,0.0
1783934407.5,710,32624,75,13.0,44.0,0.0
1783934408.1,710,32624,75,11.0,44.0,0.0
1783934408.7,710,32624,75,12.0,44.0,0.0
1783934409.3,710,32624,75,12.0,43.0,0.0
1783934409.9,710,32624,75,12.0,44.0,0.0
1783934410.5,710,32624,75,10.0,44.0,0.0
1783934411.1,710,32624,75,12.0,44.0,0.0
1783934411.7,710,32624,75,11.0,44.0,0.0
1783934412.3,710,32624,75,11.0,44.0,0.0
1783934412.9,710,32624,75,12.0,44.0,0.0
1783934413.5,722,32624,81,10.0,44.0,0.0
1783934414.1,722,32624,81,11.0,44.0,0.0
1783934414.7,722,32624,81,11.0,44.0,0.0
1783934415.3,722,32624,81,11.0,44.0,0.0
1783934415.9,718,32624,79,11.0,44.0,0.0
1783934416.5,718,32624,79,11.0,43.0,0.0
1783934417.1,718,32624,79,10.0,44.0,0.0
1783934417.7,718,32624,79,11.0,44.0,0.0
1783934418.2,718,32624,79,11.0,43.0,0.0
1783934418.8,718,32624,79,11.0,43.0,0.0
1783934419.4,718,32624,79,12.0,43.0,0.0
1783934420.0,718,32624,79,12.0,43.0,0.0
1783934420.6,718,32624,79,11.0,44.0,0.0
1783934421.2,718,32624,79,11.0,44.0,0.0
1783934421.8,718,32624,79,11.0,43.0,0.0
1783934422.4,718,32624,79,12.0,43.0,0.0
1783934423.0,718,32624,79,12.0,43.0,0.0
1783934423.6,718,32624,79,12.0,43.0,0.0
1783934424.2,718,32624,79,11.0,43.0,0.0
1783934424.8,718,32624,79,11.0,43.0,0.0
1783934425.4,718,32624,79,11.0,44.0,0.0
1783934426.0,718,32624,79,11.0,43.0,0.0
1783934426.6,720,32624,81,11.0,43.0,0.0
1783934427.2,720,32624,81,11.0,43.0,0.0
1783934427.8,720,32624,81,12.0,43.0,0.0
1783934428.4,720,32624,81,11.0,43.0,0.0
1783934429.0,714,32624,79,12.0,43.0,0.0
1783934429.6,714,32624,79,11.0,43.0,0.0
1783934430.2,714,32624,79,11.0,43.0,0.0
1783934430.8,714,32624,79,12.0,43.0,0.0
1783934431.4,714,32624,79,11.0,43.0,0.0
1783934432.0,714,32624,79,11.0,43.0,0.0
1783934432.6,714,32624,79,12.0,43.0,0.0
1783934433.2,714,32624,79,11.0,43.0,0.0
1783934433.8,714,32624,79,12.0,43.0,0.0
1783934434.4,714,32624,79,11.0,43.0,0.0
1783934434.9,714,32624,79,11.0,43.0,0.0
1783934435.5,714,32624,79,10.0,43.0,0.0
1783934436.1,714,32624,79,12.0,43.0,0.0
1783934436.7,714,32624,79,12.0,43.0,0.0
1783934437.3,714,32624,79,12.0,43.0,0.0
1783934437.9,714,32624,79,11.0,43.0,0.0
1783934438.5,714,32624,79,12.0,43.0,0.0
1783934439.1,714,32624,79,10.0,43.0,0.0
1783934439.7,714,32624,79,11.0,43.0,0.0
1783934440.3,714,32624,79,12.0,43.0,0.0
1783934440.9,714,32624,79,11.0,42.0,0.0
1783934441.5,714,32624,79,12.0,42.0,0.0
1783934442.1,714,32624,79,12.0,43.0,0.0
1783934442.7,714,32624,79,12.0,42.0,0.0
1783934443.3,714,32624,79,11.0,42.0,0.0
1783934443.9,714,32624,79,11.0,42.0,0.0
1783934444.5,714,32624,79,11.0,42.0,0.0
1783934445.0,714,32624,79,12.0,42.0,0.0
1783934445.6,714,32624,79,11.0,42.0,0.0
1783934446.2,714,32624,79,12.0,42.0,0.0
1783934446.8,714,32624,79,11.0,42.0,0.0
1783934447.4,714,32624,79,12.0,43.0,0.0
1783934448.0,714,32624,79,11.0,42.0,0.0
1783934448.6,714,32624,79,11.0,42.0,0.0
1783934449.2,714,32624,79,11.0,42.0,0.0
1783934449.8,714,32624,79,11.0,42.0,0.0
1783934450.4,714,32624,79,11.0,42.0,0.0
1783934451.0,714,32624,79,11.0,42.0,0.0
1783934451.6,714,32624,79,11.0,42.0,0.0
1783934452.2,714,32624,79,11.0,42.0,0.0
1783934452.8,714,32624,79,12.0,42.0,0.0
1783934453.4,714,32624,79,12.0,42.0,0.0
1783934454.0,714,32624,79,11.0,42.0,0.0
1783934454.6,714,32624,79,11.0,42.0,0.0
1783934455.2,714,32624,79,11.0,42.0,0.0
1783934455.8,714,32624,79,12.0,42.0,0.0
1783934456.4,714,32624,79,11.0,42.0,0.0
1783934457.0,714,32624,79,13.0,42.0,0.0
1783934457.6,714,32624,79,11.0,42.0,0.0
1783934458.2,714,32624,79,11.0,42.0,0.0
1783934458.8,714,32624,79,11.0,42.0,0.0
1783934459.4,714,32624,79,11.0,42.0,0.0
1783934460.0,714,32624,79,12.0,42.0,0.0
1783934460.6,714,32624,79,12.0,42.0,0.0
1783934461.2,714,32624,79,11.0,42.0,0.0
1783934461.8,714,32624,79,11.0,42.0,0.0
1783934462.4,714,32624,79,11.0,42.0,0.0
1783934463.0,714,32624,79,12.0,42.0,0.0
1783934463.6,714,32624,79,12.0,41.0,0.0
1783934464.1,714,32624,79,11.0,42.0,0.0
1783934464.7,714,32624,79,12.0,42.0,0.0
1783934465.3,714,32624,79,11.0,42.0,0.0
1783934465.9,714,32624,79,11.0,41.0,0.0
1783934466.5,714,32624,79,11.0,41.0,0.0
1783934467.1,714,32624,79,10.0,42.0,0.0
1783934467.7,714,32624,79,11.0,41.0,0.0
1783934468.3,714,32624,79,11.0,41.0,0.0
1783934468.9,714,32624,79,11.0,41.0,0.0
1783934469.5,714,32624,79,11.0,41.0,0.0
1783934470.1,714,32624,79,11.0,41.0,0.0
1783934470.7,714,32624,79,11.0,41.0,0.0
1783934471.3,714,32624,79,13.0,41.0,0.0
1783934471.9,714,32624,79,14.0,41.0,538.0
1783934472.5,714,32624,79,13.0,41.0,0.0
1783934473.1,714,32624,79,19.0,41.0,148.0
1783934473.7,716,32624,79,12.0,41.0,0.0
1783934474.3,716,32624,79,11.0,41.0,0.0
1783934474.9,716,32624,79,11.0,41.0,0.0
1783934475.4,716,32624,79,11.0,41.0,0.0
1783934476.0,715,32624,77,12.0,41.0,0.0
1783934476.6,715,32624,77,11.0,41.0,0.0
1783934477.2,715,32624,77,11.0,41.0,0.0
1783934477.8,715,32624,77,11.0,41.0,0.0
1783934478.4,715,32624,77,11.0,41.0,0.0
1783934479.0,715,32624,77,12.0,41.0,0.0
1783934479.6,715,32624,77,11.0,41.0,0.0
1783934480.2,715,32624,77,12.0,41.0,0.0
1783934480.8,715,32624,77,11.0,41.0,0.0
1783934481.4,715,32624,77,11.0,41.0,0.0
1783934482.0,715,32624,77,12.0,41.0,0.0
1783934482.6,715,32624,77,11.0,41.0,0.0
1783934483.2,715,32624,77,12.0,41.0,0.0
1783934483.8,715,32624,77,12.0,41.0,0.0
1783934484.3,715,32624,77,11.0,41.0,0.0
1783934484.9,715,32624,77,12.0,41.0,0.0
1783934485.5,715,32624,77,12.0,41.0,0.0
1783934486.1,715,32624,77,11.0,41.0,0.0
1783934486.7,715,32624,77,11.0,41.0,0.0
1783934487.3,715,32624,77,11.0,41.0,0.0
1783934487.9,715,32624,77,12.0,41.0,0.0
1783934488.5,715,32624,77,11.0,41.0,0.0
1783934489.1,715,32624,77,12.0,41.0,0.0
1783934489.7,715,32624,77,12.0,41.0,0.0
1783934490.3,715,32624,77,11.0,41.0,0.0
1783934490.9,715,32624,77,11.0,41.0,0.0
1783934491.5,715,32624,77,11.0,41.0,0.0
1783934492.0,715,32624,77,11.0,41.0,0.0
1783934492.6,715,32624,77,12.0,41.0,0.0
1783934493.2,715,32624,77,12.0,41.0,0.0
1783934493.8,715,32624,77,11.0,41.0,0.0
1783934494.4,715,32624,77,12.0,41.0,0.0
1783934495.0,715,32624,77,11.0,41.0,0.0
1783934495.6,715,32624,77,11.0,41.0,0.0
1783934496.2,715,32624,77,12.0,41.0,0.0
1783934496.8,715,32624,77,11.0,41.0,0.0
1783934497.4,715,32624,77,11.0,41.0,0.0
1783934498.0,715,32624,77,11.0,41.0,0.0
1783934498.6,715,32624,77,11.0,41.0,0.0
1783934499.2,715,32624,77,11.0,40.0,0.0
1783934499.7,715,32624,77,12.0,40.0,0.0
1783934500.3,715,32624,77,11.0,40.0,0.0
1783934500.9,715,32624,77,12.0,40.0,0.0
1783934501.5,715,32624,77,11.0,40.0,0.0
1783934502.1,715,32624,77,11.0,40.0,0.0
1783934502.7,715,32624,77,11.0,40.0,0.0
1783934503.3,715,32624,77,12.0,40.0,0.0
1783934503.9,715,32624,77,12.0,40.0,0.0
1783934504.5,715,32624,77,12.0,40.0,0.0
1783934505.1,715,32624,77,11.0,40.0,0.0
1783934505.7,715,32624,77,12.0,40.0,0.0
1783934506.3,715,32624,77,11.0,40.0,0.0
1783934506.9,715,32624,77,11.0,40.0,0.0
1783934507.5,715,32624,77,11.0,40.0,0.0
1783934508.0,715,32624,77,12.0,40.0,0.0
1783934508.6,715,32624,77,12.0,40.0,0.0
1783934509.2,715,32624,77,11.0,40.0,0.0
1783934509.8,715,32624,77,11.0,40.0,0.0
1783934510.4,715,32624,77,12.0,40.0,0.0
1783934511.0,715,32624,77,11.0,40.0,0.0
1783934511.6,715,32624,77,12.0,40.0,0.0
1783934512.2,715,32624,77,11.0,40.0,0.0
1783934512.8,715,32624,77,10.0,40.0,0.0
1783934513.4,715,32624,77,11.0,40.0,0.0
1783934514.0,715,32624,77,11.0,40.0,0.0
1783934514.6,715,32624,77,11.0,40.0,0.0
1783934515.2,715,32624,77,11.0,40.0,0.0
1783934515.8,715,32624,77,11.0,40.0,0.0
1783934516.4,715,32624,77,11.0,40.0,0.0
1783934516.9,715,32624,77,11.0,40.0,0.0
1783934517.5,715,32624,77,12.0,40.0,0.0
1783934518.1,715,32624,77,11.0,40.0,0.0
1783934518.7,715,32624,77,11.0,40.0,0.0
1783934519.3,715,32624,77,12.0,40.0,0.0
1783934519.9,715,32624,77,13.0,40.0,0.0
1783934520.5,715,32624,77,11.0,40.0,0.0
1783934521.1,715,32624,77,11.0,40.0,0.0
1783934521.7,715,32624,77,13.0,40.0,0.0
1783934522.3,715,32624,77,15.0,40.0,46.0
1783934522.9,715,32624,77,16.0,40.0,29.0
1783934523.5,715,32624,77,17.0,40.0,29.0
1783934524.1,715,32624,77,16.0,40.0,6.0
1783934524.7,715,32624,77,11.0,40.0,0.0
1783934525.3,715,32624,77,21.0,39.0,341.0
1783934525.9,715,32624,77,17.0,39.0,30.0
1783934526.5,715,32624,77,11.0,39.0,0.0
1783934527.1,715,32624,77,15.0,39.0,0.0
1783934527.7,715,32624,77,11.0,39.0,0.0
1783934528.3,715,32624,77,11.0,39.0,0.0
1783934528.9,715,32624,77,11.0,39.0,0.0
1783934529.5,715,32624,77,11.0,39.0,0.0
1783934530.0,715,32624,77,11.0,39.0,0.0
1783934530.6,715,32624,77,11.0,39.0,0.0
1783934531.2,715,32624,77,12.0,39.0,0.0
1783934531.8,715,32624,77,12.0,39.0,0.0
1783934532.4,715,32624,77,12.0,39.0,0.0
1783934533.0,715,32624,77,11.0,39.0,0.0
1783934533.6,715,32624,77,11.0,39.0,0.0
1783934534.2,715,32624,77,11.0,39.0,0.0
1783934534.8,715,32624,77,11.0,39.0,0.0
1783934535.4,715,32624,77,11.0,39.0,0.0
1783934536.0,715,32624,77,10.0,40.0,0.0
1783934536.6,715,32624,77,12.0,39.0,0.0
1783934537.2,715,32624,77,10.0,39.0,0.0
1783934537.8,715,32624,77,12.0,39.0,0.0
1783934538.4,711,32624,77,11.0,39.0,0.0
1783934538.9,711,32624,77,11.0,39.0,0.0
1783934539.5,711,32624,77,12.0,39.0,0.0
1783934540.1,711,32624,77,12.0,39.0,0.0
1783934540.7,711,32624,77,11.0,39.0,0.0
1783934541.3,711,32624,77,11.0,39.0,0.0
1783934541.9,711,32624,77,10.0,39.0,0.0
1783934542.5,711,32624,77,11.0,39.0,0.0
1783934543.1,711,32624,77,12.0,39.0,0.0
1783934543.7,711,32624,77,11.0,39.0,0.0
1783934544.3,711,32624,77,11.0,39.0,0.0
1783934544.9,711,32624,77,12.0,39.0,0.0
1783934545.5,711,32624,77,12.0,39.0,0.0
1783934546.1,711,32624,77,11.0,39.0,0.0
1783934546.7,711,32624,77,11.0,39.0,0.0
1783934547.3,711,32624,77,11.0,39.0,0.0
1783934547.9,711,32624,77,11.0,39.0,0.0
1783934548.5,711,32624,77,11.0,39.0,0.0
1783934549.1,711,32624,77,11.0,39.0,0.0
1783934549.7,711,32624,77,10.0,39.0,0.0
1783934550.3,711,32624,77,11.0,39.0,0.0
1783934550.9,711,32624,77,11.0,39.0,0.0
1783934551.5,711,32624,77,11.0,39.0,0.0
1783934552.1,711,32624,77,11.0,39.0,0.0
1783934552.6,711,32624,77,12.0,39.0,0.0
1783934553.3,711,32624,77,11.0,39.0,0.0
1783934553.9,711,32624,77,12.0,39.0,0.0
1783934554.5,711,32624,77,11.0,39.0,0.0
1783934555.1,711,32624,77,11.0,39.0,0.0
1783934555.6,711,32624,77,11.0,39.0,0.0
1783934556.2,711,32624,77,11.0,39.0,0.0
1783934556.8,711,32624,77,12.0,39.0,0.0
1783934557.4,711,32624,77,11.0,39.0,0.0
1783934558.0,711,32624,77,12.0,38.0,0.0
1783934558.6,711,32624,77,11.0,38.0,0.0
1783934559.2,711,32624,77,12.0,39.0,0.0
1783934559.8,711,32624,77,11.0,39.0,0.0
1783934560.4,711,32624,77,14.0,38.0,0.0
1783934561.0,711,32624,77,11.0,38.0,0.0
1783934561.6,711,32624,77,11.0,38.0,0.0
1783934562.2,711,32624,77,12.0,38.0,0.0
1783934562.8,711,32624,77,11.0,39.0,0.0
1783934563.4,711,32624,77,12.0,38.0,0.0
1783934564.0,711,32624,77,11.0,39.0,0.0
1783934564.6,711,32624,77,11.0,38.0,0.0
1783934565.2,711,32624,77,11.0,38.0,0.0
1783934565.8,711,32624,77,11.0,38.0,0.0
1783934566.4,711,32624,77,10.0,38.0,0.0
1783934567.0,711,32624,77,11.0,38.0,0.0
1783934567.6,711,32624,77,11.0,38.0,0.0
1783934568.2,711,32624,77,11.0,38.0,0.0
1783934568.8,711,32624,77,11.0,38.0,0.0
1783934569.4,711,32624,77,11.0,38.0,0.0
1783934570.0,711,32624,77,10.0,38.0,0.0
1783934570.6,711,32624,77,11.0,38.0,0.0
1783934571.2,711,32624,77,12.0,38.0,0.0
1783934571.8,711,32624,77,11.0,38.0,0.0
1783934572.4,711,32624,77,11.0,38.0,0.0
1783934573.0,711,32624,77,11.0,38.0,0.0
1783934573.6,711,32624,77,11.0,38.0,0.0
1783934574.2,711,32624,77,11.0,38.0,0.0
1783934574.8,711,32624,77,11.0,38.0,0.0
1783934575.4,711,32624,77,11.0,38.0,0.0
1783934575.9,711,32624,77,12.0,38.0,0.0
1783934576.5,711,32624,77,12.0,38.0,0.0
1783934577.1,711,32624,77,12.0,38.0,0.0
1783934577.7,711,32624,77,12.0,38.0,0.0
1783934578.3,711,32624,77,10.0,38.0,0.0
1783934578.9,711,32624,77,12.0,38.0,0.0
1783934579.5,711,32624,77,11.0,38.0,0.0
1783934580.1,711,32624,77,11.0,38.0,0.0
1783934580.7,711,32624,77,12.0,38.0,0.0
1783934581.3,711,32624,77,11.0,38.0,0.0
1783934581.9,711,32624,77,11.0,38.0,0.0
1783934582.5,711,32624,77,11.0,38.0,0.0
1783934583.1,711,32624,77,12.0,38.0,0.0
1783934583.7,711,32624,77,11.0,38.0,0.0
1783934584.3,711,32624,77,11.0,38.0,0.0
1783934584.9,711,32624,77,11.0,38.0,0.0
1783934585.5,711,32624,77,12.0,38.0,0.0
1783934586.1,711,32624,77,11.0,38.0,0.0
1783934586.7,711,32624,77,12.0,38.0,0.0
1783934587.3,711,32624,77,11.0,38.0,0.0
1783934587.8,711,32624,77,11.0,38.0,0.0
1783934588.4,711,32624,77,12.0,38.0,0.0
1783934589.0,711,32624,77,12.0,38.0,0.0
1783934589.6,711,32624,77,11.0,38.0,0.0
1783934590.2,711,32624,77,12.0,38.0,0.0
1783934590.8,711,32624,77,11.0,38.0,0.0
1783934591.4,711,32624,77,11.0,38.0,0.0
1783934592.0,711,32624,77,11.0,38.0,0.0
1783934592.6,711,32624,77,12.0,38.0,0.0
1783934593.2,711,32624,77,12.0,38.0,0.0
1783934593.8,711,32624,77,11.0,38.0,0.0
1783934594.4,711,32624,77,11.0,38.0,0.0
1783934595.0,711,32624,77,11.0,38.0,0.0
1783934595.5,711,32624,77,11.0,38.0,0.0
1783934596.1,711,32624,77,11.0,38.0,0.0
1783934596.7,711,32624,77,10.0,38.0,0.0
1783934597.3,711,32624,77,11.0,38.0,0.0
1783934597.9,711,32624,77,11.0,38.0,0.0
1783934598.5,711,32624,77,11.0,38.0,0.0
1783934599.1,711,32624,77,12.0,38.0,0.0
1783934599.7,711,32624,77,11.0,38.0,0.0
1783934600.3,711,32624,77,11.0,38.0,0.0
1783934600.9,711,32624,77,11.0,38.0,0.0
1783934601.5,711,32624,77,13.0,38.0,289.0
1783934602.1,711,32624,77,13.0,38.0,271.0
1783934602.7,711,32624,77,15.0,38.0,21.0
1783934603.3,711,32624,77,15.0,38.0,40.0
1783934603.9,711,32624,77,10.0,38.0,0.0
1783934604.5,711,32624,77,12.0,38.0,0.0
1783934605.1,711,32624,77,11.0,38.0,0.0
1783934605.6,711,32624,77,11.0,38.0,0.0
1783934606.2,711,32624,77,10.0,38.0,0.0
1783934606.8,711,32624,77,11.0,38.0,0.0
1783934607.4,711,32624,77,10.0,37.0,0.0
1783934608.0,711,32624,77,11.0,38.0,0.0
1783934608.6,711,32624,77,11.0,38.0,0.0
1783934609.2,711,32624,77,11.0,38.0,0.0
1783934609.8,711,32624,77,10.0,38.0,0.0
1783934610.4,711,32624,77,11.0,38.0,0.0
1783934611.0,711,32624,77,11.0,37.0,0.0
1783934611.6,711,32624,77,11.0,37.0,0.0
1783934612.2,711,32624,77,11.0,37.0,0.0
1783934612.8,711,32624,77,10.0,38.0,0.0
1783934613.4,711,32624,77,12.0,37.0,0.0
1783934614.0,711,32624,77,12.0,37.0,0.0
1783934614.5,711,32624,77,11.0,37.0,0.0
1783934615.1,711,32624,77,11.0,37.0,0.0
1783934615.7,711,32624,77,11.0,37.0,0.0
1783934616.3,711,32624,77,12.0,37.0,0.0
1783934616.9,711,32624,77,12.0,37.0,0.0
1783934617.5,711,32624,77,11.0,37.0,0.0
1783934618.1,711,32624,77,11.0,37.0,0.0
1783934618.7,711,32624,77,11.0,37.0,0.0
1783934619.3,711,32624,77,12.0,37.0,0.0
1783934619.9,711,32624,77,11.0,37.0,0.0
1783934620.5,711,32624,77,10.0,37.0,0.0
1783934621.1,711,32624,77,12.0,37.0,0.0
1783934621.7,711,32624,77,11.0,37.0,0.0
1783934622.3,711,32624,77,11.0,37.0,0.0
1783934622.9,711,32624,77,11.0,37.0,0.0
1783934623.5,711,32624,77,11.0,37.0,0.0
1783934624.1,711,32624,77,10.0,37.0,0.0
1783934624.7,711,32624,77,11.0,37.0,0.0
1783934625.2,711,32624,77,11.0,37.0,0.0
1783934625.8,711,32624,77,12.0,37.0,0.0
1783934626.4,711,32624,77,11.0,37.0,0.0
1783934627.0,711,32624,77,11.0,37.0,0.0
1783934627.6,711,32624,77,11.0,37.0,0.0
1783934628.2,711,32624,77,11.0,37.0,0.0
1783934628.8,711,32624,77,11.0,37.0,0.0
1783934629.4,711,32624,77,11.0,37.0,0.0
1783934630.0,711,32624,77,11.0,37.0,0.0
1783934630.6,711,32624,77,12.0,37.0,0.0
1783934631.2,711,32624,77,12.0,37.0,0.0
1783934631.8,711,32624,77,11.0,37.0,0.0
1783934632.4,711,32624,77,12.0,37.0,0.0
1783934633.0,711,32624,77,11.0,37.0,0.0
1783934633.6,711,32624,77,11.0,37.0,0.0
1783934634.2,711,32624,77,10.0,37.0,0.0
1783934634.8,711,32624,77,11.0,37.0,0.0
1783934635.4,714,32624,79,11.0,37.0,0.0
1783934636.0,714,32624,79,11.0,37.0,0.0
1783934636.6,714,32624,79,11.0,37.0,0.0
1783934637.1,714,32624,79,10.0,37.0,0.0
1783934637.7,712,32624,77,11.0,37.0,0.0
1783934638.3,712,32624,77,12.0,37.0,0.0
1783934638.9,712,32624,77,11.0,37.0,0.0
1783934639.5,712,32624,77,11.0,37.0,0.0
1783934640.1,712,32624,77,11.0,37.0,0.0
1783934640.7,712,32624,77,11.0,37.0,0.0
1783934641.3,712,32624,77,11.0,37.0,0.0
1783934641.9,712,32624,77,12.0,37.0,0.0
1783934642.5,712,32624,77,11.0,37.0,0.0
1783934643.1,712,32624,77,11.0,37.0,0.0
1783934643.7,712,32624,77,11.0,37.0,0.0
1783934644.3,712,32624,77,11.0,37.0,0.0
1783934644.9,712,32624,77,11.0,37.0,0.0
1783934645.5,712,32624,77,10.0,37.0,0.0
1783934646.1,712,32624,77,12.0,37.0,0.0
1783934646.7,712,32624,77,11.0,37.0,0.0
1783934647.3,712,32624,77,12.0,37.0,0.0
1783934647.9,712,32624,77,11.0,37.0,0.0
1783934648.5,712,32624,77,11.0,37.0,0.0
1783934649.0,712,32624,77,11.0,37.0,0.0
1783934649.6,712,32624,77,13.0,37.0,0.0
1783934650.2,712,32624,77,11.0,37.0,0.0
1783934650.8,712,32624,77,10.0,37.0,0.0
1783934651.4,712,32624,77,10.0,37.0,0.0
1783934652.0,712,32624,77,11.0,37.0,0.0
1783934652.6,712,32624,77,12.0,37.0,0.0
1783934653.2,712,32624,77,11.0,37.0,0.0
1783934653.8,718,32624,81,11.0,37.0,0.0
1783934654.4,718,32624,81,11.0,37.0,0.0
1783934655.0,718,32624,79,22.0,37.0,0.0
1783934655.6,703,32624,79,22.0,37.0,0.0
1783934656.2,703,32624,79,10.0,37.0,0.0
1783934656.8,703,32624,79,12.0,37.0,0.0
1783934657.4,703,32624,79,12.0,37.0,0.0
1783934658.0,703,32624,79,12.0,37.0,0.0
1783934658.6,729,32624,103,12.0,37.0,0.0
1783934659.2,733,32624,81,26.0,37.0,14.0
1783934659.8,733,32624,77,28.0,37.0,111.0
1783934660.4,733,32624,77,26.0,37.0,1431.0
1783934661.0,735,32624,79,22.0,37.0,0.0
1783934661.6,733,32624,79,22.0,37.0,0.0
1783934662.2,739,32624,77,11.0,37.0,0.0
1783934662.7,739,32624,77,11.0,37.0,0.0
1783934663.3,739,32624,75,11.0,37.0,0.0
1783934663.9,739,32624,75,10.0,37.0,0.0
1783934664.5,739,32624,75,9.0,37.0,0.0
1783934665.1,739,32624,75,10.0,37.0,0.0
1783934665.7,739,32624,75,10.0,37.0,0.0
1783934666.3,739,32624,75,10.0,37.0,0.0
1783934666.9,739,32624,75,9.0,37.0,0.0
1783934667.5,739,32624,75,10.0,37.0,0.0
1783934668.1,739,32624,75,10.0,37.0,0.0
1783934668.7,739,32624,75,10.0,37.0,0.0
1783934669.3,739,32624,75,10.0,37.0,0.0
1783934669.9,739,32624,75,12.0,37.0,0.0
1783934670.5,739,32624,75,10.0,37.0,0.0
1783934671.1,739,32624,75,10.0,37.0,0.0
1783934671.6,739,32624,75,9.0,37.0,0.0
1783934672.2,739,32624,75,10.0,37.0,0.0
1783934672.8,739,32624,75,10.0,37.0,0.0
1783934673.4,739,32624,75,11.0,37.0,0.0
1783934674.0,739,32624,75,10.0,37.0,0.0
1783934674.6,739,32624,75,9.0,37.0,0.0
1783934675.2,739,32624,75,9.0,37.0,0.0
1783934675.8,739,32624,75,10.0,36.0,0.0
1783934676.4,739,32624,75,9.0,37.0,0.0
1783934677.0,739,32624,75,9.0,37.0,0.0
1783934677.6,739,32624,75,12.0,36.0,0.0
1783934678.2,739,32624,75,12.0,37.0,0.0
1783934678.7,739,32624,75,10.0,37.0,0.0
1783934679.3,739,32624,75,10.0,37.0,0.0
1783934679.9,739,32624,75,9.0,36.0,0.0
1783934680.5,739,32624,75,10.0,37.0,0.0
1783934681.1,739,32624,75,9.0,37.0,0.0
1783934681.7,739,32624,75,10.0,36.0,0.0
1783934682.3,739,32624,75,10.0,36.0,0.0
1783934682.9,739,32624,75,10.0,36.0,0.0
1783934683.5,739,32624,75,10.0,36.0,0.0
1783934684.1,739,32624,75,10.0,36.0,0.0
1783934684.7,739,32624,75,9.0,36.0,0.0
1783934685.3,739,32624,75,10.0,36.0,0.0
1783934685.9,739,32624,75,10.0,36.0,0.0
1783934686.4,739,32624,75,10.0,36.0,0.0
1783934687.0,739,32624,75,9.0,36.0,0.0
1783934687.6,739,32624,75,10.0,36.0,0.0
1783934688.2,739,32624,75,10.0,36.0,0.0
1783934688.8,739,32624,75,10.0,36.0,0.0
1783934689.4,739,32624,75,10.0,36.0,0.0
1783934690.0,739,32624,75,9.0,36.0,0.0
1783934690.6,739,32624,75,10.0,36.0,0.0
1783934691.2,739,32624,75,10.0,36.0,0.0
1783934691.8,739,32624,75,9.0,36.0,0.0
1783934692.4,739,32624,75,11.0,36.0,0.0
1783934693.0,739,32624,75,10.0,36.0,0.0
1783934693.6,739,32624,75,10.0,36.0,0.0
1783934694.2,739,32624,75,9.0,36.0,0.0
1783934694.7,739,32624,75,9.0,36.0,0.0
1783934695.3,731,32624,75,9.0,36.0,0.0
1783934695.9,731,32624,75,10.0,36.0,0.0
1783934696.5,731,32624,75,10.0,36.0,0.0
1783934697.1,731,32624,75,10.0,36.0,0.0
1783934697.7,731,32624,75,9.0,36.0,0.0
1783934698.3,731,32624,75,9.0,36.0,0.0
1783934698.9,731,32624,75,9.0,36.0,0.0
1783934699.5,731,32624,75,10.0,36.0,0.0
1783934700.1,731,32624,75,22.0,36.0,0.0
1783934700.7,731,32624,75,12.0,36.0,0.0
1783934701.3,731,32624,75,9.0,36.0,0.0
1783934701.8,731,32624,75,11.0,36.0,0.0
1783934702.4,731,32624,75,9.0,36.0,0.0
1783934703.0,731,32624,75,11.0,36.0,0.0
1783934703.6,731,32624,75,9.0,36.0,0.0
1783934704.2,731,32624,75,10.0,36.0,0.0
1783934704.8,731,32624,75,10.0,36.0,0.0
1783934705.4,731,32624,75,10.0,36.0,0.0
1783934706.0,731,32624,75,10.0,36.0,0.0
1783934706.6,731,32624,75,10.0,36.0,0.0
1783934707.2,731,32624,75,10.0,36.0,0.0
1783934707.8,731,32624,75,10.0,36.0,0.0
1783934708.4,731,32624,75,10.0,36.0,0.0
1783934709.0,731,32624,75,10.0,36.0,0.0
1783934709.5,731,32624,75,10.0,36.0,0.0
1783934710.1,731,32624,75,9.0,36.0,0.0
1783934710.7,731,32624,75,9.0,36.0,0.0
1783934711.3,731,32624,75,10.0,36.0,0.0
1783934711.9,731,32624,75,10.0,36.0,0.0
1783934712.5,731,32624,75,10.0,36.0,0.0
1783934713.1,731,32624,75,10.0,36.0,0.0
1783934713.7,731,32624,75,10.0,36.0,0.0
1783934714.3,731,32624,75,9.0,36.0,0.0
1783934714.9,731,32624,75,9.0,36.0,0.0
1783934715.5,731,32624,75,10.0,36.0,0.0
1783934716.1,731,32624,75,9.0,36.0,0.0
1783934716.6,731,32624,75,10.0,36.0,0.0
1783934717.2,731,32624,75,10.0,36.0,0.0
1783934717.8,731,32624,75,11.0,36.0,0.0
1783934718.4,731,32624,75,10.0,36.0,0.0
1783934719.0,731,32624,75,9.0,36.0,0.0
1783934719.6,731,32624,75,9.0,36.0,0.0
1783934720.2,731,32624,75,9.0,36.0,0.0
1783934720.8,731,32624,75,10.0,36.0,0.0
1783934721.4,731,32624,75,9.0,36.0,0.0
1783934722.0,731,32624,75,10.0,36.0,0.0
1783934722.6,731,32624,75,11.0,36.0,0.0
1783934723.2,731,32624,75,10.0,35.0,0.0
1783934723.7,731,32624,75,10.0,35.0,0.0
1783934724.3,731,32624,75,10.0,35.0,0.0
1783934724.9,731,32624,75,9.0,35.0,0.0
1783934725.5,731,32624,75,10.0,35.0,0.0
1783934726.1,731,32624,75,10.0,36.0,0.0
1783934726.7,731,32624,75,10.0,35.0,0.0
1783934727.3,731,32624,75,10.0,35.0,0.0
1783934727.9,731,32624,75,11.0,35.0,0.0
1783934728.5,731,32624,75,9.0,36.0,0.0
1783934729.1,731,32624,75,10.0,35.0,0.0
1783934729.7,731,32624,75,11.0,35.0,0.0
1783934730.3,731,32624,75,11.0,35.0,0.0
1783934730.9,731,32624,75,9.0,35.0,0.0
1783934731.5,731,32624,75,10.0,35.0,0.0
1783934732.1,731,32624,75,10.0,36.0,0.0
1783934732.7,731,32624,75,10.0,35.0,0.0
1783934733.2,731,32624,75,10.0,35.0,0.0
1783934733.8,731,32624,75,9.0,35.0,0.0
1783934734.4,731,32624,75,10.0,35.0,0.0
1783934735.0,731,32624,75,10.0,35.0,0.0
1783934735.6,731,32624,75,10.0,35.0,0.0
1783934736.2,731,32624,75,10.0,35.0,0.0
1783934736.8,731,32624,75,9.0,35.0,0.0
1783934737.4,731,32624,75,9.0,35.0,0.0
1783934738.0,731,32624,75,10.0,35.0,0.0
1783934738.6,731,32624,75,9.0,35.0,0.0
1783934739.2,731,32624,75,9.0,35.0,0.0
1783934739.8,731,32624,75,9.0,35.0,0.0
1783934740.4,731,32624,75,13.0,35.0,0.0
1783934741.0,731,32624,75,10.0,35.0,0.0
1783934741.6,731,32624,75,10.0,35.0,0.0
1783934742.2,731,32624,75,10.0,35.0,0.0
1783934742.8,731,32624,75,10.0,35.0,0.0
1783934743.4,731,32624,75,10.0,35.0,0.0
1783934744.0,731,32624,75,10.0,35.0,0.0
1783934744.6,731,32624,75,11.0,35.0,0.0
1783934745.1,731,32624,75,9.0,35.0,0.0
1783934745.7,731,32624,75,11.0,35.0,0.0
1783934746.3,731,32624,75,10.0,35.0,0.0
1783934746.9,731,32624,75,10.0,35.0,0.0
1783934747.5,731,32624,75,10.0,35.0,0.0
1783934748.1,731,32624,75,9.0,35.0,0.0
1783934748.7,731,32624,75,9.0,35.0,0.0
1783934749.3,731,32624,75,10.0,35.0,0.0
1783934749.9,731,32624,75,9.0,35.0,0.0
1783934750.5,731,32624,75,10.0,35.0,0.0
1783934751.1,731,32624,75,9.0,35.0,0.0
1783934751.7,731,32624,75,10.0,35.0,0.0
1783934752.3,731,32624,75,11.0,35.0,0.0
1783934752.9,731,32624,75,9.0,35.0,0.0
1783934753.5,731,32624,75,9.0,35.0,0.0
1783934754.1,731,32624,75,10.0,35.0,0.0
1783934754.6,731,32624,75,10.0,35.0,0.0
1783934755.2,731,32624,75,9.0,35.0,0.0
1783934755.8,731,32624,75,9.0,35.0,0.0
1783934756.4,731,32624,75,9.0,35.0,0.0
1783934757.0,731,32624,75,9.0,35.0,0.0
1783934757.6,731,32624,75,11.0,35.0,0.0
1783934758.2,731,32624,75,11.0,35.0,0.0
1783934758.8,731,32624,75,9.0,35.0,0.0
1783934759.4,731,32624,75,10.0,35.0,0.0
1783934760.0,731,32624,75,9.0,35.0,0.0
1783934760.6,731,32624,75,11.0,35.0,0.0
1783934761.2,731,32624,75,10.0,35.0,0.0
1783934761.8,731,32624,75,9.0,35.0,0.0
1783934762.4,731,32624,75,9.0,35.0,0.0
1783934763.0,731,32624,75,9.0,35.0,0.0
1783934763.6,731,32624,75,9.0,35.0,0.0
1783934764.2,731,32624,75,10.0,35.0,0.0
1783934764.8,731,32624,75,10.0,35.0,0.0
1783934765.3,731,32624,75,11.0,35.0,0.0
1783934765.9,731,32624,75,11.0,35.0,0.0
1783934766.5,731,32624,75,10.0,35.0,0.0
1783934767.1,731,32624,75,8.0,35.0,0.0
1783934767.7,731,32624,75,10.0,35.0,0.0
1783934768.3,731,32624,75,10.0,35.0,0.0
1783934768.9,731,32624,75,10.0,35.0,0.0
1783934769.5,731,32624,75,10.0,35.0,0.0
1783934770.1,731,32624,75,9.0,35.0,0.0
1783934770.7,731,32624,75,10.0,35.0,0.0
1783934771.3,731,32624,75,10.0,35.0,0.0
1783934771.9,731,32624,75,10.0,35.0,0.0
1783934772.5,731,32624,75,10.0,35.0,0.0
1783934773.1,731,32624,75,10.0,35.0,0.0
1783934773.7,731,32624,75,9.0,35.0,0.0
1783934774.3,731,32624,75,10.0,35.0,0.0
1783934774.9,731,32624,75,10.0,35.0,0.0
1783934775.5,731,32624,75,9.0,35.0,0.0
1783934776.1,731,32624,75,10.0,35.0,0.0
1783934776.6,731,32624,75,9.0,35.0,0.0
1783934777.2,731,32624,75,10.0,35.0,0.0
1783934777.8,731,32624,75,9.0,35.0,0.0
1783934778.4,731,32624,75,10.0,35.0,0.0
1783934779.0,742,32624,105,17.0,35.0,115.0
1783934779.6,742,32624,79,27.0,35.0,1133.0
1783934780.2,782,32624,109,10.0,35.0,0.0
1783934780.8,809,32624,111,16.0,35.0,1706.0
1783934781.4,809,32624,111,11.0,35.0,0.0
1783934782.0,788,32624,81,22.0,35.0,0.0
1783934782.6,788,32624,81,9.0,35.0,0.0
1783934783.2,788,32624,81,9.0,35.0,0.0
1783934783.8,788,32624,81,9.0,35.0,0.0
1783934784.4,783,32624,81,10.0,35.0,0.0
1783934785.0,783,32624,81,9.0,35.0,0.0
1783934785.6,783,32624,81,10.0,35.0,0.0
1783934786.2,763,32624,81,9.0,35.0,0.0
1783934786.8,763,32624,81,9.0,35.0,0.0
1783934787.4,763,32624,81,10.0,35.0,0.0
1783934788.0,763,32624,81,9.0,35.0,0.0
1783934788.6,763,32624,81,10.0,35.0,0.0
1783934789.2,763,32624,81,10.0,34.0,0.0
1783934789.7,763,32624,81,11.0,35.0,0.0
1783934790.3,763,32624,81,11.0,35.0,0.0
1783934790.9,763,32624,81,10.0,35.0,0.0
1783934791.5,763,32624,81,10.0,34.0,0.0
1783934792.1,763,32624,81,10.0,35.0,0.0
1783934792.7,763,32624,81,9.0,35.0,0.0
1783934793.3,763,32624,81,11.0,35.0,0.0
1783934793.9,763,32624,81,10.0,34.0,0.0
1783934794.5,763,32624,81,10.0,34.0,0.0
1783934795.1,763,32624,81,9.0,35.0,0.0
1783934795.7,763,32624,81,9.0,34.0,0.0
1783934796.3,763,32624,81,10.0,34.0,0.0
1783934796.9,763,32624,81,10.0,34.0,0.0
1783934797.5,763,32624,81,10.0,34.0,0.0
1783934798.1,763,32624,81,10.0,34.0,0.0
1783934798.7,763,32624,81,9.0,35.0,0.0
1783934799.2,763,32624,81,9.0,34.0,0.0
1783934799.8,763,32624,81,9.0,34.0,0.0
1783934800.4,763,32624,81,10.0,34.0,0.0
1783934801.0,763,32624,81,10.0,34.0,0.0
1783934801.6,763,32624,81,10.0,34.0,0.0
1783934802.2,763,32624,81,11.0,34.0,0.0
1783934802.8,763,32624,81,10.0,34.0,0.0
1783934803.4,763,32624,81,10.0,34.0,0.0
1783934804.0,763,32624,81,9.0,34.0,0.0
1783934804.6,763,32624,81,10.0,34.0,0.0
1783934805.2,763,32624,81,9.0,34.0,0.0
1783934805.8,763,32624,81,9.0,34.0,0.0
1783934806.4,763,32624,81,10.0,34.0,0.0
1783934807.0,763,32624,81,10.0,34.0,0.0
1783934807.6,763,32624,81,10.0,34.0,0.0
1783934808.1,763,32624,81,9.0,34.0,0.0
1783934808.7,754,32624,81,10.0,34.0,0.0
1783934809.3,754,32624,81,9.0,34.0,0.0
1783934809.9,754,32624,81,10.0,34.0,0.0
1783934810.5,754,32624,81,9.0,34.0,0.0
1783934811.1,754,32624,81,10.0,34.0,0.0
1783934811.7,754,32624,81,10.0,34.0,0.0
1783934812.3,754,32624,81,9.0,34.0,0.0
1783934812.9,754,32624,81,10.0,34.0,0.0
1783934813.5,754,32624,81,9.0,34.0,0.0
1783934814.1,754,32624,81,10.0,34.0,0.0
1783934814.7,754,32624,81,9.0,34.0,0.0
1783934815.3,754,32624,81,9.0,34.0,0.0
1783934815.9,754,32624,81,9.0,34.0,0.0
1783934816.5,754,32624,81,10.0,34.0,0.0
1783934817.1,754,32624,81,9.0,34.0,0.0
1783934817.7,754,32624,81,10.0,34.0,0.0
1783934818.2,754,32624,81,9.0,34.0,0.0
1783934818.8,754,32624,81,9.0,34.0,0.0
1783934819.4,754,32624,81,9.0,34.0,0.0
1783934820.0,754,32624,81,14.0,34.0,17.0
1783934820.6,754,32624,81,11.0,34.0,0.0
1783934821.2,754,32624,81,10.0,34.0,0.0
1783934821.8,754,32624,81,10.0,34.0,0.0
1783934822.4,754,32624,81,9.0,34.0,0.0
1783934823.0,754,32624,81,10.0,34.0,0.0
1783934823.6,754,32624,81,10.0,34.0,0.0
1783934824.2,754,32624,81,11.0,34.0,0.0
1783934824.8,754,32624,81,13.0,34.0,0.0
1783934825.4,754,32624,81,10.0,34.0,0.0
1783934826.0,754,32624,81,10.0,34.0,0.0
1783934826.6,754,32624,81,10.0,34.0,0.0
1783934827.2,754,32624,81,10.0,34.0,0.0
1783934827.8,754,32624,81,10.0,34.0,0.0
1783934828.3,754,32624,81,10.0,34.0,0.0
1783934828.9,754,32624,81,10.0,34.0,0.0
1783934829.5,754,32624,81,10.0,34.0,0.0
1783934830.1,754,32624,81,10.0,34.0,0.0
1783934830.7,754,32624,81,10.0,34.0,0.0
1783934831.3,754,32624,81,10.0,34.0,0.0
1783934831.9,754,32624,81,10.0,34.0,0.0
1783934832.5,754,32624,81,10.0,34.0,0.0
1783934833.1,754,32624,81,10.0,34.0,0.0
1783934833.7,753,32624,87,11.0,34.0,0.0
1783934834.3,753,32624,87,11.0,34.0,0.0
1783934834.9,753,32624,87,10.0,34.0,0.0
1783934835.5,753,32624,87,9.0,34.0,0.0
1783934836.1,753,32624,87,10.0,34.0,0.0
1783934836.7,753,32624,87,9.0,34.0,0.0
1783934837.2,753,32624,87,9.0,34.0,0.0
1783934837.8,753,32624,87,11.0,34.0,0.0
1783934838.4,753,32624,87,9.0,34.0,0.0
1783934839.0,743,32624,77,10.0,34.0,0.0
1783934839.6,743,32624,77,10.0,34.0,0.0
1783934840.2,743,32624,77,9.0,34.0,0.0
1783934840.8,743,32624,77,10.0,34.0,0.0
1783934841.4,743,32624,77,10.0,34.0,0.0
1783934842.0,743,32624,77,11.0,34.0,0.0
1783934842.6,743,32624,77,10.0,34.0,0.0
1783934843.2,743,32624,77,10.0,34.0,0.0
1783934843.8,743,32624,77,9.0,34.0,0.0
1783934844.4,743,32624,77,8.0,34.0,0.0
1783934845.0,743,32624,77,10.0,34.0,0.0
1783934845.6,743,32624,77,9.0,34.0,0.0
1783934846.2,743,32624,77,9.0,34.0,0.0
1783934846.8,743,32624,77,11.0,34.0,0.0
1783934847.3,743,32624,77,10.0,34.0,0.0
1783934847.9,743,32624,77,12.0,34.0,0.0
1783934848.5,743,32624,77,10.0,34.0,0.0
1783934849.1,743,32624,77,10.0,34.0,0.0
1783934849.7,743,32624,77,9.0,34.0,0.0
1783934850.3,743,32624,77,10.0,34.0,0.0
1783934850.9,743,32624,77,10.0,34.0,0.0
1783934851.5,743,32624,77,10.0,34.0,0.0
1783934852.1,743,32624,77,10.0,34.0,0.0
1783934852.7,743,32624,77,10.0,34.0,0.0
1783934853.3,743,32624,77,11.0,34.0,0.0
1783934853.9,743,32624,77,10.0,34.0,0.0
1783934854.5,743,32624,77,10.0,34.0,0.0
1783934855.1,743,32624,77,10.0,34.0,0.0
1783934855.7,743,32624,77,9.0,34.0,0.0
1783934856.3,743,32624,77,10.0,34.0,0.0
1783934856.9,743,32624,77,9.0,34.0,0.0
1783934857.5,743,32624,77,10.0,34.0,0.0
1783934858.1,743,32624,77,9.0,34.0,0.0
1783934858.7,743,32624,77,10.0,34.0,0.0
1783934859.3,743,32624,77,9.0,34.0,0.0
1783934859.9,743,32624,77,10.0,34.0,0.0
1783934860.5,743,32624,77,9.0,34.0,0.0
1783934861.1,743,32624,77,10.0,34.0,0.0
1783934861.7,743,32624,77,10.0,34.0,0.0
1783934862.3,743,32624,77,10.0,34.0,0.0
1783934862.9,743,32624,77,9.0,34.0,0.0
1783934863.5,743,32624,77,11.0,34.0,0.0
1783934864.1,743,32624,77,11.0,34.0,0.0
1783934864.7,743,32624,77,10.0,34.0,0.0
1783934865.3,743,32624,77,10.0,34.0,0.0
1783934865.8,743,32624,77,9.0,34.0,0.0
1783934866.4,743,32624,77,10.0,34.0,0.0
1783934867.0,743,32624,77,10.0,34.0,0.0
1783934867.6,743,32624,77,10.0,34.0,0.0
1783934868.2,743,32624,77,10.0,34.0,0.0
1783934868.8,743,32624,77,10.0,34.0,0.0
1783934869.4,743,32624,77,10.0,34.0,0.0
1783934870.0,743,32624,77,11.0,33.0,0.0
1783934870.6,743,32624,77,10.0,34.0,0.0
1783934871.2,743,32624,77,10.0,34.0,0.0
1783934871.8,743,32624,77,9.0,34.0,0.0
1783934872.4,743,32624,77,10.0,34.0,0.0
1783934873.0,743,32624,77,10.0,34.0,0.0
1783934873.6,743,32624,77,10.0,34.0,0.0
1783934874.2,743,32624,77,10.0,34.0,0.0
1783934874.7,743,32624,77,9.0,34.0,0.0
1783934875.3,743,32624,77,11.0,34.0,0.0
1783934875.9,743,32624,77,11.0,34.0,0.0
1783934876.5,743,32624,77,11.0,34.0,0.0
1783934877.1,743,32624,77,10.0,34.0,0.0
1783934877.7,743,32624,77,11.0,34.0,0.0
1783934878.3,743,32624,77,10.0,34.0,0.0
1783934878.9,743,32624,77,9.0,34.0,0.0
1783934879.5,743,32624,77,10.0,34.0,0.0
1783934880.1,743,32624,77,12.0,34.0,0.0
1783934880.7,743,32624,77,11.0,34.0,0.0
1783934881.3,743,32624,77,10.0,34.0,0.0
1783934881.9,743,32624,77,10.0,33.0,0.0
1783934882.4,743,32624,77,10.0,34.0,0.0
1783934883.0,743,32624,77,10.0,34.0,0.0
1783934883.6,743,32624,77,9.0,34.0,0.0
1783934884.2,743,32624,77,10.0,34.0,0.0
1783934884.8,743,32624,77,10.0,33.0,0.0
1783934885.4,743,32624,77,10.0,34.0,0.0
1783934886.0,743,32624,77,11.0,34.0,0.0
1783934886.6,743,32624,77,10.0,34.0,0.0
1783934887.2,743,32624,77,10.0,34.0,0.0
1783934887.8,743,32624,77,8.0,34.0,0.0
1783934888.4,743,32624,77,9.0,33.0,0.0
1783934889.0,743,32624,77,10.0,34.0,0.0
1783934889.6,743,32624,77,9.0,33.0,0.0
1783934890.2,743,32624,77,9.0,34.0,0.0
1783934890.8,743,32624,77,10.0,33.0,0.0
1783934891.3,743,32624,81,11.0,34.0,0.0
1783934891.9,743,32624,81,10.0,34.0,0.0
1783934892.5,743,32624,81,10.0,34.0,0.0
1783934893.1,743,32624,81,10.0,33.0,0.0
1783934893.7,745,32624,83,12.0,33.0,0.0
1783934894.3,745,32624,83,11.0,33.0,0.0
1783934894.9,745,32624,83,10.0,34.0,0.0
1783934895.5,741,32624,79,10.0,33.0,0.0
1783934896.1,741,32624,79,11.0,34.0,0.0
1783934896.7,741,32624,79,9.0,34.0,0.0
1783934897.3,741,32624,79,9.0,33.0,0.0
1783934897.9,741,32624,79,9.0,34.0,0.0
1783934898.5,741,32624,79,10.0,34.0,0.0
1783934899.0,741,32624,79,10.0,33.0,0.0
1783934899.6,741,32624,79,9.0,33.0,0.0
1783934900.2,741,32624,79,9.0,33.0,0.0
1783934900.8,741,32624,79,10.0,34.0,0.0
1783934901.4,741,32624,79,10.0,33.0,0.0
1783934902.0,741,32624,79,10.0,34.0,0.0
1783934902.6,741,32624,79,10.0,34.0,0.0
1783934903.2,741,32624,79,10.0,34.0,0.0
1783934903.8,741,32624,79,9.0,33.0,0.0
1783934904.4,741,32624,79,9.0,33.0,0.0
1783934905.0,741,32624,79,10.0,33.0,0.0
1783934905.6,741,32624,79,10.0,33.0,0.0
1783934906.2,741,32624,79,10.0,34.0,0.0
1783934906.7,741,32624,79,8.0,33.0,0.0
1783934907.3,741,32624,79,10.0,33.0,0.0
1783934907.9,741,32624,79,9.0,34.0,0.0
1783934908.5,741,32624,79,10.0,33.0,0.0
1783934909.1,741,32624,79,10.0,33.0,0.0
1783934909.7,741,32624,79,11.0,33.0,0.0
1783934910.3,741,32624,79,9.0,33.0,0.0
1783934910.9,741,32624,79,9.0,33.0,0.0
1783934911.5,741,32624,79,10.0,33.0,0.0
1783934912.1,741,32624,79,10.0,33.0,0.0
1783934912.7,741,32624,79,9.0,33.0,0.0
1783934913.3,741,32624,79,10.0,33.0,0.0
1783934913.9,741,32624,79,9.0,33.0,0.0
1783934914.5,741,32624,79,10.0,33.0,0.0
1783934915.1,741,32624,79,10.0,33.0,0.0
1783934915.7,741,32624,79,10.0,33.0,0.0
1783934916.2,741,32624,79,11.0,33.0,0.0
1783934916.8,741,32624,79,10.0,33.0,0.0
1783934917.4,741,32624,79,9.0,33.0,0.0
1783934918.0,741,32624,79,9.0,33.0,0.0
1783934918.6,741,32624,79,9.0,33.0,0.0
1783934919.2,741,32624,79,10.0,33.0,0.0
1783934919.8,741,32624,79,9.0,33.0,0.0
1783934920.4,741,32624,79,10.0,33.0,0.0
1783934921.0,741,32624,79,9.0,33.0,0.0
1783934921.6,741,32624,79,10.0,33.0,0.0
1783934922.2,741,32624,79,10.0,34.0,0.0
1783934922.8,741,32624,79,10.0,34.0,0.0
1783934923.4,741,32624,79,10.0,33.0,0.0
1783934924.0,741,32624,79,10.0,33.0,0.0
1783934924.6,741,32624,79,9.0,33.0,0.0
1783934925.2,741,32624,79,10.0,33.0,0.0
1783934925.8,741,32624,79,9.0,33.0,0.0
1783934926.4,741,32624,79,9.0,33.0,0.0
1783934927.0,741,32624,79,9.0,33.0,0.0
1783934927.5,741,32624,79,10.0,33.0,0.0
1783934928.1,741,32624,79,10.0,33.0,0.0
1783934928.7,741,32624,79,10.0,33.0,0.0
1783934929.3,741,32624,79,10.0,33.0,0.0
1783934929.9,741,32624,79,9.0,33.0,0.0
1783934930.5,741,32624,79,9.0,33.0,0.0
1783934931.1,741,32624,79,9.0,33.0,0.0
1783934931.7,741,32624,79,11.0,33.0,0.0
1783934932.3,741,32624,79,10.0,33.0,0.0
1783934932.9,741,32624,79,9.0,33.0,0.0
1783934933.5,741,32624,79,10.0,33.0,0.0
1783934934.1,741,32624,79,9.0,33.0,0.0
1783934934.7,741,32624,79,9.0,33.0,0.0
1783934935.3,741,32624,79,9.0,33.0,0.0
1783934935.9,741,32624,79,10.0,33.0,0.0
1783934936.5,741,32624,79,9.0,33.0,0.0
1783934937.1,741,32624,79,9.0,33.0,0.0
1783934937.7,741,32624,79,10.0,33.0,0.0
1783934938.3,741,32624,79,9.0,33.0,0.0
1783934938.9,741,32624,79,9.0,33.0,0.0
1783934939.4,741,32624,79,9.0,33.0,0.0
1783934940.0,741,32624,79,13.0,33.0,241.0
1783934940.6,741,32624,79,11.0,33.0,0.0
1783934941.2,741,32624,79,10.0,33.0,0.0
1783934941.8,741,32624,79,11.0,33.0,0.0
1783934942.4,741,32624,79,10.0,33.0,0.0
1783934943.0,741,32624,79,9.0,33.0,0.0
1783934943.6,741,32624,79,12.0,33.0,0.0
1783934944.2,741,32624,79,9.0,33.0,0.0
1783934944.8,741,32624,79,11.0,33.0,0.0
1783934945.4,741,32624,79,8.0,33.0,0.0
1783934946.0,741,32624,79,10.0,33.0,0.0
1783934946.6,741,32624,79,10.0,33.0,0.0
1783934947.2,741,32624,79,10.0,33.0,0.0
1783934947.8,741,32624,79,9.0,33.0,0.0
1783934948.4,741,32624,79,10.0,33.0,0.0
1783934949.0,741,32624,79,10.0,33.0,0.0
1783934949.5,741,32624,79,9.0,33.0,0.0
1783934950.1,741,32624,79,10.0,33.0,0.0
1783934950.7,741,32624,79,10.0,33.0,0.0
1783934951.3,741,32624,79,10.0,33.0,0.0
1783934951.9,741,32624,79,9.0,33.0,0.0
1783934952.5,741,32624,79,10.0,33.0,0.0
1783934953.1,741,32624,79,10.0,33.0,0.0
1783934953.7,741,32624,79,9.0,33.0,0.0
1783934954.3,741,32624,79,9.0,33.0,0.0
1783934954.9,741,32624,79,9.0,33.0,0.0
1783934955.5,741,32624,79,9.0,33.0,0.0
1783934956.1,741,32624,79,10.0,33.0,0.0
1783934956.7,741,32624,79,10.0,33.0,0.0
1783934957.3,741,32624,79,10.0,33.0,0.0
1783934957.9,741,32624,79,10.0,33.0,0.0
1783934958.5,741,32624,79,11.0,33.0,0.0
1783934959.1,741,32624,79,9.0,33.0,0.0
1783934959.7,741,32624,79,9.0,33.0,0.0
1783934960.2,741,32624,79,10.0,33.0,0.0
1783934960.8,741,32624,79,10.0,33.0,0.0
1783934961.4,741,32624,79,9.0,33.0,0.0
1783934962.0,741,32624,79,10.0,33.0,0.0
1783934962.6,741,32624,79,8.0,33.0,0.0
1783934963.2,741,32624,79,9.0,33.0,0.0
1783934963.8,741,32624,79,9.0,33.0,0.0
1783934964.4,741,32624,79,10.0,33.0,0.0
1783934965.0,741,32624,79,9.0,33.0,0.0
1783934965.6,741,32624,79,9.0,33.0,0.0
1783934966.2,741,32624,79,10.0,33.0,0.0
1783934966.8,741,32624,79,10.0,33.0,0.0
1783934967.4,741,32624,79,10.0,33.0,0.0
1783934968.0,741,32624,79,9.0,33.0,0.0
1783934968.6,741,32624,79,10.0,33.0,0.0
1783934969.2,741,32624,79,10.0,33.0,0.0
1783934969.8,741,32624,79,10.0,33.0,0.0
1783934970.4,741,32624,79,10.0,33.0,0.0
1783934971.0,741,32624,79,10.0,33.0,0.0
1783934971.6,741,32624,79,10.0,33.0,0.0
1783934972.2,741,32624,79,10.0,33.0,0.0
1783934972.7,741,32624,79,10.0,33.0,0.0
1783934973.3,741,32624,79,10.0,33.0,0.0
1783934973.9,741,32624,79,10.0,33.0,0.0
1783934974.5,741,32624,79,10.0,33.0,0.0
1783934975.1,741,32624,79,10.0,33.0,0.0
1783934975.7,741,32624,79,10.0,33.0,0.0
1783934976.3,741,32624,79,10.0,33.0,0.0
1783934976.9,741,32624,79,10.0,33.0,0.0
1783934977.5,741,32624,79,10.0,33.0,0.0
1783934978.1,741,32624,79,9.0,33.0,0.0
1783934978.7,741,32624,79,9.0,33.0,0.0
1783934979.3,741,32624,79,10.0,33.0,0.0
1783934979.9,741,32624,79,10.0,33.0,0.0
1783934980.5,741,32624,79,10.0,33.0,0.0
1783934981.0,741,32624,79,9.0,33.0,0.0
1783934981.6,741,32624,79,10.0,33.0,0.0
1783934982.2,741,32624,79,10.0,33.0,0.0
1783934982.8,741,32624,79,9.0,33.0,0.0
1783934983.4,741,32624,79,9.0,33.0,0.0
1783934984.0,741,32624,79,11.0,33.0,0.0
1783934984.6,741,32624,79,9.0,33.0,0.0
1783934985.2,741,32624,79,10.0,33.0,0.0
1783934985.8,741,32624,79,9.0,33.0,0.0
1783934986.4,741,32624,79,10.0,33.0,0.0
1783934987.0,741,32624,79,10.0,33.0,0.0
1783934987.6,741,32624,79,9.0,33.0,0.0
1783934988.2,741,32624,79,11.0,33.0,0.0
1783934988.8,741,32624,79,8.0,33.0,0.0
1783934989.4,741,32624,79,10.0,33.0,0.0
1783934989.9,741,32624,79,10.0,33.0,0.0
1783934990.5,778,32624,103,25.0,33.0,98.0
1783934991.1,778,32624,79,22.0,33.0,0.0
1783934991.7,778,32624,79,10.0,33.0,0.0
1783934992.3,780,32624,79,22.0,33.0,0.0
1783934992.9,780,32624,79,11.0,33.0,0.0
1783934993.5,780,32624,79,9.0,33.0,0.0
1783934994.1,782,32624,95,11.0,33.0,0.0
1783934994.7,782,32624,95,10.0,33.0,0.0
1783934995.3,782,32624,95,9.0,33.0,0.0
1783934995.9,782,32624,95,10.0,33.0,0.0
1783934996.5,782,32624,95,10.0,33.0,0.0
1783934997.1,782,32624,95,10.0,33.0,0.0
1783934997.7,782,32624,95,10.0,33.0,0.0
1783934998.3,782,32624,95,10.0,32.0,0.0
1783934998.8,782,32624,83,10.0,33.0,0.0
1783934999.4,766,32624,83,9.0,33.0,0.0
1783935000.0,766,32624,83,14.0,33.0,23.0
1783935000.6,766,32624,83,10.0,33.0,0.0
1783935001.2,766,32624,83,9.0,33.0,0.0
1783935001.8,766,32624,83,10.0,33.0,0.0
1783935002.4,766,32624,83,9.0,33.0,0.0
1783935003.0,766,32624,83,10.0,33.0,0.0
1783935003.6,766,32624,83,9.0,33.0,0.0
1783935004.2,766,32624,83,9.0,33.0,0.0
1783935004.8,766,32624,83,10.0,33.0,0.0
1783935005.4,766,32624,83,15.0,33.0,27.0
1783935006.0,766,32624,83,11.0,33.0,0.0
1783935006.6,766,32624,83,9.0,33.0,0.0
1783935007.2,766,32624,83,10.0,33.0,0.0
1783935007.7,766,32624,83,9.0,33.0,0.0
1783935008.3,766,32624,83,10.0,33.0,0.0
1783935008.9,766,32624,83,9.0,33.0,0.0
1783935009.5,766,32624,83,11.0,33.0,0.0
1783935010.1,766,32624,83,10.0,33.0,0.0
1783935010.7,766,32624,83,10.0,33.0,0.0
1783935011.3,766,32624,83,10.0,33.0,0.0
1783935011.9,766,32624,83,10.0,33.0,0.0
1783935012.5,766,32624,83,10.0,33.0,0.0
1783935013.1,766,32624,83,10.0,33.0,0.0
1783935013.7,766,32624,83,12.0,33.0,0.0
1783935014.3,766,32624,83,11.0,33.0,0.0
1783935014.9,766,32624,83,10.0,33.0,0.0
1783935015.5,766,32624,83,10.0,33.0,0.0
1783935016.0,766,32624,83,9.0,33.0,0.0
1783935016.6,766,32624,83,9.0,33.0,0.0
1783935017.2,766,32624,83,9.0,33.0,0.0
1783935017.8,766,32624,83,9.0,33.0,0.0
1783935018.4,766,32624,83,10.0,33.0,0.0
1783935019.0,766,32624,83,10.0,33.0,0.0
1783935019.6,766,32624,83,11.0,33.0,0.0
1783935020.2,766,32624,83,8.0,32.0,0.0
1783935020.8,766,32624,83,10.0,33.0,0.0
1783935021.4,766,32624,83,12.0,33.0,0.0
1783935022.0,766,32624,83,11.0,33.0,0.0
1783935022.6,766,32624,83,9.0,33.0,0.0
1783935023.2,766,32624,83,10.0,33.0,0.0
1783935023.8,766,32624,83,10.0,33.0,0.0
1783935024.3,766,32624,83,10.0,33.0,0.0
1783935024.9,766,32624,83,9.0,33.0,0.0
1783935025.5,766,32624,83,9.0,32.0,0.0
1783935026.1,766,32624,83,9.0,33.0,0.0
1783935026.7,766,32624,83,10.0,33.0,0.0
1783935027.3,766,32624,83,10.0,33.0,0.0
1783935027.9,766,32624,83,10.0,33.0,0.0
1783935028.5,766,32624,83,10.0,33.0,0.0
1783935029.1,766,32624,83,10.0,33.0,0.0
1783935029.7,766,32624,83,9.0,33.0,0.0
1783935030.3,766,32624,83,10.0,33.0,0.0
1783935030.9,766,32624,83,10.0,33.0,0.0
1783935031.5,766,32624,83,9.0,33.0,0.0
1783935032.1,766,32624,83,9.0,33.0,0.0
1783935032.7,766,32624,83,9.0,33.0,0.0
1783935033.2,766,32624,83,9.0,33.0,0.0
1783935033.8,766,32624,83,9.0,33.0,0.0
1783935034.4,766,32624,83,9.0,33.0,0.0
1783935035.0,766,32624,83,10.0,33.0,0.0
1783935035.6,766,32624,83,9.0,33.0,0.0
1783935036.2,766,32624,83,10.0,33.0,0.0
1783935036.8,766,32624,83,10.0,33.0,0.0
1783935037.4,766,32624,83,10.0,33.0,0.0
1783935038.0,766,32624,83,10.0,33.0,0.0
1783935038.6,766,32624,83,10.0,33.0,0.0
1783935039.2,766,32624,83,9.0,33.0,0.0
1783935039.8,766,32624,83,10.0,33.0,0.0
1783935040.4,766,32624,83,9.0,33.0,0.0
1783935041.0,766,32624,83,9.0,33.0,0.0
1783935041.6,766,32624,83,9.0,33.0,0.0
1783935042.1,766,32624,83,10.0,33.0,0.0
1783935042.7,766,32624,83,9.0,33.0,0.0
1783935043.3,766,32624,83,9.0,33.0,0.0
1783935043.9,766,32624,83,10.0,33.0,0.0
1783935044.5,766,32624,83,10.0,33.0,0.0
1783935045.1,766,32624,83,9.0,33.0,0.0
1783935045.7,766,32624,83,9.0,33.0,0.0
1783935046.3,766,32624,83,10.0,33.0,0.0
1783935046.9,766,32624,83,10.0,33.0,0.0
1783935047.5,766,32624,83,10.0,33.0,0.0
1783935048.1,766,32624,83,10.0,33.0,0.0
1783935048.7,766,32624,83,10.0,33.0,0.0
1783935049.3,766,32624,83,9.0,33.0,0.0
1783935049.9,766,32624,83,10.0,33.0,0.0
1783935050.5,764,32624,83,10.0,33.0,0.0
1783935051.0,764,32624,83,10.0,33.0,0.0
1783935051.6,764,32624,83,9.0,33.0,0.0
1783935052.2,764,32624,83,10.0,33.0,0.0
1783935052.8,764,32624,83,10.0,33.0,0.0
1783935053.4,764,32624,83,10.0,33.0,0.0
1783935054.0,764,32624,83,11.0,33.0,0.0
1783935054.6,764,32624,83,9.0,33.0,0.0
1783935055.2,764,32624,83,9.0,33.0,0.0
1783935055.8,764,32624,83,9.0,33.0,0.0
1783935056.4,764,32624,83,10.0,33.0,0.0
1783935057.0,764,32624,83,9.0,33.0,0.0
1783935057.6,764,32624,83,10.0,33.0,0.0
1783935058.2,764,32624,83,10.0,33.0,0.0
1783935058.7,764,32624,83,10.0,33.0,0.0
1783935059.3,764,32624,83,9.0,33.0,0.0
1783935059.9,764,32624,83,9.0,33.0,0.0
1783935060.5,764,32624,83,11.0,33.0,0.0
1783935061.1,764,32624,83,9.0,33.0,0.0
1783935061.7,764,32624,83,11.0,33.0,0.0
1783935062.3,764,32624,83,12.0,33.0,0.0
1783935062.9,764,32624,83,10.0,32.0,0.0
1783935063.5,764,32624,83,10.0,33.0,0.0
1783935064.1,764,32624,83,9.0,33.0,0.0
1783935064.7,764,32624,83,10.0,32.0,0.0
1783935065.3,764,32624,83,10.0,33.0,0.0
1783935065.9,764,32624,83,10.0,33.0,0.0
1783935066.5,764,32624,83,9.0,33.0,0.0
1783935067.0,764,32624,83,11.0,33.0,0.0
1783935067.6,764,32624,83,10.0,33.0,0.0
1783935068.2,764,32624,83,9.0,33.0,0.0
1783935068.8,764,32624,83,10.0,33.0,0.0
1783935069.4,764,32624,83,11.0,33.0,0.0
1783935070.0,764,32624,83,10.0,33.0,0.0
1783935070.6,764,32624,83,9.0,33.0,0.0
1783935071.2,764,32624,83,9.0,32.0,0.0
1783935071.8,764,32624,83,10.0,32.0,0.0
1783935072.4,764,32624,83,9.0,33.0,0.0
1783935073.0,764,32624,83,9.0,33.0,0.0
1783935073.6,754,32624,85,10.0,33.0,0.0
1783935074.2,754,32624,85,10.0,33.0,0.0
1783935074.8,754,32624,85,9.0,32.0,0.0
1783935075.3,754,32624,85,10.0,32.0,0.0
1783935075.9,744,32624,81,10.0,33.0,0.0
1783935076.5,744,32624,81,10.0,32.0,0.0
1783935077.1,744,32624,81,9.0,33.0,0.0
1783935077.7,744,32624,81,9.0,33.0,0.0
1783935078.3,744,32624,81,9.0,32.0,0.0
1783935078.9,744,32624,81,9.0,33.0,0.0
1783935079.5,744,32624,81,10.0,33.0,0.0
1783935080.1,744,32624,81,10.0,33.0,0.0
1783935080.7,744,32624,81,9.0,32.0,0.0
1783935081.3,744,32624,81,22.0,33.0,0.0
1783935081.9,744,32624,81,11.0,33.0,0.0
1783935082.5,744,32624,81,9.0,33.0,0.0
1783935083.1,744,32624,81,10.0,33.0,0.0
1783935083.7,744,32624,81,10.0,33.0,0.0
1783935084.3,744,32624,81,10.0,32.0,0.0
1783935084.8,744,32624,81,9.0,33.0,0.0
1783935085.4,744,32624,81,11.0,33.0,0.0
1783935086.0,744,32624,81,11.0,33.0,0.0
1783935086.6,744,32624,81,9.0,33.0,0.0
1783935087.2,744,32624,81,10.0,32.0,0.0
1783935087.8,744,32624,81,10.0,32.0,0.0
1783935088.4,744,32624,81,9.0,33.0,0.0
1783935089.0,744,32624,81,9.0,32.0,0.0
1783935089.6,744,32624,81,10.0,32.0,0.0
1783935090.2,744,32624,81,9.0,32.0,0.0
1783935090.8,744,32624,81,11.0,33.0,0.0
1783935091.4,744,32624,81,9.0,33.0,0.0
1783935092.0,744,32624,81,10.0,32.0,0.0
1783935092.6,744,32624,81,10.0,32.0,0.0
1783935093.2,744,32624,81,10.0,32.0,0.0
1783935093.8,755,32624,107,33.0,33.0,1717.0
1783935094.4,748,32624,99,26.0,33.0,83.0
1783935095.0,758,32624,95,17.0,33.0,87.0
1783935095.6,758,32624,93,16.0,33.0,62.0
1783935096.2,762,32624,90,26.0,33.0,1024.0
1783935096.7,762,32624,90,11.0,33.0,0.0
1783935097.3,762,32624,90,11.0,33.0,0.0
1783935097.9,762,32624,90,11.0,33.0,0.0
1783935098.5,762,32624,90,12.0,32.0,0.0
1783935099.1,762,32624,90,11.0,33.0,0.0
1783935099.7,762,32624,90,12.0,33.0,0.0
1783935100.3,762,32624,84,10.0,33.0,0.0
1783935100.9,762,32624,84,11.0,33.0,0.0
1783935101.5,747,32624,84,11.0,33.0,0.0
1783935102.1,747,32624,84,11.0,33.0,0.0
1783935102.7,747,32624,84,10.0,33.0,0.0
1783935103.3,747,32624,84,14.0,33.0,293.0
1783935103.9,747,32624,84,15.0,33.0,6.0
1783935104.5,745,32624,88,15.0,32.0,49.0
1783935105.1,745,32624,88,17.0,33.0,201.0
1783935105.7,745,32624,88,11.0,33.0,0.0
1783935106.3,745,32624,86,10.0,33.0,0.0
1783935106.9,745,32624,81,10.0,33.0,0.0
1783935107.4,745,32624,81,9.0,33.0,0.0
1783935108.0,745,32624,88,11.0,33.0,0.0
1783935108.6,745,32624,88,11.0,33.0,0.0
1783935109.2,725,32624,84,10.0,33.0,0.0
1783935109.8,725,32624,84,11.0,32.0,0.0
1783935110.4,725,32624,84,11.0,33.0,0.0
1783935111.0,725,32624,84,10.0,32.0,0.0
1783935111.6,725,32624,84,11.0,33.0,0.0
1783935112.2,725,32624,79,11.0,33.0,0.0
1783935112.8,725,32624,79,11.0,33.0,0.0
1783935113.4,725,32624,86,11.0,33.0,0.0
1783935114.0,725,32624,86,10.0,33.0,0.0
1783935114.6,725,32624,86,11.0,32.0,0.0
1783935115.2,725,32624,86,11.0,33.0,0.0
1783935115.8,725,32624,86,10.0,33.0,0.0
1783935116.4,725,32624,86,10.0,32.0,0.0
1783935117.0,725,32624,86,11.0,33.0,0.0
1783935117.6,725,32624,86,10.0,32.0,0.0
1783935118.2,725,32624,86,11.0,32.0,0.0
1783935118.7,725,32624,86,11.0,33.0,0.0
1783935119.3,725,32624,86,18.0,33.0,571.0
1783935119.9,725,32624,86,10.0,32.0,0.0
1783935120.5,725,32624,86,11.0,33.0,0.0
1783935121.1,725,32624,86,11.0,32.0,0.0
1783935121.7,725,32624,86,12.0,32.0,0.0
1783935122.3,725,32624,86,11.0,33.0,0.0
1783935122.9,725,32624,86,11.0,33.0,0.0
1783935123.5,725,32624,86,11.0,33.0,0.0
1783935124.1,721,32624,86,11.0,33.0,0.0
1783935124.7,721,32624,86,12.0,33.0,0.0
1783935125.3,721,32624,86,11.0,32.0,0.0
1783935125.9,721,32624,86,13.0,33.0,237.0
1783935126.5,721,32624,86,11.0,32.0,0.0
1783935127.1,721,32624,86,12.0,32.0,0.0
1783935127.6,721,32624,86,11.0,32.0,0.0
1783935128.2,721,32624,86,25.0,33.0,200.0
1783935128.8,721,32624,86,12.0,33.0,0.0
1783935129.4,721,32624,86,10.0,33.0,0.0
1783935130.0,721,32624,86,12.0,33.0,0.0
1783935130.6,721,32624,86,19.0,33.0,323.0
1783935131.2,721,32624,86,15.0,33.0,41.0
1783935131.8,721,32624,86,13.0,33.0,350.0
1783935132.4,721,32624,86,12.0,33.0,0.0
1783935133.0,721,32624,86,11.0,33.0,0.0
1783935133.6,724,32624,90,26.0,33.0,46.0
1783935134.2,726,32624,86,11.0,33.0,0.0
1783935134.8,726,32624,86,16.0,33.0,93.0
1783935135.4,739,32624,92,28.0,33.0,726.0
1783935136.0,739,32624,92,15.0,33.0,10.0
1783935136.6,739,32624,92,11.0,33.0,0.0
1783935137.2,739,32624,86,17.0,33.0,68.0
1783935137.8,739,32624,86,12.0,33.0,472.0
1783935138.4,739,32624,86,12.0,33.0,0.0
1783935139.0,739,32624,90,21.0,32.0,909.0
1783935139.6,750,32624,100,12.0,33.0,128.0
1783935140.2,750,32624,98,12.0,32.0,0.0
1783935140.8,750,32624,98,10.0,32.0,0.0
1783935141.4,750,32624,82,18.0,33.0,1496.0
1783935141.9,750,32624,82,11.0,33.0,0.0
1783935142.5,750,32624,84,16.0,33.0,1426.0
1783935143.1,750,32624,80,11.0,33.0,0.0
1783935143.7,750,32624,98,22.0,33.0,0.0
1783935144.3,750,32624,98,22.0,33.0,0.0
1783935144.9,750,32624,83,11.0,33.0,0.0
1783935145.5,750,32624,83,11.0,33.0,0.0
1783935146.1,750,32624,86,22.0,33.0,0.0
1783935146.7,750,32624,83,22.0,33.0,0.0
1783935147.3,750,32624,83,11.0,33.0,0.0
1783935147.9,750,32624,83,11.0,33.0,0.0
1783935148.5,750,32624,83,11.0,33.0,0.0
1783935149.1,750,32624,83,11.0,33.0,0.0
1783935149.7,741,32624,83,10.0,33.0,0.0
1783935150.3,741,32624,83,10.0,33.0,0.0
1783935150.9,741,32624,83,14.0,33.0,294.0
1783935151.5,741,32624,83,11.0,33.0,0.0
1783935152.1,741,32624,83,22.0,33.0,0.0
1783935152.7,741,32624,83,16.0,33.0,21.0
1783935153.3,741,32624,83,13.0,33.0,313.0
1783935153.9,741,32624,83,11.0,33.0,0.0
1783935154.5,741,32624,83,18.0,33.0,118.0
1783935155.1,741,32624,83,25.0,33.0,4.0
1783935155.7,741,32624,83,11.0,33.0,0.0
1783935156.3,741,32624,114,25.0,33.0,28.0
1783935156.9,741,32624,107,26.0,33.0,1475.0
1783935157.5,741,32624,103,23.0,33.0,126.0
1783935158.1,741,32624,89,11.0,33.0,0.0
1783935158.7,741,32624,92,25.0,33.0,6.0
1783935159.3,741,32624,92,22.0,33.0,0.0
1783935159.9,741,32624,92,24.0,33.0,457.0
1783935160.5,741,32624,92,13.0,33.0,293.0
1783935161.1,741,32624,83,22.0,33.0,0.0
1783935161.7,741,32624,83,11.0,33.0,0.0
1783935162.3,741,32624,83,11.0,33.0,0.0
1783935162.9,741,32624,83,11.0,33.0,0.0
1783935163.5,741,32624,83,11.0,33.0,0.0
1783935164.1,741,32624,85,22.0,33.0,0.0
1783935164.7,741,32624,85,12.0,33.0,0.0
1783935165.3,741,32624,96,26.0,33.0,61.0
1783935165.9,741,32624,83,24.0,34.0,0.0
1783935166.5,741,32624,84,22.0,34.0,0.0
1783935167.1,741,32624,98,12.0,33.0,0.0
1783935167.7,741,32624,83,24.0,33.0,467.0
1783935168.3,741,32624,83,22.0,33.0,0.0
1783935168.9,741,32624,83,22.0,33.0,0.0
1783935169.5,741,32624,83,12.0,33.0,0.0
1783935170.1,741,32624,83,12.0,33.0,0.0
1783935170.6,741,32624,83,11.0,33.0,0.0
1783935171.2,741,32624,94,22.0,34.0,0.0
1783935171.8,741,32624,85,21.0,33.0,0.0
1783935172.4,741,32624,85,27.0,33.0,655.0
1783935173.0,741,32624,85,26.0,33.0,42.0
1783935173.6,741,32624,83,24.0,34.0,28.0
1783935174.2,741,32624,85,22.0,33.0,0.0
1783935174.8,741,32624,85,26.0,33.0,47.0
1783935175.4,741,32624,85,23.0,34.0,0.0
1783935176.0,741,32624,85,11.0,33.0,0.0
1783935176.6,741,32624,85,12.0,33.0,0.0
1783935177.2,741,32624,85,22.0,34.0,0.0
1783935177.8,741,32624,105,26.0,34.0,72.0
1783935178.4,741,32624,112,23.0,34.0,0.0
1783935179.0,741,32624,119,25.0,34.0,36.0
1783935179.6,741,32624,103,30.0,34.0,1015.0
1783935180.2,741,32624,109,25.0,33.0,42.0
1783935180.8,741,32624,88,11.0,34.0,0.0
1783935181.4,741,32624,88,22.0,34.0,0.0
1783935182.0,741,32624,88,12.0,33.0,0.0
1783935182.6,741,32624,88,12.0,33.0,0.0
1783935183.2,741,32624,88,22.0,34.0,0.0
1783935183.8,741,32624,88,21.0,34.0,50.0
1783935184.4,741,32624,89,26.0,33.0,67.0
1783935185.0,741,32624,101,12.0,34.0,0.0
1783935185.6,741,32624,88,16.0,33.0,42.0
1783935186.2,741,32624,92,21.0,34.0,0.0
1783935186.8,741,32624,127,28.0,34.0,41.0
1783935187.4,741,32624,123,27.0,34.0,112.0
1783935188.0,741,32624,113,22.0,34.0,0.0
1783935188.6,741,32624,113,25.0,34.0,6.0
1783935189.1,741,32624,113,11.0,34.0,0.0
1783935189.7,741,32624,90,26.0,34.0,19.0
1783935190.3,741,32624,90,12.0,34.0,0.0
1783935191.0,741,32624,90,11.0,34.0,0.0
1783935191.5,741,32624,90,11.0,33.0,0.0
1783935192.1,741,32624,99,22.0,34.0,0.0
1783935192.7,741,32624,90,25.0,34.0,6.0
1783935193.3,741,32624,90,26.0,34.0,638.0
1783935193.9,751,32624,120,22.0,34.0,0.0
1783935194.5,751,32624,120,11.0,34.0,0.0
1783935195.1,751,32624,120,12.0,33.0,0.0
1783935195.7,747,32624,100,11.0,33.0,0.0
1783935196.3,747,32624,100,29.0,34.0,553.0
1783935196.9,747,32624,100,27.0,34.0,93.0
1783935197.5,747,32624,100,22.0,34.0,0.0
1783935198.1,747,32624,100,11.0,34.0,0.0
1783935198.7,739,32624,100,27.0,34.0,370.0
1783935199.3,739,32624,109,22.0,34.0,0.0
1783935199.9,739,32624,100,26.0,34.0,1669.0
1783935200.5,739,32624,100,15.0,34.0,15.0
1783935201.1,739,32624,100,12.0,34.0,0.0
1783935201.7,739,32624,100,19.0,34.0,131.0
1783935202.3,739,32624,109,30.0,34.0,500.0
1783935202.9,739,32624,100,13.0,34.0,0.0
1783935203.5,739,32624,109,12.0,34.0,0.0
1783935204.1,739,32624,100,11.0,34.0,0.0
1783935204.7,739,32624,104,22.0,34.0,0.0
1783935205.3,739,32624,104,25.0,34.0,44.0
1783935205.9,739,32624,115,22.0,34.0,0.0
1783935206.5,739,32624,115,21.0,34.0,0.0
1783935207.1,739,32624,115,25.0,34.0,580.0
1783935207.7,739,32624,113,29.0,34.0,825.0
1783935208.3,739,32624,100,25.0,34.0,17.0
1783935208.9,739,32624,115,22.0,34.0,0.0
1783935209.5,739,32624,101,14.0,34.0,6.0
1783935210.1,739,32624,113,23.0,34.0,0.0
1783935210.7,739,32624,102,15.0,34.0,1260.0
1783935211.3,739,32624,102,22.0,34.0,0.0
1783935211.9,739,32624,102,12.0,34.0,0.0
1783935212.5,739,32624,100,29.0,34.0,0.0
1783935213.0,739,32624,102,22.0,34.0,0.0
1783935213.6,739,32624,102,11.0,34.0,0.0
1783935214.2,739,32624,102,15.0,34.0,50.0
1783935214.8,739,32624,102,15.0,34.0,20.0
1783935215.4,739,32624,102,12.0,34.0,0.0
1783935216.0,739,32624,102,23.0,34.0,0.0
1783935216.6,739,32624,102,12.0,34.0,0.0
1783935217.2,739,32624,102,10.0,34.0,0.0
1783935217.8,739,32624,102,20.0,34.0,263.0
1783935218.4,739,32624,103,19.0,34.0,369.0
1783935219.0,739,32624,115,22.0,34.0,0.0
1783935219.6,739,32624,115,11.0,34.0,0.0
1783935220.2,739,32624,100,15.0,34.0,317.0
1783935220.8,739,32624,100,25.0,34.0,6.0
1783935221.4,739,32624,100,26.0,34.0,25.0
1783935222.0,739,32624,100,10.0,34.0,0.0
1783935222.6,739,32624,100,27.0,34.0,19.0
1783935223.2,739,32624,100,12.0,34.0,0.0
1783935223.7,724,32624,100,10.0,34.0,0.0
1783935224.3,724,32624,115,30.0,34.0,443.0
1783935224.9,724,32624,100,10.0,34.0,0.0
1783935225.5,724,32624,100,13.0,34.0,289.0
1783935226.1,724,32624,114,11.0,34.0,0.0
1783935226.7,724,32624,106,10.0,34.0,0.0
1783935227.3,724,32624,106,10.0,34.0,0.0
1783935227.9,724,32624,106,10.0,34.0,0.0
1783935228.5,724,32624,105,15.0,34.0,1385.0
1783935229.1,724,32624,89,26.0,34.0,430.0
1783935229.7,724,32624,103,16.0,34.0,30.0
1783935230.3,724,32624,110,23.0,34.0,0.0
1783935230.9,724,32624,104,12.0,34.0,0.0
1783935231.5,724,32624,94,12.0,34.0,0.0
1783935232.1,724,32624,92,10.0,34.0,0.0
1783935232.7,724,32624,92,11.0,34.0,0.0
1783935233.3,724,32624,92,11.0,34.0,0.0
1783935233.9,724,32624,92,12.0,34.0,0.0
1783935234.4,724,32624,92,12.0,34.0,0.0
1783935235.1,724,32624,92,11.0,34.0,0.0
1783935235.7,724,32624,99,11.0,34.0,0.0
1783935236.3,724,32624,91,10.0,34.0,0.0
1783935236.9,724,32624,91,12.0,34.0,0.0
1783935237.4,724,32624,91,12.0,34.0,0.0
1783935238.0,724,32624,91,11.0,34.0,0.0
1783935238.6,724,32624,85,11.0,34.0,0.0
1783935239.2,724,32624,85,11.0,34.0,0.0
1783935239.8,724,32624,85,12.0,34.0,0.0
1783935240.4,724,32624,85,12.0,34.0,0.0
1783935241.0,724,32624,89,11.0,34.0,0.0
1783935241.6,724,32624,89,11.0,34.0,0.0
1783935242.2,724,32624,89,11.0,34.0,0.0
1783935242.8,724,32624,89,12.0,34.0,0.0
1783935243.4,724,32624,89,11.0,34.0,0.0
1783935244.0,724,32624,95,12.0,34.0,0.0
1783935244.6,724,32624,95,12.0,34.0,0.0
1783935245.1,724,32624,95,11.0,34.0,0.0
1783935245.7,724,32624,97,10.0,34.0,0.0
1783935246.3,724,32624,95,12.0,34.0,0.0
1783935246.9,724,32624,95,11.0,34.0,0.0
1783935247.5,724,32624,95,11.0,34.0,0.0
1783935248.1,724,32624,95,12.0,34.0,0.0
1783935248.7,724,32624,95,14.0,34.0,50.0
1783935249.3,724,32624,95,11.0,34.0,0.0
1783935249.9,724,32624,95,11.0,34.0,0.0
1783935250.5,724,32624,108,12.0,34.0,0.0
1783935251.1,724,32624,95,11.0,34.0,0.0
1783935251.7,724,32624,95,11.0,34.0,0.0
1783935252.3,724,32624,89,10.0,34.0,0.0
1783935252.8,724,32624,89,11.0,34.0,0.0
1783935253.4,724,32624,89,11.0,34.0,0.0
1783935254.0,724,32624,89,11.0,34.0,0.0
1783935254.6,724,32624,89,12.0,34.0,0.0
1783935255.2,724,32624,89,11.0,34.0,0.0
1783935255.8,724,32624,89,11.0,34.0,0.0
1783935256.4,724,32624,89,10.0,34.0,0.0
1783935257.0,724,32624,89,11.0,34.0,0.0
1783935257.6,724,32624,89,11.0,34.0,0.0
1783935258.2,724,32624,89,11.0,33.0,0.0
1783935258.8,724,32624,89,12.0,33.0,0.0
1783935259.4,724,32624,89,11.0,33.0,0.0
1783935260.0,724,32624,89,11.0,33.0,0.0
1783935260.6,724,32624,97,11.0,34.0,0.0
1783935261.2,724,32624,103,11.0,34.0,0.0
1783935261.7,724,32624,103,11.0,33.0,0.0
1783935262.3,724,32624,95,11.0,34.0,0.0
1783935262.9,724,32624,95,10.0,33.0,0.0
1783935263.5,724,32624,95,15.0,33.0,19.0
1783935264.1,724,32624,95,11.0,34.0,0.0
1783935264.7,724,32624,95,11.0,34.0,0.0
1783935265.3,724,32624,97,11.0,34.0,0.0
1783935265.9,724,32624,97,12.0,33.0,0.0
1783935266.5,724,32624,89,11.0,33.0,0.0
1783935267.1,724,32624,89,11.0,33.0,0.0
1783935267.7,724,32624,89,14.0,33.0,428.0
1783935268.3,724,32624,89,10.0,33.0,0.0
1783935268.9,724,32624,89,10.0,33.0,0.0
1783935269.5,724,32624,89,11.0,34.0,0.0
1783935270.1,724,32624,89,11.0,33.0,0.0
1783935270.7,724,32624,89,14.0,33.0,28.0
1783935271.3,724,32624,89,15.0,34.0,68.0
1783935271.8,724,32624,89,12.0,34.0,0.0
1783935272.4,724,32624,89,13.0,33.0,463.0
1783935273.0,724,32624,89,11.0,34.0,0.0
1783935273.6,724,32624,89,15.0,33.0,500.0
1783935274.2,724,32624,89,11.0,33.0,0.0
1783935274.8,724,32624,89,12.0,34.0,0.0
1783935275.4,724,32624,103,25.0,34.0,0.0
1783935276.0,724,32624,97,11.0,33.0,0.0
1783935276.6,724,32624,95,11.0,33.0,0.0
1783935277.2,724,32624,95,11.0,34.0,0.0
1783935277.8,724,32624,95,10.0,34.0,0.0
1783935278.4,724,32624,95,11.0,33.0,0.0
1783935279.0,724,32624,95,11.0,34.0,0.0
1783935279.6,724,32624,95,11.0,33.0,0.0
1783935280.2,724,32624,103,12.0,34.0,0.0
1783935280.8,724,32624,103,12.0,34.0,0.0
1783935281.3,724,32624,103,11.0,34.0,0.0
1783935281.9,724,32624,93,11.0,34.0,0.0
1783935282.5,724,32624,93,12.0,33.0,0.0
1783935283.1,724,32624,93,11.0,33.0,0.0
1783935283.7,724,32624,93,11.0,33.0,0.0
1783935284.3,724,32624,93,12.0,33.0,0.0
1783935284.9,724,32624,87,11.0,33.0,0.0
1783935285.5,724,32624,87,11.0,33.0,0.0
1783935286.1,724,32624,87,11.0,33.0,0.0
1783935286.7,724,32624,89,11.0,33.0,0.0
1783935287.3,724,32624,89,11.0,33.0,0.0
1783935287.9,724,32624,89,10.0,33.0,0.0
1783935288.5,724,32624,89,11.0,33.0,0.0
1783935289.1,724,32624,89,11.0,33.0,0.0
1783935289.7,724,32624,89,12.0,33.0,0.0
1783935290.3,724,32624,89,17.0,33.0,944.0
1783935290.9,724,32624,95,10.0,33.0,0.0
1783935291.5,724,32624,89,15.0,33.0,6.0
1783935292.1,724,32624,89,11.0,33.0,0.0
1783935292.7,724,32624,89,10.0,33.0,0.0
1783935293.3,724,32624,89,11.0,33.0,0.0
1783935293.8,724,32624,89,11.0,33.0,0.0
1783935294.4,724,32624,89,10.0,33.0,0.0
1783935295.0,724,32624,106,11.0,33.0,0.0
1783935295.6,724,32624,106,11.0,33.0,0.0
1783935296.2,724,32624,93,10.0,33.0,0.0
1783935296.8,724,32624,93,10.0,33.0,0.0
1783935297.4,724,32624,93,11.0,33.0,0.0
1783935298.0,724,32624,93,10.0,33.0,0.0
1783935298.6,724,32624,93,11.0,33.0,0.0
1783935299.2,724,32624,93,11.0,33.0,0.0
1783935299.8,724,32624,93,11.0,33.0,0.0
1783935300.4,724,32624,93,13.0,33.0,255.0
1783935301.0,724,32624,93,12.0,33.0,0.0
1783935301.6,724,32624,93,11.0,33.0,0.0
1783935302.1,724,32624,93,12.0,33.0,0.0
1783935302.7,724,32624,89,11.0,33.0,0.0
1783935303.3,724,32624,89,10.0,33.0,0.0
1783935303.9,724,32624,89,11.0,33.0,0.0
1783935304.5,724,32624,89,10.0,33.0,0.0
1783935305.1,724,32624,89,11.0,33.0,0.0
1783935305.7,724,32624,103,11.0,34.0,0.0
1783935306.3,724,32624,95,11.0,33.0,0.0
1783935306.9,724,32624,95,11.0,33.0,0.0
1783935307.5,724,32624,95,11.0,33.0,0.0
1783935308.1,724,32624,95,10.0,33.0,0.0
1783935308.7,724,32624,95,11.0,33.0,0.0
1783935309.3,724,32624,95,11.0,33.0,0.0
1783935309.8,724,32624,95,11.0,33.0,0.0
1783935310.4,724,32624,109,12.0,33.0,0.0
1783935311.0,724,32624,95,11.0,33.0,0.0
1783935311.6,724,32624,95,11.0,33.0,0.0
1783935312.2,724,32624,95,12.0,33.0,0.0
1783935312.8,724,32624,95,11.0,33.0,0.0
1783935313.4,725,32624,91,15.0,33.0,8.0
1783935314.0,728,32624,91,11.0,33.0,0.0
1783935314.6,728,32624,91,10.0,33.0,0.0
1783935315.2,728,32624,91,11.0,33.0,0.0
1783935315.8,718,32624,83,10.0,33.0,0.0
1783935316.4,718,32624,83,11.0,33.0,0.0
1783935317.0,718,32624,83,11.0,33.0,0.0
1783935317.6,718,32624,83,11.0,33.0,0.0
1783935318.2,718,32624,83,11.0,33.0,0.0
1783935318.8,718,32624,83,11.0,33.0,0.0
1783935319.4,718,32624,83,11.0,33.0,0.0
1783935320.0,718,32624,83,11.0,33.0,0.0
1783935320.5,718,32624,97,12.0,33.0,0.0
1783935321.1,718,32624,97,11.0,33.0,0.0
1783935321.7,718,32624,97,12.0,33.0,0.0
1783935322.3,718,32624,97,11.0,33.0,0.0
1783935322.9,718,32624,97,11.0,33.0,0.0
1783935323.5,718,32624,97,11.0,33.0,0.0
1783935324.1,718,32624,97,11.0,33.0,0.0
1783935324.7,718,32624,97,11.0,33.0,0.0
1783935325.3,718,32624,97,12.0,33.0,0.0
1783935325.9,718,32624,97,11.0,33.0,0.0
1783935326.5,718,32624,83,12.0,33.0,0.0
1783935327.1,718,32624,83,11.0,33.0,0.0
1783935327.7,718,32624,83,11.0,33.0,0.0
1783935328.3,718,32624,83,11.0,33.0,0.0
1783935328.9,718,32624,83,11.0,33.0,0.0
1783935329.5,718,32624,83,11.0,33.0,0.0
1783935330.0,718,32624,83,11.0,33.0,0.0
1783935330.6,718,32624,83,11.0,33.0,0.0
1783935331.2,718,32624,83,11.0,33.0,0.0
1783935331.8,718,32624,83,11.0,33.0,0.0
1783935332.4,718,32624,83,12.0,33.0,0.0
1783935333.0,718,32624,83,10.0,33.0,0.0
1783935333.6,718,32624,83,11.0,33.0,0.0
1783935334.2,718,32624,83,14.0,33.0,6.0
1783935334.8,718,32624,83,11.0,33.0,0.0
1783935335.4,718,32624,95,11.0,33.0,0.0
1783935336.0,718,32624,89,11.0,33.0,0.0
1783935336.6,718,32624,89,12.0,33.0,0.0
1783935337.2,718,32624,89,11.0,33.0,0.0
1783935337.8,718,32624,89,11.0,33.0,0.0
1783935338.4,718,32624,89,11.0,33.0,0.0
1783935339.0,718,32624,89,11.0,33.0,0.0
1783935339.6,718,32624,89,12.0,33.0,0.0
1783935340.2,718,32624,103,22.0,33.0,0.0
1783935340.7,718,32624,103,10.0,33.0,0.0
1783935341.3,718,32624,90,26.0,33.0,855.0
1783935341.9,718,32624,86,11.0,33.0,0.0
1783935342.5,718,32624,86,10.0,33.0,0.0
1783935343.1,718,32624,86,10.0,33.0,0.0
1783935343.7,718,32624,86,9.0,33.0,0.0
1783935344.3,718,32624,86,10.0,33.0,0.0
1783935344.9,718,32624,86,11.0,33.0,0.0
1783935345.5,718,32624,86,11.0,33.0,0.0
1783935346.1,718,32624,86,10.0,33.0,0.0
1783935346.7,718,32624,86,10.0,33.0,0.0
1783935347.3,718,32624,86,10.0,33.0,0.0
1783935347.9,718,32624,86,10.0,33.0,0.0
1783935348.5,718,32624,86,11.0,33.0,0.0
1783935349.1,718,32624,86,10.0,33.0,0.0
1783935349.7,718,32624,86,11.0,33.0,0.0
1783935350.3,718,32624,86,11.0,33.0,0.0
1783935350.9,718,32624,91,11.0,33.0,0.0
1783935351.5,718,32624,83,15.0,33.0,28.0
1783935352.1,718,32624,83,21.0,33.0,91.0
1783935352.7,718,32624,83,11.0,33.0,0.0
1783935353.3,718,32624,83,14.0,33.0,500.0
1783935353.8,718,32624,79,10.0,33.0,0.0
1783935354.4,718,32624,79,10.0,33.0,0.0
1783935355.0,718,32624,91,22.0,33.0,0.0
1783935355.6,718,32624,93,9.0,33.0,0.0
1783935356.2,718,32624,93,11.0,33.0,0.0
1783935356.8,718,32624,85,12.0,33.0,0.0
1783935357.4,718,32624,85,12.0,33.0,238.0
1783935358.0,718,32624,85,11.0,33.0,0.0
1783935358.6,718,32624,85,11.0,33.0,0.0
1783935359.2,718,32624,85,10.0,33.0,0.0
1783935359.8,718,32624,85,12.0,33.0,0.0
1783935360.4,718,32624,85,12.0,33.0,0.0
1783935361.0,718,32624,85,14.0,33.0,18.0
1783935361.6,718,32624,79,10.0,33.0,0.0
1783935362.2,718,32624,83,16.0,33.0,41.0
1783935362.8,718,32624,83,11.0,33.0,0.0
1783935363.4,718,32624,83,11.0,33.0,0.0
1783935364.0,718,32624,83,10.0,33.0,0.0
1783935364.6,718,32624,83,12.0,33.0,0.0
1783935365.2,718,32624,83,11.0,33.0,0.0
1783935365.8,718,32624,95,11.0,33.0,0.0
1783935366.3,718,32624,87,11.0,33.0,0.0
1783935366.9,718,32624,87,12.0,33.0,0.0
1783935367.5,718,32624,87,11.0,33.0,0.0
1783935368.1,718,32624,87,11.0,33.0,0.0
1783935368.7,718,32624,87,11.0,33.0,0.0
1783935369.3,718,32624,87,12.0,33.0,0.0
1783935369.9,718,32624,87,12.0,33.0,0.0
1783935370.5,718,32624,101,10.0,33.0,0.0
1783935371.1,718,32624,87,11.0,33.0,0.0
1783935371.7,718,32624,87,12.0,33.0,0.0
1783935372.3,718,32624,87,11.0,33.0,0.0
1783935372.9,718,32624,87,12.0,33.0,0.0
1783935373.5,718,32624,87,11.0,33.0,0.0
1783935374.1,718,32624,87,11.0,33.0,0.0
1783935374.7,718,32624,87,10.0,33.0,0.0
1783935375.3,718,32624,87,12.0,33.0,0.0
1783935375.9,718,32624,85,11.0,33.0,0.0
1783935376.5,718,32624,85,12.0,33.0,0.0
1783935377.1,718,32624,86,12.0,33.0,30.0
1783935377.7,718,32624,86,11.0,33.0,0.0
1783935378.3,718,32624,86,18.0,33.0,500.0
1783935378.9,718,32624,86,11.0,33.0,0.0
1783935379.5,718,32624,86,10.0,33.0,0.0
1783935380.1,718,32624,86,10.0,33.0,0.0
1783935380.7,718,32624,91,11.0,33.0,0.0
1783935381.3,718,32624,91,11.0,33.0,0.0
1783935381.9,718,32624,91,12.0,33.0,0.0
1783935382.5,718,32624,91,10.0,33.0,0.0
1783935383.1,718,32624,91,10.0,33.0,0.0
1783935383.6,718,32624,91,9.0,33.0,0.0
1783935384.2,718,32624,91,11.0,33.0,0.0
1783935384.8,718,32624,91,10.0,33.0,0.0
1783935385.4,718,32624,97,26.0,33.0,148.0
1783935386.0,718,32624,97,11.0,33.0,0.0
1783935386.6,718,32624,97,12.0,33.0,0.0
1783935387.2,718,32624,97,10.0,33.0,0.0
1783935387.8,718,32624,97,10.0,33.0,0.0
1783935388.4,718,32624,97,9.0,33.0,0.0
1783935389.0,718,32624,84,11.0,33.0,0.0
1783935389.6,718,32624,84,12.0,33.0,0.0
1783935390.2,718,32624,84,10.0,33.0,0.0
1783935390.8,718,32624,84,9.0,33.0,0.0
1783935391.4,718,32624,84,12.0,32.0,0.0
1783935392.0,718,32624,84,10.0,32.0,0.0
1783935392.6,718,32624,84,10.0,33.0,0.0
1783935393.2,718,32624,84,10.0,33.0,0.0
1783935393.8,718,32624,84,10.0,32.0,0.0
1783935394.4,718,32624,84,10.0,33.0,0.0
1783935395.0,718,32624,84,10.0,33.0,0.0
1783935395.6,718,32624,95,13.0,33.0,0.0
1783935396.2,718,32624,95,10.0,33.0,0.0
1783935396.8,718,32624,95,10.0,33.0,0.0
1783935397.4,718,32624,86,11.0,32.0,0.0
1783935398.0,718,32624,86,13.0,33.0,385.0
1783935398.6,718,32624,86,18.0,33.0,318.0
1783935399.2,718,32624,86,11.0,33.0,0.0
1783935399.8,718,32624,86,11.0,33.0,0.0
1783935400.4,718,32624,99,11.0,33.0,0.0
1783935401.0,718,32624,99,12.0,33.0,0.0
1783935401.6,718,32624,86,11.0,33.0,0.0
1783935402.2,718,32624,86,10.0,33.0,0.0
1783935402.8,718,32624,86,11.0,33.0,0.0
1783935403.4,718,32624,86,11.0,33.0,0.0
1783935404.0,718,32624,86,11.0,33.0,0.0
1783935404.6,718,32624,86,13.0,33.0,0.0
1783935405.2,718,32624,86,10.0,32.0,0.0
1783935405.8,718,32624,86,10.0,33.0,0.0
1783935406.4,718,32624,86,12.0,33.0,0.0
1783935407.0,718,32624,79,18.0,33.0,500.0
1783935407.6,718,32624,79,19.0,33.0,210.0
1783935408.2,718,32624,79,11.0,33.0,0.0
1783935408.8,718,32624,79,16.0,33.0,62.0
1783935409.4,718,32624,79,10.0,32.0,0.0
1783935410.0,718,32624,79,15.0,32.0,0.0
1783935410.6,718,32624,91,12.0,33.0,0.0
1783935411.2,718,32624,89,15.0,33.0,41.0
1783935411.8,718,32624,89,11.0,33.0,0.0
1783935412.4,718,32624,89,17.0,33.0,103.0
1783935413.0,718,32624,89,10.0,33.0,0.0
1783935413.6,718,32624,89,11.0,33.0,0.0
1783935414.2,718,32624,89,12.0,33.0,0.0
1783935414.8,718,32624,89,11.0,32.0,0.0
1783935415.4,718,32624,103,11.0,33.0,0.0
1783935416.0,718,32624,89,10.0,33.0,0.0
1783935416.6,718,32624,89,11.0,33.0,0.0
1783935417.2,718,32624,89,13.0,33.0,258.0
1783935417.8,718,32624,89,11.0,33.0,0.0
1783935418.4,718,32624,89,11.0,32.0,0.0
1783935419.0,718,32624,89,10.0,32.0,0.0
1783935419.6,718,32624,89,10.0,33.0,0.0
1783935420.2,718,32624,89,11.0,33.0,0.0
1783935420.8,718,32624,83,11.0,33.0,0.0
1783935421.4,718,32624,83,11.0,33.0,0.0
1783935422.0,718,32624,83,10.0,32.0,0.0
1783935422.6,718,32624,83,11.0,33.0,0.0
1783935423.2,718,32624,83,11.0,33.0,0.0
1783935423.7,718,32624,83,12.0,33.0,0.0
1783935424.3,718,32624,83,12.0,33.0,0.0
1783935424.9,718,32624,83,11.0,33.0,0.0
1783935425.6,718,32624,97,17.0,32.0,920.0
1783935426.2,718,32624,95,11.0,33.0,0.0
1783935426.8,718,32624,95,11.0,33.0,0.0
1783935427.4,718,32624,89,11.0,32.0,0.0
1783935427.9,718,32624,89,11.0,33.0,0.0
1783935428.5,718,32624,89,10.0,32.0,0.0
1783935429.1,718,32624,89,11.0,32.0,0.0
1783935429.7,718,32624,83,11.0,33.0,0.0
1783935430.3,718,32624,93,10.0,33.0,0.0
1783935430.9,718,32624,85,11.0,33.0,0.0
1783935431.5,718,32624,85,12.0,33.0,0.0
1783935432.1,718,32624,85,11.0,33.0,0.0
1783935432.7,718,32624,85,13.0,33.0,0.0
1783935433.3,718,32624,85,10.0,32.0,0.0
1783935433.9,718,32624,85,11.0,33.0,0.0
1783935434.5,718,32624,85,10.0,33.0,0.0
1783935435.1,718,32624,85,11.0,33.0,0.0
1783935435.7,718,32624,85,10.0,33.0,0.0
1783935436.3,718,32624,85,12.0,33.0,235.0
1783935436.9,718,32624,85,11.0,33.0,0.0
1783935437.5,718,32624,83,10.0,33.0,0.0
1783935438.1,718,32624,83,16.0,33.0,474.0
1783935438.7,718,32624,83,13.0,33.0,211.0
1783935439.3,718,32624,83,11.0,33.0,0.0
1783935439.9,718,32624,83,12.0,33.0,0.0
1783935440.5,718,32624,97,25.0,33.0,27.0
1783935441.1,718,32624,97,11.0,33.0,0.0
1783935441.7,718,32624,97,11.0,33.0,0.0
1783935442.3,718,32624,87,11.0,32.0,0.0
1783935442.9,718,32624,87,11.0,33.0,0.0
1783935443.5,718,32624,87,11.0,33.0,0.0
1783935444.1,718,32624,87,11.0,33.0,0.0
1783935444.7,718,32624,87,11.0,33.0,0.0
1783935445.2,718,32624,95,12.0,33.0,0.0
1783935445.8,718,32624,95,12.0,33.0,0.0
1783935446.4,718,32624,81,11.0,33.0,0.0
1783935447.0,718,32624,81,11.0,33.0,0.0
1783935447.6,718,32624,81,11.0,33.0,0.0
1783935448.2,718,32624,81,11.0,33.0,0.0
1783935448.8,718,32624,81,11.0,33.0,0.0
1783935449.4,718,32624,81,11.0,33.0,0.0
1783935450.0,718,32624,83,11.0,33.0,0.0
1783935450.6,718,32624,83,10.0,33.0,0.0
1783935451.2,718,32624,83,13.0,33.0,0.0
1783935451.8,718,32624,86,15.0,33.0,22.0
1783935452.4,718,32624,86,10.0,33.0,0.0
1783935453.0,718,32624,86,11.0,33.0,0.0
1783935453.6,718,32624,86,11.0,33.0,0.0
1783935454.2,718,32624,86,10.0,33.0,0.0
1783935454.8,718,32624,94,15.0,33.0,19.0
1783935455.4,718,32624,98,25.0,33.0,291.0
1783935456.0,718,32624,98,11.0,33.0,0.0
1783935456.6,718,32624,90,18.0,33.0,243.0
1783935457.2,718,32624,86,11.0,33.0,0.0
1783935457.8,718,32624,92,22.0,33.0,0.0
1783935458.4,718,32624,92,16.0,33.0,1465.0
1783935459.0,718,32624,92,12.0,33.0,0.0
1783935459.6,718,32624,92,11.0,33.0,0.0
1783935460.2,718,32624,93,12.0,33.0,0.0
1783935460.8,718,32624,93,11.0,33.0,0.0
1783935461.4,718,32624,93,15.0,33.0,49.0
1783935462.0,718,32624,86,11.0,33.0,0.0
1783935462.6,718,32624,86,11.0,33.0,0.0
1783935463.2,718,32624,86,11.0,32.0,0.0
1783935463.7,718,32624,86,10.0,33.0,0.0
1783935464.3,718,32624,86,11.0,33.0,0.0
1783935464.9,718,32624,79,11.0,33.0,0.0
1783935465.5,718,32624,79,11.0,33.0,0.0
1783935466.1,718,32624,84,11.0,33.0,0.0
1783935466.7,718,32624,84,11.0,33.0,0.0
1783935467.3,718,32624,84,11.0,32.0,0.0
1783935467.9,718,32624,84,10.0,33.0,0.0
1783935468.5,718,32624,84,10.0,32.0,0.0
1783935469.1,718,32624,84,14.0,33.0,0.0
1783935469.7,718,32624,84,14.0,33.0,19.0
1783935470.3,718,32624,84,11.0,32.0,0.0
1783935470.9,718,32624,97,11.0,33.0,0.0
1783935471.5,718,32624,86,11.0,33.0,0.0
1783935472.1,718,32624,86,10.0,33.0,0.0
1783935472.7,718,32624,86,11.0,32.0,0.0
1783935473.3,718,32624,86,11.0,33.0,0.0
1783935473.9,718,32624,86,11.0,33.0,0.0
1783935474.5,718,32624,86,18.0,33.0,307.0
1783935475.1,718,32624,101,22.0,33.0,0.0
1783935475.7,718,32624,88,12.0,33.0,0.0
1783935476.3,718,32624,88,11.0,32.0,0.0
1783935476.9,718,32624,88,12.0,32.0,0.0
1783935477.5,718,32624,88,11.0,33.0,0.0
1783935478.1,718,32624,81,15.0,33.0,27.0
1783935478.6,718,32624,81,11.0,32.0,0.0
1783935479.2,718,32624,81,11.0,32.0,0.0
1783935479.8,718,32624,81,11.0,33.0,0.0
1783935480.4,718,32624,81,12.0,33.0,0.0
1783935481.0,718,32624,81,11.0,33.0,0.0
1783935481.6,718,32624,81,11.0,32.0,0.0
1783935482.2,718,32624,79,11.0,32.0,0.0
1783935482.8,718,32624,79,11.0,33.0,0.0
1783935483.4,718,32624,85,11.0,32.0,0.0
1783935484.0,718,32624,85,11.0,33.0,0.0
1783935484.6,718,32624,85,10.0,33.0,0.0
1783935485.2,718,32624,85,11.0,32.0,0.0
1783935485.8,718,32624,95,11.0,33.0,0.0
1783935486.4,718,32624,85,22.0,32.0,0.0
1783935487.0,718,32624,85,11.0,32.0,0.0
1783935487.6,718,32624,85,11.0,32.0,0.0
1783935488.2,718,32624,85,11.0,32.0,0.0
1783935488.8,718,32624,79,11.0,33.0,0.0
1783935489.4,718,32624,79,12.0,33.0,0.0
1783935490.0,718,32624,79,12.0,33.0,0.0
1783935490.6,718,32624,93,11.0,32.0,0.0
1783935491.2,718,32624,93,11.0,32.0,0.0
1783935491.7,718,32624,93,12.0,33.0,0.0
1783935492.3,718,32624,93,11.0,33.0,0.0
1783935492.9,718,32624,93,12.0,33.0,0.0
1783935493.5,720,32624,95,11.0,33.0,0.0
1783935494.1,720,32624,81,10.0,33.0,0.0
1783935494.7,720,32624,81,15.0,32.0,32.0
1783935495.3,720,32624,81,15.0,33.0,18.0
1783935495.9,720,32624,81,14.0,33.0,13.0
1783935496.5,713,32624,81,26.0,33.0,36.0
1783935497.1,713,32624,81,19.0,32.0,198.0
1783935497.7,713,32624,81,10.0,32.0,0.0
1783935498.3,713,32624,81,11.0,32.0,0.0
1783935498.9,713,32624,81,11.0,32.0,0.0
1783935499.5,713,32624,85,10.0,33.0,0.0
1783935500.1,713,32624,85,11.0,32.0,0.0
1783935500.7,713,32624,97,11.0,33.0,0.0
1783935501.3,713,32624,91,11.0,33.0,0.0
1783935501.9,713,32624,87,12.0,33.0,0.0
1783935502.5,713,32624,87,11.0,33.0,0.0
1783935503.1,713,32624,87,10.0,33.0,0.0
1783935503.7,713,32624,87,11.0,32.0,0.0
1783935504.3,713,32624,88,11.0,33.0,0.0
1783935504.9,713,32624,88,10.0,33.0,0.0
1783935505.5,713,32624,95,10.0,33.0,0.0
1783935506.1,713,32624,95,11.0,33.0,0.0
1783935506.7,713,32624,95,12.0,32.0,0.0
1783935507.3,713,32624,87,12.0,33.0,0.0
1783935507.9,713,32624,87,11.0,32.0,0.0
1783935508.5,713,32624,87,11.0,32.0,0.0
1783935509.1,713,32624,87,11.0,32.0,0.0
1783935509.7,713,32624,87,12.0,32.0,0.0
1783935510.2,713,32624,88,10.0,32.0,0.0
1783935510.8,713,32624,88,11.0,33.0,0.0
1783935511.4,713,32624,88,11.0,32.0,0.0
1783935512.0,713,32624,81,10.0,32.0,0.0
1783935512.6,713,32624,81,10.0,32.0,0.0
1783935513.2,713,32624,81,12.0,32.0,0.0
1783935513.8,713,32624,81,12.0,33.0,0.0
1783935514.4,713,32624,81,10.0,33.0,0.0
1783935515.0,713,32624,81,10.0,33.0,0.0
1783935515.6,713,32624,106,25.0,33.0,58.0
1783935516.2,713,32624,106,10.0,33.0,0.0
1783935516.8,713,32624,86,11.0,33.0,0.0
1783935517.4,713,32624,86,12.0,33.0,0.0
1783935518.0,713,32624,86,11.0,33.0,0.0
1783935518.6,713,32624,86,11.0,33.0,0.0
1783935519.2,713,32624,86,11.0,33.0,0.0
1783935519.8,713,32624,86,11.0,33.0,0.0
1783935520.4,713,32624,93,11.0,33.0,0.0
1783935521.0,713,32624,81,19.0,33.0,331.0
1783935521.6,713,32624,81,11.0,33.0,0.0
1783935522.2,713,32624,81,11.0,33.0,0.0
1783935522.8,713,32624,81,13.0,33.0,0.0
1783935523.4,713,32624,81,11.0,33.0,0.0
1783935523.9,713,32624,81,11.0,33.0,0.0
1783935524.5,713,32624,81,11.0,33.0,0.0
1783935525.1,713,32624,81,11.0,33.0,0.0
1783935525.7,713,32624,81,15.0,33.0,41.0
1783935526.3,713,32624,81,18.0,33.0,103.0
1783935526.9,713,32624,81,9.0,33.0,0.0
1783935527.5,713,32624,79,14.0,32.0,6.0
1783935528.1,713,32624,81,10.0,33.0,0.0
1783935528.7,713,32624,83,15.0,33.0,36.0
1783935529.3,713,32624,83,11.0,33.0,0.0
1783935529.9,713,32624,83,10.0,33.0,0.0
1783935530.5,713,32624,102,10.0,33.0,0.0
1783935531.1,713,32624,102,11.0,33.0,0.0
1783935531.7,713,32624,85,16.0,33.0,1172.0
1783935532.3,713,32624,85,15.0,33.0,1437.0
1783935532.9,713,32624,85,16.0,33.0,11.0
1783935533.5,713,32624,85,22.0,33.0,0.0
1783935534.1,713,32624,85,11.0,33.0,0.0
1783935534.7,713,32624,85,11.0,33.0,0.0
1783935535.3,713,32624,93,16.0,33.0,267.0
1783935535.8,713,32624,93,25.0,33.0,6.0
1783935536.4,713,32624,93,18.0,33.0,459.0
1783935537.0,713,32624,93,11.0,33.0,0.0
1783935537.6,713,32624,79,13.0,33.0,0.0
1783935538.2,713,32624,106,27.0,33.0,1816.0
1783935538.8,713,32624,109,24.0,33.0,222.0
1783935539.4,713,32624,100,11.0,33.0,0.0
1783935540.0,713,32624,97,25.0,33.0,9.0
1783935540.6,713,32624,100,26.0,33.0,33.0
1783935541.2,713,32624,93,26.0,33.0,1433.0
1783935541.8,713,32624,88,11.0,33.0,0.0
1783935542.4,713,32624,88,15.0,33.0,18.0
1783935543.0,713,32624,86,11.0,33.0,0.0
1783935543.6,713,32624,86,12.0,33.0,0.0
1783935544.2,713,32624,86,15.0,33.0,6.0
1783935544.8,713,32624,86,11.0,33.0,0.0
1783935545.4,713,32624,86,11.0,33.0,0.0
1783935546.0,713,32624,100,12.0,33.0,0.0
1783935546.6,713,32624,86,22.0,33.0,0.0
1783935547.2,713,32624,86,11.0,33.0,0.0
1783935547.7,713,32624,89,14.0,33.0,25.0
1783935548.3,713,32624,86,11.0,33.0,0.0
1783935548.9,713,32624,86,11.0,33.0,0.0
1783935549.5,713,32624,86,10.0,33.0,0.0
1783935550.1,713,32624,84,11.0,33.0,0.0
1783935550.7,713,32624,84,11.0,33.0,0.0
1783935551.3,713,32624,84,11.0,33.0,0.0
1783935551.9,713,32624,84,12.0,33.0,0.0
1783935552.5,713,32624,84,11.0,33.0,0.0
1783935553.1,713,32624,84,13.0,33.0,457.0
1783935553.7,713,32624,84,10.0,33.0,0.0
1783935554.3,713,32624,84,11.0,33.0,0.0
1783935554.9,713,32624,84,12.0,33.0,0.0
1783935555.5,713,32624,84,11.0,33.0,0.0
1783935556.1,713,32624,105,22.0,33.0,0.0
1783935556.7,713,32624,86,11.0,33.0,0.0
1783935557.3,713,32624,86,11.0,33.0,0.0
1783935557.9,713,32624,86,11.0,33.0,0.0
1783935558.5,713,32624,86,12.0,33.0,277.0
1783935559.1,713,32624,86,11.0,32.0,0.0
1783935559.7,713,32624,86,10.0,33.0,0.0
1783935560.3,713,32624,86,11.0,33.0,0.0
1783935560.9,713,32624,100,23.0,33.0,0.0
1783935561.5,713,32624,86,11.0,33.0,0.0
1783935562.1,713,32624,86,11.0,33.0,0.0
1783935562.7,713,32624,86,11.0,32.0,0.0
1783935563.3,713,32624,86,11.0,33.0,0.0
1783935563.9,713,32624,86,11.0,33.0,0.0
1783935564.5,713,32624,86,11.0,32.0,0.0
1783935565.1,713,32624,86,12.0,33.0,0.0
1783935565.7,713,32624,86,11.0,33.0,0.0
1783935566.3,713,32624,86,14.0,33.0,6.0
1783935566.8,713,32624,86,15.0,33.0,40.0
1783935567.4,713,32624,86,12.0,33.0,0.0
1783935568.0,713,32624,86,16.0,33.0,114.0
1783935568.6,713,32624,84,10.0,33.0,0.0
1783935569.2,713,32624,84,11.0,33.0,0.0
1783935569.8,713,32624,84,10.0,33.0,0.0
1783935570.4,713,32624,84,16.0,33.0,22.0
1783935571.0,713,32624,103,25.0,33.0,35.0
1783935571.6,713,32624,87,11.0,33.0,0.0
1783935572.2,713,32624,87,14.0,33.0,500.0
1783935572.8,713,32624,87,10.0,32.0,0.0
1783935573.4,713,32624,87,12.0,33.0,0.0
1783935574.0,713,32624,87,13.0,33.0,23.0
1783935574.6,713,32624,87,10.0,33.0,0.0
1783935575.2,713,32624,87,12.0,33.0,0.0
1783935575.8,713,32624,87,14.0,33.0,25.0
1783935576.4,713,32624,100,12.0,33.0,0.0
1783935576.9,713,32624,87,11.0,33.0,0.0
1783935577.5,713,32624,87,11.0,33.0,0.0
1783935578.1,713,32624,87,15.0,32.0,551.0
1783935578.7,713,32624,87,11.0,33.0,0.0
1783935579.3,713,32624,87,10.0,33.0,0.0
1783935579.9,713,32624,84,15.0,33.0,57.0
1783935580.5,713,32624,84,11.0,33.0,0.0
1783935581.1,713,32624,84,11.0,33.0,0.0
1783935581.7,719,32624,96,26.0,33.0,45.0
1783935582.3,745,32624,88,27.0,33.0,1030.0
1783935582.9,745,32624,88,26.0,33.0,90.0
1783935583.5,743,32624,86,15.0,33.0,1498.0
1783935584.1,741,32624,86,12.0,33.0,0.0
1783935584.7,739,32624,84,11.0,33.0,0.0
1783935585.3,739,32624,84,12.0,33.0,0.0
1783935585.9,739,32624,102,26.0,33.0,1476.0
1783935586.5,739,32624,105,22.0,33.0,0.0
1783935587.1,739,32624,105,26.0,33.0,675.0
1783935587.7,739,32624,105,22.0,33.0,0.0
1783935588.3,739,32624,89,11.0,33.0,0.0
1783935588.9,739,32624,105,21.0,33.0,0.0
1783935589.4,739,32624,89,11.0,33.0,0.0
1783935590.0,739,32624,91,11.0,33.0,0.0
1783935590.6,739,32624,102,10.0,33.0,0.0
1783935591.2,739,32624,105,11.0,33.0,0.0
1783935591.8,739,32624,86,10.0,33.0,0.0
1783935592.4,739,32624,86,11.0,33.0,0.0
1783935593.0,739,32624,86,11.0,33.0,0.0
1783935593.6,739,32624,86,11.0,33.0,0.0
1783935594.2,739,32624,105,22.0,33.0,0.0
1783935594.8,739,32624,105,27.0,33.0,117.0
1783935595.4,739,32624,105,23.0,33.0,0.0
1783935596.0,739,32624,105,12.0,33.0,0.0
1783935596.6,739,32624,100,22.0,33.0,0.0
1783935597.2,739,32624,103,25.0,33.0,39.0
1783935597.8,739,32624,103,22.0,33.0,0.0
1783935598.4,739,32624,103,11.0,33.0,0.0
1783935599.0,739,32624,87,11.0,33.0,0.0
1783935599.6,739,32624,87,12.0,33.0,0.0
1783935600.2,739,32624,87,12.0,33.0,0.0
1783935600.8,739,32624,103,22.0,33.0,0.0
1783935601.3,739,32624,87,12.0,33.0,0.0
1783935601.9,739,32624,87,11.0,33.0,0.0
1783935602.5,739,32624,87,11.0,33.0,0.0
1783935603.1,739,32624,87,10.0,33.0,0.0
1783935603.7,739,32624,87,11.0,33.0,0.0
1783935604.3,739,32624,87,11.0,33.0,0.0
1783935604.9,739,32624,87,11.0,33.0,0.0
1783935605.5,739,32624,87,11.0,33.0,0.0
1783935606.1,739,32624,87,12.0,33.0,0.0
1783935606.7,739,32624,87,14.0,33.0,16.0
1783935607.3,739,32624,87,12.0,33.0,0.0
1783935607.9,739,32624,105,23.0,33.0,0.0
1783935608.5,739,32624,87,12.0,33.0,0.0
1783935609.1,739,32624,87,12.0,33.0,0.0
1783935609.7,739,32624,114,22.0,33.0,0.0
1783935610.3,739,32624,100,26.0,33.0,1472.0
1783935610.9,739,32624,87,11.0,33.0,0.0
1783935611.5,739,32624,87,11.0,33.0,0.0
1783935612.1,739,32624,87,11.0,33.0,0.0
1783935612.7,739,32624,89,12.0,33.0,0.0
1783935613.3,739,32624,87,12.0,33.0,0.0
1783935613.8,739,32624,87,19.0,33.0,500.0
1783935614.4,739,32624,87,11.0,33.0,0.0
1783935615.0,739,32624,89,11.0,33.0,0.0
1783935615.6,739,32624,100,12.0,33.0,0.0
1783935616.2,739,32624,91,28.0,33.0,634.0
1783935616.8,739,32624,102,22.0,33.0,0.0
1783935617.4,739,32624,87,11.0,33.0,0.0
1783935618.0,739,32624,87,12.0,33.0,0.0
1783935618.6,739,32624,103,19.0,33.0,146.0
1783935619.2,739,32624,103,23.0,33.0,0.0
1783935619.8,739,32624,100,23.0,33.0,0.0
1783935620.4,739,32624,101,25.0,33.0,240.0
1783935621.0,739,32624,113,11.0,33.0,0.0
1783935621.6,739,32624,113,23.0,33.0,0.0
1783935622.2,739,32624,110,10.0,33.0,0.0
1783935622.8,739,32624,91,16.0,33.0,116.0
1783935623.4,741,32624,109,25.0,33.0,56.0
1783935624.0,741,32624,96,10.0,33.0,0.0
1783935624.6,741,32624,95,14.0,33.0,175.0
1783935625.2,741,32624,99,11.0,33.0,0.0
1783935625.8,741,32624,99,22.0,34.0,0.0
1783935626.4,741,32624,95,26.0,33.0,500.0
1783935627.0,741,32624,101,22.0,34.0,0.0
1783935627.6,741,32624,104,22.0,33.0,0.0
1783935628.2,741,32624,102,28.0,34.0,8.0
1783935628.8,739,32624,106,22.0,34.0,0.0
1783935629.4,739,32624,90,26.0,34.0,1481.0
1783935630.0,739,32624,117,16.0,34.0,48.0
1783935630.6,739,32624,110,28.0,34.0,1.0
1783935631.2,739,32624,99,11.0,33.0,0.0
1783935631.8,739,32624,89,12.0,33.0,0.0
1783935632.4,739,32624,89,11.0,33.0,0.0
1783935633.0,739,32624,89,10.0,33.0,0.0
1783935633.6,739,32624,89,12.0,33.0,0.0
1783935634.2,739,32624,89,11.0,33.0,0.0
1783935634.8,739,32624,89,11.0,33.0,0.0
1783935635.4,739,32624,102,22.0,33.0,0.0
1783935636.0,739,32624,87,12.0,33.0,0.0
1783935636.6,739,32624,87,12.0,33.0,0.0
1783935637.2,739,32624,87,13.0,33.0,238.0
1783935637.8,739,32624,87,11.0,33.0,0.0
1783935638.3,739,32624,87,10.0,33.0,0.0
1783935638.9,739,32624,87,10.0,33.0,0.0
1783935639.5,739,32624,87,10.0,33.0,0.0
1783935640.1,739,32624,87,11.0,33.0,0.0
1783935640.7,739,32624,87,16.0,33.0,16.0
1783935641.3,739,32624,84,15.0,33.0,76.0
1783935641.9,739,32624,84,11.0,33.0,0.0
1783935642.5,739,32624,84,22.0,33.0,326.0
1783935643.1,739,32624,84,11.0,33.0,0.0
1783935643.7,739,32624,84,12.0,33.0,0.0
1783935644.3,739,32624,84,11.0,33.0,0.0
1783935644.9,739,32624,84,11.0,33.0,0.0
1783935645.5,739,32624,99,14.0,33.0,0.0
1783935646.1,739,32624,86,11.0,33.0,0.0
1783935646.7,739,32624,86,10.0,33.0,0.0
1783935647.3,739,32624,86,11.0,33.0,0.0
1783935647.9,739,32624,86,11.0,33.0,0.0
1783935648.5,739,32624,101,26.0,33.0,1316.0
1783935649.1,739,32624,101,12.0,33.0,0.0
1783935649.7,739,32624,98,11.0,33.0,0.0
1783935650.3,739,32624,114,26.0,33.0,133.0
1783935650.9,739,32624,102,11.0,33.0,0.0
1783935651.5,739,32624,104,22.0,33.0,0.0
1783935652.1,739,32624,88,22.0,33.0,0.0
1783935652.7,739,32624,88,12.0,33.0,0.0
1783935653.3,739,32624,88,11.0,33.0,0.0
1783935653.8,739,32624,93,25.0,33.0,20.0
1783935654.4,739,32624,91,27.0,34.0,1484.0
1783935655.0,739,32624,96,26.0,34.0,42.0
1783935655.6,739,32624,96,27.0,34.0,1401.0
1783935656.2,739,32624,96,11.0,34.0,0.0
1783935656.8,739,32624,88,22.0,33.0,0.0
1783935657.4,739,32624,91,27.0,33.0,18.0
1783935658.0,739,32624,87,22.0,34.0,0.0
1783935658.6,739,32624,84,22.0,33.0,0.0
1783935659.2,739,32624,102,26.0,34.0,21.0
1783935659.8,739,32624,89,11.0,33.0,0.0
1783935660.4,739,32624,89,11.0,33.0,0.0
1783935661.0,739,32624,89,12.0,33.0,0.0
1783935661.6,739,32624,89,11.0,33.0,0.0
1783935662.2,739,32624,89,11.0,33.0,0.0
1783935662.8,739,32624,91,26.0,34.0,1370.0
1783935663.4,739,32624,94,11.0,33.0,0.0
1783935664.0,739,32624,89,11.0,33.0,0.0
1783935664.6,739,32624,104,22.0,34.0,0.0
1783935665.2,739,32624,104,12.0,34.0,0.0
1783935665.8,739,32624,91,22.0,34.0,0.0
1783935666.4,739,32624,102,15.0,33.0,6.0
1783935667.0,739,32624,89,11.0,33.0,0.0
1783935667.6,739,32624,105,22.0,34.0,0.0
1783935668.2,739,32624,102,13.0,33.0,0.0
1783935668.8,739,32624,89,11.0,33.0,0.0
1783935669.4,739,32624,89,11.0,33.0,0.0
1783935670.0,739,32624,89,11.0,33.0,0.0
1783935670.6,739,32624,89,10.0,33.0,0.0
1783935671.1,739,32624,105,11.0,34.0,0.0
1783935671.7,739,32624,89,11.0,33.0,0.0
1783935672.3,739,32624,91,22.0,34.0,0.0
1783935672.9,739,32624,89,11.0,33.0,0.0
1783935673.5,744,32624,91,14.0,33.0,17.0
1783935674.1,744,32624,91,11.0,33.0,0.0
1783935674.7,744,32624,91,11.0,33.0,0.0
1783935675.3,744,32624,91,11.0,33.0,0.0
1783935675.9,742,32624,89,15.0,33.0,1056.0
1783935676.5,742,32624,89,11.0,34.0,0.0
1783935677.1,742,32624,89,11.0,33.0,0.0
1783935677.7,742,32624,82,15.0,33.0,32.0
1783935678.3,742,32624,98,12.0,33.0,0.0
1783935678.9,742,32624,100,22.0,33.0,0.0
1783935679.5,742,32624,98,22.0,33.0,0.0
1783935680.1,742,32624,100,11.0,33.0,0.0
1783935680.7,742,32624,84,10.0,33.0,0.0
1783935681.3,742,32624,84,12.0,33.0,0.0
1783935681.9,742,32624,87,22.0,33.0,0.0
1783935682.5,742,32624,98,22.0,34.0,0.0
1783935683.1,742,32624,100,11.0,34.0,0.0
1783935683.7,742,32624,98,22.0,34.0,0.0
1783935684.3,742,32624,100,22.0,34.0,0.0
1783935684.9,742,32624,98,22.0,33.0,0.0
1783935685.5,744,32624,93,11.0,34.0,0.0
1783935686.1,744,32624,86,10.0,34.0,0.0
1783935686.7,744,32624,105,22.0,34.0,0.0
1783935687.3,742,32624,91,22.0,34.0,0.0
1783935687.9,744,32624,109,23.0,34.0,0.0
1783935688.5,744,32624,100,24.0,34.0,0.0
1783935689.1,744,32624,98,26.0,34.0,1332.0
1783935689.7,742,32624,107,22.0,34.0,0.0
1783935690.3,742,32624,89,11.0,34.0,0.0
1783935690.9,742,32624,89,22.0,34.0,0.0
1783935691.5,742,32624,95,17.0,34.0,394.0
1783935692.1,742,32624,118,28.0,34.0,1394.0
1783935692.7,742,32624,95,22.0,34.0,0.0
1783935693.3,742,32624,87,12.0,33.0,0.0
1783935693.9,742,32624,87,10.0,33.0,0.0
1783935694.5,742,32624,87,12.0,33.0,0.0
1783935695.1,742,32624,87,11.0,33.0,0.0
1783935695.7,742,32624,87,11.0,33.0,0.0
1783935696.3,742,32624,87,12.0,33.0,0.0
1783935696.9,744,32624,89,11.0,33.0,0.0
1783935697.5,744,32624,102,28.0,34.0,553.0
1783935698.1,744,32624,89,11.0,33.0,0.0
1783935698.7,744,32624,89,13.0,33.0,0.0
1783935699.3,744,32624,89,14.0,33.0,0.0
1783935699.9,744,32624,89,10.0,33.0,0.0
1783935700.5,744,32624,89,11.0,34.0,0.0
1783935701.1,744,32624,84,10.0,33.0,0.0
1783935701.7,744,32624,82,10.0,33.0,0.0
1783935702.3,744,32624,84,16.0,33.0,101.0
1783935702.9,744,32624,84,16.0,34.0,37.0
1783935703.5,744,32624,84,13.0,33.0,0.0
1783935704.1,744,32624,84,11.0,34.0,0.0
1783935704.7,744,32624,84,13.0,33.0,307.0
1783935705.3,744,32624,82,10.0,33.0,0.0
1783935705.9,744,32624,82,11.0,33.0,0.0
1783935706.5,744,32624,82,20.0,33.0,11.0
1783935707.1,744,32624,84,14.0,33.0,6.0
1783935707.7,744,32624,98,11.0,34.0,0.0
1783935708.3,744,32624,84,13.0,33.0,0.0
1783935708.9,744,32624,84,10.0,33.0,0.0
1783935709.5,744,32624,84,10.0,34.0,0.0
1783935710.1,744,32624,84,15.0,33.0,6.0
1783935710.7,744,32624,84,11.0,33.0,0.0
1783935711.3,744,32624,84,11.0,33.0,0.0
1783935711.9,744,32624,84,11.0,33.0,0.0
1783935712.5,744,32624,98,15.0,33.0,20.0
1783935713.1,744,32624,82,11.0,33.0,0.0
1783935713.7,744,32624,82,13.0,33.0,0.0
1783935714.3,744,32624,82,12.0,33.0,0.0
1783935714.8,744,32624,82,11.0,33.0,0.0
1783935715.4,744,32624,82,17.0,33.0,1011.0
1783935716.0,744,32624,82,14.0,33.0,17.0
1783935716.6,744,32624,82,10.0,33.0,0.0
1783935717.2,744,32624,82,13.0,33.0,288.0
1783935717.8,744,32624,82,11.0,33.0,0.0
1783935718.4,744,32624,82,11.0,33.0,0.0
1783935719.0,744,32624,82,12.0,33.0,0.0
1783935719.6,744,32624,82,11.0,33.0,0.0
1783935720.2,744,32624,82,10.0,33.0,0.0
1783935720.8,744,32624,82,16.0,33.0,1014.0
1783935721.4,744,32624,82,16.0,33.0,199.0
1783935722.0,744,32624,82,13.0,33.0,21.0
1783935722.6,744,32624,96,27.0,33.0,68.0
1783935723.2,744,32624,82,10.0,33.0,0.0
1783935723.8,744,32624,82,13.0,33.0,6.0
1783935724.4,744,32624,82,13.0,33.0,0.0
1783935725.0,744,32624,82,11.0,33.0,0.0
1783935725.6,744,32624,82,16.0,33.0,1092.0
1783935726.2,744,32624,82,14.0,33.0,19.0
1783935726.8,744,32624,82,12.0,33.0,0.0
1783935727.4,744,32624,96,24.0,33.0,446.0
1783935728.0,744,32624,82,16.0,33.0,314.0
1783935728.6,744,32624,82,11.0,33.0,0.0
1783935729.2,744,32624,82,10.0,33.0,0.0
1783935729.8,744,32624,82,10.0,33.0,0.0
1783935730.4,744,32624,82,11.0,33.0,0.0
1783935731.0,744,32624,82,15.0,33.0,20.0
1783935731.6,744,32624,82,11.0,33.0,0.0
1783935732.2,744,32624,82,12.0,33.0,0.0
1783935732.8,744,32624,82,22.0,33.0,229.0
1783935733.4,744,32624,82,11.0,33.0,0.0
1783935734.0,744,32624,82,12.0,33.0,0.0
1783935734.6,768,32624,106,21.0,33.0,77.0
1783935735.2,768,32624,106,22.0,34.0,0.0
1783935735.8,768,32624,84,11.0,33.0,0.0
1783935736.4,768,32624,84,15.0,33.0,42.0
1783935737.0,768,32624,84,10.0,33.0,0.0
1783935737.6,768,32624,98,11.0,33.0,0.0
1783935738.2,768,32624,84,15.0,33.0,54.0
1783935738.8,768,32624,84,12.0,33.0,0.0
1783935739.4,768,32624,84,11.0,33.0,0.0
1783935740.0,768,32624,84,16.0,33.0,139.0
1783935740.6,768,32624,80,12.0,33.0,0.0
1783935741.2,768,32624,80,10.0,33.0,0.0
1783935741.7,768,32624,80,16.0,33.0,23.0
1783935742.3,768,32624,97,23.0,33.0,0.0
1783935742.9,768,32624,84,11.0,33.0,0.0
1783935743.5,768,32624,84,12.0,33.0,0.0
1783935744.1,768,32624,84,14.0,33.0,958.0
1783935744.7,768,32624,84,11.0,33.0,0.0
1783935745.3,768,32624,84,11.0,33.0,0.0
1783935745.9,768,32624,80,15.0,33.0,23.0
1783935746.5,768,32624,80,16.0,33.0,10.0
1783935747.1,768,32624,80,11.0,33.0,0.0
1783935747.7,768,32624,80,11.0,33.0,0.0
1783935748.3,768,32624,80,12.0,33.0,0.0
1783935748.9,768,32624,80,11.0,33.0,0.0
1783935749.5,768,32624,80,11.0,33.0,0.0
1783935750.1,768,32624,80,11.0,33.0,0.0
1783935750.7,768,32624,80,11.0,33.0,0.0
1783935751.3,768,32624,80,11.0,33.0,0.0
1783935751.9,768,32624,80,11.0,33.0,0.0
1783935752.5,768,32624,94,23.0,33.0,0.0
1783935753.1,768,32624,80,12.0,33.0,0.0
1783935753.7,768,32624,80,11.0,33.0,0.0
1783935754.3,768,32624,80,11.0,33.0,0.0
1783935754.9,768,32624,80,11.0,33.0,0.0
1783935755.5,768,32624,80,11.0,33.0,0.0
1783935756.1,768,32624,80,11.0,33.0,0.0
1783935756.7,764,32624,80,14.0,33.0,26.0
1783935757.3,764,32624,80,14.0,33.0,23.0
1783935757.8,764,32624,94,11.0,33.0,0.0
1783935758.4,764,32624,80,10.0,33.0,0.0
1783935759.0,764,32624,80,12.0,33.0,0.0
1783935759.6,764,32624,80,18.0,33.0,427.0
1783935760.2,764,32624,80,11.0,33.0,0.0
1783935760.8,764,32624,80,12.0,33.0,248.0
1783935761.4,764,32624,80,11.0,33.0,0.0
1783935762.0,764,32624,80,14.0,33.0,6.0
1783935762.6,764,32624,80,10.0,33.0,0.0
1783935763.2,764,32624,80,16.0,33.0,33.0
1783935763.8,764,32624,80,12.0,33.0,0.0
1783935764.4,764,32624,80,15.0,33.0,55.0
1783935765.0,764,32624,80,12.0,33.0,0.0
1783935765.6,764,32624,80,11.0,33.0,0.0
1783935766.2,764,32624,80,12.0,33.0,0.0
1783935766.8,764,32624,80,13.0,33.0,0.0
1783935767.3,764,32624,94,23.0,33.0,0.0
1783935767.9,764,32624,80,14.0,33.0,500.0
1783935768.5,764,32624,80,14.0,33.0,25.0
1783935769.1,764,32624,80,18.0,33.0,194.0
1783935769.7,764,32624,80,10.0,33.0,0.0
1783935770.3,764,32624,80,12.0,33.0,0.0
1783935770.9,764,32624,80,10.0,32.0,0.0
1783935771.5,764,32624,80,14.0,33.0,7.0
1783935772.1,764,32624,82,10.0,33.0,0.0
1783935772.7,764,32624,96,11.0,33.0,0.0
1783935773.3,764,32624,82,16.0,33.0,1528.0
1783935773.9,764,32624,82,12.0,33.0,0.0
1783935774.5,764,32624,82,17.0,33.0,632.0
1783935775.1,764,32624,82,11.0,33.0,0.0
1783935775.7,764,32624,82,11.0,33.0,0.0
1783935776.3,764,32624,82,18.0,33.0,555.0
1783935776.9,764,32624,82,10.0,33.0,0.0
1783935777.5,764,32624,82,16.0,33.0,0.0
1783935778.1,764,32624,82,14.0,33.0,500.0
1783935778.6,764,32624,82,10.0,33.0,0.0
1783935779.2,764,32624,82,10.0,33.0,0.0
1783935779.8,764,32624,82,13.0,33.0,18.0
1783935780.4,764,32624,82,11.0,33.0,0.0
1783935781.0,764,32624,82,10.0,33.0,0.0
1783935781.6,764,32624,82,12.0,33.0,0.0
1783935782.2,764,32624,100,27.0,33.0,63.0
1783935782.8,764,32624,85,11.0,33.0,0.0
1783935783.4,764,32624,82,11.0,33.0,0.0
1783935784.0,764,32624,82,17.0,33.0,0.0
1783935784.6,764,32624,82,12.0,33.0,0.0
1783935785.2,764,32624,82,11.0,33.0,0.0
1783935785.8,764,32624,82,17.0,33.0,50.0
1783935786.4,764,32624,82,10.0,33.0,0.0
1783935787.0,764,32624,82,11.0,33.0,0.0
1783935787.6,764,32624,96,22.0,33.0,0.0
1783935788.2,764,32624,82,12.0,33.0,0.0
1783935788.8,764,32624,82,10.0,33.0,0.0
1783935789.4,764,32624,82,10.0,33.0,0.0
1783935790.0,764,32624,82,14.0,33.0,528.0
1783935790.6,764,32624,82,11.0,33.0,0.0
1783935791.1,764,32624,82,11.0,33.0,0.0
1783935791.7,764,32624,82,11.0,33.0,0.0
1783935792.3,764,32624,82,11.0,33.0,0.0
1783935792.9,764,32624,82,14.0,33.0,454.0
1783935793.5,764,32624,82,12.0,33.0,0.0
1783935794.1,764,32624,82,11.0,33.0,0.0
1783935794.7,764,32624,82,11.0,33.0,0.0
1783935795.3,764,32624,82,12.0,33.0,0.0
1783935795.9,764,32624,82,14.0,33.0,78.0
1783935796.5,764,32624,82,18.0,33.0,159.0
1783935797.1,764,32624,82,11.0,33.0,0.0
1783935797.7,764,32624,98,22.0,33.0,0.0
1783935798.3,764,32624,82,12.0,33.0,0.0
1783935798.8,764,32624,82,17.0,33.0,833.0
1783935799.4,764,32624,82,11.0,33.0,0.0
1783935800.0,764,32624,82,12.0,33.0,0.0
1783935800.6,764,32624,80,20.0,33.0,289.0
1783935801.2,764,32624,80,11.0,33.0,0.0
1783935801.8,764,32624,80,12.0,33.0,0.0
1783935802.4,764,32624,94,22.0,33.0,0.0
1783935803.0,764,32624,80,10.0,33.0,0.0
1783935803.6,764,32624,80,10.0,33.0,0.0
1783935804.2,764,32624,80,13.0,33.0,0.0
1783935804.8,764,32624,80,11.0,33.0,0.0
1783935805.4,764,32624,80,11.0,33.0,0.0
1783935806.0,764,32624,80,11.0,33.0,0.0
1783935806.6,764,32624,80,11.0,33.0,0.0
1783935807.2,764,32624,80,10.0,33.0,0.0
1783935807.8,764,32624,80,12.0,33.0,0.0
1783935808.4,764,32624,80,11.0,33.0,0.0
1783935809.0,764,32624,80,19.0,33.0,98.0
1783935809.6,764,32624,80,10.0,33.0,0.0
1783935810.2,764,32624,80,12.0,33.0,0.0
1783935810.8,764,32624,80,18.0,32.0,232.0
1783935811.4,764,32624,80,11.0,33.0,0.0
1783935812.0,764,32624,80,11.0,33.0,0.0
1783935812.6,764,32624,112,25.0,33.0,165.0
1783935813.2,764,32624,82,11.0,33.0,0.0
1783935813.8,764,32624,82,10.0,33.0,0.0
1783935814.4,764,32624,82,13.0,33.0,304.0
1783935814.9,764,32624,82,11.0,33.0,0.0
1783935815.5,764,32624,82,11.0,33.0,0.0
1783935816.1,764,32624,82,13.0,33.0,308.0
1783935816.7,764,32624,82,11.0,33.0,0.0
1783935817.3,764,32624,96,23.0,33.0,0.0
1783935817.9,764,32624,82,11.0,33.0,0.0
1783935818.5,764,32624,82,11.0,33.0,0.0
1783935819.1,764,32624,82,11.0,33.0,0.0
1783935819.7,764,32624,82,11.0,33.0,0.0
1783935820.3,764,32624,82,10.0,33.0,0.0
1783935820.9,764,32624,82,12.0,33.0,0.0
1783935821.5,764,32624,82,14.0,33.0,139.0
1783935822.1,764,32624,82,11.0,33.0,0.0
1783935822.7,764,32624,82,11.0,33.0,0.0
1783935823.3,764,32624,82,14.0,32.0,19.0
1783935823.9,764,32624,82,11.0,33.0,0.0
1783935824.5,764,32624,82,12.0,33.0,0.0
1783935825.1,764,32624,82,15.0,33.0,29.0
1783935825.7,764,32624,82,10.0,33.0,0.0
1783935826.3,764,32624,82,11.0,33.0,0.0
1783935826.8,764,32624,82,14.0,33.0,34.0
1783935827.4,764,32624,96,22.0,33.0,0.0
1783935828.0,764,32624,82,11.0,33.0,0.0
1783935828.6,764,32624,82,10.0,32.0,0.0
1783935829.2,764,32624,82,10.0,33.0,0.0
1783935829.8,764,32624,82,11.0,33.0,0.0
1783935830.4,764,32624,82,10.0,33.0,0.0
1783935831.0,764,32624,82,11.0,33.0,0.0
1783935831.6,764,32624,82,12.0,32.0,0.0
1783935832.2,764,32624,82,11.0,33.0,0.0
1783935832.8,764,32624,96,11.0,33.0,0.0
1783935833.4,764,32624,82,22.0,33.0,0.0
1783935834.0,764,32624,82,11.0,33.0,0.0
1783935834.6,764,32624,82,10.0,33.0,0.0
1783935835.2,764,32624,82,10.0,33.0,0.0
1783935835.8,764,32624,82,12.0,33.0,0.0
1783935836.4,764,32624,82,12.0,33.0,1.0
1783935837.0,764,32624,82,11.0,33.0,0.0
1783935837.5,764,32624,82,11.0,33.0,0.0
1783935838.1,764,32624,82,11.0,33.0,0.0
1783935838.7,764,32624,82,12.0,33.0,0.0
1783935839.3,764,32624,82,11.0,33.0,0.0
1783935839.9,764,32624,82,15.0,33.0,18.0
1783935840.5,764,32624,80,11.0,33.0,0.0
1783935841.1,764,32624,80,12.0,33.0,0.0
1783935841.7,764,32624,80,11.0,33.0,0.0
1783935842.3,764,32624,94,22.0,33.0,0.0
1783935842.9,764,32624,94,11.0,33.0,0.0
1783935843.5,764,32624,80,11.0,33.0,0.0
1783935844.1,764,32624,80,11.0,33.0,0.0
1783935844.7,764,32624,80,11.0,32.0,0.0
1783935845.3,764,32624,80,11.0,33.0,0.0
1783935845.9,764,32624,80,11.0,32.0,0.0
1783935846.5,764,32624,80,12.0,32.0,0.0
1783935847.0,764,32624,80,11.0,33.0,0.0
1783935847.6,764,32624,93,10.0,33.0,0.0
1783935848.2,764,32624,93,10.0,32.0,0.0
1783935848.8,764,32624,79,11.0,33.0,0.0
1783935849.4,764,32624,79,22.0,33.0,0.0
1783935850.0,764,32624,79,11.0,33.0,0.0
1783935850.6,764,32624,79,11.0,33.0,0.0
1783935851.2,764,32624,79,11.0,33.0,0.0
1783935851.8,764,32624,80,11.0,33.0,0.0
1783935852.4,764,32624,80,15.0,33.0,18.0
1783935853.0,764,32624,80,11.0,33.0,0.0
1783935853.6,755,32624,88,17.0,33.0,0.0
1783935854.1,755,32624,88,11.0,33.0,0.0
1783935854.7,755,32624,88,11.0,33.0,0.0
1783935855.3,755,32624,88,11.0,32.0,0.0
1783935855.9,745,32624,84,11.0,33.0,0.0
1783935856.5,745,32624,84,11.0,33.0,0.0
1783935857.1,745,32624,84,10.0,33.0,0.0
1783935857.7,745,32624,97,10.0,33.0,0.0
1783935858.3,745,32624,97,11.0,33.0,0.0
1783935858.9,745,32624,83,11.0,33.0,0.0
1783935859.5,745,32624,84,11.0,33.0,0.0
1783935860.1,745,32624,84,12.0,32.0,0.0
1783935860.7,745,32624,84,10.0,33.0,0.0
1783935861.3,745,32624,84,11.0,33.0,0.0
1783935861.8,745,32624,84,12.0,32.0,0.0
1783935862.4,745,32624,97,22.0,33.0,0.0
1783935863.0,745,32624,97,12.0,33.0,0.0
1783935863.6,745,32624,83,11.0,33.0,0.0
1783935864.2,745,32624,84,18.0,33.0,3.0
1783935864.8,745,32624,84,11.0,33.0,0.0
1783935865.4,745,32624,84,11.0,33.0,0.0
1783935866.0,745,32624,84,11.0,33.0,0.0
1783935866.6,745,32624,84,11.0,33.0,0.0
1783935867.2,745,32624,84,11.0,33.0,0.0
1783935867.8,745,32624,84,11.0,33.0,0.0
1783935868.4,745,32624,84,15.0,33.0,81.0
1783935869.0,745,32624,84,11.0,32.0,0.0
1783935869.6,745,32624,84,11.0,33.0,0.0
1783935870.1,745,32624,84,11.0,32.0,0.0
1783935870.7,745,32624,84,11.0,33.0,0.0
1783935871.3,745,32624,84,12.0,33.0,0.0
1783935871.9,745,32624,84,11.0,32.0,0.0
1783935872.5,745,32624,104,22.0,33.0,0.0
1783935873.1,745,32624,86,10.0,33.0,0.0
1783935873.7,745,32624,86,10.0,33.0,0.0
1783935874.3,745,32624,86,11.0,32.0,0.0
1783935874.9,745,32624,86,11.0,33.0,0.0
1783935875.5,745,32624,86,11.0,33.0,0.0
1783935876.1,745,32624,86,11.0,32.0,0.0
1783935876.7,745,32624,86,11.0,33.0,0.0
1783935877.3,745,32624,86,11.0,33.0,0.0
1783935877.9,745,32624,99,11.0,33.0,0.0
1783935878.5,745,32624,86,22.0,33.0,0.0
1783935879.0,745,32624,86,11.0,33.0,0.0
1783935879.6,745,32624,86,11.0,33.0,0.0
1783935880.2,745,32624,86,11.0,32.0,0.0
1783935880.8,745,32624,86,12.0,32.0,0.0
1783935881.4,745,32624,86,11.0,32.0,0.0
1783935882.0,745,32624,86,10.0,33.0,0.0
1783935882.6,745,32624,86,11.0,33.0,0.0
1783935883.2,745,32624,86,10.0,33.0,0.0
1783935883.8,745,32624,86,11.0,33.0,0.0
1783935884.4,745,32624,86,16.0,33.0,21.0
1783935885.0,745,32624,86,10.0,32.0,0.0
1783935885.6,745,32624,86,11.0,32.0,0.0
1783935886.2,745,32624,86,11.0,32.0,0.0
1783935886.8,745,32624,86,11.0,33.0,0.0
1783935887.4,745,32624,93,22.0,33.0,0.0
1783935887.9,745,32624,99,10.0,33.0,0.0
1783935888.5,745,32624,85,11.0,33.0,0.0
1783935889.1,745,32624,91,11.0,33.0,0.0
1783935889.7,745,32624,85,11.0,33.0,0.0
1783935890.3,745,32624,85,11.0,33.0,0.0
1783935890.9,745,32624,85,11.0,32.0,0.0
1783935891.5,745,32624,85,11.0,33.0,0.0
1783935892.1,745,32624,85,11.0,33.0,0.0
1783935892.7,745,32624,99,10.0,33.0,0.0
1783935893.3,745,32624,99,11.0,33.0,0.0
1783935893.9,745,32624,85,11.0,33.0,0.0
1783935894.5,745,32624,85,11.0,33.0,0.0
1783935895.1,745,32624,85,11.0,32.0,0.0
1783935895.6,745,32624,85,12.0,33.0,0.0
1783935896.2,745,32624,85,10.0,32.0,0.0
1783935896.8,745,32624,85,10.0,32.0,0.0
1783935897.4,745,32624,85,10.0,32.0,0.0
1783935898.0,745,32624,85,10.0,32.0,0.0
1783935898.6,745,32624,85,11.0,33.0,0.0
1783935899.2,745,32624,91,11.0,33.0,0.0
1783935899.8,745,32624,91,10.0,32.0,0.0
1783935900.4,745,32624,85,12.0,32.0,396.0
1783935901.0,745,32624,85,11.0,32.0,0.0
1783935901.6,745,32624,85,12.0,32.0,0.0
1783935902.2,745,32624,81,11.0,33.0,0.0
1783935902.8,745,32624,101,11.0,33.0,0.0
1783935903.4,745,32624,86,14.0,33.0,57.0
1783935904.0,745,32624,86,12.0,32.0,0.0
1783935904.6,745,32624,86,11.0,33.0,0.0
1783935905.2,745,32624,86,11.0,33.0,0.0
1783935905.8,745,32624,86,12.0,33.0,0.0
1783935906.4,745,32624,86,12.0,33.0,0.0
1783935907.0,745,32624,86,11.0,33.0,0.0
1783935907.6,745,32624,99,22.0,33.0,0.0
1783935908.1,745,32624,99,10.0,33.0,0.0
1783935908.7,745,32624,86,22.0,33.0,0.0
1783935909.3,745,32624,92,10.0,33.0,0.0
1783935909.9,745,32624,86,12.0,33.0,0.0
1783935910.5,745,32624,86,11.0,33.0,0.0
1783935911.1,745,32624,86,11.0,32.0,0.0
1783935911.7,745,32624,86,11.0,32.0,0.0
1783935912.3,745,32624,86,13.0,33.0,442.0
1783935912.9,745,32624,86,11.0,33.0,0.0
1783935913.5,747,32624,88,22.0,33.0,0.0
1783935914.1,747,32624,88,11.0,33.0,0.0
1783935914.7,747,32624,88,11.0,32.0,0.0
1783935915.3,747,32624,88,11.0,33.0,0.0
1783935915.8,747,32624,88,11.0,32.0,0.0
1783935916.4,747,32624,88,11.0,32.0,0.0
1783935917.0,747,32624,88,12.0,33.0,0.0
1783935917.6,747,32624,105,22.0,33.0,0.0
1783935918.2,747,32624,105,10.0,32.0,0.0
1783935918.8,747,32624,88,11.0,33.0,0.0
1783935919.4,747,32624,88,25.0,33.0,0.0
1783935920.0,747,32624,88,11.0,32.0,0.0
1783935920.6,747,32624,88,11.0,33.0,0.0
1783935921.2,747,32624,88,11.0,33.0,0.0
1783935921.8,747,32624,88,22.0,33.0,230.0
1783935922.4,747,32624,102,11.0,33.0,0.0
1783935923.0,747,32624,88,15.0,32.0,36.0
1783935923.6,747,32624,88,11.0,33.0,0.0
1783935924.2,747,32624,88,10.0,33.0,0.0
1783935924.8,747,32624,88,11.0,33.0,0.0
1783935925.4,747,32624,88,16.0,33.0,30.0
1783935926.0,747,32624,88,11.0,33.0,0.0
1783935926.6,747,32624,88,12.0,33.0,0.0
1783935927.2,747,32624,88,11.0,33.0,0.0
1783935927.8,747,32624,88,11.0,33.0,0.0
1783935928.3,747,32624,88,12.0,33.0,0.0
1783935928.9,747,32624,88,11.0,32.0,0.0
1783935929.5,747,32624,88,11.0,33.0,0.0
1783935930.1,747,32624,88,11.0,32.0,0.0
1783935930.7,747,32624,88,12.0,33.0,0.0
1783935931.3,747,32624,88,12.0,32.0,0.0
1783935931.9,747,32624,88,12.0,33.0,0.0
1783935932.5,747,32624,102,10.0,33.0,0.0
1783935933.1,747,32624,105,11.0,33.0,0.0
1783935933.7,747,32624,94,11.0,33.0,0.0
1783935934.3,747,32624,94,11.0,33.0,0.0
1783935934.9,747,32624,88,11.0,33.0,0.0
1783935935.5,747,32624,88,11.0,33.0,0.0
1783935936.1,747,32624,88,11.0,33.0,0.0
1783935936.7,747,32624,88,10.0,33.0,0.0
1783935937.3,747,32624,88,10.0,33.0,0.0
1783935937.9,747,32624,101,11.0,33.0,0.0
1783935938.5,747,32624,88,12.0,32.0,0.0
1783935939.1,747,32624,88,11.0,33.0,0.0
1783935939.7,747,32624,88,11.0,33.0,0.0
1783935940.3,747,32624,88,11.0,33.0,0.0
1783935940.9,747,32624,88,10.0,33.0,0.0
1783935941.5,747,32624,88,10.0,32.0,0.0
1783935942.0,747,32624,88,10.0,32.0,0.0
1783935942.6,747,32624,88,12.0,33.0,0.0
1783935943.2,747,32624,88,11.0,32.0,0.0
1783935943.8,747,32624,88,11.0,33.0,0.0
1783935944.4,747,32624,88,11.0,32.0,0.0
1783935945.0,747,32624,88,10.0,33.0,0.0
1783935945.6,747,32624,88,10.0,32.0,0.0
1783935946.2,747,32624,88,11.0,32.0,0.0
1783935946.8,747,32624,88,15.0,32.0,40.0
1783935947.4,747,32624,102,22.0,33.0,0.0
1783935948.0,747,32624,111,11.0,32.0,0.0
1783935948.6,747,32624,88,11.0,33.0,0.0
1783935949.2,747,32624,88,11.0,33.0,0.0
1783935949.8,747,32624,88,11.0,33.0,0.0
1783935950.4,747,32624,88,11.0,32.0,0.0
1783935951.0,747,32624,88,10.0,33.0,0.0
1783935951.5,747,32624,88,11.0,32.0,0.0
1783935952.2,747,32624,88,11.0,32.0,0.0
1783935952.7,747,32624,102,11.0,33.0,0.0
1783935953.3,747,32624,102,11.0,32.0,0.0
1783935953.9,747,32624,88,10.0,33.0,0.0
1783935954.5,747,32624,88,11.0,32.0,0.0
1783935955.1,747,32624,88,10.0,33.0,0.0
1783935955.7,747,32624,88,10.0,32.0,0.0
1783935956.3,747,32624,88,11.0,33.0,0.0
1783935956.9,747,32624,88,11.0,33.0,0.0
1783935957.5,747,32624,88,22.0,33.0,0.0
1783935958.1,747,32624,88,12.0,32.0,0.0
1783935958.7,747,32624,88,11.0,32.0,0.0
1783935959.3,747,32624,88,13.0,32.0,51.0
1783935959.9,747,32624,88,10.0,32.0,0.0
1783935960.5,747,32624,88,14.0,33.0,20.0
1783935961.1,747,32624,88,11.0,32.0,0.0
1783935961.7,747,32624,88,11.0,32.0,0.0
1783935962.3,747,32624,83,11.0,33.0,0.0
1783935962.9,747,32624,110,22.0,33.0,0.0
1783935963.5,747,32624,94,10.0,33.0,0.0
1783935964.1,747,32624,88,11.0,32.0,0.0
1783935964.7,747,32624,94,11.0,32.0,0.0
1783935965.3,747,32624,94,12.0,33.0,0.0
1783935965.9,747,32624,94,11.0,33.0,0.0
1783935966.5,747,32624,94,11.0,32.0,0.0
1783935967.1,747,32624,88,14.0,32.0,28.0
1783935967.6,747,32624,102,10.0,33.0,0.0
1783935968.2,747,32624,102,11.0,33.0,0.0
1783935968.8,747,32624,102,11.0,32.0,0.0
1783935969.4,747,32624,88,12.0,33.0,0.0
1783935970.0,747,32624,88,10.0,32.0,0.0
1783935970.6,747,32624,88,12.0,33.0,0.0
1783935971.2,747,32624,88,10.0,33.0,0.0
1783935971.8,747,32624,88,11.0,33.0,0.0
1783935972.4,747,32624,88,12.0,32.0,0.0
1783935973.0,747,32624,85,11.0,33.0,0.0
1783935973.6,747,32624,85,11.0,33.0,0.0
1783935974.2,747,32624,85,11.0,32.0,0.0
1783935974.8,747,32624,91,11.0,32.0,0.0
1783935975.4,747,32624,86,10.0,32.0,0.0
1783935976.0,747,32624,86,11.0,32.0,0.0
1783935976.6,747,32624,88,11.0,32.0,0.0
1783935977.2,747,32624,88,11.0,33.0,0.0
1783935977.8,747,32624,130,22.0,33.0,0.0
1783935978.4,747,32624,96,12.0,32.0,0.0
1783935979.0,747,32624,96,11.0,33.0,0.0
1783935979.6,747,32624,81,10.0,33.0,0.0
1783935980.2,747,32624,81,12.0,33.0,0.0
1783935980.8,747,32624,81,12.0,33.0,0.0
1783935981.4,747,32624,81,11.0,33.0,0.0
1783935981.9,747,32624,81,11.0,32.0,0.0
1783935982.5,747,32624,95,10.0,32.0,0.0
1783935983.1,747,32624,81,11.0,33.0,0.0
1783935983.7,747,32624,81,12.0,33.0,0.0
1783935984.3,747,32624,81,10.0,33.0,0.0
1783935984.9,747,32624,81,12.0,33.0,0.0
1783935985.5,747,32624,81,11.0,32.0,0.0
1783935986.1,747,32624,81,11.0,32.0,0.0
1783935986.7,747,32624,86,10.0,32.0,0.0
1783935987.3,747,32624,86,11.0,32.0,0.0
1783935987.9,747,32624,86,10.0,32.0,0.0
1783935988.5,747,32624,86,12.0,32.0,0.0
1783935989.1,747,32624,86,11.0,32.0,0.0
1783935989.7,747,32624,86,11.0,32.0,0.0
1783935990.3,747,32624,86,11.0,32.0,0.0
1783935990.9,747,32624,86,9.0,32.0,0.0
1783935991.5,747,32624,86,9.0,32.0,0.0
1783935992.1,747,32624,86,10.0,33.0,0.0
1783935992.7,747,32624,97,11.0,32.0,0.0
1783935993.3,747,32624,97,11.0,32.0,0.0
1783935993.8,747,32624,97,10.0,33.0,0.0
1783935994.4,747,32624,97,11.0,33.0,0.0
1783935995.0,747,32624,88,11.0,33.0,0.0
1783935995.6,747,32624,88,11.0,33.0,0.0
1783935996.2,747,32624,88,10.0,33.0,0.0
1783935996.8,747,32624,88,10.0,32.0,0.0
1783935997.4,747,32624,95,22.0,32.0,0.0
1783935998.0,747,32624,95,12.0,33.0,0.0
1783935998.6,747,32624,95,10.0,32.0,0.0
1783935999.2,747,32624,95,10.0,32.0,0.0
1783935999.8,747,32624,91,11.0,32.0,0.0
1783936000.4,747,32624,91,10.0,32.0,0.0
1783936001.0,747,32624,91,10.0,33.0,0.0
1783936001.6,747,32624,91,10.0,32.0,0.0
1783936002.2,747,32624,108,22.0,33.0,0.0
1783936002.8,747,32624,108,25.0,33.0,32.0
1783936003.4,747,32624,108,22.0,33.0,0.0
1783936004.0,747,32624,108,11.0,33.0,0.0
1783936004.6,747,32624,90,11.0,33.0,0.0
1783936005.2,747,32624,90,12.0,33.0,0.0
1783936005.8,747,32624,94,22.0,33.0,0.0
1783936006.4,747,32624,88,14.0,33.0,33.0
1783936007.0,747,32624,88,10.0,33.0,0.0
1783936007.6,747,32624,88,9.0,32.0,0.0
1783936008.2,747,32624,92,11.0,33.0,0.0
1783936008.8,747,32624,120,25.0,33.0,1086.0
1783936009.3,747,32624,120,22.0,33.0,0.0
1783936010.0,747,32624,102,23.0,33.0,0.0
1783936010.6,747,32624,120,22.0,33.0,0.0
1783936011.2,747,32624,111,11.0,33.0,0.0
1783936011.8,747,32624,111,12.0,33.0,0.0
1783936012.4,747,32624,111,12.0,33.0,0.0
1783936013.0,747,32624,111,11.0,33.0,0.0
1783936013.6,747,32624,87,11.0,33.0,0.0
1783936014.2,747,32624,87,12.0,32.0,0.0
1783936014.8,747,32624,110,23.0,33.0,0.0
1783936015.4,747,32624,110,11.0,33.0,0.0
1783936016.0,747,32624,87,17.0,33.0,611.0
1783936016.6,747,32624,100,11.0,33.0,0.0
1783936017.2,747,32624,100,11.0,32.0,0.0
1783936017.7,747,32624,100,11.0,33.0,0.0
1783936018.3,747,32624,100,10.0,33.0,0.0
1783936018.9,747,32624,108,11.0,33.0,0.0
1783936019.5,747,32624,108,11.0,33.0,0.0
1783936020.1,747,32624,86,10.0,33.0,0.0
1783936020.7,747,32624,86,11.0,33.0,0.0
1783936021.3,747,32624,86,12.0,32.0,0.0
1783936021.9,747,32624,86,11.0,33.0,0.0
1783936022.5,747,32624,86,11.0,33.0,0.0
1783936023.1,747,32624,86,11.0,32.0,0.0
1783936023.7,747,32624,91,10.0,33.0,0.0
1783936024.3,747,32624,104,11.0,33.0,0.0
1783936024.9,747,32624,85,22.0,33.0,0.0
1783936025.5,747,32624,98,11.0,32.0,0.0
1783936026.1,747,32624,98,11.0,33.0,0.0
1783936026.7,747,32624,85,25.0,33.0,7.0
1783936027.3,747,32624,87,14.0,33.0,6.0
1783936027.9,747,32624,93,16.0,33.0,1504.0
1783936028.5,747,32624,87,11.0,33.0,0.0
1783936029.1,747,32624,87,9.0,33.0,0.0
1783936029.7,747,32624,87,16.0,33.0,1438.0
1783936030.3,747,32624,87,16.0,33.0,1339.0
1783936030.9,747,32624,87,11.0,33.0,0.0
1783936031.5,747,32624,82,11.0,33.0,0.0
1783936032.1,747,32624,84,11.0,33.0,0.0
1783936032.7,747,32624,98,10.0,33.0,0.0
1783936033.3,747,32624,98,15.0,33.0,64.0
1783936033.9,747,32624,98,12.0,33.0,0.0
1783936034.5,747,32624,111,22.0,33.0,0.0
1783936035.1,747,32624,104,12.0,33.0,0.0
1783936035.7,747,32624,104,22.0,33.0,0.0
1783936036.3,747,32624,104,11.0,33.0,0.0
1783936036.9,747,32624,88,10.0,33.0,0.0
1783936037.4,747,32624,88,10.0,32.0,0.0
1783936038.0,747,32624,88,11.0,33.0,0.0
1783936038.6,747,32624,89,27.0,33.0,1497.0
1783936039.3,747,32624,89,15.0,33.0,89.0
1783936039.9,747,32624,89,11.0,33.0,0.0
1783936040.5,747,32624,89,12.0,33.0,0.0
1783936041.1,747,32624,95,11.0,33.0,0.0
1783936041.7,747,32624,90,12.0,33.0,0.0
1783936042.3,747,32624,90,10.0,32.0,0.0
1783936042.9,747,32624,90,9.0,33.0,0.0
1783936043.5,747,32624,90,10.0,32.0,0.0
1783936044.1,747,32624,131,16.0,33.0,1110.0
1783936044.7,747,32624,106,26.0,33.0,6.0
1783936045.3,747,32624,99,11.0,33.0,0.0
1783936045.9,747,32624,111,22.0,33.0,0.0
1783936046.5,747,32624,102,10.0,33.0,0.0
1783936047.1,747,32624,104,10.0,33.0,0.0
1783936047.7,747,32624,110,15.0,33.0,31.0
1783936048.3,747,32624,110,15.0,33.0,0.0
1783936048.9,747,32624,91,11.0,32.0,0.0
1783936049.5,747,32624,104,23.0,33.0,0.0
1783936050.1,747,32624,104,12.0,33.0,0.0
1783936050.7,747,32624,108,12.0,33.0,0.0
1783936051.3,747,32624,98,12.0,33.0,0.0
1783936051.9,747,32624,85,18.0,33.0,1114.0
1783936052.5,747,32624,85,14.0,33.0,787.0
1783936053.1,747,32624,91,17.0,33.0,32.0
1783936053.7,747,32624,89,15.0,33.0,199.0
1783936054.3,747,32624,89,11.0,33.0,0.0
1783936054.9,747,32624,89,12.0,33.0,0.0
1783936055.5,747,32624,103,16.0,33.0,30.0
1783936056.1,747,32624,86,15.0,33.0,33.0
1783936056.7,747,32624,108,22.0,33.0,0.0
1783936057.3,747,32624,124,12.0,33.0,0.0
1783936057.9,747,32624,98,10.0,33.0,0.0
1783936058.5,747,32624,98,11.0,33.0,0.0
1783936059.0,747,32624,98,10.0,33.0,0.0
1783936059.6,747,32624,98,10.0,33.0,0.0
1783936060.2,747,32624,98,10.0,33.0,0.0
1783936060.8,747,32624,98,11.0,33.0,0.0
1783936061.4,747,32624,98,11.0,33.0,0.0
1783936062.0,747,32624,98,11.0,33.0,0.0
1783936062.6,747,32624,98,11.0,33.0,0.0
1783936063.2,747,32624,98,11.0,33.0,0.0
1783936063.8,747,32624,98,10.0,33.0,0.0
1783936064.4,747,32624,98,22.0,33.0,0.0
1783936065.0,747,32624,108,27.0,33.0,1236.0
1783936065.6,747,32624,104,11.0,33.0,0.0
1783936066.2,747,32624,88,10.0,33.0,0.0
1783936066.8,747,32624,88,11.0,33.0,0.0
1783936067.4,747,32624,90,17.0,33.0,261.0
1783936068.0,747,32624,90,11.0,33.0,0.0
1783936068.5,747,32624,90,11.0,33.0,0.0
1783936069.1,747,32624,117,11.0,33.0,0.0
1783936069.7,747,32624,104,16.0,33.0,66.0
1783936070.3,747,32624,128,26.0,33.0,41.0
1783936070.9,747,32624,105,22.0,33.0,0.0
1783936071.5,747,32624,97,18.0,33.0,17.0
1783936072.1,747,32624,97,11.0,33.0,0.0
1783936072.7,747,32624,92,11.0,33.0,0.0
1783936073.3,747,32624,92,10.0,33.0,0.0
1783936073.9,747,32624,92,11.0,32.0,0.0
1783936074.5,747,32624,92,10.0,33.0,0.0
1783936075.1,747,32624,101,14.0,33.0,40.0
1783936075.7,747,32624,100,11.0,33.0,0.0
1783936076.3,747,32624,88,11.0,33.0,0.0
1783936076.9,747,32624,101,22.0,33.0,0.0
1783936077.5,747,32624,104,22.0,33.0,0.0
1783936078.1,747,32624,98,22.0,33.0,0.0
1783936078.7,747,32624,88,11.0,33.0,0.0
1783936079.3,747,32624,93,16.0,33.0,172.0
1783936079.9,747,32624,91,13.0,33.0,560.0
1783936080.5,747,32624,91,11.0,33.0,0.0
1783936081.1,747,32624,101,15.0,33.0,19.0
1783936081.7,747,32624,101,11.0,33.0,0.0
1783936082.3,747,32624,98,10.0,33.0,0.0
1783936082.9,747,32624,102,12.0,33.0,0.0
1783936083.5,747,32624,104,27.0,33.0,1257.0
1783936084.1,747,32624,96,13.0,33.0,0.0
1783936084.7,747,32624,93,11.0,33.0,0.0
1783936085.2,747,32624,93,11.0,33.0,0.0
1783936085.8,747,32624,90,16.0,33.0,282.0
1783936086.4,747,32624,90,11.0,33.0,0.0
1783936087.0,747,32624,104,16.0,33.0,1444.0
1783936087.6,747,32624,104,11.0,33.0,0.0
1783936088.2,747,32624,104,15.0,33.0,7.0
1783936088.8,747,32624,104,11.0,32.0,0.0
1783936089.4,747,32624,102,22.0,33.0,0.0
1783936090.0,747,32624,108,19.0,33.0,381.0
1783936090.6,747,32624,94,11.0,33.0,0.0
1783936091.2,747,32624,88,15.0,33.0,6.0
1783936091.8,747,32624,90,16.0,33.0,128.0
1783936092.4,747,32624,100,29.0,33.0,158.0
1783936093.0,747,32624,98,11.0,33.0,0.0
1783936093.6,752,32624,98,11.0,33.0,0.0
1783936094.2,752,32624,98,12.0,33.0,0.0
1783936094.8,752,32624,88,11.0,33.0,0.0
1783936095.4,752,32624,88,11.0,33.0,0.0
1783936096.0,752,32624,88,11.0,33.0,0.0
1783936096.5,752,32624,88,11.0,33.0,0.0
1783936097.1,752,32624,88,11.0,33.0,0.0
1783936097.7,752,32624,88,11.0,33.0,0.0
1783936098.3,752,32624,97,25.0,33.0,1040.0
1783936098.9,752,32624,97,11.0,33.0,0.0
1783936099.5,752,32624,103,22.0,33.0,0.0
1783936100.1,752,32624,90,12.0,33.0,0.0
1783936100.7,752,32624,98,10.0,33.0,0.0
1783936101.3,752,32624,98,14.0,33.0,19.0
1783936101.9,752,32624,114,11.0,33.0,0.0
1783936102.5,752,32624,104,26.0,33.0,105.0
1783936103.1,752,32624,99,23.0,33.0,0.0
1783936103.7,752,32624,86,11.0,33.0,0.0
1783936104.3,752,32624,95,11.0,33.0,0.0
1783936104.9,752,32624,115,22.0,33.0,0.0
1783936105.5,752,32624,100,10.0,33.0,0.0
1783936106.1,752,32624,98,12.0,33.0,0.0
1783936106.7,752,32624,101,10.0,33.0,0.0
1783936107.3,752,32624,101,11.0,33.0,0.0
1783936107.9,752,32624,101,11.0,33.0,0.0
1783936108.5,752,32624,95,25.0,33.0,41.0
1783936109.1,752,32624,112,25.0,33.0,27.0
1783936109.7,752,32624,104,22.0,33.0,0.0
1783936110.3,752,32624,107,11.0,33.0,0.0
1783936110.9,752,32624,100,22.0,33.0,0.0
1783936111.5,752,32624,104,26.0,33.0,15.0
1783936112.1,752,32624,100,22.0,33.0,0.0
1783936112.7,752,32624,100,10.0,33.0,0.0
1783936113.3,752,32624,98,11.0,33.0,0.0
1783936113.9,752,32624,103,10.0,33.0,0.0
1783936114.5,752,32624,87,14.0,33.0,6.0
1783936115.1,752,32624,87,11.0,33.0,0.0
1783936115.7,752,32624,86,14.0,33.0,623.0
1783936116.2,752,32624,86,11.0,33.0,0.0
1783936116.8,752,32624,86,10.0,33.0,0.0
1783936117.4,752,32624,88,11.0,33.0,0.0
1783936118.0,752,32624,91,16.0,33.0,1768.0
1783936118.6,752,32624,91,11.0,33.0,0.0
1783936119.2,752,32624,89,15.0,33.0,1716.0
1783936119.8,752,32624,89,16.0,33.0,1576.0
1783936120.4,752,32624,91,12.0,33.0,0.0
1783936121.0,752,32624,91,11.0,33.0,0.0
1783936121.6,752,32624,114,22.0,33.0,0.0
1783936122.2,752,32624,85,22.0,33.0,0.0
1783936122.8,752,32624,98,11.0,33.0,0.0
1783936123.4,752,32624,98,11.0,33.0,0.0
1783936124.0,752,32624,98,9.0,33.0,0.0
1783936124.6,752,32624,85,25.0,33.0,23.0
1783936125.1,752,32624,98,21.0,33.0,0.0
1783936125.7,752,32624,98,12.0,33.0,0.0
1783936126.3,752,32624,98,11.0,33.0,0.0
1783936126.9,752,32624,98,9.0,33.0,0.0
1783936127.5,752,32624,98,22.0,33.0,0.0
1783936128.1,752,32624,98,12.0,33.0,0.0
1783936128.7,752,32624,98,10.0,33.0,0.0
1783936129.3,752,32624,98,10.0,33.0,0.0
1783936129.9,752,32624,98,10.0,33.0,0.0
1783936130.5,752,32624,98,9.0,33.0,0.0
1783936131.1,752,32624,98,22.0,33.0,0.0
1783936131.7,752,32624,98,11.0,33.0,0.0
1783936132.3,752,32624,98,9.0,33.0,0.0
1783936132.9,752,32624,98,10.0,33.0,0.0
1783936133.5,752,32624,98,10.0,33.0,0.0
1783936134.1,752,32624,104,22.0,33.0,0.0
1783936134.7,752,32624,104,11.0,33.0,0.0
1783936135.3,752,32624,104,10.0,33.0,0.0
1783936135.9,752,32624,88,12.0,33.0,0.0
1783936136.5,752,32624,99,11.0,33.0,0.0
1783936137.1,752,32624,99,11.0,33.0,0.0
1783936137.7,754,32624,98,25.0,33.0,31.0
1783936138.3,754,32624,100,22.0,33.0,0.0
1783936138.9,752,32624,100,23.0,33.0,0.0
1783936139.5,752,32624,100,11.0,33.0,0.0
1783936140.1,752,32624,104,22.0,33.0,0.0
1783936140.7,752,32624,104,10.0,33.0,0.0
1783936141.3,752,32624,104,9.0,33.0,0.0
1783936141.9,752,32624,104,11.0,33.0,0.0
1783936142.5,752,32624,100,10.0,33.0,0.0
1783936143.1,752,32624,100,11.0,33.0,0.0
1783936143.7,752,32624,100,11.0,33.0,0.0
1783936144.3,752,32624,100,12.0,33.0,0.0
1783936144.9,752,32624,102,22.0,33.0,0.0
1783936145.5,754,32624,100,22.0,33.0,0.0
1783936146.1,754,32624,100,22.0,33.0,0.0
1783936146.7,754,32624,100,11.0,33.0,0.0
1783936147.3,752,32624,98,12.0,33.0,0.0
1783936147.9,752,32624,98,11.0,33.0,0.0
1783936148.5,752,32624,98,11.0,33.0,0.0
1783936149.1,752,32624,98,11.0,33.0,0.0
1783936149.7,752,32624,98,11.0,33.0,0.0
1783936150.3,752,32624,98,13.0,33.0,0.0
1783936150.9,752,32624,98,11.0,33.0,0.0
1783936151.5,752,32624,97,11.0,33.0,0.0
1783936152.1,752,32624,100,22.0,33.0,0.0
1783936152.7,757,32624,113,28.0,33.0,1193.0
1783936153.3,756,32624,108,22.0,33.0,0.0
1783936153.9,758,32624,104,11.0,33.0,0.0
1783936154.5,758,32624,109,26.0,33.0,130.0
1783936155.2,758,32624,125,22.0,33.0,0.0
1783936155.9,758,32624,110,25.0,33.0,553.0
1783936156.5,758,32624,87,15.0,33.0,34.0
1783936157.3,758,32624,99,12.0,33.0,0.0
1783936158.0,755,32624,103,11.0,33.0,0.0
1783936158.6,758,32624,109,22.0,33.0,0.0
1783936159.3,758,32624,98,12.0,33.0,0.0
1783936160.0,758,32624,102,12.0,33.0,0.0
1783936160.6,758,32624,98,17.0,33.0,6.0
1783936161.4,758,32624,119,27.0,34.0,62.0
1783936162.2,758,32624,104,27.0,33.0,1445.0
1783936162.9,758,32624,117,13.0,33.0,7.0
1783936163.8,758,32624,91,11.0,33.0,0.0
1783936164.5,758,32624,93,15.0,33.0,50.0
1783936165.1,758,32624,85,13.0,33.0,162.0
1783936165.9,758,32624,93,11.0,33.0,0.0
1783936166.6,758,32624,102,10.0,33.0,0.0
1783936167.3,758,32624,83,12.0,33.0,0.0
1783936168.0,758,32624,102,15.0,33.0,6.0
1783936168.7,758,32624,83,11.0,33.0,0.0
1783936169.4,758,32624,85,16.0,33.0,1465.0
1783936170.1,758,32624,85,12.0,33.0,173.0
1783936170.7,758,32624,89,15.0,33.0,15.0
1783936171.4,758,32624,88,11.0,33.0,0.0
1783936172.1,758,32624,88,14.0,33.0,616.0
1783936172.8,758,32624,82,15.0,33.0,8.0
1783936173.5,758,32624,88,14.0,33.0,69.0
1783936174.2,758,32624,88,12.0,33.0,0.0
1783936175.0,758,32624,84,26.0,33.0,1307.0
1783936175.7,755,32624,106,16.0,33.0,123.0
1783936176.4,755,32624,98,12.0,33.0,0.0
1783936177.2,755,32624,85,19.0,33.0,215.0
1783936177.9,755,32624,82,11.0,33.0,0.0
1783936178.7,755,32624,82,16.0,33.0,792.0
1783936179.5,755,32624,81,26.0,33.0,43.0
1783936180.3,755,32624,95,25.0,34.0,58.0
1783936181.0,755,32624,110,29.0,33.0,0.0
1783936181.8,755,32624,103,15.0,34.0,97.0
1783936182.5,755,32624,81,11.0,33.0,0.0
1783936183.4,755,32624,108,14.0,33.0,41.0
1783936184.2,755,32624,95,26.0,34.0,135.0
1783936184.9,755,32624,83,11.0,33.0,0.0
1783936185.7,755,32624,98,12.0,34.0,0.0
1783936186.5,755,32624,93,11.0,33.0,0.0
1783936187.2,755,32624,93,11.0,33.0,0.0
1783936187.8,755,32624,79,10.0,33.0,0.0
1783936188.6,755,32624,93,20.0,33.0,1475.0
1783936189.3,755,32624,93,26.0,33.0,1476.0
1783936189.9,755,32624,93,15.0,33.0,74.0
1783936190.5,755,32624,108,22.0,34.0,149.0
1783936191.1,755,32624,94,11.0,33.0,0.0
1783936191.7,755,32624,84,11.0,33.0,0.0
1783936192.3,755,32624,84,11.0,33.0,0.0
1783936192.8,755,32624,74,10.0,34.0,0.0
1783936193.4,755,32624,74,12.0,33.0,0.0
1783936194.0,660,32624,60,22.0,34.0,0.0
1783936194.6,660,32624,60,11.0,33.0,0.0
1783936195.2,660,32624,60,11.0,33.0,0.0
1783936195.8,660,32624,60,11.0,33.0,0.0
1783936196.4,660,32624,61,11.0,33.0,0.0
1783936197.0,660,32624,61,11.0,33.0,0.0
1783936197.6,660,32624,61,11.0,33.0,0.0
1783936198.2,660,32624,60,11.0,33.0,0.0
1783936198.8,660,32624,57,10.0,33.0,0.0
1783936199.4,660,32624,57,11.0,33.0,0.0
1783936199.9,660,32624,57,11.0,33.0,0.0
1783936200.5,660,32624,57,10.0,33.0,0.0
1783936201.1,660,32624,57,11.0,33.0,0.0
1783936201.7,660,32624,57,11.0,33.0,0.0
1783936202.3,633,32624,57,22.0,34.0,0.0
1783936202.9,633,32624,57,11.0,33.0,0.0
1783936203.5,633,32624,57,10.0,33.0,0.0
1783936204.1,633,32624,57,10.0,33.0,0.0
1783936204.7,633,32624,57,11.0,33.0,0.0
1783936205.3,633,32624,57,10.0,33.0,0.0
1783936205.8,633,32624,57,11.0,33.0,0.0
1783936206.4,633,32624,57,11.0,33.0,0.0
1783936207.0,633,32624,57,10.0,33.0,0.0
1783936207.6,633,32624,57,12.0,33.0,0.0
1783936208.2,633,32624,57,11.0,33.0,0.0
1783936208.8,633,32624,57,12.0,33.0,0.0
1783936209.4,633,32624,57,12.0,33.0,0.0
1783936210.0,633,32624,57,11.0,33.0,0.0
1783936210.6,633,32624,57,10.0,33.0,0.0
1783936211.2,633,32624,57,11.0,33.0,0.0
1783936211.8,633,32624,60,12.0,33.0,0.0
1783936212.4,656,32624,86,17.0,33.0,1629.0
1783936212.9,656,32624,92,11.0,33.0,0.0
1783936213.5,656,32624,88,12.0,33.0,0.0
1783936214.1,656,32624,88,11.0,33.0,0.0
1783936214.7,656,32624,76,25.0,33.0,42.0
1783936215.3,656,32624,76,11.0,33.0,0.0
1783936215.9,656,32624,76,11.0,33.0,0.0
1783936216.5,656,32624,76,11.0,33.0,0.0
1783936217.1,656,32624,76,12.0,33.0,0.0
1783936217.7,656,32624,80,11.0,33.0,0.0
1783936218.3,656,32624,86,10.0,33.0,0.0
1783936218.9,656,32624,86,11.0,33.0,0.0
1783936219.5,656,32624,86,10.0,33.0,0.0
1783936220.1,656,32624,78,12.0,33.0,0.0
1783936220.6,652,32624,78,12.0,33.0,0.0
1783936221.2,652,32624,78,10.0,33.0,0.0
1783936221.8,652,32624,78,11.0,33.0,0.0
1783936222.4,652,32624,78,12.0,33.0,253.0
1783936223.0,652,32624,78,10.0,33.0,0.0
1783936223.6,652,32624,78,10.0,33.0,0.0
1783936224.2,652,32624,78,9.0,33.0,0.0
1783936224.8,652,32624,78,13.0,33.0,0.0
1783936225.4,652,32624,78,13.0,33.0,253.0
1783936226.0,652,32624,78,11.0,33.0,0.0
1783936226.6,652,32624,78,11.0,33.0,0.0
1783936227.2,652,32624,78,10.0,33.0,0.0
1783936227.8,652,32624,78,11.0,33.0,0.0
1783936228.4,652,32624,78,10.0,33.0,0.0
1783936229.0,652,32624,78,9.0,33.0,0.0
1783936229.6,652,32624,78,10.0,33.0,0.0
1783936230.1,652,32624,78,10.0,33.0,0.0
1783936230.7,652,32624,78,10.0,33.0,0.0
1783936231.3,652,32624,78,9.0,33.0,0.0
1783936231.9,652,32624,78,10.0,33.0,0.0
1783936232.5,652,32624,78,11.0,33.0,0.0
1783936233.1,652,32624,78,11.0,33.0,0.0
1783936233.7,652,32624,78,9.0,33.0,0.0
1783936234.3,652,32624,78,13.0,33.0,292.0
1783936234.9,652,32624,78,11.0,33.0,0.0
1783936235.5,652,32624,78,10.0,33.0,0.0
1783936236.1,652,32624,78,11.0,33.0,0.0
1783936236.7,652,32624,78,10.0,33.0,0.0
1783936237.3,652,32624,78,13.0,33.0,468.0
1783936237.9,652,32624,78,11.0,33.0,0.0
1783936238.5,652,32624,78,12.0,33.0,0.0
1783936239.1,652,32624,78,10.0,33.0,0.0
1783936239.7,652,32624,78,11.0,33.0,0.0
1783936240.3,652,32624,78,10.0,33.0,0.0
1783936240.9,652,32624,78,10.0,32.0,0.0
1783936241.5,652,32624,78,11.0,33.0,0.0
1783936242.1,641,32624,78,10.0,33.0,0.0
1783936242.7,641,32624,78,10.0,33.0,0.0
1783936243.3,641,32624,78,12.0,33.0,0.0
1783936243.9,641,32624,78,19.0,33.0,283.0
1783936244.4,641,32624,78,10.0,33.0,0.0
1783936245.0,641,32624,78,10.0,33.0,0.0
1783936245.6,641,32624,78,12.0,33.0,0.0
1783936246.2,641,32624,78,12.0,33.0,0.0
1783936246.8,641,32624,78,11.0,33.0,0.0
1783936247.4,641,32624,78,16.0,33.0,977.0
1783936248.0,641,32624,78,11.0,33.0,0.0
1783936248.6,641,32624,78,11.0,33.0,0.0
1783936249.2,641,32624,78,19.0,33.0,305.0
1783936249.8,641,32624,78,10.0,33.0,0.0
1783936250.4,641,32624,76,14.0,33.0,500.0
1783936251.0,641,32624,76,17.0,33.0,32.0
1783936251.6,641,32624,76,11.0,33.0,0.0
1783936252.2,641,32624,76,11.0,33.0,0.0
1783936252.8,641,32624,76,10.0,33.0,0.0
1783936253.4,641,32624,76,11.0,33.0,0.0
1783936254.0,641,32624,76,14.0,33.0,56.0
1783936254.6,641,32624,76,12.0,33.0,0.0
1783936255.2,641,32624,76,12.0,33.0,0.0
1783936255.8,641,32624,76,11.0,33.0,0.0
1783936256.4,641,32624,76,10.0,33.0,0.0
1783936256.9,641,32624,76,11.0,33.0,0.0
1783936257.5,641,32624,76,11.0,33.0,0.0
1783936258.1,641,32624,76,10.0,33.0,0.0
1783936258.7,641,32624,76,10.0,33.0,0.0
1783936259.3,641,32624,76,11.0,33.0,0.0
1783936259.9,656,32624,78,15.0,33.0,667.0
1783936260.5,656,32624,76,16.0,33.0,47.0
1783936261.1,656,32624,76,25.0,33.0,29.0
1783936261.7,656,32624,85,28.0,33.0,1466.0
1783936262.3,656,32624,87,16.0,33.0,942.0
1783936262.9,663,32624,81,10.0,33.0,0.0
1783936263.5,663,32624,79,14.0,33.0,30.0
1783936264.1,670,32624,73,27.0,33.0,1446.0
1783936264.8,676,32624,67,24.0,33.0,588.0
1783936265.4,676,32624,67,18.0,33.0,1570.0
1783936266.0,701,32624,90,11.0,33.0,0.0
1783936266.8,701,32624,56,11.0,33.0,0.0
1783936267.4,701,32624,69,11.0,33.0,0.0
1783936268.0,697,32624,69,11.0,33.0,0.0
1783936268.6,697,32624,77,22.0,33.0,0.0
1783936269.3,697,32624,77,22.0,33.0,0.0
1783936269.9,709,32624,79,22.0,33.0,0.0
1783936270.6,718,32624,88,27.0,33.0,1503.0
1783936271.2,721,32624,96,22.0,33.0,0.0
1783936271.8,721,32624,98,22.0,33.0,0.0
1783936272.5,718,32624,94,23.0,34.0,0.0
1783936273.1,717,32624,94,23.0,34.0,0.0
1783936273.7,717,32624,91,22.0,33.0,0.0
1783936274.3,717,32624,78,14.0,33.0,458.0
1783936274.9,717,32624,78,12.0,33.0,0.0
1783936275.5,717,32624,89,17.0,33.0,288.0
1783936276.1,717,32624,89,23.0,33.0,0.0
1783936276.7,717,32624,76,10.0,33.0,0.0
1783936277.3,717,32624,73,14.0,33.0,18.0
1783936277.9,717,32624,75,12.0,34.0,0.0
1783936278.5,717,32624,73,10.0,33.0,0.0
1783936279.0,717,32624,89,10.0,34.0,0.0
1783936279.6,717,32624,75,11.0,33.0,0.0
1783936280.2,717,32624,72,10.0,33.0,0.0
1783936280.8,717,32624,72,14.0,33.0,0.0
1783936281.4,717,32624,72,11.0,33.0,0.0
1783936282.0,717,32624,72,12.0,33.0,0.0
1783936282.6,717,32624,72,11.0,33.0,0.0
1783936283.2,717,32624,72,11.0,33.0,0.0
1783936283.8,717,32624,72,11.0,33.0,0.0
1783936284.4,717,32624,72,11.0,33.0,0.0
1783936285.0,717,32624,72,15.0,33.0,0.0
1783936285.6,717,32624,72,10.0,33.0,0.0
1783936286.2,717,32624,72,12.0,33.0,0.0
1783936286.8,717,32624,72,15.0,33.0,6.0
1783936287.4,717,32624,72,11.0,33.0,0.0
1783936287.9,717,32624,72,10.0,33.0,0.0
1783936288.5,717,32624,72,11.0,33.0,0.0
1783936289.1,717,32624,72,11.0,33.0,0.0
1783936289.7,717,32624,72,11.0,33.0,0.0
1783936290.3,717,32624,72,12.0,33.0,0.0
1783936290.9,717,32624,72,11.0,33.0,0.0
1783936291.5,717,32624,72,10.0,33.0,0.0
1783936292.1,717,32624,72,12.0,33.0,0.0
1783936292.7,717,32624,72,10.0,33.0,0.0
1783936293.3,717,32624,72,11.0,33.0,0.0
1783936293.9,717,32624,74,22.0,33.0,0.0
1783936294.5,717,32624,72,11.0,33.0,0.0
1783936295.1,717,32624,72,10.0,33.0,0.0
1783936295.7,717,32624,72,16.0,33.0,80.0
1783936296.3,717,32624,74,16.0,33.0,29.0
1783936296.9,717,32624,74,23.0,33.0,0.0
1783936297.5,717,32624,88,11.0,33.0,0.0
1783936298.1,717,32624,72,22.0,33.0,0.0
1783936298.7,717,32624,72,11.0,33.0,0.0
1783936299.3,717,32624,88,22.0,33.0,0.0
1783936299.9,717,32624,74,11.0,33.0,0.0
1783936300.5,717,32624,72,11.0,33.0,0.0
1783936301.1,717,32624,72,11.0,33.0,0.0
1783936301.7,717,32624,72,14.0,33.0,645.0
1783936302.3,717,32624,88,13.0,33.0,0.0
1783936302.9,717,32624,72,10.0,33.0,0.0
1783936303.5,717,32624,72,15.0,33.0,52.0
1783936304.0,717,32624,72,10.0,33.0,0.0
1783936304.6,717,32624,72,11.0,33.0,0.0
1783936305.2,717,32624,72,12.0,33.0,0.0
1783936305.8,717,32624,72,11.0,33.0,0.0
1783936306.4,717,32624,72,22.0,33.0,0.0
1783936307.0,717,32624,72,15.0,33.0,6.0
1783936307.6,717,32624,72,11.0,33.0,0.0
1783936308.2,717,32624,72,11.0,33.0,0.0
1783936308.8,717,32624,74,25.0,33.0,30.0
1783936309.4,717,32624,78,23.0,34.0,1.0
1783936310.1,717,32624,74,12.0,33.0,0.0
1783936310.7,717,32624,74,22.0,34.0,0.0
1783936311.3,717,32624,106,22.0,34.0,0.0
1783936311.9,717,32624,91,11.0,33.0,0.0
1783936312.4,717,32624,77,11.0,33.0,0.0
1783936313.1,717,32624,110,22.0,33.0,0.0
1783936313.7,717,32624,80,10.0,33.0,0.0
1783936314.3,717,32624,75,11.0,33.0,0.0
1783936314.8,717,32624,73,18.0,33.0,134.0
1783936315.4,717,32624,75,25.0,33.0,42.0
1783936316.0,717,32624,75,11.0,33.0,0.0
1783936316.6,717,32624,72,11.0,33.0,0.0
1783936317.2,717,32624,83,25.0,33.0,41.0
1783936317.8,717,32624,72,12.0,33.0,0.0
1783936318.4,717,32624,74,15.0,33.0,1168.0
1783936319.1,728,32624,118,21.0,33.0,0.0
1783936319.7,765,32624,125,33.0,34.0,599.0
1783936320.4,765,32624,125,23.0,34.0,209.0
1783936321.0,765,32624,123,14.0,34.0,19.0
1783936321.6,765,32624,107,26.0,34.0,88.0
1783936322.2,765,32624,94,22.0,34.0,0.0
1783936322.8,765,32624,94,25.0,34.0,17.0
1783936323.4,765,32624,81,25.0,34.0,8.0
1783936324.0,765,32624,81,11.0,33.0,0.0
1783936324.6,765,32624,81,25.0,34.0,23.0
1783936325.2,765,32624,88,12.0,33.0,0.0
1783936325.8,765,32624,78,10.0,34.0,0.0
1783936326.4,765,32624,99,22.0,34.0,0.0
1783936327.0,765,32624,81,11.0,34.0,0.0
1783936327.6,765,32624,81,12.0,33.0,0.0
1783936328.2,765,32624,81,20.0,33.0,349.0
1783936328.8,765,32624,81,22.0,33.0,0.0
1783936329.4,765,32624,86,22.0,34.0,0.0
1783936330.0,765,32624,96,26.0,34.0,6.0
1783936330.6,765,32624,79,12.0,33.0,0.0
1783936331.2,765,32624,79,12.0,33.0,0.0
1783936331.8,765,32624,79,16.0,34.0,97.0
1783936332.4,765,32624,79,11.0,33.0,0.0
1783936333.0,765,32624,79,11.0,33.0,0.0
1783936333.6,769,32624,105,27.0,34.0,93.0
1783936334.2,769,32624,100,25.0,34.0,12.0
1783936334.8,797,32624,105,26.0,34.0,269.0
1783936335.4,803,32624,119,26.0,34.0,7.0
1783936336.0,803,32624,119,23.0,34.0,0.0
1783936336.6,799,32624,98,23.0,34.0,314.0
1783936337.2,799,32624,85,11.0,34.0,0.0
1783936337.8,799,32624,75,11.0,34.0,0.0
1783936338.4,799,32624,108,22.0,34.0,0.0
1783936339.0,799,32624,91,11.0,34.0,0.0
1783936339.6,799,32624,91,22.0,34.0,0.0
1783936340.2,799,32624,78,11.0,34.0,0.0
1783936340.8,799,32624,78,11.0,34.0,0.0
1783936341.4,799,32624,78,10.0,33.0,0.0
1783936342.0,799,32624,78,21.0,34.0,0.0
1783936342.6,799,32624,78,12.0,34.0,0.0
1783936343.2,799,32624,78,11.0,34.0,0.0
1783936343.8,795,32624,111,22.0,33.0,0.0
1783936344.4,795,32624,94,26.0,34.0,6.0
1783936345.0,795,32624,74,16.0,34.0,27.0
1783936345.6,795,32624,74,14.0,33.0,17.0
1783936346.2,795,32624,85,11.0,34.0,0.0
1783936346.8,795,32624,105,22.0,34.0,0.0
1783936347.4,795,32624,89,25.0,34.0,4.0
1783936348.0,795,32624,75,11.0,34.0,0.0
1783936348.6,797,32624,90,26.0,34.0,994.0
1783936349.2,797,32624,101,22.0,34.0,0.0
1783936349.8,797,32624,93,22.0,34.0,0.0
1783936350.4,797,32624,76,14.0,34.0,300.0
1783936351.0,797,32624,74,15.0,34.0,0.0
1783936351.6,797,32624,74,10.0,33.0,0.0
1783936352.2,797,32624,100,22.0,34.0,0.0
1783936352.8,795,32624,107,23.0,34.0,0.0
1783936353.4,795,32624,95,13.0,34.0,391.0
1783936354.0,795,32624,91,22.0,34.0,0.0
1783936354.6,795,32624,77,16.0,34.0,280.0
1783936355.2,800,32624,110,22.0,34.0,0.0
1783936355.8,816,32624,134,29.0,34.0,1013.0
1783936356.4,805,32624,124,28.0,34.0,1719.0
1783936357.1,805,32624,124,22.0,34.0,0.0
1783936357.7,805,32624,100,11.0,34.0,0.0
1783936358.3,805,32624,110,22.0,34.0,0.0
1783936358.9,805,32624,100,12.0,34.0,0.0
1783936359.5,805,32624,81,12.0,33.0,0.0
1783936360.1,805,32624,81,22.0,34.0,0.0
1783936360.7,805,32624,73,25.0,34.0,35.0
1783936361.3,805,32624,99,22.0,34.0,0.0
1783936361.9,805,32624,83,22.0,34.0,0.0
1783936362.5,805,32624,73,14.0,34.0,60.0
1783936363.1,805,32624,73,11.0,34.0,0.0
1783936363.7,805,32624,83,22.0,34.0,0.0
1783936364.3,805,32624,73,10.0,34.0,0.0
1783936364.9,805,32624,73,12.0,33.0,0.0
1783936365.5,805,32624,99,27.0,34.0,35.0
1783936366.1,805,32624,84,23.0,34.0,0.0
1783936366.7,805,32624,70,10.0,33.0,0.0
1783936367.3,805,32624,88,23.0,34.0,0.0
1783936367.9,805,32624,102,29.0,34.0,645.0
1783936368.5,805,32624,96,22.0,34.0,0.0
1783936369.1,805,32624,71,11.0,34.0,0.0
1783936369.7,805,32624,71,10.0,34.0,0.0
1783936370.3,805,32624,71,10.0,34.0,0.0
1783936370.9,805,32624,75,19.0,34.0,387.0
1783936371.5,805,32624,75,11.0,34.0,0.0
1783936372.1,805,32624,71,13.0,34.0,0.0
1783936372.7,805,32624,80,23.0,34.0,0.0
1783936373.3,805,32624,76,10.0,34.0,0.0
1783936373.9,805,32624,81,25.0,34.0,636.0
1783936374.5,805,32624,76,11.0,34.0,0.0
1783936375.2,811,32624,114,27.0,34.0,98.0
1783936375.8,800,32624,105,26.0,34.0,1646.0
1783936376.4,800,32624,105,34.0,34.0,110.0
1783936377.0,787,32624,96,11.0,34.0,0.0
1783936377.6,787,32624,82,12.0,34.0,0.0
1783936378.2,787,32624,73,12.0,34.0,0.0
1783936378.8,787,32624,73,11.0,34.0,0.0
1783936379.4,787,32624,73,11.0,34.0,0.0
1783936380.0,787,32624,73,10.0,34.0,0.0
1783936380.6,787,32624,73,20.0,34.0,376.0
1783936381.2,787,32624,73,11.0,34.0,0.0
1783936381.8,787,32624,73,11.0,34.0,0.0
1783936382.4,787,32624,73,10.0,34.0,0.0
1783936383.0,787,32624,73,10.0,34.0,0.0
1783936383.6,787,32624,73,11.0,33.0,0.0
1783936384.2,787,32624,73,12.0,34.0,0.0
1783936384.8,787,32624,97,22.0,34.0,0.0
1783936385.4,793,32624,109,22.0,34.0,0.0
1783936386.0,797,32624,107,25.0,34.0,500.0
1783936386.6,797,32624,107,22.0,34.0,0.0
1783936387.2,786,32624,98,21.0,34.0,0.0
1783936387.8,786,32624,84,15.0,34.0,0.0
1783936388.4,786,32624,75,11.0,34.0,0.0
1783936389.0,786,32624,75,15.0,34.0,48.0
1783936389.6,786,32624,75,11.0,34.0,0.0
1783936390.2,786,32624,75,11.0,34.0,0.0
1783936390.8,786,32624,75,11.0,34.0,0.0
1783936391.4,786,32624,75,11.0,34.0,0.0
1783936392.0,786,32624,75,11.0,34.0,0.0
1783936392.6,786,32624,75,11.0,34.0,0.0
1783936393.2,786,32624,75,11.0,34.0,0.0
1783936393.8,786,32624,75,10.0,34.0,0.0
1783936394.4,786,32624,75,10.0,34.0,0.0
1783936395.0,786,32624,75,16.0,34.0,374.0
1783936395.5,786,32624,75,10.0,34.0,0.0
1783936396.1,786,32624,75,11.0,34.0,0.0
1783936396.7,786,32624,75,14.0,34.0,47.0
1783936397.3,786,32624,75,10.0,33.0,0.0
1783936397.9,792,32624,116,22.0,34.0,0.0
1783936398.5,796,32624,112,26.0,34.0,500.0
1783936399.1,796,32624,107,23.0,34.0,229.0
1783936399.7,786,32624,98,27.0,34.0,6.0
1783936400.3,786,32624,98,25.0,34.0,19.0
1783936400.9,786,32624,75,10.0,34.0,0.0
1783936401.5,786,32624,75,11.0,34.0,0.0
1783936402.1,786,32624,75,11.0,34.0,0.0
1783936402.7,786,32624,75,15.0,34.0,40.0
1783936403.3,786,32624,75,11.0,34.0,0.0
1783936403.9,786,32624,75,11.0,34.0,0.0
1783936404.5,786,32624,75,11.0,34.0,0.0
1783936405.1,786,32624,75,12.0,33.0,0.0
1783936405.7,786,32624,75,11.0,34.0,0.0
1783936406.3,786,32624,75,11.0,34.0,0.0
1783936406.9,786,32624,75,11.0,34.0,0.0
1783936407.4,786,32624,75,11.0,34.0,0.0
1783936408.0,786,32624,75,11.0,34.0,0.0
1783936408.6,786,32624,75,15.0,34.0,24.0
1783936409.2,786,32624,75,12.0,33.0,0.0
1783936409.8,786,32624,75,11.0,34.0,0.0
1783936410.4,782,32624,91,32.0,34.0,290.0
1783936411.0,796,32624,107,26.0,34.0,1709.0
1783936411.6,796,32624,107,26.0,34.0,98.0
1783936412.2,796,32624,107,25.0,34.0,13.0
1783936412.8,786,32624,91,11.0,34.0,0.0
1783936413.4,786,32624,84,11.0,33.0,0.0
1783936414.0,786,32624,75,10.0,34.0,0.0
1783936414.6,786,32624,75,10.0,34.0,0.0
1783936415.2,786,32624,75,11.0,34.0,0.0
1783936415.8,786,32624,75,11.0,34.0,0.0
1783936416.4,786,32624,75,10.0,34.0,0.0
1783936417.0,786,32624,75,11.0,34.0,0.0
1783936417.5,786,32624,75,12.0,34.0,0.0
1783936418.1,786,32624,75,11.0,34.0,0.0
1783936418.7,786,32624,75,11.0,34.0,0.0
1783936419.3,786,32624,75,10.0,33.0,0.0
1783936419.9,786,32624,75,10.0,34.0,0.0
1783936420.5,786,32624,75,11.0,33.0,0.0
1783936421.1,786,32624,75,11.0,34.0,0.0
1783936421.7,786,32624,75,11.0,34.0,0.0
1783936422.3,786,32624,75,11.0,33.0,0.0
1783936422.9,786,32624,75,11.0,34.0,0.0
1783936423.5,786,32624,75,11.0,34.0,0.0
1783936424.1,786,32624,75,11.0,34.0,0.0
1783936424.6,786,32624,75,12.0,33.0,0.0
1783936425.2,786,32624,75,12.0,33.0,0.0
1783936425.8,786,32624,75,11.0,33.0,0.0
1783936426.4,786,32624,75,10.0,33.0,0.0
1783936427.0,786,32624,75,10.0,33.0,0.0
1783936427.6,786,32624,75,11.0,34.0,0.0
1783936428.2,786,32624,75,10.0,33.0,0.0
1783936428.8,786,32624,75,12.0,33.0,0.0
1783936429.4,786,32624,75,10.0,33.0,0.0
1783936430.0,786,32624,75,14.0,33.0,20.0
1783936430.6,786,32624,75,10.0,33.0,0.0
1783936431.2,786,32624,75,10.0,33.0,0.0
1783936431.8,786,32624,75,12.0,33.0,0.0
1783936432.3,786,32624,81,11.0,33.0,0.0
1783936432.9,786,32624,81,11.0,33.0,0.0
1783936433.5,786,32624,81,11.0,33.0,0.0
1783936434.1,786,32624,81,10.0,33.0,0.0
1783936434.7,786,32624,81,9.0,33.0,0.0
1783936435.3,786,32624,81,10.0,33.0,0.0
1783936435.9,786,32624,81,10.0,33.0,0.0
1783936436.5,786,32624,81,10.0,33.0,0.0
1783936437.1,786,32624,81,10.0,33.0,0.0
1783936437.7,786,32624,81,9.0,33.0,0.0
1783936438.3,786,32624,81,10.0,33.0,0.0
1783936438.9,786,32624,81,9.0,33.0,0.0
1783936439.5,786,32624,81,10.0,33.0,0.0
1783936440.0,792,32624,94,23.0,34.0,0.0
1783936440.6,804,32624,118,23.0,34.0,0.0
1783936441.2,804,32624,118,26.0,34.0,22.0
1783936441.8,804,32624,118,26.0,34.0,7.0
1783936442.4,794,32624,108,11.0,34.0,0.0
1783936443.0,794,32624,99,10.0,33.0,0.0
1783936443.6,794,32624,99,10.0,33.0,0.0
1783936444.2,794,32624,99,10.0,33.0,0.0
1783936444.8,794,32624,99,10.0,33.0,0.0
1783936445.4,794,32624,99,11.0,33.0,0.0
1783936446.0,794,32624,99,11.0,33.0,0.0
1783936446.6,794,32624,99,11.0,33.0,0.0
1783936447.2,794,32624,99,11.0,33.0,0.0
1783936447.8,794,32624,99,10.0,33.0,0.0
1783936448.3,794,32624,99,10.0,33.0,0.0
1783936448.9,794,32624,99,10.0,33.0,0.0
1783936449.5,794,32624,99,10.0,33.0,0.0
1783936450.1,794,32624,99,9.0,33.0,0.0
1783936450.7,794,32624,99,10.0,33.0,0.0
1783936451.3,794,32624,99,10.0,33.0,0.0
1783936451.9,794,32624,99,10.0,33.0,0.0
1783936452.5,794,32624,99,9.0,33.0,0.0
1783936453.1,794,32624,99,10.0,33.0,0.0
1783936453.7,794,32624,99,10.0,33.0,0.0
1783936454.3,794,32624,99,11.0,33.0,0.0
1783936454.8,794,32624,99,10.0,33.0,0.0
1783936455.4,794,32624,99,11.0,33.0,0.0
1783936456.0,794,32624,99,10.0,33.0,0.0
1783936456.6,794,32624,99,9.0,33.0,0.0
1783936457.2,794,32624,99,9.0,33.0,0.0
1783936457.8,794,32624,99,10.0,33.0,0.0
1783936458.4,794,32624,99,10.0,33.0,0.0
1783936459.0,796,32624,111,22.0,33.0,0.0
1783936459.6,818,32624,118,30.0,33.0,166.0
1783936460.2,818,32624,118,22.0,34.0,0.0
1783936460.8,826,32624,144,22.0,34.0,0.0
1783936461.4,816,32624,131,22.0,33.0,0.0
1783936462.0,816,32624,121,12.0,33.0,0.0
1783936462.6,816,32624,121,9.0,33.0,0.0
1783936463.2,816,32624,121,9.0,33.0,0.0
1783936463.8,816,32624,121,9.0,33.0,0.0
1783936464.4,816,32624,121,11.0,33.0,0.0
1783936465.0,816,32624,121,11.0,33.0,0.0
1783936465.6,816,32624,121,9.0,33.0,0.0
1783936466.2,814,32624,119,10.0,33.0,0.0
1783936466.7,814,32624,119,9.0,33.0,0.0
1783936467.3,814,32624,119,10.0,33.0,0.0
1783936467.9,814,32624,119,11.0,33.0,0.0
1783936468.5,814,32624,119,11.0,33.0,0.0
1783936469.1,814,32624,119,10.0,33.0,0.0
1783936469.7,814,32624,119,10.0,33.0,0.0
1783936470.3,814,32624,119,10.0,32.0,0.0
1783936470.9,814,32624,119,10.0,33.0,0.0
1783936471.5,814,32624,119,10.0,33.0,0.0
1783936472.1,814,32624,119,11.0,33.0,0.0
1783936472.7,814,32624,119,9.0,33.0,0.0
1783936473.3,814,32624,119,8.0,33.0,0.0
1783936473.9,814,32624,119,10.0,33.0,0.0
1783936474.5,814,32624,119,10.0,33.0,0.0
1783936475.1,814,32624,119,10.0,33.0,0.0
1783936475.7,814,32624,119,9.0,32.0,0.0
1783936476.3,814,32624,119,10.0,33.0,0.0
1783936476.9,814,32624,119,10.0,33.0,0.0
1783936477.5,814,32624,119,22.0,33.0,0.0
1783936478.1,814,32624,119,11.0,33.0,0.0
1783936478.7,814,32624,119,10.0,33.0,0.0
1783936479.3,814,32624,119,9.0,33.0,0.0
1783936479.9,814,32624,119,13.0,33.0,0.0
1783936480.5,814,32624,119,9.0,33.0,0.0
1783936481.1,814,32624,119,10.0,33.0,0.0
1783936481.7,814,32624,119,8.0,33.0,0.0
1783936482.3,814,32624,119,10.0,33.0,0.0
1783936482.9,814,32624,119,9.0,33.0,0.0
1783936483.5,814,32624,119,9.0,33.0,0.0
1783936484.0,814,32624,119,10.0,33.0,0.0
1783936484.7,814,32624,119,10.0,32.0,0.0
1783936485.3,814,32624,119,10.0,33.0,0.0
1783936485.9,814,32624,119,9.0,33.0,0.0
1783936486.4,814,32624,119,10.0,33.0,0.0
1783936487.0,814,32624,119,10.0,33.0,0.0
1783936487.6,814,32624,119,11.0,33.0,0.0
1783936488.2,814,32624,119,11.0,33.0,0.0
1783936488.8,814,32624,119,10.0,33.0,0.0
1783936489.5,797,32624,109,22.0,33.0,0.0
1783936490.1,823,32624,127,23.0,33.0,358.0
1783936490.7,819,32624,127,31.0,33.0,273.0
1783936491.4,819,32624,127,36.0,33.0,500.0
1783936491.9,799,32624,117,10.0,33.0,0.0
1783936492.5,799,32624,108,10.0,33.0,0.0
1783936493.1,799,32624,108,13.0,33.0,0.0
1783936493.7,799,32624,108,12.0,33.0,0.0
1783936494.3,799,32624,108,13.0,33.0,0.0
1783936494.9,799,32624,108,11.0,33.0,0.0
1783936495.5,799,32624,108,9.0,33.0,0.0
1783936496.1,799,32624,108,10.0,33.0,0.0
1783936496.7,799,32624,108,10.0,33.0,0.0
1783936497.3,799,32624,108,11.0,33.0,0.0
1783936497.9,799,32624,108,10.0,33.0,0.0
1783936498.5,799,32624,108,10.0,33.0,0.0
1783936499.1,799,32624,108,9.0,33.0,0.0
1783936499.7,799,32624,108,9.0,32.0,0.0
1783936500.3,799,32624,108,11.0,33.0,0.0
1783936500.9,799,32624,108,10.0,33.0,0.0
1783936501.5,799,32624,104,21.0,33.0,0.0
1783936502.1,799,32624,104,10.0,33.0,0.0
1783936502.7,799,32624,104,11.0,33.0,0.0
1783936503.3,799,32624,104,10.0,33.0,0.0
1783936503.9,799,32624,104,10.0,33.0,0.0
1783936504.5,799,32624,104,8.0,33.0,0.0
1783936505.1,799,32624,104,10.0,33.0,0.0
1783936505.7,799,32624,104,11.0,33.0,0.0
1783936506.3,799,32624,104,10.0,33.0,0.0
1783936506.9,799,32624,104,10.0,33.0,0.0
1783936507.5,799,32624,104,9.0,33.0,0.0
1783936508.1,799,32624,104,11.0,33.0,0.0
1783936508.7,799,32624,104,11.0,33.0,0.0
1783936509.3,799,32624,104,10.0,33.0,0.0
1783936509.9,799,32624,104,9.0,32.0,0.0
1783936510.5,799,32624,104,9.0,33.0,0.0
1783936511.1,799,32624,104,12.0,33.0,0.0
1783936511.7,799,32624,104,11.0,32.0,0.0
1783936512.3,799,32624,104,10.0,33.0,0.0
1783936512.9,799,32624,104,11.0,32.0,0.0
1783936513.5,799,32624,106,11.0,33.0,0.0
1783936514.1,799,32624,106,13.0,32.0,0.0
1783936514.7,799,32624,106,10.0,32.0,0.0
1783936515.3,799,32624,106,10.0,32.0,0.0
1783936515.9,796,32624,78,10.0,33.0,0.0
1783936516.5,796,32624,78,10.0,33.0,0.0
1783936517.1,796,32624,78,10.0,32.0,0.0
1783936517.7,796,32624,78,12.0,33.0,0.0
1783936518.3,796,32624,78,11.0,32.0,0.0
1783936518.9,796,32624,78,10.0,33.0,0.0
1783936519.5,796,32624,78,10.0,33.0,0.0
1783936520.1,796,32624,78,12.0,33.0,0.0
1783936520.7,796,32624,78,11.0,32.0,0.0
1783936521.3,796,32624,78,11.0,32.0,0.0
1783936521.9,796,32624,78,10.0,32.0,0.0
1783936522.5,796,32624,78,11.0,32.0,0.0
1783936523.1,796,32624,78,10.0,33.0,0.0
1783936523.7,796,32624,78,13.0,32.0,0.0
1783936524.3,796,32624,78,9.0,33.0,0.0
1783936524.9,796,32624,78,9.0,33.0,0.0
1783936525.5,796,32624,78,22.0,33.0,0.0
1783936526.0,796,32624,78,11.0,32.0,0.0
1783936526.6,796,32624,78,11.0,33.0,0.0
1783936527.2,796,32624,78,11.0,33.0,0.0
1783936527.8,796,32624,78,11.0,32.0,0.0
1783936528.4,796,32624,78,11.0,32.0,0.0
1783936529.0,796,32624,78,12.0,33.0,0.0
1783936529.6,796,32624,78,12.0,32.0,0.0
1783936530.2,796,32624,78,9.0,32.0,0.0
1783936530.8,796,32624,78,14.0,32.0,0.0
1783936531.4,796,32624,78,9.0,32.0,0.0
1783936532.0,796,32624,78,9.0,32.0,0.0
1783936532.6,796,32624,78,10.0,32.0,0.0
1783936533.2,796,32624,78,9.0,32.0,0.0
1783936533.8,796,32624,78,10.0,32.0,0.0
1783936534.4,796,32624,78,10.0,32.0,0.0
1783936535.0,796,32624,78,10.0,32.0,0.0
1783936535.6,796,32624,78,9.0,32.0,0.0
1783936536.2,796,32624,78,10.0,32.0,0.0
1783936536.8,796,32624,78,11.0,32.0,0.0
1783936537.4,796,32624,78,13.0,32.0,0.0
1783936538.0,796,32624,78,12.0,32.0,0.0
1783936538.6,796,32624,78,11.0,32.0,0.0
1783936539.2,796,32624,78,10.0,32.0,0.0
1783936539.8,796,32624,78,8.0,33.0,0.0
1783936540.4,796,32624,78,9.0,32.0,0.0
1783936541.0,796,32624,78,13.0,32.0,0.0
1783936541.6,796,32624,78,13.0,32.0,0.0
1783936542.2,796,32624,78,11.0,32.0,0.0
1783936542.8,798,32624,96,24.0,33.0,69.0
1783936543.5,793,32624,101,25.0,33.0,48.0
1783936544.1,793,32624,101,22.0,33.0,619.0
1783936544.7,783,32624,89,10.0,33.0,0.0
1783936545.3,783,32624,89,12.0,32.0,0.0
1783936545.9,783,32624,80,11.0,32.0,0.0
1783936546.5,783,32624,80,9.0,32.0,0.0
1783936547.1,783,32624,80,9.0,32.0,0.0
1783936547.7,783,32624,80,11.0,32.0,0.0
1783936548.3,783,32624,80,12.0,32.0,0.0
1783936548.9,783,32624,80,10.0,32.0,0.0
1783936549.5,783,32624,80,23.0,32.0,0.0
1783936550.0,783,32624,80,10.0,33.0,0.0
1783936550.6,783,32624,80,10.0,32.0,0.0
1783936551.2,783,32624,80,10.0,32.0,0.0
1783936551.8,783,32624,80,9.0,32.0,0.0
1783936552.4,783,32624,80,9.0,32.0,0.0
1783936553.0,783,32624,80,9.0,32.0,0.0
1783936553.6,783,32624,80,10.0,32.0,0.0
1783936554.2,783,32624,80,10.0,32.0,0.0
1783936554.8,783,32624,80,10.0,32.0,0.0
1783936555.4,783,32624,80,9.0,32.0,0.0
1783936556.0,783,32624,80,10.0,32.0,0.0
1783936556.6,789,32624,92,22.0,33.0,0.0
1783936557.2,805,32624,100,25.0,33.0,46.0
1783936557.8,805,32624,99,26.0,33.0,41.0
1783936558.4,805,32624,99,26.0,33.0,154.0
1783936559.0,795,32624,89,11.0,33.0,0.0
1783936559.6,795,32624,80,9.0,33.0,0.0
1783936560.1,795,32624,80,12.0,32.0,0.0
1783936560.7,795,32624,80,11.0,33.0,0.0
1783936561.3,795,32624,80,9.0,32.0,0.0
1783936561.9,795,32624,80,12.0,33.0,0.0
1783936562.5,795,32624,80,11.0,32.0,0.0
1783936563.1,795,32624,80,9.0,32.0,0.0
1783936563.7,795,32624,80,10.0,32.0,0.0
1783936564.3,795,32624,80,9.0,32.0,0.0
1783936564.9,795,32624,80,11.0,32.0,0.0
1783936565.5,795,32624,85,22.0,33.0,0.0
1783936566.1,795,32624,80,11.0,33.0,0.0
1783936566.7,795,32624,80,11.0,32.0,0.0
1783936567.3,795,32624,80,11.0,32.0,0.0
1783936567.9,795,32624,83,28.0,33.0,81.0
1783936568.5,795,32624,69,18.0,33.0,0.0
1783936569.0,795,32624,82,11.0,33.0,0.0
1783936569.6,795,32624,82,11.0,32.0,0.0
1783936570.2,795,32624,82,9.0,32.0,0.0
1783936570.8,795,32624,82,9.0,32.0,0.0
1783936571.4,795,32624,82,9.0,32.0,0.0
1783936572.0,795,32624,82,9.0,32.0,0.0
1783936572.6,795,32624,80,12.0,33.0,0.0
1783936573.2,797,32624,89,14.0,33.0,0.0
1783936573.8,797,32624,80,11.0,33.0,0.0
1783936574.4,797,32624,80,11.0,33.0,0.0
1783936575.0,797,32624,80,9.0,32.0,0.0
1783936575.6,797,32624,79,14.0,32.0,240.0
1783936576.2,797,32624,79,11.0,33.0,0.0
1783936576.8,797,32624,92,11.0,33.0,0.0
1783936577.4,795,32624,82,24.0,33.0,29.0
1783936578.0,795,32624,82,11.0,32.0,0.0
1783936578.6,795,32624,82,10.0,33.0,0.0
1783936579.2,795,32624,69,11.0,32.0,0.0
1783936579.8,795,32624,69,10.0,33.0,0.0
1783936580.4,795,32624,69,10.0,32.0,0.0
1783936581.0,795,32624,69,10.0,32.0,0.0
1783936581.6,795,32624,69,11.0,33.0,0.0
1783936582.2,795,32624,69,11.0,33.0,0.0
1783936582.7,795,32624,69,11.0,33.0,0.0
1783936583.3,795,32624,69,9.0,32.0,0.0
1783936583.9,795,32624,69,10.0,32.0,0.0
1783936584.5,795,32624,69,11.0,32.0,0.0
1783936585.1,795,32624,82,10.0,33.0,0.0
1783936585.7,795,32624,82,11.0,33.0,0.0
1783936586.3,795,32624,69,18.0,33.0,0.0
1783936586.9,795,32624,82,12.0,32.0,0.0
1783936587.5,795,32624,82,10.0,33.0,0.0
1783936588.1,795,32624,82,10.0,32.0,0.0
1783936588.7,795,32624,82,10.0,33.0,0.0
1783936589.3,795,32624,82,9.0,33.0,0.0
1783936589.9,795,32624,82,9.0,32.0,0.0
1783936590.5,795,32624,82,9.0,32.0,0.0
1783936591.1,795,32624,82,9.0,32.0,0.0
1783936591.7,795,32624,69,11.0,33.0,0.0
1783936592.3,795,32624,82,11.0,33.0,0.0
1783936592.9,795,32624,79,25.0,33.0,60.0
1783936593.6,795,32624,97,23.0,33.0,246.0
1783936594.2,795,32624,107,11.0,33.0,0.0
1783936594.8,795,32624,84,15.0,33.0,11.0
1783936595.4,795,32624,68,11.0,33.0,0.0
1783936596.0,798,32624,109,25.0,33.0,53.0
1783936596.6,824,32624,133,22.0,33.0,0.0
1783936597.2,824,32624,133,22.0,33.0,0.0
1783936597.8,804,32624,102,11.0,33.0,0.0
1783936598.4,804,32624,102,11.0,33.0,0.0
1783936599.0,804,32624,92,10.0,33.0,0.0
1783936599.5,804,32624,92,10.0,33.0,0.0
1783936600.1,804,32624,82,22.0,33.0,0.0
1783936600.7,804,32624,82,11.0,33.0,0.0
1783936601.3,804,32624,82,10.0,33.0,0.0
1783936601.9,804,32624,82,10.0,33.0,0.0
1783936602.5,804,32624,82,8.0,33.0,0.0
1783936603.1,804,32624,82,9.0,33.0,0.0
1783936603.7,804,32624,102,25.0,33.0,95.0
1783936604.3,797,32624,100,26.0,33.0,4.0
1783936604.9,800,32624,100,10.0,33.0,0.0
1783936605.5,800,32624,100,22.0,33.0,0.0
1783936606.1,803,32624,100,11.0,33.0,0.0
1783936606.7,803,32624,100,10.0,33.0,0.0
1783936607.3,803,32624,100,12.0,33.0,0.0
1783936607.9,803,32624,90,10.0,33.0,0.0
1783936608.5,803,32624,80,11.0,33.0,316.0
1783936609.1,803,32624,80,10.0,32.0,0.0
1783936609.7,799,32624,100,22.0,33.0,0.0
1783936610.2,799,32624,100,11.0,33.0,0.0
1783936610.9,799,32624,100,10.0,33.0,0.0
1783936611.5,799,32624,88,10.0,33.0,0.0
1783936612.1,799,32624,88,9.0,32.0,0.0
1783936612.7,799,32624,88,10.0,33.0,0.0
1783936613.3,799,32624,88,10.0,33.0,0.0
1783936613.9,799,32624,88,11.0,33.0,0.0
1783936614.4,799,32624,88,10.0,33.0,0.0
1783936615.0,799,32624,88,12.0,33.0,0.0
1783936615.6,799,32624,88,10.0,33.0,0.0
1783936616.2,799,32624,88,10.0,32.0,0.0
1783936616.8,799,32624,88,11.0,33.0,0.0
1783936617.4,799,32624,88,10.0,33.0,0.0
1783936618.0,799,32624,88,10.0,32.0,0.0
1783936618.6,799,32624,88,9.0,33.0,0.0
1783936619.2,799,32624,88,9.0,33.0,0.0
1783936619.8,799,32624,88,10.0,33.0,0.0
1783936620.4,799,32624,88,11.0,32.0,0.0
1783936621.0,799,32624,88,11.0,33.0,0.0
1783936621.6,799,32624,88,12.0,33.0,0.0
1783936622.2,799,32624,88,10.0,33.0,0.0
1783936622.8,799,32624,88,11.0,32.0,0.0
1783936623.4,799,32624,88,10.0,32.0,0.0
1783936624.0,799,32624,88,10.0,33.0,0.0
1783936624.6,799,32624,88,12.0,32.0,0.0
1783936625.2,799,32624,88,10.0,32.0,0.0
1783936625.8,799,32624,88,9.0,32.0,0.0
1783936626.4,799,32624,88,22.0,33.0,0.0
1783936627.0,799,32624,88,10.0,32.0,0.0
1783936627.6,799,32624,88,10.0,32.0,0.0
1783936628.2,799,32624,88,9.0,32.0,0.0
1783936628.8,799,32624,88,10.0,32.0,0.0
1783936629.4,799,32624,88,22.0,32.0,0.0
1783936630.0,799,32624,88,10.0,32.0,0.0
1783936630.6,799,32624,88,11.0,32.0,0.0
1783936631.2,799,32624,88,10.0,32.0,0.0
1783936631.8,799,32624,88,9.0,32.0,0.0
1783936632.4,799,32624,88,10.0,32.0,0.0
1783936633.0,799,32624,88,9.0,32.0,0.0
1783936633.6,799,32624,88,9.0,32.0,0.0
1783936634.2,799,32624,88,10.0,32.0,0.0
1783936634.8,799,32624,88,11.0,32.0,0.0
1783936635.4,799,32624,88,12.0,32.0,0.0
1783936636.0,799,32624,88,12.0,32.0,0.0
1783936636.6,799,32624,88,11.0,32.0,0.0
1783936637.2,799,32624,88,9.0,32.0,0.0
1783936637.8,799,32624,88,11.0,32.0,0.0
1783936638.4,799,32624,88,11.0,32.0,0.0
1783936639.0,799,32624,88,11.0,32.0,0.0
1783936639.6,799,32624,88,11.0,33.0,0.0
1783936640.2,799,32624,88,10.0,33.0,0.0
1783936640.7,799,32624,88,8.0,32.0,0.0
1783936641.3,799,32624,88,9.0,32.0,0.0
1783936641.9,799,32624,88,10.0,32.0,0.0
1783936642.5,799,32624,88,10.0,32.0,0.0
1783936643.1,799,32624,88,13.0,32.0,0.0
1783936643.7,799,32624,88,12.0,32.0,0.0
1783936644.3,799,32624,88,11.0,32.0,0.0
1783936644.9,799,32624,88,9.0,32.0,0.0
1783936645.5,799,32624,88,9.0,32.0,0.0
1783936646.1,799,32624,88,9.0,32.0,0.0
1783936646.7,799,32624,88,10.0,32.0,0.0
1783936647.3,799,32624,88,10.0,32.0,0.0
1783936647.9,799,32624,88,9.0,32.0,0.0
1783936648.5,799,32624,88,12.0,32.0,0.0
1783936649.1,799,32624,88,9.0,32.0,0.0
1783936649.7,799,32624,88,22.0,32.0,0.0
1783936650.3,799,32624,88,11.0,32.0,0.0
1783936650.9,799,32624,88,9.0,32.0,0.0
1783936651.5,799,32624,88,8.0,32.0,0.0
1783936652.1,799,32624,88,10.0,32.0,0.0
1783936652.7,799,32624,88,10.0,32.0,0.0
1783936653.3,799,32624,88,11.0,32.0,0.0
1783936653.9,799,32624,88,10.0,32.0,0.0
1783936654.5,799,32624,88,11.0,32.0,0.0
1783936655.1,799,32624,88,11.0,32.0,0.0
1783936655.7,799,32624,88,10.0,32.0,0.0
1783936656.3,799,32624,88,9.0,32.0,0.0
1783936656.9,799,32624,88,10.0,32.0,0.0
1783936657.5,799,32624,88,10.0,32.0,0.0
1783936658.1,799,32624,88,9.0,32.0,0.0
1783936658.6,799,32624,88,9.0,32.0,0.0
1783936659.2,799,32624,88,9.0,32.0,0.0
1783936659.8,799,32624,88,10.0,32.0,0.0
1783936660.4,799,32624,88,9.0,33.0,0.0
1783936661.0,799,32624,88,9.0,32.0,0.0
1783936661.6,799,32624,88,10.0,32.0,0.0
1783936662.2,799,32624,88,9.0,32.0,0.0
1783936662.8,799,32624,88,9.0,32.0,0.0
1783936663.4,799,32624,88,9.0,32.0,0.0
1783936664.0,799,32624,88,9.0,32.0,0.0
1783936664.6,799,32624,88,10.0,32.0,0.0
1783936665.2,799,32624,88,9.0,32.0,0.0
1783936665.8,799,32624,88,10.0,32.0,0.0
1783936666.4,799,32624,88,10.0,32.0,0.0
1783936667.0,799,32624,88,9.0,32.0,0.0
1783936667.6,799,32624,88,9.0,32.0,0.0
1783936668.2,799,32624,88,11.0,32.0,0.0
1783936668.8,799,32624,88,10.0,32.0,0.0
1783936669.4,799,32624,88,9.0,32.0,0.0
1783936670.0,799,32624,88,10.0,32.0,0.0
1783936670.6,799,32624,88,10.0,32.0,0.0
1783936671.2,799,32624,88,9.0,32.0,0.0
1783936671.8,799,32624,88,10.0,32.0,0.0
1783936672.4,799,32624,88,9.0,32.0,0.0
1783936673.0,799,32624,88,11.0,32.0,0.0
1783936673.6,799,32624,88,9.0,32.0,0.0
1783936674.2,799,32624,88,10.0,32.0,0.0
1783936674.8,799,32624,88,11.0,32.0,0.0
1783936675.4,799,32624,88,10.0,32.0,0.0
1783936676.0,799,32624,88,9.0,32.0,0.0
1783936676.6,799,32624,88,9.0,32.0,0.0
1783936677.2,799,32624,88,9.0,32.0,0.0
1783936677.8,799,32624,88,12.0,32.0,0.0
1783936678.4,799,32624,88,12.0,32.0,0.0
1783936679.0,799,32624,88,10.0,32.0,0.0
1783936679.6,799,32624,88,10.0,32.0,0.0
1783936680.2,799,32624,88,11.0,32.0,0.0
1783936680.8,799,32624,88,11.0,32.0,0.0
1783936681.4,799,32624,88,10.0,32.0,0.0
1783936682.0,799,32624,88,9.0,32.0,0.0
1783936682.6,799,32624,88,10.0,32.0,0.0
1783936683.2,799,32624,88,10.0,32.0,0.0
1783936683.8,799,32624,88,11.0,32.0,0.0
1783936684.4,799,32624,88,13.0,32.0,0.0
1783936685.0,799,32624,88,22.0,32.0,0.0
1783936685.6,799,32624,88,11.0,32.0,0.0
1783936686.2,799,32624,88,10.0,32.0,0.0
1783936686.8,799,32624,88,10.0,32.0,0.0
1783936687.4,799,32624,88,10.0,32.0,0.0
1783936687.9,799,32624,88,12.0,32.0,0.0
1783936688.5,799,32624,88,10.0,32.0,0.0
1783936689.1,799,32624,88,9.0,32.0,0.0
1783936689.7,799,32624,88,10.0,32.0,0.0
1783936690.3,799,32624,88,9.0,32.0,0.0
1783936690.9,799,32624,88,10.0,32.0,0.0
1783936691.5,799,32624,88,11.0,32.0,0.0
1783936692.1,799,32624,88,9.0,32.0,0.0
1783936692.7,799,32624,88,10.0,32.0,0.0
1783936693.3,799,32624,88,11.0,32.0,0.0
1783936693.9,804,32624,92,11.0,32.0,0.0
1783936694.5,804,32624,92,10.0,32.0,0.0
1783936695.1,804,32624,92,10.0,32.0,0.0
1783936695.7,804,32624,90,10.0,32.0,0.0
1783936696.3,804,32624,90,10.0,32.0,0.0
1783936696.9,804,32624,90,9.0,32.0,0.0
1783936697.5,804,32624,90,8.0,32.0,0.0
1783936698.1,804,32624,90,10.0,32.0,0.0
1783936698.7,804,32624,90,10.0,32.0,0.0
1783936699.3,804,32624,90,10.0,32.0,0.0
1783936699.9,804,32624,90,12.0,32.0,0.0
1783936700.5,804,32624,90,12.0,32.0,0.0
1783936701.1,804,32624,90,10.0,32.0,0.0
1783936701.7,804,32624,100,22.0,32.0,0.0
1783936702.3,804,32624,100,22.0,32.0,0.0
1783936702.9,804,32624,90,13.0,32.0,472.0
1783936703.5,804,32624,100,17.0,33.0,0.0
1783936704.1,804,32624,102,18.0,33.0,0.0
1783936704.7,804,32624,97,11.0,32.0,0.0
1783936705.3,804,32624,88,14.0,32.0,39.0
1783936705.9,804,32624,88,11.0,32.0,0.0
1783936706.5,804,32624,88,11.0,32.0,0.0
1783936707.1,804,32624,97,27.0,32.0,367.0
1783936707.7,816,32624,103,29.0,33.0,171.0
1783936708.3,816,32624,101,22.0,32.0,0.0
1783936708.9,816,32624,101,11.0,32.0,0.0
1783936709.5,819,32624,101,22.0,32.0,0.0
1783936710.1,819,32624,92,22.0,32.0,0.0
1783936710.7,819,32624,101,31.0,33.0,1030.0
1783936711.2,819,32624,101,11.0,32.0,0.0
1783936711.8,819,32624,101,11.0,32.0,0.0
1783936712.4,819,32624,101,11.0,32.0,0.0
1783936713.0,819,32624,92,14.0,32.0,23.0
1783936713.6,830,32624,105,22.0,33.0,0.0
1783936714.2,830,32624,105,13.0,33.0,0.0
1783936714.8,830,32624,96,11.0,32.0,0.0
1783936715.4,830,32624,96,9.0,32.0,0.0
1783936716.0,830,32624,96,9.0,32.0,0.0
1783936716.6,830,32624,96,10.0,32.0,0.0
1783936717.2,830,32624,96,8.0,32.0,0.0
1783936717.8,830,32624,96,9.0,32.0,0.0
1783936718.4,830,32624,96,9.0,32.0,0.0
1783936719.0,830,32624,96,9.0,32.0,0.0
1783936719.6,830,32624,96,10.0,32.0,0.0
1783936720.2,830,32624,96,10.0,32.0,0.0
1783936720.7,832,32624,98,11.0,32.0,0.0
1783936721.3,832,32624,98,11.0,32.0,0.0
1783936721.9,832,32624,98,11.0,32.0,0.0
1783936722.5,832,32624,98,10.0,32.0,0.0
1783936723.1,832,32624,98,10.0,32.0,0.0
1783936723.7,832,32624,98,10.0,32.0,0.0
1783936724.3,832,32624,98,10.0,32.0,0.0
1783936724.9,832,32624,98,10.0,32.0,0.0
1783936725.5,832,32624,96,22.0,32.0,0.0
1783936726.1,832,32624,96,11.0,32.0,0.0
1783936726.7,832,32624,96,10.0,32.0,0.0
1783936727.3,832,32624,96,9.0,32.0,0.0
1783936727.9,832,32624,96,11.0,32.0,0.0
1783936728.5,832,32624,96,9.0,32.0,0.0
1783936729.1,832,32624,96,11.0,32.0,0.0
1783936729.6,832,32624,96,9.0,32.0,0.0
1783936730.2,832,32624,96,12.0,32.0,0.0
1783936730.8,832,32624,96,10.0,32.0,0.0
1783936731.4,832,32624,96,9.0,32.0,0.0
1783936732.0,832,32624,96,10.0,32.0,0.0
1783936732.6,832,32624,96,10.0,32.0,0.0
1783936733.2,832,32624,96,9.0,32.0,0.0
1783936733.8,832,32624,96,11.0,32.0,0.0
1783936734.4,832,32624,96,10.0,32.0,0.0
1783936735.0,832,32624,96,11.0,32.0,0.0
1783936735.6,832,32624,96,10.0,32.0,0.0
1783936736.2,832,32624,96,12.0,32.0,0.0
1783936736.8,832,32624,96,11.0,32.0,0.0
1783936737.4,832,32624,96,9.0,32.0,0.0
1783936738.0,832,32624,96,11.0,32.0,0.0
1783936738.6,832,32624,96,9.0,32.0,0.0
1783936739.2,832,32624,96,11.0,32.0,0.0
1783936739.8,832,32624,96,10.0,32.0,0.0
1783936740.4,832,32624,96,12.0,32.0,0.0
1783936741.0,828,32624,96,26.0,32.0,1711.0
1783936741.6,828,32624,96,11.0,32.0,0.0
1783936742.2,828,32624,96,11.0,32.0,0.0
1783936742.8,828,32624,94,26.0,32.0,957.0
1783936743.4,830,32624,98,27.0,32.0,1192.0
1783936744.0,830,32624,108,22.0,32.0,0.0
1783936744.6,830,32624,99,22.0,32.0,0.0
1783936745.2,830,32624,99,11.0,32.0,0.0
1783936745.8,830,32624,99,10.0,33.0,0.0
1783936746.4,830,32624,89,11.0,32.0,0.0
1783936747.0,830,32624,89,10.0,32.0,0.0
1783936747.6,830,32624,89,10.0,32.0,0.0
1783936748.2,830,32624,89,10.0,32.0,0.0
1783936748.8,830,32624,89,11.0,32.0,0.0
1783936749.4,830,32624,89,22.0,32.0,0.0
1783936750.0,830,32624,89,11.0,32.0,0.0
1783936750.6,830,32624,89,12.0,32.0,0.0
1783936751.2,830,32624,89,10.0,32.0,0.0
1783936751.8,830,32624,89,10.0,32.0,0.0
1783936752.4,830,32624,89,9.0,32.0,0.0
1783936753.0,830,32624,89,9.0,32.0,0.0
1783936753.6,830,32624,89,12.0,32.0,0.0
1783936754.2,830,32624,89,9.0,32.0,0.0
1783936754.8,830,32624,91,10.0,33.0,0.0
1783936755.4,830,32624,91,10.0,32.0,0.0
1783936756.0,830,32624,91,11.0,32.0,0.0
1783936756.6,830,32624,89,10.0,32.0,0.0
1783936757.2,830,32624,89,10.0,32.0,0.0
1783936757.8,830,32624,79,9.0,32.0,0.0
1783936758.4,830,32624,79,11.0,32.0,0.0
1783936758.9,830,32624,79,10.0,32.0,0.0
1783936759.5,830,32624,79,9.0,32.0,0.0
1783936760.1,830,32624,79,10.0,32.0,0.0
1783936760.7,830,32624,79,10.0,32.0,0.0
1783936761.3,830,32624,79,12.0,32.0,0.0
1783936761.9,830,32624,79,10.0,32.0,0.0
1783936762.5,830,32624,79,9.0,32.0,0.0
1783936763.1,830,32624,79,10.0,32.0,0.0
1783936763.7,830,32624,79,10.0,32.0,0.0
1783936764.3,830,32624,79,9.0,32.0,0.0
1783936764.9,830,32624,79,9.0,32.0,0.0
1783936765.5,830,32624,79,22.0,32.0,0.0
1783936766.1,830,32624,79,11.0,32.0,0.0
1783936766.7,830,32624,79,10.0,32.0,0.0
1783936767.3,830,32624,79,10.0,32.0,0.0
1783936767.9,826,32624,79,9.0,32.0,0.0
1783936768.5,826,32624,79,10.0,32.0,0.0
1783936769.0,826,32624,79,9.0,32.0,0.0
1783936769.6,826,32624,79,9.0,32.0,0.0
1783936770.2,826,32624,79,9.0,32.0,0.0
1783936770.8,826,32624,79,10.0,32.0,0.0
1783936771.4,826,32624,79,10.0,32.0,0.0
1783936772.0,826,32624,79,9.0,32.0,0.0
1783936772.6,826,32624,79,9.0,32.0,0.0
1783936773.2,826,32624,79,9.0,32.0,0.0
1783936773.8,826,32624,79,11.0,32.0,0.0
1783936774.4,826,32624,79,11.0,32.0,0.0
1783936775.0,826,32624,79,10.0,32.0,0.0
1783936775.6,826,32624,79,10.0,32.0,0.0
1783936776.2,826,32624,79,10.0,32.0,0.0
1783936776.8,826,32624,79,9.0,32.0,0.0
1783936777.4,826,32624,79,10.0,32.0,0.0
1783936778.0,826,32624,79,10.0,32.0,0.0
1783936778.5,826,32624,79,9.0,32.0,0.0
1783936779.1,826,32624,79,8.0,32.0,0.0
1783936779.7,826,32624,79,10.0,32.0,0.0
1783936780.3,826,32624,79,9.0,32.0,0.0
1783936780.9,826,32624,79,9.0,32.0,0.0
1783936781.5,826,32624,79,10.0,32.0,0.0
1783936782.1,826,32624,79,9.0,32.0,0.0
1783936782.7,826,32624,79,9.0,32.0,0.0
1783936783.3,826,32624,79,10.0,32.0,0.0
1783936783.9,826,32624,79,9.0,32.0,0.0
1783936784.5,826,32624,79,9.0,32.0,0.0
1783936785.1,826,32624,79,10.0,32.0,0.0
1783936785.7,826,32624,79,9.0,32.0,0.0
1783936786.3,826,32624,79,10.0,32.0,0.0
1783936786.9,826,32624,79,9.0,32.0,0.0
1783936787.5,826,32624,79,10.0,32.0,0.0
1783936788.0,826,32624,79,10.0,32.0,0.0
1783936788.6,826,32624,79,10.0,32.0,0.0
1783936789.2,826,32624,79,9.0,32.0,0.0
1783936789.8,826,32624,79,11.0,32.0,0.0
1783936790.4,826,32624,79,10.0,32.0,0.0
1783936791.0,826,32624,79,10.0,32.0,0.0
1783936791.6,826,32624,79,9.0,32.0,0.0
1783936792.2,826,32624,79,9.0,32.0,0.0
1783936792.8,826,32624,79,10.0,32.0,0.0
1783936793.4,826,32624,79,9.0,32.0,0.0
1783936794.0,826,32624,79,9.0,32.0,0.0
1783936794.6,826,32624,79,10.0,32.0,0.0
1783936795.2,826,32624,79,10.0,32.0,0.0
1783936795.8,826,32624,79,10.0,32.0,0.0
1783936796.4,826,32624,79,22.0,32.0,0.0
1783936797.0,826,32624,79,11.0,32.0,0.0
1783936797.6,826,32624,79,10.0,32.0,0.0
1783936798.2,826,32624,79,11.0,32.0,0.0
1783936798.8,826,32624,79,11.0,32.0,0.0
1783936799.4,826,32624,79,10.0,32.0,0.0
1783936800.0,826,32624,79,9.0,32.0,0.0
1783936800.6,826,32624,79,11.0,32.0,0.0
1783936801.2,826,32624,79,11.0,32.0,0.0
1783936801.8,826,32624,79,10.0,32.0,0.0
1783936802.4,826,32624,79,10.0,32.0,0.0
1783936803.0,826,32624,79,10.0,32.0,0.0
1783936803.5,826,32624,79,11.0,32.0,0.0
1783936804.1,826,32624,79,9.0,32.0,0.0
1783936804.7,826,32624,79,9.0,32.0,0.0
1783936805.3,826,32624,79,10.0,32.0,0.0
1783936805.9,826,32624,79,11.0,32.0,0.0
1783936806.5,826,32624,79,9.0,32.0,0.0
1783936807.1,826,32624,79,10.0,32.0,0.0
1783936807.7,826,32624,79,10.0,32.0,0.0
1783936808.3,826,32624,79,10.0,32.0,0.0
1783936808.9,826,32624,79,10.0,32.0,0.0
1783936809.5,826,32624,79,10.0,32.0,0.0
1783936810.1,826,32624,79,9.0,32.0,0.0
1783936810.7,826,32624,79,10.0,32.0,0.0
1783936811.3,826,32624,79,10.0,32.0,0.0
1783936811.9,826,32624,79,9.0,32.0,0.0
1783936812.5,822,32624,99,22.0,32.0,10.0
1783936813.1,822,32624,99,10.0,32.0,0.0
1783936813.7,822,32624,99,11.0,32.0,0.0
1783936814.3,822,32624,99,9.0,32.0,0.0
1783936814.9,822,32624,89,10.0,32.0,0.0
1783936815.5,822,32624,89,10.0,32.0,0.0
1783936816.1,822,32624,89,10.0,32.0,0.0
1783936816.7,822,32624,89,10.0,32.0,0.0
1783936817.3,822,32624,89,9.0,32.0,0.0
1783936817.9,822,32624,89,9.0,32.0,0.0
1783936818.5,822,32624,89,9.0,32.0,0.0
1783936819.1,822,32624,89,9.0,32.0,0.0
1783936819.7,822,32624,89,10.0,32.0,0.0
1783936820.3,822,32624,89,9.0,32.0,0.0
1783936820.9,822,32624,89,10.0,32.0,0.0
1783936821.5,822,32624,89,23.0,32.0,0.0
1783936822.1,822,32624,89,10.0,32.0,0.0
1783936822.7,822,32624,89,10.0,32.0,0.0
1783936823.3,822,32624,89,10.0,32.0,0.0
1783936823.8,822,32624,89,10.0,32.0,0.0
1783936824.4,822,32624,89,10.0,32.0,0.0
1783936825.0,822,32624,89,12.0,32.0,0.0
1783936825.6,822,32624,89,11.0,32.0,0.0
1783936826.2,822,32624,89,10.0,32.0,0.0
1783936826.8,822,32624,89,11.0,32.0,0.0
1783936827.4,822,32624,89,11.0,32.0,0.0
1783936828.1,822,32624,89,9.0,32.0,0.0
1783936828.7,822,32624,89,10.0,32.0,0.0
1783936829.3,829,32624,101,12.0,32.0,0.0
1783936829.9,829,32624,101,12.0,32.0,0.0
1783936830.4,829,32624,101,10.0,32.0,0.0
1783936831.0,829,32624,91,9.0,32.0,0.0
1783936831.6,829,32624,91,10.0,32.0,0.0
1783936832.2,829,32624,81,10.0,32.0,0.0
1783936832.8,829,32624,81,10.0,32.0,0.0
1783936833.4,829,32624,81,10.0,32.0,0.0
1783936834.0,829,32624,81,10.0,32.0,0.0
1783936834.6,829,32624,81,9.0,32.0,0.0
1783936835.2,829,32624,81,9.0,32.0,0.0
1783936835.8,829,32624,81,10.0,32.0,0.0
1783936836.4,829,32624,91,11.0,32.0,0.0
1783936837.0,829,32624,91,25.0,32.0,914.0
1783936837.6,829,32624,91,22.0,32.0,0.0
1783936838.2,829,32624,89,22.0,32.0,0.0
1783936838.8,829,32624,89,11.0,32.0,0.0
1783936839.4,829,32624,89,11.0,32.0,0.0
1783936840.0,829,32624,89,11.0,32.0,0.0
1783936840.6,829,32624,89,11.0,32.0,0.0
1783936841.2,829,32624,79,9.0,32.0,0.0
1783936841.8,829,32624,79,10.0,32.0,0.0
1783936842.4,829,32624,79,10.0,32.0,0.0
1783936843.0,829,32624,79,10.0,32.0,0.0
1783936843.6,829,32624,79,11.0,32.0,0.0
1783936844.2,829,32624,89,26.0,32.0,393.0
1783936844.8,829,32624,89,12.0,32.0,0.0
1783936845.4,829,32624,89,22.0,32.0,0.0
1783936846.0,829,32624,89,12.0,32.0,0.0
1783936846.6,829,32624,89,22.0,32.0,0.0
1783936847.2,829,32624,89,10.0,32.0,0.0
1783936847.8,829,32624,99,12.0,33.0,0.0
1783936848.4,829,32624,99,11.0,32.0,0.0
1783936849.0,829,32624,101,11.0,33.0,0.0
1783936849.6,829,32624,101,11.0,32.0,0.0
1783936850.2,829,32624,101,26.0,32.0,76.0
1783936850.8,832,32624,103,25.0,33.0,18.0
1783936851.4,842,32624,103,12.0,32.0,0.0
1783936851.9,842,32624,101,23.0,33.0,0.0
1783936852.5,842,32624,101,11.0,32.0,0.0
1783936853.1,842,32624,101,10.0,32.0,0.0
1783936853.7,842,32624,91,11.0,32.0,0.0
1783936854.3,842,32624,91,10.0,32.0,0.0
1783936854.9,842,32624,91,11.0,32.0,0.0
1783936855.5,842,32624,91,12.0,32.0,0.0
1783936856.1,842,32624,91,10.0,32.0,0.0
1783936856.7,842,32624,91,10.0,32.0,0.0
1783936857.3,842,32624,91,10.0,32.0,0.0
1783936857.9,842,32624,91,10.0,32.0,0.0
1783936858.5,842,32624,91,9.0,32.0,0.0
1783936859.1,842,32624,91,9.0,32.0,0.0
1783936859.7,842,32624,91,10.0,32.0,0.0
1783936860.3,842,32624,91,11.0,32.0,0.0
1783936860.8,842,32624,91,11.0,32.0,0.0
1783936861.5,842,32624,91,22.0,32.0,0.0
1783936862.1,842,32624,91,12.0,32.0,0.0
1783936862.6,842,32624,91,11.0,32.0,0.0
1783936863.3,842,32624,91,11.0,32.0,0.0
1783936863.8,842,32624,91,10.0,32.0,0.0
1783936864.4,842,32624,91,10.0,32.0,0.0
1783936865.0,842,32624,91,10.0,32.0,0.0
1783936865.6,846,32624,101,19.0,33.0,0.0
1783936866.2,846,32624,101,10.0,32.0,0.0
1783936866.8,836,32624,99,22.0,32.0,368.0
1783936867.4,836,32624,99,26.0,33.0,20.0
1783936868.0,836,32624,99,11.0,32.0,0.0
1783936868.7,836,32624,99,9.0,32.0,0.0
1783936869.3,836,32624,99,11.0,32.0,0.0
1783936869.9,836,32624,99,11.0,32.0,0.0
1783936870.4,836,32624,89,11.0,32.0,0.0
1783936871.0,836,32624,89,9.0,32.0,0.0
1783936871.6,836,32624,79,9.0,32.0,0.0
1783936872.2,836,32624,79,10.0,32.0,0.0
1783936872.8,836,32624,79,10.0,32.0,0.0
1783936873.4,841,32624,81,13.0,32.0,303.0
1783936874.0,843,32624,81,10.0,32.0,0.0
1783936874.6,843,32624,81,8.0,32.0,0.0
1783936875.2,843,32624,81,10.0,32.0,0.0
1783936875.8,843,32624,81,9.0,32.0,0.0
1783936876.4,843,32624,81,10.0,32.0,0.0
1783936877.0,843,32624,81,11.0,32.0,0.0
1783936877.6,843,32624,81,9.0,32.0,0.0
1783936878.2,843,32624,81,10.0,32.0,0.0
1783936878.8,843,32624,81,10.0,32.0,0.0
1783936879.4,843,32624,81,10.0,32.0,0.0
1783936880.0,843,32624,81,10.0,33.0,0.0
1783936880.6,843,32624,91,22.0,32.0,0.0
1783936881.2,843,32624,101,11.0,32.0,0.0
1783936881.8,861,32624,101,26.0,33.0,217.0
1783936882.4,861,32624,101,11.0,32.0,0.0
1783936883.0,861,32624,101,22.0,33.0,0.0
1783936883.6,861,32624,101,11.0,33.0,0.0
1783936884.2,861,32624,101,10.0,32.0,0.0
1783936884.8,861,32624,91,9.0,32.0,0.0
1783936885.3,861,32624,91,11.0,32.0,0.0
1783936885.9,859,32624,81,10.0,32.0,0.0
1783936886.5,859,32624,81,9.0,32.0,0.0
1783936887.1,859,32624,81,9.0,32.0,0.0
1783936887.7,859,32624,81,10.0,32.0,0.0
1783936888.3,845,32624,81,9.0,32.0,0.0
1783936888.9,845,32624,81,9.0,32.0,0.0
1783936889.5,845,32624,81,11.0,32.0,0.0
1783936890.1,845,32624,81,11.0,32.0,0.0
1783936890.7,845,32624,81,10.0,32.0,0.0
1783936891.3,845,32624,81,10.0,32.0,0.0
1783936891.9,845,32624,81,9.0,32.0,0.0
1783936892.5,845,32624,81,10.0,32.0,0.0
1783936893.1,845,32624,81,9.0,32.0,0.0
1783936893.7,845,32624,81,9.0,32.0,0.0
1783936894.3,845,32624,81,11.0,32.0,0.0
1783936894.9,845,32624,81,10.0,32.0,0.0
1783936895.5,845,32624,81,9.0,32.0,0.0
1783936896.1,845,32624,81,10.0,32.0,0.0
1783936896.7,845,32624,81,9.0,32.0,0.0
1783936897.3,845,32624,81,10.0,32.0,0.0
1783936897.9,845,32624,81,10.0,32.0,0.0
1783936898.4,845,32624,81,9.0,32.0,0.0
1783936899.1,845,32624,81,10.0,32.0,0.0
1783936899.6,845,32624,81,9.0,32.0,0.0
1783936900.2,845,32624,81,10.0,32.0,0.0
1783936900.8,845,32624,81,10.0,32.0,0.0
1783936901.4,845,32624,81,10.0,32.0,0.0
1783936902.0,845,32624,81,11.0,32.0,0.0
1783936902.6,845,32624,81,9.0,32.0,0.0
1783936903.2,845,32624,81,10.0,32.0,0.0
1783936903.8,845,32624,81,9.0,32.0,0.0
1783936904.4,845,32624,81,9.0,32.0,0.0
1783936905.0,845,32624,81,9.0,32.0,0.0
1783936905.6,845,32624,81,9.0,32.0,0.0
1783936906.2,845,32624,81,10.0,32.0,0.0
1783936906.8,845,32624,81,10.0,32.0,0.0
1783936907.4,845,32624,81,10.0,32.0,0.0
1783936908.0,845,32624,81,9.0,32.0,0.0
1783936908.6,845,32624,81,10.0,32.0,0.0
1783936909.2,845,32624,81,9.0,32.0,0.0
1783936909.7,845,32624,81,9.0,32.0,0.0
1783936910.3,845,32624,81,10.0,32.0,0.0
1783936910.9,845,32624,81,9.0,32.0,0.0
1783936911.5,845,32624,81,10.0,32.0,0.0
1783936912.1,845,32624,81,10.0,32.0,0.0
1783936912.7,845,32624,81,10.0,32.0,0.0
1783936913.3,845,32624,81,9.0,32.0,0.0
1783936913.9,845,32624,81,10.0,32.0,0.0
1783936914.5,845,32624,81,10.0,32.0,0.0
1783936915.1,845,32624,81,10.0,32.0,0.0
1783936915.7,845,32624,91,26.0,32.0,45.0
1783936916.3,843,32624,101,28.0,32.0,1003.0
1783936916.9,843,32624,101,28.0,32.0,812.0
1783936917.5,843,32624,101,27.0,33.0,33.0
1783936918.1,843,32624,99,25.0,32.0,27.0
1783936918.7,843,32624,99,11.0,32.0,0.0
1783936919.3,843,32624,99,11.0,32.0,0.0
1783936919.9,843,32624,99,9.0,32.0,0.0
1783936920.5,843,32624,99,11.0,32.0,0.0
1783936921.1,843,32624,77,11.0,32.0,0.0
1783936921.7,843,32624,77,9.0,32.0,0.0
1783936922.3,843,32624,77,10.0,32.0,0.0
1783936922.8,843,32624,77,10.0,32.0,0.0
1783936923.4,843,32624,77,9.0,32.0,0.0
1783936924.0,843,32624,77,11.0,32.0,0.0
1783936924.6,843,32624,77,10.0,32.0,0.0
1783936925.2,843,32624,77,9.0,32.0,0.0
1783936925.8,843,32624,77,10.0,32.0,0.0
1783936926.4,843,32624,77,9.0,32.0,0.0
1783936927.0,843,32624,77,9.0,32.0,0.0
1783936927.6,843,32624,77,10.0,32.0,0.0
1783936928.2,843,32624,77,10.0,32.0,0.0
1783936928.8,843,32624,77,10.0,32.0,0.0
1783936929.4,843,32624,77,9.0,32.0,0.0
1783936930.0,843,32624,77,10.0,32.0,0.0
1783936930.6,843,32624,77,9.0,32.0,0.0
1783936931.2,843,32624,77,10.0,32.0,0.0
1783936931.7,843,32624,77,9.0,32.0,0.0
1783936932.3,843,32624,77,9.0,32.0,0.0
1783936932.9,843,32624,77,10.0,32.0,0.0
1783936933.5,837,32624,75,22.0,32.0,0.0
1783936934.1,837,32624,75,11.0,32.0,0.0
1783936934.7,837,32624,75,10.0,32.0,0.0
1783936935.3,837,32624,75,9.0,32.0,0.0
1783936935.9,837,32624,75,9.0,32.0,0.0
1783936936.5,837,32624,75,10.0,32.0,0.0
1783936937.1,833,32624,85,26.0,32.0,25.0
1783936937.7,837,32624,97,25.0,33.0,21.0
1783936938.3,835,32624,97,25.0,33.0,8.0
1783936938.9,835,32624,97,22.0,32.0,0.0
1783936939.5,835,32624,97,11.0,32.0,0.0
1783936940.1,835,32624,97,26.0,32.0,24.0
1783936940.7,835,32624,97,25.0,33.0,34.0
1783936941.3,835,32624,97,33.0,32.0,594.0
1783936941.9,835,32624,97,25.0,33.0,35.0
1783936942.5,835,32624,97,26.0,33.0,132.0
1783936943.0,835,32624,97,26.0,33.0,17.0
1783936943.7,835,32624,99,29.0,33.0,1331.0
1783936944.3,835,32624,99,27.0,33.0,12.0
1783936944.9,835,32624,99,30.0,33.0,877.0
1783936945.5,850,32624,99,26.0,33.0,1635.0
1783936946.1,850,32624,97,26.0,33.0,1570.0
1783936946.7,850,32624,97,24.0,33.0,500.0
1783936947.3,850,32624,97,11.0,33.0,0.0
1783936947.9,850,32624,97,11.0,32.0,0.0
1783936948.5,850,32624,85,9.0,32.0,0.0
1783936949.1,850,32624,85,10.0,32.0,0.0
1783936949.7,850,32624,66,25.0,32.0,6.0
1783936950.3,850,32624,66,11.0,32.0,0.0
1783936950.9,850,32624,66,10.0,32.0,0.0
1783936951.5,850,32624,64,14.0,32.0,22.0
1783936952.1,846,32624,66,15.0,32.0,1405.0
1783936952.7,846,32624,89,26.0,33.0,40.0
1783936953.3,846,32624,67,11.0,32.0,0.0
1783936953.9,846,32624,67,12.0,32.0,0.0
1783936954.5,846,32624,70,11.0,33.0,0.0
1783936955.1,846,32624,70,11.0,32.0,0.0
1783936955.7,846,32624,70,12.0,32.0,0.0
1783936956.3,846,32624,72,11.0,32.0,0.0
1783936956.9,846,32624,72,10.0,32.0,0.0
1783936957.5,846,32624,72,10.0,32.0,0.0
1783936958.1,846,32624,79,14.0,32.0,457.0
1783936958.7,846,32624,71,11.0,32.0,0.0
1783936959.3,846,32624,71,13.0,32.0,533.0
1783936959.9,846,32624,71,13.0,32.0,20.0
1783936960.5,846,32624,71,11.0,32.0,0.0
1783936961.1,846,32624,71,11.0,32.0,0.0
1783936961.7,846,32624,71,11.0,32.0,0.0
1783936962.3,846,32624,71,13.0,32.0,0.0
1783936962.9,846,32624,71,11.0,32.0,0.0
1783936963.4,846,32624,67,11.0,32.0,0.0
1783936964.0,846,32624,67,11.0,32.0,0.0
1783936964.6,846,32624,67,19.0,32.0,77.0
1783936965.2,846,32624,67,11.0,32.0,0.0
1783936965.8,846,32624,67,26.0,32.0,25.0
1783936966.4,846,32624,67,11.0,32.0,0.0
1783936967.0,846,32624,67,11.0,32.0,0.0
1783936967.7,846,32624,67,10.0,32.0,0.0
1783936968.2,846,32624,64,12.0,32.0,0.0
1783936968.8,846,32624,64,11.0,32.0,0.0
1783936969.4,846,32624,67,11.0,32.0,0.0
1783936970.0,846,32624,67,11.0,32.0,0.0
1783936970.6,846,32624,67,11.0,33.0,0.0
1783936971.2,846,32624,67,19.0,32.0,1190.0
1783936971.8,846,32624,67,11.0,32.0,0.0
1783936972.4,846,32624,81,25.0,33.0,0.0
1783936973.0,846,32624,68,11.0,33.0,0.0
1783936973.6,846,32624,68,10.0,32.0,0.0
1783936974.2,846,32624,66,17.0,32.0,273.0
1783936974.8,846,32624,82,11.0,33.0,0.0
1783936975.4,846,32624,82,10.0,32.0,0.0
1783936976.0,846,32624,66,16.0,32.0,1438.0
1783936976.6,846,32624,66,11.0,32.0,0.0
1783936977.2,846,32624,74,26.0,33.0,1214.0
1783936977.8,846,32624,90,25.0,33.0,16.0
1783936978.4,846,32624,123,23.0,33.0,0.0
1783936979.0,846,32624,122,24.0,33.0,500.0
1783936979.6,846,32624,102,22.0,33.0,0.0
1783936980.2,846,32624,102,11.0,33.0,0.0
1783936980.8,846,32624,102,11.0,32.0,0.0
1783936981.4,846,32624,102,11.0,32.0,0.0
1783936982.0,846,32624,102,11.0,32.0,0.0
1783936982.6,846,32624,79,26.0,33.0,1164.0
1783936983.2,846,32624,66,11.0,33.0,0.0
1783936983.8,846,32624,66,12.0,32.0,0.0
1783936984.4,846,32624,66,10.0,33.0,0.0
1783936985.0,846,32624,66,10.0,32.0,0.0
1783936985.6,846,32624,66,10.0,32.0,0.0
1783936986.2,846,32624,66,10.0,32.0,0.0
1783936986.8,846,32624,66,10.0,32.0,0.0
1783936987.4,846,32624,83,22.0,33.0,0.0
1783936988.0,846,32624,87,28.0,33.0,1428.0
1783936988.6,846,32624,89,11.0,33.0,0.0
1783936989.2,846,32624,89,11.0,32.0,0.0
1783936989.8,846,32624,89,11.0,32.0,0.0
1783936990.4,846,32624,89,11.0,32.0,0.0
1783936991.0,846,32624,71,11.0,33.0,0.0
1783936991.6,846,32624,71,11.0,33.0,0.0
1783936992.2,846,32624,71,10.0,33.0,0.0
1783936992.7,846,32624,71,11.0,33.0,0.0
1783936993.3,846,32624,85,12.0,33.0,0.0
1783936993.9,846,32624,71,11.0,32.0,0.0
1783936994.5,846,32624,71,12.0,33.0,0.0
1783936995.1,846,32624,70,11.0,33.0,0.0
1783936995.7,846,32624,67,12.0,33.0,0.0
1783936996.3,846,32624,74,11.0,32.0,0.0
1783936996.9,846,32624,74,12.0,32.0,0.0
1783936997.5,846,32624,68,11.0,32.0,0.0
1783936998.1,846,32624,68,11.0,32.0,0.0
1783936998.7,846,32624,68,11.0,32.0,0.0
1783936999.3,846,32624,68,12.0,32.0,0.0
1783936999.9,846,32624,68,11.0,32.0,0.0
1783937000.5,846,32624,68,10.0,32.0,0.0
1783937001.0,846,32624,68,11.0,32.0,0.0
1783937001.6,846,32624,68,12.0,33.0,0.0
1783937002.2,846,32624,68,10.0,33.0,0.0
1783937002.8,846,32624,68,11.0,32.0,0.0
1783937003.4,846,32624,79,14.0,33.0,37.0
1783937004.0,846,32624,79,12.0,33.0,0.0
1783937004.6,846,32624,79,12.0,32.0,0.0
1783937005.2,846,32624,79,10.0,33.0,0.0
1783937005.8,846,32624,94,10.0,33.0,0.0
1783937006.4,846,32624,87,22.0,33.0,0.0
1783937007.0,846,32624,86,26.0,33.0,80.0
1783937007.6,846,32624,101,26.0,33.0,1623.0
1783937008.2,846,32624,89,12.0,33.0,242.0
1783937008.8,846,32624,76,10.0,33.0,0.0
1783937009.4,846,32624,74,11.0,33.0,0.0
1783937010.0,846,32624,74,10.0,32.0,0.0
1783937010.6,846,32624,74,12.0,33.0,0.0
1783937011.2,846,32624,74,12.0,33.0,0.0
1783937011.8,846,32624,74,15.0,33.0,19.0
1783937012.4,846,32624,67,11.0,33.0,0.0
1783937013.0,846,32624,75,22.0,33.0,0.0
1783937013.5,846,32624,75,11.0,33.0,0.0
1783937014.1,846,32624,75,12.0,32.0,0.0
1783937014.7,846,32624,67,10.0,33.0,0.0
1783937015.3,846,32624,67,10.0,32.0,0.0
1783937015.9,846,32624,74,15.0,33.0,32.0
1783937016.5,846,32624,74,10.0,32.0,0.0
1783937017.1,846,32624,74,12.0,32.0,0.0
1783937017.7,846,32624,68,11.0,32.0,0.0
1783937018.3,846,32624,68,16.0,32.0,1210.0
1783937018.9,846,32624,68,12.0,32.0,119.0
1783937019.5,846,32624,68,15.0,32.0,44.0
1783937020.1,846,32624,68,11.0,32.0,0.0
1783937020.6,846,32624,68,11.0,32.0,0.0
1783937021.2,846,32624,68,11.0,33.0,0.0
1783937021.8,846,32624,68,12.0,32.0,0.0
1783937022.4,846,32624,68,12.0,32.0,0.0
1783937023.0,846,32624,71,16.0,33.0,6.0
1783937023.6,846,32624,71,11.0,33.0,0.0
1783937024.2,846,32624,69,11.0,33.0,0.0
1783937024.8,846,32624,69,12.0,33.0,0.0
1783937025.4,846,32624,69,11.0,32.0,0.0
1783937026.0,846,32624,70,11.0,32.0,0.0
1783937026.6,846,32624,70,10.0,32.0,0.0
1783937027.2,846,32624,70,11.0,32.0,0.0
1783937027.8,846,32624,77,11.0,33.0,0.0
1783937028.3,846,32624,77,11.0,33.0,0.0
1783937028.9,846,32624,77,11.0,33.0,0.0
1783937029.5,846,32624,77,10.0,32.0,0.0
1783937030.1,846,32624,64,11.0,32.0,0.0
1783937030.7,846,32624,64,11.0,32.0,0.0
1783937031.3,846,32624,64,12.0,32.0,0.0
1783937031.9,846,32624,64,10.0,32.0,0.0
1783937032.5,846,32624,64,12.0,32.0,0.0
1783937033.1,846,32624,64,11.0,33.0,0.0
1783937033.7,846,32624,64,10.0,32.0,0.0
1783937034.3,846,32624,64,10.0,32.0,0.0
1783937034.9,846,32624,64,11.0,33.0,0.0
1783937035.4,846,32624,64,11.0,32.0,0.0
1783937036.0,846,32624,64,12.0,32.0,0.0
1783937036.6,846,32624,64,11.0,32.0,0.0
1783937037.2,846,32624,64,11.0,32.0,0.0
1783937037.8,846,32624,64,10.0,32.0,0.0
1783937038.4,846,32624,66,12.0,32.0,0.0
1783937039.0,846,32624,66,12.0,32.0,0.0
1783937039.6,846,32624,66,11.0,32.0,0.0
1783937040.2,846,32624,66,12.0,32.0,0.0
1783937040.8,846,32624,66,11.0,33.0,0.0
1783937041.4,846,32624,66,11.0,32.0,0.0
1783937042.0,846,32624,66,9.0,32.0,0.0
1783937042.5,846,32624,66,9.0,32.0,0.0
1783937043.1,846,32624,77,12.0,32.0,0.0
1783937043.7,846,32624,77,9.0,32.0,0.0
1783937044.3,846,32624,77,9.0,32.0,0.0
1783937044.9,846,32624,77,9.0,32.0,0.0
1783937045.5,846,32624,77,10.0,32.0,0.0
1783937046.1,846,32624,77,9.0,32.0,0.0
1783937046.7,846,32624,76,26.0,32.0,930.0
1783937047.3,846,32624,76,16.0,32.0,12.0
1783937047.9,846,32624,79,26.0,33.0,1380.0
1783937048.5,846,32624,72,14.0,33.0,21.0
1783937049.1,846,32624,76,11.0,32.0,0.0
1783937049.7,846,32624,76,11.0,32.0,0.0
1783937050.3,846,32624,76,11.0,32.0,0.0
1783937050.9,846,32624,70,12.0,32.0,0.0
1783937051.5,846,32624,70,11.0,32.0,0.0
1783937052.0,846,32624,70,11.0,32.0,0.0
1783937052.6,846,32624,77,23.0,33.0,0.0
1783937053.2,846,32624,79,12.0,32.0,0.0
1783937053.8,846,32624,79,10.0,33.0,0.0
1783937054.4,846,32624,79,11.0,32.0,0.0
1783937055.0,846,32624,64,10.0,32.0,0.0
1783937055.6,846,32624,64,11.0,32.0,0.0
1783937056.2,846,32624,64,11.0,32.0,0.0
1783937056.8,846,32624,64,11.0,32.0,0.0
1783937057.4,846,32624,64,11.0,32.0,0.0
1783937058.0,846,32624,75,11.0,32.0,0.0
1783937058.6,846,32624,67,11.0,32.0,0.0
1783937059.2,846,32624,64,11.0,32.0,0.0
1783937059.8,846,32624,70,12.0,32.0,0.0
1783937060.4,846,32624,82,15.0,33.0,146.0
1783937061.0,846,32624,78,10.0,32.0,0.0
1783937061.6,846,32624,68,22.0,33.0,0.0
1783937062.2,846,32624,68,15.0,33.0,140.0
1783937062.7,846,32624,77,22.0,33.0,0.0
1783937063.3,846,32624,84,26.0,33.0,34.0
1783937063.9,846,32624,78,20.0,32.0,823.0
1783937064.5,846,32624,78,17.0,33.0,62.0
1783937065.1,846,32624,78,11.0,32.0,0.0
1783937065.7,846,32624,78,11.0,33.0,0.0
1783937066.3,846,32624,72,11.0,32.0,0.0
1783937066.9,846,32624,72,11.0,32.0,0.0
1783937067.5,846,32624,72,11.0,32.0,0.0
1783937068.1,846,32624,87,11.0,33.0,0.0
1783937068.7,846,32624,72,12.0,32.0,0.0
1783937069.3,846,32624,68,10.0,32.0,634.0
1783937069.9,846,32624,68,11.0,32.0,0.0
1783937070.5,846,32624,68,11.0,32.0,0.0
1783937071.1,846,32624,68,11.0,32.0,0.0
1783937071.7,846,32624,68,11.0,32.0,0.0
1783937072.3,846,32624,68,11.0,32.0,0.0
1783937072.8,846,32624,75,10.0,33.0,0.0
1783937073.4,846,32624,75,11.0,32.0,0.0
1783937074.0,846,32624,75,10.0,32.0,0.0
1783937074.6,846,32624,64,11.0,32.0,0.0
1783937075.2,846,32624,64,10.0,32.0,0.0
1783937075.8,846,32624,64,12.0,32.0,0.0
1783937076.4,846,32624,64,11.0,32.0,0.0
1783937077.0,846,32624,64,11.0,32.0,0.0
1783937077.6,846,32624,64,12.0,33.0,0.0
1783937078.2,846,32624,64,12.0,33.0,0.0
1783937078.8,846,32624,64,13.0,32.0,425.0
1783937079.4,846,32624,64,14.0,32.0,52.0
1783937080.0,846,32624,64,17.0,32.0,109.0
1783937080.6,846,32624,64,10.0,32.0,0.0
1783937081.2,846,32624,64,9.0,32.0,0.0
1783937081.8,846,32624,76,11.0,32.0,0.0
1783937082.4,846,32624,66,14.0,32.0,1081.0
1783937083.0,846,32624,74,17.0,32.0,4.0
1783937083.6,846,32624,74,12.0,33.0,0.0
1783937084.2,846,32624,82,11.0,32.0,0.0
1783937084.7,846,32624,71,11.0,32.0,0.0
1783937085.3,846,32624,78,11.0,32.0,0.0
1783937085.9,846,32624,78,10.0,32.0,0.0
1783937086.5,846,32624,78,11.0,32.0,0.0
1783937087.1,846,32624,69,11.0,32.0,0.0
1783937087.7,846,32624,77,22.0,33.0,0.0
1783937088.3,846,32624,77,12.0,33.0,0.0
1783937088.9,846,32624,69,12.0,32.0,0.0
1783937089.5,846,32624,69,11.0,32.0,0.0
1783937090.1,846,32624,69,11.0,32.0,0.0
1783937090.7,846,32624,69,12.0,32.0,0.0
1783937091.3,846,32624,69,11.0,32.0,0.0
1783937091.9,846,32624,69,10.0,32.0,0.0
1783937092.5,846,32624,69,10.0,32.0,0.0
1783937093.1,846,32624,69,11.0,32.0,0.0
1783937093.6,846,32624,69,10.0,32.0,0.0
1783937094.2,846,32624,67,10.0,32.0,0.0
1783937094.8,846,32624,67,11.0,32.0,0.0
1783937095.4,846,32624,67,11.0,33.0,0.0
1783937096.0,846,32624,67,10.0,33.0,0.0
1783937096.6,846,32624,67,10.0,33.0,0.0
1783937097.2,846,32624,67,11.0,33.0,0.0
1783937097.8,846,32624,67,11.0,33.0,0.0
1783937098.4,846,32624,71,11.0,33.0,0.0
1783937099.0,846,32624,71,12.0,32.0,264.0
1783937099.6,846,32624,71,14.0,32.0,26.0
1783937100.2,846,32624,71,29.0,33.0,100.0
1783937100.8,846,32624,69,11.0,32.0,0.0
1783937101.4,846,32624,69,11.0,32.0,0.0
1783937101.9,846,32624,64,10.0,32.0,0.0
1783937102.5,846,32624,64,11.0,32.0,0.0
1783937103.1,846,32624,81,11.0,32.0,0.0
1783937103.7,846,32624,67,11.0,32.0,0.0
1783937104.3,846,32624,67,12.0,33.0,0.0
1783937104.9,846,32624,67,11.0,33.0,0.0
1783937105.5,846,32624,67,11.0,32.0,0.0
1783937106.1,846,32624,67,11.0,32.0,0.0
1783937106.7,846,32624,67,12.0,32.0,0.0
1783937107.3,846,32624,67,11.0,32.0,0.0
1783937107.9,846,32624,67,10.0,32.0,0.0
1783937108.5,846,32624,67,11.0,32.0,0.0
1783937109.1,846,32624,67,10.0,32.0,0.0
1783937109.6,846,32624,67,11.0,32.0,0.0
1783937110.2,846,32624,67,11.0,32.0,0.0
1783937110.8,846,32624,67,16.0,33.0,26.0
1783937111.4,846,32624,67,11.0,32.0,0.0
1783937112.0,846,32624,67,12.0,32.0,0.0
1783937112.6,846,32624,67,10.0,33.0,0.0
1783937113.2,846,32624,71,12.0,32.0,0.0
1783937113.8,847,32624,71,11.0,32.0,0.0
1783937114.4,847,32624,71,10.0,32.0,0.0
1783937115.0,847,32624,71,10.0,33.0,0.0
1783937115.6,847,32624,71,10.0,33.0,0.0
1783937116.2,847,32624,71,11.0,32.0,0.0
1783937116.8,847,32624,71,11.0,32.0,0.0
1783937117.4,847,32624,66,19.0,32.0,120.0
1783937118.0,847,32624,79,11.0,32.0,0.0
1783937118.6,847,32624,79,11.0,32.0,0.0
1783937119.1,847,32624,79,11.0,32.0,0.0
1783937119.7,847,32624,79,12.0,32.0,0.0
1783937120.3,847,32624,72,12.0,32.0,253.0
1783937120.9,847,32624,72,11.0,32.0,0.0
1783937121.5,847,32624,72,10.0,33.0,0.0
1783937122.1,847,32624,72,11.0,32.0,0.0
1783937122.7,847,32624,66,24.0,32.0,3.0
1783937123.3,847,32624,66,10.0,33.0,0.0
1783937123.9,847,32624,66,11.0,32.0,0.0
1783937124.5,847,32624,66,12.0,32.0,0.0
1783937125.1,847,32624,66,11.0,32.0,0.0
1783937125.7,847,32624,66,12.0,32.0,0.0
1783937126.3,847,32624,66,12.0,33.0,0.0
1783937126.9,847,32624,66,10.0,32.0,0.0
1783937127.5,847,32624,66,11.0,32.0,0.0
1783937128.1,847,32624,68,17.0,32.0,559.0
1783937128.7,847,32624,68,11.0,32.0,0.0
1783937129.3,847,32624,71,11.0,32.0,0.0
1783937129.9,847,32624,71,11.0,32.0,0.0
1783937130.5,847,32624,72,22.0,32.0,0.0
1783937131.1,847,32624,72,10.0,32.0,0.0
1783937131.6,847,32624,72,10.0,33.0,0.0
1783937132.2,847,32624,72,10.0,32.0,0.0
1783937132.8,847,32624,86,10.0,33.0,0.0
1783937133.4,847,32624,72,13.0,32.0,0.0
1783937134.0,847,32624,72,11.0,32.0,0.0
1783937134.6,847,32624,72,12.0,32.0,0.0
1783937135.2,847,32624,72,11.0,32.0,0.0
