unix_ts,vram_used_mib,vram_total_mib,gtt_used_mib,power_w,temp_c,sclk_mhz
1784040149.6,27364,32624,937,30.0,65.0,0.0
1784040150.7,27355,32624,935,165.0,65.0,1831.0
1784040151.7,27372,32624,935,224.0,67.0,2350.0
1784040152.8,27380,32624,933,205.0,67.0,2350.0
1784040153.9,27376,32624,933,237.0,67.0,2411.0
1784040155.0,27374,32624,937,208.0,67.0,2292.0
1784040156.1,27374,32624,933,212.0,68.0,2350.0
1784040157.2,27368,32624,933,217.0,68.0,2220.0
1784040158.3,27368,32624,933,207.0,68.0,2350.0
1784040159.4,27368,32624,933,220.0,68.0,2350.0
1784040160.5,27368,32624,933,213.0,68.0,2307.0
1784040161.6,27368,32624,931,227.0,68.0,2307.0
1784040162.7,27368,32624,931,228.0,68.0,2350.0
1784040163.8,27396,32624,941,215.0,68.0,2315.0
1784040164.9,27396,32624,935,229.0,68.0,2378.0
1784040166.0,27396,32624,935,224.0,68.0,2350.0
1784040167.1,27392,32624,929,213.0,68.0,2224.0
1784040168.2,27378,32624,929,227.0,68.0,2350.0
1784040169.3,27382,32624,937,199.0,68.0,2201.0
1784040170.4,27382,32624,931,218.0,68.0,2216.0
1784040171.5,27380,32624,937,211.0,68.0,2350.0
1784040172.6,27363,32624,937,224.0,68.0,2239.0
1784040173.7,27363,32624,935,219.0,68.0,2350.0
1784040174.8,27399,32624,939,207.0,68.0,2251.0
1784040175.9,27419,32624,937,223.0,68.0,2350.0
1784040177.0,27417,32624,935,225.0,68.0,2350.0
1784040178.1,27417,32624,935,228.0,67.0,2350.0
1784040179.2,27429,32624,945,226.0,67.0,2397.0
1784040180.2,27421,32624,933,238.0,67.0,2224.0
1784040181.3,27407,32624,933,192.0,67.0,2350.0
1784040182.4,27378,32624,931,212.0,67.0,2256.0
1784040183.5,27376,32624,933,223.0,67.0,2302.0
1784040184.6,27376,32624,931,187.0,67.0,2135.0
1784040185.7,27398,32624,937,207.0,67.0,2350.0
1784040186.8,27398,32624,937,215.0,67.0,2280.0
1784040187.9,27398,32624,931,212.0,67.0,2350.0
1784040189.0,27398,32624,931,232.0,67.0,2350.0
1784040190.1,27398,32624,931,230.0,67.0,2350.0
1784040191.2,27383,32624,937,211.0,67.0,2350.0
1784040192.3,27383,32624,937,233.0,67.0,2400.0
1784040193.4,27382,32624,935,234.0,67.0,2386.0
1784040194.5,27393,32624,939,211.0,67.0,2350.0
1784040195.6,27393,32624,935,224.0,67.0,2350.0
1784040196.7,27390,32624,939,211.0,67.0,2244.0
1784040197.8,27390,32624,945,225.0,67.0,2201.0
1784040198.9,27390,32624,935,241.0,67.0,2215.0
1784040200.0,27390,32624,935,213.0,67.0,2350.0
1784040201.1,27392,32624,935,198.0,67.0,2300.0
1784040202.2,27395,32624,943,215.0,67.0,2314.0
1784040203.3,27393,32624,931,224.0,67.0,2324.0
1784040204.4,27386,32624,935,230.0,67.0,2232.0
1784040205.5,27389,32624,935,204.0,67.0,2308.0
1784040206.6,27384,32624,933,207.0,67.0,2321.0
1784040207.7,27370,32624,933,213.0,67.0,2303.0
1784040208.8,27368,32624,931,210.0,67.0,2350.0
1784040209.9,27368,32624,931,182.0,67.0,2350.0
1784040211.0,27368,32624,931,219.0,67.0,2257.0
1784040212.1,27364,32624,931,217.0,67.0,2317.0
1784040213.2,27364,32624,931,232.0,67.0,2384.0
1784040214.3,27364,32624,931,225.0,67.0,2271.0
1784040215.4,27364,32624,931,209.0,67.0,2302.0
1784040216.5,27364,32624,931,230.0,67.0,2385.0
1784040217.6,27364,32624,931,148.0,67.0,2272.0
1784040218.6,27364,32624,931,222.0,67.0,2294.0
1784040219.7,27364,32624,931,198.0,67.0,2207.0
1784040220.8,27364,32624,931,205.0,67.0,2322.0
1784040221.9,27349,32624,931,221.0,67.0,2350.0
1784040223.0,27395,32624,941,199.0,67.0,2254.0
1784040224.1,27395,32624,941,213.0,67.0,2292.0
1784040225.2,27395,32624,929,220.0,67.0,2350.0
1784040226.3,27389,32624,931,215.0,67.0,2244.0
1784040227.4,27401,32624,943,213.0,67.0,2264.0
1784040228.5,27401,32624,943,206.0,67.0,2281.0
1784040229.6,27401,32624,929,175.0,67.0,2286.0
1784040230.7,27387,32624,931,218.0,67.0,2296.0
1784040231.8,27387,32624,931,214.0,67.0,2316.0
1784040232.9,27387,32624,929,214.0,67.0,2313.0
1784040234.0,27387,32624,929,206.0,67.0,2275.0
1784040235.1,27387,32624,929,199.0,67.0,2291.0
1784040236.2,27371,32624,935,205.0,67.0,2294.0
1784040237.3,27378,32624,941,210.0,67.0,2294.0
1784040238.4,27467,32624,951,227.0,67.0,2350.0
1784040239.5,27466,32624,945,208.0,67.0,2275.0
1784040240.6,27885,32624,1001,211.0,67.0,2300.0
1784040241.7,27896,32624,972,222.0,67.0,2275.0
1784040242.8,28187,32624,975,237.0,67.0,2259.0
1784040243.9,28157,32624,949,227.0,67.0,2350.0
1784040245.0,27902,32624,933,209.0,67.0,2350.0
1784040246.1,27890,32624,933,206.0,67.0,2300.0
1784040247.2,27825,32624,933,228.0,67.0,2350.0
1784040248.3,27811,32624,933,215.0,67.0,2292.0
1784040249.3,27749,32624,941,201.0,67.0,2350.0
1784040250.4,27736,32624,935,206.0,67.0,2271.0
1784040251.5,27736,32624,935,207.0,67.0,2291.0
1784040252.6,27731,32624,933,220.0,67.0,2288.0
1784040253.7,27737,32624,937,231.0,67.0,2385.0
1784040254.8,27670,32624,933,230.0,67.0,2376.0
1784040255.9,27662,32624,931,233.0,67.0,2407.0
1784040257.0,27658,32624,931,139.0,67.0,2277.0
1784040258.1,27658,32624,931,218.0,67.0,2265.0
1784040259.2,27654,32624,931,212.0,67.0,2385.0
1784040260.3,27654,32624,931,172.0,67.0,2243.0
1784040261.4,27654,32624,929,216.0,67.0,2416.0
1784040262.5,27654,32624,929,211.0,67.0,2350.0
1784040263.6,27654,32624,929,203.0,67.0,2270.0
1784040264.7,27654,32624,929,207.0,67.0,2383.0
1784040265.8,27654,32624,929,208.0,67.0,2397.0
1784040266.9,27654,32624,929,219.0,67.0,2420.0
1784040268.0,27654,32624,929,218.0,67.0,2389.0
1784040269.1,27654,32624,929,225.0,67.0,2350.0
1784040270.1,27654,32624,929,143.0,67.0,2264.0
1784040271.2,27641,32624,931,207.0,67.0,2294.0
1784040272.3,27666,32624,939,211.0,67.0,2350.0
1784040273.4,27666,32624,931,200.0,67.0,2254.0
1784040274.5,27666,32624,929,210.0,67.0,2310.0
1784040275.6,27656,32624,929,208.0,67.0,2302.0
1784040276.7,27650,32624,929,206.0,67.0,2295.0
1784040277.8,27650,32624,929,228.0,67.0,2279.0
1784040278.9,27650,32624,929,218.0,67.0,2316.0
1784040280.0,27650,32624,929,218.0,67.0,2257.0
1784040281.1,27650,32624,929,217.0,67.0,2350.0
1784040282.2,27641,32624,931,211.0,67.0,2310.0
1784040283.3,27641,32624,931,211.0,67.0,2214.0
1784040284.4,27641,32624,931,239.0,67.0,2408.0
1784040285.5,27641,32624,929,208.0,67.0,2300.0
1784040286.6,27641,32624,929,202.0,67.0,2243.0
1784040287.7,27663,32624,939,214.0,67.0,2233.0
1784040288.8,27666,32624,945,199.0,67.0,2229.0
1784040289.9,27669,32624,951,223.0,67.0,2313.0
1784040291.0,27689,32624,939,211.0,67.0,2305.0
1784040292.1,27693,32624,939,229.0,67.0,2350.0
1784040293.2,27693,32624,939,207.0,67.0,2320.0
1784040294.2,27691,32624,935,216.0,67.0,2350.0
1784040295.3,27687,32624,935,212.0,67.0,2304.0
1784040296.4,27685,32624,933,212.0,67.0,2288.0
1784040297.5,27651,32624,933,234.0,67.0,2393.0
1784040298.6,27651,32624,933,248.0,67.0,2441.0
1784040299.7,27651,32624,933,207.0,67.0,2350.0
1784040300.8,27646,32624,933,225.0,67.0,2350.0
1784040301.9,27646,32624,933,216.0,67.0,2382.0
1784040303.0,27646,32624,933,220.0,67.0,2269.0
1784040304.1,27649,32624,935,207.0,67.0,2252.0
1784040305.2,27649,32624,935,227.0,67.0,2350.0
1784040306.3,27363,32624,931,211.0,67.0,2252.0
1784040307.3,27363,32624,931,229.0,67.0,2350.0
1784040308.4,27359,32624,931,178.0,67.0,2350.0
1784040309.5,27357,32624,931,210.0,67.0,2409.0
1784040310.6,27357,32624,931,209.0,67.0,2237.0
1784040311.7,27357,32624,931,205.0,67.0,2227.0
1784040312.8,27357,32624,931,205.0,67.0,2350.0
1784040313.9,27379,32624,953,189.0,67.0,2350.0
1784040315.0,27379,32624,953,241.0,67.0,2406.0
1784040316.1,27379,32624,953,228.0,67.0,2350.0
1784040317.2,27379,32624,935,209.0,67.0,2350.0
1784040318.3,27379,32624,935,209.0,67.0,2314.0
1784040319.3,27373,32624,929,203.0,67.0,2262.0
1784040320.4,27373,32624,929,229.0,67.0,2377.0
1784040321.5,27373,32624,931,215.0,67.0,2385.0
1784040322.6,27365,32624,931,230.0,67.0,2376.0
1784040323.7,27365,32624,931,217.0,67.0,2237.0
1784040324.8,27394,32624,933,192.0,67.0,2281.0
1784040325.9,27397,32624,933,223.0,67.0,2350.0
1784040327.0,27397,32624,929,216.0,67.0,2407.0
1784040328.1,27397,32624,933,206.0,67.0,2350.0
1784040329.2,27395,32624,933,224.0,67.0,2350.0
1784040330.3,27382,32624,933,207.0,67.0,2285.0
1784040331.4,27382,32624,931,323.0,67.0,2727.0
1784040332.5,27380,32624,933,226.0,67.0,2298.0
1784040333.6,27421,32624,945,218.0,67.0,2323.0
1784040334.7,27421,32624,931,214.0,67.0,2393.0
1784040335.8,27421,32624,931,197.0,67.0,2350.0
1784040336.9,27421,32624,931,213.0,67.0,2350.0
1784040338.0,27419,32624,931,214.0,67.0,2383.0
1784040339.1,27383,32624,931,225.0,67.0,2350.0
1784040340.1,27383,32624,931,213.0,67.0,2396.0
1784040341.2,27405,32624,949,213.0,67.0,2350.0
1784040342.3,27450,32624,960,229.0,67.0,2279.0
1784040343.5,27494,32624,969,237.0,67.0,2416.0
1784040344.6,27481,32624,951,210.0,67.0,2310.0
1784040345.6,27474,32624,933,209.0,67.0,2350.0
1784040346.7,27474,32624,933,244.0,67.0,2297.0
1784040347.8,27466,32624,957,214.0,67.0,2300.0
1784040348.9,27451,32624,939,220.0,67.0,2425.0
1784040350.0,27445,32624,935,212.0,67.0,2313.0
1784040351.1,27445,32624,935,245.0,67.0,2435.0
1784040352.2,27445,32624,935,220.0,67.0,2350.0
1784040353.3,27441,32624,935,203.0,67.0,2288.0
1784040354.4,27441,32624,935,212.0,67.0,2382.0
1784040355.5,27441,32624,935,213.0,67.0,2298.0
1784040356.6,27432,32624,939,204.0,67.0,2411.0
1784040357.7,27410,32624,937,220.0,67.0,2322.0
1784040358.8,27410,32624,937,219.0,67.0,2303.0
1784040359.9,27416,32624,937,228.0,67.0,2385.0
1784040360.9,27416,32624,937,233.0,67.0,2411.0
1784040362.0,27416,32624,935,223.0,67.0,2350.0
1784040363.1,27416,32624,935,207.0,67.0,2288.0
1784040364.2,27433,32624,957,165.0,67.0,2259.0
1784040365.3,27433,32624,945,219.0,67.0,2391.0
1784040366.4,27433,32624,945,214.0,67.0,2350.0
1784040367.5,27432,32624,945,218.0,67.0,2350.0
1784040368.6,27432,32624,945,205.0,67.0,2316.0
1784040369.7,27439,32624,937,220.0,67.0,2282.0
1784040370.8,27513,32624,973,213.0,67.0,2323.0
1784040371.9,27494,32624,935,211.0,67.0,2350.0
1784040373.0,27479,32624,933,220.0,67.0,2350.0
1784040374.1,27474,32624,939,221.0,67.0,2350.0
1784040375.2,27470,32624,933,211.0,67.0,2300.0
1784040376.3,27462,32624,933,204.0,67.0,2296.0
1784040377.4,27453,32624,937,227.0,67.0,2350.0
1784040378.5,27461,32624,937,170.0,67.0,2350.0
1784040379.6,27459,32624,935,178.0,67.0,2272.0
1784040380.7,27461,32624,935,216.0,67.0,2403.0
1784040381.8,27461,32624,933,216.0,67.0,2279.0
1784040382.9,27461,32624,933,210.0,67.0,2292.0
1784040384.0,27424,32624,933,204.0,67.0,2387.0
1784040385.0,27414,32624,933,214.0,67.0,2409.0
1784040386.1,27414,32624,933,208.0,67.0,2350.0
1784040387.2,27414,32624,933,205.0,67.0,2233.0
1784040388.3,27406,32624,933,210.0,67.0,2253.0
1784040389.4,27406,32624,933,187.0,67.0,2318.0
1784040390.5,27406,32624,933,192.0,67.0,2350.0
1784040391.6,27406,32624,933,210.0,67.0,2376.0
1784040392.7,27406,32624,933,209.0,67.0,2350.0
1784040393.8,27406,32624,933,211.0,67.0,2350.0
1784040394.9,27406,32624,933,180.0,67.0,2260.0
1784040396.0,27406,32624,933,216.0,67.0,2301.0
1784040397.1,27406,32624,933,215.0,67.0,2306.0
1784040398.2,27406,32624,933,226.0,67.0,2350.0
1784040399.3,27434,32624,935,228.0,67.0,2323.0
1784040400.4,27447,32624,941,162.0,67.0,2350.0
1784040401.5,27450,32624,945,214.0,67.0,2380.0
1784040402.6,27450,32624,933,215.0,67.0,2402.0
1784040403.7,27448,32624,931,199.0,67.0,2278.0
1784040404.8,27434,32624,931,205.0,67.0,2276.0
1784040405.9,27432,32624,931,217.0,67.0,2386.0
1784040407.0,27406,32624,931,201.0,67.0,2350.0
1784040408.1,27406,32624,931,216.0,67.0,2350.0
1784040409.2,27406,32624,931,211.0,67.0,2287.0
1784040410.3,27406,32624,931,210.0,67.0,2350.0
1784040411.4,27406,32624,931,216.0,67.0,2350.0
1784040412.5,27406,32624,931,222.0,67.0,2294.0
1784040413.6,27406,32624,931,216.0,67.0,2297.0
1784040414.7,27415,32624,937,207.0,67.0,2350.0
1784040415.7,27415,32624,935,217.0,67.0,2404.0
1784040416.8,27418,32624,933,233.0,67.0,2215.0
1784040417.9,27409,32624,931,145.0,67.0,2282.0
1784040419.0,27407,32624,933,214.0,67.0,2350.0
1784040420.1,27407,32624,933,204.0,67.0,2279.0
1784040421.2,27407,32624,933,208.0,67.0,2350.0
1784040422.3,27404,32624,933,216.0,67.0,2350.0
1784040423.4,27404,32624,933,231.0,67.0,2420.0
1784040424.5,27404,32624,933,214.0,67.0,2350.0
1784040425.6,27458,32624,945,207.0,67.0,2350.0
1784040426.7,27458,32624,935,210.0,67.0,2350.0
1784040427.8,27458,32624,935,166.0,67.0,2222.0
1784040428.9,27458,32624,936,233.0,67.0,2277.0
1784040430.0,27456,32624,936,205.0,67.0,2310.0
1784040431.1,27456,32624,936,233.0,67.0,2390.0
1784040432.2,27432,32624,946,209.0,67.0,2300.0
1784040433.3,27435,32624,948,212.0,67.0,2350.0
1784040434.4,27427,32624,954,208.0,67.0,2350.0
1784040435.5,27424,32624,934,205.0,67.0,2731.0
1784040436.5,27414,32624,936,214.0,67.0,2759.0
1784040437.6,27414,32624,936,215.0,67.0,2760.0
1784040438.7,27424,32624,934,209.0,67.0,2742.0
1784040439.8,27415,32624,934,215.0,67.0,2745.0
1784040440.9,27434,32624,938,215.0,67.0,2804.0
1784040442.0,27434,32624,936,204.0,67.0,2726.0
1784040443.1,27430,32624,934,214.0,67.0,2779.0
1784040444.2,27430,32624,934,206.0,67.0,2720.0
1784040445.3,27430,32624,932,223.0,67.0,2788.0
1784040446.4,27412,32624,934,192.0,67.0,2770.0
1784040447.5,27436,32624,940,201.0,67.0,2758.0
1784040448.6,27438,32624,936,216.0,67.0,2798.0
1784040449.7,27436,32624,934,216.0,67.0,2784.0
1784040450.8,27428,32624,934,206.0,67.0,2761.0
1784040451.9,27428,32624,934,215.0,67.0,2757.0
1784040453.0,27418,32624,932,217.0,67.0,2772.0
1784040454.1,27403,32624,932,197.0,67.0,2750.0
1784040455.2,27403,32624,932,213.0,67.0,2796.0
1784040456.2,27403,32624,932,217.0,68.0,2781.0
1784040457.3,27403,32624,932,211.0,68.0,2756.0
1784040458.4,27388,32624,932,213.0,68.0,2767.0
1784040459.5,27388,32624,932,214.0,68.0,2782.0
1784040460.6,27388,32624,932,215.0,68.0,2747.0
1784040461.7,27388,32624,932,223.0,68.0,2752.0
1784040462.8,27385,32624,932,186.0,68.0,2731.0
1784040463.9,27399,32624,938,219.0,68.0,2762.0
1784040465.0,27399,32624,938,206.0,68.0,2737.0
1784040466.1,27399,32624,938,217.0,68.0,2761.0
1784040467.2,27395,32624,934,207.0,68.0,2750.0
1784040468.3,27392,32624,944,209.0,68.0,2749.0
1784040469.3,27392,32624,944,226.0,68.0,2703.0
1784040470.4,27392,32624,944,187.0,69.0,2736.0
1784040471.5,27388,32624,944,214.0,69.0,2745.0
1784040472.6,27388,32624,934,218.0,69.0,2766.0
1784040473.7,27388,32624,934,214.0,69.0,2754.0
1784040474.8,27388,32624,934,221.0,69.0,2742.0
1784040475.9,27388,32624,934,177.0,69.0,2753.0
1784040477.0,27388,32624,934,210.0,69.0,2732.0
1784040478.1,27388,32624,934,215.0,69.0,2758.0
1784040479.2,27388,32624,934,208.0,69.0,2743.0
1784040480.3,27388,32624,934,207.0,69.0,2712.0
1784040481.4,27391,32624,934,208.0,70.0,2749.0
1784040482.5,27391,32624,934,210.0,70.0,2742.0
1784040483.6,27391,32624,934,213.0,69.0,2740.0
1784040484.7,27391,32624,934,194.0,70.0,2695.0
1784040485.8,27391,32624,934,208.0,70.0,2751.0
1784040486.8,27391,32624,934,220.0,70.0,2782.0
1784040487.9,27413,32624,936,217.0,70.0,2764.0
1784040489.0,27413,32624,932,215.0,70.0,2774.0
1784040490.1,27428,32624,942,213.0,70.0,2747.0
1784040491.2,27434,32624,946,217.0,70.0,2760.0
1784040492.3,27432,32624,934,213.0,70.0,2716.0
1784040493.4,27440,32624,942,182.0,70.0,2717.0
1784040494.5,27442,32624,942,206.0,70.0,2781.0
1784040495.7,27441,32624,942,208.0,70.0,2750.0
1784040496.8,27426,32624,940,216.0,70.0,2719.0
1784040497.8,27418,32624,938,215.0,70.0,2735.0
1784040498.9,27403,32624,934,210.0,70.0,2684.0
1784040500.0,27400,32624,938,171.0,70.0,2695.0
1784040501.1,27415,32624,934,183.0,70.0,2736.0
1784040502.2,27411,32624,940,185.0,70.0,2707.0
1784040503.3,27453,32624,948,192.0,70.0,2676.0
1784040504.4,27453,32624,936,222.0,70.0,2730.0
1784040505.5,27449,32624,932,228.0,70.0,2727.0
1784040506.6,27445,32624,934,187.0,70.0,2714.0
1784040507.7,27443,32624,934,208.0,70.0,2731.0
1784040508.8,27443,32624,932,224.0,70.0,2723.0
1784040509.9,27410,32624,932,204.0,70.0,2706.0
1784040511.0,27398,32624,932,188.0,70.0,2663.0
1784040512.1,27398,32624,932,168.0,71.0,2709.0
1784040513.2,27407,32624,942,209.0,70.0,2765.0
1784040514.3,27403,32624,934,216.0,70.0,2754.0
1784040515.4,27416,32624,940,213.0,70.0,2725.0
1784040516.5,27415,32624,942,209.0,70.0,2694.0
1784040517.6,27415,32624,938,189.0,71.0,2745.0
1784040518.7,27413,32624,938,213.0,71.0,2750.0
1784040519.8,27411,32624,938,212.0,71.0,2750.0
1784040520.9,27403,32624,938,214.0,71.0,2754.0
1784040522.0,27407,32624,948,212.0,71.0,2707.0
1784040523.1,27407,32624,936,205.0,71.0,2783.0
1784040524.2,27425,32624,944,214.0,71.0,2784.0
1784040525.3,27427,32624,936,216.0,71.0,2748.0
1784040526.4,27434,32624,938,218.0,71.0,2731.0
1784040527.5,27449,32624,938,207.0,71.0,2719.0
1784040528.5,27449,32624,934,212.0,71.0,2722.0
1784040529.6,27445,32624,934,209.0,71.0,2703.0
1784040530.7,27443,32624,934,218.0,71.0,2756.0
1784040531.8,27441,32624,934,214.0,71.0,2748.0
1784040532.9,27441,32624,934,213.0,71.0,2709.0
1784040534.0,27441,32624,934,209.0,71.0,2717.0
1784040535.1,27425,32624,934,215.0,71.0,2735.0
1784040536.2,27428,32624,934,219.0,71.0,2757.0
1784040537.3,27425,32624,934,215.0,71.0,2728.0
1784040538.4,27425,32624,938,216.0,71.0,2717.0
1784040539.5,27425,32624,938,209.0,71.0,2727.0
1784040540.6,27410,32624,932,209.0,71.0,2686.0
1784040541.7,27395,32624,932,224.0,71.0,2741.0
1784040542.8,27436,32624,946,222.0,71.0,2733.0
1784040543.9,27436,32624,938,220.0,71.0,2683.0
1784040545.0,27436,32624,932,213.0,71.0,2725.0
1784040546.1,27436,32624,938,212.0,71.0,2700.0
1784040547.2,27434,32624,938,214.0,71.0,2695.0
1784040548.2,27438,32624,940,208.0,71.0,2696.0
1784040549.3,27438,32624,940,214.0,71.0,2731.0
1784040550.4,27430,32624,940,210.0,71.0,2745.0
1784040551.5,27426,32624,936,215.0,71.0,2753.0
1784040552.6,27418,32624,936,218.0,71.0,2738.0
1784040553.7,27418,32624,938,213.0,71.0,2708.0
1784040554.8,27410,32624,940,213.0,71.0,2711.0
1784040555.9,27410,32624,940,203.0,71.0,2723.0
1784040557.0,27410,32624,936,211.0,71.0,2721.0
1784040558.1,27410,32624,936,204.0,71.0,2714.0
1784040559.2,27418,32624,960,210.0,71.0,2721.0
1784040560.3,27431,32624,950,214.0,71.0,2738.0
1784040561.4,27427,32624,950,208.0,71.0,2697.0
1784040562.5,27432,32624,938,210.0,71.0,2695.0
1784040563.6,27430,32624,942,202.0,71.0,2726.0
1784040564.6,27432,32624,938,209.0,71.0,2712.0
1784040565.7,27429,32624,936,219.0,71.0,2735.0
1784040566.8,27416,32624,942,208.0,71.0,2726.0
1784040567.9,27416,32624,942,216.0,71.0,2708.0
1784040569.0,27416,32624,940,198.0,71.0,2709.0
1784040570.1,27415,32624,936,210.0,71.0,2683.0
1784040571.2,27415,32624,934,222.0,71.0,2760.0
1784040572.3,27415,32624,938,186.0,71.0,2653.0
1784040573.4,27411,32624,944,207.0,71.0,2709.0
1784040574.5,27413,32624,940,209.0,71.0,2750.0
1784040575.6,27417,32624,940,182.0,71.0,2716.0
1784040576.7,27421,32624,958,210.0,71.0,2686.0
1784040577.8,27415,32624,942,213.0,71.0,2743.0
1784040578.9,27415,32624,942,203.0,71.0,2788.0
1784040579.9,27415,32624,942,204.0,71.0,2776.0
1784040581.0,27406,32624,942,227.0,71.0,2731.0
1784040582.1,27406,32624,942,217.0,71.0,2722.0
1784040583.2,27406,32624,969,187.0,71.0,2711.0
1784040584.3,27406,32624,956,219.0,71.0,2685.0
1784040585.4,27406,32624,944,223.0,71.0,2753.0
1784040586.5,27406,32624,957,202.0,71.0,2668.0
1784040587.6,27406,32624,957,208.0,71.0,2727.0
1784040588.7,27406,32624,957,218.0,71.0,2723.0
1784040589.8,27406,32624,957,212.0,71.0,2742.0
1784040590.9,27406,32624,957,209.0,71.0,2741.0
1784040592.0,27406,32624,944,218.0,71.0,2811.0
1784040593.1,27406,32624,944,206.0,71.0,2721.0
1784040594.1,27406,32624,944,188.0,71.0,2675.0
1784040595.2,27406,32624,942,207.0,71.0,2655.0
1784040596.3,27406,32624,942,212.0,71.0,2760.0
1784040597.4,27406,32624,942,218.0,71.0,2733.0
1784040598.5,27406,32624,942,201.0,71.0,2689.0
1784040599.6,27406,32624,942,214.0,71.0,2681.0
1784040600.7,27406,32624,942,212.0,71.0,2714.0
1784040601.8,27406,32624,942,210.0,71.0,2707.0
1784040602.9,27406,32624,942,204.0,71.0,2698.0
1784040604.0,27406,32624,942,209.0,71.0,2753.0
1784040605.1,27406,32624,942,196.0,71.0,2644.0
1784040606.1,27406,32624,942,209.0,71.0,2732.0
1784040607.2,27406,32624,942,203.0,71.0,2714.0
1784040608.3,27406,32624,942,229.0,71.0,2924.0
1784040609.4,27406,32624,942,213.0,71.0,2755.0
1784040610.5,27406,32624,942,224.0,71.0,2743.0
1784040611.6,27406,32624,942,192.0,71.0,2723.0
1784040612.7,27406,32624,942,204.0,71.0,2704.0
1784040613.8,27423,32624,960,216.0,71.0,2635.0
1784040614.9,27423,32624,960,223.0,71.0,2674.0
1784040616.0,27419,32624,940,218.0,71.0,2689.0
1784040617.1,27419,32624,940,209.0,71.0,2711.0
1784040618.1,27419,32624,940,217.0,71.0,2708.0
1784040619.2,27419,32624,940,212.0,71.0,2777.0
1784040620.3,27419,32624,940,208.0,71.0,2673.0
1784040621.4,27419,32624,953,245.0,69.0,2464.0
1784040622.5,27419,32624,953,195.0,71.0,2318.0
1784040623.6,27411,32624,953,164.0,71.0,2321.0
1784040624.7,27411,32624,940,181.0,71.0,2390.0
1784040625.8,27411,32624,940,203.0,71.0,2284.0
1784040626.9,27411,32624,940,211.0,71.0,2321.0
1784040628.0,27411,32624,940,229.0,71.0,2702.0
1784040629.1,27411,32624,940,202.0,71.0,2699.0
1784040630.1,27411,32624,940,199.0,71.0,2685.0
1784040631.2,27411,32624,940,209.0,71.0,2725.0
1784040632.3,27411,32624,940,207.0,70.0,2727.0
1784040633.4,27411,32624,940,207.0,70.0,2755.0
1784040634.5,27411,32624,940,217.0,70.0,2742.0
1784040635.6,27411,32624,940,216.0,70.0,2737.0
1784040636.7,27411,32624,940,214.0,70.0,2731.0
1784040637.8,27411,32624,940,213.0,70.0,2714.0
1784040638.9,27411,32624,940,194.0,70.0,2688.0
1784040640.0,27411,32624,940,210.0,70.0,2739.0
1784040641.1,27411,32624,940,210.0,70.0,2709.0
1784040642.1,27411,32624,940,214.0,70.0,2741.0
1784040643.2,27411,32624,940,203.0,70.0,2691.0
1784040644.3,27411,32624,940,208.0,70.0,2723.0
1784040645.4,27411,32624,940,215.0,70.0,2704.0
1784040646.5,27411,32624,940,218.0,69.0,2740.0
1784040647.6,27411,32624,940,235.0,70.0,2735.0
1784040648.7,27411,32624,940,219.0,70.0,2713.0
1784040649.8,27411,32624,940,215.0,70.0,2767.0
1784040650.9,27411,32624,940,214.0,70.0,2720.0
1784040652.0,27411,32624,940,205.0,69.0,2724.0
1784040653.1,27411,32624,940,214.0,70.0,2766.0
1784040654.2,27411,32624,940,214.0,70.0,2725.0
1784040655.2,27411,32624,940,188.0,70.0,2692.0
1784040656.3,27411,32624,940,217.0,70.0,2724.0
1784040657.4,27411,32624,940,217.0,70.0,2765.0
1784040658.5,27411,32624,940,206.0,70.0,2753.0
1784040659.6,27411,32624,940,217.0,70.0,2760.0
1784040660.7,27411,32624,940,214.0,70.0,2749.0
1784040661.8,27411,32624,940,220.0,70.0,2767.0
1784040662.9,27411,32624,940,215.0,70.0,2730.0
1784040664.0,27411,32624,940,217.0,70.0,2695.0
1784040665.1,27411,32624,953,198.0,70.0,2762.0
1784040666.2,27411,32624,953,215.0,70.0,2783.0
1784040667.3,27411,32624,953,207.0,70.0,2726.0
1784040668.3,27411,32624,953,213.0,70.0,2763.0
1784040669.4,27411,32624,953,215.0,70.0,2747.0
1784040670.5,27411,32624,953,209.0,70.0,2753.0
1784040671.6,27411,32624,953,208.0,70.0,2749.0
1784040672.7,27404,32624,963,209.0,70.0,2728.0
1784040673.8,27400,32624,959,188.0,70.0,2716.0
1784040674.9,27402,32624,959,208.0,70.0,2744.0
1784040676.0,27402,32624,959,211.0,70.0,2788.0
1784040677.1,27402,32624,959,215.0,70.0,2732.0
1784040678.2,27402,32624,959,215.0,70.0,2757.0
1784040679.3,27402,32624,959,205.0,70.0,2732.0
1784040680.4,27402,32624,959,207.0,71.0,2743.0
1784040681.4,27402,32624,959,209.0,71.0,2680.0
1784040682.5,27402,32624,959,216.0,71.0,2740.0
1784040683.6,27402,32624,959,209.0,71.0,2726.0
1784040684.7,27402,32624,959,211.0,71.0,2715.0
1784040685.8,27402,32624,959,194.0,71.0,2691.0
1784040686.9,27402,32624,959,211.0,71.0,2763.0
1784040688.0,27402,32624,959,217.0,71.0,2761.0
1784040689.1,27402,32624,959,214.0,71.0,2717.0
1784040690.2,27402,32624,959,217.0,71.0,2751.0
1784040691.3,27402,32624,959,212.0,71.0,2754.0
1784040692.4,27402,32624,959,212.0,71.0,2735.0
1784040693.5,27402,32624,959,208.0,71.0,2729.0
1784040694.5,27402,32624,959,217.0,71.0,2747.0
1784040695.6,27402,32624,959,212.0,71.0,2735.0
1784040696.7,27402,32624,959,201.0,71.0,2715.0
1784040697.8,27402,32624,959,214.0,71.0,2706.0
1784040698.9,27402,32624,959,221.0,71.0,2667.0
1784040700.0,27402,32624,959,195.0,71.0,2687.0
1784040701.1,27402,32624,959,179.0,71.0,2678.0
1784040702.2,27402,32624,959,220.0,71.0,2737.0
1784040703.3,27402,32624,959,236.0,71.0,2864.0
1784040704.4,27402,32624,959,212.0,71.0,2713.0
1784040705.5,27402,32624,959,209.0,71.0,2722.0
1784040706.6,27402,32624,959,215.0,71.0,2718.0
1784040707.6,27402,32624,959,217.0,71.0,2747.0
1784040708.7,27402,32624,959,213.0,71.0,2751.0
1784040709.8,27402,32624,959,210.0,71.0,2743.0
1784040710.9,27402,32624,959,206.0,71.0,2688.0
1784040712.0,27402,32624,959,209.0,71.0,2694.0
1784040713.1,27402,32624,959,205.0,71.0,2745.0
1784040714.2,27402,32624,959,213.0,71.0,2744.0
1784040715.3,27402,32624,959,209.0,71.0,2728.0
1784040716.4,27402,32624,959,209.0,71.0,2752.0
1784040717.5,27402,32624,959,209.0,71.0,2769.0
1784040718.6,27402,32624,959,212.0,71.0,2702.0
1784040719.7,27402,32624,959,203.0,71.0,2706.0
1784040720.7,27402,32624,959,220.0,71.0,2737.0
1784040721.8,27402,32624,959,214.0,71.0,2683.0
1784040722.9,27402,32624,959,221.0,71.0,2726.0
1784040724.0,27402,32624,959,208.0,71.0,2661.0
1784040725.1,27402,32624,959,206.0,71.0,2674.0
1784040726.2,27402,32624,959,218.0,71.0,2708.0
1784040727.3,27402,32624,959,201.0,71.0,2682.0
1784040728.4,27402,32624,959,217.0,71.0,2706.0
1784040729.5,27402,32624,946,226.0,71.0,2761.0
1784040730.6,27430,32624,976,215.0,71.0,2703.0
1784040731.7,27435,32624,962,219.0,71.0,2735.0
1784040732.8,27435,32624,962,211.0,71.0,2634.0
1784040733.9,27436,32624,950,212.0,71.0,2729.0
1784040735.0,27434,32624,938,206.0,71.0,2740.0
1784040736.1,27434,32624,938,216.0,71.0,2707.0
1784040737.1,27428,32624,938,216.0,71.0,2765.0
1784040738.2,27435,32624,944,217.0,71.0,2768.0
1784040739.3,27435,32624,944,204.0,71.0,2669.0
1784040740.4,27429,32624,942,206.0,71.0,2727.0
1784040741.5,27429,32624,942,218.0,71.0,2733.0
1784040742.6,27411,32624,942,214.0,71.0,2742.0
1784040743.7,27411,32624,942,211.0,71.0,2708.0
1784040744.8,27411,32624,942,218.0,71.0,2728.0
1784040745.9,27411,32624,942,222.0,71.0,2749.0
1784040747.0,27411,32624,942,202.0,71.0,2741.0
1784040748.1,27411,32624,942,206.0,71.0,2724.0
1784040749.2,27411,32624,942,216.0,71.0,2772.0
1784040750.2,27411,32624,942,204.0,71.0,2662.0
1784040751.3,27411,32624,942,212.0,71.0,2661.0
1784040752.4,27411,32624,942,213.0,71.0,2728.0
1784040753.5,27411,32624,942,211.0,71.0,2748.0
1784040754.6,27411,32624,942,200.0,71.0,2672.0
1784040755.7,27411,32624,942,208.0,71.0,2658.0
1784040756.8,27411,32624,942,220.0,71.0,2764.0
1784040757.9,27411,32624,942,216.0,71.0,2747.0
1784040759.0,27411,32624,942,211.0,71.0,2705.0
1784040760.1,27411,32624,942,215.0,71.0,2701.0
1784040761.2,27411,32624,942,206.0,71.0,2655.0
1784040762.3,27411,32624,942,213.0,71.0,2759.0
1784040763.3,27411,32624,942,213.0,71.0,2723.0
1784040764.4,27411,32624,942,211.0,71.0,2691.0
1784040765.5,27411,32624,942,203.0,71.0,2742.0
1784040766.6,27411,32624,942,215.0,71.0,2769.0
1784040767.7,27411,32624,942,223.0,71.0,2749.0
1784040768.8,27411,32624,942,216.0,71.0,2754.0
1784040769.9,27411,32624,942,225.0,71.0,2798.0
1784040771.0,27411,32624,942,187.0,71.0,2702.0
1784040772.1,27411,32624,942,182.0,71.0,2683.0
1784040773.2,27411,32624,942,198.0,71.0,2727.0
1784040774.3,27411,32624,942,186.0,71.0,2678.0
1784040775.4,27411,32624,942,219.0,71.0,2651.0
1784040776.4,27411,32624,942,210.0,71.0,2757.0
1784040777.5,27411,32624,942,221.0,71.0,2756.0
1784040778.6,27411,32624,942,205.0,71.0,2709.0
1784040779.7,27411,32624,942,204.0,71.0,2646.0
1784040780.8,27411,32624,942,215.0,71.0,2716.0
1784040781.9,27411,32624,942,218.0,71.0,2728.0
1784040783.0,27411,32624,942,207.0,71.0,2760.0
1784040784.1,27411,32624,942,207.0,71.0,2741.0
1784040785.2,27411,32624,942,205.0,71.0,2678.0
1784040786.3,27411,32624,942,206.0,71.0,2723.0
1784040787.4,27411,32624,942,199.0,71.0,2676.0
1784040788.4,27411,32624,942,215.0,71.0,2694.0
1784040789.5,27411,32624,942,212.0,71.0,2720.0
1784040790.6,27411,32624,942,214.0,71.0,2715.0
1784040791.7,27411,32624,942,213.0,71.0,2732.0
1784040792.8,27411,32624,942,218.0,71.0,2760.0
1784040793.9,27445,32624,978,218.0,71.0,2724.0
1784040795.0,27449,32624,952,207.0,71.0,2699.0
1784040796.1,27449,32624,952,206.0,71.0,2788.0
1784040797.2,27442,32624,936,208.0,71.0,2700.0
1784040798.3,27442,32624,936,213.0,71.0,2714.0
1784040799.4,27437,32624,936,212.0,71.0,2693.0
1784040800.5,27437,32624,936,216.0,71.0,2729.0
1784040801.6,27437,32624,936,209.0,71.0,2744.0
1784040802.7,27418,32624,936,220.0,71.0,2756.0
1784040803.8,27431,32624,940,213.0,71.0,2735.0
1784040804.9,27431,32624,940,209.0,71.0,2804.0
1784040805.9,27429,32624,940,191.0,71.0,2706.0
1784040807.0,27429,32624,940,225.0,71.0,2749.0
1784040808.1,27429,32624,936,219.0,71.0,2705.0
1784040809.2,27425,32624,936,222.0,71.0,2750.0
1784040810.3,27425,32624,936,219.0,71.0,2709.0
1784040811.4,27425,32624,936,215.0,71.0,2675.0
1784040812.5,27423,32624,936,214.0,71.0,2763.0
1784040813.6,27423,32624,936,212.0,71.0,2665.0
1784040814.7,27418,32624,936,201.0,71.0,2719.0
1784040815.8,27418,32624,936,211.0,71.0,2753.0
1784040816.9,27414,32624,936,208.0,71.0,2679.0
1784040818.0,27414,32624,936,197.0,71.0,2669.0
1784040819.1,27414,32624,936,221.0,71.0,2723.0
1784040820.2,27414,32624,936,226.0,71.0,2704.0
1784040821.3,27414,32624,936,193.0,71.0,2673.0
1784040822.3,27414,32624,936,227.0,71.0,2681.0
1784040823.4,27414,32624,936,209.0,71.0,2675.0
1784040824.5,27414,32624,936,219.0,71.0,2746.0
1784040825.6,27414,32624,936,215.0,71.0,2671.0
1784040826.7,27414,32624,936,210.0,71.0,2722.0
1784040827.8,27414,32624,936,216.0,71.0,2792.0
1784040828.9,27414,32624,936,205.0,71.0,2687.0
1784040830.0,27441,32624,940,207.0,71.0,2685.0
1784040831.1,27441,32624,940,213.0,71.0,2722.0
1784040832.2,27441,32624,940,199.0,71.0,2722.0
1784040833.3,27441,32624,940,222.0,71.0,2692.0
1784040834.4,27435,32624,936,210.0,71.0,2726.0
1784040835.5,27420,32624,936,216.0,71.0,2771.0
1784040836.5,27416,32624,936,210.0,71.0,2757.0
1784040837.6,27428,32624,946,210.0,71.0,2757.0
1784040838.7,27446,32624,948,202.0,71.0,2702.0
1784040839.8,27446,32624,942,217.0,71.0,2742.0
1784040840.9,27446,32624,942,215.0,71.0,2684.0
1784040842.0,27446,32624,942,188.0,71.0,2667.0
1784040843.1,27399,32624,936,217.0,71.0,2679.0
1784040844.2,27399,32624,936,225.0,71.0,2757.0
1784040845.3,27378,32624,936,43.0,71.0,0.0
1784040846.4,27378,32624,936,223.0,71.0,2350.0
1784040847.5,27378,32624,936,231.0,71.0,2350.0
1784040848.6,27378,32624,936,211.0,71.0,2350.0
1784040849.7,27378,32624,936,215.0,71.0,2300.0
1784040850.7,27378,32624,936,209.0,71.0,2350.0
1784040851.8,27378,32624,936,210.0,71.0,2740.0
1784040852.9,27378,32624,936,218.0,71.0,2742.0
1784040854.0,27399,32624,956,212.0,71.0,2765.0
1784040855.1,27399,32624,956,214.0,71.0,2747.0
1784040856.2,27399,32624,956,209.0,71.0,2677.0
1784040857.3,27399,32624,956,218.0,70.0,2738.0
1784040858.4,27391,32624,956,209.0,70.0,2708.0
1784040859.5,27383,32624,934,207.0,70.0,2780.0
1784040860.6,27388,32624,940,205.0,70.0,2673.0
1784040861.7,27388,32624,940,209.0,70.0,2733.0
1784040862.8,27388,32624,940,205.0,70.0,2683.0
1784040863.9,27378,32624,936,216.0,70.0,2741.0
1784040865.0,27378,32624,936,224.0,70.0,2750.0
1784040866.1,27378,32624,936,212.0,70.0,2761.0
1784040867.1,27378,32624,936,204.0,70.0,2738.0
1784040868.2,27378,32624,936,216.0,70.0,2740.0
1784040869.3,27378,32624,936,206.0,70.0,2719.0
1784040870.4,27402,32624,944,211.0,70.0,2741.0
1784040871.5,27402,32624,944,218.0,70.0,2763.0
1784040872.6,27400,32624,944,206.0,70.0,2700.0
1784040873.7,27400,32624,944,210.0,70.0,2730.0
1784040874.8,27400,32624,944,209.0,70.0,2694.0
1784040875.9,27400,32624,944,212.0,70.0,2740.0
1784040877.0,27400,32624,944,203.0,70.0,2744.0
1784040878.1,27400,32624,944,209.0,70.0,2738.0
1784040879.2,27386,32624,936,225.0,70.0,2679.0
1784040880.3,27386,32624,936,213.0,70.0,2794.0
1784040881.3,27386,32624,936,230.0,70.0,2904.0
1784040882.4,27380,32624,936,218.0,70.0,2780.0
1784040883.5,27380,32624,936,206.0,70.0,2722.0
1784040884.6,27380,32624,936,216.0,70.0,2748.0
1784040885.7,27380,32624,936,216.0,70.0,2746.0
1784040886.8,27380,32624,936,205.0,70.0,2717.0
1784040887.9,27380,32624,936,227.0,70.0,2753.0
1784040889.0,27380,32624,936,178.0,70.0,2729.0
1784040890.1,27388,32624,942,221.0,70.0,2779.0
1784040891.2,27388,32624,942,207.0,70.0,2700.0
1784040892.3,27388,32624,938,211.0,70.0,2747.0
1784040893.4,27388,32624,938,206.0,70.0,2714.0
1784040894.5,27388,32624,938,214.0,70.0,2728.0
1784040895.5,27388,32624,938,215.0,70.0,2741.0
1784040896.6,27386,32624,942,217.0,70.0,2755.0
1784040897.7,27386,32624,942,215.0,71.0,2727.0
1784040898.8,27380,32624,936,207.0,71.0,2693.0
1784040899.9,27378,32624,936,218.0,71.0,2796.0
1784040901.0,27378,32624,936,217.0,71.0,2771.0
1784040902.1,27378,32624,936,209.0,71.0,2709.0
1784040903.2,27374,32624,936,205.0,71.0,2697.0
1784040904.3,27374,32624,936,210.0,71.0,2746.0
1784040905.4,27374,32624,936,221.0,71.0,2733.0
1784040906.5,27374,32624,936,205.0,71.0,2700.0
1784040907.6,27374,32624,936,210.0,71.0,2657.0
1784040908.7,27374,32624,936,211.0,71.0,2739.0
1784040909.7,27374,32624,936,218.0,71.0,2732.0
1784040910.8,27374,32624,936,182.0,71.0,2704.0
1784040911.9,27374,32624,936,220.0,71.0,2711.0
1784040913.0,27374,32624,936,221.0,71.0,2739.0
1784040914.1,27395,32624,960,221.0,71.0,2714.0
1784040915.2,27395,32624,960,200.0,71.0,2664.0
1784040916.3,27395,32624,960,205.0,71.0,2715.0
1784040917.4,27391,32624,940,217.0,71.0,2758.0
1784040918.5,27406,32624,944,211.0,71.0,2761.0
1784040919.6,27406,32624,944,213.0,71.0,2735.0
1784040920.7,27406,32624,944,217.0,71.0,2749.0
1784040921.8,27397,32624,944,210.0,71.0,2737.0
1784040922.9,27397,32624,944,219.0,71.0,2726.0
1784040924.0,27397,32624,944,215.0,71.0,2721.0
1784040925.1,27395,32624,934,218.0,71.0,2756.0
1784040926.1,27391,32624,936,207.0,71.0,2729.0
1784040927.2,27384,32624,936,227.0,71.0,2724.0
1784040928.3,27376,32624,936,178.0,71.0,2686.0
1784040929.4,27372,32624,936,194.0,71.0,2712.0
1784040930.5,27372,32624,936,232.0,71.0,2692.0
1784040931.6,27382,32624,946,198.0,71.0,2719.0
1784040932.7,27401,32624,948,185.0,71.0,2730.0
1784040933.8,27401,32624,948,223.0,71.0,2773.0
1784040934.9,27401,32624,938,212.0,71.0,2737.0
1784040936.0,27401,32624,938,212.0,71.0,2740.0
1784040937.1,27401,32624,942,210.0,71.0,2743.0
1784040938.2,27399,32624,942,215.0,71.0,2755.0
1784040939.3,27384,32624,938,201.0,71.0,2660.0
1784040940.3,27384,32624,938,209.0,71.0,2713.0
1784040941.4,27384,32624,938,212.0,71.0,2717.0
1784040942.5,27378,32624,936,211.0,71.0,2756.0
1784040943.6,27378,32624,936,209.0,71.0,2676.0
1784040944.7,27378,32624,936,215.0,71.0,2744.0
1784040945.8,27374,32624,936,213.0,71.0,2760.0
1784040946.9,27374,32624,936,209.0,71.0,2748.0
1784040948.0,27374,32624,936,217.0,71.0,2706.0
1784040949.1,27374,32624,936,220.0,71.0,2758.0
1784040950.2,27374,32624,936,215.0,71.0,2696.0
1784040951.3,27374,32624,936,213.0,71.0,2695.0
1784040952.4,27374,32624,936,183.0,71.0,2730.0
1784040953.5,27374,32624,936,213.0,71.0,2687.0
1784040954.6,27374,32624,936,193.0,71.0,2705.0
1784040955.6,27374,32624,936,224.0,71.0,2735.0
1784040956.7,27374,32624,936,220.0,71.0,2730.0
1784040957.8,27374,32624,936,224.0,71.0,2754.0
1784040958.9,27374,32624,936,219.0,71.0,2755.0
1784040960.0,27374,32624,936,216.0,71.0,2756.0
1784040961.1,27374,32624,936,208.0,71.0,2687.0
1784040962.2,27374,32624,936,215.0,71.0,2751.0
1784040963.3,27374,32624,936,211.0,71.0,2679.0
1784040964.4,27374,32624,936,211.0,71.0,2743.0
1784040965.5,27374,32624,936,206.0,71.0,2701.0
1784040966.6,27370,32624,936,206.0,71.0,2678.0
1784040967.7,27370,32624,936,219.0,71.0,2778.0
1784040968.7,27370,32624,936,218.0,71.0,2767.0
1784040969.8,27370,32624,936,217.0,71.0,2709.0
1784040970.9,27370,32624,936,208.0,71.0,2736.0
1784040972.0,27370,32624,936,203.0,71.0,2701.0
1784040973.1,27384,32624,940,215.0,71.0,2760.0
1784040974.2,27407,32624,946,210.0,71.0,2723.0
1784040975.3,27407,32624,946,210.0,71.0,2735.0
1784040976.4,27398,32624,938,206.0,71.0,2717.0
1784040977.5,27394,32624,938,217.0,71.0,2723.0
1784040978.6,27394,32624,938,209.0,71.0,2706.0
1784040979.7,27375,32624,936,203.0,71.0,2729.0
1784040980.8,27375,32624,936,215.0,71.0,2719.0
1784040981.8,27375,32624,936,211.0,71.0,2697.0
1784040982.9,27375,32624,936,207.0,71.0,2729.0
1784040984.0,27375,32624,936,219.0,71.0,2753.0
1784040985.1,27397,32624,944,209.0,71.0,2702.0
1784040986.2,27405,32624,960,211.0,71.0,2707.0
1784040987.3,27393,32624,944,206.0,71.0,2712.0
1784040988.4,27390,32624,944,202.0,71.0,2692.0
1784040989.5,27390,32624,944,213.0,71.0,2736.0
1784040990.6,27390,32624,944,206.0,71.0,2668.0
1784040991.7,27381,32624,944,205.0,71.0,2709.0
1784040992.8,27381,32624,944,205.0,71.0,2732.0
1784040993.9,27381,32624,944,219.0,71.0,2790.0
1784040995.0,27381,32624,944,208.0,71.0,2764.0
1784040996.0,27381,32624,957,219.0,71.0,2753.0
1784040997.1,27381,32624,957,197.0,71.0,2713.0
1784040998.2,27381,32624,957,199.0,71.0,2711.0
1784040999.3,27381,32624,957,196.0,71.0,2726.0
1784041000.4,27381,32624,957,164.0,71.0,2736.0
1784041001.5,27381,32624,957,218.0,71.0,2715.0
1784041002.6,27381,32624,944,215.0,71.0,2768.0
1784041003.7,27381,32624,957,149.0,70.0,1767.0
1784041004.8,27381,32624,944,210.0,71.0,2320.0
1784041005.9,27391,32624,942,211.0,71.0,2350.0
1784041007.0,27399,32624,952,214.0,71.0,2350.0
1784041008.1,27399,32624,952,212.0,71.0,2350.0
1784041009.2,27397,32624,940,214.0,71.0,2350.0
1784041010.3,27397,32624,940,215.0,71.0,2741.0
1784041011.4,27387,32624,940,200.0,71.0,2693.0
1784041012.4,27381,32624,940,221.0,71.0,2738.0
1784041013.5,27375,32624,940,211.0,71.0,2761.0
1784041014.6,27375,32624,940,210.0,71.0,2755.0
1784041015.7,27375,32624,940,213.0,70.0,2741.0
1784041016.8,27375,32624,940,218.0,70.0,2757.0
1784041017.9,27375,32624,940,215.0,70.0,2752.0
1784041019.0,27375,32624,940,218.0,70.0,2700.0
1784041020.1,27394,32624,942,223.0,70.0,2663.0
1784041021.2,27394,32624,942,193.0,70.0,2741.0
1784041022.3,27394,32624,940,207.0,70.0,2712.0
1784041023.4,27394,32624,940,216.0,70.0,2766.0
1784041024.5,27394,32624,940,205.0,70.0,2699.0
1784041025.6,27388,32624,934,210.0,70.0,2755.0
1784041026.6,27388,32624,934,218.0,70.0,2732.0
1784041027.7,27388,32624,934,215.0,70.0,2712.0
1784041028.8,27373,32624,934,194.0,70.0,2706.0
1784041029.9,27373,32624,934,210.0,70.0,2738.0
1784041031.0,27373,32624,934,206.0,70.0,2676.0
1784041032.1,27373,32624,934,204.0,70.0,2718.0
1784041033.2,27379,32624,938,214.0,70.0,2759.0
1784041034.3,27391,32624,942,216.0,70.0,2730.0
1784041035.4,27391,32624,942,217.0,70.0,2696.0
1784041036.5,27385,32624,942,181.0,70.0,2711.0
1784041037.6,27385,32624,942,217.0,70.0,2774.0
1784041038.7,27373,32624,936,217.0,70.0,2783.0
1784041039.8,27373,32624,936,209.0,70.0,2741.0
1784041040.9,27373,32624,936,210.0,70.0,2714.0
1784041042.0,27361,32624,936,221.0,70.0,2721.0
1784041043.0,27361,32624,936,192.0,70.0,2722.0
1784041044.1,27361,32624,936,210.0,70.0,2736.0
1784041045.2,27361,32624,936,206.0,70.0,2700.0
1784041046.3,27361,32624,936,207.0,70.0,2721.0
1784041047.4,27361,32624,936,216.0,70.0,2749.0
1784041048.5,27361,32624,936,207.0,70.0,2764.0
1784041049.6,27361,32624,936,205.0,70.0,2687.0
1784041050.7,27361,32624,936,212.0,71.0,2746.0
1784041051.8,27361,32624,936,213.0,71.0,2736.0
1784041052.9,27361,32624,936,209.0,71.0,2671.0
1784041054.0,27361,32624,936,208.0,71.0,2679.0
1784041055.1,27361,32624,936,177.0,71.0,2669.0
1784041056.1,27357,32624,936,217.0,71.0,2791.0
1784041057.2,27371,32624,938,210.0,71.0,2716.0
1784041058.3,27378,32624,944,210.0,71.0,2717.0
1784041059.4,27378,32624,944,205.0,71.0,2717.0
1784041060.5,27378,32624,944,212.0,71.0,2750.0
1784041061.6,27372,32624,936,212.0,71.0,2719.0
1784041062.7,27372,32624,936,216.0,71.0,2732.0
1784041063.8,27361,32624,936,216.0,71.0,2675.0
1784041064.9,27361,32624,936,196.0,71.0,2719.0
1784041066.0,27386,32624,944,218.0,71.0,2717.0
1784041067.1,27386,32624,944,213.0,71.0,2759.0
1784041068.2,27386,32624,938,208.0,71.0,2699.0
1784041069.3,27374,32624,936,216.0,71.0,2764.0
1784041070.4,27374,32624,936,215.0,71.0,2734.0
1784041071.4,27361,32624,936,210.0,71.0,2735.0
1784041072.5,27361,32624,936,209.0,71.0,2747.0
1784041073.6,27361,32624,936,209.0,71.0,2722.0
1784041074.7,27361,32624,936,205.0,71.0,2696.0
1784041075.8,27361,32624,936,216.0,71.0,2741.0
1784041076.9,27361,32624,936,214.0,71.0,2715.0
1784041078.0,27361,32624,936,212.0,71.0,2733.0
1784041079.1,27361,32624,936,207.0,71.0,2748.0
1784041080.2,27361,32624,936,223.0,71.0,2733.0
1784041081.3,27361,32624,936,193.0,71.0,2695.0
1784041082.4,27371,32624,938,206.0,71.0,2740.0
1784041083.5,27371,32624,938,225.0,71.0,2784.0
1784041084.5,27371,32624,938,212.0,71.0,2687.0
1784041085.6,27371,32624,938,219.0,71.0,2783.0
1784041086.7,27371,32624,938,201.0,71.0,2687.0
1784041087.8,27367,32624,936,216.0,71.0,2761.0
1784041088.9,27361,32624,936,222.0,71.0,2771.0
1784041090.0,27361,32624,936,204.0,71.0,2692.0
1784041091.1,27361,32624,936,205.0,71.0,2724.0
1784041092.2,27361,32624,936,218.0,71.0,2747.0
1784041093.3,27361,32624,936,214.0,71.0,2742.0
1784041094.4,27398,32624,944,212.0,71.0,2754.0
1784041095.5,27405,32624,948,212.0,71.0,2695.0
1784041096.6,27405,32624,936,215.0,71.0,2724.0
1784041097.7,27405,32624,936,220.0,71.0,2713.0
1784041098.7,27405,32624,936,223.0,71.0,2673.0
1784041099.8,27394,32624,936,190.0,71.0,2707.0
1784041100.9,27380,32624,936,178.0,71.0,2616.0
1784041102.0,27386,32624,938,187.0,71.0,2675.0
1784041103.1,27386,32624,938,186.0,71.0,2701.0
1784041104.2,27384,32624,946,185.0,71.0,2648.0
1784041105.3,27384,32624,948,211.0,71.0,2746.0
1784041106.4,27382,32624,936,216.0,71.0,2765.0
1784041107.5,27380,32624,936,211.0,71.0,2783.0
1784041108.6,27384,32624,942,206.0,71.0,2688.0
1784041109.7,27384,32624,942,213.0,71.0,2692.0
1784041110.8,27382,32624,938,216.0,71.0,2728.0
1784041111.9,27379,32624,938,203.0,71.0,2736.0
1784041113.0,27381,32624,940,219.0,71.0,2771.0
1784041114.1,27379,32624,938,213.0,71.0,2712.0
1784041115.1,27392,32624,950,217.0,71.0,2730.0
1784041116.2,27397,32624,944,213.0,71.0,2776.0
1784041117.3,27397,32624,940,212.0,71.0,2717.0
1784041118.4,27397,32624,940,203.0,71.0,2680.0
1784041119.5,27387,32624,940,213.0,71.0,2743.0
1784041120.6,27387,32624,940,208.0,71.0,2682.0
1784041121.7,27385,32624,938,206.0,71.0,2731.0
1784041122.8,27377,32624,938,215.0,71.0,2680.0
1784041123.9,27377,32624,938,215.0,71.0,2720.0
1784041125.0,27377,32624,938,211.0,71.0,2653.0
1784041126.1,27373,32624,938,218.0,71.0,2725.0
1784041127.2,27377,32624,940,196.0,71.0,2728.0
1784041128.3,27377,32624,940,179.0,71.0,2678.0
1784041129.4,27373,32624,936,173.0,72.0,2674.0
1784041130.5,27373,32624,936,195.0,71.0,2697.0
1784041131.6,27373,32624,936,177.0,71.0,2661.0
1784041132.6,27373,32624,936,188.0,71.0,2636.0
1784041133.7,27367,32624,936,200.0,71.0,2713.0
1784041134.8,27373,32624,938,209.0,71.0,2671.0
1784041135.9,27373,32624,938,223.0,71.0,2711.0
1784041137.0,27375,32624,938,223.0,71.0,2745.0
1784041138.1,27388,32624,956,211.0,71.0,2692.0
1784041139.2,27388,32624,944,206.0,72.0,2729.0
1784041140.3,27383,32624,944,214.0,71.0,2689.0
1784041141.4,27383,32624,944,199.0,71.0,2694.0
1784041142.5,27373,32624,944,217.0,71.0,2755.0
1784041143.6,27373,32624,944,218.0,71.0,2742.0
1784041144.7,27373,32624,944,211.0,71.0,2758.0
1784041145.7,27373,32624,942,215.0,71.0,2739.0
1784041146.8,27370,32624,942,202.0,71.0,2723.0
1784041147.9,27370,32624,942,207.0,71.0,2741.0
1784041149.0,27370,32624,942,212.0,71.0,2764.0
1784041150.1,27370,32624,942,216.0,71.0,2779.0
1784041151.2,27370,32624,942,208.0,71.0,2759.0
1784041152.3,27374,32624,944,212.0,71.0,2742.0
1784041153.4,27373,32624,944,201.0,71.0,2661.0
1784041154.5,27376,32624,946,216.0,71.0,2754.0
1784041155.6,27376,32624,946,208.0,71.0,2701.0
1784041156.7,27376,32624,946,214.0,71.0,2755.0
1784041157.8,27376,32624,946,203.0,71.0,2668.0
1784041158.8,27376,32624,946,214.0,71.0,2761.0
1784041159.9,27376,32624,946,212.0,71.0,2751.0
1784041161.0,27376,32624,946,219.0,72.0,2729.0
1784041162.1,27376,32624,946,210.0,71.0,2782.0
1784041163.2,27376,32624,946,219.0,71.0,2722.0
1784041164.3,27376,32624,946,212.0,71.0,2750.0
1784041165.4,27376,32624,946,221.0,71.0,2782.0
1784041166.5,27376,32624,946,221.0,71.0,2742.0
1784041167.6,27376,32624,946,216.0,71.0,2786.0
1784041168.7,27376,32624,946,202.0,71.0,2786.0
1784041169.8,27375,32624,940,220.0,72.0,2710.0
1784041170.9,27371,32624,938,229.0,71.0,2769.0
1784041172.0,27365,32624,950,161.0,71.0,2609.0
1784041173.0,27365,32624,948,239.0,71.0,2737.0
1784041174.1,27365,32624,948,224.0,71.0,2735.0
1784041175.2,27365,32624,948,215.0,71.0,2684.0
1784041176.3,27365,32624,948,196.0,71.0,2679.0
1784041177.4,27365,32624,948,215.0,72.0,2747.0
1784041178.5,27365,32624,948,213.0,72.0,2713.0
1784041179.6,27365,32624,948,203.0,71.0,2699.0
1784041180.7,27365,32624,948,213.0,72.0,2763.0
1784041181.8,27368,32624,961,134.0,70.0,2202.0
1784041182.9,27428,32624,974,206.0,71.0,2301.0
1784041184.0,27430,32624,966,214.0,71.0,2350.0
1784041185.1,27430,32624,956,228.0,71.0,2350.0
1784041186.2,27432,32624,948,233.0,71.0,2385.0
1784041187.2,27430,32624,952,219.0,71.0,2406.0
1784041188.3,27422,32624,952,213.0,71.0,2322.0
1784041189.4,27386,32624,952,208.0,71.0,2687.0
1784041190.5,27383,32624,952,219.0,71.0,2767.0
1784041191.6,27379,32624,952,209.0,71.0,2744.0
1784041192.7,27379,32624,952,214.0,71.0,2732.0
1784041193.8,27379,32624,952,210.0,71.0,2710.0
1784041194.9,27379,32624,948,207.0,71.0,2692.0
1784041196.0,27379,32624,952,219.0,71.0,2743.0
1784041197.1,27379,32624,952,214.0,71.0,2736.0
1784041198.2,27379,32624,952,193.0,70.0,2714.0
1784041199.3,27379,32624,952,221.0,70.0,2749.0
1784041200.3,27381,32624,952,213.0,70.0,2757.0
1784041201.4,27383,32624,938,207.0,70.0,2715.0
1784041202.5,27383,32624,934,210.0,70.0,2710.0
1784041203.6,27383,32624,938,210.0,70.0,2730.0
1784041204.7,27381,32624,934,206.0,70.0,2737.0
1784041205.8,27381,32624,938,235.0,70.0,2723.0
1784041206.9,27381,32624,932,191.0,70.0,2730.0
1784041208.0,27381,32624,936,207.0,70.0,2746.0
1784041209.1,27381,32624,936,212.0,70.0,2746.0
1784041210.2,27381,32624,932,212.0,70.0,2719.0
1784041211.3,27381,32624,936,206.0,70.0,2712.0
1784041212.4,27381,32624,934,209.0,70.0,2741.0
1784041213.5,27392,32624,952,224.0,70.0,2791.0
1784041214.6,27392,32624,952,208.0,70.0,2733.0
1784041215.7,27390,32624,936,205.0,70.0,2734.0
1784041216.8,27388,32624,932,206.0,70.0,2750.0
1784041217.9,27388,32624,936,209.0,70.0,2770.0
1784041219.0,27373,32624,936,207.0,70.0,2745.0
1784041220.1,27366,32624,932,194.0,70.0,2703.0
1784041221.2,27366,32624,936,206.0,70.0,2740.0
1784041222.3,27363,32624,932,216.0,70.0,2758.0
1784041223.4,27367,32624,936,206.0,70.0,2720.0
1784041224.5,27367,32624,936,203.0,70.0,2727.0
1784041225.6,27363,32624,936,220.0,70.0,2735.0
1784041226.7,27363,32624,932,176.0,70.0,2651.0
1784041227.8,27363,32624,936,216.0,70.0,2683.0
1784041228.9,27378,32624,932,211.0,71.0,2735.0
1784041230.0,27378,32624,936,203.0,71.0,2703.0
1784041231.1,27426,32624,938,219.0,71.0,2750.0
1784041232.2,27426,32624,936,196.0,71.0,2654.0
1784041233.3,27424,32624,932,207.0,71.0,2709.0
1784041234.4,27420,32624,938,210.0,71.0,2709.0
1784041235.5,27420,32624,932,209.0,71.0,2721.0
1784041236.6,27384,32624,932,208.0,71.0,2730.0
1784041237.7,27371,32624,932,218.0,71.0,2765.0
1784041238.8,27415,32624,940,204.0,71.0,2705.0
1784041239.9,27430,32624,936,220.0,71.0,2748.0
1784041241.0,27426,32624,932,216.0,71.0,2731.0
1784041242.0,27422,32624,936,223.0,71.0,2691.0
1784041243.1,27422,32624,934,213.0,71.0,2776.0
1784041244.2,27420,32624,932,218.0,71.0,2721.0
1784041245.3,27371,32624,932,211.0,71.0,2715.0
1784041246.4,27371,32624,932,214.0,71.0,2712.0
1784041247.5,27371,32624,932,215.0,71.0,2718.0
1784041248.6,27364,32624,932,190.0,71.0,2700.0
1784041249.7,27364,32624,932,229.0,71.0,2777.0
1784041250.8,27364,32624,932,212.0,71.0,2726.0
1784041251.9,27364,32624,932,210.0,71.0,2748.0
1784041253.0,27349,32624,932,213.0,71.0,2723.0
1784041254.1,27366,32624,938,215.0,71.0,2724.0
1784041255.2,27366,32624,936,206.0,71.0,2746.0
1784041256.3,27386,32624,946,218.0,71.0,2725.0
1784041257.4,27385,32624,938,206.0,71.0,2668.0
1784041258.5,27383,32624,934,211.0,71.0,2712.0
1784041259.6,27381,32624,938,211.0,71.0,2691.0
1784041260.7,27379,32624,934,232.0,71.0,2740.0
1784041261.8,27376,32624,934,221.0,71.0,2711.0
1784041262.9,27364,32624,934,195.0,71.0,2724.0
1784041264.0,27364,32624,934,193.0,71.0,2716.0
1784041265.1,27346,32624,932,204.0,71.0,2718.0
1784041266.2,27346,32624,932,207.0,71.0,2755.0
1784041267.3,27346,32624,932,210.0,72.0,2716.0
1784041268.4,27346,32624,932,212.0,71.0,2750.0
1784041269.5,27346,32624,932,209.0,71.0,2713.0
1784041270.6,27427,32624,942,213.0,71.0,2753.0
1784041271.7,27431,32624,938,210.0,72.0,2721.0
1784041272.7,27431,32624,938,210.0,71.0,2744.0
1784041273.8,27431,32624,938,206.0,71.0,2718.0
1784041274.9,27425,32624,936,41.0,71.0,0.0
1784041276.0,27427,32624,936,208.0,71.0,2350.0
1784041277.1,27396,32624,934,219.0,71.0,2295.0
1784041278.2,27390,32624,934,227.0,71.0,2350.0
1784041279.3,27376,32624,934,209.0,71.0,2381.0
1784041280.4,27374,32624,934,213.0,71.0,2350.0
1784041281.5,27374,32624,934,212.0,71.0,2384.0
1784041282.6,27366,32624,934,218.0,71.0,2748.0
1784041283.7,27366,32624,934,217.0,71.0,2756.0
1784041284.8,27362,32624,934,211.0,71.0,2738.0
1784041285.9,27372,32624,934,215.0,71.0,2763.0
1784041287.0,27398,32624,942,218.0,71.0,2759.0
1784041288.1,27398,32624,940,206.0,71.0,2676.0
1784041289.1,27398,32624,936,216.0,70.0,2735.0
1784041290.2,27396,32624,934,209.0,71.0,2713.0
1784041291.3,27386,32624,932,221.0,70.0,2760.0
1784041292.4,27364,32624,932,219.0,70.0,2786.0
1784041293.5,27364,32624,932,211.0,70.0,2735.0
1784041294.6,27369,32624,936,215.0,70.0,2765.0
1784041295.7,27373,32624,936,213.0,70.0,2735.0
1784041296.8,27370,32624,932,212.0,70.0,2698.0
1784041297.9,27364,32624,932,215.0,70.0,2739.0
1784041299.0,27364,32624,932,214.0,70.0,2748.0
1784041300.1,27364,32624,932,210.0,70.0,2750.0
1784041301.2,27364,32624,932,193.0,70.0,2742.0
1784041302.3,27364,32624,932,219.0,70.0,2789.0
1784041303.4,27364,32624,932,225.0,70.0,2807.0
1784041304.5,27364,32624,932,203.0,70.0,2680.0
1784041305.6,27364,32624,932,206.0,70.0,2725.0
1784041306.7,27364,32624,932,214.0,70.0,2788.0
1784041307.8,27349,32624,932,217.0,70.0,2762.0
1784041308.9,27349,32624,932,212.0,70.0,2736.0
1784041310.0,27349,32624,932,217.0,70.0,2741.0
1784041311.1,27349,32624,932,213.0,70.0,2719.0
1784041312.2,27424,32624,942,189.0,70.0,2690.0
1784041313.3,27424,32624,942,229.0,70.0,2795.0
1784041314.4,27424,32624,934,208.0,70.0,2738.0
1784041315.5,27414,32624,934,203.0,70.0,2661.0
1784041316.6,27418,32624,934,213.0,70.0,2754.0
1784041317.7,27382,32624,932,214.0,70.0,2755.0
1784041318.8,27371,32624,932,212.0,70.0,2758.0
1784041319.9,27371,32624,932,175.0,70.0,2685.0
1784041321.0,27368,32624,932,222.0,70.0,2782.0
1784041322.1,27368,32624,932,213.0,70.0,2753.0
1784041323.2,27368,32624,932,221.0,70.0,2783.0
1784041324.3,27368,32624,932,207.0,70.0,2712.0
1784041325.4,27368,32624,932,215.0,70.0,2743.0
1784041326.5,27368,32624,932,206.0,71.0,2758.0
1784041327.5,27368,32624,932,213.0,71.0,2743.0
1784041328.6,27353,32624,932,218.0,71.0,2763.0
1784041329.7,27353,32624,932,215.0,71.0,2730.0
1784041330.8,27353,32624,932,214.0,71.0,2769.0
1784041331.9,27353,32624,932,216.0,71.0,2703.0
1784041333.0,27353,32624,932,209.0,71.0,2740.0
1784041334.1,27385,32624,938,213.0,71.0,2724.0
1784041335.2,27385,32624,938,206.0,71.0,2757.0
1784041336.3,27385,32624,932,208.0,71.0,2674.0
1784041337.4,27385,32624,932,205.0,71.0,2721.0
1784041338.5,27371,32624,932,209.0,71.0,2744.0
1784041339.6,27371,32624,932,202.0,71.0,2732.0
1784041340.7,27410,32624,942,206.0,71.0,2676.0
1784041341.8,27429,32624,938,205.0,71.0,2698.0
1784041342.9,27429,32624,938,222.0,71.0,2721.0
1784041344.0,27429,32624,936,187.0,71.0,2691.0
1784041345.1,27423,32624,936,238.0,71.0,2732.0
1784041346.2,27421,32624,934,186.0,71.0,2702.0
1784041347.3,27401,32624,934,214.0,71.0,2736.0
1784041348.4,27401,32624,934,222.0,71.0,2762.0
1784041349.4,27401,32624,934,216.0,71.0,2750.0
1784041350.5,27376,32624,934,215.0,71.0,2741.0
1784041351.6,27376,32624,934,219.0,71.0,2738.0
1784041352.7,27376,32624,934,206.0,71.0,2688.0
1784041353.8,27376,32624,934,204.0,71.0,2699.0
1784041354.9,27376,32624,934,212.0,71.0,2696.0
1784041356.0,27376,32624,934,217.0,71.0,2720.0
1784041357.1,27372,32624,934,221.0,71.0,2748.0
1784041358.2,27372,32624,934,186.0,71.0,2699.0
1784041359.3,27372,32624,934,210.0,71.0,2681.0
1784041360.4,27372,32624,934,204.0,71.0,2754.0
1784041361.5,27372,32624,934,217.0,71.0,2762.0
1784041362.6,27372,32624,934,203.0,71.0,2710.0
1784041363.6,27372,32624,934,210.0,71.0,2756.0
1784041364.7,27372,32624,934,213.0,71.0,2745.0
1784041365.8,27372,32624,934,207.0,71.0,2716.0
1784041366.9,27372,32624,934,212.0,71.0,2709.0
1784041368.0,27372,32624,934,202.0,71.0,2676.0
1784041369.1,27372,32624,934,208.0,71.0,2647.0
1784041370.2,27372,32624,934,215.0,71.0,2739.0
1784041371.3,27372,32624,934,218.0,71.0,2751.0
1784041372.4,27372,32624,934,213.0,71.0,2724.0
1784041373.5,27372,32624,934,214.0,71.0,2674.0
1784041374.6,27372,32624,934,209.0,71.0,2690.0
1784041375.6,27372,32624,934,207.0,71.0,2721.0
1784041376.7,27372,32624,934,206.0,71.0,2692.0
1784041377.8,27372,32624,934,204.0,71.0,2705.0
1784041378.9,27372,32624,934,210.0,71.0,2695.0
1784041380.0,27372,32624,934,215.0,71.0,2648.0
1784041381.1,27372,32624,934,223.0,71.0,2713.0
1784041382.2,27372,32624,934,234.0,71.0,2667.0
1784041383.3,27372,32624,934,182.0,71.0,2661.0
1784041384.4,27372,32624,934,217.0,71.0,2742.0
1784041385.5,27372,32624,934,177.0,71.0,2649.0
1784041386.6,27372,32624,934,192.0,71.0,2708.0
1784041387.7,27372,32624,934,207.0,71.0,2725.0
1784041388.7,27372,32624,934,221.0,71.0,2748.0
1784041389.8,27372,32624,934,224.0,71.0,2772.0
1784041390.9,27372,32624,934,215.0,72.0,2740.0
1784041392.0,27372,32624,934,208.0,71.0,2766.0
1784041393.1,27372,32624,934,219.0,71.0,2752.0
1784041394.2,27371,32624,938,224.0,71.0,2765.0
1784041395.3,27371,32624,938,226.0,71.0,2761.0
1784041396.4,27367,32624,938,220.0,71.0,2757.0
1784041397.5,27367,32624,938,182.0,72.0,2687.0
1784041398.6,27367,32624,938,210.0,71.0,2770.0
1784041399.7,27363,32624,938,224.0,71.0,2732.0
1784041400.8,27363,32624,938,212.0,71.0,2723.0
1784041401.8,27363,32624,938,220.0,71.0,2762.0
1784041402.9,27363,32624,938,204.0,71.0,2742.0
1784041404.0,27358,32624,938,216.0,71.0,2730.0
1784041405.1,27358,32624,938,215.0,71.0,2806.0
1784041406.2,27358,32624,938,214.0,71.0,2716.0
1784041407.3,27358,32624,938,206.0,71.0,2687.0
1784041408.4,27358,32624,938,53.0,71.0,1019.0
1784041409.5,27358,32624,938,203.0,71.0,2295.0
1784041410.6,27358,32624,938,215.0,71.0,2298.0
1784041411.7,27358,32624,938,206.0,71.0,2269.0
1784041412.8,27358,32624,938,211.0,71.0,2401.0
1784041413.9,27358,32624,938,214.0,71.0,2350.0
1784041414.9,27358,32624,938,211.0,71.0,2735.0
1784041416.0,27358,32624,938,221.0,71.0,2713.0
1784041417.1,27358,32624,938,163.0,71.0,2643.0
1784041418.2,27358,32624,938,202.0,71.0,2697.0
1784041419.3,27358,32624,938,220.0,71.0,2753.0
1784041420.4,27358,32624,938,213.0,71.0,2751.0
1784041421.5,27358,32624,938,213.0,70.0,2733.0
1784041422.6,27358,32624,938,214.0,70.0,2723.0
1784041423.7,27358,32624,938,218.0,70.0,2695.0
1784041424.8,27358,32624,938,175.0,70.0,2704.0
1784041425.9,27358,32624,938,175.0,70.0,2734.0
1784041427.0,27358,32624,938,212.0,70.0,2722.0
1784041428.0,27358,32624,938,209.0,70.0,2718.0
1784041429.1,27358,32624,938,210.0,70.0,2749.0
1784041430.2,27358,32624,938,210.0,70.0,2752.0
1784041431.3,27358,32624,938,210.0,70.0,2718.0
1784041432.4,27358,32624,938,214.0,70.0,2726.0
1784041433.5,27358,32624,938,215.0,70.0,2711.0
1784041434.6,27358,32624,938,231.0,70.0,2740.0
1784041435.7,27358,32624,938,209.0,70.0,2739.0
1784041436.8,27419,32624,956,197.0,70.0,2701.0
1784041437.9,27430,32624,962,200.0,70.0,2730.0
1784041439.0,27430,32624,962,219.0,70.0,2770.0
1784041440.0,27422,32624,954,216.0,70.0,2793.0
1784041441.1,27418,32624,934,213.0,70.0,2703.0
1784041442.2,27388,32624,934,209.0,70.0,2699.0
1784041443.3,27383,32624,934,217.0,70.0,2769.0
1784041444.4,27449,32624,936,200.0,70.0,2676.0
1784041445.5,27449,32624,934,205.0,70.0,2701.0
1784041446.6,27449,32624,934,193.0,70.0,2700.0
1784041447.7,27447,32624,940,182.0,70.0,2682.0
1784041448.8,27435,32624,934,218.0,70.0,2771.0
1784041449.9,27435,32624,932,216.0,70.0,2763.0
1784041451.0,27394,32624,932,209.0,70.0,2714.0
1784041452.1,27433,32624,938,215.0,70.0,2760.0
1784041453.2,27448,32624,936,209.0,70.0,2733.0
1784041454.3,27442,32624,934,212.0,70.0,2725.0
1784041455.4,27432,32624,938,212.0,71.0,2720.0
1784041456.5,27432,32624,938,219.0,71.0,2722.0
1784041457.6,27425,32624,934,216.0,71.0,2723.0
1784041458.6,27425,32624,934,230.0,71.0,2706.0
1784041459.7,27392,32624,934,202.0,71.0,2709.0
1784041460.8,27392,32624,934,209.0,71.0,2759.0
1784041461.9,27389,32624,934,207.0,71.0,2728.0
1784041463.0,27389,32624,934,213.0,71.0,2743.0
1784041464.1,27389,32624,934,213.0,71.0,2703.0
1784041465.2,27389,32624,934,215.0,71.0,2740.0
1784041466.3,27389,32624,934,221.0,71.0,2739.0
1784041467.4,27382,32624,934,208.0,71.0,2726.0
1784041468.5,27382,32624,934,213.0,71.0,2732.0
1784041469.6,27382,32624,934,208.0,71.0,2723.0
1784041470.7,27382,32624,934,204.0,71.0,2697.0
1784041471.8,27382,32624,934,215.0,71.0,2708.0
1784041472.9,27382,32624,934,211.0,71.0,2737.0
1784041474.0,27382,32624,934,217.0,71.0,2706.0
1784041475.0,27382,32624,934,222.0,71.0,2671.0
1784041476.1,27382,32624,934,216.0,71.0,2741.0
1784041477.2,27382,32624,934,204.0,71.0,2710.0
1784041478.3,27382,32624,934,214.0,71.0,2717.0
1784041479.4,27382,32624,934,206.0,71.0,2723.0
1784041480.5,27382,32624,934,203.0,71.0,2701.0
1784041481.6,27382,32624,934,206.0,71.0,2711.0
1784041482.7,27382,32624,934,214.0,71.0,2739.0
1784041483.8,27382,32624,934,210.0,71.0,2672.0
1784041484.9,27382,32624,934,211.0,71.0,2694.0
1784041486.0,27382,32624,934,213.0,71.0,2705.0
1784041487.1,27382,32624,934,220.0,71.0,2730.0
1784041488.1,27382,32624,934,214.0,71.0,2682.0
1784041489.2,27382,32624,934,222.0,71.0,2700.0
1784041490.3,27382,32624,934,218.0,71.0,2774.0
1784041491.4,27382,32624,934,218.0,71.0,2765.0
1784041492.5,27382,32624,934,207.0,71.0,2743.0
1784041493.6,27382,32624,934,214.0,71.0,2748.0
1784041494.7,27382,32624,934,208.0,71.0,2690.0
1784041495.8,27382,32624,934,204.0,71.0,2700.0
1784041496.9,27382,32624,934,219.0,71.0,2673.0
1784041498.0,27382,32624,934,186.0,71.0,2696.0
1784041499.1,27382,32624,934,185.0,71.0,2709.0
1784041500.2,27382,32624,934,217.0,71.0,2741.0
1784041501.3,27382,32624,934,210.0,71.0,2682.0
1784041502.3,27382,32624,934,211.0,71.0,2735.0
1784041503.4,27382,32624,934,215.0,71.0,2749.0
1784041504.5,27382,32624,934,202.0,71.0,2667.0
1784041505.6,27382,32624,934,204.0,71.0,2689.0
1784041506.7,27382,32624,934,211.0,71.0,2727.0
1784041507.8,27382,32624,934,212.0,71.0,2723.0
1784041508.9,27382,32624,934,207.0,71.0,2713.0
1784041510.0,27382,32624,934,220.0,71.0,2721.0
1784041511.1,27382,32624,934,213.0,71.0,2682.0
1784041512.2,27382,32624,934,201.0,71.0,2716.0
1784041513.3,27382,32624,934,192.0,71.0,2707.0
1784041514.4,27389,32624,960,214.0,71.0,2732.0
1784041515.4,27383,32624,958,224.0,71.0,2775.0
1784041516.5,27383,32624,958,202.0,71.0,2682.0
1784041517.6,27383,32624,958,210.0,71.0,2702.0
1784041518.7,27383,32624,958,213.0,71.0,2715.0
1784041519.8,27375,32624,958,212.0,71.0,2698.0
1784041520.9,27375,32624,958,213.0,71.0,2696.0
1784041522.0,27375,32624,958,212.0,71.0,2771.0
1784041523.1,27375,32624,958,204.0,71.0,2701.0
1784041524.2,27369,32624,958,204.0,71.0,2698.0
1784041525.3,27369,32624,958,208.0,71.0,2699.0
1784041526.4,27369,32624,958,212.0,71.0,2700.0
1784041527.5,27369,32624,958,209.0,71.0,2693.0
1784041528.5,27369,32624,958,215.0,71.0,2754.0
1784041529.6,27369,32624,958,208.0,71.0,2714.0
1784041530.7,27369,32624,958,211.0,71.0,2728.0
1784041531.8,27369,32624,958,212.0,71.0,2683.0
1784041532.9,27369,32624,958,209.0,71.0,2750.0
1784041534.0,27369,32624,958,216.0,71.0,2745.0
1784041535.1,27369,32624,958,210.0,71.0,2719.0
1784041536.2,27369,32624,958,207.0,71.0,2722.0
1784041537.3,27369,32624,958,210.0,71.0,2689.0
1784041538.4,27369,32624,958,203.0,71.0,2694.0
1784041539.5,27369,32624,958,219.0,71.0,2687.0
1784041540.6,27369,32624,958,204.0,71.0,2761.0
1784041541.7,27369,32624,958,209.0,71.0,2683.0
1784041542.8,27369,32624,958,216.0,71.0,2708.0
1784041543.8,27369,32624,958,216.0,71.0,2769.0
1784041544.9,27369,32624,958,211.0,71.0,2701.0
1784041546.0,27369,32624,958,214.0,71.0,2746.0
1784041547.1,27369,32624,958,217.0,71.0,2731.0
1784041548.2,27369,32624,958,213.0,71.0,2760.0
1784041549.3,27369,32624,958,212.0,71.0,2785.0
1784041550.4,27369,32624,958,217.0,71.0,2747.0
1784041551.5,27369,32624,958,211.0,71.0,2701.0
1784041552.6,27369,32624,958,204.0,71.0,2638.0
1784041553.7,27369,32624,958,206.0,71.0,2698.0
1784041554.8,27369,32624,958,212.0,71.0,2751.0
1784041555.9,27369,32624,958,217.0,71.0,2700.0
1784041556.9,27369,32624,958,221.0,71.0,2742.0
1784041558.0,27369,32624,958,221.0,71.0,2754.0
1784041559.1,27369,32624,958,215.0,71.0,2795.0
1784041560.2,27369,32624,958,209.0,71.0,2750.0
1784041561.3,27369,32624,958,207.0,71.0,2703.0
1784041562.4,27369,32624,958,216.0,71.0,2701.0
1784041563.5,27369,32624,958,211.0,71.0,2674.0
1784041564.6,27369,32624,958,208.0,71.0,2681.0
1784041565.7,27369,32624,958,213.0,71.0,2757.0
1784041566.8,27369,32624,958,207.0,71.0,2648.0
1784041567.9,27369,32624,958,208.0,71.0,2729.0
1784041569.0,27369,32624,958,213.0,71.0,2754.0
1784041570.0,27369,32624,958,211.0,71.0,2695.0
1784041571.1,27369,32624,958,215.0,72.0,2722.0
1784041572.2,27369,32624,958,206.0,71.0,2733.0
1784041573.3,27369,32624,958,207.0,71.0,2706.0
1784041574.4,27381,32624,950,210.0,71.0,2746.0
1784041575.5,27381,32624,950,208.0,71.0,2706.0
1784041576.6,27381,32624,950,210.0,72.0,2759.0
1784041577.7,27381,32624,950,218.0,71.0,2729.0
1784041578.8,27381,32624,950,215.0,71.0,2743.0
1784041579.9,27373,32624,950,214.0,72.0,2778.0
1784041581.0,27373,32624,950,219.0,71.0,2726.0
1784041582.1,27373,32624,950,208.0,72.0,2686.0
1784041583.1,27373,32624,950,213.0,71.0,2712.0
1784041584.2,27367,32624,950,182.0,71.0,2680.0
1784041585.3,27367,32624,950,190.0,71.0,2734.0
1784041586.4,27367,32624,950,232.0,71.0,2722.0
1784041587.5,27367,32624,950,217.0,72.0,2724.0
1784041588.6,27367,32624,950,210.0,71.0,2350.0
1784041589.7,27367,32624,950,214.0,71.0,2350.0
1784041590.8,27367,32624,950,209.0,71.0,2350.0
1784041591.9,27367,32624,950,213.0,71.0,2304.0
1784041593.0,27367,32624,950,233.0,71.0,2390.0
1784041594.1,27367,32624,950,217.0,72.0,2755.0
1784041595.1,27367,32624,950,217.0,71.0,2716.0
1784041596.2,27367,32624,950,210.0,71.0,2728.0
1784041597.3,27367,32624,950,216.0,71.0,2728.0
1784041598.4,27367,32624,950,218.0,71.0,2743.0
1784041599.5,27367,32624,950,201.0,71.0,2681.0
1784041600.6,27367,32624,950,208.0,71.0,2715.0
1784041601.7,27367,32624,950,214.0,71.0,2732.0
1784041602.8,27367,32624,950,183.0,70.0,2641.0
1784041603.9,27367,32624,950,208.0,71.0,2740.0
1784041605.0,27367,32624,950,216.0,71.0,2769.0
1784041606.0,27367,32624,950,213.0,70.0,2739.0
1784041607.1,27367,32624,950,207.0,70.0,2765.0
1784041608.2,27367,32624,950,208.0,70.0,2712.0
1784041609.3,27367,32624,950,215.0,70.0,2764.0
1784041610.4,27367,32624,950,212.0,70.0,2735.0
1784041611.5,27367,32624,950,188.0,70.0,2684.0
1784041612.6,27367,32624,950,225.0,70.0,2719.0
1784041613.7,27367,32624,950,211.0,70.0,2749.0
1784041614.8,27367,32624,950,212.0,70.0,2719.0
1784041615.9,27367,32624,950,216.0,70.0,2769.0
1784041617.0,27367,32624,950,213.0,70.0,2722.0
1784041618.1,27371,32624,944,207.0,70.0,2759.0
1784041619.1,27371,32624,944,204.0,70.0,2699.0
1784041620.2,27371,32624,936,196.0,70.0,2659.0
1784041621.3,27371,32624,936,211.0,70.0,2762.0
1784041622.4,27371,32624,936,209.0,70.0,2723.0
1784041623.5,27371,32624,936,215.0,70.0,2745.0
1784041624.6,27371,32624,936,213.0,70.0,2736.0
1784041625.7,27371,32624,936,217.0,70.0,2747.0
1784041626.8,27371,32624,936,213.0,70.0,2713.0
1784041627.9,27371,32624,936,218.0,70.0,2755.0
1784041629.0,27367,32624,936,218.0,70.0,2748.0
1784041630.1,27367,32624,936,216.0,70.0,2752.0
1784041631.2,27367,32624,936,214.0,70.0,2720.0
1784041632.3,27367,32624,936,214.0,70.0,2731.0
1784041633.4,27367,32624,936,213.0,70.0,2679.0
1784041634.4,27395,32624,960,185.0,71.0,2715.0
1784041635.5,27391,32624,938,210.0,71.0,2734.0
1784041636.6,27391,32624,938,209.0,71.0,2766.0
1784041637.7,27417,32624,968,204.0,71.0,2735.0
1784041638.8,27417,32624,968,212.0,71.0,2740.0
1784041639.9,27414,32624,934,216.0,71.0,2724.0
1784041641.0,27414,32624,934,186.0,71.0,2656.0
1784041642.1,27391,32624,938,187.0,71.0,2694.0
1784041643.2,27385,32624,938,212.0,71.0,2748.0
1784041644.3,27382,32624,938,206.0,71.0,2716.0
1784041645.4,27382,32624,938,215.0,71.0,2752.0
1784041646.5,27382,32624,938,211.0,71.0,2722.0
1784041647.5,27382,32624,938,216.0,71.0,2734.0
1784041648.6,27382,32624,938,211.0,71.0,2676.0
1784041649.7,27382,32624,938,215.0,71.0,2707.0
1784041650.8,27382,32624,938,190.0,71.0,2697.0
1784041651.9,27382,32624,938,208.0,71.0,2721.0
1784041653.0,27382,32624,938,214.0,71.0,2784.0
1784041654.1,27378,32624,938,213.0,71.0,2718.0
1784041655.2,27378,32624,938,208.0,71.0,2729.0
1784041656.3,27378,32624,938,202.0,71.0,2676.0
1784041657.4,27419,32624,948,220.0,71.0,2779.0
1784041658.5,27419,32624,948,216.0,71.0,2730.0
1784041659.6,27419,32624,948,188.0,71.0,2666.0
1784041660.7,27417,32624,934,214.0,71.0,2698.0
1784041661.8,27417,32624,934,210.0,71.0,2710.0
1784041662.8,27417,32624,934,215.0,71.0,2715.0
1784041663.9,27388,32624,934,215.0,71.0,2752.0
1784041665.0,27383,32624,934,214.0,71.0,2736.0
1784041666.1,27383,32624,934,210.0,71.0,2716.0
1784041667.2,27383,32624,934,216.0,71.0,2730.0
1784041668.3,27382,32624,934,215.0,71.0,2710.0
1784041669.4,27382,32624,934,220.0,71.0,2677.0
1784041670.5,27382,32624,934,194.0,71.0,2703.0
1784041671.6,27382,32624,934,207.0,71.0,2743.0
1784041672.7,27382,32624,934,204.0,71.0,2703.0
1784041673.8,27382,32624,934,204.0,71.0,2675.0
1784041674.9,27382,32624,934,208.0,71.0,2701.0
1784041675.9,27382,32624,934,207.0,71.0,2694.0
1784041677.0,27382,32624,934,212.0,71.0,2664.0
1784041678.1,27382,32624,934,205.0,71.0,2661.0
1784041679.2,27382,32624,934,214.0,71.0,2738.0
1784041680.3,27382,32624,934,206.0,71.0,2664.0
1784041681.4,27382,32624,934,219.0,71.0,2729.0
1784041682.5,27382,32624,934,208.0,71.0,2746.0
1784041683.6,27382,32624,934,203.0,71.0,2684.0
1784041684.7,27382,32624,934,210.0,71.0,2724.0
1784041685.8,27382,32624,934,210.0,71.0,2652.0
1784041686.8,27382,32624,934,214.0,71.0,2667.0
1784041687.9,27382,32624,934,188.0,71.0,2651.0
1784041689.0,27382,32624,934,212.0,71.0,2702.0
1784041690.1,27382,32624,934,224.0,71.0,2720.0
1784041691.2,27382,32624,934,225.0,71.0,2719.0
1784041692.3,27382,32624,934,218.0,71.0,2760.0
1784041693.4,27382,32624,934,218.0,71.0,2734.0
1784041694.5,27394,32624,952,208.0,71.0,2708.0
1784041695.6,27394,32624,952,209.0,71.0,2677.0
1784041696.7,27394,32624,952,208.0,71.0,2741.0
1784041697.8,27394,32624,952,224.0,71.0,2772.0
1784041698.9,27394,32624,952,212.0,71.0,2730.0
1784041700.0,27386,32624,952,203.0,71.0,2646.0
1784041701.0,27386,32624,952,206.0,71.0,2705.0
1784041702.1,27386,32624,952,215.0,71.0,2710.0
1784041703.2,27386,32624,952,211.0,71.0,2741.0
1784041704.3,27380,32624,952,211.0,71.0,2770.0
1784041705.4,27380,32624,952,204.0,71.0,2695.0
1784041706.5,27380,32624,952,209.0,71.0,2673.0
1784041707.6,27380,32624,952,204.0,71.0,2656.0
1784041708.7,27380,32624,952,214.0,71.0,2724.0
1784041709.8,27380,32624,952,211.0,71.0,2736.0
1784041710.9,27380,32624,952,215.0,71.0,2682.0
1784041712.0,27380,32624,952,224.0,71.0,2729.0
1784041713.1,27380,32624,952,221.0,71.0,2684.0
1784041714.1,27380,32624,952,228.0,71.0,2693.0
1784041715.2,27380,32624,952,201.0,71.0,2690.0
1784041716.3,27380,32624,952,221.0,71.0,2742.0
1784041717.4,27380,32624,952,224.0,71.0,2784.0
1784041718.5,27380,32624,952,219.0,71.0,2769.0
1784041719.6,27380,32624,952,209.0,71.0,2694.0
1784041720.7,27380,32624,952,212.0,71.0,2726.0
1784041721.8,27380,32624,952,214.0,72.0,2746.0
1784041722.9,27380,32624,952,207.0,71.0,2710.0
1784041724.0,27380,32624,952,217.0,71.0,2696.0
1784041725.1,27380,32624,952,210.0,71.0,2664.0
1784041726.2,27380,32624,952,222.0,71.0,2828.0
1784041727.3,27385,32624,938,215.0,71.0,2751.0
1784041728.4,27438,32624,958,213.0,71.0,2693.0
1784041729.5,27440,32624,940,203.0,71.0,2677.0
1784041730.6,27440,32624,936,207.0,72.0,2676.0
1784041731.7,27440,32624,936,212.0,71.0,2707.0
1784041732.7,27448,32624,942,209.0,71.0,2735.0
1784041733.8,27462,32624,960,215.0,71.0,2722.0
1784041734.9,27440,32624,938,209.0,71.0,2737.0
1784041736.0,27430,32624,938,204.0,71.0,2720.0
1784041737.1,27430,32624,938,214.0,71.0,2736.0
1784041738.2,27430,32624,938,215.0,71.0,2726.0
1784041739.3,27391,32624,938,209.0,71.0,2697.0
1784041740.4,27391,32624,944,210.0,72.0,2686.0
1784041741.5,27391,32624,944,213.0,72.0,2743.0
1784041742.6,27391,32624,944,202.0,72.0,2647.0
1784041743.7,27391,32624,944,216.0,71.0,2721.0
1784041744.8,27391,32624,944,213.0,71.0,2705.0
1784041745.9,27384,32624,944,208.0,71.0,2733.0
1784041747.0,27384,32624,944,212.0,72.0,2772.0
1784041748.1,27384,32624,944,217.0,72.0,2729.0
1784041749.1,27384,32624,944,207.0,72.0,2690.0
1784041750.2,27384,32624,944,218.0,72.0,2790.0
1784041751.3,27384,32624,944,214.0,72.0,2716.0
1784041752.4,27384,32624,944,214.0,71.0,2740.0
1784041753.5,27384,32624,944,216.0,72.0,2760.0
1784041754.6,27384,32624,944,221.0,72.0,2710.0
1784041755.7,27384,32624,944,224.0,71.0,2718.0
1784041756.8,27384,32624,944,206.0,71.0,2718.0
1784041757.9,27384,32624,944,169.0,71.0,2715.0
1784041759.0,27380,32624,944,193.0,71.0,2698.0
1784041760.1,27380,32624,944,213.0,71.0,2670.0
1784041761.2,27380,32624,944,222.0,71.0,2378.0
1784041762.2,27380,32624,944,215.0,71.0,2350.0
1784041763.3,27380,32624,944,203.0,71.0,2265.0
1784041764.4,27380,32624,944,152.0,71.0,2282.0
1784041765.5,27380,32624,944,241.0,71.0,2414.0
1784041766.6,27380,32624,944,208.0,71.0,2264.0
1784041767.7,27380,32624,944,186.0,71.0,2633.0
1784041768.8,27380,32624,944,207.0,71.0,2752.0
1784041769.9,27380,32624,944,209.0,71.0,2705.0
1784041771.0,27380,32624,944,208.0,71.0,2744.0
1784041772.1,27380,32624,944,212.0,71.0,2702.0
1784041773.2,27380,32624,944,213.0,71.0,2738.0
1784041774.3,27380,32624,944,202.0,71.0,2675.0
1784041775.3,27380,32624,944,215.0,70.0,2697.0
1784041776.4,27380,32624,944,184.0,70.0,2720.0
1784041777.5,27380,32624,944,211.0,70.0,2717.0
1784041778.6,27380,32624,944,207.0,70.0,2718.0
1784041779.7,27380,32624,944,211.0,70.0,2745.0
1784041780.8,27380,32624,944,206.0,70.0,2712.0
1784041781.9,27380,32624,944,213.0,70.0,2733.0
1784041783.0,27380,32624,944,228.0,70.0,2754.0
1784041784.1,27380,32624,944,187.0,70.0,2698.0
1784041785.2,27380,32624,944,210.0,70.0,2738.0
1784041786.3,27380,32624,944,203.0,70.0,2678.0
1784041787.4,27380,32624,944,210.0,70.0,2733.0
1784041788.4,27380,32624,944,210.0,70.0,2712.0
1784041789.5,27380,32624,944,210.0,70.0,2712.0
1784041790.6,27380,32624,944,216.0,70.0,2706.0
1784041791.7,27380,32624,944,190.0,70.0,2688.0
1784041792.8,27380,32624,944,221.0,70.0,2763.0
1784041793.9,27380,32624,944,205.0,70.0,2693.0
1784041795.0,27380,32624,944,207.0,70.0,2717.0
1784041796.1,27380,32624,944,210.0,70.0,2716.0
1784041797.2,27380,32624,944,209.0,70.0,2726.0
1784041798.3,27380,32624,944,202.0,70.0,2733.0
1784041799.4,27380,32624,944,215.0,70.0,2730.0
1784041800.5,27380,32624,944,200.0,70.0,2744.0
1784041801.5,27380,32624,944,213.0,70.0,2735.0
1784041802.6,27380,32624,944,210.0,70.0,2718.0
1784041803.7,27380,32624,944,197.0,70.0,2711.0
1784041804.8,27380,32624,944,212.0,70.0,2757.0
1784041805.9,27380,32624,944,211.0,71.0,2745.0
1784041807.0,27380,32624,944,207.0,71.0,2697.0
1784041808.1,27380,32624,944,231.0,71.0,2704.0
1784041809.2,27380,32624,944,216.0,71.0,2685.0
1784041810.3,27380,32624,944,213.0,71.0,2778.0
1784041811.4,27380,32624,944,205.0,71.0,2754.0
1784041812.5,27380,32624,944,215.0,71.0,2735.0
1784041813.6,27381,32624,946,215.0,71.0,2723.0
1784041814.6,27382,32624,946,206.0,71.0,2709.0
1784041815.7,27363,32624,938,216.0,71.0,2699.0
1784041816.8,27363,32624,938,202.0,71.0,2701.0
1784041817.9,27363,32624,938,222.0,71.0,2738.0
1784041819.0,27363,32624,938,202.0,71.0,2684.0
1784041820.1,27363,32624,938,211.0,71.0,2719.0
1784041821.2,27363,32624,938,208.0,71.0,2720.0
1784041822.3,27363,32624,938,202.0,71.0,2679.0
1784041823.4,27363,32624,938,214.0,71.0,2762.0
1784041824.5,27363,32624,938,206.0,71.0,2742.0
1784041825.6,27363,32624,938,210.0,71.0,2752.0
1784041826.6,27363,32624,938,220.0,71.0,2720.0
1784041827.7,27363,32624,938,189.0,71.0,2680.0
1784041828.8,27363,32624,938,215.0,71.0,2711.0
1784041829.9,27363,32624,938,213.0,71.0,2735.0
1784041831.0,27363,32624,938,211.0,71.0,2672.0
1784041832.1,27363,32624,938,217.0,71.0,2716.0
1784041833.2,27363,32624,938,212.0,71.0,2701.0
1784041834.3,27363,32624,938,214.0,71.0,2722.0
1784041835.4,27363,32624,938,207.0,71.0,2710.0
1784041836.5,27363,32624,938,214.0,71.0,2696.0
1784041837.6,27363,32624,938,215.0,71.0,2732.0
1784041838.7,27363,32624,938,185.0,71.0,2688.0
1784041839.7,27363,32624,938,214.0,71.0,2743.0
1784041840.8,27363,32624,938,207.0,71.0,2715.0
1784041841.9,27363,32624,938,212.0,71.0,2753.0
1784041843.0,27363,32624,938,212.0,71.0,2764.0
1784041844.1,27363,32624,938,210.0,71.0,2715.0
1784041845.2,27363,32624,938,206.0,71.0,2737.0
1784041846.3,27363,32624,938,205.0,71.0,2712.0
1784041847.4,27363,32624,938,203.0,71.0,2712.0
1784041848.5,27363,32624,938,214.0,71.0,2685.0
1784041849.6,27363,32624,938,212.0,71.0,2671.0
1784041850.7,27363,32624,938,217.0,71.0,2728.0
1784041851.7,27363,32624,938,216.0,71.0,2726.0
1784041852.8,27363,32624,938,237.0,71.0,2730.0
1784041853.9,27363,32624,938,187.0,71.0,2715.0
1784041855.0,27363,32624,938,222.0,71.0,2719.0
1784041856.1,27363,32624,938,206.0,71.0,2734.0
1784041857.2,27363,32624,938,215.0,71.0,2748.0
1784041858.3,27363,32624,938,215.0,71.0,2717.0
1784041859.4,27363,32624,938,206.0,71.0,2673.0
1784041860.5,27363,32624,938,214.0,71.0,2697.0
1784041861.6,27363,32624,938,213.0,71.0,2676.0
1784041862.7,27363,32624,938,212.0,71.0,2736.0
1784041863.7,27363,32624,938,209.0,71.0,2695.0
1784041864.8,27363,32624,938,213.0,71.0,2741.0
1784041865.9,27363,32624,938,211.0,71.0,2719.0
1784041867.0,27363,32624,938,208.0,71.0,2684.0
1784041868.1,27363,32624,938,215.0,71.0,2693.0
1784041869.2,27363,32624,938,201.0,71.0,2700.0
1784041870.3,27363,32624,938,204.0,71.0,2695.0
1784041871.4,27363,32624,938,201.0,71.0,2706.0
1784041872.5,27363,32624,938,212.0,71.0,2729.0
1784041873.6,27363,32624,938,223.0,71.0,2726.0
1784041874.7,27363,32624,938,218.0,71.0,2748.0
1784041875.7,27363,32624,938,189.0,71.0,2709.0
1784041876.8,27363,32624,938,191.0,71.0,2731.0
1784041877.9,27363,32624,938,205.0,71.0,2734.0
1784041879.0,27363,32624,938,213.0,71.0,2708.0
1784041880.1,27363,32624,938,204.0,71.0,2672.0
1784041881.2,27363,32624,938,207.0,71.0,2671.0
1784041882.3,27363,32624,938,216.0,71.0,2717.0
1784041883.4,27363,32624,938,211.0,71.0,2664.0
1784041884.5,27363,32624,938,217.0,72.0,2754.0
1784041885.6,27363,32624,938,210.0,71.0,2695.0
1784041886.7,27363,32624,938,204.0,71.0,2673.0
1784041887.8,27363,32624,938,209.0,72.0,2741.0
1784041888.9,27363,32624,938,213.0,72.0,2708.0
1784041889.9,27363,32624,938,211.0,72.0,2706.0
1784041891.0,27363,32624,938,213.0,72.0,2728.0
1784041892.1,27363,32624,938,219.0,72.0,2720.0
1784041893.2,27363,32624,938,210.0,72.0,2760.0
1784041894.3,27363,32624,938,216.0,72.0,2721.0
1784041895.4,27363,32624,938,215.0,72.0,2686.0
1784041896.5,27363,32624,938,215.0,72.0,2766.0
1784041897.6,27363,32624,938,216.0,72.0,2693.0
1784041898.7,27363,32624,938,216.0,72.0,2694.0
1784041899.8,27363,32624,938,219.0,72.0,2732.0
1784041900.9,27363,32624,938,213.0,72.0,2668.0
1784041901.9,27363,32624,938,216.0,72.0,2717.0
1784041903.0,27363,32624,938,208.0,72.0,2738.0
1784041904.1,27363,32624,938,204.0,72.0,2674.0
1784041905.2,27363,32624,938,206.0,72.0,2728.0
1784041906.3,27363,32624,938,204.0,72.0,2709.0
1784041907.4,27363,32624,938,211.0,72.0,2706.0
1784041908.5,27363,32624,938,205.0,72.0,2681.0
1784041909.6,27363,32624,938,214.0,72.0,2723.0
1784041910.7,27363,32624,938,202.0,71.0,2280.0
1784041911.8,27363,32624,938,221.0,71.0,2350.0
1784041912.9,27363,32624,938,230.0,71.0,2350.0
1784041913.9,27363,32624,938,213.0,71.0,2289.0
1784041915.0,27363,32624,938,201.0,71.0,2223.0
1784041916.1,27363,32624,938,216.0,71.0,2313.0
1784041917.2,27363,32624,938,231.0,71.0,2710.0
1784041918.3,27363,32624,938,185.0,71.0,2673.0
1784041919.4,27363,32624,938,211.0,71.0,2773.0
1784041920.5,27363,32624,938,205.0,71.0,2661.0
1784041921.6,27363,32624,938,209.0,71.0,2722.0
1784041922.7,27363,32624,938,209.0,71.0,2739.0
1784041923.8,27363,32624,938,205.0,71.0,2703.0
1784041924.9,27363,32624,938,210.0,70.0,2712.0
1784041925.9,27363,32624,938,213.0,70.0,2694.0
1784041927.0,27363,32624,938,236.0,70.0,2688.0
1784041928.1,27363,32624,938,216.0,70.0,2718.0
1784041929.2,27363,32624,938,216.0,70.0,2760.0
1784041930.3,27363,32624,938,210.0,70.0,2743.0
1784041931.4,27363,32624,938,210.0,70.0,2725.0
1784041932.5,27363,32624,938,213.0,70.0,2742.0
1784041933.6,27363,32624,938,210.0,70.0,2724.0
1784041934.7,27363,32624,938,206.0,70.0,2736.0
1784041935.8,27363,32624,938,212.0,70.0,2690.0
1784041936.9,27363,32624,938,219.0,70.0,2741.0
1784041938.0,27363,32624,938,203.0,70.0,2695.0
1784041939.0,27363,32624,938,217.0,70.0,2763.0
1784041940.1,27363,32624,938,211.0,70.0,2689.0
1784041941.2,27363,32624,938,213.0,70.0,2758.0
1784041942.3,27363,32624,938,209.0,70.0,2728.0
1784041943.4,27363,32624,938,220.0,70.0,2698.0
1784041944.5,27363,32624,938,168.0,70.0,2703.0
1784041945.6,27363,32624,938,202.0,70.0,2757.0
1784041946.7,27363,32624,938,218.0,70.0,2771.0
1784041947.8,27363,32624,938,213.0,70.0,2759.0
1784041948.9,27363,32624,938,208.0,70.0,2699.0
1784041950.0,27363,32624,938,213.0,70.0,2731.0
1784041951.0,27363,32624,938,214.0,70.0,2749.0
1784041952.1,27363,32624,938,211.0,70.0,2703.0
1784041953.2,27363,32624,938,212.0,70.0,2687.0
1784041954.3,27363,32624,938,205.0,70.0,2729.0
1784041955.4,27363,32624,938,207.0,70.0,2710.0
1784041956.5,27363,32624,938,203.0,70.0,2729.0
1784041957.6,27363,32624,938,206.0,70.0,2714.0
1784041958.7,27363,32624,938,212.0,70.0,2695.0
1784041959.8,27363,32624,938,213.0,70.0,2709.0
1784041960.9,27363,32624,938,217.0,70.0,2751.0
1784041962.0,27363,32624,938,233.0,70.0,2695.0
1784041963.0,27363,32624,938,172.0,70.0,2718.0
1784041964.1,27363,32624,938,202.0,70.0,2712.0
1784041965.2,27363,32624,938,203.0,70.0,2697.0
1784041966.3,27363,32624,938,213.0,70.0,2741.0
1784041967.4,27363,32624,938,214.0,70.0,2756.0
1784041968.5,27363,32624,938,207.0,71.0,2690.0
1784041969.6,27363,32624,938,202.0,70.0,2681.0
1784041970.7,27363,32624,938,183.0,70.0,2704.0
1784041971.8,27363,32624,938,164.0,71.0,2697.0
1784041972.9,27363,32624,938,225.0,71.0,2767.0
1784041974.0,27363,32624,938,214.0,71.0,2741.0
1784041975.1,27363,32624,938,219.0,71.0,2752.0
1784041976.1,27363,32624,938,203.0,71.0,2682.0
1784041977.2,27363,32624,938,208.0,71.0,2748.0
1784041978.3,27363,32624,938,206.0,71.0,2699.0
1784041979.4,27363,32624,938,206.0,71.0,2707.0
1784041980.5,27363,32624,938,175.0,71.0,2665.0
1784041981.6,27363,32624,938,207.0,71.0,2747.0
1784041982.7,27363,32624,938,211.0,71.0,2720.0
1784041983.8,27363,32624,938,204.0,71.0,2719.0
1784041984.9,27363,32624,938,209.0,71.0,2724.0
1784041986.0,27363,32624,938,212.0,71.0,2745.0
1784041987.1,27363,32624,938,215.0,71.0,2732.0
1784041988.1,27363,32624,938,213.0,71.0,2681.0
1784041989.2,27363,32624,938,214.0,71.0,2740.0
1784041990.3,27363,32624,938,177.0,71.0,2653.0
1784041991.4,27363,32624,938,186.0,71.0,2721.0
1784041992.5,27363,32624,938,219.0,71.0,2715.0
1784041993.6,27365,32624,942,206.0,71.0,2743.0
1784041994.7,27365,32624,942,207.0,71.0,2718.0
1784041995.8,27364,32624,940,205.0,71.0,2665.0
1784041996.9,27364,32624,940,216.0,71.0,2705.0
1784041998.0,27364,32624,940,214.0,71.0,2755.0
1784041999.1,27364,32624,940,206.0,71.0,2648.0
1784042000.1,27364,32624,940,214.0,71.0,2752.0
1784042001.2,27364,32624,940,204.0,71.0,2736.0
1784042002.3,27364,32624,940,218.0,71.0,2750.0
1784042003.4,27364,32624,940,211.0,71.0,2720.0
1784042004.5,27364,32624,940,219.0,71.0,2722.0
1784042005.6,27364,32624,940,196.0,71.0,2691.0
1784042006.7,27364,32624,940,212.0,71.0,2770.0
1784042007.8,27364,32624,940,226.0,71.0,2777.0
1784042008.9,27364,32624,940,212.0,71.0,2727.0
1784042010.0,27364,32624,940,204.0,71.0,2720.0
1784042011.1,27364,32624,940,213.0,71.0,2695.0
1784042012.2,27364,32624,940,215.0,71.0,2715.0
1784042013.2,27364,32624,940,205.0,71.0,2769.0
1784042014.3,27364,32624,940,210.0,71.0,2723.0
1784042015.4,27364,32624,940,213.0,71.0,2743.0
1784042016.5,27364,32624,940,210.0,71.0,2700.0
1784042017.6,27364,32624,940,215.0,71.0,2689.0
1784042018.7,27364,32624,940,207.0,71.0,2734.0
1784042019.8,27364,32624,940,205.0,71.0,2733.0
1784042020.9,27364,32624,940,205.0,71.0,2712.0
1784042022.0,27364,32624,940,209.0,71.0,2700.0
1784042023.1,27364,32624,940,202.0,71.0,2712.0
1784042024.2,27364,32624,940,182.0,71.0,2693.0
1784042025.3,27364,32624,940,180.0,71.0,2678.0
1784042026.3,27364,32624,940,194.0,71.0,2742.0
1784042027.4,27364,32624,940,208.0,71.0,2770.0
1784042028.5,27364,32624,940,205.0,71.0,2757.0
1784042029.6,27364,32624,940,215.0,71.0,2723.0
1784042030.7,27364,32624,940,210.0,71.0,2693.0
1784042031.8,27364,32624,940,201.0,71.0,2724.0
1784042032.9,27364,32624,940,210.0,71.0,2711.0
1784042034.0,27364,32624,940,211.0,71.0,2735.0
1784042035.1,27364,32624,940,206.0,71.0,2767.0
1784042036.2,27364,32624,940,216.0,71.0,2720.0
1784042037.3,27364,32624,940,210.0,71.0,2688.0
1784042038.3,27364,32624,940,211.0,71.0,2780.0
1784042039.4,27364,32624,940,209.0,71.0,2703.0
1784042040.5,27364,32624,940,212.0,71.0,2730.0
1784042041.6,27364,32624,940,218.0,71.0,2729.0
1784042042.7,27364,32624,940,216.0,71.0,2756.0
1784042043.8,27364,32624,940,213.0,71.0,2748.0
1784042044.9,27364,32624,940,40.0,70.0,0.0
1784042046.0,27364,32624,940,187.0,71.0,2306.0
1784042047.1,27364,32624,940,210.0,71.0,2323.0
1784042048.2,27364,32624,940,204.0,71.0,2276.0
1784042049.3,27364,32624,940,251.0,71.0,2469.0
1784042050.4,27364,32624,940,213.0,71.0,2316.0
1784042051.4,27364,32624,940,204.0,71.0,2709.0
1784042052.5,27364,32624,940,213.0,71.0,2752.0
1784042053.6,27364,32624,940,218.0,71.0,2730.0
1784042054.7,27364,32624,940,191.0,70.0,2682.0
1784042055.8,27364,32624,940,206.0,70.0,2728.0
1784042056.9,27364,32624,940,204.0,70.0,2739.0
1784042058.0,27364,32624,940,206.0,70.0,2714.0
1784042059.1,27364,32624,940,213.0,70.0,2739.0
1784042060.2,27364,32624,940,216.0,70.0,2736.0
1784042061.3,27364,32624,940,208.0,70.0,2753.0
1784042062.4,27364,32624,940,222.0,70.0,2741.0
1784042063.4,27364,32624,940,182.0,70.0,2751.0
1784042064.5,27364,32624,940,220.0,70.0,2777.0
1784042065.6,27364,32624,940,203.0,69.0,2661.0
1784042066.7,27364,32624,940,215.0,69.0,2742.0
1784042067.8,27364,32624,940,209.0,69.0,2738.0
1784042068.9,27364,32624,940,216.0,69.0,2732.0
1784042070.0,27364,32624,940,230.0,69.0,2722.0
1784042071.1,27364,32624,940,176.0,69.0,2691.0
1784042072.2,27364,32624,940,198.0,69.0,2675.0
1784042073.3,27364,32624,940,217.0,69.0,2771.0
1784042074.4,27364,32624,940,208.0,69.0,2727.0
1784042075.5,27364,32624,940,209.0,69.0,2740.0
1784042076.5,27364,32624,940,210.0,69.0,2692.0
1784042077.6,27364,32624,940,200.0,69.0,2728.0
1784042078.7,27364,32624,940,229.0,69.0,2790.0
1784042079.8,27364,32624,940,211.0,69.0,2737.0
1784042080.9,27364,32624,940,206.0,69.0,2750.0
1784042082.0,27364,32624,940,213.0,69.0,2763.0
1784042083.1,27364,32624,940,207.0,70.0,2709.0
1784042084.2,27364,32624,940,207.0,70.0,2692.0
1784042085.3,27364,32624,940,190.0,70.0,2690.0
1784042086.4,27364,32624,940,216.0,70.0,2783.0
1784042087.5,27364,32624,940,210.0,70.0,2733.0
1784042088.6,27364,32624,940,213.0,70.0,2752.0
1784042089.6,27364,32624,940,217.0,70.0,2750.0
1784042090.7,27364,32624,940,211.0,70.0,2691.0
1784042091.8,27364,32624,940,218.0,70.0,2741.0
1784042092.9,27364,32624,940,175.0,70.0,2660.0
1784042094.0,27364,32624,940,213.0,70.0,2749.0
1784042095.1,27364,32624,940,213.0,70.0,2755.0
1784042096.2,27364,32624,940,214.0,70.0,2727.0
1784042097.3,27364,32624,940,214.0,70.0,2739.0
1784042098.4,27364,32624,940,208.0,70.0,2742.0
1784042099.5,27364,32624,940,216.0,70.0,2728.0
1784042100.6,27364,32624,940,219.0,70.0,2754.0
1784042101.6,27364,32624,940,205.0,70.0,2685.0
1784042102.7,27364,32624,940,196.0,70.0,2780.0
1784042103.8,27364,32624,940,204.0,70.0,2700.0
1784042104.9,27364,32624,940,217.0,70.0,2752.0
1784042106.0,27364,32624,940,207.0,70.0,2708.0
1784042107.1,27364,32624,940,209.0,70.0,2687.0
1784042108.2,27364,32624,940,209.0,70.0,2706.0
1784042109.3,27364,32624,940,212.0,70.0,2710.0
1784042110.4,27364,32624,940,214.0,70.0,2725.0
1784042111.5,27364,32624,940,186.0,70.0,2613.0
1784042112.6,27364,32624,940,219.0,70.0,2778.0
1784042113.7,27364,32624,940,209.0,70.0,2751.0
1784042114.7,27364,32624,940,203.0,70.0,2738.0
1784042115.8,27364,32624,940,219.0,70.0,2752.0
1784042116.9,27364,32624,940,207.0,70.0,2734.0
1784042118.0,27364,32624,940,204.0,70.0,2722.0
1784042119.1,27364,32624,940,202.0,70.0,2684.0
1784042120.2,27364,32624,940,209.0,71.0,2699.0
1784042121.3,27364,32624,940,224.0,71.0,2734.0
1784042122.4,27364,32624,940,224.0,70.0,2740.0
1784042123.5,27364,32624,940,224.0,71.0,2726.0
1784042124.6,27364,32624,940,190.0,70.0,2688.0
1784042125.7,27364,32624,940,190.0,70.0,2663.0
1784042126.7,27364,32624,940,201.0,71.0,2748.0
1784042127.8,27364,32624,940,216.0,70.0,2759.0
1784042128.9,27364,32624,940,206.0,70.0,2699.0
1784042130.0,27364,32624,940,211.0,71.0,2761.0
1784042131.1,27364,32624,940,207.0,71.0,2737.0
1784042132.2,27364,32624,940,216.0,70.0,2747.0
1784042133.3,27364,32624,940,208.0,71.0,2748.0
1784042134.4,27364,32624,940,211.0,70.0,2718.0
1784042135.5,27364,32624,940,210.0,71.0,2697.0
1784042136.6,27364,32624,940,207.0,71.0,2733.0
1784042137.7,27364,32624,940,201.0,70.0,2676.0
1784042138.7,27364,32624,940,209.0,71.0,2703.0
1784042139.8,27364,32624,940,212.0,71.0,2746.0
1784042140.9,27364,32624,940,209.0,71.0,2731.0
1784042142.0,27364,32624,940,213.0,70.0,2723.0
1784042143.1,27364,32624,940,208.0,71.0,2718.0
1784042144.2,27364,32624,940,221.0,71.0,2771.0
1784042145.3,27364,32624,940,222.0,71.0,2690.0
1784042146.4,27364,32624,940,186.0,71.0,2662.0
1784042147.5,27364,32624,940,171.0,71.0,2730.0
1784042148.6,27364,32624,940,216.0,70.0,2775.0
1784042149.7,27364,32624,940,211.0,70.0,2769.0
1784042150.8,27364,32624,940,209.0,71.0,2743.0
1784042151.8,27364,32624,940,209.0,71.0,2695.0
1784042152.9,27364,32624,940,210.0,71.0,2747.0
1784042154.0,27364,32624,940,210.0,71.0,2696.0
1784042155.1,27364,32624,940,212.0,71.0,2721.0
1784042156.2,27364,32624,940,207.0,71.0,2765.0
1784042157.3,27364,32624,940,209.0,71.0,2731.0
1784042158.4,27364,32624,940,210.0,71.0,2693.0
1784042159.5,27364,32624,940,207.0,71.0,2716.0
1784042160.6,27364,32624,940,205.0,71.0,2643.0
1784042161.7,27364,32624,940,203.0,71.0,2714.0
1784042162.8,27364,32624,940,201.0,70.0,2736.0
1784042163.8,27364,32624,940,208.0,70.0,2748.0
1784042164.9,27364,32624,940,220.0,71.0,2762.0
1784042166.0,27364,32624,940,203.0,71.0,2701.0
1784042167.1,27364,32624,940,208.0,70.0,2682.0
1784042168.2,27364,32624,940,214.0,70.0,2748.0
1784042169.3,27364,32624,940,210.0,71.0,2702.0
1784042170.4,27364,32624,940,213.0,71.0,2705.0
1784042171.5,27364,32624,940,214.0,71.0,2753.0
1784042172.6,27364,32624,940,206.0,71.0,2704.0
1784042173.7,27368,32624,942,229.0,71.0,2774.0
1784042174.8,27368,32624,942,224.0,71.0,2724.0
1784042175.9,27368,32624,942,199.0,71.0,2723.0
1784042177.0,27368,32624,942,170.0,70.0,2707.0
1784042178.0,27368,32624,942,227.0,71.0,2684.0
1784042179.1,27368,32624,942,203.0,70.0,2709.0
1784042180.2,27368,32624,942,202.0,70.0,2718.0
1784042181.3,27368,32624,942,205.0,71.0,2768.0
1784042182.4,27368,32624,942,225.0,71.0,2786.0
1784042183.5,27368,32624,942,199.0,71.0,2728.0
1784042184.6,27368,32624,942,208.0,71.0,2774.0
1784042185.7,27368,32624,942,213.0,70.0,2751.0
1784042186.8,27368,32624,942,201.0,71.0,2734.0
1784042187.9,27368,32624,942,220.0,71.0,2796.0
1784042189.0,27368,32624,942,222.0,71.0,2804.0
1784042190.1,27368,32624,942,206.0,71.0,2770.0
1784042191.2,27368,32624,942,218.0,71.0,2815.0
1784042192.3,27368,32624,942,210.0,71.0,2711.0
1784042193.3,27368,32624,942,204.0,71.0,2691.0
1784042194.4,27368,32624,942,222.0,71.0,2768.0
1784042195.5,27368,32624,942,231.0,71.0,2775.0
1784042196.6,27368,32624,942,218.0,70.0,2732.0
1784042197.7,27368,32624,942,218.0,71.0,2710.0
1784042198.8,27368,32624,942,222.0,71.0,2718.0
1784042199.9,27368,32624,942,223.0,71.0,2792.0
1784042201.0,27368,32624,942,219.0,71.0,2708.0
1784042202.1,27368,32624,942,212.0,71.0,2756.0
1784042203.2,27368,32624,942,206.0,71.0,2775.0
1784042204.3,27368,32624,942,192.0,71.0,2732.0
1784042205.4,27368,32624,942,189.0,71.0,2681.0
1784042206.5,27368,32624,942,190.0,71.0,2706.0
1784042207.5,27368,32624,942,195.0,71.0,2671.0
1784042208.6,27368,32624,942,241.0,71.0,2773.0
1784042209.7,27368,32624,942,212.0,71.0,2689.0
1784042210.8,27368,32624,942,216.0,71.0,2803.0
1784042211.9,27368,32624,942,214.0,70.0,2654.0
1784042213.0,27368,32624,942,202.0,71.0,2731.0
1784042214.1,27368,32624,942,208.0,71.0,2722.0
1784042215.2,27368,32624,942,198.0,71.0,2698.0
1784042216.3,27368,32624,942,207.0,71.0,2725.0
1784042217.4,27368,32624,942,209.0,71.0,2748.0
1784042218.5,27368,32624,942,217.0,71.0,2726.0
1784042219.6,27368,32624,942,205.0,71.0,2740.0
1784042220.6,27368,32624,942,206.0,71.0,2713.0
1784042221.7,27368,32624,942,204.0,71.0,2679.0
1784042222.8,27368,32624,942,216.0,71.0,2767.0
1784042223.9,27368,32624,942,214.0,71.0,2798.0
1784042225.0,27368,32624,942,215.0,71.0,2771.0
1784042226.1,27368,32624,942,219.0,71.0,2726.0
1784042227.2,27368,32624,942,214.0,71.0,2699.0
1784042228.3,27368,32624,942,211.0,71.0,2745.0
1784042229.4,27368,32624,942,217.0,71.0,2742.0
1784042230.5,27368,32624,942,205.0,71.0,2659.0
1784042231.6,27368,32624,942,209.0,71.0,2760.0
1784042232.7,27368,32624,942,208.0,71.0,2692.0
1784042233.8,27368,32624,942,209.0,70.0,2721.0
1784042234.8,27368,32624,942,205.0,71.0,2768.0
1784042235.9,27368,32624,942,204.0,71.0,2742.0
1784042237.0,27368,32624,942,211.0,71.0,2740.0
1784042238.1,27368,32624,942,197.0,71.0,2648.0
1784042239.2,27368,32624,942,212.0,71.0,2657.0
1784042240.3,27368,32624,942,211.0,71.0,2765.0
1784042241.4,27368,32624,942,211.0,71.0,2658.0
1784042242.5,27368,32624,942,219.0,71.0,2784.0
1784042243.6,27368,32624,942,206.0,71.0,2741.0
1784042244.7,27368,32624,942,211.0,71.0,2739.0
1784042245.8,27368,32624,942,219.0,71.0,2802.0
1784042246.8,27368,32624,942,215.0,71.0,2732.0
1784042247.9,27368,32624,942,215.0,71.0,2700.0
1784042249.0,27368,32624,942,213.0,71.0,2739.0
1784042250.1,27368,32624,942,219.0,71.0,2720.0
1784042251.2,27368,32624,942,202.0,71.0,2713.0
1784042252.3,27368,32624,942,156.0,71.0,2787.0
1784042253.4,27368,32624,942,196.0,71.0,2721.0
1784042254.5,27368,32624,942,204.0,71.0,2756.0
1784042255.6,27368,32624,942,216.0,71.0,2717.0
1784042256.7,27368,32624,942,206.0,71.0,2679.0
1784042257.8,27368,32624,942,212.0,71.0,2743.0
1784042258.9,27368,32624,942,206.0,71.0,2746.0
1784042259.9,27368,32624,942,215.0,71.0,2766.0
1784042261.0,27368,32624,942,210.0,71.0,2698.0
1784042262.1,27368,32624,942,209.0,71.0,2749.0
1784042263.2,27368,32624,942,209.0,71.0,2701.0
1784042264.3,27368,32624,942,212.0,71.0,2795.0
1784042265.4,27368,32624,942,196.0,70.0,2688.0
1784042266.5,27368,32624,942,220.0,71.0,2716.0
1784042267.6,27368,32624,942,205.0,70.0,2628.0
1784042268.7,27368,32624,942,213.0,71.0,2736.0
1784042269.8,27368,32624,942,212.0,71.0,2670.0
1784042270.9,27368,32624,942,197.0,70.0,2668.0
1784042272.0,27368,32624,942,211.0,70.0,2710.0
1784042273.0,27368,32624,942,214.0,71.0,2708.0
1784042274.1,27368,32624,942,213.0,71.0,2684.0
1784042275.2,27368,32624,942,215.0,71.0,2726.0
1784042276.3,27368,32624,942,43.0,70.0,0.0
1784042277.4,27368,32624,942,226.0,70.0,2350.0
1784042278.5,27368,32624,942,197.0,70.0,2265.0
1784042279.6,27368,32624,942,185.0,70.0,2308.0
1784042280.7,27368,32624,942,244.0,70.0,2237.0
1784042281.8,27368,32624,942,160.0,71.0,2404.0
1784042282.9,27368,32624,942,174.0,71.0,2705.0
1784042283.9,27368,32624,942,222.0,70.0,2758.0
1784042285.0,27368,32624,942,213.0,70.0,2739.0
1784042286.1,27368,32624,942,212.0,70.0,2757.0
1784042287.2,27368,32624,942,206.0,70.0,2687.0
1784042288.3,27368,32624,942,214.0,70.0,2700.0
1784042289.4,27368,32624,942,218.0,70.0,2725.0
1784042290.5,27368,32624,942,220.0,70.0,2731.0
1784042291.6,27368,32624,942,174.0,70.0,2687.0
1784042292.7,27368,32624,942,221.0,69.0,2766.0
1784042293.8,27368,32624,942,217.0,69.0,2749.0
1784042294.9,27368,32624,942,208.0,69.0,2736.0
1784042296.0,27372,32624,964,217.0,69.0,2747.0
1784042297.0,27372,32624,964,204.0,69.0,2703.0
1784042298.1,27372,32624,964,169.0,69.0,2689.0
1784042299.2,27372,32624,964,201.0,69.0,2715.0
1784042300.3,27372,32624,962,218.0,69.0,2749.0
1784042301.4,27372,32624,962,211.0,69.0,2753.0
1784042302.5,27372,32624,962,209.0,69.0,2749.0
1784042303.6,27372,32624,962,209.0,69.0,2745.0
1784042304.7,27372,32624,962,210.0,69.0,2740.0
1784042305.8,27372,32624,962,211.0,69.0,2728.0
1784042306.9,27372,32624,962,209.0,69.0,2729.0
1784042308.0,27372,32624,962,208.0,69.0,2740.0
1784042309.1,27372,32624,962,215.0,69.0,2736.0
1784042310.1,27372,32624,962,210.0,69.0,2736.0
1784042311.2,27372,32624,962,204.0,69.0,2737.0
1784042312.3,27372,32624,962,182.0,69.0,2723.0
1784042313.4,27372,32624,962,212.0,69.0,2765.0
1784042314.5,27372,32624,962,205.0,69.0,2737.0
1784042315.6,27372,32624,962,213.0,69.0,2772.0
1784042316.7,27372,32624,962,207.0,69.0,2686.0
1784042317.8,27372,32624,962,204.0,70.0,2704.0
1784042318.9,27372,32624,962,212.0,70.0,2740.0
1784042320.0,27372,32624,962,187.0,70.0,2757.0
1784042321.1,27372,32624,962,199.0,70.0,2689.0
1784042322.2,27372,32624,962,214.0,70.0,2766.0
1784042323.2,27372,32624,962,211.0,70.0,2744.0
1784042324.3,27372,32624,962,218.0,70.0,2736.0
1784042325.4,27368,32624,962,216.0,70.0,2759.0
1784042326.5,27368,32624,962,207.0,70.0,2730.0
1784042327.6,27368,32624,962,219.0,70.0,2754.0
1784042328.7,27368,32624,962,201.0,70.0,2711.0
1784042329.8,27368,32624,962,175.0,70.0,2696.0
1784042330.9,27368,32624,962,215.0,70.0,2750.0
1784042332.0,27368,32624,962,207.0,70.0,2707.0
1784042333.1,27368,32624,962,215.0,70.0,2759.0
1784042334.2,27368,32624,962,215.0,70.0,2761.0
1784042335.2,27368,32624,962,212.0,70.0,2745.0
1784042336.3,27368,32624,962,213.0,70.0,2732.0
1784042337.4,27368,32624,962,210.0,70.0,2713.0
1784042338.5,27368,32624,962,209.0,70.0,2726.0
1784042339.6,27368,32624,962,190.0,70.0,2728.0
1784042340.7,27368,32624,962,212.0,70.0,2771.0
1784042341.8,27368,32624,962,202.0,70.0,2713.0
1784042342.9,27368,32624,962,219.0,70.0,2767.0
1784042344.0,27368,32624,962,210.0,70.0,2757.0
1784042345.1,27368,32624,962,208.0,70.0,2690.0
1784042346.2,27368,32624,962,211.0,70.0,2726.0
1784042347.3,27368,32624,962,209.0,70.0,2678.0
1784042348.3,27368,32624,962,214.0,70.0,2753.0
1784042349.4,27368,32624,962,217.0,70.0,2739.0
1784042350.5,27368,32624,962,219.0,70.0,2752.0
1784042351.6,27368,32624,962,214.0,70.0,2736.0
1784042352.7,27368,32624,962,183.0,70.0,2729.0
1784042353.8,27366,32624,964,216.0,70.0,2730.0
1784042354.9,27366,32624,964,213.0,70.0,2739.0
1784042356.0,27360,32624,938,200.0,70.0,2710.0
1784042357.1,27360,32624,938,211.0,70.0,2741.0
1784042358.2,27360,32624,938,208.0,70.0,2748.0
1784042359.3,27360,32624,938,217.0,70.0,2735.0
1784042360.3,27360,32624,938,216.0,70.0,2761.0
1784042361.4,27360,32624,938,211.0,71.0,2743.0
1784042362.5,27360,32624,938,212.0,70.0,2717.0
1784042363.6,27360,32624,938,213.0,70.0,2735.0
1784042364.7,27360,32624,938,205.0,71.0,2705.0
1784042365.8,27360,32624,938,216.0,70.0,2711.0
1784042366.9,27360,32624,938,237.0,71.0,2761.0
1784042368.0,27360,32624,938,197.0,70.0,2710.0
1784042369.1,27360,32624,938,219.0,70.0,2745.0
1784042370.2,27360,32624,938,216.0,70.0,2805.0
1784042371.3,27360,32624,938,207.0,71.0,2741.0
1784042372.3,27360,32624,938,216.0,70.0,2782.0
1784042373.4,27360,32624,938,216.0,70.0,2773.0
1784042374.5,27360,32624,938,214.0,70.0,2676.0
1784042375.6,27360,32624,938,219.0,70.0,2724.0
1784042376.7,27360,32624,938,206.0,70.0,2743.0
1784042377.8,27360,32624,938,219.0,70.0,2766.0
1784042378.9,27360,32624,938,208.0,70.0,2660.0
1784042380.0,27360,32624,938,217.0,70.0,2752.0
1784042381.1,27360,32624,938,210.0,70.0,2740.0
1784042382.2,27360,32624,938,214.0,71.0,2685.0
1784042383.3,27360,32624,938,198.0,71.0,2727.0
1784042384.3,27360,32624,938,211.0,71.0,2701.0
1784042385.4,27360,32624,938,218.0,71.0,2768.0
1784042386.5,27360,32624,938,203.0,71.0,2705.0
1784042387.6,27360,32624,938,215.0,71.0,2726.0
1784042388.7,27360,32624,938,218.0,71.0,2749.0
1784042389.8,27360,32624,938,222.0,71.0,2770.0
1784042390.9,27360,32624,938,206.0,71.0,2743.0
1784042392.0,27360,32624,938,209.0,70.0,2735.0
1784042393.1,27360,32624,938,208.0,71.0,2674.0
1784042394.2,27360,32624,938,232.0,71.0,2690.0
1784042395.3,27360,32624,938,169.0,71.0,2677.0
1784042396.4,27360,32624,938,224.0,71.0,2755.0
1784042397.4,27360,32624,938,216.0,71.0,2759.0
1784042398.5,27360,32624,938,203.0,71.0,2758.0
1784042399.6,27360,32624,938,211.0,71.0,2675.0
1784042400.7,27360,32624,938,204.0,71.0,2748.0
1784042401.8,27360,32624,938,205.0,71.0,2768.0
1784042402.9,27360,32624,938,199.0,71.0,2664.0
1784042404.0,27360,32624,938,207.0,71.0,2692.0
1784042405.1,27360,32624,938,218.0,70.0,2729.0
1784042406.2,27360,32624,938,214.0,71.0,2730.0
1784042407.3,27360,32624,938,212.0,71.0,2748.0
1784042408.4,27360,32624,940,207.0,71.0,2706.0
1784042409.5,27360,32624,940,208.0,71.0,2716.0
1784042410.5,27360,32624,940,211.0,71.0,2716.0
1784042411.6,27360,32624,940,218.0,71.0,2757.0
1784042412.7,27356,32624,938,214.0,71.0,2718.0
1784042413.8,27356,32624,938,220.0,71.0,2784.0
1784042414.9,27356,32624,938,201.0,71.0,2733.0
1784042416.0,27356,32624,938,203.0,70.0,2727.0
1784042417.1,27356,32624,938,206.0,70.0,2767.0
1784042418.2,27356,32624,938,205.0,70.0,2711.0
1784042419.3,27356,32624,938,211.0,70.0,2738.0
1784042420.4,27356,32624,938,227.0,71.0,2770.0
1784042421.4,27356,32624,938,212.0,71.0,2771.0
1784042422.5,27356,32624,938,210.0,71.0,2803.0
1784042423.6,27356,32624,938,197.0,71.0,2739.0
1784042424.7,27356,32624,938,212.0,71.0,2672.0
1784042425.8,27356,32624,938,222.0,71.0,2746.0
1784042426.9,27356,32624,938,205.0,71.0,2742.0
1784042428.0,27356,32624,938,196.0,71.0,2692.0
1784042429.1,27356,32624,938,222.0,71.0,2740.0
1784042430.2,27356,32624,938,223.0,71.0,2763.0
1784042431.3,27356,32624,938,219.0,71.0,2796.0
1784042432.4,27356,32624,938,210.0,71.0,2676.0
1784042433.5,27356,32624,938,204.0,71.0,2721.0
1784042434.5,27356,32624,938,223.0,71.0,2737.0
1784042435.6,27356,32624,938,202.0,71.0,2728.0
1784042436.7,27356,32624,938,184.0,71.0,2695.0
1784042437.8,27356,32624,938,167.0,71.0,2634.0
1784042438.9,27356,32624,938,186.0,71.0,2699.0
1784042440.0,27356,32624,938,181.0,71.0,2637.0
1784042441.1,27356,32624,938,200.0,71.0,2683.0
1784042442.2,27356,32624,938,190.0,71.0,2653.0
1784042443.3,27356,32624,938,235.0,71.0,2730.0
1784042444.4,27356,32624,938,241.0,71.0,2785.0
1784042445.5,27356,32624,938,211.0,71.0,2686.0
1784042446.6,27356,32624,938,226.0,71.0,2739.0
1784042447.6,27356,32624,938,218.0,71.0,2734.0
1784042448.7,27356,32624,938,216.0,71.0,2693.0
1784042449.8,27356,32624,938,202.0,71.0,2722.0
1784042450.9,27356,32624,938,206.0,70.0,2737.0
1784042452.0,27356,32624,938,211.0,71.0,2670.0
1784042453.1,27356,32624,938,218.0,71.0,2739.0
1784042454.2,27356,32624,938,207.0,71.0,2644.0
1784042455.3,27356,32624,938,212.0,71.0,2771.0
1784042456.4,27356,32624,938,215.0,71.0,2697.0
1784042457.5,27356,32624,938,213.0,71.0,2776.0
1784042458.6,27356,32624,938,208.0,71.0,2755.0
1784042459.6,27356,32624,938,210.0,71.0,2701.0
1784042460.7,27356,32624,938,209.0,71.0,2698.0
1784042461.8,27356,32624,938,211.0,71.0,2708.0
1784042462.9,27356,32624,938,221.0,71.0,2750.0
1784042464.0,27356,32624,938,229.0,71.0,2768.0
1784042465.1,27356,32624,938,193.0,71.0,2686.0
1784042466.2,27356,32624,938,176.0,71.0,2599.0
1784042467.3,27356,32624,938,195.0,71.0,2618.0
1784042468.4,27356,32624,938,219.0,71.0,2688.0
1784042469.5,27356,32624,938,208.0,71.0,2747.0
1784042470.6,27356,32624,938,209.0,71.0,2685.0
1784042471.7,27356,32624,938,216.0,71.0,2731.0
1784042472.7,27356,32624,938,214.0,71.0,2748.0
# load_vram_used_mib=27364 peak_vram_used_mib=28187 peak_gtt_used_mib=1001 avg_power_w=209.7 peak_power_w=323.0 peak_temp_c=72.0 avg_sclk_mhz=2656.7 peak_sclk_mhz=2924.0 samples=2127
